# ROS coordinates: X forward, Y left, Z up; units are metres.
o mesh
v -0.0380653851 0.0749937743 0.016
v -0.0380557738 0.07549368 0.0155000007
v -0.0383009464 0.07552093 0.0155000007
v -0.0385630876 0.07533491 0.01575
v -0.03840136 0.07503112 0.016
v -0.0385507867 0.075598 0.0155000007
v -0.0387437381 0.07513673 0.016
v -0.03879014 0.0757278949 0.0155000007
v -0.03907174 0.07531474 0.016
v -0.03904385 0.07560579 0.01575
v -0.03900259 0.0759073645 0.0155000007
v -0.0394098461 0.0760337859 0.01575
v -0.0393628739 0.0755606741 0.016
v -0.0391737558 0.07612655 0.0155000007
v -0.0395974368 0.0758610442 0.016
v -0.0392943546 0.07637072 0.0155000007
v -0.0397627 0.07619565 0.016
v -0.0396007672 0.07653992 0.01575
v -0.03936176 0.07662334 0.0155000007
v -0.0396295227 0.07687419 0.01575
v -0.03985507 0.07654183 0.016
v -0.03937957 0.07686938 0.0155000007
v -0.03987948 0.0768789947 0.016
v -0.0393523127 0.07711455 0.0155000007
v -0.039842125 0.07721497 0.016
v -0.0395879373 0.07720711 0.01575
v -0.0392752476 0.0773644 0.0155000007
v -0.0397365168 0.07755735 0.016
v -0.03946827 0.07754405 0.01575
v -0.03914535 0.07760374 0.0155000007
v -0.039558515 0.0778853446 0.016
v -0.039267458 0.07785746 0.01575
v -0.0389658846 0.0778162 0.0155000007
v -0.039312575 0.07817648 0.016
v -0.03899552 0.07811913 0.01575
v -0.0387466922 0.0779873654 0.0155000007
v -0.0390122 0.07841104 0.016
v -0.03867462 0.07830775 0.01575
v -0.03850252 0.07810797 0.0155000007
v -0.0386776 0.07857631 0.016
v -0.03833333 0.07841438 0.01575
v -0.0382499024 0.0781753659 0.0155000007
v -0.0383314155 0.07866868 0.016
v -0.0380038656 0.07819318 0.0155000007
v -0.0379942544 0.0786930844 0.016
v -0.0377586931 0.07816592 0.0155000007
v -0.0374965556 0.0783519447 0.01575
v -0.0375088528 0.07808886 0.0155000007
v -0.0376582779 0.0786557347 0.016
v -0.0373159 0.07855013 0.016
v -0.0372695 0.0779589638 0.0155000007
v -0.0369879 0.07837212 0.016
v -0.03701579 0.0780810639 0.01575
v -0.03705705 0.0777794942 0.0155000007
v -0.0366497934 0.07765307 0.01575
v -0.0366967656 0.0781261846 0.016
v -0.0368858837 0.0775603 0.0155000007
v -0.0364622027 0.0778258145 0.016
v -0.0367652848 0.0773161352 0.0155000007
v -0.0362969376 0.07749121 0.016
v -0.0364588723 0.07714694 0.01575
v -0.03669788 0.07706351 0.0155000007
v -0.0364301167 0.07681267 0.01575
v -0.03620457 0.0771450251 0.016
v -0.03668007 0.0768174753 0.0155000007
v -0.03618016 0.07680786 0.016
v -0.0367073268 0.0765723 0.0155000007
v -0.03621751 0.07647189 0.016
v -0.0364717 0.07647975 0.01575
v -0.03678439 0.07632246 0.0155000007
v -0.0363231227 0.07612951 0.016
v -0.03659137 0.07614281 0.01575
v -0.03691429 0.07608311 0.0155000007
v -0.03650113 0.07580151 0.016
v -0.03679218 0.0758294 0.01575
v -0.0370937549 0.0758706555 0.0155000007
v -0.0367470644 0.0755103752 0.016
v -0.03706412 0.07556772 0.01575
v -0.0373129472 0.07569949 0.0155000007
v -0.03704744 0.07527581 0.016
v -0.03738502 0.0753791 0.01575
v -0.0375571139 0.07557889 0.0155000007
v -0.03738204 0.07511054 0.016
v -0.03772631 0.07527248 0.01575
v -0.037809737 0.0755114853 0.0155000007
v -0.0377282239 0.0750181749 0.016
v -0.0380557738 0.07549368 0.0155000007
v -0.0380653851 0.0749937743 0.016
v -0.05675043 0.09155606 0.016
v -0.05714227 0.09152769 0.016
v -0.0567600429 0.0910561457 0.0155000007
v -0.05715218 0.09127196 0.01575
v -0.0570607521 0.09103438 0.0155000007
v -0.05754459 0.091420345 0.016
v -0.0573695153 0.0909519941 0.0155000007
v -0.0575574636 0.09114534 0.01575
v -0.05793345 0.09122828 0.016
v -0.05766794 0.0908046 0.0155000007
v -0.0579385348 0.09092135 0.01575
v -0.05828253 0.09095568 0.016
v -0.05793584 0.0905953944 0.0155000007
v -0.0582614541 0.0906106159 0.01575
v -0.0585683547 0.09061734 0.016
v -0.0581551939 0.0903357342 0.0155000007
v -0.0584999174 0.09023844 0.01575
v -0.0587752238 0.09023614 0.016
v -0.05831395 0.0900431946 0.0155000007
v -0.05864203 0.089838326 0.01575
v -0.0588979572 0.089838244 0.016
v -0.0586914122 0.08944298 0.01575
v -0.0584081449 0.08973783 0.0155000007
v -0.0589413643 0.08944779 0.016
v -0.0584414564 0.08943818 0.0155000007
v -0.058913 0.08905595 0.016
v -0.05841969 0.0891374648 0.0155000007
v -0.0586572625 0.08904603 0.01575
v -0.058805652 0.0886536241 0.016
v -0.058430545 0.088445 0.01575
v -0.05833731 0.0888287053 0.0155000007
v -0.05861359 0.08826476 0.016
v -0.05818991 0.08853028 0.0155000007
v -0.05834099 0.08791568 0.016
v -0.0579807 0.08826237 0.0155000007
v -0.0579959229 0.08793676 0.01575
v -0.0580026433 0.08762986 0.016
v -0.0574250147 0.08761509 0.01575
v -0.05772104 0.08804302 0.0155000007
v -0.057621453 0.087423 0.016
v -0.0574285 0.08788426 0.0155000007
v -0.05722356 0.0873002559 0.016
v -0.0571231358 0.08779007 0.0155000007
v -0.0568330958 0.08725685 0.016
v -0.0568234846 0.08775676 0.0155000007
v -0.0561736748 0.121550515 0.016
v -0.056565512 0.121522143 0.016
v -0.056183286 0.1210506 0.0155000007
v -0.056575425 0.121266417 0.01575
v -0.0564839952 0.121028841 0.0155000007
v -0.0569678321 0.1214148 0.016
v -0.05679276 0.120946452 0.0155000007
v -0.0569807068 0.121139787 0.01575
v -0.0573566929 0.121222742 0.016
v -0.057091184 0.120799065 0.0155000007
v -0.05736178 0.120915808 0.01575
v -0.0577057749 0.12095014 0.016
v -0.0573590845 0.120589852 0.0155000007
v -0.0576846972 0.120605074 0.01575
v -0.0579915978 0.120611794 0.016
v -0.057578437 0.120330192 0.0155000007
v -0.05792316 0.120232895 0.01575
v -0.0581984669 0.1202306 0.016
v -0.057737194 0.120037653 0.0155000007
v -0.0580652729 0.119832784 0.01575
v -0.0583212 0.119832709 0.016
v -0.0581146553 0.119437441 0.01575
v -0.057831388 0.119732291 0.0155000007
v -0.0583646074 0.119442247 0.016
v -0.0578647 0.119432636 0.0155000007
v -0.058336243 0.119050406 0.016
v -0.0578429326 0.119131923 0.0155000007
v -0.05808051 0.119040489 0.01575
v -0.0582288951 0.118648089 0.016
v -0.05785379 0.118439458 0.01575
v -0.05776055 0.118823163 0.0155000007
v -0.058036834 0.118259221 0.016
v -0.057613153 0.118524738 0.0155000007
v -0.0577642322 0.117910139 0.016
v -0.0574039444 0.11825683 0.0155000007
v -0.05741917 0.117931217 0.01575
v -0.0574258864 0.11762432 0.016
v -0.0568482578 0.117609546 0.01575
v -0.0571442842 0.118037485 0.0155000007
v -0.0570446961 0.117417455 0.016
v -0.0568517447 0.11787872 0.0155000007
v -0.0566468 0.117294721 0.016
v -0.05654638 0.11778453 0.0155000007
v -0.05625634 0.117251307 0.016
v -0.0562467277 0.117751218 0.0155000007
v -0.0260676034 0.07476307 0.016
v -0.02605799 0.07526298 0.0155000007
v -0.0263031628 0.07529023 0.0155000007
v -0.0265653022 0.07510421 0.01575
v -0.02640358 0.07480042 0.016
v -0.026553005 0.0753672943 0.0155000007
v -0.0267459545 0.07490602 0.016
v -0.0267923567 0.0754971951 0.0155000007
v -0.027073957 0.07508403 0.016
v -0.0270460658 0.07537509 0.01575
v -0.0270048082 0.07567666 0.0155000007
v -0.0274120644 0.0758030862 0.01575
v -0.0273650922 0.07532997 0.016
v -0.0271759741 0.07589585 0.0155000007
v -0.0275996551 0.0756303445 0.016
v -0.0272965729 0.0761400238 0.0155000007
v -0.0277649183 0.07596494 0.016
v -0.0276029855 0.07630922 0.01575
v -0.0273639765 0.07639264 0.0155000007
v -0.027631741 0.07664348 0.01575
v -0.0278572869 0.0763111338 0.016
v -0.0273817889 0.0766386762 0.0155000007
v -0.0278816931 0.0766482949 0.016
v -0.027354531 0.07688385 0.0155000007
v -0.0278443433 0.07698427 0.016
v -0.0275901556 0.0769764 0.01575
v -0.0272774659 0.07713369 0.0155000007
v -0.0277387351 0.07732664 0.016
v -0.0274704862 0.07731334 0.01575
v -0.0271475688 0.07737304 0.0155000007
v -0.02756073 0.0776546448 0.016
v -0.0272696726 0.07762676 0.01575
v -0.0269681029 0.077585496 0.0155000007
v -0.0273147933 0.0779457837 0.016
v -0.0269977376 0.07788843 0.01575
v -0.02674891 0.0777566656 0.0155000007
v -0.02701442 0.07818034 0.016
v -0.0266768355 0.07807705 0.01575
v -0.02650474 0.07787726 0.0155000007
v -0.0266798157 0.07834561 0.016
v -0.0263355467 0.07818368 0.01575
v -0.02625212 0.0779446661 0.0155000007
v -0.0263336338 0.07843798 0.016
v -0.0260060821 0.07796247 0.0155000007
v -0.025996469 0.07846238 0.016
v -0.0257609114 0.07793522 0.0155000007
v -0.02549877 0.0781212449 0.01575
v -0.02551107 0.07785816 0.0155000007
v -0.0256604943 0.0784250349 0.016
v -0.0253181178 0.07831942 0.016
v -0.0252717175 0.07772826 0.0155000007
v -0.0249901153 0.07814142 0.016
v -0.0250180066 0.0778503641 0.01575
v -0.025059266 0.0775487944 0.0155000007
v -0.02465201 0.07742237 0.01575
v -0.02469898 0.0778954849 0.016
v -0.0248880982 0.0773296 0.0155000007
v -0.02446442 0.07759511 0.016
v -0.0247675 0.0770854354 0.0155000007
v -0.0242991541 0.0772605 0.016
v -0.0244610868 0.07691624 0.01575
v -0.0247000977 0.07683281 0.0155000007
v -0.0244323313 0.07658196 0.01575
v -0.0242067873 0.0769143254 0.016
v -0.0246822853 0.07658677 0.0155000007
v -0.02418238 0.07657716 0.016
v -0.0247095414 0.0763416 0.0155000007
v -0.024219729 0.07624119 0.016
v -0.0244739167 0.07624905 0.01575
v -0.0247866064 0.07609176 0.0155000007
v -0.0243253373 0.0758988038 0.016
v -0.0245935861 0.0759121 0.01575
v -0.0249165036 0.07585241 0.0155000007
v -0.0245033428 0.07557081 0.016
v -0.0247944 0.0755986944 0.01575
v -0.0250959713 0.07563995 0.0155000007
v -0.024749279 0.07527967 0.016
v -0.0250663348 0.07533702 0.01575
v -0.0253151637 0.0754687861 0.0155000007
v -0.0250496548 0.07504511 0.016
v -0.0253872368 0.0751484 0.01575
v -0.0255593322 0.07534818 0.0155000007
v -0.0253842585 0.07487984 0.016
v -0.0257285275 0.07504177 0.01575
v -0.0258119516 0.0752807856 0.0155000007
v -0.0257304385 0.0747874752 0.016
v -0.02605799 0.07526298 0.0155000007
v -0.0260676034 0.07476307 0.016
v -0.006182907 0.120589256 0.016
v -0.006574746 0.120560884 0.016
v -0.00619252026 0.120089345 0.0155000007
v -0.006584661 0.120305151 0.01575
v -0.006493233 0.120067582 0.0155000007
v -0.00697707 0.120453544 0.016
v -0.00680199265 0.119985193 0.0155000007
v -0.006989941 0.120178528 0.01575
v -0.007365929 0.120261475 0.016
v -0.00710042 0.1198378 0.0155000007
v -0.007371014 0.119954549 0.01575
v -0.00771501474 0.119988881 0.016
v -0.00736832246 0.119628593 0.0155000007
v -0.007693935 0.119643815 0.01575
v -0.008000834 0.119650535 0.016
v -0.007587673 0.119368926 0.0155000007
v -0.00793239847 0.119271636 0.01575
v -0.008207703 0.119269341 0.016
v -0.007746434 0.119076386 0.0155000007
v -0.008074511 0.118871517 0.01575
v -0.008330438 0.118871443 0.016
v -0.008123891 0.118476182 0.01575
v -0.007840624 0.118771024 0.0155000007
v -0.00837384351 0.118480988 0.016
v -0.00787393749 0.118471369 0.0155000007
v -0.008345481 0.118089147 0.016
v -0.007852169 0.118170664 0.0155000007
v -0.008089745 0.11807923 0.01575
v -0.008238133 0.117686823 0.016
v -0.007863026 0.1174782 0.01575
v -0.00776978768 0.117861904 0.0155000007
v -0.00804607 0.117297962 0.016
v -0.007622389 0.117563471 0.0155000007
v -0.00777347 0.11694888 0.016
v -0.00741318241 0.117295571 0.0155000007
v -0.007428404 0.116969958 0.01575
v -0.0074351225 0.116663061 0.016
v -0.00685749575 0.116648287 0.01575
v -0.007153522 0.117076226 0.0155000007
v -0.007053934 0.116456188 0.016
v -0.00686098263 0.116917461 0.0155000007
v -0.006656036 0.116333455 0.016
v -0.006555617 0.116823271 0.0155000007
v -0.006265575 0.116290048 0.016
v -0.006255964 0.116789959 0.0155000007
v -0.006759664 0.0905948 0.016
v -0.007151503 0.09056643 0.016
v -0.00676927529 0.09009489 0.0155000007
v -0.007161416 0.09031069 0.01575
v -0.00706999 0.09007312 0.0155000007
v -0.007553827 0.090459086 0.016
v -0.00737874955 0.0899907351 0.0155000007
v -0.007566696 0.09018408 0.01575
v -0.007942686 0.09026702 0.016
v -0.007677175 0.08984334 0.0155000007
v -0.007947769 0.08996009 0.01575
v -0.00829177 0.0899944156 0.016
v -0.007945079 0.0896341354 0.0155000007
v -0.008270692 0.08964935 0.01575
v -0.008577591 0.08965607 0.016
v -0.00816443 0.0893744752 0.0155000007
v -0.008509155 0.08927718 0.01575
v -0.008784458 0.08927488 0.016
v -0.008323191 0.08908193 0.0155000007
v -0.008651266 0.08887706 0.01575
v -0.008907195 0.088876985 0.016
v -0.008700648 0.0884817243 0.01575
v -0.008417381 0.0887765661 0.0155000007
v -0.0089506 0.08848653 0.016
v -0.008450694 0.08847691 0.0155000007
v -0.008922238 0.08809469 0.016
v -0.008428926 0.0881762058 0.0155000007
v -0.0086665 0.08808477 0.01575
v -0.008814888 0.0876923651 0.016
v -0.008439783 0.0874837339 0.01575
v -0.008346545 0.0878674462 0.0155000007
v -0.008622827 0.0873035043 0.016
v -0.008199146 0.08756901 0.0155000007
v -0.008350225 0.08695442 0.016
v -0.007989939 0.08730111 0.0155000007
v -0.008005159 0.0869755 0.01575
v -0.008011879 0.0866686 0.016
v -0.00743425265 0.08665383 0.01575
v -0.00773027726 0.08708176 0.0155000007
v -0.007630691 0.08646173 0.016
v -0.00743773952 0.086923 0.0155000007
v -0.00723279268 0.086339 0.016
v -0.00713237375 0.08682881 0.0155000007
v -0.006842332 0.08629559 0.016
v -0.006832719 0.0867955 0.0155000007
v -0.0562505722 0.117551252 0.01
v -0.05658655 0.1175886 0.01
v -0.0562467277 0.117751218 0.0102
v -0.05661278 0.117696717 0.0101000005
v -0.05654638 0.11778453 0.0102
v -0.0569289252 0.117694214 0.01
v -0.0568517447 0.11787872 0.0102
v -0.0569813028 0.117827609 0.0101000005
v -0.0572569259 0.117872216 0.01
v -0.0571442842 0.118037485 0.0102
v -0.0573240966 0.118047245 0.0101000005
v -0.05754806 0.118118152 0.01
v -0.0574039444 0.11825683 0.0102
v -0.0576103069 0.118344672 0.0101000005
v -0.0577826276 0.11841853 0.01
v -0.057613153 0.118524738 0.0102
v -0.05781661 0.118695661 0.0101000005
v -0.05794789 0.118753135 0.01
v -0.05776055 0.118823163 0.0102
v -0.0579332337 0.11906895 0.0101000005
v -0.05804026 0.119099312 0.01
v -0.0579646826 0.119434558 0.0101000005
v -0.0578429326 0.119131923 0.0102
v -0.0580646619 0.11943648 0.01
v -0.0578647 0.119432636 0.0102
v -0.0580273159 0.119772457 0.01
v -0.057831388 0.119732291 0.0102
v -0.0579191968 0.11979869 0.0101000005
v -0.0579217076 0.120114826 0.01
v -0.05768925 0.120343834 0.0101000005
v -0.057737194 0.120037653 0.0102
v -0.0577437 0.120442837 0.01
v -0.057578437 0.120330192 0.0102
v -0.0574977621 0.120733969 0.01
v -0.0573590845 0.120589852 0.0102
v -0.0572712421 0.120796219 0.0101000005
v -0.05719739 0.120968528 0.01
v -0.0567344055 0.121072054 0.0101000005
v -0.057091184 0.120799065 0.0102
v -0.0568627864 0.1211338 0.01
v -0.05679276 0.120946452 0.0102
v -0.0565166026 0.121226162 0.01
v -0.0564839952 0.121028841 0.0102
v -0.05617944 0.12125057 0.01
v -0.056183286 0.1210506 0.0102
v -0.05682733 0.0875567943 0.01
v -0.0571633056 0.087594144 0.01
v -0.0568234846 0.08775676 0.0102
v -0.05718953 0.08770226 0.0101000005
v -0.0571231358 0.08779007 0.0102
v -0.0575056821 0.087699756 0.01
v -0.0574285 0.08788426 0.0102
v -0.05755806 0.08783315 0.0101000005
v -0.0578336827 0.08787776 0.01
v -0.05772104 0.08804302 0.0102
v -0.0579008535 0.08805279 0.0101000005
v -0.0581248179 0.0881236941 0.01
v -0.0579807 0.08826237 0.0102
v -0.0581870638 0.0883502141 0.0101000005
v -0.0583593845 0.08842407 0.01
v -0.05818991 0.08853028 0.0102
v -0.0583933629 0.08870121 0.0101000005
v -0.0585246459 0.08875868 0.01
v -0.05833731 0.0888287053 0.0102
v -0.05850999 0.08907449 0.0101000005
v -0.0586170144 0.08910485 0.01
v -0.05854144 0.0894401 0.0101000005
v -0.05841969 0.0891374648 0.0102
v -0.05864142 0.08944202 0.01
v -0.0584414564 0.08943818 0.0102
v -0.05860407 0.089778 0.01
v -0.0584081449 0.08973783 0.0102
v -0.0584959537 0.08980423 0.0101000005
v -0.0584984645 0.09012037 0.01
v -0.0582660064 0.0903493762 0.0101000005
v -0.05831395 0.0900431946 0.0102
v -0.0583204553 0.09044837 0.01
v -0.0581551939 0.0903357342 0.0102
v -0.05807452 0.09073951 0.01
v -0.05793584 0.0905953944 0.0102
v -0.057848 0.09080175 0.0101000005
v -0.0577741452 0.09097407 0.01
v -0.0573111624 0.0910775959 0.0101000005
v -0.05766794 0.0908046 0.0102
v -0.0574395433 0.09113933 0.01
v -0.0573695153 0.0909519941 0.0102
v -0.05709336 0.0912317038 0.01
v -0.0570607521 0.09103438 0.0102
v -0.0567562 0.09125611 0.01
v -0.0567600429 0.0910561457 0.0102
v -0.006836565 0.0865955353 0.01
v -0.00717254169 0.086632885 0.01
v -0.006832719 0.0867955 0.0102
v -0.00719877146 0.086741 0.0101000005
v -0.00713237375 0.08682881 0.0102
v -0.00751491636 0.0867385 0.01
v -0.00743773952 0.086923 0.0102
v -0.007567296 0.08687189 0.0101000005
v -0.007842919 0.0869165 0.01
v -0.00773027726 0.08708176 0.0102
v -0.007910093 0.08709153 0.0101000005
v -0.008134056 0.0871624351 0.01
v -0.007989939 0.08730111 0.0102
v -0.0081963 0.0873889551 0.0101000005
v -0.008368617 0.08746281 0.01
v -0.008199146 0.08756901 0.0102
v -0.008402597 0.0877399445 0.0101000005
v -0.00853388 0.08779742 0.01
v -0.008346545 0.0878674462 0.0102
v -0.008519225 0.088113226 0.0101000005
v -0.008626249 0.0881435946 0.01
v -0.008550674 0.08847883 0.0101000005
v -0.008428926 0.0881762058 0.0102
v -0.008650657 0.08848076 0.01
v -0.008450694 0.08847691 0.0102
v -0.008613305 0.08881674 0.01
v -0.008417381 0.0887765661 0.0102
v -0.008505192 0.0888429657 0.0101000005
v -0.008507697 0.08915911 0.01
v -0.00827524252 0.08938812 0.0101000005
v -0.008323191 0.08908193 0.0102
v -0.008329691 0.08948711 0.01
v -0.00816443 0.0893744752 0.0102
v -0.008083757 0.0897782445 0.01
v -0.007945079 0.0896341354 0.0102
v -0.007857235 0.0898404941 0.0101000005
v -0.00778338127 0.09001281 0.01
v -0.00732039846 0.09011634 0.0101000005
v -0.007677175 0.08984334 0.0102
v -0.00744877756 0.09017807 0.01
v -0.00737874955 0.0899907351 0.0102
v -0.00710259564 0.0902704448 0.01
v -0.00706999 0.09007312 0.0102
v -0.006765431 0.09029485 0.01
v -0.00676927529 0.09009489 0.0102
v -0.00625980832 0.116589993 0.01
v -0.006595785 0.116627343 0.01
v -0.006255964 0.116789959 0.0102
v -0.00662201643 0.116735458 0.0101000005
v -0.006555617 0.116823271 0.0102
v -0.00693815947 0.116732955 0.01
v -0.00686098263 0.116917461 0.0102
v -0.006990539 0.11686635 0.0101000005
v -0.007266162 0.116910957 0.01
v -0.007153522 0.117076226 0.0102
v -0.0073333364 0.117085986 0.0101000005
v -0.007557299 0.117156893 0.01
v -0.00741318241 0.117295571 0.0102
v -0.007619543 0.117383413 0.0101000005
v -0.00779186 0.117457271 0.01
v -0.007622389 0.117563471 0.0102
v -0.007825842 0.1177344 0.0101000005
v -0.007957125 0.117791876 0.01
v -0.00776978768 0.117861904 0.0102
v -0.007942468 0.118107684 0.0101000005
v -0.008049494 0.118138053 0.01
v -0.007973917 0.118473291 0.0101000005
v -0.007852169 0.118170664 0.0102
v -0.0080739 0.118475221 0.01
v -0.00787393749 0.118471369 0.0102
v -0.00803655 0.1188112 0.01
v -0.007840624 0.118771024 0.0102
v -0.007928435 0.118837424 0.0101000005
v -0.007930942 0.119153567 0.01
v -0.00769848563 0.119382575 0.0101000005
v -0.007746434 0.119076386 0.0102
v -0.00775293447 0.119481571 0.01
v -0.007587673 0.119368926 0.0102
v -0.007507 0.11977271 0.01
v -0.00736832246 0.119628593 0.0102
v -0.00728047825 0.119834952 0.0101000005
v -0.00720662437 0.120007269 0.01
v -0.00674364343 0.120110795 0.0101000005
v -0.00710042 0.1198378 0.0102
v -0.00687202066 0.12017253 0.01
v -0.00680199265 0.119985193 0.0102
v -0.00652583875 0.1202649 0.01
v -0.006493233 0.120067582 0.0102
v -0.006188674 0.120289311 0.01
v -0.00619252026 0.120089345 0.0102
v -0.0260022376 0.07816244 0.01
v -0.0257207435 0.07813115 0.01
v -0.0260060821 0.07796247 0.0102
v -0.0257024523 0.0780247748 0.0101000005
v -0.0257609114 0.07793522 0.0102
v -0.0254338887 0.07804266 0.01
v -0.02551107 0.07785816 0.0102
v -0.0253971033 0.0779163241 0.0101000005
v -0.0251590759 0.0778935254 0.01
v -0.0252717175 0.07772826 0.0102
v -0.0251130722 0.0777343363 0.0101000005
v -0.0249151532 0.07768747 0.01
v -0.025059266 0.0775487944 0.0102
v -0.02487593 0.07748789 0.0101000005
v -0.0247186273 0.07743581 0.01
v -0.0248880982 0.0773296 0.0102
v -0.0247049965 0.0771970749 0.0101000005
v -0.024580162 0.07715546 0.01
v -0.0247675 0.0770854354 0.0102
v -0.0246083625 0.07688779 0.0101000005
v -0.0245027728 0.07686541 0.01
v -0.0245823041 0.0765848458 0.0101000005
v -0.0247000977 0.07683281 0.0102
v -0.0244823229 0.07658292 0.01
v -0.0246822853 0.07658677 0.0102
v -0.0245136172 0.07630143 0.01
v -0.0247095414 0.0763416 0.0102
v -0.02461999 0.07628314 0.0101000005
v -0.0246021 0.07601458 0.01
v -0.02481052 0.07583145 0.0101000005
v -0.0247866064 0.07609176 0.0102
v -0.02475124 0.07573976 0.01
v -0.0249165036 0.07585241 0.0102
v -0.0249572955 0.07549584 0.01
v -0.0250959713 0.07563995 0.0102
v -0.02515687 0.07545662 0.0101000005
v -0.02520896 0.0752993152 0.01
v -0.0256016776 0.0752280653 0.0101000005
v -0.0253151637 0.0754687861 0.0102
v -0.0254893024 0.07516085 0.01
v -0.0255593322 0.07534818 0.0102
v -0.0257793479 0.0750834644 0.01
v -0.0258119516 0.0752807856 0.0102
v -0.0260618366 0.07506301 0.01
v -0.02605799 0.07526298 0.0102
v -0.03800002 0.07839314 0.01
v -0.037718527 0.078361854 0.01
v -0.0380038656 0.07819318 0.0102
v -0.0377002358 0.0782554746 0.0101000005
v -0.0377586931 0.07816592 0.0102
v -0.0374316722 0.07827337 0.01
v -0.0375088528 0.07808886 0.0102
v -0.03739489 0.0781470239 0.0101000005
v -0.03715686 0.0781242251 0.01
v -0.0372695 0.0779589638 0.0102
v -0.0371108539 0.077965036 0.0101000005
v -0.0369129367 0.07791817 0.01
v -0.03705705 0.0777794942 0.0102
v -0.0368737131 0.0777186 0.0101000005
v -0.03671641 0.0776665062 0.01
v -0.0368858837 0.0775603 0.0102
v -0.0367027819 0.0774277747 0.0101000005
v -0.0365779474 0.07738616 0.01
v -0.0367652848 0.0773161352 0.0102
v -0.0366061479 0.0771184862 0.0101000005
v -0.0365005545 0.07709612 0.01
v -0.0365800858 0.07681555 0.0101000005
v -0.03669788 0.07706351 0.0102
v -0.0364801064 0.07681362 0.01
v -0.03668007 0.0768174753 0.0102
v -0.0365114 0.07653214 0.01
v -0.0367073268 0.0765723 0.0102
v -0.0366177745 0.07651384 0.0101000005
v -0.0365998819 0.07624528 0.01
v -0.0368083045 0.07606215 0.0101000005
v -0.03678439 0.07632246 0.0102
v -0.0367490239 0.07597047 0.01
v -0.03691429 0.07608311 0.0102
v -0.0369550772 0.07572654 0.01
v -0.0370937549 0.0758706555 0.0102
v -0.0371546522 0.07568732 0.0101000005
v -0.0372067429 0.0755300149 0.01
v -0.03759946 0.075458765 0.0101000005
v -0.0373129472 0.07569949 0.0102
v -0.0374870859 0.07539156 0.01
v -0.0375571139 0.07557889 0.0102
v -0.03777713 0.0753141642 0.01
v -0.037809737 0.0755114853 0.0102
v -0.03805962 0.07529371 0.01
v -0.0380557738 0.07549368 0.0102
v -0.0308485776 0.138216719 0.01
v -0.0308420137 0.138558075 0.010141422
v -0.0277325977 0.138358131 0.010141422
v -0.0254948139 0.13786523 0.0100707114
v -0.0245508384 0.137858674 0.010141422
v -0.0259025022 0.137761921 0.01
v -0.0227590036 0.137265 0.0100707114
v -0.0213376116 0.137037873 0.010141422
v -0.0208355859 0.136520445 0.01
v -0.0200192183 0.136422873 0.0100707114
v -0.0181398056 0.135881141 0.010141422
v -0.0173064154 0.135332361 0.0100707114
v -0.0158325881 0.1344316 0.01
v -0.0150087364 0.1343829 0.010141422
v -0.0146534722 0.133992225 0.0100707114
v -0.0134202447 0.1330662 0.01
v -0.0119979493 0.132547975 0.010141422
v -0.0120940972 0.13240692 0.0100707114
v -0.0111032482 0.131493613 0.01
v -0.009661544 0.130586922 0.0100707114
v -0.009160569 0.130392283 0.010141422
v -0.008907713 0.129724547 0.01
v -0.00738730468 0.1285487 0.0100707114
v -0.006546419 0.127942786 0.010141422
v -0.006857995 0.127774 0.01
v -0.005299786 0.126314119 0.0100707114
v -0.00419922173 0.1252364 0.010141422
v -0.00497581623 0.125660881 0.01
v -0.00342316553 0.123909846 0.0100707114
v -0.00215420686 0.122318245 0.010141422
v -0.00327950343 0.123407461 0.01
v -0.00177644007 0.121366225 0.0100707114
v -0.0004363805 0.119239144 0.010141422
v -0.0017834045 0.1210385 0.01
v -0.000372827053 0.118715994 0.0100707114
v -0.000497495756 0.118580423 0.01
v 0.0009403825 0.116052791 0.010141422
v 0.0007804781 0.115993015 0.0100707114
v 0.00142631307 0.113505378 0.01
v 0.00168225914 0.113230929 0.0100707114
v 0.00197332352 0.112812884 0.010141422
v 0.00233683363 0.110461943 0.0100707114
v 0.00251056626 0.108307943 0.01
v 0.00266998261 0.109570473 0.010141422
v 0.00284158438 0.106810242 0.0100707114
v 0.00304675847 0.106371865 0.010141422
v 0.00278566033 0.103263631 0.01
v 0.00295633823 0.103260346 0.0100707114
v 0.00312701985 0.103257068 0.010141422
v 0.00292707235 0.10014765 0.010141422
v 0.00270520151 0.09971748 0.0100707114
v 0.00231685117 0.0982336253 0.01
v 0.00242761523 0.09696589 0.010141422
v 0.00206043944 0.09608789 0.0100707114
v 0.001606822 0.09375266 0.010141422
v 0.001033593 0.0930817053 0.01
v 0.0009918138 0.09243427 0.0100707114
v 0.000450089574 0.0905548558 0.010141422
v -0.0005177669 0.08882884 0.0100707114
v -0.00108389743 0.08808437 0.01
v -0.0010481514 0.08742379 0.010141422
v -0.00246899016 0.0853498 0.0100707114
v -0.002463352 0.08567755 0.01
v -0.00288307853 0.084413 0.010141422
v -0.00404941663 0.08336785 0.01
v -0.004844127 0.0820765942 0.0100707114
v -0.00503876433 0.08157562 0.010141422
v -0.00760663673 0.07908448 0.0100707114
v -0.005831102 0.0811813 0.01
v -0.00748826936 0.07896147 0.010141422
v -0.00779312477 0.079142116 0.01
v -0.0101946536 0.0766142756 0.010141422
v -0.009916313 0.0772718042 0.01
v -0.01070274 0.07643904 0.0100707114
v -0.0131128095 0.0745692551 0.010141422
v -0.0121782366 0.07558844 0.01
v -0.0140648317 0.07419149 0.0100707114
v -0.0145539735 0.07410609 0.01
v -0.016191911 0.0728514344 0.010141422
v -0.0170170255 0.07283444 0.01
v -0.0176163167 0.072375454 0.0100707114
v -0.0193782616 0.07147467 0.010141422
v -0.021277111 0.0710056 0.0100707114
v -0.0220966265 0.07093948 0.01
v -0.0226181727 0.07044172 0.010141422
v -0.0249691121 0.07007822 0.0100707114
v -0.0272075236 0.06989371 0.01
v -0.0258605778 0.0697450638 0.010141422
v -0.028620813 0.06957346 0.0100707114
v -0.0290591866 0.06936829 0.010141422
v -0.03217399 0.06928803 0.010141422
v -0.0321674272 0.0696293861 0.01
v -0.03528341 0.069487974 0.010141422
v -0.03752119 0.0699808747 0.0100707114
v -0.0384651646 0.06998743 0.010141422
v -0.0371135026 0.07008419 0.01
v -0.040257 0.07058111 0.0100707114
v -0.04167839 0.07080823 0.010141422
v -0.04218042 0.07132566 0.01
v -0.0429967865 0.07142323 0.0100707114
v -0.0448762 0.0719649643 0.010141422
v -0.0457095876 0.0725137442 0.0100707114
v -0.0471834168 0.0734145045 0.01
v -0.04800727 0.0734632 0.010141422
v -0.04836253 0.07385388 0.0100707114
v -0.04959576 0.0747799 0.01
v -0.0510180555 0.07529813 0.010141422
v -0.05092191 0.07543919 0.0100707114
v -0.0519127548 0.0763524845 0.01
v -0.05335446 0.0772591755 0.0100707114
v -0.0538554341 0.0774538144 0.010141422
v -0.0541082919 0.07812156 0.01
v -0.055628702 0.0792974159 0.0100707114
v -0.0564695857 0.07990332 0.010141422
v -0.05615801 0.08007211 0.01
v -0.05771622 0.08153199 0.0100707114
v -0.0588167831 0.0826097056 0.010141422
v -0.0580401868 0.08218522 0.01
v -0.05959284 0.08393626 0.0100707114
v -0.0608617961 0.08552786 0.010141422
v -0.0597365 0.0844386443 0.01
v -0.0612395629 0.08647988 0.0100707114
v -0.0625796244 0.08860696 0.010141422
v -0.0612326 0.08680761 0.01
v -0.06264318 0.08913011 0.0100707114
v -0.06251851 0.08926568 0.01
v -0.06395639 0.09179331 0.010141422
v -0.06379648 0.09185309 0.0100707114
v -0.06444232 0.09434073 0.01
v -0.064698264 0.09461518 0.0100707114
v -0.06498933 0.09503322 0.010141422
v -0.06535284 0.09738416 0.0100707114
v -0.0655265749 0.09953816 0.01
v -0.06568599 0.09827563 0.010141422
v -0.06585759 0.101035863 0.0100707114
v -0.06606276 0.10147424 0.010141422
v -0.0658016652 0.104582474 0.01
v -0.06597234 0.104585759 0.0100707114
v -0.06614302 0.104589038 0.010141422
v -0.06594308 0.107698455 0.010141422
v -0.06572121 0.108128622 0.0100707114
v -0.06533286 0.10961248 0.01
v -0.06544362 0.110880218 0.010141422
v -0.06507644 0.111758217 0.0100707114
v -0.06462283 0.114093445 0.010141422
v -0.0640496 0.1147644 0.01
v -0.06400782 0.115411833 0.0100707114
v -0.0634660944 0.117291249 0.010141422
v -0.0624982379 0.119017266 0.0100707114
v -0.06193211 0.119761735 0.01
v -0.0619678535 0.120422319 0.010141422
v -0.0605470166 0.122496307 0.0100707114
v -0.0605526529 0.122168556 0.01
v -0.06013293 0.123433106 0.010141422
v -0.05896659 0.124478258 0.01
v -0.0581718758 0.125769511 0.0100707114
v -0.05797724 0.126270488 0.010141422
v -0.0554093681 0.128761619 0.0100707114
v -0.0571849048 0.1266648 0.01
v -0.0555277355 0.128884643 0.010141422
v -0.05522288 0.128703982 0.01
v -0.0528213531 0.13123183 0.010141422
v -0.0530996919 0.1305743 0.01
v -0.0523132645 0.131407067 0.0100707114
v -0.0499031954 0.13327685 0.010141422
v -0.05083777 0.13225767 0.01
v -0.04895117 0.133654609 0.0100707114
v -0.0484620333 0.133740008 0.01
v -0.0468240939 0.134994671 0.010141422
v -0.04599898 0.135011673 0.01
v -0.04539969 0.135470659 0.0100707114
v -0.0436377451 0.136371434 0.010141422
v -0.0417388938 0.1368405 0.0100707114
v -0.04091938 0.136906624 0.01
v -0.04039783 0.137404382 0.010141422
v -0.0380468927 0.137767881 0.0100707114
v -0.03580848 0.137952387 0.01
v -0.037155427 0.138101041 0.010141422
v -0.03439519 0.138272643 0.0100707114
v -0.0308485776 0.138216719 0.01
v -0.03395682 0.138477817 0.010141422
v -0.0308420137 0.138558075 0.010141422
v -0.03083512 0.138916582 0.0105000008
v -0.0308420137 0.138558075 0.010141422
v -0.03395682 0.138477817 0.010141422
v -0.0344245061 0.13862142 0.0103207109
v -0.0339821652 0.1388355 0.0105000008
v -0.037155427 0.138101041 0.010141422
v -0.0372138843 0.138454825 0.0105000008
v -0.0381132849 0.138111532 0.0103207109
v -0.04039783 0.137404382 0.010141422
v -0.0404898524 0.137750953 0.0105000008
v -0.0418427736 0.137174726 0.0103207109
v -0.0436377451 0.136371434 0.010141422
v -0.0437633 0.136707321 0.0105000008
v -0.04554074 0.135790974 0.0103207109
v -0.0468240939 0.134994671 0.010141422
v -0.0469826348 0.1353163 0.0105000008
v -0.0491282828 0.133956492 0.0103207109
v -0.0499031954 0.13327685 0.010141422
v -0.0500936061 0.133580685 0.0105000008
v -0.052524507 0.131686121 0.0103207109
v -0.0528213531 0.13123183 0.010141422
v -0.0556520522 0.129013836 0.0103207109
v -0.05304197 0.1315145 0.0105000008
v -0.0555277355 0.128884643 0.010141422
v -0.0557763651 0.129143015 0.0105000008
v -0.05797724 0.126270488 0.010141422
v -0.0582512245 0.1265018 0.0105000008
v -0.05844261 0.12599133 0.0103207109
v -0.06013293 0.123433106 0.010141422
v -0.0604292266 0.123635054 0.0105000008
v -0.0608418658 0.122684896 0.0103207109
v -0.0619678535 0.120422319 0.010141422
v -0.0622831471 0.1205931 0.0105000008
v -0.06281291 0.119170524 0.0103207109
v -0.0634660944 0.117291249 0.010141422
v -0.0637969 0.117429629 0.0105000008
v -0.0643378049 0.115528487 0.0103207109
v -0.06462283 0.114093445 0.010141422
v -0.0649656057 0.114198722 0.0105000008
v -0.0654172748 0.111837775 0.0103207109
v -0.06544362 0.110880218 0.010141422
v -0.0657948852 0.110952228 0.0105000008
v -0.06606859 0.108171321 0.0103207109
v -0.06594308 0.107698455 0.010141422
v -0.06632228 0.104592487 0.0103207109
v -0.06629953 0.107737541 0.0105000008
v -0.06614302 0.104589038 0.010141422
v -0.0665015355 0.104595937 0.0105000008
v -0.06606276 0.10147424 0.010141422
v -0.06642045 0.101448886 0.0105000008
v -0.0662063658 0.101006545 0.0103207109
v -0.06568599 0.09827563 0.010141422
v -0.06603977 0.0982171744 0.0105000008
v -0.06569648 0.09731777 0.0103207109
v -0.06498933 0.09503322 0.010141422
v -0.0653359 0.0949412 0.0105000008
v -0.06503527 0.0945206657 0.0103207109
v -0.06395639 0.09179331 0.010141422
v -0.06429227 0.09166776 0.0105000008
v -0.06412433 0.091730535 0.0103207109
v -0.06295931 0.0889799148 0.0103207109
v -0.0625796244 0.08860696 0.010141422
v -0.06290125 0.08844842 0.0105000008
v -0.0615414456 0.08630277 0.0103207109
v -0.0608617961 0.08552786 0.010141422
v -0.061165642 0.0853374451 0.0105000008
v -0.059878 0.08373332 0.0103207109
v -0.0588167831 0.0826097056 0.010141422
v -0.05909946 0.08238909 0.0105000008
v -0.0579823256 0.08130464 0.0103207109
v -0.0564695857 0.07990332 0.010141422
v -0.05672797 0.0796546862 0.0105000008
v -0.05587361 0.07904738 0.0103207109
v -0.0538554341 0.0774538144 0.010141422
v -0.054086756 0.0771798342 0.0105000008
v -0.0535762757 0.0769884437 0.0103207109
v -0.0510180555 0.07529813 0.010141422
v -0.0512200035 0.07500183 0.0105000008
v -0.05111903 0.07514998 0.0103207109
v -0.0485336632 0.07354857 0.0103207109
v -0.04800727 0.0734632 0.010141422
v -0.0481780544 0.07314791 0.0105000008
v -0.0458537862 0.07219483 0.0103207109
v -0.0448762 0.0719649643 0.010141422
v -0.0450145751 0.07163416 0.0105000008
v -0.04311344 0.0710932538 0.0103207109
v -0.04167839 0.07080823 0.010141422
v -0.0417836681 0.07046545 0.0105000008
v -0.0403458327 0.07024257 0.0103207109
v -0.0384651646 0.06998743 0.010141422
v -0.0385371819 0.0696361661 0.0105000008
v -0.03758225 0.06963624 0.0103207109
v -0.03528341 0.069487974 0.010141422
v -0.0353224874 0.06913152 0.0105000008
v -0.03485112 0.06926319 0.0103207109
v -0.03217399 0.06928803 0.010141422
v -0.032180883 0.06892952 0.0105000008
v -0.0290591866 0.06936829 0.010141422
v -0.0285914987 0.06922469 0.0103207109
v -0.02903384 0.0690106 0.0105000008
v -0.0258605778 0.0697450638 0.010141422
v -0.02580212 0.06939129 0.0105000008
v -0.02490272 0.06973457 0.0103207109
v -0.0226181727 0.07044172 0.010141422
v -0.0225261524 0.07009515 0.0105000008
v -0.0211732313 0.07067137 0.0103207109
v -0.0193782616 0.07147467 0.010141422
v -0.0192527063 0.0711387843 0.0105000008
v -0.017475266 0.0720551237 0.0103207109
v -0.016191911 0.0728514344 0.010141422
v -0.01603337 0.07252981 0.0105000008
v -0.013887722 0.0738896057 0.0103207109
v -0.0131128095 0.0745692551 0.010141422
v -0.0129223987 0.07426541 0.0105000008
v -0.010491496 0.07615998 0.0103207109
v -0.0101946536 0.0766142756 0.010141422
v -0.0073639527 0.0788322762 0.0103207109
v -0.009974036 0.0763316 0.0105000008
v -0.00748826936 0.07896147 0.010141422
v -0.007239638 0.07870309 0.0105000008
v -0.00503876433 0.08157562 0.010141422
v -0.0047647804 0.0813443 0.0105000008
v -0.00457339361 0.0818547755 0.0103207109
v -0.00288307853 0.084413 0.010141422
v -0.00258677825 0.08421105 0.0105000008
v -0.002174141 0.08516121 0.0103207109
v -0.0010481514 0.08742379 0.010141422
v -0.000732857734 0.0872530043 0.0105000008
v -0.0002030991 0.08867558 0.0103207109
v 0.000450089574 0.0905548558 0.010141422
v 0.000780895352 0.0904164761 0.0105000008
v 0.00132179633 0.09231762 0.0103207109
v 0.001606822 0.09375266 0.010141422
v 0.00194959715 0.09364738 0.0105000008
v 0.0024012737 0.09600833 0.0103207109
v 0.00242761523 0.09696589 0.010141422
v 0.002778884 0.09689388 0.0105000008
v 0.00305258855 0.09967478 0.0103207109
v 0.00292707235 0.10014765 0.010141422
v 0.00330627337 0.103253618 0.0103207109
v 0.003283523 0.100108564 0.0105000008
v 0.00312701985 0.103257068 0.010141422
v 0.00348553061 0.103250168 0.0105000008
v 0.00304675847 0.106371865 0.010141422
v 0.003404446 0.106397219 0.0105000008
v 0.00319035724 0.10683956 0.0103207109
v 0.00266998261 0.109570473 0.010141422
v 0.00302376226 0.109628931 0.0105000008
v 0.00268047675 0.110528335 0.0103207109
v 0.00197332352 0.112812884 0.010141422
v 0.00231989846 0.112904906 0.0105000008
v 0.00201926 0.113325439 0.0103207109
v 0.0009403825 0.116052791 0.010141422
v 0.0012762621 0.116178349 0.0105000008
v 0.00110832229 0.11611557 0.0103207109
v -5.66951931E-05 0.11886619 0.0103207109
v -0.0004363805 0.119239144 0.010141422
v -0.000114753842 0.119397685 0.0105000008
v -0.00147455744 0.121543333 0.0103207109
v -0.00215420686 0.122318245 0.010141422
v -0.00185036287 0.12250866 0.0105000008
v -0.00313800573 0.124112785 0.0103207109
v -0.00419922173 0.1252364 0.010141422
v -0.0039165467 0.125457019 0.0105000008
v -0.005033681 0.126541466 0.0103207109
v -0.006546419 0.127942786 0.010141422
v -0.00628803857 0.128191411 0.0105000008
v -0.007142395 0.128798723 0.0103207109
v -0.009160569 0.130392283 0.010141422
v -0.008929249 0.130666271 0.0105000008
v -0.009439727 0.130857661 0.0103207109
v -0.0119979493 0.132547975 0.010141422
v -0.0117960013 0.132844269 0.0105000008
v -0.0118969735 0.132696122 0.0103207109
v -0.01448234 0.134297535 0.0103207109
v -0.0150087364 0.1343829 0.010141422
v -0.0148379505 0.1346982 0.0105000008
v -0.0171622187 0.135651276 0.0103207109
v -0.0181398056 0.135881141 0.010141422
v -0.01800143 0.136211947 0.0105000008
v -0.0199025646 0.136752844 0.0103207109
v -0.0213376116 0.137037873 0.010141422
v -0.0212323349 0.13738066 0.0105000008
v -0.02267017 0.137603536 0.0103207109
v -0.0245508384 0.137858674 0.010141422
v -0.0244788229 0.138209939 0.0105000008
v -0.0254337583 0.138209864 0.0103207109
v -0.0277325977 0.138358131 0.010141422
v -0.0276935175 0.138714582 0.0105000008
v -0.0281648841 0.138582915 0.0103207109
v -0.0308420137 0.138558075 0.010141422
v -0.03083512 0.138916582 0.0105000008
v -0.0380038656 0.07819318 0.0102
v -0.0382499024 0.0781753659 0.0102
v -0.03800002 0.07839314 0.01
v -0.03846018 0.07822809 0.0101000005
v -0.03850252 0.07810797 0.0102
v -0.03828251 0.0783726946 0.01
v -0.0385725535 0.0782953054 0.01
v -0.0387466922 0.0779873654 0.0102
v -0.0388528965 0.07815684 0.01
v -0.0389049873 0.07799954 0.0101000005
v -0.0389658846 0.0778162 0.0102
v -0.039251335 0.07762471 0.0101000005
v -0.0391045623 0.07796031 0.01
v -0.03914535 0.07760374 0.0102
v -0.0393106155 0.07771639 0.01
v -0.0392752476 0.0773644 0.0102
v -0.0394597575 0.07744158 0.01
v -0.03944187 0.07717301 0.0101000005
v -0.0393523127 0.07711455 0.0102
v -0.0394795537 0.0768713057 0.0101000005
v -0.03954824 0.07715472 0.01
v -0.03937957 0.07686938 0.0102
v -0.039579533 0.07687323 0.01
v -0.03936176 0.07662334 0.0102
v -0.03955908 0.07659074 0.01
v -0.03945349 0.0765683651 0.0101000005
v -0.0392943546 0.07637072 0.0102
v -0.0394816957 0.0763006955 0.01
v -0.03935686 0.07625908 0.0101000005
v -0.0391737558 0.07612655 0.0102
v -0.03934323 0.07602035 0.01
v -0.0391859263 0.0759682655 0.0101000005
v -0.03900259 0.0759073645 0.0102
v -0.0391467027 0.07576868 0.01
v -0.0389487855 0.07572182 0.0101000005
v -0.03879014 0.0757278949 0.0102
v -0.03890278 0.0755626261 0.01
v -0.0386647545 0.07553983 0.0101000005
v -0.0385507867 0.075598 0.0102
v -0.0386279672 0.0754134953 0.01
v -0.0383594036 0.07543138 0.0101000005
v -0.0383009464 0.07552093 0.0102
v -0.0383411124 0.07532501 0.01
v -0.0380557738 0.07549368 0.0102
v -0.03805962 0.07529371 0.01
v -0.0380557738 0.07549368 0.0155000007
v -0.0380557738 0.07549368 0.0102
v -0.0383009464 0.07552093 0.0102
v -0.0383366756 0.07552876 0.0128500005
v -0.0383009464 0.07552093 0.0155000007
v -0.0385507867 0.075598 0.0102
v -0.0385507867 0.075598 0.0155000007
v -0.0386209637 0.07562974 0.0128500005
v -0.03879014 0.0757278949 0.0102
v -0.03879014 0.0757278949 0.0155000007
v -0.0388854071 0.0757991746 0.0128500005
v -0.03900259 0.0759073645 0.0102
v -0.03900259 0.0759073645 0.0155000007
v -0.0391061939 0.0760286152 0.0128500005
v -0.0391737558 0.07612655 0.0102
v -0.0391737558 0.07612655 0.0155000007
v -0.0392653421 0.0762993842 0.0128500005
v -0.0392943546 0.07637072 0.0102
v -0.0392943546 0.07637072 0.0155000007
v -0.0393553078 0.07658734 0.0128500005
v -0.03936176 0.07662334 0.0102
v -0.03937957 0.07686938 0.0128500005
v -0.03936176 0.07662334 0.0155000007
v -0.03937957 0.07686938 0.0102
v -0.03937957 0.07686938 0.0155000007
v -0.0393523127 0.07711455 0.0102
v -0.0393523127 0.07711455 0.0155000007
v -0.0393444821 0.07715028 0.0128500005
v -0.0392752476 0.0773644 0.0102
v -0.0392752476 0.0773644 0.0155000007
v -0.0392752476 0.0773644 0.0128500005
v -0.039167095 0.0775708258 0.0128500005
v -0.03914535 0.07760374 0.0102
v -0.03914535 0.07760374 0.0155000007
v -0.03902176 0.07775916 0.0128500005
v -0.0389658846 0.0778162 0.0102
v -0.0389658846 0.0778162 0.0155000007
v -0.03884463 0.07791981 0.0128500005
v -0.0387466922 0.0779873654 0.0102
v -0.0387466922 0.0779873654 0.0155000007
v -0.0386441462 0.0780455545 0.0128500005
v -0.03850252 0.07810797 0.0102
v -0.03850252 0.07810797 0.0155000007
v -0.0384304971 0.0781326 0.0128500005
v -0.0382499024 0.0781753659 0.0102
v -0.0382499024 0.0781753659 0.0155000007
v -0.0382140428 0.0781808 0.0128500005
v -0.0380038656 0.07819318 0.0102
v -0.0380038656 0.07819318 0.0155000007
v -0.0377586931 0.07816592 0.0102
v -0.0377229676 0.0781580955 0.0128500005
v -0.0377586931 0.07816592 0.0155000007
v -0.0375088528 0.07808886 0.0102
v -0.0375088528 0.07808886 0.0155000007
v -0.0374386758 0.07805712 0.0128500005
v -0.0372695 0.0779589638 0.0102
v -0.0372695 0.0779589638 0.0155000007
v -0.0371742323 0.0778876841 0.0128500005
v -0.03705705 0.0777794942 0.0102
v -0.03705705 0.0777794942 0.0155000007
v -0.0369534455 0.07765824 0.0128500005
v -0.0368858837 0.0775603 0.0102
v -0.0368858837 0.0775603 0.0155000007
v -0.0367943 0.07738748 0.0128500005
v -0.0367652848 0.0773161352 0.0102
v -0.0367652848 0.0773161352 0.0155000007
v -0.03670433 0.07709952 0.0128500005
v -0.03669788 0.07706351 0.0102
v -0.03668007 0.0768174753 0.0128500005
v -0.03669788 0.07706351 0.0155000007
v -0.03668007 0.0768174753 0.0102
v -0.03668007 0.0768174753 0.0155000007
v -0.0367073268 0.0765723 0.0102
v -0.0367073268 0.0765723 0.0155000007
v -0.0367151573 0.07653657 0.0128500005
v -0.03678439 0.07632246 0.0102
v -0.03678439 0.07632246 0.0155000007
v -0.03678439 0.07632246 0.0128500005
v -0.0368925445 0.07611603 0.0128500005
v -0.03691429 0.07608311 0.0102
v -0.03691429 0.07608311 0.0155000007
v -0.03703788 0.0759277046 0.0128500005
v -0.0370937549 0.0758706555 0.0102
v -0.0370937549 0.0758706555 0.0155000007
v -0.03721501 0.0757670552 0.0128500005
v -0.0373129472 0.07569949 0.0102
v -0.0373129472 0.07569949 0.0155000007
v -0.0374154933 0.0756413043 0.0128500005
v -0.0375571139 0.07557889 0.0102
v -0.0375571139 0.07557889 0.0155000007
v -0.0376291424 0.07555426 0.0128500005
v -0.037809737 0.0755114853 0.0102
v -0.037809737 0.0755114853 0.0155000007
v -0.0378455967 0.0755060539 0.0128500005
v -0.0380557738 0.07549368 0.0102
v -0.0380557738 0.07549368 0.0155000007
v -0.0260060821 0.07796247 0.0102
v -0.02625212 0.0779446661 0.0102
v -0.0260022376 0.07816244 0.01
v -0.0264623966 0.07799739 0.0101000005
v -0.02650474 0.07787726 0.0102
v -0.0262847245 0.0781419948 0.01
v -0.0265747719 0.0780646056 0.01
v -0.02674891 0.0777566656 0.0102
v -0.026855113 0.07792614 0.01
v -0.0269072037 0.07776883 0.0101000005
v -0.0269681029 0.077585496 0.0102
v -0.0272535533 0.07739401 0.0101000005
v -0.0271067787 0.07772961 0.01
v -0.0271475688 0.07737304 0.0102
v -0.0273128338 0.07748569 0.01
v -0.0272774659 0.07713369 0.0102
v -0.0274619721 0.07721087 0.01
v -0.0274440832 0.07694231 0.0101000005
v -0.027354531 0.07688385 0.0102
v -0.0274817683 0.0766406 0.0101000005
v -0.0275504552 0.07692401 0.01
v -0.0273817889 0.0766386762 0.0102
v -0.0275817513 0.07664253 0.01
v -0.0273639765 0.07639264 0.0102
v -0.0275613014 0.07636003 0.01
v -0.02745571 0.0763376653 0.0101000005
v -0.0272965729 0.0761400238 0.0102
v -0.02748391 0.07606999 0.01
v -0.0273590758 0.07602838 0.0101000005
v -0.0271759741 0.07589585 0.0102
v -0.0273454469 0.0757896453 0.01
v -0.0271881428 0.07573756 0.0101000005
v -0.0270048082 0.07567666 0.0102
v -0.027148921 0.07553798 0.01
v -0.026951 0.0754911155 0.0101000005
v -0.0267923567 0.0754971951 0.0102
v -0.0269049965 0.07533193 0.01
v -0.0266669691 0.07530913 0.0101000005
v -0.026553005 0.0753672943 0.0102
v -0.0266301855 0.0751827955 0.01
v -0.02636162 0.07520068 0.0101000005
v -0.0263031628 0.07529023 0.0102
v -0.0263433289 0.075094305 0.01
v -0.02605799 0.07526298 0.0102
v -0.0260618366 0.07506301 0.01
v -0.02605799 0.07526298 0.0155000007
v -0.02605799 0.07526298 0.0102
v -0.0263031628 0.07529023 0.0102
v -0.02633889 0.07529806 0.0128500005
v -0.0263031628 0.07529023 0.0155000007
v -0.026553005 0.0753672943 0.0102
v -0.026553005 0.0753672943 0.0155000007
v -0.026623182 0.07539903 0.0128500005
v -0.0267923567 0.0754971951 0.0102
v -0.0267923567 0.0754971951 0.0155000007
v -0.0268876255 0.07556847 0.0128500005
v -0.0270048082 0.07567666 0.0102
v -0.0270048082 0.07567666 0.0155000007
v -0.0271084122 0.0757979155 0.0128500005
v -0.0271759741 0.07589585 0.0102
v -0.0271759741 0.07589585 0.0155000007
v -0.0272675566 0.07606868 0.0128500005
v -0.0272965729 0.0761400238 0.0102
v -0.0272965729 0.0761400238 0.0155000007
v -0.0273575243 0.0763566345 0.0128500005
v -0.0273639765 0.07639264 0.0102
v -0.0273817889 0.0766386762 0.0128500005
v -0.0273639765 0.07639264 0.0155000007
v -0.0273817889 0.0766386762 0.0102
v -0.0273817889 0.0766386762 0.0155000007
v -0.027354531 0.07688385 0.0102
v -0.027354531 0.07688385 0.0155000007
v -0.0273467 0.07691958 0.0128500005
v -0.0272774659 0.07713369 0.0102
v -0.0272774659 0.07713369 0.0155000007
v -0.0272774659 0.07713369 0.0128500005
v -0.0271693114 0.077340126 0.0128500005
v -0.0271475688 0.07737304 0.0102
v -0.0271475688 0.07737304 0.0155000007
v -0.0270239767 0.0775284544 0.0128500005
v -0.0269681029 0.077585496 0.0102
v -0.0269681029 0.077585496 0.0155000007
v -0.0268468466 0.0776891038 0.0128500005
v -0.02674891 0.0777566656 0.0102
v -0.02674891 0.0777566656 0.0155000007
v -0.0266463626 0.07781485 0.0128500005
v -0.02650474 0.07787726 0.0102
v -0.02650474 0.07787726 0.0155000007
v -0.0264327154 0.0779019 0.0128500005
v -0.02625212 0.0779446661 0.0102
v -0.02625212 0.0779446661 0.0155000007
v -0.0262162574 0.0779501 0.0128500005
v -0.0260060821 0.07796247 0.0102
v -0.0260060821 0.07796247 0.0155000007
v -0.0257609114 0.07793522 0.0102
v -0.0257251821 0.07792739 0.0128500005
v -0.0257609114 0.07793522 0.0155000007
v -0.02551107 0.07785816 0.0102
v -0.02551107 0.07785816 0.0155000007
v -0.02544089 0.07782642 0.0128500005
v -0.0252717175 0.07772826 0.0102
v -0.0252717175 0.07772826 0.0155000007
v -0.0251764487 0.0776569843 0.0128500005
v -0.025059266 0.0775487944 0.0102
v -0.025059266 0.0775487944 0.0155000007
v -0.024955662 0.0774275362 0.0128500005
v -0.0248880982 0.0773296 0.0102
v -0.0248880982 0.0773296 0.0155000007
v -0.0247965157 0.0771567747 0.0128500005
v -0.0247675 0.0770854354 0.0102
v -0.0247675 0.0770854354 0.0155000007
v -0.0247065462 0.07686881 0.0128500005
v -0.0247000977 0.07683281 0.0102
v -0.0246822853 0.07658677 0.0128500005
v -0.0247000977 0.07683281 0.0155000007
v -0.0246822853 0.07658677 0.0102
v -0.0246822853 0.07658677 0.0155000007
v -0.0247095414 0.0763416 0.0102
v -0.0247095414 0.0763416 0.0155000007
v -0.0247173719 0.07630587 0.0128500005
v -0.0247866064 0.07609176 0.0102
v -0.0247866064 0.07609176 0.0155000007
v -0.0247866064 0.07609176 0.0128500005
v -0.0248947628 0.07588533 0.0128500005
v -0.0249165036 0.07585241 0.0102
v -0.0249165036 0.07585241 0.0155000007
v -0.0250400975 0.075697 0.0128500005
v -0.0250959713 0.07563995 0.0102
v -0.0250959713 0.07563995 0.0155000007
v -0.0252172258 0.07553635 0.0128500005
v -0.0253151637 0.0754687861 0.0102
v -0.0253151637 0.0754687861 0.0155000007
v -0.0254177116 0.0754106 0.0128500005
v -0.0255593322 0.07534818 0.0102
v -0.0255593322 0.07534818 0.0155000007
v -0.025631357 0.07532356 0.0128500005
v -0.0258119516 0.0752807856 0.0102
v -0.0258119516 0.0752807856 0.0155000007
v -0.025847815 0.0752753541 0.0128500005
v -0.02605799 0.07526298 0.0102
v -0.02605799 0.07526298 0.0155000007
v -0.006255964 0.116789959 0.0102
v -0.005955253 0.116811723 0.0102
v -0.00625980832 0.116589993 0.01
v -0.00570484251 0.116768509 0.0101000005
v -0.00564649142 0.116894111 0.0102
v -0.005922647 0.1166144 0.01
v -0.00557646155 0.116706774 0.01
v -0.005348066 0.117041506 0.0102
v -0.0052418597 0.116872035 0.01
v -0.00516800769 0.117044352 0.0101000005
v -0.00508016348 0.117250711 0.0102
v -0.00474999659 0.117496729 0.0101000005
v -0.004941486 0.117106594 0.01
v -0.004860811 0.117510371 0.0102
v -0.00469554774 0.117397733 0.01
v -0.004702052 0.117802911 0.0102
v -0.004517542 0.117725737 0.01
v -0.00452004932 0.118041873 0.0101000005
v -0.00460786 0.118108273 0.0102
v -0.00447456539 0.118406005 0.0101000005
v -0.004411934 0.118068106 0.01
v -0.00457454845 0.118407927 0.0102
v -0.004374586 0.118404083 0.01
v -0.00459631532 0.11870864 0.0102
v -0.00439899042 0.118741252 0.01
v -0.004506016 0.118771613 0.0101000005
v -0.00467869826 0.1190174 0.0102
v -0.004491359 0.119087428 0.01
v -0.004622642 0.119144894 0.0101000005
v -0.004826095 0.119315825 0.0102
v -0.004656622 0.119422033 0.01
v -0.004828941 0.119495891 0.0101000005
v -0.00503530353 0.119583733 0.0102
v -0.004891187 0.119722411 0.01
v -0.00511514954 0.119793318 0.0101000005
v -0.00529496372 0.119803086 0.0102
v -0.005182322 0.119968347 0.01
v -0.005457945 0.120012954 0.0101000005
v -0.00558750145 0.119961843 0.0102
v -0.00551032275 0.120146349 0.01
v -0.00582647137 0.120143846 0.0101000005
v -0.005892869 0.120056033 0.0102
v -0.005852701 0.120251961 0.01
v -0.00619252026 0.120089345 0.0102
v -0.006188674 0.120289311 0.01
v -0.006255964 0.116789959 0.0155000007
v -0.006255964 0.116789959 0.0102
v -0.006555617 0.116823271 0.0102
v -0.00659928657 0.116832837 0.0128500005
v -0.006555617 0.116823271 0.0155000007
v -0.00686098263 0.116917461 0.0102
v -0.00686098263 0.116917461 0.0155000007
v -0.00694675557 0.116956249 0.0128500005
v -0.007153522 0.117076226 0.0102
v -0.007153522 0.117076226 0.0155000007
v -0.00726996 0.117163338 0.0128500005
v -0.00741318241 0.117295571 0.0102
v -0.00741318241 0.117295571 0.0155000007
v -0.00753981434 0.11744377 0.0128500005
v -0.007622389 0.117563471 0.0102
v -0.007622389 0.117563471 0.0155000007
v -0.007734325 0.1177747 0.0128500005
v -0.00776978768 0.117861904 0.0102
v -0.00776978768 0.117861904 0.0155000007
v -0.007844286 0.118126653 0.0128500005
v -0.007852169 0.118170664 0.0102
v -0.00787393749 0.118471369 0.0128500005
v -0.007852169 0.118170664 0.0155000007
v -0.00787393749 0.118471369 0.0102
v -0.00787393749 0.118471369 0.0155000007
v -0.007840624 0.118771024 0.0102
v -0.007840624 0.118771024 0.0155000007
v -0.007831056 0.118814692 0.0128500005
v -0.007746434 0.119076386 0.0102
v -0.007746434 0.119076386 0.0155000007
v -0.007746434 0.119076386 0.0128500005
v -0.007614242 0.119328693 0.0128500005
v -0.007587673 0.119368926 0.0102
v -0.007587673 0.119368926 0.0155000007
v -0.00743661448 0.119558871 0.0128500005
v -0.00736832246 0.119628593 0.0102
v -0.00736832246 0.119628593 0.0155000007
v -0.007220121 0.119755223 0.0128500005
v -0.00710042 0.1198378 0.0102
v -0.00710042 0.1198378 0.0155000007
v -0.00697508268 0.119908914 0.0128500005
v -0.00680199265 0.119985193 0.0102
v -0.00680199265 0.119985193 0.0155000007
v -0.006713962 0.1200153 0.0128500005
v -0.006493233 0.120067582 0.0102
v -0.006493233 0.120067582 0.0155000007
v -0.00644940324 0.120074213 0.0128500005
v -0.00619252026 0.120089345 0.0102
v -0.00619252026 0.120089345 0.0155000007
v -0.005892869 0.120056033 0.0102
v -0.00584919937 0.120046467 0.0128500005
v -0.005892869 0.120056033 0.0155000007
v -0.00558750145 0.119961843 0.0102
v -0.00558750145 0.119961843 0.0155000007
v -0.005501732 0.119923055 0.0128500005
v -0.00529496372 0.119803086 0.0102
v -0.00529496372 0.119803086 0.0155000007
v -0.005178528 0.119715966 0.0128500005
v -0.00503530353 0.119583733 0.0102
v -0.00503530353 0.119583733 0.0155000007
v -0.00490866974 0.119435534 0.0128500005
v -0.004826095 0.119315825 0.0102
v -0.004826095 0.119315825 0.0155000007
v -0.004714161 0.1191046 0.0128500005
v -0.00467869826 0.1190174 0.0102
v -0.00467869826 0.1190174 0.0155000007
v -0.00460420176 0.118752643 0.0128500005
v -0.00459631532 0.11870864 0.0102
v -0.00457454845 0.118407927 0.0128500005
v -0.00459631532 0.11870864 0.0155000007
v -0.00457454845 0.118407927 0.0102
v -0.00457454845 0.118407927 0.0155000007
v -0.00460786 0.118108273 0.0102
v -0.00460786 0.118108273 0.0155000007
v -0.004617432 0.118064605 0.0128500005
v -0.004702052 0.117802911 0.0102
v -0.004702052 0.117802911 0.0155000007
v -0.004702052 0.117802911 0.0128500005
v -0.004834244 0.117550611 0.0128500005
v -0.004860811 0.117510371 0.0102
v -0.004860811 0.117510371 0.0155000007
v -0.00501187146 0.117320433 0.0128500005
v -0.00508016348 0.117250711 0.0102
v -0.00508016348 0.117250711 0.0155000007
v -0.0052283667 0.117124081 0.0128500005
v -0.005348066 0.117041506 0.0102
v -0.005348066 0.117041506 0.0155000007
v -0.00547339953 0.11697039 0.0128500005
v -0.00564649142 0.116894111 0.0102
v -0.00564649142 0.116894111 0.0155000007
v -0.00573452376 0.116864 0.0128500005
v -0.005955253 0.116811723 0.0102
v -0.005955253 0.116811723 0.0155000007
v -0.0059990827 0.116805084 0.0128500005
v -0.006255964 0.116789959 0.0102
v -0.006255964 0.116789959 0.0155000007
v -0.006832719 0.0867955 0.0102
v -0.00653200969 0.0868172646 0.0102
v -0.006836565 0.0865955353 0.01
v -0.00628159754 0.08677405 0.0101000005
v -0.00622324832 0.08689965 0.0102
v -0.006499404 0.08661994 0.01
v -0.00615321845 0.08671231 0.01
v -0.005924821 0.08704704 0.0102
v -0.0058186166 0.08687758 0.01
v -0.00574476458 0.08704989 0.0101000005
v -0.00565692037 0.08725625 0.0102
v -0.00532675348 0.08750227 0.0101000005
v -0.00551824272 0.0871121362 0.01
v -0.005437568 0.08751591 0.0102
v -0.00527230464 0.08740327 0.01
v -0.005278809 0.08780845 0.0102
v -0.005094297 0.08773128 0.01
v -0.005096806 0.088047415 0.0101000005
v -0.005184617 0.0881138146 0.0102
v -0.00505132228 0.08841155 0.0101000005
v -0.004988689 0.08807365 0.01
v -0.00515130535 0.08841347 0.0102
v -0.004951343 0.088409625 0.01
v -0.005173072 0.08871418 0.0102
v -0.00497574545 0.08874679 0.01
v -0.005082773 0.0887771547 0.0101000005
v -0.005255455 0.08902294 0.0102
v -0.005068114 0.08909297 0.01
v -0.005199397 0.08915044 0.0101000005
v -0.005402852 0.08932137 0.0102
v -0.005233379 0.0894275755 0.01
v -0.005405698 0.08950143 0.0101000005
v -0.00561206043 0.0895892754 0.0102
v -0.005467944 0.08972795 0.01
v -0.00569190644 0.08979886 0.0101000005
v -0.00587171875 0.08980862 0.0102
v -0.005759079 0.08997389 0.01
v -0.006034702 0.0900184959 0.0101000005
v -0.00616425835 0.0899673849 0.0102
v -0.00608707964 0.09015189 0.01
v -0.00640322641 0.09014939 0.0101000005
v -0.006469626 0.0900615752 0.0102
v -0.006429458 0.0902575 0.01
v -0.00676927529 0.09009489 0.0102
v -0.006765431 0.09029485 0.01
v -0.006832719 0.0867955 0.0155000007
v -0.006832719 0.0867955 0.0102
v -0.00713237375 0.08682881 0.0102
v -0.00717604347 0.08683838 0.0128500005
v -0.00713237375 0.08682881 0.0155000007
v -0.00743773952 0.086923 0.0102
v -0.00743773952 0.086923 0.0155000007
v -0.00752351061 0.08696179 0.0128500005
v -0.00773027726 0.08708176 0.0102
v -0.00773027726 0.08708176 0.0155000007
v -0.007846715 0.08716888 0.0128500005
v -0.007989939 0.08730111 0.0102
v -0.007989939 0.08730111 0.0155000007
v -0.008116571 0.08744931 0.0128500005
v -0.008199146 0.08756901 0.0102
v -0.008199146 0.08756901 0.0155000007
v -0.00831108 0.0877802446 0.0128500005
v -0.008346545 0.0878674462 0.0102
v -0.008346545 0.0878674462 0.0155000007
v -0.008421041 0.0881321952 0.0128500005
v -0.008428926 0.0881762058 0.0102
v -0.008450694 0.08847691 0.0128500005
v -0.008428926 0.0881762058 0.0155000007
v -0.008450694 0.08847691 0.0102
v -0.008450694 0.08847691 0.0155000007
v -0.008417381 0.0887765661 0.0102
v -0.008417381 0.0887765661 0.0155000007
v -0.008407811 0.0888202339 0.0128500005
v -0.008323191 0.08908193 0.0102
v -0.008323191 0.08908193 0.0155000007
v -0.008323191 0.08908193 0.0128500005
v -0.008190999 0.0893342346 0.0128500005
v -0.00816443 0.0893744752 0.0102
v -0.00816443 0.0893744752 0.0155000007
v -0.008013371 0.08956441 0.0128500005
v -0.007945079 0.0896341354 0.0102
v -0.007945079 0.0896341354 0.0155000007
v -0.007796876 0.0897607654 0.0128500005
v -0.007677175 0.08984334 0.0102
v -0.007677175 0.08984334 0.0155000007
v -0.00755183958 0.089914456 0.0128500005
v -0.00737874955 0.0899907351 0.0102
v -0.00737874955 0.0899907351 0.0155000007
v -0.007290719 0.09002084 0.0128500005
v -0.00706999 0.09007312 0.0102
v -0.00706999 0.09007312 0.0155000007
v -0.00702616 0.0900797546 0.0128500005
v -0.00676927529 0.09009489 0.0102
v -0.00676927529 0.09009489 0.0155000007
v -0.006469626 0.0900615752 0.0102
v -0.00642595626 0.090052 0.0128500005
v -0.006469626 0.0900615752 0.0155000007
v -0.00616425835 0.0899673849 0.0102
v -0.00616425835 0.0899673849 0.0155000007
v -0.00607848726 0.08992859 0.0128500005
v -0.00587171875 0.08980862 0.0102
v -0.00587171875 0.08980862 0.0155000007
v -0.005755283 0.0897215 0.0128500005
v -0.00561206043 0.0895892754 0.0102
v -0.00561206043 0.0895892754 0.0155000007
v -0.00548542663 0.0894410759 0.0128500005
v -0.005402852 0.08932137 0.0102
v -0.005402852 0.08932137 0.0155000007
v -0.005290916 0.08911014 0.0128500005
v -0.005255455 0.08902294 0.0102
v -0.005255455 0.08902294 0.0155000007
v -0.005180957 0.0887581855 0.0128500005
v -0.005173072 0.08871418 0.0102
v -0.00515130535 0.08841347 0.0128500005
v -0.005173072 0.08871418 0.0155000007
v -0.00515130535 0.08841347 0.0102
v -0.00515130535 0.08841347 0.0155000007
v -0.005184617 0.0881138146 0.0102
v -0.005184617 0.0881138146 0.0155000007
v -0.005194187 0.08807015 0.0128500005
v -0.005278809 0.08780845 0.0102
v -0.005278809 0.08780845 0.0155000007
v -0.005278809 0.08780845 0.0128500005
v -0.005411001 0.08755615 0.0128500005
v -0.005437568 0.08751591 0.0102
v -0.005437568 0.08751591 0.0155000007
v -0.00558862835 0.08732597 0.0128500005
v -0.00565692037 0.08725625 0.0102
v -0.00565692037 0.08725625 0.0155000007
v -0.00580512173 0.08712962 0.0128500005
v -0.005924821 0.08704704 0.0102
v -0.005924821 0.08704704 0.0155000007
v -0.00605015643 0.08697593 0.0128500005
v -0.00622324832 0.08689965 0.0102
v -0.00622324832 0.08689965 0.0155000007
v -0.00631128065 0.0868695453 0.0128500005
v -0.00653200969 0.0868172646 0.0102
v -0.00653200969 0.0868172646 0.0155000007
v -0.00657583959 0.08681063 0.0128500005
v -0.006832719 0.0867955 0.0102
v -0.006832719 0.0867955 0.0155000007
v -0.0568234846 0.08775676 0.0102
v -0.05652277 0.08777852 0.0102
v -0.05682733 0.0875567943 0.01
v -0.05627236 0.08773531 0.0101000005
v -0.0562140122 0.08786091 0.0102
v -0.056490168 0.0875812 0.01
v -0.0561439842 0.0876735747 0.01
v -0.0559155867 0.08800831 0.0102
v -0.05580938 0.087838836 0.01
v -0.05573553 0.08801115 0.0101000005
v -0.0556476824 0.08821751 0.0102
v -0.05531752 0.08846353 0.0101000005
v -0.0555090047 0.0880733952 0.01
v -0.0554283336 0.08847718 0.0102
v -0.0552630723 0.0883645341 0.01
v -0.05526957 0.08876972 0.0102
v -0.055085063 0.08869254 0.01
v -0.05508757 0.08900868 0.0101000005
v -0.05517538 0.08907508 0.0102
v -0.055042088 0.08937281 0.0101000005
v -0.0549794547 0.08903491 0.01
v -0.0551420674 0.089374736 0.0102
v -0.054942105 0.089370884 0.01
v -0.055163838 0.08967544 0.0102
v -0.05496651 0.08970805 0.01
v -0.0550735369 0.08973842 0.0101000005
v -0.05524622 0.0899842 0.0102
v -0.05505888 0.09005423 0.01
v -0.05519016 0.0901117 0.0101000005
v -0.0553936139 0.0902826339 0.0102
v -0.055224143 0.0903888345 0.01
v -0.05539646 0.09046269 0.0101000005
v -0.0556028225 0.0905505344 0.0102
v -0.0554587059 0.09068921 0.01
v -0.0556826666 0.09076012 0.0101000005
v -0.0558624826 0.09076988 0.0102
v -0.05574984 0.09093515 0.01
v -0.0560254678 0.0909797549 0.0101000005
v -0.0561550222 0.0909286439 0.0102
v -0.0560778454 0.09111315 0.01
v -0.05639399 0.09111065 0.0101000005
v -0.056460388 0.0910228342 0.0102
v -0.0564202219 0.09121876 0.01
v -0.0567600429 0.0910561457 0.0102
v -0.0567562 0.09125611 0.01
v -0.0568234846 0.08775676 0.0155000007
v -0.0568234846 0.08775676 0.0102
v -0.0571231358 0.08779007 0.0102
v -0.0571668074 0.08779964 0.0128500005
v -0.0571231358 0.08779007 0.0155000007
v -0.0574285 0.08788426 0.0102
v -0.0574285 0.08788426 0.0155000007
v -0.0575142726 0.08792305 0.0128500005
v -0.05772104 0.08804302 0.0102
v -0.05772104 0.08804302 0.0155000007
v -0.05783748 0.08813014 0.0128500005
v -0.0579807 0.08826237 0.0102
v -0.0579807 0.08826237 0.0155000007
v -0.0581073351 0.08841057 0.0128500005
v -0.05818991 0.08853028 0.0102
v -0.05818991 0.08853028 0.0155000007
v -0.0583018437 0.0887415 0.0128500005
v -0.05833731 0.0888287053 0.0102
v -0.05833731 0.0888287053 0.0155000007
v -0.0584118031 0.08909346 0.0128500005
v -0.05841969 0.0891374648 0.0102
v -0.0584414564 0.08943818 0.0128500005
v -0.05841969 0.0891374648 0.0155000007
v -0.0584414564 0.08943818 0.0102
v -0.0584414564 0.08943818 0.0155000007
v -0.0584081449 0.08973783 0.0102
v -0.0584081449 0.08973783 0.0155000007
v -0.0583985746 0.0897815 0.0128500005
v -0.05831395 0.0900431946 0.0102
v -0.05831395 0.0900431946 0.0155000007
v -0.05831395 0.0900431946 0.0128500005
v -0.0581817627 0.09029549 0.0128500005
v -0.0581551939 0.0903357342 0.0102
v -0.0581551939 0.0903357342 0.0155000007
v -0.0580041334 0.09052567 0.0128500005
v -0.05793584 0.0905953944 0.0102
v -0.05793584 0.0905953944 0.0155000007
v -0.05778764 0.0907220244 0.0128500005
v -0.05766794 0.0908046 0.0102
v -0.05766794 0.0908046 0.0155000007
v -0.0575426072 0.090875715 0.0128500005
v -0.0573695153 0.0909519941 0.0102
v -0.0573695153 0.0909519941 0.0155000007
v -0.05728148 0.0909821 0.0128500005
v -0.0570607521 0.09103438 0.0102
v -0.0570607521 0.09103438 0.0155000007
v -0.057016924 0.09104102 0.0128500005
v -0.0567600429 0.0910561457 0.0102
v -0.0567600429 0.0910561457 0.0155000007
v -0.056460388 0.0910228342 0.0102
v -0.05641672 0.09101327 0.0128500005
v -0.056460388 0.0910228342 0.0155000007
v -0.0561550222 0.0909286439 0.0102
v -0.0561550222 0.0909286439 0.0155000007
v -0.0560692474 0.0908898562 0.0128500005
v -0.0558624826 0.09076988 0.0102
v -0.0558624826 0.09076988 0.0155000007
v -0.055746045 0.09068277 0.0128500005
v -0.0556028225 0.0905505344 0.0102
v -0.0556028225 0.0905505344 0.0155000007
v -0.05547619 0.0904023349 0.0128500005
v -0.0553936139 0.0902826339 0.0102
v -0.0553936139 0.0902826339 0.0155000007
v -0.05528168 0.0900714 0.0128500005
v -0.05524622 0.0899842 0.0102
v -0.05524622 0.0899842 0.0155000007
v -0.05517172 0.08971945 0.0128500005
v -0.055163838 0.08967544 0.0102
v -0.0551420674 0.089374736 0.0128500005
v -0.055163838 0.08967544 0.0155000007
v -0.0551420674 0.089374736 0.0102
v -0.0551420674 0.089374736 0.0155000007
v -0.05517538 0.08907508 0.0102
v -0.05517538 0.08907508 0.0155000007
v -0.05518495 0.08903141 0.0128500005
v -0.05526957 0.08876972 0.0102
v -0.05526957 0.08876972 0.0155000007
v -0.05526957 0.08876972 0.0128500005
v -0.0554017648 0.08851741 0.0128500005
v -0.0554283336 0.08847718 0.0102
v -0.0554283336 0.08847718 0.0155000007
v -0.05557939 0.0882872343 0.0128500005
v -0.0556476824 0.08821751 0.0102
v -0.0556476824 0.08821751 0.0155000007
v -0.0557958856 0.08809088 0.0128500005
v -0.0559155867 0.08800831 0.0102
v -0.0559155867 0.08800831 0.0155000007
v -0.05604092 0.08793719 0.0128500005
v -0.0562140122 0.08786091 0.0102
v -0.0562140122 0.08786091 0.0155000007
v -0.05630204 0.0878308043 0.0128500005
v -0.05652277 0.08777852 0.0102
v -0.05652277 0.08777852 0.0155000007
v -0.0565666035 0.08777189 0.0128500005
v -0.0568234846 0.08775676 0.0102
v -0.0568234846 0.08775676 0.0155000007
v -0.0562467277 0.117751218 0.0102
v -0.0559460148 0.117772982 0.0102
v -0.0562505722 0.117551252 0.01
v -0.05569561 0.117729768 0.0101000005
v -0.0556372553 0.11785537 0.0102
v -0.05591341 0.11757566 0.01
v -0.0555672273 0.117668033 0.01
v -0.05533883 0.118002765 0.0102
v -0.05523262 0.117833294 0.01
v -0.05515877 0.118005611 0.0101000005
v -0.0550709255 0.11821197 0.0102
v -0.0547407642 0.118457988 0.0101000005
v -0.0549322478 0.118067861 0.01
v -0.0548515767 0.11847163 0.0102
v -0.0546863154 0.118358992 0.01
v -0.0546928123 0.118764177 0.0102
v -0.0545083061 0.118687 0.01
v -0.0545108132 0.119003139 0.0101000005
v -0.054598622 0.119069539 0.0102
v -0.05446533 0.119367272 0.0101000005
v -0.0544027 0.119029365 0.01
v -0.05456531 0.119369194 0.0102
v -0.0543653481 0.119365342 0.01
v -0.05458708 0.1196699 0.0102
v -0.0543897562 0.119702511 0.01
v -0.05449678 0.119732879 0.0101000005
v -0.0546694621 0.119978659 0.0102
v -0.0544821247 0.120048687 0.01
v -0.0546134077 0.120106161 0.0101000005
v -0.054816857 0.120277092 0.0102
v -0.0546473861 0.120383292 0.01
v -0.0548197031 0.12045715 0.0101000005
v -0.0550260656 0.120544992 0.0102
v -0.05488195 0.12068367 0.01
v -0.05510591 0.120754577 0.0101000005
v -0.05528573 0.120764345 0.0102
v -0.0551730841 0.120929606 0.01
v -0.05544871 0.120974213 0.0101000005
v -0.0555782653 0.1209231 0.0102
v -0.05550109 0.121107608 0.01
v -0.05581723 0.121105105 0.0101000005
v -0.05588363 0.121017292 0.0102
v -0.055843465 0.12121322 0.01
v -0.056183286 0.1210506 0.0102
v -0.05617944 0.12125057 0.01
v -0.0562467277 0.117751218 0.0155000007
v -0.0562467277 0.117751218 0.0102
v -0.05654638 0.11778453 0.0102
v -0.05659005 0.117794104 0.0128500005
v -0.05654638 0.11778453 0.0155000007
v -0.0568517447 0.11787872 0.0102
v -0.0568517447 0.11787872 0.0155000007
v -0.0569375157 0.117917515 0.0128500005
v -0.0571442842 0.118037485 0.0102
v -0.0571442842 0.118037485 0.0155000007
v -0.0572607219 0.118124604 0.0128500005
v -0.0574039444 0.11825683 0.0102
v -0.0574039444 0.11825683 0.0155000007
v -0.05753058 0.118405029 0.0128500005
v -0.057613153 0.118524738 0.0102
v -0.057613153 0.118524738 0.0155000007
v -0.0577250868 0.118735962 0.0128500005
v -0.05776055 0.118823163 0.0102
v -0.05776055 0.118823163 0.0155000007
v -0.05783505 0.11908792 0.0128500005
v -0.0578429326 0.119131923 0.0102
v -0.0578647 0.119432636 0.0128500005
v -0.0578429326 0.119131923 0.0155000007
v -0.0578647 0.119432636 0.0102
v -0.0578647 0.119432636 0.0155000007
v -0.057831388 0.119732291 0.0102
v -0.057831388 0.119732291 0.0155000007
v -0.0578218177 0.119775958 0.0128500005
v -0.057737194 0.120037653 0.0102
v -0.057737194 0.120037653 0.0155000007
v -0.057737194 0.120037653 0.0128500005
v -0.0576050058 0.120289952 0.0128500005
v -0.057578437 0.120330192 0.0102
v -0.057578437 0.120330192 0.0155000007
v -0.0574273765 0.120520137 0.0128500005
v -0.0573590845 0.120589852 0.0102
v -0.0573590845 0.120589852 0.0155000007
v -0.057210885 0.120716482 0.0128500005
v -0.057091184 0.120799065 0.0102
v -0.057091184 0.120799065 0.0155000007
v -0.05696585 0.120870173 0.0128500005
v -0.05679276 0.120946452 0.0102
v -0.05679276 0.120946452 0.0155000007
v -0.0567047223 0.12097656 0.0128500005
v -0.0564839952 0.121028841 0.0102
v -0.0564839952 0.121028841 0.0155000007
v -0.0564401671 0.121035472 0.0128500005
v -0.056183286 0.1210506 0.0102
v -0.056183286 0.1210506 0.0155000007
v -0.05588363 0.121017292 0.0102
v -0.0558399633 0.121007726 0.0128500005
v -0.05588363 0.121017292 0.0155000007
v -0.0555782653 0.1209231 0.0102
v -0.0555782653 0.1209231 0.0155000007
v -0.0554924943 0.120884314 0.0128500005
v -0.05528573 0.120764345 0.0102
v -0.05528573 0.120764345 0.0155000007
v -0.05516929 0.120677225 0.0128500005
v -0.0550260656 0.120544992 0.0102
v -0.0550260656 0.120544992 0.0155000007
v -0.05489943 0.120396793 0.0128500005
v -0.054816857 0.120277092 0.0102
v -0.054816857 0.120277092 0.0155000007
v -0.0547049269 0.12006586 0.0128500005
v -0.0546694621 0.119978659 0.0102
v -0.0546694621 0.119978659 0.0155000007
v -0.0545949638 0.11971391 0.0128500005
v -0.05458708 0.1196699 0.0102
v -0.05456531 0.119369194 0.0128500005
v -0.05458708 0.1196699 0.0155000007
v -0.05456531 0.119369194 0.0102
v -0.05456531 0.119369194 0.0155000007
v -0.054598622 0.119069539 0.0102
v -0.054598622 0.119069539 0.0155000007
v -0.054608196 0.119025871 0.0128500005
v -0.0546928123 0.118764177 0.0102
v -0.0546928123 0.118764177 0.0155000007
v -0.0546928123 0.118764177 0.0128500005
v -0.0548250079 0.118511871 0.0128500005
v -0.0548515767 0.11847163 0.0102
v -0.0548515767 0.11847163 0.0155000007
v -0.0550026335 0.118281692 0.0128500005
v -0.0550709255 0.11821197 0.0102
v -0.0550709255 0.11821197 0.0155000007
v -0.05521913 0.11808534 0.0128500005
v -0.05533883 0.118002765 0.0102
v -0.05533883 0.118002765 0.0155000007
v -0.0554641634 0.117931649 0.0128500005
v -0.0556372553 0.11785537 0.0102
v -0.0556372553 0.11785537 0.0155000007
v -0.0557252839 0.117825262 0.0128500005
v -0.0559460148 0.117772982 0.0102
v -0.0559460148 0.117772982 0.0155000007
v -0.0559898466 0.117766351 0.0128500005
v -0.0562467277 0.117751218 0.0102
v -0.0562467277 0.117751218 0.0155000007
v -0.03227701 0.06393044 0.0155000007
v -0.0322674 0.064430356 0.016
v -0.03581292 0.0646583438 0.016
v -0.0363576636 0.06447 0.01575
v -0.0358674154 0.0641613156 0.0155000007
v -0.0394409336 0.06522785 0.016
v -0.03954135 0.0647380352 0.0155000007
v -0.0405431464 0.06521351 0.01575
v -0.0431048274 0.06616376 0.016
v -0.0432516225 0.0656858 0.0155000007
v -0.0447563231 0.0664458 0.01575
v -0.0467511341 0.06748273 0.016
v -0.0469440855 0.06702146 0.0155000007
v -0.0489139371 0.0681865662 0.01575
v -0.050321348 0.0691911 0.016
v -0.05055949 0.0687514544 0.0155000007
v -0.0529258065 0.0704366341 0.01575
v -0.0537544042 0.0712833852 0.016
v -0.0540360026 0.07087022 0.0155000007
v -0.05670031 0.07317553 0.01575
v -0.0569897369 0.07374141 0.016
v -0.06015068 0.07636112 0.01575
v -0.05731229 0.07335936 0.0155000007
v -0.0599705353 0.076534465 0.016
v -0.0603308156 0.07618778 0.0155000007
v -0.06264693 0.0796204358 0.016
v -0.0630411059 0.07931281 0.0155000007
v -0.06320128 0.07993141 0.01575
v -0.06497876 0.08294787 0.016
v -0.06540245 0.08268236 0.0155000007
v -0.06579304 0.08380841 0.01575
v -0.06693753 0.0864588246 0.016
v -0.067386 0.08623776 0.0155000007
v -0.06788722 0.08790381 0.01575
v -0.06850739 0.09009208 0.016
v -0.06897573 0.089917 0.0155000007
v -0.06946686 0.0921252742 0.01575
v -0.0696852 0.0937863961 0.016
v -0.07016845 0.09365808 0.0155000007
v -0.07053627 0.09638271 0.01575
v -0.07047957 0.09748356 0.016
v -0.07097288 0.09740204 0.0155000007
v -0.071118325 0.100593686 0.01575
v -0.07090919 0.101130784 0.016
v -0.07125066 0.104687251 0.01575
v -0.071407944 0.101095438 0.0155000007
v -0.0710007 0.104682446 0.016
v -0.0715006143 0.104692064 0.0155000007
v -0.0707727149 0.108227968 0.016
v -0.0712697357 0.108282462 0.0155000007
v -0.07096106 0.10877271 0.01575
v -0.07020321 0.111855984 0.016
v -0.07069302 0.1119564 0.0155000007
v -0.07021755 0.112958193 0.01575
v -0.06926729 0.115519874 0.016
v -0.06974526 0.115666673 0.0155000007
v -0.06934053 0.116119884 0.01575
v -0.06794833 0.119166188 0.016
v -0.0684096 0.119359136 0.0155000007
v -0.06817895 0.119262666 0.01575
v -0.06672929 0.122349218 0.01575
v -0.06623995 0.122736394 0.016
v -0.0666796 0.122974545 0.0155000007
v -0.0649944246 0.125340849 0.01575
v -0.0641476661 0.126169458 0.016
v -0.06456083 0.126451045 0.0155000007
v -0.06298414 0.128198877 0.01575
v -0.0616896451 0.129404783 0.016
v -0.0620716922 0.129727334 0.0155000007
v -0.060715124 0.130886123 0.01575
v -0.0588965863 0.132385582 0.016
v -0.0592432767 0.132745862 0.0155000007
v -0.05821062 0.133368477 0.01575
v -0.0558106229 0.135061979 0.016
v -0.0561182462 0.135456145 0.0155000007
v -0.05549965 0.135616332 0.01575
v -0.0524831861 0.137393817 0.016
v -0.05274869 0.1378175 0.0155000007
v -0.0526159368 0.137605652 0.01575
v -0.04959649 0.139318943 0.01575
v -0.0489722267 0.139352575 0.016
v -0.0491932966 0.139801055 0.0155000007
v -0.04648009 0.1407456 0.01575
v -0.04533898 0.140922427 0.016
v -0.0455140546 0.141390786 0.0155000007
v -0.0433057845 0.141881913 0.01575
v -0.0416446626 0.142100245 0.016
v -0.0417729728 0.1425835 0.0155000007
v -0.0401113965 0.142730847 0.01575
v -0.0379475 0.142894626 0.016
v -0.03802901 0.143387929 0.0155000007
v -0.036932312 0.143301219 0.01575
v -0.0343002751 0.143324241 0.016
v -0.034335617 0.143823 0.0155000007
v -0.0338004939 0.1436069 0.01575
v -0.0307486057 0.143415749 0.016
v -0.0307389945 0.143915668 0.0155000007
v -0.027203083 0.143187761 0.016
v -0.0266583413 0.143376112 0.01575
v -0.0271485914 0.14368479 0.0155000007
v -0.0235750712 0.142618254 0.016
v -0.0234746542 0.14310807 0.0155000007
v -0.0224728584 0.1426326 0.01575
v -0.0199111775 0.141682342 0.016
v -0.0197643824 0.1421603 0.0155000007
v -0.01825968 0.1414003 0.01575
v -0.0162648689 0.140363365 0.016
v -0.01607192 0.140824646 0.0155000007
v -0.0141020678 0.139659539 0.01575
v -0.0126946587 0.138655 0.016
v -0.0124565139 0.139094651 0.0155000007
v -0.0100901984 0.137409478 0.01575
v -0.009261599 0.13656272 0.016
v -0.008980002 0.136975884 0.0155000007
v -0.00631569326 0.134670585 0.01575
v -0.006026266 0.1341047 0.016
v -0.00286532566 0.131484985 0.01575
v -0.00570371374 0.134486735 0.0155000007
v -0.00304546952 0.13131164 0.016
v -0.00268518738 0.131658331 0.0155000007
v -0.0003690701 0.128225669 0.016
v 2.509728E-05 0.1285333 0.0155000007
v 0.000185269862 0.1279147 0.01575
v 0.00196276233 0.124898233 0.016
v 0.00238644332 0.125163734 0.0155000007
v 0.00277703628 0.1240377 0.01575
v 0.00392152369 0.121387281 0.016
v 0.00437 0.121608347 0.0155000007
v 0.004871208 0.119942293 0.01575
v 0.00549137965 0.117754027 0.016
v 0.005959727 0.117929108 0.0155000007
v 0.00645085424 0.115720831 0.01575
v 0.00666919351 0.114059709 0.016
v 0.00715244934 0.114188023 0.0155000007
v 0.0075202696 0.1114634 0.01575
v 0.007463567 0.110362545 0.016
v 0.007956877 0.110444061 0.0155000007
v 0.008102324 0.107252419 0.01575
v 0.007893182 0.106715322 0.016
v 0.008234654 0.103158854 0.01575
v 0.008391935 0.106750667 0.0155000007
v 0.007984698 0.10316366 0.016
v 0.008484609 0.103154041 0.0155000007
v 0.00775671 0.09961814 0.016
v 0.008253735 0.09956364 0.0155000007
v 0.00794505 0.0990733951 0.01575
v 0.00718720257 0.09599012 0.016
v 0.00767701864 0.0958897 0.0155000007
v 0.007201541 0.09488791 0.01575
v 0.006251283 0.09232623 0.016
v 0.006729249 0.09217943 0.0155000007
v 0.006324522 0.09172622 0.01575
v 0.004932318 0.08867992 0.016
v 0.0053935945 0.08848697 0.0155000007
v 0.00516295061 0.08858344 0.01575
v 0.00371329114 0.08549689 0.01575
v 0.00322394818 0.08510971 0.016
v 0.00366359577 0.08487156 0.0155000007
v 0.001978416 0.08250525 0.01575
v 0.001131665 0.08167665 0.016
v 0.00154482573 0.08139505 0.0155000007
v -3.18661332E-05 0.07964723 0.01575
v -0.00132636167 0.0784413144 0.016
v -0.000944312662 0.0781187639 0.0155000007
v -0.00230088271 0.07695998 0.01575
v -0.00411941856 0.07546052 0.016
v -0.00377273 0.0751002356 0.0155000007
v -0.004805388 0.07447763 0.01575
v -0.007205384 0.07278412 0.016
v -0.00689775869 0.07238996 0.0155000007
v -0.00751635432 0.07222978 0.01575
v -0.0105328206 0.07045229 0.016
v -0.0102673136 0.0700286 0.0155000007
v -0.010400068 0.07024045 0.01575
v -0.0134195164 0.0685271546 0.01575
v -0.0140437763 0.06849353 0.016
v -0.0138227083 0.06804505 0.0155000007
v -0.0165359136 0.06710051 0.01575
v -0.017677024 0.06692367 0.016
v -0.01750195 0.06645532 0.0155000007
v -0.0197102223 0.06596419 0.01575
v -0.0213713422 0.06574586 0.016
v -0.0212430321 0.0652626 0.0155000007
v -0.0229046084 0.06511526 0.01575
v -0.0250685066 0.06495148 0.016
v -0.0249869935 0.06445818 0.0155000007
v -0.0260836929 0.06454489 0.01575
v -0.0287157316 0.0645218641 0.016
v -0.028680386 0.0640231147 0.0155000007
v -0.02921551 0.06423921 0.01575
v -0.0322674 0.064430356 0.016
v -0.03227701 0.06393044 0.0155000007
v -0.03227701 0.06393044 0.0145000005
v -0.03227701 0.06393044 0.0155000007
v -0.0358674154 0.0641613156 0.0155000007
v -0.0363881662 0.0642218739 0.0150000006
v -0.0358674154 0.0641613156 0.0145000005
v -0.03954135 0.0647380352 0.0155000007
v -0.03954135 0.0647380352 0.0145000005
v -0.040599972 0.06497005 0.0150000006
v -0.0432516225 0.0656858 0.0155000007
v -0.0432516225 0.0656858 0.0145000005
v -0.04483965 0.06621009 0.0150000006
v -0.0469440855 0.06702146 0.0155000007
v -0.0469440855 0.06702146 0.0145000005
v -0.04902341 0.06796181 0.0150000006
v -0.05055949 0.0687514544 0.0155000007
v -0.05055949 0.0687514544 0.0145000005
v -0.05306051 0.07022603 0.0150000006
v -0.0540360026 0.07087022 0.0155000007
v -0.0540360026 0.07087022 0.0145000005
v -0.0568587519 0.07298215 0.0150000006
v -0.05731229 0.07335936 0.0155000007
v -0.0603308156 0.07618778 0.0150000006
v -0.05731229 0.07335936 0.0145000005
v -0.0603308156 0.07618778 0.0155000007
v -0.0603308156 0.07618778 0.0145000005
v -0.0630411059 0.07931281 0.0155000007
v -0.0630411059 0.07931281 0.0145000005
v -0.06340061 0.07978052 0.0150000006
v -0.06540245 0.08268236 0.0155000007
v -0.06540245 0.08268236 0.0145000005
v -0.06600867 0.0836819038 0.0150000006
v -0.067386 0.08623776 0.0155000007
v -0.067386 0.08623776 0.0145000005
v -0.06811601 0.0878030658 0.0150000006
v -0.06897573 0.089917 0.0155000007
v -0.06897573 0.089917 0.0145000005
v -0.0697056055 0.0920510739 0.0150000006
v -0.07016845 0.09365808 0.0155000007
v -0.07016845 0.09365808 0.0145000005
v -0.07078174 0.0963352844 0.0150000006
v -0.07097288 0.09740204 0.0155000007
v -0.07097288 0.09740204 0.0145000005
v -0.07136745 0.100572743 0.0150000006
v -0.071407944 0.101095438 0.0155000007
v -0.0715006143 0.104692064 0.0150000006
v -0.071407944 0.101095438 0.0145000005
v -0.0715006143 0.104692064 0.0155000007
v -0.0715006143 0.104692064 0.0145000005
v -0.0712697357 0.108282462 0.0155000007
v -0.0712697357 0.108282462 0.0145000005
v -0.0712091848 0.108803213 0.0150000006
v -0.07069302 0.1119564 0.0155000007
v -0.07069302 0.1119564 0.0145000005
v -0.070461005 0.113015018 0.0150000006
v -0.06974526 0.115666673 0.0155000007
v -0.06974526 0.115666673 0.0145000005
v -0.06957847 0.116196595 0.0150000006
v -0.0684096 0.119359136 0.0155000007
v -0.0684096 0.119359136 0.0145000005
v -0.0684096 0.119359136 0.0150000006
v -0.06695081 0.122465104 0.0150000006
v -0.0666796 0.122974545 0.0155000007
v -0.0666796 0.122974545 0.0145000005
v -0.06520503 0.125475556 0.0150000006
v -0.06456083 0.126451045 0.0155000007
v -0.06456083 0.126451045 0.0145000005
v -0.0631821 0.128351554 0.0150000006
v -0.0620716922 0.129727334 0.0155000007
v -0.0620716922 0.129727334 0.0145000005
v -0.06089881 0.1310557 0.0150000006
v -0.0592432767 0.132745862 0.0155000007
v -0.0592432767 0.132745862 0.0145000005
v -0.0583785549 0.133553669 0.0150000006
v -0.0561182462 0.135456145 0.0155000007
v -0.0561182462 0.135456145 0.0145000005
v -0.05565054 0.13581565 0.0150000006
v -0.05274869 0.1378175 0.0155000007
v -0.05274869 0.1378175 0.0145000005
v -0.05274869 0.1378175 0.0150000006
v -0.04971025 0.139541566 0.0150000006
v -0.0491932966 0.139801055 0.0155000007
v -0.0491932966 0.139801055 0.0145000005
v -0.0465742573 0.140977174 0.0150000006
v -0.0455140546 0.141390786 0.0155000007
v -0.0455140546 0.141390786 0.0145000005
v -0.0433799848 0.142120659 0.0150000006
v -0.0417729728 0.1425835 0.0155000007
v -0.0417729728 0.1425835 0.0145000005
v -0.0401655063 0.142974913 0.0150000006
v -0.03802901 0.143387929 0.0155000007
v -0.03802901 0.143387929 0.0145000005
v -0.03696643 0.143548876 0.0150000006
v -0.034335617 0.143823 0.0155000007
v -0.034335617 0.143823 0.0145000005
v -0.0338149145 0.143856481 0.0150000006
v -0.0307389945 0.143915668 0.0155000007
v -0.0307389945 0.143915668 0.0145000005
v -0.0271485914 0.14368479 0.0155000007
v -0.02662784 0.143624231 0.0150000006
v -0.0271485914 0.14368479 0.0145000005
v -0.0234746542 0.14310807 0.0155000007
v -0.0234746542 0.14310807 0.0145000005
v -0.0224160329 0.142876059 0.0150000006
v -0.0197643824 0.1421603 0.0155000007
v -0.0197643824 0.1421603 0.0145000005
v -0.0181763545 0.141636014 0.0150000006
v -0.01607192 0.140824646 0.0155000007
v -0.01607192 0.140824646 0.0145000005
v -0.0139925964 0.1398843 0.0150000006
v -0.0124565139 0.139094651 0.0155000007
v -0.0124565139 0.139094651 0.0145000005
v -0.009955497 0.137620077 0.0150000006
v -0.008980002 0.136975884 0.0155000007
v -0.008980002 0.136975884 0.0145000005
v -0.006157253 0.134863958 0.0150000006
v -0.00570371374 0.134486735 0.0155000007
v -0.00268518738 0.131658331 0.0150000006
v -0.00570371374 0.134486735 0.0145000005
v -0.00268518738 0.131658331 0.0155000007
v -0.00268518738 0.131658331 0.0145000005
v 2.509728E-05 0.1285333 0.0155000007
v 2.509728E-05 0.1285333 0.0145000005
v 0.0003846027 0.128065586 0.0150000006
v 0.00238644332 0.125163734 0.0155000007
v 0.00238644332 0.125163734 0.0145000005
v 0.00299266726 0.1241642 0.0150000006
v 0.00437 0.121608347 0.0155000007
v 0.00437 0.121608347 0.0145000005
v 0.005100008 0.120043039 0.0150000006
v 0.005959727 0.117929108 0.0155000007
v 0.005959727 0.117929108 0.0145000005
v 0.00668960065 0.115795031 0.0150000006
v 0.00715244934 0.114188023 0.0155000007
v 0.00715244934 0.114188023 0.0145000005
v 0.00776573271 0.111510821 0.0150000006
v 0.007956877 0.110444061 0.0155000007
v 0.007956877 0.110444061 0.0145000005
v 0.008351445 0.107273363 0.0150000006
v 0.008391935 0.106750667 0.0155000007
v 0.008484609 0.103154041 0.0150000006
v 0.008391935 0.106750667 0.0145000005
v 0.008484609 0.103154041 0.0155000007
v 0.008484609 0.103154041 0.0145000005
v 0.008253735 0.09956364 0.0155000007
v 0.008253735 0.09956364 0.0145000005
v 0.00819318 0.09904289 0.0150000006
v 0.00767701864 0.0958897 0.0155000007
v 0.00767701864 0.0958897 0.0145000005
v 0.007445 0.09483109 0.0150000006
v 0.006729249 0.09217943 0.0155000007
v 0.006729249 0.09217943 0.0145000005
v 0.006562464 0.09164951 0.0150000006
v 0.0053935945 0.08848697 0.0155000007
v 0.0053935945 0.08848697 0.0145000005
v 0.0053935945 0.08848697 0.0150000006
v 0.00393480435 0.085381 0.0150000006
v 0.00366359577 0.08487156 0.0155000007
v 0.00366359577 0.08487156 0.0145000005
v 0.00218902528 0.08237055 0.0150000006
v 0.00154482573 0.08139505 0.0155000007
v 0.00154482573 0.08139505 0.0145000005
v 0.0001660958 0.07949455 0.0150000006
v -0.000944312662 0.0781187639 0.0155000007
v -0.000944312662 0.0781187639 0.0145000005
v -0.00211719237 0.07679041 0.0150000006
v -0.00377273 0.0751002356 0.0155000007
v -0.00377273 0.0751002356 0.0145000005
v -0.004637448 0.0742924362 0.0150000006
v -0.00689775869 0.07238996 0.0155000007
v -0.00689775869 0.07238996 0.0145000005
v -0.007365465 0.0720304549 0.0150000006
v -0.0102673136 0.0700286 0.0155000007
v -0.0102673136 0.0700286 0.0145000005
v -0.0102673136 0.0700286 0.0150000006
v -0.0133057553 0.06830454 0.0150000006
v -0.0138227083 0.06804505 0.0155000007
v -0.0138227083 0.06804505 0.0145000005
v -0.0164417475 0.06686893 0.0150000006
v -0.01750195 0.06645532 0.0155000007
v -0.01750195 0.06645532 0.0145000005
v -0.01963602 0.0657254457 0.0150000006
v -0.0212430321 0.0652626 0.0155000007
v -0.0212430321 0.0652626 0.0145000005
v -0.0228504986 0.06487119 0.0150000006
v -0.0249869935 0.06445818 0.0155000007
v -0.0249869935 0.06445818 0.0145000005
v -0.0260495786 0.06429723 0.0150000006
v -0.028680386 0.0640231147 0.0155000007
v -0.028680386 0.0640231147 0.0145000005
v -0.0292010922 0.0639896244 0.0150000006
v -0.03227701 0.06393044 0.0155000007
v -0.03227701 0.06393044 0.0145000005
v -0.00676927529 0.09009489 0.0155000007
v -0.006469626 0.0900615752 0.0155000007
v -0.006759664 0.0905948 0.016
v -0.006167747 0.09023656 0.01575
v -0.00616425835 0.0899673849 0.0155000007
v -0.00636920333 0.0905513838 0.016
v -0.005971309 0.09042865 0.016
v -0.00587171875 0.08980862 0.0155000007
v -0.00559011847 0.090221785 0.016
v -0.005596835 0.08991489 0.01575
v -0.00561206043 0.0895892754 0.0155000007
v -0.00516221672 0.08940665 0.01575
v -0.0052517727 0.0899359658 0.016
v -0.005402852 0.08932137 0.0155000007
v -0.004979171 0.0895868838 0.016
v -0.005255455 0.08902294 0.0155000007
v -0.004787108 0.0891980156 0.016
v -0.00493549742 0.0888056159 0.01575
v -0.005173072 0.08871418 0.0155000007
v -0.00490134768 0.0884086639 0.01575
v -0.004679762 0.0887957 0.016
v -0.00515130535 0.08841347 0.0155000007
v -0.00465139933 0.08840386 0.016
v -0.005184617 0.0881138146 0.0155000007
v -0.00469480455 0.0880133957 0.016
v -0.004950732 0.08801332 0.01575
v -0.005278809 0.08780845 0.0155000007
v -0.004817538 0.0876155049 0.016
v -0.0050928425 0.08761321 0.01575
v -0.005437568 0.08751591 0.0155000007
v -0.005024407 0.08723431 0.016
v -0.005331306 0.08724103 0.01575
v -0.00565692037 0.08725625 0.0155000007
v -0.005310228 0.086895965 0.016
v -0.005654225 0.0869303 0.01575
v -0.005924821 0.08704704 0.0155000007
v -0.005659312 0.08662336 0.016
v -0.006035298 0.08670632 0.01575
v -0.00622324832 0.08689965 0.0155000007
v -0.00604817271 0.0864313 0.016
v -0.00644058175 0.08657969 0.01575
v -0.00653200969 0.0868172646 0.0155000007
v -0.006450493 0.08632396 0.016
v -0.006832719 0.0867955 0.0155000007
v -0.006842332 0.08629559 0.016
v -0.00619252026 0.120089345 0.0155000007
v -0.005892869 0.120056033 0.0155000007
v -0.006182907 0.120589256 0.016
v -0.00559099 0.120231017 0.01575
v -0.00558750145 0.119961843 0.0155000007
v -0.00579244643 0.120545849 0.016
v -0.005394552 0.120423108 0.016
v -0.00529496372 0.119803086 0.0155000007
v -0.00501336157 0.120216243 0.016
v -0.00502008 0.119909346 0.01575
v -0.00503530353 0.119583733 0.0155000007
v -0.00458546 0.119401105 0.01575
v -0.00467501767 0.119930424 0.016
v -0.004826095 0.119315825 0.0155000007
v -0.004402414 0.119581342 0.016
v -0.00467869826 0.1190174 0.0155000007
v -0.004210353 0.119192481 0.016
v -0.00435874239 0.118800074 0.01575
v -0.00459631532 0.11870864 0.0155000007
v -0.004324591 0.118403122 0.01575
v -0.004103005 0.118790157 0.016
v -0.00457454845 0.118407927 0.0155000007
v -0.00407464243 0.118398316 0.016
v -0.00460786 0.118108273 0.0155000007
v -0.00411804765 0.118007861 0.016
v -0.004373977 0.118007779 0.01575
v -0.004702052 0.117802911 0.0155000007
v -0.004240783 0.117609963 0.016
v -0.00451608561 0.117607668 0.01575
v -0.004860811 0.117510371 0.0155000007
v -0.00444765 0.117228769 0.016
v -0.004754549 0.117235489 0.01575
v -0.00508016348 0.117250711 0.0155000007
v -0.004733473 0.116890423 0.016
v -0.00507747 0.116924755 0.01575
v -0.005348066 0.117041506 0.0155000007
v -0.005082555 0.116617829 0.016
v -0.005458543 0.116700768 0.01575
v -0.00564649142 0.116894111 0.0155000007
v -0.005471416 0.11642576 0.016
v -0.00586382672 0.116574146 0.01575
v -0.005955253 0.116811723 0.0155000007
v -0.005873736 0.116318412 0.016
v -0.006255964 0.116789959 0.0155000007
v -0.006265575 0.116290048 0.016
v -0.056183286 0.1210506 0.0155000007
v -0.05588363 0.121017292 0.0155000007
v -0.0561736748 0.121550515 0.016
v -0.0555817522 0.121192276 0.01575
v -0.0555782653 0.1209231 0.0155000007
v -0.0557832122 0.121507108 0.016
v -0.0553853139 0.121384375 0.016
v -0.05528573 0.120764345 0.0155000007
v -0.0550041273 0.1211775 0.016
v -0.0550108477 0.120870605 0.01575
v -0.0550260656 0.120544992 0.0155000007
v -0.05457622 0.120362371 0.01575
v -0.05466578 0.120891683 0.016
v -0.054816857 0.120277092 0.0155000007
v -0.05439318 0.1205426 0.016
v -0.0546694621 0.119978659 0.0155000007
v -0.05420112 0.12015374 0.016
v -0.0543495044 0.119761333 0.01575
v -0.05458708 0.1196699 0.0155000007
v -0.05431536 0.119364381 0.01575
v -0.054093767 0.119751416 0.016
v -0.05456531 0.119369194 0.0155000007
v -0.0540654063 0.119359575 0.016
v -0.054598622 0.119069539 0.0155000007
v -0.05410881 0.11896912 0.016
v -0.05436474 0.118969046 0.01575
v -0.0546928123 0.118764177 0.0155000007
v -0.0542315468 0.118571222 0.016
v -0.05450685 0.118568927 0.01575
v -0.0548515767 0.11847163 0.0155000007
v -0.0544384122 0.118190035 0.016
v -0.0547453128 0.118196756 0.01575
v -0.0550709255 0.11821197 0.0155000007
v -0.0547242351 0.117851689 0.016
v -0.0550682358 0.117886014 0.01575
v -0.05533883 0.118002765 0.0155000007
v -0.05507332 0.117579088 0.016
v -0.055449307 0.117662027 0.01575
v -0.0556372553 0.11785537 0.0155000007
v -0.0554621778 0.117387019 0.016
v -0.05585459 0.117535412 0.01575
v -0.0559460148 0.117772982 0.0155000007
v -0.0558645 0.117279679 0.016
v -0.0562467277 0.117751218 0.0155000007
v -0.05625634 0.117251307 0.016
v -0.0567600429 0.0910561457 0.0155000007
v -0.056460388 0.0910228342 0.0155000007
v -0.05675043 0.09155606 0.016
v -0.05615851 0.09119782 0.01575
v -0.0561550222 0.0909286439 0.0155000007
v -0.05635997 0.09151265 0.016
v -0.05596207 0.09138992 0.016
v -0.0558624826 0.09076988 0.0155000007
v -0.0555808842 0.091183044 0.016
v -0.0555876 0.09087615 0.01575
v -0.0556028225 0.0905505344 0.0155000007
v -0.05515298 0.0903679058 0.01575
v -0.0552425347 0.0908972248 0.016
v -0.0553936139 0.0902826339 0.0155000007
v -0.0549699366 0.09054814 0.016
v -0.05524622 0.0899842 0.0155000007
v -0.05477787 0.09015928 0.016
v -0.05492626 0.0897668749 0.01575
v -0.055163838 0.08967544 0.0155000007
v -0.0548921153 0.08936992 0.01575
v -0.0546705239 0.08975696 0.016
v -0.0551420674 0.089374736 0.0155000007
v -0.0546421632 0.08936512 0.016
v -0.05517538 0.08907508 0.0155000007
v -0.0546855666 0.08897466 0.016
v -0.054941494 0.08897459 0.01575
v -0.05526957 0.08876972 0.0155000007
v -0.0548083037 0.0885767639 0.016
v -0.0550836064 0.08857447 0.01575
v -0.0554283336 0.08847718 0.0155000007
v -0.05501517 0.08819557 0.016
v -0.05532207 0.08820229 0.01575
v -0.0556476824 0.08821751 0.0155000007
v -0.05530099 0.087857224 0.016
v -0.05564499 0.08789156 0.01575
v -0.0559155867 0.08800831 0.0155000007
v -0.0556500778 0.08758463 0.016
v -0.0560260639 0.08766758 0.01575
v -0.0562140122 0.08786091 0.0155000007
v -0.0560389347 0.08739256 0.016
v -0.0564313456 0.0875409544 0.01575
v -0.05652277 0.08777852 0.0155000007
v -0.05644126 0.08728522 0.016
v -0.0568234846 0.08775676 0.0155000007
v -0.0568330958 0.08725685 0.016
v -0.032190498 0.0684296042 0.014
v -0.032180883 0.06892952 0.0135
v -0.02903384 0.0690106 0.0135
v -0.0285555422 0.06879692 0.0137500009
v -0.0289984941 0.06851186 0.014
v -0.02580212 0.06939129 0.0135
v -0.0257206075 0.06889797 0.014
v -0.0248212852 0.06931308 0.0137500009
v -0.0225261524 0.07009515 0.0135
v -0.02239784 0.06961189 0.014
v -0.0210458189 0.0702614263 0.0137500009
v -0.0192527063 0.0711387843 0.0135
v -0.0190776289 0.07067044 0.014
v -0.01730226 0.07166225 0.0137500009
v -0.01603337 0.07252981 0.0135
v -0.0158123076 0.07208133 0.014
v -0.0136704929 0.0735193342 0.0137500009
v -0.0129223987 0.07426541 0.0135
v -0.0126568917 0.0738417357 0.014
v -0.0102323908 0.07581769 0.0137500009
v -0.009974036 0.0763316 0.0135
v -0.007066291 0.07852294 0.0137500009
v -0.009666411 0.07593743 0.014
v -0.007239638 0.07870309 0.0135
v -0.00689294562 0.0783428 0.014
v -0.0047647804 0.0813443 0.0135
v -0.00438273139 0.08102175 0.014
v -0.004241325 0.0815827 0.0137500009
v -0.00258677825 0.08421105 0.0135
v -0.00217361934 0.08392945 0.014
v -0.00181249529 0.08492991 0.0137500009
v -0.000732857734 0.0872530043 0.0135
v -0.000293210149 0.087014854 0.014
v 0.000182840973 0.0884876 0.0137500009
v 0.000780895352 0.0904164761 0.0135
v 0.0012421608 0.09022353 0.014
v 0.00172654167 0.09217454 0.0137500009
v 0.00194959715 0.09364738 0.0135
v 0.002427563 0.09350059 0.014
v 0.0028193295 0.09591076 0.0137500009
v 0.002778884 0.09689388 0.0135
v 0.0032687 0.09679346 0.014
v 0.003478665 0.0996224061 0.0137500009
v 0.003283523 0.100108564 0.0135
v 0.00373549014 0.103245363 0.0137500009
v 0.00378054 0.100054078 0.014
v 0.00348553061 0.103250168 0.0135
v 0.003985442 0.103240557 0.014
v 0.003404446 0.106397219 0.0135
v 0.00390319154 0.106432565 0.014
v 0.00361813232 0.106875516 0.0137500009
v 0.00302376226 0.109628931 0.0135
v 0.00351708 0.109710447 0.014
v 0.00310197473 0.11060977 0.0137500009
v 0.00231989846 0.112904906 0.0135
v 0.00280315429 0.113033213 0.014
v 0.00243260339 0.113441356 0.0137500009
v 0.0012762621 0.116178349 0.0135
v 0.0017446056 0.116353422 0.014
v 0.00151043013 0.116265886 0.0137500009
v 0.000331055373 0.119050421 0.0137500009
v -0.000114753842 0.119397685 0.0135
v 0.000333722681 0.119618744 0.014
v -0.0011042878 0.121760562 0.0137500009
v -0.00185036287 0.12250866 0.0135
v -0.00142668374 0.122774161 0.014
v -0.00278824568 0.124361694 0.0137500009
v -0.0039165467 0.125457019 0.0135
v -0.00352237932 0.125764638 0.014
v -0.00470729 0.126820311 0.0137500009
v -0.00628803857 0.128191411 0.0135
v -0.0059277527 0.1285381 0.014
v -0.00684200041 0.1291054 0.0137500009
v -0.008929249 0.130666271 0.0135
v -0.0086066965 0.131048322 0.014
v -0.009167654 0.131189734 0.0137500009
v -0.0117960013 0.132844269 0.0135
v -0.0115144011 0.133257434 0.014
v -0.0116552 0.133050859 0.0137500009
v -0.0142724365 0.134672 0.0137500009
v -0.0148379505 0.1346982 0.0135
v -0.0145998076 0.135137841 0.014
v -0.0169853531 0.136042446 0.0137500009
v -0.01800143 0.136211947 0.0135
v -0.0178084783 0.136673212 0.014
v -0.0197594874 0.137157589 0.0137500009
v -0.0212323349 0.13738066 0.0135
v -0.02108554 0.137858614 0.014
v -0.0225612111 0.138018757 0.0137500009
v -0.0244788229 0.138209939 0.0135
v -0.0243784077 0.138699755 0.014
v -0.02535887 0.138632566 0.0137500009
v -0.0276935175 0.138714582 0.0135
v -0.027639024 0.1392116 0.014
v -0.02812367 0.139010221 0.0137500009
v -0.03083512 0.138916582 0.0135
v -0.0308255069 0.1394165 0.014
v -0.0339821652 0.1388355 0.0135
v -0.0344604626 0.139049187 0.0137500009
v -0.03401751 0.139334247 0.014
v -0.0372138843 0.138454825 0.0135
v -0.0372953974 0.138948143 0.014
v -0.03819472 0.138533026 0.0137500009
v -0.0404898524 0.137750953 0.0135
v -0.0406181663 0.138234213 0.014
v -0.0419701859 0.137584686 0.0137500009
v -0.0437633 0.136707321 0.0135
v -0.043938376 0.137175664 0.014
v -0.0457137451 0.136183858 0.0137500009
v -0.0469826348 0.1353163 0.0135
v -0.0472036973 0.135764778 0.014
v -0.0493455119 0.134326771 0.0137500009
v -0.0500936061 0.133580685 0.0135
v -0.050359115 0.134004369 0.014
v -0.0527836159 0.132028416 0.0137500009
v -0.05304197 0.1315145 0.0135
v -0.055949714 0.129323155 0.0137500009
v -0.05334959 0.13190867 0.014
v -0.0557763651 0.129143015 0.0135
v -0.05612306 0.12950331 0.014
v -0.0582512245 0.1265018 0.0135
v -0.0586332753 0.126824364 0.014
v -0.05877468 0.1262634 0.0137500009
v -0.0604292266 0.123635054 0.0135
v -0.0608423874 0.123916656 0.014
v -0.06120351 0.122916192 0.0137500009
v -0.0622831471 0.1205931 0.0135
v -0.0627227947 0.120831251 0.014
v -0.06319885 0.1193585 0.0137500009
v -0.0637969 0.117429629 0.0135
v -0.0642581657 0.117622577 0.014
v -0.06474255 0.115671568 0.0137500009
v -0.0649656057 0.114198722 0.0135
v -0.06544357 0.114345513 0.014
v -0.0658353344 0.111935347 0.0137500009
v -0.0657948852 0.110952228 0.0135
v -0.0662847 0.111052647 0.014
v -0.06649467 0.1082237 0.0137500009
v -0.06629953 0.107737541 0.0135
v -0.066751495 0.104600742 0.0137500009
v -0.06679654 0.107792027 0.014
v -0.0665015355 0.104595937 0.0135
v -0.06700145 0.104605548 0.014
v -0.06642045 0.101448886 0.0135
v -0.06691919 0.101413541 0.014
v -0.06663413 0.100970589 0.0137500009
v -0.06603977 0.0982171744 0.0135
v -0.06653309 0.09813566 0.014
v -0.06611798 0.0972363353 0.0137500009
v -0.0653359 0.0949412 0.0135
v -0.06581916 0.09481289 0.014
v -0.06544861 0.09440475 0.0137500009
v -0.06429227 0.09166776 0.0135
v -0.06476061 0.09149268 0.014
v -0.06452644 0.09158022 0.0137500009
v -0.06334706 0.0887956843 0.0137500009
v -0.06290125 0.08844842 0.0135
v -0.0633497238 0.08822736 0.014
v -0.0619117171 0.08608554 0.0137500009
v -0.061165642 0.0853374451 0.0135
v -0.061589323 0.08507194 0.014
v -0.06022776 0.08348441 0.0137500009
v -0.05909946 0.08238909 0.0135
v -0.0594936237 0.08208146 0.014
v -0.0583087131 0.0810257941 0.0137500009
v -0.05672797 0.0796546862 0.0135
v -0.0570882522 0.0793079957 0.014
v -0.0561740026 0.07874069 0.0137500009
v -0.054086756 0.0771798342 0.0135
v -0.05440931 0.07679778 0.014
v -0.05384835 0.07665637 0.0137500009
v -0.0512200035 0.07500183 0.0135
v -0.0515016019 0.07458867 0.014
v -0.0513608046 0.0747952461 0.0137500009
v -0.04874357 0.0731741041 0.0137500009
v -0.0481780544 0.07314791 0.0135
v -0.0484161973 0.072708264 0.014
v -0.04603065 0.07180366 0.0137500009
v -0.0450145751 0.07163416 0.0135
v -0.0452075265 0.07117289 0.014
v -0.0432565175 0.07068851 0.0137500009
v -0.0417836681 0.07046545 0.0135
v -0.0419304669 0.06998749 0.014
v -0.0404547937 0.06982735 0.0137500009
v -0.0385371819 0.0696361661 0.0135
v -0.0386375971 0.06914635 0.014
v -0.0376571342 0.06921353 0.0137500009
v -0.0353224874 0.06913152 0.0135
v -0.03537698 0.06863451 0.014
v -0.0348923355 0.06883589 0.0137500009
v -0.032180883 0.06892952 0.0135
v -0.032190498 0.0684296042 0.014
v -0.03083512 0.138916582 0.0105000008
v -0.03083512 0.138916582 0.0135
v -0.0276935175 0.138714582 0.0135
v -0.02723786 0.1386616 0.012
v -0.0276935175 0.138714582 0.0105000008
v -0.0244788229 0.138209939 0.0135
v -0.0244788229 0.138209939 0.0105000008
v -0.0235525314 0.138006926 0.012
v -0.0212323349 0.13738066 0.0135
v -0.0212323349 0.13738066 0.0105000008
v -0.01984281 0.136921883 0.012
v -0.01800143 0.136211947 0.0135
v -0.01800143 0.136211947 0.0105000008
v -0.016182024 0.135389134 0.012
v -0.0148379505 0.1346982 0.0135
v -0.0148379505 0.1346982 0.0105000008
v -0.01264956 0.13340795 0.012
v -0.0117960013 0.132844269 0.0135
v -0.0117960013 0.132844269 0.0105000008
v -0.009326097 0.130996346 0.012
v -0.008929249 0.130666271 0.0135
v -0.00628803857 0.128191411 0.012
v -0.008929249 0.130666271 0.0105000008
v -0.00628803857 0.128191411 0.0135
v -0.00628803857 0.128191411 0.0105000008
v -0.0039165467 0.125457019 0.0135
v -0.0039165467 0.125457019 0.0105000008
v -0.00360197388 0.125047773 0.012
v -0.00185036287 0.12250866 0.0135
v -0.00185036287 0.12250866 0.0105000008
v -0.001319915 0.121634059 0.012
v -0.000114753842 0.119397685 0.0135
v -0.000114753842 0.119397685 0.0105000008
v 0.000524003059 0.118028045 0.012
v 0.0012762621 0.116178349 0.0135
v 0.0012762621 0.116178349 0.0105000008
v 0.00191489235 0.114311039 0.012
v 0.00231989846 0.112904906 0.0135
v 0.00231989846 0.112904906 0.0105000008
v 0.00285651535 0.110562347 0.012
v 0.00302376226 0.109628931 0.0135
v 0.00302376226 0.109628931 0.0105000008
v 0.00336901844 0.106854573 0.012
v 0.003404446 0.106397219 0.0135
v 0.00348553061 0.103250168 0.012
v 0.003404446 0.106397219 0.0105000008
v 0.00348553061 0.103250168 0.0135
v 0.00348553061 0.103250168 0.0105000008
v 0.003283523 0.100108564 0.0135
v 0.003283523 0.100108564 0.0105000008
v 0.003230542 0.09965291 0.012
v 0.002778884 0.09689388 0.0135
v 0.002778884 0.09689388 0.0105000008
v 0.00257587433 0.09596758 0.012
v 0.00194959715 0.09364738 0.0135
v 0.00194959715 0.09364738 0.0105000008
v 0.00180365518 0.0931837 0.012
v 0.000780895352 0.0904164761 0.0135
v 0.000780895352 0.0904164761 0.0105000008
v 0.000780895352 0.0904164761 0.012
v -0.000495553 0.08769876 0.012
v -0.000732857734 0.0872530043 0.0135
v -0.000732857734 0.0872530043 0.0105000008
v -0.00202310085 0.08506461 0.012
v -0.00258677825 0.08421105 0.0135
v -0.00258677825 0.08421105 0.0105000008
v -0.003793165 0.08254811 0.012
v -0.0047647804 0.0813443 0.0135
v -0.0047647804 0.0813443 0.0105000008
v -0.00579104 0.0801819861 0.012
v -0.007239638 0.07870309 0.0135
v -0.007239638 0.07870309 0.0105000008
v -0.007996269 0.07799626 0.012
v -0.009974036 0.0763316 0.0135
v -0.009974036 0.0763316 0.0105000008
v -0.0103832819 0.07601702 0.012
v -0.0129223987 0.07426541 0.0135
v -0.0129223987 0.07426541 0.0105000008
v -0.0129223987 0.07426541 0.012
v -0.015581036 0.07275685 0.012
v -0.01603337 0.07252981 0.0135
v -0.01603337 0.07252981 0.0105000008
v -0.0183250289 0.0715006962 0.012
v -0.0192527063 0.0711387843 0.0135
v -0.0192527063 0.0711387843 0.0105000008
v -0.02112002 0.07050016 0.012
v -0.0225261524 0.07009515 0.0135
v -0.0225261524 0.07009515 0.0105000008
v -0.0239326879 0.06975268 0.012
v -0.02580212 0.06939129 0.0135
v -0.02580212 0.06939129 0.0105000008
v -0.0267318822 0.06925045 0.012
v -0.02903384 0.0690106 0.0135
v -0.02903384 0.0690106 0.0105000008
v -0.0294894557 0.0689813048 0.012
v -0.032180883 0.06892952 0.0135
v -0.032180883 0.06892952 0.0105000008
v -0.0353224874 0.06913152 0.0135
v -0.0357781425 0.06918451 0.012
v -0.0353224874 0.06913152 0.0105000008
v -0.0385371819 0.0696361661 0.0135
v -0.0385371819 0.0696361661 0.0105000008
v -0.0394634753 0.06983918 0.012
v -0.0417836681 0.07046545 0.0135
v -0.0417836681 0.07046545 0.0105000008
v -0.0431731939 0.070924215 0.012
v -0.0450145751 0.07163416 0.0135
v -0.0450145751 0.07163416 0.0105000008
v -0.04683398 0.07245697 0.012
v -0.0481780544 0.07314791 0.0135
v -0.0481780544 0.07314791 0.0105000008
v -0.0503664464 0.0744381547 0.012
v -0.0512200035 0.07500183 0.0135
v -0.0512200035 0.07500183 0.0105000008
v -0.05368991 0.07684976 0.012
v -0.054086756 0.0771798342 0.0135
v -0.05672797 0.0796546862 0.012
v -0.054086756 0.0771798342 0.0105000008
v -0.05672797 0.0796546862 0.0135
v -0.05672797 0.0796546862 0.0105000008
v -0.05909946 0.08238909 0.0135
v -0.05909946 0.08238909 0.0105000008
v -0.05941403 0.08279833 0.012
v -0.061165642 0.0853374451 0.0135
v -0.061165642 0.0853374451 0.0105000008
v -0.06169609 0.08621205 0.012
v -0.06290125 0.08844842 0.0135
v -0.06290125 0.08844842 0.0105000008
v -0.06354001 0.08981806 0.012
v -0.06429227 0.09166776 0.0135
v -0.06429227 0.09166776 0.0105000008
v -0.0649309 0.0935350657 0.012
v -0.0653359 0.0949412 0.0135
v -0.0653359 0.0949412 0.0105000008
v -0.06587252 0.09728376 0.012
v -0.06603977 0.0982171744 0.0135
v -0.06603977 0.0982171744 0.0105000008
v -0.06638502 0.100991532 0.012
v -0.06642045 0.101448886 0.0135
v -0.0665015355 0.104595937 0.012
v -0.06642045 0.101448886 0.0105000008
v -0.0665015355 0.104595937 0.0135
v -0.0665015355 0.104595937 0.0105000008
v -0.06629953 0.107737541 0.0135
v -0.06629953 0.107737541 0.0105000008
v -0.06624655 0.1081932 0.012
v -0.0657948852 0.110952228 0.0135
v -0.0657948852 0.110952228 0.0105000008
v -0.06559188 0.111878522 0.012
v -0.0649656057 0.114198722 0.0135
v -0.0649656057 0.114198722 0.0105000008
v -0.0648196638 0.1146624 0.012
v -0.0637969 0.117429629 0.0135
v -0.0637969 0.117429629 0.0105000008
v -0.0637969 0.117429629 0.012
v -0.06252045 0.120147347 0.012
v -0.0622831471 0.1205931 0.0135
v -0.0622831471 0.1205931 0.0105000008
v -0.060992904 0.122781493 0.012
v -0.0604292266 0.123635054 0.0135
v -0.0604292266 0.123635054 0.0105000008
v -0.05922284 0.125298 0.012
v -0.0582512245 0.1265018 0.0135
v -0.0582512245 0.1265018 0.0105000008
v -0.0572249666 0.127664119 0.012
v -0.0557763651 0.129143015 0.0135
v -0.0557763651 0.129143015 0.0105000008
v -0.0550197363 0.129849851 0.012
v -0.05304197 0.1315145 0.0135
v -0.05304197 0.1315145 0.0105000008
v -0.052632723 0.131829083 0.012
v -0.0500936061 0.133580685 0.0135
v -0.0500936061 0.133580685 0.0105000008
v -0.0500936061 0.133580685 0.012
v -0.04743497 0.135089248 0.012
v -0.0469826348 0.1353163 0.0135
v -0.0469826348 0.1353163 0.0105000008
v -0.0446909741 0.136345416 0.012
v -0.0437633 0.136707321 0.0135
v -0.0437633 0.136707321 0.0105000008
v -0.0418959856 0.13734594 0.012
v -0.0404898524 0.137750953 0.0135
v -0.0404898524 0.137750953 0.0105000008
v -0.0390833169 0.138093427 0.012
v -0.0372138843 0.138454825 0.0135
v -0.0372138843 0.138454825 0.0105000008
v -0.0362841226 0.138595656 0.012
v -0.0339821652 0.1388355 0.0135
v -0.0339821652 0.1388355 0.0105000008
v -0.03352655 0.1388648 0.012
v -0.03083512 0.138916582 0.0135
v -0.03083512 0.138916582 0.0105000008
v -0.03227701 0.06393044 0.0145000005
v -0.0322674 0.064430356 0.014
v -0.0287157316 0.0645218641 0.014
v -0.0281786323 0.0643127263 0.01425
v -0.028680386 0.0640231147 0.0145000005
v -0.0250685066 0.06495148 0.014
v -0.0249869935 0.06445818 0.0145000005
v -0.023967661 0.06489478 0.01425
v -0.0213713422 0.06574586 0.014
v -0.0212430321 0.0652626 0.0145000005
v -0.0197102223 0.06596419 0.01425
v -0.017677024 0.06692367 0.014
v -0.01750195 0.06645532 0.0145000005
v -0.0154887624 0.06754384 0.01425
v -0.0140437763 0.06849353 0.014
v -0.0138227083 0.06804505 0.0145000005
v -0.0113933608 0.0696380138 0.01425
v -0.0105328206 0.07045229 0.014
v -0.0102673136 0.0700286 0.0145000005
v -0.00751635432 0.07222978 0.01425
v -0.007205384 0.07278412 0.014
v -0.00394606963 0.0752803758 0.01425
v -0.00689775869 0.07238996 0.0145000005
v -0.00411941856 0.07546052 0.014
v -0.00377273 0.0751002356 0.0145000005
v -0.00132636167 0.0784413144 0.014
v -0.000944312662 0.0781187639 0.0145000005
v -0.000760477036 0.07873075 0.01425
v 0.001131665 0.08167665 0.014
v 0.00154482573 0.08139505 0.0145000005
v 0.001978416 0.08250525 0.01425
v 0.00322394818 0.08510971 0.014
v 0.00366359577 0.08487156 0.0145000005
v 0.004228484 0.08651712 0.01425
v 0.004932318 0.08867992 0.014
v 0.0053935945 0.08848697 0.0145000005
v 0.00596924871 0.09067473 0.01425
v 0.006251283 0.09232623 0.014
v 0.006729249 0.09217943 0.0145000005
v 0.007201541 0.09488791 0.01425
v 0.00718720257 0.09599012 0.014
v 0.00767701864 0.0958897 0.0145000005
v 0.00794505 0.0990733951 0.01425
v 0.00775671 0.09961814 0.014
v 0.008234654 0.103158854 0.01425
v 0.008253735 0.09956364 0.0145000005
v 0.007984698 0.10316366 0.014
v 0.008484609 0.103154041 0.0145000005
v 0.007893182 0.106715322 0.014
v 0.008391935 0.106750667 0.0145000005
v 0.008102324 0.107252419 0.01425
v 0.007463567 0.110362545 0.014
v 0.007956877 0.110444061 0.0145000005
v 0.0075202696 0.1114634 0.01425
v 0.00666919351 0.114059709 0.014
v 0.00715244934 0.114188023 0.0145000005
v 0.00676544 0.114656463 0.01425
v 0.00549137965 0.117754027 0.014
v 0.005959727 0.117929108 0.0145000005
v 0.0057255514 0.117841572 0.01425
v 0.00439561531 0.120981574 0.01425
v 0.00392152369 0.121387281 0.014
v 0.00437 0.121608347 0.0145000005
v 0.00277703628 0.1240377 0.01425
v 0.00196276233 0.124898233 0.014
v 0.00238644332 0.125163734 0.0145000005
v 0.0008781105 0.126970887 0.01425
v -0.0003690701 0.128225669 0.014
v 2.509728E-05 0.1285333 0.0145000005
v -0.00128592364 0.129743367 0.01425
v -0.00304546952 0.13131164 0.014
v -0.00268518738 0.131658331 0.0145000005
v -0.00369314663 0.132320181 0.01425
v -0.006026266 0.1341047 0.014
v -0.00570371374 0.134486735 0.0145000005
v -0.00631569326 0.134670585 0.01425
v -0.009261599 0.13656272 0.014
v -0.008980002 0.136975884 0.0145000005
v -0.0091208 0.1367693 0.01425
v -0.0120721534 0.1385974 0.01425
v -0.0126946587 0.138655 0.014
v -0.0124565139 0.139094651 0.0145000005
v -0.0151314009 0.1401428 0.01425
v -0.0162648689 0.140363365 0.014
v -0.01607192 0.140824646 0.0145000005
v -0.01825968 0.1414003 0.01425
v -0.0199111775 0.141682342 0.014
v -0.0197643824 0.1421603 0.0145000005
v -0.0214190688 0.142371416 0.01425
v -0.0235750712 0.142618254 0.014
v -0.0234746542 0.14310807 0.0145000005
v -0.0245738756 0.143063575 0.01425
v -0.027203083 0.143187761 0.014
v -0.0271485914 0.14368479 0.0145000005
v -0.0276916269 0.14348942 0.01425
v -0.0307486057 0.143415749 0.014
v -0.0307389945 0.143915668 0.0145000005
v -0.0343002751 0.143324241 0.014
v -0.0348373726 0.143533379 0.01425
v -0.034335617 0.143823 0.0145000005
v -0.0379475 0.142894626 0.014
v -0.03802901 0.143387929 0.0145000005
v -0.0390483439 0.142951325 0.01425
v -0.0416446626 0.142100245 0.014
v -0.0417729728 0.1425835 0.0145000005
v -0.0433057845 0.141881913 0.01425
v -0.04533898 0.140922427 0.014
v -0.0455140546 0.141390786 0.0145000005
v -0.0475272425 0.140302271 0.01425
v -0.0489722267 0.139352575 0.014
v -0.0491932966 0.139801055 0.0145000005
v -0.0516226441 0.138208091 0.01425
v -0.0524831861 0.137393817 0.014
v -0.05274869 0.1378175 0.0145000005
v -0.05549965 0.135616332 0.01425
v -0.0558106229 0.135061979 0.014
v -0.0590699352 0.132565737 0.01425
v -0.0561182462 0.135456145 0.0145000005
v -0.0588965863 0.132385582 0.014
v -0.0592432767 0.132745862 0.0145000005
v -0.0616896451 0.129404783 0.014
v -0.0620716922 0.129727334 0.0145000005
v -0.0622555278 0.129115358 0.01425
v -0.0641476661 0.126169458 0.014
v -0.06456083 0.126451045 0.0145000005
v -0.0649944246 0.125340849 0.01425
v -0.06623995 0.122736394 0.014
v -0.0666796 0.122974545 0.0145000005
v -0.067244485 0.121328987 0.01425
v -0.06794833 0.119166188 0.014
v -0.0684096 0.119359136 0.0145000005
v -0.06898525 0.117171377 0.01425
v -0.06926729 0.115519874 0.014
v -0.06974526 0.115666673 0.0145000005
v -0.07021755 0.112958193 0.01425
v -0.07020321 0.111855984 0.014
v -0.07069302 0.1119564 0.0145000005
v -0.07096106 0.10877271 0.01425
v -0.0707727149 0.108227968 0.014
v -0.07125066 0.104687251 0.01425
v -0.0712697357 0.108282462 0.0145000005
v -0.0710007 0.104682446 0.014
v -0.0715006143 0.104692064 0.0145000005
v -0.07090919 0.101130784 0.014
v -0.071407944 0.101095438 0.0145000005
v -0.071118325 0.100593686 0.01425
v -0.07047957 0.09748356 0.014
v -0.07097288 0.09740204 0.0145000005
v -0.07053627 0.09638271 0.01425
v -0.0696852 0.0937863961 0.014
v -0.07016845 0.09365808 0.0145000005
v -0.069781445 0.09318964 0.01425
v -0.06850739 0.09009208 0.014
v -0.06897573 0.089917 0.0145000005
v -0.06874156 0.09000453 0.01425
v -0.06741162 0.08686453 0.01425
v -0.06693753 0.0864588246 0.014
v -0.067386 0.08623776 0.0145000005
v -0.06579304 0.08380841 0.01425
v -0.06497876 0.08294787 0.014
v -0.06540245 0.08268236 0.0145000005
v -0.0638941154 0.0808752254 0.01425
v -0.06264693 0.0796204358 0.014
v -0.0630411059 0.07931281 0.0145000005
v -0.06173008 0.07810274 0.01425
v -0.0599705353 0.076534465 0.014
v -0.0603308156 0.07618778 0.0145000005
v -0.0593228564 0.07552593 0.01425
v -0.0569897369 0.07374141 0.014
v -0.05731229 0.07335936 0.0145000005
v -0.05670031 0.07317553 0.01425
v -0.0537544042 0.0712833852 0.014
v -0.0540360026 0.07087022 0.0145000005
v -0.0538952053 0.07107681 0.01425
v -0.05094385 0.0692487 0.01425
v -0.050321348 0.0691911 0.014
v -0.05055949 0.0687514544 0.0145000005
v -0.0478846058 0.06770331 0.01425
v -0.0467511341 0.06748273 0.014
v -0.0469440855 0.06702146 0.0145000005
v -0.0447563231 0.0664458 0.01425
v -0.0431048274 0.06616376 0.014
v -0.0432516225 0.0656858 0.0145000005
v -0.0415969342 0.06547469 0.01425
v -0.0394409336 0.06522785 0.014
v -0.03954135 0.0647380352 0.0145000005
v -0.0384421274 0.06478253 0.01425
v -0.03581292 0.0646583438 0.014
v -0.0358674154 0.0641613156 0.0145000005
v -0.03532438 0.06435668 0.01425
v -0.0322674 0.064430356 0.014
v -0.03227701 0.06393044 0.0145000005
v -0.0575609 0.114425868 0.0128500005
v -0.063809745 0.114546023 0.0155000007
v -0.063809745 0.114546023 0.0102
v -0.0513120554 0.114305712 0.0102
v -0.0513120554 0.114305712 0.0155000007
v -0.06400199 0.104547873 0.0128500005
v -0.06419425 0.0945497155 0.0155000007
v -0.06419425 0.0945497155 0.0102
v -0.063809745 0.114546023 0.0102
v -0.063809745 0.114546023 0.0155000007
v -0.0579454079 0.09442956 0.0128500005
v -0.05169656 0.0943094045 0.0155000007
v -0.05169656 0.0943094045 0.0102
v -0.06419425 0.0945497155 0.0102
v -0.06419425 0.0945497155 0.0155000007
v -0.05179269 0.0893103257 0.0128500005
v -0.0518888123 0.08431125 0.0155000007
v -0.0518888123 0.08431125 0.0102
v -0.05169656 0.0943094045 0.0102
v -0.05169656 0.0943094045 0.0155000007
v -0.03189251 0.0839267448 0.0128500005
v -0.0118962005 0.08354224 0.0155000007
v -0.0118962005 0.08354224 0.0102
v -0.0518888123 0.08431125 0.0102
v -0.0518888123 0.08431125 0.0155000007
v -0.0118000749 0.08854132 0.0128500005
v -0.0117039494 0.09354039 0.0155000007
v -0.0117039494 0.09354039 0.0102
v -0.0118962005 0.08354224 0.0102
v -0.0118962005 0.08354224 0.0155000007
v -0.0386375971 0.06914635 0.014
v -0.03537698 0.06863451 0.014
v -0.03581292 0.0646583438 0.014
v -0.032190498 0.0684296042 0.014
v -0.0394409336 0.06522785 0.014
v -0.0322674 0.064430356 0.014
v -0.0419304669 0.06998749 0.014
v -0.0289984941 0.06851186 0.014
v -0.0431048274 0.06616376 0.014
v -0.0287157316 0.0645218641 0.014
v -0.0452075265 0.07117289 0.014
v -0.0257206075 0.06889797 0.014
v -0.0467511341 0.06748273 0.014
v -0.0250685066 0.06495148 0.014
v -0.0484161973 0.072708264 0.014
v -0.02239784 0.06961189 0.014
v -0.050321348 0.0691911 0.014
v -0.0213713422 0.06574586 0.014
v -0.0515016019 0.07458867 0.014
v -0.0190776289 0.07067044 0.014
v -0.0537544042 0.0712833852 0.014
v -0.017677024 0.06692367 0.014
v -0.05440931 0.07679778 0.014
v -0.0158123076 0.07208133 0.014
v -0.0569897369 0.07374141 0.014
v -0.0140437763 0.06849353 0.014
v -0.0570882522 0.0793079957 0.014
v -0.0126568917 0.0738417357 0.014
v -0.0599705353 0.076534465 0.014
v -0.0105328206 0.07045229 0.014
v -0.0594936237 0.08208146 0.014
v -0.009666411 0.07593743 0.014
v -0.06264693 0.0796204358 0.014
v -0.007205384 0.07278412 0.014
v -0.061589323 0.08507194 0.014
v -0.00689294562 0.0783428 0.014
v -0.06497876 0.08294787 0.014
v -0.00411941856 0.07546052 0.014
v -0.0633497238 0.08822736 0.014
v -0.00438273139 0.08102175 0.014
v -0.06693753 0.0864588246 0.014
v -0.00132636167 0.0784413144 0.014
v -0.06476061 0.09149268 0.014
v -0.00217361934 0.08392945 0.014
v -0.06850739 0.09009208 0.014
v 0.001131665 0.08167665 0.014
v -0.06581916 0.09481289 0.014
v -0.000293210149 0.087014854 0.014
v -0.0696852 0.0937863961 0.014
v 0.00322394818 0.08510971 0.014
v -0.06653309 0.09813566 0.014
v 0.0012421608 0.09022353 0.014
v -0.07047957 0.09748356 0.014
v 0.004932318 0.08867992 0.014
v -0.06691919 0.101413541 0.014
v 0.002427563 0.09350059 0.014
v -0.07090919 0.101130784 0.014
v 0.006251283 0.09232623 0.014
v -0.06700145 0.104605548 0.014
v 0.0032687 0.09679346 0.014
v -0.0710007 0.104682446 0.014
v 0.00718720257 0.09599012 0.014
v 0.00378054 0.100054078 0.014
v 0.00775671 0.09961814 0.014
v -0.06679654 0.107792027 0.014
v -0.0707727149 0.108227968 0.014
v -0.07020321 0.111855984 0.014
v -0.0662847 0.111052647 0.014
v -0.06926729 0.115519874 0.014
v -0.06544357 0.114345513 0.014
v -0.06794833 0.119166188 0.014
v -0.0642581657 0.117622577 0.014
v -0.06623995 0.122736394 0.014
v -0.0627227947 0.120831251 0.014
v -0.0641476661 0.126169458 0.014
v -0.0608423874 0.123916656 0.014
v -0.0616896451 0.129404783 0.014
v -0.0586332753 0.126824364 0.014
v -0.0588965863 0.132385582 0.014
v -0.05612306 0.12950331 0.014
v -0.0558106229 0.135061979 0.014
v -0.05334959 0.13190867 0.014
v -0.0524831861 0.137393817 0.014
v -0.050359115 0.134004369 0.014
v -0.0489722267 0.139352575 0.014
v -0.0472036973 0.135764778 0.014
v -0.04533898 0.140922427 0.014
v -0.043938376 0.137175664 0.014
v -0.0416446626 0.142100245 0.014
v -0.0406181663 0.138234213 0.014
v -0.0379475 0.142894626 0.014
v -0.0372953974 0.138948143 0.014
v -0.0343002751 0.143324241 0.014
v -0.03401751 0.139334247 0.014
v -0.0307486057 0.143415749 0.014
v -0.0308255069 0.1394165 0.014
v -0.027639024 0.1392116 0.014
v -0.027203083 0.143187761 0.014
v -0.0243784077 0.138699755 0.014
v -0.0235750712 0.142618254 0.014
v -0.02108554 0.137858614 0.014
v -0.0199111775 0.141682342 0.014
v -0.0178084783 0.136673212 0.014
v -0.0162648689 0.140363365 0.014
v -0.0145998076 0.135137841 0.014
v -0.0126946587 0.138655 0.014
v -0.0115144011 0.133257434 0.014
v -0.009261599 0.13656272 0.014
v -0.0086066965 0.131048322 0.014
v -0.006026266 0.1341047 0.014
v -0.0059277527 0.1285381 0.014
v -0.00304546952 0.13131164 0.014
v -0.00352237932 0.125764638 0.014
v -0.0003690701 0.128225669 0.014
v -0.00142668374 0.122774161 0.014
v 0.00196276233 0.124898233 0.014
v 0.000333722681 0.119618744 0.014
v 0.00392152369 0.121387281 0.014
v 0.0017446056 0.116353422 0.014
v 0.00549137965 0.117754027 0.014
v 0.00280315429 0.113033213 0.014
v 0.00666919351 0.114059709 0.014
v 0.00351708 0.109710447 0.014
v 0.007463567 0.110362545 0.014
v 0.00390319154 0.106432565 0.014
v 0.007893182 0.106715322 0.014
v 0.003985442 0.103240557 0.014
v 0.007984698 0.10316366 0.014
v 0.00123595074 0.103293426 0.01575
v 0.00168777257 0.113786682 0.016
v 0.00117824227 0.11329639 0.0155000007
v 0.000793740153 0.09330008 0.0155000007
v 0.00128404051 0.09279056 0.016
v -0.00481583737 0.113661692 0.01575
v -0.0108099263 0.114026994 0.016
v -0.0113194436 0.1135367 0.0155000007
v 0.00117824227 0.11329639 0.0155000007
v 0.00168777257 0.113786682 0.016
v -0.0109685548 0.118780926 0.01575
v -0.0106176734 0.124025151 0.016
v -0.0111271925 0.123534858 0.0155000007
v -0.0113194436 0.1135367 0.0155000007
v -0.0108099263 0.114026994 0.016
v -0.031118691 0.12416932 0.01575
v -0.0516100973 0.124813378 0.016
v -0.0511198044 0.124303862 0.0155000007
v -0.0111271925 0.123534858 0.0155000007
v -0.0106176734 0.124025151 0.016
v -0.051461082 0.119559549 0.01575
v -0.0518023521 0.114815228 0.016
v -0.0513120554 0.114305712 0.0155000007
v -0.0511198044 0.124303862 0.0155000007
v -0.0516100973 0.124813378 0.016
v -0.0578060523 0.114680625 0.01575
v -0.0643000454 0.115055546 0.016
v -0.063809745 0.114546023 0.0155000007
v -0.0513120554 0.114305712 0.0155000007
v -0.0518023521 0.114815228 0.016
v -0.06425196 0.104552679 0.01575
v -0.06470378 0.09405942 0.016
v -0.06419425 0.0945497155 0.0155000007
v -0.063809745 0.114546023 0.0155000007
v -0.0643000454 0.115055546 0.016
v -0.0582001656 0.09418441 0.01575
v -0.06470378 0.09405942 0.016
v -0.0522060767 0.09381911 0.016
v -0.05169656 0.0943094045 0.0155000007
v -0.06419425 0.0945497155 0.0155000007
v -0.05204745 0.08906518 0.01575
v -0.0522060767 0.09381911 0.016
v -0.05239833 0.083820954 0.016
v -0.0518888123 0.08431125 0.0155000007
v -0.05169656 0.0943094045 0.0155000007
v -0.0318973139 0.0836767852 0.01575
v -0.05239833 0.083820954 0.016
v -0.0114059076 0.08303273 0.016
v -0.0118962005 0.08354224 0.0155000007
v -0.0518888123 0.08431125 0.0155000007
v -0.0115549229 0.08828656 0.01575
v -0.0114059076 0.08303273 0.016
v -0.0112136547 0.09303088 0.016
v -0.0117039494 0.09354039 0.0155000007
v -0.0118962005 0.08354224 0.0155000007
v -0.00520995446 0.09316548 0.01575
v -0.0117039494 0.09354039 0.0155000007
v -0.0112136547 0.09303088 0.016
v 0.00128404051 0.09279056 0.016
v 0.000793740153 0.09330008 0.0155000007
v -0.0587752238 0.09023614 0.016
v -0.06470378 0.09405942 0.016
v -0.0588979572 0.089838244 0.016
v -0.0585683547 0.09061734 0.016
v -0.05828253 0.09095568 0.016
v -0.05793345 0.09122828 0.016
v -0.05754459 0.091420345 0.016
v -0.05714227 0.09152769 0.016
v -0.0589413643 0.08944779 0.016
v -0.0522060767 0.09381911 0.016
v -0.05675043 0.09155606 0.016
v -0.05635997 0.09151265 0.016
v -0.05596207 0.09138992 0.016
v -0.0555808842 0.091183044 0.016
v -0.0552425347 0.0908972248 0.016
v -0.0549699366 0.09054814 0.016
v -0.05477787 0.09015928 0.016
v -0.0546705239 0.08975696 0.016
v -0.0546421632 0.08936512 0.016
v -0.05239833 0.083820954 0.016
v -0.0546855666 0.08897466 0.016
v -0.0548083037 0.0885767639 0.016
v -0.05501517 0.08819557 0.016
v -0.05530099 0.087857224 0.016
v -0.0556500778 0.08758463 0.016
v -0.0560389347 0.08739256 0.016
v -0.05644126 0.08728522 0.016
v -0.0568330958 0.08725685 0.016
v -0.06264693 0.0796204358 0.016
v -0.05722356 0.0873002559 0.016
v -0.057621453 0.087423 0.016
v -0.0580026433 0.08762986 0.016
v -0.0599705353 0.076534465 0.016
v -0.06497876 0.08294787 0.016
v -0.0569897369 0.07374141 0.016
v -0.05834099 0.08791568 0.016
v -0.05861359 0.08826476 0.016
v -0.058805652 0.0886536241 0.016
v -0.06693753 0.0864588246 0.016
v -0.058913 0.08905595 0.016
v -0.06850739 0.09009208 0.016
v -0.0696852 0.0937863961 0.016
v -0.07047957 0.09748356 0.016
v -0.07090919 0.101130784 0.016
v -0.0710007 0.104682446 0.016
v -0.0643000454 0.115055546 0.016
v -0.0707727149 0.108227968 0.016
v -0.07020321 0.111855984 0.016
v -0.06926729 0.115519874 0.016
v -0.06794833 0.119166188 0.016
v -0.0583646074 0.119442247 0.016
v -0.058336243 0.119050406 0.016
v -0.06623995 0.122736394 0.016
v -0.0583212 0.119832709 0.016
v -0.0581984669 0.1202306 0.016
v -0.0582288951 0.118648089 0.016
v -0.0641476661 0.126169458 0.016
v -0.058036834 0.118259221 0.016
v -0.0579915978 0.120611794 0.016
v -0.0577057749 0.12095014 0.016
v -0.0573566929 0.121222742 0.016
v -0.0577642322 0.117910139 0.016
v -0.0616896451 0.129404783 0.016
v -0.0574258864 0.11762432 0.016
v -0.0570446961 0.117417455 0.016
v -0.0566468 0.117294721 0.016
v -0.0518023521 0.114815228 0.016
v -0.05625634 0.117251307 0.016
v -0.0558645 0.117279679 0.016
v -0.0554621778 0.117387019 0.016
v -0.0569678321 0.1214148 0.016
v -0.05507332 0.117579088 0.016
v -0.056565512 0.121522143 0.016
v -0.0547242351 0.117851689 0.016
v -0.0544384122 0.118190035 0.016
v -0.0542315468 0.118571222 0.016
v -0.05410881 0.11896912 0.016
v -0.0540654063 0.119359575 0.016
v -0.0516100973 0.124813378 0.016
v -0.054093767 0.119751416 0.016
v -0.05420112 0.12015374 0.016
v -0.05439318 0.1205426 0.016
v -0.05466578 0.120891683 0.016
v -0.0550041273 0.1211775 0.016
v -0.0553853139 0.121384375 0.016
v -0.0557832122 0.121507108 0.016
v -0.0561736748 0.121550515 0.016
v -0.0588965863 0.132385582 0.016
v -0.0558106229 0.135061979 0.016
v -0.0524831861 0.137393817 0.016
v -0.0489722267 0.139352575 0.016
v -0.04533898 0.140922427 0.016
v -0.0416446626 0.142100245 0.016
v -0.0379475 0.142894626 0.016
v -0.0343002751 0.143324241 0.016
v -0.0307486057 0.143415749 0.016
v -0.0106176734 0.124025151 0.016
v -0.027203083 0.143187761 0.016
v -0.0235750712 0.142618254 0.016
v -0.0199111775 0.141682342 0.016
v -0.0162648689 0.140363365 0.016
v -0.0126946587 0.138655 0.016
v -0.009261599 0.13656272 0.016
v -0.006026266 0.1341047 0.016
v -0.00304546952 0.13131164 0.016
v -0.0003690701 0.128225669 0.016
v -0.006182907 0.120589256 0.016
v -0.006574746 0.120560884 0.016
v -0.00697707 0.120453544 0.016
v -0.00579244643 0.120545849 0.016
v -0.005394552 0.120423108 0.016
v -0.00501336157 0.120216243 0.016
v -0.007365929 0.120261475 0.016
v 0.00196276233 0.124898233 0.016
v -0.00771501474 0.119988881 0.016
v -0.00467501767 0.119930424 0.016
v -0.004402414 0.119581342 0.016
v -0.004210353 0.119192481 0.016
v -0.008000834 0.119650535 0.016
v 0.00392152369 0.121387281 0.016
v -0.004103005 0.118790157 0.016
v -0.008207703 0.119269341 0.016
v -0.008330438 0.118871443 0.016
v -0.00837384351 0.118480988 0.016
v -0.0108099263 0.114026994 0.016
v -0.008345481 0.118089147 0.016
v -0.008238133 0.117686823 0.016
v -0.00804607 0.117297962 0.016
v -0.00407464243 0.118398316 0.016
v -0.00777347 0.11694888 0.016
v -0.0074351225 0.116663061 0.016
v -0.007053934 0.116456188 0.016
v -0.006656036 0.116333455 0.016
v -0.006265575 0.116290048 0.016
v -0.005873736 0.116318412 0.016
v 0.00168777257 0.113786682 0.016
v -0.005471416 0.11642576 0.016
v -0.005082555 0.116617829 0.016
v -0.004733473 0.116890423 0.016
v -0.00444765 0.117228769 0.016
v -0.004240783 0.117609963 0.016
v -0.00411804765 0.118007861 0.016
v 0.00549137965 0.117754027 0.016
v 0.00666919351 0.114059709 0.016
v 0.007463567 0.110362545 0.016
v 0.007893182 0.106715322 0.016
v 0.007984698 0.10316366 0.016
v 0.00128404051 0.09279056 0.016
v 0.00775671 0.09961814 0.016
v 0.00718720257 0.09599012 0.016
v 0.006251283 0.09232623 0.016
v 0.004932318 0.08867992 0.016
v -0.00465139933 0.08840386 0.016
v -0.004679762 0.0887957 0.016
v 0.00322394818 0.08510971 0.016
v -0.00469480455 0.0880133957 0.016
v -0.004817538 0.0876155049 0.016
v -0.004787108 0.0891980156 0.016
v 0.001131665 0.08167665 0.016
v -0.004979171 0.0895868838 0.016
v -0.005024407 0.08723431 0.016
v -0.005310228 0.086895965 0.016
v -0.005659312 0.08662336 0.016
v -0.0052517727 0.0899359658 0.016
v -0.00132636167 0.0784413144 0.016
v -0.00559011847 0.090221785 0.016
v -0.005971309 0.09042865 0.016
v -0.00636920333 0.0905513838 0.016
v -0.0112136547 0.09303088 0.016
v -0.006759664 0.0905948 0.016
v -0.007151503 0.09056643 0.016
v -0.007553827 0.090459086 0.016
v -0.00604817271 0.0864313 0.016
v -0.007942686 0.09026702 0.016
v -0.006450493 0.08632396 0.016
v -0.00829177 0.0899944156 0.016
v -0.008577591 0.08965607 0.016
v -0.008784458 0.08927488 0.016
v -0.008907195 0.088876985 0.016
v -0.0089506 0.08848653 0.016
v -0.0114059076 0.08303273 0.016
v -0.008922238 0.08809469 0.016
v -0.008814888 0.0876923651 0.016
v -0.008622827 0.0873035043 0.016
v -0.008350225 0.08695442 0.016
v -0.008011879 0.0866686 0.016
v -0.007630691 0.08646173 0.016
v -0.00723279268 0.086339 0.016
v -0.006842332 0.08629559 0.016
v -0.00411941856 0.07546052 0.016
v -0.007205384 0.07278412 0.016
v -0.0105328206 0.07045229 0.016
v -0.02418238 0.07657716 0.016
v -0.0140437763 0.06849353 0.016
v -0.0242067873 0.0769143254 0.016
v -0.0242991541 0.0772605 0.016
v -0.02446442 0.07759511 0.016
v -0.02469898 0.0778954849 0.016
v -0.024219729 0.07624119 0.016
v -0.0243253373 0.0758988038 0.016
v -0.0249901153 0.07814142 0.016
v -0.017677024 0.06692367 0.016
v -0.0245033428 0.07557081 0.016
v -0.024749279 0.07527967 0.016
v -0.0253181178 0.07831942 0.016
v -0.0213713422 0.06574586 0.016
v -0.0250496548 0.07504511 0.016
v -0.0253842585 0.07487984 0.016
v -0.0256604943 0.0784250349 0.016
v -0.0250685066 0.06495148 0.016
v -0.025996469 0.07846238 0.016
v -0.0257304385 0.0747874752 0.016
v -0.0260676034 0.07476307 0.016
v -0.02640358 0.07480042 0.016
v -0.0287157316 0.0645218641 0.016
v -0.0267459545 0.07490602 0.016
v -0.027073957 0.07508403 0.016
v -0.0322674 0.064430356 0.016
v -0.0263336338 0.07843798 0.016
v -0.0273650922 0.07532997 0.016
v -0.0376582779 0.0786557347 0.016
v -0.0266798157 0.07834561 0.016
v -0.0373159 0.07855013 0.016
v -0.0379942544 0.0786930844 0.016
v -0.0383314155 0.07866868 0.016
v -0.0386776 0.07857631 0.016
v -0.0390122 0.07841104 0.016
v -0.02701442 0.07818034 0.016
v -0.0369879 0.07837212 0.016
v -0.0273147933 0.0779457837 0.016
v -0.0366967656 0.0781261846 0.016
v -0.02756073 0.0776546448 0.016
v -0.0364622027 0.0778258145 0.016
v -0.0277387351 0.07732664 0.016
v -0.0362969376 0.07749121 0.016
v -0.0278443433 0.07698427 0.016
v -0.03620457 0.0771450251 0.016
v -0.039312575 0.07817648 0.016
v -0.0278816931 0.0766482949 0.016
v -0.03618016 0.07680786 0.016
v -0.03621751 0.07647189 0.016
v -0.0278572869 0.0763111338 0.016
v -0.0363231227 0.07612951 0.016
v -0.0277649183 0.07596494 0.016
v -0.03650113 0.07580151 0.016
v -0.0275996551 0.0756303445 0.016
v -0.039558515 0.0778853446 0.016
v -0.0367470644 0.0755103752 0.016
v -0.03704744 0.07527581 0.016
v -0.0397365168 0.07755735 0.016
v -0.03581292 0.0646583438 0.016
v -0.03738204 0.07511054 0.016
v -0.0377282239 0.0750181749 0.016
v -0.039842125 0.07721497 0.016
v -0.0394409336 0.06522785 0.016
v -0.0380653851 0.0749937743 0.016
v -0.03840136 0.07503112 0.016
v -0.0387437381 0.07513673 0.016
v -0.0431048274 0.06616376 0.016
v -0.03907174 0.07531474 0.016
v -0.0393628739 0.0755606741 0.016
v -0.0467511341 0.06748273 0.016
v -0.0395974368 0.0758610442 0.016
v -0.0397627 0.07619565 0.016
v -0.050321348 0.0691911 0.016
v -0.03985507 0.07654183 0.016
v -0.03987948 0.0768789947 0.016
v -0.0537544042 0.0712833852 0.016
v -0.05121593 0.119304784 0.0128500005
v -0.0513120554 0.114305712 0.0102
v -0.0511198044 0.124303862 0.0102
v -0.0511198044 0.124303862 0.0155000007
v -0.0513120554 0.114305712 0.0155000007
v -0.0311234985 0.12391936 0.0128500005
v -0.0511198044 0.124303862 0.0102
v -0.0111271925 0.123534858 0.0102
v -0.0111271925 0.123534858 0.0155000007
v -0.0511198044 0.124303862 0.0155000007
v -0.0112233181 0.118535779 0.0128500005
v -0.0111271925 0.123534858 0.0102
v -0.0113194436 0.1135367 0.0102
v -0.0113194436 0.1135367 0.0155000007
v -0.0111271925 0.123534858 0.0155000007
v -0.005070599 0.113416545 0.0128500005
v -0.0113194436 0.1135367 0.0102
v 0.00117824227 0.11329639 0.0102
v 0.00117824227 0.11329639 0.0155000007
v -0.0113194436 0.1135367 0.0155000007
v 0.0009859912 0.103298232 0.0128500005
v 0.00117824227 0.11329639 0.0102
v 0.000793740153 0.09330008 0.0102
v 0.000793740153 0.09330008 0.0155000007
v 0.00117824227 0.11329639 0.0155000007
v -0.00545510463 0.09342024 0.0128500005
v 0.000793740153 0.09330008 0.0102
v -0.0117039494 0.09354039 0.0102
v -0.0117039494 0.09354039 0.0155000007
v 0.000793740153 0.09330008 0.0155000007
v -0.0311215762 0.12401934 0.0101000005
v -0.0109233875 0.123730972 0.01
v -0.0111271925 0.123534858 0.0102
v -0.0511198044 0.124303862 0.0102
v -0.05131592 0.124507666 0.01
v -0.0111214146 0.118633837 0.0101000005
v -0.0111156385 0.113732822 0.01
v -0.0113194436 0.1135367 0.0102
v -0.0111271925 0.123534858 0.0102
v -0.0109233875 0.123730972 0.01
v -0.00496869534 0.1135146 0.0101000005
v 0.0013820529 0.113492504 0.01
v 0.00117824227 0.11329639 0.0102
v -0.0113194436 0.1135367 0.0102
v -0.0111156385 0.113732822 0.01
v 0.001085978 0.10329631 0.0101000005
v 0.0009898618 0.09309627 0.01
v 0.000793740153 0.09330008 0.0102
v 0.00117824227 0.11329639 0.0102
v 0.0013820529 0.113492504 0.01
v -0.00535704568 0.0933183357 0.0101000005
v -0.0115078334 0.09333659 0.01
v -0.0117039494 0.09354039 0.0102
v 0.000793740153 0.09330008 0.0102
v 0.0009898618 0.09309627 0.01
v -0.011702016 0.08843941 0.0101000005
v -0.0115078334 0.09333659 0.01
v -0.0117000844 0.08333844 0.01
v -0.0118962005 0.08354224 0.0102
v -0.0117039494 0.09354039 0.0102
v -0.03189443 0.0838267654 0.0101000005
v -0.0117000844 0.08333844 0.01
v -0.05209262 0.08411513 0.01
v -0.0518888123 0.08431125 0.0102
v -0.0118962005 0.08354224 0.0102
v -0.05189459 0.08921227 0.0101000005
v -0.05209262 0.08411513 0.01
v -0.0519003645 0.09411328 0.01
v -0.05169656 0.0943094045 0.0102
v -0.0518888123 0.08431125 0.0102
v -0.05804731 0.0943315 0.0101000005
v -0.0519003645 0.09411328 0.01
v -0.06439806 0.0943536 0.01
v -0.06419425 0.0945497155 0.0102
v -0.05169656 0.0943094045 0.0102
v -0.06410198 0.104549795 0.0101000005
v -0.06439806 0.0943536 0.01
v -0.06400587 0.114749834 0.01
v -0.063809745 0.114546023 0.0102
v -0.06419425 0.0945497155 0.0102
v -0.05765896 0.114527769 0.0101000005
v -0.06400587 0.114749834 0.01
v -0.0515081733 0.114509515 0.01
v -0.0513120554 0.114305712 0.0102
v -0.063809745 0.114546023 0.0102
v -0.05131399 0.119406693 0.0101000005
v -0.0515081733 0.114509515 0.01
v -0.05131592 0.124507666 0.01
v -0.0511198044 0.124303862 0.0102
v -0.0513120554 0.114305712 0.0102
v -0.0220966265 0.07093948 0.01
v -0.0254893024 0.07516085 0.01
v -0.02520896 0.0752993152 0.01
v -0.0249572955 0.07549584 0.01
v -0.02475124 0.07573976 0.01
v -0.0257793479 0.0750834644 0.01
v -0.0246021 0.07601458 0.01
v -0.0272075236 0.06989371 0.01
v -0.0170170255 0.07283444 0.01
v -0.0260618366 0.07506301 0.01
v -0.0245136172 0.07630143 0.01
v -0.0263433289 0.075094305 0.01
v -0.0244823229 0.07658292 0.01
v -0.0245027728 0.07686541 0.01
v -0.0266301855 0.0751827955 0.01
v -0.0269049965 0.07533193 0.01
v -0.027148921 0.07553798 0.01
v -0.024580162 0.07715546 0.01
v -0.0321674272 0.0696293861 0.01
v -0.0273454469 0.0757896453 0.01
v -0.0145539735 0.07410609 0.01
v -0.02748391 0.07606999 0.01
v -0.0117000844 0.08333844 0.01
v -0.0247186273 0.07743581 0.01
v -0.0121782366 0.07558844 0.01
v -0.0249151532 0.07768747 0.01
v -0.009916313 0.0772718042 0.01
v -0.0251590759 0.0778935254 0.01
v -0.00779312477 0.079142116 0.01
v -0.0254338887 0.07804266 0.01
v -0.0257207435 0.07813115 0.01
v -0.0260022376 0.07816244 0.01
v -0.005831102 0.0811813 0.01
v -0.0262847245 0.0781419948 0.01
v -0.00717254169 0.086632885 0.01
v -0.00751491636 0.0867385 0.01
v -0.007842919 0.0869165 0.01
v -0.006836565 0.0865955353 0.01
v -0.008134056 0.0871624351 0.01
v -0.00404941663 0.08336785 0.01
v -0.008368617 0.08746281 0.01
v -0.006499404 0.08661994 0.01
v -0.00615321845 0.08671231 0.01
v -0.0058186166 0.08687758 0.01
v -0.00853388 0.08779742 0.01
v -0.002463352 0.08567755 0.01
v -0.008626249 0.0881435946 0.01
v -0.00551824272 0.0871121362 0.01
v -0.00527230464 0.08740327 0.01
v -0.005094297 0.08773128 0.01
v -0.004988689 0.08807365 0.01
v -0.00108389743 0.08808437 0.01
v -0.004951343 0.088409625 0.01
v -0.00497574545 0.08874679 0.01
v -0.005068114 0.08909297 0.01
v -0.008650657 0.08848076 0.01
v -0.005233379 0.0894275755 0.01
v -0.0115078334 0.09333659 0.01
v -0.008613305 0.08881674 0.01
v -0.008507697 0.08915911 0.01
v -0.008329691 0.08948711 0.01
v -0.008083757 0.0897782445 0.01
v -0.00778338127 0.09001281 0.01
v -0.00744877756 0.09017807 0.01
v -0.00710259564 0.0902704448 0.01
v -0.006765431 0.09029485 0.01
v -0.006429458 0.0902575 0.01
v 0.0009898618 0.09309627 0.01
v -0.00608707964 0.09015189 0.01
v -0.005467944 0.08972795 0.01
v 0.001033593 0.0930817053 0.01
v -0.005759079 0.08997389 0.01
v 0.00231685117 0.0982336253 0.01
v 0.00278566033 0.103263631 0.01
v 0.00251056626 0.108307943 0.01
v 0.0013820529 0.113492504 0.01
v 0.00142631307 0.113505378 0.01
v -0.000497495756 0.118580423 0.01
v -0.00469554774 0.117397733 0.01
v -0.004517542 0.117725737 0.01
v -0.004941486 0.117106594 0.01
v -0.004411934 0.118068106 0.01
v -0.004374586 0.118404083 0.01
v -0.00439899042 0.118741252 0.01
v -0.0052418597 0.116872035 0.01
v -0.00557646155 0.116706774 0.01
v -0.005922647 0.1166144 0.01
v -0.0111156385 0.113732822 0.01
v -0.00625980832 0.116589993 0.01
v -0.006595785 0.116627343 0.01
v -0.00693815947 0.116732955 0.01
v -0.0017834045 0.1210385 0.01
v -0.007266162 0.116910957 0.01
v -0.004491359 0.119087428 0.01
v -0.007557299 0.117156893 0.01
v -0.004656622 0.119422033 0.01
v -0.004891187 0.119722411 0.01
v -0.005182322 0.119968347 0.01
v -0.00779186 0.117457271 0.01
v -0.00327950343 0.123407461 0.01
v -0.007957125 0.117791876 0.01
v -0.008049494 0.118138053 0.01
v -0.0080739 0.118475221 0.01
v -0.0109233875 0.123730972 0.01
v -0.00803655 0.1188112 0.01
v -0.007930942 0.119153567 0.01
v -0.00551032275 0.120146349 0.01
v -0.005852701 0.120251961 0.01
v -0.006188674 0.120289311 0.01
v -0.00775293447 0.119481571 0.01
v -0.00497581623 0.125660881 0.01
v -0.007507 0.11977271 0.01
v -0.00720662437 0.120007269 0.01
v -0.00687202066 0.12017253 0.01
v -0.00652583875 0.1202649 0.01
v -0.006857995 0.127774 0.01
v -0.008907713 0.129724547 0.01
v -0.0111032482 0.131493613 0.01
v -0.0134202447 0.1330662 0.01
v -0.0158325881 0.1344316 0.01
v -0.0208355859 0.136520445 0.01
v -0.0259025022 0.137761921 0.01
v -0.0308485776 0.138216719 0.01
v -0.05131592 0.124507666 0.01
v -0.03580848 0.137952387 0.01
v -0.04091938 0.136906624 0.01
v -0.04599898 0.135011673 0.01
v -0.0484620333 0.133740008 0.01
v -0.05083777 0.13225767 0.01
v -0.0530996919 0.1305743 0.01
v -0.05522288 0.128703982 0.01
v -0.0571849048 0.1266648 0.01
v -0.055843465 0.12121322 0.01
v -0.05550109 0.121107608 0.01
v -0.05617944 0.12125057 0.01
v -0.0551730841 0.120929606 0.01
v -0.05896659 0.124478258 0.01
v -0.05488195 0.12068367 0.01
v -0.0565166026 0.121226162 0.01
v -0.0568627864 0.1211338 0.01
v -0.05719739 0.120968528 0.01
v -0.0546473861 0.120383292 0.01
v -0.0605526529 0.122168556 0.01
v -0.0544821247 0.120048687 0.01
v -0.0543897562 0.119702511 0.01
v -0.0543653481 0.119365342 0.01
v -0.0515081733 0.114509515 0.01
v -0.0544027 0.119029365 0.01
v -0.0545083061 0.118687 0.01
v -0.0546863154 0.118358992 0.01
v -0.0574977621 0.120733969 0.01
v -0.0549322478 0.118067861 0.01
v -0.0577437 0.120442837 0.01
v -0.0579217076 0.120114826 0.01
v -0.0580273159 0.119772457 0.01
v -0.05523262 0.117833294 0.01
v -0.06193211 0.119761735 0.01
v -0.0555672273 0.117668033 0.01
v -0.0580646619 0.11943648 0.01
v -0.05591341 0.11757566 0.01
v -0.0562505722 0.117551252 0.01
v -0.05658655 0.1175886 0.01
v -0.06400587 0.114749834 0.01
v -0.0569289252 0.117694214 0.01
v -0.0572569259 0.117872216 0.01
v -0.05754806 0.118118152 0.01
v -0.05804026 0.119099312 0.01
v -0.05794789 0.118753135 0.01
v -0.0577826276 0.11841853 0.01
v -0.0640496 0.1147644 0.01
v -0.06533286 0.10961248 0.01
v -0.0658016652 0.104582474 0.01
v -0.0655265749 0.09953816 0.01
v -0.06439806 0.0943536 0.01
v -0.06444232 0.09434073 0.01
v -0.06251851 0.08926568 0.01
v -0.0583204553 0.09044837 0.01
v -0.0584984645 0.09012037 0.01
v -0.05807452 0.09073951 0.01
v -0.05860407 0.089778 0.01
v -0.05864142 0.08944202 0.01
v -0.0586170144 0.08910485 0.01
v -0.0577741452 0.09097407 0.01
v -0.0574395433 0.09113933 0.01
v -0.05709336 0.0912317038 0.01
v -0.0519003645 0.09411328 0.01
v -0.0567562 0.09125611 0.01
v -0.0564202219 0.09121876 0.01
v -0.0560778454 0.09111315 0.01
v -0.0612326 0.08680761 0.01
v -0.05574984 0.09093515 0.01
v -0.0585246459 0.08875868 0.01
v -0.0554587059 0.09068921 0.01
v -0.0583593845 0.08842407 0.01
v -0.0581248179 0.0881236941 0.01
v -0.0578336827 0.08787776 0.01
v -0.055224143 0.0903888345 0.01
v -0.0597365 0.0844386443 0.01
v -0.05505888 0.09005423 0.01
v -0.05496651 0.08970805 0.01
v -0.054942105 0.089370884 0.01
v -0.0575056821 0.087699756 0.01
v -0.0571633056 0.087594144 0.01
v -0.05682733 0.0875567943 0.01
v -0.05209262 0.08411513 0.01
v -0.0580401868 0.08218522 0.01
v -0.0549794547 0.08903491 0.01
v -0.055085063 0.08869254 0.01
v -0.0552630723 0.0883645341 0.01
v -0.0555090047 0.0880733952 0.01
v -0.05580938 0.087838836 0.01
v -0.0561439842 0.0876735747 0.01
v -0.056490168 0.0875812 0.01
v -0.05615801 0.08007211 0.01
v -0.0541082919 0.07812156 0.01
v -0.0519127548 0.0763524845 0.01
v -0.04959576 0.0747799 0.01
v -0.0394597575 0.07744158 0.01
v -0.0393106155 0.07771639 0.01
v -0.0391045623 0.07796031 0.01
v -0.0471834168 0.0734145045 0.01
v -0.0388528965 0.07815684 0.01
v -0.03954824 0.07715472 0.01
v -0.0385725535 0.0782953054 0.01
v -0.039579533 0.07687323 0.01
v -0.03955908 0.07659074 0.01
v -0.0394816957 0.0763006955 0.01
v -0.03828251 0.0783726946 0.01
v -0.04218042 0.07132566 0.01
v -0.03800002 0.07839314 0.01
v -0.03934323 0.07602035 0.01
v -0.0391467027 0.07576868 0.01
v -0.03890278 0.0755626261 0.01
v -0.0386279672 0.0754134953 0.01
v -0.0383411124 0.07532501 0.01
v -0.0371135026 0.07008419 0.01
v -0.03805962 0.07529371 0.01
v -0.03777713 0.0753141642 0.01
v -0.0374870859 0.07539156 0.01
v -0.0372067429 0.0755300149 0.01
v -0.0369550772 0.07572654 0.01
v -0.0367490239 0.07597047 0.01
v -0.0365998819 0.07624528 0.01
v -0.0275613014 0.07636003 0.01
v -0.0365114 0.07653214 0.01
v -0.0275817513 0.07664253 0.01
v -0.0364801064 0.07681362 0.01
v -0.0275504552 0.07692401 0.01
v -0.0365005545 0.07709612 0.01
v -0.0274619721 0.07721087 0.01
v -0.0365779474 0.07738616 0.01
v -0.0273128338 0.07748569 0.01
v -0.03671641 0.0776665062 0.01
v -0.0271067787 0.07772961 0.01
v -0.0369129367 0.07791817 0.01
v -0.026855113 0.07792614 0.01
v -0.03715686 0.0781242251 0.01
v -0.0265747719 0.0780646056 0.01
v -0.0374316722 0.07827337 0.01
v -0.037718527 0.078361854 0.01
f 1 2 3
f 1 3 4
f 5 1 4
f 4 3 6
f 7 5 4
f 4 6 8
f 9 7 4
f 10 4 8
f 9 4 10
f 10 8 11
f 12 10 11
f 13 9 10
f 13 10 12
f 12 11 14
f 15 13 12
f 12 14 16
f 17 15 12
f 18 12 16
f 17 12 18
f 18 16 19
f 20 18 19
f 21 17 18
f 21 18 20
f 20 19 22
f 23 21 20
f 20 22 24
f 25 23 20
f 26 20 24
f 25 20 26
f 26 24 27
f 28 25 26
f 29 26 27
f 28 26 29
f 29 27 30
f 31 28 29
f 32 29 30
f 31 29 32
f 32 30 33
f 34 31 32
f 35 32 33
f 34 32 35
f 35 33 36
f 37 34 35
f 38 35 36
f 37 35 38
f 38 36 39
f 40 37 38
f 41 38 39
f 40 38 41
f 41 39 42
f 43 40 41
f 44 41 42
f 43 41 44
f 45 43 44
f 44 46 45
f 46 47 45
f 46 48 47
f 45 47 49
f 47 50 49
f 48 51 47
f 47 52 50
f 51 53 47
f 47 53 52
f 51 54 53
f 54 55 53
f 53 56 52
f 53 55 56
f 54 57 55
f 55 58 56
f 57 59 55
f 55 60 58
f 59 61 55
f 55 61 60
f 59 62 61
f 62 63 61
f 61 64 60
f 61 63 64
f 62 65 63
f 63 66 64
f 65 67 63
f 63 68 66
f 67 69 63
f 63 69 68
f 67 70 69
f 69 71 68
f 70 72 69
f 69 72 71
f 70 73 72
f 72 74 71
f 73 75 72
f 72 75 74
f 73 76 75
f 75 77 74
f 76 78 75
f 75 78 77
f 76 79 78
f 78 80 77
f 79 81 78
f 78 81 80
f 79 82 81
f 81 83 80
f 82 84 81
f 81 84 83
f 82 85 84
f 84 86 83
f 85 87 84
f 87 86 84
f 87 88 86
f 89 90 91
f 90 92 91
f 91 92 93
f 90 94 92
f 92 95 93
f 94 96 92
f 92 96 95
f 94 97 96
f 96 98 95
f 97 99 96
f 96 99 98
f 97 100 99
f 99 101 98
f 100 102 99
f 99 102 101
f 100 103 102
f 102 104 101
f 103 105 102
f 102 105 104
f 103 106 105
f 105 107 104
f 106 108 105
f 105 108 107
f 106 109 108
f 109 110 108
f 108 111 107
f 108 110 111
f 109 112 110
f 110 113 111
f 112 114 110
f 110 115 113
f 114 116 110
f 110 116 115
f 114 117 116
f 117 118 116
f 116 119 115
f 116 118 119
f 117 120 118
f 118 121 119
f 120 122 118
f 118 123 121
f 122 124 118
f 118 124 123
f 122 125 124
f 125 126 124
f 124 127 123
f 124 126 127
f 125 128 126
f 126 129 127
f 128 130 126
f 126 131 129
f 130 132 126
f 132 131 126
f 132 133 131
f 134 135 136
f 135 137 136
f 136 137 138
f 135 139 137
f 137 140 138
f 139 141 137
f 137 141 140
f 139 142 141
f 141 143 140
f 142 144 141
f 141 144 143
f 142 145 144
f 144 146 143
f 145 147 144
f 144 147 146
f 145 148 147
f 147 149 146
f 148 150 147
f 147 150 149
f 148 151 150
f 150 152 149
f 151 153 150
f 150 153 152
f 151 154 153
f 154 155 153
f 153 156 152
f 153 155 156
f 154 157 155
f 155 158 156
f 157 159 155
f 155 160 158
f 159 161 155
f 155 161 160
f 159 162 161
f 162 163 161
f 161 164 160
f 161 163 164
f 162 165 163
f 163 166 164
f 165 167 163
f 163 168 166
f 167 169 163
f 163 169 168
f 167 170 169
f 170 171 169
f 169 172 168
f 169 171 172
f 170 173 171
f 171 174 172
f 173 175 171
f 171 176 174
f 175 177 171
f 177 176 171
f 177 178 176
f 179 180 181
f 179 181 182
f 183 179 182
f 182 181 184
f 185 183 182
f 182 184 186
f 187 185 182
f 188 182 186
f 187 182 188
f 188 186 189
f 190 188 189
f 191 187 188
f 191 188 190
f 190 189 192
f 193 191 190
f 190 192 194
f 195 193 190
f 196 190 194
f 195 190 196
f 196 194 197
f 198 196 197
f 199 195 196
f 199 196 198
f 198 197 200
f 201 199 198
f 198 200 202
f 203 201 198
f 204 198 202
f 203 198 204
f 204 202 205
f 206 203 204
f 207 204 205
f 206 204 207
f 207 205 208
f 209 206 207
f 210 207 208
f 209 207 210
f 210 208 211
f 212 209 210
f 213 210 211
f 212 210 213
f 213 211 214
f 215 212 213
f 216 213 214
f 215 213 216
f 216 214 217
f 218 215 216
f 219 216 217
f 218 216 219
f 219 217 220
f 221 218 219
f 222 219 220
f 221 219 222
f 223 221 222
f 222 224 223
f 224 225 223
f 224 226 225
f 223 225 227
f 225 228 227
f 226 229 225
f 225 230 228
f 229 231 225
f 225 231 230
f 229 232 231
f 232 233 231
f 231 234 230
f 231 233 234
f 232 235 233
f 233 236 234
f 235 237 233
f 233 238 236
f 237 239 233
f 233 239 238
f 237 240 239
f 240 241 239
f 239 242 238
f 239 241 242
f 240 243 241
f 241 244 242
f 243 245 241
f 241 246 244
f 245 247 241
f 241 247 246
f 245 248 247
f 247 249 246
f 248 250 247
f 247 250 249
f 248 251 250
f 250 252 249
f 251 253 250
f 250 253 252
f 251 254 253
f 253 255 252
f 254 256 253
f 253 256 255
f 254 257 256
f 256 258 255
f 257 259 256
f 256 259 258
f 257 260 259
f 259 261 258
f 260 262 259
f 259 262 261
f 260 263 262
f 262 264 261
f 263 265 262
f 265 264 262
f 265 266 264
f 267 268 269
f 268 270 269
f 269 270 271
f 268 272 270
f 270 273 271
f 272 274 270
f 270 274 273
f 272 275 274
f 274 276 273
f 275 277 274
f 274 277 276
f 275 278 277
f 277 279 276
f 278 280 277
f 277 280 279
f 278 281 280
f 280 282 279
f 281 283 280
f 280 283 282
f 281 284 283
f 283 285 282
f 284 286 283
f 283 286 285
f 284 287 286
f 287 288 286
f 286 289 285
f 286 288 289
f 287 290 288
f 288 291 289
f 290 292 288
f 288 293 291
f 292 294 288
f 288 294 293
f 292 295 294
f 295 296 294
f 294 297 293
f 294 296 297
f 295 298 296
f 296 299 297
f 298 300 296
f 296 301 299
f 300 302 296
f 296 302 301
f 300 303 302
f 303 304 302
f 302 305 301
f 302 304 305
f 303 306 304
f 304 307 305
f 306 308 304
f 304 309 307
f 308 310 304
f 310 309 304
f 310 311 309
f 312 313 314
f 313 315 314
f 314 315 316
f 313 317 315
f 315 318 316
f 317 319 315
f 315 319 318
f 317 320 319
f 319 321 318
f 320 322 319
f 319 322 321
f 320 323 322
f 322 324 321
f 323 325 322
f 322 325 324
f 323 326 325
f 325 327 324
f 326 328 325
f 325 328 327
f 326 329 328
f 328 330 327
f 329 331 328
f 328 331 330
f 329 332 331
f 332 333 331
f 331 334 330
f 331 333 334
f 332 335 333
f 333 336 334
f 335 337 333
f 333 338 336
f 337 339 333
f 333 339 338
f 337 340 339
f 340 341 339
f 339 342 338
f 339 341 342
f 340 343 341
f 341 344 342
f 343 345 341
f 341 346 344
f 345 347 341
f 341 347 346
f 345 348 347
f 348 349 347
f 347 350 346
f 347 349 350
f 348 351 349
f 349 352 350
f 351 353 349
f 349 354 352
f 353 355 349
f 355 354 349
f 355 356 354
f 357 358 359
f 358 360 359
f 359 360 361
f 358 362 360
f 360 363 361
f 362 364 360
f 360 364 363
f 362 365 364
f 364 366 363
f 365 367 364
f 364 367 366
f 365 368 367
f 367 369 366
f 368 370 367
f 367 370 369
f 368 371 370
f 370 372 369
f 371 373 370
f 370 373 372
f 371 374 373
f 373 375 372
f 374 376 373
f 373 376 375
f 374 377 376
f 377 378 376
f 376 379 375
f 376 378 379
f 377 380 378
f 378 381 379
f 380 382 378
f 378 383 381
f 382 384 378
f 378 384 383
f 382 385 384
f 385 386 384
f 384 387 383
f 384 386 387
f 385 388 386
f 386 389 387
f 388 390 386
f 386 391 389
f 390 392 386
f 386 392 391
f 390 393 392
f 393 394 392
f 392 395 391
f 392 394 395
f 393 396 394
f 394 397 395
f 396 398 394
f 394 399 397
f 398 400 394
f 400 399 394
f 400 401 399
f 402 403 404
f 403 405 404
f 404 405 406
f 403 407 405
f 405 408 406
f 407 409 405
f 405 409 408
f 407 410 409
f 409 411 408
f 410 412 409
f 409 412 411
f 410 413 412
f 412 414 411
f 413 415 412
f 412 415 414
f 413 416 415
f 415 417 414
f 416 418 415
f 415 418 417
f 416 419 418
f 418 420 417
f 419 421 418
f 418 421 420
f 419 422 421
f 422 423 421
f 421 424 420
f 421 423 424
f 422 425 423
f 423 426 424
f 425 427 423
f 423 428 426
f 427 429 423
f 423 429 428
f 427 430 429
f 430 431 429
f 429 432 428
f 429 431 432
f 430 433 431
f 431 434 432
f 433 435 431
f 431 436 434
f 435 437 431
f 431 437 436
f 435 438 437
f 438 439 437
f 437 440 436
f 437 439 440
f 438 441 439
f 439 442 440
f 441 443 439
f 439 444 442
f 443 445 439
f 445 444 439
f 445 446 444
f 447 448 449
f 448 450 449
f 449 450 451
f 448 452 450
f 450 453 451
f 452 454 450
f 450 454 453
f 452 455 454
f 454 456 453
f 455 457 454
f 454 457 456
f 455 458 457
f 457 459 456
f 458 460 457
f 457 460 459
f 458 461 460
f 460 462 459
f 461 463 460
f 460 463 462
f 461 464 463
f 463 465 462
f 464 466 463
f 463 466 465
f 464 467 466
f 467 468 466
f 466 469 465
f 466 468 469
f 467 470 468
f 468 471 469
f 470 472 468
f 468 473 471
f 472 474 468
f 468 474 473
f 472 475 474
f 475 476 474
f 474 477 473
f 474 476 477
f 475 478 476
f 476 479 477
f 478 480 476
f 476 481 479
f 480 482 476
f 476 482 481
f 480 483 482
f 483 484 482
f 482 485 481
f 482 484 485
f 483 486 484
f 484 487 485
f 486 488 484
f 484 489 487
f 488 490 484
f 490 489 484
f 490 491 489
f 492 493 494
f 493 495 494
f 494 495 496
f 493 497 495
f 495 498 496
f 497 499 495
f 495 499 498
f 497 500 499
f 499 501 498
f 500 502 499
f 499 502 501
f 500 503 502
f 502 504 501
f 503 505 502
f 502 505 504
f 503 506 505
f 505 507 504
f 506 508 505
f 505 508 507
f 506 509 508
f 508 510 507
f 509 511 508
f 508 511 510
f 509 512 511
f 512 513 511
f 511 514 510
f 511 513 514
f 512 515 513
f 513 516 514
f 515 517 513
f 513 518 516
f 517 519 513
f 513 519 518
f 517 520 519
f 520 521 519
f 519 522 518
f 519 521 522
f 520 523 521
f 521 524 522
f 523 525 521
f 521 526 524
f 525 527 521
f 521 527 526
f 525 528 527
f 528 529 527
f 527 530 526
f 527 529 530
f 528 531 529
f 529 532 530
f 531 533 529
f 529 534 532
f 533 535 529
f 535 534 529
f 535 536 534
f 537 538 539
f 538 540 539
f 539 540 541
f 538 542 540
f 540 543 541
f 542 544 540
f 540 544 543
f 542 545 544
f 544 546 543
f 545 547 544
f 544 547 546
f 545 548 547
f 547 549 546
f 548 550 547
f 547 550 549
f 548 551 550
f 550 552 549
f 551 553 550
f 550 553 552
f 551 554 553
f 553 555 552
f 554 556 553
f 553 556 555
f 554 557 556
f 557 558 556
f 556 559 555
f 556 558 559
f 557 560 558
f 558 561 559
f 560 562 558
f 558 563 561
f 562 564 558
f 558 564 563
f 562 565 564
f 565 566 564
f 564 567 563
f 564 566 567
f 565 568 566
f 566 569 567
f 568 570 566
f 566 571 569
f 570 572 566
f 566 572 571
f 570 573 572
f 573 574 572
f 572 575 571
f 572 574 575
f 573 576 574
f 574 577 575
f 576 578 574
f 574 579 577
f 578 580 574
f 580 579 574
f 580 581 579
f 582 583 584
f 583 585 584
f 584 585 586
f 583 587 585
f 585 588 586
f 587 589 585
f 585 589 588
f 587 590 589
f 589 591 588
f 590 592 589
f 589 592 591
f 590 593 592
f 592 594 591
f 593 595 592
f 592 595 594
f 593 596 595
f 595 597 594
f 596 598 595
f 595 598 597
f 596 599 598
f 598 600 597
f 599 601 598
f 598 601 600
f 599 602 601
f 602 603 601
f 601 604 600
f 601 603 604
f 602 605 603
f 603 606 604
f 605 607 603
f 603 608 606
f 607 609 603
f 603 609 608
f 607 610 609
f 610 611 609
f 609 612 608
f 609 611 612
f 610 613 611
f 611 614 612
f 613 615 611
f 611 616 614
f 615 617 611
f 611 617 616
f 615 618 617
f 618 619 617
f 617 620 616
f 617 619 620
f 618 621 619
f 619 622 620
f 621 623 619
f 619 624 622
f 623 625 619
f 625 624 619
f 625 626 624
f 627 628 629
f 630 627 629
f 630 629 631
f 627 630 632
f 633 630 631
f 630 633 632
f 633 631 634
f 632 633 635
f 633 634 636
f 635 633 636
f 636 634 637
f 635 636 638
f 638 636 637
f 639 635 638
f 638 637 640
f 639 638 641
f 641 638 640
f 642 639 641
f 641 640 643
f 642 641 644
f 644 641 643
f 645 642 644
f 646 644 643
f 645 644 646
f 647 646 643
f 648 645 646
f 649 646 647
f 648 646 649
f 650 649 647
f 651 648 649
f 652 649 650
f 651 649 652
f 653 652 650
f 654 651 652
f 655 652 653
f 654 652 655
f 656 655 653
f 657 654 655
f 658 655 656
f 657 655 658
f 659 658 656
f 660 657 658
f 661 658 659
f 660 658 661
f 662 660 661
f 663 661 659
f 664 662 661
f 664 661 663
f 662 664 665
f 666 664 663
f 664 666 665
f 666 663 667
f 666 668 665
f 668 666 667
f 668 669 665
f 668 667 670
f 668 671 669
f 671 668 670
f 671 670 672
f 671 673 669
f 674 671 672
f 671 674 673
f 674 672 675
f 674 675 676
f 674 677 673
f 677 674 676
f 673 677 678
f 677 676 679
f 677 680 678
f 680 677 679
f 680 679 681
f 678 680 682
f 683 680 681
f 680 683 682
f 683 681 684
f 683 685 682
f 685 683 684
f 685 686 682
f 685 684 687
f 685 688 686
f 688 685 687
f 688 689 686
f 688 687 690
f 688 691 689
f 692 688 690
f 688 692 691
f 692 690 693
f 694 692 693
f 692 695 691
f 692 694 695
f 694 693 696
f 694 697 695
f 694 696 698
f 694 699 697
f 700 694 698
f 694 700 699
f 700 698 701
f 700 702 699
f 703 700 701
f 700 703 702
f 703 704 702
f 703 701 705
f 703 706 704
f 703 705 707
f 706 703 707
f 708 707 705
f 706 707 709
f 709 707 708
f 710 706 709
f 711 709 708
f 710 709 712
f 712 709 711
f 713 710 712
f 714 712 711
f 715 713 712
f 715 712 714
f 716 715 714
f 715 716 717
f 713 715 718
f 715 717 718
f 717 719 718
f 719 720 718
f 719 721 720
f 718 720 722
f 721 723 720
f 720 723 722
f 721 724 723
f 722 723 725
f 724 726 723
f 723 726 725
f 724 727 726
f 726 728 725
f 727 728 726
f 728 729 725
f 727 730 728
f 728 731 729
f 730 731 728
f 731 732 729
f 730 733 731
f 731 734 732
f 733 734 731
f 734 735 732
f 733 736 734
f 736 735 734
f 736 733 737
f 736 738 735
f 739 736 737
f 736 739 738
f 739 737 740
f 739 741 738
f 742 739 740
f 739 742 741
f 742 740 743
f 742 744 741
f 745 742 743
f 742 745 744
f 745 743 746
f 745 747 744
f 748 745 746
f 745 748 747
f 748 746 749
f 748 750 747
f 751 748 749
f 748 751 750
f 751 752 750
f 751 749 753
f 751 754 752
f 754 751 753
f 754 755 752
f 756 754 753
f 754 756 755
f 757 756 753
f 756 758 755
f 756 757 758
f 755 758 759
f 757 760 758
f 758 761 759
f 760 761 758
f 760 762 761
f 759 761 763
f 762 764 761
f 761 764 763
f 762 765 764
f 765 766 764
f 764 767 763
f 766 767 764
f 767 768 763
f 766 769 767
f 767 770 768
f 769 770 767
f 769 771 770
f 770 772 768
f 771 773 770
f 770 773 772
f 771 774 773
f 773 775 772
f 774 775 773
f 772 775 776
f 774 777 775
f 775 778 776
f 777 778 775
f 776 778 779
f 777 780 778
f 778 781 779
f 780 782 778
f 778 782 781
f 780 783 782
f 783 784 782
f 782 785 781
f 782 784 785
f 783 786 784
f 784 787 785
f 786 788 784
f 784 789 787
f 788 790 784
f 784 790 789
f 788 791 790
f 790 792 789
f 791 793 790
f 790 793 792
f 793 794 792
f 791 795 793
f 793 796 794
f 795 797 793
f 796 793 797
f 795 798 797
f 796 797 799
f 798 799 797
f 800 796 799
f 798 801 799
f 800 799 802
f 801 802 799
f 803 800 802
f 801 804 802
f 803 802 805
f 804 805 802
f 806 803 805
f 804 807 805
f 808 806 805
f 807 808 805
f 809 810 811
f 812 809 811
f 809 812 813
f 812 811 814
f 812 815 813
f 816 812 814
f 812 816 815
f 816 814 817
f 816 818 815
f 819 816 817
f 816 819 818
f 819 817 820
f 819 821 818
f 822 819 820
f 819 822 821
f 822 820 823
f 822 824 821
f 825 822 823
f 822 825 824
f 825 823 826
f 825 827 824
f 828 825 826
f 825 828 827
f 828 826 829
f 830 828 829
f 828 831 827
f 828 830 831
f 830 829 832
f 830 833 831
f 830 832 834
f 830 835 833
f 836 830 834
f 830 836 835
f 836 834 837
f 836 838 835
f 839 836 837
f 836 839 838
f 839 837 840
f 839 841 838
f 842 839 840
f 839 842 841
f 842 840 843
f 842 844 841
f 845 842 843
f 842 845 844
f 845 843 846
f 845 847 844
f 848 845 846
f 845 848 847
f 848 846 849
f 848 850 847
f 851 848 849
f 848 851 850
f 851 849 852
f 853 851 852
f 851 854 850
f 851 853 854
f 853 852 855
f 853 856 854
f 853 855 857
f 853 858 856
f 859 853 857
f 853 859 858
f 859 857 860
f 859 861 858
f 862 859 860
f 859 862 861
f 862 860 863
f 862 864 861
f 865 862 863
f 862 865 864
f 865 863 866
f 865 867 864
f 865 866 868
f 867 865 868
f 869 868 866
f 867 868 869
f 870 869 866
f 871 867 869
f 872 869 870
f 871 869 872
f 873 872 870
f 874 871 872
f 875 872 873
f 874 872 875
f 876 875 873
f 877 874 875
f 878 875 876
f 877 875 878
f 879 878 876
f 880 877 878
f 881 878 879
f 880 878 881
f 882 881 879
f 883 880 881
f 884 881 882
f 883 881 884
f 885 884 882
f 886 883 884
f 887 884 885
f 887 886 884
f 888 887 885
f 887 888 886
f 888 885 889
f 888 890 886
f 891 888 889
f 888 891 890
f 891 889 892
f 891 893 890
f 894 891 892
f 891 894 893
f 894 892 895
f 894 896 893
f 897 894 895
f 894 897 896
f 897 895 898
f 897 899 896
f 900 897 898
f 897 900 899
f 900 898 901
f 900 902 899
f 903 900 901
f 900 903 902
f 903 901 904
f 902 903 905
f 903 904 905
f 904 906 905
f 906 907 905
f 905 907 908
f 906 909 907
f 907 910 908
f 909 911 907
f 907 911 910
f 909 912 911
f 911 913 910
f 912 914 911
f 911 914 913
f 912 915 914
f 914 916 913
f 915 917 914
f 914 917 916
f 915 918 917
f 917 919 916
f 918 920 917
f 917 920 919
f 918 921 920
f 920 922 919
f 921 923 920
f 920 923 922
f 921 924 923
f 924 925 923
f 923 926 922
f 923 925 926
f 924 927 925
f 925 928 926
f 927 929 925
f 925 930 928
f 929 931 925
f 925 931 930
f 929 932 931
f 931 933 930
f 932 934 931
f 931 934 933
f 932 935 934
f 934 936 933
f 935 937 934
f 934 937 936
f 935 938 937
f 937 939 936
f 938 940 937
f 937 940 939
f 938 941 940
f 940 942 939
f 941 943 940
f 940 943 942
f 941 944 943
f 943 945 942
f 944 946 943
f 943 946 945
f 944 947 946
f 947 948 946
f 946 949 945
f 946 948 949
f 947 950 948
f 948 951 949
f 950 952 948
f 948 953 951
f 952 954 948
f 948 954 953
f 952 955 954
f 954 956 953
f 955 957 954
f 954 957 956
f 955 958 957
f 957 959 956
f 958 960 957
f 957 960 959
f 958 961 960
f 960 962 959
f 961 963 960
f 960 963 962
f 961 964 963
f 964 962 963
f 964 961 965
f 964 966 962
f 967 964 965
f 964 967 966
f 967 965 968
f 967 969 966
f 970 967 968
f 967 970 969
f 970 968 971
f 970 972 969
f 973 970 971
f 970 973 972
f 973 971 974
f 973 975 972
f 976 973 974
f 973 976 975
f 976 974 977
f 976 978 975
f 979 976 977
f 976 979 978
f 979 977 980
f 979 981 978
f 982 979 980
f 979 982 981
f 982 980 983
f 982 983 981
f 980 984 983
f 985 981 983
f 984 986 983
f 985 983 986
f 984 987 986
f 988 985 986
f 987 989 986
f 988 986 989
f 987 990 989
f 991 988 989
f 990 992 989
f 991 989 992
f 990 993 992
f 994 991 992
f 993 995 992
f 994 992 995
f 993 996 995
f 997 994 995
f 996 998 995
f 997 995 998
f 996 999 998
f 1000 997 998
f 999 1000 998
f 1001 1002 1003
f 1002 1004 1003
f 1002 1005 1004
f 1003 1004 1006
f 1004 1007 1006
f 1005 1008 1004
f 1004 1009 1007
f 1008 1010 1004
f 1004 1010 1009
f 1008 1011 1010
f 1011 1012 1010
f 1010 1013 1009
f 1010 1012 1013
f 1011 1014 1012
f 1012 1015 1013
f 1014 1016 1012
f 1012 1017 1015
f 1016 1018 1012
f 1012 1018 1017
f 1016 1019 1018
f 1019 1020 1018
f 1018 1021 1017
f 1018 1020 1021
f 1019 1022 1020
f 1020 1023 1021
f 1022 1024 1020
f 1020 1025 1023
f 1024 1026 1020
f 1020 1026 1025
f 1024 1027 1026
f 1026 1028 1025
f 1027 1029 1026
f 1026 1029 1028
f 1027 1030 1029
f 1029 1031 1028
f 1030 1032 1029
f 1029 1032 1031
f 1030 1033 1032
f 1032 1034 1031
f 1033 1035 1032
f 1032 1035 1034
f 1033 1036 1035
f 1035 1037 1034
f 1036 1038 1035
f 1035 1038 1037
f 1036 1039 1038
f 1038 1040 1037
f 1039 1041 1038
f 1038 1041 1040
f 1039 1042 1041
f 1041 1043 1040
f 1042 1044 1041
f 1044 1043 1041
f 1044 1045 1043
f 1046 1047 1048
f 1046 1048 1049
f 1050 1046 1049
f 1049 1048 1051
f 1052 1050 1049
f 1053 1049 1051
f 1052 1049 1053
f 1053 1051 1054
f 1055 1052 1053
f 1056 1053 1054
f 1055 1053 1056
f 1056 1054 1057
f 1058 1055 1056
f 1059 1056 1057
f 1058 1056 1059
f 1059 1057 1060
f 1061 1058 1059
f 1062 1059 1060
f 1061 1059 1062
f 1062 1060 1063
f 1064 1061 1062
f 1065 1062 1063
f 1064 1062 1065
f 1065 1063 1066
f 1067 1065 1066
f 1068 1064 1065
f 1068 1065 1067
f 1067 1066 1069
f 1070 1068 1067
f 1071 1067 1069
f 1072 1070 1067
f 1073 1067 1071
f 1072 1067 1073
f 1074 1073 1071
f 1075 1072 1073
f 1076 1073 1074
f 1076 1075 1073
f 1077 1076 1074
f 1076 1077 1075
f 1077 1074 1078
f 1077 1079 1075
f 1080 1077 1078
f 1077 1080 1079
f 1080 1078 1081
f 1080 1082 1079
f 1083 1080 1081
f 1080 1083 1082
f 1083 1081 1084
f 1083 1085 1082
f 1086 1083 1084
f 1083 1086 1085
f 1086 1084 1087
f 1086 1088 1085
f 1089 1086 1087
f 1086 1089 1088
f 1089 1087 1090
f 1089 1091 1088
f 1092 1089 1090
f 1089 1092 1091
f 1092 1090 1093
f 1091 1092 1094
f 1092 1093 1094
f 1093 1095 1094
f 1095 1096 1094
f 1094 1096 1097
f 1095 1098 1096
f 1096 1099 1097
f 1098 1100 1096
f 1096 1100 1099
f 1098 1101 1100
f 1100 1102 1099
f 1101 1103 1100
f 1100 1103 1102
f 1101 1104 1103
f 1103 1105 1102
f 1104 1106 1103
f 1103 1106 1105
f 1104 1107 1106
f 1106 1108 1105
f 1107 1109 1106
f 1106 1109 1108
f 1107 1110 1109
f 1109 1111 1108
f 1110 1112 1109
f 1109 1112 1111
f 1110 1113 1112
f 1113 1114 1112
f 1112 1115 1111
f 1112 1114 1115
f 1113 1116 1114
f 1114 1117 1115
f 1116 1118 1114
f 1114 1119 1117
f 1118 1120 1114
f 1114 1120 1119
f 1118 1121 1120
f 1120 1122 1119
f 1121 1123 1120
f 1120 1123 1122
f 1121 1124 1123
f 1124 1122 1123
f 1125 1124 1121
f 1124 1126 1122
f 1127 1124 1125
f 1124 1127 1126
f 1128 1127 1125
f 1127 1129 1126
f 1130 1127 1128
f 1127 1130 1129
f 1131 1130 1128
f 1130 1132 1129
f 1133 1130 1131
f 1130 1133 1132
f 1134 1133 1131
f 1133 1135 1132
f 1136 1133 1134
f 1133 1136 1135
f 1137 1136 1134
f 1136 1138 1135
f 1139 1136 1137
f 1136 1139 1138
f 1140 1139 1137
f 1139 1141 1138
f 1139 1140 1141
f 1142 1143 1144
f 1143 1145 1144
f 1143 1146 1145
f 1144 1145 1147
f 1145 1148 1147
f 1146 1149 1145
f 1145 1150 1148
f 1149 1151 1145
f 1145 1151 1150
f 1149 1152 1151
f 1152 1153 1151
f 1151 1154 1150
f 1151 1153 1154
f 1152 1155 1153
f 1153 1156 1154
f 1155 1157 1153
f 1153 1158 1156
f 1157 1159 1153
f 1153 1159 1158
f 1157 1160 1159
f 1160 1161 1159
f 1159 1162 1158
f 1159 1161 1162
f 1160 1163 1161
f 1161 1164 1162
f 1163 1165 1161
f 1161 1166 1164
f 1165 1167 1161
f 1161 1167 1166
f 1165 1168 1167
f 1167 1169 1166
f 1168 1170 1167
f 1167 1170 1169
f 1168 1171 1170
f 1170 1172 1169
f 1171 1173 1170
f 1170 1173 1172
f 1171 1174 1173
f 1173 1175 1172
f 1174 1176 1173
f 1173 1176 1175
f 1174 1177 1176
f 1176 1178 1175
f 1177 1179 1176
f 1176 1179 1178
f 1177 1180 1179
f 1179 1181 1178
f 1180 1182 1179
f 1179 1182 1181
f 1180 1183 1182
f 1182 1184 1181
f 1183 1185 1182
f 1185 1184 1182
f 1185 1186 1184
f 1187 1188 1189
f 1187 1189 1190
f 1191 1187 1190
f 1190 1189 1192
f 1193 1191 1190
f 1194 1190 1192
f 1193 1190 1194
f 1194 1192 1195
f 1196 1193 1194
f 1197 1194 1195
f 1196 1194 1197
f 1197 1195 1198
f 1199 1196 1197
f 1200 1197 1198
f 1199 1197 1200
f 1200 1198 1201
f 1202 1199 1200
f 1203 1200 1201
f 1202 1200 1203
f 1203 1201 1204
f 1205 1202 1203
f 1206 1203 1204
f 1205 1203 1206
f 1206 1204 1207
f 1208 1206 1207
f 1209 1205 1206
f 1209 1206 1208
f 1208 1207 1210
f 1211 1209 1208
f 1212 1208 1210
f 1213 1211 1208
f 1214 1208 1212
f 1213 1208 1214
f 1215 1214 1212
f 1216 1213 1214
f 1217 1214 1215
f 1217 1216 1214
f 1218 1217 1215
f 1217 1218 1216
f 1218 1215 1219
f 1218 1220 1216
f 1221 1218 1219
f 1218 1221 1220
f 1221 1219 1222
f 1221 1223 1220
f 1224 1221 1222
f 1221 1224 1223
f 1224 1222 1225
f 1224 1226 1223
f 1227 1224 1225
f 1224 1227 1226
f 1227 1225 1228
f 1227 1229 1226
f 1230 1227 1228
f 1227 1230 1229
f 1230 1228 1231
f 1230 1232 1229
f 1233 1230 1231
f 1230 1233 1232
f 1233 1231 1234
f 1232 1233 1235
f 1233 1234 1235
f 1234 1236 1235
f 1236 1237 1235
f 1235 1237 1238
f 1236 1239 1237
f 1237 1240 1238
f 1239 1241 1237
f 1237 1241 1240
f 1239 1242 1241
f 1241 1243 1240
f 1242 1244 1241
f 1241 1244 1243
f 1242 1245 1244
f 1244 1246 1243
f 1245 1247 1244
f 1244 1247 1246
f 1245 1248 1247
f 1247 1249 1246
f 1248 1250 1247
f 1247 1250 1249
f 1248 1251 1250
f 1250 1252 1249
f 1251 1253 1250
f 1250 1253 1252
f 1251 1254 1253
f 1254 1255 1253
f 1253 1256 1252
f 1253 1255 1256
f 1254 1257 1255
f 1255 1258 1256
f 1257 1259 1255
f 1255 1260 1258
f 1259 1261 1255
f 1255 1261 1260
f 1259 1262 1261
f 1261 1263 1260
f 1262 1264 1261
f 1261 1264 1263
f 1262 1265 1264
f 1265 1263 1264
f 1266 1265 1262
f 1265 1267 1263
f 1268 1265 1266
f 1265 1268 1267
f 1269 1268 1266
f 1268 1270 1267
f 1271 1268 1269
f 1268 1271 1270
f 1272 1271 1269
f 1271 1273 1270
f 1274 1271 1272
f 1271 1274 1273
f 1275 1274 1272
f 1274 1276 1273
f 1277 1274 1275
f 1274 1277 1276
f 1278 1277 1275
f 1277 1279 1276
f 1280 1277 1278
f 1277 1280 1279
f 1281 1280 1278
f 1280 1282 1279
f 1280 1281 1282
f 1283 1284 1285
f 1284 1286 1285
f 1284 1287 1286
f 1285 1286 1288
f 1286 1289 1288
f 1287 1290 1286
f 1286 1291 1289
f 1290 1292 1286
f 1286 1292 1291
f 1290 1293 1292
f 1293 1294 1292
f 1292 1295 1291
f 1292 1294 1295
f 1293 1296 1294
f 1294 1297 1295
f 1296 1298 1294
f 1294 1299 1297
f 1298 1300 1294
f 1294 1300 1299
f 1298 1301 1300
f 1301 1302 1300
f 1300 1303 1299
f 1300 1302 1303
f 1301 1304 1302
f 1302 1305 1303
f 1304 1306 1302
f 1302 1307 1305
f 1306 1308 1302
f 1302 1308 1307
f 1306 1309 1308
f 1308 1310 1307
f 1309 1311 1308
f 1308 1311 1310
f 1309 1312 1311
f 1311 1313 1310
f 1312 1314 1311
f 1311 1314 1313
f 1312 1315 1314
f 1314 1316 1313
f 1315 1317 1314
f 1314 1317 1316
f 1315 1318 1317
f 1317 1319 1316
f 1318 1320 1317
f 1317 1320 1319
f 1318 1321 1320
f 1320 1322 1319
f 1321 1323 1320
f 1320 1323 1322
f 1321 1324 1323
f 1323 1325 1322
f 1324 1326 1323
f 1326 1325 1323
f 1326 1327 1325
f 1328 1329 1330
f 1328 1330 1331
f 1332 1328 1331
f 1331 1330 1333
f 1334 1332 1331
f 1335 1331 1333
f 1334 1331 1335
f 1335 1333 1336
f 1337 1334 1335
f 1338 1335 1336
f 1337 1335 1338
f 1338 1336 1339
f 1340 1337 1338
f 1341 1338 1339
f 1340 1338 1341
f 1341 1339 1342
f 1343 1340 1341
f 1344 1341 1342
f 1343 1341 1344
f 1344 1342 1345
f 1346 1343 1344
f 1347 1344 1345
f 1346 1344 1347
f 1347 1345 1348
f 1349 1347 1348
f 1350 1346 1347
f 1350 1347 1349
f 1349 1348 1351
f 1352 1350 1349
f 1353 1349 1351
f 1354 1352 1349
f 1355 1349 1353
f 1354 1349 1355
f 1356 1355 1353
f 1357 1354 1355
f 1358 1355 1356
f 1358 1357 1355
f 1359 1358 1356
f 1358 1359 1357
f 1359 1356 1360
f 1359 1361 1357
f 1362 1359 1360
f 1359 1362 1361
f 1362 1360 1363
f 1362 1364 1361
f 1365 1362 1363
f 1362 1365 1364
f 1365 1363 1366
f 1365 1367 1364
f 1368 1365 1366
f 1365 1368 1367
f 1368 1366 1369
f 1368 1370 1367
f 1371 1368 1369
f 1368 1371 1370
f 1371 1369 1372
f 1371 1373 1370
f 1374 1371 1372
f 1371 1374 1373
f 1374 1372 1375
f 1373 1374 1376
f 1374 1375 1376
f 1375 1377 1376
f 1377 1378 1376
f 1376 1378 1379
f 1377 1380 1378
f 1378 1381 1379
f 1380 1382 1378
f 1378 1382 1381
f 1380 1383 1382
f 1382 1384 1381
f 1383 1385 1382
f 1382 1385 1384
f 1383 1386 1385
f 1385 1387 1384
f 1386 1388 1385
f 1385 1388 1387
f 1386 1389 1388
f 1388 1390 1387
f 1389 1391 1388
f 1388 1391 1390
f 1389 1392 1391
f 1391 1393 1390
f 1392 1394 1391
f 1391 1394 1393
f 1392 1395 1394
f 1395 1396 1394
f 1394 1397 1393
f 1394 1396 1397
f 1395 1398 1396
f 1396 1399 1397
f 1398 1400 1396
f 1396 1401 1399
f 1400 1402 1396
f 1396 1402 1401
f 1400 1403 1402
f 1402 1404 1401
f 1403 1405 1402
f 1402 1405 1404
f 1403 1406 1405
f 1406 1404 1405
f 1407 1406 1403
f 1406 1408 1404
f 1409 1406 1407
f 1406 1409 1408
f 1410 1409 1407
f 1409 1411 1408
f 1412 1409 1410
f 1409 1412 1411
f 1413 1412 1410
f 1412 1414 1411
f 1415 1412 1413
f 1412 1415 1414
f 1416 1415 1413
f 1415 1417 1414
f 1418 1415 1416
f 1415 1418 1417
f 1419 1418 1416
f 1418 1420 1417
f 1421 1418 1419
f 1418 1421 1420
f 1422 1421 1419
f 1421 1423 1420
f 1421 1422 1423
f 1424 1425 1426
f 1425 1427 1426
f 1425 1428 1427
f 1426 1427 1429
f 1427 1430 1429
f 1428 1431 1427
f 1427 1432 1430
f 1431 1433 1427
f 1427 1433 1432
f 1431 1434 1433
f 1434 1435 1433
f 1433 1436 1432
f 1433 1435 1436
f 1434 1437 1435
f 1435 1438 1436
f 1437 1439 1435
f 1435 1440 1438
f 1439 1441 1435
f 1435 1441 1440
f 1439 1442 1441
f 1442 1443 1441
f 1441 1444 1440
f 1441 1443 1444
f 1442 1445 1443
f 1443 1446 1444
f 1445 1447 1443
f 1443 1448 1446
f 1447 1449 1443
f 1443 1449 1448
f 1447 1450 1449
f 1449 1451 1448
f 1450 1452 1449
f 1449 1452 1451
f 1450 1453 1452
f 1452 1454 1451
f 1453 1455 1452
f 1452 1455 1454
f 1453 1456 1455
f 1455 1457 1454
f 1456 1458 1455
f 1455 1458 1457
f 1456 1459 1458
f 1458 1460 1457
f 1459 1461 1458
f 1458 1461 1460
f 1459 1462 1461
f 1461 1463 1460
f 1462 1464 1461
f 1461 1464 1463
f 1462 1465 1464
f 1464 1466 1463
f 1465 1467 1464
f 1467 1466 1464
f 1467 1468 1466
f 1469 1470 1471
f 1469 1471 1472
f 1473 1469 1472
f 1472 1471 1474
f 1475 1473 1472
f 1476 1472 1474
f 1475 1472 1476
f 1476 1474 1477
f 1478 1475 1476
f 1479 1476 1477
f 1478 1476 1479
f 1479 1477 1480
f 1481 1478 1479
f 1482 1479 1480
f 1481 1479 1482
f 1482 1480 1483
f 1484 1481 1482
f 1485 1482 1483
f 1484 1482 1485
f 1485 1483 1486
f 1487 1484 1485
f 1488 1485 1486
f 1487 1485 1488
f 1488 1486 1489
f 1490 1488 1489
f 1491 1487 1488
f 1491 1488 1490
f 1490 1489 1492
f 1493 1491 1490
f 1494 1490 1492
f 1495 1493 1490
f 1496 1490 1494
f 1495 1490 1496
f 1497 1496 1494
f 1498 1495 1496
f 1499 1496 1497
f 1499 1498 1496
f 1500 1499 1497
f 1499 1500 1498
f 1500 1497 1501
f 1500 1502 1498
f 1503 1500 1501
f 1500 1503 1502
f 1503 1501 1504
f 1503 1505 1502
f 1506 1503 1504
f 1503 1506 1505
f 1506 1504 1507
f 1506 1508 1505
f 1509 1506 1507
f 1506 1509 1508
f 1509 1507 1510
f 1509 1511 1508
f 1512 1509 1510
f 1509 1512 1511
f 1512 1510 1513
f 1512 1514 1511
f 1515 1512 1513
f 1512 1515 1514
f 1515 1513 1516
f 1514 1515 1517
f 1515 1516 1517
f 1516 1518 1517
f 1518 1519 1517
f 1517 1519 1520
f 1518 1521 1519
f 1519 1522 1520
f 1521 1523 1519
f 1519 1523 1522
f 1521 1524 1523
f 1523 1525 1522
f 1524 1526 1523
f 1523 1526 1525
f 1524 1527 1526
f 1526 1528 1525
f 1527 1529 1526
f 1526 1529 1528
f 1527 1530 1529
f 1529 1531 1528
f 1530 1532 1529
f 1529 1532 1531
f 1530 1533 1532
f 1532 1534 1531
f 1533 1535 1532
f 1532 1535 1534
f 1533 1536 1535
f 1536 1537 1535
f 1535 1538 1534
f 1535 1537 1538
f 1536 1539 1537
f 1537 1540 1538
f 1539 1541 1537
f 1537 1542 1540
f 1541 1543 1537
f 1537 1543 1542
f 1541 1544 1543
f 1543 1545 1542
f 1544 1546 1543
f 1543 1546 1545
f 1544 1547 1546
f 1547 1545 1546
f 1548 1547 1544
f 1547 1549 1545
f 1550 1547 1548
f 1547 1550 1549
f 1551 1550 1548
f 1550 1552 1549
f 1553 1550 1551
f 1550 1553 1552
f 1554 1553 1551
f 1553 1555 1552
f 1556 1553 1554
f 1553 1556 1555
f 1557 1556 1554
f 1556 1558 1555
f 1559 1556 1557
f 1556 1559 1558
f 1560 1559 1557
f 1559 1561 1558
f 1562 1559 1560
f 1559 1562 1561
f 1563 1562 1560
f 1562 1564 1561
f 1562 1563 1564
f 1565 1566 1567
f 1566 1568 1567
f 1566 1569 1568
f 1567 1568 1570
f 1568 1571 1570
f 1569 1572 1568
f 1568 1573 1571
f 1572 1574 1568
f 1568 1574 1573
f 1572 1575 1574
f 1575 1576 1574
f 1574 1577 1573
f 1574 1576 1577
f 1575 1578 1576
f 1576 1579 1577
f 1578 1580 1576
f 1576 1581 1579
f 1580 1582 1576
f 1576 1582 1581
f 1580 1583 1582
f 1583 1584 1582
f 1582 1585 1581
f 1582 1584 1585
f 1583 1586 1584
f 1584 1587 1585
f 1586 1588 1584
f 1584 1589 1587
f 1588 1590 1584
f 1584 1590 1589
f 1588 1591 1590
f 1590 1592 1589
f 1591 1593 1590
f 1590 1593 1592
f 1591 1594 1593
f 1593 1595 1592
f 1594 1596 1593
f 1593 1596 1595
f 1594 1597 1596
f 1596 1598 1595
f 1597 1599 1596
f 1596 1599 1598
f 1597 1600 1599
f 1599 1601 1598
f 1600 1602 1599
f 1599 1602 1601
f 1600 1603 1602
f 1602 1604 1601
f 1603 1605 1602
f 1602 1605 1604
f 1603 1606 1605
f 1605 1607 1604
f 1606 1608 1605
f 1608 1607 1605
f 1608 1609 1607
f 1610 1611 1612
f 1610 1612 1613
f 1614 1610 1613
f 1613 1612 1615
f 1616 1614 1613
f 1617 1613 1615
f 1616 1613 1617
f 1617 1615 1618
f 1619 1616 1617
f 1620 1617 1618
f 1619 1617 1620
f 1620 1618 1621
f 1622 1619 1620
f 1623 1620 1621
f 1622 1620 1623
f 1623 1621 1624
f 1625 1622 1623
f 1626 1623 1624
f 1625 1623 1626
f 1626 1624 1627
f 1628 1625 1626
f 1629 1626 1627
f 1628 1626 1629
f 1629 1627 1630
f 1631 1629 1630
f 1632 1628 1629
f 1632 1629 1631
f 1631 1630 1633
f 1634 1632 1631
f 1635 1631 1633
f 1636 1634 1631
f 1637 1631 1635
f 1636 1631 1637
f 1638 1637 1635
f 1639 1636 1637
f 1640 1637 1638
f 1640 1639 1637
f 1641 1640 1638
f 1640 1641 1639
f 1641 1638 1642
f 1641 1643 1639
f 1644 1641 1642
f 1641 1644 1643
f 1644 1642 1645
f 1644 1646 1643
f 1647 1644 1645
f 1644 1647 1646
f 1647 1645 1648
f 1647 1649 1646
f 1650 1647 1648
f 1647 1650 1649
f 1650 1648 1651
f 1650 1652 1649
f 1653 1650 1651
f 1650 1653 1652
f 1653 1651 1654
f 1653 1655 1652
f 1656 1653 1654
f 1653 1656 1655
f 1656 1654 1657
f 1655 1656 1658
f 1656 1657 1658
f 1657 1659 1658
f 1659 1660 1658
f 1658 1660 1661
f 1659 1662 1660
f 1660 1663 1661
f 1662 1664 1660
f 1660 1664 1663
f 1662 1665 1664
f 1664 1666 1663
f 1665 1667 1664
f 1664 1667 1666
f 1665 1668 1667
f 1667 1669 1666
f 1668 1670 1667
f 1667 1670 1669
f 1668 1671 1670
f 1670 1672 1669
f 1671 1673 1670
f 1670 1673 1672
f 1671 1674 1673
f 1673 1675 1672
f 1674 1676 1673
f 1673 1676 1675
f 1674 1677 1676
f 1677 1678 1676
f 1676 1679 1675
f 1676 1678 1679
f 1677 1680 1678
f 1678 1681 1679
f 1680 1682 1678
f 1678 1683 1681
f 1682 1684 1678
f 1678 1684 1683
f 1682 1685 1684
f 1684 1686 1683
f 1685 1687 1684
f 1684 1687 1686
f 1685 1688 1687
f 1688 1686 1687
f 1689 1688 1685
f 1688 1690 1686
f 1691 1688 1689
f 1688 1691 1690
f 1692 1691 1689
f 1691 1693 1690
f 1694 1691 1692
f 1691 1694 1693
f 1695 1694 1692
f 1694 1696 1693
f 1697 1694 1695
f 1694 1697 1696
f 1698 1697 1695
f 1697 1699 1696
f 1700 1697 1698
f 1697 1700 1699
f 1701 1700 1698
f 1700 1702 1699
f 1703 1700 1701
f 1700 1703 1702
f 1704 1703 1701
f 1703 1705 1702
f 1703 1704 1705
f 1706 1707 1708
f 1707 1709 1708
f 1707 1710 1709
f 1708 1709 1711
f 1709 1712 1711
f 1710 1713 1709
f 1709 1714 1712
f 1713 1715 1709
f 1709 1715 1714
f 1713 1716 1715
f 1716 1717 1715
f 1715 1718 1714
f 1715 1717 1718
f 1716 1719 1717
f 1717 1720 1718
f 1719 1721 1717
f 1717 1722 1720
f 1721 1723 1717
f 1717 1723 1722
f 1721 1724 1723
f 1724 1725 1723
f 1723 1726 1722
f 1723 1725 1726
f 1724 1727 1725
f 1725 1728 1726
f 1727 1729 1725
f 1725 1730 1728
f 1729 1731 1725
f 1725 1731 1730
f 1729 1732 1731
f 1731 1733 1730
f 1732 1734 1731
f 1731 1734 1733
f 1732 1735 1734
f 1734 1736 1733
f 1735 1737 1734
f 1734 1737 1736
f 1735 1738 1737
f 1737 1739 1736
f 1738 1740 1737
f 1737 1740 1739
f 1738 1741 1740
f 1740 1742 1739
f 1741 1743 1740
f 1740 1743 1742
f 1741 1744 1743
f 1743 1745 1742
f 1744 1746 1743
f 1743 1746 1745
f 1744 1747 1746
f 1746 1748 1745
f 1747 1749 1746
f 1749 1748 1746
f 1749 1750 1748
f 1751 1752 1753
f 1751 1753 1754
f 1755 1751 1754
f 1754 1753 1756
f 1757 1755 1754
f 1758 1754 1756
f 1757 1754 1758
f 1758 1756 1759
f 1760 1757 1758
f 1761 1758 1759
f 1760 1758 1761
f 1761 1759 1762
f 1763 1760 1761
f 1764 1761 1762
f 1763 1761 1764
f 1764 1762 1765
f 1766 1763 1764
f 1767 1764 1765
f 1766 1764 1767
f 1767 1765 1768
f 1769 1766 1767
f 1770 1767 1768
f 1769 1767 1770
f 1770 1768 1771
f 1772 1770 1771
f 1773 1769 1770
f 1773 1770 1772
f 1772 1771 1774
f 1775 1773 1772
f 1776 1772 1774
f 1777 1775 1772
f 1778 1772 1776
f 1777 1772 1778
f 1779 1778 1776
f 1780 1777 1778
f 1781 1778 1779
f 1781 1780 1778
f 1782 1781 1779
f 1781 1782 1780
f 1782 1779 1783
f 1782 1784 1780
f 1785 1782 1783
f 1782 1785 1784
f 1785 1783 1786
f 1785 1787 1784
f 1788 1785 1786
f 1785 1788 1787
f 1788 1786 1789
f 1788 1790 1787
f 1791 1788 1789
f 1788 1791 1790
f 1791 1789 1792
f 1791 1793 1790
f 1794 1791 1792
f 1791 1794 1793
f 1794 1792 1795
f 1794 1796 1793
f 1797 1794 1795
f 1794 1797 1796
f 1797 1795 1798
f 1796 1797 1799
f 1797 1798 1799
f 1798 1800 1799
f 1800 1801 1799
f 1799 1801 1802
f 1800 1803 1801
f 1801 1804 1802
f 1803 1805 1801
f 1801 1805 1804
f 1803 1806 1805
f 1805 1807 1804
f 1806 1808 1805
f 1805 1808 1807
f 1806 1809 1808
f 1808 1810 1807
f 1809 1811 1808
f 1808 1811 1810
f 1809 1812 1811
f 1811 1813 1810
f 1812 1814 1811
f 1811 1814 1813
f 1812 1815 1814
f 1814 1816 1813
f 1815 1817 1814
f 1814 1817 1816
f 1815 1818 1817
f 1818 1819 1817
f 1817 1820 1816
f 1817 1819 1820
f 1818 1821 1819
f 1819 1822 1820
f 1821 1823 1819
f 1819 1824 1822
f 1823 1825 1819
f 1819 1825 1824
f 1823 1826 1825
f 1825 1827 1824
f 1826 1828 1825
f 1825 1828 1827
f 1826 1829 1828
f 1829 1827 1828
f 1830 1829 1826
f 1829 1831 1827
f 1832 1829 1830
f 1829 1832 1831
f 1833 1832 1830
f 1832 1834 1831
f 1835 1832 1833
f 1832 1835 1834
f 1836 1835 1833
f 1835 1837 1834
f 1838 1835 1836
f 1835 1838 1837
f 1839 1838 1836
f 1838 1840 1837
f 1841 1838 1839
f 1838 1841 1840
f 1842 1841 1839
f 1841 1843 1840
f 1844 1841 1842
f 1841 1844 1843
f 1845 1844 1842
f 1844 1846 1843
f 1844 1845 1846
f 1847 1848 1849
f 1850 1847 1849
f 1847 1850 1851
f 1850 1849 1852
f 1850 1853 1851
f 1854 1850 1852
f 1850 1854 1853
f 1854 1852 1855
f 1854 1856 1853
f 1857 1854 1855
f 1854 1857 1856
f 1857 1855 1858
f 1857 1859 1856
f 1860 1857 1858
f 1857 1860 1859
f 1860 1858 1861
f 1860 1862 1859
f 1863 1860 1861
f 1860 1863 1862
f 1863 1861 1864
f 1863 1865 1862
f 1866 1863 1864
f 1863 1866 1865
f 1866 1864 1867
f 1868 1866 1867
f 1866 1869 1865
f 1866 1868 1869
f 1868 1867 1870
f 1868 1871 1869
f 1868 1870 1872
f 1868 1873 1871
f 1874 1868 1872
f 1868 1874 1873
f 1874 1872 1875
f 1874 1876 1873
f 1877 1874 1875
f 1874 1877 1876
f 1877 1875 1878
f 1877 1879 1876
f 1880 1877 1878
f 1877 1880 1879
f 1880 1878 1881
f 1880 1882 1879
f 1883 1880 1881
f 1880 1883 1882
f 1883 1881 1884
f 1883 1885 1882
f 1886 1883 1884
f 1883 1886 1885
f 1886 1884 1887
f 1886 1888 1885
f 1889 1886 1887
f 1886 1889 1888
f 1889 1887 1890
f 1891 1889 1890
f 1889 1892 1888
f 1889 1891 1892
f 1891 1890 1893
f 1891 1894 1892
f 1891 1893 1895
f 1891 1896 1894
f 1897 1891 1895
f 1891 1897 1896
f 1897 1895 1898
f 1897 1899 1896
f 1900 1897 1898
f 1897 1900 1899
f 1900 1898 1901
f 1900 1902 1899
f 1903 1900 1901
f 1900 1903 1902
f 1903 1901 1904
f 1903 1905 1902
f 1903 1904 1906
f 1905 1903 1906
f 1907 1906 1904
f 1905 1906 1907
f 1908 1907 1904
f 1909 1905 1907
f 1910 1907 1908
f 1909 1907 1910
f 1911 1910 1908
f 1912 1909 1910
f 1913 1910 1911
f 1912 1910 1913
f 1914 1913 1911
f 1915 1912 1913
f 1916 1913 1914
f 1915 1913 1916
f 1917 1916 1914
f 1918 1915 1916
f 1919 1916 1917
f 1918 1916 1919
f 1920 1919 1917
f 1921 1918 1919
f 1922 1919 1920
f 1921 1919 1922
f 1923 1922 1920
f 1924 1921 1922
f 1925 1922 1923
f 1925 1924 1922
f 1926 1925 1923
f 1925 1926 1924
f 1926 1923 1927
f 1926 1928 1924
f 1929 1926 1927
f 1926 1929 1928
f 1929 1927 1930
f 1929 1931 1928
f 1932 1929 1930
f 1929 1932 1931
f 1932 1930 1933
f 1932 1934 1931
f 1935 1932 1933
f 1932 1935 1934
f 1935 1933 1936
f 1935 1937 1934
f 1938 1935 1936
f 1935 1938 1937
f 1938 1936 1939
f 1938 1940 1937
f 1941 1938 1939
f 1938 1941 1940
f 1941 1939 1942
f 1940 1941 1943
f 1941 1942 1943
f 1942 1944 1943
f 1944 1945 1943
f 1943 1945 1946
f 1944 1947 1945
f 1945 1948 1946
f 1947 1949 1945
f 1945 1949 1948
f 1947 1950 1949
f 1949 1951 1948
f 1950 1952 1949
f 1949 1952 1951
f 1950 1953 1952
f 1952 1954 1951
f 1953 1955 1952
f 1952 1955 1954
f 1953 1956 1955
f 1955 1957 1954
f 1956 1958 1955
f 1955 1958 1957
f 1956 1959 1958
f 1958 1960 1957
f 1959 1961 1958
f 1958 1961 1960
f 1959 1962 1961
f 1962 1963 1961
f 1961 1964 1960
f 1961 1963 1964
f 1962 1965 1963
f 1963 1966 1964
f 1965 1967 1963
f 1963 1968 1966
f 1967 1969 1963
f 1963 1969 1968
f 1967 1970 1969
f 1969 1971 1968
f 1970 1972 1969
f 1969 1972 1971
f 1970 1973 1972
f 1972 1974 1971
f 1973 1975 1972
f 1972 1975 1974
f 1973 1976 1975
f 1975 1977 1974
f 1976 1978 1975
f 1975 1978 1977
f 1976 1979 1978
f 1978 1980 1977
f 1979 1981 1978
f 1978 1981 1980
f 1979 1982 1981
f 1981 1983 1980
f 1982 1984 1981
f 1981 1984 1983
f 1982 1985 1984
f 1985 1986 1984
f 1984 1987 1983
f 1984 1986 1987
f 1985 1988 1986
f 1986 1989 1987
f 1988 1990 1986
f 1986 1991 1989
f 1990 1992 1986
f 1986 1992 1991
f 1990 1993 1992
f 1992 1994 1991
f 1993 1995 1992
f 1992 1995 1994
f 1993 1996 1995
f 1995 1997 1994
f 1996 1998 1995
f 1995 1998 1997
f 1996 1999 1998
f 1998 2000 1997
f 1999 2001 1998
f 1998 2001 2000
f 1999 2002 2001
f 2002 2000 2001
f 2002 1999 2003
f 2002 2004 2000
f 2005 2002 2003
f 2002 2005 2004
f 2005 2003 2006
f 2005 2007 2004
f 2008 2005 2006
f 2005 2008 2007
f 2008 2006 2009
f 2008 2010 2007
f 2011 2008 2009
f 2008 2011 2010
f 2011 2009 2012
f 2011 2013 2010
f 2014 2011 2012
f 2011 2014 2013
f 2014 2012 2015
f 2014 2016 2013
f 2017 2014 2015
f 2014 2017 2016
f 2017 2015 2018
f 2017 2019 2016
f 2020 2017 2018
f 2017 2020 2019
f 2020 2018 2021
f 2020 2021 2019
f 2018 2022 2021
f 2023 2019 2021
f 2022 2024 2021
f 2023 2021 2024
f 2022 2025 2024
f 2026 2023 2024
f 2025 2027 2024
f 2026 2024 2027
f 2025 2028 2027
f 2029 2026 2027
f 2028 2030 2027
f 2029 2027 2030
f 2028 2031 2030
f 2032 2029 2030
f 2031 2033 2030
f 2032 2030 2033
f 2031 2034 2033
f 2035 2032 2033
f 2034 2036 2033
f 2035 2033 2036
f 2034 2037 2036
f 2038 2035 2036
f 2037 2038 2036
f 2039 2040 2041
f 2042 2039 2041
f 2039 2042 2043
f 2042 2041 2044
f 2042 2045 2043
f 2046 2042 2044
f 2042 2046 2045
f 2046 2044 2047
f 2046 2048 2045
f 2049 2046 2047
f 2046 2049 2048
f 2049 2047 2050
f 2049 2051 2048
f 2052 2049 2050
f 2049 2052 2051
f 2052 2050 2053
f 2052 2054 2051
f 2055 2052 2053
f 2052 2055 2054
f 2055 2053 2056
f 2055 2057 2054
f 2058 2055 2056
f 2055 2058 2057
f 2058 2056 2059
f 2060 2058 2059
f 2058 2061 2057
f 2058 2060 2061
f 2060 2059 2062
f 2060 2063 2061
f 2060 2062 2064
f 2060 2065 2063
f 2066 2060 2064
f 2060 2066 2065
f 2066 2064 2067
f 2066 2068 2065
f 2069 2066 2067
f 2066 2069 2068
f 2069 2067 2070
f 2069 2071 2068
f 2072 2069 2070
f 2069 2072 2071
f 2072 2070 2073
f 2072 2074 2071
f 2075 2072 2073
f 2072 2075 2074
f 2075 2073 2076
f 2075 2077 2074
f 2078 2075 2076
f 2075 2078 2077
f 2078 2076 2079
f 2078 2080 2077
f 2081 2078 2079
f 2078 2081 2080
f 2081 2079 2082
f 2083 2081 2082
f 2081 2084 2080
f 2081 2083 2084
f 2083 2082 2085
f 2083 2086 2084
f 2083 2085 2087
f 2083 2088 2086
f 2089 2083 2087
f 2083 2089 2088
f 2089 2087 2090
f 2089 2091 2088
f 2092 2089 2090
f 2089 2092 2091
f 2092 2090 2093
f 2092 2094 2091
f 2095 2092 2093
f 2092 2095 2094
f 2095 2093 2096
f 2095 2097 2094
f 2095 2096 2098
f 2097 2095 2098
f 2099 2098 2096
f 2097 2098 2099
f 2100 2099 2096
f 2101 2097 2099
f 2102 2099 2100
f 2101 2099 2102
f 2103 2102 2100
f 2104 2101 2102
f 2105 2102 2103
f 2104 2102 2105
f 2106 2105 2103
f 2107 2104 2105
f 2108 2105 2106
f 2107 2105 2108
f 2109 2108 2106
f 2110 2107 2108
f 2111 2108 2109
f 2110 2108 2111
f 2112 2111 2109
f 2113 2110 2111
f 2114 2111 2112
f 2113 2111 2114
f 2115 2114 2112
f 2116 2113 2114
f 2117 2114 2115
f 2117 2116 2114
f 2118 2117 2115
f 2117 2118 2116
f 2118 2115 2119
f 2118 2120 2116
f 2121 2118 2119
f 2118 2121 2120
f 2121 2119 2122
f 2121 2123 2120
f 2124 2121 2122
f 2121 2124 2123
f 2124 2122 2125
f 2124 2126 2123
f 2127 2124 2125
f 2124 2127 2126
f 2127 2125 2128
f 2127 2129 2126
f 2130 2127 2128
f 2127 2130 2129
f 2130 2128 2131
f 2130 2132 2129
f 2133 2130 2131
f 2130 2133 2132
f 2133 2131 2134
f 2132 2133 2135
f 2133 2134 2135
f 2134 2136 2135
f 2136 2137 2135
f 2135 2137 2138
f 2136 2139 2137
f 2137 2140 2138
f 2139 2141 2137
f 2137 2141 2140
f 2139 2142 2141
f 2141 2143 2140
f 2142 2144 2141
f 2141 2144 2143
f 2142 2145 2144
f 2144 2146 2143
f 2145 2147 2144
f 2144 2147 2146
f 2145 2148 2147
f 2147 2149 2146
f 2148 2150 2147
f 2147 2150 2149
f 2148 2151 2150
f 2150 2152 2149
f 2151 2153 2150
f 2150 2153 2152
f 2151 2154 2153
f 2154 2155 2153
f 2153 2156 2152
f 2153 2155 2156
f 2154 2157 2155
f 2155 2158 2156
f 2157 2159 2155
f 2155 2160 2158
f 2159 2161 2155
f 2155 2161 2160
f 2159 2162 2161
f 2161 2163 2160
f 2162 2164 2161
f 2161 2164 2163
f 2162 2165 2164
f 2164 2166 2163
f 2165 2167 2164
f 2164 2167 2166
f 2165 2168 2167
f 2167 2169 2166
f 2168 2170 2167
f 2167 2170 2169
f 2168 2171 2170
f 2170 2172 2169
f 2171 2173 2170
f 2170 2173 2172
f 2171 2174 2173
f 2173 2175 2172
f 2174 2176 2173
f 2173 2176 2175
f 2174 2177 2176
f 2177 2178 2176
f 2176 2179 2175
f 2176 2178 2179
f 2177 2180 2178
f 2178 2181 2179
f 2180 2182 2178
f 2178 2183 2181
f 2182 2184 2178
f 2178 2184 2183
f 2182 2185 2184
f 2184 2186 2183
f 2185 2187 2184
f 2184 2187 2186
f 2185 2188 2187
f 2187 2189 2186
f 2188 2190 2187
f 2187 2190 2189
f 2188 2191 2190
f 2190 2192 2189
f 2191 2193 2190
f 2190 2193 2192
f 2191 2194 2193
f 2194 2192 2193
f 2194 2191 2195
f 2194 2196 2192
f 2197 2194 2195
f 2194 2197 2196
f 2197 2195 2198
f 2197 2199 2196
f 2200 2197 2198
f 2197 2200 2199
f 2200 2198 2201
f 2200 2202 2199
f 2203 2200 2201
f 2200 2203 2202
f 2203 2201 2204
f 2203 2205 2202
f 2206 2203 2204
f 2203 2206 2205
f 2206 2204 2207
f 2206 2208 2205
f 2209 2206 2207
f 2206 2209 2208
f 2209 2207 2210
f 2209 2211 2208
f 2212 2209 2210
f 2209 2212 2211
f 2212 2210 2213
f 2212 2213 2211
f 2210 2214 2213
f 2215 2211 2213
f 2214 2216 2213
f 2215 2213 2216
f 2214 2217 2216
f 2218 2215 2216
f 2217 2219 2216
f 2218 2216 2219
f 2217 2220 2219
f 2221 2218 2219
f 2220 2222 2219
f 2221 2219 2222
f 2220 2223 2222
f 2224 2221 2222
f 2223 2225 2222
f 2224 2222 2225
f 2223 2226 2225
f 2227 2224 2225
f 2226 2228 2225
f 2227 2225 2228
f 2226 2229 2228
f 2230 2227 2228
f 2229 2230 2228
f 2231 2232 2233
f 2232 2234 2233
f 2232 2235 2234
f 2233 2234 2236
f 2234 2237 2236
f 2235 2238 2234
f 2234 2239 2237
f 2238 2240 2234
f 2234 2240 2239
f 2238 2241 2240
f 2241 2242 2240
f 2240 2243 2239
f 2240 2242 2243
f 2241 2244 2242
f 2242 2245 2243
f 2244 2246 2242
f 2242 2247 2245
f 2246 2248 2242
f 2242 2248 2247
f 2246 2249 2248
f 2249 2250 2248
f 2248 2251 2247
f 2248 2250 2251
f 2249 2252 2250
f 2250 2253 2251
f 2252 2254 2250
f 2250 2255 2253
f 2254 2256 2250
f 2250 2256 2255
f 2254 2257 2256
f 2256 2258 2255
f 2257 2259 2256
f 2256 2259 2258
f 2257 2260 2259
f 2259 2261 2258
f 2260 2262 2259
f 2259 2262 2261
f 2260 2263 2262
f 2262 2264 2261
f 2263 2265 2262
f 2262 2265 2264
f 2263 2266 2265
f 2265 2267 2264
f 2266 2268 2265
f 2265 2268 2267
f 2266 2269 2268
f 2268 2270 2267
f 2269 2271 2268
f 2268 2271 2270
f 2269 2272 2271
f 2271 2273 2270
f 2272 2274 2271
f 2274 2273 2271
f 2274 2275 2273
f 2276 2277 2278
f 2277 2279 2278
f 2277 2280 2279
f 2278 2279 2281
f 2279 2282 2281
f 2280 2283 2279
f 2279 2284 2282
f 2283 2285 2279
f 2279 2285 2284
f 2283 2286 2285
f 2286 2287 2285
f 2285 2288 2284
f 2285 2287 2288
f 2286 2289 2287
f 2287 2290 2288
f 2289 2291 2287
f 2287 2292 2290
f 2291 2293 2287
f 2287 2293 2292
f 2291 2294 2293
f 2294 2295 2293
f 2293 2296 2292
f 2293 2295 2296
f 2294 2297 2295
f 2295 2298 2296
f 2297 2299 2295
f 2295 2300 2298
f 2299 2301 2295
f 2295 2301 2300
f 2299 2302 2301
f 2301 2303 2300
f 2302 2304 2301
f 2301 2304 2303
f 2302 2305 2304
f 2304 2306 2303
f 2305 2307 2304
f 2304 2307 2306
f 2305 2308 2307
f 2307 2309 2306
f 2308 2310 2307
f 2307 2310 2309
f 2308 2311 2310
f 2310 2312 2309
f 2311 2313 2310
f 2310 2313 2312
f 2311 2314 2313
f 2313 2315 2312
f 2314 2316 2313
f 2313 2316 2315
f 2314 2317 2316
f 2316 2318 2315
f 2317 2319 2316
f 2319 2318 2316
f 2319 2320 2318
f 2321 2322 2323
f 2322 2324 2323
f 2322 2325 2324
f 2323 2324 2326
f 2324 2327 2326
f 2325 2328 2324
f 2324 2329 2327
f 2328 2330 2324
f 2324 2330 2329
f 2328 2331 2330
f 2331 2332 2330
f 2330 2333 2329
f 2330 2332 2333
f 2331 2334 2332
f 2332 2335 2333
f 2334 2336 2332
f 2332 2337 2335
f 2336 2338 2332
f 2332 2338 2337
f 2336 2339 2338
f 2339 2340 2338
f 2338 2341 2337
f 2338 2340 2341
f 2339 2342 2340
f 2340 2343 2341
f 2342 2344 2340
f 2340 2345 2343
f 2344 2346 2340
f 2340 2346 2345
f 2344 2347 2346
f 2346 2348 2345
f 2347 2349 2346
f 2346 2349 2348
f 2347 2350 2349
f 2349 2351 2348
f 2350 2352 2349
f 2349 2352 2351
f 2350 2353 2352
f 2352 2354 2351
f 2353 2355 2352
f 2352 2355 2354
f 2353 2356 2355
f 2355 2357 2354
f 2356 2358 2355
f 2355 2358 2357
f 2356 2359 2358
f 2358 2360 2357
f 2359 2361 2358
f 2358 2361 2360
f 2359 2362 2361
f 2361 2363 2360
f 2362 2364 2361
f 2364 2363 2361
f 2364 2365 2363
f 2366 2367 2368
f 2367 2369 2368
f 2367 2370 2369
f 2368 2369 2371
f 2369 2372 2371
f 2370 2373 2369
f 2369 2374 2372
f 2373 2375 2369
f 2369 2375 2374
f 2373 2376 2375
f 2376 2377 2375
f 2375 2378 2374
f 2375 2377 2378
f 2376 2379 2377
f 2377 2380 2378
f 2379 2381 2377
f 2377 2382 2380
f 2381 2383 2377
f 2377 2383 2382
f 2381 2384 2383
f 2384 2385 2383
f 2383 2386 2382
f 2383 2385 2386
f 2384 2387 2385
f 2385 2388 2386
f 2387 2389 2385
f 2385 2390 2388
f 2389 2391 2385
f 2385 2391 2390
f 2389 2392 2391
f 2391 2393 2390
f 2392 2394 2391
f 2391 2394 2393
f 2392 2395 2394
f 2394 2396 2393
f 2395 2397 2394
f 2394 2397 2396
f 2395 2398 2397
f 2397 2399 2396
f 2398 2400 2397
f 2397 2400 2399
f 2398 2401 2400
f 2400 2402 2399
f 2401 2403 2400
f 2400 2403 2402
f 2401 2404 2403
f 2403 2405 2402
f 2404 2406 2403
f 2403 2406 2405
f 2404 2407 2406
f 2406 2408 2405
f 2407 2409 2406
f 2409 2408 2406
f 2409 2410 2408
f 2411 2412 2413
f 2414 2411 2413
f 2411 2414 2415
f 2414 2413 2416
f 2414 2417 2415
f 2418 2414 2416
f 2414 2418 2417
f 2418 2416 2419
f 2418 2420 2417
f 2421 2418 2419
f 2418 2421 2420
f 2421 2419 2422
f 2421 2423 2420
f 2424 2421 2422
f 2421 2424 2423
f 2424 2422 2425
f 2424 2426 2423
f 2427 2424 2425
f 2424 2427 2426
f 2427 2425 2428
f 2427 2429 2426
f 2430 2427 2428
f 2427 2430 2429
f 2430 2428 2431
f 2432 2430 2431
f 2430 2433 2429
f 2430 2432 2433
f 2432 2431 2434
f 2432 2435 2433
f 2432 2434 2436
f 2432 2437 2435
f 2438 2432 2436
f 2432 2438 2437
f 2438 2436 2439
f 2438 2440 2437
f 2441 2438 2439
f 2438 2441 2440
f 2441 2439 2442
f 2441 2443 2440
f 2444 2441 2442
f 2441 2444 2443
f 2444 2442 2445
f 2444 2446 2443
f 2447 2444 2445
f 2444 2447 2446
f 2447 2445 2448
f 2447 2449 2446
f 2450 2447 2448
f 2447 2450 2449
f 2450 2448 2451
f 2450 2452 2449
f 2453 2450 2451
f 2450 2453 2452
f 2453 2451 2454
f 2455 2453 2454
f 2453 2456 2452
f 2453 2455 2456
f 2455 2454 2457
f 2455 2458 2456
f 2455 2457 2459
f 2455 2460 2458
f 2461 2455 2459
f 2455 2461 2460
f 2461 2459 2462
f 2461 2463 2460
f 2464 2461 2462
f 2461 2464 2463
f 2464 2462 2465
f 2464 2466 2463
f 2467 2464 2465
f 2464 2467 2466
f 2467 2465 2468
f 2467 2469 2466
f 2467 2468 2470
f 2469 2467 2470
f 2471 2470 2468
f 2469 2470 2471
f 2472 2471 2468
f 2473 2469 2471
f 2474 2471 2472
f 2473 2471 2474
f 2475 2474 2472
f 2476 2473 2474
f 2477 2474 2475
f 2476 2474 2477
f 2478 2477 2475
f 2479 2476 2477
f 2480 2477 2478
f 2479 2477 2480
f 2481 2480 2478
f 2482 2479 2480
f 2483 2480 2481
f 2482 2480 2483
f 2484 2483 2481
f 2485 2482 2483
f 2486 2483 2484
f 2485 2483 2486
f 2487 2486 2484
f 2488 2485 2486
f 2489 2486 2487
f 2489 2488 2486
f 2490 2489 2487
f 2489 2490 2488
f 2490 2487 2491
f 2490 2492 2488
f 2493 2490 2491
f 2490 2493 2492
f 2493 2491 2494
f 2493 2495 2492
f 2496 2493 2494
f 2493 2496 2495
f 2496 2494 2497
f 2496 2498 2495
f 2499 2496 2497
f 2496 2499 2498
f 2499 2497 2500
f 2499 2501 2498
f 2502 2499 2500
f 2499 2502 2501
f 2502 2500 2503
f 2502 2504 2501
f 2505 2502 2503
f 2502 2505 2504
f 2505 2503 2506
f 2504 2505 2507
f 2505 2506 2507
f 2506 2508 2507
f 2508 2509 2507
f 2507 2509 2510
f 2508 2511 2509
f 2509 2512 2510
f 2511 2513 2509
f 2509 2513 2512
f 2511 2514 2513
f 2513 2515 2512
f 2514 2516 2513
f 2513 2516 2515
f 2514 2517 2516
f 2516 2518 2515
f 2517 2519 2516
f 2516 2519 2518
f 2517 2520 2519
f 2519 2521 2518
f 2520 2522 2519
f 2519 2522 2521
f 2520 2523 2522
f 2522 2524 2521
f 2523 2525 2522
f 2522 2525 2524
f 2523 2526 2525
f 2526 2527 2525
f 2525 2528 2524
f 2525 2527 2528
f 2526 2529 2527
f 2527 2530 2528
f 2529 2531 2527
f 2527 2532 2530
f 2531 2533 2527
f 2527 2533 2532
f 2531 2534 2533
f 2533 2535 2532
f 2534 2536 2533
f 2533 2536 2535
f 2534 2537 2536
f 2536 2538 2535
f 2537 2539 2536
f 2536 2539 2538
f 2537 2540 2539
f 2539 2541 2538
f 2540 2542 2539
f 2539 2542 2541
f 2540 2543 2542
f 2542 2544 2541
f 2543 2545 2542
f 2542 2545 2544
f 2543 2546 2545
f 2545 2547 2544
f 2546 2548 2545
f 2545 2548 2547
f 2546 2549 2548
f 2549 2550 2548
f 2548 2551 2547
f 2548 2550 2551
f 2549 2552 2550
f 2550 2553 2551
f 2552 2554 2550
f 2550 2555 2553
f 2554 2556 2550
f 2550 2556 2555
f 2554 2557 2556
f 2556 2558 2555
f 2557 2559 2556
f 2556 2559 2558
f 2557 2560 2559
f 2559 2561 2558
f 2560 2562 2559
f 2559 2562 2561
f 2560 2563 2562
f 2562 2564 2561
f 2563 2565 2562
f 2562 2565 2564
f 2563 2566 2565
f 2566 2564 2565
f 2566 2563 2567
f 2566 2568 2564
f 2569 2566 2567
f 2566 2569 2568
f 2569 2567 2570
f 2569 2571 2568
f 2572 2569 2570
f 2569 2572 2571
f 2572 2570 2573
f 2572 2574 2571
f 2575 2572 2573
f 2572 2575 2574
f 2575 2573 2576
f 2575 2577 2574
f 2578 2575 2576
f 2575 2578 2577
f 2578 2576 2579
f 2578 2580 2577
f 2581 2578 2579
f 2578 2581 2580
f 2581 2579 2582
f 2581 2583 2580
f 2584 2581 2582
f 2581 2584 2583
f 2584 2582 2585
f 2584 2585 2583
f 2582 2586 2585
f 2587 2583 2585
f 2586 2588 2585
f 2587 2585 2588
f 2586 2589 2588
f 2590 2587 2588
f 2589 2591 2588
f 2590 2588 2591
f 2589 2592 2591
f 2593 2590 2591
f 2592 2594 2591
f 2593 2591 2594
f 2592 2595 2594
f 2596 2593 2594
f 2595 2597 2594
f 2596 2594 2597
f 2595 2598 2597
f 2599 2596 2597
f 2598 2600 2597
f 2599 2597 2600
f 2598 2601 2600
f 2602 2599 2600
f 2601 2602 2600
f 2603 2604 2605
f 2606 2603 2605
f 2603 2606 2607
f 2606 2605 2608
f 2606 2609 2607
f 2610 2606 2608
f 2606 2610 2609
f 2610 2608 2611
f 2610 2612 2609
f 2613 2610 2611
f 2610 2613 2612
f 2613 2611 2614
f 2613 2615 2612
f 2616 2613 2614
f 2613 2616 2615
f 2616 2614 2617
f 2616 2618 2615
f 2619 2616 2617
f 2616 2619 2618
f 2619 2617 2620
f 2619 2621 2618
f 2622 2619 2620
f 2619 2622 2621
f 2622 2620 2623
f 2624 2622 2623
f 2622 2625 2621
f 2622 2624 2625
f 2624 2623 2626
f 2624 2627 2625
f 2624 2626 2628
f 2624 2629 2627
f 2630 2624 2628
f 2624 2630 2629
f 2630 2628 2631
f 2630 2632 2629
f 2633 2630 2631
f 2630 2633 2632
f 2633 2631 2634
f 2633 2635 2632
f 2636 2633 2634
f 2633 2636 2635
f 2636 2634 2637
f 2636 2638 2635
f 2639 2636 2637
f 2636 2639 2638
f 2639 2637 2640
f 2639 2641 2638
f 2642 2639 2640
f 2639 2642 2641
f 2642 2640 2643
f 2642 2644 2641
f 2645 2642 2643
f 2642 2645 2644
f 2645 2643 2646
f 2647 2645 2646
f 2645 2648 2644
f 2645 2647 2648
f 2647 2646 2649
f 2647 2650 2648
f 2647 2649 2651
f 2647 2652 2650
f 2653 2647 2651
f 2647 2653 2652
f 2653 2651 2654
f 2653 2655 2652
f 2656 2653 2654
f 2653 2656 2655
f 2656 2654 2657
f 2656 2658 2655
f 2659 2656 2657
f 2656 2659 2658
f 2659 2657 2660
f 2659 2661 2658
f 2659 2660 2662
f 2661 2659 2662
f 2663 2662 2660
f 2661 2662 2663
f 2664 2663 2660
f 2665 2661 2663
f 2666 2663 2664
f 2665 2663 2666
f 2667 2666 2664
f 2668 2665 2666
f 2669 2666 2667
f 2668 2666 2669
f 2670 2669 2667
f 2671 2668 2669
f 2672 2669 2670
f 2671 2669 2672
f 2673 2672 2670
f 2674 2671 2672
f 2675 2672 2673
f 2674 2672 2675
f 2676 2675 2673
f 2677 2674 2675
f 2678 2675 2676
f 2677 2675 2678
f 2679 2678 2676
f 2680 2677 2678
f 2681 2678 2679
f 2681 2680 2678
f 2682 2681 2679
f 2681 2682 2680
f 2682 2679 2683
f 2682 2684 2680
f 2685 2682 2683
f 2682 2685 2684
f 2685 2683 2686
f 2685 2687 2684
f 2688 2685 2686
f 2685 2688 2687
f 2688 2686 2689
f 2688 2690 2687
f 2691 2688 2689
f 2688 2691 2690
f 2691 2689 2692
f 2691 2693 2690
f 2694 2691 2692
f 2691 2694 2693
f 2694 2692 2695
f 2694 2696 2693
f 2697 2694 2695
f 2694 2697 2696
f 2697 2695 2698
f 2696 2697 2699
f 2697 2698 2699
f 2698 2700 2699
f 2700 2701 2699
f 2699 2701 2702
f 2700 2703 2701
f 2701 2704 2702
f 2703 2705 2701
f 2701 2705 2704
f 2703 2706 2705
f 2705 2707 2704
f 2706 2708 2705
f 2705 2708 2707
f 2706 2709 2708
f 2708 2710 2707
f 2709 2711 2708
f 2708 2711 2710
f 2709 2712 2711
f 2711 2713 2710
f 2712 2714 2711
f 2711 2714 2713
f 2712 2715 2714
f 2714 2716 2713
f 2715 2717 2714
f 2714 2717 2716
f 2715 2718 2717
f 2718 2719 2717
f 2717 2720 2716
f 2717 2719 2720
f 2718 2721 2719
f 2719 2722 2720
f 2721 2723 2719
f 2719 2724 2722
f 2723 2725 2719
f 2719 2725 2724
f 2723 2726 2725
f 2725 2727 2724
f 2726 2728 2725
f 2725 2728 2727
f 2726 2729 2728
f 2728 2730 2727
f 2729 2731 2728
f 2728 2731 2730
f 2729 2732 2731
f 2731 2733 2730
f 2732 2734 2731
f 2731 2734 2733
f 2732 2735 2734
f 2734 2736 2733
f 2735 2737 2734
f 2734 2737 2736
f 2735 2738 2737
f 2737 2739 2736
f 2738 2740 2737
f 2737 2740 2739
f 2738 2741 2740
f 2741 2742 2740
f 2740 2743 2739
f 2740 2742 2743
f 2741 2744 2742
f 2742 2745 2743
f 2744 2746 2742
f 2742 2747 2745
f 2746 2748 2742
f 2742 2748 2747
f 2746 2749 2748
f 2748 2750 2747
f 2749 2751 2748
f 2748 2751 2750
f 2749 2752 2751
f 2751 2753 2750
f 2752 2754 2751
f 2751 2754 2753
f 2752 2755 2754
f 2754 2756 2753
f 2755 2757 2754
f 2754 2757 2756
f 2755 2758 2757
f 2758 2756 2757
f 2758 2755 2759
f 2758 2760 2756
f 2761 2758 2759
f 2758 2761 2760
f 2761 2759 2762
f 2761 2763 2760
f 2764 2761 2762
f 2761 2764 2763
f 2764 2762 2765
f 2764 2766 2763
f 2767 2764 2765
f 2764 2767 2766
f 2767 2765 2768
f 2767 2769 2766
f 2770 2767 2768
f 2767 2770 2769
f 2770 2768 2771
f 2770 2772 2769
f 2773 2770 2771
f 2770 2773 2772
f 2773 2771 2774
f 2773 2775 2772
f 2776 2773 2774
f 2773 2776 2775
f 2776 2774 2777
f 2776 2777 2775
f 2774 2778 2777
f 2779 2775 2777
f 2778 2780 2777
f 2779 2777 2780
f 2778 2781 2780
f 2782 2779 2780
f 2781 2783 2780
f 2782 2780 2783
f 2781 2784 2783
f 2785 2782 2783
f 2784 2786 2783
f 2785 2783 2786
f 2784 2787 2786
f 2788 2785 2786
f 2787 2789 2786
f 2788 2786 2789
f 2787 2790 2789
f 2791 2788 2789
f 2790 2792 2789
f 2791 2789 2792
f 2790 2793 2792
f 2794 2791 2792
f 2793 2794 2792
f 2795 2796 2797
f 2798 2795 2797
f 2795 2798 2799
f 2798 2797 2800
f 2798 2801 2799
f 2802 2798 2800
f 2798 2802 2801
f 2802 2800 2803
f 2802 2804 2801
f 2805 2802 2803
f 2802 2805 2804
f 2805 2803 2806
f 2805 2807 2804
f 2808 2805 2806
f 2805 2808 2807
f 2808 2806 2809
f 2808 2810 2807
f 2811 2808 2809
f 2808 2811 2810
f 2811 2809 2812
f 2811 2813 2810
f 2814 2811 2812
f 2811 2814 2813
f 2814 2812 2815
f 2816 2814 2815
f 2814 2817 2813
f 2814 2816 2817
f 2816 2815 2818
f 2816 2819 2817
f 2816 2818 2820
f 2816 2821 2819
f 2822 2816 2820
f 2816 2822 2821
f 2822 2820 2823
f 2822 2824 2821
f 2825 2822 2823
f 2822 2825 2824
f 2825 2823 2826
f 2825 2827 2824
f 2828 2825 2826
f 2825 2828 2827
f 2828 2826 2829
f 2828 2830 2827
f 2831 2828 2829
f 2828 2831 2830
f 2831 2829 2832
f 2831 2833 2830
f 2834 2831 2832
f 2831 2834 2833
f 2834 2832 2835
f 2834 2836 2833
f 2837 2834 2835
f 2834 2837 2836
f 2837 2835 2838
f 2839 2837 2838
f 2837 2840 2836
f 2837 2839 2840
f 2839 2838 2841
f 2839 2842 2840
f 2839 2841 2843
f 2839 2844 2842
f 2845 2839 2843
f 2839 2845 2844
f 2845 2843 2846
f 2845 2847 2844
f 2848 2845 2846
f 2845 2848 2847
f 2848 2846 2849
f 2848 2850 2847
f 2851 2848 2849
f 2848 2851 2850
f 2851 2849 2852
f 2851 2853 2850
f 2851 2852 2854
f 2853 2851 2854
f 2855 2854 2852
f 2853 2854 2855
f 2856 2855 2852
f 2857 2853 2855
f 2858 2855 2856
f 2857 2855 2858
f 2859 2858 2856
f 2860 2857 2858
f 2861 2858 2859
f 2860 2858 2861
f 2862 2861 2859
f 2863 2860 2861
f 2864 2861 2862
f 2863 2861 2864
f 2865 2864 2862
f 2866 2863 2864
f 2867 2864 2865
f 2866 2864 2867
f 2868 2867 2865
f 2869 2866 2867
f 2870 2867 2868
f 2869 2867 2870
f 2871 2870 2868
f 2872 2869 2870
f 2873 2870 2871
f 2873 2872 2870
f 2874 2873 2871
f 2873 2874 2872
f 2874 2871 2875
f 2874 2876 2872
f 2877 2874 2875
f 2874 2877 2876
f 2877 2875 2878
f 2877 2879 2876
f 2880 2877 2878
f 2877 2880 2879
f 2880 2878 2881
f 2880 2882 2879
f 2883 2880 2881
f 2880 2883 2882
f 2883 2881 2884
f 2883 2885 2882
f 2886 2883 2884
f 2883 2886 2885
f 2886 2884 2887
f 2886 2888 2885
f 2889 2886 2887
f 2886 2889 2888
f 2889 2887 2890
f 2888 2889 2891
f 2889 2890 2891
f 2890 2892 2891
f 2892 2893 2891
f 2891 2893 2894
f 2892 2895 2893
f 2893 2896 2894
f 2895 2897 2893
f 2893 2897 2896
f 2895 2898 2897
f 2897 2899 2896
f 2898 2900 2897
f 2897 2900 2899
f 2898 2901 2900
f 2900 2902 2899
f 2901 2903 2900
f 2900 2903 2902
f 2901 2904 2903
f 2903 2905 2902
f 2904 2906 2903
f 2903 2906 2905
f 2904 2907 2906
f 2906 2908 2905
f 2907 2909 2906
f 2906 2909 2908
f 2907 2910 2909
f 2910 2911 2909
f 2909 2912 2908
f 2909 2911 2912
f 2910 2913 2911
f 2911 2914 2912
f 2913 2915 2911
f 2911 2916 2914
f 2915 2917 2911
f 2911 2917 2916
f 2915 2918 2917
f 2917 2919 2916
f 2918 2920 2917
f 2917 2920 2919
f 2918 2921 2920
f 2920 2922 2919
f 2921 2923 2920
f 2920 2923 2922
f 2921 2924 2923
f 2923 2925 2922
f 2924 2926 2923
f 2923 2926 2925
f 2924 2927 2926
f 2926 2928 2925
f 2927 2929 2926
f 2926 2929 2928
f 2927 2930 2929
f 2929 2931 2928
f 2930 2932 2929
f 2929 2932 2931
f 2930 2933 2932
f 2933 2934 2932
f 2932 2935 2931
f 2932 2934 2935
f 2933 2936 2934
f 2934 2937 2935
f 2936 2938 2934
f 2934 2939 2937
f 2938 2940 2934
f 2934 2940 2939
f 2938 2941 2940
f 2940 2942 2939
f 2941 2943 2940
f 2940 2943 2942
f 2941 2944 2943
f 2943 2945 2942
f 2944 2946 2943
f 2943 2946 2945
f 2944 2947 2946
f 2946 2948 2945
f 2947 2949 2946
f 2946 2949 2948
f 2947 2950 2949
f 2950 2948 2949
f 2950 2947 2951
f 2950 2952 2948
f 2953 2950 2951
f 2950 2953 2952
f 2953 2951 2954
f 2953 2955 2952
f 2956 2953 2954
f 2953 2956 2955
f 2956 2954 2957
f 2956 2958 2955
f 2959 2956 2957
f 2956 2959 2958
f 2959 2957 2960
f 2959 2961 2958
f 2962 2959 2960
f 2959 2962 2961
f 2962 2960 2963
f 2962 2964 2961
f 2965 2962 2963
f 2962 2965 2964
f 2965 2963 2966
f 2965 2967 2964
f 2968 2965 2966
f 2965 2968 2967
f 2968 2966 2969
f 2968 2969 2967
f 2966 2970 2969
f 2971 2967 2969
f 2970 2972 2969
f 2971 2969 2972
f 2970 2973 2972
f 2974 2971 2972
f 2973 2975 2972
f 2974 2972 2975
f 2973 2976 2975
f 2977 2974 2975
f 2976 2978 2975
f 2977 2975 2978
f 2976 2979 2978
f 2980 2977 2978
f 2979 2981 2978
f 2980 2978 2981
f 2979 2982 2981
f 2983 2980 2981
f 2982 2984 2981
f 2983 2981 2984
f 2982 2985 2984
f 2986 2983 2984
f 2985 2986 2984
f 2987 2988 2989
f 2987 2989 2990
f 2988 2987 2991
f 2991 2987 2990
f 2992 2993 2994
f 2992 2994 2995
f 2993 2992 2996
f 2996 2992 2995
f 2997 2998 2999
f 2997 2999 3000
f 2998 2997 3001
f 3001 2997 3000
f 3002 3003 3004
f 3002 3004 3005
f 3003 3002 3006
f 3006 3002 3005
f 3007 3008 3009
f 3007 3009 3010
f 3008 3007 3011
f 3011 3007 3010
f 3012 3013 3014
f 3012 3014 3015
f 3013 3012 3016
f 3016 3012 3015
f 3017 3018 3019
f 3018 3020 3019
f 3017 3019 3021
f 3020 3022 3019
f 3023 3017 3021
f 3020 3024 3022
f 3023 3021 3025
f 3024 3026 3022
f 3027 3023 3025
f 3024 3028 3026
f 3027 3025 3029
f 3028 3030 3026
f 3031 3027 3029
f 3028 3032 3030
f 3031 3029 3033
f 3032 3034 3030
f 3035 3031 3033
f 3032 3036 3034
f 3035 3033 3037
f 3036 3038 3034
f 3039 3035 3037
f 3036 3040 3038
f 3039 3037 3041
f 3040 3042 3038
f 3043 3039 3041
f 3040 3044 3042
f 3043 3041 3045
f 3044 3046 3042
f 3047 3043 3045
f 3044 3048 3046
f 3047 3045 3049
f 3048 3050 3046
f 3051 3047 3049
f 3048 3052 3050
f 3051 3049 3053
f 3052 3054 3050
f 3055 3051 3053
f 3052 3056 3054
f 3055 3053 3057
f 3056 3058 3054
f 3059 3055 3057
f 3056 3060 3058
f 3059 3057 3061
f 3060 3062 3058
f 3063 3059 3061
f 3060 3064 3062
f 3063 3061 3065
f 3064 3066 3062
f 3067 3063 3065
f 3064 3068 3066
f 3067 3065 3069
f 3068 3070 3066
f 3071 3067 3069
f 3068 3072 3070
f 3071 3069 3073
f 3072 3074 3070
f 3075 3071 3073
f 3072 3076 3074
f 3075 3073 3077
f 3076 3078 3074
f 3076 3079 3078
f 3079 3080 3078
f 3081 3075 3077
f 3081 3077 3082
f 3081 3082 3083
f 3084 3081 3083
f 3084 3083 3085
f 3086 3084 3085
f 3086 3085 3087
f 3088 3086 3087
f 3088 3087 3089
f 3090 3088 3089
f 3090 3089 3091
f 3092 3090 3091
f 3092 3091 3093
f 3094 3092 3093
f 3094 3093 3095
f 3096 3094 3095
f 3096 3095 3097
f 3098 3096 3097
f 3098 3097 3099
f 3100 3098 3099
f 3100 3099 3101
f 3102 3100 3101
f 3102 3101 3103
f 3104 3102 3103
f 3104 3103 3105
f 3106 3104 3105
f 3106 3105 3107
f 3108 3106 3107
f 3108 3107 3109
f 3110 3108 3109
f 3109 3111 3110
f 3111 3112 3110
f 3111 3113 3112
f 3113 3111 3114
f 3115 3113 3114
f 3115 3114 3116
f 3117 3115 3116
f 3117 3116 3118
f 3119 3117 3118
f 3119 3118 3120
f 3121 3119 3120
f 3121 3120 3122
f 3123 3121 3122
f 3123 3122 3124
f 3125 3123 3124
f 3125 3124 3126
f 3127 3125 3126
f 3127 3126 3128
f 3129 3127 3128
f 3129 3128 3130
f 3131 3129 3130
f 3131 3130 3132
f 3133 3131 3132
f 3133 3132 3134
f 3135 3133 3134
f 3135 3134 3136
f 3137 3135 3136
f 3137 3136 3138
f 3139 3137 3138
f 3139 3138 3140
f 3141 3139 3140
f 3141 3140 3142
f 3143 3141 3142
f 3143 3142 3144
f 3143 3144 3080
f 3079 3143 3080
f 3145 3146 3147
f 3145 3147 3148
f 3146 3145 3149
f 3149 3145 3148
f 3150 3151 3152
f 3150 3152 3153
f 3151 3150 3154
f 3154 3150 3153
f 3155 3156 3157
f 3155 3157 3158
f 3156 3155 3159
f 3159 3155 3158
f 3160 3161 3162
f 3160 3162 3163
f 3161 3160 3164
f 3164 3160 3163
f 3165 3166 3167
f 3165 3167 3168
f 3166 3165 3169
f 3169 3165 3168
f 3170 3171 3172
f 3170 3172 3173
f 3171 3170 3174
f 3174 3170 3173
f 3175 3176 3177
f 3175 3177 3178
f 3176 3175 3179
f 3179 3175 3178
f 3180 3181 3182
f 3183 3180 3182
f 3180 3184 3181
f 3184 3180 3183
f 3185 3186 3187
f 3188 3185 3187
f 3185 3189 3186
f 3189 3185 3188
f 3190 3191 3192
f 3193 3190 3192
f 3190 3194 3191
f 3194 3190 3193
f 3195 3196 3197
f 3198 3195 3197
f 3195 3199 3196
f 3199 3195 3198
f 3200 3201 3202
f 3200 3202 3203
f 3201 3200 3204
f 3204 3200 3203
f 3205 3206 3207
f 3206 3205 3208
f 3206 3208 3209
f 3210 3206 3209
f 3206 3210 3211
f 3206 3211 3212
f 3206 3213 3207
f 3214 3206 3212
f 3214 3212 3215
f 3216 3214 3215
f 3214 3216 3217
f 3218 3214 3217
f 3214 3218 3219
f 3214 3219 3220
f 3221 3214 3220
f 3214 3221 3222
f 3214 3222 3223
f 3224 3214 3223
f 3225 3224 3223
f 3224 3225 3226
f 3224 3226 3227
f 3228 3224 3227
f 3224 3228 3229
f 3224 3229 3230
f 3231 3224 3230
f 3224 3231 3232
f 3224 3232 3233
f 3234 3233 3232
f 3233 3234 3235
f 3233 3235 3236
f 3237 3224 3233
f 3238 3233 3236
f 3224 3237 3239
f 3240 3238 3236
f 3238 3240 3241
f 3238 3241 3242
f 3243 3238 3242
f 3243 3242 3244
f 3243 3244 3213
f 3245 3243 3213
f 3213 3206 3245
f 3206 3246 3245
f 3206 3247 3246
f 3247 3206 3248
f 3206 3249 3248
f 3206 3250 3249
f 3250 3251 3249
f 3250 3252 3251
f 3252 3250 3253
f 3250 3254 3253
f 3250 3255 3254
f 3255 3250 3256
f 3255 3257 3254
f 3255 3258 3257
f 3258 3259 3257
f 3250 3260 3256
f 3259 3261 3257
f 3250 3262 3260
f 3259 3263 3261
f 3263 3264 3261
f 3264 3265 3261
f 3262 3250 3266
f 3265 3267 3261
f 3250 3268 3266
f 3250 3269 3268
f 3269 3250 3270
f 3250 3271 3270
f 3271 3272 3270
f 3271 3273 3272
f 3273 3271 3274
f 3265 3275 3267
f 3271 3276 3274
f 3275 3277 3267
f 3271 3278 3276
f 3278 3271 3279
f 3271 3280 3279
f 3271 3281 3280
f 3281 3271 3282
f 3271 3283 3282
f 3283 3284 3282
f 3283 3285 3284
f 3285 3283 3286
f 3283 3287 3286
f 3283 3288 3287
f 3288 3283 3289
f 3283 3290 3289
f 3283 3291 3290
f 3267 3291 3283
f 3267 3277 3291
f 3292 3267 3283
f 3293 3292 3283
f 3294 3293 3283
f 3295 3294 3283
f 3296 3295 3283
f 3297 3296 3283
f 3298 3297 3283
f 3299 3298 3283
f 3300 3299 3283
f 3300 3283 3301
f 3302 3300 3301
f 3302 3301 3303
f 3301 3304 3303
f 3301 3305 3304
f 3305 3301 3306
f 3301 3307 3306
f 3301 3308 3307
f 3308 3301 3309
f 3301 3310 3309
f 3301 3311 3310
f 3311 3301 3312
f 3301 3313 3312
f 3311 3314 3310
f 3314 3315 3310
f 3315 3316 3310
f 3301 3317 3313
f 3316 3318 3310
f 3317 3301 3319
f 3316 3320 3318
f 3320 3321 3318
f 3321 3322 3318
f 3301 3323 3319
f 3322 3324 3318
f 3322 3325 3324
f 3301 3326 3323
f 3326 3301 3327
f 3301 3328 3327
f 3301 3329 3328
f 3329 3330 3328
f 3329 3331 3330
f 3331 3329 3332
f 3325 3333 3324
f 3329 3334 3332
f 3329 3335 3334
f 3335 3329 3336
f 3329 3337 3336
f 3329 3338 3337
f 3338 3329 3339
f 3329 3340 3339
f 3340 3341 3339
f 3340 3342 3341
f 3342 3340 3343
f 3340 3344 3343
f 3340 3345 3344
f 3345 3340 3346
f 3340 3333 3346
f 3333 3340 3347
f 3333 3347 3324
f 3340 3348 3347
f 3340 3349 3348
f 3349 3340 3350
f 3340 3351 3350
f 3340 3352 3351
f 3352 3353 3351
f 3352 3354 3353
f 3354 3352 3355
f 3352 3356 3355
f 3352 3357 3356
f 3358 3357 3352
f 3357 3359 3356
f 3357 3360 3359
f 3360 3361 3359
f 3362 3358 3352
f 3361 3363 3359
f 3364 3362 3352
f 3361 3365 3363
f 3365 3366 3363
f 3366 3367 3363
f 3368 3364 3352
f 3367 3369 3363
f 3370 3368 3352
f 3371 3370 3352
f 3372 3371 3352
f 3372 3352 3373
f 3374 3372 3373
f 3375 3374 3373
f 3376 3375 3373
f 3367 3377 3369
f 3378 3376 3373
f 3377 3379 3369
f 3380 3378 3373
f 3381 3380 3373
f 3382 3381 3373
f 3383 3382 3373
f 3384 3383 3373
f 3384 3373 3385
f 3386 3384 3385
f 3387 3386 3385
f 3388 3387 3385
f 3389 3388 3385
f 3390 3389 3385
f 3391 3390 3385
f 3392 3391 3385
f 3393 3392 3385
f 3393 3385 3369
f 3379 3393 3369
f 3369 3385 3394
f 3385 3395 3394
f 3385 3396 3395
f 3385 3397 3396
f 3397 3398 3396
f 3399 3397 3385
f 3400 3399 3385
f 3401 3400 3385
f 3402 3401 3385
f 3397 3403 3398
f 3403 3404 3398
f 3405 3402 3385
f 3404 3406 3398
f 3404 3407 3406
f 3407 3408 3406
f 3409 3405 3385
f 3408 3410 3406
f 3408 3411 3410
f 3411 3412 3410
f 3413 3409 3385
f 3412 3414 3410
f 3415 3413 3385
f 3412 3416 3414
f 3416 3417 3414
f 3417 3418 3414
f 3418 3419 3414
f 3418 3420 3419
f 3420 3421 3419
f 3421 3422 3419
f 3423 3415 3385
f 3421 3424 3422
f 3423 3385 3425
f 3426 3423 3425
f 3385 3224 3425
f 3426 3425 3427
f 3224 3428 3425
f 3224 3429 3428
f 3429 3224 3430
f 3224 3431 3430
f 3432 3426 3427
f 3432 3427 3433
f 3434 3432 3433
f 3434 3433 3435
f 3436 3434 3435
f 3436 3435 3437
f 3438 3436 3437
f 3438 3437 3439
f 3440 3438 3439
f 3440 3439 3441
f 3224 3442 3431
f 3443 3440 3441
f 3443 3441 3444
f 3443 3444 3445
f 3446 3443 3445
f 3446 3445 3447
f 3448 3446 3447
f 3448 3447 3449
f 3450 3448 3449
f 3442 3224 3451
f 3450 3449 3452
f 3424 3450 3452
f 3424 3452 3422
f 3452 3453 3422
f 3224 3454 3451
f 3453 3455 3422
f 3453 3456 3455
f 3456 3457 3455
f 3224 3458 3454
f 3457 3459 3455
f 3457 3460 3459
f 3460 3461 3459
f 3461 3462 3459
f 3462 3463 3459
f 3462 3464 3463
f 3464 3465 3463
f 3465 3466 3463
f 3465 3467 3466
f 3467 3468 3466
f 3468 3469 3466
f 3468 3470 3469
f 3470 3471 3469
f 3471 3472 3469
f 3471 3224 3472
f 3458 3224 3471
f 3224 3239 3472
f 3473 3474 3475
f 3476 3473 3475
f 3473 3477 3474
f 3477 3473 3476
f 3478 3479 3480
f 3481 3478 3480
f 3478 3482 3479
f 3482 3478 3481
f 3483 3484 3485
f 3486 3483 3485
f 3483 3487 3484
f 3487 3483 3486
f 3488 3489 3490
f 3491 3488 3490
f 3488 3492 3489
f 3492 3488 3491
f 3493 3494 3495
f 3496 3493 3495
f 3493 3497 3494
f 3497 3493 3496
f 3498 3499 3500
f 3501 3498 3500
f 3498 3502 3499
f 3502 3498 3501
f 3503 3504 3505
f 3503 3505 3506
f 3504 3503 3507
f 3507 3503 3506
f 3508 3509 3510
f 3508 3510 3511
f 3509 3508 3512
f 3512 3508 3511
f 3513 3514 3515
f 3513 3515 3516
f 3514 3513 3517
f 3517 3513 3516
f 3518 3519 3520
f 3518 3520 3521
f 3519 3518 3522
f 3522 3518 3521
f 3523 3524 3525
f 3523 3525 3526
f 3524 3523 3527
f 3527 3523 3526
f 3528 3529 3530
f 3531 3528 3530
f 3528 3532 3529
f 3532 3528 3531
f 3533 3534 3535
f 3536 3533 3535
f 3533 3537 3534
f 3537 3533 3536
f 3538 3539 3540
f 3541 3538 3540
f 3538 3542 3539
f 3542 3538 3541
f 3543 3544 3545
f 3546 3543 3545
f 3543 3547 3544
f 3547 3543 3546
f 3548 3549 3550
f 3551 3548 3550
f 3548 3552 3549
f 3552 3548 3551
f 3553 3554 3555
f 3556 3553 3555
f 3553 3557 3554
f 3557 3553 3556
f 3558 3559 3560
f 3561 3558 3560
f 3558 3562 3559
f 3562 3558 3561
f 3563 3564 3565
f 3566 3563 3565
f 3563 3566 3567
f 3563 3568 3564
f 3563 3567 3569
f 3563 3570 3568
f 3571 3563 3569
f 3570 3572 3568
f 3571 3569 3573
f 3570 3574 3572
f 3575 3571 3573
f 3571 3575 3576
f 3574 3570 3577
f 3570 3578 3577
f 3570 3579 3578
f 3571 3576 3580
f 3570 3581 3579
f 3581 3582 3579
f 3583 3571 3580
f 3581 3584 3582
f 3580 3585 3583
f 3585 3580 3586
f 3585 3587 3583
f 3588 3585 3586
f 3585 3589 3587
f 3585 3588 3590
f 3589 3585 3591
f 3585 3590 3592
f 3593 3585 3592
f 3585 3593 3594
f 3585 3595 3591
f 3585 3594 3596
f 3585 3597 3595
f 3598 3597 3585
f 3599 3598 3585
f 3597 3600 3595
f 3601 3599 3585
f 3600 3602 3595
f 3603 3601 3585
f 3600 3604 3602
f 3604 3605 3602
f 3605 3606 3602
f 3607 3603 3585
f 3606 3608 3602
f 3609 3607 3585
f 3606 3610 3608
f 3610 3611 3608
f 3611 3612 3608
f 3612 3613 3608
f 3613 3614 3608
f 3613 3615 3614
f 3615 3616 3614
f 3616 3617 3614
f 3618 3609 3585
f 3617 3619 3614
f 3618 3585 3620
f 3621 3618 3620
f 3622 3621 3620
f 3623 3622 3620
f 3624 3623 3620
f 3625 3624 3620
f 3626 3625 3620
f 3627 3626 3620
f 3628 3627 3620
f 3629 3628 3620
f 3629 3620 3630
f 3619 3630 3614
f 3631 3629 3630
f 3619 3632 3630
f 3614 3630 3633
f 3634 3631 3630
f 3632 3634 3630
f 3630 3635 3633
f 3630 3636 3635
f 3636 3630 3637
f 3630 3638 3637
f 3638 3639 3637
f 3638 3640 3639
f 3640 3638 3641
f 3640 3641 3642
f 3638 3643 3641
f 3644 3640 3642
f 3640 3644 3645
f 3640 3645 3646
f 3638 3647 3643
f 3647 3638 3648
f 3638 3649 3648
f 3638 3650 3649
f 3649 3650 3651
f 3650 3652 3651
f 3650 3653 3652
f 3654 3640 3646
f 3653 3650 3655
f 3654 3646 3656
f 3650 3657 3655
f 3658 3654 3656
f 3654 3658 3659
f 3654 3659 3660
f 3650 3661 3657
f 3662 3654 3660
f 3661 3650 3663
f 3650 3664 3663
f 3650 3665 3664
f 3650 3666 3665
f 3666 3667 3665
f 3666 3668 3667
f 3669 3662 3660
f 3662 3669 3670
f 3662 3670 3671
f 3668 3666 3672
f 3673 3662 3671
f 3666 3674 3672
f 3666 3675 3674
f 3675 3666 3676
f 3673 3671 3677
f 3666 3677 3676
f 3673 3677 3666
f 3678 3673 3666
f 3678 3666 3679
f 3666 3680 3679
f 3666 3681 3680
f 3681 3666 3682
f 3666 3683 3682
f 3666 3684 3683
f 3684 3666 3685
f 3666 3686 3685
f 3686 3687 3685
f 3686 3688 3687
f 3688 3686 3689
f 3686 3690 3689
f 3686 3691 3690
f 3691 3686 3692
f 3686 3693 3692
f 3686 3694 3693
f 3694 3686 3695
f 3686 3696 3695
f 3694 3695 3697
f 3686 3698 3696
f 3699 3694 3697
f 3698 3686 3700
f 3701 3699 3697
f 3699 3701 3702
f 3699 3702 3703
f 3686 3704 3700
f 3705 3699 3703
f 3686 3706 3704
f 3706 3686 3707
f 3686 3708 3707
f 3686 3709 3708
f 3709 3710 3708
f 3709 3711 3710
f 3711 3709 3712
f 3705 3703 3713
f 3709 3714 3712
f 3715 3705 3713
f 3705 3715 3716
f 3705 3716 3717
f 3709 3718 3714
f 3719 3705 3717
f 3718 3709 3720
f 3719 3717 3721
f 3709 3722 3720
f 3722 3709 3723
f 3709 3724 3723
f 3709 3725 3724
f 3725 3726 3724
f 3725 3727 3726
f 3727 3725 3728
f 3719 3721 3729
f 3730 3719 3729
f 3719 3730 3731
f 3725 3731 3728
f 3719 3731 3725
f 3732 3719 3725
f 3732 3725 3733
f 3725 3734 3733
f 3725 3735 3734
f 3725 3736 3735
f 3736 3737 3735
f 3736 3738 3737
f 3738 3736 3739
f 3738 3739 3740
f 3736 3741 3739
f 3742 3738 3740
f 3738 3742 3743
f 3738 3743 3744
f 3736 3745 3741
f 3745 3736 3746
f 3736 3747 3746
f 3736 3748 3747
f 3748 3749 3747
f 3748 3750 3749
f 3750 3748 3751
f 3752 3738 3744
f 3748 3753 3751
f 3752 3744 3754
f 3748 3755 3753
f 3756 3752 3754
f 3752 3756 3757
f 3752 3757 3758
f 3755 3748 3759
f 3760 3752 3758
f 3748 3761 3759
f 3748 3762 3761
f 3762 3748 3763
f 3764 3760 3758
f 3760 3764 3765
f 3760 3765 3766
f 3748 3767 3763
f 3768 3760 3766
f 3767 3769 3763
f 3767 3770 3769
f 3770 3767 3771
f 3767 3772 3771
f 3767 3773 3772
f 3773 3767 3774
f 3767 3775 3774
f 3768 3766 3775
f 3768 3775 3767
f 3776 3768 3767
f 3776 3767 3777
f 3767 3778 3777
f 3767 3779 3778
f 3767 3780 3779
f 3780 3767 3781
f 3767 3782 3781
f 3780 3783 3779
f 3767 3784 3782
f 3780 3785 3783
f 3784 3767 3786
f 3785 3787 3783
f 3787 3788 3783
f 3788 3789 3783
f 3767 3790 3786
f 3789 3791 3783
f 3790 3767 3792
f 3789 3793 3791
f 3793 3794 3791
f 3794 3795 3791
f 3795 3796 3791
f 3796 3797 3791
f 3797 3798 3791
f 3797 3799 3798
f 3799 3800 3798
f 3800 3801 3798
f 3801 3802 3798
f 3802 3803 3798
f 3803 3581 3798
f 3803 3804 3581
f 3804 3805 3581
f 3805 3584 3581
f 3805 3806 3584
f 3806 3805 3807
f 3808 3806 3807
f 3808 3807 3809
f 3810 3808 3809
f 3810 3809 3811
f 3812 3810 3811
f 3812 3811 3813
f 3814 3812 3813
f 3814 3813 3815
f 3816 3814 3815
f 3816 3815 3817
f 3818 3816 3817
f 3818 3817 3819
f 3820 3818 3819
f 3820 3819 3821
f 3596 3820 3821
f 3596 3821 3822
f 3767 3596 3822
f 3767 3822 3792
f 3767 3585 3596
