# ROS coordinates: X forward, Y left, Z up; units are metres.
o mesh
v -0.106900007 -0.06300001 0.167008668
v -0.106952369 -0.06300001 0.1675727
v -0.107149988 -0.0627500042 0.1670084
v -0.107091084 -0.062875 0.167628869
v -0.107118905 -0.06300001 0.168149531
v -0.107198134 -0.0627500042 0.167526945
v -0.107351243 -0.0627500042 0.168057278
v -0.107302189 -0.062875 0.168259308
v -0.107407153 -0.06300001 0.16870448
v -0.107616246 -0.0627500042 0.168567449
v -0.107664913 -0.062875 0.168848723
v -0.107810348 -0.06300001 0.169199735
v -0.107986927 -0.0627500042 0.169022769
v -0.108161643 -0.062875 0.169344366
v -0.108306438 -0.06300001 0.169601843
v -0.108443022 -0.0627500042 0.169392467
v -0.108751863 -0.062875 0.169705853
v -0.108862013 -0.06300001 0.169888914
v -0.108953774 -0.0627500042 0.169656381
v -0.109382734 -0.062875 0.169915617
v -0.109439179 -0.06300001 0.1700542
v -0.1100032 -0.062875 0.169980347
v -0.109484389 -0.0627500042 0.169808328
v -0.110003352 -0.06300001 0.170105353
v -0.110003054 -0.0627500042 0.169855356
v -0.110567361 -0.06300001 0.17005299
v -0.110521615 -0.0627500042 0.169807225
v -0.110623509 -0.062875 0.169914275
v -0.1111442 -0.06300001 0.16988647
v -0.111557215 -0.062875 0.169540271
v -0.111051917 -0.0627500042 0.169654131
v -0.111699134 -0.06300001 0.169598222
v -0.1115621 -0.0627500042 0.169389114
v -0.112194389 -0.06300001 0.169195041
v -0.112017423 -0.0627500042 0.169018447
v -0.11233905 -0.062875 0.168843716
v -0.112596512 -0.06300001 0.168698922
v -0.11282447 -0.062875 0.167939767
v -0.112387121 -0.0627500042 0.168562338
v -0.112883583 -0.06300001 0.168143362
v -0.112651005 -0.0627500042 0.168051571
v -0.113048881 -0.06300001 0.16756618
v -0.112802982 -0.0627500042 0.16752094
v -0.113099992 -0.06300001 0.167002022
v -0.11285001 -0.0627500042 0.16700229
v -0.116900012 -0.06300001 0.166997969
v -0.11695236 -0.06300001 0.167562
v -0.117149994 -0.0627500042 0.166997716
v -0.117091075 -0.062875 0.167618155
v -0.11711888 -0.06300001 0.168138817
v -0.117198139 -0.0627500042 0.167516232
v -0.117351234 -0.0627500042 0.168046564
v -0.11730215 -0.062875 0.168248564
v -0.117407143 -0.06300001 0.168693781
v -0.117616236 -0.0627500042 0.16855675
v -0.117664933 -0.062875 0.168838024
v -0.117810324 -0.06300001 0.169189021
v -0.1179869 -0.0627500042 0.16901207
v -0.118161649 -0.062875 0.169333667
v -0.118306443 -0.06300001 0.169591144
v -0.118443012 -0.0627500042 0.169381753
v -0.118751854 -0.062875 0.169695154
v -0.118861988 -0.06300001 0.169878215
v -0.118953764 -0.0627500042 0.169645667
v -0.119382739 -0.062875 0.1699049
v -0.119439185 -0.06300001 0.170043483
v -0.120003194 -0.062875 0.169969633
v -0.11948441 -0.0627500042 0.169797629
v -0.120003343 -0.06300001 0.170094654
v -0.120003045 -0.0627500042 0.169844627
v -0.120567352 -0.06300001 0.170042276
v -0.120521605 -0.0627500042 0.1697965
v -0.120623514 -0.062875 0.169903576
v -0.121144205 -0.06300001 0.169875771
v -0.121557206 -0.062875 0.169529557
v -0.121051908 -0.0627500042 0.1696434
v -0.121699125 -0.06300001 0.169587523
v -0.121562108 -0.0627500042 0.169378415
v -0.12219438 -0.06300001 0.169184327
v -0.1220174 -0.0627500042 0.169007733
v -0.122339025 -0.062875 0.168833017
v -0.1225965 -0.06300001 0.168688208
v -0.122824445 -0.062875 0.167929053
v -0.1223871 -0.0627500042 0.168551639
v -0.122883558 -0.06300001 0.168132648
v -0.122651026 -0.0627500042 0.168040872
v -0.123048842 -0.06300001 0.167555451
v -0.122802988 -0.0627500042 0.167510226
v -0.123100013 -0.06300001 0.166991338
v -0.122850016 -0.0627500042 0.166991591
v -0.1135 -0.06300001 0.1670016
v -0.113525331 -0.06300001 0.16727452
v -0.113749996 -0.0627500042 0.167001337
v -0.113655522 -0.062875 0.167288169
v -0.113771111 -0.0627500042 0.167228758
v -0.113605917 -0.06300001 0.167553633
v -0.113838285 -0.0627500042 0.167461365
v -0.11375311 -0.062875 0.167579547
v -0.113745391 -0.06300001 0.167822152
v -0.113954484 -0.0627500042 0.167685121
v -0.113920748 -0.062875 0.16785197
v -0.113940477 -0.06300001 0.1680618
v -0.114117086 -0.0627500042 0.167884842
v -0.114150345 -0.062875 0.16808106
v -0.114180535 -0.06300001 0.168256372
v -0.114317119 -0.0627500042 0.168046981
v -0.114423126 -0.062875 0.168248147
v -0.114449352 -0.06300001 0.168395266
v -0.114541143 -0.0627500042 0.168162718
v -0.114714712 -0.062875 0.1683451
v -0.114728644 -0.06300001 0.16847524
v -0.1150015 -0.062875 0.168375
v -0.114773884 -0.0627500042 0.168229371
v -0.115001619 -0.06300001 0.1685
v -0.115001351 -0.0627500042 0.16825
v -0.115274519 -0.06300001 0.168474659
v -0.115228787 -0.0627500042 0.1682289
v -0.115288183 -0.062875 0.168344453
v -0.115553632 -0.06300001 0.168394089
v -0.115719736 -0.062875 0.168171585
v -0.115461379 -0.0627500042 0.16816175
v -0.115822181 -0.06300001 0.168254629
v -0.115685135 -0.0627500042 0.1680455
v -0.116061807 -0.06300001 0.168059528
v -0.11588484 -0.0627500042 0.167882934
v -0.116081074 -0.062875 0.16784966
v -0.116256386 -0.06300001 0.16781947
v -0.116305411 -0.062875 0.167431861
v -0.116046965 -0.0627500042 0.167682886
v -0.11639528 -0.06300001 0.167550653
v -0.116162747 -0.0627500042 0.167458862
v -0.116475254 -0.06300001 0.167271361
v -0.11622937 -0.0627500042 0.167226136
v -0.11650002 -0.06300001 0.166998386
v -0.116250008 -0.0627500042 0.166998655
v -0.13000001 -0.0627500042 0.166983947
v -0.129937872 -0.0627500042 0.1656362
v -0.129750013 -0.06300001 0.166984215
v -0.129688919 -0.06300001 0.165658921
v -0.129691631 -0.062875 0.164671481
v -0.129746646 -0.0627500042 0.16425474
v -0.129500866 -0.06300001 0.164300516
v -0.129416585 -0.0627500042 0.16285719
v -0.129176289 -0.06300001 0.162926242
v -0.129112214 -0.062875 0.162297711
v -0.12894091 -0.0627500042 0.161463633
v -0.128708541 -0.06300001 0.161555916
v -0.128662974 -0.062875 0.161118716
v -0.128316879 -0.0627500042 0.160096318
v -0.128094926 -0.06300001 0.160211369
v -0.128105551 -0.062875 0.159963608
v -0.127546161 -0.0627500042 0.158778414
v -0.127337039 -0.06300001 0.158915445
v -0.127441585 -0.062875 0.15884693
v -0.1266754 -0.062875 0.157783136
v -0.126635179 -0.0627500042 0.157533064
v -0.126441255 -0.06300001 0.157690853
v -0.125813842 -0.062875 0.156785935
v -0.125595242 -0.0627500042 0.156382024
v -0.125418663 -0.06300001 0.156559
v -0.124866039 -0.062875 0.155867755
v -0.124442011 -0.0627500042 0.155344576
v -0.124284655 -0.06300001 0.155538842
v -0.123843431 -0.062875 0.155039251
v -0.123194695 -0.0627500042 0.15443629
v -0.12305814 -0.06300001 0.154645666
v -0.122758865 -0.062875 0.154308826
v -0.121875152 -0.0627500042 0.153668374
v -0.121760577 -0.06300001 0.15389055
v -0.121626422 -0.062875 0.15368247
v -0.120506465 -0.0627500042 0.153047264
v -0.120414704 -0.06300001 0.153279811
v -0.1204606 -0.062875 0.153163537
v -0.11911194 -0.0627500042 0.152574614
v -0.11904341 -0.06300001 0.152815044
v -0.1180864 -0.062875 0.152448714
v -0.117713675 -0.0627500042 0.152247518
v -0.117668435 -0.06300001 0.152493387
v -0.1165148 -0.062875 0.152202338
v -0.116331816 -0.0627500042 0.152059242
v -0.11498408 -0.062875 0.152125016
v -0.116309628 -0.06300001 0.15230827
v -0.114983931 -0.0627500042 0.15200001
v -0.114984214 -0.06300001 0.15225
v -0.113636196 -0.0627500042 0.152062118
v -0.113658935 -0.06300001 0.152311087
v -0.113453537 -0.062875 0.152205616
v -0.112254769 -0.0627500042 0.152253345
v -0.112300515 -0.06300001 0.152499124
v -0.111882478 -0.062875 0.152455345
v -0.110857189 -0.0627500042 0.152583435
v -0.110926241 -0.06300001 0.152823731
v -0.11029774 -0.062875 0.152887791
v -0.109463662 -0.0627500042 0.1530591
v -0.10955593 -0.06300001 0.153291449
v -0.108730316 -0.062875 0.153510854
v -0.1080963 -0.0627500042 0.153683126
v -0.108211383 -0.06300001 0.153905079
v -0.107213989 -0.062875 0.154325485
v -0.106778413 -0.0627500042 0.154453859
v -0.106915459 -0.06300001 0.154662967
v -0.105783135 -0.062875 0.155324608
v -0.105533063 -0.0627500042 0.155364826
v -0.104470536 -0.062875 0.156493053
v -0.105690852 -0.06300001 0.155558765
v -0.104382053 -0.0627500042 0.156404763
v -0.104559004 -0.06300001 0.156581342
v -0.103344604 -0.0627500042 0.157558009
v -0.103538841 -0.06300001 0.15771538
v -0.103304893 -0.062875 0.157808155
v -0.102436289 -0.0627500042 0.1588053
v -0.102645695 -0.06300001 0.15894188
v -0.10230884 -0.062875 0.15924114
v -0.101668388 -0.0627500042 0.160124853
v -0.101890564 -0.06300001 0.160239443
v -0.101497471 -0.062875 0.160759211
v -0.101047277 -0.0627500042 0.16149351
v -0.10127981 -0.06300001 0.1615853
v -0.100877762 -0.062875 0.162327945
v -0.100574613 -0.0627500042 0.162888065
v -0.100815028 -0.06300001 0.1629566
v -0.100448728 -0.062875 0.163913622
v -0.1002475 -0.0627500042 0.164286345
v -0.100493386 -0.06300001 0.16433157
v -0.100202337 -0.062875 0.1654852
v -0.100059241 -0.0627500042 0.16566819
v -0.100308254 -0.06300001 0.165690377
v -0.100000024 -0.0627500042 0.167016059
v -0.100250006 -0.06300001 0.1670158
v -0.100062147 -0.0627500042 0.16836381
v -0.1003111 -0.06300001 0.1683411
v -0.100308388 -0.062875 0.169328511
v -0.100253358 -0.0627500042 0.169745237
v -0.100499138 -0.06300001 0.16969949
v -0.100583464 -0.0627500042 0.171142817
v -0.10082373 -0.06300001 0.17107375
v -0.100887805 -0.062875 0.171702281
v -0.101059109 -0.0627500042 0.172536343
v -0.101291448 -0.06300001 0.172444075
v -0.10133706 -0.062875 0.172881275
v -0.10168314 -0.0627500042 0.173903689
v -0.101905093 -0.06300001 0.173788637
v -0.1018945 -0.062875 0.174036413
v -0.102453858 -0.0627500042 0.175221592
v -0.102662966 -0.06300001 0.175084561
v -0.102558419 -0.062875 0.175153077
v -0.103324592 -0.062875 0.176216871
v -0.103364855 -0.0627500042 0.176466927
v -0.103558764 -0.06300001 0.176309139
v -0.104186222 -0.062875 0.177214071
v -0.104404777 -0.0627500042 0.177617967
v -0.104581356 -0.06300001 0.177440986
v -0.105133951 -0.062875 0.178132236
v -0.105558008 -0.0627500042 0.178655416
v -0.105715364 -0.06300001 0.178461149
v -0.106156588 -0.062875 0.178960741
v -0.10680531 -0.0627500042 0.179563716
v -0.106941879 -0.06300001 0.17935431
v -0.107241184 -0.062875 0.179691166
v -0.108124867 -0.0627500042 0.180331632
v -0.108239472 -0.06300001 0.180109441
v -0.108373612 -0.062875 0.180317536
v -0.109493539 -0.0627500042 0.180952743
v -0.109585315 -0.06300001 0.18072018
v -0.109539419 -0.062875 0.180836439
v -0.110888079 -0.0627500042 0.181425378
v -0.110956609 -0.06300001 0.181184962
v -0.111913621 -0.062875 0.181551278
v -0.112286359 -0.0627500042 0.181752488
v -0.112331584 -0.06300001 0.181506619
v -0.113485217 -0.062875 0.181797668
v -0.113668188 -0.0627500042 0.181940749
v -0.115015924 -0.062875 0.18187499
v -0.113690376 -0.06300001 0.181691736
v -0.115016073 -0.0627500042 0.182
v -0.115015805 -0.06300001 0.18175
v -0.116363823 -0.0627500042 0.181937858
v -0.1163411 -0.06300001 0.18168892
v -0.1165465 -0.062875 0.18179439
v -0.11774525 -0.0627500042 0.181746662
v -0.117699474 -0.06300001 0.181500867
v -0.118117541 -0.062875 0.181544632
v -0.11914283 -0.0627500042 0.181416571
v -0.119073763 -0.06300001 0.181176275
v -0.11970228 -0.062875 0.1811122
v -0.120536357 -0.0627500042 0.1809409
v -0.120444089 -0.06300001 0.180708557
v -0.121269688 -0.062875 0.180489138
v -0.1219037 -0.0627500042 0.180316865
v -0.121788621 -0.06300001 0.180094928
v -0.122786015 -0.062875 0.179674536
v -0.123221591 -0.0627500042 0.179546133
v -0.123084575 -0.06300001 0.179337025
v -0.124216884 -0.062875 0.1786754
v -0.124466926 -0.0627500042 0.178635165
v -0.125529483 -0.062875 0.177506939
v -0.124309152 -0.06300001 0.178441241
v -0.125617966 -0.0627500042 0.177595243
v -0.125440985 -0.06300001 0.177418649
v -0.126655415 -0.0627500042 0.176442
v -0.126461178 -0.06300001 0.176284626
v -0.126695111 -0.062875 0.176191837
v -0.127563715 -0.0627500042 0.1751947
v -0.127354324 -0.06300001 0.175058126
v -0.12769118 -0.062875 0.174758852
v -0.128331661 -0.0627500042 0.173875153
v -0.12810944 -0.06300001 0.173760563
v -0.128502548 -0.062875 0.1732408
v -0.128952727 -0.0627500042 0.172506481
v -0.1287202 -0.06300001 0.1724147
v -0.129122257 -0.062875 0.171672046
v -0.1294254 -0.0627500042 0.171111926
v -0.129184991 -0.06300001 0.1710434
v -0.1295513 -0.062875 0.170086384
v -0.129752517 -0.0627500042 0.169713646
v -0.129506618 -0.06300001 0.169668421
v -0.129797667 -0.062875 0.168514788
v -0.129940778 -0.0627500042 0.168331832
v -0.12969175 -0.06300001 0.168309629
v -0.13000001 -0.0627500042 0.166983947
v -0.129750013 -0.06300001 0.166984215
v -0.1135 -0.0580000058 0.1670016
v -0.113524765 -0.0580000058 0.166728646
v -0.113749996 -0.05825 0.167001337
v -0.113654941 -0.058125 0.1667147
v -0.113770634 -0.05825 0.166773856
v -0.113604739 -0.0580000058 0.166449338
v -0.113837287 -0.05825 0.166541129
v -0.113751858 -0.058125 0.166423112
v -0.113743648 -0.0580000058 0.166180551
v -0.113953054 -0.05825 0.1663171
v -0.113918945 -0.058125 0.166150317
v -0.113938212 -0.0580000058 0.165940478
v -0.114115149 -0.05825 0.166117072
v -0.114148051 -0.058125 0.165920764
v -0.114177838 -0.0580000058 0.165745378
v -0.114314884 -0.05825 0.1659545
v -0.114420459 -0.058125 0.1657531
v -0.114446372 -0.0580000058 0.165605918
v -0.11453864 -0.05825 0.165838256
v -0.114711836 -0.058125 0.165655524
v -0.114725485 -0.0580000058 0.165525317
v -0.114998534 -0.058125 0.165625
v -0.114771247 -0.05825 0.165771112
v -0.1149984 -0.0580000058 0.1655
v -0.114998668 -0.05825 0.165750012
v -0.115271375 -0.0580000058 0.165524751
v -0.11522615 -0.05825 0.16577062
v -0.115285307 -0.058125 0.165654927
v -0.115550652 -0.0580000058 0.165604725
v -0.1157172 -0.058125 0.165826857
v -0.115458876 -0.05825 0.165837273
v -0.115819484 -0.0580000058 0.165743619
v -0.115682885 -0.05825 0.165953025
v -0.116059542 -0.0580000058 0.165938213
v -0.115882933 -0.05825 0.166115165
v -0.116079271 -0.058125 0.166148022
v -0.116254628 -0.0580000058 0.166177854
v -0.116304517 -0.058125 0.166565344
v -0.116045505 -0.05825 0.16631487
v -0.1163941 -0.0580000058 0.166446358
v -0.116161764 -0.05825 0.166538641
v -0.116474673 -0.0580000058 0.166725487
v -0.116228908 -0.05825 0.166771218
v -0.11650002 -0.0580000058 0.166998386
v -0.116250008 -0.05825 0.166998655
v -0.108100027 -0.0580000058 0.167007387
v -0.108131364 -0.0580000058 0.16666162
v -0.108350009 -0.05825 0.167007118
v -0.108263627 -0.058125 0.166637063
v -0.108377218 -0.05825 0.16670686
v -0.108232647 -0.0580000058 0.166307852
v -0.108465225 -0.05825 0.166399658
v -0.108388782 -0.058125 0.16626066
v -0.1084086 -0.0580000058 0.165967375
v -0.108618006 -0.05825 0.166103929
v -0.108604461 -0.058125 0.1659085
v -0.108655065 -0.0580000058 0.165663272
v -0.108832046 -0.05825 0.165839881
v -0.10890016 -0.058125 0.165612161
v -0.1089586 -0.0580000058 0.165416166
v -0.109095663 -0.05825 0.165625289
v -0.109251857 -0.058125 0.165395737
v -0.109298736 -0.0580000058 0.165239513
v -0.109391004 -0.05825 0.165471852
v -0.109628022 -0.058125 0.165269792
v -0.109652281 -0.0580000058 0.16513744
v -0.109998107 -0.058125 0.165230364
v -0.109698027 -0.05825 0.16538322
v -0.109997973 -0.0580000058 0.165105343
v -0.109998226 -0.05825 0.165355355
v -0.110343754 -0.0580000058 0.16513671
v -0.110298514 -0.05825 0.1653826
v -0.110368311 -0.058125 0.165268987
v -0.110697508 -0.0580000058 0.165238023
v -0.110925838 -0.058125 0.165490955
v -0.110605747 -0.05825 0.165470555
v -0.111038 -0.0580000058 0.165413946
v -0.11090143 -0.05825 0.165623352
v -0.111342072 -0.0580000058 0.165660411
v -0.111165479 -0.05825 0.165837377
v -0.111393213 -0.058125 0.165905535
v -0.111589164 -0.0580000058 0.165963948
v -0.111683995 -0.058125 0.166444242
v -0.1113801 -0.05825 0.166101
v -0.111765862 -0.0580000058 0.1663041
v -0.111533523 -0.05825 0.16639635
v -0.111867905 -0.0580000058 0.166657627
v -0.111622125 -0.05825 0.166703358
v -0.111900032 -0.0580000058 0.167003334
v -0.111650005 -0.05825 0.167003587
v -0.118100017 -0.0580000058 0.166996688
v -0.11813134 -0.0580000058 0.166650921
v -0.11835 -0.05825 0.1669964
v -0.118263632 -0.058125 0.166626349
v -0.118377224 -0.05825 0.166696161
v -0.118232653 -0.0580000058 0.166297153
v -0.118465215 -0.05825 0.166388929
v -0.118388772 -0.058125 0.166249961
v -0.118408591 -0.0580000058 0.165956646
v -0.118618011 -0.05825 0.16609323
v -0.118604451 -0.058125 0.1658978
v -0.118655056 -0.0580000058 0.165652588
v -0.118832022 -0.05825 0.165829152
v -0.11890018 -0.058125 0.165601447
v -0.118958622 -0.0580000058 0.165405467
v -0.119095623 -0.05825 0.165614575
v -0.119251847 -0.058125 0.165385008
v -0.119298726 -0.0580000058 0.165228784
v -0.119390994 -0.05825 0.165461153
v -0.119628 -0.058125 0.165259063
v -0.119652271 -0.0580000058 0.165126726
v -0.1199981 -0.058125 0.165219635
v -0.119698018 -0.05825 0.1653725
v -0.119997978 -0.0580000058 0.165094644
v -0.119998232 -0.05825 0.165344641
v -0.1203437 -0.0580000058 0.165126
v -0.120298505 -0.05825 0.165371865
v -0.1203683 -0.058125 0.165258273
v -0.1206975 -0.0580000058 0.165227309
v -0.120925859 -0.058125 0.165480241
v -0.120605707 -0.05825 0.165459841
v -0.12103802 -0.0580000058 0.165403247
v -0.120901421 -0.05825 0.165612653
v -0.121342063 -0.0580000058 0.165649712
v -0.121165484 -0.05825 0.165826663
v -0.121393204 -0.058125 0.165894821
v -0.121589184 -0.0580000058 0.165953249
v -0.121683985 -0.058125 0.166433513
v -0.121380091 -0.05825 0.16609028
v -0.121765852 -0.0580000058 0.166293383
v -0.1215335 -0.05825 0.166385651
v -0.121867895 -0.0580000058 0.166646913
v -0.121622145 -0.05825 0.166692659
v -0.121900007 -0.0580000058 0.1669926
v -0.12165001 -0.05825 0.166992873
v -0.13000001 -0.0627500042 0.166983947
v -0.129940778 -0.0627500042 0.168331832
v -0.13000001 -0.05825 0.166983947
v -0.129940778 -0.05825 0.168331832
v -0.1298201 -0.0605000034 0.169316351
v -0.129752517 -0.0627500042 0.169713646
v -0.129752517 -0.05825 0.169713646
v -0.1294254 -0.0627500042 0.171111926
v -0.1294254 -0.05825 0.171111926
v -0.12924093 -0.0605000034 0.171711311
v -0.128952727 -0.0627500042 0.172506481
v -0.128952727 -0.05825 0.172506481
v -0.128790438 -0.0605000034 0.172901168
v -0.128331661 -0.0627500042 0.173875153
v -0.128331661 -0.05825 0.173875153
v -0.128230825 -0.0605000034 0.1740672
v -0.127563715 -0.0627500042 0.1751947
v -0.127563715 -0.05825 0.1751947
v -0.127563715 -0.0605000034 0.1751947
v -0.126793385 -0.0605000034 0.176269069
v -0.126655415 -0.0627500042 0.176442
v -0.126655415 -0.05825 0.176442
v -0.125926733 -0.0605000034 0.177276522
v -0.125617966 -0.0627500042 0.177595243
v -0.125617966 -0.05825 0.177595243
v -0.124973 -0.0605000034 0.178204462
v -0.124466926 -0.0627500042 0.178635165
v -0.124466926 -0.05825 0.178635165
v -0.123943552 -0.0605000034 0.179042146
v -0.123221591 -0.0627500042 0.179546133
v -0.123221591 -0.05825 0.179546133
v -0.122851461 -0.0605000034 0.179781035
v -0.1219037 -0.0627500042 0.180316865
v -0.1219037 -0.05825 0.180316865
v -0.121710852 -0.0605000034 0.1804151
v -0.120536357 -0.0627500042 0.1809409
v -0.120536357 -0.05825 0.1809409
v -0.120536357 -0.0605000034 0.1809409
v -0.11914283 -0.0627500042 0.181416571
v -0.11914283 -0.05825 0.181416571
v -0.118143737 -0.0605000034 0.181666851
v -0.11774525 -0.0627500042 0.181746662
v -0.11774525 -0.05825 0.181746662
v -0.116559476 -0.0605000034 0.18191871
v -0.116363823 -0.0627500042 0.181937858
v -0.115016073 -0.0605000034 0.182
v -0.116363823 -0.05825 0.181937858
v -0.115016073 -0.0627500042 0.182
v -0.115016073 -0.05825 0.182
v -0.113668188 -0.0627500042 0.181940749
v -0.113668188 -0.05825 0.181940749
v -0.113472492 -0.0605000034 0.181922033
v -0.112286359 -0.0627500042 0.181752488
v -0.112286359 -0.05825 0.181752488
v -0.111887693 -0.0605000034 0.181673571
v -0.110888079 -0.0627500042 0.181425378
v -0.110888079 -0.05825 0.181425378
v -0.110288709 -0.0605000034 0.1812409
v -0.109493539 -0.0627500042 0.180952743
v -0.109493539 -0.05825 0.180952743
v -0.1087068 -0.0605000034 0.180615991
v -0.108124867 -0.0627500042 0.180331632
v -0.108124867 -0.05825 0.180331632
v -0.107175946 -0.0605000034 0.179797813
v -0.10680531 -0.0627500042 0.179563716
v -0.10680531 -0.05825 0.179563716
v -0.105730921 -0.0605000034 0.178793386
v -0.105558008 -0.0627500042 0.178655416
v -0.104404777 -0.0605000034 0.177617967
v -0.105558008 -0.05825 0.178655416
v -0.104404777 -0.0627500042 0.177617967
v -0.104404777 -0.05825 0.177617967
v -0.103364855 -0.0627500042 0.176466927
v -0.103364855 -0.05825 0.176466927
v -0.1032265 -0.0605000034 0.176294327
v -0.102453858 -0.0627500042 0.175221592
v -0.102453858 -0.05825 0.175221592
v -0.102218971 -0.0605000034 0.174851447
v -0.10168314 -0.0627500042 0.173903689
v -0.10168314 -0.05825 0.173903689
v -0.101397514 -0.0605000034 0.173322365
v -0.101059109 -0.0627500042 0.172536343
v -0.101059109 -0.05825 0.172536343
v -0.100769222 -0.0605000034 0.1717418
v -0.100583464 -0.0627500042 0.171142817
v -0.100583464 -0.05825 0.171142817
v -0.100333139 -0.0605000034 0.170143753
v -0.100253358 -0.0627500042 0.169745237
v -0.100253358 -0.05825 0.169745237
v -0.100081295 -0.0605000034 0.168559462
v -0.100062147 -0.0627500042 0.16836381
v -0.100062147 -0.05825 0.16836381
v -0.100000024 -0.0627500042 0.167016059
v -0.100000024 -0.05825 0.167016059
v -0.100059241 -0.0627500042 0.16566819
v -0.100059241 -0.05825 0.16566819
v -0.10017994 -0.0605000034 0.164683655
v -0.1002475 -0.0627500042 0.164286345
v -0.1002475 -0.05825 0.164286345
v -0.100574613 -0.0627500042 0.162888065
v -0.100574613 -0.05825 0.162888065
v -0.100759089 -0.0605000034 0.1622887
v -0.101047277 -0.0627500042 0.16149351
v -0.101047277 -0.05825 0.16149351
v -0.101209581 -0.0605000034 0.161098823
v -0.101668388 -0.0627500042 0.160124853
v -0.101668388 -0.05825 0.160124853
v -0.101769179 -0.0605000034 0.159932792
v -0.102436289 -0.0627500042 0.1588053
v -0.102436289 -0.05825 0.1588053
v -0.102436289 -0.0605000034 0.1588053
v -0.103206635 -0.0605000034 0.157730922
v -0.103344604 -0.0627500042 0.157558009
v -0.103344604 -0.05825 0.157558009
v -0.1040733 -0.0605000034 0.156723484
v -0.104382053 -0.0627500042 0.156404763
v -0.104382053 -0.05825 0.156404763
v -0.105027035 -0.0605000034 0.155795544
v -0.105533063 -0.0627500042 0.155364826
v -0.105533063 -0.05825 0.155364826
v -0.106056452 -0.0605000034 0.154957876
v -0.106778413 -0.0627500042 0.154453859
v -0.106778413 -0.05825 0.154453859
v -0.107148558 -0.0605000034 0.154218972
v -0.1080963 -0.0627500042 0.153683126
v -0.1080963 -0.05825 0.153683126
v -0.108289167 -0.0605000034 0.1535849
v -0.109463662 -0.0627500042 0.1530591
v -0.109463662 -0.05825 0.1530591
v -0.109463662 -0.0605000034 0.1530591
v -0.110857189 -0.0627500042 0.152583435
v -0.110857189 -0.05825 0.152583435
v -0.111856267 -0.0605000034 0.15233314
v -0.112254769 -0.0627500042 0.152253345
v -0.112254769 -0.05825 0.152253345
v -0.113440514 -0.0605000034 0.1520813
v -0.113636196 -0.0627500042 0.152062118
v -0.114983931 -0.0605000034 0.15200001
v -0.113636196 -0.05825 0.152062118
v -0.114983931 -0.0627500042 0.15200001
v -0.114983931 -0.05825 0.15200001
v -0.116331816 -0.0627500042 0.152059242
v -0.116331816 -0.05825 0.152059242
v -0.116527557 -0.0605000034 0.152077973
v -0.117713675 -0.0627500042 0.152247518
v -0.117713675 -0.05825 0.152247518
v -0.118112326 -0.0605000034 0.152326435
v -0.11911194 -0.0627500042 0.152574614
v -0.11911194 -0.05825 0.152574614
v -0.11971131 -0.0605000034 0.152759075
v -0.120506465 -0.0627500042 0.153047264
v -0.120506465 -0.05825 0.153047264
v -0.121293247 -0.0605000034 0.153384
v -0.121875152 -0.0627500042 0.153668374
v -0.121875152 -0.05825 0.153668374
v -0.122824073 -0.0605000034 0.1542022
v -0.123194695 -0.0627500042 0.15443629
v -0.123194695 -0.05825 0.15443629
v -0.1242691 -0.0605000034 0.1552066
v -0.124442011 -0.0627500042 0.155344576
v -0.125595242 -0.0605000034 0.156382024
v -0.124442011 -0.05825 0.155344576
v -0.125595242 -0.0627500042 0.156382024
v -0.125595242 -0.05825 0.156382024
v -0.126635179 -0.0627500042 0.157533064
v -0.126635179 -0.05825 0.157533064
v -0.126773536 -0.0605000034 0.15770568
v -0.127546161 -0.0627500042 0.158778414
v -0.127546161 -0.05825 0.158778414
v -0.127781048 -0.0605000034 0.159148529
v -0.128316879 -0.0627500042 0.160096318
v -0.128316879 -0.05825 0.160096318
v -0.12860249 -0.0605000034 0.160677612
v -0.12894091 -0.0627500042 0.161463633
v -0.12894091 -0.05825 0.161463633
v -0.1292308 -0.0605000034 0.1622582
v -0.129416585 -0.0627500042 0.16285719
v -0.129416585 -0.05825 0.16285719
v -0.1296669 -0.0605000034 0.163856268
v -0.129746646 -0.0627500042 0.16425474
v -0.129746646 -0.05825 0.16425474
v -0.129918739 -0.0605000034 0.16544053
v -0.129937872 -0.0627500042 0.1656362
v -0.129937872 -0.05825 0.1656362
v -0.13000001 -0.0627500042 0.166983947
v -0.13000001 -0.05825 0.166983947
v -0.13000001 -0.05825 0.166983947
v -0.129940778 -0.05825 0.168331832
v -0.129750013 -0.0580000058 0.166984215
v -0.12969175 -0.0580000058 0.168309629
v -0.129696608 -0.058125 0.16929704
v -0.129752517 -0.05825 0.169713646
v -0.129506618 -0.0580000058 0.169668421
v -0.1294254 -0.05825 0.171111926
v -0.129184991 -0.0580000058 0.1710434
v -0.129122257 -0.058125 0.171672046
v -0.128952727 -0.05825 0.172506481
v -0.1287202 -0.0580000058 0.1724147
v -0.128675535 -0.058125 0.17285201
v -0.128331661 -0.05825 0.173875153
v -0.12810944 -0.0580000058 0.173760563
v -0.128120571 -0.058125 0.17400831
v -0.127563715 -0.05825 0.1751947
v -0.127354324 -0.0580000058 0.175058126
v -0.127459019 -0.058125 0.1751264
v -0.126695111 -0.058125 0.176191837
v -0.126655415 -0.05825 0.176442
v -0.126461178 -0.0580000058 0.176284626
v -0.125835672 -0.058125 0.17719087
v -0.125617966 -0.05825 0.177595243
v -0.125440985 -0.0580000058 0.177418649
v -0.12488988 -0.058125 0.178111091
v -0.124466926 -0.05825 0.178635165
v -0.124309152 -0.0580000058 0.178441241
v -0.123869032 -0.058125 0.178941786
v -0.123221591 -0.05825 0.179546133
v -0.123084575 -0.0580000058 0.179337025
v -0.122786015 -0.058125 0.179674536
v -0.1219037 -0.05825 0.180316865
v -0.121788621 -0.0580000058 0.180094928
v -0.121654913 -0.058125 0.1803033
v -0.120536357 -0.05825 0.1809409
v -0.120444089 -0.0580000058 0.180708557
v -0.120490223 -0.058125 0.180824727
v -0.11914283 -0.05825 0.181416571
v -0.119073763 -0.0580000058 0.181176275
v -0.118117541 -0.058125 0.181544632
v -0.11774525 -0.05825 0.181746662
v -0.117699474 -0.0580000058 0.181500867
v -0.1165465 -0.058125 0.18179439
v -0.116363823 -0.05825 0.181937858
v -0.115015924 -0.058125 0.18187499
v -0.1163411 -0.0580000058 0.18168892
v -0.115016073 -0.05825 0.182
v -0.115015805 -0.0580000058 0.18175
v -0.113668188 -0.05825 0.181940749
v -0.113690376 -0.0580000058 0.181691736
v -0.113485217 -0.058125 0.181797668
v -0.112286359 -0.05825 0.181752488
v -0.112331584 -0.0580000058 0.181506619
v -0.111913621 -0.058125 0.181551278
v -0.110888079 -0.05825 0.181425378
v -0.110956609 -0.0580000058 0.181184962
v -0.110327959 -0.058125 0.181122243
v -0.109493539 -0.05825 0.180952743
v -0.109585315 -0.0580000058 0.18072018
v -0.108759224 -0.058125 0.180502519
v -0.108124867 -0.05825 0.180331632
v -0.108239472 -0.0580000058 0.180109441
v -0.107241184 -0.058125 0.179691166
v -0.10680531 -0.05825 0.179563716
v -0.106941879 -0.0580000058 0.17935431
v -0.105808169 -0.058125 0.178695112
v -0.105558008 -0.05825 0.178655416
v -0.104493052 -0.058125 0.177529469
v -0.105715364 -0.0580000058 0.178461149
v -0.104404777 -0.05825 0.177617967
v -0.104581356 -0.0580000058 0.177440986
v -0.103364855 -0.05825 0.176466927
v -0.103558764 -0.0580000058 0.176309139
v -0.103324592 -0.058125 0.176216871
v -0.102453858 -0.05825 0.175221592
v -0.102662966 -0.0580000058 0.175084561
v -0.102325469 -0.058125 0.174786031
v -0.10168314 -0.05825 0.173903689
v -0.101905093 -0.0580000058 0.173788637
v -0.101510853 -0.058125 0.173269674
v -0.101059109 -0.05825 0.172536343
v -0.101291448 -0.0580000058 0.172444075
v -0.100887805 -0.058125 0.171702281
v -0.100583464 -0.05825 0.171142817
v -0.10082373 -0.0580000058 0.17107375
v -0.100455344 -0.058125 0.170117527
v -0.100253358 -0.05825 0.169745237
v -0.100499138 -0.0580000058 0.16969949
v -0.10020563 -0.058125 0.1685465
v -0.100062147 -0.05825 0.16836381
v -0.1003111 -0.0580000058 0.1683411
v -0.100000024 -0.05825 0.167016059
v -0.100250006 -0.0580000058 0.1670158
v -0.100059241 -0.05825 0.16566819
v -0.100059241 -0.05825 0.16566819
v -0.100308254 -0.0580000058 0.165690377
v -0.100250006 -0.0580000058 0.1670158
v -0.100303441 -0.058125 0.164702967
v -0.1002475 -0.05825 0.164286345
v -0.100493386 -0.0580000058 0.16433157
v -0.100574613 -0.05825 0.162888065
v -0.100815028 -0.0580000058 0.1629566
v -0.100877762 -0.058125 0.162327945
v -0.101047277 -0.05825 0.16149351
v -0.10127981 -0.0580000058 0.1615853
v -0.101324514 -0.058125 0.161148
v -0.101668388 -0.05825 0.160124853
v -0.101890564 -0.0580000058 0.160239443
v -0.101879463 -0.058125 0.159991682
v -0.102436289 -0.05825 0.1588053
v -0.102645695 -0.0580000058 0.15894188
v -0.102541 -0.058125 0.1588736
v -0.103304893 -0.058125 0.157808155
v -0.103344604 -0.05825 0.157558009
v -0.103538841 -0.0580000058 0.15771538
v -0.104164347 -0.058125 0.156809121
v -0.104382053 -0.05825 0.156404763
v -0.104559004 -0.0580000058 0.156581342
v -0.105110139 -0.058125 0.155888915
v -0.105533063 -0.05825 0.155364826
v -0.105690852 -0.0580000058 0.155558765
v -0.106131 -0.058125 0.1550582
v -0.106778413 -0.05825 0.154453859
v -0.106915459 -0.0580000058 0.154662967
v -0.107213989 -0.058125 0.154325485
v -0.1080963 -0.05825 0.153683126
v -0.108211383 -0.0580000058 0.153905079
v -0.108345106 -0.058125 0.153696686
v -0.109463662 -0.05825 0.1530591
v -0.10955593 -0.0580000058 0.153291449
v -0.109509796 -0.058125 0.153175265
v -0.110857189 -0.05825 0.152583435
v -0.110926241 -0.0580000058 0.152823731
v -0.111882478 -0.058125 0.152455345
v -0.112254769 -0.05825 0.152253345
v -0.112300515 -0.0580000058 0.152499124
v -0.113453537 -0.058125 0.152205616
v -0.113636196 -0.05825 0.152062118
v -0.11498408 -0.058125 0.152125016
v -0.113658935 -0.0580000058 0.152311087
v -0.114983931 -0.05825 0.15200001
v -0.114984214 -0.0580000058 0.15225
v -0.116331816 -0.05825 0.152059242
v -0.116309628 -0.0580000058 0.15230827
v -0.1165148 -0.058125 0.152202338
v -0.117713675 -0.05825 0.152247518
v -0.117668435 -0.0580000058 0.152493387
v -0.1180864 -0.058125 0.152448714
v -0.11911194 -0.05825 0.152574614
v -0.11904341 -0.0580000058 0.152815044
v -0.11967206 -0.058125 0.152877748
v -0.120506465 -0.05825 0.153047264
v -0.120414704 -0.0580000058 0.153279811
v -0.121240795 -0.058125 0.153497458
v -0.121875152 -0.05825 0.153668374
v -0.121760577 -0.0580000058 0.15389055
v -0.122758865 -0.058125 0.154308826
v -0.123194695 -0.05825 0.15443629
v -0.12305814 -0.0580000058 0.154645666
v -0.12419185 -0.058125 0.155304879
v -0.124442011 -0.05825 0.155344576
v -0.125506967 -0.058125 0.156470537
v -0.124284655 -0.0580000058 0.155538842
v -0.125595242 -0.05825 0.156382024
v -0.125418663 -0.0580000058 0.156559
v -0.126635179 -0.05825 0.157533064
v -0.126441255 -0.0580000058 0.157690853
v -0.1266754 -0.058125 0.157783136
v -0.127546161 -0.05825 0.158778414
v -0.127337039 -0.0580000058 0.158915445
v -0.127674535 -0.058125 0.159213975
v -0.128316879 -0.05825 0.160096318
v -0.128094926 -0.0580000058 0.160211369
v -0.128489137 -0.058125 0.160730317
v -0.12894091 -0.05825 0.161463633
v -0.128708541 -0.0580000058 0.161555916
v -0.129112214 -0.058125 0.162297711
v -0.129416585 -0.05825 0.16285719
v -0.129176289 -0.0580000058 0.162926242
v -0.12954466 -0.058125 0.163882464
v -0.129746646 -0.05825 0.16425474
v -0.129500866 -0.0580000058 0.164300516
v -0.1297944 -0.058125 0.165453508
v -0.129937872 -0.05825 0.1656362
v -0.129688919 -0.0580000058 0.165658921
v -0.13000001 -0.05825 0.166983947
v -0.129750013 -0.0580000058 0.166984215
v -0.11835 -0.05825 0.1669964
v -0.118377894 -0.05825 0.167296618
v -0.118100017 -0.0580000058 0.166996688
v -0.118316039 -0.058125 0.167555764
v -0.118466511 -0.05825 0.167603642
v -0.118132114 -0.0580000058 0.16734238
v -0.118234143 -0.0580000058 0.16769591
v -0.118619919 -0.05825 0.167899013
v -0.118410826 -0.0580000058 0.168036044
v -0.118606791 -0.058125 0.168094471
v -0.118834525 -0.05825 0.168162629
v -0.119074166 -0.058125 0.168509051
v -0.118657947 -0.0580000058 0.16833958
v -0.119098574 -0.05825 0.168376639
v -0.11896202 -0.0580000058 0.168586046
v -0.1193943 -0.05825 0.168529451
v -0.119302526 -0.0580000058 0.168761984
v -0.119631708 -0.058125 0.168731
v -0.119701505 -0.05825 0.168617412
v -0.120001912 -0.058125 0.168769643
v -0.119656265 -0.0580000058 0.1688633
v -0.120001793 -0.05825 0.168644637
v -0.120002031 -0.0580000058 0.168894649
v -0.120301992 -0.05825 0.168616772
v -0.120347738 -0.0580000058 0.168862566
v -0.120372 -0.058125 0.168730229
v -0.120609015 -0.05825 0.16852814
v -0.120701283 -0.0580000058 0.168760508
v -0.120748162 -0.058125 0.168604285
v -0.120904386 -0.05825 0.168374717
v -0.1210414 -0.0580000058 0.16858381
v -0.12109983 -0.058125 0.168387845
v -0.121167988 -0.05825 0.168160111
v -0.121344954 -0.0580000058 0.168336719
v -0.121395558 -0.058125 0.168091491
v -0.121382013 -0.05825 0.167896062
v -0.121591404 -0.0580000058 0.168032631
v -0.121611238 -0.058125 0.167739362
v -0.121534824 -0.05825 0.167600363
v -0.121767372 -0.0580000058 0.16769214
v -0.121736377 -0.058125 0.167362943
v -0.1216228 -0.05825 0.167293146
v -0.12186867 -0.0580000058 0.167338371
v -0.12165001 -0.05825 0.166992873
v -0.121900007 -0.0580000058 0.1669926
v -0.12165001 -0.05825 0.166992873
v -0.12165001 -0.0600000024 0.166992873
v -0.121622145 -0.0600000024 0.166692659
v -0.121613353 -0.059125 0.166648835
v -0.121622145 -0.05825 0.166692659
v -0.1215335 -0.0600000024 0.166385651
v -0.1215335 -0.05825 0.166385651
v -0.121496275 -0.059125 0.1662992
v -0.121380091 -0.0600000024 0.16609028
v -0.121380091 -0.05825 0.16609028
v -0.121295094 -0.059125 0.165972263
v -0.121165484 -0.0600000024 0.165826663
v -0.121165484 -0.05825 0.165826663
v -0.121019617 -0.059125 0.165697366
v -0.120901421 -0.0600000024 0.165612653
v -0.120901421 -0.05825 0.165612653
v -0.120692253 -0.059125 0.165496886
v -0.120605707 -0.0600000024 0.165459841
v -0.120605707 -0.05825 0.165459841
v -0.120342344 -0.059125 0.165380552
v -0.120298505 -0.0600000024 0.165371865
v -0.119998232 -0.059125 0.165344641
v -0.120298505 -0.05825 0.165371865
v -0.119998232 -0.0600000024 0.165344641
v -0.119998232 -0.05825 0.165344641
v -0.119698018 -0.0600000024 0.1653725
v -0.119698018 -0.05825 0.1653725
v -0.119654208 -0.059125 0.1653813
v -0.119390994 -0.0600000024 0.165461153
v -0.119390994 -0.05825 0.165461153
v -0.119390994 -0.059125 0.165461153
v -0.119136333 -0.059125 0.165588722
v -0.119095623 -0.0600000024 0.165614575
v -0.119095623 -0.05825 0.165614575
v -0.118902981 -0.059125 0.165762156
v -0.118832022 -0.0600000024 0.165829152
v -0.118832022 -0.05825 0.165829152
v -0.118702725 -0.059125 0.165975049
v -0.118618011 -0.0600000024 0.16609323
v -0.118618011 -0.05825 0.16609323
v -0.118544623 -0.059125 0.166217253
v -0.118465215 -0.0600000024 0.166388929
v -0.118465215 -0.05825 0.166388929
v -0.118433505 -0.059125 0.1664764
v -0.118377224 -0.0600000024 0.166696161
v -0.118377224 -0.05825 0.166696161
v -0.1183698 -0.059125 0.166739851
v -0.11835 -0.0600000024 0.1669964
v -0.11835 -0.05825 0.1669964
v -0.118377894 -0.0600000024 0.167296618
v -0.118386626 -0.059125 0.167340457
v -0.118377894 -0.05825 0.167296618
v -0.118466511 -0.0600000024 0.167603642
v -0.118466511 -0.05825 0.167603642
v -0.118503749 -0.059125 0.167690113
v -0.118619919 -0.0600000024 0.167899013
v -0.118619919 -0.05825 0.167899013
v -0.118704915 -0.059125 0.16801703
v -0.118834525 -0.0600000024 0.168162629
v -0.118834525 -0.05825 0.168162629
v -0.118980408 -0.059125 0.168291926
v -0.119098574 -0.0600000024 0.168376639
v -0.119098574 -0.05825 0.168376639
v -0.119307742 -0.059125 0.1684924
v -0.1193943 -0.0600000024 0.168529451
v -0.1193943 -0.05825 0.168529451
v -0.119657651 -0.059125 0.168608725
v -0.119701505 -0.0600000024 0.168617412
v -0.120001793 -0.059125 0.168644637
v -0.119701505 -0.05825 0.168617412
v -0.120001793 -0.0600000024 0.168644637
v -0.120001793 -0.05825 0.168644637
v -0.120301992 -0.0600000024 0.168616772
v -0.120301992 -0.05825 0.168616772
v -0.120345831 -0.059125 0.168608
v -0.120609015 -0.0600000024 0.16852814
v -0.120609015 -0.05825 0.16852814
v -0.120609015 -0.059125 0.16852814
v -0.120863676 -0.059125 0.168400571
v -0.120904386 -0.0600000024 0.168374717
v -0.120904386 -0.05825 0.168374717
v -0.121097043 -0.059125 0.168227136
v -0.121167988 -0.0600000024 0.168160111
v -0.121167988 -0.05825 0.168160111
v -0.1212973 -0.059125 0.168014243
v -0.121382013 -0.0600000024 0.167896062
v -0.121382013 -0.05825 0.167896062
v -0.121455371 -0.059125 0.16777204
v -0.121534824 -0.0600000024 0.167600363
v -0.121534824 -0.05825 0.167600363
v -0.121566504 -0.059125 0.1675129
v -0.1216228 -0.0600000024 0.167293146
v -0.1216228 -0.05825 0.167293146
v -0.121630222 -0.059125 0.167249456
v -0.12165001 -0.0600000024 0.166992873
v -0.12165001 -0.05825 0.166992873
v -0.108350009 -0.05825 0.167007118
v -0.108377874 -0.05825 0.167307332
v -0.108100027 -0.0580000058 0.167007387
v -0.108316034 -0.058125 0.167566463
v -0.108466506 -0.05825 0.167614356
v -0.108132094 -0.0580000058 0.1673531
v -0.108234152 -0.0580000058 0.167706624
v -0.108619928 -0.05825 0.167909741
v -0.108410835 -0.0580000058 0.168046758
v -0.1086068 -0.058125 0.168105185
v -0.108834535 -0.05825 0.168173343
v -0.109074146 -0.058125 0.16851975
v -0.108657956 -0.0580000058 0.1683503
v -0.109098613 -0.05825 0.168387368
v -0.108962029 -0.0580000058 0.168596759
v -0.1093943 -0.05825 0.16854015
v -0.109302521 -0.0580000058 0.168772712
v -0.109631717 -0.058125 0.168741718
v -0.109701514 -0.05825 0.168628126
v -0.110001922 -0.058125 0.168780357
v -0.109656304 -0.0580000058 0.16887401
v -0.110001773 -0.05825 0.168655366
v -0.110002056 -0.0580000058 0.168905362
v -0.110302 -0.05825 0.168627486
v -0.110347748 -0.0580000058 0.168873265
v -0.110372022 -0.058125 0.168740928
v -0.110609025 -0.05825 0.168538854
v -0.110701293 -0.0580000058 0.1687712
v -0.110748142 -0.058125 0.168614984
v -0.110904381 -0.05825 0.168385416
v -0.111041427 -0.0580000058 0.168594539
v -0.111099839 -0.058125 0.168398544
v -0.111168 -0.05825 0.168170825
v -0.111344963 -0.0580000058 0.168347418
v -0.111395568 -0.058125 0.1681022
v -0.111382023 -0.05825 0.167906776
v -0.111591429 -0.0580000058 0.16804336
v -0.111611247 -0.058125 0.167750061
v -0.111534804 -0.05825 0.167611063
v -0.111767352 -0.0580000058 0.167702824
v -0.111736387 -0.058125 0.167373657
v -0.111622781 -0.05825 0.167303845
v -0.111868665 -0.0580000058 0.167349085
v -0.111650005 -0.05825 0.167003587
v -0.111900032 -0.0580000058 0.167003334
v -0.111650005 -0.05825 0.167003587
v -0.111650005 -0.0600000024 0.167003587
v -0.111622125 -0.0600000024 0.166703358
v -0.111613363 -0.059125 0.166659534
v -0.111622125 -0.05825 0.166703358
v -0.111533523 -0.0600000024 0.16639635
v -0.111533523 -0.05825 0.16639635
v -0.1114963 -0.059125 0.1663099
v -0.1113801 -0.0600000024 0.166101
v -0.1113801 -0.05825 0.166101
v -0.111295104 -0.059125 0.165982977
v -0.111165479 -0.0600000024 0.165837377
v -0.111165479 -0.05825 0.165837377
v -0.111019626 -0.059125 0.1657081
v -0.11090143 -0.0600000024 0.165623352
v -0.11090143 -0.05825 0.165623352
v -0.110692263 -0.059125 0.1655076
v -0.110605747 -0.0600000024 0.165470555
v -0.110605747 -0.05825 0.165470555
v -0.110342368 -0.059125 0.165391266
v -0.110298514 -0.0600000024 0.1653826
v -0.109998226 -0.059125 0.165355355
v -0.110298514 -0.05825 0.1653826
v -0.109998226 -0.0600000024 0.165355355
v -0.109998226 -0.05825 0.165355355
v -0.109698027 -0.0600000024 0.16538322
v -0.109698027 -0.05825 0.16538322
v -0.109654218 -0.059125 0.165392011
v -0.109391004 -0.0600000024 0.165471852
v -0.109391004 -0.05825 0.165471852
v -0.109391004 -0.059125 0.165471852
v -0.109136343 -0.059125 0.165599436
v -0.109095663 -0.0600000024 0.165625289
v -0.109095663 -0.05825 0.165625289
v -0.108902961 -0.059125 0.165772855
v -0.108832046 -0.0600000024 0.165839881
v -0.108832046 -0.05825 0.165839881
v -0.108702749 -0.059125 0.165985763
v -0.108618006 -0.0600000024 0.166103929
v -0.108618006 -0.05825 0.166103929
v -0.108544618 -0.059125 0.166227952
v -0.108465225 -0.0600000024 0.166399658
v -0.108465225 -0.05825 0.166399658
v -0.108433515 -0.059125 0.1664871
v -0.108377218 -0.0600000024 0.16670686
v -0.108377218 -0.05825 0.16670686
v -0.108369827 -0.059125 0.16675055
v -0.108350009 -0.0600000024 0.167007118
v -0.108350009 -0.05825 0.167007118
v -0.108377874 -0.0600000024 0.167307332
v -0.108386666 -0.059125 0.167351156
v -0.108377874 -0.05825 0.167307332
v -0.108466506 -0.0600000024 0.167614356
v -0.108466506 -0.05825 0.167614356
v -0.108503729 -0.059125 0.167700812
v -0.108619928 -0.0600000024 0.167909741
v -0.108619928 -0.05825 0.167909741
v -0.108704925 -0.059125 0.168027729
v -0.108834535 -0.0600000024 0.168173343
v -0.108834535 -0.05825 0.168173343
v -0.1089804 -0.059125 0.168302625
v -0.109098613 -0.0600000024 0.168387368
v -0.109098613 -0.05825 0.168387368
v -0.109307766 -0.059125 0.168503121
v -0.1093943 -0.0600000024 0.16854015
v -0.1093943 -0.05825 0.16854015
v -0.10965766 -0.059125 0.168619454
v -0.109701514 -0.0600000024 0.168628126
v -0.110001773 -0.059125 0.168655366
v -0.109701514 -0.05825 0.168628126
v -0.110001773 -0.0600000024 0.168655366
v -0.110001773 -0.05825 0.168655366
v -0.110302 -0.0600000024 0.168627486
v -0.110302 -0.05825 0.168627486
v -0.110345811 -0.059125 0.168618709
v -0.110609025 -0.0600000024 0.168538854
v -0.110609025 -0.05825 0.168538854
v -0.110609025 -0.059125 0.168538854
v -0.110863686 -0.059125 0.16841127
v -0.110904381 -0.0600000024 0.168385416
v -0.110904381 -0.05825 0.168385416
v -0.111097038 -0.059125 0.168237835
v -0.111168 -0.0600000024 0.168170825
v -0.111168 -0.05825 0.168170825
v -0.11129728 -0.059125 0.168024957
v -0.111382023 -0.0600000024 0.167906776
v -0.111382023 -0.05825 0.167906776
v -0.111455381 -0.059125 0.167782739
v -0.111534804 -0.0600000024 0.167611063
v -0.111534804 -0.05825 0.167611063
v -0.111566514 -0.059125 0.167523608
v -0.111622781 -0.0600000024 0.167303845
v -0.111622781 -0.05825 0.167303845
v -0.111630216 -0.059125 0.16726014
v -0.111650005 -0.0600000024 0.167003587
v -0.111650005 -0.05825 0.167003587
v -0.113749996 -0.05825 0.167001337
v -0.113771111 -0.05825 0.167228758
v -0.1135 -0.0580000058 0.1670016
v -0.113695532 -0.058125 0.167434677
v -0.113838285 -0.05825 0.167461365
v -0.113525331 -0.0580000058 0.16727452
v -0.113605917 -0.0580000058 0.167553633
v -0.113954484 -0.05825 0.167685121
v -0.113745391 -0.0580000058 0.167822152
v -0.113920748 -0.058125 0.16785197
v -0.114117086 -0.05825 0.167884842
v -0.114282787 -0.058125 0.168173119
v -0.113940477 -0.0580000058 0.1680618
v -0.114317119 -0.05825 0.168046981
v -0.114180535 -0.0580000058 0.168256372
v -0.114541143 -0.05825 0.168162718
v -0.114449352 -0.0580000058 0.168395266
v -0.114714712 -0.058125 0.1683451
v -0.114773884 -0.05825 0.168229371
v -0.1150015 -0.058125 0.168375
v -0.114728644 -0.0580000058 0.16847524
v -0.115001351 -0.05825 0.16825
v -0.115001619 -0.0580000058 0.1685
v -0.115228787 -0.05825 0.1682289
v -0.115274519 -0.0580000058 0.168474659
v -0.115288183 -0.058125 0.168344453
v -0.115461379 -0.05825 0.16816175
v -0.115553632 -0.0580000058 0.168394089
v -0.115579575 -0.058125 0.1682469
v -0.115685135 -0.05825 0.1680455
v -0.115822181 -0.0580000058 0.168254629
v -0.115852 -0.058125 0.168079242
v -0.11588484 -0.05825 0.167882934
v -0.116061807 -0.0580000058 0.168059528
v -0.116081074 -0.058125 0.16784966
v -0.116046965 -0.05825 0.167682886
v -0.116256386 -0.0580000058 0.16781947
v -0.116248131 -0.058125 0.167576879
v -0.116162747 -0.05825 0.167458862
v -0.11639528 -0.0580000058 0.167550653
v -0.116345093 -0.058125 0.1672853
v -0.11622937 -0.05825 0.167226136
v -0.116475254 -0.0580000058 0.167271361
v -0.116250008 -0.05825 0.166998655
v -0.11650002 -0.0580000058 0.166998386
v -0.116250008 -0.0627500042 0.166998655
v -0.116250008 -0.05825 0.166998655
v -0.11622937 -0.05825 0.167226136
v -0.1162228 -0.0605000034 0.16725935
v -0.11622937 -0.0627500042 0.167226136
v -0.116162747 -0.05825 0.167458862
v -0.116162747 -0.0627500042 0.167458862
v -0.116134673 -0.0605000034 0.167524427
v -0.116046965 -0.05825 0.167682886
v -0.116046965 -0.0627500042 0.167682886
v -0.1159828 -0.0605000034 0.167772412
v -0.11588484 -0.05825 0.167882934
v -0.11588484 -0.0627500042 0.167882934
v -0.115774542 -0.0605000034 0.167981133
v -0.115685135 -0.05825 0.1680455
v -0.115685135 -0.0627500042 0.1680455
v -0.115526885 -0.0605000034 0.168133542
v -0.115461379 -0.05825 0.16816175
v -0.115461379 -0.0627500042 0.16816175
v -0.115262 -0.0605000034 0.168222249
v -0.115228787 -0.05825 0.1682289
v -0.115001351 -0.0605000034 0.16825
v -0.115228787 -0.0627500042 0.1682289
v -0.115001351 -0.05825 0.16825
v -0.115001351 -0.0627500042 0.16825
v -0.114773884 -0.05825 0.168229371
v -0.114773884 -0.0627500042 0.168229371
v -0.11474067 -0.0605000034 0.1682228
v -0.114541143 -0.05825 0.168162718
v -0.114541143 -0.0627500042 0.168162718
v -0.114541143 -0.0605000034 0.168162718
v -0.114347994 -0.0605000034 0.168066487
v -0.114317119 -0.05825 0.168046981
v -0.114317119 -0.0627500042 0.168046981
v -0.114170939 -0.0605000034 0.167935476
v -0.114117086 -0.05825 0.167884842
v -0.114117086 -0.0627500042 0.167884842
v -0.114018887 -0.0605000034 0.167774528
v -0.113954484 -0.05825 0.167685121
v -0.113954484 -0.0627500042 0.167685121
v -0.113898724 -0.0605000034 0.1675913
v -0.113838285 -0.05825 0.167461365
v -0.113838285 -0.0627500042 0.167461365
v -0.113814116 -0.0605000034 0.167395145
v -0.113771111 -0.05825 0.167228758
v -0.113771111 -0.0627500042 0.167228758
v -0.113765419 -0.0605000034 0.167195663
v -0.113749996 -0.05825 0.167001337
v -0.113749996 -0.0627500042 0.167001337
v -0.113770634 -0.05825 0.166773856
v -0.11377722 -0.0605000034 0.166740641
v -0.113770634 -0.0627500042 0.166773856
v -0.113837287 -0.05825 0.166541129
v -0.113837287 -0.0627500042 0.166541129
v -0.113865346 -0.0605000034 0.166475564
v -0.113953054 -0.05825 0.1663171
v -0.113953054 -0.0627500042 0.1663171
v -0.114017233 -0.0605000034 0.166227579
v -0.114115149 -0.05825 0.166117072
v -0.114115149 -0.0627500042 0.166117072
v -0.114225492 -0.0605000034 0.166018873
v -0.114314884 -0.05825 0.1659545
v -0.114314884 -0.0627500042 0.1659545
v -0.114473149 -0.0605000034 0.165866464
v -0.11453864 -0.05825 0.165838256
v -0.11453864 -0.0627500042 0.165838256
v -0.114738017 -0.0605000034 0.165777743
v -0.114771247 -0.05825 0.165771112
v -0.114998668 -0.0605000034 0.165750012
v -0.114771247 -0.0627500042 0.165771112
v -0.114998668 -0.05825 0.165750012
v -0.114998668 -0.0627500042 0.165750012
v -0.11522615 -0.05825 0.16577062
v -0.11522615 -0.0627500042 0.16577062
v -0.115259379 -0.0605000034 0.1657772
v -0.115458876 -0.05825 0.165837273
v -0.115458876 -0.0627500042 0.165837273
v -0.115458876 -0.0605000034 0.165837273
v -0.115651995 -0.0605000034 0.16593352
v -0.115682885 -0.05825 0.165953025
v -0.115682885 -0.0627500042 0.165953025
v -0.11582908 -0.0605000034 0.166064516
v -0.115882933 -0.05825 0.166115165
v -0.115882933 -0.0627500042 0.166115165
v -0.115981147 -0.0605000034 0.166225463
v -0.116045505 -0.05825 0.16631487
v -0.116045505 -0.0627500042 0.16631487
v -0.116101325 -0.0605000034 0.1664087
v -0.116161764 -0.05825 0.166538641
v -0.116161764 -0.0627500042 0.166538641
v -0.1161859 -0.0605000034 0.166604832
v -0.116228908 -0.05825 0.166771218
v -0.116228908 -0.0627500042 0.166771218
v -0.1162346 -0.0605000034 0.166804329
v -0.116250008 -0.05825 0.166998655
v -0.116250008 -0.0627500042 0.166998655
v -0.113749996 -0.0627500042 0.167001337
v -0.113770634 -0.0627500042 0.166773856
v -0.1135 -0.06300001 0.1670016
v -0.113694578 -0.062875 0.16656813
v -0.113837287 -0.0627500042 0.166541129
v -0.113524765 -0.06300001 0.166728646
v -0.113604739 -0.06300001 0.166449338
v -0.113953054 -0.0627500042 0.1663171
v -0.113743648 -0.06300001 0.166180551
v -0.113918945 -0.062875 0.166150317
v -0.114115149 -0.0627500042 0.166117072
v -0.114280283 -0.062875 0.165828422
v -0.113938212 -0.06300001 0.165940478
v -0.114314884 -0.0627500042 0.1659545
v -0.114177838 -0.06300001 0.165745378
v -0.11453864 -0.0627500042 0.165838256
v -0.114446372 -0.06300001 0.165605918
v -0.114711836 -0.062875 0.165655524
v -0.114771247 -0.0627500042 0.165771112
v -0.114998534 -0.062875 0.165625
v -0.114725485 -0.06300001 0.165525317
v -0.114998668 -0.0627500042 0.165750012
v -0.1149984 -0.06300001 0.1655
v -0.11522615 -0.0627500042 0.16577062
v -0.115271375 -0.06300001 0.165524751
v -0.115285307 -0.062875 0.165654927
v -0.115458876 -0.0627500042 0.165837273
v -0.115550652 -0.06300001 0.165604725
v -0.115576893 -0.062875 0.16575186
v -0.115682885 -0.0627500042 0.165953025
v -0.115819484 -0.06300001 0.165743619
v -0.115849674 -0.062875 0.165918946
v -0.115882933 -0.0627500042 0.166115165
v -0.116059542 -0.06300001 0.165938213
v -0.116079271 -0.062875 0.166148022
v -0.116045505 -0.0627500042 0.16631487
v -0.116254628 -0.06300001 0.166177854
v -0.116246909 -0.062875 0.166420445
v -0.116161764 -0.0627500042 0.166538641
v -0.1163941 -0.06300001 0.166446358
v -0.116344482 -0.062875 0.166711822
v -0.116228908 -0.0627500042 0.166771218
v -0.116474673 -0.06300001 0.166725487
v -0.116250008 -0.0627500042 0.166998655
v -0.11650002 -0.06300001 0.166998386
v -0.122850016 -0.0627500042 0.166991591
v -0.123100013 -0.06300001 0.166991338
v -0.12304765 -0.06300001 0.1664273
v -0.12290892 -0.062875 0.166371137
v -0.12280187 -0.0627500042 0.166473046
v -0.122881114 -0.06300001 0.165850461
v -0.122648761 -0.0627500042 0.165942729
v -0.122697845 -0.062875 0.165740713
v -0.122592881 -0.06300001 0.165295526
v -0.122383773 -0.0627500042 0.165432528
v -0.122335091 -0.062875 0.165151283
v -0.1221897 -0.06300001 0.164800271
v -0.122013107 -0.0627500042 0.164977238
v -0.121838376 -0.062875 0.164655611
v -0.121693581 -0.06300001 0.164398149
v -0.121556982 -0.0627500042 0.16460754
v -0.121248171 -0.062875 0.164294153
v -0.121138021 -0.06300001 0.1641111
v -0.121046245 -0.0627500042 0.164343625
v -0.120617285 -0.062875 0.16408439
v -0.120560825 -0.06300001 0.1639458
v -0.119996816 -0.062875 0.164019644
v -0.120515615 -0.0627500042 0.164191678
v -0.119996667 -0.06300001 0.163894653
v -0.119996965 -0.0627500042 0.164144635
v -0.119432673 -0.06300001 0.163947016
v -0.119478405 -0.0627500042 0.1641928
v -0.119376481 -0.062875 0.1640857
v -0.118855819 -0.06300001 0.1641135
v -0.1184428 -0.062875 0.164459735
v -0.1189481 -0.0627500042 0.164345875
v -0.118300885 -0.06300001 0.164401785
v -0.118437886 -0.0627500042 0.164610878
v -0.11780563 -0.06300001 0.164804965
v -0.117982596 -0.0627500042 0.164981559
v -0.117660969 -0.062875 0.165156275
v -0.117403507 -0.06300001 0.16530107
v -0.117175579 -0.062875 0.166060239
v -0.1176129 -0.0627500042 0.165437654
v -0.117116451 -0.06300001 0.165856645
v -0.117349 -0.0627500042 0.1659484
v -0.116951168 -0.06300001 0.166433826
v -0.117197037 -0.0627500042 0.166479051
v -0.116900012 -0.06300001 0.166997969
v -0.122850016 -0.0627500042 0.166991591
v -0.122850016 -0.0600000024 0.166991591
v -0.122802988 -0.0600000024 0.167510226
v -0.122787982 -0.061375 0.167585984
v -0.122802988 -0.0627500042 0.167510226
v -0.122651026 -0.0600000024 0.168040872
v -0.122651026 -0.0627500042 0.168040872
v -0.12258704 -0.061375 0.16819036
v -0.1223871 -0.0600000024 0.168551639
v -0.1223871 -0.0627500042 0.168551639
v -0.122240767 -0.061375 0.16875577
v -0.1220174 -0.0600000024 0.169007733
v -0.1220174 -0.0627500042 0.169007733
v -0.121765926 -0.061375 0.169231609
v -0.121562108 -0.0600000024 0.169378415
v -0.121562108 -0.0627500042 0.169378415
v -0.121201247 -0.061375 0.1695791
v -0.121051908 -0.0600000024 0.1696434
v -0.121051908 -0.0627500042 0.1696434
v -0.1205973 -0.061375 0.169781342
v -0.120521605 -0.0600000024 0.1697965
v -0.120003045 -0.061375 0.169844627
v -0.120521605 -0.0627500042 0.1697965
v -0.120003045 -0.0600000024 0.169844627
v -0.120003045 -0.0627500042 0.169844627
v -0.11948441 -0.0600000024 0.169797629
v -0.11948441 -0.0627500042 0.169797629
v -0.119408667 -0.061375 0.169782609
v -0.118953764 -0.0600000024 0.169645667
v -0.118953764 -0.0627500042 0.169645667
v -0.118953764 -0.061375 0.169645667
v -0.118513435 -0.061375 0.169426233
v -0.118443012 -0.0600000024 0.169381753
v -0.118443012 -0.0627500042 0.169381753
v -0.118109733 -0.061375 0.169127554
v -0.1179869 -0.0600000024 0.16901207
v -0.1179869 -0.0627500042 0.16901207
v -0.117763042 -0.061375 0.168760568
v -0.117616236 -0.0600000024 0.16855675
v -0.117616236 -0.0627500042 0.16855675
v -0.11748904 -0.061375 0.1683428
v -0.117351234 -0.0600000024 0.168046564
v -0.117351234 -0.0627500042 0.168046564
v -0.117296159 -0.061375 0.167895585
v -0.117198139 -0.0600000024 0.167516232
v -0.117198139 -0.0627500042 0.167516232
v -0.117185146 -0.061375 0.167440772
v -0.117149994 -0.0600000024 0.166997716
v -0.117149994 -0.0627500042 0.166997716
v -0.117197037 -0.0600000024 0.166479051
v -0.117212027 -0.061375 0.166403309
v -0.117197037 -0.0627500042 0.166479051
v -0.117349 -0.0600000024 0.1659484
v -0.117349 -0.0627500042 0.1659484
v -0.117412955 -0.061375 0.165798932
v -0.1176129 -0.0600000024 0.165437654
v -0.1176129 -0.0627500042 0.165437654
v -0.117759243 -0.061375 0.165233508
v -0.117982596 -0.0600000024 0.164981559
v -0.117982596 -0.0627500042 0.164981559
v -0.118234083 -0.061375 0.1647577
v -0.118437886 -0.0600000024 0.164610878
v -0.118437886 -0.0627500042 0.164610878
v -0.118798763 -0.061375 0.164410174
v -0.1189481 -0.0600000024 0.164345875
v -0.1189481 -0.0627500042 0.164345875
v -0.119402677 -0.061375 0.16420795
v -0.119478405 -0.0600000024 0.1641928
v -0.119996965 -0.061375 0.164144635
v -0.119478405 -0.0627500042 0.1641928
v -0.119996965 -0.0600000024 0.164144635
v -0.119996965 -0.0627500042 0.164144635
v -0.120515615 -0.0600000024 0.164191678
v -0.120515615 -0.0627500042 0.164191678
v -0.120591342 -0.061375 0.164206669
v -0.121046245 -0.0600000024 0.164343625
v -0.121046245 -0.0627500042 0.164343625
v -0.121046245 -0.061375 0.164343625
v -0.121486574 -0.061375 0.16456306
v -0.121556982 -0.0600000024 0.16460754
v -0.121556982 -0.0627500042 0.16460754
v -0.121890306 -0.061375 0.164861739
v -0.122013107 -0.0600000024 0.164977238
v -0.122013107 -0.0627500042 0.164977238
v -0.122236967 -0.061375 0.165228724
v -0.122383773 -0.0600000024 0.165432528
v -0.122383773 -0.0627500042 0.165432528
v -0.122510985 -0.061375 0.165646479
v -0.122648761 -0.0600000024 0.165942729
v -0.122648761 -0.0627500042 0.165942729
v -0.12270385 -0.061375 0.1660937
v -0.12280187 -0.0600000024 0.166473046
v -0.12280187 -0.0627500042 0.166473046
v -0.122814879 -0.061375 0.16654852
v -0.122850016 -0.0600000024 0.166991591
v -0.122850016 -0.0627500042 0.166991591
v -0.11285001 -0.0627500042 0.16700229
v -0.113099992 -0.06300001 0.167002022
v -0.113047659 -0.06300001 0.166438013
v -0.11290893 -0.062875 0.166381866
v -0.11280188 -0.0627500042 0.16648376
v -0.112881124 -0.06300001 0.165861174
v -0.11264877 -0.0627500042 0.165953442
v -0.11269784 -0.062875 0.165751413
v -0.112592876 -0.06300001 0.165306211
v -0.1123838 -0.0627500042 0.165443271
v -0.112335116 -0.062875 0.165161982
v -0.112189695 -0.06300001 0.16481097
v -0.1120131 -0.0627500042 0.164987937
v -0.111838385 -0.062875 0.16466634
v -0.111693576 -0.06300001 0.164408833
v -0.111557007 -0.0627500042 0.164618239
v -0.11124815 -0.062875 0.164304852
v -0.111138016 -0.06300001 0.164121792
v -0.111046225 -0.0627500042 0.164354324
v -0.11061728 -0.062875 0.164095089
v -0.110560834 -0.06300001 0.1639565
v -0.109996825 -0.062875 0.164030358
v -0.110515594 -0.0627500042 0.164202377
v -0.109996706 -0.06300001 0.163905367
v -0.10999696 -0.0627500042 0.164155349
v -0.109432667 -0.06300001 0.163957715
v -0.109478414 -0.0627500042 0.16420351
v -0.10937649 -0.062875 0.164096415
v -0.108855844 -0.06300001 0.164124236
v -0.108442813 -0.062875 0.164470449
v -0.108948112 -0.0627500042 0.164356574
v -0.108300894 -0.06300001 0.164412484
v -0.108437911 -0.0627500042 0.164621592
v -0.10780564 -0.06300001 0.164815679
v -0.107982606 -0.0627500042 0.164992258
v -0.107660979 -0.062875 0.165166989
v -0.107403487 -0.06300001 0.165311769
v -0.107175574 -0.062875 0.166070938
v -0.107612908 -0.0627500042 0.165448353
v -0.107116461 -0.06300001 0.165867344
v -0.107348979 -0.0627500042 0.165959135
v -0.106951162 -0.06300001 0.16644454
v -0.107197016 -0.0627500042 0.16648975
v -0.106900007 -0.06300001 0.167008668
v -0.11285001 -0.0627500042 0.16700229
v -0.11285001 -0.0600000024 0.16700229
v -0.112802982 -0.0600000024 0.16752094
v -0.112787992 -0.061375 0.1675967
v -0.112802982 -0.0627500042 0.16752094
v -0.112651005 -0.0600000024 0.168051571
v -0.112651005 -0.0627500042 0.168051571
v -0.112587035 -0.061375 0.168201059
v -0.112387121 -0.0600000024 0.168562338
v -0.112387121 -0.0627500042 0.168562338
v -0.112240762 -0.061375 0.168766469
v -0.112017423 -0.0600000024 0.169018447
v -0.112017423 -0.0627500042 0.169018447
v -0.111765921 -0.061375 0.169242308
v -0.1115621 -0.0600000024 0.169389114
v -0.1115621 -0.0627500042 0.169389114
v -0.111201271 -0.061375 0.169589818
v -0.111051917 -0.0600000024 0.169654131
v -0.111051917 -0.0627500042 0.169654131
v -0.110597312 -0.061375 0.169792056
v -0.110521615 -0.0600000024 0.169807225
v -0.110003054 -0.061375 0.169855356
v -0.110521615 -0.0627500042 0.169807225
v -0.110003054 -0.0600000024 0.169855356
v -0.110003054 -0.0627500042 0.169855356
v -0.109484389 -0.0600000024 0.169808328
v -0.109484389 -0.0627500042 0.169808328
v -0.109408662 -0.061375 0.169793323
v -0.108953774 -0.0600000024 0.169656381
v -0.108953774 -0.0627500042 0.169656381
v -0.108953774 -0.061375 0.169656381
v -0.108513445 -0.061375 0.169436947
v -0.108443022 -0.0600000024 0.169392467
v -0.108443022 -0.0627500042 0.169392467
v -0.108109713 -0.061375 0.169138253
v -0.107986927 -0.0600000024 0.169022769
v -0.107986927 -0.0627500042 0.169022769
v -0.107763052 -0.061375 0.168771282
v -0.107616246 -0.0600000024 0.168567449
v -0.107616246 -0.0627500042 0.168567449
v -0.10748902 -0.061375 0.168353513
v -0.107351243 -0.0600000024 0.168057278
v -0.107351243 -0.0627500042 0.168057278
v -0.107296184 -0.061375 0.167906314
v -0.107198134 -0.0600000024 0.167526945
v -0.107198134 -0.0627500042 0.167526945
v -0.10718514 -0.061375 0.167451486
v -0.107149988 -0.0600000024 0.1670084
v -0.107149988 -0.0627500042 0.1670084
v -0.107197016 -0.0600000024 0.16648975
v -0.107212037 -0.061375 0.166414022
v -0.107197016 -0.0627500042 0.16648975
v -0.107348979 -0.0600000024 0.165959135
v -0.107348979 -0.0627500042 0.165959135
v -0.107412979 -0.061375 0.165809646
v -0.107612908 -0.0600000024 0.165448353
v -0.107612908 -0.0627500042 0.165448353
v -0.107759267 -0.061375 0.165244237
v -0.107982606 -0.0600000024 0.164992258
v -0.107982606 -0.0627500042 0.164992258
v -0.108234107 -0.061375 0.164768383
v -0.108437911 -0.0600000024 0.164621592
v -0.108437911 -0.0627500042 0.164621592
v -0.108798772 -0.061375 0.164420873
v -0.108948112 -0.0600000024 0.164356574
v -0.108948112 -0.0627500042 0.164356574
v -0.1094027 -0.061375 0.164218649
v -0.109478414 -0.0600000024 0.16420351
v -0.10999696 -0.061375 0.164155349
v -0.109478414 -0.0627500042 0.16420351
v -0.10999696 -0.0600000024 0.164155349
v -0.10999696 -0.0627500042 0.164155349
v -0.110515594 -0.0600000024 0.164202377
v -0.110515594 -0.0627500042 0.164202377
v -0.110591352 -0.061375 0.164217383
v -0.111046225 -0.0600000024 0.164354324
v -0.111046225 -0.0627500042 0.164354324
v -0.111046225 -0.061375 0.164354324
v -0.111486584 -0.061375 0.164573774
v -0.111557007 -0.0600000024 0.164618239
v -0.111557007 -0.0627500042 0.164618239
v -0.111890316 -0.061375 0.164872453
v -0.1120131 -0.0600000024 0.164987937
v -0.1120131 -0.0627500042 0.164987937
v -0.112236977 -0.061375 0.165239438
v -0.1123838 -0.0600000024 0.165443271
v -0.1123838 -0.0627500042 0.165443271
v -0.112511009 -0.061375 0.165657192
v -0.11264877 -0.0600000024 0.165953442
v -0.11264877 -0.0627500042 0.165953442
v -0.11270386 -0.061375 0.166104421
v -0.11280188 -0.0600000024 0.16648376
v -0.11280188 -0.0627500042 0.16648376
v -0.112814888 -0.061375 0.166559219
v -0.11285001 -0.0600000024 0.16700229
v -0.11285001 -0.0627500042 0.16700229
v -0.120301992 -0.0600000024 0.168616772
v -0.120521605 -0.0600000024 0.1697965
v -0.121051908 -0.0600000024 0.1696434
v -0.120003045 -0.0600000024 0.169844627
v -0.120609015 -0.0600000024 0.16852814
v -0.120001793 -0.0600000024 0.168644637
v -0.121562108 -0.0600000024 0.169378415
v -0.11948441 -0.0600000024 0.169797629
v -0.120904386 -0.0600000024 0.168374717
v -0.119701505 -0.0600000024 0.168617412
v -0.1220174 -0.0600000024 0.169007733
v -0.118953764 -0.0600000024 0.169645667
v -0.121167988 -0.0600000024 0.168160111
v -0.1193943 -0.0600000024 0.168529451
v -0.1223871 -0.0600000024 0.168551639
v -0.118443012 -0.0600000024 0.169381753
v -0.121382013 -0.0600000024 0.167896062
v -0.119098574 -0.0600000024 0.168376639
v -0.122651026 -0.0600000024 0.168040872
v -0.1179869 -0.0600000024 0.16901207
v -0.121534824 -0.0600000024 0.167600363
v -0.118834525 -0.0600000024 0.168162629
v -0.122802988 -0.0600000024 0.167510226
v -0.117616236 -0.0600000024 0.16855675
v -0.1216228 -0.0600000024 0.167293146
v -0.118619919 -0.0600000024 0.167899013
v -0.117351234 -0.0600000024 0.168046564
v -0.118466511 -0.0600000024 0.167603642
v -0.122850016 -0.0600000024 0.166991591
v -0.12165001 -0.0600000024 0.166992873
v -0.121622145 -0.0600000024 0.166692659
v -0.12280187 -0.0600000024 0.166473046
v -0.1215335 -0.0600000024 0.166385651
v -0.122648761 -0.0600000024 0.165942729
v -0.121380091 -0.0600000024 0.16609028
v -0.122383773 -0.0600000024 0.165432528
v -0.121165484 -0.0600000024 0.165826663
v -0.122013107 -0.0600000024 0.164977238
v -0.120901421 -0.0600000024 0.165612653
v -0.121556982 -0.0600000024 0.16460754
v -0.120605707 -0.0600000024 0.165459841
v -0.121046245 -0.0600000024 0.164343625
v -0.120298505 -0.0600000024 0.165371865
v -0.120515615 -0.0600000024 0.164191678
v -0.119998232 -0.0600000024 0.165344641
v -0.119996965 -0.0600000024 0.164144635
v -0.119478405 -0.0600000024 0.1641928
v -0.119698018 -0.0600000024 0.1653725
v -0.1189481 -0.0600000024 0.164345875
v -0.119390994 -0.0600000024 0.165461153
v -0.118437886 -0.0600000024 0.164610878
v -0.119095623 -0.0600000024 0.165614575
v -0.117982596 -0.0600000024 0.164981559
v -0.118832022 -0.0600000024 0.165829152
v -0.1176129 -0.0600000024 0.165437654
v -0.118618011 -0.0600000024 0.16609323
v -0.117349 -0.0600000024 0.1659484
v -0.118465215 -0.0600000024 0.166388929
v -0.117197037 -0.0600000024 0.166479051
v -0.118377224 -0.0600000024 0.166696161
v -0.117149994 -0.0600000024 0.166997716
v -0.11835 -0.0600000024 0.1669964
v -0.117198139 -0.0600000024 0.167516232
v -0.118377894 -0.0600000024 0.167296618
v -0.110302 -0.0600000024 0.168627486
v -0.110521615 -0.0600000024 0.169807225
v -0.111051917 -0.0600000024 0.169654131
v -0.110003054 -0.0600000024 0.169855356
v -0.110609025 -0.0600000024 0.168538854
v -0.110001773 -0.0600000024 0.168655366
v -0.1115621 -0.0600000024 0.169389114
v -0.109484389 -0.0600000024 0.169808328
v -0.110904381 -0.0600000024 0.168385416
v -0.109701514 -0.0600000024 0.168628126
v -0.112017423 -0.0600000024 0.169018447
v -0.108953774 -0.0600000024 0.169656381
v -0.111168 -0.0600000024 0.168170825
v -0.1093943 -0.0600000024 0.16854015
v -0.112387121 -0.0600000024 0.168562338
v -0.108443022 -0.0600000024 0.169392467
v -0.111382023 -0.0600000024 0.167906776
v -0.109098613 -0.0600000024 0.168387368
v -0.112651005 -0.0600000024 0.168051571
v -0.107986927 -0.0600000024 0.169022769
v -0.111534804 -0.0600000024 0.167611063
v -0.108834535 -0.0600000024 0.168173343
v -0.112802982 -0.0600000024 0.16752094
v -0.107616246 -0.0600000024 0.168567449
v -0.111622781 -0.0600000024 0.167303845
v -0.108619928 -0.0600000024 0.167909741
v -0.107351243 -0.0600000024 0.168057278
v -0.108466506 -0.0600000024 0.167614356
v -0.11285001 -0.0600000024 0.16700229
v -0.111650005 -0.0600000024 0.167003587
v -0.111622125 -0.0600000024 0.166703358
v -0.11280188 -0.0600000024 0.16648376
v -0.111533523 -0.0600000024 0.16639635
v -0.11264877 -0.0600000024 0.165953442
v -0.1113801 -0.0600000024 0.166101
v -0.1123838 -0.0600000024 0.165443271
v -0.111165479 -0.0600000024 0.165837377
v -0.1120131 -0.0600000024 0.164987937
v -0.11090143 -0.0600000024 0.165623352
v -0.111557007 -0.0600000024 0.164618239
v -0.110605747 -0.0600000024 0.165470555
v -0.111046225 -0.0600000024 0.164354324
v -0.110298514 -0.0600000024 0.1653826
v -0.110515594 -0.0600000024 0.164202377
v -0.109998226 -0.0600000024 0.165355355
v -0.10999696 -0.0600000024 0.164155349
v -0.109478414 -0.0600000024 0.16420351
v -0.109698027 -0.0600000024 0.16538322
v -0.108948112 -0.0600000024 0.164356574
v -0.109391004 -0.0600000024 0.165471852
v -0.108437911 -0.0600000024 0.164621592
v -0.109095663 -0.0600000024 0.165625289
v -0.107982606 -0.0600000024 0.164992258
v -0.108832046 -0.0600000024 0.165839881
v -0.107612908 -0.0600000024 0.165448353
v -0.108618006 -0.0600000024 0.166103929
v -0.107348979 -0.0600000024 0.165959135
v -0.108465225 -0.0600000024 0.166399658
v -0.107197016 -0.0600000024 0.16648975
v -0.108377218 -0.0600000024 0.16670686
v -0.107149988 -0.0600000024 0.1670084
v -0.108350009 -0.0600000024 0.167007118
v -0.107198134 -0.0600000024 0.167526945
v -0.108377874 -0.0600000024 0.167307332
v -0.1150033 -0.06300001 0.1701
v -0.118306443 -0.06300001 0.169591144
v -0.117810324 -0.06300001 0.169189021
v -0.118861988 -0.06300001 0.169878215
v -0.117407143 -0.06300001 0.168693781
v -0.119073763 -0.06300001 0.181176275
v -0.117699474 -0.06300001 0.181500867
v -0.119439185 -0.06300001 0.170043483
v -0.120444089 -0.06300001 0.180708557
v -0.121788621 -0.06300001 0.180094928
v -0.120003343 -0.06300001 0.170094654
v -0.123084575 -0.06300001 0.179337025
v -0.1163411 -0.06300001 0.18168892
v -0.120567352 -0.06300001 0.170042276
v -0.124309152 -0.06300001 0.178441241
v -0.125440985 -0.06300001 0.177418649
v -0.121144205 -0.06300001 0.169875771
v -0.126461178 -0.06300001 0.176284626
v -0.115015805 -0.06300001 0.18175
v -0.121699125 -0.06300001 0.169587523
v -0.127354324 -0.06300001 0.175058126
v -0.12810944 -0.06300001 0.173760563
v -0.12219438 -0.06300001 0.169184327
v -0.1287202 -0.06300001 0.1724147
v -0.1225965 -0.06300001 0.168688208
v -0.129184991 -0.06300001 0.1710434
v -0.122883558 -0.06300001 0.168132648
v -0.129506618 -0.06300001 0.169668421
v -0.123048842 -0.06300001 0.167555451
v -0.12969175 -0.06300001 0.168309629
v -0.113690376 -0.06300001 0.181691736
v -0.123100013 -0.06300001 0.166991338
v -0.129750013 -0.06300001 0.166984215
v -0.129688919 -0.06300001 0.165658921
v -0.12304765 -0.06300001 0.1664273
v -0.129500866 -0.06300001 0.164300516
v -0.122881114 -0.06300001 0.165850461
v -0.129176289 -0.06300001 0.162926242
v -0.122592881 -0.06300001 0.165295526
v -0.128708541 -0.06300001 0.161555916
v -0.1221897 -0.06300001 0.164800271
v -0.128094926 -0.06300001 0.160211369
v -0.112331584 -0.06300001 0.181506619
v -0.121693581 -0.06300001 0.164398149
v -0.127337039 -0.06300001 0.158915445
v -0.126441255 -0.06300001 0.157690853
v -0.121138021 -0.06300001 0.1641111
v -0.125418663 -0.06300001 0.156559
v -0.120560825 -0.06300001 0.1639458
v -0.124284655 -0.06300001 0.155538842
v -0.12305814 -0.06300001 0.154645666
v -0.119996667 -0.06300001 0.163894653
v -0.121760577 -0.06300001 0.15389055
v -0.119432673 -0.06300001 0.163947016
v -0.120414704 -0.06300001 0.153279811
v -0.11904341 -0.06300001 0.152815044
v -0.118855819 -0.06300001 0.1641135
v -0.117668435 -0.06300001 0.152493387
v -0.116309628 -0.06300001 0.15230827
v -0.118300885 -0.06300001 0.164401785
v -0.114984214 -0.06300001 0.15225
v -0.1149984 -0.06300001 0.1655
v -0.115271375 -0.06300001 0.165524751
v -0.11780563 -0.06300001 0.164804965
v -0.115550652 -0.06300001 0.165604725
v -0.117403507 -0.06300001 0.16530107
v -0.115819484 -0.06300001 0.165743619
v -0.116059542 -0.06300001 0.165938213
v -0.117116451 -0.06300001 0.165856645
v -0.116254628 -0.06300001 0.166177854
v -0.116951168 -0.06300001 0.166433826
v -0.1163941 -0.06300001 0.166446358
v -0.116474673 -0.06300001 0.166725487
v -0.116900012 -0.06300001 0.166997969
v -0.11650002 -0.06300001 0.166998386
v -0.116475254 -0.06300001 0.167271361
v -0.11695236 -0.06300001 0.167562
v -0.11639528 -0.06300001 0.167550653
v -0.116256386 -0.06300001 0.16781947
v -0.11711888 -0.06300001 0.168138817
v -0.116061807 -0.06300001 0.168059528
v -0.115822181 -0.06300001 0.168254629
v -0.115553632 -0.06300001 0.168394089
v -0.115274519 -0.06300001 0.168474659
v -0.115001619 -0.06300001 0.1685
v -0.114728644 -0.06300001 0.16847524
v -0.114449352 -0.06300001 0.168395266
v -0.112596512 -0.06300001 0.168698922
v -0.114180535 -0.06300001 0.168256372
v -0.113940477 -0.06300001 0.1680618
v -0.112883583 -0.06300001 0.168143362
v -0.113745391 -0.06300001 0.167822152
v -0.112194389 -0.06300001 0.169195041
v -0.113048881 -0.06300001 0.16756618
v -0.113605917 -0.06300001 0.167553633
v -0.113525331 -0.06300001 0.16727452
v -0.111699134 -0.06300001 0.169598222
v -0.113099992 -0.06300001 0.167002022
v -0.1135 -0.06300001 0.1670016
v -0.113524765 -0.06300001 0.166728646
v -0.113047659 -0.06300001 0.166438013
v -0.113604739 -0.06300001 0.166449338
v -0.113743648 -0.06300001 0.166180551
v -0.112881124 -0.06300001 0.165861174
v -0.113938212 -0.06300001 0.165940478
v -0.112592876 -0.06300001 0.165306211
v -0.114177838 -0.06300001 0.165745378
v -0.114446372 -0.06300001 0.165605918
v -0.112189695 -0.06300001 0.16481097
v -0.114725485 -0.06300001 0.165525317
v -0.111693576 -0.06300001 0.164408833
v -0.113658935 -0.06300001 0.152311087
v -0.111138016 -0.06300001 0.164121792
v -0.112300515 -0.06300001 0.152499124
v -0.110926241 -0.06300001 0.152823731
v -0.110560834 -0.06300001 0.1639565
v -0.10955593 -0.06300001 0.153291449
v -0.108211383 -0.06300001 0.153905079
v -0.109996706 -0.06300001 0.163905367
v -0.106915459 -0.06300001 0.154662967
v -0.109432667 -0.06300001 0.163957715
v -0.105690852 -0.06300001 0.155558765
v -0.104559004 -0.06300001 0.156581342
v -0.108855844 -0.06300001 0.164124236
v -0.103538841 -0.06300001 0.15771538
v -0.108300894 -0.06300001 0.164412484
v -0.102645695 -0.06300001 0.15894188
v -0.101890564 -0.06300001 0.160239443
v -0.10780564 -0.06300001 0.164815679
v -0.10127981 -0.06300001 0.1615853
v -0.107403487 -0.06300001 0.165311769
v -0.100815028 -0.06300001 0.1629566
v -0.107116461 -0.06300001 0.165867344
v -0.100493386 -0.06300001 0.16433157
v -0.106951162 -0.06300001 0.16644454
v -0.100308254 -0.06300001 0.165690377
v -0.106900007 -0.06300001 0.167008668
v -0.100250006 -0.06300001 0.1670158
v -0.1003111 -0.06300001 0.1683411
v -0.106952369 -0.06300001 0.1675727
v -0.100499138 -0.06300001 0.16969949
v -0.107118905 -0.06300001 0.168149531
v -0.10082373 -0.06300001 0.17107375
v -0.107407153 -0.06300001 0.16870448
v -0.101291448 -0.06300001 0.172444075
v -0.107810348 -0.06300001 0.169199735
v -0.101905093 -0.06300001 0.173788637
v -0.108306438 -0.06300001 0.169601843
v -0.102662966 -0.06300001 0.175084561
v -0.103558764 -0.06300001 0.176309139
v -0.108862013 -0.06300001 0.169888914
v -0.104581356 -0.06300001 0.177440986
v -0.109439179 -0.06300001 0.1700542
v -0.105715364 -0.06300001 0.178461149
v -0.106941879 -0.06300001 0.17935431
v -0.110003352 -0.06300001 0.170105353
v -0.108239472 -0.06300001 0.180109441
v -0.110567361 -0.06300001 0.17005299
v -0.109585315 -0.06300001 0.18072018
v -0.110956609 -0.06300001 0.181184962
v -0.1111442 -0.06300001 0.16988647
v -0.113525331 -0.0580000058 0.16727452
v -0.111900032 -0.0580000058 0.167003334
v -0.1135 -0.0580000058 0.1670016
v -0.113524765 -0.0580000058 0.166728646
v -0.111868665 -0.0580000058 0.167349085
v -0.111867905 -0.0580000058 0.166657627
v -0.113605917 -0.0580000058 0.167553633
v -0.113604739 -0.0580000058 0.166449338
v -0.111767352 -0.0580000058 0.167702824
v -0.111765862 -0.0580000058 0.1663041
v -0.113745391 -0.0580000058 0.167822152
v -0.113743648 -0.0580000058 0.166180551
v -0.111591429 -0.0580000058 0.16804336
v -0.111589164 -0.0580000058 0.165963948
v -0.113940477 -0.0580000058 0.1680618
v -0.113938212 -0.0580000058 0.165940478
v -0.111344963 -0.0580000058 0.168347418
v -0.111342072 -0.0580000058 0.165660411
v -0.114177838 -0.0580000058 0.165745378
v -0.111038 -0.0580000058 0.165413946
v -0.114446372 -0.0580000058 0.165605918
v -0.114180535 -0.0580000058 0.168256372
v -0.110697508 -0.0580000058 0.165238023
v -0.111041427 -0.0580000058 0.168594539
v -0.114725485 -0.0580000058 0.165525317
v -0.115002036 -0.0580000058 0.1689
v -0.114449352 -0.0580000058 0.168395266
v -0.114728644 -0.0580000058 0.16847524
v -0.115001619 -0.0580000058 0.1685
v -0.115274519 -0.0580000058 0.168474659
v -0.115553632 -0.0580000058 0.168394089
v -0.110701293 -0.0580000058 0.1687712
v -0.115822181 -0.0580000058 0.168254629
v -0.110956609 -0.0580000058 0.181184962
v -0.112331584 -0.0580000058 0.181506619
v -0.113690376 -0.0580000058 0.181691736
v -0.109585315 -0.0580000058 0.18072018
v -0.110347748 -0.0580000058 0.168873265
v -0.108239472 -0.0580000058 0.180109441
v -0.115015805 -0.0580000058 0.18175
v -0.110002056 -0.0580000058 0.168905362
v -0.106941879 -0.0580000058 0.17935431
v -0.105715364 -0.0580000058 0.178461149
v -0.109656304 -0.0580000058 0.16887401
v -0.104581356 -0.0580000058 0.177440986
v -0.109302521 -0.0580000058 0.168772712
v -0.103558764 -0.0580000058 0.176309139
v -0.1163411 -0.0580000058 0.18168892
v -0.108962029 -0.0580000058 0.168596759
v -0.102662966 -0.0580000058 0.175084561
v -0.101905093 -0.0580000058 0.173788637
v -0.108657956 -0.0580000058 0.1683503
v -0.101291448 -0.0580000058 0.172444075
v -0.108410835 -0.0580000058 0.168046758
v -0.10082373 -0.0580000058 0.17107375
v -0.108234152 -0.0580000058 0.167706624
v -0.100499138 -0.0580000058 0.16969949
v -0.108132094 -0.0580000058 0.1673531
v -0.1003111 -0.0580000058 0.1683411
v -0.117699474 -0.0580000058 0.181500867
v -0.108100027 -0.0580000058 0.167007387
v -0.100250006 -0.0580000058 0.1670158
v -0.100308254 -0.0580000058 0.165690377
v -0.108131364 -0.0580000058 0.16666162
v -0.100493386 -0.0580000058 0.16433157
v -0.108232647 -0.0580000058 0.166307852
v -0.100815028 -0.0580000058 0.1629566
v -0.1084086 -0.0580000058 0.165967375
v -0.10127981 -0.0580000058 0.1615853
v -0.108655065 -0.0580000058 0.165663272
v -0.101890564 -0.0580000058 0.160239443
v -0.1089586 -0.0580000058 0.165416166
v -0.102645695 -0.0580000058 0.15894188
v -0.103538841 -0.0580000058 0.15771538
v -0.109298736 -0.0580000058 0.165239513
v -0.104559004 -0.0580000058 0.156581342
v -0.109652281 -0.0580000058 0.16513744
v -0.105690852 -0.0580000058 0.155558765
v -0.109997973 -0.0580000058 0.165105343
v -0.106915459 -0.0580000058 0.154662967
v -0.108211383 -0.0580000058 0.153905079
v -0.110343754 -0.0580000058 0.16513671
v -0.10955593 -0.0580000058 0.153291449
v -0.110926241 -0.0580000058 0.152823731
v -0.112300515 -0.0580000058 0.152499124
v -0.113658935 -0.0580000058 0.152311087
v -0.1149984 -0.0580000058 0.1655
v -0.114984214 -0.0580000058 0.15225
v -0.116309628 -0.0580000058 0.15230827
v -0.115271375 -0.0580000058 0.165524751
v -0.117668435 -0.0580000058 0.152493387
v -0.119298726 -0.0580000058 0.165228784
v -0.11904341 -0.0580000058 0.152815044
v -0.115550652 -0.0580000058 0.165604725
v -0.120414704 -0.0580000058 0.153279811
v -0.118958622 -0.0580000058 0.165405467
v -0.119652271 -0.0580000058 0.165126726
v -0.115819484 -0.0580000058 0.165743619
v -0.121760577 -0.0580000058 0.15389055
v -0.118655056 -0.0580000058 0.165652588
v -0.116059542 -0.0580000058 0.165938213
v -0.118408591 -0.0580000058 0.165956646
v -0.116254628 -0.0580000058 0.166177854
v -0.118232653 -0.0580000058 0.166297153
v -0.1163941 -0.0580000058 0.166446358
v -0.11813134 -0.0580000058 0.166650921
v -0.116474673 -0.0580000058 0.166725487
v -0.119997978 -0.0580000058 0.165094644
v -0.12305814 -0.0580000058 0.154645666
v -0.124284655 -0.0580000058 0.155538842
v -0.1203437 -0.0580000058 0.165126
v -0.125418663 -0.0580000058 0.156559
v -0.1206975 -0.0580000058 0.165227309
v -0.126441255 -0.0580000058 0.157690853
v -0.118100017 -0.0580000058 0.166996688
v -0.11650002 -0.0580000058 0.166998386
v -0.116475254 -0.0580000058 0.167271361
v -0.118132114 -0.0580000058 0.16734238
v -0.11639528 -0.0580000058 0.167550653
v -0.118234143 -0.0580000058 0.16769591
v -0.116256386 -0.0580000058 0.16781947
v -0.118410826 -0.0580000058 0.168036044
v -0.116061807 -0.0580000058 0.168059528
v -0.118657947 -0.0580000058 0.16833958
v -0.11896202 -0.0580000058 0.168586046
v -0.119302526 -0.0580000058 0.168761984
v -0.119073763 -0.0580000058 0.181176275
v -0.120444089 -0.0580000058 0.180708557
v -0.119656265 -0.0580000058 0.1688633
v -0.121788621 -0.0580000058 0.180094928
v -0.120002031 -0.0580000058 0.168894649
v -0.123084575 -0.0580000058 0.179337025
v -0.124309152 -0.0580000058 0.178441241
v -0.120347738 -0.0580000058 0.168862566
v -0.125440985 -0.0580000058 0.177418649
v -0.120701283 -0.0580000058 0.168760508
v -0.126461178 -0.0580000058 0.176284626
v -0.1210414 -0.0580000058 0.16858381
v -0.127354324 -0.0580000058 0.175058126
v -0.12810944 -0.0580000058 0.173760563
v -0.121344954 -0.0580000058 0.168336719
v -0.1287202 -0.0580000058 0.1724147
v -0.121591404 -0.0580000058 0.168032631
v -0.129184991 -0.0580000058 0.1710434
v -0.121767372 -0.0580000058 0.16769214
v -0.129506618 -0.0580000058 0.169668421
v -0.12186867 -0.0580000058 0.167338371
v -0.12969175 -0.0580000058 0.168309629
v -0.121900007 -0.0580000058 0.1669926
v -0.129750013 -0.0580000058 0.166984215
v -0.129688919 -0.0580000058 0.165658921
v -0.121867895 -0.0580000058 0.166646913
v -0.129500866 -0.0580000058 0.164300516
v -0.121765852 -0.0580000058 0.166293383
v -0.129176289 -0.0580000058 0.162926242
v -0.121589184 -0.0580000058 0.165953249
v -0.128708541 -0.0580000058 0.161555916
v -0.121342063 -0.0580000058 0.165649712
v -0.128094926 -0.0580000058 0.160211369
v -0.12103802 -0.0580000058 0.165403247
v -0.127337039 -0.0580000058 0.158915445
f 1 2 3
f 2 4 3
f 2 5 4
f 3 4 6
f 4 7 6
f 5 8 4
f 4 8 7
f 5 9 8
f 8 10 7
f 9 11 8
f 8 11 10
f 9 12 11
f 11 13 10
f 12 14 11
f 11 14 13
f 12 15 14
f 14 16 13
f 15 17 14
f 14 17 16
f 15 18 17
f 17 19 16
f 18 20 17
f 17 20 19
f 18 21 20
f 21 22 20
f 20 23 19
f 20 22 23
f 21 24 22
f 22 25 23
f 24 26 22
f 22 27 25
f 26 28 22
f 22 28 27
f 26 29 28
f 29 30 28
f 28 31 27
f 28 30 31
f 29 32 30
f 30 33 31
f 32 34 30
f 30 35 33
f 34 36 30
f 30 36 35
f 34 37 36
f 37 38 36
f 36 39 35
f 36 38 39
f 37 40 38
f 38 41 39
f 40 42 38
f 38 43 41
f 42 44 38
f 44 43 38
f 44 45 43
f 46 47 48
f 47 49 48
f 47 50 49
f 48 49 51
f 49 52 51
f 50 53 49
f 49 53 52
f 50 54 53
f 53 55 52
f 54 56 53
f 53 56 55
f 54 57 56
f 56 58 55
f 57 59 56
f 56 59 58
f 57 60 59
f 59 61 58
f 60 62 59
f 59 62 61
f 60 63 62
f 62 64 61
f 63 65 62
f 62 65 64
f 63 66 65
f 66 67 65
f 65 68 64
f 65 67 68
f 66 69 67
f 67 70 68
f 69 71 67
f 67 72 70
f 71 73 67
f 67 73 72
f 71 74 73
f 74 75 73
f 73 76 72
f 73 75 76
f 74 77 75
f 75 78 76
f 77 79 75
f 75 80 78
f 79 81 75
f 75 81 80
f 79 82 81
f 82 83 81
f 81 84 80
f 81 83 84
f 82 85 83
f 83 86 84
f 85 87 83
f 83 88 86
f 87 89 83
f 89 88 83
f 89 90 88
f 91 92 93
f 92 94 93
f 93 94 95
f 92 96 94
f 94 97 95
f 96 98 94
f 94 98 97
f 96 99 98
f 98 100 97
f 99 101 98
f 98 101 100
f 99 102 101
f 101 103 100
f 102 104 101
f 101 104 103
f 102 105 104
f 104 106 103
f 105 107 104
f 104 107 106
f 105 108 107
f 107 109 106
f 108 110 107
f 107 110 109
f 108 111 110
f 111 112 110
f 110 113 109
f 110 112 113
f 111 114 112
f 112 115 113
f 114 116 112
f 112 117 115
f 116 118 112
f 112 118 117
f 116 119 118
f 119 120 118
f 118 121 117
f 118 120 121
f 119 122 120
f 120 123 121
f 122 124 120
f 120 125 123
f 124 126 120
f 120 126 125
f 124 127 126
f 127 128 126
f 126 129 125
f 126 128 129
f 127 130 128
f 128 131 129
f 130 132 128
f 128 133 131
f 132 134 128
f 134 133 128
f 134 135 133
f 136 137 138
f 137 139 138
f 137 140 139
f 140 137 141
f 140 142 139
f 140 141 143
f 140 144 142
f 145 140 143
f 140 145 144
f 145 143 146
f 145 147 144
f 148 145 146
f 145 148 147
f 148 146 149
f 148 150 147
f 151 148 149
f 148 151 150
f 151 149 152
f 151 153 150
f 151 152 154
f 153 151 154
f 155 154 152
f 153 154 155
f 155 152 156
f 157 153 155
f 158 155 156
f 157 155 158
f 158 156 159
f 160 157 158
f 161 158 159
f 160 158 161
f 161 159 162
f 163 160 161
f 164 161 162
f 163 161 164
f 164 162 165
f 166 163 164
f 167 164 165
f 166 164 167
f 167 165 168
f 169 166 167
f 170 167 168
f 169 167 170
f 170 168 171
f 172 169 170
f 173 170 171
f 172 170 173
f 173 171 174
f 175 172 173
f 176 173 174
f 175 173 176
f 176 174 177
f 178 175 176
f 179 176 177
f 178 176 179
f 179 177 180
f 181 179 180
f 182 178 179
f 182 179 181
f 181 180 183
f 184 182 181
f 181 183 185
f 186 184 181
f 187 181 185
f 186 181 187
f 187 185 188
f 189 186 187
f 190 187 188
f 189 187 190
f 190 188 191
f 192 189 190
f 193 190 191
f 192 190 193
f 193 191 194
f 195 192 193
f 196 193 194
f 195 193 196
f 196 194 197
f 198 195 196
f 199 196 197
f 198 196 199
f 199 197 200
f 201 198 199
f 202 199 200
f 201 199 202
f 202 200 203
f 204 202 203
f 205 201 202
f 205 202 204
f 204 203 206
f 207 205 204
f 204 206 208
f 209 207 204
f 210 204 208
f 209 204 210
f 210 208 211
f 212 209 210
f 213 210 211
f 212 210 213
f 213 211 214
f 215 212 213
f 216 213 214
f 215 213 216
f 216 214 217
f 218 215 216
f 219 216 217
f 218 216 219
f 219 217 220
f 221 218 219
f 222 219 220
f 221 219 222
f 222 220 223
f 224 221 222
f 225 222 223
f 224 222 225
f 225 223 226
f 227 224 225
f 228 225 226
f 227 225 228
f 229 227 228
f 228 230 229
f 230 231 229
f 230 232 231
f 232 230 233
f 232 234 231
f 232 233 235
f 232 236 234
f 237 232 235
f 232 237 236
f 237 235 238
f 237 239 236
f 240 237 238
f 237 240 239
f 240 238 241
f 240 242 239
f 243 240 241
f 240 243 242
f 243 241 244
f 243 245 242
f 246 243 244
f 243 246 245
f 246 244 247
f 246 247 245
f 244 248 247
f 245 247 249
f 248 250 247
f 247 250 249
f 248 251 250
f 249 250 252
f 251 253 250
f 250 253 252
f 251 254 253
f 252 253 255
f 254 256 253
f 253 256 255
f 254 257 256
f 255 256 258
f 257 259 256
f 256 259 258
f 257 260 259
f 258 259 261
f 260 262 259
f 259 262 261
f 260 263 262
f 261 262 264
f 263 265 262
f 262 265 264
f 263 266 265
f 264 265 267
f 266 268 265
f 265 268 267
f 266 269 268
f 267 268 270
f 269 271 268
f 268 271 270
f 269 272 271
f 272 273 271
f 270 271 274
f 271 273 274
f 272 275 273
f 274 273 276
f 275 277 273
f 273 278 276
f 277 279 273
f 273 279 278
f 277 280 279
f 279 281 278
f 280 282 279
f 279 282 281
f 280 283 282
f 282 284 281
f 283 285 282
f 282 285 284
f 283 286 285
f 285 287 284
f 286 288 285
f 285 288 287
f 286 289 288
f 288 290 287
f 289 291 288
f 288 291 290
f 289 292 291
f 291 293 290
f 292 294 291
f 291 294 293
f 292 295 294
f 295 296 294
f 294 297 293
f 294 296 297
f 295 298 296
f 296 299 297
f 298 300 296
f 296 301 299
f 300 302 296
f 296 302 301
f 300 303 302
f 302 304 301
f 303 305 302
f 302 305 304
f 303 306 305
f 305 307 304
f 306 308 305
f 305 308 307
f 306 309 308
f 308 310 307
f 309 311 308
f 308 311 310
f 309 312 311
f 311 313 310
f 312 314 311
f 311 314 313
f 312 315 314
f 314 316 313
f 315 317 314
f 314 317 316
f 315 318 317
f 317 319 316
f 318 320 317
f 320 319 317
f 320 321 319
f 322 323 324
f 323 325 324
f 324 325 326
f 323 327 325
f 325 328 326
f 327 329 325
f 325 329 328
f 327 330 329
f 329 331 328
f 330 332 329
f 329 332 331
f 330 333 332
f 332 334 331
f 333 335 332
f 332 335 334
f 333 336 335
f 335 337 334
f 336 338 335
f 335 338 337
f 336 339 338
f 338 340 337
f 339 341 338
f 338 341 340
f 339 342 341
f 342 343 341
f 341 344 340
f 341 343 344
f 342 345 343
f 343 346 344
f 345 347 343
f 343 348 346
f 347 349 343
f 343 349 348
f 347 350 349
f 350 351 349
f 349 352 348
f 349 351 352
f 350 353 351
f 351 354 352
f 353 355 351
f 351 356 354
f 355 357 351
f 351 357 356
f 355 358 357
f 358 359 357
f 357 360 356
f 357 359 360
f 358 361 359
f 359 362 360
f 361 363 359
f 359 364 362
f 363 365 359
f 365 364 359
f 365 366 364
f 367 368 369
f 368 370 369
f 369 370 371
f 368 372 370
f 370 373 371
f 372 374 370
f 370 374 373
f 372 375 374
f 374 376 373
f 375 377 374
f 374 377 376
f 375 378 377
f 377 379 376
f 378 380 377
f 377 380 379
f 378 381 380
f 380 382 379
f 381 383 380
f 380 383 382
f 381 384 383
f 383 385 382
f 384 386 383
f 383 386 385
f 384 387 386
f 387 388 386
f 386 389 385
f 386 388 389
f 387 390 388
f 388 391 389
f 390 392 388
f 388 393 391
f 392 394 388
f 388 394 393
f 392 395 394
f 395 396 394
f 394 397 393
f 394 396 397
f 395 398 396
f 396 399 397
f 398 400 396
f 396 401 399
f 400 402 396
f 396 402 401
f 400 403 402
f 403 404 402
f 402 405 401
f 402 404 405
f 403 406 404
f 404 407 405
f 406 408 404
f 404 409 407
f 408 410 404
f 410 409 404
f 410 411 409
f 412 413 414
f 413 415 414
f 414 415 416
f 413 417 415
f 415 418 416
f 417 419 415
f 415 419 418
f 417 420 419
f 419 421 418
f 420 422 419
f 419 422 421
f 420 423 422
f 422 424 421
f 423 425 422
f 422 425 424
f 423 426 425
f 425 427 424
f 426 428 425
f 425 428 427
f 426 429 428
f 428 430 427
f 429 431 428
f 428 431 430
f 429 432 431
f 432 433 431
f 431 434 430
f 431 433 434
f 432 435 433
f 433 436 434
f 435 437 433
f 433 438 436
f 437 439 433
f 433 439 438
f 437 440 439
f 440 441 439
f 439 442 438
f 439 441 442
f 440 443 441
f 441 444 442
f 443 445 441
f 441 446 444
f 445 447 441
f 441 447 446
f 445 448 447
f 448 449 447
f 447 450 446
f 447 449 450
f 448 451 449
f 449 452 450
f 451 453 449
f 449 454 452
f 453 455 449
f 455 454 449
f 455 456 454
f 457 458 459
f 458 460 459
f 458 461 460
f 461 458 462
f 461 463 460
f 461 462 464
f 461 465 463
f 466 461 464
f 461 466 465
f 466 464 467
f 466 468 465
f 469 466 467
f 466 469 468
f 469 467 470
f 469 471 468
f 472 469 470
f 469 472 471
f 472 470 473
f 472 474 471
f 472 473 475
f 474 472 475
f 476 475 473
f 474 475 476
f 476 473 477
f 478 474 476
f 479 476 477
f 478 476 479
f 479 477 480
f 481 478 479
f 482 479 480
f 481 479 482
f 482 480 483
f 484 481 482
f 485 482 483
f 484 482 485
f 485 483 486
f 487 484 485
f 488 485 486
f 487 485 488
f 488 486 489
f 490 487 488
f 491 488 489
f 490 488 491
f 491 489 492
f 493 490 491
f 494 491 492
f 493 491 494
f 494 492 495
f 496 493 494
f 497 494 495
f 496 494 497
f 497 495 498
f 499 496 497
f 500 497 498
f 499 497 500
f 500 498 501
f 502 500 501
f 503 499 500
f 503 500 502
f 502 501 504
f 505 503 502
f 502 504 506
f 507 505 502
f 508 502 506
f 507 502 508
f 508 506 509
f 510 507 508
f 511 508 509
f 510 508 511
f 511 509 512
f 513 510 511
f 514 511 512
f 513 511 514
f 514 512 515
f 516 513 514
f 517 514 515
f 516 514 517
f 517 515 518
f 519 516 517
f 520 517 518
f 519 517 520
f 520 518 521
f 522 519 520
f 523 520 521
f 522 520 523
f 523 521 524
f 525 523 524
f 526 522 523
f 526 523 525
f 525 524 527
f 528 526 525
f 525 527 529
f 530 528 525
f 531 525 529
f 530 525 531
f 531 529 532
f 533 530 531
f 534 531 532
f 533 531 534
f 534 532 535
f 536 533 534
f 537 534 535
f 536 534 537
f 537 535 538
f 539 536 537
f 540 537 538
f 539 537 540
f 540 538 541
f 542 539 540
f 543 540 541
f 542 540 543
f 543 541 544
f 545 542 543
f 546 543 544
f 545 543 546
f 546 544 547
f 548 545 546
f 549 546 547
f 548 546 549
f 550 548 549
f 549 551 550
f 551 552 550
f 551 553 552
f 553 551 554
f 553 555 552
f 553 554 556
f 553 557 555
f 558 553 556
f 553 558 557
f 558 556 559
f 558 560 557
f 561 558 559
f 558 561 560
f 561 559 562
f 561 563 560
f 564 561 562
f 561 564 563
f 564 562 565
f 564 566 563
f 567 564 565
f 564 567 566
f 567 565 568
f 567 568 566
f 565 569 568
f 566 568 570
f 569 571 568
f 568 571 570
f 569 572 571
f 570 571 573
f 572 574 571
f 571 574 573
f 572 575 574
f 573 574 576
f 575 577 574
f 574 577 576
f 575 578 577
f 576 577 579
f 578 580 577
f 577 580 579
f 578 581 580
f 579 580 582
f 581 583 580
f 580 583 582
f 581 584 583
f 582 583 585
f 584 586 583
f 583 586 585
f 584 587 586
f 585 586 588
f 587 589 586
f 586 589 588
f 587 590 589
f 588 589 591
f 590 592 589
f 589 592 591
f 590 593 592
f 593 594 592
f 591 592 595
f 592 594 595
f 593 596 594
f 595 594 597
f 596 598 594
f 594 599 597
f 598 600 594
f 594 600 599
f 598 601 600
f 600 602 599
f 601 603 600
f 600 603 602
f 601 604 603
f 603 605 602
f 604 606 603
f 603 606 605
f 604 607 606
f 606 608 605
f 607 609 606
f 606 609 608
f 607 610 609
f 609 611 608
f 610 612 609
f 609 612 611
f 610 613 612
f 612 614 611
f 613 615 612
f 612 615 614
f 613 616 615
f 616 617 615
f 615 618 614
f 615 617 618
f 616 619 617
f 617 620 618
f 619 621 617
f 617 622 620
f 621 623 617
f 617 623 622
f 621 624 623
f 623 625 622
f 624 626 623
f 623 626 625
f 624 627 626
f 626 628 625
f 627 629 626
f 626 629 628
f 627 630 629
f 629 631 628
f 630 632 629
f 629 632 631
f 630 633 632
f 632 634 631
f 633 635 632
f 632 635 634
f 633 636 635
f 635 637 634
f 636 638 635
f 635 638 637
f 636 639 638
f 638 640 637
f 639 641 638
f 641 640 638
f 641 642 640
f 643 644 645
f 644 646 645
f 644 647 646
f 647 644 648
f 647 649 646
f 647 648 650
f 647 651 649
f 652 647 650
f 647 652 651
f 652 650 653
f 652 654 651
f 655 652 653
f 652 655 654
f 655 653 656
f 655 657 654
f 658 655 656
f 655 658 657
f 658 656 659
f 658 660 657
f 658 659 661
f 660 658 661
f 662 661 659
f 660 661 662
f 662 659 663
f 664 660 662
f 665 662 663
f 664 662 665
f 665 663 666
f 667 664 665
f 668 665 666
f 667 665 668
f 668 666 669
f 670 667 668
f 671 668 669
f 670 668 671
f 671 669 672
f 673 670 671
f 674 671 672
f 673 671 674
f 674 672 675
f 676 673 674
f 677 674 675
f 676 674 677
f 677 675 678
f 679 676 677
f 680 677 678
f 679 677 680
f 680 678 681
f 682 679 680
f 683 680 681
f 682 680 683
f 683 681 684
f 685 682 683
f 686 683 684
f 685 683 686
f 686 684 687
f 688 686 687
f 689 685 686
f 689 686 688
f 688 687 690
f 691 689 688
f 688 690 692
f 693 691 688
f 694 688 692
f 693 688 694
f 694 692 695
f 696 693 694
f 697 694 695
f 696 694 697
f 697 695 698
f 699 696 697
f 700 697 698
f 699 697 700
f 700 698 701
f 702 699 700
f 703 700 701
f 702 700 703
f 703 701 704
f 705 702 703
f 706 703 704
f 705 703 706
f 706 704 707
f 708 705 706
f 709 706 707
f 708 706 709
f 709 707 710
f 711 709 710
f 712 708 709
f 712 709 711
f 711 710 713
f 714 712 711
f 711 713 715
f 716 714 711
f 717 711 715
f 716 711 717
f 717 715 718
f 719 716 717
f 720 717 718
f 719 717 720
f 720 718 721
f 722 719 720
f 723 720 721
f 722 720 723
f 723 721 724
f 725 722 723
f 726 723 724
f 725 723 726
f 726 724 727
f 728 725 726
f 729 726 727
f 728 726 729
f 729 727 730
f 731 728 729
f 732 729 730
f 731 729 732
f 732 730 733
f 734 731 732
f 735 732 733
f 734 732 735
f 736 734 735
f 735 737 736
f 738 739 740
f 738 741 739
f 741 738 742
f 741 743 739
f 741 742 744
f 741 745 743
f 746 741 744
f 741 746 745
f 746 744 747
f 746 748 745
f 749 746 747
f 746 749 748
f 749 747 750
f 749 751 748
f 752 749 750
f 749 752 751
f 752 750 753
f 752 754 751
f 755 752 753
f 752 755 754
f 755 753 756
f 755 756 754
f 753 757 756
f 754 756 758
f 757 759 756
f 756 759 758
f 757 760 759
f 758 759 761
f 760 762 759
f 759 762 761
f 760 763 762
f 761 762 764
f 763 765 762
f 762 765 764
f 763 766 765
f 764 765 767
f 766 768 765
f 765 768 767
f 766 769 768
f 767 768 770
f 769 771 768
f 768 771 770
f 769 772 771
f 770 771 773
f 772 774 771
f 771 774 773
f 772 775 774
f 773 774 776
f 775 777 774
f 774 777 776
f 775 778 777
f 776 777 779
f 778 780 777
f 777 780 779
f 778 781 780
f 781 782 780
f 779 780 783
f 780 782 783
f 781 784 782
f 783 782 785
f 784 786 782
f 782 787 785
f 786 788 782
f 782 788 787
f 786 789 788
f 788 790 787
f 789 791 788
f 788 791 790
f 789 792 791
f 791 793 790
f 792 794 791
f 791 794 793
f 792 795 794
f 794 796 793
f 795 797 794
f 794 797 796
f 795 798 797
f 797 799 796
f 798 800 797
f 797 800 799
f 798 801 800
f 800 802 799
f 801 803 800
f 800 803 802
f 801 804 803
f 804 805 803
f 803 806 802
f 803 805 806
f 804 807 805
f 805 808 806
f 807 809 805
f 805 810 808
f 809 811 805
f 805 811 810
f 809 812 811
f 811 813 810
f 812 814 811
f 811 814 813
f 812 815 814
f 814 816 813
f 815 817 814
f 814 817 816
f 815 818 817
f 817 819 816
f 818 820 817
f 817 820 819
f 818 821 820
f 820 822 819
f 821 823 820
f 820 823 822
f 821 824 823
f 823 825 822
f 824 826 823
f 823 826 825
f 824 827 826
f 826 828 825
f 827 829 826
f 829 828 826
f 829 830 828
f 831 832 833
f 832 834 833
f 832 835 834
f 833 834 836
f 834 837 836
f 835 838 834
f 834 839 837
f 838 840 834
f 834 840 839
f 838 841 840
f 841 842 840
f 840 843 839
f 840 842 843
f 841 844 842
f 842 845 843
f 844 846 842
f 842 847 845
f 846 848 842
f 842 848 847
f 846 849 848
f 849 850 848
f 848 851 847
f 848 850 851
f 849 852 850
f 850 853 851
f 852 854 850
f 850 855 853
f 854 856 850
f 850 856 855
f 854 857 856
f 856 858 855
f 857 859 856
f 856 859 858
f 857 860 859
f 859 861 858
f 860 862 859
f 859 862 861
f 860 863 862
f 862 864 861
f 863 865 862
f 862 865 864
f 863 866 865
f 865 867 864
f 866 868 865
f 865 868 867
f 866 869 868
f 868 870 867
f 869 871 868
f 868 871 870
f 869 872 871
f 871 873 870
f 872 874 871
f 874 873 871
f 874 875 873
f 876 877 878
f 876 878 879
f 880 876 879
f 879 878 881
f 882 880 879
f 883 879 881
f 882 879 883
f 883 881 884
f 885 882 883
f 886 883 884
f 885 883 886
f 886 884 887
f 888 885 886
f 889 886 887
f 888 886 889
f 889 887 890
f 891 888 889
f 892 889 890
f 891 889 892
f 892 890 893
f 894 891 892
f 895 892 893
f 894 892 895
f 895 893 896
f 897 895 896
f 898 894 895
f 898 895 897
f 897 896 899
f 900 898 897
f 901 897 899
f 902 900 897
f 903 897 901
f 902 897 903
f 904 903 901
f 905 902 903
f 906 903 904
f 906 905 903
f 907 906 904
f 906 907 905
f 907 904 908
f 907 909 905
f 910 907 908
f 907 910 909
f 910 908 911
f 910 912 909
f 913 910 911
f 910 913 912
f 913 911 914
f 913 915 912
f 916 913 914
f 913 916 915
f 916 914 917
f 916 918 915
f 919 916 917
f 916 919 918
f 919 917 920
f 919 921 918
f 922 919 920
f 919 922 921
f 922 920 923
f 921 922 924
f 922 923 924
f 923 925 924
f 925 926 924
f 924 926 927
f 925 928 926
f 926 929 927
f 928 930 926
f 926 930 929
f 928 931 930
f 930 932 929
f 931 933 930
f 930 933 932
f 931 934 933
f 933 935 932
f 934 936 933
f 933 936 935
f 934 937 936
f 936 938 935
f 937 939 936
f 936 939 938
f 937 940 939
f 939 941 938
f 940 942 939
f 939 942 941
f 940 943 942
f 943 944 942
f 942 945 941
f 942 944 945
f 943 946 944
f 944 947 945
f 946 948 944
f 944 949 947
f 948 950 944
f 944 950 949
f 948 951 950
f 950 952 949
f 951 953 950
f 950 953 952
f 951 954 953
f 954 952 953
f 955 954 951
f 954 956 952
f 957 954 955
f 954 957 956
f 958 957 955
f 957 959 956
f 960 957 958
f 957 960 959
f 961 960 958
f 960 962 959
f 963 960 961
f 960 963 962
f 964 963 961
f 963 965 962
f 966 963 964
f 963 966 965
f 967 966 964
f 966 968 965
f 969 966 967
f 966 969 968
f 970 969 967
f 969 971 968
f 969 970 971
f 972 973 974
f 973 975 974
f 973 976 975
f 974 975 977
f 975 978 977
f 976 979 975
f 975 980 978
f 979 981 975
f 975 981 980
f 979 982 981
f 982 983 981
f 981 984 980
f 981 983 984
f 982 985 983
f 983 986 984
f 985 987 983
f 983 988 986
f 987 989 983
f 983 989 988
f 987 990 989
f 990 991 989
f 989 992 988
f 989 991 992
f 990 993 991
f 991 994 992
f 993 995 991
f 991 996 994
f 995 997 991
f 991 997 996
f 995 998 997
f 997 999 996
f 998 1000 997
f 997 1000 999
f 998 1001 1000
f 1000 1002 999
f 1001 1003 1000
f 1000 1003 1002
f 1001 1004 1003
f 1003 1005 1002
f 1004 1006 1003
f 1003 1006 1005
f 1004 1007 1006
f 1006 1008 1005
f 1007 1009 1006
f 1006 1009 1008
f 1007 1010 1009
f 1009 1011 1008
f 1010 1012 1009
f 1009 1012 1011
f 1010 1013 1012
f 1012 1014 1011
f 1013 1015 1012
f 1015 1014 1012
f 1015 1016 1014
f 1017 1018 1019
f 1017 1019 1020
f 1021 1017 1020
f 1020 1019 1022
f 1023 1021 1020
f 1024 1020 1022
f 1023 1020 1024
f 1024 1022 1025
f 1026 1023 1024
f 1027 1024 1025
f 1026 1024 1027
f 1027 1025 1028
f 1029 1026 1027
f 1030 1027 1028
f 1029 1027 1030
f 1030 1028 1031
f 1032 1029 1030
f 1033 1030 1031
f 1032 1030 1033
f 1033 1031 1034
f 1035 1032 1033
f 1036 1033 1034
f 1035 1033 1036
f 1036 1034 1037
f 1038 1036 1037
f 1039 1035 1036
f 1039 1036 1038
f 1038 1037 1040
f 1041 1039 1038
f 1042 1038 1040
f 1043 1041 1038
f 1044 1038 1042
f 1043 1038 1044
f 1045 1044 1042
f 1046 1043 1044
f 1047 1044 1045
f 1047 1046 1044
f 1048 1047 1045
f 1047 1048 1046
f 1048 1045 1049
f 1048 1050 1046
f 1051 1048 1049
f 1048 1051 1050
f 1051 1049 1052
f 1051 1053 1050
f 1054 1051 1052
f 1051 1054 1053
f 1054 1052 1055
f 1054 1056 1053
f 1057 1054 1055
f 1054 1057 1056
f 1057 1055 1058
f 1057 1059 1056
f 1060 1057 1058
f 1057 1060 1059
f 1060 1058 1061
f 1060 1062 1059
f 1063 1060 1061
f 1060 1063 1062
f 1063 1061 1064
f 1062 1063 1065
f 1063 1064 1065
f 1064 1066 1065
f 1066 1067 1065
f 1065 1067 1068
f 1066 1069 1067
f 1067 1070 1068
f 1069 1071 1067
f 1067 1071 1070
f 1069 1072 1071
f 1071 1073 1070
f 1072 1074 1071
f 1071 1074 1073
f 1072 1075 1074
f 1074 1076 1073
f 1075 1077 1074
f 1074 1077 1076
f 1075 1078 1077
f 1077 1079 1076
f 1078 1080 1077
f 1077 1080 1079
f 1078 1081 1080
f 1080 1082 1079
f 1081 1083 1080
f 1080 1083 1082
f 1081 1084 1083
f 1084 1085 1083
f 1083 1086 1082
f 1083 1085 1086
f 1084 1087 1085
f 1085 1088 1086
f 1087 1089 1085
f 1085 1090 1088
f 1089 1091 1085
f 1085 1091 1090
f 1089 1092 1091
f 1091 1093 1090
f 1092 1094 1091
f 1091 1094 1093
f 1092 1095 1094
f 1095 1093 1094
f 1096 1095 1092
f 1095 1097 1093
f 1098 1095 1096
f 1095 1098 1097
f 1099 1098 1096
f 1098 1100 1097
f 1101 1098 1099
f 1098 1101 1100
f 1102 1101 1099
f 1101 1103 1100
f 1104 1101 1102
f 1101 1104 1103
f 1105 1104 1102
f 1104 1106 1103
f 1107 1104 1105
f 1104 1107 1106
f 1108 1107 1105
f 1107 1109 1106
f 1110 1107 1108
f 1107 1110 1109
f 1111 1110 1108
f 1110 1112 1109
f 1110 1111 1112
f 1113 1114 1115
f 1114 1116 1115
f 1114 1117 1116
f 1115 1116 1118
f 1116 1119 1118
f 1117 1120 1116
f 1116 1121 1119
f 1120 1122 1116
f 1116 1122 1121
f 1120 1123 1122
f 1123 1124 1122
f 1122 1125 1121
f 1122 1124 1125
f 1123 1126 1124
f 1124 1127 1125
f 1126 1128 1124
f 1124 1129 1127
f 1128 1130 1124
f 1124 1130 1129
f 1128 1131 1130
f 1131 1132 1130
f 1130 1133 1129
f 1130 1132 1133
f 1131 1134 1132
f 1132 1135 1133
f 1134 1136 1132
f 1132 1137 1135
f 1136 1138 1132
f 1132 1138 1137
f 1136 1139 1138
f 1138 1140 1137
f 1139 1141 1138
f 1138 1141 1140
f 1139 1142 1141
f 1141 1143 1140
f 1142 1144 1141
f 1141 1144 1143
f 1142 1145 1144
f 1144 1146 1143
f 1145 1147 1144
f 1144 1147 1146
f 1145 1148 1147
f 1147 1149 1146
f 1148 1150 1147
f 1147 1150 1149
f 1148 1151 1150
f 1150 1152 1149
f 1151 1153 1150
f 1150 1153 1152
f 1151 1154 1153
f 1153 1155 1152
f 1154 1156 1153
f 1156 1155 1153
f 1156 1157 1155
f 1158 1159 1160
f 1158 1160 1161
f 1162 1158 1161
f 1161 1160 1163
f 1164 1162 1161
f 1165 1161 1163
f 1164 1161 1165
f 1165 1163 1166
f 1167 1164 1165
f 1168 1165 1166
f 1167 1165 1168
f 1168 1166 1169
f 1170 1167 1168
f 1171 1168 1169
f 1170 1168 1171
f 1171 1169 1172
f 1173 1170 1171
f 1174 1171 1172
f 1173 1171 1174
f 1174 1172 1175
f 1176 1173 1174
f 1177 1174 1175
f 1176 1174 1177
f 1177 1175 1178
f 1179 1177 1178
f 1180 1176 1177
f 1180 1177 1179
f 1179 1178 1181
f 1182 1180 1179
f 1183 1179 1181
f 1184 1182 1179
f 1185 1179 1183
f 1184 1179 1185
f 1186 1185 1183
f 1187 1184 1185
f 1188 1185 1186
f 1188 1187 1185
f 1189 1188 1186
f 1188 1189 1187
f 1189 1186 1190
f 1189 1191 1187
f 1192 1189 1190
f 1189 1192 1191
f 1192 1190 1193
f 1192 1194 1191
f 1195 1192 1193
f 1192 1195 1194
f 1195 1193 1196
f 1195 1197 1194
f 1198 1195 1196
f 1195 1198 1197
f 1198 1196 1199
f 1198 1200 1197
f 1201 1198 1199
f 1198 1201 1200
f 1201 1199 1202
f 1201 1203 1200
f 1204 1201 1202
f 1201 1204 1203
f 1204 1202 1205
f 1203 1204 1206
f 1204 1205 1206
f 1205 1207 1206
f 1207 1208 1206
f 1206 1208 1209
f 1207 1210 1208
f 1208 1211 1209
f 1210 1212 1208
f 1208 1212 1211
f 1210 1213 1212
f 1212 1214 1211
f 1213 1215 1212
f 1212 1215 1214
f 1213 1216 1215
f 1215 1217 1214
f 1216 1218 1215
f 1215 1218 1217
f 1216 1219 1218
f 1218 1220 1217
f 1219 1221 1218
f 1218 1221 1220
f 1219 1222 1221
f 1221 1223 1220
f 1222 1224 1221
f 1221 1224 1223
f 1222 1225 1224
f 1225 1226 1224
f 1224 1227 1223
f 1224 1226 1227
f 1225 1228 1226
f 1226 1229 1227
f 1228 1230 1226
f 1226 1231 1229
f 1230 1232 1226
f 1226 1232 1231
f 1230 1233 1232
f 1232 1234 1231
f 1233 1235 1232
f 1232 1235 1234
f 1233 1236 1235
f 1236 1234 1235
f 1237 1236 1233
f 1236 1238 1234
f 1239 1236 1237
f 1236 1239 1238
f 1240 1239 1237
f 1239 1241 1238
f 1242 1239 1240
f 1239 1242 1241
f 1243 1242 1240
f 1242 1244 1241
f 1245 1242 1243
f 1242 1245 1244
f 1246 1245 1243
f 1245 1247 1244
f 1248 1245 1246
f 1245 1248 1247
f 1249 1248 1246
f 1248 1250 1247
f 1251 1248 1249
f 1248 1251 1250
f 1252 1251 1249
f 1251 1253 1250
f 1251 1252 1253
f 1254 1255 1256
f 1255 1257 1256
f 1255 1258 1257
f 1256 1257 1259
f 1257 1260 1259
f 1258 1261 1257
f 1257 1262 1260
f 1261 1263 1257
f 1257 1263 1262
f 1261 1264 1263
f 1264 1265 1263
f 1263 1266 1262
f 1263 1265 1266
f 1264 1267 1265
f 1265 1268 1266
f 1267 1269 1265
f 1265 1270 1268
f 1269 1271 1265
f 1265 1271 1270
f 1269 1272 1271
f 1272 1273 1271
f 1271 1274 1270
f 1271 1273 1274
f 1272 1275 1273
f 1273 1276 1274
f 1275 1277 1273
f 1273 1278 1276
f 1277 1279 1273
f 1273 1279 1278
f 1277 1280 1279
f 1279 1281 1278
f 1280 1282 1279
f 1279 1282 1281
f 1280 1283 1282
f 1282 1284 1281
f 1283 1285 1282
f 1282 1285 1284
f 1283 1286 1285
f 1285 1287 1284
f 1286 1288 1285
f 1285 1288 1287
f 1286 1289 1288
f 1288 1290 1287
f 1289 1291 1288
f 1288 1291 1290
f 1289 1292 1291
f 1291 1293 1290
f 1292 1294 1291
f 1291 1294 1293
f 1292 1295 1294
f 1294 1296 1293
f 1295 1297 1294
f 1297 1296 1294
f 1297 1298 1296
f 1299 1300 1301
f 1299 1301 1302
f 1303 1299 1302
f 1302 1301 1304
f 1305 1303 1302
f 1306 1302 1304
f 1305 1302 1306
f 1306 1304 1307
f 1308 1305 1306
f 1309 1306 1307
f 1308 1306 1309
f 1309 1307 1310
f 1311 1308 1309
f 1312 1309 1310
f 1311 1309 1312
f 1312 1310 1313
f 1314 1311 1312
f 1315 1312 1313
f 1314 1312 1315
f 1315 1313 1316
f 1317 1314 1315
f 1318 1315 1316
f 1317 1315 1318
f 1318 1316 1319
f 1320 1318 1319
f 1321 1317 1318
f 1321 1318 1320
f 1320 1319 1322
f 1323 1321 1320
f 1320 1322 1324
f 1325 1323 1320
f 1326 1320 1324
f 1325 1320 1326
f 1326 1324 1327
f 1328 1326 1327
f 1329 1325 1326
f 1329 1326 1328
f 1328 1327 1330
f 1331 1329 1328
f 1328 1330 1332
f 1333 1331 1328
f 1334 1328 1332
f 1333 1328 1334
f 1334 1332 1335
f 1336 1334 1335
f 1337 1333 1334
f 1337 1334 1336
f 1336 1335 1338
f 1339 1337 1336
f 1336 1338 1340
f 1341 1339 1336
f 1342 1336 1340
f 1341 1336 1342
f 48 1341 1342
f 1343 1344 1345
f 1343 1345 1346
f 1347 1343 1346
f 1346 1345 1348
f 1349 1347 1346
f 1350 1346 1348
f 1349 1346 1350
f 1350 1348 1351
f 1352 1349 1350
f 1353 1350 1351
f 1352 1350 1353
f 1353 1351 1354
f 1355 1352 1353
f 1356 1353 1354
f 1355 1353 1356
f 1356 1354 1357
f 1358 1355 1356
f 1359 1356 1357
f 1358 1356 1359
f 1359 1357 1360
f 1361 1358 1359
f 1362 1359 1360
f 1361 1359 1362
f 1362 1360 1363
f 1364 1362 1363
f 1365 1361 1362
f 1365 1362 1364
f 1364 1363 1366
f 1367 1365 1364
f 1368 1364 1366
f 1369 1367 1364
f 1370 1364 1368
f 1369 1364 1370
f 1371 1370 1368
f 1372 1369 1370
f 1373 1370 1371
f 1373 1372 1370
f 1374 1373 1371
f 1373 1374 1372
f 1374 1371 1375
f 1374 1376 1372
f 1377 1374 1375
f 1374 1377 1376
f 1377 1375 1378
f 1377 1379 1376
f 1380 1377 1378
f 1377 1380 1379
f 1380 1378 1381
f 1380 1382 1379
f 1383 1380 1381
f 1380 1383 1382
f 1383 1381 1384
f 1383 1385 1382
f 1386 1383 1384
f 1383 1386 1385
f 1386 1384 1387
f 1386 1388 1385
f 1389 1386 1387
f 1386 1389 1388
f 1389 1387 1390
f 1388 1389 1391
f 1389 1390 1391
f 1390 1392 1391
f 1392 1393 1391
f 1391 1393 1394
f 1392 1395 1393
f 1393 1396 1394
f 1395 1397 1393
f 1393 1397 1396
f 1395 1398 1397
f 1397 1399 1396
f 1398 1400 1397
f 1397 1400 1399
f 1398 1401 1400
f 1400 1402 1399
f 1401 1403 1400
f 1400 1403 1402
f 1401 1404 1403
f 1403 1405 1402
f 1404 1406 1403
f 1403 1406 1405
f 1404 1407 1406
f 1406 1408 1405
f 1407 1409 1406
f 1406 1409 1408
f 1407 1410 1409
f 1410 1411 1409
f 1409 1412 1408
f 1409 1411 1412
f 1410 1413 1411
f 1411 1414 1412
f 1413 1415 1411
f 1411 1416 1414
f 1415 1417 1411
f 1411 1417 1416
f 1415 1418 1417
f 1417 1419 1416
f 1418 1420 1417
f 1417 1420 1419
f 1418 1421 1420
f 1421 1419 1420
f 1422 1421 1418
f 1421 1423 1419
f 1424 1421 1422
f 1421 1424 1423
f 1425 1424 1422
f 1424 1426 1423
f 1427 1424 1425
f 1424 1427 1426
f 1428 1427 1425
f 1427 1429 1426
f 1430 1427 1428
f 1427 1430 1429
f 1431 1430 1428
f 1430 1432 1429
f 1433 1430 1431
f 1430 1433 1432
f 1434 1433 1431
f 1433 1435 1432
f 1436 1433 1434
f 1433 1436 1435
f 1437 1436 1434
f 1436 1438 1435
f 1436 1437 1438
f 1439 1440 1441
f 1439 1441 1442
f 1443 1439 1442
f 1442 1441 1444
f 1445 1443 1442
f 1446 1442 1444
f 1445 1442 1446
f 1446 1444 1447
f 1448 1445 1446
f 1449 1446 1447
f 1448 1446 1449
f 1449 1447 1450
f 1451 1448 1449
f 1452 1449 1450
f 1451 1449 1452
f 1452 1450 1453
f 1454 1451 1452
f 1455 1452 1453
f 1454 1452 1455
f 1455 1453 1456
f 1457 1454 1455
f 1458 1455 1456
f 1457 1455 1458
f 1458 1456 1459
f 1460 1458 1459
f 1461 1457 1458
f 1461 1458 1460
f 1460 1459 1462
f 1463 1461 1460
f 1460 1462 1464
f 1465 1463 1460
f 1466 1460 1464
f 1465 1460 1466
f 1466 1464 1467
f 1468 1466 1467
f 1469 1465 1466
f 1469 1466 1468
f 1468 1467 1470
f 1471 1469 1468
f 1468 1470 1472
f 1473 1471 1468
f 1474 1468 1472
f 1473 1468 1474
f 1474 1472 1475
f 1476 1474 1475
f 1477 1473 1474
f 1477 1474 1476
f 1476 1475 1478
f 1479 1477 1476
f 1476 1478 1480
f 1481 1479 1476
f 1482 1476 1480
f 1481 1476 1482
f 3 1481 1482
f 1483 1484 1485
f 1483 1485 1486
f 1487 1483 1486
f 1486 1485 1488
f 1489 1487 1486
f 1490 1486 1488
f 1489 1486 1490
f 1490 1488 1491
f 1492 1489 1490
f 1493 1490 1491
f 1492 1490 1493
f 1493 1491 1494
f 1495 1492 1493
f 1496 1493 1494
f 1495 1493 1496
f 1496 1494 1497
f 1498 1495 1496
f 1499 1496 1497
f 1498 1496 1499
f 1499 1497 1500
f 1501 1498 1499
f 1502 1499 1500
f 1501 1499 1502
f 1502 1500 1503
f 1504 1502 1503
f 1505 1501 1502
f 1505 1502 1504
f 1504 1503 1506
f 1507 1505 1504
f 1508 1504 1506
f 1509 1507 1504
f 1510 1504 1508
f 1509 1504 1510
f 1511 1510 1508
f 1512 1509 1510
f 1513 1510 1511
f 1513 1512 1510
f 1514 1513 1511
f 1513 1514 1512
f 1514 1511 1515
f 1514 1516 1512
f 1517 1514 1515
f 1514 1517 1516
f 1517 1515 1518
f 1517 1519 1516
f 1520 1517 1518
f 1517 1520 1519
f 1520 1518 1521
f 1520 1522 1519
f 1523 1520 1521
f 1520 1523 1522
f 1523 1521 1524
f 1523 1525 1522
f 1526 1523 1524
f 1523 1526 1525
f 1526 1524 1527
f 1526 1528 1525
f 1529 1526 1527
f 1526 1529 1528
f 1529 1527 1530
f 1528 1529 1531
f 1529 1530 1531
f 1530 1532 1531
f 1532 1533 1531
f 1531 1533 1534
f 1532 1535 1533
f 1533 1536 1534
f 1535 1537 1533
f 1533 1537 1536
f 1535 1538 1537
f 1537 1539 1536
f 1538 1540 1537
f 1537 1540 1539
f 1538 1541 1540
f 1540 1542 1539
f 1541 1543 1540
f 1540 1543 1542
f 1541 1544 1543
f 1543 1545 1542
f 1544 1546 1543
f 1543 1546 1545
f 1544 1547 1546
f 1546 1548 1545
f 1547 1549 1546
f 1546 1549 1548
f 1547 1550 1549
f 1550 1551 1549
f 1549 1552 1548
f 1549 1551 1552
f 1550 1553 1551
f 1551 1554 1552
f 1553 1555 1551
f 1551 1556 1554
f 1555 1557 1551
f 1551 1557 1556
f 1555 1558 1557
f 1557 1559 1556
f 1558 1560 1557
f 1557 1560 1559
f 1558 1561 1560
f 1561 1559 1560
f 1562 1561 1558
f 1561 1563 1559
f 1564 1561 1562
f 1561 1564 1563
f 1565 1564 1562
f 1564 1566 1563
f 1567 1564 1565
f 1564 1567 1566
f 1568 1567 1565
f 1567 1569 1566
f 1570 1567 1568
f 1567 1570 1569
f 1571 1570 1568
f 1570 1572 1569
f 1573 1570 1571
f 1570 1573 1572
f 1574 1573 1571
f 1573 1575 1572
f 1576 1573 1574
f 1573 1576 1575
f 1577 1576 1574
f 1576 1578 1575
f 1576 1577 1578
f 1579 1580 1581
f 1579 1582 1580
f 1583 1579 1581
f 1579 1584 1582
f 1583 1581 1585
f 1584 1586 1582
f 1587 1583 1585
f 1584 1588 1586
f 1587 1585 1589
f 1588 1590 1586
f 1591 1587 1589
f 1588 1592 1590
f 1591 1589 1593
f 1592 1594 1590
f 1595 1591 1593
f 1592 1596 1594
f 1595 1593 1597
f 1596 1598 1594
f 1599 1595 1597
f 1596 1600 1598
f 1599 1597 1601
f 1600 1602 1598
f 1603 1599 1601
f 1600 1604 1602
f 1604 1605 1602
f 1604 1606 1605
f 1603 1601 1607
f 1608 1603 1607
f 1609 1608 1607
f 1609 1607 1610
f 1611 1609 1610
f 1611 1610 1612
f 1613 1611 1612
f 1613 1612 1614
f 1615 1613 1614
f 1615 1614 1616
f 1617 1615 1616
f 1617 1616 1618
f 1619 1617 1618
f 1619 1618 1620
f 1621 1619 1620
f 1621 1620 1622
f 1623 1621 1622
f 1623 1622 1624
f 1623 1624 1625
f 1626 1623 1625
f 1626 1625 1627
f 1628 1626 1627
f 1628 1627 1629
f 1630 1628 1629
f 1630 1629 1631
f 1632 1630 1631
f 1632 1631 1633
f 1634 1632 1633
f 1634 1633 1635
f 1636 1634 1635
f 1636 1635 1637
f 1638 1636 1637
f 1637 1639 1638
f 1639 1640 1638
f 1639 1641 1640
f 1641 1642 1640
f 1641 1606 1642
f 1606 1641 1605
f 1643 1644 1645
f 1643 1646 1644
f 1647 1643 1645
f 1643 1648 1646
f 1647 1645 1649
f 1648 1650 1646
f 1651 1647 1649
f 1648 1652 1650
f 1651 1649 1653
f 1652 1654 1650
f 1655 1651 1653
f 1652 1656 1654
f 1655 1653 1657
f 1656 1658 1654
f 1659 1655 1657
f 1656 1660 1658
f 1659 1657 1661
f 1660 1662 1658
f 1663 1659 1661
f 1660 1664 1662
f 1663 1661 1665
f 1664 1666 1662
f 1667 1663 1665
f 1664 1668 1666
f 1668 1669 1666
f 1668 1670 1669
f 1667 1665 1671
f 1672 1667 1671
f 1673 1672 1671
f 1673 1671 1674
f 1675 1673 1674
f 1675 1674 1676
f 1677 1675 1676
f 1677 1676 1678
f 1679 1677 1678
f 1679 1678 1680
f 1681 1679 1680
f 1681 1680 1682
f 1683 1681 1682
f 1683 1682 1684
f 1685 1683 1684
f 1685 1684 1686
f 1687 1685 1686
f 1687 1686 1688
f 1687 1688 1689
f 1690 1687 1689
f 1690 1689 1691
f 1692 1690 1691
f 1692 1691 1693
f 1694 1692 1693
f 1694 1693 1695
f 1696 1694 1695
f 1696 1695 1697
f 1698 1696 1697
f 1698 1697 1699
f 1700 1698 1699
f 1700 1699 1701
f 1702 1700 1701
f 1701 1703 1702
f 1703 1704 1702
f 1703 1705 1704
f 1705 1706 1704
f 1705 1670 1706
f 1670 1705 1669
f 1707 1708 1709
f 1707 1710 1708
f 1711 1707 1709
f 1712 1710 1707
f 1713 1712 1707
f 1712 1714 1710
f 1714 1712 1715
f 1714 1715 1716
f 1717 1714 1716
f 1717 1716 1718
f 1713 1707 1719
f 1720 1717 1718
f 1720 1718 1721
f 1720 1721 1722
f 1723 1720 1722
f 1723 1722 1724
f 1707 1725 1719
f 1726 1723 1724
f 1726 1724 1727
f 1726 1727 1728
f 1729 1726 1728
f 1729 1728 1730
f 1731 1729 1730
f 1731 1730 1732
f 1733 1731 1732
f 1733 1732 1734
f 1735 1733 1734
f 1735 1734 1736
f 1707 1737 1725
f 1738 1735 1736
f 1738 1736 1739
f 1738 1739 1740
f 1741 1738 1740
f 1741 1740 1742
f 1743 1741 1742
f 1743 1742 1744
f 1745 1743 1744
f 1745 1744 1746
f 1747 1745 1746
f 1747 1746 1748
f 1737 1707 1749
f 1750 1747 1748
f 1750 1748 1751
f 1750 1751 1752
f 1753 1750 1752
f 1753 1752 1754
f 1755 1753 1754
f 1755 1754 1756
f 1755 1756 1757
f 1758 1755 1757
f 1758 1757 1759
f 1760 1758 1759
f 1760 1759 1761
f 1760 1761 1762
f 1763 1760 1762
f 1763 1762 1764
f 1763 1764 1765
f 1766 1763 1765
f 1767 1766 1765
f 1768 1766 1767
f 1768 1769 1766
f 1769 1770 1766
f 1769 1771 1770
f 1771 1772 1770
f 1771 1773 1772
f 1773 1774 1772
f 1774 1775 1772
f 1774 1776 1775
f 1776 1777 1775
f 1776 1778 1777
f 1778 1779 1777
f 1779 1780 1777
f 1779 1781 1780
f 1781 1782 1780
f 1782 1783 1780
f 1782 1784 1783
f 1784 1785 1783
f 1785 1786 1783
f 1785 1787 1786
f 1787 1711 1786
f 1787 1788 1711
f 1788 1789 1711
f 1789 1707 1711
f 1789 1790 1707
f 1790 1791 1707
f 1791 1792 1707
f 1792 1793 1707
f 1793 1794 1707
f 1793 1795 1794
f 1795 1796 1794
f 1796 1797 1794
f 1796 1798 1797
f 1707 1794 1799
f 1798 1800 1797
f 1798 1801 1800
f 1801 1802 1800
f 1707 1799 1803
f 1802 1804 1800
f 1802 1805 1804
f 1805 1806 1804
f 1806 1807 1804
f 1806 1808 1807
f 1808 1809 1807
f 1809 1810 1807
f 1809 1811 1810
f 1811 1812 1810
f 1811 1813 1812
f 1813 1814 1812
f 1814 1815 1812
f 1814 1816 1815
f 1816 1817 1815
f 1816 1768 1817
f 1817 1768 1767
f 1817 1767 1818
f 1819 1817 1818
f 1819 1818 1820
f 1819 1820 1821
f 1822 1819 1821
f 1822 1821 1823
f 1822 1823 1824
f 1825 1822 1824
f 1825 1824 1826
f 1827 1825 1826
f 1827 1826 1828
f 1827 1828 1829
f 1830 1827 1829
f 1830 1829 1831
f 1832 1830 1831
f 1832 1831 1833
f 1832 1833 1834
f 1835 1832 1834
f 1835 1834 1836
f 1837 1835 1836
f 1837 1836 1838
f 1839 1837 1838
f 1839 1838 1840
f 1841 1839 1840
f 1841 1840 1842
f 1843 1841 1842
f 1843 1842 1844
f 1845 1843 1844
f 1846 1843 1845
f 1846 1845 1847
f 1848 1846 1847
f 1848 1847 1849
f 1850 1848 1849
f 1850 1849 1851
f 1852 1850 1851
f 1852 1851 1853
f 1854 1852 1853
f 1854 1853 1855
f 1854 1855 1856
f 1857 1854 1856
f 1857 1856 1858
f 1859 1857 1858
f 1859 1858 1860
f 1859 1860 1861
f 1862 1859 1861
f 1862 1861 1863
f 1864 1862 1863
f 1864 1863 1865
f 1864 1865 1866
f 1867 1864 1866
f 1707 1867 1866
f 1707 1866 1749
f 1867 1707 1803
f 1868 1869 1870
f 1869 1871 1870
f 1872 1869 1868
f 1869 1873 1871
f 1872 1868 1874
f 1873 1875 1871
f 1876 1872 1874
f 1873 1877 1875
f 1876 1874 1878
f 1877 1879 1875
f 1880 1876 1878
f 1877 1881 1879
f 1880 1878 1882
f 1881 1883 1879
f 1884 1880 1882
f 1881 1885 1883
f 1885 1886 1883
f 1885 1887 1886
f 1887 1888 1886
f 1882 1889 1884
f 1887 1890 1888
f 1889 1891 1884
f 1890 1892 1888
f 1889 1893 1891
f 1893 1889 1894
f 1893 1894 1895
f 1896 1893 1895
f 1893 1896 1897
f 1893 1897 1898
f 1893 1899 1891
f 1900 1893 1898
f 1899 1893 1901
f 1893 1902 1901
f 1893 1903 1902
f 1899 1901 1904
f 1905 1899 1904
f 1905 1904 1906
f 1903 1893 1907
f 1908 1905 1906
f 1908 1906 1909
f 1908 1909 1910
f 1911 1908 1910
f 1911 1910 1912
f 1913 1911 1912
f 1913 1912 1914
f 1893 1915 1907
f 1916 1913 1914
f 1916 1914 1917
f 1916 1917 1918
f 1919 1916 1918
f 1919 1918 1920
f 1921 1919 1920
f 1921 1920 1922
f 1923 1921 1922
f 1923 1922 1924
f 1925 1923 1924
f 1925 1924 1926
f 1893 1927 1915
f 1928 1925 1926
f 1928 1926 1929
f 1930 1928 1929
f 1931 1928 1930
f 1931 1930 1932
f 1933 1931 1932
f 1933 1932 1934
f 1935 1933 1934
f 1935 1934 1936
f 1937 1935 1936
f 1937 1936 1938
f 1939 1937 1938
f 1939 1938 1940
f 1939 1940 1941
f 1942 1939 1941
f 1942 1941 1943
f 1944 1942 1943
f 1944 1943 1945
f 1946 1944 1945
f 1946 1945 1947
f 1946 1947 1948
f 1949 1946 1948
f 1949 1948 1950
f 1890 1949 1950
f 1890 1950 1951
f 1890 1951 1952
f 1892 1890 1952
f 1892 1952 1953
f 1954 1892 1953
f 1954 1953 1955
f 1954 1955 1956
f 1957 1954 1956
f 1957 1956 1958
f 1959 1957 1958
f 1959 1958 1960
f 1961 1957 1959
f 1959 1960 1962
f 1961 1959 1963
f 1964 1959 1962
f 1965 1961 1963
f 1964 1962 1966
f 1965 1963 1967
f 1968 1965 1967
f 1968 1967 1969
f 1970 1968 1969
f 1970 1969 1971
f 1972 1970 1971
f 1972 1971 1973
f 1974 1972 1973
f 1975 1964 1966
f 1975 1966 1976
f 1975 1976 1977
f 1978 1975 1977
f 1978 1977 1979
f 1980 1978 1979
f 1980 1979 1981
f 1973 1982 1974
f 1982 1983 1974
f 1982 1984 1983
f 1984 1982 1985
f 1986 1984 1985
f 1986 1985 1987
f 1988 1986 1987
f 1988 1987 1989
f 1990 1988 1989
f 1990 1989 1991
f 1900 1990 1991
f 1900 1991 1992
f 1893 1900 1992
f 1893 1992 1993
f 1893 1993 1994
f 1927 1893 1994
f 1994 1993 1995
f 1993 1996 1995
f 1996 1997 1995
f 1996 1998 1997
f 1998 1999 1997
f 1998 2000 1999
f 1998 2001 2000
f 2001 2002 2000
f 2001 2003 2002
f 2003 2004 2002
f 2003 2005 2004
f 2005 2006 2004
f 2005 2007 2006
f 2005 2008 2007
f 2008 2009 2007
f 2008 2010 2009
f 2010 2011 2009
f 2010 2012 2011
f 2012 2013 2011
f 2012 2014 2013
f 2014 2015 2013
f 2014 2016 2015
f 2016 2017 2015
f 2016 2018 2017
f 2016 2019 2018
f 2019 2020 2018
f 2019 2021 2020
f 2021 2022 2020
f 2021 2023 2022
f 2023 2024 2022
f 2023 2025 2024
f 2025 2026 2024
f 2025 2027 2026
f 2027 2028 2026
f 2027 1981 2028
f 2027 1980 1981
