# ROS coordinates: X forward, Y left, Z up; units are metres.
o mesh
v -0.0416839868 0.09486701 0.00214999937
v -0.0416359268 0.09736655 0.00214999961
v -0.0421544239 0.09737652 0.00219757948
v -0.0422541723 0.09612821 0.00221265736
v -0.0422024876 0.09487698 0.00219757925
v -0.0426848 0.09738672 0.002350103
v -0.0427328646 0.09488718 0.00235010288
v -0.0428582169 0.0961398259 0.00241424283
v -0.0431951843 0.09739654 0.00261456263
v -0.043243248 0.0948969945 0.0026145624
v -0.0434231535 0.09615069 0.00276114256
v -0.043650806 0.09740529 0.00298474543
v -0.04369887 0.09490576 0.0029847452
v -0.0438984 0.09615982 0.0032364754
v -0.04402092 0.0974124148 0.003440452
v -0.0440689847 0.09491287 0.00344045181
v -0.0442452356 0.09616649 0.00380151765
v -0.0442853346 0.0974174961 0.00395093
v -0.0443333946 0.09491796 0.00395092973
v -0.04444678 0.0961703658 0.00440567452
v -0.04443783 0.0974204242 0.00448140549
v -0.04450943 0.09617157 0.005
v -0.04448589 0.09492089 0.004481405
v -0.0444853976 0.09742134 0.005
v -0.04453346 0.094921805 0.005
v -0.04443783 0.0974204242 0.00551859476
v -0.04448589 0.09492089 0.00551859476
v -0.04444678 0.0961703658 0.00559432525
v -0.0442853346 0.0974174961 0.00604907
v -0.0443333946 0.09491796 0.00604907
v -0.0443093628 0.09616773 0.00604907
v -0.0440895 0.0961635 0.00648917444
v -0.04402092 0.0974124148 0.006559548
v -0.0440689847 0.09491287 0.006559548
v -0.0437904373 0.09615775 0.00689258473
v -0.043650806 0.09740529 0.007015255
v -0.04369887 0.09490576 0.007015255
v -0.0434231535 0.09615069 0.00723885745
v -0.0431951843 0.09739654 0.00738543738
v -0.043243248 0.0948969945 0.00738543738
v -0.04300517 0.09614265 0.00751241669
v -0.0426848 0.09738672 0.007649897
v -0.0427328646 0.09488718 0.007649897
v -0.0425578356 0.0961340442 0.007704814
v -0.0421544239 0.09737652 0.00780242076
v -0.0422024876 0.09487698 0.00780242076
v -0.0421029925 0.0961253047 0.007815341
v -0.0416359268 0.09736655 0.007850001
v -0.0416839868 0.09486701 0.007850001
v -0.041117426 0.09735658 0.00780242076
v -0.04106574 0.09610536 0.007787343
v -0.04116549 0.0948570445 0.00780242076
v -0.04058705 0.09734638 0.007649897
v -0.0406351127 0.0948468447 0.007649897
v -0.0404616967 0.096093744 0.00758575741
v -0.0400766656 0.09733657 0.00738543738
v -0.04012473 0.09483703 0.00738543738
v -0.0398967564 0.09608288 0.00723885745
v -0.039621044 0.0973278061 0.007015255
v -0.0396691076 0.09482827 0.007015255
v -0.0394215137 0.09607374 0.006763525
v -0.03925093 0.09732069 0.006559548
v -0.0392989926 0.0948211551 0.006559548
v -0.039074678 0.09606707 0.00619848259
v -0.03898652 0.09731561 0.00604907
v -0.0390345827 0.09481607 0.00604907
v -0.03887313 0.0960632 0.00559432525
v -0.03883402 0.0973126739 0.00551859476
v -0.0388104841 0.09606199 0.005
v -0.0388820842 0.09481314 0.00551859476
v -0.0387864523 0.09731176 0.005
v -0.038834516 0.09481222 0.005
v -0.03883402 0.0973126739 0.00448140549
v -0.0388820842 0.09481314 0.004481405
v -0.03887313 0.0960632 0.00440567452
v -0.03898652 0.09731561 0.00395093
v -0.0390345827 0.09481607 0.00395092973
v -0.03901055 0.0960658342 0.00395093
v -0.0392304137 0.0960700661 0.0035108258
v -0.03925093 0.09732069 0.003440452
v -0.0392989926 0.0948211551 0.00344045181
v -0.0395294726 0.09607582 0.00310741551
v -0.039621044 0.0973278061 0.00298474543
v -0.0396691076 0.09482827 0.0029847452
v -0.0398967564 0.09608288 0.00276114256
v -0.0400766656 0.09733657 0.00261456263
v -0.04012473 0.09483703 0.0026145624
v -0.04031474 0.09609091 0.00248758355
v -0.04058705 0.09734638 0.002350103
v -0.0406351127 0.0948468447 0.00235010288
v -0.040762078 0.09609952 0.00229518651
v -0.041117426 0.09735658 0.00219757948
v -0.04116549 0.0948570445 0.00219757925
v -0.0412169173 0.0961082652 0.00218465854
v -0.0416359268 0.09736655 0.00214999961
v -0.0416839868 0.09486701 0.00214999937
v -0.0316858366 0.0946747661 -0.007850001
v -0.0316377729 0.0971743 -0.007850001
v -0.03215627 0.09718427 -0.00780242262
v -0.03225602 0.0959359556 -0.00778734544
v -0.0322043337 0.0946847349 -0.00780242356
v -0.032686647 0.09719447 -0.007649899
v -0.03273471 0.0946949348 -0.007649899
v -0.0328600667 0.09594757 -0.007585759
v -0.03319703 0.09720428 -0.007385439
v -0.0332450941 0.09470475 -0.007385439
v -0.0334250033 0.095958434 -0.00723886
v -0.0336526558 0.0972130448 -0.00701525668
v -0.03370072 0.09471351 -0.00701525668
v -0.033900246 0.0959675759 -0.006763526
v -0.03402277 0.09722016 -0.00655954937
v -0.03407083 0.0947206244 -0.00655954937
v -0.03424708 0.0959742442 -0.006198485
v -0.03428718 0.09722524 -0.006049072
v -0.0343352444 0.0947257057 -0.006049073
v -0.03444863 0.09597812 -0.00559432665
v -0.0344396755 0.09722818 -0.005518596
v -0.03451128 0.0959793255 -0.00500000129
v -0.03448774 0.09472864 -0.005518597
v -0.0344872475 0.09722909 -0.00500000129
v -0.03453531 0.09472956 -0.00500000129
v -0.0344396755 0.09722818 -0.00448140642
v -0.03448774 0.09472864 -0.00448140735
v -0.03444863 0.09597812 -0.004405676
v -0.03428718 0.09722524 -0.0039509316
v -0.0343352444 0.0947257057 -0.0039509316
v -0.0343112126 0.09597547 -0.0039509316
v -0.034091346 0.09597125 -0.00351082766
v -0.03402277 0.09722016 -0.00344045321
v -0.03407083 0.0947206244 -0.00344045321
v -0.0337922834 0.0959655 -0.00310741784
v -0.0336526558 0.0972130448 -0.00298474682
v -0.03370072 0.09471351 -0.00298474776
v -0.0334250033 0.095958434 -0.00276114419
v -0.03319703 0.09720428 -0.0026145638
v -0.0332450941 0.09470475 -0.0026145638
v -0.0330070145 0.0959503949 -0.002487585
v -0.032686647 0.09719447 -0.00235010451
v -0.03273471 0.09469493 -0.002350105
v -0.03255968 0.0959418 -0.00229518767
v -0.03215627 0.09718427 -0.00219758088
v -0.0322043337 0.0946847349 -0.00219758088
v -0.0321048424 0.09593305 -0.00218466017
v -0.0316377729 0.0971743 -0.00215000147
v -0.0316858366 0.0946747661 -0.00215000147
v -0.031119274 0.09716433 -0.00219758088
v -0.03106759 0.0959131047 -0.00221265946
v -0.0311673358 0.09466479 -0.00219758088
v -0.0305888969 0.09715413 -0.00235010451
v -0.0306369588 0.09465459 -0.002350105
v -0.0304635428 0.09590149 -0.0024142433
v -0.0300785135 0.09714432 -0.0026145638
v -0.0301265754 0.09464478 -0.0026145638
v -0.0298986062 0.09589063 -0.00276114419
v -0.02962289 0.09713556 -0.00298474682
v -0.0296709538 0.0946360156 -0.00298474776
v -0.02942336 0.09588149 -0.0032364768
v -0.0292527769 0.097128436 -0.00344045321
v -0.0293008387 0.0946289 -0.00344045321
v -0.0290765241 0.0958748162 -0.00380151952
v -0.0289883651 0.0971233547 -0.0039509316
v -0.0290364288 0.09462382 -0.0039509316
v -0.0288749766 0.09587094 -0.004405676
v -0.02883587 0.09712042 -0.00448140642
v -0.02881233 0.09586974 -0.00500000129
v -0.028883934 0.09462088 -0.00448140735
v -0.0287882984 0.09711951 -0.00500000129
v -0.0288363621 0.0946199745 -0.00500000129
v -0.02883587 0.09712042 -0.005518596
v -0.028883934 0.09462088 -0.005518597
v -0.0288749766 0.09587094 -0.00559432665
v -0.0289883651 0.0971233547 -0.006049072
v -0.0290364288 0.09462382 -0.006049073
v -0.0290123969 0.09587359 -0.006049073
v -0.0292322617 0.09587781 -0.006489177
v -0.0292527769 0.097128436 -0.00655954937
v -0.0293008387 0.0946289 -0.00655954937
v -0.0295313243 0.09588356 -0.00689258659
v -0.02962289 0.09713556 -0.00701525668
v -0.0296709538 0.09463602 -0.00701525668
v -0.0298986062 0.09589063 -0.00723886
v -0.0300785135 0.09714432 -0.007385439
v -0.0301265754 0.09464478 -0.007385439
v -0.0303165913 0.0958986655 -0.007512419
v -0.0305888969 0.09715413 -0.007649899
v -0.0306369588 0.0946546 -0.007649899
v -0.0307639241 0.09590727 -0.00770481536
v -0.031119274 0.09716433 -0.00780242262
v -0.0311673358 0.0946648 -0.00780242356
v -0.0312187653 0.09591601 -0.007815342
v -0.0316377729 0.0971743 -0.007850001
v -0.0316858366 0.0946747661 -0.007850001
v -0.0316858366 0.09467476 0.0121500008
v -0.0316377729 0.0971743 0.0121500008
v -0.03215627 0.09718427 0.01219758
v -0.03225602 0.0959359556 0.0122126592
v -0.0322043337 0.09468473 0.01219758
v -0.032686647 0.09719446 0.0123501047
v -0.03273471 0.09469493 0.0123501047
v -0.0328600667 0.09594757 0.012414244
v -0.03319703 0.09720428 0.0126145631
v -0.0332450941 0.09470475 0.0126145631
v -0.0334250033 0.095958434 0.0127611449
v -0.0336526558 0.0972130448 0.0129847471
v -0.03370072 0.0947135 0.0129847471
v -0.033900246 0.0959675759 0.013236478
v -0.03402277 0.09722016 0.0134404544
v -0.03407083 0.09472062 0.0134404544
v -0.03424708 0.0959742442 0.0138015188
v -0.03428718 0.09722524 0.0139509328
v -0.0343352444 0.0947257057 0.0139509328
v -0.03444863 0.09597812 0.0144056771
v -0.0344396755 0.09722818 0.0144814067
v -0.03451128 0.09597932 0.0150000025
v -0.03448774 0.0947286338 0.0144814067
v -0.0344872475 0.09722909 0.0150000025
v -0.03453531 0.09472955 0.0150000025
v -0.0344396755 0.09722818 0.0155185964
v -0.03448774 0.0947286338 0.0155185964
v -0.03444863 0.09597812 0.015594326
v -0.03428718 0.09722524 0.0160490721
v -0.0343352444 0.0947257057 0.0160490721
v -0.0343112126 0.09597547 0.0160490721
v -0.034091346 0.09597125 0.0164891761
v -0.03402277 0.09722016 0.01655955
v -0.03407083 0.09472062 0.01655955
v -0.0337922834 0.0959655 0.0168925878
v -0.0336526558 0.09721304 0.0170152579
v -0.03370072 0.0947135 0.0170152579
v -0.0334250033 0.095958434 0.0172388609
v -0.03319703 0.09720428 0.01738544
v -0.0332450941 0.09470474 0.01738544
v -0.0330070145 0.0959503949 0.01751242
v -0.032686647 0.09719446 0.0176499
v -0.03273471 0.09469493 0.0176499
v -0.0325596854 0.0959418 0.0177048165
v -0.03215627 0.09718427 0.0178024229
v -0.0322043337 0.09468473 0.0178024229
v -0.0321048424 0.09593305 0.017815344
v -0.0316377729 0.0971742943 0.0178500023
v -0.0316858366 0.09467476 0.0178500023
v -0.031119274 0.0971643254 0.0178024229
v -0.03106759 0.0959131047 0.0177873448
v -0.0311673377 0.09466479 0.0178024229
v -0.0305888969 0.0971541256 0.0176499
v -0.0306369588 0.09465459 0.0176499
v -0.0304635428 0.09590149 0.01758576
v -0.0300785135 0.09714431 0.01738544
v -0.0301265754 0.09464478 0.01738544
v -0.0298986062 0.09589063 0.0172388609
v -0.02962289 0.09713555 0.0170152579
v -0.0296709538 0.0946360156 0.0170152579
v -0.02942336 0.0958814844 0.0167635269
v -0.0292527769 0.097128436 0.01655955
v -0.0293008387 0.0946289 0.01655955
v -0.0290765241 0.0958748162 0.0161984842
v -0.0289883651 0.0971233547 0.0160490721
v -0.0290364288 0.09462382 0.0160490721
v -0.0288749766 0.09587094 0.015594326
v -0.02883587 0.09712042 0.0155185964
v -0.02881233 0.0958697349 0.0150000025
v -0.028883934 0.09462088 0.0155185964
v -0.0287882984 0.0971195 0.0150000025
v -0.0288363621 0.09461997 0.0150000025
v -0.02883587 0.09712042 0.0144814067
v -0.028883934 0.09462088 0.0144814067
v -0.0288749766 0.09587094 0.0144056771
v -0.0289883651 0.0971233547 0.0139509328
v -0.0290364288 0.09462382 0.0139509328
v -0.0290123969 0.09587359 0.0139509328
v -0.0292322617 0.09587781 0.0135108288
v -0.0292527769 0.097128436 0.0134404544
v -0.0293008387 0.0946289 0.0134404544
v -0.0295313243 0.09588356 0.0131074172
v -0.02962289 0.09713555 0.0129847471
v -0.0296709538 0.0946360156 0.0129847471
v -0.0298986062 0.09589063 0.0127611449
v -0.0300785135 0.09714431 0.0126145631
v -0.0301265754 0.09464478 0.0126145631
v -0.0303165913 0.0958986655 0.0124875857
v -0.0305888969 0.0971541256 0.0123501047
v -0.0306369588 0.09465459 0.0123501047
v -0.0307639241 0.09590726 0.0122951884
v -0.031119274 0.0971643254 0.01219758
v -0.0311673377 0.09466479 0.01219758
v -0.0312187653 0.09591601 0.0121846609
v -0.0316377729 0.0971743 0.0121500008
v -0.0316858366 0.09467476 0.0121500008
v -0.0216876827 0.09448251 0.00214999937
v -0.021639619 0.09698205 0.00214999961
v -0.02215812 0.0969920158 0.00219757948
v -0.0222578663 0.0957437 0.00221265736
v -0.0222061835 0.09449248 0.00219757925
v -0.0226884969 0.0970022157 0.002350103
v -0.0227365587 0.09450268 0.00235010288
v -0.0228619128 0.0957553238 0.00241424283
v -0.02319888 0.09701203 0.00261456263
v -0.0232469421 0.09451249 0.0026145624
v -0.02342685 0.09576619 0.00276114256
v -0.0236545019 0.09702079 0.00298474543
v -0.0237025656 0.0945212543 0.0029847452
v -0.0239020959 0.09577532 0.0032364754
v -0.0240246169 0.0970279053 0.003440452
v -0.02407268 0.09452837 0.00344045181
v -0.0242489316 0.09578199 0.00380151765
v -0.0242890269 0.097032994 0.00395093
v -0.02433709 0.09453345 0.00395092973
v -0.02445048 0.09578586 0.00440567452
v -0.0244415216 0.09703592 0.00448140549
v -0.0245131254 0.09578707 0.005
v -0.0244895853 0.09453639 0.004481405
v -0.0244890936 0.09703684 0.005
v -0.0245371573 0.0945373 0.005
v -0.0244415216 0.09703592 0.00551859476
v -0.0244895853 0.09453639 0.00551859476
v -0.02445048 0.09578586 0.00559432525
v -0.0242890269 0.097032994 0.00604907
v -0.02433709 0.09453345 0.00604907
v -0.0243130587 0.09578322 0.00604907
v -0.0240931958 0.0957789943 0.00648917444
v -0.0240246169 0.0970279053 0.006559548
v -0.02407268 0.09452837 0.006559548
v -0.0237941332 0.09577324 0.00689258473
v -0.0236545019 0.09702079 0.007015255
v -0.0237025656 0.0945212543 0.007015255
v -0.02342685 0.09576618 0.00723885745
v -0.02319888 0.09701203 0.00738543738
v -0.0232469421 0.09451249 0.00738543738
v -0.0230088644 0.09575815 0.00751241669
v -0.0226884969 0.0970022157 0.007649897
v -0.0227365587 0.09450268 0.007649897
v -0.0225615315 0.09574954 0.007704814
v -0.02215812 0.0969920158 0.00780242076
v -0.0222061835 0.09449248 0.00780242076
v -0.0221066885 0.0957407951 0.007815341
v -0.021639619 0.09698205 0.007850001
v -0.0216876827 0.09448251 0.007850001
v -0.02112112 0.09697208 0.00780242076
v -0.0210694373 0.09572085 0.007787343
v -0.0211691819 0.09447254 0.00780242076
v -0.020590743 0.09696188 0.007649897
v -0.0206388049 0.09446234 0.007649897
v -0.0204653889 0.0957092345 0.00758575741
v -0.0200803615 0.0969520658 0.00738543738
v -0.0201284233 0.09445253 0.00738543738
v -0.0199004523 0.09569837 0.00723885745
v -0.019624738 0.0969433039 0.007015255
v -0.0196728 0.09444377 0.007015255
v -0.0194252059 0.09568924 0.006763525
v -0.0192546248 0.09693619 0.006559548
v -0.0193026885 0.0944366455 0.006559548
v -0.0190783739 0.09568257 0.00619848259
v -0.0189902131 0.0969311 0.00604907
v -0.0190382749 0.0944315642 0.00604907
v -0.0188768245 0.09567869 0.00559432525
v -0.0188377164 0.09692817 0.00551859476
v -0.01881418 0.09567749 0.005
v -0.01888578 0.09442863 0.00551859476
v -0.0187901482 0.0969272554 0.005
v -0.0188382119 0.09442772 0.005
v -0.0188377164 0.09692817 0.00448140549
v -0.01888578 0.09442863 0.004481405
v -0.0188768245 0.09567869 0.00440567452
v -0.0189902131 0.0969311 0.00395093
v -0.0190382749 0.0944315642 0.00395092973
v -0.019014243 0.09568133 0.00395093
v -0.01923411 0.095685564 0.0035108258
v -0.0192546248 0.09693619 0.003440452
v -0.0193026885 0.0944366455 0.00344045181
v -0.0195331685 0.09569131 0.00310741551
v -0.019624738 0.0969433039 0.00298474543
v -0.0196728 0.09444377 0.0029847452
v -0.0199004523 0.09569837 0.00276114256
v -0.0200803615 0.0969520658 0.00261456263
v -0.0201284233 0.09445253 0.0026145624
v -0.0203184374 0.09570641 0.00248758355
v -0.020590743 0.09696188 0.002350103
v -0.0206388049 0.09446234 0.00235010288
v -0.02076577 0.0957150161 0.00229518651
v -0.02112112 0.09697208 0.00219757948
v -0.0211691819 0.09447254 0.00219757925
v -0.0212206133 0.09572376 0.00218465854
v -0.021639619 0.09698205 0.00214999961
v -0.0216876827 0.09448251 0.00214999937
v -0.0316858366 0.0946747661 -0.000100001227
v -0.0316089354 0.09867402 -0.000100000761
v -0.0325367749 0.0986918658 -1.48578547E-05
v -0.03271072 0.09669484 1.21234916E-05
v -0.032613676 0.0946926 -1.485832E-05
v -0.03348587 0.09871011 0.000258079264
v -0.033562772 0.09471086 0.0002580788
v -0.0337916426 0.09671562 0.000372854527
v -0.03439919 0.09872767 0.000731322449
v -0.03447609 0.09472842 0.000731322
v -0.0348025821 0.09673506 0.0009936229
v -0.0352145135 0.09874336 0.001393755
v -0.0352914147 0.09474409 0.0013937545
v -0.03565302 0.0967514142 0.00184421963
v -0.0358768255 0.09875609 0.00220923033
v -0.0359537229 0.09475683 0.00220922986
v -0.0362736732 0.09676335 0.00285534724
v -0.03634998 0.09876519 0.00312271714
v -0.03642688 0.0947659239 0.00312271668
v -0.03663434 0.09677029 0.00393647049
v -0.036622867 0.09877043 0.00407198863
v -0.0367464423 0.09677244 0.005
v -0.03669977 0.09477118 0.004071988
v -0.0367079936 0.09877207 0.00500000035
v -0.0367848948 0.09477281 0.005
v -0.036622867 0.09877043 0.005928012
v -0.03669977 0.09477118 0.00592801161
v -0.03663434 0.09677029 0.00606352976
v -0.03634998 0.09876519 0.00687728357
v -0.03642688 0.0947659239 0.006877283
v -0.03638843 0.0967655554 0.00687728357
v -0.0359949879 0.09675799 0.007664838
v -0.0358768255 0.09875609 0.00779077038
v -0.0359537229 0.09475683 0.00779077
v -0.0354598239 0.0967477 0.008386729
v -0.0352145135 0.09874335 0.008606246
v -0.0352914147 0.09474409 0.008606246
v -0.0348025821 0.09673506 0.009006377
v -0.03439919 0.09872767 0.009268679
v -0.03447609 0.09472841 0.009268679
v -0.0340546072 0.09672068 0.009495905
v -0.03348587 0.09871011 0.009741921
v -0.033562772 0.09471085 0.009741921
v -0.0332541168 0.09670529 0.009840192
v -0.0325367749 0.0986918658 0.0100148581
v -0.032613676 0.0946926 0.0100148581
v -0.03244019 0.096689634 0.0100379791
v -0.0316089354 0.09867402 0.0101000015
v -0.0316858366 0.09467476 0.0101000015
v -0.0306810942 0.09865618 0.0100148581
v -0.0305840522 0.0966539457 0.009987876
v -0.0307579953 0.09465692 0.0100148581
v -0.0297319982 0.09863793 0.009741921
v -0.0298089 0.09463867 0.009741921
v -0.02950313 0.09663316 0.009627145
v -0.02881868 0.09862037 0.009268679
v -0.0288955811 0.09462111 0.009268679
v -0.0284921881 0.09661372 0.009006377
v -0.0280033555 0.098604694 0.008606246
v -0.0280802567 0.09460543 0.008606246
v -0.027641749 0.096597366 0.00815578
v -0.0273410454 0.09859195 0.00779077038
v -0.0274179466 0.0945927 0.00779077
v -0.0270210952 0.09658543 0.007144653
v -0.02686789 0.09858286 0.00687728357
v -0.0269447919 0.0945836 0.006877283
v -0.0266604312 0.0965785 0.00606352976
v -0.0265950039 0.09857761 0.005928012
v -0.026548326 0.09657634 0.005
v -0.0266719051 0.09457835 0.00592801161
v -0.0265098773 0.09857597 0.00500000035
v -0.0265867785 0.09457672 0.005
v -0.0265950039 0.09857761 0.00407198863
v -0.0266719051 0.09457835 0.004071988
v -0.0266604312 0.0965785 0.00393647049
v -0.02686789 0.09858286 0.00312271714
v -0.0269447919 0.0945836 0.00312271668
v -0.0269063413 0.0965832248 0.00312271668
v -0.0272997823 0.0965907946 0.00233516237
v -0.0273410454 0.09859195 0.00220923033
v -0.0274179466 0.0945927 0.00220922986
v -0.0278349463 0.0966010839 0.00161327026
v -0.0280033555 0.098604694 0.001393755
v -0.0280802567 0.09460543 0.0013937545
v -0.0284921881 0.09661372 0.0009936229
v -0.02881868 0.09862037 0.000731322449
v -0.0288955811 0.09462111 0.000731322
v -0.029240163 0.0966281 0.0005040965
v -0.0297319982 0.09863793 0.000258079264
v -0.0298089 0.09463867 0.0002580788
v -0.0300406534 0.09664349 0.000159807038
v -0.0306810942 0.098656185 -1.48578547E-05
v -0.0307579953 0.09465692 -1.485832E-05
v -0.0308545791 0.0966591462 -3.797887E-05
v -0.0316089354 0.09867402 -0.000100000761
v -0.0316858366 0.0946747661 -0.000100001227
v -0.0416359268 0.09736655 0.00334999966
v -0.04160709 0.09886628 0.00335
v -0.0419072732 0.09887205 0.003377546
v -0.0419655256 0.09812303 0.00338627538
v -0.04193611 0.09737232 0.00337754586
v -0.04221433 0.09887795 0.00346584944
v -0.0422431678 0.0973782241 0.003465849
v -0.0423152335 0.09812975 0.00350298267
v -0.0425098166 0.09888364 0.00361895747
v -0.0425386541 0.09738391 0.00361895747
v -0.0426423065 0.09813604 0.00370381935
v -0.0427735969 0.0988887 0.003833274
v -0.0428024344 0.09738898 0.003833274
v -0.0429174453 0.098141335 0.00397901237
v -0.0429878756 0.09889282 0.004097104
v -0.0430167131 0.0973931 0.004097104
v -0.0431182459 0.0981451944 0.00430614175
v -0.0431409553 0.0988957658 0.004392644
v -0.0431697927 0.0973960459 0.004392644
v -0.0432349332 0.09814744 0.004655917
v -0.04322924 0.0988974646 0.004699761
v -0.0432712 0.09814814 0.00500000035
v -0.04325808 0.0973977447 0.004699761
v -0.043256782 0.09889799 0.00500000035
v -0.04328562 0.09739827 0.005
v -0.04322924 0.0988974646 0.00530023966
v -0.04325808 0.0973977447 0.005300239
v -0.0432349332 0.09814744 0.00534408353
v -0.0431409553 0.0988957658 0.005607357
v -0.0431697927 0.0973960459 0.00560735632
v -0.0431553721 0.09814591 0.00560735632
v -0.0430280827 0.09814346 0.0058621536
v -0.0429878756 0.09889282 0.00590289664
v -0.0430167131 0.0973931 0.00590289664
v -0.0428549424 0.09814013 0.006095707
v -0.0427735969 0.0988887 0.006166727
v -0.0428024344 0.09738898 0.00616672635
v -0.0426423065 0.09813604 0.006296181
v -0.0425098166 0.09888364 0.00638104323
v -0.0425386541 0.09738391 0.006381043
v -0.04240031 0.09813139 0.006454557
v -0.04221433 0.09887795 0.00653415127
v -0.0422431678 0.0973782241 0.00653415127
v -0.04214133 0.09812641 0.006565945
v -0.0419072732 0.09887205 0.00662245462
v -0.04193611 0.09737232 0.006622454
v -0.0418780036 0.098121345 0.00662993453
v -0.04160709 0.09886628 0.006650001
v -0.0416359268 0.09736655 0.006650001
v -0.0413069054 0.0988605 0.00662245462
v -0.0412774868 0.0981098 0.006613725
v -0.0413357429 0.09736078 0.006622454
v -0.0409998447 0.0988546 0.00653415127
v -0.0410286821 0.097354874 0.00653415127
v -0.0409277752 0.0981030762 0.006497018
v -0.04070436 0.09884892 0.00638104323
v -0.0407331958 0.09734919 0.006381043
v -0.0406007059 0.09809678 0.006296181
v -0.040440578 0.09884384 0.006166727
v -0.0404694155 0.09734412 0.00616672635
v -0.0403255671 0.09809149 0.00602098834
v -0.0402263 0.09883972 0.00590289664
v -0.0402551368 0.09734 0.00590289664
v -0.0401247665 0.09808763 0.00569385849
v -0.04007322 0.09883678 0.005607357
v -0.0401020572 0.09733706 0.00560735632
v -0.04000808 0.09808539 0.00534408353
v -0.039984934 0.09883508 0.00530023966
v -0.03997181 0.09808469 0.00500000035
v -0.04001377 0.09733536 0.005300239
v -0.039957393 0.09883455 0.00500000035
v -0.03998623 0.09733483 0.005
v -0.039984934 0.09883508 0.004699761
v -0.04001377 0.09733536 0.004699761
v -0.04000808 0.09808539 0.004655917
v -0.04007322 0.09883678 0.004392644
v -0.0401020572 0.09733706 0.004392644
v -0.04008764 0.0980869159 0.004392644
v -0.04021493 0.09808937 0.00413784664
v -0.0402263 0.09883972 0.004097104
v -0.0402551368 0.09734 0.004097104
v -0.04038807 0.0980927 0.00390429329
v -0.040440578 0.09884384 0.003833274
v -0.0404694155 0.09734412 0.003833274
v -0.0406007059 0.09809678 0.00370381935
v -0.04070436 0.09884892 0.00361895747
v -0.0407331958 0.09734919 0.00361895747
v -0.040842697 0.09810144 0.003545443
v -0.0409998447 0.0988546 0.00346584944
v -0.0410286821 0.097354874 0.003465849
v -0.0411016829 0.0981064141 0.00343405548
v -0.0413069054 0.0988605 0.003377546
v -0.0413357429 0.09736078 0.00337754586
v -0.04136501 0.09811148 0.00337006571
v -0.04160709 0.09886628 0.00335
v -0.0416359268 0.09736655 0.00334999966
v -0.0316377729 0.0971743 -0.00665000034
v -0.0316089354 0.09867402 -0.00665000034
v -0.03190912 0.0986797959 -0.00662245462
v -0.03196737 0.0979307741 -0.00661372626
v -0.0319379568 0.09718007 -0.00662245462
v -0.03221618 0.0986857 -0.006534152
v -0.0322450176 0.09718598 -0.006534152
v -0.0323170833 0.0979375 -0.0064970185
v -0.0325116627 0.09869138 -0.006381043
v -0.0325405 0.09719166 -0.006381043
v -0.0326441526 0.09794379 -0.00629618252
v -0.0327754468 0.0986964554 -0.006166727
v -0.0328042842 0.09719673 -0.006166727
v -0.0329192951 0.09794908 -0.00602098973
v -0.03298972 0.0987005755 -0.005902897
v -0.03301856 0.09720085 -0.005902897
v -0.0331200957 0.09795294 -0.005693859
v -0.0331428 0.09870352 -0.005607357
v -0.03317164 0.09720379 -0.005607357
v -0.03323678 0.09795518 -0.005344084
v -0.033231087 0.09870522 -0.005300241
v -0.03327305 0.09795588 -0.00500000129
v -0.03325993 0.09720549 -0.005300241
v -0.03325863 0.0987057462 -0.00500000129
v -0.03328747 0.09720602 -0.00500000129
v -0.033231087 0.09870522 -0.00469976151
v -0.03325993 0.09720549 -0.00469976151
v -0.03323678 0.09795518 -0.00465591857
v -0.0331428 0.09870352 -0.004392645
v -0.03317164 0.09720379 -0.004392645
v -0.033157222 0.0979536548 -0.004392645
v -0.0330299325 0.09795121 -0.004137848
v -0.03298972 0.0987005755 -0.00409710547
v -0.03301856 0.09720085 -0.00409710547
v -0.03285679 0.09794788 -0.00390429469
v -0.0327754468 0.0986964554 -0.00383327482
v -0.0328042842 0.09719673 -0.00383327482
v -0.0326441526 0.09794379 -0.003703822
v -0.0325116627 0.09869138 -0.00361895887
v -0.0325405 0.09719166 -0.00361895887
v -0.03240216 0.09793913 -0.003545445
v -0.03221618 0.0986857 -0.00346585037
v -0.0322450176 0.09718598 -0.00346585037
v -0.03214318 0.09793416 -0.00343405688
v -0.03190912 0.0986797959 -0.003377547
v -0.0319379568 0.09718007 -0.003377547
v -0.03187985 0.09792909 -0.00337006664
v -0.0316089354 0.09867402 -0.00335000036
v -0.0316377729 0.0971743 -0.00335000036
v -0.03130875 0.09866825 -0.003377547
v -0.0312793329 0.09791755 -0.00338627724
v -0.03133759 0.09716853 -0.003377547
v -0.03100169 0.09866235 -0.00346585037
v -0.0310305282 0.09716263 -0.00346585037
v -0.0309296232 0.09791082 -0.003502984
v -0.0307062045 0.09865666 -0.00361895887
v -0.0307350438 0.09715694 -0.00361895887
v -0.0306025539 0.09790453 -0.003703822
v -0.0304424241 0.0986515954 -0.00383327482
v -0.0304712616 0.09715187 -0.00383327482
v -0.0303274132 0.09789924 -0.0039790147
v -0.0302281473 0.0986474752 -0.00409710547
v -0.0302569848 0.09714775 -0.00409710547
v -0.0301266126 0.0978953838 -0.00430614362
v -0.0300750677 0.09864453 -0.004392645
v -0.0301039051 0.0971448049 -0.004392645
v -0.0300099272 0.0978931338 -0.00465591857
v -0.02998678 0.09864283 -0.00469976151
v -0.0299736578 0.09789244 -0.00500000129
v -0.0300156176 0.0971431062 -0.00469976151
v -0.0299592391 0.0986423045 -0.00500000129
v -0.0299880765 0.09714258 -0.00500000129
v -0.02998678 0.09864283 -0.005300241
v -0.0300156176 0.0971431062 -0.005300241
v -0.0300099272 0.0978931338 -0.005344084
v -0.0300750677 0.09864453 -0.005607357
v -0.0301039051 0.0971448049 -0.005607357
v -0.0300894864 0.09789467 -0.00560735771
v -0.0302167758 0.09789711 -0.00586215453
v -0.0302281473 0.0986474752 -0.005902897
v -0.0302569848 0.09714775 -0.005902897
v -0.030389918 0.09790044 -0.006095708
v -0.0304424241 0.0986515954 -0.006166727
v -0.0304712616 0.09715187 -0.006166727
v -0.0306025539 0.09790453 -0.00629618252
v -0.0307062045 0.09865666 -0.006381043
v -0.0307350438 0.09715694 -0.006381043
v -0.0308445469 0.09790918 -0.00645455951
v -0.03100169 0.09866235 -0.006534152
v -0.0310305282 0.09716263 -0.006534152
v -0.031103529 0.09791417 -0.00656594569
v -0.03130875 0.09866825 -0.00662245462
v -0.03133759 0.09716853 -0.00662245462
v -0.03136686 0.0979192257 -0.006629937
v -0.0316089354 0.09867402 -0.00665000034
v -0.0316377729 0.0971743 -0.00665000034
v -0.0316377729 0.0971743 0.0133500006
v -0.0316089354 0.09867402 0.0133500006
v -0.03190912 0.0986797959 0.0133775473
v -0.03196737 0.0979307741 0.0133862775
v -0.0319379568 0.09718007 0.0133775473
v -0.03221618 0.0986857 0.0134658515
v -0.0322450176 0.09718598 0.0134658515
v -0.0323170833 0.0979375 0.0135029852
v -0.0325116627 0.09869138 0.0136189591
v -0.0325405 0.0971916541 0.0136189591
v -0.0326441526 0.09794379 0.0137038212
v -0.0327754468 0.0986964554 0.0138332751
v -0.0328042842 0.09719673 0.0138332751
v -0.0329192951 0.09794908 0.013979014
v -0.03298972 0.0987005755 0.0140971057
v -0.03301856 0.09720085 0.0140971057
v -0.0331200957 0.09795294 0.0143061429
v -0.0331428 0.09870352 0.014392646
v -0.03317164 0.09720379 0.014392646
v -0.03323678 0.09795518 0.0146559179
v -0.033231087 0.09870522 0.0146997627
v -0.03327305 0.09795588 0.0150000025
v -0.03325993 0.09720549 0.0146997627
v -0.03325863 0.0987057462 0.0150000025
v -0.03328747 0.09720602 0.0150000025
v -0.033231087 0.09870522 0.0153002422
v -0.03325993 0.09720549 0.0153002422
v -0.03323678 0.09795518 0.0153440852
v -0.0331428 0.09870352 0.015607357
v -0.03317164 0.09720379 0.015607357
v -0.033157222 0.0979536548 0.015607357
v -0.0330299325 0.0979512 0.0158621557
v -0.03298972 0.0987005755 0.0159028973
v -0.03301856 0.09720085 0.0159028973
v -0.03285679 0.09794788 0.0160957091
v -0.0327754468 0.0986964554 0.016166728
v -0.0328042842 0.09719673 0.016166728
v -0.0326441526 0.09794379 0.0162961818
v -0.0325116627 0.09869138 0.0163810439
v -0.0325405 0.0971916541 0.0163810439
v -0.03240216 0.09793913 0.0164545588
v -0.03221618 0.0986857 0.0165341534
v -0.0322450176 0.09718598 0.0165341534
v -0.03214318 0.09793416 0.0165659469
v -0.03190912 0.0986797959 0.0166224558
v -0.0319379568 0.09718007 0.0166224558
v -0.03187985 0.09792909 0.0166299362
v -0.0316089354 0.09867402 0.01665
v -0.0316377729 0.0971743 0.01665
v -0.03130875 0.09866825 0.0166224558
v -0.0312793329 0.09791754 0.0166137256
v -0.03133759 0.09716853 0.0166224558
v -0.03100169 0.09866235 0.0165341534
v -0.0310305282 0.09716262 0.0165341534
v -0.0309296232 0.09791082 0.01649702
v -0.0307062063 0.09865666 0.0163810439
v -0.0307350438 0.09715694 0.0163810439
v -0.0306025539 0.09790453 0.0162961818
v -0.0304424241 0.09865159 0.016166728
v -0.0304712616 0.09715187 0.016166728
v -0.0303274132 0.09789924 0.016020989
v -0.0302281473 0.09864747 0.0159028973
v -0.0302569848 0.09714775 0.0159028973
v -0.0301266126 0.09789538 0.0156938583
v -0.0300750677 0.0986445248 0.015607357
v -0.0301039051 0.0971448049 0.015607357
v -0.0300099272 0.0978931338 0.0153440852
v -0.02998678 0.0986428261 0.0153002422
v -0.0299736578 0.09789244 0.0150000025
v -0.0300156176 0.0971431062 0.0153002422
v -0.0299592391 0.0986423 0.0150000025
v -0.0299880765 0.09714258 0.0150000025
v -0.02998678 0.0986428261 0.0146997627
v -0.0300156176 0.0971431062 0.0146997627
v -0.0300099272 0.0978931338 0.0146559179
v -0.0300750677 0.0986445248 0.014392646
v -0.0301039051 0.0971448049 0.014392646
v -0.0300894864 0.09789467 0.014392646
v -0.0302167758 0.09789711 0.0141378492
v -0.0302281473 0.09864747 0.0140971057
v -0.0302569848 0.09714775 0.0140971057
v -0.030389918 0.09790044 0.013904294
v -0.0304424241 0.09865159 0.0138332751
v -0.0304712616 0.09715187 0.0138332751
v -0.0306025539 0.09790453 0.0137038212
v -0.0307062063 0.09865666 0.0136189591
v -0.0307350438 0.09715694 0.0136189591
v -0.0308445469 0.09790918 0.0135454461
v -0.03100169 0.09866235 0.0134658515
v -0.0310305282 0.09716262 0.0134658515
v -0.031103529 0.09791417 0.0134340581
v -0.03130875 0.09866825 0.0133775473
v -0.03133759 0.09716853 0.0133775473
v -0.03136686 0.0979192257 0.0133700669
v -0.0316089354 0.09867402 0.0133500006
v -0.0316377729 0.0971743 0.0133500006
v -0.021639619 0.09698205 0.00334999966
v -0.0216107816 0.0984817743 0.00335
v -0.0219109654 0.09848754 0.003377546
v -0.0219692215 0.09773853 0.00338627538
v -0.0219398029 0.09698782 0.00337754586
v -0.0222180262 0.09849345 0.00346584944
v -0.0222468637 0.09699372 0.003465849
v -0.02231893 0.09774525 0.00350298267
v -0.0225135088 0.09849913 0.00361895747
v -0.0225423481 0.09699941 0.00361895747
v -0.0226459987 0.0977515355 0.00370381935
v -0.0227772929 0.0985042 0.003833274
v -0.02280613 0.09700448 0.003833274
v -0.0229211412 0.0977568254 0.00397901237
v -0.0229915679 0.09850832 0.004097104
v -0.0230204072 0.0970086 0.004097104
v -0.02312194 0.09776069 0.00430614175
v -0.02314465 0.0985112637 0.004392644
v -0.0231734887 0.0970115438 0.004392644
v -0.0232386254 0.0977629349 0.004655917
v -0.0232329369 0.09851296 0.004699761
v -0.0232748948 0.09776363 0.00500000035
v -0.0232617743 0.0970132351 0.004699761
v -0.0232604779 0.09851349 0.00500000035
v -0.0232893154 0.09701377 0.005
v -0.0232329369 0.09851296 0.00530023966
v -0.0232617743 0.0970132351 0.005300239
v -0.0232386254 0.0977629349 0.00534408353
v -0.02314465 0.0985112637 0.005607357
v -0.0231734887 0.0970115438 0.00560735632
v -0.0231590681 0.0977614 0.00560735632
v -0.0230317786 0.0977589563 0.0058621536
v -0.0229915679 0.09850832 0.00590289664
v -0.0230204072 0.0970086 0.00590289664
v -0.0228586383 0.0977556258 0.006095707
v -0.0227772929 0.0985042 0.006166727
v -0.02280613 0.09700448 0.00616672635
v -0.0226459987 0.0977515355 0.006296181
v -0.0225135088 0.09849913 0.00638104323
v -0.0225423481 0.09699941 0.006381043
v -0.0224040076 0.09774689 0.006454557
v -0.0222180262 0.09849345 0.00653415127
v -0.0222468637 0.09699372 0.00653415127
v -0.0221450254 0.0977419 0.006565945
v -0.0219109654 0.09848754 0.00662245462
v -0.0219398029 0.09698782 0.006622454
v -0.0218816958 0.09773684 0.00662993453
v -0.0216107816 0.0984817743 0.006650001
v -0.021639619 0.09698205 0.006650001
v -0.0213105977 0.098476 0.00662245462
v -0.02128118 0.0977252945 0.006613725
v -0.0213394351 0.09697627 0.006622454
v -0.0210035369 0.09847009 0.00653415127
v -0.0210323762 0.09697037 0.00653415127
v -0.0209314711 0.09771857 0.006497018
v -0.0207080543 0.0984644145 0.00638104323
v -0.0207368918 0.09696469 0.006381043
v -0.0206044018 0.09771228 0.006296181
v -0.0204442721 0.09845934 0.006166727
v -0.0204731114 0.09695961 0.00616672635
v -0.02032926 0.09770699 0.00602098834
v -0.0202299953 0.09845522 0.00590289664
v -0.0202588327 0.09695549 0.00590289664
v -0.02012846 0.09770313 0.00569385849
v -0.0200769138 0.09845228 0.005607357
v -0.0201057531 0.09695255 0.00560735632
v -0.0200117752 0.09770089 0.00534408353
v -0.0199886281 0.09845058 0.00530023966
v -0.0199755058 0.0977001861 0.00500000035
v -0.0200174674 0.09695085 0.005300239
v -0.0199610889 0.09845005 0.00500000035
v -0.0199899264 0.09695032 0.005
v -0.0199886281 0.09845058 0.004699761
v -0.0200174674 0.09695085 0.004699761
v -0.0200117752 0.09770089 0.004655917
v -0.0200769138 0.09845228 0.004392644
v -0.0201057531 0.09695255 0.004392644
v -0.0200913325 0.0977024138 0.004392644
v -0.0202186238 0.09770486 0.00413784664
v -0.0202299953 0.09845522 0.004097104
v -0.0202588327 0.09695549 0.004097104
v -0.0203917641 0.09770819 0.00390429329
v -0.0204442721 0.09845934 0.003833274
v -0.0204731114 0.09695961 0.003833274
v -0.0206044018 0.09771228 0.00370381935
v -0.0207080543 0.0984644145 0.00361895747
v -0.0207368918 0.09696469 0.00361895747
v -0.020846393 0.097716935 0.003545443
v -0.0210035369 0.09847009 0.00346584944
v -0.0210323762 0.09697037 0.003465849
v -0.021105377 0.09772191 0.00343405548
v -0.0213105977 0.098476 0.003377546
v -0.0213394351 0.09697627 0.00337754586
v -0.0213687047 0.09772698 0.00337006571
v -0.0216107816 0.0984817743 0.00335
v -0.021639619 0.09698205 0.00334999966
v -0.0287912153 0.09861984 -0.0158100352
v -0.0288681164 0.0946205854 -0.0158100352
v -0.0290937517 0.09862566 -0.0152421184
v -0.0292111281 0.0962274745 -0.0150866993
v -0.029170651 0.0946264 -0.0152421184
v -0.0293740276 0.09463031 -0.0147589371
v -0.0294200629 0.09623149 -0.0145261139
v -0.0294845514 0.09463243 -0.0144020058
v -0.0294747949 0.09623254 -0.0143085457
v -0.0295169372 0.09463306 -0.01424177
v -0.0294085275 0.09683138 -0.0145261139
v -0.0291995928 0.0968273655 -0.0150866993
v -0.02946326 0.09683243 -0.0143085457
v -0.02948423 0.09623273 -0.0142556522
v -0.0294726938 0.09683261 -0.0142556522
v -0.029440036 0.09863232 -0.01424177
v -0.0294785276 0.09663269 -0.014241416
v -0.029517021 0.09463306 -0.014241064
v -0.02946116 0.0974325 -0.0142556522
v -0.0294517241 0.09743232 -0.0143085457
v -0.0293969922 0.09743127 -0.0145261139
v -0.02944012 0.09863232 -0.014241064
v -0.0295128971 0.09663335 -0.0139365159
v -0.0295856763 0.0946343839 -0.01363197
v -0.0295087751 0.09863364 -0.01363197
v -0.0294553917 0.09773245 -0.0142556522
v -0.0294459555 0.09773227 -0.0143085457
v -0.0291880574 0.09742725 -0.0150866993
v -0.0293912254 0.09773121 -0.0145261139
v -0.0294496249 0.09803239 -0.0142556522
v -0.0294401888 0.0980322137 -0.0143085457
v -0.02918229 0.0977271944 -0.0150866993
v -0.0294438563 0.09833234 -0.0142556522
v -0.02943442 0.09833215 -0.0143085457
v -0.02940765 0.0986316949 -0.0144020058
v -0.0293854568 0.0980311558 -0.0145261139
v -0.02937969 0.0983311 -0.0145261139
v -0.0292971265 0.09862957 -0.0147589371
v -0.029176522 0.09802714 -0.0150866993
v -0.0291707553 0.0983270854 -0.0150866993
v -0.02785928 0.09860192 -0.0156624056
v -0.0278239138 0.0946005061 -0.0150287785
v -0.0279361811 0.09460266 -0.0156624056
v -0.0277470145 0.09859976 -0.0150287785
v -0.0277620926 0.09619961 -0.0147342812
v -0.0277797766 0.09459966 -0.0145063847
v -0.0277028754 0.09859891 -0.0145063847
v -0.02775225 0.09619942 -0.0141619742
v -0.02778494 0.09459975 -0.0141327642
v -0.0277080387 0.09859902 -0.0141327642
v -0.0277653188 0.09619967 -0.0140193757
v -0.0278036464 0.09460011 -0.01397036
v -0.0277267471 0.0985993743 -0.01397036
v -0.0277707037 0.09619977 -0.0139826257
v -0.0277652666 0.09659974 -0.0139700137
v -0.0277268849 0.0985993743 -0.0139696617
v -0.0278037861 0.09460012 -0.0139696617
v -0.0246619489 0.09854044 -0.0141779408
v -0.02467373 0.09854067 -0.0148213319
v -0.0255711 0.09855793 -0.0151129588
v -0.0259587374 0.09856538 -0.01459937
v -0.02470006 0.09854118 -0.0136550739
v -0.0262351818 0.0985707 -0.0141539574
v -0.0264001712 0.09857386 -0.0138187166
v -0.0247635953 0.0985424 -0.0132868625
v -0.0248074718 0.09854324 -0.0131293833
v -0.0264572185 0.0985749662 -0.0136655159
v -0.02480772 0.09854324 -0.0131287165
v -0.0264574122 0.0985749662 -0.0136648342
v -0.0250230171 0.0985473841 -0.0125548337
v -0.0266204886 0.0985781 -0.0130739808
v -0.0304424241 0.0986515954 -0.006166727
v -0.0307062045 0.09865666 -0.006381043
v -0.0302281473 0.0986474752 -0.005902897
v -0.0278497748 0.09860174 -0.0133691616
v -0.0238550343 0.09852493 -0.01207095
v -0.0300750677 0.09864453 -0.005607357
v -0.03100169 0.09866235 -0.006534152
v -0.0223584287 0.09849615 -0.0113082509
v -0.02998678 0.09864283 -0.005300241
v -0.02360155 0.0985200554 -0.0126290135
v -0.02205602 0.098490335 -0.011841381
v -0.0236012544 0.09852005 -0.01262966
v -0.0220556743 0.09849033 -0.0118420012
v -0.0235209465 0.0985185057 -0.0127720442
v -0.0219877064 0.09848902 -0.0119906757
v -0.0212805048 0.09847542 -0.0106475782
v -0.0233055577 0.09851436 -0.0130773466
v -0.02186736 0.09848671 -0.0123444144
v -0.02174794 0.09848441 -0.01285488
v -0.02296285 0.09850777 -0.0134740211
v -0.0224996582 0.098498866 -0.013920635
v -0.0216589458 0.0984827 -0.0134921949
v -0.0299592391 0.0986423045 -0.00500000129
v -0.0199216157 0.09844929 -0.009660104
v -0.02094286 0.09846893 -0.011159109
v -0.0195395481 0.09844194 -0.0101393536
v -0.0209424645 0.09846892 -0.0111596994
v -0.0195391066 0.0984419361 -0.0101399124
v -0.0208408758 0.09846697 -0.0112877674
v -0.0194487236 0.0984402 -0.010276122
v -0.0205803886 0.0984619558 -0.0115556084
v -0.0192745328 0.09843685 -0.0106066745
v -0.0201798584 0.09845426 -0.011893779
v -0.0190767422 0.09843305 -0.0110921729
v -0.0188891664 0.09842944 -0.0117077157
v -0.0196525156 0.09844412 -0.0122624226
v -0.0280033555 0.098604694 0.001393755
v -0.02881868 0.09862037 0.000731322449
v -0.0297319982 0.09863793 0.000258079264
v -0.02998678 0.09864283 -0.00469976151
v -0.0300750677 0.09864453 -0.004392645
v -0.0302281473 0.0986474752 -0.00409710547
v -0.0304424241 0.0986515954 -0.00383327482
v -0.0307062045 0.09865666 -0.00361895887
v -0.0306810942 0.098656185 -1.48578547E-05
v -0.03100169 0.09866235 -0.00346585037
v -0.03130875 0.09866825 -0.003377547
v -0.0316089354 0.09867402 -0.000100000761
v -0.0316089354 0.09867402 -0.00335000036
v -0.03190912 0.0986797959 -0.003377547
v -0.0325367749 0.0986918658 -1.48578547E-05
v -0.03221618 0.0986857 -0.00346585037
v -0.0325116627 0.09869138 -0.00361895887
v -0.03348587 0.09871011 0.000258079264
v -0.0327754468 0.0986964554 -0.00383327482
v -0.03298972 0.0987005755 -0.00409710547
v -0.03439919 0.09872767 0.000731322449
v -0.0331428 0.09870352 -0.004392645
v -0.0352145135 0.09874336 0.001393755
v -0.033231087 0.09870522 -0.00469976151
v -0.03325863 0.0987057462 -0.00500000129
v -0.0381948538 0.09880067 -0.0125548337
v -0.033231087 0.09870522 -0.005300241
v -0.0331428 0.09870352 -0.005607357
v -0.03298972 0.0987005755 -0.005902897
v -0.0358768255 0.09875609 0.00220923033
v -0.0381948538 0.09880066 0.00500000035
v -0.03634998 0.09876519 0.00312271714
v -0.036622867 0.09877043 0.00407198863
v -0.0367079936 0.09877207 0.00500000035
v -0.036622867 0.09877043 0.005928012
v -0.03634998 0.09876519 0.00687728357
v -0.0358768255 0.09875609 0.00779077038
v -0.0381948538 0.09880066 0.0225548353
v -0.0393628366 0.0988231152 0.0220709518
v -0.0352145135 0.09874335 0.008606246
v -0.03325863 0.0987057462 0.0150000025
v -0.0327754468 0.0986964554 -0.006166727
v -0.033231087 0.09870522 0.0146997627
v -0.0331428 0.09870352 0.014392646
v -0.03439919 0.09872767 0.009268679
v -0.03298972 0.0987005755 0.0140971057
v -0.033231087 0.09870522 0.0153002422
v -0.03348587 0.09871011 0.009741921
v -0.0327754468 0.0986964554 0.0138332751
v -0.0325116627 0.09869138 0.0136189591
v -0.0331428 0.09870352 0.015607357
v -0.0325367749 0.0986918658 0.0100148581
v -0.03221618 0.0986857 0.0134658515
v -0.03190912 0.0986797959 0.0133775473
v -0.03298972 0.0987005755 0.0159028973
v -0.0316089354 0.09867402 0.0101000015
v -0.0316089354 0.09867402 0.0133500006
v -0.03130875 0.09866825 0.0133775473
v -0.0306810942 0.09865618 0.0100148581
v -0.03100169 0.09866235 0.0134658515
v -0.0307062063 0.09865666 0.0136189591
v -0.0297319982 0.09863793 0.009741921
v -0.0304424241 0.09865159 0.0138332751
v -0.0302281473 0.09864747 0.0140971057
v -0.0300750677 0.0986445248 0.014392646
v -0.02998678 0.0986428261 0.0146997627
v -0.0299592391 0.0986423 0.0150000025
v -0.02881868 0.09862037 0.009268679
v -0.0280033555 0.098604694 0.008606246
v -0.0273410454 0.09859195 0.00779077038
v -0.0266204886 0.0985780954 0.0230739824
v -0.02686789 0.09858286 0.00687728357
v -0.02998678 0.0986428261 0.0153002422
v -0.0300750677 0.0986445248 0.015607357
v -0.0302281473 0.09864747 0.0159028973
v -0.0304424241 0.09865159 0.016166728
v -0.0265950039 0.09857761 0.005928012
v -0.0307062063 0.09865666 0.0163810439
v -0.0264574122 0.0985749662 0.0236648358
v -0.0278497748 0.0986017361 0.0233691633
v -0.0265098773 0.09857597 0.00500000035
v -0.03100169 0.09866235 0.0165341534
v -0.0250230171 0.0985473841 0.0225548353
v -0.0238550343 0.09852492 0.0220709518
v -0.0225135088 0.09849913 0.00638104323
v -0.02480772 0.09854324 0.0231287181
v -0.0264572185 0.09857496 0.0236655176
v -0.0248074718 0.0985432342 0.023129385
v -0.0264001712 0.09857386 0.0238187183
v -0.0247635953 0.09854239 0.0232868642
v -0.0262351818 0.09857069 0.024153959
v -0.02470006 0.09854117 0.0236550756
v -0.0259587374 0.09856538 0.0245993715
v -0.0246619489 0.09854044 0.0241779424
v -0.0255711 0.09855792 0.02511296
v -0.02467373 0.09854066 0.0248213336
v -0.0223584287 0.09849615 0.0213082526
v -0.02360155 0.09852005 0.0226290151
v -0.02205602 0.09849033 0.0218413826
v -0.0236012544 0.09852004 0.0226296615
v -0.0220556743 0.09849032 0.0218420029
v -0.0235209465 0.0985185 0.0227720458
v -0.0219877064 0.09848902 0.0219906773
v -0.0233055577 0.0985143557 0.0230773482
v -0.02186736 0.0984867 0.022344416
v -0.02174794 0.0984844044 0.0228548814
v -0.02296285 0.09850777 0.0234740227
v -0.0224996582 0.09849886 0.0239206366
v -0.0216589458 0.0984827 0.0234921966
v -0.0222180262 0.09849345 0.00653415127
v -0.0212805048 0.09847542 0.02064758
v -0.0199216157 0.09844929 0.0196601041
v -0.02094286 0.09846892 0.02115911
v -0.0195395481 0.09844194 0.0201393552
v -0.0209424645 0.0984689146 0.021159701
v -0.0195391066 0.0984419361 0.020139914
v -0.0208408758 0.09846696 0.02128777
v -0.0194487236 0.09844019 0.0202761237
v -0.0205803886 0.0984619558 0.02155561
v -0.0192745328 0.09843685 0.0206066761
v -0.0189602971 0.0984308049 0.01883891
v -0.0201798584 0.09845425 0.02189378
v -0.0190767422 0.09843304 0.0210921746
v -0.0188891664 0.098429434 0.0217077173
v -0.0196525156 0.09844411 0.0222624242
v -0.0219109654 0.09848754 0.00662245462
v -0.0177725833 0.09840796 0.0176509768
v -0.0185468011 0.0984228551 0.0192913152
v -0.0216107816 0.0984817743 0.006650001
v -0.0173202623 0.09839927 0.01806455
v -0.01854632 0.09842284 0.0192918368
v -0.0173197426 0.09839926 0.01806503
v -0.0184259526 0.09842053 0.0194024332
v -0.0172091648 0.09839713 0.01818542
v -0.0181267783 0.09841478 0.0196262188
v -0.01698542 0.09839283 0.01848465
v -0.0176782887 0.09840615 0.0198975578
v -0.0167141315 0.0983876139 0.0189332217
v -0.0164325871 0.0983822 0.0195118375
v -0.017099781 0.09839503 0.0201791544
v -0.01695154 0.09839218 0.0166894812
v -0.01596425 0.0983732 0.0153303389
v -0.0213105977 0.098476 0.00662245462
v -0.01647238 0.0983829647 0.01707162
v -0.0154528115 0.09836336 0.0156680476
v -0.0164718218 0.09838295 0.0170720611
v -0.0154522248 0.09836335 0.01566844
v -0.0163356364 0.0983803347 0.01716246
v -0.0153241791 0.09836089 0.0157700479
v -0.0160051454 0.09837398 0.0173366833
v -0.0150563866 0.09835574 0.0160305854
v -0.0155197363 0.0983646438 0.01753451
v -0.0147182792 0.098349236 0.01643119
v -0.0149043091 0.09835281 0.0177221224
v -0.0143497027 0.09834215 0.0169586316
v -0.0153036993 0.0983604938 0.0142522175
v -0.0210035369 0.09847009 0.00653415127
v -0.0145411417 0.09834583 0.0127553362
v -0.0207080543 0.0984644145 0.00638104323
v -0.0147706661 0.09835024 0.0145546813
v -0.0139831789 0.0983351 0.0130088646
v -0.0147700459 0.09835023 0.0145550277
v -0.0139825325 0.09833509 0.0130091626
v -0.0146214012 0.09834737 0.0146230087
v -0.0138401743 0.09833235 0.0130894836
v -0.0142677259 0.09834057 0.0147433747
v -0.0135349315 0.09832648 0.0133049134
v -0.0137573574 0.09833076 0.0148628186
v -0.0131383277 0.09831885 0.013647683
v -0.0131201576 0.0983185 0.014951827
v -0.0126917958 0.09831027 0.0141109619
v -0.0140573476 0.0983365253 0.0115871364
v -0.0204442721 0.09845934 0.006166727
v -0.0135382935 0.09832655 0.00998937
v -0.0202299953 0.09845522 0.00590289664
v -0.013483569 0.09832549 0.011802474
v -0.0129475519 0.09831519 0.0101524759
v -0.0134829022 0.09832548 0.0118027208
v -0.01294687 0.09831517 0.0101526687
v -0.0133254528 0.09832245 0.0118466057
v -0.0127936956 0.09831223 0.010209728
v -0.0129573084 0.09831537 0.0119101536
v -0.0124585181 0.0983057842 0.0103747472
v -0.0124345385 0.09830532 0.0119482707
v -0.0120131876 0.09829722 0.0106512429
v -0.0117912665 0.0982929543 0.0119364876
v -0.0114996955 0.098287344 0.0110389516
v -0.0132431686 0.09832087 0.008759856
v -0.0200769138 0.09845228 0.005607357
v -0.012980409 0.09831582 0.0071005486
v -0.0199886281 0.09845058 0.00530023966
v -0.01264278 0.09830932 0.008882768
v -0.0123714264 0.09830411 0.007169217
v -0.0126420818 0.0983093157 0.008882907
v -0.0123707205 0.09830409 0.00716930069
v -0.0124797076 0.0983061939 0.00890161749
v -0.0122105144 0.0983010158 0.007201692
v -0.0121061578 0.09829901 0.008906782
v -0.01185365 0.0982941538 0.00731223542
v -0.0115838572 0.09828897 0.008862635
v -0.0113705583 0.09828486 0.00751564931
v -0.0109503493 0.09827679 0.008750349
v -0.0108027458 0.09827395 0.007818242
v -0.0128812212 0.09831391 0.005839996
v -0.0199610889 0.09845005 0.00500000035
v -0.0128812212 0.09831391 0.00416000467
v -0.0122689959 0.09830214 0.005867456
v -0.0122689959 0.09830214 0.00413254462
v -0.0122682843 0.0983021259 0.00586748356
v -0.0122682843 0.0983021259 0.004132517
v -0.0121049862 0.09829898 0.005860558
v -0.0121049862 0.09829898 0.004139443
v -0.0117352251 0.0982918739 0.00580721162
v -0.0117352251 0.0982918739 0.004192789
v -0.0112262648 0.09828209 0.00568188867
v -0.0112262648 0.09828209 0.004318112
v -0.010618113 0.0982703939 0.00547186332
v -0.010618113 0.0982703939 0.00452813739
v -0.012980409 0.09831582 0.00289945235
v -0.0132431686 0.09832087 0.00124014472
v -0.01264278 0.09830933 0.00111723226
v -0.0123714264 0.09830411 0.00283078384
v -0.0126420818 0.0983093157 0.00111709349
v -0.0123707205 0.09830409 0.0028307
v -0.0124797076 0.0983061939 0.00109838345
v -0.0122105144 0.0983010158 0.00279830885
v -0.0121061578 0.09829901 0.001093219
v -0.01185365 0.0982941538 0.00268776529
v -0.0115838572 0.09828897 0.00113736535
v -0.0113705583 0.09828486 0.00248435163
v -0.0109503493 0.09827679 0.00124965189
v -0.0108027458 0.09827395 0.00218175934
v -0.0135382935 0.09832655 1.06310472E-05
v -0.0140573476 0.0983365253 -0.00158713572
v -0.0145411417 0.09834583 -0.002755335
v -0.013483569 0.0983255 -0.00180247379
v -0.0129475519 0.09831519 -0.000152474735
v -0.0134829022 0.09832548 -0.00180272013
v -0.01294687 0.09831517 -0.000152667984
v -0.0133254528 0.09832245 -0.001846605
v -0.0127936956 0.09831223 -0.00020972779
v -0.0129573084 0.09831537 -0.00191015285
v -0.0124585181 0.0983057842 -0.000374746043
v -0.0124345385 0.09830532 -0.00194827048
v -0.0120131876 0.09829722 -0.0006512422
v -0.0117912665 0.0982929543 -0.00193648739
v -0.0114996955 0.098287344 -0.00103895133
v -0.0153036993 0.0983604938 -0.00425221724
v -0.0147706661 0.09835024 -0.00455468
v -0.0139831789 0.0983351 -0.00300886342
v -0.0147700459 0.0983502343 -0.00455502747
v -0.0139825325 0.09833509 -0.00300916145
v -0.0146214012 0.09834737 -0.00462300749
v -0.0138401743 0.09833235 -0.00308948336
v -0.0135349315 0.09832648 -0.00330491317
v -0.0142677259 0.09834057 -0.00474337442
v -0.0137573574 0.09833076 -0.00486281747
v -0.0131383277 0.09831886 -0.00364768272
v -0.0131201576 0.09831851 -0.00495182676
v -0.0126917958 0.09831027 -0.00411096076
v -0.01596425 0.0983732 -0.00533033861
v -0.01695154 0.09839218 -0.006689481
v -0.01647238 0.0983829647 -0.00707161939
v -0.0154528115 0.09836336 -0.00566804735
v -0.0164718218 0.09838296 -0.00707206
v -0.0154522248 0.09836335 -0.00566844037
v -0.0163356364 0.0983803347 -0.00716245966
v -0.0153241791 0.09836089 -0.00577004766
v -0.0160051454 0.09837398 -0.007336682
v -0.0150563866 0.09835574 -0.006030585
v -0.0155197363 0.09836465 -0.007534508
v -0.0147182792 0.098349236 -0.006431189
v -0.0149043091 0.09835281 -0.007722121
v -0.0143497027 0.09834215 -0.0069586304
v -0.0177725833 0.09840797 -0.0076509756
v -0.0189602971 0.0984308049 -0.008838911
v -0.0199886281 0.09845058 0.004699761
v -0.0200769138 0.09845228 0.004392644
v -0.0202299953 0.09845522 0.004097104
v -0.0185468011 0.0984228551 -0.009291315
v -0.0173202623 0.0983992741 -0.008064548
v -0.01854632 0.09842285 -0.009291835
v -0.0173197426 0.09839926 -0.008065028
v -0.0184259526 0.09842053 -0.009402432
v -0.0172091648 0.0983971357 -0.00818542
v -0.0181267783 0.09841478 -0.009626217
v -0.01698542 0.09839283 -0.008484649
v -0.0204442721 0.09845934 0.003833274
v -0.0176782887 0.09840616 -0.009897558
v -0.0167141315 0.0983876139 -0.008933222
v -0.0164325871 0.0983822048 -0.009511838
v -0.017099781 0.0983950347 -0.0101791527
v -0.0207080543 0.0984644145 0.00361895747
v -0.0210035369 0.09847009 0.00346584944
v -0.0213105977 0.098476 0.003377546
v -0.0216107816 0.0984817743 0.00335
v -0.0219109654 0.09848754 0.003377546
v -0.0222180262 0.09849345 0.00346584944
v -0.0273410454 0.09859195 0.00220923033
v -0.0225135088 0.09849913 0.00361895747
v -0.02686789 0.09858286 0.00312271714
v -0.0227772929 0.0985042 0.003833274
v -0.0229915679 0.09850832 0.004097104
v -0.0265950039 0.09857761 0.00407198863
v -0.02314465 0.0985112637 0.004392644
v -0.0232329369 0.09851296 0.004699761
v -0.0232604779 0.09851349 0.00500000035
v -0.0232329369 0.09851296 0.00530023966
v -0.02314465 0.0985112637 0.005607357
v -0.0229915679 0.09850832 0.00590289664
v -0.0227772929 0.0985042 0.006166727
v -0.0290937517 0.09862566 0.02524212
v -0.0287912153 0.09861984 0.0258100368
v -0.02785928 0.09860192 0.0256624073
v -0.0277470145 0.09859976 0.02502878
v -0.0292971265 0.098629564 0.0247589387
v -0.0277028754 0.09859891 0.0245063864
v -0.02940765 0.0986316949 0.0244020075
v -0.0277080387 0.09859901 0.0241327658
v -0.029440036 0.09863231 0.0242417715
v -0.0277267471 0.0985993743 0.0239703618
v -0.02944012 0.09863232 0.0242410656
v -0.0277268849 0.0985993743 0.0239696633
v -0.0295087751 0.09863364 0.0236319713
v -0.03130875 0.09866825 0.0166224558
v -0.0307690948 0.09865787 0.0237311777
v -0.0316089354 0.09867402 0.01665
v -0.0324487761 0.09869017 0.0237311777
v -0.03190912 0.0986797959 0.0166224558
v -0.03074164 0.09865734 0.0243435148
v -0.0324159972 0.09868954 0.0248773862
v -0.0307416115 0.09865734 0.0243442263
v -0.0307485368 0.0986574739 0.024507558
v -0.0308018737 0.0986585 0.0248773862
v -0.0309271719 0.09866091 0.02538644
v -0.0337090939 0.0987144038 0.0236319713
v -0.03247623 0.0986906961 0.0243435148
v -0.03221618 0.0986857 0.0165341534
v -0.0324693322 0.09869056 0.024507558
v -0.0324762575 0.0986906961 0.0243442263
v -0.0322906971 0.09868713 0.02538644
v -0.03113716 0.09866495 0.0259947032
v -0.03208071 0.09868309 0.0259947032
v -0.0353680961 0.09874631 0.0233691633
v -0.03377775 0.09871572 0.0242410656
v -0.033777833 0.09871572 0.0242417715
v -0.03381022 0.09871635 0.0244020075
v -0.0325116627 0.09869138 0.0163810439
v -0.0339207426 0.09871847 0.0247589387
v -0.0365973823 0.09876994 0.0230739824
v -0.0327754468 0.0986964554 0.016166728
v -0.0367604569 0.09877308 0.0236648358
v -0.03841015 0.0988048 0.0231287181
v -0.03676065 0.0987730846 0.0236655176
v -0.0384103954 0.0988048 0.023129385
v -0.0368177 0.09877418 0.0238187183
v -0.0384542756 0.09880565 0.0232868642
v -0.03851781 0.09880687 0.0236550756
v -0.03698269 0.0987773538 0.024153959
v -0.03725913 0.098782666 0.0245993715
v -0.03855592 0.0988076 0.0241779424
v -0.03764677 0.0987901241 0.02511296
v -0.03854414 0.09880738 0.0248213336
v -0.03535859 0.09874612 0.0256624073
v -0.0344266556 0.0987282 0.0258100368
v -0.0341241173 0.09872238 0.02524212
v -0.0354708545 0.09874828 0.02502878
v -0.0355149955 0.09874913 0.0245063864
v -0.035490986 0.09874867 0.0239696633
v -0.0355098322 0.09874903 0.0241327658
v -0.0354911238 0.09874867 0.0239703618
v -0.0396166146 0.0988279954 0.0226296615
v -0.0396163166 0.0988279954 0.0226290151
v -0.0396969244 0.0988295451 0.0227720458
v -0.0399123132 0.09883369 0.0230773482
v -0.039957393 0.09883455 0.00500000035
v -0.039984934 0.09883508 0.00530023966
v -0.039984934 0.09883508 0.004699761
v -0.04007322 0.09883678 0.005607357
v -0.04007322 0.09883678 0.004392644
v -0.0402263 0.09883972 0.004097104
v -0.040440578 0.09884384 0.003833274
v -0.04070436 0.09884892 0.00361895747
v -0.0402263 0.09883972 0.00590289664
v -0.0408594422 0.0988519 0.0213082526
v -0.0402550176 0.0988402739 0.0234740227
v -0.040440578 0.09884384 0.006166727
v -0.04070436 0.09884892 0.00638104323
v -0.0393628366 0.09882312 -0.01207095
v -0.0407182127 0.09884918 0.0239206366
v -0.0409998447 0.0988546 0.00653415127
v -0.0408594422 0.0988519 -0.0113082509
v -0.0396163166 0.0988279954 -0.0126290135
v -0.0396166146 0.098828 -0.01262966
v -0.0396969244 0.0988295451 -0.0127720442
v -0.0399123132 0.09883369 -0.0130773466
v -0.0402550176 0.09884028 -0.0134740211
v -0.0409998447 0.0988546 0.00346584944
v -0.0407182127 0.0988491848 -0.013920635
v -0.04116185 0.09885771 0.0218413826
v -0.0419373624 0.0988726243 0.02064758
v -0.0419373624 0.0988726243 -0.0106475782
v -0.04116185 0.0988577157 -0.011841381
v -0.0412301645 0.09885903 0.0219906773
v -0.0411621965 0.0988577157 0.0218420029
v -0.0413505062 0.09886134 0.022344416
v -0.04146993 0.09886364 0.0228548814
v -0.04155892 0.0988653451 0.0234921966
v -0.0432962552 0.09889875 0.0196601041
v -0.04227501 0.0988791138 0.02115911
v -0.04367832 0.0989061 0.0201393552
v -0.0422754027 0.09887912 0.021159701
v -0.04367876 0.09890611 0.020139914
v -0.04237699 0.09888108 0.02128777
v -0.0437691435 0.09890784 0.0202761237
v -0.0426374823 0.09888609 0.02155561
v -0.0439433344 0.098911196 0.0206066761
v -0.04303801 0.09889379 0.02189378
v -0.0441411249 0.0989149958 0.0210921746
v -0.0435653552 0.0989039242 0.0222624242
v -0.0443287045 0.09891861 0.0217077173
v -0.04425757 0.09891724 0.01883891
v -0.0413069054 0.0988605 0.00662245462
v -0.0454452857 0.0989400744 0.0176509768
v -0.0446710661 0.09892519 0.0192913152
v -0.04160709 0.09886628 0.006650001
v -0.0458976068 0.09894878 0.01806455
v -0.0446715467 0.0989251956 0.0192918368
v -0.04589813 0.0989487842 0.01806503
v -0.0447919145 0.09892751 0.0194024332
v -0.0460087024 0.09895091 0.01818542
v -0.04509109 0.0989332646 0.0196262188
v -0.046232447 0.098955214 0.01848465
v -0.04553958 0.09894189 0.0198975578
v -0.0465037376 0.09896043 0.0189332217
v -0.0461180881 0.0989530161 0.0201791544
v -0.04678528 0.098965846 0.0195118375
v -0.04626633 0.09895586 0.0166894812
v -0.04725362 0.09897485 0.0153303389
v -0.0419072732 0.09887205 0.00662245462
v -0.04674549 0.09896508 0.01707162
v -0.04776506 0.09898468 0.0156680476
v -0.04674605 0.098965086 0.0170720611
v -0.0477656461 0.098984696 0.01566844
v -0.0468822345 0.09896771 0.01716246
v -0.04789369 0.0989871547 0.0157700479
v -0.04791417 0.09898755 0.0142522175
v -0.0472127236 0.098974064 0.0173366833
v -0.0481614843 0.0989923 0.0160305854
v -0.04849959 0.09899881 0.01643119
v -0.0476981327 0.0989834 0.01753451
v -0.04831356 0.09899523 0.0177221224
v -0.04886817 0.09900589 0.0169586316
v -0.04221433 0.09887795 0.00653415127
v -0.04867673 0.09900221 0.0127553362
v -0.0425098166 0.09888364 0.00638104323
v -0.0484472066 0.0989978 0.0145546813
v -0.049234692 0.09901294 0.0130088646
v -0.048447825 0.09899782 0.0145550277
v -0.0492353365 0.099012956 0.0130091626
v -0.0491605252 0.09901152 0.0115871364
v -0.04859647 0.09900067 0.0146230087
v -0.0493776947 0.09901569 0.0130894836
v -0.0496829376 0.09902156 0.0133049134
v -0.0489501432 0.09900747 0.0147433747
v -0.0494605154 0.0990172848 0.0148628186
v -0.0500795431 0.09902919 0.013647683
v -0.05009771 0.09902954 0.014951827
v -0.0505260751 0.0990377739 0.0141109619
v -0.0427735969 0.0988887 0.006166727
v -0.0496795774 0.0990214944 0.00998937
v -0.0497343019 0.09902255 0.011802474
v -0.05027032 0.09903286 0.0101524759
v -0.04973497 0.09902256 0.0118027208
v -0.050271 0.09903287 0.0101526687
v -0.0498924181 0.09902559 0.0118466057
v -0.0504241735 0.0990358144 0.010209728
v -0.0502605624 0.09903267 0.0119101536
v -0.0507593527 0.09904226 0.0103747472
v -0.0507833324 0.09904272 0.0119482707
v -0.05120468 0.09905083 0.0106512429
v -0.0514266044 0.09905509 0.0119364876
v -0.0517181754 0.0990607 0.0110389516
v -0.0454452857 0.09894008 0.00500000035
v -0.0429878756 0.09889282 0.00590289664
v -0.0431409553 0.0988957658 0.005607357
v -0.04322924 0.0988974646 0.00530023966
v -0.0499747023 0.09902717 0.008759856
v -0.0432962552 0.09889875 0.00500000035
v -0.043256782 0.09889799 0.00500000035
v -0.04322924 0.0988974646 0.004699761
v -0.04725362 0.0989748538 0.00500000035
v -0.0502374619 0.09903222 0.0071005486
v -0.0505750924 0.09903872 0.008882768
v -0.0508464426 0.0990439355 0.007169217
v -0.05057579 0.099038735 0.008882907
v -0.05084715 0.09904395 0.00716930069
v -0.0507381633 0.09904186 0.00890161749
v -0.0510073565 0.09904703 0.007201692
v -0.0511117131 0.09904904 0.008906782
v -0.05136422 0.09905389 0.00731223542
v -0.0516340137 0.09905908 0.008862635
v -0.0518473126 0.09906318 0.00751564931
v -0.05226752 0.0990712643 0.008750349
v -0.0524151251 0.0990741 0.007818242
v -0.04867673 0.09900221 0.00500000035
v -0.05033665 0.09903413 0.005839996
v -0.0502374619 0.09903222 0.00289945235
v -0.0499747023 0.09902717 0.00124014472
v -0.0505750924 0.09903872 0.00111723226
v -0.0496795774 0.0990215 1.06310472E-05
v -0.0508464426 0.0990439355 0.00283078384
v -0.05057579 0.099038735 0.00111709349
v -0.05084715 0.09904395 0.0028307
v -0.0507381633 0.09904186 0.00109838345
v -0.0510073565 0.09904703 0.00279830885
v -0.0511117131 0.09904904 0.001093219
v -0.05136422 0.09905389 0.00268776529
v -0.0516340137 0.09905908 0.00113736535
v -0.0518473126 0.09906318 0.00248435163
v -0.05226752 0.0990712643 0.00124965189
v -0.0524151251 0.0990741 0.00218175934
v -0.0491605252 0.09901152 -0.00158713572
v -0.0497343019 0.09902255 -0.00180247379
v -0.05027032 0.09903286 -0.000152474735
v -0.04973497 0.09902257 -0.00180272013
v -0.050271 0.09903287 -0.000152667984
v -0.0498924181 0.09902559 -0.001846605
v -0.0504241735 0.0990358144 -0.00020972779
v -0.0502605624 0.09903267 -0.00191015285
v -0.0507593527 0.09904226 -0.000374746043
v -0.0507833324 0.09904272 -0.00194827048
v -0.05120468 0.09905083 -0.0006512422
v -0.0514266044 0.0990551 -0.00193648739
v -0.0517181754 0.0990607 -0.00103895133
v -0.04867673 0.09900221 -0.002755335
v -0.04791417 0.09898755 -0.00425221724
v -0.0484472066 0.0989978 -0.00455468
v -0.049234692 0.09901294 -0.00300886342
v -0.048447825 0.09899782 -0.00455502747
v -0.0492353365 0.099012956 -0.00300916145
v -0.04859647 0.09900067 -0.00462300749
v -0.0493776947 0.0990157 -0.00308948336
v -0.0496829376 0.09902156 -0.00330491317
v -0.0489501432 0.09900747 -0.00474337442
v -0.0494605154 0.0990172848 -0.00486281747
v -0.0500795431 0.09902919 -0.00364768272
v -0.05009771 0.09902954 -0.00495182676
v -0.0505260751 0.0990377739 -0.00411096076
v -0.04725362 0.0989748538 -0.00533033861
v -0.04626633 0.09895587 -0.006689481
v -0.04674549 0.09896508 -0.00707161939
v -0.04776506 0.09898469 -0.00566804735
v -0.04674605 0.09896509 -0.00707206
v -0.0477656461 0.098984696 -0.00566844037
v -0.0454452857 0.09894008 -0.0076509756
v -0.0468822345 0.09896771 -0.00716245966
v -0.04789369 0.09898716 -0.00577004766
v -0.0481614843 0.09899231 -0.006030585
v -0.0472127236 0.098974064 -0.007336682
v -0.0476981327 0.0989834 -0.007534508
v -0.04849959 0.09899881 -0.006431189
v -0.04831356 0.09899523 -0.007722121
v -0.04886817 0.0990059 -0.0069586304
v -0.0431409553 0.0988957658 0.004392644
v -0.04425757 0.0989172459 -0.008838911
v -0.0429878756 0.09889282 0.004097104
v -0.0427735969 0.0988887 0.003833274
v -0.0425098166 0.09888364 0.00361895747
v -0.04221433 0.09887795 0.00346584944
v -0.0419072732 0.09887205 0.003377546
v -0.04160709 0.09886628 0.00335
v -0.0413069054 0.0988605 0.003377546
v -0.0446710661 0.0989251956 -0.009291315
v -0.0458976068 0.09894878 -0.008064548
v -0.0446715467 0.0989252 -0.009291835
v -0.04589813 0.09894879 -0.008065028
v -0.0447919145 0.09892752 -0.009402432
v -0.0460087024 0.098950915 -0.00818542
v -0.04509109 0.09893327 -0.009626217
v -0.046232447 0.098955214 -0.008484649
v -0.04553958 0.09894189 -0.009897558
v -0.0465037376 0.09896043 -0.008933222
v -0.0461180881 0.0989530161 -0.0101791527
v -0.04678528 0.098965846 -0.009511838
v -0.0432962552 0.09889875 -0.009660104
v -0.04227501 0.09887912 -0.011159109
v -0.04367832 0.09890611 -0.0101393536
v -0.0422754027 0.09887913 -0.0111596994
v -0.04367876 0.0989061147 -0.0101399124
v -0.04237699 0.09888108 -0.0112877674
v -0.0437691435 0.09890785 -0.010276122
v -0.0426374823 0.09888609 -0.0115556084
v -0.0439433344 0.098911196 -0.0106066745
v -0.0441411249 0.098915 -0.0110921729
v -0.04303801 0.09889379 -0.011893779
v -0.0435653552 0.09890393 -0.0122624226
v -0.0443287045 0.09891861 -0.0117077157
v -0.0525997579 0.09907765 0.00452813739
v -0.0525997579 0.09907765 0.00547186332
v -0.0519916043 0.09906596 0.00568188867
v -0.0519916043 0.09906596 0.004318112
v -0.0514826477 0.09905617 0.004192789
v -0.0514826477 0.09905617 0.00580721162
v -0.0511128828 0.09904906 0.004139443
v -0.0511128828 0.09904906 0.005860558
v -0.0502374619 0.09903222 0.00500000035
v -0.05094959 0.09904592 0.004132517
v -0.05094959 0.09904592 0.00586748356
v -0.0509488732 0.0990459 0.00413254462
v -0.0509488732 0.0990459 0.005867456
v -0.05033665 0.09903413 0.00416000467
v -0.0496795774 0.0990215 0.00500000035
v -0.0411621965 0.09885772 -0.0118420012
v -0.0412301645 0.09885903 -0.0119906757
v -0.0413505062 0.0988613442 -0.0123444144
v -0.04146993 0.09886364 -0.01285488
v -0.04155892 0.09886535 -0.0134921949
v -0.0384103954 0.09880481 -0.0131293833
v -0.03841015 0.0988048 -0.0131287165
v -0.0384542756 0.09880565 -0.0132868625
v -0.03764677 0.0987901241 -0.0151129588
v -0.03851781 0.09880687 -0.0136550739
v -0.03855592 0.0988076 -0.0141779408
v -0.03854414 0.09880738 -0.0148213319
v -0.03725913 0.09878267 -0.01459937
v -0.03698269 0.0987773538 -0.0141539574
v -0.0368177 0.09877418 -0.0138187166
v -0.03676065 0.0987730846 -0.0136655159
v -0.0367604569 0.0987730846 -0.0136648342
v -0.0365973823 0.09876995 -0.0130739808
v -0.0325116627 0.09869138 -0.006381043
v -0.0353680961 0.09874631 -0.0133691616
v -0.03221618 0.0986857 -0.006534152
v -0.0337090939 0.09871441 -0.01363197
v -0.03377775 0.09871573 -0.014241064
v -0.03190912 0.0986797959 -0.00662245462
v -0.033777833 0.09871573 -0.01424177
v -0.0324487761 0.0986901745 -0.013731176
v -0.03381022 0.0987163559 -0.0144020058
v -0.0316089354 0.09867402 -0.00665000034
v -0.0339207426 0.09871848 -0.0147589371
v -0.0307690948 0.0986578763 -0.013731176
v -0.03130875 0.09866825 -0.00662245462
v -0.0295087751 0.09863364 -0.01363197
v -0.02944012 0.09863232 -0.014241064
v -0.0277268849 0.0985993743 -0.0139696617
v -0.029440036 0.09863232 -0.01424177
v -0.0277267471 0.0985993743 -0.01397036
v -0.02940765 0.0986316949 -0.0144020058
v -0.0277080387 0.09859902 -0.0141327642
v -0.0292971265 0.09862957 -0.0147589371
v -0.0277028754 0.09859891 -0.0145063847
v -0.0277470145 0.09859976 -0.0150287785
v -0.0290937517 0.09862566 -0.0152421184
v -0.02785928 0.09860192 -0.0156624056
v -0.0287912153 0.09861984 -0.0158100352
v -0.0354911238 0.09874868 -0.01397036
v -0.035490986 0.09874867 -0.0139696617
v -0.0355098322 0.0987490341 -0.0141327642
v -0.0355149955 0.09874913 -0.0145063847
v -0.0354708545 0.09874828 -0.0150287785
v -0.03535859 0.09874613 -0.0156624056
v -0.0341241173 0.09872239 -0.0152421184
v -0.0344266556 0.0987282 -0.0158100352
v -0.0324762575 0.0986907 -0.0143442247
v -0.03247623 0.0986907 -0.0143435132
v -0.0324693322 0.09869057 -0.0145075563
v -0.0324159972 0.09868954 -0.0148773845
v -0.03074164 0.09865735 -0.0143435132
v -0.0307416115 0.09865735 -0.0143442247
v -0.0307485368 0.09865748 -0.0145075563
v -0.0308018737 0.0986585 -0.0148773845
v -0.0309271719 0.0986609161 -0.015386438
v -0.0322906971 0.0986871347 -0.015386438
v -0.03113716 0.0986649543 -0.0159947015
v -0.03208071 0.0986831 -0.0159947015
v -0.0255711 0.09855793 -0.0151129588
v -0.0256480016 0.09455866 -0.0151129588
v -0.0259587374 0.09856538 -0.01459937
v -0.0260995459 0.09616764 -0.01445701
v -0.0260356367 0.0945661142 -0.01459937
v -0.026312083 0.094571434 -0.0141539574
v -0.0263935868 0.0961732939 -0.0139360186
v -0.02647707 0.09457461 -0.0138187166
v -0.0264816731 0.0961749852 -0.0137296915
v -0.02653412 0.0945757 -0.0136655159
v -0.0263820514 0.0967731848 -0.0139360186
v -0.02608801 0.09676753 -0.01445701
v -0.0264701378 0.0967748761 -0.0137296915
v -0.0264992658 0.09617533 -0.013678927
v -0.02648773 0.09677522 -0.013678927
v -0.0264572185 0.0985749662 -0.0136655159
v -0.0264957659 0.0965753347 -0.0136651751
v -0.0265343133 0.0945757 -0.0136648342
v -0.0264761951 0.09737511 -0.013678927
v -0.0264586024 0.09737477 -0.0137296915
v -0.026370516 0.0973730758 -0.0139360186
v -0.0264574122 0.0985749662 -0.0136648342
v -0.0265774 0.09657691 -0.0133694075
v -0.02669739 0.09457884 -0.0130739808
v -0.0266204886 0.0985781 -0.0130739808
v -0.0264704265 0.09767505 -0.013678927
v -0.0264528356 0.09767471 -0.0137296915
v -0.0260764752 0.09736742 -0.01445701
v -0.0263647474 0.09767302 -0.0139360186
v -0.02646466 0.09797499 -0.013678927
v -0.0264470689 0.09797466 -0.0137296915
v -0.0260707065 0.0976673663 -0.01445701
v -0.026458893 0.09827494 -0.013678927
v -0.0264413 0.0982746 -0.0137296915
v -0.0264001712 0.09857386 -0.0138187166
v -0.02635898 0.09797297 -0.0139360186
v -0.0263532139 0.0982729048 -0.0139360186
v -0.0262351818 0.0985707 -0.0141539574
v -0.02606494 0.09796731 -0.01445701
v -0.026059173 0.09826726 -0.01445701
v -0.02467373 0.09854067 -0.0148213319
v -0.02473885 0.09454118 -0.0141779408
v -0.0247506313 0.09454141 -0.0148213319
v -0.0246619489 0.09854044 -0.0141779408
v -0.0247234721 0.09614118 -0.0138822105
v -0.02477696 0.0945419148 -0.0136550739
v -0.02470006 0.09854118 -0.0136550739
v -0.0248032622 0.09614272 -0.0133154113
v -0.0248404965 0.09454314 -0.0132868625
v -0.0247635953 0.0985424 -0.0132868625
v -0.0248384718 0.0961433947 -0.0131766107
v -0.0248843729 0.09454398 -0.0131293833
v -0.0248074718 0.09854324 -0.0131293833
v -0.0248495378 0.0961436 -0.0131411571
v -0.0248460472 0.09654361 -0.01312905
v -0.02480772 0.09854324 -0.0131287165
v -0.0248846188 0.094543986 -0.0131287165
v -0.0323676 0.09468787 -0.015386438
v -0.03215761 0.09468383 -0.0159947015
v -0.03121406 0.09466569 -0.0159947015
v -0.0310040731 0.09466165 -0.015386438
v -0.0324929 0.09469028 -0.0148773845
v -0.030878773 0.09465925 -0.0148773845
v -0.030825438 0.09465822 -0.0145075563
v -0.0308185127 0.0946580842 -0.0143442247
v -0.03081854 0.0946580842 -0.0143435132
v -0.0325256772 0.09469091 -0.013731176
v -0.030845996 0.09465861 -0.013731176
v -0.03255313 0.09469144 -0.0143435132
v -0.0325462334 0.09469131 -0.0145075563
v -0.03255316 0.09469144 -0.0143442247
v -0.0316858366 0.0946747661 -0.007850001
v -0.0311673358 0.0946648 -0.00780242356
v -0.0322043337 0.0946847349 -0.00780242356
v -0.0295856763 0.0946343839 -0.01363197
v -0.0337859951 0.09471515 -0.01363197
v -0.0306369588 0.0946546 -0.007649899
v -0.03273471 0.0946949348 -0.007649899
v -0.0354449973 0.0947470441 -0.0133691616
v -0.0338546522 0.09471647 -0.014241064
v -0.0338547342 0.09471647 -0.01424177
v -0.0338871181 0.09471709 -0.0144020058
v -0.0332450941 0.09470475 -0.007385439
v -0.0339976437 0.0947192162 -0.0147589371
v -0.027926676 0.09460248 -0.0133691616
v -0.0301265754 0.09464478 -0.007385439
v -0.02669739 0.09457884 -0.0130739808
v -0.0296709538 0.09463602 -0.00701525668
v -0.029517021 0.09463306 -0.014241064
v -0.0278037861 0.09460012 -0.0139696617
v -0.0278036464 0.09460011 -0.01397036
v -0.0295169372 0.09463306 -0.01424177
v -0.02778494 0.09459975 -0.0141327642
v -0.0294845514 0.09463243 -0.0144020058
v -0.0277797766 0.09459966 -0.0145063847
v -0.0293740276 0.09463031 -0.0147589371
v -0.0278239138 0.0946005061 -0.0150287785
v -0.029170651 0.0946264 -0.0152421184
v -0.0279361811 0.09460266 -0.0156624056
v -0.0288681164 0.0946205854 -0.0158100352
v -0.0293008387 0.0946289 -0.00655954937
v -0.0290364288 0.09462382 -0.006049073
v -0.028883934 0.09462088 -0.005518597
v -0.0288363621 0.0946199745 -0.00500000129
v -0.0269447919 0.0945836 0.00312271668
v -0.0266719051 0.09457835 0.004071988
v -0.0274179466 0.0945927 0.00220922986
v -0.0265343133 0.0945757 -0.0136648342
v -0.0265867785 0.09457672 0.005
v -0.0250999182 0.09454812 -0.0125548337
v -0.0280802567 0.09460543 0.0013937545
v -0.028883934 0.09462088 -0.00448140735
v -0.0290364288 0.09462382 -0.0039509316
v -0.0293008387 0.0946289 -0.00344045321
v -0.0288955811 0.09462111 0.000731322
v -0.0296709538 0.0946360156 -0.00298474776
v -0.0298089 0.09463867 0.0002580788
v -0.0301265754 0.09464478 -0.0026145638
v -0.0306369588 0.09465459 -0.002350105
v -0.0307579953 0.09465692 -1.485832E-05
v -0.0311673358 0.09466479 -0.00219758088
v -0.0316858366 0.0946747661 -0.000100001227
v -0.0316858366 0.0946747661 -0.00215000147
v -0.0322043337 0.0946847349 -0.00219758088
v -0.032613676 0.0946926 -1.485832E-05
v -0.03273471 0.09469493 -0.002350105
v -0.033562772 0.09471086 0.0002580788
v -0.0332450941 0.09470475 -0.0026145638
v -0.03370072 0.09471351 -0.00298474776
v -0.03447609 0.09472842 0.000731322
v -0.03407083 0.0947206244 -0.00344045321
v -0.0352914147 0.09474409 0.0013937545
v -0.0343352444 0.0947257057 -0.0039509316
v -0.0396691076 0.09482827 0.0029847452
v -0.03448774 0.09472864 -0.00448140735
v -0.0359537229 0.09475683 0.00220922986
v -0.03453531 0.09472956 -0.00500000129
v -0.0392989926 0.0948211551 0.00344045181
v -0.04012473 0.09483703 0.0026145624
v -0.0406351127 0.0948468447 0.00235010288
v -0.0390345827 0.09481607 0.00395092973
v -0.038271755 0.0948014 0.005
v -0.03642688 0.0947659239 0.00312271668
v -0.0388820842 0.09481314 0.004481405
v -0.03669977 0.09477118 0.004071988
v -0.038834516 0.09481222 0.005
v -0.0367848948 0.09477281 0.005
v -0.0388820842 0.09481314 0.00551859476
v -0.03669977 0.09477118 0.00592801161
v -0.0390345827 0.09481607 0.00604907
v -0.03642688 0.0947659239 0.006877283
v -0.0392989926 0.0948211551 0.006559548
v -0.0396691076 0.09482827 0.007015255
v -0.0359537229 0.09475683 0.00779077
v -0.04012473 0.09483703 0.00738543738
v -0.0352914147 0.09474409 0.008606246
v -0.0406351127 0.0948468447 0.007649897
v -0.0343352444 0.0947257057 0.0139509328
v -0.03407083 0.09472062 0.0134404544
v -0.03447609 0.09472841 0.009268679
v -0.03370072 0.0947135 0.0129847471
v -0.03448774 0.0947286338 0.0144814067
v -0.033562772 0.09471085 0.009741921
v -0.0332450941 0.09470475 0.0126145631
v -0.03273471 0.09469493 0.0123501047
v -0.032613676 0.0946926 0.0100148581
v -0.0322043337 0.09468473 0.01219758
v -0.0316858366 0.09467476 0.0101000015
v -0.0316858366 0.09467476 0.0121500008
v -0.0311673377 0.09466479 0.01219758
v -0.0307579953 0.09465692 0.0100148581
v -0.0306369588 0.09465459 0.0123501047
v -0.0298089 0.09463867 0.009741921
v -0.0301265754 0.09464478 0.0126145631
v -0.0296709538 0.0946360156 0.0129847471
v -0.0288955811 0.09462111 0.009268679
v -0.0293008387 0.0946289 0.0134404544
v -0.0280802567 0.09460543 0.008606246
v -0.0290364288 0.09462382 0.0139509328
v -0.028883934 0.09462088 0.0144814067
v -0.0288363621 0.09461997 0.0150000025
v -0.0227365587 0.09450268 0.007649897
v -0.0232469421 0.09451249 0.00738543738
v -0.0274179466 0.0945927 0.00779077
v -0.0237025656 0.0945212543 0.007015255
v -0.0269447919 0.0945836 0.006877283
v -0.02407268 0.09452837 0.006559548
v -0.02433709 0.09453345 0.00604907
v -0.0266719051 0.09457835 0.00592801161
v -0.0244895853 0.09453639 0.00551859476
v -0.0245371573 0.0945373 0.005
v -0.0244895853 0.09453639 0.004481405
v -0.02433709 0.09453345 0.00395092973
v -0.02407268 0.09452837 0.00344045181
v -0.0237025656 0.0945212543 0.0029847452
v -0.0232469421 0.09451249 0.0026145624
v -0.0239319354 0.094525665 -0.01207095
v -0.02243533 0.09449689 -0.0113082509
v -0.0236784518 0.09452079 -0.0126290135
v -0.0227365587 0.09450268 0.00235010288
v -0.022132922 0.09449107 -0.011841381
v -0.0236781556 0.0945207849 -0.01262966
v -0.0221325755 0.0944910645 -0.0118420012
v -0.0235978477 0.09451924 -0.0127720442
v -0.0220646076 0.09448976 -0.0119906757
v -0.0233824588 0.0945151 -0.0130773466
v -0.0219442621 0.09448744 -0.0123444144
v -0.02303975 0.0945085138 -0.0134740211
v -0.02182484 0.09448515 -0.01285488
v -0.02257656 0.0944996 -0.013920635
v -0.021735847 0.0944834352 -0.0134921949
v -0.0213574059 0.09447616 -0.0106475782
v -0.0199985169 0.09445003 -0.009660104
v -0.02101976 0.09446967 -0.011159109
v -0.0222061835 0.09449248 0.00219757925
v -0.0190371983 0.09443155 -0.008838911
v -0.01961645 0.09444268 -0.0101393536
v -0.0210193656 0.09446966 -0.0111596994
v -0.0196160078 0.09444267 -0.0101399124
v -0.020917777 0.09446771 -0.0112877674
v -0.0195256248 0.09444094 -0.010276122
v -0.0216876827 0.09448251 0.00214999937
v -0.02065729 0.0944627 -0.0115556084
v -0.019351434 0.0944375843 -0.0106066745
v -0.0191536434 0.0944337845 -0.0110921729
v -0.02025676 0.094455 -0.011893779
v -0.0189660676 0.09443018 -0.0117077157
v -0.0197294168 0.094444856 -0.0122624226
v -0.0211691819 0.09447254 0.00219757925
v -0.0206388049 0.09446234 0.00235010288
v -0.0201284233 0.09445253 0.0026145624
v -0.0196728 0.09444377 0.0029847452
v -0.0193026885 0.0944366455 0.00344045181
v -0.0186237022 0.09442359 -0.009291315
v -0.0190382749 0.0944315642 0.00395092973
v -0.01888578 0.09442863 0.004481405
v -0.0188382119 0.09442772 0.005
v -0.0178494845 0.0944087058 -0.0076509756
v -0.0173971634 0.09440001 -0.008064548
v -0.0186232217 0.0944235846 -0.009291835
v -0.0173966438 0.0944 -0.008065028
v -0.0185028538 0.09442127 -0.009402432
v -0.017286066 0.09439787 -0.00818542
v -0.01820368 0.0944155157 -0.009626217
v -0.0170623213 0.09439357 -0.008484649
v -0.0167910326 0.09438835 -0.008933222
v -0.01775519 0.0944068953 -0.009897558
v -0.0165094882 0.09438294 -0.009511838
v -0.0171766821 0.09439577 -0.0101791527
v -0.0170284417 0.09439292 -0.006689482
v -0.0160411485 0.094373934 -0.00533033954
v -0.0153805986 0.09436123 -0.004252218
v -0.014618041 0.09434657 -0.00275533553
v -0.0165492818 0.09438371 -0.00707162032
v -0.0155297108 0.0943641 -0.00566804828
v -0.016548723 0.0943836942 -0.00707206
v -0.0155291241 0.09436409 -0.0056684413
v -0.0164125375 0.09438108 -0.00716245966
v -0.0154010784 0.0943616256 -0.00577004859
v -0.0160820447 0.0943747237 -0.007336682
v -0.0151332859 0.09435648 -0.006030586
v -0.0155966356 0.09436539 -0.007534508
v -0.0147951785 0.09434997 -0.006431189
v -0.0149812084 0.09435356 -0.007722121
v -0.0144266021 0.09434289 -0.0069586304
v -0.0148475654 0.0943509862 -0.00455468
v -0.0140600782 0.09433584 -0.00300886342
v -0.0148469452 0.09435097 -0.0045550284
v -0.0140594319 0.0943358243 -0.00300916145
v -0.0146983005 0.09434811 -0.00462300749
v -0.0139170736 0.09433309 -0.00308948429
v -0.0136118308 0.09432722 -0.003304914
v -0.0143446252 0.0943413153 -0.00474337535
v -0.0138342567 0.0943314955 -0.00486281747
v -0.0132152271 0.0943196 -0.00364768365
v -0.0131970569 0.09431925 -0.00495182769
v -0.0127686951 0.09431101 -0.00411096076
v -0.0141342469 0.09433727 -0.00158713618
v -0.0136151928 0.0943272859 1.06305815E-05
v -0.0135604683 0.0943262354 -0.00180247426
v -0.0130244512 0.09431593 -0.0001524752
v -0.0135598015 0.09432622 -0.0018027206
v -0.0130237695 0.09431592 -0.00015266845
v -0.0134023521 0.0943231955 -0.00184660545
v -0.0128705949 0.0943129659 -0.000209728256
v -0.0130342077 0.09431612 -0.00191015331
v -0.0125354175 0.09430652 -0.0003747465
v -0.0125114378 0.09430606 -0.001948271
v -0.0120900869 0.09429796 -0.0006512427
v -0.0118681658 0.09429369 -0.00193648785
v -0.0115765948 0.09428809 -0.0010389518
v -0.0133200679 0.09432161 0.00124014425
v -0.0130573083 0.09431656 0.00289945188
v -0.01271968 0.09431007 0.00111723179
v -0.0124483258 0.0943048447 0.00283078337
v -0.0127189811 0.09431005 0.001117093
v -0.01244762 0.09430484 0.00283069955
v -0.0125566069 0.09430693 0.001098383
v -0.0122874137 0.09430175 0.00279830839
v -0.0121830571 0.09429975 0.00109321857
v -0.0119305495 0.09429489 0.00268776482
v -0.0116607565 0.0942897052 0.00113736489
v -0.0114474576 0.0942856 0.00248435116
v -0.0110272486 0.09427752 0.00124965142
v -0.0108796451 0.0942746848 0.00218175887
v -0.0129581206 0.09431465 0.00416000467
v -0.0129581206 0.09431465 0.00583999557
v -0.01888578 0.09442863 0.00551859476
v -0.0123458952 0.09430288 0.004132544
v -0.0123458952 0.09430288 0.00586745562
v -0.0123451836 0.09430286 0.00413251668
v -0.0123451836 0.09430286 0.005867483
v -0.0130573083 0.09431656 0.007100548
v -0.0121818855 0.0942997262 0.004139442
v -0.0121818855 0.0942997262 0.00586055731
v -0.0118121244 0.09429261 0.005807211
v -0.0118121244 0.09429261 0.004192789
v -0.0113031641 0.09428283 0.00431811158
v -0.0113031641 0.09428283 0.005681888
v -0.0106950123 0.09427113 0.004528137
v -0.0106950123 0.09427113 0.005471863
v -0.0190382749 0.0944315642 0.00604907
v -0.0133200679 0.09432161 0.008759856
v -0.0193026885 0.0944366455 0.006559548
v -0.01271968 0.09431007 0.008882768
v -0.0124483258 0.0943048447 0.00716921641
v -0.0127189811 0.09431005 0.008882906
v -0.01244762 0.09430484 0.0071693
v -0.0125566069 0.09430693 0.008901617
v -0.0122874137 0.09430175 0.00720169162
v -0.0121830571 0.09429975 0.008906782
v -0.0119305495 0.09429489 0.007312235
v -0.0116607565 0.0942897052 0.008862635
v -0.0114474576 0.0942856 0.007515649
v -0.0110272486 0.09427752 0.008750348
v -0.0108796451 0.0942746848 0.007818241
v -0.0136151928 0.0943272859 0.00998937
v -0.0196728 0.09444377 0.007015255
v -0.0141342469 0.09433726 0.0115871355
v -0.0201284233 0.09445253 0.00738543738
v -0.0135604683 0.0943262354 0.011802474
v -0.0130244512 0.0943159238 0.0101524759
v -0.0135598015 0.09432622 0.01180272
v -0.0130237695 0.09431591 0.0101526678
v -0.0134023521 0.09432319 0.0118466057
v -0.0128705949 0.0943129659 0.010209728
v -0.0130342077 0.09431611 0.0119101536
v -0.0125354175 0.09430652 0.0103747472
v -0.0125114378 0.09430606 0.0119482707
v -0.0120900869 0.09429796 0.010651242
v -0.0118681658 0.09429369 0.0119364876
v -0.0115765948 0.09428808 0.0110389516
v -0.014618041 0.09434657 0.0127553362
v -0.0206388049 0.09446234 0.007649897
v -0.0153805986 0.09436123 0.0142522175
v -0.0211691819 0.09447254 0.00780242076
v -0.0148475654 0.09435098 0.0145546813
v -0.0140600782 0.09433584 0.0130088646
v -0.0148469452 0.09435097 0.0145550277
v -0.0140594319 0.0943358243 0.0130091626
v -0.0139170736 0.09433309 0.0130894836
v -0.0146983005 0.09434811 0.0146230087
v -0.0143446252 0.09434131 0.0147433747
v -0.0136118308 0.09432722 0.0133049134
v -0.0138342567 0.0943314955 0.0148628186
v -0.0132152271 0.0943196 0.013647683
v -0.0131970569 0.09431925 0.014951827
v -0.0127686951 0.09431101 0.0141109619
v -0.0160411485 0.094373934 0.0153303389
v -0.0170284417 0.09439292 0.0166894812
v -0.0216876827 0.09448251 0.007850001
v -0.0165492818 0.0943837 0.01707162
v -0.0155297108 0.0943641 0.0156680476
v -0.016548723 0.0943836942 0.0170720611
v -0.0155291241 0.0943640843 0.01566844
v -0.0164125375 0.09438107 0.01716246
v -0.0154010784 0.0943616256 0.0157700479
v -0.0160820447 0.09437472 0.0173366833
v -0.0151332859 0.09435648 0.0160305854
v -0.0155966356 0.09436539 0.01753451
v -0.0147951785 0.09434997 0.01643119
v -0.01498121 0.09435355 0.0177221224
v -0.0144266039 0.09434289 0.0169586316
v -0.0178494845 0.0944087058 0.0176509768
v -0.0222061835 0.09449248 0.00780242076
v -0.0190371983 0.09443154 0.01883891
v -0.0186237022 0.09442359 0.0192913152
v -0.0173971634 0.0944 0.01806455
v -0.0186232217 0.0944235846 0.0192918368
v -0.0173966438 0.0943999961 0.01806503
v -0.0185028538 0.09442127 0.0194024332
v -0.017286066 0.09439787 0.01818542
v -0.0170623213 0.0943935663 0.01848465
v -0.01820368 0.0944155157 0.0196262188
v -0.01775519 0.09440689 0.0198975578
v -0.0167910326 0.09438835 0.0189332217
v -0.0165094882 0.0943829343 0.0195118375
v -0.0171766821 0.0943957642 0.0201791544
v -0.0199985169 0.09445003 0.0196601041
v -0.028883934 0.09462088 0.0155185964
v -0.0213574059 0.0944761559 0.02064758
v -0.02101976 0.09446967 0.02115911
v -0.01961645 0.09444268 0.0201393552
v -0.0210193656 0.09446966 0.021159701
v -0.0196160078 0.09444267 0.020139914
v -0.020917777 0.0944677 0.02128777
v -0.0195256248 0.09444094 0.0202761237
v -0.02065729 0.09446269 0.02155561
v -0.019351434 0.0944375843 0.0206066761
v -0.02243533 0.09449688 0.0213082526
v -0.02025676 0.09445499 0.02189378
v -0.0191536434 0.0944337845 0.0210921746
v -0.0189660676 0.09443017 0.0217077173
v -0.0197294168 0.094444856 0.0222624242
v -0.0290364288 0.09462382 0.0160490721
v -0.0239319354 0.094525665 0.0220709518
v -0.0293008387 0.0946289 0.01655955
v -0.0236784518 0.0945207849 0.0226290151
v -0.022132922 0.09449107 0.0218413826
v -0.0236781556 0.0945207849 0.0226296615
v -0.0221325755 0.0944910645 0.0218420029
v -0.0235978477 0.0945192352 0.0227720458
v -0.0220646076 0.09448975 0.0219906773
v -0.0250999182 0.09454812 0.0225548353
v -0.0233824588 0.09451509 0.0230773482
v -0.0219442621 0.09448744 0.022344416
v -0.02182484 0.09448515 0.0228548814
v -0.02303975 0.09450851 0.0234740227
v -0.02257656 0.0944996 0.0239206366
v -0.021735847 0.0944834352 0.0234921966
v -0.0296709538 0.0946360156 0.0170152579
v -0.02669739 0.09457884 0.0230739824
v -0.0301265754 0.09464478 0.01738544
v -0.0265343133 0.0945757 0.0236648358
v -0.0248846188 0.09454398 0.0231287181
v -0.02653412 0.0945756957 0.0236655176
v -0.0248843729 0.09454398 0.023129385
v -0.02647707 0.0945746 0.0238187183
v -0.0248404965 0.09454313 0.0232868642
v -0.026312083 0.09457143 0.024153959
v -0.02477696 0.09454191 0.0236550756
v -0.0260356367 0.0945661142 0.0245993715
v -0.02473885 0.09454118 0.0241779424
v -0.0256480016 0.0945586562 0.02511296
v -0.0247506313 0.0945414 0.0248213336
v -0.027926676 0.09460247 0.0233691633
v -0.0306369588 0.09465459 0.0176499
v -0.0295856763 0.09463438 0.0236319713
v -0.0311673377 0.09466479 0.0178024229
v -0.029517021 0.09463306 0.0242410656
v -0.0278037861 0.09460011 0.0239696633
v -0.0295169372 0.09463306 0.0242417715
v -0.0278036464 0.09460011 0.0239703618
v -0.0294845514 0.09463243 0.0244020075
v -0.02778494 0.09459975 0.0241327658
v -0.030845996 0.09465861 0.0237311777
v -0.0293740276 0.09463031 0.0247589387
v -0.0277797766 0.09459965 0.0245063864
v -0.0278239138 0.0946005 0.02502878
v -0.029170651 0.0946264 0.02524212
v -0.0279361811 0.09460266 0.0256624073
v -0.0288681164 0.09462058 0.0258100368
v -0.0316858366 0.09467476 0.0178500023
v -0.0325256772 0.09469091 0.0237311777
v -0.0322043337 0.09468473 0.0178024229
v -0.03081854 0.0946580842 0.0243435148
v -0.0337859951 0.09471514 0.0236319713
v -0.03273471 0.09469493 0.0176499
v -0.0354449973 0.0947470441 0.0233691633
v -0.0338546522 0.09471646 0.0242410656
v -0.0338547342 0.09471647 0.0242417715
v -0.0338871181 0.0947170854 0.0244020075
v -0.0332450941 0.09470474 0.01738544
v -0.0339976437 0.0947192162 0.0247589387
v -0.0324929 0.09469028 0.0248773862
v -0.0308185127 0.0946580842 0.0243442263
v -0.030825438 0.09465822 0.024507558
v -0.0325531326 0.09469144 0.0243435148
v -0.0308787748 0.09465924 0.0248773862
v -0.0325462334 0.09469131 0.024507558
v -0.03255316 0.09469144 0.0243442263
v -0.0323676 0.09468787 0.02538644
v -0.0310040731 0.09466165 0.02538644
v -0.03215761 0.09468383 0.0259947032
v -0.03121406 0.09466569 0.0259947032
v -0.03543549 0.09474686 0.0256624073
v -0.03420102 0.09472312 0.02524212
v -0.0345035568 0.09472894 0.0258100368
v -0.0355477557 0.09474902 0.02502878
v -0.0355918929 0.09474987 0.0245063864
v -0.0355678871 0.094749406 0.0239696633
v -0.03558673 0.09474977 0.0241327658
v -0.035568025 0.094749406 0.0239703618
v -0.0366742834 0.0947706848 0.0230739824
v -0.03370072 0.0947135 0.0170152579
v -0.038271755 0.0948013961 0.0225548353
v -0.036837358 0.0947738141 0.0236648358
v -0.03683755 0.09477382 0.0236655176
v -0.0368946 0.09477492 0.0238187183
v -0.03705959 0.09477809 0.024153959
v -0.0373360328 0.0947834 0.0245993715
v -0.03407083 0.09472062 0.01655955
v -0.03772367 0.09479086 0.02511296
v -0.0394397378 0.09482386 0.0220709518
v -0.0343352444 0.0947257057 0.0160490721
v -0.03848705 0.09480554 0.0231287181
v -0.0409363434 0.0948526338 0.0213082526
v -0.03969322 0.09482873 0.0226290151
v -0.03448774 0.0947286338 0.0155185964
v -0.0412387475 0.09485845 0.0218413826
v -0.0396935157 0.09482874 0.0226296615
v -0.0412390977 0.09485846 0.0218420029
v -0.0397738256 0.09483028 0.0227720458
v -0.0413070619 0.094859764 0.0219906773
v -0.0414274074 0.09486208 0.022344416
v -0.0399892144 0.0948344246 0.0230773482
v -0.04033192 0.09484101 0.0234740227
v -0.04154683 0.0948643759 0.0228548814
v -0.04079511 0.09484992 0.0239206366
v -0.0416358225 0.09486608 0.0234921966
v -0.0420142636 0.09487336 0.02064758
v -0.0433731563 0.09489949 0.0196601041
v -0.03453531 0.09472955 0.0150000025
v -0.0423519127 0.09487986 0.02115911
v -0.0437552221 0.09490684 0.0201393552
v -0.0423523039 0.0948798656 0.021159701
v -0.04375566 0.0949068442 0.020139914
v -0.0424538925 0.09488182 0.02128777
v -0.0438460447 0.09490859 0.0202761237
v -0.0427143835 0.0948868245 0.02155561
v -0.0440202355 0.09491193 0.0206066761
v -0.04311491 0.09489453 0.02189378
v -0.0442180261 0.09491574 0.0210921746
v -0.0436422564 0.09490467 0.0222624242
v -0.0444056056 0.0949193463 0.0217077173
v -0.04433447 0.0949179754 0.01883891
v -0.04116549 0.0948570445 0.00780242076
v -0.0455221869 0.09494081 0.0176509768
v -0.0416839868 0.09486701 0.007850001
v -0.0447479673 0.0949259251 0.0192913152
v -0.0459745079 0.09494951 0.01806455
v -0.0447484478 0.09492594 0.0192918368
v -0.04597503 0.09494952 0.01806503
v -0.04486882 0.09492825 0.0194024332
v -0.0460856035 0.09495165 0.01818542
v -0.04634323 0.09495661 0.0166894812
v -0.04516799 0.094934 0.0196262188
v -0.04630935 0.09495595 0.01848465
v -0.04658064 0.09496117 0.0189332217
v -0.04561648 0.09494263 0.0198975578
v -0.04619499 0.09495375 0.0201791544
v -0.04686218 0.09496658 0.0195118375
v -0.0422024876 0.09487698 0.00780242076
v -0.04733052 0.09497559 0.0153303389
v -0.04682239 0.0949658155 0.01707162
v -0.04784196 0.0949854255 0.0156680476
v -0.04682295 0.09496583 0.0170720611
v -0.0478425473 0.09498543 0.01566844
v -0.0469591357 0.0949684456 0.01716246
v -0.047970593 0.0949879 0.0157700479
v -0.04799107 0.09498829 0.0142522175
v -0.0472896248 0.0949748 0.0173366833
v -0.04823838 0.09499305 0.0160305854
v -0.04857649 0.0949995443 0.01643119
v -0.0477750339 0.09498414 0.01753451
v -0.048390463 0.09499597 0.0177221224
v -0.04894507 0.09500663 0.0169586316
v -0.0427328646 0.09488718 0.007649897
v -0.0487536266 0.09500295 0.0127553362
v -0.043243248 0.0948969945 0.00738543738
v -0.0485241041 0.09499854 0.0145546813
v -0.0493115932 0.09501368 0.0130088646
v -0.0485247225 0.09499855 0.0145550277
v -0.0493122377 0.09501369 0.0130091626
v -0.0492374226 0.095012255 0.0115871355
v -0.04867337 0.09500141 0.0146230087
v -0.0494545959 0.0950164348 0.0130894836
v -0.04975984 0.0950223 0.0133049134
v -0.0490270443 0.09500821 0.0147433747
v -0.0495374128 0.09501802 0.0148628186
v -0.0501564443 0.09502993 0.013647683
v -0.0501746126 0.09503028 0.014951827
v -0.0506029725 0.09503851 0.0141109619
v -0.04369887 0.09490576 0.007015255
v -0.0497564748 0.09502224 0.00998937
v -0.0498112 0.09502329 0.011802474
v -0.0440689847 0.09491287 0.006559548
v -0.0503472164 0.09503359 0.0101524759
v -0.04981187 0.0950233042 0.01180272
v -0.0503479019 0.09503361 0.0101526678
v -0.0499693155 0.09502633 0.0118466057
v -0.0505010746 0.09503655 0.010209728
v -0.0503374636 0.09503341 0.0119101536
v -0.05083625 0.0950429961 0.0103747472
v -0.0508602336 0.09504346 0.0119482707
v -0.0512815826 0.0950515643 0.010651242
v -0.0515035 0.09505583 0.0119364876
v -0.0517950729 0.09506144 0.0110389516
v -0.0500516 0.09502791 0.008759856
v -0.04733052 0.09497559 0.005
v -0.0443333946 0.09491796 0.00604907
v -0.05031436 0.09503297 0.007100548
v -0.05065199 0.09503946 0.008882768
v -0.0509233437 0.09504467 0.00716921641
v -0.05065269 0.09503947 0.008882906
v -0.0509240478 0.09504469 0.0071693
v -0.05081506 0.0950425938 0.008901617
v -0.0510842577 0.09504777 0.00720169162
v -0.05118861 0.0950497761 0.008906782
v -0.0514411181 0.0950546339 0.007312235
v -0.05171091 0.09505982 0.008862635
v -0.0519242138 0.09506392 0.007515649
v -0.05234442 0.095072 0.008750348
v -0.0524920225 0.09507484 0.007818241
v -0.0455221869 0.09494082 0.005
v -0.04448589 0.09492089 0.00551859476
v -0.04453346 0.094921805 0.005
v -0.04448589 0.09492089 0.004481405
v -0.0443333946 0.09491796 0.00395092973
v -0.0440689847 0.09491287 0.00344045181
v -0.0500516 0.0950279161 0.00124014425
v -0.0497564748 0.09502224 1.06305815E-05
v -0.04369887 0.09490576 0.0029847452
v -0.05031436 0.09503297 0.00289945188
v -0.05065199 0.09503946 0.00111723179
v -0.0509233437 0.09504467 0.00283078337
v -0.05065269 0.09503947 0.001117093
v -0.0509240478 0.09504469 0.00283069955
v -0.05081506 0.0950425938 0.001098383
v -0.0510842577 0.09504777 0.00279830839
v -0.05118861 0.0950497761 0.00109321857
v -0.0514411181 0.0950546339 0.00268776482
v -0.05171091 0.09505982 0.00113736489
v -0.0519242138 0.09506392 0.00248435116
v -0.05234442 0.095072 0.00124965142
v -0.0524920225 0.09507484 0.00218175887
v -0.0487536266 0.09500296 0.005
v -0.05041355 0.095034875 0.00416000467
v -0.05041355 0.095034875 0.00583999557
v -0.0497564748 0.09502224 0.005
v -0.05031436 0.09503297 0.005
v -0.0510257743 0.09504665 0.004132544
v -0.0510257743 0.09504665 0.00586745562
v -0.0510264859 0.0950466543 0.00413251668
v -0.0510264859 0.0950466543 0.005867483
v -0.051189784 0.0950498 0.004139442
v -0.051189784 0.0950498 0.00586055731
v -0.0515595451 0.09505691 0.004192789
v -0.0515595451 0.09505691 0.005807211
v -0.0520685054 0.0950667 0.00431811158
v -0.0520685054 0.0950667 0.005681888
v -0.0526766554 0.09507839 0.005471863
v -0.0526766554 0.09507839 0.004528137
v -0.03543549 0.0947468653 -0.0156624056
v -0.0345035568 0.09472895 -0.0158100352
v -0.03420102 0.09472313 -0.0152421184
v -0.0355477557 0.094749026 -0.0150287785
v -0.0355918929 0.09474987 -0.0145063847
v -0.0355678871 0.09474941 -0.0139696617
v -0.03558673 0.09474977 -0.0141327642
v -0.035568025 0.09474941 -0.01397036
v -0.0366742834 0.0947706848 -0.0130739808
v -0.03370072 0.09471351 -0.00701525668
v -0.038271755 0.0948014 -0.0125548337
v -0.03407083 0.0947206244 -0.00655954937
v -0.036837358 0.09477382 -0.0136648342
v -0.03848705 0.09480554 -0.0131287165
v -0.03683755 0.09477382 -0.0136655159
v -0.0384872966 0.0948055461 -0.0131293833
v -0.0394397378 0.09482386 -0.01207095
v -0.0368946 0.0947749242 -0.0138187166
v -0.0385311767 0.09480639 -0.0132868625
v -0.03859471 0.09480761 -0.0136550739
v -0.03705959 0.09477809 -0.0141539574
v -0.0373360328 0.09478341 -0.01459937
v -0.03863282 0.09480835 -0.0141779408
v -0.03772367 0.09479086 -0.0151129588
v -0.0386210419 0.09480812 -0.0148213319
v -0.0343352444 0.0947257057 -0.006049073
v -0.0409363434 0.09485264 -0.0113082509
v -0.03969322 0.09482873 -0.0126290135
v -0.03448774 0.09472864 -0.005518597
v -0.0412387475 0.09485845 -0.011841381
v -0.0396935157 0.09482874 -0.01262966
v -0.0412390977 0.09485846 -0.0118420012
v -0.0397738256 0.09483028 -0.0127720442
v -0.0413070619 0.094859764 -0.0119906757
v -0.0399892144 0.0948344246 -0.0130773466
v -0.0414274074 0.09486208 -0.0123444144
v -0.04154683 0.0948643759 -0.01285488
v -0.04033192 0.09484102 -0.0134740211
v -0.04079511 0.09484992 -0.013920635
v -0.0416358225 0.09486609 -0.0134921949
v -0.0420142636 0.09487337 -0.0106475782
v -0.0433731563 0.0948995 -0.009660104
v -0.0423519127 0.09487986 -0.011159109
v -0.0437552221 0.0949068442 -0.0101393536
v -0.0423523039 0.0948798656 -0.0111596994
v -0.04375566 0.09490685 -0.0101399124
v -0.0424538925 0.09488182 -0.0112877674
v -0.0438460447 0.09490859 -0.010276122
v -0.0427143835 0.0948868245 -0.0115556084
v -0.0440202355 0.09491194 -0.0106066745
v -0.0442180261 0.09491574 -0.0110921729
v -0.04311491 0.09489453 -0.011893779
v -0.0436422564 0.09490467 -0.0122624226
v -0.0444056056 0.0949193463 -0.0117077157
v -0.04433447 0.09491798 -0.008838911
v -0.04116549 0.0948570445 0.00219757925
v -0.0455221869 0.09494082 -0.0076509756
v -0.0416839868 0.09486701 0.00214999937
v -0.0447479673 0.09492593 -0.009291315
v -0.0459745079 0.09494951 -0.008064548
v -0.04634323 0.09495661 -0.006689482
v -0.0447484478 0.09492594 -0.009291835
v -0.04597503 0.09494953 -0.008065028
v -0.0460856035 0.09495165 -0.00818542
v -0.04486882 0.09492826 -0.009402432
v -0.04516799 0.09493401 -0.009626217
v -0.04630935 0.09495596 -0.008484649
v -0.04561648 0.09494263 -0.009897558
v -0.04658064 0.0949611738 -0.008933222
v -0.04619499 0.09495376 -0.0101791527
v -0.04686218 0.09496658 -0.009511838
v -0.0422024876 0.09487698 0.00219757925
v -0.04733052 0.09497559 -0.00533033954
v -0.04682239 0.09496582 -0.00707162032
v -0.04784196 0.0949854255 -0.00566804828
v -0.04682295 0.09496583 -0.00707206
v -0.0478425473 0.09498543 -0.0056684413
v -0.0469591357 0.09496845 -0.00716245966
v -0.047970593 0.0949879 -0.00577004859
v -0.0472896248 0.0949748 -0.007336682
v -0.04823838 0.09499305 -0.006030586
v -0.0477750339 0.09498414 -0.007534508
v -0.04857649 0.09499955 -0.006431189
v -0.048390463 0.0949959755 -0.007722121
v -0.04894507 0.09500664 -0.0069586304
v -0.04799107 0.0949882939 -0.004252218
v -0.0427328646 0.09488718 0.00235010288
v -0.0487536266 0.09500296 -0.00275533553
v -0.0485241041 0.09499854 -0.00455468
v -0.043243248 0.0948969945 0.0026145624
v -0.0493115932 0.0950136855 -0.00300886342
v -0.0492374226 0.095012255 -0.00158713618
v -0.0498112 0.09502329 -0.00180247426
v -0.0503472164 0.0950336 -0.0001524752
v -0.04981187 0.0950233042 -0.0018027206
v -0.0503479019 0.09503361 -0.00015266845
v -0.0499693155 0.09502633 -0.00184660545
v -0.0505010746 0.09503656 -0.000209728256
v -0.0503374636 0.09503341 -0.00191015331
v -0.05083625 0.095043 -0.0003747465
v -0.0508602336 0.0950434655 -0.001948271
v -0.0512815826 0.0950515643 -0.0006512427
v -0.0515035 0.09505583 -0.00193648785
v -0.0517950729 0.09506144 -0.0010389518
v -0.0501564443 0.09502993 -0.00364768365
v -0.0506029725 0.09503852 -0.00411096076
v -0.0501746126 0.09503028 -0.00495182769
v -0.0495374128 0.09501803 -0.00486281747
v -0.04975984 0.0950223058 -0.003304914
v -0.0490270443 0.09500821 -0.00474337535
v -0.0494545959 0.0950164348 -0.00308948429
v -0.04867337 0.0950014144 -0.00462300749
v -0.0485247225 0.09499855 -0.0045550284
v -0.0493122377 0.09501369 -0.00300916145
v -0.0384872966 0.0948055461 0.023129385
v -0.0385311767 0.09480639 0.0232868642
v -0.03859471 0.09480761 0.0236550756
v -0.03863282 0.09480834 0.0241779424
v -0.0386210419 0.09480812 0.0248213336
v -0.0247506313 0.09454141 -0.0148213319
v -0.02473885 0.09454118 -0.0141779408
v -0.0256480016 0.09455866 -0.0151129588
v -0.0260356367 0.0945661142 -0.01459937
v -0.02477696 0.0945419148 -0.0136550739
v -0.026312083 0.094571434 -0.0141539574
v -0.02647707 0.09457461 -0.0138187166
v -0.0248404965 0.09454314 -0.0132868625
v -0.0248843729 0.09454398 -0.0131293833
v -0.02653412 0.0945757 -0.0136655159
v -0.0248846188 0.094543986 -0.0131287165
v -0.0224996582 0.098498866 -0.013920635
v -0.02257656 0.0944996 -0.013920635
v -0.02296285 0.09850777 -0.0134740211
v -0.0231247582 0.09611044 -0.0133482255
v -0.02303975 0.0945085138 -0.0134740211
v -0.0233824588 0.0945151 -0.0130773466
v -0.0234966651 0.09611759 -0.0128796548
v -0.0235978477 0.09451924 -0.0127720442
v -0.02361594 0.09611988 -0.01268965
v -0.0236781556 0.0945207849 -0.01262966
v -0.02348513 0.09671748 -0.0128796548
v -0.0231132247 0.09671033 -0.0133482255
v -0.0236044042 0.09671977 -0.01268965
v -0.0236412548 0.09612037 -0.0126422625
v -0.02362972 0.09672026 -0.0126422625
v -0.0236012544 0.09852005 -0.01262966
v -0.0236398522 0.09652042 -0.0126293376
v -0.0236784518 0.09452079 -0.0126290135
v -0.023618184 0.09732015 -0.0126422625
v -0.02359287 0.09731966 -0.01268965
v -0.0234735943 0.09731737 -0.0128796548
v -0.02360155 0.0985200554 -0.0126290135
v -0.023766743 0.09652286 -0.0123499818
v -0.0239319354 0.094525665 -0.01207095
v -0.0238550343 0.09852493 -0.01207095
v -0.0236124173 0.09762009 -0.0126422625
v -0.0235871021 0.09761961 -0.01268965
v -0.0231016874 0.0973102152 -0.0133482255
v -0.0234678276 0.09761731 -0.0128796548
v -0.0236066487 0.09792004 -0.0126422625
v -0.0235813335 0.09791955 -0.01268965
v -0.02309592 0.09761016 -0.0133482255
v -0.02360088 0.09821998 -0.0126422625
v -0.0235755667 0.0982195 -0.01268965
v -0.0235209465 0.0985185057 -0.0127720442
v -0.023462059 0.09791726 -0.0128796548
v -0.02345629 0.0982172042 -0.0128796548
v -0.0233055577 0.09851436 -0.0130773466
v -0.0230901539 0.0979101062 -0.0133482255
v -0.0230843853 0.09821005 -0.0133482255
v -0.0216589458 0.0984827 -0.0134921949
v -0.02182484 0.09448515 -0.01285488
v -0.021735847 0.0944834352 -0.0134921949
v -0.02174794 0.09848441 -0.01285488
v -0.0218555275 0.09608603 -0.0125651956
v -0.0219442621 0.09448744 -0.0123444144
v -0.02186736 0.09848671 -0.0123444144
v -0.0220229849 0.09608925 -0.0120178573
v -0.0220646076 0.09448976 -0.0119906757
v -0.0219877064 0.09848902 -0.0119906757
v -0.0220794715 0.09609034 -0.0118862782
v -0.0221325755 0.0944910645 -0.0118420012
v -0.0220556743 0.09849033 -0.0118420012
v -0.0220959466 0.09609066 -0.0118529927
v -0.0220942982 0.0964906961 -0.011841692
v -0.02205602 0.098490335 -0.011841381
v -0.022132922 0.09449107 -0.011841381
v -0.0196525156 0.09844412 -0.0122624226
v -0.0197294168 0.094444856 -0.0122624226
v -0.0201798584 0.09845426 -0.011893779
v -0.0203600172 0.09605728 -0.0117876455
v -0.02025676 0.094455 -0.011893779
v -0.02065729 0.0944627 -0.0115556084
v -0.0208006315 0.09606575 -0.0113830343
v -0.020917777 0.09446771 -0.0112877674
v -0.020948153 0.09606858 -0.0112140309
v -0.0210193656 0.09446966 -0.0111596994
v -0.0207890961 0.0966656357 -0.0113830343
v -0.0203484818 0.0966571644 -0.0117876455
v -0.02093662 0.0966684744 -0.0112140309
v -0.02098057 0.09606921 -0.0111711882
v -0.0209690351 0.0966691 -0.0111711882
v -0.0209424645 0.09846892 -0.0111596994
v -0.0209811125 0.09646929 -0.0111594051
v -0.02101976 0.09446967 -0.011159109
v -0.0209575 0.09726899 -0.0111711882
v -0.0209250823 0.0972683653 -0.0112140309
v -0.02077756 0.09726553 -0.0113830343
v -0.02094286 0.09846893 -0.011159109
v -0.0211501345 0.09647255 -0.0109033436
v -0.0213574059 0.09447616 -0.0106475782
v -0.0212805048 0.09847542 -0.0106475782
v -0.020951733 0.09756893 -0.0111711882
v -0.0209193155 0.09756831 -0.0112140309
v -0.0203369483 0.0972570553 -0.0117876455
v -0.020771794 0.09756547 -0.0113830343
v -0.0209459644 0.0978688747 -0.0111711882
v -0.0209135488 0.0978682563 -0.0112140309
v -0.02033118 0.097557 -0.0117876455
v -0.0209401958 0.09816882 -0.0111711882
v -0.02090778 0.0981682 -0.0112140309
v -0.0208408758 0.09846697 -0.0112877674
v -0.0207660254 0.09786542 -0.0113830343
v -0.0207602568 0.09816536 -0.0113830343
v -0.0205803886 0.0984619558 -0.0115556084
v -0.0203254111 0.09785695 -0.0117876455
v -0.0203196444 0.09815689 -0.0117876455
v -0.0188891664 0.09842944 -0.0117077157
v -0.0191536434 0.0944337845 -0.0110921729
v -0.0189660676 0.09443018 -0.0117077157
v -0.0190767422 0.09843305 -0.0110921729
v -0.0192288831 0.0960355252 -0.0108156689
v -0.019351434 0.0944375843 -0.0106066745
v -0.0192745328 0.09843685 -0.0106066745
v -0.0194798857 0.09604035 -0.0103012733
v -0.0195256248 0.09444094 -0.010276122
v -0.0194487236 0.0984402 -0.010276122
v -0.0195562541 0.09604182 -0.0101801492
v -0.0196160078 0.09444267 -0.0101399124
v -0.0195391066 0.0984419361 -0.0101399124
v -0.0195777342 0.09604223 -0.0101498514
v -0.0195777789 0.09644231 -0.010139633
v -0.0195395481 0.09844194 -0.0101393536
v -0.01961645 0.09444268 -0.0101393536
v -0.017099781 0.0983950347 -0.0101791527
v -0.0171766821 0.09439577 -0.0101791527
v -0.0176782887 0.09840616 -0.009897558
v -0.0178733952 0.09600946 -0.009813702
v -0.01775519 0.0944068953 -0.009897558
v -0.01820368 0.0944155157 -0.009626217
v -0.0183718689 0.0960190445 -0.00948301
v -0.0185028538 0.09442127 -0.009402432
v -0.01854401 0.09602236 -0.00933917053
v -0.0186232217 0.0944235846 -0.009291835
v -0.0183603354 0.0966189355 -0.00948301
v -0.0178618617 0.096609354 -0.0098137
v -0.0185324755 0.09662224 -0.009339169
v -0.0185827278 0.0960231051 -0.009301925
v -0.0185711943 0.09662299 -0.009301923
v -0.01854632 0.09842285 -0.009291835
v -0.0185850114 0.09642322 -0.009291574
v -0.0186237022 0.09442359 -0.009291315
v -0.018559657 0.09722288 -0.009301923
v -0.01852094 0.0972221345 -0.009339169
v -0.0183488 0.09721883 -0.00948301
v -0.0185468011 0.0984228551 -0.009291315
v -0.018792 0.0964272 -0.009065112
v -0.0190371983 0.09443155 -0.008838911
v -0.0189602971 0.0984308049 -0.008838911
v -0.01855389 0.097522825 -0.009301923
v -0.0185151733 0.09752208 -0.009339169
v -0.0178503264 0.097209245 -0.0098137
v -0.0183430314 0.09751877 -0.00948301
v -0.0185481235 0.09782277 -0.009301923
v -0.0185094047 0.0978220254 -0.009339169
v -0.0178445578 0.09750918 -0.0098137
v -0.0185423549 0.098122716 -0.009301923
v -0.0185036361 0.09812197 -0.009339169
v -0.0184259526 0.09842053 -0.009402432
v -0.0183372647 0.09781872 -0.00948301
v -0.0183314979 0.09811866 -0.00948301
v -0.0181267783 0.09841478 -0.009626217
v -0.017838791 0.09780913 -0.0098137
v -0.0178330243 0.0981090739 -0.0098137
v -0.0164325871 0.0983822048 -0.009511838
v -0.0167910326 0.09438835 -0.008933222
v -0.0165094882 0.09438294 -0.009511838
v -0.0167141315 0.0983876139 -0.008933222
v -0.0169082116 0.0959909 -0.00867671
v -0.0170623213 0.09439357 -0.008484649
v -0.01698542 0.09839283 -0.008484649
v -0.01723658 0.0959972143 -0.008207917
v -0.017286066 0.09439787 -0.00818542
v -0.0172091648 0.0983971357 -0.00818542
v -0.017330952 0.09599903 -0.008100236
v -0.0173966438 0.0944 -0.008065028
v -0.0173197426 0.09839926 -0.008065028
v -0.0173569061 0.09599953 -0.008073671
v -0.0173584521 0.0963996351 -0.008064788
v -0.0173202623 0.0983992741 -0.008064548
v -0.0173971634 0.09440001 -0.008064548
v -0.0149043091 0.09835281 -0.007722121
v -0.0149812084 0.09435356 -0.007722121
v -0.0155197363 0.09836465 -0.007534508
v -0.0157261267 0.09596817 -0.00747499
v -0.0155966356 0.09436539 -0.007534508
v -0.0160820447 0.0943747237 -0.007336682
v -0.0162701849 0.09597863 -0.007226366
v -0.0164125375 0.09438108 -0.00716245966
v -0.0164627023 0.0959823355 -0.00711122854
v -0.016548723 0.0943836942 -0.00707206
v -0.01625865 0.09657852 -0.007226365
v -0.0157145914 0.09656806 -0.007474989
v -0.0164511688 0.09658223 -0.00711122947
v -0.0165067688 0.0959831849 -0.00708050234
v -0.0164952353 0.0965830758 -0.00708050141
v -0.0164718218 0.09838296 -0.00707206
v -0.01651055 0.09638333 -0.00707184
v -0.0165492818 0.09438371 -0.00707162032
v -0.016483698 0.09718296 -0.00708050141
v -0.0164396316 0.09718212 -0.00711122854
v -0.016247116 0.0971784145 -0.007226365
v -0.01647238 0.0983829647 -0.00707161939
v -0.01675041 0.0963879451 -0.00688055
v -0.0170284417 0.09439292 -0.006689482
v -0.01695154 0.09839218 -0.006689481
v -0.0164779313 0.0974829048 -0.00708050141
v -0.0164338648 0.0974820554 -0.00711122854
v -0.015703056 0.0971679538 -0.007474989
v -0.0162413474 0.09747836 -0.007226365
v -0.0164721645 0.09778285 -0.00708050141
v -0.0164280981 0.097782 -0.00711122854
v -0.01569729 0.0974679 -0.007474989
v -0.0164663959 0.0980827957 -0.00708050141
v -0.01642233 0.09808195 -0.00711122854
v -0.0163356364 0.0983803347 -0.00716245966
v -0.0162355788 0.0977783054 -0.007226365
v -0.0162298121 0.09807825 -0.007226365
v -0.0160051454 0.09837398 -0.007336682
v -0.0156915225 0.0977678448 -0.007474989
v -0.0156857539 0.09806778 -0.007474989
v -0.0143497027 0.09834215 -0.0069586304
v -0.0147951785 0.09434997 -0.006431189
v -0.0144266021 0.09434289 -0.0069586304
v -0.0147182792 0.098349236 -0.006431189
v -0.0149506573 0.09595326 -0.006200982
v -0.0151332859 0.09435648 -0.006030586
v -0.0150563866 0.09835574 -0.006030585
v -0.0153483022 0.09596091 -0.005789337
v -0.0154010784 0.0943616256 -0.00577004859
v -0.0153241791 0.09836089 -0.00577004766
v -0.0154583585 0.09596302 -0.005697749
v -0.0155291241 0.09436409 -0.0056684413
v -0.0154522248 0.09836335 -0.00566844037
v -0.0154881459 0.0959636 -0.00567557057
v -0.01549097 0.09636372 -0.005668244
v -0.0154528115 0.09836336 -0.00566804735
v -0.0155297108 0.0943641 -0.00566804828
v -0.0131201576 0.09831851 -0.00495182676
v -0.0131970569 0.09431925 -0.00495182769
v -0.0137573574 0.09833076 -0.00486281747
v -0.013971081 0.09593442 -0.00482910452
v -0.0138342567 0.0943314955 -0.00486281747
v -0.0143446252 0.0943413153 -0.00474337535
v -0.0145473294 0.09594551 -0.00466866465
v -0.0146983005 0.09434811 -0.00462300749
v -0.0147554819 0.09594951 -0.004585068
v -0.0148469452 0.09435097 -0.0045550284
v -0.014535794 0.0965454 -0.00466866465
v -0.0139595456 0.09653431 -0.00482910546
v -0.0147439465 0.0965494 -0.004585068
v -0.0148038138 0.09595044 -0.004561614
v -0.0147922784 0.09655032 -0.004561614
v -0.0147700459 0.0983502343 -0.00455502747
v -0.0148088057 0.09635061 -0.00455485424
v -0.0148475654 0.0943509862 -0.00455468
v -0.014780743 0.097150214 -0.004561614
v -0.0147324111 0.09714928 -0.004585068
v -0.0145242587 0.09714528 -0.00466866465
v -0.0147706661 0.09835024 -0.00455468
v -0.0150756333 0.0963557363 -0.004403449
v -0.0153805986 0.09436123 -0.004252218
v -0.0153036993 0.0983604938 -0.00425221724
v -0.0147749763 0.09745016 -0.004561614
v -0.0147266444 0.09744923 -0.004585068
v -0.01394801 0.0971342 -0.00482910452
v -0.0145184919 0.09744523 -0.00466866465
v -0.01476921 0.097750105 -0.004561614
v -0.0147208776 0.09774917 -0.004585068
v -0.0139422435 0.09743415 -0.00482910452
v -0.0147634409 0.09805005 -0.004561614
v -0.014715109 0.09804912 -0.004585068
v -0.0146214012 0.09834737 -0.00462300749
v -0.0145127252 0.09774517 -0.00466866465
v -0.0145069566 0.09804512 -0.00466866465
v -0.0142677259 0.09834057 -0.00474337442
v -0.0139364768 0.09773409 -0.00482910452
v -0.0139307082 0.09803404 -0.00482910452
v -0.0126917958 0.09831027 -0.00411096076
v -0.0132152271 0.0943196 -0.00364768365
v -0.0127686951 0.09431101 -0.00411096076
v -0.0131383277 0.09831886 -0.00364768272
v -0.01340442 0.09592353 -0.003449448
v -0.0136118308 0.09432722 -0.003304914
v -0.0135349315 0.09832648 -0.00330491317
v -0.0138615556 0.09593232 -0.00310509047
v -0.0139170736 0.09433309 -0.00308948429
v -0.0138401743 0.09833235 -0.00308948336
v -0.01398458 0.09593468 -0.00303184753
v -0.0140594319 0.0943358243 -0.00300916145
v -0.0139825325 0.09833509 -0.00300916145
v -0.0140174683 0.0959353149 -0.00301460316
v -0.0140213054 0.09633546 -0.00300901243
v -0.0139831789 0.0983351 -0.00300886342
v -0.0140600782 0.09433584 -0.00300886342
v -0.0117912665 0.0982929543 -0.00193648739
v -0.0118681658 0.09429369 -0.00193648785
v -0.0124345385 0.09830532 -0.00194827048
v -0.0126514751 0.09590905 -0.00194119522
v -0.0125114378 0.09430606 -0.001948271
v -0.0130342077 0.09431612 -0.00191015331
v -0.0132457186 0.09592047 -0.001872892
v -0.0134023521 0.0943231955 -0.00184660545
v -0.0134643856 0.09592468 -0.001822893
v -0.0135598015 0.09432622 -0.0018027206
v -0.0132341832 0.0965203643 -0.001872892
v -0.01263994 0.09650894 -0.00194119522
v -0.01345285 0.0965245739 -0.001822893
v -0.0135157909 0.0959256738 -0.00180728873
v -0.0135042556 0.09652556 -0.00180728873
v -0.0134829022 0.09832548 -0.00180272013
v -0.0135216862 0.09632586 -0.00180259673
v -0.0135604683 0.0943262354 -0.00180247426
v -0.01349272 0.09712545 -0.0018072892
v -0.0134413149 0.09712446 -0.00182289258
v -0.0132226478 0.0971202552 -0.00187289156
v -0.013483569 0.0983255 -0.00180247379
v -0.0138089079 0.09633138 -0.00169480452
v -0.0141342469 0.09433727 -0.00158713618
v -0.0140573476 0.0983365253 -0.00158713572
v -0.0134869535 0.0974253938 -0.00180728873
v -0.0134355482 0.0974244 -0.001822893
v -0.0126284044 0.097108826 -0.00194119476
v -0.0132168811 0.0974202 -0.001872892
v -0.0134811867 0.09772534 -0.00180728873
v -0.0134297814 0.09772435 -0.00182289258
v -0.0126226377 0.09740877 -0.00194119522
v -0.0134754181 0.0980252847 -0.00180728873
v -0.0134240128 0.0980242938 -0.00182289258
v -0.0133254528 0.09832245 -0.001846605
v -0.0132111143 0.0977201462 -0.00187289156
v -0.0132053457 0.09802009 -0.00187289156
v -0.0129573084 0.09831537 -0.00191015285
v -0.0126168709 0.09770872 -0.00194119476
v -0.0126111023 0.09800866 -0.00194119476
v -0.0114996955 0.098287344 -0.00103895133
v -0.0120900869 0.09429796 -0.0006512427
v -0.0115765948 0.09428809 -0.0010389518
v -0.0120131876 0.09829722 -0.0006512422
v -0.0123075768 0.0959024355 -0.00048986217
v -0.0125354175 0.09430652 -0.0003747465
v -0.0124585181 0.0983057842 -0.000374746043
v -0.0128129423 0.09591216 -0.00022126874
v -0.0128705949 0.0943129659 -0.000209728256
v -0.0127936956 0.09831223 -0.00020972779
v -0.0129459053 0.095914714 -0.000168176834
v -0.0130237695 0.09431592 -0.00015266845
v -0.01294687 0.09831517 -0.000152667984
v -0.0129810888 0.09591539 -0.0001562913
v -0.0129856616 0.09631555 -0.000152571592
v -0.0129475519 0.09831519 -0.000152474735
v -0.0130244512 0.09431593 -0.0001524752
v -0.0109503493 0.09827679 0.00124965189
v -0.0110272486 0.09427752 0.00124965142
v -0.0115838572 0.09828897 0.00113736535
v -0.0117997993 0.0958926752 0.00111763063
v -0.0116607565 0.0942897052 0.00113736489
v -0.0121830571 0.09429975 0.00109321857
v -0.01239741 0.095904164 0.001092115
v -0.0125566069 0.09430693 0.001098383
v -0.0126212053 0.09590847 0.001107285
v -0.0127189811 0.09431005 0.001117093
v -0.012385875 0.096504055 0.001092115
v -0.0117882639 0.0964925662 0.00111763063
v -0.01260967 0.0965083539 0.001107285
v -0.0126744173 0.09590949 0.00111465435
v -0.012662882 0.09650938 0.00111465435
v -0.0126420818 0.0983093157 0.00111709349
v -0.0126808789 0.09630969 0.00111716241
v -0.01271968 0.09431007 0.00111723179
v -0.0126513466 0.09710927 0.00111465435
v -0.0125981346 0.0971082449 0.00110728526
v -0.01237434 0.0971039459 0.00109211542
v -0.01264278 0.09830933 0.00111723226
v -0.0129814241 0.0963154659 0.00117868814
v -0.0133200679 0.09432161 0.00124014425
v -0.0132431686 0.09832087 0.00124014472
v -0.01264558 0.09740921 0.00111465435
v -0.0125923678 0.09740819 0.00110728526
v -0.0117767286 0.09709245 0.00111763086
v -0.0123685729 0.0974038839 0.00109211542
v -0.0126398131 0.09770916 0.00111465459
v -0.0125866011 0.0977081358 0.001107285
v -0.0117709618 0.0973923951 0.00111763086
v -0.0126340445 0.0980091 0.00111465459
v -0.0125808325 0.09800808 0.00110728526
v -0.0124797076 0.0983061939 0.00109838345
v -0.0123628061 0.09770383 0.00109211542
v -0.0123570375 0.0980037749 0.00109211542
v -0.0121061578 0.09829901 0.001093219
v -0.0117651951 0.09769234 0.00111763063
v -0.0117594264 0.0979922861 0.00111763086
v -0.0108027458 0.09827395 0.00218175934
v -0.0114474576 0.0942856 0.00248435116
v -0.0108796451 0.0942746848 0.00218175887
v -0.0113705583 0.09828486 0.00248435163
v -0.0116871316 0.09589051 0.00260490226
v -0.0119305495 0.09429489 0.00268776482
v -0.01185365 0.0982941538 0.00268776529
v -0.012228284 0.0959009156 0.00279111834
v -0.0122874137 0.09430175 0.00279830839
v -0.0122105144 0.0983010158 0.00279830885
v -0.0123679172 0.0959036 0.00282275258
v -0.01244762 0.09430484 0.00283069955
v -0.0123707205 0.09830409 0.0028307
v -0.0124045238 0.0959043056 0.00282898662
v -0.012409525 0.09630447 0.00283074169
v -0.0123714264 0.09830411 0.00283078384
v -0.0124483258 0.0943048447 0.00283078337
v -0.010618113 0.0982703939 0.00452813739
v -0.0106950123 0.09427113 0.004528137
v -0.0112262648 0.09828209 0.004318112
v -0.0114370249 0.095885694 0.004272053
v -0.0113031641 0.09428283 0.00431811158
v -0.0118121244 0.09429261 0.004192789
v -0.0120232925 0.0958969742 0.004153347
v -0.0121818855 0.0942997262 0.004139442
v -0.0122467037 0.0959012657 0.00413331436
v -0.0123451836 0.09430286 0.00413251668
v -0.0120117571 0.09649686 0.004153347
v -0.01142549 0.096485585 0.004272053
v -0.0122351684 0.09650116 0.00413331436
v -0.0123004094 0.0959023 0.00413226755
v -0.012288874 0.0965021849 0.00413226755
v -0.0122682843 0.0983021259 0.004132517
v -0.0123070907 0.0963025 0.00413253065
v -0.0123458952 0.09430288 0.004132544
v -0.0122773387 0.0971020758 0.00413226755
v -0.012223633 0.09710105 0.00413331436
v -0.0120002218 0.09709675 0.004153347
v -0.0122689959 0.09830214 0.00413254462
v -0.0126135591 0.0963083953 0.00414627464
v -0.0129581206 0.09431465 0.00416000467
v -0.0128812212 0.09831391 0.00416000467
v -0.0122715719 0.09740202 0.00413226755
v -0.0122178663 0.0974009857 0.00413331436
v -0.0114139542 0.0970854759 0.004272053
v -0.011994455 0.0973966941 0.004153347
v -0.0122658052 0.09770197 0.00413226755
v -0.0122120995 0.09770093 0.00413331436
v -0.0114081874 0.09738542 0.004272053
v -0.0122600365 0.09800191 0.00413226755
v -0.0122063309 0.09800088 0.004133315
v -0.0121049862 0.09829898 0.004139443
v -0.0119886883 0.09769664 0.004153347
v -0.01198292 0.0979965851 0.00415334757
v -0.0117352251 0.0982918739 0.004192789
v -0.0114024207 0.09768537 0.004272053
v -0.0113966521 0.09798531 0.004272053
v -0.010618113 0.0982703939 0.00547186332
v -0.0113031641 0.09428283 0.005681888
v -0.0106950123 0.09427113 0.005471863
v -0.0112262648 0.09828209 0.00568188867
v -0.0115583614 0.09588803 0.005758642
v -0.0118121244 0.09429261 0.005807211
v -0.0117352251 0.0982918739 0.00580721162
v -0.0121219773 0.09589887 0.005857895
v -0.0121818855 0.0942997262 0.00586055731
v -0.0121049862 0.09829898 0.005860558
v -0.0122648384 0.0959016159 0.005867292
v -0.0123451836 0.09430286 0.005867483
v -0.0122682843 0.0983021259 0.00586748356
v -0.0123019721 0.09590233 0.00586772244
v -0.0123070907 0.0963025 0.00586746959
v -0.0122689959 0.09830214 0.005867456
v -0.0123458952 0.09430288 0.00586745562
v -0.0108027458 0.09827395 0.007818242
v -0.0108796451 0.0942746848 0.007818241
v -0.0113705583 0.09828486 0.00751564931
v -0.0115720872 0.0958882943 0.00744439941
v -0.0114474576 0.0942856 0.007515649
v -0.0119305495 0.09429489 0.007312235
v -0.0121325683 0.0958990753 0.00723542646
v -0.0122874137 0.09430175 0.00720169162
v -0.0123500992 0.095903255 0.00718068425
v -0.01244762 0.09430484 0.0071693
v -0.0121210329 0.09649896 0.00723542646
v -0.0115605518 0.0964881852 0.00744439941
v -0.0123385638 0.096503146 0.00718068425
v -0.0124029815 0.09590427 0.007171247
v -0.0123914462 0.09650416 0.007171247
v -0.0123707205 0.09830409 0.00716930069
v -0.012409525 0.09630447 0.00716925832
v -0.0124483258 0.0943048447 0.00716921641
v -0.0123799108 0.09710405 0.007171247
v -0.0123270284 0.09710303 0.00718068471
v -0.0121094976 0.09709885 0.00723542646
v -0.0123714264 0.09830411 0.007169217
v -0.0127143692 0.09631033 0.00713488227
v -0.0130573083 0.09431656 0.007100548
v -0.012980409 0.09831582 0.0071005486
v -0.012374144 0.0974039957 0.007171247
v -0.0123212617 0.097402975 0.00718068471
v -0.0115490165 0.0970880762 0.00744439941
v -0.0121037308 0.0973987952 0.00723542646
v -0.0123683773 0.09770394 0.007171247
v -0.0123154949 0.09770292 0.00718068425
v -0.01154325 0.0973880142 0.00744439941
v -0.0123626087 0.09800389 0.007171247
v -0.0123097263 0.0980028659 0.00718068471
v -0.0122105144 0.0983010158 0.007201692
v -0.0120979641 0.09769874 0.00723542646
v -0.0120921955 0.0979986861 0.00723542646
v -0.01185365 0.0982941538 0.00731223542
v -0.011537483 0.09768796 0.00744439941
v -0.0115317143 0.0979879051 0.00744439941
v -0.0109503493 0.09827679 0.008750349
v -0.0116607565 0.0942897052 0.008862635
v -0.0110272486 0.09427752 0.008750348
v -0.0115838572 0.09828897 0.008862635
v -0.0119244419 0.09589507 0.008893702
v -0.0121830571 0.09429975 0.008906782
v -0.0121061578 0.09829901 0.008906782
v -0.0124966409 0.09590607 0.008903548
v -0.0125566069 0.09430693 0.008901617
v -0.0124797076 0.0983061939 0.00890161749
v -0.0126392134 0.09590881 0.008890477
v -0.0127189811 0.09431005 0.008882906
v -0.0126420818 0.0983093157 0.008882907
v -0.01267596 0.09590952 0.008885091
v -0.0126808789 0.09630969 0.008882837
v -0.01264278 0.09830932 0.008882768
v -0.01271968 0.09431007 0.008882768
v -0.0114996955 0.098287344 0.0110389516
v -0.0115765948 0.09428808 0.0110389516
v -0.0120131876 0.09829722 0.0106512429
v -0.0122016612 0.0959004 0.0105565563
v -0.0120900869 0.09429796 0.010651242
v -0.0125354175 0.09430652 0.0103747472
v -0.0127225555 0.0959104151 0.0102624614
v -0.0128705949 0.0943129659 0.010209728
v -0.0129288454 0.0959143862 0.0101743583
v -0.0130237695 0.09431591 0.0101526678
v -0.01271102 0.096510306 0.0102624614
v -0.0121901259 0.09650029 0.0105565563
v -0.01291731 0.09651427 0.0101743583
v -0.0129795987 0.09591536 0.0101567637
v -0.0129680634 0.0965152457 0.0101567637
v -0.01294687 0.09831517 0.0101526687
v -0.0129856616 0.09631555 0.0101525709
v -0.0130244512 0.0943159238 0.0101524759
v -0.012956528 0.09711514 0.0101567637
v -0.0129057746 0.09711416 0.0101743592
v -0.0126994848 0.0971102 0.0102624623
v -0.0129475519 0.09831519 0.0101524759
v -0.0132813733 0.09632123 0.0100709219
v -0.0136151928 0.0943272859 0.00998937
v -0.0135382935 0.09832655 0.00998937
v -0.0129507612 0.09741508 0.0101567637
v -0.0129000079 0.0974141061 0.0101743583
v -0.0121785905 0.0971001759 0.0105565572
v -0.0126937181 0.09741014 0.0102624614
v -0.0129449945 0.09771503 0.0101567637
v -0.0128942411 0.09771405 0.0101743592
v -0.0121728238 0.09740012 0.0105565563
v -0.0129392259 0.09801497 0.0101567637
v -0.0128884725 0.098014 0.0101743592
v -0.0127936956 0.09831223 0.010209728
v -0.0126879513 0.09771009 0.0102624623
v -0.0126821827 0.0980100259 0.0102624623
v -0.0124585181 0.0983057842 0.0103747472
v -0.012167057 0.09770007 0.0105565572
v -0.0121612884 0.09800001 0.0105565572
v -0.0117912665 0.0982929543 0.0119364876
v -0.0125114378 0.09430606 0.0119482707
v -0.0118681658 0.09429369 0.0119364876
v -0.0124345385 0.09830532 0.0119482707
v -0.0127763562 0.09591145 0.0119328853
v -0.0130342077 0.09431611 0.0119101536
v -0.0129573084 0.09831537 0.0119101536
v -0.0133430474 0.09592235 0.0118530821
v -0.0134023521 0.09432319 0.0118466057
v -0.0133254528 0.09832245 0.0118466057
v -0.0134818256 0.09592502 0.0118178651
v -0.0135598015 0.09432622 0.01180272
v -0.0134829022 0.09832548 0.0118027208
v -0.0135172717 0.0959256962 0.0118067954
v -0.0135216862 0.09632585 0.011802597
v -0.013483569 0.09832549 0.011802474
v -0.0135604683 0.0943262354 0.011802474
v -0.0126917958 0.09831027 0.0141109619
v -0.0127686951 0.09431101 0.0141109619
v -0.0131383277 0.09831885 0.013647683
v -0.0133102406 0.09592172 0.0135318935
v -0.0132152271 0.0943196 0.013647683
v -0.0136118308 0.09432722 0.0133049134
v -0.0137787256 0.0959307253 0.0131599177
v -0.0139170736 0.09433309 0.0130894836
v -0.0139686931 0.0959343761 0.0130406227
v -0.0140594319 0.0943358243 0.0130091626
v -0.01376719 0.09653062 0.0131599195
v -0.0132987052 0.0965216 0.0135318935
v -0.0139571577 0.09653427 0.0130406227
v -0.0140160732 0.0959352851 0.0130153019
v -0.0140045378 0.096535176 0.0130153038
v -0.0139825325 0.09833509 0.0130091626
v -0.0140213054 0.09633546 0.0130090136
v -0.0140600782 0.09433584 0.0130088646
v -0.0139930025 0.09713507 0.0130153038
v -0.0139456224 0.09713416 0.0130406227
v -0.0137556549 0.0971305 0.0131599195
v -0.0139831789 0.0983351 0.0130088646
v -0.0143006127 0.0963408351 0.0128821
v -0.014618041 0.09434657 0.0127553362
v -0.0145411417 0.09834583 0.0127553362
v -0.0139872357 0.09743501 0.0130153038
v -0.0139398556 0.0974341 0.0130406227
v -0.01328717 0.09712149 0.0135318935
v -0.0137498882 0.0974304453 0.0131599195
v -0.013981469 0.09773496 0.0130153038
v -0.0139340889 0.09773405 0.0130406227
v -0.0132814031 0.09742144 0.0135318935
v -0.0139757 0.0980349 0.0130153038
v -0.01392832 0.09803399 0.0130406227
v -0.0138401743 0.09833235 0.0130894836
v -0.0137441214 0.09773039 0.0131599195
v -0.0137383528 0.0980303362 0.0131599195
v -0.0135349315 0.09832648 0.0133049134
v -0.0132756364 0.09772138 0.0135318935
v -0.0132698677 0.09802133 0.0135318935
v -0.0131201576 0.0983185 0.014951827
v -0.0138342567 0.0943314955 0.0148628186
v -0.0131970569 0.09431925 0.014951827
v -0.0137573574 0.09833076 0.0148628186
v -0.0140931252 0.09593677 0.0148013588
v -0.0143446252 0.09434131 0.0147433747
v -0.0142677259 0.09834057 0.0147433747
v -0.0146403629 0.0959472954 0.01463387
v -0.0146983005 0.09434811 0.0146230087
v -0.0146214012 0.09834737 0.0146230087
v -0.01477192 0.09594982 0.0145773739
v -0.0148469452 0.09435097 0.0145550277
v -0.0147700459 0.09835023 0.0145550277
v -0.0148051977 0.09595046 0.014560895
v -0.0148088057 0.0963506 0.0145548545
v -0.0147706661 0.09835024 0.0145546813
v -0.0148475654 0.09435098 0.0145546813
v -0.0143497027 0.09834215 0.0169586316
v -0.0144266039 0.09434289 0.0169586316
v -0.0147182792 0.098349236 0.01643119
v -0.0148705337 0.09595172 0.0162971467
v -0.0147951785 0.09434997 0.01643119
v -0.0151332859 0.09435648 0.0160305854
v -0.01527507 0.0959595 0.01585645
v -0.0154010784 0.0943616256 0.0157700479
v -0.01544404 0.09596275 0.015708901
v -0.0155291241 0.0943640843 0.01566844
v -0.0152635351 0.09655938 0.0158564523
v -0.0148589984 0.0965516046 0.0162971467
v -0.0154325049 0.09656264 0.015708901
v -0.0154868755 0.09596357 0.0156764779
v -0.01547534 0.09656346 0.01567648
v -0.0154522248 0.09836335 0.01566844
v -0.01549097 0.09636372 0.015668245
v -0.0155297108 0.0943641 0.0156680476
v -0.0154638048 0.09716335 0.01567648
v -0.01542097 0.09716252 0.015708901
v -0.015252 0.0971592739 0.0158564523
v -0.0154528115 0.09836336 0.0156680476
v -0.0157469828 0.09636865 0.0154991932
v -0.0160411485 0.094373934 0.0153303389
v -0.01596425 0.0983732 0.0153303389
v -0.0154580381 0.0974632949 0.01567648
v -0.0154152028 0.09746247 0.015708901
v -0.014847463 0.0971514955 0.0162971467
v -0.015246233 0.09745922 0.0158564523
v -0.0154522713 0.09776324 0.01567648
v -0.0154094361 0.09776241 0.015708901
v -0.0148416962 0.09745144 0.0162971467
v -0.0154465027 0.0980631858 0.01567648
v -0.0154036675 0.09806236 0.015708901
v -0.0153241791 0.09836089 0.0157700479
v -0.0152404662 0.0977591649 0.0158564523
v -0.0152346976 0.09805911 0.0158564523
v -0.0150563866 0.09835574 0.0160305854
v -0.0148359295 0.09775139 0.0162971467
v -0.0148301609 0.09805133 0.0162971467
v -0.0149043091 0.09835281 0.0177221224
v -0.0155966356 0.09436539 0.01753451
v -0.01498121 0.09435355 0.0177221224
v -0.0155197363 0.0983646438 0.01753451
v -0.0158423278 0.09597041 0.01742849
v -0.0160820447 0.09437472 0.0173366833
v -0.0160051454 0.09837398 0.0173366833
v -0.0163566321 0.095980294 0.01717744
v -0.0164125375 0.09438107 0.01716246
v -0.0163356364 0.0983803347 0.01716246
v -0.0164777339 0.0959826261 0.0171010569
v -0.016548723 0.0943836942 0.0170720611
v -0.0164718218 0.09838295 0.0170720611
v -0.016508026 0.09598321 0.0170795731
v -0.01651055 0.0963833258 0.0170718413
v -0.01647238 0.0983829647 0.01707162
v -0.0165492818 0.0943837 0.01707162
v -0.0164325871 0.0983822 0.0195118375
v -0.0165094882 0.0943829343 0.0195118375
v -0.0167141315 0.0983876139 0.0189332217
v -0.0168441143 0.09598967 0.0187842268
v -0.0167910326 0.09438835 0.0189332217
v -0.0170623213 0.0943935663 0.01848465
v -0.0171747431 0.09599602 0.0182856619
v -0.017286066 0.09439787 0.01818542
v -0.0173185561 0.0959987938 0.01811349
v -0.0173966438 0.0943999961 0.01806503
v -0.01716321 0.09659591 0.0182856619
v -0.0168325789 0.09658956 0.0187842268
v -0.01730702 0.09659868 0.01811349
v -0.0173557959 0.09599951 0.0180747639
v -0.0173442625 0.09659939 0.0180747658
v -0.0173197426 0.09839926 0.01806503
v -0.0173584521 0.09639963 0.01806479
v -0.0173971634 0.0944 0.01806455
v -0.0173327252 0.09719928 0.0180747658
v -0.0172954872 0.09719857 0.01811349
v -0.0171516743 0.0971958041 0.0182856619
v -0.0173202623 0.09839927 0.01806455
v -0.0175848715 0.0964039862 0.0178577621
v -0.0178494845 0.0944087058 0.0176509768
v -0.0177725833 0.09840796 0.0176509768
v -0.0173269585 0.09749923 0.0180747658
v -0.0172897186 0.0974985138 0.01811349
v -0.0168210454 0.09718945 0.0187842268
v -0.0171459056 0.09749575 0.0182856619
v -0.0173211917 0.0977991745 0.0180747658
v -0.01728395 0.09779846 0.01811349
v -0.0168152768 0.09748939 0.0187842268
v -0.0173154231 0.09809912 0.0180747658
v -0.0172781833 0.0980984047 0.01811349
v -0.0172091648 0.09839713 0.01818542
v -0.0171401389 0.0977956951 0.0182856619
v -0.0171343721 0.09809564 0.0182856619
v -0.01698542 0.09839283 0.01848465
v -0.0168095082 0.09778933 0.0187842268
v -0.0168037415 0.09808928 0.0187842268
v -0.017099781 0.09839503 0.0201791544
v -0.01775519 0.09440689 0.0198975578
v -0.0171766821 0.0943957642 0.0201791544
v -0.0176782887 0.09840615 0.0198975578
v -0.0179808959 0.09601153 0.01974959
v -0.01820368 0.0944155157 0.0196262188
v -0.0181267783 0.09841478 0.0196262188
v -0.0184496 0.0960205346 0.0194211621
v -0.0185028538 0.09442127 0.0194024332
v -0.0184259526 0.09842053 0.0194024332
v -0.0185572635 0.0960226059 0.01932677
v -0.0186232217 0.0944235846 0.0192918368
v -0.01854632 0.09842284 0.0192918368
v -0.018583823 0.09602312 0.0193008129
v -0.0185850114 0.0964232162 0.019291576
v -0.0185468011 0.0984228551 0.0192913152
v -0.0186237022 0.09442359 0.0192913152
v -0.0188891664 0.098429434 0.0217077173
v -0.0189660676 0.09443017 0.0217077173
v -0.0190767422 0.09843304 0.0210921746
v -0.0191823933 0.09603463 0.020931894
v -0.0191536434 0.0944337845 0.0210921746
v -0.019351434 0.0944375843 0.0206066761
v -0.01943097 0.09603941 0.0203877334
v -0.0195256248 0.09444094 0.0202761237
v -0.0195460841 0.09604162 0.02019518
v -0.0196160078 0.09444267 0.020139914
v -0.0194194354 0.0966393 0.0203877352
v -0.019170858 0.09663452 0.020931894
v -0.01953455 0.09664151 0.0201951824
v -0.0195768066 0.0960422158 0.0201511066
v -0.0195652731 0.0966421 0.0201511085
v -0.0195391066 0.0984419361 0.020139914
v -0.0195777789 0.0964423046 0.0201396346
v -0.01961645 0.09444268 0.0201393552
v -0.0195537359 0.09724199 0.0201511085
v -0.0195230152 0.0972414 0.0201951824
v -0.0194079019 0.09723919 0.0203877352
v -0.0195395481 0.09844194 0.0201393552
v -0.0197690316 0.0964459851 0.01989973
v -0.0199985169 0.09445003 0.0196601041
v -0.0199216157 0.09844929 0.0196601041
v -0.01954797 0.0975419357 0.0201511085
v -0.0195172466 0.09754135 0.0201951824
v -0.0191593245 0.0972344056 0.020931894
v -0.0194021333 0.0975391343 0.0203877352
v -0.0195422024 0.09784188 0.0201511085
v -0.01951148 0.09784129 0.0201951824
v -0.0191535559 0.09753435 0.020931894
v -0.0195364337 0.09814183 0.0201511085
v -0.0195057131 0.09814124 0.0201951824
v -0.0194487236 0.09844019 0.0202761237
v -0.0193963647 0.09783908 0.0203877352
v -0.0193905979 0.09813902 0.0203877334
v -0.0192745328 0.09843685 0.0206066761
v -0.0191477872 0.0978343 0.020931894
v -0.01914202 0.09813424 0.020931894
v -0.0196525156 0.09844411 0.0222624242
v -0.02025676 0.09445499 0.02189378
v -0.0197294168 0.094444856 0.0222624242
v -0.0201798584 0.09845425 0.02189378
v -0.0204561651 0.09605912 0.0217075087
v -0.02065729 0.09446269 0.02155561
v -0.0205803886 0.0984619558 0.02155561
v -0.0208677314 0.09606703 0.02130979
v -0.020917777 0.0944677 0.02128777
v -0.0208408758 0.09846696 0.02128777
v -0.0209593028 0.0960688 0.0211997144
v -0.0210193656 0.09446966 0.021159701
v -0.0209424645 0.0984689146 0.021159701
v -0.02098148 0.0960692242 0.02116992
v -0.0209811125 0.09646929 0.0211594068
v -0.02094286 0.09846892 0.02115911
v -0.02101976 0.09446967 0.02115911
v -0.0216589458 0.0984827 0.0234921966
v -0.021735847 0.0944834352 0.0234921966
v -0.02174794 0.0984844044 0.0228548814
v -0.0218277872 0.0960854962 0.0226872638
v -0.02182484 0.09448515 0.0228548814
v -0.0219442621 0.09448744 0.022344416
v -0.0219881982 0.09608858 0.0221109111
v -0.0220646076 0.09448975 0.0219906773
v -0.0220717788 0.09609019 0.0219027176
v -0.0221325755 0.0944910645 0.0218420029
v -0.0219766628 0.09668847 0.0221109111
v -0.0218162537 0.09668539 0.0226872638
v -0.0220602453 0.09669008 0.0219027176
v -0.02209523 0.09609064 0.0218543783
v -0.022083696 0.09669053 0.0218543783
v -0.0220556743 0.09849032 0.0218420029
v -0.0220942982 0.0964906961 0.0218416937
v -0.022132922 0.09449107 0.0218413826
v -0.0220721588 0.09729042 0.0218543783
v -0.0220487081 0.0972899646 0.0219027176
v -0.0219651274 0.09728836 0.0221109111
v -0.02205602 0.09849033 0.0218413826
v -0.0222456753 0.09649361 0.0215748176
v -0.02243533 0.09449688 0.0213082526
v -0.0223584287 0.09849615 0.0213082526
v -0.022066392 0.0975903645 0.0218543783
v -0.0220429413 0.09758991 0.0219027176
v -0.0218047164 0.09728528 0.0226872638
v -0.02195936 0.0975883 0.0221109111
v -0.0220606253 0.09789031 0.0218543783
v -0.0220371746 0.0978898555 0.0219027176
v -0.02179895 0.0975852162 0.0226872638
v -0.0220548566 0.09819025 0.0218543783
v -0.0220314059 0.0981898 0.0219027176
v -0.0219877064 0.09848902 0.0219906773
v -0.0219535921 0.0978882462 0.0221109111
v -0.0219478235 0.09818819 0.0221109111
v -0.02186736 0.0984867 0.022344416
v -0.0217931829 0.09788516 0.0226872638
v -0.0217874143 0.09818511 0.0226872638
v -0.0224996582 0.09849886 0.0239206366
v -0.02303975 0.09450851 0.0234740227
v -0.02257656 0.0944996 0.0239206366
v -0.02296285 0.09850777 0.0234740227
v -0.0232071877 0.09611202 0.02325403
v -0.0233824588 0.09451509 0.0230773482
v -0.0233055577 0.0985143557 0.0230773482
v -0.0235514827 0.0961186439 0.0227968115
v -0.0235978477 0.0945192352 0.0227720458
v -0.0235209465 0.0985185 0.0227720458
v -0.0236247126 0.09612005 0.0226737652
v -0.0236781556 0.0945207849 0.0226296615
v -0.0236012544 0.09852004 0.0226296615
v -0.0236419532 0.09612038 0.022640869
v -0.0236398522 0.09652042 0.02262934
v -0.02360155 0.09852005 0.0226290151
v -0.0236784518 0.0945207849 0.0226290151
v -0.02467373 0.09854066 0.0248213336
v -0.0247506313 0.0945414 0.0248213336
v -0.0246619489 0.09854044 0.0241779424
v -0.0247151628 0.09614102 0.0240071155
v -0.02473885 0.09454118 0.0241779424
v -0.02477696 0.09454191 0.0236550756
v -0.0247834548 0.09614233 0.02341276
v -0.0248404965 0.09454313 0.0232868642
v -0.0248334445 0.09614329 0.0231940523
v -0.0248843729 0.09454398 0.023129385
v -0.02477192 0.09674222 0.02341276
v -0.02470363 0.09674091 0.0240071155
v -0.02482191 0.09674318 0.0231940523
v -0.024849046 0.09614359 0.02314264
v -0.02483751 0.09674348 0.02314264
v -0.0248074718 0.0985432342 0.023129385
v -0.0248460472 0.09654361 0.0231290516
v -0.0248846188 0.09454398 0.0231287181
v -0.0248259753 0.09734337 0.02314264
v -0.0248103738 0.09734307 0.0231940523
v -0.0247603841 0.09734211 0.02341276
v -0.02480772 0.09854324 0.0231287181
v -0.0249538179 0.09654568 0.0228417777
v -0.0250999182 0.09454812 0.0225548353
v -0.0250230171 0.0985473841 0.0225548353
v -0.0248202085 0.0976433158 0.02314264
v -0.024804607 0.09764302 0.0231940523
v -0.024692094 0.09734079 0.0240071155
v -0.0247546174 0.09764206 0.02341276
v -0.02481444 0.09794326 0.02314264
v -0.0247988384 0.09794296 0.0231940523
v -0.0246863253 0.09764074 0.0240071155
v -0.0248086713 0.09824321 0.02314264
v -0.0247930717 0.0982429 0.0231940523
v -0.0247635953 0.09854239 0.0232868642
v -0.0247488488 0.097942 0.02341276
v -0.024743082 0.09824194 0.02341276
v -0.02470006 0.09854117 0.0236550756
v -0.0246805586 0.09794068 0.0240071155
v -0.02467479 0.09824063 0.0240071155
v -0.0255711 0.09855792 0.02511296
v -0.0260356367 0.0945661142 0.0245993715
v -0.0256480016 0.0945586562 0.02511296
v -0.0259587374 0.09856538 0.0245993715
v -0.0261662267 0.09616892 0.0243510772
v -0.026312083 0.09457143 0.024153959
v -0.0262351818 0.09857069 0.024153959
v -0.0264347717 0.09617408 0.0238456186
v -0.02647707 0.0945746 0.0238187183
v -0.0264001712 0.09857386 0.0238187183
v -0.0264878534 0.0961751044 0.02371263
v -0.02653412 0.0945756957 0.0236655176
v -0.0264572185 0.09857496 0.0236655176
v -0.0264997371 0.0961753353 0.0236774385
v -0.0264957659 0.09657533 0.0236651767
v -0.0264574122 0.0985749662 0.0236648358
v -0.0265343133 0.0945757 0.0236648358
v -0.02785928 0.09860192 0.0256624073
v -0.0279361811 0.09460266 0.0256624073
v -0.0277470145 0.09859976 0.02502878
v -0.027773425 0.0961998254 0.0248589478
v -0.0278239138 0.0946005 0.02502878
v -0.0277797766 0.09459965 0.0245063864
v -0.0277479123 0.09619933 0.024261225
v -0.02778494 0.09459975 0.0241327658
v -0.02776308 0.0961996242 0.02403739
v -0.0278036464 0.09460011 0.0239703618
v -0.027736377 0.0967992246 0.024261225
v -0.0277618878 0.09679972 0.0248589478
v -0.0277515445 0.0967995152 0.02403739
v -0.0277704485 0.0961997658 0.02398417
v -0.0277589131 0.09679966 0.02398417
v -0.0277267471 0.0985993743 0.0239703618
v -0.0277652666 0.09659974 0.0239700153
v -0.0278037861 0.09460011 0.0239696633
v -0.0277473778 0.09739955 0.02398417
v -0.02774001 0.0973994061 0.02403739
v -0.0277248435 0.0973991156 0.024261225
v -0.0277268849 0.0985993743 0.0239696633
v -0.0278267786 0.09660092 0.0236694142
v -0.027926676 0.09460247 0.0233691633
v -0.0278497748 0.0986017361 0.0233691633
v -0.027741611 0.09769949 0.02398417
v -0.0277342424 0.0976993442 0.02403739
v -0.0277503543 0.0973996 0.0248589478
v -0.0277190749 0.09769905 0.024261225
v -0.0277358424 0.09799944 0.02398417
v -0.0277284756 0.09799929 0.02403739
v -0.0277445856 0.0976995453 0.0248589478
v -0.0277300756 0.09829938 0.02398417
v -0.027722707 0.0982992351 0.02403739
v -0.0277080387 0.09859901 0.0241327658
v -0.0277133062 0.097999 0.024261225
v -0.02770754 0.0982989445 0.024261225
v -0.0277028754 0.09859891 0.0245063864
v -0.0277388189 0.09799949 0.0248589478
v -0.02773305 0.0982994363 0.0248589478
v -0.0287912153 0.09861984 0.0258100368
v -0.029170651 0.0946264 0.02524212
v -0.0288681164 0.09462058 0.0258100368
v -0.0290937517 0.09862566 0.02524212
v -0.02926042 0.09622842 0.0249716379
v -0.0293740276 0.09463031 0.0247589387
v -0.0292971265 0.098629564 0.0247589387
v -0.0294466019 0.096232 0.0244303849
v -0.0294845514 0.09463243 0.0244020075
v -0.02940765 0.0986316949 0.0244020075
v -0.02947823 0.09623261 0.0242907256
v -0.0295169372 0.09463306 0.0242417715
v -0.029440036 0.09863231 0.0242417715
v -0.029484462 0.09623273 0.0242541116
v -0.0294785276 0.09663268 0.0242414176
v -0.02944012 0.09863232 0.0242410656
v -0.029517021 0.09463306 0.0242410656
v -0.03113716 0.09866495 0.0259947032
v -0.03121406 0.09466569 0.0259947032
v -0.0309271719 0.09866091 0.02538644
v -0.0309272632 0.0962604657 0.02522179
v -0.0310040731 0.09466165 0.02538644
v -0.0308787748 0.09465924 0.0248773862
v -0.03080858 0.0962581858 0.0246354137
v -0.030825438 0.09465822 0.024507558
v -0.03078855 0.0962578 0.0244119614
v -0.0308185127 0.0946580842 0.0243442263
v -0.0307970438 0.09685808 0.0246354137
v -0.0309157278 0.09686036 0.02522179
v -0.0307770148 0.09685769 0.0244119614
v -0.0307875033 0.09625778 0.0243582446
v -0.030775968 0.09685767 0.0243582446
v -0.0307416115 0.09865734 0.0243442263
v -0.030780077 0.09665771 0.02434387
v -0.03081854 0.0946580842 0.0243435148
v -0.0307644326 0.09745756 0.0243582446
v -0.03076548 0.09745758 0.0244119614
v -0.0307855085 0.09745797 0.0246354137
v -0.03074164 0.09865734 0.0243435148
v -0.0307938177 0.09665798 0.0240373462
v -0.030845996 0.09465861 0.0237311777
v -0.0307690948 0.09865787 0.0237311777
v -0.0307586659 0.0977575 0.0243582446
v -0.0307597127 0.0977575257 0.0244119614
v -0.0309041925 0.09746025 0.02522179
v -0.0307797417 0.0977579057 0.0246354137
v -0.0307528973 0.09805745 0.0243582446
v -0.0307539441 0.09805747 0.0244119614
v -0.0308984239 0.09776019 0.02522179
v -0.03074713 0.0983573943 0.0243582446
v -0.0307481773 0.09835742 0.0244119614
v -0.0307485368 0.0986574739 0.024507558
v -0.0307739731 0.09805785 0.0246354137
v -0.0307682063 0.0983578 0.0246354137
v -0.0308018737 0.0986585 0.0248773862
v -0.0308926571 0.09806014 0.02522179
v -0.03088689 0.098360084 0.02522179
v -0.03208071 0.09868309 0.0259947032
v -0.0323676 0.09468787 0.02538644
v -0.03215761 0.09468383 0.0259947032
v -0.0322906971 0.09868713 0.02538644
v -0.0324135758 0.0962890461 0.02510043
v -0.0324929 0.09469028 0.0248773862
v -0.0324159972 0.09868954 0.0248773862
v -0.03251281 0.09629095 0.02453671
v -0.0325462334 0.09469131 0.024507558
v -0.0324693322 0.09869056 0.024507558
v -0.03252221 0.09629114 0.024393823
v -0.03255316 0.09469144 0.0243442263
v -0.0324762575 0.0986906961 0.0243442263
v -0.0325226374 0.09629115 0.0243566819
v -0.0325146951 0.0966910645 0.02434387
v -0.03247623 0.0986906961 0.0243435148
v -0.0325531326 0.09469144 0.0243435148
v -0.0344266556 0.0987282 0.0258100368
v -0.0345035568 0.09472894 0.0258100368
v -0.0341241173 0.09872238 0.02524212
v -0.0340990238 0.0963214561 0.0250867
v -0.03420102 0.09472312 0.02524212
v -0.0339976437 0.0947192162 0.0247589387
v -0.0338900872 0.09631744 0.0245261155
v -0.0338871181 0.0947170854 0.0244020075
v -0.0338353552 0.09631639 0.0243085474
v -0.0338547342 0.09471647 0.0242417715
v -0.0338785537 0.09691733 0.0245261155
v -0.0340874866 0.09692135 0.0250867
v -0.03382382 0.09691627 0.0243085474
v -0.03382592 0.0963162 0.0242556538
v -0.0338143855 0.0969160944 0.0242556538
v -0.033777833 0.09871572 0.0242417715
v -0.03381624 0.09671609 0.0242414176
v -0.0338546522 0.09471646 0.0242410656
v -0.033802852 0.0975159854 0.0242556538
v -0.0338122845 0.0975161642 0.0243085474
v -0.0338670164 0.09751722 0.0245261155
v -0.03377775 0.09871572 0.0242410656
v -0.03378187 0.0967154354 0.0239365175
v -0.0337859951 0.09471514 0.0236319713
v -0.0337090939 0.0987144038 0.0236319713
v -0.03379708 0.09781593 0.0242556538
v -0.0338065177 0.09781611 0.0243085474
v -0.0340759531 0.09752124 0.0250867
v -0.03386125 0.09781716 0.0245261155
v -0.0337913148 0.09811588 0.0242556538
v -0.03380075 0.0981160551 0.0243085474
v -0.0340701863 0.09782118 0.0250867
v -0.0337855481 0.09841582 0.0242556538
v -0.0337949842 0.098416 0.0243085474
v -0.03381022 0.09871635 0.0244020075
v -0.0338554829 0.0981171057 0.0245261155
v -0.0338497162 0.09841705 0.0245261155
v -0.0339207426 0.09871847 0.0247589387
v -0.0340644158 0.09812113 0.0250867
v -0.03405865 0.09842107 0.0250867
v -0.03535859 0.09874612 0.0256624073
v -0.0355477557 0.09474902 0.02502878
v -0.03543549 0.09474686 0.0256624073
v -0.0354708545 0.09874828 0.02502878
v -0.0355480574 0.09634932 0.0247342829
v -0.0355918929 0.09474987 0.0245063864
v -0.0355149955 0.09874913 0.0245063864
v -0.0355579033 0.09634951 0.0241619758
v -0.03558673 0.09474977 0.0241327658
v -0.0355098322 0.09874903 0.0241327658
v -0.03554483 0.09634926 0.0240193773
v -0.035568025 0.094749406 0.0239703618
v -0.0354911238 0.09874867 0.0239703618
v -0.03553945 0.09634916 0.0239826273
v -0.0355295055 0.09674904 0.0239700153
v -0.035490986 0.09874867 0.0239696633
v -0.0355678871 0.094749406 0.0239696633
v -0.03764677 0.0987901241 0.02511296
v -0.03772367 0.09479086 0.02511296
v -0.03725913 0.098782666 0.0245993715
v -0.037210606 0.09638129 0.0244570114
v -0.0373360328 0.0947834 0.0245993715
v -0.03705959 0.09477809 0.024153959
v -0.0369165652 0.09637564 0.02393602
v -0.0368946 0.09477492 0.0238187183
v -0.0368284769 0.0963739455 0.0237296931
v -0.03683755 0.09477382 0.0236655176
v -0.0369050279 0.09697553 0.02393602
v -0.03719907 0.0969811752 0.0244570114
v -0.0368169434 0.09697383 0.0237296931
v -0.0368108861 0.0963736 0.0236789286
v -0.03679935 0.09697349 0.0236789286
v -0.03676065 0.0987730846 0.0236655176
v -0.0367990062 0.0967734456 0.0236651767
v -0.036837358 0.0947738141 0.0236648358
v -0.0367878154 0.0975733846 0.0236789286
v -0.0368054062 0.09757372 0.0237296931
v -0.0368934944 0.09757541 0.02393602
v -0.0367604569 0.09877308 0.0236648358
v -0.03671737 0.09677188 0.02336941
v -0.0366742834 0.0947706848 0.0230739824
v -0.0365973823 0.09876994 0.0230739824
v -0.03678205 0.09787332 0.0236789286
v -0.03679964 0.0978736654 0.0237296931
v -0.0371875353 0.0975810662 0.0244570114
v -0.0368877277 0.09787536 0.02393602
v -0.0367762819 0.09817327 0.0236789286
v -0.0367938727 0.09817361 0.0237296931
v -0.03718177 0.09788101 0.0244570114
v -0.03677051 0.09847321 0.0236789286
v -0.036788106 0.09847356 0.0237296931
v -0.0368177 0.09877418 0.0238187183
v -0.03688196 0.0981753 0.02393602
v -0.03687619 0.09847525 0.02393602
v -0.03698269 0.0987773538 0.024153959
v -0.0371759981 0.09818096 0.0244570114
v -0.03717023 0.0984809 0.0244570114
v -0.03854414 0.09880738 0.0248213336
v -0.03863282 0.09480834 0.0241779424
v -0.0386210419 0.09480812 0.0248213336
v -0.03855592 0.0988076 0.0241779424
v -0.03858668 0.09640775 0.0238822121
v -0.03859471 0.09480761 0.0236550756
v -0.03851781 0.09880687 0.0236550756
v -0.0385068879 0.0964062139 0.0233154129
v -0.0385311767 0.09480639 0.0232868642
v -0.0384542756 0.09880565 0.0232868642
v -0.03847168 0.0964055359 0.0231766123
v -0.0384872966 0.0948055461 0.023129385
v -0.0384103954 0.0988048 0.023129385
v -0.0384606123 0.09640533 0.0231411587
v -0.0384487249 0.09680517 0.0231290516
v -0.03841015 0.0988048 0.0231287181
v -0.03848705 0.09480554 0.0231287181
v -0.0407182127 0.09884918 0.0239206366
v -0.04079511 0.09484992 0.0239206366
v -0.0402550176 0.0988402739 0.0234740227
v -0.0401853919 0.09643849 0.0233482271
v -0.04033192 0.09484101 0.0234740227
v -0.0399892144 0.0948344246 0.0230773482
v -0.039813485 0.09643134 0.0228796564
v -0.0397738256 0.09483028 0.0227720458
v -0.0396942124 0.09642905 0.0226896517
v -0.0396935157 0.09482874 0.0226296615
v -0.03980195 0.09703123 0.0228796564
v -0.04017386 0.09703838 0.0233482271
v -0.0396826752 0.09702893 0.0226896517
v -0.0396688953 0.09642856 0.0226422641
v -0.03965736 0.09702845 0.0226422641
v -0.0396166146 0.0988279954 0.0226296615
v -0.039654918 0.0968283638 0.02262934
v -0.03969322 0.09482873 0.0226290151
v -0.03964583 0.09762834 0.0226422641
v -0.03967114 0.0976288244 0.0226896517
v -0.0397904143 0.09763112 0.0228796564
v -0.0396163166 0.0988279954 0.0226290151
v -0.0395280272 0.09682593 0.0223499835
v -0.0394397378 0.09482386 0.0220709518
v -0.0393628366 0.0988231152 0.0220709518
v -0.0396400578 0.0979282856 0.0226422641
v -0.03966537 0.09792877 0.0226896517
v -0.04016232 0.09763827 0.0233482271
v -0.0397846475 0.0979310647 0.0228796564
v -0.03963429 0.09822823 0.0226422641
v -0.0396596044 0.0982287154 0.0226896517
v -0.0401565544 0.09793821 0.0233482271
v -0.0396285243 0.09852817 0.0226422641
v -0.0396538377 0.09852866 0.0226896517
v -0.0396969244 0.0988295451 0.0227720458
v -0.03977888 0.09823101 0.0228796564
v -0.039773114 0.09853095 0.0228796564
v -0.0399123132 0.09883369 0.0230773482
v -0.0401507877 0.0982381552 0.0233482271
v -0.0401450172 0.0985381 0.0233482271
v -0.04155892 0.0988653451 0.0234921966
v -0.04154683 0.0948643759 0.0228548814
v -0.0416358225 0.09486608 0.0234921966
v -0.04146993 0.09886364 0.0228548814
v -0.04145462 0.0964629 0.0225651972
v -0.0414274074 0.09486208 0.022344416
v -0.0413505062 0.09886134 0.022344416
v -0.0412871651 0.09645968 0.0220178589
v -0.0413070619 0.094859764 0.0219906773
v -0.0412301645 0.09885903 0.0219906773
v -0.04123068 0.09645859 0.02188628
v -0.0412390977 0.09485846 0.0218420029
v -0.0411621965 0.0988577157 0.0218420029
v -0.0412142053 0.09645827 0.0218529943
v -0.0412004739 0.0968580842 0.0218416937
v -0.04116185 0.09885771 0.0218413826
v -0.0412387475 0.09485845 0.0218413826
v -0.0435653552 0.0989039242 0.0222624242
v -0.0436422564 0.09490467 0.0222624242
v -0.04303801 0.09889379 0.02189378
v -0.04295013 0.09649165 0.0217876472
v -0.04311491 0.09489453 0.02189378
v -0.0427143835 0.0948868245 0.02155561
v -0.04250952 0.09648318 0.0213830359
v -0.0424538925 0.09488182 0.02128777
v -0.0423619971 0.09648035 0.0212140325
v -0.0423523039 0.0948798656 0.021159701
v -0.0424979851 0.09708307 0.0213830359
v -0.0429385975 0.09709154 0.0217876472
v -0.0423504636 0.09708023 0.0212140325
v -0.04232958 0.09647972 0.02117119
v -0.0423180461 0.09707961 0.02117119
v -0.0422754027 0.09887912 0.021159701
v -0.0423136577 0.09687949 0.0211594068
v -0.0423519127 0.09487986 0.02115911
v -0.0423065126 0.0976794958 0.02117119
v -0.0423389263 0.09768012 0.0212140325
v -0.04248645 0.09768296 0.0213830359
v -0.04227501 0.0988791138 0.02115911
v -0.0421446338 0.09687624 0.0209033452
v -0.0420142636 0.09487336 0.02064758
v -0.0419373624 0.0988726243 0.02064758
v -0.0423007421 0.09797944 0.02117119
v -0.04233316 0.09798007 0.0212140325
v -0.042927064 0.09769143 0.0217876472
v -0.04248068 0.0979829058 0.0213830359
v -0.0422949754 0.09827939 0.02117119
v -0.0423273928 0.09828001 0.0212140325
v -0.0429212973 0.09799138 0.0217876472
v -0.04228921 0.09857933 0.02117119
v -0.0423216224 0.09857996 0.0212140325
v -0.04237699 0.09888108 0.02128777
v -0.0424749143 0.09828285 0.0213830359
v -0.0424691476 0.09858279 0.0213830359
v -0.0426374823 0.09888609 0.02155561
v -0.0429155268 0.09829132 0.0217876472
v -0.04290976 0.09859127 0.0217876472
v -0.0443287045 0.09891861 0.0217077173
v -0.0442180261 0.09491574 0.0210921746
v -0.0444056056 0.0949193463 0.0217077173
v -0.0441411249 0.0989149958 0.0210921746
v -0.044081267 0.0965134054 0.02081567
v -0.0440202355 0.09491193 0.0206066761
v -0.0439433344 0.098911196 0.0206066761
v -0.0438302644 0.09650858 0.0203012712
v -0.0438460447 0.09490859 0.0202761237
v -0.0437691435 0.09890784 0.0202761237
v -0.0437538959 0.09650711 0.020180149
v -0.04375566 0.0949068442 0.020139914
v -0.04367876 0.09890611 0.020139914
v -0.0437324159 0.09650669 0.02014985
v -0.0437169932 0.0969064757 0.0201396346
v -0.04367832 0.0989061 0.0201393552
v -0.0437552221 0.09490684 0.0201393552
v -0.0461180881 0.0989530161 0.0201791544
v -0.04619499 0.09495375 0.0201791544
v -0.04553958 0.09894189 0.0198975578
v -0.0454367548 0.09653947 0.0198137
v -0.04561648 0.09494263 0.0198975578
v -0.04516799 0.094934 0.0196262188
v -0.04493828 0.0965298861 0.01948301
v -0.04486882 0.09492825 0.0194024332
v -0.04476614 0.09652657 0.0193391684
v -0.0447484478 0.09492594 0.0192918368
v -0.0449267477 0.09712977 0.01948301
v -0.04542522 0.09713936 0.0198137015
v -0.0447546057 0.09712646 0.01933917
v -0.0447274223 0.0965258256 0.019301923
v -0.04471589 0.09712572 0.0193019249
v -0.0446715467 0.0989251956 0.0192918368
v -0.044709757 0.0969255641 0.019291576
v -0.0447479673 0.0949259251 0.0192913152
v -0.04470435 0.09772561 0.0193019249
v -0.04474307 0.09772635 0.01933917
v -0.04491521 0.09772966 0.0194830112
v -0.0446710661 0.09892519 0.0192913152
v -0.0445027724 0.0969215855 0.0190651137
v -0.04433447 0.0949179754 0.01883891
v -0.04425757 0.09891724 0.01883891
v -0.0446985848 0.09802555 0.0193019249
v -0.0447373 0.0980263 0.01933917
v -0.0454136841 0.09773925 0.0198137015
v -0.0449094437 0.098029606 0.01948301
v -0.0446928181 0.0983255 0.0193019249
v -0.044731535 0.09832624 0.01933917
v -0.0454079174 0.09803919 0.0198137015
v -0.0446870476 0.0986254439 0.0193019249
v -0.04472577 0.09862618 0.01933917
v -0.0447919145 0.09892751 0.0194024332
v -0.0449036732 0.09832955 0.01948301
v -0.0448979065 0.0986295 0.01948301
v -0.04509109 0.0989332646 0.0196262188
v -0.0454021469 0.09833913 0.0198137015
v -0.04539638 0.09863908 0.0198137015
v -0.04678528 0.098965846 0.0195118375
v -0.04658064 0.09496117 0.0189332217
v -0.04686218 0.09496658 0.0195118375
v -0.0465037376 0.09896043 0.0189332217
v -0.04640194 0.09655803 0.0186767075
v -0.04630935 0.09495595 0.01848465
v -0.046232447 0.098955214 0.01848465
v -0.04607357 0.09655172 0.018207917
v -0.0460856035 0.09495165 0.01818542
v -0.0460087024 0.09895091 0.01818542
v -0.0459791981 0.0965499 0.0181002337
v -0.04597503 0.09494952 0.01806503
v -0.04589813 0.0989487842 0.01806503
v -0.045953244 0.0965494 0.0180736687
v -0.0459363163 0.0969491452 0.01806479
v -0.0458976068 0.09894878 0.01806455
v -0.0459745079 0.09494951 0.01806455
v -0.04831356 0.09899523 0.0177221224
v -0.048390463 0.09499597 0.0177221224
v -0.0476981327 0.0989834 0.01753451
v -0.0475840233 0.09658076 0.0174749885
v -0.0477750339 0.09498414 0.01753451
v -0.0472896248 0.0949748 0.0173366833
v -0.0470399633 0.0965703 0.0172263645
v -0.0469591357 0.0949684456 0.01716246
v -0.0468474478 0.0965665951 0.0171112288
v -0.04682295 0.09496583 0.0170720611
v -0.04702843 0.09717018 0.0172263663
v -0.0475724861 0.09718065 0.01747499
v -0.0468359143 0.0971664861 0.0171112288
v -0.04680338 0.0965657458 0.0170805
v -0.0467918478 0.09716564 0.0170805026
v -0.04674605 0.098965086 0.0170720611
v -0.04678422 0.0969654545 0.0170718413
v -0.04682239 0.0949658155 0.01707162
v -0.04678031 0.09776553 0.0170805026
v -0.046824377 0.09776637 0.0171112288
v -0.0470168963 0.09777007 0.0172263663
v -0.04674549 0.09896508 0.01707162
v -0.0465443581 0.09696084 0.0168805514
v -0.04634323 0.09495661 0.0166894812
v -0.04626633 0.09895586 0.0166894812
v -0.0467745438 0.0980654657 0.0170805026
v -0.04681861 0.0980663151 0.0171112288
v -0.0475609526 0.09778053 0.01747499
v -0.04701113 0.09807002 0.0172263663
v -0.0467687771 0.09836541 0.0170805026
v -0.0468128435 0.09836626 0.0171112288
v -0.0475551859 0.09808048 0.01747499
v -0.04676301 0.09866536 0.0170805026
v -0.0468070731 0.098666206 0.0171112288
v -0.0468822345 0.09896771 0.01716246
v -0.04700536 0.09836996 0.0172263663
v -0.0469995923 0.09866991 0.0172263663
v -0.0472127236 0.098974064 0.0173366833
v -0.04754942 0.0983804241 0.01747499
v -0.0475436524 0.09868037 0.01747499
v -0.04886817 0.09900589 0.0169586316
v -0.04857649 0.0949995443 0.01643119
v -0.04894507 0.09500663 0.0169586316
v -0.04849959 0.09899881 0.01643119
v -0.04835949 0.09659567 0.01620098
v -0.04823838 0.09499305 0.0160305854
v -0.0481614843 0.0989923 0.0160305854
v -0.047961846 0.09658802 0.0157893356
v -0.047970593 0.0949879 0.0157700479
v -0.04789369 0.0989871547 0.0157700479
v -0.0478517935 0.09658591 0.0156977475
v -0.0478425473 0.09498543 0.01566844
v -0.0477656461 0.098984696 0.01566844
v -0.047822006 0.09658533 0.015675569
v -0.0478038043 0.09698506 0.015668245
v -0.04776506 0.09898468 0.0156680476
v -0.04784196 0.0949854255 0.0156680476
v -0.05009771 0.09902954 0.014951827
v -0.0501746126 0.09503028 0.014951827
v -0.0494605154 0.0990172848 0.0148628186
v -0.04933907 0.0966145 0.0148291048
v -0.0495374128 0.09501802 0.0148628186
v -0.0490270443 0.09500821 0.0147433747
v -0.04876282 0.09660342 0.014668664
v -0.04867337 0.09500141 0.0146230087
v -0.0485546663 0.09659942 0.0145850684
v -0.0485247225 0.09499855 0.0145550277
v -0.0487512872 0.0972033143 0.0146686658
v -0.0493275337 0.09721439 0.0148291048
v -0.0485431328 0.09719931 0.0145850684
v -0.0485063344 0.09659849 0.014561614
v -0.0484948 0.09719838 0.014561614
v -0.048447825 0.09899782 0.0145550277
v -0.0484859645 0.09699818 0.0145548545
v -0.0485241041 0.09499854 0.0145546813
v -0.0484832674 0.09779827 0.014561614
v -0.0485316 0.0977992043 0.0145850684
v -0.04873975 0.0978032053 0.0146686658
v -0.0484472066 0.0989978 0.0145546813
v -0.0482191369 0.096993044 0.0144034494
v -0.04799107 0.09498829 0.0142522175
v -0.04791417 0.09898755 0.0142522175
v -0.0484775 0.09809822 0.014561614
v -0.0485258326 0.09809914 0.0145850684
v -0.0493159965 0.0978142843 0.0148291048
v -0.0487339832 0.09810315 0.0146686658
v -0.0484717339 0.0983981639 0.014561614
v -0.0485200658 0.09839909 0.0145850684
v -0.04931023 0.09811423 0.0148291048
v -0.0484659635 0.09869811 0.014561614
v -0.0485142954 0.09869903 0.0145850684
v -0.04859647 0.09900067 0.0146230087
v -0.0487282164 0.0984030962 0.0146686658
v -0.048722446 0.0987030342 0.0146686658
v -0.0489501432 0.09900747 0.0147433747
v -0.049304463 0.0984141752 0.0148291048
v -0.0492986962 0.09871412 0.0148291048
v -0.0505260751 0.0990377739 0.0141109619
v -0.0501564443 0.09502993 0.013647683
v -0.0506029725 0.09503851 0.0141109619
v -0.0500795431 0.09902919 0.013647683
v -0.0499057323 0.0966254 0.0134494472
v -0.04975984 0.0950223 0.0133049134
v -0.0496829376 0.09902156 0.0133049134
v -0.0494485945 0.09661661 0.0131050907
v -0.0494545959 0.0950164348 0.0130894836
v -0.0493776947 0.09901569 0.0130894836
v -0.04932557 0.09661425 0.0130318478
v -0.0493122377 0.09501369 0.0130091626
v -0.0492353365 0.099012956 0.0130091626
v -0.0492926836 0.0966136158 0.0130146034
v -0.04927347 0.09701332 0.0130090136
v -0.049234692 0.09901294 0.0130088646
v -0.0493115932 0.09501368 0.0130088646
v -0.0514266044 0.09905509 0.0119364876
v -0.0515035 0.09505583 0.0119364876
v -0.0507833324 0.09904272 0.0119482707
v -0.050658673 0.09663988 0.0119411945
v -0.0508602336 0.09504346 0.0119482707
v -0.0503374636 0.09503341 0.0119101536
v -0.05006443 0.09662846 0.0118728913
v -0.0499693155 0.09502633 0.0118466057
v -0.0498457626 0.09662425 0.0118228924
v -0.04981187 0.0950233042 0.01180272
v -0.0500528961 0.09722834 0.0118728913
v -0.05064714 0.09723977 0.0119411945
v -0.04983423 0.09722414 0.0118228924
v -0.04979436 0.09662326 0.011807289
v -0.0497828238 0.09722315 0.011807289
v -0.04973497 0.09902256 0.0118027208
v -0.0497730859 0.09702293 0.011802597
v -0.0498112 0.09502329 0.011802474
v -0.0497712865 0.09782304 0.011807289
v -0.0498226956 0.09782403 0.0118228933
v -0.0500413626 0.09782823 0.0118728923
v -0.0497343019 0.09902255 0.011802474
v -0.0494858623 0.0970174 0.0116948057
v -0.0492374226 0.095012255 0.0115871355
v -0.0491605252 0.09901152 0.0115871364
v -0.04976552 0.0981229842 0.011807289
v -0.04981693 0.09812397 0.0118228924
v -0.0506356061 0.09783966 0.0119411955
v -0.0500355959 0.09812818 0.0118728913
v -0.049759753 0.09842293 0.011807289
v -0.0498111621 0.09842391 0.0118228933
v -0.05062984 0.0981396 0.0119411945
v -0.0497539863 0.0987228751 0.011807289
v -0.04980539 0.09872386 0.0118228933
v -0.0498924181 0.09902559 0.0118466057
v -0.05002983 0.09842812 0.0118728923
v -0.05002406 0.09872807 0.0118728923
v -0.0502605624 0.09903267 0.0119101536
v -0.0506240726 0.0984395444 0.0119411955
v -0.0506183021 0.09873949 0.0119411955
v -0.0517181754 0.0990607 0.0110389516
v -0.0512815826 0.0950515643 0.010651242
v -0.0517950729 0.09506144 0.0110389516
v -0.05120468 0.09905083 0.0106512429
v -0.0510025732 0.0966464952 0.0104898624
v -0.05083625 0.0950429961 0.0103747472
v -0.0507593527 0.09904226 0.0103747472
v -0.0504972078 0.09663678 0.010221269
v -0.0505010746 0.09503655 0.010209728
v -0.0504241735 0.0990358144 0.010209728
v -0.0503642447 0.09663422 0.0101681761
v -0.0503479019 0.09503361 0.0101526678
v -0.050271 0.09903287 0.0101526687
v -0.05032906 0.0966335461 0.0101562906
v -0.05030911 0.09703323 0.0101525709
v -0.05027032 0.09903286 0.0101524759
v -0.0503472164 0.09503359 0.0101524759
v -0.05226752 0.0990712643 0.008750349
v -0.05234442 0.095072 0.008750348
v -0.0516340137 0.09905908 0.008862635
v -0.05151035 0.0966562554 0.00888237
v -0.05171091 0.09505982 0.008862635
v -0.05118861 0.0950497761 0.008906782
v -0.0509127378 0.09664477 0.008907884
v -0.05081506 0.0950425938 0.008901617
v -0.0506889448 0.09664046 0.008892715
v -0.05065269 0.09503947 0.008882906
v -0.0509012043 0.09724466 0.008907884
v -0.0514988154 0.09725615 0.00888237
v -0.05067741 0.09724035 0.008892715
v -0.0506357327 0.09663944 0.008885346
v -0.0506242 0.09723933 0.008885346
v -0.05057579 0.099038735 0.008882907
v -0.0506138951 0.0970390961 0.008882837
v -0.05065199 0.09503946 0.008882768
v -0.050612662 0.09783922 0.008885346
v -0.050665874 0.09784024 0.008892715
v -0.05088967 0.09784454 0.008907885
v -0.0505750924 0.09903872 0.008882768
v -0.0503133461 0.0970333144 0.008821312
v -0.0500516 0.09502791 0.008759856
v -0.0499747023 0.09902717 0.008759856
v -0.0506068952 0.09813916 0.008885346
v -0.0506601073 0.09814019 0.008892715
v -0.0514872819 0.09785604 0.00888237
v -0.0508839041 0.09814449 0.008907884
v -0.05060113 0.0984391049 0.008885346
v -0.05065434 0.09844013 0.008892715
v -0.0514815152 0.09815598 0.00888237
v -0.050595358 0.09873905 0.008885346
v -0.05064857 0.09874007 0.008892715
v -0.0507381633 0.09904186 0.00890161749
v -0.0508781374 0.09844443 0.008907885
v -0.0508723669 0.09874438 0.008907885
v -0.0511117131 0.09904904 0.008906782
v -0.05147575 0.09845593 0.00888237
v -0.0514699779 0.09875587 0.00888237
v -0.0524151251 0.0990741 0.007818242
v -0.0519242138 0.09506392 0.007515649
v -0.0524920225 0.09507484 0.007818241
v -0.0518473126 0.09906318 0.00751564931
v -0.0516230166 0.09665842 0.007395098
v -0.0514411181 0.0950546339 0.007312235
v -0.05136422 0.09905389 0.00731223542
v -0.051081866 0.0966480151 0.007208882
v -0.0510842577 0.09504777 0.00720169162
v -0.0510073565 0.09904703 0.007201692
v -0.0509422347 0.09664533 0.00717724767
v -0.0509240478 0.09504469 0.0071693
v -0.05084715 0.09904395 0.00716930069
v -0.0509056263 0.09664463 0.00717101339
v -0.0508852452 0.09704431 0.00716925832
v -0.0508464426 0.0990439355 0.007169217
v -0.0509233437 0.09504467 0.00716921641
v -0.0525997579 0.09907765 0.00547186332
v -0.0526766554 0.09507839 0.005471863
v -0.0519916043 0.09906596 0.00568188867
v -0.0518731251 0.09666324 0.00572794769
v -0.0520685054 0.0950667 0.005681888
v -0.0515595451 0.09505691 0.005807211
v -0.0512868576 0.09665196 0.005846653
v -0.051189784 0.0950498 0.00586055731
v -0.05106345 0.0966476649 0.005866686
v -0.0510264859 0.0950466543 0.005867483
v -0.05127532 0.09725185 0.005846653
v -0.05186159 0.09726312 0.00572794769
v -0.05105191 0.0972475559 0.005866686
v -0.05100974 0.09664663 0.00586773269
v -0.0509982035 0.09724652 0.00586773269
v -0.05094959 0.09904592 0.00586748356
v -0.0509876832 0.09704628 0.00586746959
v -0.0510257743 0.09504665 0.00586745562
v -0.05098667 0.09784641 0.00586773269
v -0.0510403737 0.09784745 0.005866686
v -0.0512637869 0.09785174 0.005846653
v -0.0509488732 0.0990459 0.005867456
v -0.05068121 0.097040385 0.0058537256
v -0.05041355 0.095034875 0.00583999557
v -0.05033665 0.09903413 0.005839996
v -0.0509809032 0.09814636 0.00586773269
v -0.051034607 0.0981473848 0.005866686
v -0.0518500544 0.09786301 0.00572794769
v -0.05125802 0.0981516838 0.005846653
v -0.0509751365 0.0984463 0.005867733
v -0.05102884 0.09844733 0.005866686
v -0.0518442877 0.09816296 0.00572794769
v -0.05096937 0.09874624 0.00586773269
v -0.0510230735 0.0987472758 0.005866686
v -0.0511128828 0.09904906 0.005860558
v -0.0512522534 0.09845163 0.005846653
v -0.0512464866 0.0987515748 0.005846653
v -0.0514826477 0.09905617 0.00580721162
v -0.05183852 0.0984629 0.00572794769
v -0.05183275 0.09876285 0.00572794769
v -0.0525997579 0.09907765 0.00452813739
v -0.0520685054 0.0950667 0.00431811158
v -0.0526766554 0.09507839 0.004528137
v -0.0519916043 0.09906596 0.004318112
v -0.05175179 0.0966609 0.004241358
v -0.0515595451 0.09505691 0.004192789
v -0.0514826477 0.09905617 0.004192789
v -0.05118817 0.096650064 0.004142105
v -0.051189784 0.0950498 0.004139442
v -0.0511128828 0.09904906 0.004139443
v -0.0510453135 0.0966473147 0.0041327076
v -0.0510264859 0.0950466543 0.00413251668
v -0.05094959 0.09904592 0.004132517
v -0.05100818 0.0966466 0.00413227826
v -0.0509876832 0.09704628 0.00413253065
v -0.0509488732 0.0990459 0.00413254462
v -0.0510257743 0.09504665 0.004132544
v -0.0524151251 0.0990741 0.00218175934
v -0.0524920225 0.09507484 0.00218175887
v -0.0518473126 0.09906318 0.00248435163
v -0.05173806 0.09666064 0.00255560083
v -0.0519242138 0.09506392 0.00248435116
v -0.0514411181 0.0950546339 0.00268776482
v -0.0511775836 0.09664986 0.00276457379
v -0.0510842577 0.09504777 0.00279830839
v -0.05096005 0.0966456756 0.00281931576
v -0.0509240478 0.09504469 0.00283069955
v -0.0511660464 0.09724975 0.00276457379
v -0.0517265275 0.09726053 0.00255560083
v -0.0509485155 0.09724557 0.00281931576
v -0.05090717 0.09664466 0.002828753
v -0.05089563 0.0972445458 0.002828753
v -0.05084715 0.09904395 0.0028307
v -0.0508852452 0.09704431 0.00283074169
v -0.0509233437 0.09504467 0.00283078337
v -0.0508840978 0.09784444 0.002828753
v -0.050936982 0.09784546 0.002819316
v -0.05115451 0.09784964 0.00276457379
v -0.0508464426 0.0990439355 0.00283078384
v -0.0505804047 0.09703845 0.00286511774
v -0.05031436 0.09503297 0.00289945188
v -0.0502374619 0.09903222 0.00289945235
v -0.05087833 0.09814438 0.002828753
v -0.0509312153 0.0981453955 0.002819316
v -0.051714994 0.09786042 0.00255560083
v -0.0511487424 0.09814958 0.00276457379
v -0.0508725643 0.09844433 0.00282875332
v -0.05092545 0.09844534 0.002819316
v -0.0517092273 0.09816036 0.00255560083
v -0.0508667976 0.09874427 0.00282875332
v -0.0509196781 0.09874529 0.002819316
v -0.0510073565 0.09904703 0.00279830885
v -0.0511429757 0.09844953 0.002764574
v -0.05113721 0.09874947 0.002764574
v -0.05136422 0.09905389 0.00268776529
v -0.05170346 0.0984603 0.002555601
v -0.05169769 0.09876025 0.002555601
v -0.05226752 0.0990712643 0.00124965189
v -0.05171091 0.09505982 0.00113736489
v -0.05234442 0.095072 0.00124965142
v -0.0516340137 0.09905908 0.00113736535
v -0.05138571 0.0966538638 0.0011062983
v -0.05118861 0.0950497761 0.00109321857
v -0.0511117131 0.09904904 0.001093219
v -0.05081351 0.09664286 0.00109645235
v -0.05081506 0.0950425938 0.001098383
v -0.0507381633 0.09904186 0.00109838345
v -0.0506709367 0.09664012 0.00110952347
v -0.05065269 0.09503947 0.001117093
v -0.05057579 0.099038735 0.00111709349
v -0.05063419 0.09663941 0.0011149093
v -0.0506138951 0.0970390961 0.00111716241
v -0.0505750924 0.09903872 0.00111723226
v -0.05065199 0.09503946 0.00111723179
v -0.0517181754 0.0990607 -0.00103895133
v -0.0517950729 0.09506144 -0.0010389518
v -0.05120468 0.09905083 -0.0006512422
v -0.051108487 0.09664853 -0.000556557
v -0.0512815826 0.0950515643 -0.0006512427
v -0.05083625 0.095043 -0.0003747465
v -0.0505875945 0.0966385156 -0.000262462068
v -0.0505010746 0.09503656 -0.000209728256
v -0.0503813028 0.09663455 -0.000174358953
v -0.0503479019 0.09503361 -0.00015266845
v -0.05057606 0.09723841 -0.000262462068
v -0.0510969535 0.09724842 -0.000556557
v -0.05036977 0.0972344354 -0.000174358953
v -0.05033055 0.0966335759 -0.000156763475
v -0.050319016 0.09723346 -0.000156763475
v -0.050271 0.09903287 -0.000152667984
v -0.05030911 0.09703323 -0.000152571592
v -0.0503472164 0.0950336 -0.0001524752
v -0.0503074825 0.09783335 -0.00015676301
v -0.0503582358 0.09783433 -0.000174358487
v -0.0505645238 0.09783829 -0.0002624616
v -0.05027032 0.09903286 -0.000152474735
v -0.0500134 0.09702755 -7.092254E-05
v -0.0497564748 0.09502224 1.06305815E-05
v -0.0496795774 0.0990215 1.06310472E-05
v -0.0503017157 0.0981332958 -0.000156763475
v -0.05035247 0.09813427 -0.000174358953
v -0.05108542 0.09784831 -0.0005565565
v -0.050558757 0.0981382355 -0.000262462068
v -0.05029595 0.09843324 -0.00015676301
v -0.0503467023 0.09843422 -0.000174358487
v -0.0510796532 0.09814826 -0.000556557
v -0.05029018 0.09873319 -0.00015676301
v -0.05034093 0.09873416 -0.000174358487
v -0.0504241735 0.0990358144 -0.00020972779
v -0.05055299 0.09843818 -0.0002624616
v -0.05054722 0.09873813 -0.0002624616
v -0.0507593527 0.09904226 -0.000374746043
v -0.0510738865 0.0984482 -0.0005565565
v -0.051068116 0.09874814 -0.0005565565
v -0.0514266044 0.0990551 -0.00193648739
v -0.0508602336 0.0950434655 -0.001948271
v -0.0515035 0.09505583 -0.00193648785
v -0.0507833324 0.09904272 -0.00194827048
v -0.0505337939 0.09663748 -0.001932885
v -0.0503374636 0.09503341 -0.00191015331
v -0.0502605624 0.09903267 -0.00191015285
v -0.0499671027 0.09662659 -0.00185308186
v -0.0499693155 0.09502633 -0.00184660545
v -0.0498924181 0.09902559 -0.001846605
v -0.0498283245 0.09662391 -0.00181786483
v -0.04981187 0.0950233042 -0.0018027206
v -0.04973497 0.09902257 -0.00180272013
v -0.04979288 0.0966232345 -0.00180679606
v -0.0497730859 0.09702293 -0.00180259673
v -0.0497343019 0.09902255 -0.00180247379
v -0.0498112 0.09502329 -0.00180247426
v -0.0505260751 0.0990377739 -0.00411096076
v -0.0506029725 0.09503852 -0.00411096076
v -0.0500795431 0.09902919 -0.00364768272
v -0.0499999076 0.09662721 -0.00353189325
v -0.0501564443 0.09502993 -0.00364768365
v -0.04975984 0.0950223058 -0.003304914
v -0.0495314226 0.0966182053 -0.00315991836
v -0.0494545959 0.0950164348 -0.00308948429
v -0.0493414551 0.0966145545 -0.00304062245
v -0.0493122377 0.09501369 -0.00300916145
v -0.04951989 0.0972180963 -0.00315991836
v -0.0499883741 0.097227104 -0.00353189325
v -0.04932992 0.0972144455 -0.00304062245
v -0.0492940769 0.0966136456 -0.00301530259
v -0.0492825434 0.09721353 -0.00301530259
v -0.0492353365 0.099012956 -0.00300916145
v -0.04927347 0.09701332 -0.00300901243
v -0.0493115932 0.0950136855 -0.00300886342
v -0.0492710061 0.09781342 -0.00301530259
v -0.0493183881 0.09781433 -0.00304062245
v -0.0495083556 0.09781799 -0.00315991836
v -0.049234692 0.09901294 -0.00300886342
v -0.04899416 0.0970079452 -0.00288209924
v -0.0487536266 0.09500296 -0.00275533553
v -0.04867673 0.09900221 -0.002755335
v -0.04926524 0.0981133655 -0.00301530259
v -0.04931262 0.0981142744 -0.00304062245
v -0.04997684 0.097826995 -0.00353189325
v -0.04950259 0.09811793 -0.00315991836
v -0.0492594726 0.09841331 -0.00301530259
v -0.0493068546 0.09841422 -0.00304062245
v -0.0499710739 0.09812694 -0.00353189325
v -0.0492537022 0.09871326 -0.00301530259
v -0.0493010841 0.0987141654 -0.00304062245
v -0.0493776947 0.0990157 -0.00308948336
v -0.0494968221 0.09841788 -0.00315991836
v -0.04949105 0.0987178162 -0.00315991836
v -0.0496829376 0.09902156 -0.00330491317
v -0.0499653071 0.0984268859 -0.00353189325
v -0.0499595366 0.0987268239 -0.00353189325
v -0.05009771 0.09902954 -0.00495182676
v -0.0495374128 0.09501803 -0.00486281747
v -0.0501746126 0.09503028 -0.00495182769
v -0.0494605154 0.0990172848 -0.00486281747
v -0.049217023 0.09661216 -0.00480135856
v -0.0490270443 0.09500821 -0.00474337535
v -0.0489501432 0.09900747 -0.00474337442
v -0.0486697853 0.0966016352 -0.00463387044
v -0.04867337 0.0950014144 -0.00462300749
v -0.04859647 0.09900067 -0.00462300749
v -0.04853823 0.09659911 -0.00457737362
v -0.0485247225 0.09499855 -0.0045550284
v -0.048447825 0.09899782 -0.00455502747
v -0.0485049523 0.09659847 -0.004560895
v -0.0484859645 0.09699818 -0.00455485424
v -0.0484472066 0.0989978 -0.00455468
v -0.0485241041 0.09499854 -0.00455468
v -0.04886817 0.0990059 -0.0069586304
v -0.04894507 0.09500664 -0.0069586304
v -0.04849959 0.09899881 -0.006431189
v -0.0484396145 0.09659721 -0.00629714644
v -0.04857649 0.09499955 -0.006431189
v -0.04823838 0.09499305 -0.006030586
v -0.0480350778 0.09658943 -0.005856452
v -0.047970593 0.0949879 -0.00577004859
v -0.04786611 0.09658618 -0.00570890075
v -0.0478425473 0.09498543 -0.0056684413
v -0.0480235443 0.09718932 -0.005856451
v -0.04842808 0.0971971 -0.00629714737
v -0.0478545725 0.09718607 -0.00570890168
v -0.0478232726 0.09658536 -0.00567647954
v -0.04781174 0.09718525 -0.00567647861
v -0.0477656461 0.098984696 -0.00566844037
v -0.0478038043 0.09698506 -0.005668244
v -0.04784196 0.0949854255 -0.00566804828
v -0.0478002056 0.09778514 -0.00567647861
v -0.04784304 0.0977859646 -0.00570890075
v -0.04801201 0.09778921 -0.005856451
v -0.04776506 0.09898469 -0.00566804735
v -0.0475477874 0.09698014 -0.005499192
v -0.04733052 0.09497559 -0.00533033954
v -0.04725362 0.0989748538 -0.00533033861
v -0.04779444 0.09808508 -0.00567647861
v -0.0478372723 0.09808591 -0.00570890075
v -0.0484165475 0.09779699 -0.00629714644
v -0.048006244 0.09808916 -0.005856451
v -0.0477886721 0.09838503 -0.00567647861
v -0.0478315055 0.0983858556 -0.00570890075
v -0.04841078 0.09809694 -0.00629714644
v -0.0477829 0.098684974 -0.00567647861
v -0.04782574 0.09868579 -0.00570890075
v -0.04789369 0.09898716 -0.00577004766
v -0.0480004773 0.098389104 -0.005856451
v -0.0479947068 0.09868905 -0.005856451
v -0.0481614843 0.09899231 -0.006030585
v -0.048405014 0.09839688 -0.00629714644
v -0.0483992435 0.09869683 -0.00629714644
v -0.04831356 0.09899523 -0.007722121
v -0.0477750339 0.09498414 -0.007534508
v -0.048390463 0.0949959755 -0.007722121
v -0.0476981327 0.0989834 -0.007534508
v -0.04746782 0.09657852 -0.007428491
v -0.0472896248 0.0949748 -0.007336682
v -0.0472127236 0.098974064 -0.007336682
v -0.0469535179 0.09656864 -0.007177442
v -0.0469591357 0.09496845 -0.00716245966
v -0.0468822345 0.09896771 -0.00716245966
v -0.0468324162 0.09656631 -0.00710105663
v -0.04682295 0.09496583 -0.00707206
v -0.04674605 0.09896509 -0.00707206
v -0.0468021259 0.09656572 -0.00707957475
v -0.04678422 0.0969654545 -0.00707184
v -0.04674549 0.09896508 -0.00707161939
v -0.04682239 0.09496582 -0.00707162032
v -0.04678528 0.098965846 -0.009511838
v -0.04686218 0.09496658 -0.009511838
v -0.0465037376 0.09896043 -0.008933222
v -0.0464660376 0.0965592638 -0.008784227
v -0.04658064 0.0949611738 -0.008933222
v -0.04630935 0.09495596 -0.008484649
v -0.0461354069 0.09655291 -0.008285662
v -0.0460856035 0.09495165 -0.00818542
v -0.0459915921 0.09655014 -0.00811349
v -0.04597503 0.09494953 -0.008065028
v -0.04612387 0.09715279 -0.008285662
v -0.0464545 0.0971591547 -0.008784227
v -0.04598006 0.09715003 -0.00811349
v -0.0459543541 0.09654942 -0.008074766
v -0.04594282 0.09714931 -0.008074764
v -0.04589813 0.09894879 -0.008065028
v -0.0459363163 0.09694915 -0.008064788
v -0.0459745079 0.09494951 -0.008064548
v -0.0459312834 0.0977492 -0.008074764
v -0.0459685251 0.09774992 -0.00811349
v -0.0461123362 0.09775268 -0.008285662
v -0.0458976068 0.09894878 -0.008064548
v -0.0457098968 0.0969447941 -0.007857762
v -0.0455221869 0.09494082 -0.0076509756
v -0.0454452857 0.09894008 -0.0076509756
v -0.0459255166 0.09804915 -0.008074764
v -0.04596276 0.0980498642 -0.00811349
v -0.0464429669 0.0977590457 -0.008784227
v -0.04610657 0.09805263 -0.008285662
v -0.04591975 0.0983490944 -0.008074764
v -0.0459569879 0.09834981 -0.00811349
v -0.0464371964 0.09805898 -0.008784227
v -0.04591398 0.09864904 -0.008074764
v -0.04595122 0.0986497551 -0.00811349
v -0.0460087024 0.098950915 -0.00818542
v -0.0461008027 0.0983525738 -0.008285662
v -0.0460950322 0.09865252 -0.008285662
v -0.046232447 0.098955214 -0.008484649
v -0.04643143 0.09835893 -0.008784227
v -0.0464256629 0.0986588746 -0.008784227
v -0.0461180881 0.0989530161 -0.0101791527
v -0.04561648 0.09494263 -0.009897558
v -0.04619499 0.09495376 -0.0101791527
v -0.04553958 0.09894189 -0.009897558
v -0.0453292541 0.0965374038 -0.009749591
v -0.04516799 0.09493401 -0.009626217
v -0.04509109 0.09893327 -0.009626217
v -0.04486055 0.096528396 -0.009421164
v -0.04486882 0.09492826 -0.009402432
v -0.0447919145 0.09892752 -0.009402432
v -0.04475289 0.0965263247 -0.009326773
v -0.0447484478 0.09492594 -0.009291835
v -0.0446715467 0.0989252 -0.009291835
v -0.0447263271 0.09652581 -0.009300815
v -0.044709757 0.0969255641 -0.009291574
v -0.0446710661 0.0989251956 -0.009291315
v -0.0447479673 0.09492593 -0.009291315
v -0.0443287045 0.09891861 -0.0117077157
v -0.0444056056 0.0949193463 -0.0117077157
v -0.0441411249 0.098915 -0.0110921729
v -0.0441277549 0.0965143 -0.0109318923
v -0.0442180261 0.09491574 -0.0110921729
v -0.0440202355 0.09491194 -0.0106066745
v -0.04387918 0.09650952 -0.0103877354
v -0.0438460447 0.09490859 -0.010276122
v -0.043764066 0.09650731 -0.0101951826
v -0.04375566 0.09490685 -0.0101399124
v -0.0438676439 0.09710941 -0.0103877336
v -0.04411622 0.09711419 -0.0109318923
v -0.04375253 0.0971071944 -0.0101951808
v -0.0437333435 0.0965067148 -0.0101511087
v -0.04372181 0.0971066058 -0.0101511069
v -0.04367876 0.0989061147 -0.0101399124
v -0.0437169932 0.0969064757 -0.010139633
v -0.0437552221 0.0949068442 -0.0101393536
v -0.0437102728 0.0977065 -0.0101511069
v -0.0437409952 0.0977070853 -0.0101951808
v -0.04385611 0.0977093 -0.0103877336
v -0.04367832 0.09890611 -0.0101393536
v -0.0435257368 0.0969028 -0.00989973
v -0.0433731563 0.0948995 -0.009660104
v -0.0432962552 0.09889875 -0.009660104
v -0.043704506 0.09800644 -0.0101511069
v -0.04373523 0.09800703 -0.0101951808
v -0.0441046879 0.09771408 -0.0109318923
v -0.04385034 0.09800924 -0.0103877336
v -0.04369874 0.09830639 -0.0101511069
v -0.04372946 0.0983069763 -0.0101951808
v -0.04409892 0.09801403 -0.0109318923
v -0.04369297 0.09860633 -0.0101511069
v -0.04372369 0.09860692 -0.0101951808
v -0.0437691435 0.09890785 -0.010276122
v -0.0438445732 0.09830919 -0.0103877336
v -0.0438388065 0.0986091346 -0.0103877336
v -0.0439433344 0.098911196 -0.0106066745
v -0.04409315 0.09831397 -0.0109318923
v -0.0440873839 0.09861391 -0.0109318923
v -0.0435653552 0.09890393 -0.0122624226
v -0.04311491 0.09489453 -0.011893779
v -0.0436422564 0.09490467 -0.0122624226
v -0.04303801 0.09889379 -0.011893779
v -0.042853985 0.09648981 -0.0117075071
v -0.0427143835 0.0948868245 -0.0115556084
v -0.0426374823 0.09888609 -0.0115556084
v -0.04244242 0.0964819 -0.0113097876
v -0.0424538925 0.09488182 -0.0112877674
v -0.04237699 0.09888108 -0.0112877674
v -0.0423508473 0.09648013 -0.0111997128
v -0.0423523039 0.0948798656 -0.0111596994
v -0.0422754027 0.09887913 -0.0111596994
v -0.04232867 0.09647971 -0.0111699179
v -0.0423136577 0.09687949 -0.0111594051
v -0.04227501 0.09887912 -0.011159109
v -0.0423519127 0.09487986 -0.011159109
v -0.04155892 0.09886535 -0.0134921949
v -0.0416358225 0.09486609 -0.0134921949
v -0.04146993 0.09886364 -0.01285488
v -0.0414823629 0.0964634344 -0.0126872621
v -0.04154683 0.0948643759 -0.01285488
v -0.0414274074 0.09486208 -0.0123444144
v -0.0413219519 0.09646035 -0.0121109094
v -0.0413070619 0.094859764 -0.0119906757
v -0.04123837 0.09645874 -0.011902716
v -0.0412390977 0.09485846 -0.0118420012
v -0.04131042 0.09706024 -0.0121109094
v -0.04147083 0.0970633253 -0.0126872621
v -0.0412268378 0.09705863 -0.011902716
v -0.04121492 0.09645829 -0.0118543766
v -0.0412033871 0.09705818 -0.0118543766
v -0.0411621965 0.09885772 -0.0118420012
v -0.0412004739 0.0968580842 -0.011841692
v -0.0412387475 0.09485845 -0.011841381
v -0.04119185 0.09765807 -0.0118543766
v -0.0412153 0.09765852 -0.011902716
v -0.04129888 0.0976601243 -0.0121109094
v -0.04116185 0.0988577157 -0.011841381
v -0.0410490967 0.09685518 -0.011574816
v -0.0409363434 0.09485264 -0.0113082509
v -0.0408594422 0.0988519 -0.0113082509
v -0.0411860831 0.09795801 -0.0118543766
v -0.0412095338 0.09795847 -0.011902716
v -0.0414592922 0.09766321 -0.0126872621
v -0.0412931144 0.09796007 -0.0121109094
v -0.0411803164 0.09825796 -0.0118543766
v -0.0412037671 0.09825841 -0.011902716
v -0.0414535254 0.0979631543 -0.0126872621
v -0.0411745459 0.0985579044 -0.0118543766
v -0.041198 0.09855835 -0.011902716
v -0.0412301645 0.09885903 -0.0119906757
v -0.0412873477 0.0982600152 -0.0121109094
v -0.04128158 0.09855996 -0.0121109094
v -0.0413505062 0.0988613442 -0.0123444144
v -0.04144776 0.0982631 -0.0126872621
v -0.0414419919 0.0985630453 -0.0126872621
v -0.0407182127 0.0988491848 -0.013920635
v -0.04033192 0.09484102 -0.0134740211
v -0.04079511 0.09484992 -0.013920635
v -0.0402550176 0.09884028 -0.0134740211
v -0.0401029624 0.09643691 -0.0132540278
v -0.0399892144 0.0948344246 -0.0130773466
v -0.0399123132 0.09883369 -0.0130773466
v -0.0397586673 0.09643029 -0.01279681
v -0.0397738256 0.09483028 -0.0127720442
v -0.0396969244 0.0988295451 -0.0127720442
v -0.0396854356 0.09642888 -0.0126737636
v -0.0396935157 0.09482874 -0.01262966
v -0.0396166146 0.098828 -0.01262966
v -0.0396681949 0.09642855 -0.0126408674
v -0.039654918 0.09682837 -0.0126293376
v -0.0396163166 0.0988279954 -0.0126290135
v -0.03969322 0.09482873 -0.0126290135
v -0.03854414 0.09880738 -0.0148213319
v -0.0386210419 0.09480812 -0.0148213319
v -0.03855592 0.0988076 -0.0141779408
v -0.0385949872 0.09640791 -0.0140071139
v -0.03863282 0.09480835 -0.0141779408
v -0.03859471 0.09480761 -0.0136550739
v -0.0385266952 0.0964066 -0.0134127587
v -0.0385311767 0.09480639 -0.0132868625
v -0.0384767056 0.09640564 -0.0131940506
v -0.0384872966 0.0948055461 -0.0131293833
v -0.03851516 0.09700649 -0.0134127587
v -0.03858345 0.0970078 -0.0140071139
v -0.0384651721 0.09700553 -0.0131940506
v -0.038461104 0.09640534 -0.0131426379
v -0.03844957 0.0970052257 -0.0131426379
v -0.0384103954 0.09880481 -0.0131293833
v -0.0384487249 0.09680518 -0.01312905
v -0.03848705 0.09480554 -0.0131287165
v -0.038438037 0.09760512 -0.0131426379
v -0.0384536348 0.0976054147 -0.0131940506
v -0.0385036245 0.0976063758 -0.0134127587
v -0.03841015 0.0988048 -0.0131287165
v -0.0383409522 0.0968031 -0.012841776
v -0.038271755 0.0948014 -0.0125548337
v -0.0381948538 0.09880067 -0.0125548337
v -0.0384322666 0.09790506 -0.0131426379
v -0.0384478681 0.09790536 -0.0131940506
v -0.0385719165 0.0976076946 -0.0140071139
v -0.0384978577 0.09790632 -0.0134127587
v -0.0384265 0.09820501 -0.0131426379
v -0.0384421 0.0982053056 -0.0131940506
v -0.03856615 0.09790763 -0.0140071139
v -0.0384207331 0.09850495 -0.0131426379
v -0.0384363346 0.09850525 -0.0131940506
v -0.0384542756 0.09880565 -0.0132868625
v -0.03849209 0.09820627 -0.0134127587
v -0.0384863243 0.09850621 -0.0134127587
v -0.03851781 0.09880687 -0.0136550739
v -0.038560383 0.09820758 -0.0140071139
v -0.0385546125 0.09850752 -0.0140071139
v -0.03764677 0.0987901241 -0.0151129588
v -0.0373360328 0.09478341 -0.01459937
v -0.03772367 0.09479086 -0.0151129588
v -0.03725913 0.09878267 -0.01459937
v -0.0371439233 0.09638001 -0.0143510755
v -0.03705959 0.09477809 -0.0141539574
v -0.03698269 0.0987773538 -0.0141539574
v -0.03687538 0.09637485 -0.013845617
v -0.0368946 0.0947749242 -0.0138187166
v -0.0368177 0.09877418 -0.0138187166
v -0.0368222967 0.0963738263 -0.0137126278
v -0.03683755 0.09477382 -0.0136655159
v -0.03676065 0.0987730846 -0.0136655159
v -0.036810413 0.0963735953 -0.0136774369
v -0.0367990062 0.09677345 -0.0136651751
v -0.0367604569 0.0987730846 -0.0136648342
v -0.036837358 0.09477382 -0.0136648342
v -0.03535859 0.09874613 -0.0156624056
v -0.03543549 0.0947468653 -0.0156624056
v -0.0354708545 0.09874828 -0.0150287785
v -0.03553673 0.0963491052 -0.0148589462
v -0.0355477557 0.094749026 -0.0150287785
v -0.0355918929 0.09474987 -0.0145063847
v -0.03556224 0.0963496 -0.0142612234
v -0.03558673 0.09474977 -0.0141327642
v -0.03554707 0.09634931 -0.0140373874
v -0.035568025 0.09474941 -0.01397036
v -0.0355507024 0.09694949 -0.0142612234
v -0.03552519 0.0969489962 -0.0148589462
v -0.0355355367 0.0969492 -0.0140373874
v -0.0355397 0.0963491648 -0.0139841679
v -0.0355281681 0.0969490558 -0.0139841679
v -0.0354911238 0.09874868 -0.01397036
v -0.0355295055 0.09674904 -0.0139700137
v -0.0355678871 0.09474941 -0.0139696617
v -0.03551663 0.09754894 -0.0139841679
v -0.035524 0.09754908 -0.0140373874
v -0.03553917 0.09754938 -0.0142612234
v -0.035490986 0.09874867 -0.0139696617
v -0.03546799 0.09674786 -0.0136694126
v -0.0354449973 0.0947470441 -0.0133691616
v -0.0353680961 0.09874631 -0.0133691616
v -0.0355108641 0.0978488848 -0.0139841679
v -0.0355182327 0.09784903 -0.0140373874
v -0.0355136544 0.09754889 -0.0148589462
v -0.0355334 0.09784932 -0.0142612234
v -0.0355050974 0.09814883 -0.0139841679
v -0.035512466 0.09814897 -0.0140373874
v -0.0355078876 0.09784883 -0.0148589462
v -0.03549933 0.0984487757 -0.0139841679
v -0.0355066955 0.09844892 -0.0140373874
v -0.0355098322 0.0987490341 -0.0141327642
v -0.03552763 0.09814926 -0.0142612234
v -0.0355218649 0.09844921 -0.0142612234
v -0.0355149955 0.09874913 -0.0145063847
v -0.03550212 0.09814878 -0.0148589462
v -0.0354963541 0.0984487161 -0.0148589462
v -0.0344266556 0.0987282 -0.0158100352
v -0.03420102 0.09472313 -0.0152421184
v -0.0345035568 0.09472895 -0.0158100352
v -0.0341241173 0.09872239 -0.0152421184
v -0.03404973 0.09632051 -0.0149716362
v -0.0339976437 0.0947192162 -0.0147589371
v -0.0339207426 0.09871848 -0.0147589371
v -0.03386355 0.09631693 -0.0144303832
v -0.0338871181 0.09471709 -0.0144020058
v -0.03381022 0.0987163559 -0.0144020058
v -0.03383192 0.09631632 -0.0142907239
v -0.0338547342 0.09471647 -0.01424177
v -0.033777833 0.09871573 -0.01424177
v -0.0338256881 0.0963162 -0.01425411
v -0.03381624 0.0967161 -0.014241416
v -0.03377775 0.09871573 -0.014241064
v -0.0338546522 0.09471647 -0.014241064
v -0.03208071 0.0986831 -0.0159947015
v -0.03215761 0.09468383 -0.0159947015
v -0.0322906971 0.0986871347 -0.015386438
v -0.0323828869 0.096288465 -0.0152217876
v -0.0323676 0.09468787 -0.015386438
v -0.0324929 0.09469028 -0.0148773845
v -0.03250157 0.0962907448 -0.014635412
v -0.0325462334 0.09469131 -0.0145075563
v -0.0325216 0.09629113 -0.01441196
v -0.03255316 0.09469144 -0.0143442247
v -0.0324900374 0.0968906358 -0.014635412
v -0.0323713534 0.09688835 -0.0152217876
v -0.0325100645 0.0968910158 -0.01441196
v -0.03252265 0.09629115 -0.014358243
v -0.03251111 0.09689104 -0.014358243
v -0.0324762575 0.0986907 -0.0143442247
v -0.0325146951 0.09669107 -0.0143438689
v -0.03255313 0.09469144 -0.0143435132
v -0.0324995779 0.09749093 -0.014358243
v -0.03249853 0.09749091 -0.01441196
v -0.0324785 0.09749052 -0.014635412
v -0.03247623 0.0986907 -0.0143435132
v -0.0325009525 0.0966908038 -0.0140373446
v -0.0325256772 0.09469091 -0.013731176
v -0.0324487761 0.0986901745 -0.013731176
v -0.03249381 0.0977908745 -0.014358243
v -0.0324927643 0.09779085 -0.01441196
v -0.0323598161 0.09748824 -0.0152217876
v -0.0324727334 0.0977904648 -0.014635412
v -0.03248804 0.09809082 -0.014358243
v -0.0324869938 0.0980908 -0.01441196
v -0.03235405 0.0977881849 -0.0152217876
v -0.0324822739 0.09839076 -0.014358243
v -0.0324812271 0.09839074 -0.01441196
v -0.0324693322 0.09869057 -0.0145075563
v -0.0324669667 0.09809041 -0.014635412
v -0.0324612 0.0983903557 -0.014635412
v -0.0324159972 0.09868954 -0.0148773845
v -0.0323482826 0.09808813 -0.0152217876
v -0.0323425159 0.0983880758 -0.0152217876
v -0.03113716 0.0986649543 -0.0159947015
v -0.0310040731 0.09466165 -0.015386438
v -0.03121406 0.09466569 -0.0159947015
v -0.0309271719 0.0986609161 -0.015386438
v -0.0308965743 0.0962598845 -0.0151004288
v -0.030878773 0.09465925 -0.0148773845
v -0.0308018737 0.0986585 -0.0148773845
v -0.03079734 0.09625798 -0.0145367086
v -0.030825438 0.09465822 -0.0145075563
v -0.0307485368 0.09865748 -0.0145075563
v -0.0307879429 0.09625779 -0.0143938214
v -0.0308185127 0.0946580842 -0.0143442247
v -0.0307416115 0.09865735 -0.0143442247
v -0.0307875145 0.09625778 -0.01435668
v -0.030780077 0.0966577157 -0.0143438689
v -0.03074164 0.09865735 -0.0143435132
v -0.03081854 0.0946580842 -0.0143435132
v -0.0331182219 0.09670267 -0.013692202
v -0.0325256772 0.09469091 -0.013731176
v -0.0337859951 0.09471515 -0.01363197
v -0.0337090939 0.09871441 -0.01363197
v -0.0324487761 0.0986901745 -0.013731176
v -0.0316473842 0.09667439 -0.016
v -0.03215761 0.09468383 -0.0159947015
v -0.03208071 0.0986831 -0.0159947015
v -0.03113716 0.0986649543 -0.0159947015
v -0.03121406 0.09466569 -0.0159947015
v -0.0307938177 0.09665798 -0.0140373446
v -0.03074164 0.09865735 -0.0143435132
v -0.0307690948 0.0986578763 -0.013731176
v -0.030845996 0.09465861 -0.013731176
v -0.03081854 0.0946580842 -0.0143435132
v -0.0349319 0.09673755 -0.0157414582
v -0.03543549 0.0947468653 -0.0156624056
v -0.03535859 0.09874613 -0.0156624056
v -0.0344266556 0.0987282 -0.0158100352
v -0.0345035568 0.09472895 -0.0158100352
v -0.03378187 0.0967154354 -0.0139365159
v -0.03377775 0.09871573 -0.014241064
v -0.0337090939 0.09871441 -0.01363197
v -0.0337859951 0.09471515 -0.01363197
v -0.0338546522 0.09471647 -0.014241064
v -0.0360236764 0.0967585444 -0.0132319368
v -0.0354449973 0.0947470441 -0.0133691616
v -0.0366742834 0.0947706848 -0.0130739808
v -0.0365973823 0.09876995 -0.0130739808
v -0.0353680961 0.09874631 -0.0133691616
v -0.0414424241 0.09686274 -0.0109870061
v -0.0409363434 0.09485264 -0.0113082509
v -0.0420142636 0.09487337 -0.0106475782
v -0.0419373624 0.0988726243 -0.0106475782
v -0.0408594422 0.0988519 -0.0113082509
v -0.03671737 0.09677188 -0.0133694075
v -0.0367604569 0.0987730846 -0.0136648342
v -0.0365973823 0.09876995 -0.0130739808
v -0.0366742834 0.0947706848 -0.0130739808
v -0.036837358 0.09477382 -0.0136648342
v -0.0381355435 0.09679915 -0.0149721913
v -0.0386210419 0.09480812 -0.0148213319
v -0.03854414 0.09880738 -0.0148213319
v -0.03764677 0.0987901241 -0.0151129588
v -0.03772367 0.09479086 -0.0151129588
v -0.0388213731 0.09681234 -0.0123227444
v -0.038271755 0.0948014 -0.0125548337
v -0.0394397378 0.09482386 -0.01207095
v -0.0393628366 0.09882312 -0.01207095
v -0.0381948538 0.09880067 -0.0125548337
v -0.041179426 0.09685768 -0.01371114
v -0.0416358225 0.09486609 -0.0134921949
v -0.04155892 0.09886535 -0.0134921949
v -0.0407182127 0.0988491848 -0.013920635
v -0.04079511 0.09484992 -0.013920635
v -0.0395280272 0.09682593 -0.0123499818
v -0.0396163166 0.0988279954 -0.0126290135
v -0.0393628366 0.09882312 -0.01207095
v -0.0394397378 0.09482386 -0.01207095
v -0.03969322 0.09482873 -0.0126290135
v -0.0439885966 0.0969117 -0.0119893588
v -0.0444056056 0.0949193463 -0.0117077157
v -0.0443287045 0.09891861 -0.0117077157
v -0.0435653552 0.09890393 -0.0122624226
v -0.0436422564 0.09490467 -0.0122624226
v -0.0421446338 0.09687624 -0.0109033436
v -0.04227501 0.09887912 -0.011159109
v -0.0419373624 0.0988726243 -0.0106475782
v -0.0420142636 0.09487337 -0.0106475782
v -0.0423519127 0.09487986 -0.011159109
v -0.04382229 0.0969085 -0.009257615
v -0.0433731563 0.0948995 -0.009660104
v -0.04433447 0.09491798 -0.008838911
v -0.04425757 0.0989172459 -0.008838911
v -0.0432962552 0.09889875 -0.009660104
v -0.0476314351 0.09698175 -0.004796849
v -0.04733052 0.09497559 -0.00533033954
v -0.04799107 0.0949882939 -0.004252218
v -0.04791417 0.09898755 -0.00425221724
v -0.04725362 0.0989748538 -0.00533033861
v -0.0445027724 0.0969215855 -0.009065112
v -0.0446710661 0.0989251956 -0.009291315
v -0.04425757 0.0989172459 -0.008838911
v -0.04433447 0.09491798 -0.008838911
v -0.0447479673 0.09492593 -0.009291315
v -0.0464938842 0.096959874 -0.009849243
v -0.04686218 0.09496658 -0.009511838
v -0.04678528 0.098965846 -0.009511838
v -0.0461180881 0.0989530161 -0.0101791527
v -0.04619499 0.09495376 -0.0101791527
v -0.045902364 0.0969485 -0.007177154
v -0.0455221869 0.09494082 -0.0076509756
v -0.04634323 0.09495661 -0.006689482
v -0.04626633 0.09895587 -0.006689481
v -0.0454452857 0.09894008 -0.0076509756
v -0.0486336052 0.0970010161 -0.007343492
v -0.04894507 0.09500664 -0.0069586304
v -0.04886817 0.0990059 -0.0069586304
v -0.04831356 0.09899523 -0.007722121
v -0.048390463 0.0949959755 -0.007722121
v -0.0465443581 0.09696084 -0.00688055
v -0.04674549 0.09896508 -0.00707161939
v -0.04626633 0.09895587 -0.006689481
v -0.04634323 0.09495661 -0.006689482
v -0.04682239 0.09496582 -0.00707162032
v -0.05035507 0.09703412 -0.00453380169
v -0.0506029725 0.09503852 -0.00411096076
v -0.0505260751 0.0990377739 -0.00411096076
v -0.05009771 0.09902954 -0.00495182676
v -0.0501746126 0.09503028 -0.00495182769
v -0.0482191369 0.096993044 -0.004403449
v -0.0484472066 0.0989978 -0.00455468
v -0.04791417 0.09898755 -0.00425221724
v -0.04799107 0.0949882939 -0.004252218
v -0.0485241041 0.09499854 -0.00455468
v -0.04896693 0.09700742 -0.00217531575
v -0.0487536266 0.09500296 -0.00275533553
v -0.0492374226 0.095012255 -0.00158713618
v -0.0491605252 0.09901152 -0.00158713572
v -0.04867673 0.09900221 -0.002755335
v -0.0503361337 0.097033754 0.00352889183
v -0.05031436 0.09503297 0.00289945188
v -0.05041355 0.095034875 0.00416000467
v -0.05033665 0.09903413 0.00416000467
v -0.0502374619 0.09903222 0.00289945235
v -0.0494858623 0.09701741 -0.00169480452
v -0.0497343019 0.09902255 -0.00180247379
v -0.0491605252 0.09901152 -0.00158713572
v -0.0492374226 0.095012255 -0.00158713618
v -0.0498112 0.09502329 -0.00180247426
v -0.0516158864 0.09705836 -0.00148935849
v -0.0517950729 0.09506144 -0.0010389518
v -0.0517181754 0.0990607 -0.00103895133
v -0.0514266044 0.0990551 -0.00193648739
v -0.0515035 0.09505583 -0.00193648785
v -0.0498759523 0.0970249 0.0006228988
v -0.0497564748 0.09502224 1.06305815E-05
v -0.0500516 0.0950279161 0.00124014425
v -0.0499747023 0.09902717 0.00124014472
v -0.0496795774 0.0990215 1.06310472E-05
v -0.05238501 0.09707315 0.00171487569
v -0.0524920225 0.09507484 0.00218175887
v -0.0524151251 0.0990741 0.00218175934
v -0.05226752 0.0990712643 0.00124965189
v -0.05234442 0.095072 0.00124965142
v -0.0503133461 0.0970333144 0.00117868814
v -0.0505750924 0.09903872 0.00111723226
v -0.0499747023 0.09902717 0.00124014472
v -0.0500516 0.0950279161 0.00124014425
v -0.05065199 0.09503946 0.00111723179
v -0.052643504 0.09707812 0.005
v -0.0526766554 0.09507839 0.005471863
v -0.0525997579 0.09907765 0.00547186332
v -0.0525997579 0.09907765 0.00452813739
v -0.0526766554 0.09507839 0.004528137
v -0.05068121 0.097040385 0.00414627464
v -0.0509488732 0.0990459 0.00413254462
v -0.05033665 0.09903413 0.00416000467
v -0.05041355 0.095034875 0.00416000467
v -0.0510257743 0.09504665 0.004132544
v -0.0503361337 0.097033754 0.00647110865
v -0.05041355 0.095034875 0.00583999557
v -0.05031436 0.09503297 0.007100548
v -0.0502374619 0.09903222 0.0071005486
v -0.05033665 0.09903413 0.005839996
v -0.04896693 0.09700742 0.012175316
v -0.0492374226 0.095012255 0.0115871355
v -0.0487536266 0.09500295 0.0127553362
v -0.04867673 0.09900221 0.0127553362
v -0.0491605252 0.09901152 0.0115871364
v -0.0505804047 0.09703845 0.00713488227
v -0.0508464426 0.0990439355 0.007169217
v -0.0502374619 0.09903222 0.0071005486
v -0.05031436 0.09503297 0.007100548
v -0.0509233437 0.09504467 0.00716921641
v -0.05238501 0.09707315 0.008285124
v -0.05234442 0.095072 0.008750348
v -0.05226752 0.0990712643 0.008750349
v -0.0524151251 0.0990741 0.007818242
v -0.0524920225 0.09507484 0.007818241
v -0.0498759523 0.0970249 0.009377101
v -0.0500516 0.09502791 0.008759856
v -0.0497564748 0.09502224 0.00998937
v -0.0496795774 0.0990214944 0.00998937
v -0.0499747023 0.09902717 0.008759856
v -0.0516158864 0.0970583558 0.0114893578
v -0.0515035 0.09505583 0.0119364876
v -0.0514266044 0.09905509 0.0119364876
v -0.0517181754 0.0990607 0.0110389516
v -0.0517950729 0.09506144 0.0110389516
v -0.0500134 0.09702755 0.0100709219
v -0.05027032 0.09903286 0.0101524759
v -0.0496795774 0.0990214944 0.00998937
v -0.0497564748 0.09502224 0.00998937
v -0.0503472164 0.09503359 0.0101524759
v -0.05035507 0.09703412 0.0145338029
v -0.0501746126 0.09503028 0.014951827
v -0.05009771 0.09902954 0.014951827
v -0.0505260751 0.0990377739 0.0141109619
v -0.0506029725 0.09503851 0.0141109619
v -0.04899416 0.0970079452 0.0128821
v -0.049234692 0.09901294 0.0130088646
v -0.04867673 0.09900221 0.0127553362
v -0.0487536266 0.09500295 0.0127553362
v -0.0493115932 0.09501368 0.0130088646
v -0.0476314351 0.09698174 0.0147968493
v -0.04799107 0.09498829 0.0142522175
v -0.04733052 0.09497559 0.0153303389
v -0.04725362 0.09897485 0.0153303389
v -0.04791417 0.09898755 0.0142522175
v -0.04382229 0.0969084948 0.0192576144
v -0.04433447 0.0949179754 0.01883891
v -0.0433731563 0.09489949 0.0196601041
v -0.0432962552 0.09889875 0.0196601041
v -0.04425757 0.09891724 0.01883891
v -0.0475477874 0.09698013 0.0154991932
v -0.04776506 0.09898468 0.0156680476
v -0.04725362 0.09897485 0.0153303389
v -0.04733052 0.09497559 0.0153303389
v -0.04784196 0.0949854255 0.0156680476
v -0.0486336052 0.0970010161 0.0173434932
v -0.048390463 0.09499597 0.0177221224
v -0.04831356 0.09899523 0.0177221224
v -0.04886817 0.09900589 0.0169586316
v -0.04894507 0.09500663 0.0169586316
v -0.045902364 0.0969485 0.0171771552
v -0.04634323 0.09495661 0.0166894812
v -0.0455221869 0.09494081 0.0176509768
v -0.0454452857 0.0989400744 0.0176509768
v -0.04626633 0.09895586 0.0166894812
v -0.0464938842 0.09695987 0.0198492445
v -0.04619499 0.09495375 0.0201791544
v -0.0461180881 0.0989530161 0.0201791544
v -0.04678528 0.098965846 0.0195118375
v -0.04686218 0.09496658 0.0195118375
v -0.0457098968 0.0969447941 0.0178577621
v -0.0458976068 0.09894878 0.01806455
v -0.0454452857 0.0989400744 0.0176509768
v -0.0455221869 0.09494081 0.0176509768
v -0.0459745079 0.09494951 0.01806455
v -0.0439885966 0.0969117 0.02198936
v -0.0436422564 0.09490467 0.0222624242
v -0.0435653552 0.0989039242 0.0222624242
v -0.0443287045 0.09891861 0.0217077173
v -0.0444056056 0.0949193463 0.0217077173
v -0.0435257368 0.0969027951 0.01989973
v -0.04367832 0.0989061 0.0201393552
v -0.0432962552 0.09889875 0.0196601041
v -0.0433731563 0.09489949 0.0196601041
v -0.0437552221 0.09490684 0.0201393552
v -0.0414424241 0.09686273 0.0209870078
v -0.0420142636 0.09487336 0.02064758
v -0.0409363434 0.0948526338 0.0213082526
v -0.0408594422 0.0988519 0.0213082526
v -0.0419373624 0.0988726243 0.02064758
v -0.0360236764 0.09675854 0.0232319385
v -0.0366742834 0.0947706848 0.0230739824
v -0.0354449973 0.0947470441 0.0233691633
v -0.0353680961 0.09874631 0.0233691633
v -0.0365973823 0.09876994 0.0230739824
v -0.0410490967 0.09685517 0.0215748176
v -0.04116185 0.09885771 0.0218413826
v -0.0408594422 0.0988519 0.0213082526
v -0.0409363434 0.0948526338 0.0213082526
v -0.0412387475 0.09485845 0.0218413826
v -0.041179426 0.09685768 0.0237111412
v -0.04079511 0.09484992 0.0239206366
v -0.0407182127 0.09884918 0.0239206366
v -0.04155892 0.0988653451 0.0234921966
v -0.0416358225 0.09486608 0.0234921966
v -0.0388213731 0.09681234 0.022322746
v -0.0394397378 0.09482386 0.0220709518
v -0.038271755 0.0948013961 0.0225548353
v -0.0381948538 0.09880066 0.0225548353
v -0.0393628366 0.0988231152 0.0220709518
v -0.0381355435 0.09679915 0.0249721929
v -0.03772367 0.09479086 0.02511296
v -0.03764677 0.0987901241 0.02511296
v -0.03854414 0.09880738 0.0248213336
v -0.0386210419 0.09480812 0.0248213336
v -0.0383409522 0.0968031 0.0228417777
v -0.03841015 0.0988048 0.0231287181
v -0.0381948538 0.09880066 0.0225548353
v -0.038271755 0.0948013961 0.0225548353
v -0.03848705 0.09480554 0.0231287181
v -0.0349319 0.09673755 0.02574146
v -0.0345035568 0.09472894 0.0258100368
v -0.0344266556 0.0987282 0.0258100368
v -0.03535859 0.09874612 0.0256624073
v -0.03543549 0.09474686 0.0256624073
v -0.03546799 0.09674785 0.0236694142
v -0.035490986 0.09874867 0.0239696633
v -0.0353680961 0.09874631 0.0233691633
v -0.0354449973 0.0947470441 0.0233691633
v -0.0355678871 0.094749406 0.0239696633
v -0.0331182219 0.09670267 0.0236922037
v -0.0337859951 0.09471514 0.0236319713
v -0.0325256772 0.09469091 0.0237311777
v -0.0324487761 0.09869017 0.0237311777
v -0.0337090939 0.0987144038 0.0236319713
v -0.0272710919 0.0965902358 0.0232319385
v -0.027926676 0.09460247 0.0233691633
v -0.02669739 0.09457884 0.0230739824
v -0.0266204886 0.0985780954 0.0230739824
v -0.0278497748 0.0986017361 0.0233691633
v -0.0325009525 0.0966908038 0.0240373462
v -0.03247623 0.0986906961 0.0243435148
v -0.0324487761 0.09869017 0.0237311777
v -0.0325256772 0.09469091 0.0237311777
v -0.0325531326 0.09469144 0.0243435148
v -0.0316473842 0.09667439 0.0260000024
v -0.03121406 0.09466569 0.0259947032
v -0.03113716 0.09866495 0.0259947032
v -0.03208071 0.09868309 0.0259947032
v -0.03215761 0.09468383 0.0259947032
v -0.0301765483 0.09664611 0.0236922037
v -0.030845996 0.09465861 0.0237311777
v -0.0295856763 0.09463438 0.0236319713
v -0.0295087751 0.09863364 0.0236319713
v -0.0307690948 0.09865787 0.0237311777
v -0.0283628684 0.09661123 0.02574146
v -0.0279361811 0.09460266 0.0256624073
v -0.02785928 0.09860192 0.0256624073
v -0.0287912153 0.09861984 0.0258100368
v -0.0288681164 0.09462058 0.0258100368
v -0.0295128971 0.0966333449 0.0239365175
v -0.02944012 0.09863232 0.0242410656
v -0.0295087751 0.09863364 0.0236319713
v -0.0295856763 0.09463438 0.0236319713
v -0.029517021 0.09463306 0.0242410656
v -0.0251592267 0.09654963 0.0249721929
v -0.0247506313 0.0945414 0.0248213336
v -0.02467373 0.09854066 0.0248213336
v -0.0255711 0.09855792 0.02511296
v -0.0256480016 0.0945586562 0.02511296
v -0.0265774 0.0965769 0.02336941
v -0.0264574122 0.0985749662 0.0236648358
v -0.0266204886 0.0985780954 0.0230739824
v -0.02669739 0.09457884 0.0230739824
v -0.0265343133 0.0945757 0.0236648358
v -0.0244733971 0.09653644 0.022322746
v -0.0250999182 0.09454812 0.0225548353
v -0.0239319354 0.094525665 0.0220709518
v -0.0238550343 0.09852492 0.0220709518
v -0.0250230171 0.0985473841 0.0225548353
v -0.0194724835 0.09644028 0.0192576144
v -0.0199985169 0.09445003 0.0196601041
v -0.0190371983 0.09443154 0.01883891
v -0.0189602971 0.0984308049 0.01883891
v -0.0199216157 0.09844929 0.0196601041
v -0.023766743 0.09652285 0.0223499835
v -0.02360155 0.09852005 0.0226290151
v -0.0238550343 0.09852492 0.0220709518
v -0.0239319354 0.094525665 0.0220709518
v -0.0236784518 0.0945207849 0.0226290151
v -0.022115346 0.0964911 0.0237111412
v -0.021735847 0.0944834352 0.0234921966
v -0.0216589458 0.0984827 0.0234921966
v -0.0224996582 0.09849886 0.0239206366
v -0.02257656 0.0944996 0.0239206366
v -0.021852348 0.09648604 0.0209870078
v -0.02243533 0.09449688 0.0213082526
v -0.0213574059 0.0944761559 0.02064758
v -0.0212805048 0.09847542 0.02064758
v -0.0223584287 0.09849615 0.0213082526
v -0.0193061754 0.09643708 0.02198936
v -0.0189660676 0.09443017 0.0217077173
v -0.0188891664 0.098429434 0.0217077173
v -0.0196525156 0.09844411 0.0222624242
v -0.0197294168 0.094444856 0.0222624242
v -0.0211501345 0.09647254 0.0209033452
v -0.02094286 0.09846892 0.02115911
v -0.0212805048 0.09847542 0.02064758
v -0.0213574059 0.0944761559 0.02064758
v -0.02101976 0.09446967 0.02115911
v -0.0168008879 0.0963889062 0.0198492445
v -0.0165094882 0.0943829343 0.0195118375
v -0.0164325871 0.0983822 0.0195118375
v -0.017099781 0.09839503 0.0201791544
v -0.0171766821 0.0943957642 0.0201791544
v -0.018792 0.0964271948 0.0190651137
v -0.0185468011 0.0984228551 0.0192913152
v -0.0189602971 0.0984308049 0.01883891
v -0.0190371983 0.09443154 0.01883891
v -0.0186237022 0.09442359 0.0192913152
v -0.0173924062 0.09640028 0.0171771552
v -0.0178494845 0.0944087058 0.0176509768
v -0.0170284417 0.09439292 0.0166894812
v -0.01695154 0.09839218 0.0166894812
v -0.0177725833 0.09840796 0.0176509768
v -0.0143278427 0.09634136 0.012175316
v -0.014618041 0.09434657 0.0127553362
v -0.0141342469 0.09433726 0.0115871355
v -0.0140573476 0.0983365253 0.0115871364
v -0.0145411417 0.09834583 0.0127553362
v -0.01675041 0.09638794 0.0168805514
v -0.01647238 0.0983829647 0.01707162
v -0.01695154 0.09839218 0.0166894812
v -0.0170284417 0.09439292 0.0166894812
v -0.0165492818 0.0943837 0.01707162
v -0.0146611687 0.0963477641 0.0173434932
v -0.0144266039 0.09434289 0.0169586316
v -0.0143497027 0.09834215 0.0169586316
v -0.0149043091 0.09835281 0.0177221224
v -0.01498121 0.09435355 0.0177221224
v -0.0156633351 0.09636704 0.0147968493
v -0.0160411485 0.094373934 0.0153303389
v -0.0153805986 0.09436123 0.0142522175
v -0.0153036993 0.0983604938 0.0142522175
v -0.01596425 0.0983732 0.0153303389
v -0.0129397046 0.09631466 0.0145338029
v -0.0127686951 0.09431101 0.0141109619
v -0.0126917958 0.09831027 0.0141109619
v -0.0131201576 0.0983185 0.014951827
v -0.0131970569 0.09431925 0.014951827
v -0.0150756333 0.0963557363 0.0144034494
v -0.0147706661 0.09835024 0.0145546813
v -0.0153036993 0.0983604938 0.0142522175
v -0.0153805986 0.09436123 0.0142522175
v -0.0148475654 0.09435098 0.0145546813
v -0.0116788875 0.0962904245 0.0114893578
v -0.0115765948 0.09428808 0.0110389516
v -0.0114996955 0.098287344 0.0110389516
v -0.0117912665 0.0982929543 0.0119364876
v -0.0118681658 0.09429369 0.0119364876
v -0.0138089079 0.09633138 0.0116948057
v -0.013483569 0.09832549 0.011802474
v -0.0140573476 0.0983365253 0.0115871364
v -0.0141342469 0.09433726 0.0115871355
v -0.0135604683 0.0943262354 0.011802474
v -0.0134188179 0.09632388 0.009377101
v -0.0136151928 0.0943272859 0.00998937
v -0.0133200679 0.09432161 0.008759856
v -0.0132431686 0.09832087 0.008759856
v -0.0135382935 0.09832655 0.00998937
v -0.0129586384 0.09631503 0.00352889183
v -0.0129581206 0.09431465 0.00416000467
v -0.0130573083 0.09431656 0.00289945188
v -0.012980409 0.09831582 0.00289945235
v -0.0128812212 0.09831391 0.00416000467
v -0.0129814241 0.0963154659 0.008821312
v -0.01264278 0.09830932 0.008882768
v -0.0132431686 0.09832087 0.008759856
v -0.0133200679 0.09432161 0.008759856
v -0.01271968 0.09431007 0.008882768
v -0.0109097622 0.0962756351 0.008285124
v -0.0108796451 0.0942746848 0.007818241
v -0.0108027458 0.09827395 0.007818242
v -0.0109503493 0.09827679 0.008750349
v -0.0110272486 0.09427752 0.008750348
v -0.0129586384 0.09631503 0.00647110865
v -0.0130573083 0.09431656 0.007100548
v -0.0129581206 0.09431465 0.00583999557
v -0.0128812212 0.09831391 0.005839996
v -0.012980409 0.09831582 0.0071005486
v -0.0106512681 0.0962706655 0.005
v -0.0106950123 0.09427113 0.004528137
v -0.010618113 0.0982703939 0.00452813739
v -0.010618113 0.0982703939 0.00547186332
v -0.0106950123 0.09427113 0.005471863
v -0.0126135591 0.0963083953 0.0058537256
v -0.0122689959 0.09830214 0.005867456
v -0.0128812212 0.09831391 0.005839996
v -0.0129581206 0.09431465 0.00583999557
v -0.0123458952 0.09430288 0.00586745562
v -0.0109097622 0.0962756351 0.00171487569
v -0.0110272486 0.09427752 0.00124965142
v -0.0109503493 0.09827679 0.00124965189
v -0.0108027458 0.09827395 0.00218175934
v -0.0108796451 0.0942746848 0.00218175887
v -0.0127143692 0.09631033 0.00286511774
v -0.0123714264 0.09830411 0.00283078384
v -0.012980409 0.09831582 0.00289945235
v -0.0130573083 0.09431656 0.00289945188
v -0.0124483258 0.0943048447 0.00283078337
v -0.0134188179 0.09632388 0.0006228988
v -0.0133200679 0.09432161 0.00124014425
v -0.0136151928 0.0943272859 1.06305815E-05
v -0.0135382935 0.09832655 1.06310472E-05
v -0.0132431686 0.09832087 0.00124014472
v -0.0156633351 0.09636704 -0.004796849
v -0.0153805986 0.09436123 -0.004252218
v -0.0160411485 0.094373934 -0.00533033954
v -0.01596425 0.0983732 -0.00533033861
v -0.0153036993 0.0983604938 -0.00425221724
v -0.0132813733 0.09632123 -7.092254E-05
v -0.0129475519 0.09831519 -0.000152474735
v -0.0135382935 0.09832655 1.06310472E-05
v -0.0136151928 0.0943272859 1.06305815E-05
v -0.0130244512 0.09431593 -0.0001524752
v -0.0116788875 0.0962904245 -0.00148935849
v -0.0118681658 0.09429369 -0.00193648785
v -0.0117912665 0.0982929543 -0.00193648739
v -0.0114996955 0.098287344 -0.00103895133
v -0.0115765948 0.09428809 -0.0010389518
v -0.0143278427 0.09634136 -0.00217531575
v -0.0141342469 0.09433727 -0.00158713618
v -0.014618041 0.09434657 -0.00275533553
v -0.0145411417 0.09834583 -0.002755335
v -0.0140573476 0.0983365253 -0.00158713572
v -0.0129397046 0.09631467 -0.00453380169
v -0.0131970569 0.09431925 -0.00495182769
v -0.0131201576 0.09831851 -0.00495182676
v -0.0126917958 0.09831027 -0.00411096076
v -0.0127686951 0.09431101 -0.00411096076
v -0.0143006127 0.0963408351 -0.00288209924
v -0.0139831789 0.0983351 -0.00300886342
v -0.0145411417 0.09834583 -0.002755335
v -0.014618041 0.09434657 -0.00275533553
v -0.0140600782 0.09433584 -0.00300886342
v -0.0146611687 0.09634777 -0.007343492
v -0.0149812084 0.09435356 -0.007722121
v -0.0149043091 0.09835281 -0.007722121
v -0.0143497027 0.09834215 -0.0069586304
v -0.0144266021 0.09434289 -0.0069586304
v -0.0157469828 0.09636865 -0.005499192
v -0.0154528115 0.09836336 -0.00566804735
v -0.01596425 0.0983732 -0.00533033861
v -0.0160411485 0.094373934 -0.00533033954
v -0.0155297108 0.0943641 -0.00566804828
v -0.0173924062 0.09640029 -0.007177154
v -0.0170284417 0.09439292 -0.006689482
v -0.0178494845 0.0944087058 -0.0076509756
v -0.0177725833 0.09840797 -0.0076509756
v -0.01695154 0.09839218 -0.006689481
v -0.021852348 0.09648605 -0.0109870061
v -0.0213574059 0.09447616 -0.0106475782
v -0.02243533 0.09449689 -0.0113082509
v -0.0223584287 0.09849615 -0.0113082509
v -0.0212805048 0.09847542 -0.0106475782
v -0.0175848715 0.0964039862 -0.007857762
v -0.0173202623 0.0983992741 -0.008064548
v -0.0177725833 0.09840797 -0.0076509756
v -0.0178494845 0.0944087058 -0.0076509756
v -0.0173971634 0.09440001 -0.008064548
v -0.0168008879 0.09638891 -0.009849243
v -0.0171766821 0.09439577 -0.0101791527
v -0.017099781 0.0983950347 -0.0101791527
v -0.0164325871 0.0983822048 -0.009511838
v -0.0165094882 0.09438294 -0.009511838
v -0.0194724835 0.0964402854 -0.009257615
v -0.0190371983 0.09443155 -0.008838911
v -0.0199985169 0.09445003 -0.009660104
v -0.0199216157 0.09844929 -0.009660104
v -0.0189602971 0.0984308049 -0.008838911
v -0.0193061754 0.09643709 -0.0119893588
v -0.0197294168 0.094444856 -0.0122624226
v -0.0196525156 0.09844412 -0.0122624226
v -0.0188891664 0.09842944 -0.0117077157
v -0.0189660676 0.09443018 -0.0117077157
v -0.0197690316 0.0964459851 -0.00989973
v -0.0195395481 0.09844194 -0.0101393536
v -0.0199216157 0.09844929 -0.009660104
v -0.0199985169 0.09445003 -0.009660104
v -0.01961645 0.09444268 -0.0101393536
v -0.022115346 0.0964911059 -0.01371114
v -0.02257656 0.0944996 -0.013920635
v -0.0224996582 0.098498866 -0.013920635
v -0.0216589458 0.0984827 -0.0134921949
v -0.021735847 0.0944834352 -0.0134921949
v -0.0222456753 0.09649361 -0.011574816
v -0.02205602 0.098490335 -0.011841381
v -0.0223584287 0.09849615 -0.0113082509
v -0.02243533 0.09449689 -0.0113082509
v -0.022132922 0.09449107 -0.011841381
v -0.0244733971 0.09653644 -0.0123227444
v -0.0250999182 0.09454812 -0.0125548337
v -0.0250230171 0.0985473841 -0.0125548337
v -0.0238550343 0.09852493 -0.01207095
v -0.0239319354 0.094525665 -0.01207095
v -0.0301765483 0.09664611 -0.013692202
v -0.0307690948 0.0986578763 -0.013731176
v -0.0295087751 0.09863364 -0.01363197
v -0.0295856763 0.0946343839 -0.01363197
v -0.030845996 0.09465861 -0.013731176
v -0.0249538179 0.09654568 -0.012841776
v -0.02480772 0.09854324 -0.0131287165
v -0.0250230171 0.0985473841 -0.0125548337
v -0.0250999182 0.09454812 -0.0125548337
v -0.0248846188 0.094543986 -0.0131287165
v -0.0251592267 0.09654963 -0.0149721913
v -0.0256480016 0.09455866 -0.0151129588
v -0.0255711 0.09855793 -0.0151129588
v -0.02467373 0.09854067 -0.0148213319
v -0.0247506313 0.09454141 -0.0148213319
v -0.0272710919 0.09659024 -0.0132319368
v -0.027926676 0.09460248 -0.0133691616
v -0.0278497748 0.09860174 -0.0133691616
v -0.0266204886 0.0985781 -0.0130739808
v -0.02669739 0.09457884 -0.0130739808
v -0.0283628684 0.09661124 -0.0157414582
v -0.0288681164 0.0946205854 -0.0158100352
v -0.0287912153 0.09861984 -0.0158100352
v -0.02785928 0.09860192 -0.0156624056
v -0.0279361811 0.09460266 -0.0156624056
v -0.0232617743 0.0970132351 0.004699761
v -0.0244415216 0.09703592 0.00448140549
v -0.0242890269 0.097032994 0.00395093
v -0.0244890936 0.09703684 0.005
v -0.0231734887 0.0970115438 0.004392644
v -0.0232893154 0.09701377 0.005
v -0.0240246169 0.0970279053 0.003440452
v -0.0244415216 0.09703592 0.00551859476
v -0.0230204072 0.0970086 0.004097104
v -0.0232617743 0.0970132351 0.005300239
v -0.0236545019 0.09702079 0.00298474543
v -0.0242890269 0.097032994 0.00604907
v -0.02280613 0.09700448 0.003833274
v -0.0231734887 0.0970115438 0.00560735632
v -0.02319888 0.09701203 0.00261456263
v -0.0240246169 0.0970279053 0.006559548
v -0.0225423481 0.09699941 0.00361895747
v -0.0230204072 0.0970086 0.00590289664
v -0.0226884969 0.0970022157 0.002350103
v -0.0236545019 0.09702079 0.007015255
v -0.0222468637 0.09699372 0.003465849
v -0.02280613 0.09700448 0.00616672635
v -0.02215812 0.0969920158 0.00219757948
v -0.02319888 0.09701203 0.00738543738
v -0.0219398029 0.09698782 0.00337754586
v -0.0225423481 0.09699941 0.006381043
v -0.0226884969 0.0970022157 0.007649897
v -0.0222468637 0.09699372 0.00653415127
v -0.021639619 0.09698205 0.00214999961
v -0.021639619 0.09698205 0.00334999966
v -0.0213394351 0.09697627 0.00337754586
v -0.02112112 0.09697208 0.00219757948
v -0.0210323762 0.09697037 0.003465849
v -0.020590743 0.09696188 0.002350103
v -0.0207368918 0.09696469 0.00361895747
v -0.0200803615 0.0969520658 0.00261456263
v -0.0204731114 0.09695961 0.003833274
v -0.019624738 0.0969433039 0.00298474543
v -0.0202588327 0.09695549 0.004097104
v -0.0192546248 0.09693619 0.003440452
v -0.0201057531 0.09695255 0.004392644
v -0.0189902131 0.0969311 0.00395093
v -0.0200174674 0.09695085 0.004699761
v -0.0188377164 0.09692817 0.00448140549
v -0.0199899264 0.09695032 0.005
v -0.0187901482 0.0969272554 0.005
v -0.0188377164 0.09692817 0.00551859476
v -0.0200174674 0.09695085 0.005300239
v -0.0189902131 0.0969311 0.00604907
v -0.0201057531 0.09695255 0.00560735632
v -0.0192546248 0.09693619 0.006559548
v -0.0202588327 0.09695549 0.00590289664
v -0.019624738 0.0969433039 0.007015255
v -0.0204731114 0.09695961 0.00616672635
v -0.0200803615 0.0969520658 0.00738543738
v -0.0207368918 0.09696469 0.006381043
v -0.020590743 0.09696188 0.007649897
v -0.0210323762 0.09697037 0.00653415127
v -0.02112112 0.09697208 0.00780242076
v -0.0213394351 0.09697627 0.006622454
v -0.021639619 0.09698205 0.007850001
v -0.021639619 0.09698205 0.006650001
v -0.02215812 0.0969920158 0.00780242076
v -0.0219398029 0.09698782 0.006622454
v -0.03325993 0.09720549 0.0146997627
v -0.0344396755 0.09722818 0.0144814067
v -0.03428718 0.09722524 0.0139509328
v -0.0344872475 0.09722909 0.0150000025
v -0.03317164 0.09720379 0.014392646
v -0.03328747 0.09720602 0.0150000025
v -0.03402277 0.09722016 0.0134404544
v -0.0344396755 0.09722818 0.0155185964
v -0.03301856 0.09720085 0.0140971057
v -0.03325993 0.09720549 0.0153002422
v -0.0336526558 0.0972130448 0.0129847471
v -0.03428718 0.09722524 0.0160490721
v -0.0328042842 0.09719673 0.0138332751
v -0.03317164 0.09720379 0.015607357
v -0.03319703 0.09720428 0.0126145631
v -0.03402277 0.09722016 0.01655955
v -0.0325405 0.0971916541 0.0136189591
v -0.03301856 0.09720085 0.0159028973
v -0.032686647 0.09719446 0.0123501047
v -0.0336526558 0.09721304 0.0170152579
v -0.0322450176 0.09718598 0.0134658515
v -0.0328042842 0.09719673 0.016166728
v -0.03215627 0.09718427 0.01219758
v -0.03319703 0.09720428 0.01738544
v -0.0319379568 0.09718007 0.0133775473
v -0.0325405 0.0971916541 0.0163810439
v -0.032686647 0.09719446 0.0176499
v -0.0322450176 0.09718598 0.0165341534
v -0.0316377729 0.0971743 0.0121500008
v -0.0316377729 0.0971743 0.0133500006
v -0.03133759 0.09716853 0.0133775473
v -0.031119274 0.0971643254 0.01219758
v -0.0310305282 0.09716262 0.0134658515
v -0.0305888969 0.0971541256 0.0123501047
v -0.0307350438 0.09715694 0.0136189591
v -0.0300785135 0.09714431 0.0126145631
v -0.0304712616 0.09715187 0.0138332751
v -0.02962289 0.09713555 0.0129847471
v -0.0302569848 0.09714775 0.0140971057
v -0.0292527769 0.097128436 0.0134404544
v -0.0301039051 0.0971448049 0.014392646
v -0.0289883651 0.0971233547 0.0139509328
v -0.0300156176 0.0971431062 0.0146997627
v -0.02883587 0.09712042 0.0144814067
v -0.0299880765 0.09714258 0.0150000025
v -0.0287882984 0.0971195 0.0150000025
v -0.02883587 0.09712042 0.0155185964
v -0.0300156176 0.0971431062 0.0153002422
v -0.0289883651 0.0971233547 0.0160490721
v -0.0301039051 0.0971448049 0.015607357
v -0.0292527769 0.097128436 0.01655955
v -0.0302569848 0.09714775 0.0159028973
v -0.02962289 0.09713555 0.0170152579
v -0.0304712616 0.09715187 0.016166728
v -0.0300785135 0.09714431 0.01738544
v -0.0307350438 0.09715694 0.0163810439
v -0.0305888969 0.0971541256 0.0176499
v -0.0310305282 0.09716262 0.0165341534
v -0.031119274 0.0971643254 0.0178024229
v -0.03133759 0.09716853 0.0166224558
v -0.0316377729 0.0971742943 0.0178500023
v -0.0316377729 0.0971743 0.01665
v -0.03215627 0.09718427 0.0178024229
v -0.0319379568 0.09718007 0.0166224558
v -0.03325993 0.09720549 -0.005300241
v -0.0344396755 0.09722818 -0.005518596
v -0.03428718 0.09722524 -0.006049072
v -0.0344872475 0.09722909 -0.00500000129
v -0.03317164 0.09720379 -0.005607357
v -0.03328747 0.09720602 -0.00500000129
v -0.03402277 0.09722016 -0.00655954937
v -0.0344396755 0.09722818 -0.00448140642
v -0.03301856 0.09720085 -0.005902897
v -0.03325993 0.09720549 -0.00469976151
v -0.0336526558 0.0972130448 -0.00701525668
v -0.03428718 0.09722524 -0.0039509316
v -0.0328042842 0.09719673 -0.006166727
v -0.03317164 0.09720379 -0.004392645
v -0.03319703 0.09720428 -0.007385439
v -0.03402277 0.09722016 -0.00344045321
v -0.0325405 0.09719166 -0.006381043
v -0.03301856 0.09720085 -0.00409710547
v -0.032686647 0.09719447 -0.007649899
v -0.0336526558 0.0972130448 -0.00298474682
v -0.0322450176 0.09718598 -0.006534152
v -0.0328042842 0.09719673 -0.00383327482
v -0.03215627 0.09718427 -0.00780242262
v -0.03319703 0.09720428 -0.0026145638
v -0.0319379568 0.09718007 -0.00662245462
v -0.0325405 0.09719166 -0.00361895887
v -0.032686647 0.09719447 -0.00235010451
v -0.0322450176 0.09718598 -0.00346585037
v -0.0316377729 0.0971743 -0.007850001
v -0.0316377729 0.0971743 -0.00665000034
v -0.03133759 0.09716853 -0.00662245462
v -0.031119274 0.09716433 -0.00780242262
v -0.0310305282 0.09716263 -0.006534152
v -0.0305888969 0.09715413 -0.007649899
v -0.0307350438 0.09715694 -0.006381043
v -0.0300785135 0.09714432 -0.007385439
v -0.0304712616 0.09715187 -0.006166727
v -0.02962289 0.09713556 -0.00701525668
v -0.0302569848 0.09714775 -0.005902897
v -0.0292527769 0.097128436 -0.00655954937
v -0.0301039051 0.0971448049 -0.005607357
v -0.0289883651 0.0971233547 -0.006049072
v -0.0300156176 0.0971431062 -0.005300241
v -0.02883587 0.09712042 -0.005518596
v -0.0299880765 0.09714258 -0.00500000129
v -0.0287882984 0.09711951 -0.00500000129
v -0.02883587 0.09712042 -0.00448140642
v -0.0300156176 0.0971431062 -0.00469976151
v -0.0289883651 0.0971233547 -0.0039509316
v -0.0301039051 0.0971448049 -0.004392645
v -0.0292527769 0.097128436 -0.00344045321
v -0.0302569848 0.09714775 -0.00409710547
v -0.02962289 0.09713556 -0.00298474682
v -0.0304712616 0.09715187 -0.00383327482
v -0.0300785135 0.09714432 -0.0026145638
v -0.0307350438 0.09715694 -0.00361895887
v -0.0305888969 0.09715413 -0.00235010451
v -0.0310305282 0.09716263 -0.00346585037
v -0.031119274 0.09716433 -0.00219758088
v -0.03133759 0.09716853 -0.003377547
v -0.0316377729 0.0971743 -0.00215000147
v -0.0316377729 0.0971743 -0.00335000036
v -0.03215627 0.09718427 -0.00219758088
v -0.0319379568 0.09718007 -0.003377547
v -0.04325808 0.0973977447 0.004699761
v -0.04443783 0.0974204242 0.00448140549
v -0.0442853346 0.0974174961 0.00395093
v -0.0444853976 0.09742134 0.005
v -0.0431697927 0.0973960459 0.004392644
v -0.04328562 0.09739827 0.005
v -0.04402092 0.0974124148 0.003440452
v -0.04443783 0.0974204242 0.00551859476
v -0.0430167131 0.0973931 0.004097104
v -0.04325808 0.0973977447 0.005300239
v -0.043650806 0.09740529 0.00298474543
v -0.0442853346 0.0974174961 0.00604907
v -0.0428024344 0.09738898 0.003833274
v -0.0431697927 0.0973960459 0.00560735632
v -0.0431951843 0.09739654 0.00261456263
v -0.04402092 0.0974124148 0.006559548
v -0.0425386541 0.09738391 0.00361895747
v -0.0430167131 0.0973931 0.00590289664
v -0.0426848 0.09738672 0.002350103
v -0.043650806 0.09740529 0.007015255
v -0.0422431678 0.0973782241 0.003465849
v -0.0428024344 0.09738898 0.00616672635
v -0.0421544239 0.09737652 0.00219757948
v -0.0431951843 0.09739654 0.00738543738
v -0.04193611 0.09737232 0.00337754586
v -0.0425386541 0.09738391 0.006381043
v -0.0426848 0.09738672 0.007649897
v -0.0422431678 0.0973782241 0.00653415127
v -0.0416359268 0.09736655 0.00214999961
v -0.0416359268 0.09736655 0.00334999966
v -0.0413357429 0.09736078 0.00337754586
v -0.041117426 0.09735658 0.00219757948
v -0.0410286821 0.097354874 0.003465849
v -0.04058705 0.09734638 0.002350103
v -0.0407331958 0.09734919 0.00361895747
v -0.0400766656 0.09733657 0.00261456263
v -0.0404694155 0.09734412 0.003833274
v -0.039621044 0.0973278061 0.00298474543
v -0.0402551368 0.09734 0.004097104
v -0.03925093 0.09732069 0.003440452
v -0.0401020572 0.09733706 0.004392644
v -0.03898652 0.09731561 0.00395093
v -0.04001377 0.09733536 0.004699761
v -0.03883402 0.0973126739 0.00448140549
v -0.03998623 0.09733483 0.005
v -0.0387864523 0.09731176 0.005
v -0.03883402 0.0973126739 0.00551859476
v -0.04001377 0.09733536 0.005300239
v -0.03898652 0.09731561 0.00604907
v -0.0401020572 0.09733706 0.00560735632
v -0.03925093 0.09732069 0.006559548
v -0.0402551368 0.09734 0.00590289664
v -0.039621044 0.0973278061 0.007015255
v -0.0404694155 0.09734412 0.00616672635
v -0.0400766656 0.09733657 0.00738543738
v -0.0407331958 0.09734919 0.006381043
v -0.04058705 0.09734638 0.007649897
v -0.0410286821 0.097354874 0.00653415127
v -0.041117426 0.09735658 0.00780242076
v -0.0413357429 0.09736078 0.006622454
v -0.0416359268 0.09736655 0.007850001
v -0.0416359268 0.09736655 0.006650001
v -0.0421544239 0.09737652 0.00780242076
v -0.04193611 0.09737232 0.006622454
v -0.0278037861 0.09460012 -0.0139696617
v -0.0278267786 0.09660093 -0.0136694126
v -0.027926676 0.09460248 -0.0133691616
v -0.0277268849 0.0985993743 -0.0139696617
v -0.0278497748 0.09860174 -0.0133691616
f 1 2 3
f 1 3 4
f 5 1 4
f 4 3 6
f 7 5 4
f 8 4 6
f 7 4 8
f 8 6 9
f 10 7 8
f 11 8 9
f 10 8 11
f 11 9 12
f 13 10 11
f 14 11 12
f 13 11 14
f 14 12 15
f 16 13 14
f 17 14 15
f 16 14 17
f 17 15 18
f 19 16 17
f 20 17 18
f 19 17 20
f 20 18 21
f 22 20 21
f 23 19 20
f 23 20 22
f 22 21 24
f 25 23 22
f 26 22 24
f 27 25 22
f 28 22 26
f 27 22 28
f 29 28 26
f 30 27 28
f 31 28 29
f 31 30 28
f 32 31 29
f 31 32 30
f 32 29 33
f 32 34 30
f 35 32 33
f 32 35 34
f 35 33 36
f 35 37 34
f 38 35 36
f 35 38 37
f 38 36 39
f 38 40 37
f 41 38 39
f 38 41 40
f 41 39 42
f 41 43 40
f 44 41 42
f 41 44 43
f 44 42 45
f 44 46 43
f 47 44 45
f 44 47 46
f 47 45 48
f 46 47 49
f 47 48 49
f 48 50 49
f 50 51 49
f 49 51 52
f 50 53 51
f 51 54 52
f 53 55 51
f 51 55 54
f 53 56 55
f 55 57 54
f 56 58 55
f 55 58 57
f 56 59 58
f 58 60 57
f 59 61 58
f 58 61 60
f 59 62 61
f 61 63 60
f 62 64 61
f 61 64 63
f 62 65 64
f 64 66 63
f 65 67 64
f 64 67 66
f 65 68 67
f 68 69 67
f 67 70 66
f 67 69 70
f 68 71 69
f 69 72 70
f 71 73 69
f 69 74 72
f 73 75 69
f 69 75 74
f 73 76 75
f 75 77 74
f 76 78 75
f 75 78 77
f 76 79 78
f 79 77 78
f 80 79 76
f 79 81 77
f 82 79 80
f 79 82 81
f 83 82 80
f 82 84 81
f 85 82 83
f 82 85 84
f 86 85 83
f 85 87 84
f 88 85 86
f 85 88 87
f 89 88 86
f 88 90 87
f 91 88 89
f 88 91 90
f 92 91 89
f 91 93 90
f 94 91 92
f 91 94 93
f 95 94 92
f 94 96 93
f 94 95 96
f 97 98 99
f 97 99 100
f 101 97 100
f 100 99 102
f 103 101 100
f 104 100 102
f 103 100 104
f 104 102 105
f 106 103 104
f 107 104 105
f 106 104 107
f 107 105 108
f 109 106 107
f 110 107 108
f 109 107 110
f 110 108 111
f 112 109 110
f 113 110 111
f 112 110 113
f 113 111 114
f 115 112 113
f 116 113 114
f 115 113 116
f 116 114 117
f 118 116 117
f 119 115 116
f 119 116 118
f 118 117 120
f 121 119 118
f 122 118 120
f 123 121 118
f 124 118 122
f 123 118 124
f 125 124 122
f 126 123 124
f 127 124 125
f 127 126 124
f 128 127 125
f 127 128 126
f 128 125 129
f 128 130 126
f 131 128 129
f 128 131 130
f 131 129 132
f 131 133 130
f 134 131 132
f 131 134 133
f 134 132 135
f 134 136 133
f 137 134 135
f 134 137 136
f 137 135 138
f 137 139 136
f 140 137 138
f 137 140 139
f 140 138 141
f 140 142 139
f 143 140 141
f 140 143 142
f 143 141 144
f 142 143 145
f 143 144 145
f 144 146 145
f 146 147 145
f 145 147 148
f 146 149 147
f 147 150 148
f 149 151 147
f 147 151 150
f 149 152 151
f 151 153 150
f 152 154 151
f 151 154 153
f 152 155 154
f 154 156 153
f 155 157 154
f 154 157 156
f 155 158 157
f 157 159 156
f 158 160 157
f 157 160 159
f 158 161 160
f 160 162 159
f 161 163 160
f 160 163 162
f 161 164 163
f 164 165 163
f 163 166 162
f 163 165 166
f 164 167 165
f 165 168 166
f 167 169 165
f 165 170 168
f 169 171 165
f 165 171 170
f 169 172 171
f 171 173 170
f 172 174 171
f 171 174 173
f 172 175 174
f 175 173 174
f 176 175 172
f 175 177 173
f 178 175 176
f 175 178 177
f 179 178 176
f 178 180 177
f 181 178 179
f 178 181 180
f 182 181 179
f 181 183 180
f 184 181 182
f 181 184 183
f 185 184 182
f 184 186 183
f 187 184 185
f 184 187 186
f 188 187 185
f 187 189 186
f 190 187 188
f 187 190 189
f 191 190 188
f 190 192 189
f 190 191 192
f 193 194 195
f 193 195 196
f 197 193 196
f 196 195 198
f 199 197 196
f 200 196 198
f 199 196 200
f 200 198 201
f 202 199 200
f 203 200 201
f 202 200 203
f 203 201 204
f 205 202 203
f 206 203 204
f 205 203 206
f 206 204 207
f 208 205 206
f 209 206 207
f 208 206 209
f 209 207 210
f 211 208 209
f 212 209 210
f 211 209 212
f 212 210 213
f 214 212 213
f 215 211 212
f 215 212 214
f 214 213 216
f 217 215 214
f 218 214 216
f 219 217 214
f 220 214 218
f 219 214 220
f 221 220 218
f 222 219 220
f 223 220 221
f 223 222 220
f 224 223 221
f 223 224 222
f 224 221 225
f 224 226 222
f 227 224 225
f 224 227 226
f 227 225 228
f 227 229 226
f 230 227 228
f 227 230 229
f 230 228 231
f 230 232 229
f 233 230 231
f 230 233 232
f 233 231 234
f 233 235 232
f 236 233 234
f 233 236 235
f 236 234 237
f 236 238 235
f 239 236 237
f 236 239 238
f 239 237 240
f 238 239 241
f 239 240 241
f 240 242 241
f 242 243 241
f 241 243 244
f 242 245 243
f 243 246 244
f 245 247 243
f 243 247 246
f 245 248 247
f 247 249 246
f 248 250 247
f 247 250 249
f 248 251 250
f 250 252 249
f 251 253 250
f 250 253 252
f 251 254 253
f 253 255 252
f 254 256 253
f 253 256 255
f 254 257 256
f 256 258 255
f 257 259 256
f 256 259 258
f 257 260 259
f 260 261 259
f 259 262 258
f 259 261 262
f 260 263 261
f 261 264 262
f 263 265 261
f 261 266 264
f 265 267 261
f 261 267 266
f 265 268 267
f 267 269 266
f 268 270 267
f 267 270 269
f 268 271 270
f 271 269 270
f 272 271 268
f 271 273 269
f 274 271 272
f 271 274 273
f 275 274 272
f 274 276 273
f 277 274 275
f 274 277 276
f 278 277 275
f 277 279 276
f 280 277 278
f 277 280 279
f 281 280 278
f 280 282 279
f 283 280 281
f 280 283 282
f 284 283 281
f 283 285 282
f 286 283 284
f 283 286 285
f 287 286 284
f 286 288 285
f 286 287 288
f 289 290 291
f 289 291 292
f 293 289 292
f 292 291 294
f 295 293 292
f 296 292 294
f 295 292 296
f 296 294 297
f 298 295 296
f 299 296 297
f 298 296 299
f 299 297 300
f 301 298 299
f 302 299 300
f 301 299 302
f 302 300 303
f 304 301 302
f 305 302 303
f 304 302 305
f 305 303 306
f 307 304 305
f 308 305 306
f 307 305 308
f 308 306 309
f 310 308 309
f 311 307 308
f 311 308 310
f 310 309 312
f 313 311 310
f 314 310 312
f 315 313 310
f 316 310 314
f 315 310 316
f 317 316 314
f 318 315 316
f 319 316 317
f 319 318 316
f 320 319 317
f 319 320 318
f 320 317 321
f 320 322 318
f 323 320 321
f 320 323 322
f 323 321 324
f 323 325 322
f 326 323 324
f 323 326 325
f 326 324 327
f 326 328 325
f 329 326 327
f 326 329 328
f 329 327 330
f 329 331 328
f 332 329 330
f 329 332 331
f 332 330 333
f 332 334 331
f 335 332 333
f 332 335 334
f 335 333 336
f 334 335 337
f 335 336 337
f 336 338 337
f 338 339 337
f 337 339 340
f 338 341 339
f 339 342 340
f 341 343 339
f 339 343 342
f 341 344 343
f 343 345 342
f 344 346 343
f 343 346 345
f 344 347 346
f 346 348 345
f 347 349 346
f 346 349 348
f 347 350 349
f 349 351 348
f 350 352 349
f 349 352 351
f 350 353 352
f 352 354 351
f 353 355 352
f 352 355 354
f 353 356 355
f 356 357 355
f 355 358 354
f 355 357 358
f 356 359 357
f 357 360 358
f 359 361 357
f 357 362 360
f 361 363 357
f 357 363 362
f 361 364 363
f 363 365 362
f 364 366 363
f 363 366 365
f 364 367 366
f 367 365 366
f 368 367 364
f 367 369 365
f 370 367 368
f 367 370 369
f 371 370 368
f 370 372 369
f 373 370 371
f 370 373 372
f 374 373 371
f 373 375 372
f 376 373 374
f 373 376 375
f 377 376 374
f 376 378 375
f 379 376 377
f 376 379 378
f 380 379 377
f 379 381 378
f 382 379 380
f 379 382 381
f 383 382 380
f 382 384 381
f 382 383 384
f 385 386 387
f 385 387 388
f 389 385 388
f 388 387 390
f 391 389 388
f 392 388 390
f 391 388 392
f 392 390 393
f 394 391 392
f 395 392 393
f 394 392 395
f 395 393 396
f 397 394 395
f 398 395 396
f 397 395 398
f 398 396 399
f 400 397 398
f 401 398 399
f 400 398 401
f 401 399 402
f 403 400 401
f 404 401 402
f 403 401 404
f 404 402 405
f 406 404 405
f 407 403 404
f 407 404 406
f 406 405 408
f 409 407 406
f 410 406 408
f 411 409 406
f 412 406 410
f 411 406 412
f 413 412 410
f 414 411 412
f 415 412 413
f 415 414 412
f 416 415 413
f 415 416 414
f 416 413 417
f 416 418 414
f 419 416 417
f 416 419 418
f 419 417 420
f 419 421 418
f 422 419 420
f 419 422 421
f 422 420 423
f 422 424 421
f 425 422 423
f 422 425 424
f 425 423 426
f 425 427 424
f 428 425 426
f 425 428 427
f 428 426 429
f 428 430 427
f 431 428 429
f 428 431 430
f 431 429 432
f 430 431 433
f 431 432 433
f 432 434 433
f 434 435 433
f 433 435 436
f 434 437 435
f 435 438 436
f 437 439 435
f 435 439 438
f 437 440 439
f 439 441 438
f 440 442 439
f 439 442 441
f 440 443 442
f 442 444 441
f 443 445 442
f 442 445 444
f 443 446 445
f 445 447 444
f 446 448 445
f 445 448 447
f 446 449 448
f 448 450 447
f 449 451 448
f 448 451 450
f 449 452 451
f 452 453 451
f 451 454 450
f 451 453 454
f 452 455 453
f 453 456 454
f 455 457 453
f 453 458 456
f 457 459 453
f 453 459 458
f 457 460 459
f 459 461 458
f 460 462 459
f 459 462 461
f 460 463 462
f 463 461 462
f 464 463 460
f 463 465 461
f 466 463 464
f 463 466 465
f 467 466 464
f 466 468 465
f 469 466 467
f 466 469 468
f 470 469 467
f 469 471 468
f 472 469 470
f 469 472 471
f 473 472 470
f 472 474 471
f 475 472 473
f 472 475 474
f 476 475 473
f 475 477 474
f 478 475 476
f 475 478 477
f 479 478 476
f 478 480 477
f 478 479 480
f 481 482 483
f 481 483 484
f 485 481 484
f 484 483 486
f 487 485 484
f 488 484 486
f 487 484 488
f 488 486 489
f 490 487 488
f 491 488 489
f 490 488 491
f 491 489 492
f 493 490 491
f 494 491 492
f 493 491 494
f 494 492 495
f 496 493 494
f 497 494 495
f 496 494 497
f 497 495 498
f 499 496 497
f 500 497 498
f 499 497 500
f 500 498 501
f 502 500 501
f 503 499 500
f 503 500 502
f 502 501 504
f 505 503 502
f 506 502 504
f 507 505 502
f 508 502 506
f 507 502 508
f 509 508 506
f 510 507 508
f 511 508 509
f 511 510 508
f 512 511 509
f 511 512 510
f 512 509 513
f 512 514 510
f 515 512 513
f 512 515 514
f 515 513 516
f 515 517 514
f 518 515 516
f 515 518 517
f 518 516 519
f 518 520 517
f 521 518 519
f 518 521 520
f 521 519 522
f 521 523 520
f 524 521 522
f 521 524 523
f 524 522 525
f 524 526 523
f 527 524 525
f 524 527 526
f 527 525 528
f 526 527 529
f 527 528 529
f 528 530 529
f 530 531 529
f 529 531 532
f 530 533 531
f 531 534 532
f 533 535 531
f 531 535 534
f 533 536 535
f 535 537 534
f 536 538 535
f 535 538 537
f 536 539 538
f 538 540 537
f 539 541 538
f 538 541 540
f 539 542 541
f 541 543 540
f 542 544 541
f 541 544 543
f 542 545 544
f 544 546 543
f 545 547 544
f 544 547 546
f 545 548 547
f 548 549 547
f 547 550 546
f 547 549 550
f 548 551 549
f 549 552 550
f 551 553 549
f 549 554 552
f 553 555 549
f 549 555 554
f 553 556 555
f 555 557 554
f 556 558 555
f 555 558 557
f 556 559 558
f 559 557 558
f 560 559 556
f 559 561 557
f 562 559 560
f 559 562 561
f 563 562 560
f 562 564 561
f 565 562 563
f 562 565 564
f 566 565 563
f 565 567 564
f 568 565 566
f 565 568 567
f 569 568 566
f 568 570 567
f 571 568 569
f 568 571 570
f 572 571 569
f 571 573 570
f 574 571 572
f 571 574 573
f 575 574 572
f 574 576 573
f 574 575 576
f 577 578 579
f 577 579 580
f 581 577 580
f 580 579 582
f 583 581 580
f 584 580 582
f 583 580 584
f 584 582 585
f 586 583 584
f 587 584 585
f 586 584 587
f 587 585 588
f 589 586 587
f 590 587 588
f 589 587 590
f 590 588 591
f 592 589 590
f 593 590 591
f 592 590 593
f 593 591 594
f 595 592 593
f 596 593 594
f 595 593 596
f 596 594 597
f 598 596 597
f 599 595 596
f 599 596 598
f 598 597 600
f 601 599 598
f 602 598 600
f 603 601 598
f 604 598 602
f 603 598 604
f 605 604 602
f 606 603 604
f 607 604 605
f 607 606 604
f 608 607 605
f 607 608 606
f 608 605 609
f 608 610 606
f 611 608 609
f 608 611 610
f 611 609 612
f 611 613 610
f 614 611 612
f 611 614 613
f 614 612 615
f 614 616 613
f 617 614 615
f 614 617 616
f 617 615 618
f 617 619 616
f 620 617 618
f 617 620 619
f 620 618 621
f 620 622 619
f 623 620 621
f 620 623 622
f 623 621 624
f 622 623 625
f 623 624 625
f 624 626 625
f 626 627 625
f 625 627 628
f 626 629 627
f 627 630 628
f 629 631 627
f 627 631 630
f 629 632 631
f 631 633 630
f 632 634 631
f 631 634 633
f 632 635 634
f 634 636 633
f 635 637 634
f 634 637 636
f 635 638 637
f 637 639 636
f 638 640 637
f 637 640 639
f 638 641 640
f 640 642 639
f 641 643 640
f 640 643 642
f 641 644 643
f 644 645 643
f 643 646 642
f 643 645 646
f 644 647 645
f 645 648 646
f 647 649 645
f 645 650 648
f 649 651 645
f 645 651 650
f 649 652 651
f 651 653 650
f 652 654 651
f 651 654 653
f 652 655 654
f 655 653 654
f 656 655 652
f 655 657 653
f 658 655 656
f 655 658 657
f 659 658 656
f 658 660 657
f 661 658 659
f 658 661 660
f 662 661 659
f 661 663 660
f 664 661 662
f 661 664 663
f 665 664 662
f 664 666 663
f 667 664 665
f 664 667 666
f 668 667 665
f 667 669 666
f 670 667 668
f 667 670 669
f 671 670 668
f 670 672 669
f 670 671 672
f 673 674 675
f 673 675 676
f 677 673 676
f 676 675 678
f 679 677 676
f 680 676 678
f 679 676 680
f 680 678 681
f 682 679 680
f 683 680 681
f 682 680 683
f 683 681 684
f 685 682 683
f 686 683 684
f 685 683 686
f 686 684 687
f 688 685 686
f 689 686 687
f 688 686 689
f 689 687 690
f 691 688 689
f 692 689 690
f 691 689 692
f 692 690 693
f 694 692 693
f 695 691 692
f 695 692 694
f 694 693 696
f 697 695 694
f 698 694 696
f 699 697 694
f 700 694 698
f 699 694 700
f 701 700 698
f 702 699 700
f 703 700 701
f 703 702 700
f 704 703 701
f 703 704 702
f 704 701 705
f 704 706 702
f 707 704 705
f 704 707 706
f 707 705 708
f 707 709 706
f 710 707 708
f 707 710 709
f 710 708 711
f 710 712 709
f 713 710 711
f 710 713 712
f 713 711 714
f 713 715 712
f 716 713 714
f 713 716 715
f 716 714 717
f 716 718 715
f 719 716 717
f 716 719 718
f 719 717 720
f 718 719 721
f 719 720 721
f 720 722 721
f 722 723 721
f 721 723 724
f 722 725 723
f 723 726 724
f 725 727 723
f 723 727 726
f 725 728 727
f 727 729 726
f 728 730 727
f 727 730 729
f 728 731 730
f 730 732 729
f 731 733 730
f 730 733 732
f 731 734 733
f 733 735 732
f 734 736 733
f 733 736 735
f 734 737 736
f 736 738 735
f 737 739 736
f 736 739 738
f 737 740 739
f 740 741 739
f 739 742 738
f 739 741 742
f 740 743 741
f 741 744 742
f 743 745 741
f 741 746 744
f 745 747 741
f 741 747 746
f 745 748 747
f 747 749 746
f 748 750 747
f 747 750 749
f 748 751 750
f 751 749 750
f 752 751 748
f 751 753 749
f 754 751 752
f 751 754 753
f 755 754 752
f 754 756 753
f 757 754 755
f 754 757 756
f 758 757 755
f 757 759 756
f 760 757 758
f 757 760 759
f 761 760 758
f 760 762 759
f 763 760 761
f 760 763 762
f 764 763 761
f 763 765 762
f 766 763 764
f 763 766 765
f 767 766 764
f 766 768 765
f 766 767 768
f 769 770 771
f 769 771 772
f 773 769 772
f 772 771 774
f 775 773 772
f 776 772 774
f 775 772 776
f 776 774 777
f 778 775 776
f 779 776 777
f 778 776 779
f 779 777 780
f 781 778 779
f 782 779 780
f 781 779 782
f 782 780 783
f 784 781 782
f 785 782 783
f 784 782 785
f 785 783 786
f 787 784 785
f 788 785 786
f 787 785 788
f 788 786 789
f 790 788 789
f 791 787 788
f 791 788 790
f 790 789 792
f 793 791 790
f 794 790 792
f 795 793 790
f 796 790 794
f 795 790 796
f 797 796 794
f 798 795 796
f 799 796 797
f 799 798 796
f 800 799 797
f 799 800 798
f 800 797 801
f 800 802 798
f 803 800 801
f 800 803 802
f 803 801 804
f 803 805 802
f 806 803 804
f 803 806 805
f 806 804 807
f 806 808 805
f 809 806 807
f 806 809 808
f 809 807 810
f 809 811 808
f 812 809 810
f 809 812 811
f 812 810 813
f 812 814 811
f 815 812 813
f 812 815 814
f 815 813 816
f 814 815 817
f 815 816 817
f 816 818 817
f 818 819 817
f 817 819 820
f 818 821 819
f 819 822 820
f 821 823 819
f 819 823 822
f 821 824 823
f 823 825 822
f 824 826 823
f 823 826 825
f 824 827 826
f 826 828 825
f 827 829 826
f 826 829 828
f 827 830 829
f 829 831 828
f 830 832 829
f 829 832 831
f 830 833 832
f 832 834 831
f 833 835 832
f 832 835 834
f 833 836 835
f 836 837 835
f 835 838 834
f 835 837 838
f 836 839 837
f 837 840 838
f 839 841 837
f 837 842 840
f 841 843 837
f 837 843 842
f 841 844 843
f 843 845 842
f 844 846 843
f 843 846 845
f 844 847 846
f 847 845 846
f 848 847 844
f 847 849 845
f 850 847 848
f 847 850 849
f 851 850 848
f 850 852 849
f 853 850 851
f 850 853 852
f 854 853 851
f 853 855 852
f 856 853 854
f 853 856 855
f 857 856 854
f 856 858 855
f 859 856 857
f 856 859 858
f 860 859 857
f 859 861 858
f 862 859 860
f 859 862 861
f 863 862 860
f 862 864 861
f 862 863 864
f 865 866 867
f 866 868 867
f 866 869 868
f 869 870 868
f 870 871 868
f 870 872 871
f 872 873 871
f 872 874 873
f 875 868 871
f 876 867 868
f 875 876 868
f 877 871 873
f 877 875 871
f 874 878 873
f 879 873 878
f 879 877 873
f 874 879 878
f 874 880 879
f 874 881 880
f 882 881 874
f 879 883 877
f 880 883 879
f 877 884 875
f 883 884 877
f 885 876 875
f 885 875 884
f 881 882 886
f 881 886 880
f 882 887 886
f 887 882 888
f 886 887 889
f 887 888 889
f 890 884 883
f 880 890 883
f 891 884 890
f 891 885 884
f 885 892 876
f 876 892 867
f 893 892 885
f 893 885 891
f 894 891 890
f 894 890 880
f 895 891 894
f 895 893 891
f 892 893 896
f 892 896 867
f 897 894 880
f 897 895 894
f 897 880 898
f 895 897 898
f 898 880 899
f 893 895 900
f 893 900 896
f 895 898 900
f 901 898 899
f 900 898 901
f 901 899 902
f 896 900 903
f 867 896 903
f 903 900 901
f 902 867 904
f 867 903 904
f 904 901 902
f 903 901 904
f 905 906 907
f 906 905 908
f 906 908 909
f 910 906 909
f 909 908 911
f 910 909 912
f 912 909 911
f 913 910 912
f 912 911 914
f 913 912 915
f 915 912 914
f 916 913 915
f 914 917 915
f 916 915 918
f 917 918 915
f 917 916 918
f 919 916 917
f 919 917 920
f 916 919 921
f 921 919 920
f 922 923 924
f 922 924 925
f 926 922 925
f 926 925 927
f 926 927 928
f 929 926 928
f 930 929 928
f 930 928 931
f 932 930 931
f 932 931 933
f 934 932 933
f 933 935 934
f 935 936 934
f 935 937 936
f 936 938 934
f 935 939 937
f 938 940 934
f 938 941 940
f 939 942 937
f 941 943 940
f 941 944 943
f 940 943 945
f 943 946 945
f 946 947 945
f 946 948 947
f 948 949 947
f 948 950 949
f 944 951 943
f 950 952 949
f 950 953 952
f 953 954 952
f 954 955 952
f 954 956 955
f 956 954 957
f 944 958 951
f 958 959 951
f 951 959 960
f 959 961 960
f 961 962 960
f 961 963 962
f 963 964 962
f 963 965 964
f 965 966 964
f 965 967 966
f 967 968 966
f 967 969 968
f 969 970 968
f 970 971 968
f 958 972 959
f 972 958 973
f 958 974 973
f 958 975 974
f 975 976 974
f 976 977 974
f 977 978 974
f 978 979 974
f 979 980 974
f 979 981 980
f 981 982 980
f 982 983 980
f 983 982 984
f 983 984 985
f 986 983 985
f 986 985 987
f 986 987 988
f 989 986 988
f 989 988 990
f 989 990 991
f 992 989 991
f 991 993 992
f 993 994 992
f 993 995 994
f 995 996 994
f 996 997 994
f 996 998 997
f 998 999 997
f 997 999 1000
f 994 997 1001
f 997 1002 1001
f 1001 1002 1003
f 1002 1004 1003
f 1002 1005 1004
f 1005 1002 1006
f 1002 1007 1006
f 1002 1008 1007
f 1009 1008 1002
f 1010 1009 1002
f 1009 1011 1008
f 1012 1011 1009
f 997 1000 1013
f 1012 1014 1011
f 1014 1015 1011
f 1015 1016 1011
f 1015 1017 1016
f 1018 1012 1009
f 1017 1019 1016
f 1017 1020 1019
f 1020 1021 1019
f 1022 1018 1009
f 1021 1023 1019
f 1021 1024 1023
f 1024 1025 1023
f 1026 1022 1009
f 1025 1027 1023
f 1025 1028 1027
f 1028 1029 1027
f 1029 1030 1027
f 1029 1031 1030
f 1031 1032 1030
f 1032 1033 1030
f 1032 1034 1033
f 1034 1035 1033
f 1035 1036 1033
f 1033 1036 1037
f 1033 1037 1038
f 1039 1033 1038
f 1040 1039 1038
f 1041 1040 1038
f 1041 1038 1042
f 1043 1041 1042
f 1042 1038 1044
f 1042 1044 1045
f 1046 1042 1045
f 1042 1046 1047
f 1048 1043 1042
f 1042 1047 1049
f 1048 1042 1050
f 1051 1042 1049
f 1052 1048 1050
f 1053 1051 1049
f 1052 1050 1054
f 1052 1054 1055
f 1056 1052 1055
f 1050 1057 1054
f 1050 1058 1057
f 1058 1059 1057
f 1058 1060 1059
f 1060 1061 1059
f 1060 1062 1061
f 1062 1063 1061
f 1062 1064 1063
f 1064 1065 1063
f 1064 1066 1065
f 1066 1067 1065
f 1056 1055 1068
f 1055 1069 1068
f 1069 1070 1068
f 1069 1071 1070
f 1071 1072 1070
f 1071 1073 1072
f 1073 1074 1072
f 1073 1075 1074
f 1075 1076 1074
f 1075 1077 1076
f 1077 1075 1078
f 1077 1078 1079
f 1080 1077 1079
f 1081 1056 1068
f 1082 1081 1068
f 1081 1082 1083
f 1082 1084 1083
f 1084 1085 1083
f 1084 1086 1085
f 1086 1087 1085
f 1086 1088 1087
f 1088 1089 1087
f 1088 1090 1089
f 1090 1091 1089
f 1081 1083 1092
f 1090 1093 1091
f 1093 1094 1091
f 1093 1095 1094
f 1095 1093 1096
f 1097 1081 1092
f 1098 1097 1092
f 1098 1092 1099
f 1097 1098 1100
f 1101 1098 1099
f 1099 1102 1101
f 1102 1103 1101
f 1102 1104 1103
f 1104 1105 1103
f 1104 1106 1105
f 1106 1107 1105
f 1106 1108 1107
f 1108 1109 1107
f 1108 1110 1109
f 1110 1108 1111
f 1100 1098 1112
f 1100 1112 1113
f 1114 1100 1113
f 1112 1115 1113
f 1115 1116 1113
f 1115 1117 1116
f 1117 1118 1116
f 1117 1119 1118
f 1119 1120 1118
f 1119 1121 1120
f 1121 1122 1120
f 1121 1123 1122
f 1123 1124 1122
f 1123 1125 1124
f 1125 1126 1124
f 1114 1113 1127
f 1128 1114 1127
f 1128 1127 1129
f 1130 1128 1129
f 1127 1131 1129
f 1131 1132 1129
f 1131 1133 1132
f 1133 1134 1132
f 1133 1135 1134
f 1135 1136 1134
f 1135 1137 1136
f 1137 1138 1136
f 1137 1139 1138
f 1139 1140 1138
f 1139 1141 1140
f 1141 1142 1140
f 1130 1129 1143
f 1144 1130 1143
f 1144 1143 1145
f 1146 1144 1145
f 1143 1147 1145
f 1147 1148 1145
f 1147 1149 1148
f 1149 1150 1148
f 1149 1151 1150
f 1151 1152 1150
f 1151 1153 1152
f 1153 1154 1152
f 1153 1155 1154
f 1155 1156 1154
f 1155 1157 1156
f 1157 1158 1156
f 1146 1145 1159
f 1160 1146 1159
f 1160 1159 1161
f 1162 1160 1161
f 1159 1163 1161
f 1163 1164 1161
f 1163 1165 1164
f 1165 1166 1164
f 1165 1167 1166
f 1167 1168 1166
f 1167 1169 1168
f 1169 1170 1168
f 1169 1171 1170
f 1171 1172 1170
f 1171 1173 1172
f 1173 1174 1172
f 1162 1161 1175
f 1176 1162 1175
f 1176 1175 1177
f 1175 1178 1177
f 1178 1179 1177
f 1178 1180 1179
f 1180 1181 1179
f 1180 1182 1181
f 1182 1183 1181
f 1182 1184 1183
f 1184 1185 1183
f 1184 1186 1185
f 1186 1187 1185
f 1186 1188 1187
f 1188 1189 1187
f 1190 1176 1177
f 1176 1190 1191
f 1190 1192 1191
f 1190 1193 1192
f 1193 1194 1192
f 1193 1195 1194
f 1195 1196 1194
f 1195 1197 1196
f 1197 1198 1196
f 1197 1199 1198
f 1199 1200 1198
f 1199 1201 1200
f 1201 1202 1200
f 1201 1203 1202
f 1176 1191 1204
f 1176 1204 1205
f 1206 1176 1205
f 1205 1204 1207
f 1204 1208 1207
f 1208 1209 1207
f 1208 1210 1209
f 1210 1211 1209
f 1210 1212 1211
f 1212 1213 1211
f 1212 1214 1213
f 1214 1215 1213
f 1214 1216 1215
f 1216 1217 1215
f 1216 1218 1217
f 1176 1206 1219
f 1206 1220 1219
f 1206 1221 1220
f 1221 1222 1220
f 1221 1223 1222
f 1223 1224 1222
f 1223 1225 1224
f 1225 1226 1224
f 1226 1227 1224
f 1226 1228 1227
f 1226 1229 1228
f 1229 1230 1228
f 1229 1231 1230
f 1176 1219 1232
f 1176 1232 1233
f 1233 1232 1234
f 1232 1235 1234
f 1235 1236 1234
f 1235 1237 1236
f 1237 1238 1236
f 1237 1239 1238
f 1239 1240 1238
f 1239 1241 1240
f 1241 1242 1240
f 1241 1243 1242
f 1243 1244 1242
f 1243 1245 1244
f 1246 1176 1233
f 1176 1246 1247
f 1247 959 1176
f 959 1248 1176
f 959 1249 1248
f 1249 959 1250
f 1246 1251 1247
f 1246 1252 1251
f 1252 1253 1251
f 1252 1254 1253
f 1254 1255 1253
f 1254 1256 1255
f 1256 1257 1255
f 1256 1258 1257
f 959 1259 1250
f 1258 1260 1257
f 1258 1261 1260
f 1261 1262 1260
f 1262 1263 1260
f 959 1264 1259
f 1264 959 1265
f 959 1266 1265
f 1266 959 1267
f 959 1268 1267
f 972 1268 959
f 972 1269 1268
f 1269 972 1270
f 1271 1269 1270
f 1270 1272 1271
f 1272 1273 1271
f 1272 1274 1273
f 1272 1275 1274
f 1275 1276 1274
f 1275 1277 1276
f 1275 1052 1277
f 1052 1278 1277
f 1052 1279 1278
f 1279 1052 1280
f 1052 1281 1280
f 1052 1282 1281
f 1282 1052 1056
f 1283 1284 1285
f 1283 1285 1286
f 1287 1283 1286
f 1287 1286 1288
f 1289 1287 1288
f 1289 1288 1290
f 1291 1289 1290
f 1291 1290 1292
f 1293 1291 1292
f 1294 1293 1292
f 1294 1051 1293
f 1051 1295 1293
f 1051 1053 1295
f 1053 1296 1295
f 1296 1297 1295
f 1296 1298 1297
f 1298 1299 1297
f 1298 1300 1299
f 1297 1299 1301
f 1299 1302 1301
f 1301 1302 1303
f 1302 1304 1303
f 1302 1305 1304
f 1305 1302 1306
f 1300 1307 1299
f 1299 1308 1302
f 1300 1309 1307
f 1308 1310 1302
f 1308 1311 1310
f 1302 1312 1306
f 1312 1313 1306
f 1312 1314 1313
f 1309 1315 1307
f 1307 1315 1316
f 1315 1317 1316
f 1315 1318 1317
f 1309 1319 1315
f 1318 1315 1320
f 1319 1321 1315
f 1319 1322 1321
f 1322 1009 1321
f 1322 1026 1009
f 1321 1009 1323
f 1009 1324 1323
f 1324 1325 1323
f 1324 1326 1325
f 1326 1327 1325
f 1326 1328 1327
f 1328 1329 1327
f 1329 1330 1327
f 1329 1331 1330
f 1329 1332 1331
f 1332 1333 1331
f 1332 1334 1333
f 1335 1336 1337
f 1320 1335 1337
f 1315 1335 1320
f 1315 1338 1335
f 1338 1315 1339
f 1315 1340 1339
f 1340 1341 1339
f 1340 1342 1341
f 1343 1344 1345
f 1344 1346 1345
f 1344 1010 1346
f 1010 1347 1346
f 1010 1002 1347
f 1346 1347 1348
f 1002 1349 1347
f 1350 1346 1348
f 1002 1351 1349
f 1352 1351 1002
f 1353 1352 1002
f 1354 1353 1002
f 997 1354 1002
f 1346 1350 1355
f 1346 1355 1356
f 1357 1346 1356
f 1358 1356 1355
f 1356 1358 1359
f 1354 997 1360
f 1357 1356 1361
f 1356 1359 1362
f 1354 1360 1363
f 1364 1363 1360
f 1363 1364 1365
f 1363 1365 1366
f 1367 1363 1366
f 1363 1367 1368
f 1369 1354 1363
f 1363 1368 1370
f 1356 1371 1361
f 1372 1356 1362
f 1373 1369 1363
f 1374 1363 1370
f 1371 1375 1361
f 1371 1376 1375
f 1361 1375 1377
f 1361 1377 1378
f 1379 1361 1378
f 1362 1380 1372
f 1380 1381 1372
f 1380 1382 1381
f 1382 1383 1381
f 1382 1384 1383
f 1384 1385 1383
f 1384 1386 1385
f 1386 1387 1385
f 1386 1388 1387
f 1388 1389 1387
f 1388 1390 1389
f 1390 1391 1389
f 1390 1392 1391
f 1380 1362 1393
f 1362 1394 1393
f 1394 1395 1393
f 1393 1395 1396
f 1394 1397 1395
f 1395 1398 1396
f 1398 1399 1396
f 1398 1400 1399
f 1400 1401 1399
f 1400 1402 1401
f 1402 1403 1401
f 1402 1404 1403
f 1404 1405 1403
f 1404 1406 1405
f 1406 1407 1405
f 1406 1408 1407
f 1397 1409 1395
f 1397 1410 1409
f 1397 1411 1410
f 1410 1412 1409
f 1410 1413 1412
f 1413 1414 1412
f 1413 1415 1414
f 1415 1416 1414
f 1415 1417 1416
f 1411 1418 1410
f 1417 1419 1416
f 1417 1420 1419
f 1420 1421 1419
f 1421 1422 1419
f 1421 1423 1422
f 1423 1421 1424
f 1411 1425 1418
f 1425 1426 1418
f 1425 1427 1426
f 1418 1426 1428
f 1426 1429 1428
f 1429 1430 1428
f 1429 1431 1430
f 1427 1432 1426
f 1431 1433 1430
f 1431 1434 1433
f 1434 1435 1433
f 1435 1436 1433
f 1435 1437 1436
f 1435 1438 1437
f 1438 1439 1437
f 1438 1440 1439
f 1427 1441 1432
f 1441 1442 1432
f 1432 1442 1443
f 1442 1444 1443
f 1444 1445 1443
f 1444 1446 1445
f 1446 1447 1445
f 1446 1448 1447
f 1448 1449 1447
f 1448 1450 1449
f 1450 1451 1449
f 1450 1452 1451
f 1452 1453 1451
f 1452 1454 1453
f 1441 1455 1442
f 1456 1455 1441
f 1455 1456 1457
f 1455 1457 1458
f 1455 1459 1442
f 1460 1455 1458
f 1460 1458 1461
f 1460 1461 1462
f 1455 1460 1462
f 1455 1463 1459
f 1463 1464 1459
f 1459 1464 1465
f 1464 1466 1465
f 1466 1467 1465
f 1466 1468 1467
f 1468 1469 1467
f 1468 1470 1469
f 1470 1471 1469
f 1470 1472 1471
f 1472 1473 1471
f 1472 1474 1473
f 1474 1475 1473
f 1474 1476 1475
f 1463 1477 1464
f 1477 1478 1464
f 1477 1463 1479
f 1463 1480 1479
f 1463 1455 1480
f 1480 1481 1479
f 1455 1482 1480
f 1481 1483 1479
f 1481 1484 1483
f 1484 1485 1483
f 1484 1486 1485
f 1486 1487 1485
f 1486 1488 1487
f 1488 1489 1487
f 1488 1490 1489
f 1490 1491 1489
f 1490 1492 1491
f 1492 1493 1491
f 1455 1494 1482
f 1455 1462 1494
f 1494 1495 1482
f 1495 1496 1482
f 1495 1497 1496
f 1497 1498 1496
f 1497 1499 1498
f 1499 1500 1498
f 1499 1501 1500
f 1501 1502 1500
f 1501 1503 1502
f 1503 1504 1502
f 1503 1505 1504
f 1505 1506 1504
f 1462 1507 1494
f 1462 1508 1507
f 1508 1509 1507
f 1509 1510 1507
f 1509 1511 1510
f 1511 1512 1510
f 1511 1513 1512
f 1513 1514 1512
f 1513 1515 1514
f 1515 1513 1516
f 1515 1516 1517
f 1518 1515 1517
f 1518 1517 1519
f 1520 1518 1519
f 1508 1462 1521
f 1462 1522 1521
f 1522 1523 1521
f 1523 1524 1521
f 1523 1525 1524
f 1525 1526 1524
f 1462 1527 1522
f 1525 1528 1526
f 1528 1529 1526
f 1528 1530 1529
f 1530 1528 1531
f 1530 1531 1532
f 1533 1530 1532
f 1533 1532 1534
f 1535 1533 1534
f 1536 1527 1462
f 1527 1536 1537
f 1536 1538 1537
f 1538 1539 1537
f 1539 1540 1537
f 1540 1541 1537
f 1541 1542 1537
f 1542 1543 1537
f 1543 1544 1537
f 1544 1369 1537
f 1527 1537 1545
f 1546 1527 1545
f 1545 1547 1546
f 1547 1548 1546
f 1547 1549 1548
f 1549 1550 1548
f 1549 1551 1550
f 1551 1552 1550
f 1551 1553 1552
f 1553 1554 1552
f 1553 1555 1554
f 1555 1556 1554
f 1369 1557 1537
f 1369 1373 1557
f 1373 1558 1557
f 1558 1559 1557
f 1558 1560 1559
f 1560 1561 1559
f 1560 1562 1561
f 1562 1563 1561
f 1562 1564 1563
f 1564 1565 1563
f 1564 1566 1565
f 1566 1564 1567
f 1566 1567 1568
f 1569 1566 1568
f 1570 1571 1572
f 1573 1570 1572
f 1574 1573 1572
f 1574 1572 1575
f 1576 1574 1575
f 1576 1575 1577
f 1576 1577 1578
f 1579 1576 1578
f 1578 1577 1580
f 1581 1579 1578
f 1578 1580 1582
f 1478 1578 1582
f 1583 1581 1578
f 1584 1578 1478
f 1584 1583 1578
f 1477 1584 1478
f 1584 1477 1583
f 1477 1479 1583
f 1585 1374 1586
f 1374 1370 1586
f 1586 1370 1587
f 1370 1588 1587
f 1370 1589 1588
f 1590 1591 1592
f 1591 1593 1592
f 1591 997 1593
f 1592 1593 1594
f 1593 1595 1594
f 1593 1596 1595
f 997 1597 1593
f 997 1598 1597
f 1598 997 1599
f 997 1600 1599
f 997 1601 1600
f 1601 997 1602
f 1602 997 1013
f 1602 1013 1603
f 1604 1602 1603
f 1604 1603 1605
f 1606 1604 1605
f 1604 1606 1607
f 1606 1605 1608
f 1609 1604 1607
f 1610 1606 1608
f 1604 1609 1611
f 1610 1608 1612
f 1604 1611 1613
f 1614 1610 1612
f 1614 1612 1615
f 1616 1614 1615
f 1616 1615 942
f 939 1616 942
f 1616 939 1617
f 939 1618 1617
f 1618 1619 1617
f 1618 1620 1619
f 1620 1621 1619
f 1620 1622 1621
f 1622 1623 1621
f 1622 1624 1623
f 1624 1625 1623
f 1625 1626 1623
f 1625 1627 1626
f 1627 1628 1626
f 1629 1630 1631
f 1630 1632 1631
f 1630 1604 1632
f 1604 1633 1632
f 1604 1634 1633
f 1634 1604 1613
f 1634 1613 1635
f 1636 1634 1635
f 1637 1638 1639
f 1638 1640 1639
f 1638 1610 1640
f 1610 1641 1640
f 1610 1614 1641
f 1640 1641 1642
f 1643 1640 1642
f 1640 1643 1644
f 1640 1644 1645
f 1646 1640 1645
f 1646 1645 1647
f 1648 1646 1647
f 1649 1650 1651
f 1650 1652 1651
f 1650 1653 1652
f 1653 1654 1652
f 1654 1655 1652
f 1654 1656 1655
f 1656 1657 1655
f 1656 1658 1657
f 1659 1652 1655
f 1660 1651 1652
f 1659 1660 1652
f 1661 1655 1657
f 1661 1659 1655
f 1658 1662 1657
f 1663 1657 1662
f 1663 1661 1657
f 1658 1663 1662
f 1658 1664 1663
f 1658 1665 1664
f 1666 1665 1658
f 1663 1667 1661
f 1664 1667 1663
f 1661 1668 1659
f 1667 1668 1661
f 1669 1660 1659
f 1669 1659 1668
f 1665 1666 1670
f 1665 1670 1664
f 1666 1671 1670
f 1671 1666 1672
f 1670 1671 1673
f 1671 1672 1673
f 1674 1668 1667
f 1664 1674 1667
f 1675 1668 1674
f 1675 1669 1668
f 1669 1676 1660
f 1660 1676 1651
f 1677 1676 1669
f 1677 1669 1675
f 1678 1675 1674
f 1678 1674 1664
f 1679 1675 1678
f 1679 1677 1675
f 1676 1677 1680
f 1676 1680 1651
f 1681 1678 1664
f 1681 1679 1678
f 1681 1664 1682
f 1679 1681 1682
f 1682 1664 1683
f 1677 1679 1684
f 1677 1684 1680
f 1679 1682 1684
f 1685 1682 1683
f 1684 1682 1685
f 1685 1683 1686
f 1680 1684 1687
f 1651 1680 1687
f 1687 1684 1685
f 1686 1651 1688
f 1651 1687 1688
f 1688 1685 1686
f 1687 1685 1688
f 1689 1690 1691
f 1690 1689 1692
f 1690 1692 1693
f 1694 1690 1693
f 1693 1692 1695
f 1694 1693 1696
f 1696 1693 1695
f 1697 1694 1696
f 1696 1695 1698
f 1697 1696 1699
f 1699 1696 1698
f 1700 1697 1699
f 1698 1701 1699
f 1700 1699 1702
f 1701 1702 1699
f 1701 1700 1702
f 1703 1700 1701
f 1703 1701 1704
f 1700 1703 1705
f 1705 1703 1704
f 1706 1707 1708
f 1706 1708 1709
f 1710 1706 1709
f 1710 1709 1711
f 1712 1710 1711
f 1710 1712 1713
f 1710 1713 1714
f 1715 1710 1714
f 1714 1716 1715
f 1715 1717 1710
f 1717 1718 1710
f 1717 1719 1718
f 1716 1720 1715
f 1716 1721 1720
f 1720 1722 1715
f 1716 1723 1721
f 1722 1724 1715
f 1723 1725 1721
f 1722 1726 1724
f 1726 1727 1724
f 1724 1727 1728
f 1727 1729 1728
f 1727 1730 1729
f 1726 1731 1727
f 1730 1727 1732
f 1723 1733 1725
f 1733 1734 1725
f 1733 1735 1734
f 1735 1736 1734
f 1723 1737 1733
f 1737 1738 1733
f 1737 1739 1738
f 1737 1740 1739
f 1740 1741 1739
f 1740 1742 1741
f 1742 1743 1741
f 1742 1744 1743
f 1744 1745 1743
f 1744 1746 1745
f 1746 1747 1745
f 1746 1748 1747
f 1735 1749 1736
f 1749 1735 1750
f 1735 1751 1750
f 1735 1752 1751
f 1753 1752 1735
f 1754 1753 1735
f 1753 1755 1752
f 1754 1735 1756
f 1757 1754 1756
f 1758 1757 1756
f 1755 1759 1752
f 1759 1760 1752
f 1759 1761 1760
f 1762 1761 1759
f 1762 1759 1763
f 1764 1762 1763
f 1764 1763 1765
f 1766 1764 1765
f 1767 1766 1765
f 1767 1765 1768
f 1769 1767 1768
f 1769 1768 1770
f 1771 1769 1770
f 1772 1771 1770
f 1772 1770 1773
f 1774 1772 1773
f 1774 1773 1775
f 1776 1774 1775
f 1777 1776 1775
f 1777 1775 1778
f 1779 1777 1778
f 1779 1778 1780
f 1781 1779 1780
f 1782 1781 1780
f 1781 1782 1783
f 1782 1780 1784
f 1782 1785 1783
f 1786 1782 1784
f 1785 1782 1787
f 1785 1787 1788
f 1786 1784 1789
f 1784 1790 1789
f 1784 1791 1790
f 1789 1790 1792
f 1791 1793 1790
f 1790 1794 1792
f 1793 1795 1790
f 1790 1796 1794
f 1795 1797 1790
f 1797 1796 1790
f 1797 1798 1796
f 1797 1799 1798
f 1799 1800 1798
f 1799 1801 1800
f 1799 1802 1801
f 1802 1803 1801
f 1802 1804 1803
f 1804 1805 1803
f 1804 1806 1805
f 1806 1804 1807
f 1804 1808 1807
f 1808 1809 1807
f 1806 1810 1805
f 1808 1811 1809
f 1811 1812 1809
f 1811 1813 1812
f 1811 1814 1813
f 1814 1815 1813
f 1814 1816 1815
f 1815 1816 1817
f 1816 1818 1817
f 1816 1819 1818
f 1819 1820 1818
f 1819 1821 1820
f 1821 1822 1820
f 1821 1823 1822
f 1821 1824 1823
f 1824 1825 1823
f 1824 1826 1825
f 1826 1827 1825
f 1826 1828 1827
f 1828 1826 1829
f 1830 1829 1826
f 1831 1830 1826
f 1831 1826 1832
f 1833 1831 1832
f 1833 1832 1834
f 1835 1833 1834
f 1836 1835 1834
f 1836 1834 1837
f 1838 1836 1837
f 1838 1837 1757
f 1839 1838 1757
f 1840 1839 1757
f 1841 1840 1757
f 1842 1841 1757
f 1843 1842 1757
f 1758 1843 1757
f 1843 1758 1844
f 1844 1758 1845
f 1844 1845 1846
f 1845 1847 1846
f 1848 1844 1846
f 1847 1849 1846
f 1847 1850 1849
f 1850 1851 1849
f 1850 1852 1851
f 1852 1853 1851
f 1852 1854 1853
f 1854 1855 1853
f 1854 1856 1855
f 1856 1857 1855
f 1856 1858 1857
f 1858 1859 1857
f 1848 1846 1860
f 1861 1848 1860
f 1861 1860 1862
f 1848 1861 1863
f 1861 1864 1863
f 1865 1861 1862
f 1862 1866 1865
f 1866 1867 1865
f 1866 1868 1867
f 1868 1869 1867
f 1864 1870 1863
f 1868 1871 1869
f 1871 1872 1869
f 1871 1873 1872
f 1871 1874 1873
f 1874 1875 1873
f 1874 1876 1875
f 1864 1877 1870
f 1877 1864 1878
f 1864 1879 1878
f 1864 1880 1879
f 1880 1864 1881
f 1864 1882 1881
f 1882 1883 1881
f 1882 1884 1883
f 1884 1882 1885
f 1885 1882 1886
f 1882 1887 1886
f 1882 1888 1887
f 1888 1889 1887
f 1888 1890 1889
f 1890 1891 1889
f 1890 1892 1891
f 1892 1893 1891
f 1892 1894 1893
f 1892 1895 1894
f 1895 1896 1894
f 1895 1897 1896
f 1885 1886 1898
f 1899 1885 1898
f 1885 1899 1900
f 1885 1900 1901
f 1899 1898 1902
f 1903 1899 1902
f 1902 1904 1903
f 1904 1905 1903
f 1904 1906 1905
f 1906 1907 1905
f 1906 1908 1907
f 1908 1909 1907
f 1908 1910 1909
f 1910 1911 1909
f 1910 1912 1911
f 1912 1913 1911
f 1900 1914 1901
f 1914 1915 1901
f 1914 1916 1915
f 1916 1917 1915
f 1916 1918 1917
f 1918 1919 1917
f 1918 1920 1919
f 1920 1918 1921
f 1920 1921 1922
f 1923 1920 1922
f 1923 1922 1924
f 1925 1923 1924
f 1926 1885 1901
f 1885 1926 1927
f 1926 1928 1927
f 1928 1929 1927
f 1928 1930 1929
f 1930 1931 1929
f 1930 1932 1931
f 1932 1933 1931
f 1932 1934 1933
f 1934 1935 1933
f 1934 1936 1935
f 1936 1937 1935
f 1936 1938 1937
f 1938 1939 1937
f 1885 1927 1940
f 1941 1885 1940
f 1941 1940 1942
f 1943 1941 1942
f 1942 1944 1943
f 1944 1945 1943
f 1944 1946 1945
f 1946 1947 1945
f 1946 1948 1947
f 1948 1949 1947
f 1948 1950 1949
f 1950 1951 1949
f 1950 1952 1951
f 1952 1953 1951
f 1885 1941 1954
f 1885 1954 1955
f 1956 1885 1955
f 1954 1957 1955
f 1957 1958 1955
f 1957 1959 1958
f 1959 1960 1958
f 1956 1955 1961
f 1959 1962 1960
f 1962 1963 1960
f 1962 1964 1963
f 1964 1962 1965
f 1964 1965 1966
f 1967 1964 1966
f 1967 1966 1968
f 1969 1967 1968
f 1970 1956 1961
f 1970 1961 1971
f 1972 1970 1971
f 1971 1961 1973
f 1961 1974 1973
f 1974 1975 1973
f 1974 1976 1975
f 1976 1977 1975
f 1976 1978 1977
f 1978 1979 1977
f 1978 1980 1979
f 1980 1981 1979
f 1980 1982 1981
f 1982 1983 1981
f 1982 1984 1983
f 1972 1971 1985
f 1986 1972 1985
f 1986 1985 1987
f 1988 1986 1987
f 1987 1985 1989
f 1985 1990 1989
f 1990 1991 1989
f 1990 1992 1991
f 1992 1993 1991
f 1992 1994 1993
f 1994 1995 1993
f 1994 1996 1995
f 1996 1997 1995
f 1996 1998 1997
f 1998 1999 1997
f 1998 2000 1999
f 1988 1987 2001
f 2002 1988 2001
f 2003 2002 2001
f 2003 2004 2002
f 2005 2003 2001
f 2001 2006 2005
f 2006 2007 2005
f 2006 2008 2007
f 2008 2009 2007
f 2009 2010 2007
f 2009 2011 2010
f 2009 2012 2011
f 2012 2013 2011
f 2012 2014 2013
f 2014 2015 2013
f 2014 2016 2015
f 2004 2003 2017
f 2004 2017 2018
f 2019 2004 2018
f 2018 2017 2020
f 2017 2021 2020
f 2021 2022 2020
f 2021 2023 2022
f 2023 2024 2022
f 2023 2025 2024
f 2025 2026 2024
f 2025 2027 2026
f 2027 2028 2026
f 2027 2029 2028
f 2029 2030 2028
f 2029 2031 2030
f 2019 2018 2032
f 2033 2019 2032
f 2033 2032 2034
f 2034 2032 2035
f 2032 2036 2035
f 2036 2037 2035
f 2036 2038 2037
f 2038 2039 2037
f 2038 2040 2039
f 2040 2041 2039
f 2041 2042 2039
f 2041 2043 2042
f 2043 2041 2044
f 2043 2044 2045
f 2046 2043 2045
f 1829 2033 2034
f 1830 2033 1829
f 1829 2034 2047
f 2048 1829 2047
f 2048 2047 2049
f 2047 2050 2049
f 2047 2051 2050
f 2051 2052 2050
f 2051 2053 2052
f 2053 2054 2052
f 2053 2055 2054
f 2055 2056 2054
f 2055 2057 2056
f 2048 2049 2058
f 2057 2059 2056
f 2057 2060 2059
f 2060 2061 2059
f 2061 2062 2059
f 2063 2048 2058
f 2063 2058 2064
f 2065 2063 2064
f 2064 2058 2066
f 2058 2067 2066
f 2067 2068 2066
f 2067 2069 2068
f 2069 2070 2068
f 2069 2071 2070
f 2065 2064 2072
f 2071 2073 2070
f 2071 2074 2073
f 2074 2075 2073
f 2075 2076 2073
f 2075 2077 2076
f 2077 2075 2078
f 2079 2065 2072
f 2079 2072 2080
f 2081 2079 2080
f 2080 2072 2082
f 2072 2083 2082
f 2083 2084 2082
f 2083 2085 2084
f 2085 2086 2084
f 2085 2087 2086
f 2087 2088 2086
f 2087 2089 2088
f 2089 2090 2088
f 2089 2091 2090
f 2091 2092 2090
f 2091 2093 2092
f 2081 2080 2094
f 2095 2081 2094
f 2095 2094 2096
f 2097 2095 2096
f 2096 2094 2098
f 2094 2099 2098
f 2099 2100 2098
f 2099 2101 2100
f 2101 2102 2100
f 2101 2103 2102
f 2097 2096 2104
f 2103 2105 2102
f 2103 2106 2105
f 2106 2107 2105
f 2107 2108 2105
f 2107 2109 2108
f 2109 2110 2108
f 2111 2097 2104
f 2111 2104 2112
f 2113 2111 2112
f 2112 2104 2114
f 2113 2112 2115
f 2116 2113 2115
f 2116 2115 2117
f 2117 2115 2118
f 2119 2117 2118
f 2117 2119 2120
f 2121 2116 2117
f 2117 2120 2122
f 2112 2114 2123
f 2124 2123 2114
f 2123 2124 2125
f 2126 2112 2123
f 2123 2125 2127
f 2126 2123 2128
f 2129 2126 2128
f 2130 2123 2127
f 2127 2131 2130
f 2131 2132 2130
f 2131 2133 2132
f 2134 2117 2122
f 2134 2122 2135
f 2136 2134 2135
f 2117 2134 2137
f 2117 2137 2138
f 2139 2117 2138
f 2139 2138 2140
f 2141 2139 2140
f 2121 2117 2142
f 2143 2121 2142
f 2143 2142 2144
f 2145 2144 2142
f 2144 2145 2146
f 2144 2146 2147
f 2148 2144 2147
f 2144 2148 2149
f 2150 2143 2144
f 2144 2149 2151
f 2150 2144 2152
f 2153 2150 2152
f 2154 2144 2151
f 2155 2153 2152
f 2155 2152 2156
f 2153 2155 2157
f 2158 2155 2156
f 2156 2159 2158
f 2159 2160 2158
f 2159 2161 2160
f 2161 2162 2160
f 2161 2163 2162
f 2163 2161 2164
f 2163 2164 2165
f 2166 2163 2165
f 2166 2165 2167
f 2168 2166 2167
f 2157 2155 2169
f 2157 2169 2170
f 2171 2157 2170
f 2169 2172 2170
f 2172 2173 2170
f 2172 2174 2173
f 2174 2175 2173
f 2174 2176 2175
f 2176 2177 2175
f 2176 2178 2177
f 2178 2179 2177
f 2178 2180 2179
f 2180 2181 2179
f 2180 2182 2181
f 2182 2183 2181
f 2171 2170 2184
f 1810 2171 2184
f 2185 1810 2184
f 1810 2185 1805
f 2185 2184 2186
f 2187 2185 2186
f 2184 2188 2186
f 2188 2189 2186
f 2188 2190 2189
f 2190 2191 2189
f 2190 2192 2191
f 2192 2193 2191
f 2187 2186 2194
f 2192 2195 2193
f 2195 2196 2193
f 2195 2197 2196
f 2197 2195 2198
f 2197 2198 2199
f 2200 2197 2199
f 2201 2187 2194
f 2201 2194 2202
f 2194 2203 2202
f 2203 2204 2202
f 2203 2205 2204
f 2205 2206 2204
f 2205 2207 2206
f 2207 2208 2206
f 2201 2202 2209
f 2207 2210 2208
f 2210 2211 2208
f 2210 2212 2211
f 2212 2210 2213
f 2212 2213 2214
f 2215 2212 2214
f 2216 2201 2209
f 2216 2209 2217
f 2218 2216 2217
f 2209 2219 2217
f 2219 2220 2217
f 2219 2221 2220
f 2221 2222 2220
f 2218 2217 2223
f 2221 2224 2222
f 2224 2225 2222
f 2224 2226 2225
f 2226 2224 2227
f 2226 2227 2228
f 2229 2226 2228
f 2229 2228 2230
f 2231 2229 2230
f 2232 2218 2223
f 2232 2223 2233
f 2223 2234 2233
f 2235 2232 2233
f 2234 2236 2233
f 2234 2237 2236
f 2237 2238 2236
f 2237 2239 2238
f 2239 2240 2238
f 2239 2241 2240
f 2241 2242 2240
f 2241 2243 2242
f 2243 2244 2242
f 2243 2245 2244
f 2245 2246 2244
f 2235 2233 2247
f 2248 2235 2247
f 2235 2248 2249
f 2248 2247 2250
f 2247 2251 2250
f 2251 2252 2250
f 2251 2253 2252
f 2253 2254 2252
f 2253 2255 2254
f 2255 2256 2254
f 2255 2257 2256
f 2257 2258 2256
f 2257 2259 2258
f 2259 2260 2258
f 2259 2261 2260
f 2261 2262 2260
f 2248 2263 2249
f 2264 2249 2263
f 2265 2264 2263
f 2266 2265 2263
f 2267 2266 2263
f 2248 2267 2263
f 2267 2248 2268
f 2268 2248 2269
f 2268 2269 2270
f 2271 2268 2270
f 2248 2272 2269
f 2269 2272 2273
f 2272 2274 2273
f 2274 2275 2273
f 2274 2276 2275
f 2276 2277 2275
f 2276 2278 2277
f 2278 2279 2277
f 2278 2280 2279
f 2280 2281 2279
f 2280 2282 2281
f 2282 2283 2281
f 2282 2284 2283
f 2248 2285 2272
f 2285 2248 2250
f 2285 2286 2272
f 2285 2250 2287
f 2285 2288 2286
f 2288 2285 2287
f 2288 2289 2286
f 2288 2287 2289
f 2286 2289 2290
f 2287 2291 2289
f 2289 2292 2290
f 2291 2293 2289
f 2289 2294 2292
f 2293 2295 2289
f 2295 2294 2289
f 2295 2296 2294
f 2295 2297 2296
f 2297 2298 2296
f 2297 2299 2298
f 2299 2300 2298
f 2300 2301 2298
f 2302 2303 2304
f 1732 2302 2304
f 1727 2302 1732
f 1727 2305 2302
f 2305 1727 2306
f 1727 2307 2306
f 2307 2308 2306
f 2307 2309 2308
f 1731 2310 1727
f 1731 2311 2310
f 2311 2312 2310
f 2311 2313 2312
f 2310 2312 2314
f 2312 2315 2314
f 2315 2316 2314
f 2315 2317 2316
f 2313 2318 2312
f 2317 2319 2316
f 2317 2320 2319
f 2320 2321 2319
f 2321 2322 2319
f 2321 2323 2322
f 2321 2324 2323
f 2324 2325 2323
f 2324 2326 2325
f 2313 2327 2318
f 2327 2328 2318
f 2318 2328 2329
f 2327 2330 2328
f 2328 2331 2329
f 2331 2332 2329
f 2331 2333 2332
f 2333 2334 2332
f 2333 2335 2334
f 2335 2336 2334
f 2335 2337 2336
f 2337 2338 2336
f 2338 2339 2336
f 2338 2340 2339
f 2340 2338 2341
f 2330 2342 2328
f 2330 2343 2342
f 2343 2344 2342
f 2330 1785 2343
f 2343 2345 2344
f 2345 2346 2344
f 2345 2347 2346
f 2347 2348 2346
f 2347 2349 2348
f 2349 2350 2348
f 2349 2351 2350
f 2351 2352 2350
f 2352 2353 2350
f 2352 2354 2353
f 2354 2352 2355
f 1785 2356 2343
f 1785 2357 2356
f 2357 1785 1788
f 2357 2358 2356
f 2357 2359 2358
f 2356 2358 2360
f 2358 2361 2360
f 2359 2362 2358
f 2361 2363 2360
f 2361 2364 2363
f 2364 2365 2363
f 2365 2366 2363
f 2365 2367 2366
f 2365 2368 2367
f 2368 2369 2367
f 2368 2370 2369
f 2370 2371 2369
f 2370 2372 2371
f 2359 2373 2362
f 2373 2374 2362
f 2362 2374 2375
f 2374 2376 2375
f 2376 2377 2375
f 2376 2378 2377
f 2378 2379 2377
f 2378 2380 2379
f 2380 2381 2379
f 2380 2382 2381
f 2382 2383 2381
f 2382 2384 2383
f 2384 2385 2383
f 2384 2386 2385
f 2373 2387 2374
f 2387 2373 2388
f 2387 2388 2389
f 2390 2387 2389
f 2388 2391 2389
f 2389 2392 2390
f 2391 2393 2389
f 2391 2271 2393
f 2271 2270 2393
f 2393 2270 2394
f 2270 2395 2394
f 2395 2396 2394
f 2395 2397 2396
f 2397 2398 2396
f 2397 2399 2398
f 2399 2400 2398
f 2399 2401 2400
f 2401 2402 2400
f 2401 2403 2402
f 2403 2404 2402
f 2403 2405 2404
f 2406 2407 2408
f 2406 2408 2409
f 2410 2406 2409
f 2410 2409 2411
f 2412 2410 2411
f 2412 2411 2413
f 2412 2413 2414
f 2415 2412 2414
f 2392 2415 2414
f 2392 2414 2390
f 2416 2154 2417
f 2154 2151 2417
f 2417 2151 2418
f 2151 2419 2418
f 2151 2420 2419
f 2421 2422 2423
f 2422 2424 2423
f 2422 2425 2424
f 2425 2426 2424
f 2425 2427 2426
f 2427 2425 2428
f 2427 2428 2429
f 2430 2427 2429
f 2430 2429 2431
f 1756 2430 2431
f 2431 1758 1756
f 2432 2433 2434
f 2433 2435 2434
f 2433 2436 2435
f 2436 2437 2435
f 2437 2438 2435
f 2437 2439 2438
f 2439 2440 2438
f 2439 2441 2440
f 2442 2435 2438
f 2443 2434 2435
f 2442 2443 2435
f 2444 2438 2440
f 2444 2442 2438
f 2441 2445 2440
f 2446 2440 2445
f 2446 2444 2440
f 2441 2446 2445
f 2441 2447 2446
f 2441 2448 2447
f 2449 2448 2441
f 2446 2450 2444
f 2447 2450 2446
f 2444 2451 2442
f 2450 2451 2444
f 2452 2443 2442
f 2452 2442 2451
f 2448 2449 2453
f 2448 2453 2447
f 2449 2454 2453
f 2454 2449 2455
f 2453 2454 2456
f 2454 2455 2456
f 2457 2451 2450
f 2447 2457 2450
f 2458 2451 2457
f 2458 2452 2451
f 2452 2459 2443
f 2443 2459 2434
f 2460 2459 2452
f 2460 2452 2458
f 2461 2458 2457
f 2461 2457 2447
f 2462 2458 2461
f 2462 2460 2458
f 2459 2460 2463
f 2459 2463 2434
f 2464 2461 2447
f 2464 2462 2461
f 2464 2447 2465
f 2462 2464 2465
f 2465 2447 2466
f 2460 2462 2467
f 2460 2467 2463
f 2462 2465 2467
f 2468 2465 2466
f 2467 2465 2468
f 2468 2466 2469
f 2463 2467 2470
f 2434 2463 2470
f 2470 2467 2468
f 2469 2434 2471
f 2434 2470 2471
f 2471 2468 2469
f 2470 2468 2471
f 2472 2473 2474
f 2473 2472 2475
f 2473 2475 2476
f 2477 2473 2476
f 2476 2475 2478
f 2477 2476 2479
f 2479 2476 2478
f 2480 2477 2479
f 2479 2478 2481
f 2480 2479 2482
f 2482 2479 2481
f 2483 2480 2482
f 2481 2484 2482
f 2483 2482 2485
f 2484 2485 2482
f 2484 2483 2485
f 2486 2483 2484
f 2486 2484 2487
f 2483 2486 2488
f 2488 2486 2487
f 2489 2490 2491
f 2490 2492 2491
f 2490 2493 2492
f 2493 2494 2492
f 2494 2495 2492
f 2494 2496 2495
f 2496 2497 2495
f 2496 2498 2497
f 2499 2492 2495
f 2500 2491 2492
f 2499 2500 2492
f 2501 2495 2497
f 2501 2499 2495
f 2498 2502 2497
f 2503 2497 2502
f 2503 2501 2497
f 2498 2503 2502
f 2498 2504 2503
f 2498 2505 2504
f 2506 2505 2498
f 2503 2507 2501
f 2504 2507 2503
f 2501 2508 2499
f 2507 2508 2501
f 2509 2500 2499
f 2509 2499 2508
f 2505 2506 2510
f 2505 2510 2504
f 2506 2511 2510
f 2511 2506 2512
f 2510 2511 2513
f 2511 2512 2513
f 2514 2508 2507
f 2504 2514 2507
f 2515 2508 2514
f 2515 2509 2508
f 2509 2516 2500
f 2500 2516 2491
f 2517 2516 2509
f 2517 2509 2515
f 2518 2515 2514
f 2518 2514 2504
f 2519 2515 2518
f 2519 2517 2515
f 2516 2517 2520
f 2516 2520 2491
f 2521 2518 2504
f 2521 2519 2518
f 2521 2504 2522
f 2519 2521 2522
f 2522 2504 2523
f 2517 2519 2524
f 2517 2524 2520
f 2519 2522 2524
f 2525 2522 2523
f 2524 2522 2525
f 2525 2523 2526
f 2520 2524 2527
f 2491 2520 2527
f 2527 2524 2525
f 2526 2491 2528
f 2491 2527 2528
f 2528 2525 2526
f 2527 2525 2528
f 2529 2530 2531
f 2530 2529 2532
f 2530 2532 2533
f 2534 2530 2533
f 2533 2532 2535
f 2534 2533 2536
f 2536 2533 2535
f 2537 2534 2536
f 2536 2535 2538
f 2537 2536 2539
f 2539 2536 2538
f 2540 2537 2539
f 2538 2541 2539
f 2540 2539 2542
f 2541 2542 2539
f 2541 2540 2542
f 2543 2540 2541
f 2543 2541 2544
f 2540 2543 2545
f 2545 2543 2544
f 2546 2547 2548
f 2547 2549 2548
f 2547 2550 2549
f 2550 2551 2549
f 2551 2552 2549
f 2551 2553 2552
f 2553 2554 2552
f 2553 2555 2554
f 2556 2549 2552
f 2557 2548 2549
f 2556 2557 2549
f 2558 2552 2554
f 2558 2556 2552
f 2555 2559 2554
f 2560 2554 2559
f 2560 2558 2554
f 2555 2560 2559
f 2555 2561 2560
f 2555 2562 2561
f 2563 2562 2555
f 2560 2564 2558
f 2561 2564 2560
f 2558 2565 2556
f 2564 2565 2558
f 2566 2557 2556
f 2566 2556 2565
f 2562 2563 2567
f 2562 2567 2561
f 2563 2568 2567
f 2568 2563 2569
f 2567 2568 2570
f 2568 2569 2570
f 2571 2565 2564
f 2561 2571 2564
f 2572 2565 2571
f 2572 2566 2565
f 2566 2573 2557
f 2557 2573 2548
f 2574 2573 2566
f 2574 2566 2572
f 2575 2572 2571
f 2575 2571 2561
f 2576 2572 2575
f 2576 2574 2572
f 2573 2574 2577
f 2573 2577 2548
f 2578 2575 2561
f 2578 2576 2575
f 2578 2561 2579
f 2576 2578 2579
f 2579 2561 2580
f 2574 2576 2581
f 2574 2581 2577
f 2576 2579 2581
f 2582 2579 2580
f 2581 2579 2582
f 2582 2580 2583
f 2577 2581 2584
f 2548 2577 2584
f 2584 2581 2582
f 2583 2548 2585
f 2548 2584 2585
f 2585 2582 2583
f 2584 2582 2585
f 2586 2587 2588
f 2587 2586 2589
f 2587 2589 2590
f 2591 2587 2590
f 2590 2589 2592
f 2591 2590 2593
f 2593 2590 2592
f 2594 2591 2593
f 2593 2592 2595
f 2594 2593 2596
f 2596 2593 2595
f 2597 2594 2596
f 2595 2598 2596
f 2597 2596 2599
f 2598 2599 2596
f 2598 2597 2599
f 2600 2597 2598
f 2600 2598 2601
f 2597 2600 2602
f 2602 2600 2601
f 2603 2604 2605
f 2604 2606 2605
f 2604 2607 2606
f 2607 2608 2606
f 2608 2609 2606
f 2608 2610 2609
f 2610 2611 2609
f 2610 2612 2611
f 2613 2606 2609
f 2614 2605 2606
f 2613 2614 2606
f 2615 2609 2611
f 2615 2613 2609
f 2612 2616 2611
f 2617 2611 2616
f 2617 2615 2611
f 2612 2617 2616
f 2612 2618 2617
f 2612 2619 2618
f 2620 2619 2612
f 2617 2621 2615
f 2618 2621 2617
f 2615 2622 2613
f 2621 2622 2615
f 2623 2614 2613
f 2623 2613 2622
f 2619 2620 2624
f 2619 2624 2618
f 2620 2625 2624
f 2625 2620 2626
f 2624 2625 2627
f 2625 2626 2627
f 2628 2622 2621
f 2618 2628 2621
f 2629 2622 2628
f 2629 2623 2622
f 2623 2630 2614
f 2614 2630 2605
f 2631 2630 2623
f 2631 2623 2629
f 2632 2629 2628
f 2632 2628 2618
f 2633 2629 2632
f 2633 2631 2629
f 2630 2631 2634
f 2630 2634 2605
f 2635 2632 2618
f 2635 2633 2632
f 2635 2618 2636
f 2633 2635 2636
f 2636 2618 2637
f 2631 2633 2638
f 2631 2638 2634
f 2633 2636 2638
f 2639 2636 2637
f 2638 2636 2639
f 2639 2637 2640
f 2634 2638 2641
f 2605 2634 2641
f 2641 2638 2639
f 2640 2605 2642
f 2605 2641 2642
f 2642 2639 2640
f 2641 2639 2642
f 2643 2644 2645
f 2644 2643 2646
f 2644 2646 2647
f 2648 2644 2647
f 2647 2646 2649
f 2648 2647 2650
f 2650 2647 2649
f 2651 2648 2650
f 2650 2649 2652
f 2651 2650 2653
f 2653 2650 2652
f 2654 2651 2653
f 2652 2655 2653
f 2654 2653 2656
f 2655 2656 2653
f 2655 2654 2656
f 2657 2654 2655
f 2657 2655 2658
f 2654 2657 2659
f 2659 2657 2658
f 2660 2661 2662
f 2661 2663 2662
f 2661 2664 2663
f 2664 2665 2663
f 2665 2666 2663
f 2665 2667 2666
f 2667 2668 2666
f 2667 2669 2668
f 2670 2663 2666
f 2671 2662 2663
f 2670 2671 2663
f 2672 2666 2668
f 2672 2670 2666
f 2669 2673 2668
f 2674 2668 2673
f 2674 2672 2668
f 2669 2674 2673
f 2669 2675 2674
f 2669 2676 2675
f 2677 2676 2669
f 2674 2678 2672
f 2675 2678 2674
f 2672 2679 2670
f 2678 2679 2672
f 2680 2671 2670
f 2680 2670 2679
f 2676 2677 2681
f 2676 2681 2675
f 2677 2682 2681
f 2682 2677 2683
f 2681 2682 2684
f 2682 2683 2684
f 2685 2679 2678
f 2675 2685 2678
f 2686 2679 2685
f 2686 2680 2679
f 2680 2687 2671
f 2671 2687 2662
f 2688 2687 2680
f 2688 2680 2686
f 2689 2686 2685
f 2689 2685 2675
f 2690 2686 2689
f 2690 2688 2686
f 2687 2688 2691
f 2687 2691 2662
f 2692 2689 2675
f 2692 2690 2689
f 2692 2675 2693
f 2690 2692 2693
f 2693 2675 2694
f 2688 2690 2695
f 2688 2695 2691
f 2690 2693 2695
f 2696 2693 2694
f 2695 2693 2696
f 2696 2694 2697
f 2691 2695 2698
f 2662 2691 2698
f 2698 2695 2696
f 2697 2662 2699
f 2662 2698 2699
f 2699 2696 2697
f 2698 2696 2699
f 2700 2701 2702
f 2701 2700 2703
f 2701 2703 2704
f 2705 2701 2704
f 2704 2703 2706
f 2705 2704 2707
f 2707 2704 2706
f 2708 2705 2707
f 2707 2706 2709
f 2708 2707 2710
f 2710 2707 2709
f 2711 2708 2710
f 2709 2712 2710
f 2711 2710 2713
f 2712 2713 2710
f 2712 2711 2713
f 2714 2711 2712
f 2714 2712 2715
f 2711 2714 2716
f 2716 2714 2715
f 2717 2718 2719
f 2718 2720 2719
f 2718 2721 2720
f 2721 2722 2720
f 2722 2723 2720
f 2722 2724 2723
f 2724 2725 2723
f 2724 2726 2725
f 2727 2720 2723
f 2728 2719 2720
f 2727 2728 2720
f 2729 2723 2725
f 2729 2727 2723
f 2726 2730 2725
f 2731 2725 2730
f 2731 2729 2725
f 2726 2731 2730
f 2726 2732 2731
f 2726 2733 2732
f 2734 2733 2726
f 2731 2735 2729
f 2732 2735 2731
f 2729 2736 2727
f 2735 2736 2729
f 2737 2728 2727
f 2737 2727 2736
f 2733 2734 2738
f 2733 2738 2732
f 2734 2739 2738
f 2739 2734 2740
f 2738 2739 2741
f 2739 2740 2741
f 2742 2736 2735
f 2732 2742 2735
f 2743 2736 2742
f 2743 2737 2736
f 2737 2744 2728
f 2728 2744 2719
f 2745 2744 2737
f 2745 2737 2743
f 2746 2743 2742
f 2746 2742 2732
f 2747 2743 2746
f 2747 2745 2743
f 2744 2745 2748
f 2744 2748 2719
f 2749 2746 2732
f 2749 2747 2746
f 2749 2732 2750
f 2747 2749 2750
f 2750 2732 2751
f 2745 2747 2752
f 2745 2752 2748
f 2747 2750 2752
f 2753 2750 2751
f 2752 2750 2753
f 2753 2751 2754
f 2748 2752 2755
f 2719 2748 2755
f 2755 2752 2753
f 2754 2719 2756
f 2719 2755 2756
f 2756 2753 2754
f 2755 2753 2756
f 2757 2758 2759
f 2758 2757 2760
f 2758 2760 2761
f 2762 2758 2761
f 2761 2760 2763
f 2762 2761 2764
f 2764 2761 2763
f 2765 2762 2764
f 2764 2763 2766
f 2765 2764 2767
f 2767 2764 2766
f 2768 2765 2767
f 2766 2769 2767
f 2768 2767 2770
f 2769 2770 2767
f 2769 2768 2770
f 2771 2768 2769
f 2771 2769 2772
f 2768 2771 2773
f 2773 2771 2772
f 2774 2775 2776
f 2775 2777 2776
f 2775 2778 2777
f 2778 2779 2777
f 2779 2780 2777
f 2779 2781 2780
f 2781 2782 2780
f 2781 2783 2782
f 2784 2777 2780
f 2785 2776 2777
f 2784 2785 2777
f 2786 2780 2782
f 2786 2784 2780
f 2783 2787 2782
f 2788 2782 2787
f 2788 2786 2782
f 2783 2788 2787
f 2783 2789 2788
f 2783 2790 2789
f 2791 2790 2783
f 2788 2792 2786
f 2789 2792 2788
f 2786 2793 2784
f 2792 2793 2786
f 2794 2785 2784
f 2794 2784 2793
f 2790 2791 2795
f 2790 2795 2789
f 2791 2796 2795
f 2796 2791 2797
f 2795 2796 2798
f 2796 2797 2798
f 2799 2793 2792
f 2789 2799 2792
f 2800 2793 2799
f 2800 2794 2793
f 2794 2801 2785
f 2785 2801 2776
f 2802 2801 2794
f 2802 2794 2800
f 2803 2800 2799
f 2803 2799 2789
f 2804 2800 2803
f 2804 2802 2800
f 2801 2802 2805
f 2801 2805 2776
f 2806 2803 2789
f 2806 2804 2803
f 2806 2789 2807
f 2804 2806 2807
f 2807 2789 2808
f 2802 2804 2809
f 2802 2809 2805
f 2804 2807 2809
f 2810 2807 2808
f 2809 2807 2810
f 2810 2808 2811
f 2805 2809 2812
f 2776 2805 2812
f 2812 2809 2810
f 2811 2776 2813
f 2776 2812 2813
f 2813 2810 2811
f 2812 2810 2813
f 2814 2815 2816
f 2815 2814 2817
f 2815 2817 2818
f 2819 2815 2818
f 2818 2817 2820
f 2819 2818 2821
f 2821 2818 2820
f 2822 2819 2821
f 2821 2820 2823
f 2822 2821 2824
f 2824 2821 2823
f 2825 2822 2824
f 2823 2826 2824
f 2825 2824 2827
f 2826 2827 2824
f 2826 2825 2827
f 2828 2825 2826
f 2828 2826 2829
f 2825 2828 2830
f 2830 2828 2829
f 2831 2832 2833
f 2832 2834 2833
f 2832 2835 2834
f 2835 2836 2834
f 2836 2837 2834
f 2836 2838 2837
f 2838 2839 2837
f 2838 2840 2839
f 2841 2834 2837
f 2842 2833 2834
f 2841 2842 2834
f 2843 2837 2839
f 2843 2841 2837
f 2840 2844 2839
f 2845 2839 2844
f 2845 2843 2839
f 2840 2845 2844
f 2840 2846 2845
f 2840 2847 2846
f 2848 2847 2840
f 2845 2849 2843
f 2846 2849 2845
f 2843 2850 2841
f 2849 2850 2843
f 2851 2842 2841
f 2851 2841 2850
f 2847 2848 2852
f 2847 2852 2846
f 2848 2853 2852
f 2853 2848 2854
f 2852 2853 2855
f 2853 2854 2855
f 2856 2850 2849
f 2846 2856 2849
f 2857 2850 2856
f 2857 2851 2850
f 2851 2858 2842
f 2842 2858 2833
f 2859 2858 2851
f 2859 2851 2857
f 2860 2857 2856
f 2860 2856 2846
f 2861 2857 2860
f 2861 2859 2857
f 2858 2859 2862
f 2858 2862 2833
f 2863 2860 2846
f 2863 2861 2860
f 2863 2846 2864
f 2861 2863 2864
f 2864 2846 2865
f 2859 2861 2866
f 2859 2866 2862
f 2861 2864 2866
f 2867 2864 2865
f 2866 2864 2867
f 2867 2865 2868
f 2862 2866 2869
f 2833 2862 2869
f 2869 2866 2867
f 2868 2833 2870
f 2833 2869 2870
f 2870 2867 2868
f 2869 2867 2870
f 2871 2872 2873
f 2872 2871 2874
f 2872 2874 2875
f 2876 2872 2875
f 2875 2874 2877
f 2876 2875 2878
f 2878 2875 2877
f 2879 2876 2878
f 2878 2877 2880
f 2879 2878 2881
f 2881 2878 2880
f 2882 2879 2881
f 2880 2883 2881
f 2882 2881 2884
f 2883 2884 2881
f 2883 2882 2884
f 2885 2882 2883
f 2885 2883 2886
f 2882 2885 2887
f 2887 2885 2886
f 2888 2889 2890
f 2889 2891 2890
f 2889 2892 2891
f 2892 2893 2891
f 2893 2894 2891
f 2893 2895 2894
f 2895 2896 2894
f 2895 2897 2896
f 2898 2891 2894
f 2899 2890 2891
f 2898 2899 2891
f 2900 2894 2896
f 2900 2898 2894
f 2897 2901 2896
f 2902 2896 2901
f 2902 2900 2896
f 2897 2902 2901
f 2897 2903 2902
f 2897 2904 2903
f 2905 2904 2897
f 2902 2906 2900
f 2903 2906 2902
f 2900 2907 2898
f 2906 2907 2900
f 2908 2899 2898
f 2908 2898 2907
f 2904 2905 2909
f 2904 2909 2903
f 2905 2910 2909
f 2910 2905 2911
f 2909 2910 2912
f 2910 2911 2912
f 2913 2907 2906
f 2903 2913 2906
f 2914 2907 2913
f 2914 2908 2907
f 2908 2915 2899
f 2899 2915 2890
f 2916 2915 2908
f 2916 2908 2914
f 2917 2914 2913
f 2917 2913 2903
f 2918 2914 2917
f 2918 2916 2914
f 2915 2916 2919
f 2915 2919 2890
f 2920 2917 2903
f 2920 2918 2917
f 2920 2903 2921
f 2918 2920 2921
f 2921 2903 2922
f 2916 2918 2923
f 2916 2923 2919
f 2918 2921 2923
f 2924 2921 2922
f 2923 2921 2924
f 2924 2922 2925
f 2919 2923 2926
f 2890 2919 2926
f 2926 2923 2924
f 2925 2890 2927
f 2890 2926 2927
f 2927 2924 2925
f 2926 2924 2927
f 2928 2929 2930
f 2929 2928 2931
f 2929 2931 2932
f 2933 2929 2932
f 2932 2931 2934
f 2933 2932 2935
f 2935 2932 2934
f 2936 2933 2935
f 2935 2934 2937
f 2936 2935 2938
f 2938 2935 2937
f 2939 2936 2938
f 2937 2940 2938
f 2939 2938 2941
f 2940 2941 2938
f 2940 2939 2941
f 2942 2939 2940
f 2942 2940 2943
f 2939 2942 2944
f 2944 2942 2943
f 2945 2946 2947
f 2946 2948 2947
f 2946 2949 2948
f 2949 2950 2948
f 2950 2951 2948
f 2950 2952 2951
f 2952 2953 2951
f 2952 2954 2953
f 2955 2948 2951
f 2956 2947 2948
f 2955 2956 2948
f 2957 2951 2953
f 2957 2955 2951
f 2954 2958 2953
f 2959 2953 2958
f 2959 2957 2953
f 2954 2959 2958
f 2954 2960 2959
f 2954 2961 2960
f 2962 2961 2954
f 2959 2963 2957
f 2960 2963 2959
f 2957 2964 2955
f 2963 2964 2957
f 2965 2956 2955
f 2965 2955 2964
f 2961 2962 2966
f 2961 2966 2960
f 2962 2967 2966
f 2967 2962 2968
f 2966 2967 2969
f 2967 2968 2969
f 2970 2964 2963
f 2960 2970 2963
f 2971 2964 2970
f 2971 2965 2964
f 2965 2972 2956
f 2956 2972 2947
f 2973 2972 2965
f 2973 2965 2971
f 2974 2971 2970
f 2974 2970 2960
f 2975 2971 2974
f 2975 2973 2971
f 2972 2973 2976
f 2972 2976 2947
f 2977 2974 2960
f 2977 2975 2974
f 2977 2960 2978
f 2975 2977 2978
f 2978 2960 2979
f 2973 2975 2980
f 2973 2980 2976
f 2975 2978 2980
f 2981 2978 2979
f 2980 2978 2981
f 2981 2979 2982
f 2976 2980 2983
f 2947 2976 2983
f 2983 2980 2981
f 2982 2947 2984
f 2947 2983 2984
f 2984 2981 2982
f 2983 2981 2984
f 2985 2986 2987
f 2986 2985 2988
f 2986 2988 2989
f 2990 2986 2989
f 2989 2988 2991
f 2990 2989 2992
f 2992 2989 2991
f 2993 2990 2992
f 2992 2991 2994
f 2993 2992 2995
f 2995 2992 2994
f 2996 2993 2995
f 2994 2997 2995
f 2996 2995 2998
f 2997 2998 2995
f 2997 2996 2998
f 2999 2996 2997
f 2999 2997 3000
f 2996 2999 3001
f 3001 2999 3000
f 3002 3003 3004
f 3003 3005 3004
f 3003 3006 3005
f 3006 3007 3005
f 3007 3008 3005
f 3007 3009 3008
f 3009 3010 3008
f 3009 3011 3010
f 3012 3005 3008
f 3013 3004 3005
f 3012 3013 3005
f 3014 3008 3010
f 3014 3012 3008
f 3011 3015 3010
f 3016 3010 3015
f 3016 3014 3010
f 3011 3016 3015
f 3011 3017 3016
f 3011 3018 3017
f 3019 3018 3011
f 3016 3020 3014
f 3017 3020 3016
f 3014 3021 3012
f 3020 3021 3014
f 3022 3013 3012
f 3022 3012 3021
f 3018 3019 3023
f 3018 3023 3017
f 3019 3024 3023
f 3024 3019 3025
f 3023 3024 3026
f 3024 3025 3026
f 3027 3021 3020
f 3017 3027 3020
f 3028 3021 3027
f 3028 3022 3021
f 3022 3029 3013
f 3013 3029 3004
f 3030 3029 3022
f 3030 3022 3028
f 3031 3028 3027
f 3031 3027 3017
f 3032 3028 3031
f 3032 3030 3028
f 3029 3030 3033
f 3029 3033 3004
f 3034 3031 3017
f 3034 3032 3031
f 3034 3017 3035
f 3032 3034 3035
f 3035 3017 3036
f 3030 3032 3037
f 3030 3037 3033
f 3032 3035 3037
f 3038 3035 3036
f 3037 3035 3038
f 3038 3036 3039
f 3033 3037 3040
f 3004 3033 3040
f 3040 3037 3038
f 3039 3004 3041
f 3004 3040 3041
f 3041 3038 3039
f 3040 3038 3041
f 3042 3043 3044
f 3043 3042 3045
f 3043 3045 3046
f 3047 3043 3046
f 3046 3045 3048
f 3047 3046 3049
f 3049 3046 3048
f 3050 3047 3049
f 3049 3048 3051
f 3050 3049 3052
f 3052 3049 3051
f 3053 3050 3052
f 3051 3054 3052
f 3053 3052 3055
f 3054 3055 3052
f 3054 3053 3055
f 3056 3053 3054
f 3056 3054 3057
f 3053 3056 3058
f 3058 3056 3057
f 3059 3060 3061
f 3060 3062 3061
f 3060 3063 3062
f 3063 3064 3062
f 3064 3065 3062
f 3064 3066 3065
f 3066 3067 3065
f 3066 3068 3067
f 3069 3062 3065
f 3070 3061 3062
f 3069 3070 3062
f 3071 3065 3067
f 3071 3069 3065
f 3068 3072 3067
f 3073 3067 3072
f 3073 3071 3067
f 3068 3073 3072
f 3068 3074 3073
f 3068 3075 3074
f 3076 3075 3068
f 3073 3077 3071
f 3074 3077 3073
f 3071 3078 3069
f 3077 3078 3071
f 3079 3070 3069
f 3079 3069 3078
f 3075 3076 3080
f 3075 3080 3074
f 3076 3081 3080
f 3081 3076 3082
f 3080 3081 3083
f 3081 3082 3083
f 3084 3078 3077
f 3074 3084 3077
f 3085 3078 3084
f 3085 3079 3078
f 3079 3086 3070
f 3070 3086 3061
f 3087 3086 3079
f 3087 3079 3085
f 3088 3085 3084
f 3088 3084 3074
f 3089 3085 3088
f 3089 3087 3085
f 3086 3087 3090
f 3086 3090 3061
f 3091 3088 3074
f 3091 3089 3088
f 3091 3074 3092
f 3089 3091 3092
f 3092 3074 3093
f 3087 3089 3094
f 3087 3094 3090
f 3089 3092 3094
f 3095 3092 3093
f 3094 3092 3095
f 3095 3093 3096
f 3090 3094 3097
f 3061 3090 3097
f 3097 3094 3095
f 3096 3061 3098
f 3061 3097 3098
f 3098 3095 3096
f 3097 3095 3098
f 3099 3100 3101
f 3100 3099 3102
f 3100 3102 3103
f 3104 3100 3103
f 3103 3102 3105
f 3104 3103 3106
f 3106 3103 3105
f 3107 3104 3106
f 3106 3105 3108
f 3107 3106 3109
f 3109 3106 3108
f 3110 3107 3109
f 3108 3111 3109
f 3110 3109 3112
f 3111 3112 3109
f 3111 3110 3112
f 3113 3110 3111
f 3113 3111 3114
f 3110 3113 3115
f 3115 3113 3114
f 3116 3117 3118
f 3117 3119 3118
f 3117 3120 3119
f 3120 3121 3119
f 3121 3122 3119
f 3121 3123 3122
f 3123 3124 3122
f 3123 3125 3124
f 3126 3119 3122
f 3127 3118 3119
f 3126 3127 3119
f 3128 3122 3124
f 3128 3126 3122
f 3125 3129 3124
f 3130 3124 3129
f 3130 3128 3124
f 3125 3130 3129
f 3125 3131 3130
f 3125 3132 3131
f 3133 3132 3125
f 3130 3134 3128
f 3131 3134 3130
f 3128 3135 3126
f 3134 3135 3128
f 3136 3127 3126
f 3136 3126 3135
f 3132 3133 3137
f 3132 3137 3131
f 3133 3138 3137
f 3138 3133 3139
f 3137 3138 3140
f 3138 3139 3140
f 3141 3135 3134
f 3131 3141 3134
f 3142 3135 3141
f 3142 3136 3135
f 3136 3143 3127
f 3127 3143 3118
f 3144 3143 3136
f 3144 3136 3142
f 3145 3142 3141
f 3145 3141 3131
f 3146 3142 3145
f 3146 3144 3142
f 3143 3144 3147
f 3143 3147 3118
f 3148 3145 3131
f 3148 3146 3145
f 3148 3131 3149
f 3146 3148 3149
f 3149 3131 3150
f 3144 3146 3151
f 3144 3151 3147
f 3146 3149 3151
f 3152 3149 3150
f 3151 3149 3152
f 3152 3150 3153
f 3147 3151 3154
f 3118 3147 3154
f 3154 3151 3152
f 3153 3118 3155
f 3118 3154 3155
f 3155 3152 3153
f 3154 3152 3155
f 3156 3157 3158
f 3157 3156 3159
f 3157 3159 3160
f 3161 3157 3160
f 3160 3159 3162
f 3161 3160 3163
f 3163 3160 3162
f 3164 3161 3163
f 3163 3162 3165
f 3164 3163 3166
f 3166 3163 3165
f 3167 3164 3166
f 3165 3168 3166
f 3167 3166 3169
f 3168 3169 3166
f 3168 3167 3169
f 3170 3167 3168
f 3170 3168 3171
f 3167 3170 3172
f 3172 3170 3171
f 3173 3174 3175
f 3174 3176 3175
f 3174 3177 3176
f 3177 3178 3176
f 3178 3179 3176
f 3178 3180 3179
f 3180 3181 3179
f 3180 3182 3181
f 3183 3176 3179
f 3184 3175 3176
f 3183 3184 3176
f 3185 3179 3181
f 3185 3183 3179
f 3182 3186 3181
f 3187 3181 3186
f 3187 3185 3181
f 3182 3187 3186
f 3182 3188 3187
f 3182 3189 3188
f 3190 3189 3182
f 3187 3191 3185
f 3188 3191 3187
f 3185 3192 3183
f 3191 3192 3185
f 3193 3184 3183
f 3193 3183 3192
f 3189 3190 3194
f 3189 3194 3188
f 3190 3195 3194
f 3195 3190 3196
f 3194 3195 3197
f 3195 3196 3197
f 3198 3192 3191
f 3188 3198 3191
f 3199 3192 3198
f 3199 3193 3192
f 3193 3200 3184
f 3184 3200 3175
f 3201 3200 3193
f 3201 3193 3199
f 3202 3199 3198
f 3202 3198 3188
f 3203 3199 3202
f 3203 3201 3199
f 3200 3201 3204
f 3200 3204 3175
f 3205 3202 3188
f 3205 3203 3202
f 3205 3188 3206
f 3203 3205 3206
f 3206 3188 3207
f 3201 3203 3208
f 3201 3208 3204
f 3203 3206 3208
f 3209 3206 3207
f 3208 3206 3209
f 3209 3207 3210
f 3204 3208 3211
f 3175 3204 3211
f 3211 3208 3209
f 3210 3175 3212
f 3175 3211 3212
f 3212 3209 3210
f 3211 3209 3212
f 3213 3214 3215
f 3214 3213 3216
f 3214 3216 3217
f 3218 3214 3217
f 3217 3216 3219
f 3218 3217 3220
f 3220 3217 3219
f 3221 3218 3220
f 3220 3219 3222
f 3221 3220 3223
f 3223 3220 3222
f 3224 3221 3223
f 3222 3225 3223
f 3224 3223 3226
f 3225 3226 3223
f 3225 3224 3226
f 3227 3224 3225
f 3227 3225 3228
f 3224 3227 3229
f 3229 3227 3228
f 3230 3231 3232
f 3231 3233 3232
f 3231 3234 3233
f 3234 3235 3233
f 3235 3236 3233
f 3235 3237 3236
f 3237 3238 3236
f 3237 3239 3238
f 3240 3233 3236
f 3241 3232 3233
f 3240 3241 3233
f 3242 3236 3238
f 3242 3240 3236
f 3239 3243 3238
f 3244 3238 3243
f 3244 3242 3238
f 3239 3244 3243
f 3239 3245 3244
f 3239 3246 3245
f 3247 3246 3239
f 3244 3248 3242
f 3245 3248 3244
f 3242 3249 3240
f 3248 3249 3242
f 3250 3241 3240
f 3250 3240 3249
f 3246 3247 3251
f 3246 3251 3245
f 3247 3252 3251
f 3252 3247 3253
f 3251 3252 3254
f 3252 3253 3254
f 3255 3249 3248
f 3245 3255 3248
f 3256 3249 3255
f 3256 3250 3249
f 3250 3257 3241
f 3241 3257 3232
f 3258 3257 3250
f 3258 3250 3256
f 3259 3256 3255
f 3259 3255 3245
f 3260 3256 3259
f 3260 3258 3256
f 3257 3258 3261
f 3257 3261 3232
f 3262 3259 3245
f 3262 3260 3259
f 3262 3245 3263
f 3260 3262 3263
f 3263 3245 3264
f 3258 3260 3265
f 3258 3265 3261
f 3260 3263 3265
f 3266 3263 3264
f 3265 3263 3266
f 3266 3264 3267
f 3261 3265 3268
f 3232 3261 3268
f 3268 3265 3266
f 3267 3232 3269
f 3232 3268 3269
f 3269 3266 3267
f 3268 3266 3269
f 3270 3271 3272
f 3271 3270 3273
f 3271 3273 3274
f 3275 3271 3274
f 3274 3273 3276
f 3275 3274 3277
f 3277 3274 3276
f 3278 3275 3277
f 3277 3276 3279
f 3278 3277 3280
f 3280 3277 3279
f 3281 3278 3280
f 3279 3282 3280
f 3281 3280 3283
f 3282 3283 3280
f 3282 3281 3283
f 3284 3281 3282
f 3284 3282 3285
f 3281 3284 3286
f 3286 3284 3285
f 3287 3288 3289
f 3288 3290 3289
f 3288 3291 3290
f 3291 3292 3290
f 3292 3293 3290
f 3292 3294 3293
f 3294 3295 3293
f 3294 3296 3295
f 3297 3290 3293
f 3298 3289 3290
f 3297 3298 3290
f 3299 3293 3295
f 3299 3297 3293
f 3296 3300 3295
f 3301 3295 3300
f 3301 3299 3295
f 3296 3301 3300
f 3296 3302 3301
f 3296 3303 3302
f 3304 3303 3296
f 3301 3305 3299
f 3302 3305 3301
f 3299 3306 3297
f 3305 3306 3299
f 3307 3298 3297
f 3307 3297 3306
f 3303 3304 3308
f 3303 3308 3302
f 3304 3309 3308
f 3309 3304 3310
f 3308 3309 3311
f 3309 3310 3311
f 3312 3306 3305
f 3302 3312 3305
f 3313 3306 3312
f 3313 3307 3306
f 3307 3314 3298
f 3298 3314 3289
f 3315 3314 3307
f 3315 3307 3313
f 3316 3313 3312
f 3316 3312 3302
f 3317 3313 3316
f 3317 3315 3313
f 3314 3315 3318
f 3314 3318 3289
f 3319 3316 3302
f 3319 3317 3316
f 3319 3302 3320
f 3317 3319 3320
f 3320 3302 3321
f 3315 3317 3322
f 3315 3322 3318
f 3317 3320 3322
f 3323 3320 3321
f 3322 3320 3323
f 3323 3321 3324
f 3318 3322 3325
f 3289 3318 3325
f 3325 3322 3323
f 3324 3289 3326
f 3289 3325 3326
f 3326 3323 3324
f 3325 3323 3326
f 3327 3328 3329
f 3328 3327 3330
f 3328 3330 3331
f 3332 3328 3331
f 3331 3330 3333
f 3332 3331 3334
f 3334 3331 3333
f 3335 3332 3334
f 3334 3333 3336
f 3335 3334 3337
f 3337 3334 3336
f 3338 3335 3337
f 3336 3339 3337
f 3338 3337 3340
f 3339 3340 3337
f 3339 3338 3340
f 3341 3338 3339
f 3341 3339 3342
f 3338 3341 3343
f 3343 3341 3342
f 3344 3345 3346
f 3345 3347 3346
f 3345 3348 3347
f 3348 3349 3347
f 3349 3350 3347
f 3349 3351 3350
f 3351 3352 3350
f 3351 3353 3352
f 3354 3347 3350
f 3355 3346 3347
f 3354 3355 3347
f 3356 3350 3352
f 3356 3354 3350
f 3353 3357 3352
f 3358 3352 3357
f 3358 3356 3352
f 3353 3358 3357
f 3353 3359 3358
f 3353 3360 3359
f 3361 3360 3353
f 3358 3362 3356
f 3359 3362 3358
f 3356 3363 3354
f 3362 3363 3356
f 3364 3355 3354
f 3364 3354 3363
f 3360 3361 3365
f 3360 3365 3359
f 3361 3366 3365
f 3366 3361 3367
f 3365 3366 3368
f 3366 3367 3368
f 3369 3363 3362
f 3359 3369 3362
f 3370 3363 3369
f 3370 3364 3363
f 3364 3371 3355
f 3355 3371 3346
f 3372 3371 3364
f 3372 3364 3370
f 3373 3370 3369
f 3373 3369 3359
f 3374 3370 3373
f 3374 3372 3370
f 3371 3372 3375
f 3371 3375 3346
f 3376 3373 3359
f 3376 3374 3373
f 3376 3359 3377
f 3374 3376 3377
f 3377 3359 3378
f 3372 3374 3379
f 3372 3379 3375
f 3374 3377 3379
f 3380 3377 3378
f 3379 3377 3380
f 3380 3378 3381
f 3375 3379 3382
f 3346 3375 3382
f 3382 3379 3380
f 3381 3346 3383
f 3346 3382 3383
f 3383 3380 3381
f 3382 3380 3383
f 3384 3385 3386
f 3385 3384 3387
f 3385 3387 3388
f 3389 3385 3388
f 3388 3387 3390
f 3389 3388 3391
f 3391 3388 3390
f 3392 3389 3391
f 3391 3390 3393
f 3392 3391 3394
f 3394 3391 3393
f 3395 3392 3394
f 3393 3396 3394
f 3395 3394 3397
f 3396 3397 3394
f 3396 3395 3397
f 3398 3395 3396
f 3398 3396 3399
f 3395 3398 3400
f 3400 3398 3399
f 3401 3402 3403
f 3402 3404 3403
f 3402 3405 3404
f 3405 3406 3404
f 3406 3407 3404
f 3406 3408 3407
f 3408 3409 3407
f 3408 3410 3409
f 3411 3404 3407
f 3412 3403 3404
f 3411 3412 3404
f 3413 3407 3409
f 3413 3411 3407
f 3410 3414 3409
f 3415 3409 3414
f 3415 3413 3409
f 3410 3415 3414
f 3410 3416 3415
f 3410 3417 3416
f 3418 3417 3410
f 3415 3419 3413
f 3416 3419 3415
f 3413 3420 3411
f 3419 3420 3413
f 3421 3412 3411
f 3421 3411 3420
f 3417 3418 3422
f 3417 3422 3416
f 3418 3423 3422
f 3423 3418 3424
f 3422 3423 3425
f 3423 3424 3425
f 3426 3420 3419
f 3416 3426 3419
f 3427 3420 3426
f 3427 3421 3420
f 3421 3428 3412
f 3412 3428 3403
f 3429 3428 3421
f 3429 3421 3427
f 3430 3427 3426
f 3430 3426 3416
f 3431 3427 3430
f 3431 3429 3427
f 3428 3429 3432
f 3428 3432 3403
f 3433 3430 3416
f 3433 3431 3430
f 3433 3416 3434
f 3431 3433 3434
f 3434 3416 3435
f 3429 3431 3436
f 3429 3436 3432
f 3431 3434 3436
f 3437 3434 3435
f 3436 3434 3437
f 3437 3435 3438
f 3432 3436 3439
f 3403 3432 3439
f 3439 3436 3437
f 3438 3403 3440
f 3403 3439 3440
f 3440 3437 3438
f 3439 3437 3440
f 3441 3442 3443
f 3442 3441 3444
f 3442 3444 3445
f 3446 3442 3445
f 3445 3444 3447
f 3446 3445 3448
f 3448 3445 3447
f 3449 3446 3448
f 3448 3447 3450
f 3449 3448 3451
f 3451 3448 3450
f 3452 3449 3451
f 3450 3453 3451
f 3452 3451 3454
f 3453 3454 3451
f 3453 3452 3454
f 3455 3452 3453
f 3455 3453 3456
f 3452 3455 3457
f 3457 3455 3456
f 3458 3459 3460
f 3459 3461 3460
f 3459 3462 3461
f 3462 3463 3461
f 3463 3464 3461
f 3463 3465 3464
f 3465 3466 3464
f 3465 3467 3466
f 3468 3461 3464
f 3469 3460 3461
f 3468 3469 3461
f 3470 3464 3466
f 3470 3468 3464
f 3467 3471 3466
f 3472 3466 3471
f 3472 3470 3466
f 3467 3472 3471
f 3467 3473 3472
f 3467 3474 3473
f 3475 3474 3467
f 3472 3476 3470
f 3473 3476 3472
f 3470 3477 3468
f 3476 3477 3470
f 3478 3469 3468
f 3478 3468 3477
f 3474 3475 3479
f 3474 3479 3473
f 3475 3480 3479
f 3480 3475 3481
f 3479 3480 3482
f 3480 3481 3482
f 3483 3477 3476
f 3473 3483 3476
f 3484 3477 3483
f 3484 3478 3477
f 3478 3485 3469
f 3469 3485 3460
f 3486 3485 3478
f 3486 3478 3484
f 3487 3484 3483
f 3487 3483 3473
f 3488 3484 3487
f 3488 3486 3484
f 3485 3486 3489
f 3485 3489 3460
f 3490 3487 3473
f 3490 3488 3487
f 3490 3473 3491
f 3488 3490 3491
f 3491 3473 3492
f 3486 3488 3493
f 3486 3493 3489
f 3488 3491 3493
f 3494 3491 3492
f 3493 3491 3494
f 3494 3492 3495
f 3489 3493 3496
f 3460 3489 3496
f 3496 3493 3494
f 3495 3460 3497
f 3460 3496 3497
f 3497 3494 3495
f 3496 3494 3497
f 3498 3499 3500
f 3499 3498 3501
f 3499 3501 3502
f 3503 3499 3502
f 3502 3501 3504
f 3503 3502 3505
f 3505 3502 3504
f 3506 3503 3505
f 3505 3504 3507
f 3506 3505 3508
f 3508 3505 3507
f 3509 3506 3508
f 3507 3510 3508
f 3509 3508 3511
f 3510 3511 3508
f 3510 3509 3511
f 3512 3509 3510
f 3512 3510 3513
f 3509 3512 3514
f 3514 3512 3513
f 3515 3516 3517
f 3516 3518 3517
f 3516 3519 3518
f 3519 3520 3518
f 3520 3521 3518
f 3520 3522 3521
f 3522 3523 3521
f 3522 3524 3523
f 3525 3518 3521
f 3526 3517 3518
f 3525 3526 3518
f 3527 3521 3523
f 3527 3525 3521
f 3524 3528 3523
f 3529 3523 3528
f 3529 3527 3523
f 3524 3529 3528
f 3524 3530 3529
f 3524 3531 3530
f 3532 3531 3524
f 3529 3533 3527
f 3530 3533 3529
f 3527 3534 3525
f 3533 3534 3527
f 3535 3526 3525
f 3535 3525 3534
f 3531 3532 3536
f 3531 3536 3530
f 3532 3537 3536
f 3537 3532 3538
f 3536 3537 3539
f 3537 3538 3539
f 3540 3534 3533
f 3530 3540 3533
f 3541 3534 3540
f 3541 3535 3534
f 3535 3542 3526
f 3526 3542 3517
f 3543 3542 3535
f 3543 3535 3541
f 3544 3541 3540
f 3544 3540 3530
f 3545 3541 3544
f 3545 3543 3541
f 3542 3543 3546
f 3542 3546 3517
f 3547 3544 3530
f 3547 3545 3544
f 3547 3530 3548
f 3545 3547 3548
f 3548 3530 3549
f 3543 3545 3550
f 3543 3550 3546
f 3545 3548 3550
f 3551 3548 3549
f 3550 3548 3551
f 3551 3549 3552
f 3546 3550 3553
f 3517 3546 3553
f 3553 3550 3551
f 3552 3517 3554
f 3517 3553 3554
f 3554 3551 3552
f 3553 3551 3554
f 3555 3556 3557
f 3556 3555 3558
f 3556 3558 3559
f 3560 3556 3559
f 3559 3558 3561
f 3560 3559 3562
f 3562 3559 3561
f 3563 3560 3562
f 3562 3561 3564
f 3563 3562 3565
f 3565 3562 3564
f 3566 3563 3565
f 3564 3567 3565
f 3566 3565 3568
f 3567 3568 3565
f 3567 3566 3568
f 3569 3566 3567
f 3569 3567 3570
f 3566 3569 3571
f 3571 3569 3570
f 3572 3573 3574
f 3573 3575 3574
f 3573 3576 3575
f 3576 3577 3575
f 3577 3578 3575
f 3577 3579 3578
f 3579 3580 3578
f 3579 3581 3580
f 3582 3575 3578
f 3583 3574 3575
f 3582 3583 3575
f 3584 3578 3580
f 3584 3582 3578
f 3581 3585 3580
f 3586 3580 3585
f 3586 3584 3580
f 3581 3586 3585
f 3581 3587 3586
f 3581 3588 3587
f 3589 3588 3581
f 3586 3590 3584
f 3587 3590 3586
f 3584 3591 3582
f 3590 3591 3584
f 3592 3583 3582
f 3592 3582 3591
f 3588 3589 3593
f 3588 3593 3587
f 3589 3594 3593
f 3594 3589 3595
f 3593 3594 3596
f 3594 3595 3596
f 3597 3591 3590
f 3587 3597 3590
f 3598 3591 3597
f 3598 3592 3591
f 3592 3599 3583
f 3583 3599 3574
f 3600 3599 3592
f 3600 3592 3598
f 3601 3598 3597
f 3601 3597 3587
f 3602 3598 3601
f 3602 3600 3598
f 3599 3600 3603
f 3599 3603 3574
f 3604 3601 3587
f 3604 3602 3601
f 3604 3587 3605
f 3602 3604 3605
f 3605 3587 3606
f 3600 3602 3607
f 3600 3607 3603
f 3602 3605 3607
f 3608 3605 3606
f 3607 3605 3608
f 3608 3606 3609
f 3603 3607 3610
f 3574 3603 3610
f 3610 3607 3608
f 3609 3574 3611
f 3574 3610 3611
f 3611 3608 3609
f 3610 3608 3611
f 3612 3613 3614
f 3613 3612 3615
f 3613 3615 3616
f 3617 3613 3616
f 3616 3615 3618
f 3617 3616 3619
f 3619 3616 3618
f 3620 3617 3619
f 3619 3618 3621
f 3620 3619 3622
f 3622 3619 3621
f 3623 3620 3622
f 3621 3624 3622
f 3623 3622 3625
f 3624 3625 3622
f 3624 3623 3625
f 3626 3623 3624
f 3626 3624 3627
f 3623 3626 3628
f 3628 3626 3627
f 3629 3630 3631
f 3630 3632 3631
f 3630 3633 3632
f 3633 3634 3632
f 3634 3635 3632
f 3634 3636 3635
f 3636 3637 3635
f 3636 3638 3637
f 3639 3632 3635
f 3640 3631 3632
f 3639 3640 3632
f 3641 3635 3637
f 3641 3639 3635
f 3638 3642 3637
f 3643 3637 3642
f 3643 3641 3637
f 3638 3643 3642
f 3638 3644 3643
f 3638 3645 3644
f 3646 3645 3638
f 3643 3647 3641
f 3644 3647 3643
f 3641 3648 3639
f 3647 3648 3641
f 3649 3640 3639
f 3649 3639 3648
f 3645 3646 3650
f 3645 3650 3644
f 3646 3651 3650
f 3651 3646 3652
f 3650 3651 3653
f 3651 3652 3653
f 3654 3648 3647
f 3644 3654 3647
f 3655 3648 3654
f 3655 3649 3648
f 3649 3656 3640
f 3640 3656 3631
f 3657 3656 3649
f 3657 3649 3655
f 3658 3655 3654
f 3658 3654 3644
f 3659 3655 3658
f 3659 3657 3655
f 3656 3657 3660
f 3656 3660 3631
f 3661 3658 3644
f 3661 3659 3658
f 3661 3644 3662
f 3659 3661 3662
f 3662 3644 3663
f 3657 3659 3664
f 3657 3664 3660
f 3659 3662 3664
f 3665 3662 3663
f 3664 3662 3665
f 3665 3663 3666
f 3660 3664 3667
f 3631 3660 3667
f 3667 3664 3665
f 3666 3631 3668
f 3631 3667 3668
f 3668 3665 3666
f 3667 3665 3668
f 3669 3670 3671
f 3670 3669 3672
f 3670 3672 3673
f 3674 3670 3673
f 3673 3672 3675
f 3674 3673 3676
f 3676 3673 3675
f 3677 3674 3676
f 3676 3675 3678
f 3677 3676 3679
f 3679 3676 3678
f 3680 3677 3679
f 3678 3681 3679
f 3680 3679 3682
f 3681 3682 3679
f 3681 3680 3682
f 3683 3680 3681
f 3683 3681 3684
f 3680 3683 3685
f 3685 3683 3684
f 3686 3687 3688
f 3687 3689 3688
f 3687 3690 3689
f 3690 3691 3689
f 3691 3692 3689
f 3691 3693 3692
f 3693 3694 3692
f 3693 3695 3694
f 3696 3689 3692
f 3697 3688 3689
f 3696 3697 3689
f 3698 3692 3694
f 3698 3696 3692
f 3695 3699 3694
f 3700 3694 3699
f 3700 3698 3694
f 3695 3700 3699
f 3695 3701 3700
f 3695 3702 3701
f 3703 3702 3695
f 3700 3704 3698
f 3701 3704 3700
f 3698 3705 3696
f 3704 3705 3698
f 3706 3697 3696
f 3706 3696 3705
f 3702 3703 3707
f 3702 3707 3701
f 3703 3708 3707
f 3708 3703 3709
f 3707 3708 3710
f 3708 3709 3710
f 3711 3705 3704
f 3701 3711 3704
f 3712 3705 3711
f 3712 3706 3705
f 3706 3713 3697
f 3697 3713 3688
f 3714 3713 3706
f 3714 3706 3712
f 3715 3712 3711
f 3715 3711 3701
f 3716 3712 3715
f 3716 3714 3712
f 3713 3714 3717
f 3713 3717 3688
f 3718 3715 3701
f 3718 3716 3715
f 3718 3701 3719
f 3716 3718 3719
f 3719 3701 3720
f 3714 3716 3721
f 3714 3721 3717
f 3716 3719 3721
f 3722 3719 3720
f 3721 3719 3722
f 3722 3720 3723
f 3717 3721 3724
f 3688 3717 3724
f 3724 3721 3722
f 3723 3688 3725
f 3688 3724 3725
f 3725 3722 3723
f 3724 3722 3725
f 3726 3727 3728
f 3727 3726 3729
f 3727 3729 3730
f 3731 3727 3730
f 3730 3729 3732
f 3731 3730 3733
f 3733 3730 3732
f 3734 3731 3733
f 3733 3732 3735
f 3734 3733 3736
f 3736 3733 3735
f 3737 3734 3736
f 3735 3738 3736
f 3737 3736 3739
f 3738 3739 3736
f 3738 3737 3739
f 3740 3737 3738
f 3740 3738 3741
f 3737 3740 3742
f 3742 3740 3741
f 3743 3744 3745
f 3744 3746 3745
f 3744 3747 3746
f 3747 3748 3746
f 3748 3749 3746
f 3748 3750 3749
f 3750 3751 3749
f 3750 3752 3751
f 3753 3746 3749
f 3754 3745 3746
f 3753 3754 3746
f 3755 3749 3751
f 3755 3753 3749
f 3752 3756 3751
f 3757 3751 3756
f 3757 3755 3751
f 3752 3757 3756
f 3752 3758 3757
f 3752 3759 3758
f 3760 3759 3752
f 3757 3761 3755
f 3758 3761 3757
f 3755 3762 3753
f 3761 3762 3755
f 3763 3754 3753
f 3763 3753 3762
f 3759 3760 3764
f 3759 3764 3758
f 3760 3765 3764
f 3765 3760 3766
f 3764 3765 3767
f 3765 3766 3767
f 3768 3762 3761
f 3758 3768 3761
f 3769 3762 3768
f 3769 3763 3762
f 3763 3770 3754
f 3754 3770 3745
f 3771 3770 3763
f 3771 3763 3769
f 3772 3769 3768
f 3772 3768 3758
f 3773 3769 3772
f 3773 3771 3769
f 3770 3771 3774
f 3770 3774 3745
f 3775 3772 3758
f 3775 3773 3772
f 3775 3758 3776
f 3773 3775 3776
f 3776 3758 3777
f 3771 3773 3778
f 3771 3778 3774
f 3773 3776 3778
f 3779 3776 3777
f 3778 3776 3779
f 3779 3777 3780
f 3774 3778 3781
f 3745 3774 3781
f 3781 3778 3779
f 3780 3745 3782
f 3745 3781 3782
f 3782 3779 3780
f 3781 3779 3782
f 3783 3784 3785
f 3784 3783 3786
f 3784 3786 3787
f 3788 3784 3787
f 3787 3786 3789
f 3788 3787 3790
f 3790 3787 3789
f 3791 3788 3790
f 3790 3789 3792
f 3791 3790 3793
f 3793 3790 3792
f 3794 3791 3793
f 3792 3795 3793
f 3794 3793 3796
f 3795 3796 3793
f 3795 3794 3796
f 3797 3794 3795
f 3797 3795 3798
f 3794 3797 3799
f 3799 3797 3798
f 3800 3801 3802
f 3801 3803 3802
f 3801 3804 3803
f 3804 3805 3803
f 3805 3806 3803
f 3805 3807 3806
f 3807 3808 3806
f 3807 3809 3808
f 3810 3803 3806
f 3811 3802 3803
f 3810 3811 3803
f 3812 3806 3808
f 3812 3810 3806
f 3809 3813 3808
f 3814 3808 3813
f 3814 3812 3808
f 3809 3814 3813
f 3809 3815 3814
f 3809 3816 3815
f 3817 3816 3809
f 3814 3818 3812
f 3815 3818 3814
f 3812 3819 3810
f 3818 3819 3812
f 3820 3811 3810
f 3820 3810 3819
f 3816 3817 3821
f 3816 3821 3815
f 3817 3822 3821
f 3822 3817 3823
f 3821 3822 3824
f 3822 3823 3824
f 3825 3819 3818
f 3815 3825 3818
f 3826 3819 3825
f 3826 3820 3819
f 3820 3827 3811
f 3811 3827 3802
f 3828 3827 3820
f 3828 3820 3826
f 3829 3826 3825
f 3829 3825 3815
f 3830 3826 3829
f 3830 3828 3826
f 3827 3828 3831
f 3827 3831 3802
f 3832 3829 3815
f 3832 3830 3829
f 3832 3815 3833
f 3830 3832 3833
f 3833 3815 3834
f 3828 3830 3835
f 3828 3835 3831
f 3830 3833 3835
f 3836 3833 3834
f 3835 3833 3836
f 3836 3834 3837
f 3831 3835 3838
f 3802 3831 3838
f 3838 3835 3836
f 3837 3802 3839
f 3802 3838 3839
f 3839 3836 3837
f 3838 3836 3839
f 3840 3841 3842
f 3841 3840 3843
f 3841 3843 3844
f 3845 3841 3844
f 3844 3843 3846
f 3845 3844 3847
f 3847 3844 3846
f 3848 3845 3847
f 3847 3846 3849
f 3848 3847 3850
f 3850 3847 3849
f 3851 3848 3850
f 3849 3852 3850
f 3851 3850 3853
f 3852 3853 3850
f 3852 3851 3853
f 3854 3851 3852
f 3854 3852 3855
f 3851 3854 3856
f 3856 3854 3855
f 3857 3858 3859
f 3858 3860 3859
f 3858 3861 3860
f 3861 3862 3860
f 3862 3863 3860
f 3862 3864 3863
f 3864 3865 3863
f 3864 3866 3865
f 3867 3860 3863
f 3868 3859 3860
f 3867 3868 3860
f 3869 3863 3865
f 3869 3867 3863
f 3866 3870 3865
f 3871 3865 3870
f 3871 3869 3865
f 3866 3871 3870
f 3866 3872 3871
f 3866 3873 3872
f 3874 3873 3866
f 3871 3875 3869
f 3872 3875 3871
f 3869 3876 3867
f 3875 3876 3869
f 3877 3868 3867
f 3877 3867 3876
f 3873 3874 3878
f 3873 3878 3872
f 3874 3879 3878
f 3879 3874 3880
f 3878 3879 3881
f 3879 3880 3881
f 3882 3876 3875
f 3872 3882 3875
f 3883 3876 3882
f 3883 3877 3876
f 3877 3884 3868
f 3868 3884 3859
f 3885 3884 3877
f 3885 3877 3883
f 3886 3883 3882
f 3886 3882 3872
f 3887 3883 3886
f 3887 3885 3883
f 3884 3885 3888
f 3884 3888 3859
f 3889 3886 3872
f 3889 3887 3886
f 3889 3872 3890
f 3887 3889 3890
f 3890 3872 3891
f 3885 3887 3892
f 3885 3892 3888
f 3887 3890 3892
f 3893 3890 3891
f 3892 3890 3893
f 3893 3891 3894
f 3888 3892 3895
f 3859 3888 3895
f 3895 3892 3893
f 3894 3859 3896
f 3859 3895 3896
f 3896 3893 3894
f 3895 3893 3896
f 3897 3898 3899
f 3898 3897 3900
f 3898 3900 3901
f 3902 3898 3901
f 3901 3900 3903
f 3902 3901 3904
f 3904 3901 3903
f 3905 3902 3904
f 3904 3903 3906
f 3905 3904 3907
f 3907 3904 3906
f 3908 3905 3907
f 3906 3909 3907
f 3908 3907 3910
f 3909 3910 3907
f 3909 3908 3910
f 3911 3908 3909
f 3911 3909 3912
f 3908 3911 3913
f 3913 3911 3912
f 3914 3915 3916
f 3915 3917 3916
f 3915 3918 3917
f 3918 3919 3917
f 3919 3920 3917
f 3919 3921 3920
f 3921 3922 3920
f 3921 3923 3922
f 3924 3917 3920
f 3925 3916 3917
f 3924 3925 3917
f 3926 3920 3922
f 3926 3924 3920
f 3923 3927 3922
f 3928 3922 3927
f 3928 3926 3922
f 3923 3928 3927
f 3923 3929 3928
f 3923 3930 3929
f 3931 3930 3923
f 3928 3932 3926
f 3929 3932 3928
f 3926 3933 3924
f 3932 3933 3926
f 3934 3925 3924
f 3934 3924 3933
f 3930 3931 3935
f 3930 3935 3929
f 3931 3936 3935
f 3936 3931 3937
f 3935 3936 3938
f 3936 3937 3938
f 3939 3933 3932
f 3929 3939 3932
f 3940 3933 3939
f 3940 3934 3933
f 3934 3941 3925
f 3925 3941 3916
f 3942 3941 3934
f 3942 3934 3940
f 3943 3940 3939
f 3943 3939 3929
f 3944 3940 3943
f 3944 3942 3940
f 3941 3942 3945
f 3941 3945 3916
f 3946 3943 3929
f 3946 3944 3943
f 3946 3929 3947
f 3944 3946 3947
f 3947 3929 3948
f 3942 3944 3949
f 3942 3949 3945
f 3944 3947 3949
f 3950 3947 3948
f 3949 3947 3950
f 3950 3948 3951
f 3945 3949 3952
f 3916 3945 3952
f 3952 3949 3950
f 3951 3916 3953
f 3916 3952 3953
f 3953 3950 3951
f 3952 3950 3953
f 3954 3955 3956
f 3955 3954 3957
f 3955 3957 3958
f 3959 3955 3958
f 3958 3957 3960
f 3959 3958 3961
f 3961 3958 3960
f 3962 3959 3961
f 3961 3960 3963
f 3962 3961 3964
f 3964 3961 3963
f 3965 3962 3964
f 3963 3966 3964
f 3965 3964 3967
f 3966 3967 3964
f 3966 3965 3967
f 3968 3965 3966
f 3968 3966 3969
f 3965 3968 3970
f 3970 3968 3969
f 3971 3972 3973
f 3972 3974 3973
f 3972 3975 3974
f 3975 3976 3974
f 3976 3977 3974
f 3976 3978 3977
f 3978 3979 3977
f 3978 3980 3979
f 3981 3974 3977
f 3982 3973 3974
f 3981 3982 3974
f 3983 3977 3979
f 3983 3981 3977
f 3980 3984 3979
f 3985 3979 3984
f 3985 3983 3979
f 3980 3985 3984
f 3980 3986 3985
f 3980 3987 3986
f 3988 3987 3980
f 3985 3989 3983
f 3986 3989 3985
f 3983 3990 3981
f 3989 3990 3983
f 3991 3982 3981
f 3991 3981 3990
f 3987 3988 3992
f 3987 3992 3986
f 3988 3993 3992
f 3993 3988 3994
f 3992 3993 3995
f 3993 3994 3995
f 3996 3990 3989
f 3986 3996 3989
f 3997 3990 3996
f 3997 3991 3990
f 3991 3998 3982
f 3982 3998 3973
f 3999 3998 3991
f 3999 3991 3997
f 4000 3997 3996
f 4000 3996 3986
f 4001 3997 4000
f 4001 3999 3997
f 3998 3999 4002
f 3998 4002 3973
f 4003 4000 3986
f 4003 4001 4000
f 4003 3986 4004
f 4001 4003 4004
f 4004 3986 4005
f 3999 4001 4006
f 3999 4006 4002
f 4001 4004 4006
f 4007 4004 4005
f 4006 4004 4007
f 4007 4005 4008
f 4002 4006 4009
f 3973 4002 4009
f 4009 4006 4007
f 4008 3973 4010
f 3973 4009 4010
f 4010 4007 4008
f 4009 4007 4010
f 4011 4012 4013
f 4012 4011 4014
f 4012 4014 4015
f 4016 4012 4015
f 4015 4014 4017
f 4016 4015 4018
f 4018 4015 4017
f 4019 4016 4018
f 4018 4017 4020
f 4019 4018 4021
f 4021 4018 4020
f 4022 4019 4021
f 4020 4023 4021
f 4022 4021 4024
f 4023 4024 4021
f 4023 4022 4024
f 4025 4022 4023
f 4025 4023 4026
f 4022 4025 4027
f 4027 4025 4026
f 4028 4029 4030
f 4029 4031 4030
f 4029 4032 4031
f 4032 4033 4031
f 4033 4034 4031
f 4033 4035 4034
f 4035 4036 4034
f 4035 4037 4036
f 4038 4031 4034
f 4039 4030 4031
f 4038 4039 4031
f 4040 4034 4036
f 4040 4038 4034
f 4037 4041 4036
f 4042 4036 4041
f 4042 4040 4036
f 4037 4042 4041
f 4037 4043 4042
f 4037 4044 4043
f 4045 4044 4037
f 4042 4046 4040
f 4043 4046 4042
f 4040 4047 4038
f 4046 4047 4040
f 4048 4039 4038
f 4048 4038 4047
f 4044 4045 4049
f 4044 4049 4043
f 4045 4050 4049
f 4050 4045 4051
f 4049 4050 4052
f 4050 4051 4052
f 4053 4047 4046
f 4043 4053 4046
f 4054 4047 4053
f 4054 4048 4047
f 4048 4055 4039
f 4039 4055 4030
f 4056 4055 4048
f 4056 4048 4054
f 4057 4054 4053
f 4057 4053 4043
f 4058 4054 4057
f 4058 4056 4054
f 4055 4056 4059
f 4055 4059 4030
f 4060 4057 4043
f 4060 4058 4057
f 4060 4043 4061
f 4058 4060 4061
f 4061 4043 4062
f 4056 4058 4063
f 4056 4063 4059
f 4058 4061 4063
f 4064 4061 4062
f 4063 4061 4064
f 4064 4062 4065
f 4059 4063 4066
f 4030 4059 4066
f 4066 4063 4064
f 4065 4030 4067
f 4030 4066 4067
f 4067 4064 4065
f 4066 4064 4067
f 4068 4069 4070
f 4069 4068 4071
f 4069 4071 4072
f 4073 4069 4072
f 4072 4071 4074
f 4073 4072 4075
f 4075 4072 4074
f 4076 4073 4075
f 4075 4074 4077
f 4076 4075 4078
f 4078 4075 4077
f 4079 4076 4078
f 4077 4080 4078
f 4079 4078 4081
f 4080 4081 4078
f 4080 4079 4081
f 4082 4079 4080
f 4082 4080 4083
f 4079 4082 4084
f 4084 4082 4083
f 4085 4086 4087
f 4086 4088 4087
f 4086 4089 4088
f 4089 4090 4088
f 4090 4091 4088
f 4090 4092 4091
f 4092 4093 4091
f 4092 4094 4093
f 4095 4088 4091
f 4096 4087 4088
f 4095 4096 4088
f 4097 4091 4093
f 4097 4095 4091
f 4094 4098 4093
f 4099 4093 4098
f 4099 4097 4093
f 4094 4099 4098
f 4094 4100 4099
f 4094 4101 4100
f 4102 4101 4094
f 4099 4103 4097
f 4100 4103 4099
f 4097 4104 4095
f 4103 4104 4097
f 4105 4096 4095
f 4105 4095 4104
f 4101 4102 4106
f 4101 4106 4100
f 4102 4107 4106
f 4107 4102 4108
f 4106 4107 4109
f 4107 4108 4109
f 4110 4104 4103
f 4100 4110 4103
f 4111 4104 4110
f 4111 4105 4104
f 4105 4112 4096
f 4096 4112 4087
f 4113 4112 4105
f 4113 4105 4111
f 4114 4111 4110
f 4114 4110 4100
f 4115 4111 4114
f 4115 4113 4111
f 4112 4113 4116
f 4112 4116 4087
f 4117 4114 4100
f 4117 4115 4114
f 4117 4100 4118
f 4115 4117 4118
f 4118 4100 4119
f 4113 4115 4120
f 4113 4120 4116
f 4115 4118 4120
f 4121 4118 4119
f 4120 4118 4121
f 4121 4119 4122
f 4116 4120 4123
f 4087 4116 4123
f 4123 4120 4121
f 4122 4087 4124
f 4087 4123 4124
f 4124 4121 4122
f 4123 4121 4124
f 4125 4126 4127
f 4126 4125 4128
f 4126 4128 4129
f 4130 4126 4129
f 4129 4128 4131
f 4130 4129 4132
f 4132 4129 4131
f 4133 4130 4132
f 4132 4131 4134
f 4133 4132 4135
f 4135 4132 4134
f 4136 4133 4135
f 4134 4137 4135
f 4136 4135 4138
f 4137 4138 4135
f 4137 4136 4138
f 4139 4136 4137
f 4139 4137 4140
f 4136 4139 4141
f 4141 4139 4140
f 4142 4143 4144
f 4143 4145 4144
f 4143 4146 4145
f 4146 4147 4145
f 4147 4148 4145
f 4147 4149 4148
f 4149 4150 4148
f 4149 4151 4150
f 4152 4145 4148
f 4153 4144 4145
f 4152 4153 4145
f 4154 4148 4150
f 4154 4152 4148
f 4151 4155 4150
f 4156 4150 4155
f 4156 4154 4150
f 4151 4156 4155
f 4151 4157 4156
f 4151 4158 4157
f 4159 4158 4151
f 4156 4160 4154
f 4157 4160 4156
f 4154 4161 4152
f 4160 4161 4154
f 4162 4153 4152
f 4162 4152 4161
f 4158 4159 4163
f 4158 4163 4157
f 4159 4164 4163
f 4164 4159 4165
f 4163 4164 4166
f 4164 4165 4166
f 4167 4161 4160
f 4157 4167 4160
f 4168 4161 4167
f 4168 4162 4161
f 4162 4169 4153
f 4153 4169 4144
f 4170 4169 4162
f 4170 4162 4168
f 4171 4168 4167
f 4171 4167 4157
f 4172 4168 4171
f 4172 4170 4168
f 4169 4170 4173
f 4169 4173 4144
f 4174 4171 4157
f 4174 4172 4171
f 4174 4157 4175
f 4172 4174 4175
f 4175 4157 4176
f 4170 4172 4177
f 4170 4177 4173
f 4172 4175 4177
f 4178 4175 4176
f 4177 4175 4178
f 4178 4176 4179
f 4173 4177 4180
f 4144 4173 4180
f 4180 4177 4178
f 4179 4144 4181
f 4144 4180 4181
f 4181 4178 4179
f 4180 4178 4181
f 4182 4183 4184
f 4183 4182 4185
f 4183 4185 4186
f 4187 4183 4186
f 4186 4185 4188
f 4187 4186 4189
f 4189 4186 4188
f 4190 4187 4189
f 4189 4188 4191
f 4190 4189 4192
f 4192 4189 4191
f 4193 4190 4192
f 4191 4194 4192
f 4193 4192 4195
f 4194 4195 4192
f 4194 4193 4195
f 4196 4193 4194
f 4196 4194 4197
f 4193 4196 4198
f 4198 4196 4197
f 4199 4200 4201
f 4200 4202 4201
f 4200 4203 4202
f 4203 4204 4202
f 4204 4205 4202
f 4204 4206 4205
f 4206 4207 4205
f 4206 4208 4207
f 4209 4202 4205
f 4210 4201 4202
f 4209 4210 4202
f 4211 4205 4207
f 4211 4209 4205
f 4208 4212 4207
f 4213 4207 4212
f 4213 4211 4207
f 4208 4213 4212
f 4208 4214 4213
f 4208 4215 4214
f 4216 4215 4208
f 4213 4217 4211
f 4214 4217 4213
f 4211 4218 4209
f 4217 4218 4211
f 4219 4210 4209
f 4219 4209 4218
f 4215 4216 4220
f 4215 4220 4214
f 4216 4221 4220
f 4221 4216 4222
f 4220 4221 4223
f 4221 4222 4223
f 4224 4218 4217
f 4214 4224 4217
f 4225 4218 4224
f 4225 4219 4218
f 4219 4226 4210
f 4210 4226 4201
f 4227 4226 4219
f 4227 4219 4225
f 4228 4225 4224
f 4228 4224 4214
f 4229 4225 4228
f 4229 4227 4225
f 4226 4227 4230
f 4226 4230 4201
f 4231 4228 4214
f 4231 4229 4228
f 4231 4214 4232
f 4229 4231 4232
f 4232 4214 4233
f 4227 4229 4234
f 4227 4234 4230
f 4229 4232 4234
f 4235 4232 4233
f 4234 4232 4235
f 4235 4233 4236
f 4230 4234 4237
f 4201 4230 4237
f 4237 4234 4235
f 4236 4201 4238
f 4201 4237 4238
f 4238 4235 4236
f 4237 4235 4238
f 4239 4240 4241
f 4240 4239 4242
f 4240 4242 4243
f 4244 4240 4243
f 4243 4242 4245
f 4244 4243 4246
f 4246 4243 4245
f 4247 4244 4246
f 4246 4245 4248
f 4247 4246 4249
f 4249 4246 4248
f 4250 4247 4249
f 4248 4251 4249
f 4250 4249 4252
f 4251 4252 4249
f 4251 4250 4252
f 4253 4250 4251
f 4253 4251 4254
f 4250 4253 4255
f 4255 4253 4254
f 4256 4257 4258
f 4257 4259 4258
f 4257 4260 4259
f 4260 4261 4259
f 4261 4262 4259
f 4261 4263 4262
f 4263 4264 4262
f 4263 4265 4264
f 4266 4259 4262
f 4267 4258 4259
f 4266 4267 4259
f 4268 4262 4264
f 4268 4266 4262
f 4265 4269 4264
f 4270 4264 4269
f 4270 4268 4264
f 4265 4270 4269
f 4265 4271 4270
f 4265 4272 4271
f 4273 4272 4265
f 4270 4274 4268
f 4271 4274 4270
f 4268 4275 4266
f 4274 4275 4268
f 4276 4267 4266
f 4276 4266 4275
f 4272 4273 4277
f 4272 4277 4271
f 4273 4278 4277
f 4278 4273 4279
f 4277 4278 4280
f 4278 4279 4280
f 4281 4275 4274
f 4271 4281 4274
f 4282 4275 4281
f 4282 4276 4275
f 4276 4283 4267
f 4267 4283 4258
f 4284 4283 4276
f 4284 4276 4282
f 4285 4282 4281
f 4285 4281 4271
f 4286 4282 4285
f 4286 4284 4282
f 4283 4284 4287
f 4283 4287 4258
f 4288 4285 4271
f 4288 4286 4285
f 4288 4271 4289
f 4286 4288 4289
f 4289 4271 4290
f 4284 4286 4291
f 4284 4291 4287
f 4286 4289 4291
f 4292 4289 4290
f 4291 4289 4292
f 4292 4290 4293
f 4287 4291 4294
f 4258 4287 4294
f 4294 4291 4292
f 4293 4258 4295
f 4258 4294 4295
f 4295 4292 4293
f 4294 4292 4295
f 4296 4297 4298
f 4297 4296 4299
f 4297 4299 4300
f 4301 4297 4300
f 4300 4299 4302
f 4301 4300 4303
f 4303 4300 4302
f 4304 4301 4303
f 4303 4302 4305
f 4304 4303 4306
f 4306 4303 4305
f 4307 4304 4306
f 4305 4308 4306
f 4307 4306 4309
f 4308 4309 4306
f 4308 4307 4309
f 4310 4307 4308
f 4310 4308 4311
f 4307 4310 4312
f 4312 4310 4311
f 4313 4314 4315
f 4314 4316 4315
f 4314 4317 4316
f 4317 4318 4316
f 4318 4319 4316
f 4318 4320 4319
f 4320 4321 4319
f 4320 4322 4321
f 4323 4316 4319
f 4324 4315 4316
f 4323 4324 4316
f 4325 4319 4321
f 4325 4323 4319
f 4322 4326 4321
f 4327 4321 4326
f 4327 4325 4321
f 4322 4327 4326
f 4322 4328 4327
f 4322 4329 4328
f 4330 4329 4322
f 4327 4331 4325
f 4328 4331 4327
f 4325 4332 4323
f 4331 4332 4325
f 4333 4324 4323
f 4333 4323 4332
f 4329 4330 4334
f 4329 4334 4328
f 4330 4335 4334
f 4335 4330 4336
f 4334 4335 4337
f 4335 4336 4337
f 4338 4332 4331
f 4328 4338 4331
f 4339 4332 4338
f 4339 4333 4332
f 4333 4340 4324
f 4324 4340 4315
f 4341 4340 4333
f 4341 4333 4339
f 4342 4339 4338
f 4342 4338 4328
f 4343 4339 4342
f 4343 4341 4339
f 4340 4341 4344
f 4340 4344 4315
f 4345 4342 4328
f 4345 4343 4342
f 4345 4328 4346
f 4343 4345 4346
f 4346 4328 4347
f 4341 4343 4348
f 4341 4348 4344
f 4343 4346 4348
f 4349 4346 4347
f 4348 4346 4349
f 4349 4347 4350
f 4344 4348 4351
f 4315 4344 4351
f 4351 4348 4349
f 4350 4315 4352
f 4315 4351 4352
f 4352 4349 4350
f 4351 4349 4352
f 4353 4354 4355
f 4354 4353 4356
f 4354 4356 4357
f 4358 4354 4357
f 4357 4356 4359
f 4358 4357 4360
f 4360 4357 4359
f 4361 4358 4360
f 4360 4359 4362
f 4361 4360 4363
f 4363 4360 4362
f 4364 4361 4363
f 4362 4365 4363
f 4364 4363 4366
f 4365 4366 4363
f 4365 4364 4366
f 4367 4364 4365
f 4367 4365 4368
f 4364 4367 4369
f 4369 4367 4368
f 4370 4371 4372
f 4371 4373 4372
f 4371 4374 4373
f 4374 4375 4373
f 4375 4376 4373
f 4375 4377 4376
f 4377 4378 4376
f 4377 4379 4378
f 4380 4373 4376
f 4381 4372 4373
f 4380 4381 4373
f 4382 4376 4378
f 4382 4380 4376
f 4379 4383 4378
f 4384 4378 4383
f 4384 4382 4378
f 4379 4384 4383
f 4379 4385 4384
f 4379 4386 4385
f 4387 4386 4379
f 4384 4388 4382
f 4385 4388 4384
f 4382 4389 4380
f 4388 4389 4382
f 4390 4381 4380
f 4390 4380 4389
f 4386 4387 4391
f 4386 4391 4385
f 4387 4392 4391
f 4392 4387 4393
f 4391 4392 4394
f 4392 4393 4394
f 4395 4389 4388
f 4385 4395 4388
f 4396 4389 4395
f 4396 4390 4389
f 4390 4397 4381
f 4381 4397 4372
f 4398 4397 4390
f 4398 4390 4396
f 4399 4396 4395
f 4399 4395 4385
f 4400 4396 4399
f 4400 4398 4396
f 4397 4398 4401
f 4397 4401 4372
f 4402 4399 4385
f 4402 4400 4399
f 4402 4385 4403
f 4400 4402 4403
f 4403 4385 4404
f 4398 4400 4405
f 4398 4405 4401
f 4400 4403 4405
f 4406 4403 4404
f 4405 4403 4406
f 4406 4404 4407
f 4401 4405 4408
f 4372 4401 4408
f 4408 4405 4406
f 4407 4372 4409
f 4372 4408 4409
f 4409 4406 4407
f 4408 4406 4409
f 4410 4411 4412
f 4411 4410 4413
f 4411 4413 4414
f 4415 4411 4414
f 4414 4413 4416
f 4415 4414 4417
f 4417 4414 4416
f 4418 4415 4417
f 4417 4416 4419
f 4418 4417 4420
f 4420 4417 4419
f 4421 4418 4420
f 4419 4422 4420
f 4421 4420 4423
f 4422 4423 4420
f 4422 4421 4423
f 4424 4421 4422
f 4424 4422 4425
f 4421 4424 4426
f 4426 4424 4425
f 4427 4428 4429
f 4428 4430 4429
f 4428 4431 4430
f 4431 4432 4430
f 4432 4433 4430
f 4432 4434 4433
f 4434 4435 4433
f 4434 4436 4435
f 4437 4430 4433
f 4438 4429 4430
f 4437 4438 4430
f 4439 4433 4435
f 4439 4437 4433
f 4436 4440 4435
f 4441 4435 4440
f 4441 4439 4435
f 4436 4441 4440
f 4436 4442 4441
f 4436 4443 4442
f 4444 4443 4436
f 4441 4445 4439
f 4442 4445 4441
f 4439 4446 4437
f 4445 4446 4439
f 4447 4438 4437
f 4447 4437 4446
f 4443 4444 4448
f 4443 4448 4442
f 4444 4449 4448
f 4449 4444 4450
f 4448 4449 4451
f 4449 4450 4451
f 4452 4446 4445
f 4442 4452 4445
f 4453 4446 4452
f 4453 4447 4446
f 4447 4454 4438
f 4438 4454 4429
f 4455 4454 4447
f 4455 4447 4453
f 4456 4453 4452
f 4456 4452 4442
f 4457 4453 4456
f 4457 4455 4453
f 4454 4455 4458
f 4454 4458 4429
f 4459 4456 4442
f 4459 4457 4456
f 4459 4442 4460
f 4457 4459 4460
f 4460 4442 4461
f 4455 4457 4462
f 4455 4462 4458
f 4457 4460 4462
f 4463 4460 4461
f 4462 4460 4463
f 4463 4461 4464
f 4458 4462 4465
f 4429 4458 4465
f 4465 4462 4463
f 4464 4429 4466
f 4429 4465 4466
f 4466 4463 4464
f 4465 4463 4466
f 4467 4468 4469
f 4468 4467 4470
f 4468 4470 4471
f 4472 4468 4471
f 4471 4470 4473
f 4472 4471 4474
f 4474 4471 4473
f 4475 4472 4474
f 4474 4473 4476
f 4475 4474 4477
f 4477 4474 4476
f 4478 4475 4477
f 4476 4479 4477
f 4478 4477 4480
f 4479 4480 4477
f 4479 4478 4480
f 4481 4478 4479
f 4481 4479 4482
f 4478 4481 4483
f 4483 4481 4482
f 4484 4485 4486
f 4485 4487 4486
f 4485 4488 4487
f 4488 4489 4487
f 4489 4490 4487
f 4489 4491 4490
f 4491 4492 4490
f 4491 4493 4492
f 4494 4487 4490
f 4495 4486 4487
f 4494 4495 4487
f 4496 4490 4492
f 4496 4494 4490
f 4493 4497 4492
f 4498 4492 4497
f 4498 4496 4492
f 4493 4498 4497
f 4493 4499 4498
f 4493 4500 4499
f 4501 4500 4493
f 4498 4502 4496
f 4499 4502 4498
f 4496 4503 4494
f 4502 4503 4496
f 4504 4495 4494
f 4504 4494 4503
f 4500 4501 4505
f 4500 4505 4499
f 4501 4506 4505
f 4506 4501 4507
f 4505 4506 4508
f 4506 4507 4508
f 4509 4503 4502
f 4499 4509 4502
f 4510 4503 4509
f 4510 4504 4503
f 4504 4511 4495
f 4495 4511 4486
f 4512 4511 4504
f 4512 4504 4510
f 4513 4510 4509
f 4513 4509 4499
f 4514 4510 4513
f 4514 4512 4510
f 4511 4512 4515
f 4511 4515 4486
f 4516 4513 4499
f 4516 4514 4513
f 4516 4499 4517
f 4514 4516 4517
f 4517 4499 4518
f 4512 4514 4519
f 4512 4519 4515
f 4514 4517 4519
f 4520 4517 4518
f 4519 4517 4520
f 4520 4518 4521
f 4515 4519 4522
f 4486 4515 4522
f 4522 4519 4520
f 4521 4486 4523
f 4486 4522 4523
f 4523 4520 4521
f 4522 4520 4523
f 4524 4525 4526
f 4525 4524 4527
f 4525 4527 4528
f 4529 4525 4528
f 4528 4527 4530
f 4529 4528 4531
f 4531 4528 4530
f 4532 4529 4531
f 4531 4530 4533
f 4532 4531 4534
f 4534 4531 4533
f 4535 4532 4534
f 4533 4536 4534
f 4535 4534 4537
f 4536 4537 4534
f 4536 4535 4537
f 4538 4535 4536
f 4538 4536 4539
f 4535 4538 4540
f 4540 4538 4539
f 4541 4542 4543
f 4542 4544 4543
f 4542 4545 4544
f 4545 4546 4544
f 4546 4547 4544
f 4546 4548 4547
f 4548 4549 4547
f 4548 4550 4549
f 4551 4544 4547
f 4552 4543 4544
f 4551 4552 4544
f 4553 4547 4549
f 4553 4551 4547
f 4550 4554 4549
f 4555 4549 4554
f 4555 4553 4549
f 4550 4555 4554
f 4550 4556 4555
f 4550 4557 4556
f 4558 4557 4550
f 4555 4559 4553
f 4556 4559 4555
f 4553 4560 4551
f 4559 4560 4553
f 4561 4552 4551
f 4561 4551 4560
f 4557 4558 4562
f 4557 4562 4556
f 4558 4563 4562
f 4563 4558 4564
f 4562 4563 4565
f 4563 4564 4565
f 4566 4560 4559
f 4556 4566 4559
f 4567 4560 4566
f 4567 4561 4560
f 4561 4568 4552
f 4552 4568 4543
f 4569 4568 4561
f 4569 4561 4567
f 4570 4567 4566
f 4570 4566 4556
f 4571 4567 4570
f 4571 4569 4567
f 4568 4569 4572
f 4568 4572 4543
f 4573 4570 4556
f 4573 4571 4570
f 4573 4556 4574
f 4571 4573 4574
f 4574 4556 4575
f 4569 4571 4576
f 4569 4576 4572
f 4571 4574 4576
f 4577 4574 4575
f 4576 4574 4577
f 4577 4575 4578
f 4572 4576 4579
f 4543 4572 4579
f 4579 4576 4577
f 4578 4543 4580
f 4543 4579 4580
f 4580 4577 4578
f 4579 4577 4580
f 4581 4582 4583
f 4582 4581 4584
f 4582 4584 4585
f 4586 4582 4585
f 4585 4584 4587
f 4586 4585 4588
f 4588 4585 4587
f 4589 4586 4588
f 4588 4587 4590
f 4589 4588 4591
f 4591 4588 4590
f 4592 4589 4591
f 4590 4593 4591
f 4592 4591 4594
f 4593 4594 4591
f 4593 4592 4594
f 4595 4592 4593
f 4595 4593 4596
f 4592 4595 4597
f 4597 4595 4596
f 4598 4599 4600
f 4598 4600 4601
f 4599 4598 4602
f 4602 4598 4601
f 4603 4604 4605
f 4603 4605 4606
f 4604 4603 4607
f 4607 4603 4606
f 4608 4609 4610
f 4608 4610 4611
f 4609 4608 4612
f 4612 4608 4611
f 4613 4614 4615
f 4613 4615 4616
f 4614 4613 4617
f 4617 4613 4616
f 4618 4619 4620
f 4618 4620 4621
f 4619 4618 4622
f 4622 4618 4621
f 4623 4624 4625
f 4623 4625 4626
f 4624 4623 4627
f 4627 4623 4626
f 4628 4629 4630
f 4628 4630 4631
f 4629 4628 4632
f 4632 4628 4631
f 4633 4634 4635
f 4633 4635 4636
f 4634 4633 4637
f 4637 4633 4636
f 4638 4639 4640
f 4638 4640 4641
f 4639 4638 4642
f 4642 4638 4641
f 4643 4644 4645
f 4643 4645 4646
f 4644 4643 4647
f 4647 4643 4646
f 4648 4649 4650
f 4648 4650 4651
f 4649 4648 4652
f 4652 4648 4651
f 4653 4654 4655
f 4653 4655 4656
f 4654 4653 4657
f 4657 4653 4656
f 4658 4659 4660
f 4658 4660 4661
f 4659 4658 4662
f 4662 4658 4661
f 4663 4664 4665
f 4663 4665 4666
f 4664 4663 4667
f 4667 4663 4666
f 4668 4669 4670
f 4668 4670 4671
f 4669 4668 4672
f 4672 4668 4671
f 4673 4674 4675
f 4673 4675 4676
f 4674 4673 4677
f 4677 4673 4676
f 4678 4679 4680
f 4678 4680 4681
f 4679 4678 4682
f 4682 4678 4681
f 4683 4684 4685
f 4683 4685 4686
f 4684 4683 4687
f 4687 4683 4686
f 4688 4689 4690
f 4688 4690 4691
f 4689 4688 4692
f 4692 4688 4691
f 4693 4694 4695
f 4693 4695 4696
f 4694 4693 4697
f 4697 4693 4696
f 4698 4699 4700
f 4698 4700 4701
f 4699 4698 4702
f 4702 4698 4701
f 4703 4704 4705
f 4703 4705 4706
f 4704 4703 4707
f 4707 4703 4706
f 4708 4709 4710
f 4708 4710 4711
f 4709 4708 4712
f 4712 4708 4711
f 4713 4714 4715
f 4713 4715 4716
f 4714 4713 4717
f 4717 4713 4716
f 4718 4719 4720
f 4718 4720 4721
f 4719 4718 4722
f 4722 4718 4721
f 4723 4724 4725
f 4723 4725 4726
f 4724 4723 4727
f 4727 4723 4726
f 4728 4729 4730
f 4728 4730 4731
f 4729 4728 4732
f 4732 4728 4731
f 4733 4734 4735
f 4733 4735 4736
f 4734 4733 4737
f 4737 4733 4736
f 4738 4739 4740
f 4738 4740 4741
f 4739 4738 4742
f 4742 4738 4741
f 4743 4744 4745
f 4743 4745 4746
f 4744 4743 4747
f 4747 4743 4746
f 4748 4749 4750
f 4748 4750 4751
f 4749 4748 4752
f 4752 4748 4751
f 4753 4754 4755
f 4753 4755 4756
f 4754 4753 4757
f 4757 4753 4756
f 4758 4759 4760
f 4758 4760 4761
f 4759 4758 4762
f 4762 4758 4761
f 4763 4764 4765
f 4763 4765 4766
f 4764 4763 4767
f 4767 4763 4766
f 4768 4769 4770
f 4768 4770 4771
f 4769 4768 4772
f 4772 4768 4771
f 4773 4774 4775
f 4773 4775 4776
f 4774 4773 4777
f 4777 4773 4776
f 4778 4779 4780
f 4778 4780 4781
f 4779 4778 4782
f 4782 4778 4781
f 4783 4784 4785
f 4783 4785 4786
f 4784 4783 4787
f 4787 4783 4786
f 4788 4789 4790
f 4788 4790 4791
f 4789 4788 4792
f 4792 4788 4791
f 4793 4794 4795
f 4793 4795 4796
f 4794 4793 4797
f 4797 4793 4796
f 4798 4799 4800
f 4798 4800 4801
f 4799 4798 4802
f 4802 4798 4801
f 4803 4804 4805
f 4803 4805 4806
f 4804 4803 4807
f 4807 4803 4806
f 4808 4809 4810
f 4808 4810 4811
f 4809 4808 4812
f 4812 4808 4811
f 4813 4814 4815
f 4813 4815 4816
f 4814 4813 4817
f 4817 4813 4816
f 4818 4819 4820
f 4818 4820 4821
f 4819 4818 4822
f 4822 4818 4821
f 4823 4824 4825
f 4823 4825 4826
f 4824 4823 4827
f 4827 4823 4826
f 4828 4829 4830
f 4828 4830 4831
f 4829 4828 4832
f 4832 4828 4831
f 4833 4834 4835
f 4833 4835 4836
f 4834 4833 4837
f 4837 4833 4836
f 4838 4839 4840
f 4838 4840 4841
f 4839 4838 4842
f 4842 4838 4841
f 4843 4844 4845
f 4843 4845 4846
f 4844 4843 4847
f 4847 4843 4846
f 4848 4849 4850
f 4848 4850 4851
f 4849 4848 4852
f 4852 4848 4851
f 4853 4854 4855
f 4853 4855 4856
f 4854 4853 4857
f 4857 4853 4856
f 4858 4859 4860
f 4858 4860 4861
f 4859 4858 4862
f 4862 4858 4861
f 4863 4864 4865
f 4863 4865 4866
f 4864 4863 4867
f 4867 4863 4866
f 4868 4869 4870
f 4868 4870 4871
f 4869 4868 4872
f 4872 4868 4871
f 4873 4874 4875
f 4873 4875 4876
f 4874 4873 4877
f 4877 4873 4876
f 4878 4879 4880
f 4878 4880 4881
f 4879 4878 4882
f 4882 4878 4881
f 4883 4884 4885
f 4883 4885 4886
f 4884 4883 4887
f 4887 4883 4886
f 4888 4889 4890
f 4888 4890 4891
f 4889 4888 4892
f 4892 4888 4891
f 4893 4894 4895
f 4893 4895 4896
f 4894 4893 4897
f 4897 4893 4896
f 4898 4899 4900
f 4898 4900 4901
f 4899 4898 4902
f 4902 4898 4901
f 4903 4904 4905
f 4903 4905 4906
f 4904 4903 4907
f 4907 4903 4906
f 4908 4909 4910
f 4908 4910 4911
f 4909 4908 4912
f 4912 4908 4911
f 4913 4914 4915
f 4913 4915 4916
f 4914 4913 4917
f 4917 4913 4916
f 4918 4919 4920
f 4918 4920 4921
f 4919 4918 4922
f 4922 4918 4921
f 4923 4924 4925
f 4923 4925 4926
f 4924 4923 4927
f 4927 4923 4926
f 4928 4929 4930
f 4928 4930 4931
f 4929 4928 4932
f 4932 4928 4931
f 4933 4934 4935
f 4933 4935 4936
f 4934 4933 4937
f 4937 4933 4936
f 4938 4939 4940
f 4938 4940 4941
f 4939 4938 4942
f 4942 4938 4941
f 4943 4944 4945
f 4943 4945 4946
f 4944 4943 4947
f 4947 4943 4946
f 4948 4949 4950
f 4948 4950 4951
f 4949 4948 4952
f 4952 4948 4951
f 4953 4954 4955
f 4953 4955 4956
f 4954 4953 4957
f 4957 4953 4956
f 4958 4959 4960
f 4958 4960 4961
f 4959 4958 4962
f 4962 4958 4961
f 4963 4964 4965
f 4963 4965 4966
f 4964 4963 4967
f 4967 4963 4966
f 4968 4969 4970
f 4968 4970 4971
f 4969 4968 4972
f 4972 4968 4971
f 4973 4974 4975
f 4973 4975 4976
f 4974 4973 4977
f 4977 4973 4976
f 4978 4979 4980
f 4978 4980 4981
f 4979 4978 4982
f 4982 4978 4981
f 4983 4984 4985
f 4983 4985 4986
f 4984 4983 4987
f 4987 4983 4986
f 4988 4989 4990
f 4988 4990 4991
f 4989 4988 4992
f 4992 4988 4991
f 4993 4994 4995
f 4993 4995 4996
f 4994 4993 4997
f 4997 4993 4996
f 4998 4999 5000
f 4998 5000 5001
f 4999 4998 5002
f 5002 4998 5001
f 5003 5004 5005
f 5003 5005 5006
f 5004 5003 5007
f 5007 5003 5006
f 5008 5009 5010
f 5008 5010 5011
f 5009 5008 5012
f 5012 5008 5011
f 5013 5014 5015
f 5013 5015 5016
f 5014 5013 5017
f 5017 5013 5016
f 5018 5019 5020
f 5018 5020 5021
f 5019 5018 5022
f 5022 5018 5021
f 5023 5024 5025
f 5023 5025 5026
f 5024 5023 5027
f 5027 5023 5026
f 5028 5029 5030
f 5028 5030 5031
f 5029 5028 5032
f 5032 5028 5031
f 5033 5034 5035
f 5033 5035 5036
f 5034 5033 5037
f 5037 5033 5036
f 5038 5039 5040
f 5038 5040 5041
f 5039 5038 5042
f 5042 5038 5041
f 5043 5044 5045
f 5043 5045 5046
f 5044 5043 5047
f 5047 5043 5046
f 5048 5049 5050
f 5048 5050 5051
f 5049 5048 5052
f 5052 5048 5051
f 5053 5054 5055
f 5053 5055 5056
f 5054 5053 5057
f 5057 5053 5056
f 5058 5059 5060
f 5058 5060 5061
f 5059 5058 5062
f 5062 5058 5061
f 5063 5064 5065
f 5063 5065 5066
f 5064 5063 5067
f 5067 5063 5066
f 5068 5069 5070
f 5068 5070 5071
f 5069 5068 5072
f 5072 5068 5071
f 5073 5074 5075
f 5073 5075 5076
f 5074 5073 5077
f 5077 5073 5076
f 5078 5079 5080
f 5078 5080 5081
f 5079 5078 5082
f 5082 5078 5081
f 5083 5084 5085
f 5083 5085 5086
f 5084 5083 5087
f 5087 5083 5086
f 5088 5089 5090
f 5088 5090 5091
f 5089 5088 5092
f 5092 5088 5091
f 5093 5094 5095
f 5093 5095 5096
f 5094 5093 5097
f 5097 5093 5096
f 5098 5099 5100
f 5098 5100 5101
f 5099 5098 5102
f 5102 5098 5101
f 5103 5104 5105
f 5103 5105 5106
f 5104 5103 5107
f 5107 5103 5106
f 5108 5109 5110
f 5108 5110 5111
f 5109 5108 5112
f 5112 5108 5111
f 5113 5114 5115
f 5113 5115 5116
f 5114 5113 5117
f 5117 5113 5116
f 5118 5119 5120
f 5118 5120 5121
f 5119 5118 5122
f 5122 5118 5121
f 5123 5124 5125
f 5123 5125 5126
f 5124 5123 5127
f 5127 5123 5126
f 5128 5129 5130
f 5128 5130 5131
f 5129 5128 5132
f 5132 5128 5131
f 5133 5134 5135
f 5133 5135 5136
f 5134 5133 5137
f 5137 5133 5136
f 5138 5139 5140
f 5138 5140 5141
f 5139 5138 5142
f 5142 5138 5141
f 5143 5144 5145
f 5143 5145 5146
f 5144 5143 5147
f 5147 5143 5146
f 5148 5149 5150
f 5148 5150 5151
f 5149 5148 5152
f 5152 5148 5151
f 5153 5154 5155
f 5153 5155 5156
f 5154 5153 5157
f 5157 5153 5156
f 5158 5159 5160
f 5158 5160 5161
f 5159 5158 5162
f 5162 5158 5161
f 5163 5164 5165
f 5166 5163 5165
f 5163 5167 5164
f 5167 5163 5166
f 5168 5169 5170
f 5168 5170 5171
f 5169 5168 5172
f 5172 5168 5171
f 5173 5174 5175
f 5173 5175 5176
f 5174 5173 5177
f 5177 5173 5176
f 5178 5179 5180
f 5178 5180 5181
f 5179 5178 5182
f 5182 5178 5181
f 5183 5184 5185
f 5186 5183 5185
f 5183 5187 5184
f 5187 5183 5186
f 5188 5189 5190
f 5188 5190 5191
f 5189 5188 5192
f 5192 5188 5191
f 5193 5194 5195
f 5193 5196 5194
f 5197 5193 5195
f 5193 5198 5196
f 5197 5195 5199
f 5198 5200 5196
f 5201 5197 5199
f 5198 5202 5200
f 5201 5199 5203
f 5202 5204 5200
f 5205 5201 5203
f 5202 5206 5204
f 5205 5203 5207
f 5206 5208 5204
f 5209 5205 5207
f 5206 5210 5208
f 5209 5207 5211
f 5210 5212 5208
f 5213 5209 5211
f 5210 5214 5212
f 5213 5211 5215
f 5214 5216 5212
f 5217 5213 5215
f 5214 5218 5216
f 5218 5219 5216
f 5218 5220 5219
f 5217 5215 5221
f 5222 5217 5221
f 5223 5222 5221
f 5223 5221 5224
f 5225 5223 5224
f 5225 5224 5226
f 5227 5225 5226
f 5227 5226 5228
f 5229 5227 5228
f 5229 5228 5230
f 5231 5229 5230
f 5231 5230 5232
f 5233 5231 5232
f 5233 5232 5234
f 5235 5233 5234
f 5235 5234 5236
f 5237 5235 5236
f 5237 5236 5238
f 5237 5238 5239
f 5240 5237 5239
f 5240 5239 5241
f 5242 5240 5241
f 5242 5241 5243
f 5244 5242 5243
f 5244 5243 5245
f 5246 5244 5245
f 5246 5245 5247
f 5248 5246 5247
f 5248 5247 5249
f 5250 5248 5249
f 5250 5249 5251
f 5252 5250 5251
f 5251 5253 5252
f 5253 5254 5252
f 5253 5255 5254
f 5255 5256 5254
f 5255 5220 5256
f 5220 5255 5219
f 5257 5258 5259
f 5257 5260 5258
f 5261 5257 5259
f 5257 5262 5260
f 5261 5259 5263
f 5262 5264 5260
f 5265 5261 5263
f 5262 5266 5264
f 5265 5263 5267
f 5266 5268 5264
f 5269 5265 5267
f 5266 5270 5268
f 5269 5267 5271
f 5270 5272 5268
f 5273 5269 5271
f 5270 5274 5272
f 5273 5271 5275
f 5274 5276 5272
f 5277 5273 5275
f 5274 5278 5276
f 5277 5275 5279
f 5278 5280 5276
f 5281 5277 5279
f 5278 5282 5280
f 5282 5283 5280
f 5282 5284 5283
f 5281 5279 5285
f 5286 5281 5285
f 5287 5286 5285
f 5287 5285 5288
f 5289 5287 5288
f 5289 5288 5290
f 5291 5289 5290
f 5291 5290 5292
f 5293 5291 5292
f 5293 5292 5294
f 5295 5293 5294
f 5295 5294 5296
f 5297 5295 5296
f 5297 5296 5298
f 5299 5297 5298
f 5299 5298 5300
f 5301 5299 5300
f 5301 5300 5302
f 5301 5302 5303
f 5304 5301 5303
f 5304 5303 5305
f 5306 5304 5305
f 5306 5305 5307
f 5308 5306 5307
f 5308 5307 5309
f 5310 5308 5309
f 5310 5309 5311
f 5312 5310 5311
f 5312 5311 5313
f 5314 5312 5313
f 5314 5313 5315
f 5316 5314 5315
f 5315 5317 5316
f 5317 5318 5316
f 5317 5319 5318
f 5319 5320 5318
f 5319 5284 5320
f 5284 5319 5283
f 5321 5322 5323
f 5321 5324 5322
f 5325 5321 5323
f 5321 5326 5324
f 5325 5323 5327
f 5326 5328 5324
f 5329 5325 5327
f 5326 5330 5328
f 5329 5327 5331
f 5330 5332 5328
f 5333 5329 5331
f 5330 5334 5332
f 5333 5331 5335
f 5334 5336 5332
f 5337 5333 5335
f 5334 5338 5336
f 5337 5335 5339
f 5338 5340 5336
f 5341 5337 5339
f 5338 5342 5340
f 5341 5339 5343
f 5342 5344 5340
f 5345 5341 5343
f 5342 5346 5344
f 5346 5347 5344
f 5346 5348 5347
f 5345 5343 5349
f 5350 5345 5349
f 5351 5350 5349
f 5351 5349 5352
f 5353 5351 5352
f 5353 5352 5354
f 5355 5353 5354
f 5355 5354 5356
f 5357 5355 5356
f 5357 5356 5358
f 5359 5357 5358
f 5359 5358 5360
f 5361 5359 5360
f 5361 5360 5362
f 5363 5361 5362
f 5363 5362 5364
f 5365 5363 5364
f 5365 5364 5366
f 5365 5366 5367
f 5368 5365 5367
f 5368 5367 5369
f 5370 5368 5369
f 5370 5369 5371
f 5372 5370 5371
f 5372 5371 5373
f 5374 5372 5373
f 5374 5373 5375
f 5376 5374 5375
f 5376 5375 5377
f 5378 5376 5377
f 5378 5377 5379
f 5380 5378 5379
f 5379 5381 5380
f 5381 5382 5380
f 5381 5383 5382
f 5383 5384 5382
f 5383 5348 5384
f 5348 5383 5347
f 5385 5386 5387
f 5385 5388 5386
f 5389 5385 5387
f 5385 5390 5388
f 5389 5387 5391
f 5390 5392 5388
f 5393 5389 5391
f 5390 5394 5392
f 5393 5391 5395
f 5394 5396 5392
f 5397 5393 5395
f 5394 5398 5396
f 5397 5395 5399
f 5398 5400 5396
f 5401 5397 5399
f 5398 5402 5400
f 5401 5399 5403
f 5402 5404 5400
f 5405 5401 5403
f 5402 5406 5404
f 5405 5403 5407
f 5406 5408 5404
f 5409 5405 5407
f 5406 5410 5408
f 5410 5411 5408
f 5410 5412 5411
f 5409 5407 5413
f 5414 5409 5413
f 5415 5414 5413
f 5415 5413 5416
f 5417 5415 5416
f 5417 5416 5418
f 5419 5417 5418
f 5419 5418 5420
f 5421 5419 5420
f 5421 5420 5422
f 5423 5421 5422
f 5423 5422 5424
f 5425 5423 5424
f 5425 5424 5426
f 5427 5425 5426
f 5427 5426 5428
f 5429 5427 5428
f 5429 5428 5430
f 5429 5430 5431
f 5432 5429 5431
f 5432 5431 5433
f 5434 5432 5433
f 5434 5433 5435
f 5436 5434 5435
f 5436 5435 5437
f 5438 5436 5437
f 5438 5437 5439
f 5440 5438 5439
f 5440 5439 5441
f 5442 5440 5441
f 5442 5441 5443
f 5444 5442 5443
f 5443 5445 5444
f 5445 5446 5444
f 5445 5447 5446
f 5447 5448 5446
f 5447 5412 5448
f 5412 5447 5411
f 5449 5450 5451
f 5452 5450 5449
f 5450 5453 5451
f 5450 5452 5453
