# ROS coordinates: X forward, Y left, Z up; units are metres.
o mesh
v -0.113749996 0.06300001 0.167001337
v -0.113749996 0.0580000058 0.167001337
v -0.113771111 0.0580000058 0.167228758
v -0.113777786 0.0605000034 0.167261988
v -0.113771111 0.06300001 0.167228758
v -0.113838285 0.0580000058 0.167461365
v -0.113838285 0.06300001 0.167461365
v -0.113866478 0.0605000034 0.167526886
v -0.113954484 0.0580000058 0.167685121
v -0.113954484 0.06300001 0.167685121
v -0.114018887 0.0605000034 0.167774528
v -0.114117086 0.0580000058 0.167884842
v -0.114117086 0.06300001 0.167884842
v -0.114227593 0.0605000034 0.167982772
v -0.114317119 0.0580000058 0.168046981
v -0.114317119 0.06300001 0.168046981
v -0.114475563 0.0605000034 0.16813466
v -0.114541143 0.0580000058 0.168162718
v -0.114541143 0.06300001 0.168162718
v -0.11474067 0.0605000034 0.1682228
v -0.114773884 0.0580000058 0.168229371
v -0.115001351 0.0605000034 0.16825
v -0.114773884 0.06300001 0.168229371
v -0.115001351 0.0580000058 0.16825
v -0.115001351 0.06300001 0.16825
v -0.115228787 0.0580000058 0.1682289
v -0.115228787 0.06300001 0.1682289
v -0.115262 0.0605000034 0.168222249
v -0.115461379 0.0580000058 0.16816175
v -0.115461379 0.06300001 0.16816175
v -0.115461379 0.0605000034 0.16816175
v -0.11565432 0.0605000034 0.1680651
v -0.115685135 0.0580000058 0.1680455
v -0.115685135 0.06300001 0.1680455
v -0.115831077 0.0605000034 0.1679337
v -0.11588484 0.0580000058 0.167882934
v -0.11588484 0.06300001 0.167882934
v -0.1159828 0.0605000034 0.167772412
v -0.116046965 0.0580000058 0.167682886
v -0.116046965 0.06300001 0.167682886
v -0.116102591 0.0605000034 0.167588934
v -0.116162747 0.0580000058 0.167458862
v -0.116162747 0.06300001 0.167458862
v -0.116186753 0.0605000034 0.167392626
v -0.11622937 0.0580000058 0.167226136
v -0.11622937 0.06300001 0.167226136
v -0.116235018 0.0605000034 0.167193025
v -0.116250008 0.0580000058 0.166998655
v -0.116250008 0.06300001 0.166998655
v -0.116228908 0.0580000058 0.166771218
v -0.116222262 0.0605000034 0.166738033
v -0.116228908 0.06300001 0.166771218
v -0.116161764 0.0580000058 0.166538641
v -0.116161764 0.06300001 0.166538641
v -0.116133541 0.0605000034 0.166473135
v -0.116045505 0.0580000058 0.16631487
v -0.116045505 0.06300001 0.16631487
v -0.115981147 0.0605000034 0.166225463
v -0.115882933 0.0580000058 0.166115165
v -0.115882933 0.06300001 0.166115165
v -0.115772456 0.0605000034 0.1660172
v -0.115682885 0.0580000058 0.165953025
v -0.115682885 0.06300001 0.165953025
v -0.115524456 0.0605000034 0.165865332
v -0.115458876 0.0580000058 0.165837273
v -0.115458876 0.06300001 0.165837273
v -0.115259379 0.0605000034 0.1657772
v -0.11522615 0.0580000058 0.16577062
v -0.114998668 0.0605000034 0.165750012
v -0.11522615 0.06300001 0.16577062
v -0.114998668 0.0580000058 0.165750012
v -0.114998668 0.06300001 0.165750012
v -0.114771247 0.0580000058 0.165771112
v -0.114771247 0.06300001 0.165771112
v -0.114738017 0.0605000034 0.165777743
v -0.11453864 0.0580000058 0.165838256
v -0.11453864 0.06300001 0.165838256
v -0.11453864 0.0605000034 0.165838256
v -0.114345729 0.0605000034 0.16593492
v -0.114314884 0.0580000058 0.1659545
v -0.114314884 0.06300001 0.1659545
v -0.114168927 0.0605000034 0.166066289
v -0.114115149 0.0580000058 0.166117072
v -0.114115149 0.06300001 0.166117072
v -0.114017233 0.0605000034 0.166227579
v -0.113953054 0.0580000058 0.1663171
v -0.113953054 0.06300001 0.1663171
v -0.113897458 0.0605000034 0.166411072
v -0.113837287 0.0580000058 0.166541129
v -0.113837287 0.06300001 0.166541129
v -0.113813251 0.0605000034 0.16660738
v -0.113770634 0.0580000058 0.166773856
v -0.113770634 0.06300001 0.166773856
v -0.113764986 0.0605000034 0.166806981
v -0.113749996 0.0580000058 0.167001337
v -0.113749996 0.06300001 0.167001337
v -0.107250005 0.06300001 0.1670083
v -0.107250005 0.0600000024 0.1670083
v -0.107296452 0.0600000024 0.167508632
v -0.107311085 0.0615 0.1675817
v -0.107296452 0.06300001 0.167508632
v -0.107444167 0.0600000024 0.168020353
v -0.107444167 0.06300001 0.168020353
v -0.107506216 0.0615 0.168164447
v -0.107699886 0.0600000024 0.168512657
v -0.107699886 0.06300001 0.168512657
v -0.107841522 0.0615 0.1687093
v -0.108057529 0.0600000024 0.168951973
v -0.108057529 0.06300001 0.168951973
v -0.108300686 0.0615 0.169167474
v -0.108497649 0.0600000024 0.169308692
v -0.108497649 0.06300001 0.169308692
v -0.108846247 0.0615 0.169501618
v -0.10899049 0.0600000024 0.169563353
v -0.10899049 0.06300001 0.169563353
v -0.109429419 0.0615 0.169695511
v -0.109502524 0.0600000024 0.169709966
v -0.110002965 0.0615 0.16975534
v -0.109502524 0.06300001 0.169709966
v -0.110002965 0.0600000024 0.16975534
v -0.110002965 0.06300001 0.16975534
v -0.110503316 0.0600000024 0.169708908
v -0.110503316 0.06300001 0.169708908
v -0.110576361 0.0615 0.169694275
v -0.111015022 0.0600000024 0.169561192
v -0.111015022 0.06300001 0.169561192
v -0.111015022 0.0615 0.169561192
v -0.111439437 0.0615 0.169348538
v -0.1115073 0.0600000024 0.169305474
v -0.1115073 0.06300001 0.169305474
v -0.111828387 0.0615 0.1690595
v -0.111946642 0.0600000024 0.168947816
v -0.111946642 0.06300001 0.168947816
v -0.112162143 0.0615 0.168704689
v -0.112303376 0.0600000024 0.16850771
v -0.112303376 0.06300001 0.16850771
v -0.112425655 0.0615 0.168301016
v -0.112558022 0.0600000024 0.168014869
v -0.112558022 0.06300001 0.168014869
v -0.112610847 0.0615 0.167869091
v -0.112704635 0.0600000024 0.167502865
v -0.112704635 0.06300001 0.167502865
v -0.112717018 0.0615 0.167430013
v -0.112750009 0.0600000024 0.1670024
v -0.112750009 0.06300001 0.1670024
v -0.112703547 0.0600000024 0.166502059
v -0.112688929 0.0615 0.166429013
v -0.112703547 0.06300001 0.166502059
v -0.112555861 0.0600000024 0.165990368
v -0.112555861 0.06300001 0.165990368
v -0.1124938 0.0615 0.165846258
v -0.112300128 0.0600000024 0.165498063
v -0.112300128 0.06300001 0.165498063
v -0.112158492 0.0615 0.165301383
v -0.11194247 0.0600000024 0.165058732
v -0.11194247 0.06300001 0.165058732
v -0.111699343 0.0615 0.164843231
v -0.111502349 0.0600000024 0.164702
v -0.111502349 0.06300001 0.164702
v -0.111153767 0.0615 0.164509088
v -0.111009538 0.0600000024 0.164447352
v -0.111009538 0.06300001 0.164447352
v -0.11057061 0.0615 0.164315209
v -0.110497534 0.0600000024 0.16430074
v -0.109997064 0.0615 0.164255351
v -0.110497534 0.06300001 0.16430074
v -0.109997064 0.0600000024 0.164255351
v -0.109997064 0.06300001 0.164255351
v -0.109496728 0.0600000024 0.1643018
v -0.109496728 0.06300001 0.1643018
v -0.109423652 0.0615 0.164316431
v -0.108984992 0.0600000024 0.164449528
v -0.108984992 0.06300001 0.164449528
v -0.108984992 0.0615 0.164449528
v -0.108560562 0.0615 0.164662167
v -0.108492717 0.0600000024 0.164705217
v -0.108492717 0.06300001 0.164705217
v -0.108171642 0.0615 0.1649512
v -0.108053386 0.0600000024 0.1650629
v -0.108053386 0.06300001 0.1650629
v -0.107837915 0.0615 0.165306017
v -0.107696682 0.0600000024 0.165503
v -0.107696682 0.06300001 0.165503
v -0.107574373 0.0615 0.1657097
v -0.107442021 0.0600000024 0.165995821
v -0.107442021 0.06300001 0.165995821
v -0.107389182 0.0615 0.166141614
v -0.107295394 0.0600000024 0.16650784
v -0.107295394 0.06300001 0.16650784
v -0.107282996 0.0615 0.166580692
v -0.107250005 0.0600000024 0.1670083
v -0.107250005 0.06300001 0.1670083
v -0.117250025 0.06300001 0.1669976
v -0.117250025 0.0600000024 0.1669976
v -0.117296457 0.0600000024 0.167497933
v -0.11731109 0.0615 0.167571008
v -0.117296457 0.06300001 0.167497933
v -0.117444158 0.0600000024 0.168009639
v -0.117444158 0.06300001 0.168009639
v -0.117506221 0.0615 0.168153748
v -0.117699891 0.0600000024 0.168501943
v -0.117699891 0.06300001 0.168501943
v -0.117841542 0.0615 0.168698624
v -0.118057549 0.0600000024 0.168941259
v -0.118057549 0.06300001 0.168941259
v -0.118300676 0.0615 0.16915676
v -0.11849764 0.0600000024 0.169298
v -0.11849764 0.06300001 0.169298
v -0.118846253 0.0615 0.1694909
v -0.118990466 0.0600000024 0.169552624
v -0.118990466 0.06300001 0.169552624
v -0.119429424 0.0615 0.1696848
v -0.119502515 0.0600000024 0.169699281
v -0.120002955 0.0615 0.169744655
v -0.119502515 0.06300001 0.169699281
v -0.120002955 0.0600000024 0.169744655
v -0.120002955 0.06300001 0.169744655
v -0.120503291 0.0600000024 0.169698179
v -0.120503291 0.06300001 0.169698179
v -0.120576352 0.0615 0.169683561
v -0.121015012 0.0600000024 0.169550478
v -0.121015012 0.06300001 0.169550478
v -0.121015012 0.0615 0.169550478
v -0.121439457 0.0615 0.169337839
v -0.121507287 0.0600000024 0.16929476
v -0.121507287 0.06300001 0.16929476
v -0.121828392 0.0615 0.1690488
v -0.121946633 0.0600000024 0.168937087
v -0.121946633 0.06300001 0.168937087
v -0.122162133 0.0615 0.16869399
v -0.122303367 0.0600000024 0.168497026
v -0.122303367 0.06300001 0.168497026
v -0.122425646 0.0615 0.168290287
v -0.122558 0.0600000024 0.16800417
v -0.122558 0.06300001 0.16800417
v -0.122610837 0.0615 0.167858392
v -0.122704625 0.0600000024 0.167492151
v -0.122704625 0.06300001 0.167492151
v -0.122717023 0.0615 0.167419314
v -0.122750014 0.0600000024 0.1669917
v -0.122750014 0.06300001 0.1669917
v -0.122703567 0.0600000024 0.166491345
v -0.122688919 0.0615 0.166418284
v -0.122703567 0.06300001 0.166491345
v -0.122555852 0.0600000024 0.165979654
v -0.122555852 0.06300001 0.165979654
v -0.1224938 0.0615 0.165835544
v -0.122300148 0.0600000024 0.165487349
v -0.122300148 0.06300001 0.165487349
v -0.122158483 0.0615 0.165290684
v -0.121942461 0.0600000024 0.165048018
v -0.121942461 0.06300001 0.165048018
v -0.121699333 0.0615 0.164832532
v -0.12150237 0.0600000024 0.1646913
v -0.12150237 0.06300001 0.1646913
v -0.121153772 0.0615 0.164498374
v -0.121009544 0.0600000024 0.164436653
v -0.121009544 0.06300001 0.164436653
v -0.1205706 0.0615 0.1643045
v -0.120497495 0.0600000024 0.164290011
v -0.119997054 0.0615 0.164244637
v -0.120497495 0.06300001 0.164290011
v -0.119997054 0.0600000024 0.164244637
v -0.119997054 0.06300001 0.164244637
v -0.119496733 0.0600000024 0.1642911
v -0.119496733 0.06300001 0.1642911
v -0.119423658 0.0615 0.164305732
v -0.118985012 0.0600000024 0.164438814
v -0.118985012 0.06300001 0.164438814
v -0.118985012 0.0615 0.164438814
v -0.118560582 0.0615 0.164651453
v -0.118492723 0.0600000024 0.1646945
v -0.118492723 0.06300001 0.1646945
v -0.118171632 0.0615 0.164940491
v -0.118053377 0.0600000024 0.165052176
v -0.118053377 0.06300001 0.165052176
v -0.117837906 0.0615 0.165295318
v -0.117696658 0.0600000024 0.1654923
v -0.117696658 0.06300001 0.1654923
v -0.117574364 0.0615 0.16569899
v -0.117441982 0.0600000024 0.165985122
v -0.117441982 0.06300001 0.165985122
v -0.117389172 0.0615 0.166130915
v -0.117295384 0.0600000024 0.166497141
v -0.117295384 0.06300001 0.166497141
v -0.117282987 0.0615 0.16657
v -0.117250025 0.0600000024 0.1669976
v -0.117250025 0.06300001 0.1669976
v -0.108350009 0.0600000024 0.167007118
v -0.108350009 0.0580000058 0.167007118
v -0.108377874 0.0580000058 0.167307332
v -0.108386666 0.059 0.167351156
v -0.108377874 0.0600000024 0.167307332
v -0.108466506 0.0580000058 0.167614356
v -0.108466506 0.0600000024 0.167614356
v -0.108503729 0.059 0.167700812
v -0.108619928 0.0580000058 0.167909741
v -0.108619928 0.0600000024 0.167909741
v -0.108704925 0.059 0.168027729
v -0.108834535 0.0580000058 0.168173343
v -0.108834535 0.0600000024 0.168173343
v -0.1089804 0.059 0.168302625
v -0.109098613 0.0580000058 0.168387368
v -0.109098613 0.0600000024 0.168387368
v -0.109307766 0.059 0.168503121
v -0.1093943 0.0580000058 0.16854015
v -0.1093943 0.0600000024 0.16854015
v -0.10965766 0.059 0.168619454
v -0.109701514 0.0580000058 0.168628126
v -0.110001773 0.059 0.168655366
v -0.109701514 0.0600000024 0.168628126
v -0.110001773 0.0580000058 0.168655366
v -0.110001773 0.0600000024 0.168655366
v -0.110302 0.0580000058 0.168627486
v -0.110302 0.0600000024 0.168627486
v -0.110345811 0.059 0.168618709
v -0.110609025 0.0580000058 0.168538854
v -0.110609025 0.0600000024 0.168538854
v -0.110609025 0.059 0.168538854
v -0.110863686 0.059 0.16841127
v -0.110904381 0.0580000058 0.168385416
v -0.110904381 0.0600000024 0.168385416
v -0.111097038 0.059 0.168237835
v -0.111168 0.0580000058 0.168170825
v -0.111168 0.0600000024 0.168170825
v -0.11129728 0.059 0.168024957
v -0.111382023 0.0580000058 0.167906776
v -0.111382023 0.0600000024 0.167906776
v -0.111455381 0.059 0.167782739
v -0.111534804 0.0580000058 0.167611063
v -0.111534804 0.0600000024 0.167611063
v -0.111566514 0.059 0.167523608
v -0.111622781 0.0580000058 0.167303845
v -0.111622781 0.0600000024 0.167303845
v -0.111630216 0.059 0.16726014
v -0.111650005 0.0580000058 0.167003587
v -0.111650005 0.0600000024 0.167003587
v -0.111622125 0.0580000058 0.166703358
v -0.111613363 0.059 0.166659534
v -0.111622125 0.0600000024 0.166703358
v -0.111533523 0.0580000058 0.16639635
v -0.111533523 0.0600000024 0.16639635
v -0.1114963 0.059 0.1663099
v -0.1113801 0.0580000058 0.166101
v -0.1113801 0.0600000024 0.166101
v -0.111295104 0.059 0.165982977
v -0.111165479 0.0580000058 0.165837377
v -0.111165479 0.0600000024 0.165837377
v -0.111019626 0.059 0.1657081
v -0.11090143 0.0580000058 0.165623352
v -0.11090143 0.0600000024 0.165623352
v -0.110692263 0.059 0.1655076
v -0.110605747 0.0580000058 0.165470555
v -0.110605747 0.0600000024 0.165470555
v -0.110342368 0.059 0.165391266
v -0.110298514 0.0580000058 0.1653826
v -0.109998226 0.059 0.165355355
v -0.110298514 0.0600000024 0.1653826
v -0.109998226 0.0580000058 0.165355355
v -0.109998226 0.0600000024 0.165355355
v -0.109698027 0.0580000058 0.16538322
v -0.109698027 0.0600000024 0.16538322
v -0.109654218 0.059 0.165392011
v -0.109391004 0.0580000058 0.165471852
v -0.109391004 0.0600000024 0.165471852
v -0.109391004 0.059 0.165471852
v -0.109136343 0.059 0.165599436
v -0.109095663 0.0580000058 0.165625289
v -0.109095663 0.0600000024 0.165625289
v -0.108902961 0.059 0.165772855
v -0.108832046 0.0580000058 0.165839881
v -0.108832046 0.0600000024 0.165839881
v -0.108702749 0.059 0.165985763
v -0.108618006 0.0580000058 0.166103929
v -0.108618006 0.0600000024 0.166103929
v -0.108544618 0.059 0.166227952
v -0.108465225 0.0580000058 0.166399658
v -0.108465225 0.0600000024 0.166399658
v -0.108433515 0.059 0.1664871
v -0.108377218 0.0580000058 0.16670686
v -0.108377218 0.0600000024 0.16670686
v -0.108369827 0.059 0.16675055
v -0.108350009 0.0580000058 0.167007118
v -0.108350009 0.0600000024 0.167007118
v -0.11835 0.0600000024 0.1669964
v -0.11835 0.0580000058 0.1669964
v -0.118377894 0.0580000058 0.167296618
v -0.118386626 0.059 0.167340457
v -0.118377894 0.0600000024 0.167296618
v -0.118466511 0.0580000058 0.167603642
v -0.118466511 0.0600000024 0.167603642
v -0.118503749 0.059 0.167690113
v -0.118619919 0.0580000058 0.167899013
v -0.118619919 0.0600000024 0.167899013
v -0.118704915 0.059 0.16801703
v -0.118834525 0.0580000058 0.168162629
v -0.118834525 0.0600000024 0.168162629
v -0.118980408 0.059 0.168291926
v -0.119098574 0.0580000058 0.168376639
v -0.119098574 0.0600000024 0.168376639
v -0.119307742 0.059 0.1684924
v -0.1193943 0.0580000058 0.168529451
v -0.1193943 0.0600000024 0.168529451
v -0.119657651 0.059 0.168608725
v -0.119701505 0.0580000058 0.168617412
v -0.120001793 0.059 0.168644637
v -0.119701505 0.0600000024 0.168617412
v -0.120001793 0.0580000058 0.168644637
v -0.120001793 0.0600000024 0.168644637
v -0.120301992 0.0580000058 0.168616772
v -0.120301992 0.0600000024 0.168616772
v -0.120345831 0.059 0.168608
v -0.120609015 0.0580000058 0.16852814
v -0.120609015 0.0600000024 0.16852814
v -0.120609015 0.059 0.16852814
v -0.120863676 0.059 0.168400571
v -0.120904386 0.0580000058 0.168374717
v -0.120904386 0.0600000024 0.168374717
v -0.121097043 0.059 0.168227136
v -0.121167988 0.0580000058 0.168160111
v -0.121167988 0.0600000024 0.168160111
v -0.1212973 0.059 0.168014243
v -0.121382013 0.0580000058 0.167896062
v -0.121382013 0.0600000024 0.167896062
v -0.121455371 0.059 0.16777204
v -0.121534824 0.0580000058 0.167600363
v -0.121534824 0.0600000024 0.167600363
v -0.121566504 0.059 0.1675129
v -0.1216228 0.0580000058 0.167293146
v -0.1216228 0.0600000024 0.167293146
v -0.121630222 0.059 0.167249456
v -0.12165001 0.0580000058 0.166992873
v -0.12165001 0.0600000024 0.166992873
v -0.121622145 0.0580000058 0.166692659
v -0.121613353 0.059 0.166648835
v -0.121622145 0.0600000024 0.166692659
v -0.1215335 0.0580000058 0.166385651
v -0.1215335 0.0600000024 0.166385651
v -0.121496275 0.059 0.1662992
v -0.121380091 0.0580000058 0.16609028
v -0.121380091 0.0600000024 0.16609028
v -0.121295094 0.059 0.165972263
v -0.121165484 0.0580000058 0.165826663
v -0.121165484 0.0600000024 0.165826663
v -0.121019617 0.059 0.165697366
v -0.120901421 0.0580000058 0.165612653
v -0.120901421 0.0600000024 0.165612653
v -0.120692253 0.059 0.165496886
v -0.120605707 0.0580000058 0.165459841
v -0.120605707 0.0600000024 0.165459841
v -0.120342344 0.059 0.165380552
v -0.120298505 0.0580000058 0.165371865
v -0.119998232 0.059 0.165344641
v -0.120298505 0.0600000024 0.165371865
v -0.119998232 0.0580000058 0.165344641
v -0.119998232 0.0600000024 0.165344641
v -0.119698018 0.0580000058 0.1653725
v -0.119698018 0.0600000024 0.1653725
v -0.119654208 0.059 0.1653813
v -0.119390994 0.0580000058 0.165461153
v -0.119390994 0.0600000024 0.165461153
v -0.119390994 0.059 0.165461153
v -0.119136333 0.059 0.165588722
v -0.119095623 0.0580000058 0.165614575
v -0.119095623 0.0600000024 0.165614575
v -0.118902981 0.059 0.165762156
v -0.118832022 0.0580000058 0.165829152
v -0.118832022 0.0600000024 0.165829152
v -0.118702725 0.059 0.165975049
v -0.118618011 0.0580000058 0.16609323
v -0.118618011 0.0600000024 0.16609323
v -0.118544623 0.059 0.166217253
v -0.118465215 0.0580000058 0.166388929
v -0.118465215 0.0600000024 0.166388929
v -0.118433505 0.059 0.1664764
v -0.118377224 0.0580000058 0.166696161
v -0.118377224 0.0600000024 0.166696161
v -0.1183698 0.059 0.166739851
v -0.11835 0.0580000058 0.1669964
v -0.11835 0.0600000024 0.1669964
v -0.130736038 0.06300001 0.164105624
v -0.130736038 0.0580000058 0.164105624
v -0.13023898 0.06300001 0.16442275
v -0.130105764 0.0600000024 0.16449587
v -0.130105764 0.06075 0.16449587
v -0.13023898 0.0580000058 0.16442275
v -0.12981227 0.0580000058 0.164637864
v -0.129610926 0.0600000024 0.164718166
v -0.12949577 0.0580000058 0.164756477
v -0.129610926 0.06075 0.164718166
v -0.129415855 0.0600000024 0.164778784
v -0.129354089 0.0580000058 0.164792314
v -0.129415855 0.06075 0.164778784
v -0.129610926 0.0615 0.164718166
v -0.130105764 0.0615 0.16449587
v -0.129415855 0.0615 0.164778784
v -0.129367769 0.0600000024 0.164789781
v -0.129367769 0.06075 0.164789781
v -0.129367769 0.0615 0.164789781
v -0.129354089 0.06300001 0.164792314
v -0.129353777 0.0605000034 0.164792359
v -0.129367769 0.0618750043 0.164789781
v -0.129353464 0.0580000058 0.164792418
v -0.129415855 0.0618750043 0.164778784
v -0.129610926 0.0618750043 0.164718166
v -0.129353464 0.06300001 0.164792418
v -0.128971845 0.0605000034 0.1648511
v -0.128590211 0.0580000058 0.16490981
v -0.128590211 0.06300001 0.16490981
v -0.129367769 0.0622500032 0.164789781
v -0.129415855 0.0622500032 0.164778784
v -0.130105764 0.0618750043 0.16449587
v -0.129610926 0.0622500032 0.164718166
v -0.129367769 0.0624375045 0.164789781
v -0.129415855 0.0624375045 0.164778784
v -0.130105764 0.0622500032 0.16449587
v -0.129610926 0.0624375045 0.164718166
v -0.129367769 0.0626250058 0.164789781
v -0.129415855 0.0626250058 0.164778784
v -0.130105764 0.0624375045 0.16449587
v -0.129367769 0.0628125 0.164789781
v -0.129415855 0.0628125 0.164778784
v -0.12949577 0.06300001 0.164756477
v -0.129610926 0.0626250058 0.164718166
v -0.129610926 0.0628125 0.164718166
v -0.12981227 0.06300001 0.164637864
v -0.130105764 0.0626250058 0.16449587
v -0.130105764 0.0628125 0.16449587
v -0.12996152 0.0580000058 0.163124129
v -0.130544752 0.0580000058 0.163210422
v -0.130544752 0.06300001 0.163210422
v -0.129756182 0.0600000024 0.1631086
v -0.12996152 0.06300001 0.163124129
v -0.129484117 0.0580000058 0.16310221
v -0.129484117 0.06300001 0.16310221
v -0.129191414 0.0600000024 0.163118109
v -0.129146814 0.0580000058 0.1631233
v -0.129146814 0.06300001 0.1631233
v -0.129051 0.0600000024 0.163138092
v -0.129002869 0.0580000058 0.1631485
v -0.129002869 0.06300001 0.1631485
v -0.129014939 0.0600000024 0.163145557
v -0.129002526 0.0605000034 0.163148567
v -0.129002213 0.06300001 0.163148671
v -0.129002213 0.0580000058 0.163148671
v -0.126029462 0.0580000058 0.155409
v -0.125348508 0.0580000058 0.154797181
v -0.12482594 0.0580000058 0.155070215
v -0.125813723 0.0580000058 0.1559577
v -0.124426812 0.0580000058 0.155333087
v -0.125594929 0.0580000058 0.156382576
v -0.12416634 0.0580000058 0.155548424
v -0.12540862 0.0580000058 0.15666455
v -0.124064267 0.0580000058 0.155653909
v -0.124064684 0.0580000058 0.155653387
v -0.125314608 0.0580000058 0.156777292
v -0.12531507 0.0580000058 0.156776831
v -0.123582289 0.0580000058 0.156257242
v -0.124766141 0.0580000058 0.157320872
v -0.120298505 0.0580000058 0.165371865
v -0.1256283 0.0580000058 0.158276334
v -0.119998232 0.0580000058 0.165344641
v -0.122540325 0.0580000058 0.1555019
v -0.120605707 0.0580000058 0.165459841
v -0.119698018 0.0580000058 0.1653725
v -0.126565129 0.0580000058 0.159562886
v -0.120901421 0.0580000058 0.165612653
v -0.12721464 0.0580000058 0.159145221
v -0.1272098 0.0580000058 0.160676733
v -0.126225173 0.0580000058 0.1577864
v -0.121165484 0.0580000058 0.165826663
v -0.121161178 0.0580000058 0.154707611
v -0.122963786 0.0580000058 0.15485616
v -0.11998494 0.0580000058 0.154185429
v -0.121507227 0.0580000058 0.154017285
v -0.119390994 0.0580000058 0.165461153
v -0.12733 0.0580000058 0.159054473
v -0.127215162 0.0580000058 0.159144863
v -0.126346946 0.0580000058 0.157704443
v -0.12622568 0.0580000058 0.157786
v -0.1275709 0.0580000058 0.15881741
v -0.126646534 0.0580000058 0.157547981
v -0.127873242 0.0580000058 0.15844731
v -0.127091542 0.0580000058 0.157373831
v -0.128198355 0.0580000058 0.157955438
v -0.127659485 0.0580000058 0.157215431
v -0.114998251 0.0580000058 0.16535
v -0.119095623 0.0580000058 0.165614575
v -0.118832022 0.0580000058 0.165829152
v -0.118470818 0.0580000058 0.15369527
v -0.115682885 0.0580000058 0.165953025
v -0.115458876 0.0580000058 0.165837273
v -0.115882933 0.0580000058 0.166115165
v -0.118618011 0.0580000058 0.16609323
v -0.116045505 0.0580000058 0.16631487
v -0.118465215 0.0580000058 0.166388929
v -0.116161764 0.0580000058 0.166538641
v -0.118377224 0.0580000058 0.166696161
v -0.116228908 0.0580000058 0.166771218
v -0.11522615 0.0580000058 0.16577062
v -0.11835 0.0580000058 0.1669964
v -0.116250008 0.0580000058 0.166998655
v -0.11622937 0.0580000058 0.167226136
v -0.118377894 0.0580000058 0.167296618
v -0.116162747 0.0580000058 0.167458862
v -0.118466511 0.0580000058 0.167603642
v -0.116046965 0.0580000058 0.167682886
v -0.118619919 0.0580000058 0.167899013
v -0.11588484 0.0580000058 0.167882934
v -0.114998668 0.0580000058 0.165750012
v -0.118834525 0.0580000058 0.168162629
v -0.114771247 0.0580000058 0.165771112
v -0.11453864 0.0580000058 0.165838256
v -0.115685135 0.0580000058 0.1680455
v -0.114314884 0.0580000058 0.1659545
v -0.115003914 0.0580000058 0.170632347
v -0.115461379 0.0580000058 0.16816175
v -0.119098574 0.0580000058 0.168376639
v -0.115228787 0.0580000058 0.1682289
v -0.115001351 0.0580000058 0.16825
v -0.114773884 0.0580000058 0.168229371
v -0.114541143 0.0580000058 0.168162718
v -0.1193943 0.0580000058 0.168529451
v -0.114317119 0.0580000058 0.168046981
v -0.111165479 0.0580000058 0.165837377
v -0.11090143 0.0580000058 0.165623352
v -0.110605747 0.0580000058 0.165470555
v -0.114115149 0.0580000058 0.166117072
v -0.1113801 0.0580000058 0.166101
v -0.113953054 0.0580000058 0.1663171
v -0.111533523 0.0580000058 0.16639635
v -0.113837287 0.0580000058 0.166541129
v -0.111622125 0.0580000058 0.166703358
v -0.113770634 0.0580000058 0.166773856
v -0.111650005 0.0580000058 0.167003587
v -0.113749996 0.0580000058 0.167001337
v -0.113771111 0.0580000058 0.167228758
v -0.111622781 0.0580000058 0.167303845
v -0.113838285 0.0580000058 0.167461365
v -0.111534804 0.0580000058 0.167611063
v -0.113954484 0.0580000058 0.167685121
v -0.111382023 0.0580000058 0.167906776
v -0.114117086 0.0580000058 0.167884842
v -0.111168 0.0580000058 0.168170825
v -0.110904381 0.0580000058 0.168385416
v -0.110609025 0.0580000058 0.168538854
v -0.115006775 0.0580000058 0.17331022
v -0.110302 0.0580000058 0.168627486
v -0.119701505 0.0580000058 0.168617412
v -0.110001773 0.0580000058 0.168655366
v -0.120001793 0.0580000058 0.168644637
v -0.106417745 0.0580000058 0.177742764
v -0.109701514 0.0580000058 0.168628126
v -0.123605251 0.0580000058 0.177724347
v -0.120301992 0.0580000058 0.168616772
v -0.105233878 0.0580000058 0.176679119
v -0.104371727 0.0580000058 0.175723657
v -0.104685396 0.0580000058 0.1772227
v -0.1093943 0.0580000058 0.16854015
v -0.105935752 0.0580000058 0.1783461
v -0.107459694 0.0580000058 0.1784981
v -0.115009338 0.0580000058 0.175712273
v -0.122564912 0.0580000058 0.178481936
v -0.108838841 0.0580000058 0.179292381
v -0.107036218 0.0580000058 0.179143846
v -0.10343492 0.0580000058 0.1744371
v -0.109098613 0.0580000058 0.168387368
v -0.102785379 0.0580000058 0.1748548
v -0.102790236 0.0580000058 0.173323274
v -0.103774831 0.0580000058 0.176213577
v -0.108834535 0.0580000058 0.168173343
v -0.110015079 0.0580000058 0.179814547
v -0.108492792 0.0580000058 0.179982722
v -0.10267 0.0580000058 0.174945533
v -0.102784842 0.0580000058 0.174855143
v -0.103653073 0.0580000058 0.176295549
v -0.103774309 0.0580000058 0.176214
v -0.102429122 0.0580000058 0.175182611
v -0.1033535 0.0580000058 0.176452011
v -0.102126777 0.0580000058 0.175552711
v -0.102908462 0.0580000058 0.176626161
v -0.101801693 0.0580000058 0.176044554
v -0.102340534 0.0580000058 0.176784575
v -0.106967717 0.0580000058 0.179273665
v -0.10703589 0.0580000058 0.1791444
v -0.108414888 0.0580000058 0.180107117
v -0.108492509 0.0580000058 0.179983288
v -0.1068441 0.0580000058 0.179588228
v -0.108204871 0.0580000058 0.180371925
v -0.106718421 0.0580000058 0.180049285
v -0.107869148 0.0580000058 0.180712029
v -0.106621489 0.0580000058 0.180630878
v -0.107414752 0.0580000058 0.181087732
v -0.129497632 0.0580000058 0.166144013
v -0.129496992 0.0580000058 0.166144043
v -0.129643679 0.0580000058 0.166149288
v -0.12949878 0.0580000058 0.167824924
v -0.128727809 0.0580000058 0.167781055
v -0.1287261 0.0580000058 0.166189551
v -0.129645437 0.0580000058 0.167819321
v -0.129499421 0.0580000058 0.167824939
v -0.1299797 0.0580000058 0.167769134
v -0.129978016 0.0580000058 0.1661988
v -0.130440384 0.0580000058 0.1663195
v -0.130441844 0.0580000058 0.167647421
v -0.130992964 0.0580000058 0.166525155
v -0.130993962 0.0580000058 0.167440578
v -0.12165001 0.0580000058 0.166992873
v -0.121622145 0.0580000058 0.166692659
v -0.1216228 0.0580000058 0.167293146
v -0.128590211 0.0580000058 0.16490981
v -0.128594652 0.0580000058 0.1690611
v -0.1215335 0.0580000058 0.166385651
v -0.121534824 0.0580000058 0.167600363
v -0.128257647 0.0580000058 0.163353443
v -0.121380091 0.0580000058 0.16609028
v -0.129353464 0.0580000058 0.164792418
v -0.128265455 0.0580000058 0.170618162
v -0.121382013 0.0580000058 0.167896062
v -0.129358158 0.0580000058 0.169176847
v -0.127858669 0.0580000058 0.162129909
v -0.128580809 0.0580000058 0.1618564
v -0.129002213 0.0580000058 0.163148671
v -0.1278955 0.0580000058 0.1603216
v -0.12786907 0.0580000058 0.17184253
v -0.121167988 0.0580000058 0.168160111
v -0.129010439 0.0580000058 0.170821339
v -0.1272233 0.0580000058 0.173297122
v -0.120904386 0.0580000058 0.168374717
v -0.1285918 0.0580000058 0.172114477
v -0.126581028 0.0580000058 0.17441234
v -0.120609015 0.0580000058 0.16852814
v -0.12790978 0.0580000058 0.173650786
v -0.125646949 0.0580000058 0.175700888
v -0.127231434 0.0580000058 0.174828619
v -0.124786839 0.0580000058 0.1766582
v -0.125336468 0.0580000058 0.1772006
v -0.1262449 0.0580000058 0.176189542
v -0.124088556 0.0580000058 0.178326666
v -0.128723681 0.0580000058 0.172178969
v -0.128592417 0.0580000058 0.172114715
v -0.128046036 0.0580000058 0.173705354
v -0.127910346 0.0580000058 0.173651069
v -0.129008949 0.0580000058 0.172360167
v -0.1283718 0.0580000058 0.173795417
v -0.129382312 0.0580000058 0.1726585
v -0.1288435 0.0580000058 0.1738722
v -0.129803419 0.0580000058 0.173071131
v -0.129432023 0.0580000058 0.173907816
v -0.125430733 0.0580000058 0.177313119
v -0.12533693 0.0580000058 0.177201033
v -0.124190852 0.0580000058 0.178431928
v -0.124088973 0.0580000058 0.178327173
v -0.125617653 0.0580000058 0.177594692
v -0.1244518 0.0580000058 0.178646713
v -0.125837356 0.0580000058 0.1780191
v -0.12485148 0.0580000058 0.1789087
v -0.126054257 0.0580000058 0.17856735
v -0.125374645 0.0580000058 0.1791806
v -0.129969791 0.0580000058 0.17084381
v -0.130552858 0.0580000058 0.17075628
v -0.130742222 0.0580000058 0.169860661
v -0.130244479 0.0580000058 0.1695446
v -0.129492432 0.0580000058 0.170866743
v -0.129817277 0.0580000058 0.169330418
v -0.12915507 0.0580000058 0.170846388
v -0.129500538 0.0580000058 0.169212475
v -0.12901105 0.0580000058 0.170821518
v -0.129358768 0.0580000058 0.169176936
v -0.12711215 0.0580000058 0.176600248
v -0.127680421 0.0580000058 0.17675744
v -0.128217682 0.0580000058 0.176016271
v -0.127891526 0.0580000058 0.1755251
v -0.12666674 0.0580000058 0.176427051
v -0.1275884 0.0580000058 0.175155655
v -0.126366824 0.0580000058 0.17627123
v -0.127347022 0.0580000058 0.174919114
v -0.126245379 0.0580000058 0.176189944
v -0.12723197 0.0580000058 0.174828961
v -0.122990131 0.0580000058 0.1791273
v -0.122989774 0.0580000058 0.179126769
v -0.123058558 0.0580000058 0.179256439
v -0.121535 0.0580000058 0.179968745
v -0.121187508 0.0580000058 0.179279149
v -0.120012373 0.0580000058 0.179803863
v -0.12161316 0.0580000058 0.180093
v -0.121535316 0.0580000058 0.179969326
v -0.123182893 0.0580000058 0.179570735
v -0.121823773 0.0580000058 0.180357337
v -0.123309523 0.0580000058 0.180031523
v -0.122160211 0.0580000058 0.180696711
v -0.123407722 0.0580000058 0.180612892
v -0.122615427 0.0580000058 0.18107143
v -0.118499309 0.0580000058 0.180297256
v -0.120293871 0.0580000058 0.180522919
v -0.115011454 0.0580000058 0.1776765
v -0.111529171 0.0580000058 0.180304736
v -0.1097351 0.0580000058 0.180534229
v -0.115011513 0.0580000058 0.177733555
v -0.11869584 0.0580000058 0.181044057
v -0.117240787 0.0580000058 0.1805662
v -0.111334264 0.0580000058 0.18105194
v -0.11278832 0.0580000058 0.18057096
v -0.120334208 0.0580000058 0.180664063
v -0.120294124 0.0580000058 0.18052353
v -0.118746459 0.0580000058 0.181181833
v -0.118696004 0.0580000058 0.1810447
v -0.120390445 0.0580000058 0.180997327
v -0.1188975 0.0580000058 0.1814842
v -0.120418549 0.0580000058 0.1814744
v -0.119156078 0.0580000058 0.1818861
v -0.120393679 0.0580000058 0.18206346
v -0.119523406 0.0580000058 0.1823473
v -0.115013152 0.0580000058 0.179285765
v -0.11437124 0.0580000058 0.180735618
v -0.112664074 0.0580000058 0.18133311
v -0.115658194 0.0580000058 0.180734232
v -0.117366612 0.0580000058 0.181328073
v -0.115014255 0.0580000058 0.180300981
v -0.114335924 0.0580000058 0.181507021
v -0.115695179 0.0580000058 0.181505576
v -0.1126543 0.0580000058 0.181479573
v -0.112663984 0.0580000058 0.18133375
v -0.114315361 0.0580000058 0.181652367
v -0.114335924 0.0580000058 0.181507677
v -0.112669304 0.0580000058 0.181817234
v -0.1142312 0.0580000058 0.1819797
v -0.112742037 0.0580000058 0.182289556
v -0.114062816 0.0580000058 0.182426959
v -0.112890035 0.0580000058 0.18286027
v -0.113800526 0.0580000058 0.182954967
v -0.11737673 0.0580000058 0.1814745
v -0.117366731 0.0580000058 0.181328729
v -0.11571604 0.0580000058 0.181650877
v -0.115695208 0.0580000058 0.181506217
v -0.11736244 0.0580000058 0.1818122
v -0.1158009 0.0580000058 0.181978017
v -0.11729072 0.0580000058 0.182284668
v -0.115970239 0.0580000058 0.1824249
v -0.117143959 0.0580000058 0.182855725
v -0.116233647 0.0580000058 0.182952359
v -0.1113341 0.0580000058 0.181052566
v -0.111283928 0.0580000058 0.181189835
v -0.109695107 0.0580000058 0.180675462
v -0.109734878 0.0580000058 0.18053484
v -0.109639555 0.0580000058 0.181008846
v -0.111133561 0.0580000058 0.181492507
v -0.109612495 0.0580000058 0.181485981
v -0.110875875 0.0580000058 0.181894988
v -0.109638587 0.0580000058 0.182074979
v -0.110509515 0.0580000058 0.182356939
v -0.105148539 0.0580000058 0.155091286
v -0.104625389 0.0580000058 0.1548194
v -0.103945762 0.0580000058 0.155432656
v -0.104162663 0.0580000058 0.155980885
v -0.105548233 0.0580000058 0.155353308
v -0.104382366 0.0580000058 0.156405285
v -0.105809167 0.0580000058 0.155568063
v -0.104569286 0.0580000058 0.156686872
v -0.105911463 0.0580000058 0.155673355
v -0.105911061 0.0580000058 0.155672848
v -0.104663536 0.0580000058 0.1567994
v -0.104663074 0.0580000058 0.156798944
v -0.106394738 0.0580000058 0.15627563
v -0.105213165 0.0580000058 0.157341808
v -0.109698027 0.0580000058 0.16538322
v -0.10435307 0.0580000058 0.158299118
v -0.109998226 0.0580000058 0.165355355
v -0.107435107 0.0580000058 0.15551807
v -0.109391004 0.0580000058 0.165471852
v -0.110298514 0.0580000058 0.1653826
v -0.103418991 0.0580000058 0.159587651
v -0.109095663 0.0580000058 0.165625289
v -0.102768585 0.0580000058 0.159171388
v -0.102776721 0.0580000058 0.160702869
v -0.103755116 0.0580000058 0.157810465
v -0.108832046 0.0580000058 0.165839881
v -0.108812511 0.0580000058 0.154720858
v -0.107010245 0.0580000058 0.154873237
v -0.109987646 0.0580000058 0.154196143
v -0.108465016 0.0580000058 0.154031247
v -0.102653027 0.0580000058 0.1590809
v -0.102768064 0.0580000058 0.15917103
v -0.103633165 0.0580000058 0.157728761
v -0.10375461 0.0580000058 0.157810062
v -0.102411613 0.0580000058 0.158844322
v -0.103333265 0.0580000058 0.15757294
v -0.102108479 0.0580000058 0.158474892
v -0.102887869 0.0580000058 0.157399759
v -0.101782352 0.0580000058 0.157983735
v -0.102319628 0.0580000058 0.157242566
v -0.11150071 0.0580000058 0.153702736
v -0.109706134 0.0580000058 0.153477088
v -0.112759233 0.0580000058 0.153433815
v -0.111304179 0.0580000058 0.152955934
v -0.109665796 0.0580000058 0.153335944
v -0.109705895 0.0580000058 0.153476477
v -0.11125356 0.0580000058 0.152818173
v -0.111304 0.0580000058 0.152955309
v -0.109609574 0.0580000058 0.153002664
v -0.111102521 0.0580000058 0.152515814
v -0.10958147 0.0580000058 0.1525256
v -0.110843971 0.0580000058 0.152113885
v -0.109606326 0.0580000058 0.151936531
v -0.110476643 0.0580000058 0.151652709
v -0.11434184 0.0580000058 0.153265774
v -0.112633377 0.0580000058 0.152671918
v -0.115628779 0.0580000058 0.153264359
v -0.114304885 0.0580000058 0.152494431
v -0.117211744 0.0580000058 0.153429031
v -0.117335945 0.0580000058 0.1526669
v -0.115664095 0.0580000058 0.152492985
v -0.112623304 0.0580000058 0.152525485
v -0.112633288 0.0580000058 0.152671292
v -0.114283979 0.0580000058 0.152349129
v -0.114304841 0.0580000058 0.15249379
v -0.112637579 0.0580000058 0.152187809
v -0.1141991 0.0580000058 0.152021974
v -0.112709284 0.0580000058 0.151715308
v -0.114029765 0.0580000058 0.151575089
v -0.11285606 0.0580000058 0.151144281
v -0.113766342 0.0580000058 0.151047617
v -0.117345721 0.0580000058 0.152520433
v -0.117336035 0.0580000058 0.152666226
v -0.115684658 0.0580000058 0.152347624
v -0.115664124 0.0580000058 0.152492329
v -0.11733073 0.0580000058 0.152182773
v -0.11576882 0.0580000058 0.1520203
v -0.117257982 0.0580000058 0.151710436
v -0.1159372 0.0580000058 0.151573062
v -0.117110014 0.0580000058 0.151139736
v -0.116199493 0.0580000058 0.151045009
v -0.105935335 0.0580000058 0.1783466
v -0.105833679 0.0580000058 0.178451583
v -0.1045914 0.0580000058 0.177335441
v -0.104684949 0.0580000058 0.177223176
v -0.104405105 0.0580000058 0.177617431
v -0.105573177 0.0580000058 0.178666919
v -0.1041863 0.0580000058 0.1780423
v -0.105174065 0.0580000058 0.178929791
v -0.103970587 0.0580000058 0.178591013
v -0.104651511 0.0580000058 0.17920281
v -0.100209624 0.0580000058 0.173102826
v -0.100582838 0.0580000058 0.1739387
v -0.101171285 0.0580000058 0.173901826
v -0.100629896 0.0580000058 0.172689289
v -0.1016428 0.0580000058 0.173824042
v -0.101002574 0.0580000058 0.172390148
v -0.101968378 0.0580000058 0.173733279
v -0.101287469 0.0580000058 0.172208339
v -0.102104515 0.0580000058 0.173678413
v -0.102103934 0.0580000058 0.1736787
v -0.10141921 0.0580000058 0.1721436
v -0.101418614 0.0580000058 0.172143817
v -0.102141351 0.0580000058 0.171870083
v -0.108619928 0.0580000058 0.167909741
v -0.101742357 0.0580000058 0.170646563
v -0.108466506 0.0580000058 0.167614356
v -0.101409808 0.0580000058 0.1690902
v -0.108377874 0.0580000058 0.167307332
v -0.100646555 0.0580000058 0.169207573
v -0.101273924 0.0580000058 0.16781044
v -0.100997791 0.0580000058 0.17085135
v -0.108350009 0.0580000058 0.167007118
v -0.100504234 0.0580000058 0.169243529
v -0.10064593 0.0580000058 0.169207692
v -0.100853205 0.0580000058 0.1708767
v -0.10099718 0.0580000058 0.170851514
v -0.100187764 0.0580000058 0.169362143
v -0.1005159 0.0580000058 0.1708978
v -0.0997610241 0.0580000058 0.169577256
v -0.1000385 0.0580000058 0.170875877
v -0.09926398 0.0580000058 0.169894367
v -0.09945527 0.0580000058 0.17078957
v -0.101272225 0.0580000058 0.166218951
v -0.108377218 0.0580000058 0.16670686
v -0.100501239 0.0580000058 0.166175082
v -0.101405352 0.0580000058 0.164938912
v -0.108465225 0.0580000058 0.166399658
v -0.100503057 0.0580000058 0.167855963
v -0.101734579 0.0580000058 0.163381845
v -0.108618006 0.0580000058 0.166103929
v -0.100641876 0.0580000058 0.16482316
v -0.102130979 0.0580000058 0.162157476
v -0.101408213 0.0580000058 0.1618855
v -0.10098958 0.0580000058 0.163178653
v -0.102090254 0.0580000058 0.16034922
v -0.100356355 0.0580000058 0.1678507
v -0.1005024 0.0580000058 0.167855978
v -0.100354552 0.0580000058 0.166180655
v -0.100500584 0.0580000058 0.166175053
v -0.100022018 0.0580000058 0.167801216
v -0.100020334 0.0580000058 0.166230872
v -0.0995582044 0.0580000058 0.16635257
v -0.0995596051 0.0580000058 0.167680487
v -0.09900704 0.0580000058 0.167474836
v -0.09900609 0.0580000058 0.166559428
v -0.101276338 0.0580000058 0.161821038
v -0.101407617 0.0580000058 0.161885276
v -0.101953968 0.0580000058 0.160294667
v -0.102089673 0.0580000058 0.160348937
v -0.100991055 0.0580000058 0.161639839
v -0.101628229 0.0580000058 0.160204589
v -0.100617722 0.0580000058 0.161341488
v -0.101156548 0.0580000058 0.1601278
v -0.10019657 0.0580000058 0.16092886
v -0.100568026 0.0580000058 0.16009219
v -0.100030243 0.0580000058 0.163156211
v -0.09944719 0.0580000058 0.163243711
v -0.09925783 0.0580000058 0.164139345
v -0.0997555554 0.0580000058 0.164455384
v -0.100507572 0.0580000058 0.163133234
v -0.100182742 0.0580000058 0.164669588
v -0.100844949 0.0580000058 0.1631536
v -0.100499481 0.0580000058 0.164787516
v -0.100988954 0.0580000058 0.163178489
v -0.100641251 0.0580000058 0.16482307
v -0.107839793 0.0580000058 0.15330328
v -0.107384592 0.0580000058 0.152928561
v -0.106592327 0.0580000058 0.153387114
v -0.106690466 0.0580000058 0.153968468
v -0.108176246 0.0580000058 0.153642654
v -0.106817156 0.0580000058 0.154429272
v -0.108386844 0.0580000058 0.153907
v -0.106941462 0.0580000058 0.154743567
v -0.108464733 0.0580000058 0.154030681
v -0.107009888 0.0580000058 0.154872686
v -0.120361432 0.0580000058 0.151925012
v -0.119490534 0.0580000058 0.151643053
v -0.119124159 0.0580000058 0.152105033
v -0.120387524 0.0580000058 0.152514026
v -0.118866473 0.0580000058 0.152507484
v -0.120360464 0.0580000058 0.152991146
v -0.118716091 0.0580000058 0.152810171
v -0.120304957 0.0580000058 0.153324544
v -0.118665725 0.0580000058 0.152948052
v -0.118665919 0.0580000058 0.152947426
v -0.120264918 0.0580000058 0.153465763
v -0.120265126 0.0580000058 0.153465152
v -0.121507496 0.0580000058 0.1540167
v -0.121585116 0.0580000058 0.15389286
v -0.1230323 0.0580000058 0.154726326
v -0.122964114 0.0580000058 0.154855609
v -0.123155922 0.0580000058 0.154411778
v -0.121795118 0.0580000058 0.153628066
v -0.1232816 0.0580000058 0.1539507
v -0.122130871 0.0580000058 0.153287977
v -0.12337853 0.0580000058 0.153369129
v -0.122585282 0.0580000058 0.152912274
v -0.1297904 0.0580000058 0.160897166
v -0.129417181 0.0580000058 0.1600613
v -0.128828734 0.0580000058 0.16009815
v -0.129370153 0.0580000058 0.1613107
v -0.128357217 0.0580000058 0.160175964
v -0.128997445 0.0580000058 0.161609828
v -0.128031671 0.0580000058 0.160266727
v -0.12871255 0.0580000058 0.161791667
v -0.127896085 0.0580000058 0.1603213
v -0.128581434 0.0580000058 0.1618562
v -0.130736038 0.0580000058 0.164105624
v -0.130544752 0.0580000058 0.163210422
v -0.12996152 0.0580000058 0.163124129
v -0.13023898 0.0580000058 0.16442275
v -0.129484117 0.0580000058 0.16310221
v -0.12981227 0.0580000058 0.164637864
v -0.129146814 0.0580000058 0.1631233
v -0.12949577 0.0580000058 0.164756477
v -0.129002869 0.0580000058 0.1631485
v -0.129354089 0.0580000058 0.164792314
v -0.1297904 0.06300001 0.160897166
v -0.1297904 0.0580000058 0.160897166
v -0.129370153 0.06300001 0.1613107
v -0.129255041 0.0600000024 0.161409944
v -0.129255041 0.06075 0.161409944
v -0.129370153 0.0580000058 0.1613107
v -0.128997445 0.0580000058 0.161609828
v -0.128817245 0.0600000024 0.161730245
v -0.12871255 0.0580000058 0.161791667
v -0.128817245 0.06075 0.161730245
v -0.128639027 0.0600000024 0.161830112
v -0.128581434 0.0580000058 0.1618562
v -0.128639027 0.06075 0.161830112
v -0.128817245 0.0615 0.161730245
v -0.129255041 0.0615 0.161409944
v -0.128639027 0.0615 0.161830112
v -0.128594279 0.0600000024 0.161850855
v -0.128594279 0.06075 0.161850855
v -0.128594279 0.0615 0.161850855
v -0.128581434 0.06300001 0.1618562
v -0.128581122 0.0605000034 0.161856309
v -0.128594279 0.0618750043 0.161850855
v -0.128580809 0.0580000058 0.1618564
v -0.128639027 0.0618750043 0.161830112
v -0.128817245 0.0618750043 0.161730245
v -0.128580809 0.06300001 0.1618564
v -0.128219724 0.0605000034 0.161993161
v -0.127858669 0.0580000058 0.162129909
v -0.127858669 0.06300001 0.162129909
v -0.128594279 0.0622500032 0.161850855
v -0.128639027 0.0622500032 0.161830112
v -0.129255041 0.0618750043 0.161409944
v -0.128817245 0.0622500032 0.161730245
v -0.128594279 0.0624375045 0.161850855
v -0.128639027 0.0624375045 0.161830112
v -0.129255041 0.0622500032 0.161409944
v -0.128817245 0.0624375045 0.161730245
v -0.128594279 0.0626250058 0.161850855
v -0.128639027 0.0626250058 0.161830112
v -0.129255041 0.0624375045 0.161409944
v -0.128594279 0.0628125 0.161850855
v -0.128639027 0.0628125 0.161830112
v -0.12871255 0.06300001 0.161791667
v -0.128817245 0.0626250058 0.161730245
v -0.128817245 0.0628125 0.161730245
v -0.128997445 0.06300001 0.161609828
v -0.129255041 0.0626250058 0.161409944
v -0.129255041 0.0628125 0.161409944
v -0.128828734 0.0580000058 0.16009815
v -0.129417181 0.0580000058 0.1600613
v -0.129417181 0.06300001 0.1600613
v -0.128624678 0.0600000024 0.160125643
v -0.128828734 0.06300001 0.16009815
v -0.128357217 0.0580000058 0.160175964
v -0.128357217 0.06300001 0.160175964
v -0.128074229 0.0600000024 0.160252392
v -0.128031671 0.0580000058 0.160266727
v -0.128031671 0.06300001 0.160266727
v -0.127941012 0.0600000024 0.160301119
v -0.127896085 0.0580000058 0.1603213
v -0.127896085 0.06300001 0.1603213
v -0.127907291 0.0600000024 0.1603159
v -0.127895787 0.0605000034 0.160321429
v -0.1278955 0.06300001 0.1603216
v -0.1278955 0.0580000058 0.1603216
v -0.128198355 0.06300001 0.157955438
v -0.128198355 0.0580000058 0.157955438
v -0.127873242 0.06300001 0.15844731
v -0.127781287 0.0600000024 0.158568323
v -0.127781287 0.06075 0.158568323
v -0.127873242 0.0580000058 0.15844731
v -0.1275709 0.0580000058 0.15881741
v -0.127419651 0.0600000024 0.158972651
v -0.12733 0.0580000058 0.159054473
v -0.127419651 0.06075 0.158972651
v -0.127266079 0.0600000024 0.159107357
v -0.127215162 0.0580000058 0.159144863
v -0.127266079 0.06075 0.159107357
v -0.127419651 0.0615 0.158972651
v -0.127781287 0.0615 0.158568323
v -0.127266079 0.0615 0.159107357
v -0.127226621 0.0600000024 0.159136981
v -0.127226621 0.06075 0.159136981
v -0.127226621 0.0615 0.159136981
v -0.127215162 0.06300001 0.159144863
v -0.127214909 0.0605000034 0.159145027
v -0.127226621 0.0618750043 0.159136981
v -0.12721464 0.0580000058 0.159145221
v -0.127266079 0.0618750043 0.159107357
v -0.127419651 0.0618750043 0.158972651
v -0.12721464 0.06300001 0.159145221
v -0.126889884 0.0605000034 0.159354061
v -0.126565129 0.0580000058 0.159562886
v -0.126565129 0.06300001 0.159562886
v -0.127226621 0.0622500032 0.159136981
v -0.127266079 0.0622500032 0.159107357
v -0.127781287 0.0618750043 0.158568323
v -0.127419651 0.0622500032 0.158972651
v -0.127226621 0.0624375045 0.159136981
v -0.127266079 0.0624375045 0.159107357
v -0.127781287 0.0622500032 0.158568323
v -0.127419651 0.0624375045 0.158972651
v -0.127226621 0.0626250058 0.159136981
v -0.127266079 0.0626250058 0.159107357
v -0.127781287 0.0624375045 0.158568323
v -0.127226621 0.0628125 0.159136981
v -0.127266079 0.0628125 0.159107357
v -0.12733 0.06300001 0.159054473
v -0.127419651 0.0626250058 0.158972651
v -0.127419651 0.0628125 0.158972651
v -0.1275709 0.06300001 0.15881741
v -0.127781287 0.0626250058 0.158568323
v -0.127781287 0.0628125 0.158568323
v -0.127091542 0.0580000058 0.157373831
v -0.127659485 0.0580000058 0.157215431
v -0.127659485 0.06300001 0.157215431
v -0.126897663 0.0600000024 0.157443136
v -0.127091542 0.06300001 0.157373831
v -0.126646534 0.0580000058 0.157547981
v -0.126646534 0.06300001 0.157547981
v -0.1263856 0.0600000024 0.157681555
v -0.126346946 0.0580000058 0.157704443
v -0.126346946 0.06300001 0.157704443
v -0.126265436 0.0600000024 0.157756925
v -0.12622568 0.0580000058 0.157786
v -0.12622568 0.06300001 0.157786
v -0.12623553 0.0600000024 0.1577784
v -0.126225442 0.0605000034 0.15778622
v -0.126225173 0.06300001 0.1577864
v -0.126225173 0.0580000058 0.1577864
v -0.128217682 0.06300001 0.176016271
v -0.127680421 0.06300001 0.17675744
v -0.12711215 0.06300001 0.176600248
v -0.127891526 0.06300001 0.1755251
v -0.12666674 0.06300001 0.176427051
v -0.1275884 0.06300001 0.175155655
v -0.126366824 0.06300001 0.17627123
v -0.127347022 0.06300001 0.174919114
v -0.1262449 0.06300001 0.176189542
v -0.126245379 0.06300001 0.176189944
v -0.127231434 0.06300001 0.174828619
v -0.12723197 0.06300001 0.174828961
v -0.125646949 0.06300001 0.175700888
v -0.126581028 0.06300001 0.17441234
v -0.121507287 0.06300001 0.16929476
v -0.1272233 0.06300001 0.173297122
v -0.121015012 0.06300001 0.169550478
v -0.124786839 0.06300001 0.1766582
v -0.120503291 0.06300001 0.169698179
v -0.121946633 0.06300001 0.168937087
v -0.123605251 0.06300001 0.177724347
v -0.120002955 0.06300001 0.169744655
v -0.125336468 0.06300001 0.1772006
v -0.12786907 0.06300001 0.17184253
v -0.122303367 0.06300001 0.168497026
v -0.1285918 0.06300001 0.172114477
v -0.128265455 0.06300001 0.170618162
v -0.12790978 0.06300001 0.173650786
v -0.122558 0.06300001 0.16800417
v -0.122564912 0.06300001 0.178481936
v -0.124088556 0.06300001 0.178326666
v -0.115006775 0.06300001 0.17331022
v -0.119502515 0.06300001 0.169699281
v -0.118990466 0.06300001 0.169552624
v -0.115003914 0.06300001 0.170632347
v -0.11849764 0.06300001 0.169298
v -0.118057549 0.06300001 0.168941259
v -0.117699891 0.06300001 0.168501943
v -0.128594652 0.06300001 0.1690611
v -0.122704625 0.06300001 0.167492151
v -0.129358158 0.06300001 0.169176847
v -0.128727809 0.06300001 0.167781055
v -0.129010439 0.06300001 0.170821339
v -0.122750014 0.06300001 0.1669917
v -0.129500538 0.06300001 0.169212475
v -0.129358768 0.06300001 0.169176936
v -0.12915507 0.06300001 0.170846388
v -0.12901105 0.06300001 0.170821518
v -0.129817277 0.06300001 0.169330418
v -0.129492432 0.06300001 0.170866743
v -0.130244479 0.06300001 0.1695446
v -0.129969791 0.06300001 0.17084381
v -0.130742222 0.06300001 0.169860661
v -0.130552858 0.06300001 0.17075628
v -0.1287261 0.06300001 0.166189551
v -0.122703567 0.06300001 0.166491345
v -0.129496992 0.06300001 0.166144043
v -0.128590211 0.06300001 0.16490981
v -0.122555852 0.06300001 0.165979654
v -0.12949878 0.06300001 0.167824924
v -0.128257647 0.06300001 0.163353443
v -0.122300148 0.06300001 0.165487349
v -0.129353464 0.06300001 0.164792418
v -0.127858669 0.06300001 0.162129909
v -0.121942461 0.06300001 0.165048018
v -0.129002213 0.06300001 0.163148671
v -0.1272098 0.06300001 0.160676733
v -0.128580809 0.06300001 0.1618564
v -0.12150237 0.06300001 0.1646913
v -0.126565129 0.06300001 0.159562886
v -0.1278955 0.06300001 0.1603216
v -0.1256283 0.06300001 0.158276334
v -0.121009544 0.06300001 0.164436653
v -0.12721464 0.06300001 0.159145221
v -0.124766141 0.06300001 0.157320872
v -0.120497495 0.06300001 0.164290011
v -0.126225173 0.06300001 0.1577864
v -0.123582289 0.06300001 0.156257242
v -0.119997054 0.06300001 0.164244637
v -0.125314608 0.06300001 0.156777292
v -0.122540325 0.06300001 0.1555019
v -0.124064267 0.06300001 0.155653909
v -0.121161178 0.06300001 0.154707611
v -0.119496733 0.06300001 0.1642911
v -0.122963786 0.06300001 0.15485616
v -0.11998494 0.06300001 0.154185429
v -0.121507227 0.06300001 0.154017285
v -0.118985012 0.06300001 0.164438814
v -0.12733 0.06300001 0.159054473
v -0.127215162 0.06300001 0.159144863
v -0.126346946 0.06300001 0.157704443
v -0.12622568 0.06300001 0.157786
v -0.1275709 0.06300001 0.15881741
v -0.126646534 0.06300001 0.157547981
v -0.127873242 0.06300001 0.15844731
v -0.127091542 0.06300001 0.157373831
v -0.128198355 0.06300001 0.157955438
v -0.127659485 0.06300001 0.157215431
v -0.118470818 0.06300001 0.15369527
v -0.120264918 0.06300001 0.153465763
v -0.114997059 0.06300001 0.16425
v -0.118492723 0.06300001 0.1646945
v -0.118053377 0.06300001 0.165052176
v -0.117696658 0.06300001 0.1654923
v -0.117211744 0.06300001 0.153429031
v -0.115628779 0.06300001 0.153264359
v -0.118665725 0.06300001 0.152948052
v -0.117335945 0.06300001 0.1526669
v -0.120304957 0.06300001 0.153324544
v -0.120265126 0.06300001 0.153465152
v -0.118716091 0.06300001 0.152810171
v -0.118665919 0.06300001 0.152947426
v -0.120360464 0.06300001 0.152991146
v -0.118866473 0.06300001 0.152507484
v -0.120387524 0.06300001 0.152514026
v -0.119124159 0.06300001 0.152105033
v -0.120361432 0.06300001 0.151925012
v -0.119490534 0.06300001 0.151643053
v -0.115664095 0.06300001 0.152492985
v -0.117345721 0.06300001 0.152520433
v -0.117336035 0.06300001 0.152666226
v -0.115684658 0.06300001 0.152347624
v -0.115664124 0.06300001 0.152492329
v -0.11733073 0.06300001 0.152182773
v -0.11576882 0.06300001 0.1520203
v -0.117257982 0.06300001 0.151710436
v -0.1159372 0.06300001 0.151573062
v -0.117110014 0.06300001 0.151139736
v -0.116199493 0.06300001 0.151045009
v -0.11434184 0.06300001 0.153265774
v -0.112759233 0.06300001 0.153433815
v -0.112633377 0.06300001 0.152671918
v -0.114304885 0.06300001 0.152494431
v -0.11150071 0.06300001 0.153702736
v -0.112623304 0.06300001 0.152525485
v -0.112633288 0.06300001 0.152671292
v -0.114283979 0.06300001 0.152349129
v -0.114304841 0.06300001 0.15249379
v -0.112637579 0.06300001 0.152187809
v -0.1141991 0.06300001 0.152021974
v -0.112709284 0.06300001 0.151715308
v -0.114029765 0.06300001 0.151575089
v -0.11285606 0.06300001 0.151144281
v -0.113766342 0.06300001 0.151047617
v -0.111009538 0.06300001 0.164447352
v -0.111502349 0.06300001 0.164702
v -0.11194247 0.06300001 0.165058732
v -0.112300128 0.06300001 0.165498063
v -0.114314884 0.06300001 0.1659545
v -0.114115149 0.06300001 0.166117072
v -0.112555861 0.06300001 0.165990368
v -0.113953054 0.06300001 0.1663171
v -0.11453864 0.06300001 0.165838256
v -0.112703547 0.06300001 0.166502059
v -0.113837287 0.06300001 0.166541129
v -0.113770634 0.06300001 0.166773856
v -0.114771247 0.06300001 0.165771112
v -0.112750009 0.06300001 0.1670024
v -0.113749996 0.06300001 0.167001337
v -0.113771111 0.06300001 0.167228758
v -0.114998668 0.06300001 0.165750012
v -0.112704635 0.06300001 0.167502865
v -0.113838285 0.06300001 0.167461365
v -0.113954484 0.06300001 0.167685121
v -0.112558022 0.06300001 0.168014869
v -0.114117086 0.06300001 0.167884842
v -0.11522615 0.06300001 0.16577062
v -0.115458876 0.06300001 0.165837273
v -0.115682885 0.06300001 0.165953025
v -0.115882933 0.06300001 0.166115165
v -0.117441982 0.06300001 0.165985122
v -0.116045505 0.06300001 0.16631487
v -0.112303376 0.06300001 0.16850771
v -0.117295384 0.06300001 0.166497141
v -0.116161764 0.06300001 0.166538641
v -0.116228908 0.06300001 0.166771218
v -0.117250025 0.06300001 0.1669976
v -0.116250008 0.06300001 0.166998655
v -0.11622937 0.06300001 0.167226136
v -0.117296457 0.06300001 0.167497933
v -0.116162747 0.06300001 0.167458862
v -0.116046965 0.06300001 0.167682886
v -0.117444158 0.06300001 0.168009639
v -0.11588484 0.06300001 0.167882934
v -0.115685135 0.06300001 0.1680455
v -0.115461379 0.06300001 0.16816175
v -0.115228787 0.06300001 0.1682289
v -0.115001351 0.06300001 0.16825
v -0.114773884 0.06300001 0.168229371
v -0.114541143 0.06300001 0.168162718
v -0.114317119 0.06300001 0.168046981
v -0.111946642 0.06300001 0.168947816
v -0.1115073 0.06300001 0.169305474
v -0.111015022 0.06300001 0.169561192
v -0.110503316 0.06300001 0.169708908
v -0.110002965 0.06300001 0.16975534
v -0.107459694 0.06300001 0.1784981
v -0.115009338 0.06300001 0.175712273
v -0.121187508 0.06300001 0.179279149
v -0.122989774 0.06300001 0.179126769
v -0.106417745 0.06300001 0.177742764
v -0.109502524 0.06300001 0.169709966
v -0.120012373 0.06300001 0.179803863
v -0.121535 0.06300001 0.179968745
v -0.105233878 0.06300001 0.176679119
v -0.10899049 0.06300001 0.169563353
v -0.104685396 0.06300001 0.1772227
v -0.104371727 0.06300001 0.175723657
v -0.105935752 0.06300001 0.1783461
v -0.108497649 0.06300001 0.169308692
v -0.123058558 0.06300001 0.179256439
v -0.122990131 0.06300001 0.1791273
v -0.12161316 0.06300001 0.180093
v -0.121535316 0.06300001 0.179969326
v -0.123182893 0.06300001 0.179570735
v -0.121823773 0.06300001 0.180357337
v -0.123309523 0.06300001 0.180031523
v -0.122160211 0.06300001 0.180696711
v -0.123407722 0.06300001 0.180612892
v -0.122615427 0.06300001 0.18107143
v -0.10343492 0.06300001 0.1744371
v -0.102790236 0.06300001 0.173323274
v -0.102785379 0.06300001 0.1748548
v -0.108057529 0.06300001 0.168951973
v -0.103774831 0.06300001 0.176213577
v -0.102141351 0.06300001 0.171870083
v -0.107699886 0.06300001 0.168512657
v -0.10141921 0.06300001 0.1721436
v -0.101742357 0.06300001 0.170646563
v -0.102104515 0.06300001 0.173678413
v -0.107444167 0.06300001 0.168020353
v -0.10267 0.06300001 0.174945533
v -0.102784842 0.06300001 0.174855143
v -0.103653073 0.06300001 0.176295549
v -0.103774309 0.06300001 0.176214
v -0.102429122 0.06300001 0.175182611
v -0.1033535 0.06300001 0.176452011
v -0.102126777 0.06300001 0.175552711
v -0.102908462 0.06300001 0.176626161
v -0.101801693 0.06300001 0.176044554
v -0.102340534 0.06300001 0.176784575
v -0.101409808 0.06300001 0.1690902
v -0.107296452 0.06300001 0.167508632
v -0.100646555 0.06300001 0.169207573
v -0.101273924 0.06300001 0.16781044
v -0.100997791 0.06300001 0.17085135
v -0.107250005 0.06300001 0.1670083
v -0.100504234 0.06300001 0.169243529
v -0.10064593 0.06300001 0.169207692
v -0.100853205 0.06300001 0.1708767
v -0.10099718 0.06300001 0.170851514
v -0.100187764 0.06300001 0.169362143
v -0.1005159 0.06300001 0.1708978
v -0.0997610241 0.06300001 0.169577256
v -0.1000385 0.06300001 0.170875877
v -0.09926398 0.06300001 0.169894367
v -0.09945527 0.06300001 0.17078957
v -0.101272225 0.06300001 0.166218951
v -0.107295394 0.06300001 0.16650784
v -0.100501239 0.06300001 0.166175082
v -0.101405352 0.06300001 0.164938912
v -0.107442021 0.06300001 0.165995821
v -0.100503057 0.06300001 0.167855963
v -0.101734579 0.06300001 0.163381845
v -0.107696682 0.06300001 0.165503
v -0.100641876 0.06300001 0.16482316
v -0.102130979 0.06300001 0.162157476
v -0.108053386 0.06300001 0.1650629
v -0.10098958 0.06300001 0.163178653
v -0.102776721 0.06300001 0.160702869
v -0.101408213 0.06300001 0.1618855
v -0.108492717 0.06300001 0.164705217
v -0.103418991 0.06300001 0.159587651
v -0.102090254 0.06300001 0.16034922
v -0.10435307 0.06300001 0.158299118
v -0.108984992 0.06300001 0.164449528
v -0.102768585 0.06300001 0.159171388
v -0.105213165 0.06300001 0.157341808
v -0.109496728 0.06300001 0.1643018
v -0.103755116 0.06300001 0.157810465
v -0.106394738 0.06300001 0.15627563
v -0.104663536 0.06300001 0.1567994
v -0.109997064 0.06300001 0.164255351
v -0.107435107 0.06300001 0.15551807
v -0.105911463 0.06300001 0.155673355
v -0.108812511 0.06300001 0.154720858
v -0.110497534 0.06300001 0.16430074
v -0.107010245 0.06300001 0.154873237
v -0.109987646 0.06300001 0.154196143
v -0.109706134 0.06300001 0.153477088
v -0.108465016 0.06300001 0.154031247
v -0.111304179 0.06300001 0.152955934
v -0.104569286 0.06300001 0.156686872
v -0.104663074 0.06300001 0.156798944
v -0.105809167 0.06300001 0.155568063
v -0.105911061 0.06300001 0.155672848
v -0.104382366 0.06300001 0.156405285
v -0.105548233 0.06300001 0.155353308
v -0.104162663 0.06300001 0.155980885
v -0.105148539 0.06300001 0.155091286
v -0.103945762 0.06300001 0.155432656
v -0.104625389 0.06300001 0.1548194
v -0.109665796 0.06300001 0.153335944
v -0.109705895 0.06300001 0.153476477
v -0.11125356 0.06300001 0.152818173
v -0.111304 0.06300001 0.152955309
v -0.109609574 0.06300001 0.153002664
v -0.111102521 0.06300001 0.152515814
v -0.10958147 0.06300001 0.1525256
v -0.110843971 0.06300001 0.152113885
v -0.109606326 0.06300001 0.151936531
v -0.110476643 0.06300001 0.151652709
v -0.128581434 0.06300001 0.1618562
v -0.12871255 0.06300001 0.161791667
v -0.128031671 0.06300001 0.160266727
v -0.127896085 0.06300001 0.1603213
v -0.128997445 0.06300001 0.161609828
v -0.128357217 0.06300001 0.160175964
v -0.129370153 0.06300001 0.1613107
v -0.128828734 0.06300001 0.16009815
v -0.1297904 0.06300001 0.160897166
v -0.129417181 0.06300001 0.1600613
v -0.122130871 0.06300001 0.153287977
v -0.122585282 0.06300001 0.152912274
v -0.12337853 0.06300001 0.153369129
v -0.1232816 0.06300001 0.1539507
v -0.121795118 0.06300001 0.153628066
v -0.123155922 0.06300001 0.154411778
v -0.121585116 0.06300001 0.15389286
v -0.1230323 0.06300001 0.154726326
v -0.121507496 0.06300001 0.1540167
v -0.122964114 0.06300001 0.154855609
v -0.12482594 0.06300001 0.155070215
v -0.125348508 0.06300001 0.154797181
v -0.126029462 0.06300001 0.155409
v -0.125813723 0.06300001 0.1559577
v -0.124426812 0.06300001 0.155333087
v -0.125594929 0.06300001 0.156382576
v -0.12416634 0.06300001 0.155548424
v -0.12540862 0.06300001 0.15666455
v -0.124064684 0.06300001 0.155653387
v -0.12531507 0.06300001 0.156776831
v -0.106592327 0.06300001 0.153387114
v -0.107384592 0.06300001 0.152928561
v -0.107839793 0.06300001 0.15330328
v -0.106690466 0.06300001 0.153968468
v -0.108176246 0.06300001 0.153642654
v -0.106817156 0.06300001 0.154429272
v -0.108386844 0.06300001 0.153907
v -0.106941462 0.06300001 0.154743567
v -0.108464733 0.06300001 0.154030681
v -0.107009888 0.06300001 0.154872686
v -0.101782352 0.06300001 0.157983735
v -0.102319628 0.06300001 0.157242566
v -0.102887869 0.06300001 0.157399759
v -0.102108479 0.06300001 0.158474892
v -0.103333265 0.06300001 0.15757294
v -0.102411613 0.06300001 0.158844322
v -0.103633165 0.06300001 0.157728761
v -0.102653027 0.06300001 0.1590809
v -0.10375461 0.06300001 0.157810062
v -0.102768064 0.06300001 0.15917103
v -0.102089673 0.06300001 0.160348937
v -0.101953968 0.06300001 0.160294667
v -0.101276338 0.06300001 0.161821038
v -0.101407617 0.06300001 0.161885276
v -0.100991055 0.06300001 0.161639839
v -0.101628229 0.06300001 0.160204589
v -0.100617722 0.06300001 0.161341488
v -0.101156548 0.06300001 0.1601278
v -0.10019657 0.06300001 0.16092886
v -0.100568026 0.06300001 0.16009219
v -0.09925783 0.06300001 0.164139345
v -0.09944719 0.06300001 0.163243711
v -0.100030243 0.06300001 0.163156211
v -0.0997555554 0.06300001 0.164455384
v -0.100507572 0.06300001 0.163133234
v -0.100182742 0.06300001 0.164669588
v -0.100844949 0.06300001 0.1631536
v -0.100499481 0.06300001 0.164787516
v -0.100988954 0.06300001 0.163178489
v -0.100641251 0.06300001 0.16482307
v -0.100354552 0.06300001 0.166180655
v -0.100500584 0.06300001 0.166175053
v -0.100356355 0.06300001 0.1678507
v -0.1005024 0.06300001 0.167855978
v -0.100022018 0.06300001 0.167801216
v -0.100020334 0.06300001 0.166230872
v -0.0995582044 0.06300001 0.16635257
v -0.0995596051 0.06300001 0.167680487
v -0.09900609 0.06300001 0.166559428
v -0.09900704 0.06300001 0.167474836
v -0.101171285 0.06300001 0.173901826
v -0.100582838 0.06300001 0.1739387
v -0.100209624 0.06300001 0.173102826
v -0.100629896 0.06300001 0.172689289
v -0.1016428 0.06300001 0.173824042
v -0.101002574 0.06300001 0.172390148
v -0.101968378 0.06300001 0.173733279
v -0.101287469 0.06300001 0.172208339
v -0.102103934 0.06300001 0.1736787
v -0.101418614 0.06300001 0.172143817
v -0.105174065 0.06300001 0.178929791
v -0.104651511 0.06300001 0.17920281
v -0.103970587 0.06300001 0.178591013
v -0.1041863 0.06300001 0.1780423
v -0.105573177 0.06300001 0.178666919
v -0.104405105 0.06300001 0.177617431
v -0.105833679 0.06300001 0.178451583
v -0.1045914 0.06300001 0.177335441
v -0.105935335 0.06300001 0.1783466
v -0.104684949 0.06300001 0.177223176
v -0.107869148 0.06300001 0.180712029
v -0.107414752 0.06300001 0.181087732
v -0.106621489 0.06300001 0.180630878
v -0.106718421 0.06300001 0.180049285
v -0.108204871 0.06300001 0.180371925
v -0.1068441 0.06300001 0.179588228
v -0.108414888 0.06300001 0.180107117
v -0.106967717 0.06300001 0.179273665
v -0.108492792 0.06300001 0.179982722
v -0.108492509 0.06300001 0.179983288
v -0.107036218 0.06300001 0.179143846
v -0.10703589 0.06300001 0.1791444
v -0.108838841 0.06300001 0.179292381
v -0.110015079 0.06300001 0.179814547
v -0.111529171 0.06300001 0.180304736
v -0.1097351 0.06300001 0.180534229
v -0.115011513 0.06300001 0.177733555
v -0.111334264 0.06300001 0.18105194
v -0.11278832 0.06300001 0.18057096
v -0.109695107 0.06300001 0.180675462
v -0.109734878 0.06300001 0.18053484
v -0.111283928 0.06300001 0.181189835
v -0.1113341 0.06300001 0.181052566
v -0.109639555 0.06300001 0.181008846
v -0.111133561 0.06300001 0.181492507
v -0.109612495 0.06300001 0.181485981
v -0.110875875 0.06300001 0.181894988
v -0.109638587 0.06300001 0.182074979
v -0.110509515 0.06300001 0.182356939
v -0.118499309 0.06300001 0.180297256
v -0.120293871 0.06300001 0.180522919
v -0.117240787 0.06300001 0.1805662
v -0.11869584 0.06300001 0.181044057
v -0.115013152 0.06300001 0.179285765
v -0.120334208 0.06300001 0.180664063
v -0.120294124 0.06300001 0.18052353
v -0.118746459 0.06300001 0.181181833
v -0.118696004 0.06300001 0.1810447
v -0.120390445 0.06300001 0.180997327
v -0.1188975 0.06300001 0.1814842
v -0.120418549 0.06300001 0.1814744
v -0.119156078 0.06300001 0.1818861
v -0.120393679 0.06300001 0.18206346
v -0.119523406 0.06300001 0.1823473
v -0.115658194 0.06300001 0.180734232
v -0.117366612 0.06300001 0.181328073
v -0.115014255 0.06300001 0.180300981
v -0.11437124 0.06300001 0.180735618
v -0.112664074 0.06300001 0.18133311
v -0.115695179 0.06300001 0.181505576
v -0.114335924 0.06300001 0.181507021
v -0.11737673 0.06300001 0.1814745
v -0.117366731 0.06300001 0.181328729
v -0.11571604 0.06300001 0.181650877
v -0.115695208 0.06300001 0.181506217
v -0.11736244 0.06300001 0.1818122
v -0.1158009 0.06300001 0.181978017
v -0.11729072 0.06300001 0.182284668
v -0.115970239 0.06300001 0.1824249
v -0.117143959 0.06300001 0.182855725
v -0.116233647 0.06300001 0.182952359
v -0.1126543 0.06300001 0.181479573
v -0.112663984 0.06300001 0.18133375
v -0.114315361 0.06300001 0.181652367
v -0.114335924 0.06300001 0.181507677
v -0.112669304 0.06300001 0.181817234
v -0.1142312 0.06300001 0.1819797
v -0.112742037 0.06300001 0.182289556
v -0.114062816 0.06300001 0.182426959
v -0.112890035 0.06300001 0.18286027
v -0.113800526 0.06300001 0.182954967
v -0.126054257 0.06300001 0.17856735
v -0.125374645 0.06300001 0.1791806
v -0.12485148 0.06300001 0.1789087
v -0.125837356 0.06300001 0.1780191
v -0.1244518 0.06300001 0.178646713
v -0.125617653 0.06300001 0.177594692
v -0.124190852 0.06300001 0.178431928
v -0.125430733 0.06300001 0.177313119
v -0.124088973 0.06300001 0.178327173
v -0.12533693 0.06300001 0.177201033
v -0.129803419 0.06300001 0.173071131
v -0.129432023 0.06300001 0.173907816
v -0.1288435 0.06300001 0.1738722
v -0.129382312 0.06300001 0.1726585
v -0.1283718 0.06300001 0.173795417
v -0.129008949 0.06300001 0.172360167
v -0.128046036 0.06300001 0.173705354
v -0.128723681 0.06300001 0.172178969
v -0.127910346 0.06300001 0.173651069
v -0.128592417 0.06300001 0.172114715
v -0.129645437 0.06300001 0.167819321
v -0.129499421 0.06300001 0.167824939
v -0.129643679 0.06300001 0.166149288
v -0.129497632 0.06300001 0.166144013
v -0.1299797 0.06300001 0.167769134
v -0.129978016 0.06300001 0.1661988
v -0.130441844 0.06300001 0.167647421
v -0.130440384 0.06300001 0.1663195
v -0.130993962 0.06300001 0.167440578
v -0.130992964 0.06300001 0.166525155
v -0.12996152 0.06300001 0.163124129
v -0.130544752 0.06300001 0.163210422
v -0.130736038 0.06300001 0.164105624
v -0.13023898 0.06300001 0.16442275
v -0.129484117 0.06300001 0.16310221
v -0.12981227 0.06300001 0.164637864
v -0.129146814 0.06300001 0.1631233
v -0.12949577 0.06300001 0.164756477
v -0.129002869 0.06300001 0.1631485
v -0.129354089 0.06300001 0.164792314
v -0.126029462 0.06300001 0.155409
v -0.126029462 0.0580000058 0.155409
v -0.125813723 0.06300001 0.1559577
v -0.125748932 0.0600000024 0.156095192
v -0.125748932 0.06075 0.156095192
v -0.125813723 0.0580000058 0.1559577
v -0.125594929 0.0580000058 0.156382576
v -0.125479281 0.0600000024 0.156565875
v -0.12540862 0.0580000058 0.15666455
v -0.125479281 0.06075 0.156565875
v -0.125357091 0.0600000024 0.156729579
v -0.12531507 0.0580000058 0.156776831
v -0.125357091 0.06075 0.156729579
v -0.125479281 0.0615 0.156565875
v -0.125748932 0.0615 0.156095192
v -0.125357091 0.0615 0.156729579
v -0.125324637 0.0600000024 0.156766742
v -0.125324637 0.06075 0.156766742
v -0.125324637 0.0615 0.156766742
v -0.12531507 0.06300001 0.156776831
v -0.125314832 0.0605000034 0.156777069
v -0.125324637 0.0618750043 0.156766742
v -0.125314608 0.0580000058 0.156777292
v -0.125357091 0.0618750043 0.156729579
v -0.125479281 0.0618750043 0.156565875
v -0.125314608 0.06300001 0.156777292
v -0.125040352 0.0605000034 0.157049075
v -0.124766141 0.0580000058 0.157320872
v -0.124766141 0.06300001 0.157320872
v -0.125324637 0.0622500032 0.156766742
v -0.125357091 0.0622500032 0.156729579
v -0.125748932 0.0618750043 0.156095192
v -0.125479281 0.0622500032 0.156565875
v -0.125324637 0.0624375045 0.156766742
v -0.125357091 0.0624375045 0.156729579
v -0.125748932 0.0622500032 0.156095192
v -0.125479281 0.0624375045 0.156565875
v -0.125324637 0.0626250058 0.156766742
v -0.125357091 0.0626250058 0.156729579
v -0.125748932 0.0624375045 0.156095192
v -0.125324637 0.0628125 0.156766742
v -0.125357091 0.0628125 0.156729579
v -0.12540862 0.06300001 0.15666455
v -0.125479281 0.0626250058 0.156565875
v -0.125479281 0.0628125 0.156565875
v -0.125594929 0.06300001 0.156382576
v -0.125748932 0.0626250058 0.156095192
v -0.125748932 0.0628125 0.156095192
v -0.12482594 0.0580000058 0.155070215
v -0.125348508 0.0580000058 0.154797181
v -0.125348508 0.06300001 0.154797181
v -0.124650717 0.0600000024 0.1551783
v -0.12482594 0.06300001 0.155070215
v -0.124426812 0.0580000058 0.155333087
v -0.124426812 0.06300001 0.155333087
v -0.124199361 0.0600000024 0.15551798
v -0.12416634 0.0580000058 0.155548424
v -0.12416634 0.06300001 0.155548424
v -0.124097526 0.0600000024 0.155616671
v -0.124064684 0.0580000058 0.155653387
v -0.124064684 0.06300001 0.155653387
v -0.124072731 0.0600000024 0.15564391
v -0.124064475 0.0605000034 0.155653641
v -0.124064267 0.06300001 0.155653909
v -0.124064267 0.0580000058 0.155653909
v -0.12337853 0.06300001 0.153369129
v -0.12337853 0.0580000058 0.153369129
v -0.1232816 0.06300001 0.1539507
v -0.123246819 0.0600000024 0.154098645
v -0.123246819 0.06075 0.154098645
v -0.1232816 0.0580000058 0.1539507
v -0.123155922 0.0580000058 0.154411778
v -0.123080909 0.0600000024 0.154615134
v -0.1230323 0.0580000058 0.154726326
v -0.123080909 0.06075 0.154615134
v -0.122995406 0.0600000024 0.154800668
v -0.122964114 0.0580000058 0.154855609
v -0.122995406 0.06075 0.154800668
v -0.123080909 0.0615 0.154615134
v -0.123246819 0.0615 0.154098645
v -0.122995406 0.0615 0.154800668
v -0.122971386 0.0600000024 0.154843748
v -0.122971386 0.06075 0.154843748
v -0.122971386 0.0615 0.154843748
v -0.122964114 0.06300001 0.154855609
v -0.12296395 0.0605000034 0.154855892
v -0.122971386 0.0618750043 0.154843748
v -0.122963786 0.0580000058 0.15485616
v -0.122995406 0.0618750043 0.154800668
v -0.123080909 0.0618750043 0.154615134
v -0.122963786 0.06300001 0.15485616
v -0.122752041 0.0605000034 0.155179024
v -0.122540325 0.0580000058 0.1555019
v -0.122540325 0.06300001 0.1555019
v -0.122971386 0.0622500032 0.154843748
v -0.122995406 0.0622500032 0.154800668
v -0.123246819 0.0618750043 0.154098645
v -0.123080909 0.0622500032 0.154615134
v -0.122971386 0.0624375045 0.154843748
v -0.122995406 0.0624375045 0.154800668
v -0.123246819 0.0622500032 0.154098645
v -0.123080909 0.0624375045 0.154615134
v -0.122971386 0.0626250058 0.154843748
v -0.122995406 0.0626250058 0.154800668
v -0.123246819 0.0624375045 0.154098645
v -0.122971386 0.0628125 0.154843748
v -0.122995406 0.0628125 0.154800668
v -0.1230323 0.06300001 0.154726326
v -0.123080909 0.0626250058 0.154615134
v -0.123080909 0.0628125 0.154615134
v -0.123155922 0.06300001 0.154411778
v -0.123246819 0.0626250058 0.154098645
v -0.123246819 0.0628125 0.154098645
v -0.122130871 0.0580000058 0.153287977
v -0.122585282 0.0580000058 0.152912274
v -0.122585282 0.06300001 0.152912274
v -0.121981949 0.0600000024 0.153430179
v -0.122130871 0.06300001 0.153287977
v -0.121795118 0.0580000058 0.153628066
v -0.121795118 0.06300001 0.153628066
v -0.121611118 0.0600000024 0.153856248
v -0.121585116 0.0580000058 0.15389286
v -0.121585116 0.06300001 0.15389286
v -0.121532008 0.0600000024 0.153973967
v -0.121507496 0.0580000058 0.1540167
v -0.121507496 0.06300001 0.1540167
v -0.121513411 0.0600000024 0.154005751
v -0.121507376 0.0605000034 0.154017
v -0.121507227 0.06300001 0.154017285
v -0.121507227 0.0580000058 0.154017285
v -0.120361432 0.06300001 0.151925012
v -0.120361432 0.0580000058 0.151925012
v -0.120387524 0.06300001 0.152514026
v -0.120384261 0.0600000024 0.152665973
v -0.120384261 0.06075 0.152665973
v -0.120387524 0.0580000058 0.152514026
v -0.120360464 0.0580000058 0.152991146
v -0.12032935 0.0600000024 0.153205633
v -0.120304957 0.0580000058 0.153324544
v -0.12032935 0.06075 0.153205633
v -0.120284304 0.0600000024 0.1534049
v -0.120265126 0.0580000058 0.153465152
v -0.120284304 0.06075 0.1534049
v -0.12032935 0.0615 0.153205633
v -0.120384261 0.0615 0.152665973
v -0.120284304 0.0615 0.1534049
v -0.12026976 0.0600000024 0.153452054
v -0.12026976 0.06075 0.153452054
v -0.12026976 0.0615 0.153452054
v -0.120265126 0.06300001 0.153465152
v -0.120265037 0.0605000034 0.15346548
v -0.12026976 0.0618750043 0.153452054
v -0.120264918 0.0580000058 0.153465763
v -0.120284304 0.0618750043 0.1534049
v -0.12032935 0.0618750043 0.153205633
v -0.120264918 0.06300001 0.153465763
v -0.120124936 0.0605000034 0.153825626
v -0.11998494 0.0580000058 0.154185429
v -0.11998494 0.06300001 0.154185429
v -0.12026976 0.0622500032 0.153452054
v -0.120284304 0.0622500032 0.1534049
v -0.120384261 0.0618750043 0.152665973
v -0.12032935 0.0622500032 0.153205633
v -0.12026976 0.0624375045 0.153452054
v -0.120284304 0.0624375045 0.1534049
v -0.120384261 0.0622500032 0.152665973
v -0.12032935 0.0624375045 0.153205633
v -0.12026976 0.0626250058 0.153452054
v -0.120284304 0.0626250058 0.1534049
v -0.120384261 0.0624375045 0.152665973
v -0.12026976 0.0628125 0.153452054
v -0.120284304 0.0628125 0.1534049
v -0.120304957 0.06300001 0.153324544
v -0.12032935 0.0626250058 0.153205633
v -0.12032935 0.0628125 0.153205633
v -0.120360464 0.06300001 0.152991146
v -0.120384261 0.0626250058 0.152665973
v -0.120384261 0.0628125 0.152665973
v -0.119124159 0.0580000058 0.152105033
v -0.119490534 0.0580000058 0.151643053
v -0.119490534 0.06300001 0.151643053
v -0.119008034 0.0600000024 0.152275085
v -0.119124159 0.06300001 0.152105033
v -0.118866473 0.0580000058 0.152507484
v -0.118866473 0.06300001 0.152507484
v -0.118733913 0.0600000024 0.15276894
v -0.118716091 0.0580000058 0.152810171
v -0.118716091 0.06300001 0.152810171
v -0.118680984 0.0600000024 0.152900517
v -0.118665919 0.0580000058 0.152947426
v -0.118665919 0.06300001 0.152947426
v -0.11866942 0.0600000024 0.15293549
v -0.118665829 0.0605000034 0.152947739
v -0.118665725 0.06300001 0.152948052
v -0.118665725 0.0580000058 0.152948052
v -0.117110014 0.06300001 0.151139736
v -0.117110014 0.0580000058 0.151139736
v -0.117257982 0.06300001 0.151710436
v -0.117286354 0.0600000024 0.151859745
v -0.117286354 0.06075 0.151859745
v -0.117257982 0.0580000058 0.151710436
v -0.11733073 0.0580000058 0.152182773
v -0.117344886 0.0600000024 0.152399078
v -0.117345721 0.0580000058 0.152520433
v -0.117344886 0.06075 0.152399078
v -0.117342249 0.0600000024 0.152603343
v -0.117336035 0.0580000058 0.152666226
v -0.117342249 0.06075 0.152603343
v -0.117344886 0.0615 0.152399078
v -0.117286354 0.0615 0.151859745
v -0.117342249 0.0615 0.152603343
v -0.117337853 0.0600000024 0.152652457
v -0.117337853 0.06075 0.152652457
v -0.117337853 0.0615 0.152652457
v -0.117336035 0.06300001 0.152666226
v -0.117335975 0.0605000034 0.152666569
v -0.117337853 0.0618750043 0.152652457
v -0.117335945 0.0580000058 0.1526669
v -0.117342249 0.0618750043 0.152603343
v -0.117344886 0.0618750043 0.152399078
v -0.117335945 0.06300001 0.1526669
v -0.117273822 0.0605000034 0.153047964
v -0.117211744 0.0580000058 0.153429031
v -0.117211744 0.06300001 0.153429031
v -0.117337853 0.0622500032 0.152652457
v -0.117342249 0.0622500032 0.152603343
v -0.117286354 0.0618750043 0.151859745
v -0.117344886 0.0622500032 0.152399078
v -0.117337853 0.0624375045 0.152652457
v -0.117342249 0.0624375045 0.152603343
v -0.117286354 0.0622500032 0.151859745
v -0.117344886 0.0624375045 0.152399078
v -0.117337853 0.0626250058 0.152652457
v -0.117342249 0.0626250058 0.152603343
v -0.117286354 0.0624375045 0.151859745
v -0.117337853 0.0628125 0.152652457
v -0.117342249 0.0628125 0.152603343
v -0.117345721 0.06300001 0.152520433
v -0.117344886 0.0626250058 0.152399078
v -0.117344886 0.0628125 0.152399078
v -0.11733073 0.06300001 0.152182773
v -0.117286354 0.0626250058 0.151859745
v -0.117286354 0.0628125 0.151859745
v -0.1159372 0.0580000058 0.151573062
v -0.116199493 0.0580000058 0.151045009
v -0.116199493 0.06300001 0.151045009
v -0.115858972 0.0600000024 0.151763514
v -0.1159372 0.06300001 0.151573062
v -0.11576882 0.0580000058 0.1520203
v -0.11576882 0.06300001 0.1520203
v -0.11569351 0.0600000024 0.1523036
v -0.115684658 0.0580000058 0.152347624
v -0.115684658 0.06300001 0.152347624
v -0.1156691 0.0600000024 0.152443334
v -0.115664124 0.0580000058 0.152492329
v -0.115664124 0.06300001 0.152492329
v -0.115665048 0.0600000024 0.152479932
v -0.115664095 0.0605000034 0.152492657
v -0.115664095 0.06300001 0.152492985
v -0.115664095 0.0580000058 0.152492985
v -0.113766342 0.06300001 0.151047617
v -0.113766342 0.0580000058 0.151047617
v -0.114029765 0.06300001 0.151575089
v -0.114088595 0.0600000024 0.151715249
v -0.114088595 0.06075 0.151715249
v -0.114029765 0.0580000058 0.151575089
v -0.1141991 0.0580000058 0.152021974
v -0.114257932 0.0600000024 0.152230591
v -0.114283979 0.0580000058 0.152349129
v -0.114257932 0.06075 0.152230591
v -0.114297837 0.0600000024 0.152430966
v -0.114304841 0.0580000058 0.15249379
v -0.114297837 0.06075 0.152430966
v -0.114257932 0.0615 0.152230591
v -0.114088595 0.0615 0.151715249
v -0.114297837 0.0615 0.152430966
v -0.114303738 0.0600000024 0.152479917
v -0.114303738 0.06075 0.152479917
v -0.114303738 0.0615 0.152479917
v -0.114304841 0.06300001 0.15249379
v -0.114304841 0.0605000034 0.1524941
v -0.114303738 0.0618750043 0.152479917
v -0.114304885 0.0580000058 0.152494431
v -0.114297837 0.0618750043 0.152430966
v -0.114257932 0.0618750043 0.152230591
v -0.114304885 0.06300001 0.152494431
v -0.114323348 0.0605000034 0.1528801
v -0.11434184 0.0580000058 0.153265774
v -0.11434184 0.06300001 0.153265774
v -0.114303738 0.0622500032 0.152479917
v -0.114297837 0.0622500032 0.152430966
v -0.114088595 0.0618750043 0.151715249
v -0.114257932 0.0622500032 0.152230591
v -0.114303738 0.0624375045 0.152479917
v -0.114297837 0.0624375045 0.152430966
v -0.114088595 0.0622500032 0.151715249
v -0.114257932 0.0624375045 0.152230591
v -0.114303738 0.0626250058 0.152479917
v -0.114297837 0.0626250058 0.152430966
v -0.114088595 0.0624375045 0.151715249
v -0.114303738 0.0628125 0.152479917
v -0.114297837 0.0628125 0.152430966
v -0.114283979 0.06300001 0.152349129
v -0.114257932 0.0626250058 0.152230591
v -0.114257932 0.0628125 0.152230591
v -0.1141991 0.06300001 0.152021974
v -0.114088595 0.0626250058 0.151715249
v -0.114088595 0.0628125 0.151715249
v -0.112709284 0.0580000058 0.151715308
v -0.11285606 0.0580000058 0.151144281
v -0.11285606 0.06300001 0.151144281
v -0.112672359 0.0600000024 0.15191789
v -0.112709284 0.06300001 0.151715308
v -0.112637579 0.0580000058 0.152187809
v -0.112637579 0.06300001 0.152187809
v -0.1126228 0.0600000024 0.152480572
v -0.112623304 0.0580000058 0.152525485
v -0.112623304 0.06300001 0.152525485
v -0.112628 0.0600000024 0.152622312
v -0.112633288 0.0580000058 0.152671292
v -0.112633288 0.06300001 0.152671292
v -0.112631634 0.0600000024 0.152658939
v -0.112633348 0.0605000034 0.1526716
v -0.112633377 0.06300001 0.152671918
v -0.112633377 0.0580000058 0.152671918
v -0.110476643 0.06300001 0.151652709
v -0.110476643 0.0580000058 0.151652709
v -0.110843971 0.06300001 0.152113885
v -0.110930607 0.0600000024 0.152238742
v -0.110930607 0.06075 0.152238742
v -0.110843971 0.0580000058 0.152113885
v -0.111102521 0.0580000058 0.152515814
v -0.111203432 0.0600000024 0.152707621
v -0.11125356 0.0580000058 0.152818173
v -0.111203432 0.06075 0.152707621
v -0.111284077 0.0600000024 0.152895316
v -0.111304 0.0580000058 0.152955309
v -0.111284077 0.06075 0.152895316
v -0.111203432 0.0615 0.152707621
v -0.110930607 0.0615 0.152238742
v -0.111284077 0.0615 0.152895316
v -0.111300051 0.0600000024 0.152942
v -0.111300051 0.06075 0.152942
v -0.111300051 0.0615 0.152942
v -0.111304 0.06300001 0.152955309
v -0.111304089 0.0605000034 0.152955621
v -0.111300051 0.0618750043 0.152942
v -0.111304179 0.0580000058 0.152955934
v -0.111284077 0.0618750043 0.152895316
v -0.111203432 0.0618750043 0.152707621
v -0.111304179 0.06300001 0.152955934
v -0.111402422 0.0605000034 0.153329343
v -0.11150071 0.0580000058 0.153702736
v -0.11150071 0.06300001 0.153702736
v -0.111300051 0.0622500032 0.152942
v -0.111284077 0.0622500032 0.152895316
v -0.110930607 0.0618750043 0.152238742
v -0.111203432 0.0622500032 0.152707621
v -0.111300051 0.0624375045 0.152942
v -0.111284077 0.0624375045 0.152895316
v -0.110930607 0.0622500032 0.152238742
v -0.111203432 0.0624375045 0.152707621
v -0.111300051 0.0626250058 0.152942
v -0.111284077 0.0626250058 0.152895316
v -0.110930607 0.0624375045 0.152238742
v -0.111300051 0.0628125 0.152942
v -0.111284077 0.0628125 0.152895316
v -0.11125356 0.06300001 0.152818173
v -0.111203432 0.0626250058 0.152707621
v -0.111203432 0.0628125 0.152707621
v -0.111102521 0.06300001 0.152515814
v -0.110930607 0.0626250058 0.152238742
v -0.110930607 0.0628125 0.152238742
v -0.10958147 0.0580000058 0.1525256
v -0.109606326 0.0580000058 0.151936531
v -0.109606326 0.06300001 0.151936531
v -0.109587461 0.0600000024 0.152731419
v -0.10958147 0.06300001 0.1525256
v -0.109609574 0.0580000058 0.153002664
v -0.109609574 0.06300001 0.153002664
v -0.109655976 0.0600000024 0.1532921
v -0.109665796 0.0580000058 0.153335944
v -0.109665796 0.06300001 0.153335944
v -0.109690532 0.0600000024 0.153429657
v -0.109705895 0.0580000058 0.153476477
v -0.109705895 0.06300001 0.153476477
v -0.109701723 0.0600000024 0.153464749
v -0.109706014 0.0605000034 0.15347676
v -0.109706134 0.06300001 0.153477088
v -0.109706134 0.0580000058 0.153477088
v -0.107384592 0.06300001 0.152928561
v -0.107384592 0.0580000058 0.152928561
v -0.107839793 0.06300001 0.15330328
v -0.107950509 0.0600000024 0.1534074
v -0.107950509 0.06075 0.1534074
v -0.107839793 0.0580000058 0.15330328
v -0.108176246 0.0580000058 0.153642654
v -0.108314842 0.0600000024 0.153809309
v -0.108386844 0.0580000058 0.153907
v -0.108314842 0.06075 0.153809309
v -0.10843277 0.0600000024 0.153976113
v -0.108464733 0.0580000058 0.154030681
v -0.10843277 0.06075 0.153976113
v -0.108314842 0.0615 0.153809309
v -0.107950509 0.0615 0.1534074
v -0.10843277 0.0615 0.153976113
v -0.1084581 0.0600000024 0.154018462
v -0.1084581 0.06075 0.154018462
v -0.1084581 0.0615 0.154018462
v -0.108464733 0.06300001 0.154030681
v -0.108464867 0.0605000034 0.154030949
v -0.1084581 0.0618750043 0.154018462
v -0.108465016 0.0580000058 0.154031247
v -0.10843277 0.0618750043 0.153976113
v -0.108314842 0.0618750043 0.153809309
v -0.108465016 0.06300001 0.154031247
v -0.108638763 0.0605000034 0.154376045
v -0.108812511 0.0580000058 0.154720858
v -0.108812511 0.06300001 0.154720858
v -0.1084581 0.0622500032 0.154018462
v -0.10843277 0.0622500032 0.153976113
v -0.107950509 0.0618750043 0.1534074
v -0.108314842 0.0622500032 0.153809309
v -0.1084581 0.0624375045 0.154018462
v -0.10843277 0.0624375045 0.153976113
v -0.107950509 0.0622500032 0.1534074
v -0.108314842 0.0624375045 0.153809309
v -0.1084581 0.0626250058 0.154018462
v -0.10843277 0.0626250058 0.153976113
v -0.107950509 0.0624375045 0.1534074
v -0.1084581 0.0628125 0.154018462
v -0.10843277 0.0628125 0.153976113
v -0.108386844 0.06300001 0.153907
v -0.108314842 0.0626250058 0.153809309
v -0.108314842 0.0628125 0.153809309
v -0.108176246 0.06300001 0.153642654
v -0.107950509 0.0626250058 0.1534074
v -0.107950509 0.0628125 0.1534074
v -0.106690466 0.0580000058 0.153968468
v -0.106592327 0.0580000058 0.153387114
v -0.106592327 0.06300001 0.153387114
v -0.106739163 0.0600000024 0.154168561
v -0.106690466 0.06300001 0.153968468
v -0.106817156 0.0580000058 0.154429272
v -0.106817156 0.06300001 0.154429272
v -0.106922746 0.0600000024 0.154702738
v -0.106941462 0.0580000058 0.154743567
v -0.106941462 0.06300001 0.154743567
v -0.106985122 0.0600000024 0.154830113
v -0.107009888 0.0580000058 0.154872686
v -0.107009888 0.06300001 0.154872686
v -0.107003361 0.0600000024 0.1548621
v -0.107010067 0.0605000034 0.154872969
v -0.107010245 0.06300001 0.154873237
v -0.107010245 0.0580000058 0.154873237
v -0.104625389 0.06300001 0.1548194
v -0.104625389 0.0580000058 0.1548194
v -0.105148539 0.06300001 0.155091286
v -0.105278492 0.0600000024 0.155170083
v -0.105278492 0.06075 0.155170083
v -0.105148539 0.0580000058 0.155091286
v -0.105548233 0.0580000058 0.155353308
v -0.105718404 0.0600000024 0.155487478
v -0.105809167 0.0580000058 0.155568063
v -0.105718404 0.06075 0.155487478
v -0.105868459 0.0600000024 0.155626133
v -0.105911061 0.0580000058 0.155672848
v -0.105868459 0.06075 0.155626133
v -0.105718404 0.0615 0.155487478
v -0.105278492 0.0615 0.155170083
v -0.105868459 0.0615 0.155626133
v -0.105902046 0.0600000024 0.155662268
v -0.105902046 0.06075 0.155662268
v -0.105902046 0.0615 0.155662268
v -0.105911061 0.06300001 0.155672848
v -0.105911255 0.0605000034 0.155673087
v -0.105902046 0.0618750043 0.155662268
v -0.105911463 0.0580000058 0.155673355
v -0.105868459 0.0618750043 0.155626133
v -0.105718404 0.0618750043 0.155487478
v -0.105911463 0.06300001 0.155673355
v -0.1061531 0.0605000034 0.155974492
v -0.106394738 0.0580000058 0.15627563
v -0.106394738 0.06300001 0.15627563
v -0.105902046 0.0622500032 0.155662268
v -0.105868459 0.0622500032 0.155626133
v -0.105278492 0.0618750043 0.155170083
v -0.105718404 0.0622500032 0.155487478
v -0.105902046 0.0624375045 0.155662268
v -0.105868459 0.0624375045 0.155626133
v -0.105278492 0.0622500032 0.155170083
v -0.105718404 0.0624375045 0.155487478
v -0.105902046 0.0626250058 0.155662268
v -0.105868459 0.0626250058 0.155626133
v -0.105278492 0.0624375045 0.155170083
v -0.105902046 0.0628125 0.155662268
v -0.105868459 0.0628125 0.155626133
v -0.105809167 0.06300001 0.155568063
v -0.105718404 0.0626250058 0.155487478
v -0.105718404 0.0628125 0.155487478
v -0.105548233 0.06300001 0.155353308
v -0.105278492 0.0626250058 0.155170083
v -0.105278492 0.0628125 0.155170083
v -0.104162663 0.0580000058 0.155980885
v -0.103945762 0.0580000058 0.155432656
v -0.103945762 0.06300001 0.155432656
v -0.104251862 0.0600000024 0.156166479
v -0.104162663 0.06300001 0.155980885
v -0.104382366 0.0580000058 0.156405285
v -0.104382366 0.06300001 0.156405285
v -0.104542494 0.0600000024 0.156650826
v -0.104569286 0.0580000058 0.156686872
v -0.104569286 0.06300001 0.156686872
v -0.104630008 0.0600000024 0.156762436
v -0.104663074 0.0580000058 0.156798944
v -0.104663074 0.06300001 0.156798944
v -0.104654491 0.0600000024 0.156789944
v -0.1046633 0.0605000034 0.156799167
v -0.104663536 0.06300001 0.1567994
v -0.104663536 0.0580000058 0.1567994
v -0.102319628 0.06300001 0.157242566
v -0.102319628 0.0580000058 0.157242566
v -0.102887869 0.06300001 0.157399759
v -0.103031367 0.0600000024 0.157449827
v -0.103031367 0.06075 0.157449827
v -0.102887869 0.0580000058 0.157399759
v -0.103333265 0.0580000058 0.15757294
v -0.103527665 0.0600000024 0.1576688
v -0.103633165 0.0580000058 0.157728761
v -0.103527665 0.06075 0.1576688
v -0.103703231 0.0600000024 0.157773226
v -0.10375461 0.0580000058 0.157810062
v -0.103703231 0.06075 0.157773226
v -0.103527665 0.0615 0.1576688
v -0.103031367 0.0615 0.157449827
v -0.103703231 0.0615 0.157773226
v -0.103743583 0.0600000024 0.157801613
v -0.103743583 0.06075 0.157801613
v -0.103743583 0.0615 0.157801613
v -0.10375461 0.06300001 0.157810062
v -0.103754863 0.0605000034 0.157810256
v -0.103743583 0.0618750043 0.157801613
v -0.103755116 0.0580000058 0.157810465
v -0.103703231 0.0618750043 0.157773226
v -0.103527665 0.0618750043 0.1576688
v -0.103755116 0.06300001 0.157810465
v -0.104054093 0.0605000034 0.1580548
v -0.10435307 0.0580000058 0.158299118
v -0.10435307 0.06300001 0.158299118
v -0.103743583 0.0622500032 0.157801613
v -0.103703231 0.0622500032 0.157773226
v -0.103031367 0.0618750043 0.157449827
v -0.103527665 0.0622500032 0.1576688
v -0.103743583 0.0624375045 0.157801613
v -0.103703231 0.0624375045 0.157773226
v -0.103031367 0.0622500032 0.157449827
v -0.103527665 0.0624375045 0.1576688
v -0.103743583 0.0626250058 0.157801613
v -0.103703231 0.0626250058 0.157773226
v -0.103031367 0.0624375045 0.157449827
v -0.103743583 0.0628125 0.157801613
v -0.103703231 0.0628125 0.157773226
v -0.103633165 0.06300001 0.157728761
v -0.103527665 0.0626250058 0.1576688
v -0.103527665 0.0628125 0.1576688
v -0.103333265 0.06300001 0.15757294
v -0.103031367 0.0626250058 0.157449827
v -0.103031367 0.0628125 0.157449827
v -0.102108479 0.0580000058 0.158474892
v -0.101782352 0.0580000058 0.157983735
v -0.101782352 0.06300001 0.157983735
v -0.102234334 0.0600000024 0.158637881
v -0.102108479 0.06300001 0.158474892
v -0.102411613 0.0580000058 0.158844322
v -0.102411613 0.06300001 0.158844322
v -0.10261932 0.0600000024 0.159051225
v -0.102653027 0.0580000058 0.1590809
v -0.102653027 0.06300001 0.1590809
v -0.102728114 0.0600000024 0.1591422
v -0.102768064 0.0580000058 0.15917103
v -0.102768064 0.06300001 0.15917103
v -0.102757767 0.0600000024 0.159164011
v -0.102768332 0.0605000034 0.159171209
v -0.102768585 0.06300001 0.159171388
v -0.102768585 0.0580000058 0.159171388
v -0.100568026 0.06300001 0.16009219
v -0.100568026 0.0580000058 0.16009219
v -0.101156548 0.06300001 0.1601278
v -0.101307318 0.0600000024 0.160146937
v -0.101307318 0.06075 0.160146937
v -0.101156548 0.0580000058 0.1601278
v -0.101628229 0.0580000058 0.160204589
v -0.101838291 0.0600000024 0.16025795
v -0.101953968 0.0580000058 0.160294667
v -0.101838291 0.06075 0.16025795
v -0.102031752 0.0600000024 0.16032359
v -0.102089673 0.0580000058 0.160348937
v -0.102031752 0.06075 0.16032359
v -0.101838291 0.0615 0.16025795
v -0.101307318 0.0615 0.160146937
v -0.102031752 0.0615 0.16032359
v -0.102077127 0.0600000024 0.160342962
v -0.102077127 0.06075 0.160342962
v -0.102077127 0.0615 0.160342962
v -0.102089673 0.06300001 0.160348937
v -0.102089956 0.0605000034 0.160349086
v -0.102077127 0.0618750043 0.160342962
v -0.102090254 0.0580000058 0.16034922
v -0.102031752 0.0618750043 0.16032359
v -0.101838291 0.0618750043 0.16025795
v -0.102090254 0.06300001 0.16034922
v -0.102433488 0.0605000034 0.160526052
v -0.102776721 0.0580000058 0.160702869
v -0.102776721 0.06300001 0.160702869
v -0.102077127 0.0622500032 0.160342962
v -0.102031752 0.0622500032 0.16032359
v -0.101307318 0.0618750043 0.160146937
v -0.101838291 0.0622500032 0.16025795
v -0.102077127 0.0624375045 0.160342962
v -0.102031752 0.0624375045 0.16032359
v -0.101307318 0.0622500032 0.160146937
v -0.101838291 0.0624375045 0.16025795
v -0.102077127 0.0626250058 0.160342962
v -0.102031752 0.0626250058 0.16032359
v -0.101307318 0.0624375045 0.160146937
v -0.102077127 0.0628125 0.160342962
v -0.102031752 0.0628125 0.16032359
v -0.101953968 0.06300001 0.160294667
v -0.101838291 0.0626250058 0.16025795
v -0.101838291 0.0628125 0.16025795
v -0.101628229 0.06300001 0.160204589
v -0.101307318 0.0626250058 0.160146937
v -0.101307318 0.0628125 0.160146937
v -0.100617722 0.0580000058 0.161341488
v -0.10019657 0.0580000058 0.16092886
v -0.10019657 0.06300001 0.16092886
v -0.100774691 0.0600000024 0.161474749
v -0.100617722 0.06300001 0.161341488
v -0.100991055 0.0580000058 0.161639839
v -0.100991055 0.06300001 0.161639839
v -0.101237208 0.0600000024 0.161799029
v -0.101276338 0.0580000058 0.161821038
v -0.101276338 0.06300001 0.161821038
v -0.101362541 0.0600000024 0.161865383
v -0.101407617 0.0580000058 0.161885276
v -0.101407617 0.06300001 0.161885276
v -0.1013961 0.0600000024 0.161880568
v -0.101407915 0.0605000034 0.1618854
v -0.101408213 0.06300001 0.1618855
v -0.101408213 0.0580000058 0.1618855
v -0.09944719 0.06300001 0.163243711
v -0.09944719 0.0580000058 0.163243711
v -0.100030243 0.06300001 0.163156211
v -0.1001817 0.0600000024 0.16314356
v -0.1001817 0.06075 0.16314356
v -0.100030243 0.0580000058 0.163156211
v -0.100507572 0.0580000058 0.163133234
v -0.100724161 0.0600000024 0.163141757
v -0.100844949 0.0580000058 0.1631536
v -0.100724161 0.06075 0.163141757
v -0.100927025 0.0600000024 0.163165733
v -0.100988954 0.0580000058 0.163178489
v -0.100927025 0.06075 0.163165733
v -0.100724161 0.0615 0.163141757
v -0.1001817 0.0615 0.16314356
v -0.100927025 0.0615 0.163165733
v -0.100975454 0.0600000024 0.16317524
v -0.100975454 0.06075 0.16317524
v -0.100975454 0.0615 0.16317524
v -0.100988954 0.06300001 0.163178489
v -0.100989252 0.0605000034 0.163178563
v -0.100975454 0.0618750043 0.16317524
v -0.10098958 0.0580000058 0.163178653
v -0.100927025 0.0618750043 0.163165733
v -0.100724161 0.0618750043 0.163141757
v -0.10098958 0.06300001 0.163178653
v -0.101362079 0.0605000034 0.163280249
v -0.101734579 0.0580000058 0.163381845
v -0.101734579 0.06300001 0.163381845
v -0.100975454 0.0622500032 0.16317524
v -0.100927025 0.0622500032 0.163165733
v -0.1001817 0.0618750043 0.16314356
v -0.100724161 0.0622500032 0.163141757
v -0.100975454 0.0624375045 0.16317524
v -0.100927025 0.0624375045 0.163165733
v -0.1001817 0.0622500032 0.16314356
v -0.100724161 0.0624375045 0.163141757
v -0.100975454 0.0626250058 0.16317524
v -0.100927025 0.0626250058 0.163165733
v -0.1001817 0.0624375045 0.16314356
v -0.100975454 0.0628125 0.16317524
v -0.100927025 0.0628125 0.163165733
v -0.100844949 0.06300001 0.1631536
v -0.100724161 0.0626250058 0.163141757
v -0.100724161 0.0628125 0.163141757
v -0.100507572 0.06300001 0.163133234
v -0.1001817 0.0626250058 0.16314356
v -0.1001817 0.0628125 0.16314356
v -0.0997555554 0.0580000058 0.164455384
v -0.09925783 0.0580000058 0.164139345
v -0.09925783 0.06300001 0.164139345
v -0.09993678 0.0600000024 0.164553091
v -0.0997555554 0.06300001 0.164455384
v -0.100182742 0.0580000058 0.164669588
v -0.100182742 0.06300001 0.164669588
v -0.100456625 0.0600000024 0.16477412
v -0.100499481 0.0580000058 0.164787516
v -0.100499481 0.06300001 0.164787516
v -0.10059303 0.0600000024 0.164812967
v -0.100641251 0.0580000058 0.16482307
v -0.100641251 0.06300001 0.16482307
v -0.100628972 0.0600000024 0.16482085
v -0.100641549 0.0605000034 0.164823115
v -0.100641876 0.06300001 0.16482316
v -0.100641876 0.0580000058 0.16482316
v -0.09900609 0.06300001 0.166559428
v -0.09900609 0.0580000058 0.166559428
v -0.0995582044 0.06300001 0.16635257
v -0.0997037 0.0600000024 0.166308731
v -0.0997037 0.06075 0.166308731
v -0.0995582044 0.0580000058 0.16635257
v -0.100020334 0.0580000058 0.166230872
v -0.100233942 0.0600000024 0.166194171
v -0.100354552 0.0580000058 0.166180655
v -0.100233942 0.06075 0.166194171
v -0.100437388 0.0600000024 0.166175455
v -0.100500584 0.0580000058 0.166175053
v -0.100437388 0.06075 0.166175455
v -0.100233942 0.0615 0.166194171
v -0.0997037 0.0615 0.166308731
v -0.100437388 0.0615 0.166175455
v -0.100486711 0.0600000024 0.16617471
v -0.100486711 0.06075 0.16617471
v -0.100486711 0.0615 0.16617471
v -0.100500584 0.06300001 0.166175053
v -0.100500911 0.0605000034 0.166175082
v -0.100486711 0.0618750043 0.16617471
v -0.100501239 0.0580000058 0.166175082
v -0.100437388 0.0618750043 0.166175455
v -0.100233942 0.0618750043 0.166194171
v -0.100501239 0.06300001 0.166175082
v -0.100886732 0.0605000034 0.166197017
v -0.101272225 0.0580000058 0.166218951
v -0.101272225 0.06300001 0.166218951
v -0.100486711 0.0622500032 0.16617471
v -0.100437388 0.0622500032 0.166175455
v -0.0997037 0.0618750043 0.166308731
v -0.100233942 0.0622500032 0.166194171
v -0.100486711 0.0624375045 0.16617471
v -0.100437388 0.0624375045 0.166175455
v -0.0997037 0.0622500032 0.166308731
v -0.100233942 0.0624375045 0.166194171
v -0.100486711 0.0626250058 0.16617471
v -0.100437388 0.0626250058 0.166175455
v -0.0997037 0.0624375045 0.166308731
v -0.100486711 0.0628125 0.16617471
v -0.100437388 0.0628125 0.166175455
v -0.100354552 0.06300001 0.166180655
v -0.100233942 0.0626250058 0.166194171
v -0.100233942 0.0628125 0.166194171
v -0.100020334 0.06300001 0.166230872
v -0.0997037 0.0626250058 0.166308731
v -0.0997037 0.0628125 0.166308731
v -0.0995596051 0.0580000058 0.167680487
v -0.09900704 0.0580000058 0.167474836
v -0.09900704 0.06300001 0.167474836
v -0.0997571945 0.0600000024 0.1677384
v -0.0995596051 0.06300001 0.167680487
v -0.100022018 0.0580000058 0.167801216
v -0.100022018 0.06300001 0.167801216
v -0.100311637 0.0600000024 0.167846516
v -0.100356355 0.0580000058 0.1678507
v -0.100356355 0.06300001 0.1678507
v -0.100453123 0.0600000024 0.167856142
v -0.1005024 0.0580000058 0.167855978
v -0.1005024 0.06300001 0.167855978
v -0.100489944 0.0600000024 0.167856365
v -0.100502729 0.0605000034 0.167855978
v -0.100503057 0.06300001 0.167855963
v -0.100503057 0.0580000058 0.167855963
v -0.09926398 0.06300001 0.169894367
v -0.09926398 0.0580000058 0.169894367
v -0.0997610241 0.06300001 0.169577256
v -0.0998942554 0.0600000024 0.169504136
v -0.0998942554 0.06075 0.169504136
v -0.0997610241 0.0580000058 0.169577256
v -0.100187764 0.0580000058 0.169362143
v -0.100389063 0.0600000024 0.169281825
v -0.100504234 0.0580000058 0.169243529
v -0.100389063 0.06075 0.169281825
v -0.100584179 0.0600000024 0.169221222
v -0.10064593 0.0580000058 0.169207692
v -0.100584179 0.06075 0.169221222
v -0.100389063 0.0615 0.169281825
v -0.0998942554 0.0615 0.169504136
v -0.100584179 0.0615 0.169221222
v -0.100632265 0.0600000024 0.16921021
v -0.100632265 0.06075 0.16921021
v -0.100632265 0.0615 0.16921021
v -0.10064593 0.06300001 0.169207692
v -0.100646242 0.0605000034 0.169207633
v -0.100632265 0.0618750043 0.16921021
v -0.100646555 0.0580000058 0.169207573
v -0.100584179 0.0618750043 0.169221222
v -0.100389063 0.0618750043 0.169281825
v -0.100646555 0.06300001 0.169207573
v -0.101028189 0.0605000034 0.169148892
v -0.101409808 0.0580000058 0.1690902
v -0.101409808 0.06300001 0.1690902
v -0.100632265 0.0622500032 0.16921021
v -0.100584179 0.0622500032 0.169221222
v -0.0998942554 0.0618750043 0.169504136
v -0.100389063 0.0622500032 0.169281825
v -0.100632265 0.0624375045 0.16921021
v -0.100584179 0.0624375045 0.169221222
v -0.0998942554 0.0622500032 0.169504136
v -0.100389063 0.0624375045 0.169281825
v -0.100632265 0.0626250058 0.16921021
v -0.100584179 0.0626250058 0.169221222
v -0.0998942554 0.0624375045 0.169504136
v -0.100632265 0.0628125 0.16921021
v -0.100584179 0.0628125 0.169221222
v -0.100504234 0.06300001 0.169243529
v -0.100389063 0.0626250058 0.169281825
v -0.100389063 0.0628125 0.169281825
v -0.100187764 0.06300001 0.169362143
v -0.0998942554 0.0626250058 0.169504136
v -0.0998942554 0.0628125 0.169504136
v -0.1000385 0.0580000058 0.170875877
v -0.09945527 0.0580000058 0.17078957
v -0.09945527 0.06300001 0.17078957
v -0.100243837 0.0600000024 0.170891419
v -0.1000385 0.06300001 0.170875877
v -0.1005159 0.0580000058 0.1708978
v -0.1005159 0.06300001 0.1708978
v -0.10080862 0.0600000024 0.1708819
v -0.100853205 0.0580000058 0.1708767
v -0.100853205 0.06300001 0.1708767
v -0.100949019 0.0600000024 0.170861915
v -0.10099718 0.0580000058 0.170851514
v -0.10099718 0.06300001 0.170851514
v -0.100985065 0.0600000024 0.170854449
v -0.100997478 0.0605000034 0.170851424
v -0.100997791 0.06300001 0.17085135
v -0.100997791 0.0580000058 0.17085135
v -0.100209624 0.06300001 0.173102826
v -0.100209624 0.0580000058 0.173102826
v -0.100629896 0.06300001 0.172689289
v -0.100744992 0.0600000024 0.172590062
v -0.100744992 0.06075 0.172590062
v -0.100629896 0.0580000058 0.172689289
v -0.101002574 0.0580000058 0.172390148
v -0.101182789 0.0600000024 0.172269762
v -0.101287469 0.0580000058 0.172208339
v -0.101182789 0.06075 0.172269762
v -0.101361006 0.0600000024 0.172169909
v -0.101418614 0.0580000058 0.172143817
v -0.101361006 0.06075 0.172169909
v -0.101182789 0.0615 0.172269762
v -0.100744992 0.0615 0.172590062
v -0.101361006 0.0615 0.172169909
v -0.10140577 0.0600000024 0.172149152
v -0.10140577 0.06075 0.172149152
v -0.10140577 0.0615 0.172149152
v -0.101418614 0.06300001 0.172143817
v -0.101418883 0.0605000034 0.172143683
v -0.10140577 0.0618750043 0.172149152
v -0.10141921 0.0580000058 0.1721436
v -0.101361006 0.0618750043 0.172169909
v -0.101182789 0.0618750043 0.172269762
v -0.10141921 0.06300001 0.1721436
v -0.101780295 0.0605000034 0.172006831
v -0.102141351 0.0580000058 0.171870083
v -0.102141351 0.06300001 0.171870083
v -0.10140577 0.0622500032 0.172149152
v -0.101361006 0.0622500032 0.172169909
v -0.100744992 0.0618750043 0.172590062
v -0.101182789 0.0622500032 0.172269762
v -0.10140577 0.0624375045 0.172149152
v -0.101361006 0.0624375045 0.172169909
v -0.100744992 0.0622500032 0.172590062
v -0.101182789 0.0624375045 0.172269762
v -0.10140577 0.0626250058 0.172149152
v -0.101361006 0.0626250058 0.172169909
v -0.100744992 0.0624375045 0.172590062
v -0.10140577 0.0628125 0.172149152
v -0.101361006 0.0628125 0.172169909
v -0.101287469 0.06300001 0.172208339
v -0.101182789 0.0626250058 0.172269762
v -0.101182789 0.0628125 0.172269762
v -0.101002574 0.06300001 0.172390148
v -0.100744992 0.0626250058 0.172590062
v -0.100744992 0.0628125 0.172590062
v -0.101171285 0.0580000058 0.173901826
v -0.100582838 0.0580000058 0.1739387
v -0.100582838 0.06300001 0.1739387
v -0.101375371 0.0600000024 0.173874363
v -0.101171285 0.06300001 0.173901826
v -0.1016428 0.0580000058 0.173824042
v -0.1016428 0.06300001 0.173824042
v -0.10192582 0.0600000024 0.173747629
v -0.101968378 0.0580000058 0.173733279
v -0.101968378 0.06300001 0.173733279
v -0.102058977 0.0600000024 0.173698872
v -0.102103934 0.0580000058 0.1736787
v -0.102103934 0.06300001 0.1736787
v -0.102092713 0.0600000024 0.17368409
v -0.102104232 0.0605000034 0.173678547
v -0.102104515 0.06300001 0.173678413
v -0.102104515 0.0580000058 0.173678413
v -0.101801693 0.06300001 0.176044554
v -0.101801693 0.0580000058 0.176044554
v -0.102126777 0.06300001 0.175552711
v -0.102218747 0.0600000024 0.1754317
v -0.102218747 0.06075 0.1754317
v -0.102126777 0.0580000058 0.175552711
v -0.102429122 0.0580000058 0.175182611
v -0.102580354 0.0600000024 0.175027356
v -0.10267 0.0580000058 0.174945533
v -0.102580354 0.06075 0.175027356
v -0.10273394 0.0600000024 0.174892649
v -0.102784842 0.0580000058 0.174855143
v -0.10273394 0.06075 0.174892649
v -0.102580354 0.0615 0.175027356
v -0.102218747 0.0615 0.1754317
v -0.10273394 0.0615 0.174892649
v -0.1027734 0.0600000024 0.174863026
v -0.1027734 0.06075 0.174863026
v -0.1027734 0.0615 0.174863026
v -0.102784842 0.06300001 0.174855143
v -0.10278511 0.0605000034 0.174854964
v -0.1027734 0.0618750043 0.174863026
v -0.102785379 0.0580000058 0.1748548
v -0.10273394 0.0618750043 0.174892649
v -0.102580354 0.0618750043 0.175027356
v -0.102785379 0.06300001 0.1748548
v -0.103110135 0.0605000034 0.174645945
v -0.10343492 0.0580000058 0.1744371
v -0.10343492 0.06300001 0.1744371
v -0.1027734 0.0622500032 0.174863026
v -0.10273394 0.0622500032 0.174892649
v -0.102218747 0.0618750043 0.1754317
v -0.102580354 0.0622500032 0.175027356
v -0.1027734 0.0624375045 0.174863026
v -0.10273394 0.0624375045 0.174892649
v -0.102218747 0.0622500032 0.1754317
v -0.102580354 0.0624375045 0.175027356
v -0.1027734 0.0626250058 0.174863026
v -0.10273394 0.0626250058 0.174892649
v -0.102218747 0.0624375045 0.1754317
v -0.1027734 0.0628125 0.174863026
v -0.10273394 0.0628125 0.174892649
v -0.10267 0.06300001 0.174945533
v -0.102580354 0.0626250058 0.175027356
v -0.102580354 0.0628125 0.175027356
v -0.102429122 0.06300001 0.175182611
v -0.102218747 0.0626250058 0.1754317
v -0.102218747 0.0628125 0.1754317
v -0.102908462 0.0580000058 0.176626161
v -0.102340534 0.0580000058 0.176784575
v -0.102340534 0.06300001 0.176784575
v -0.103102341 0.0600000024 0.176556841
v -0.102908462 0.06300001 0.176626161
v -0.1033535 0.0580000058 0.176452011
v -0.1033535 0.06300001 0.176452011
v -0.10361442 0.0600000024 0.176318437
v -0.103653073 0.0580000058 0.176295549
v -0.103653073 0.06300001 0.176295549
v -0.103734583 0.0600000024 0.176243082
v -0.103774309 0.0580000058 0.176214
v -0.103774309 0.06300001 0.176214
v -0.103764489 0.0600000024 0.176221609
v -0.103774577 0.0605000034 0.176213786
v -0.103774831 0.06300001 0.176213577
v -0.103774831 0.0580000058 0.176213577
v -0.103970587 0.06300001 0.178591013
v -0.103970587 0.0580000058 0.178591013
v -0.1041863 0.06300001 0.1780423
v -0.104251087 0.0600000024 0.177904814
v -0.104251087 0.06075 0.177904814
v -0.1041863 0.0580000058 0.1780423
v -0.104405105 0.0580000058 0.177617431
v -0.104520738 0.0600000024 0.177434132
v -0.1045914 0.0580000058 0.177335441
v -0.104520738 0.06075 0.177434132
v -0.104642928 0.0600000024 0.177270412
v -0.104684949 0.0580000058 0.177223176
v -0.104642928 0.06075 0.177270412
v -0.104520738 0.0615 0.177434132
v -0.104251087 0.0615 0.177904814
v -0.104642928 0.0615 0.177270412
v -0.104675382 0.0600000024 0.177233249
v -0.104675382 0.06075 0.177233249
v -0.104675382 0.0615 0.177233249
v -0.104684949 0.06300001 0.177223176
v -0.104685172 0.0605000034 0.177222937
v -0.104675382 0.0618750043 0.177233249
v -0.104685396 0.0580000058 0.1772227
v -0.104642928 0.0618750043 0.177270412
v -0.104520738 0.0618750043 0.177434132
v -0.104685396 0.06300001 0.1772227
v -0.104959652 0.0605000034 0.176950932
v -0.105233878 0.0580000058 0.176679119
v -0.105233878 0.06300001 0.176679119
v -0.104675382 0.0622500032 0.177233249
v -0.104642928 0.0622500032 0.177270412
v -0.104251087 0.0618750043 0.177904814
v -0.104520738 0.0622500032 0.177434132
v -0.104675382 0.0624375045 0.177233249
v -0.104642928 0.0624375045 0.177270412
v -0.104251087 0.0622500032 0.177904814
v -0.104520738 0.0624375045 0.177434132
v -0.104675382 0.0626250058 0.177233249
v -0.104642928 0.0626250058 0.177270412
v -0.104251087 0.0624375045 0.177904814
v -0.104675382 0.0628125 0.177233249
v -0.104642928 0.0628125 0.177270412
v -0.1045914 0.06300001 0.177335441
v -0.104520738 0.0626250058 0.177434132
v -0.104520738 0.0628125 0.177434132
v -0.104405105 0.06300001 0.177617431
v -0.104251087 0.0626250058 0.177904814
v -0.104251087 0.0628125 0.177904814
v -0.105174065 0.0580000058 0.178929791
v -0.104651511 0.0580000058 0.17920281
v -0.104651511 0.06300001 0.17920281
v -0.105349332 0.0600000024 0.178821683
v -0.105174065 0.06300001 0.178929791
v -0.105573177 0.0580000058 0.178666919
v -0.105573177 0.06300001 0.178666919
v -0.105800658 0.0600000024 0.178482011
v -0.105833679 0.0580000058 0.178451583
v -0.105833679 0.06300001 0.178451583
v -0.105902493 0.0600000024 0.1783833
v -0.105935335 0.0580000058 0.1783466
v -0.105935335 0.06300001 0.1783466
v -0.105927289 0.0600000024 0.1783561
v -0.105935544 0.0605000034 0.178346366
v -0.105935752 0.06300001 0.1783461
v -0.105935752 0.0580000058 0.1783461
v -0.106621489 0.06300001 0.180630878
v -0.106621489 0.0580000058 0.180630878
v -0.106718421 0.06300001 0.180049285
v -0.106753215 0.0600000024 0.179901347
v -0.106753215 0.06075 0.179901347
v -0.106718421 0.0580000058 0.180049285
v -0.1068441 0.0580000058 0.179588228
v -0.10691914 0.0600000024 0.179384872
v -0.106967717 0.0580000058 0.179273665
v -0.10691914 0.06075 0.179384872
v -0.107004613 0.0600000024 0.179199338
v -0.10703589 0.0580000058 0.1791444
v -0.107004613 0.06075 0.179199338
v -0.10691914 0.0615 0.179384872
v -0.106753215 0.0615 0.179901347
v -0.107004613 0.0615 0.179199338
v -0.1070286 0.0600000024 0.179156244
v -0.1070286 0.06075 0.179156244
v -0.1070286 0.0615 0.179156244
v -0.10703589 0.06300001 0.1791444
v -0.107036054 0.0605000034 0.179144114
v -0.1070286 0.0618750043 0.179156244
v -0.107036218 0.0580000058 0.179143846
v -0.107004613 0.0618750043 0.179199338
v -0.10691914 0.0618750043 0.179384872
v -0.107036218 0.06300001 0.179143846
v -0.107247949 0.0605000034 0.178820953
v -0.107459694 0.0580000058 0.1784981
v -0.107459694 0.06300001 0.1784981
v -0.1070286 0.0622500032 0.179156244
v -0.107004613 0.0622500032 0.179199338
v -0.106753215 0.0618750043 0.179901347
v -0.10691914 0.0622500032 0.179384872
v -0.1070286 0.0624375045 0.179156244
v -0.107004613 0.0624375045 0.179199338
v -0.106753215 0.0622500032 0.179901347
v -0.10691914 0.0624375045 0.179384872
v -0.1070286 0.0626250058 0.179156244
v -0.107004613 0.0626250058 0.179199338
v -0.106753215 0.0624375045 0.179901347
v -0.1070286 0.0628125 0.179156244
v -0.107004613 0.0628125 0.179199338
v -0.106967717 0.06300001 0.179273665
v -0.10691914 0.0626250058 0.179384872
v -0.10691914 0.0628125 0.179384872
v -0.1068441 0.06300001 0.179588228
v -0.106753215 0.0626250058 0.179901347
v -0.106753215 0.0628125 0.179901347
v -0.107869148 0.0580000058 0.180712029
v -0.107414752 0.0580000058 0.181087732
v -0.107414752 0.06300001 0.181087732
v -0.10801807 0.0600000024 0.180569828
v -0.107869148 0.06300001 0.180712029
v -0.108204871 0.0580000058 0.180371925
v -0.108204871 0.06300001 0.180371925
v -0.108388916 0.0600000024 0.180143759
v -0.108414888 0.0580000058 0.180107117
v -0.108414888 0.06300001 0.180107117
v -0.108468026 0.0600000024 0.180026025
v -0.108492509 0.0580000058 0.179983288
v -0.108492509 0.06300001 0.179983288
v -0.108486593 0.0600000024 0.179994255
v -0.108492672 0.0605000034 0.179983
v -0.108492792 0.06300001 0.179982722
v -0.108492792 0.0580000058 0.179982722
v -0.109638587 0.06300001 0.182074979
v -0.109638587 0.0580000058 0.182074979
v -0.109612495 0.06300001 0.181485981
v -0.109615773 0.0600000024 0.181334034
v -0.109615773 0.06075 0.181334034
v -0.109612495 0.0580000058 0.181485981
v -0.109639555 0.0580000058 0.181008846
v -0.109670669 0.0600000024 0.180794343
v -0.109695107 0.0580000058 0.180675462
v -0.109670669 0.06075 0.180794343
v -0.109715715 0.0600000024 0.180595085
v -0.109734878 0.0580000058 0.18053484
v -0.109715715 0.06075 0.180595085
v -0.109670669 0.0615 0.180794343
v -0.109615773 0.0615 0.181334034
v -0.109715715 0.0615 0.180595085
v -0.109730244 0.0600000024 0.180547953
v -0.109730244 0.06075 0.180547953
v -0.109730244 0.0615 0.180547953
v -0.109734878 0.06300001 0.18053484
v -0.109734982 0.0605000034 0.180534542
v -0.109730244 0.0618750043 0.180547953
v -0.1097351 0.0580000058 0.180534229
v -0.109715715 0.0618750043 0.180595085
v -0.109670669 0.0618750043 0.180794343
v -0.1097351 0.06300001 0.180534229
v -0.109875083 0.0605000034 0.1801744
v -0.110015079 0.0580000058 0.179814547
v -0.110015079 0.06300001 0.179814547
v -0.109730244 0.0622500032 0.180547953
v -0.109715715 0.0622500032 0.180595085
v -0.109615773 0.0618750043 0.181334034
v -0.109670669 0.0622500032 0.180794343
v -0.109730244 0.0624375045 0.180547953
v -0.109715715 0.0624375045 0.180595085
v -0.109615773 0.0622500032 0.181334034
v -0.109670669 0.0624375045 0.180794343
v -0.109730244 0.0626250058 0.180547953
v -0.109715715 0.0626250058 0.180595085
v -0.109615773 0.0624375045 0.181334034
v -0.109730244 0.0628125 0.180547953
v -0.109715715 0.0628125 0.180595085
v -0.109695107 0.06300001 0.180675462
v -0.109670669 0.0626250058 0.180794343
v -0.109670669 0.0628125 0.180794343
v -0.109639555 0.06300001 0.181008846
v -0.109615773 0.0626250058 0.181334034
v -0.109615773 0.0628125 0.181334034
v -0.110875875 0.0580000058 0.181894988
v -0.110509515 0.0580000058 0.182356939
v -0.110509515 0.06300001 0.182356939
v -0.110991985 0.0600000024 0.181724936
v -0.110875875 0.06300001 0.181894988
v -0.111133561 0.0580000058 0.181492507
v -0.111133561 0.06300001 0.181492507
v -0.111266136 0.0600000024 0.181231067
v -0.111283928 0.0580000058 0.181189835
v -0.111283928 0.06300001 0.181189835
v -0.111319005 0.0600000024 0.18109946
v -0.1113341 0.0580000058 0.181052566
v -0.1113341 0.06300001 0.181052566
v -0.1113306 0.0600000024 0.1810645
v -0.111334175 0.0605000034 0.181052268
v -0.111334264 0.06300001 0.18105194
v -0.111334264 0.0580000058 0.18105194
v -0.112890035 0.06300001 0.18286027
v -0.112890035 0.0580000058 0.18286027
v -0.112742037 0.06300001 0.182289556
v -0.112713635 0.0600000024 0.182140261
v -0.112713635 0.06075 0.182140261
v -0.112742037 0.0580000058 0.182289556
v -0.112669304 0.0580000058 0.181817234
v -0.112655133 0.0600000024 0.181600928
v -0.1126543 0.0580000058 0.181479573
v -0.112655133 0.06075 0.181600928
v -0.112657771 0.0600000024 0.181396678
v -0.112663984 0.0580000058 0.18133375
v -0.112657771 0.06075 0.181396678
v -0.112655133 0.0615 0.181600928
v -0.112713635 0.0615 0.182140261
v -0.112657771 0.0615 0.181396678
v -0.112662196 0.0600000024 0.181347549
v -0.112662196 0.06075 0.181347549
v -0.112662196 0.0615 0.181347549
v -0.112663984 0.06300001 0.18133375
v -0.112664029 0.0605000034 0.181333423
v -0.112662196 0.0618750043 0.181347549
v -0.112664074 0.0580000058 0.18133311
v -0.112657771 0.0618750043 0.181396678
v -0.112655133 0.0618750043 0.181600928
v -0.112664074 0.06300001 0.18133311
v -0.112726182 0.0605000034 0.180952042
v -0.11278832 0.0580000058 0.18057096
v -0.11278832 0.06300001 0.18057096
v -0.112662196 0.0622500032 0.181347549
v -0.112657771 0.0622500032 0.181396678
v -0.112713635 0.0618750043 0.182140261
v -0.112655133 0.0622500032 0.181600928
v -0.112662196 0.0624375045 0.181347549
v -0.112657771 0.0624375045 0.181396678
v -0.112713635 0.0622500032 0.182140261
v -0.112655133 0.0624375045 0.181600928
v -0.112662196 0.0626250058 0.181347549
v -0.112657771 0.0626250058 0.181396678
v -0.112713635 0.0624375045 0.182140261
v -0.112662196 0.0628125 0.181347549
v -0.112657771 0.0628125 0.181396678
v -0.1126543 0.06300001 0.181479573
v -0.112655133 0.0626250058 0.181600928
v -0.112655133 0.0628125 0.181600928
v -0.112669304 0.06300001 0.181817234
v -0.112713635 0.0626250058 0.182140261
v -0.112713635 0.0628125 0.182140261
v -0.114062816 0.0580000058 0.182426959
v -0.113800526 0.0580000058 0.182954967
v -0.113800526 0.06300001 0.182954967
v -0.114141047 0.0600000024 0.182236478
v -0.114062816 0.06300001 0.182426959
v -0.1142312 0.0580000058 0.1819797
v -0.1142312 0.06300001 0.1819797
v -0.114306509 0.0600000024 0.181696385
v -0.114315361 0.0580000058 0.181652367
v -0.114315361 0.06300001 0.181652367
v -0.114330888 0.0600000024 0.181556672
v -0.114335924 0.0580000058 0.181507677
v -0.114335924 0.06300001 0.181507677
v -0.114334956 0.0600000024 0.181520075
v -0.114335924 0.0605000034 0.181507334
v -0.114335924 0.06300001 0.181507021
v -0.114335924 0.0580000058 0.181507021
v -0.116233647 0.06300001 0.182952359
v -0.116233647 0.0580000058 0.182952359
v -0.115970239 0.06300001 0.1824249
v -0.115911424 0.0600000024 0.182284757
v -0.115911424 0.06075 0.182284757
v -0.115970239 0.0580000058 0.1824249
v -0.1158009 0.0580000058 0.181978017
v -0.115742058 0.0600000024 0.181769386
v -0.11571604 0.0580000058 0.181650877
v -0.115742058 0.06075 0.181769386
v -0.1157022 0.0600000024 0.181569055
v -0.115695208 0.0580000058 0.181506217
v -0.1157022 0.06075 0.181569055
v -0.115742058 0.0615 0.181769386
v -0.115911424 0.0615 0.182284757
v -0.1157022 0.0615 0.181569055
v -0.115696311 0.0600000024 0.181520075
v -0.115696311 0.06075 0.181520075
v -0.115696311 0.0615 0.181520075
v -0.115695208 0.06300001 0.181506217
v -0.115695193 0.0605000034 0.181505889
v -0.115696311 0.0618750043 0.181520075
v -0.115695179 0.0580000058 0.181505576
v -0.1157022 0.0618750043 0.181569055
v -0.115742058 0.0618750043 0.181769386
v -0.115695179 0.06300001 0.181505576
v -0.115676671 0.0605000034 0.181119889
v -0.115658194 0.0580000058 0.180734232
v -0.115658194 0.06300001 0.180734232
v -0.115696311 0.0622500032 0.181520075
v -0.1157022 0.0622500032 0.181569055
v -0.115911424 0.0618750043 0.182284757
v -0.115742058 0.0622500032 0.181769386
v -0.115696311 0.0624375045 0.181520075
v -0.1157022 0.0624375045 0.181569055
v -0.115911424 0.0622500032 0.182284757
v -0.115742058 0.0624375045 0.181769386
v -0.115696311 0.0626250058 0.181520075
v -0.1157022 0.0626250058 0.181569055
v -0.115911424 0.0624375045 0.182284757
v -0.115696311 0.0628125 0.181520075
v -0.1157022 0.0628125 0.181569055
v -0.11571604 0.06300001 0.181650877
v -0.115742058 0.0626250058 0.181769386
v -0.115742058 0.0628125 0.181769386
v -0.1158009 0.06300001 0.181978017
v -0.115911424 0.0626250058 0.182284757
v -0.115911424 0.0628125 0.182284757
v -0.11729072 0.0580000058 0.182284668
v -0.117143959 0.0580000058 0.182855725
v -0.117143959 0.06300001 0.182855725
v -0.11732766 0.0600000024 0.1820821
v -0.11729072 0.06300001 0.182284668
v -0.11736244 0.0580000058 0.1818122
v -0.11736244 0.06300001 0.1818122
v -0.117377236 0.0600000024 0.181519419
v -0.11737673 0.0580000058 0.1814745
v -0.11737673 0.06300001 0.1814745
v -0.117372036 0.0600000024 0.1813777
v -0.117366731 0.0580000058 0.181328729
v -0.117366731 0.06300001 0.181328729
v -0.117368385 0.0600000024 0.181341052
v -0.117366672 0.0605000034 0.1813284
v -0.117366612 0.06300001 0.181328073
v -0.117366612 0.0580000058 0.181328073
v -0.119523406 0.06300001 0.1823473
v -0.119523406 0.0580000058 0.1823473
v -0.119156078 0.06300001 0.1818861
v -0.119069412 0.0600000024 0.181761265
v -0.119069412 0.06075 0.181761265
v -0.119156078 0.0580000058 0.1818861
v -0.1188975 0.0580000058 0.1814842
v -0.118796587 0.0600000024 0.181292385
v -0.118746459 0.0580000058 0.181181833
v -0.118796587 0.06075 0.181292385
v -0.118715912 0.0600000024 0.18110469
v -0.118696004 0.0580000058 0.1810447
v -0.118715912 0.06075 0.18110469
v -0.118796587 0.0615 0.181292385
v -0.119069412 0.0615 0.181761265
v -0.118715912 0.0615 0.18110469
v -0.118699938 0.0600000024 0.181058
v -0.118699938 0.06075 0.181058
v -0.118699938 0.0615 0.181058
v -0.118696004 0.06300001 0.1810447
v -0.118695915 0.0605000034 0.181044355
v -0.118699938 0.0618750043 0.181058
v -0.11869584 0.0580000058 0.181044057
v -0.118715912 0.0618750043 0.18110469
v -0.118796587 0.0618750043 0.181292385
v -0.11869584 0.06300001 0.181044057
v -0.118597582 0.0605000034 0.180670664
v -0.118499309 0.0580000058 0.180297256
v -0.118499309 0.06300001 0.180297256
v -0.118699938 0.0622500032 0.181058
v -0.118715912 0.0622500032 0.18110469
v -0.119069412 0.0618750043 0.181761265
v -0.118796587 0.0622500032 0.181292385
v -0.118699938 0.0624375045 0.181058
v -0.118715912 0.0624375045 0.18110469
v -0.119069412 0.0622500032 0.181761265
v -0.118796587 0.0624375045 0.181292385
v -0.118699938 0.0626250058 0.181058
v -0.118715912 0.0626250058 0.18110469
v -0.119069412 0.0624375045 0.181761265
v -0.118699938 0.0628125 0.181058
v -0.118715912 0.0628125 0.18110469
v -0.118746459 0.06300001 0.181181833
v -0.118796587 0.0626250058 0.181292385
v -0.118796587 0.0628125 0.181292385
v -0.1188975 0.06300001 0.1814842
v -0.119069412 0.0626250058 0.181761265
v -0.119069412 0.0628125 0.181761265
v -0.120418549 0.0580000058 0.1814744
v -0.120393679 0.0580000058 0.18206346
v -0.120393679 0.06300001 0.18206346
v -0.120412529 0.0600000024 0.181268588
v -0.120418549 0.06300001 0.1814744
v -0.120390445 0.0580000058 0.180997327
v -0.120390445 0.06300001 0.180997327
v -0.120344028 0.0600000024 0.180707887
v -0.120334208 0.0580000058 0.180664063
v -0.120334208 0.06300001 0.180664063
v -0.120309487 0.0600000024 0.180570334
v -0.120294124 0.0580000058 0.18052353
v -0.120294124 0.06300001 0.18052353
v -0.120298296 0.0600000024 0.180535257
v -0.120294005 0.0605000034 0.180523232
v -0.120293871 0.06300001 0.180522919
v -0.120293871 0.0580000058 0.180522919
v -0.122615427 0.06300001 0.18107143
v -0.122615427 0.0580000058 0.18107143
v -0.122160211 0.06300001 0.180696711
v -0.122049496 0.0600000024 0.1805926
v -0.122049496 0.06075 0.1805926
v -0.122160211 0.0580000058 0.180696711
v -0.121823773 0.0580000058 0.180357337
v -0.121685177 0.0600000024 0.1801907
v -0.12161316 0.0580000058 0.180093
v -0.121685177 0.06075 0.1801907
v -0.121567249 0.0600000024 0.1800239
v -0.121535316 0.0580000058 0.179969326
v -0.121567249 0.06075 0.1800239
v -0.121685177 0.0615 0.1801907
v -0.122049496 0.0615 0.1805926
v -0.121567249 0.0615 0.1800239
v -0.121541947 0.0600000024 0.179981545
v -0.121541947 0.06075 0.179981545
v -0.121541947 0.0615 0.179981545
v -0.121535316 0.06300001 0.179969326
v -0.121535137 0.0605000034 0.179969043
v -0.121541947 0.0618750043 0.179981545
v -0.121535 0.0580000058 0.179968745
v -0.121567249 0.0618750043 0.1800239
v -0.121685177 0.0618750043 0.1801907
v -0.121535 0.06300001 0.179968745
v -0.121361256 0.0605000034 0.179623961
v -0.121187508 0.0580000058 0.179279149
v -0.121187508 0.06300001 0.179279149
v -0.121541947 0.0622500032 0.179981545
v -0.121567249 0.0622500032 0.1800239
v -0.122049496 0.0618750043 0.1805926
v -0.121685177 0.0622500032 0.1801907
v -0.121541947 0.0624375045 0.179981545
v -0.121567249 0.0624375045 0.1800239
v -0.122049496 0.0622500032 0.1805926
v -0.121685177 0.0624375045 0.1801907
v -0.121541947 0.0626250058 0.179981545
v -0.121567249 0.0626250058 0.1800239
v -0.122049496 0.0624375045 0.1805926
v -0.121541947 0.0628125 0.179981545
v -0.121567249 0.0628125 0.1800239
v -0.12161316 0.06300001 0.180093
v -0.121685177 0.0626250058 0.1801907
v -0.121685177 0.0628125 0.1801907
v -0.121823773 0.06300001 0.180357337
v -0.122049496 0.0626250058 0.1805926
v -0.122049496 0.0628125 0.1805926
v -0.123309523 0.0580000058 0.180031523
v -0.123407722 0.0580000058 0.180612892
v -0.123407722 0.06300001 0.180612892
v -0.123260856 0.0600000024 0.17983146
v -0.123309523 0.06300001 0.180031523
v -0.123182893 0.0580000058 0.179570735
v -0.123182893 0.06300001 0.179570735
v -0.123077288 0.0600000024 0.179297253
v -0.123058558 0.0580000058 0.179256439
v -0.123058558 0.06300001 0.179256439
v -0.123014882 0.0600000024 0.179169878
v -0.122990131 0.0580000058 0.1791273
v -0.122990131 0.06300001 0.1791273
v -0.122996673 0.0600000024 0.1791379
v -0.122989967 0.0605000034 0.179127038
v -0.122989774 0.06300001 0.179126769
v -0.122989774 0.0580000058 0.179126769
v -0.125374645 0.06300001 0.1791806
v -0.125374645 0.0580000058 0.1791806
v -0.12485148 0.06300001 0.1789087
v -0.124721527 0.0600000024 0.178829908
v -0.124721527 0.06075 0.178829908
v -0.12485148 0.0580000058 0.1789087
v -0.1244518 0.0580000058 0.178646713
v -0.124281585 0.0600000024 0.178512514
v -0.124190852 0.0580000058 0.178431928
v -0.124281585 0.06075 0.178512514
v -0.12413156 0.0600000024 0.178373873
v -0.124088973 0.0580000058 0.178327173
v -0.12413156 0.06075 0.178373873
v -0.124281585 0.0615 0.178512514
v -0.124721527 0.0615 0.178829908
v -0.12413156 0.0615 0.178373873
v -0.124097988 0.0600000024 0.178337723
v -0.124097988 0.06075 0.178337723
v -0.124097988 0.0615 0.178337723
v -0.124088973 0.06300001 0.178327173
v -0.124088764 0.0605000034 0.1783269
v -0.124097988 0.0618750043 0.178337723
v -0.124088556 0.0580000058 0.178326666
v -0.12413156 0.0618750043 0.178373873
v -0.124281585 0.0618750043 0.178512514
v -0.124088556 0.06300001 0.178326666
v -0.1238469 0.0605000034 0.178025514
v -0.123605251 0.0580000058 0.177724347
v -0.123605251 0.06300001 0.177724347
v -0.124097988 0.0622500032 0.178337723
v -0.12413156 0.0622500032 0.178373873
v -0.124721527 0.0618750043 0.178829908
v -0.124281585 0.0622500032 0.178512514
v -0.124097988 0.0624375045 0.178337723
v -0.12413156 0.0624375045 0.178373873
v -0.124721527 0.0622500032 0.178829908
v -0.124281585 0.0624375045 0.178512514
v -0.124097988 0.0626250058 0.178337723
v -0.12413156 0.0626250058 0.178373873
v -0.124721527 0.0624375045 0.178829908
v -0.124097988 0.0628125 0.178337723
v -0.12413156 0.0628125 0.178373873
v -0.124190852 0.06300001 0.178431928
v -0.124281585 0.0626250058 0.178512514
v -0.124281585 0.0628125 0.178512514
v -0.1244518 0.06300001 0.178646713
v -0.124721527 0.0626250058 0.178829908
v -0.124721527 0.0628125 0.178829908
v -0.125837356 0.0580000058 0.1780191
v -0.126054257 0.0580000058 0.17856735
v -0.126054257 0.06300001 0.17856735
v -0.125748158 0.0600000024 0.177833512
v -0.125837356 0.06300001 0.1780191
v -0.125617653 0.0580000058 0.177594692
v -0.125617653 0.06300001 0.177594692
v -0.12545754 0.0600000024 0.17734918
v -0.125430733 0.0580000058 0.177313119
v -0.125430733 0.06300001 0.177313119
v -0.12537 0.0600000024 0.177237555
v -0.12533693 0.0580000058 0.177201033
v -0.12533693 0.06300001 0.177201033
v -0.125345528 0.0600000024 0.177210063
v -0.1253367 0.0605000034 0.177200824
v -0.125336468 0.06300001 0.1772006
v -0.125336468 0.0580000058 0.1772006
v -0.127680421 0.06300001 0.17675744
v -0.127680421 0.0580000058 0.17675744
v -0.12711215 0.06300001 0.176600248
v -0.126968667 0.0600000024 0.17655018
v -0.126968667 0.06075 0.17655018
v -0.12711215 0.0580000058 0.176600248
v -0.12666674 0.0580000058 0.176427051
v -0.126472354 0.0600000024 0.176331177
v -0.126366824 0.0580000058 0.17627123
v -0.126472354 0.06075 0.176331177
v -0.126296788 0.0600000024 0.17622678
v -0.126245379 0.0580000058 0.176189944
v -0.126296788 0.06075 0.17622678
v -0.126472354 0.0615 0.176331177
v -0.126968667 0.0615 0.17655018
v -0.126296788 0.0615 0.17622678
v -0.126256436 0.0600000024 0.1761984
v -0.126256436 0.06075 0.1761984
v -0.126256436 0.0615 0.1761984
v -0.126245379 0.06300001 0.176189944
v -0.126245141 0.0605000034 0.176189736
v -0.126256436 0.0618750043 0.1761984
v -0.1262449 0.0580000058 0.176189542
v -0.126296788 0.0618750043 0.17622678
v -0.126472354 0.0618750043 0.176331177
v -0.1262449 0.06300001 0.176189542
v -0.125945926 0.0605000034 0.1759452
v -0.125646949 0.0580000058 0.175700888
v -0.125646949 0.06300001 0.175700888
v -0.126256436 0.0622500032 0.1761984
v -0.126296788 0.0622500032 0.17622678
v -0.126968667 0.0618750043 0.17655018
v -0.126472354 0.0622500032 0.176331177
v -0.126256436 0.0624375045 0.1761984
v -0.126296788 0.0624375045 0.17622678
v -0.126968667 0.0622500032 0.17655018
v -0.126472354 0.0624375045 0.176331177
v -0.126256436 0.0626250058 0.1761984
v -0.126296788 0.0626250058 0.17622678
v -0.126968667 0.0624375045 0.17655018
v -0.126256436 0.0628125 0.1761984
v -0.126296788 0.0628125 0.17622678
v -0.126366824 0.06300001 0.17627123
v -0.126472354 0.0626250058 0.176331177
v -0.126472354 0.0628125 0.176331177
v -0.12666674 0.06300001 0.176427051
v -0.126968667 0.0626250058 0.17655018
v -0.126968667 0.0628125 0.17655018
v -0.127891526 0.0580000058 0.1755251
v -0.128217682 0.0580000058 0.176016271
v -0.128217682 0.06300001 0.176016271
v -0.1277657 0.0600000024 0.175362125
v -0.127891526 0.06300001 0.1755251
v -0.1275884 0.0580000058 0.175155655
v -0.1275884 0.06300001 0.175155655
v -0.127380729 0.0600000024 0.174948767
v -0.127347022 0.0580000058 0.174919114
v -0.127347022 0.06300001 0.174919114
v -0.127271891 0.0600000024 0.17485781
v -0.12723197 0.0580000058 0.174828961
v -0.12723197 0.06300001 0.174828961
v -0.127242252 0.0600000024 0.17483598
v -0.127231687 0.0605000034 0.174828783
v -0.127231434 0.06300001 0.174828619
v -0.127231434 0.0580000058 0.174828619
v -0.129432023 0.06300001 0.173907816
v -0.129432023 0.0580000058 0.173907816
v -0.1288435 0.06300001 0.1738722
v -0.128692716 0.0600000024 0.173853055
v -0.128692716 0.06075 0.173853055
v -0.1288435 0.0580000058 0.1738722
v -0.1283718 0.0580000058 0.173795417
v -0.128161728 0.0600000024 0.173742056
v -0.128046036 0.0580000058 0.173705354
v -0.128161728 0.06075 0.173742056
v -0.127968252 0.0600000024 0.173676416
v -0.127910346 0.0580000058 0.173651069
v -0.127968252 0.06075 0.173676416
v -0.128161728 0.0615 0.173742056
v -0.128692716 0.0615 0.173853055
v -0.127968252 0.0615 0.173676416
v -0.1279229 0.0600000024 0.173657045
v -0.1279229 0.06075 0.173657045
v -0.1279229 0.0615 0.173657045
v -0.127910346 0.06300001 0.173651069
v -0.127910078 0.0605000034 0.17365092
v -0.1279229 0.0618750043 0.173657045
v -0.12790978 0.0580000058 0.173650786
v -0.127968252 0.0618750043 0.173676416
v -0.128161728 0.0618750043 0.173742056
v -0.12790978 0.06300001 0.173650786
v -0.127566546 0.0605000034 0.173473954
v -0.1272233 0.0580000058 0.173297122
v -0.1272233 0.06300001 0.173297122
v -0.1279229 0.0622500032 0.173657045
v -0.127968252 0.0622500032 0.173676416
v -0.128692716 0.0618750043 0.173853055
v -0.128161728 0.0622500032 0.173742056
v -0.1279229 0.0624375045 0.173657045
v -0.127968252 0.0624375045 0.173676416
v -0.128692716 0.0622500032 0.173853055
v -0.128161728 0.0624375045 0.173742056
v -0.1279229 0.0626250058 0.173657045
v -0.127968252 0.0626250058 0.173676416
v -0.128692716 0.0624375045 0.173853055
v -0.1279229 0.0628125 0.173657045
v -0.127968252 0.0628125 0.173676416
v -0.128046036 0.06300001 0.173705354
v -0.128161728 0.0626250058 0.173742056
v -0.128161728 0.0628125 0.173742056
v -0.1283718 0.06300001 0.173795417
v -0.128692716 0.0626250058 0.173853055
v -0.128692716 0.0628125 0.173853055
v -0.129382312 0.0580000058 0.1726585
v -0.129803419 0.0580000058 0.173071131
v -0.129803419 0.06300001 0.173071131
v -0.129225343 0.0600000024 0.172525257
v -0.129382312 0.06300001 0.1726585
v -0.129008949 0.0580000058 0.172360167
v -0.129008949 0.06300001 0.172360167
v -0.128762811 0.0600000024 0.172200978
v -0.128723681 0.0580000058 0.172178969
v -0.128723681 0.06300001 0.172178969
v -0.128637478 0.0600000024 0.172134608
v -0.128592417 0.0580000058 0.172114715
v -0.128592417 0.06300001 0.172114715
v -0.1286039 0.0600000024 0.172119439
v -0.128592089 0.0605000034 0.172114611
v -0.1285918 0.06300001 0.172114477
v -0.1285918 0.0580000058 0.172114477
v -0.130552858 0.06300001 0.17075628
v -0.130552858 0.0580000058 0.17075628
v -0.129969791 0.06300001 0.17084381
v -0.12981832 0.0600000024 0.170856446
v -0.12981832 0.06075 0.170856446
v -0.129969791 0.0580000058 0.17084381
v -0.129492432 0.0580000058 0.170866743
v -0.129275858 0.0600000024 0.170858234
v -0.12915507 0.0580000058 0.170846388
v -0.129275858 0.06075 0.170858234
v -0.129072979 0.0600000024 0.170834258
v -0.12901105 0.0580000058 0.170821518
v -0.129072979 0.06075 0.170834258
v -0.129275858 0.0615 0.170858234
v -0.12981832 0.0615 0.170856446
v -0.129072979 0.0615 0.170834258
v -0.1290246 0.0600000024 0.170824751
v -0.1290246 0.06075 0.170824751
v -0.1290246 0.0615 0.170824751
v -0.12901105 0.06300001 0.170821518
v -0.129010722 0.0605000034 0.170821428
v -0.1290246 0.0618750043 0.170824751
v -0.129010439 0.0580000058 0.170821339
v -0.129072979 0.0618750043 0.170834258
v -0.129275858 0.0618750043 0.170858234
v -0.129010439 0.06300001 0.170821339
v -0.12863794 0.0605000034 0.170719758
v -0.128265455 0.0580000058 0.170618162
v -0.128265455 0.06300001 0.170618162
v -0.1290246 0.0622500032 0.170824751
v -0.129072979 0.0622500032 0.170834258
v -0.12981832 0.0618750043 0.170856446
v -0.129275858 0.0622500032 0.170858234
v -0.1290246 0.0624375045 0.170824751
v -0.129072979 0.0624375045 0.170834258
v -0.12981832 0.0622500032 0.170856446
v -0.129275858 0.0624375045 0.170858234
v -0.1290246 0.0626250058 0.170824751
v -0.129072979 0.0626250058 0.170834258
v -0.12981832 0.0624375045 0.170856446
v -0.1290246 0.0628125 0.170824751
v -0.129072979 0.0628125 0.170834258
v -0.12915507 0.06300001 0.170846388
v -0.129275858 0.0626250058 0.170858234
v -0.129275858 0.0628125 0.170858234
v -0.129492432 0.06300001 0.170866743
v -0.12981832 0.0626250058 0.170856446
v -0.12981832 0.0628125 0.170856446
v -0.130244479 0.0580000058 0.1695446
v -0.130742222 0.0580000058 0.169860661
v -0.130742222 0.06300001 0.169860661
v -0.1300632 0.0600000024 0.169446915
v -0.130244479 0.06300001 0.1695446
v -0.129817277 0.0580000058 0.169330418
v -0.129817277 0.06300001 0.169330418
v -0.129543409 0.0600000024 0.169225886
v -0.129500538 0.0580000058 0.169212475
v -0.129500538 0.06300001 0.169212475
v -0.129406989 0.0600000024 0.169187039
v -0.129358768 0.0580000058 0.169176936
v -0.129358768 0.06300001 0.169176936
v -0.129371047 0.0600000024 0.169179171
v -0.12935847 0.0605000034 0.169176877
v -0.129358158 0.06300001 0.169176847
v -0.129358158 0.0580000058 0.169176847
v -0.130993962 0.06300001 0.167440578
v -0.130993962 0.0580000058 0.167440578
v -0.130441844 0.06300001 0.167647421
v -0.13029629 0.0600000024 0.167691261
v -0.13029629 0.06075 0.167691261
v -0.130441844 0.0580000058 0.167647421
v -0.1299797 0.0580000058 0.167769134
v -0.129766077 0.0600000024 0.167805821
v -0.129645437 0.0580000058 0.167819321
v -0.129766077 0.06075 0.167805821
v -0.129562646 0.0600000024 0.167824551
v -0.129499421 0.0580000058 0.167824939
v -0.129562646 0.06075 0.167824551
v -0.129766077 0.0615 0.167805821
v -0.13029629 0.0615 0.167691261
v -0.129562646 0.0615 0.167824551
v -0.129513323 0.0600000024 0.1678253
v -0.129513323 0.06075 0.1678253
v -0.129513323 0.0615 0.1678253
v -0.129499421 0.06300001 0.167824939
v -0.129499108 0.0605000034 0.167824924
v -0.129513323 0.0618750043 0.1678253
v -0.12949878 0.0580000058 0.167824924
v -0.129562646 0.0618750043 0.167824551
v -0.129766077 0.0618750043 0.167805821
v -0.12949878 0.06300001 0.167824924
v -0.129113287 0.0605000034 0.167802975
v -0.128727809 0.0580000058 0.167781055
v -0.128727809 0.06300001 0.167781055
v -0.129513323 0.0622500032 0.1678253
v -0.129562646 0.0622500032 0.167824551
v -0.13029629 0.0618750043 0.167691261
v -0.129766077 0.0622500032 0.167805821
v -0.129513323 0.0624375045 0.1678253
v -0.129562646 0.0624375045 0.167824551
v -0.13029629 0.0622500032 0.167691261
v -0.129766077 0.0624375045 0.167805821
v -0.129513323 0.0626250058 0.1678253
v -0.129562646 0.0626250058 0.167824551
v -0.13029629 0.0624375045 0.167691261
v -0.129513323 0.0628125 0.1678253
v -0.129562646 0.0628125 0.167824551
v -0.129645437 0.06300001 0.167819321
v -0.129766077 0.0626250058 0.167805821
v -0.129766077 0.0628125 0.167805821
v -0.1299797 0.06300001 0.167769134
v -0.13029629 0.0626250058 0.167691261
v -0.13029629 0.0628125 0.167691261
v -0.130440384 0.0580000058 0.1663195
v -0.130992964 0.0580000058 0.166525155
v -0.130992964 0.06300001 0.166525155
v -0.1302428 0.0600000024 0.1662616
v -0.130440384 0.06300001 0.1663195
v -0.129978016 0.0580000058 0.1661988
v -0.129978016 0.06300001 0.1661988
v -0.129688382 0.0600000024 0.1661535
v -0.129643679 0.0580000058 0.166149288
v -0.129643679 0.06300001 0.166149288
v -0.129546881 0.0600000024 0.166143849
v -0.129497632 0.0580000058 0.166144013
v -0.129497632 0.06300001 0.166144013
v -0.129510075 0.0600000024 0.166143641
v -0.129497319 0.0605000034 0.166144028
v -0.129496992 0.06300001 0.166144043
v -0.129496992 0.0580000058 0.166144043
v -0.1286762 0.0605000034 0.16842261
v -0.128727809 0.0580000058 0.167781055
v -0.128594652 0.0580000058 0.1690611
v -0.128594652 0.06300001 0.1690611
v -0.128727809 0.06300001 0.167781055
v -0.131000012 0.0605000034 0.166982859
v -0.130993962 0.0580000058 0.167440578
v -0.130993962 0.06300001 0.167440578
v -0.130992964 0.06300001 0.166525155
v -0.130992964 0.0580000058 0.166525155
v -0.129111543 0.0605000034 0.1661668
v -0.129496992 0.06300001 0.166144043
v -0.1287261 0.06300001 0.166189551
v -0.1287261 0.0580000058 0.166189551
v -0.129496992 0.0580000058 0.166144043
v -0.130653933 0.0605000034 0.170309827
v -0.130552858 0.0580000058 0.17075628
v -0.130552858 0.06300001 0.17075628
v -0.130742222 0.06300001 0.169860661
v -0.130742222 0.0580000058 0.169860661
v -0.1289764 0.0605000034 0.169118956
v -0.129358158 0.06300001 0.169176847
v -0.128594652 0.06300001 0.1690611
v -0.128594652 0.0580000058 0.1690611
v -0.129358158 0.0580000058 0.169176847
v -0.128081575 0.0605000034 0.17123498
v -0.128265455 0.0580000058 0.170618162
v -0.12786907 0.0580000058 0.17184253
v -0.12786907 0.06300001 0.17184253
v -0.128265455 0.06300001 0.170618162
v -0.125228077 0.0605000034 0.1761896
v -0.125646949 0.0580000058 0.175700888
v -0.124786839 0.0580000058 0.1766582
v -0.124786839 0.06300001 0.1766582
v -0.125646949 0.06300001 0.175700888
v -0.128230423 0.0605000034 0.1719785
v -0.1285918 0.06300001 0.172114477
v -0.12786907 0.06300001 0.17184253
v -0.12786907 0.0580000058 0.17184253
v -0.1285918 0.0580000058 0.172114477
v -0.1296237 0.0605000034 0.173492119
v -0.129432023 0.0580000058 0.173907816
v -0.129432023 0.06300001 0.173907816
v -0.129803419 0.06300001 0.173071131
v -0.129803419 0.0580000058 0.173071131
v -0.126915216 0.0605000034 0.173862234
v -0.1272233 0.0580000058 0.173297122
v -0.126581028 0.0580000058 0.17441234
v -0.126581028 0.06300001 0.17441234
v -0.1272233 0.06300001 0.173297122
v -0.127954334 0.0605000034 0.176390707
v -0.127680421 0.0580000058 0.17675744
v -0.127680421 0.06300001 0.17675744
v -0.128217682 0.06300001 0.176016271
v -0.128217682 0.0580000058 0.176016271
v -0.126906216 0.0605000034 0.174620464
v -0.127231434 0.06300001 0.174828619
v -0.126581028 0.06300001 0.17441234
v -0.126581028 0.0580000058 0.17441234
v -0.127231434 0.0580000058 0.174828619
v -0.125718832 0.0605000034 0.178878859
v -0.125374645 0.0580000058 0.1791806
v -0.125374645 0.06300001 0.1791806
v -0.126054257 0.06300001 0.17856735
v -0.126054257 0.0580000058 0.17856735
v -0.125061661 0.0605000034 0.176929384
v -0.125336468 0.06300001 0.1772006
v -0.124786839 0.06300001 0.1766582
v -0.124786839 0.0580000058 0.1766582
v -0.125336468 0.0580000058 0.1772006
v -0.123093933 0.0605000034 0.178115323
v -0.123605251 0.0580000058 0.177724347
v -0.122564912 0.0580000058 0.178481936
v -0.122564912 0.06300001 0.178481936
v -0.123605251 0.06300001 0.177724347
v -0.117873192 0.0605000034 0.180446446
v -0.118499309 0.0580000058 0.180297256
v -0.117240787 0.0580000058 0.1805662
v -0.117240787 0.06300001 0.1805662
v -0.118499309 0.06300001 0.180297256
v -0.122777373 0.0605000034 0.178804353
v -0.122989774 0.06300001 0.179126769
v -0.122564912 0.06300001 0.178481936
v -0.122564912 0.0580000058 0.178481936
v -0.122989774 0.0580000058 0.179126769
v -0.123014838 0.0605000034 0.180847824
v -0.122615427 0.0580000058 0.18107143
v -0.122615427 0.06300001 0.18107143
v -0.123407722 0.06300001 0.180612892
v -0.123407722 0.0580000058 0.180612892
v -0.120606095 0.0605000034 0.179555252
v -0.121187508 0.0580000058 0.179279149
v -0.120012373 0.0580000058 0.179803863
v -0.120012373 0.06300001 0.179803863
v -0.121187508 0.06300001 0.179279149
v -0.119960576 0.0605000034 0.1822116
v -0.119523406 0.0580000058 0.1823473
v -0.119523406 0.06300001 0.1823473
v -0.120393679 0.06300001 0.18206346
v -0.120393679 0.0580000058 0.18206346
v -0.120153144 0.0605000034 0.1801634
v -0.120293871 0.06300001 0.180522919
v -0.120012373 0.06300001 0.179803863
v -0.120012373 0.0580000058 0.179803863
v -0.120293871 0.0580000058 0.180522919
v -0.116689518 0.0605000034 0.182910547
v -0.116233647 0.0580000058 0.182952359
v -0.116233647 0.06300001 0.182952359
v -0.117143959 0.06300001 0.182855725
v -0.117143959 0.0580000058 0.182855725
v -0.1173037 0.0605000034 0.18094714
v -0.117366612 0.06300001 0.181328073
v -0.117240787 0.06300001 0.1805662
v -0.117240787 0.0580000058 0.1805662
v -0.117366612 0.0580000058 0.181328073
v -0.115014732 0.0605000034 0.18075
v -0.115658194 0.0580000058 0.180734232
v -0.11437124 0.0580000058 0.180735618
v -0.11437124 0.06300001 0.180735618
v -0.115658194 0.06300001 0.180734232
v -0.109420836 0.0605000034 0.179567248
v -0.110015079 0.0580000058 0.179814547
v -0.108838841 0.0580000058 0.179292381
v -0.108838841 0.06300001 0.179292381
v -0.110015079 0.06300001 0.179814547
v -0.1143536 0.0605000034 0.1811213
v -0.114335924 0.06300001 0.181507021
v -0.11437124 0.06300001 0.180735618
v -0.11437124 0.0580000058 0.180735618
v -0.114335924 0.0580000058 0.181507021
v -0.113344595 0.0605000034 0.182914138
v -0.112890035 0.0580000058 0.18286027
v -0.112890035 0.06300001 0.18286027
v -0.113800526 0.06300001 0.182954967
v -0.113800526 0.0580000058 0.182954967
v -0.112155616 0.0605000034 0.180452585
v -0.11278832 0.0580000058 0.18057096
v -0.111529171 0.0580000058 0.180304736
v -0.111529171 0.06300001 0.180304736
v -0.11278832 0.06300001 0.18057096
v -0.110072047 0.0605000034 0.182222188
v -0.109638587 0.0580000058 0.182074979
v -0.109638587 0.06300001 0.182074979
v -0.110509515 0.06300001 0.182356939
v -0.110509515 0.0580000058 0.182356939
v -0.111431748 0.0605000034 0.180678338
v -0.111334264 0.06300001 0.18105194
v -0.111529171 0.06300001 0.180304736
v -0.111529171 0.0580000058 0.180304736
v -0.111334264 0.0580000058 0.18105194
v -0.107014865 0.0605000034 0.18086496
v -0.106621489 0.0580000058 0.180630878
v -0.106621489 0.06300001 0.180630878
v -0.107414752 0.06300001 0.181087732
v -0.107414752 0.0580000058 0.181087732
v -0.108665824 0.0605000034 0.179637551
v -0.108492792 0.06300001 0.179982722
v -0.108838841 0.06300001 0.179292381
v -0.108838841 0.0580000058 0.179292381
v -0.108492792 0.0580000058 0.179982722
v -0.106929868 0.0605000034 0.178132638
v -0.107459694 0.0580000058 0.1784981
v -0.106417745 0.0580000058 0.177742764
v -0.106417745 0.06300001 0.177742764
v -0.107459694 0.06300001 0.1784981
v -0.103099525 0.0605000034 0.173887745
v -0.10343492 0.0580000058 0.1744371
v -0.102790236 0.0580000058 0.173323274
v -0.102790236 0.06300001 0.173323274
v -0.10343492 0.06300001 0.1744371
v -0.106176734 0.0605000034 0.178044438
v -0.105935752 0.06300001 0.1783461
v -0.106417745 0.06300001 0.177742764
v -0.106417745 0.0580000058 0.177742764
v -0.105935752 0.0580000058 0.1783461
v -0.104306668 0.0605000034 0.178901777
v -0.103970587 0.0580000058 0.178591013
v -0.103970587 0.06300001 0.178591013
v -0.104651511 0.06300001 0.17920281
v -0.104651511 0.0580000058 0.17920281
v -0.104791641 0.0605000034 0.176211491
v -0.105233878 0.0580000058 0.176679119
v -0.104371727 0.0580000058 0.175723657
v -0.104371727 0.06300001 0.175723657
v -0.105233878 0.06300001 0.176679119
v -0.1020658 0.0605000034 0.176418424
v -0.101801693 0.0580000058 0.176044554
v -0.101801693 0.06300001 0.176044554
v -0.102340534 0.06300001 0.176784575
v -0.102340534 0.0580000058 0.176784575
v -0.1040733 0.0605000034 0.175968632
v -0.103774831 0.06300001 0.176213577
v -0.104371727 0.06300001 0.175723657
v -0.104371727 0.0580000058 0.175723657
v -0.103774831 0.0580000058 0.176213577
v -0.10039027 0.0605000034 0.173523441
v -0.100209624 0.0580000058 0.173102826
v -0.100209624 0.06300001 0.173102826
v -0.100582838 0.06300001 0.1739387
v -0.100582838 0.0580000058 0.1739387
v -0.102447391 0.0605000034 0.173500851
v -0.102104515 0.06300001 0.173678413
v -0.102790236 0.06300001 0.173323274
v -0.102790236 0.0580000058 0.173323274
v -0.102104515 0.0580000058 0.173678413
v -0.101927549 0.0605000034 0.171263
v -0.102141351 0.0580000058 0.171870083
v -0.101742357 0.0580000058 0.170646563
v -0.101742357 0.06300001 0.170646563
v -0.102141351 0.06300001 0.171870083
v -0.101323813 0.0605000034 0.165577367
v -0.101272225 0.0580000058 0.166218951
v -0.101405352 0.0580000058 0.164938912
v -0.101405352 0.06300001 0.164938912
v -0.101272225 0.06300001 0.166218951
v -0.101370081 0.0605000034 0.170748949
v -0.100997791 0.06300001 0.17085135
v -0.101742357 0.06300001 0.170646563
v -0.101742357 0.0580000058 0.170646563
v -0.100997791 0.0580000058 0.17085135
v -0.099353224 0.0605000034 0.170343354
v -0.09926398 0.0580000058 0.169894367
v -0.09926398 0.06300001 0.169894367
v -0.09945527 0.06300001 0.17078957
v -0.09945527 0.0580000058 0.17078957
v -0.101326883 0.0605000034 0.1684519
v -0.101409808 0.0580000058 0.1690902
v -0.101273924 0.0580000058 0.16781044
v -0.101273924 0.06300001 0.16781044
v -0.101409808 0.06300001 0.1690902
v -0.09900002 0.0605000034 0.167017147
v -0.09900609 0.0580000058 0.166559428
v -0.09900609 0.06300001 0.166559428
v -0.09900704 0.06300001 0.167474836
v -0.09900704 0.0580000058 0.167474836
v -0.100888491 0.0605000034 0.167833209
v -0.100503057 0.06300001 0.167855963
v -0.101273924 0.06300001 0.16781044
v -0.101273924 0.0580000058 0.16781044
v -0.100503057 0.0580000058 0.167855963
v -0.09934609 0.0605000034 0.16369018
v -0.09944719 0.0580000058 0.163243711
v -0.09944719 0.06300001 0.163243711
v -0.09925783 0.06300001 0.164139345
v -0.09925783 0.0580000058 0.164139345
v -0.101023614 0.0605000034 0.164881051
v -0.100641876 0.06300001 0.16482316
v -0.101405352 0.06300001 0.164938912
v -0.101405352 0.0580000058 0.164938912
v -0.100641876 0.0580000058 0.16482316
v -0.101918429 0.0605000034 0.162765026
v -0.101734579 0.0580000058 0.163381845
v -0.102130979 0.0580000058 0.162157476
v -0.102130979 0.06300001 0.162157476
v -0.101734579 0.06300001 0.163381845
v -0.104771912 0.0605000034 0.1578104
v -0.10435307 0.0580000058 0.158299118
v -0.105213165 0.0580000058 0.157341808
v -0.105213165 0.06300001 0.157341808
v -0.10435307 0.06300001 0.158299118
v -0.101769581 0.0605000034 0.162021488
v -0.101408213 0.06300001 0.1618855
v -0.102130979 0.06300001 0.162157476
v -0.102130979 0.0580000058 0.162157476
v -0.101408213 0.0580000058 0.1618855
v -0.100376323 0.0605000034 0.160507873
v -0.100568026 0.0580000058 0.16009219
v -0.100568026 0.06300001 0.16009219
v -0.10019657 0.06300001 0.16092886
v -0.10019657 0.0580000058 0.16092886
v -0.1030848 0.0605000034 0.160137773
v -0.102776721 0.0580000058 0.160702869
v -0.103418991 0.0580000058 0.159587651
v -0.103418991 0.06300001 0.159587651
v -0.102776721 0.06300001 0.160702869
v -0.10204567 0.0605000034 0.1576093
v -0.102319628 0.0580000058 0.157242566
v -0.102319628 0.06300001 0.157242566
v -0.101782352 0.06300001 0.157983735
v -0.101782352 0.0580000058 0.157983735
v -0.1030938 0.0605000034 0.159379512
v -0.102768585 0.06300001 0.159171388
v -0.103418991 0.06300001 0.159587651
v -0.103418991 0.0580000058 0.159587651
v -0.102768585 0.0580000058 0.159171388
v -0.1042812 0.0605000034 0.155121148
v -0.104625389 0.0580000058 0.1548194
v -0.104625389 0.06300001 0.1548194
v -0.103945762 0.06300001 0.155432656
v -0.103945762 0.0580000058 0.155432656
v -0.104938358 0.0605000034 0.157070622
v -0.104663536 0.06300001 0.1567994
v -0.105213165 0.06300001 0.157341808
v -0.105213165 0.0580000058 0.157341808
v -0.104663536 0.0580000058 0.1567994
v -0.106906056 0.0605000034 0.155884683
v -0.106394738 0.0580000058 0.15627563
v -0.107435107 0.0580000058 0.15551807
v -0.107435107 0.06300001 0.15551807
v -0.106394738 0.06300001 0.15627563
v -0.112126812 0.0605000034 0.15355356
v -0.11150071 0.0580000058 0.153702736
v -0.112759233 0.0580000058 0.153433815
v -0.112759233 0.06300001 0.153433815
v -0.11150071 0.06300001 0.153702736
v -0.107222676 0.0605000034 0.155195653
v -0.107010245 0.06300001 0.154873237
v -0.107435107 0.06300001 0.15551807
v -0.107435107 0.0580000058 0.15551807
v -0.107010245 0.0580000058 0.154873237
v -0.106985182 0.0605000034 0.153152168
v -0.107384592 0.0580000058 0.152928561
v -0.107384592 0.06300001 0.152928561
v -0.106592327 0.06300001 0.153387114
v -0.106592327 0.0580000058 0.153387114
v -0.109393939 0.0605000034 0.154444754
v -0.108812511 0.0580000058 0.154720858
v -0.109987646 0.0580000058 0.154196143
v -0.109987646 0.06300001 0.154196143
v -0.108812511 0.06300001 0.154720858
v -0.110039443 0.0605000034 0.1517884
v -0.110476643 0.0580000058 0.151652709
v -0.110476643 0.06300001 0.151652709
v -0.109606326 0.06300001 0.151936531
v -0.109606326 0.0580000058 0.151936531
v -0.10984689 0.0605000034 0.153836608
v -0.109706134 0.06300001 0.153477088
v -0.109987646 0.06300001 0.154196143
v -0.109987646 0.0580000058 0.154196143
v -0.109706134 0.0580000058 0.153477088
v -0.113310516 0.0605000034 0.151089445
v -0.113766342 0.0580000058 0.151047617
v -0.113766342 0.06300001 0.151047617
v -0.11285606 0.06300001 0.151144281
v -0.11285606 0.0580000058 0.151144281
v -0.11269629 0.0605000034 0.153052866
v -0.112633377 0.06300001 0.152671918
v -0.112759233 0.06300001 0.153433815
v -0.112759233 0.0580000058 0.153433815
v -0.112633377 0.0580000058 0.152671918
v -0.114985272 0.0605000034 0.15325
v -0.11434184 0.0580000058 0.153265774
v -0.115628779 0.0580000058 0.153264359
v -0.115628779 0.06300001 0.153264359
v -0.11434184 0.06300001 0.153265774
v -0.120579183 0.0605000034 0.154432759
v -0.11998494 0.0580000058 0.154185429
v -0.121161178 0.0580000058 0.154707611
v -0.121161178 0.06300001 0.154707611
v -0.11998494 0.06300001 0.154185429
v -0.115646422 0.0605000034 0.152878672
v -0.115664095 0.06300001 0.152492985
v -0.115628779 0.06300001 0.153264359
v -0.115628779 0.0580000058 0.153264359
v -0.115664095 0.0580000058 0.152492985
v -0.116655424 0.0605000034 0.151085854
v -0.117110014 0.0580000058 0.151139736
v -0.117110014 0.06300001 0.151139736
v -0.116199493 0.06300001 0.151045009
v -0.116199493 0.0580000058 0.151045009
v -0.117844388 0.0605000034 0.153547421
v -0.117211744 0.0580000058 0.153429031
v -0.118470818 0.0580000058 0.15369527
v -0.118470818 0.06300001 0.15369527
v -0.117211744 0.06300001 0.153429031
v -0.119928 0.0605000034 0.1517778
v -0.120361432 0.0580000058 0.151925012
v -0.120361432 0.06300001 0.151925012
v -0.119490534 0.06300001 0.151643053
v -0.119490534 0.0580000058 0.151643053
v -0.118568271 0.0605000034 0.153321654
v -0.118665725 0.06300001 0.152948052
v -0.118470818 0.06300001 0.15369527
v -0.118470818 0.0580000058 0.15369527
v -0.118665725 0.0580000058 0.152948052
v -0.122985154 0.0605000034 0.153135031
v -0.12337853 0.0580000058 0.153369129
v -0.12337853 0.06300001 0.153369129
v -0.122585282 0.06300001 0.152912274
v -0.122585282 0.0580000058 0.152912274
v -0.121334195 0.0605000034 0.154362455
v -0.121507227 0.06300001 0.154017285
v -0.121161178 0.06300001 0.154707611
v -0.121161178 0.0580000058 0.154707611
v -0.121507227 0.0580000058 0.154017285
v -0.123070121 0.0605000034 0.155867368
v -0.122540325 0.0580000058 0.1555019
v -0.123582289 0.0580000058 0.156257242
v -0.123582289 0.06300001 0.156257242
v -0.122540325 0.06300001 0.1555019
v -0.1269005 0.0605000034 0.160112262
v -0.126565129 0.0580000058 0.159562886
v -0.1272098 0.0580000058 0.160676733
v -0.1272098 0.06300001 0.160676733
v -0.126565129 0.06300001 0.159562886
v -0.123823285 0.0605000034 0.155955568
v -0.124064267 0.06300001 0.155653909
v -0.123582289 0.06300001 0.156257242
v -0.123582289 0.0580000058 0.156257242
v -0.124064267 0.0580000058 0.155653909
v -0.125693381 0.0605000034 0.15509823
v -0.126029462 0.0580000058 0.155409
v -0.126029462 0.06300001 0.155409
v -0.125348508 0.06300001 0.154797181
v -0.125348508 0.0580000058 0.154797181
v -0.125208378 0.0605000034 0.157788515
v -0.124766141 0.0580000058 0.157320872
v -0.1256283 0.0580000058 0.158276334
v -0.1256283 0.06300001 0.158276334
v -0.124766141 0.06300001 0.157320872
v -0.1279342 0.0605000034 0.157581583
v -0.128198355 0.0580000058 0.157955438
v -0.128198355 0.06300001 0.157955438
v -0.127659485 0.06300001 0.157215431
v -0.127659485 0.0580000058 0.157215431
v -0.126225173 0.0580000058 0.1577864
v -0.125926733 0.0605000034 0.158031374
v -0.1256283 0.0580000058 0.158276334
v -0.126225173 0.06300001 0.1577864
v -0.1256283 0.06300001 0.158276334
v -0.129609764 0.0605000034 0.160476565
v -0.1297904 0.0580000058 0.160897166
v -0.1297904 0.06300001 0.160897166
v -0.129417181 0.06300001 0.1600613
v -0.129417181 0.0580000058 0.1600613
v -0.1278955 0.0580000058 0.1603216
v -0.127552643 0.0605000034 0.160499156
v -0.1272098 0.0580000058 0.160676733
v -0.1278955 0.06300001 0.1603216
v -0.1272098 0.06300001 0.160676733
v -0.12807247 0.0605000034 0.162737012
v -0.128257647 0.0580000058 0.163353443
v -0.128257647 0.06300001 0.163353443
v -0.127858669 0.06300001 0.162129909
v -0.127858669 0.0580000058 0.162129909
v -0.128673136 0.0605000034 0.165548086
v -0.128590211 0.06300001 0.16490981
v -0.128590211 0.0580000058 0.16490981
v -0.1287261 0.0580000058 0.166189551
v -0.1287261 0.06300001 0.166189551
v -0.128629938 0.0605000034 0.163251057
v -0.129002213 0.06300001 0.163148671
v -0.128257647 0.06300001 0.163353443
v -0.128257647 0.0580000058 0.163353443
v -0.129002213 0.0580000058 0.163148671
v -0.130646825 0.0605000034 0.163656667
v -0.130736038 0.0580000058 0.164105624
v -0.130736038 0.06300001 0.164105624
v -0.130544752 0.06300001 0.163210422
v -0.130544752 0.0580000058 0.163210422
v -0.119701505 0.0600000024 0.168617412
v -0.119502515 0.0600000024 0.169699281
v -0.118990466 0.0600000024 0.169552624
v -0.120002955 0.0600000024 0.169744655
v -0.1193943 0.0600000024 0.168529451
v -0.120001793 0.0600000024 0.168644637
v -0.11849764 0.0600000024 0.169298
v -0.120503291 0.0600000024 0.169698179
v -0.119098574 0.0600000024 0.168376639
v -0.120301992 0.0600000024 0.168616772
v -0.118057549 0.0600000024 0.168941259
v -0.121015012 0.0600000024 0.169550478
v -0.118834525 0.0600000024 0.168162629
v -0.120609015 0.0600000024 0.16852814
v -0.117699891 0.0600000024 0.168501943
v -0.121507287 0.0600000024 0.16929476
v -0.118619919 0.0600000024 0.167899013
v -0.120904386 0.0600000024 0.168374717
v -0.117444158 0.0600000024 0.168009639
v -0.121946633 0.0600000024 0.168937087
v -0.118466511 0.0600000024 0.167603642
v -0.121167988 0.0600000024 0.168160111
v -0.117296457 0.0600000024 0.167497933
v -0.122303367 0.0600000024 0.168497026
v -0.118377894 0.0600000024 0.167296618
v -0.121382013 0.0600000024 0.167896062
v -0.122558 0.0600000024 0.16800417
v -0.121534824 0.0600000024 0.167600363
v -0.117250025 0.0600000024 0.1669976
v -0.11835 0.0600000024 0.1669964
v -0.118377224 0.0600000024 0.166696161
v -0.117295384 0.0600000024 0.166497141
v -0.118465215 0.0600000024 0.166388929
v -0.117441982 0.0600000024 0.165985122
v -0.118618011 0.0600000024 0.16609323
v -0.117696658 0.0600000024 0.1654923
v -0.118832022 0.0600000024 0.165829152
v -0.118053377 0.0600000024 0.165052176
v -0.119095623 0.0600000024 0.165614575
v -0.118492723 0.0600000024 0.1646945
v -0.119390994 0.0600000024 0.165461153
v -0.118985012 0.0600000024 0.164438814
v -0.119698018 0.0600000024 0.1653725
v -0.119496733 0.0600000024 0.1642911
v -0.119998232 0.0600000024 0.165344641
v -0.119997054 0.0600000024 0.164244637
v -0.120497495 0.0600000024 0.164290011
v -0.120298505 0.0600000024 0.165371865
v -0.121009544 0.0600000024 0.164436653
v -0.120605707 0.0600000024 0.165459841
v -0.12150237 0.0600000024 0.1646913
v -0.120901421 0.0600000024 0.165612653
v -0.121942461 0.0600000024 0.165048018
v -0.121165484 0.0600000024 0.165826663
v -0.122300148 0.0600000024 0.165487349
v -0.121380091 0.0600000024 0.16609028
v -0.122555852 0.0600000024 0.165979654
v -0.1215335 0.0600000024 0.166385651
v -0.122703567 0.0600000024 0.166491345
v -0.121622145 0.0600000024 0.166692659
v -0.122750014 0.0600000024 0.1669917
v -0.12165001 0.0600000024 0.166992873
v -0.122704625 0.0600000024 0.167492151
v -0.1216228 0.0600000024 0.167293146
v -0.109701514 0.0600000024 0.168628126
v -0.109502524 0.0600000024 0.169709966
v -0.10899049 0.0600000024 0.169563353
v -0.110002965 0.0600000024 0.16975534
v -0.1093943 0.0600000024 0.16854015
v -0.110001773 0.0600000024 0.168655366
v -0.108497649 0.0600000024 0.169308692
v -0.110503316 0.0600000024 0.169708908
v -0.109098613 0.0600000024 0.168387368
v -0.110302 0.0600000024 0.168627486
v -0.108057529 0.0600000024 0.168951973
v -0.111015022 0.0600000024 0.169561192
v -0.108834535 0.0600000024 0.168173343
v -0.110609025 0.0600000024 0.168538854
v -0.107699886 0.0600000024 0.168512657
v -0.1115073 0.0600000024 0.169305474
v -0.108619928 0.0600000024 0.167909741
v -0.110904381 0.0600000024 0.168385416
v -0.107444167 0.0600000024 0.168020353
v -0.111946642 0.0600000024 0.168947816
v -0.108466506 0.0600000024 0.167614356
v -0.111168 0.0600000024 0.168170825
v -0.107296452 0.0600000024 0.167508632
v -0.112303376 0.0600000024 0.16850771
v -0.108377874 0.0600000024 0.167307332
v -0.111382023 0.0600000024 0.167906776
v -0.112558022 0.0600000024 0.168014869
v -0.111534804 0.0600000024 0.167611063
v -0.107250005 0.0600000024 0.1670083
v -0.108350009 0.0600000024 0.167007118
v -0.108377218 0.0600000024 0.16670686
v -0.107295394 0.0600000024 0.16650784
v -0.108465225 0.0600000024 0.166399658
v -0.107442021 0.0600000024 0.165995821
v -0.108618006 0.0600000024 0.166103929
v -0.107696682 0.0600000024 0.165503
v -0.108832046 0.0600000024 0.165839881
v -0.108053386 0.0600000024 0.1650629
v -0.109095663 0.0600000024 0.165625289
v -0.108492717 0.0600000024 0.164705217
v -0.109391004 0.0600000024 0.165471852
v -0.108984992 0.0600000024 0.164449528
v -0.109698027 0.0600000024 0.16538322
v -0.109496728 0.0600000024 0.1643018
v -0.109998226 0.0600000024 0.165355355
v -0.109997064 0.0600000024 0.164255351
v -0.110497534 0.0600000024 0.16430074
v -0.110298514 0.0600000024 0.1653826
v -0.111009538 0.0600000024 0.164447352
v -0.110605747 0.0600000024 0.165470555
v -0.111502349 0.0600000024 0.164702
v -0.11090143 0.0600000024 0.165623352
v -0.11194247 0.0600000024 0.165058732
v -0.111165479 0.0600000024 0.165837377
v -0.112300128 0.0600000024 0.165498063
v -0.1113801 0.0600000024 0.166101
v -0.112555861 0.0600000024 0.165990368
v -0.111533523 0.0600000024 0.16639635
v -0.112703547 0.0600000024 0.166502059
v -0.111622125 0.0600000024 0.166703358
v -0.112750009 0.0600000024 0.1670024
v -0.111650005 0.0600000024 0.167003587
v -0.112704635 0.0600000024 0.167502865
v -0.111622781 0.0600000024 0.167303845
f 1 2 3
f 1 3 4
f 5 1 4
f 4 3 6
f 7 5 4
f 8 4 6
f 7 4 8
f 8 6 9
f 10 7 8
f 11 8 9
f 10 8 11
f 11 9 12
f 13 10 11
f 14 11 12
f 13 11 14
f 14 12 15
f 16 13 14
f 17 14 15
f 16 14 17
f 17 15 18
f 19 16 17
f 20 17 18
f 19 17 20
f 20 18 21
f 22 20 21
f 23 19 20
f 23 20 22
f 22 21 24
f 25 23 22
f 26 22 24
f 27 25 22
f 28 22 26
f 27 22 28
f 29 28 26
f 30 27 28
f 31 28 29
f 31 30 28
f 32 31 29
f 31 32 30
f 32 29 33
f 32 34 30
f 35 32 33
f 32 35 34
f 35 33 36
f 35 37 34
f 38 35 36
f 35 38 37
f 38 36 39
f 38 40 37
f 41 38 39
f 38 41 40
f 41 39 42
f 41 43 40
f 44 41 42
f 41 44 43
f 44 42 45
f 44 46 43
f 47 44 45
f 44 47 46
f 47 45 48
f 46 47 49
f 47 48 49
f 48 50 49
f 50 51 49
f 49 51 52
f 50 53 51
f 51 54 52
f 53 55 51
f 51 55 54
f 53 56 55
f 55 57 54
f 56 58 55
f 55 58 57
f 56 59 58
f 58 60 57
f 59 61 58
f 58 61 60
f 59 62 61
f 61 63 60
f 62 64 61
f 61 64 63
f 62 65 64
f 64 66 63
f 65 67 64
f 64 67 66
f 65 68 67
f 68 69 67
f 67 70 66
f 67 69 70
f 68 71 69
f 69 72 70
f 71 73 69
f 69 74 72
f 73 75 69
f 69 75 74
f 73 76 75
f 75 77 74
f 76 78 75
f 75 78 77
f 76 79 78
f 79 77 78
f 80 79 76
f 79 81 77
f 82 79 80
f 79 82 81
f 83 82 80
f 82 84 81
f 85 82 83
f 82 85 84
f 86 85 83
f 85 87 84
f 88 85 86
f 85 88 87
f 89 88 86
f 88 90 87
f 91 88 89
f 88 91 90
f 92 91 89
f 91 93 90
f 94 91 92
f 91 94 93
f 95 94 92
f 94 96 93
f 94 95 96
f 97 98 99
f 97 99 100
f 101 97 100
f 100 99 102
f 103 101 100
f 104 100 102
f 103 100 104
f 104 102 105
f 106 103 104
f 107 104 105
f 106 104 107
f 107 105 108
f 109 106 107
f 110 107 108
f 109 107 110
f 110 108 111
f 112 109 110
f 113 110 111
f 112 110 113
f 113 111 114
f 115 112 113
f 116 113 114
f 115 113 116
f 116 114 117
f 118 116 117
f 119 115 116
f 119 116 118
f 118 117 120
f 121 119 118
f 122 118 120
f 123 121 118
f 124 118 122
f 123 118 124
f 125 124 122
f 126 123 124
f 127 124 125
f 127 126 124
f 128 127 125
f 127 128 126
f 128 125 129
f 128 130 126
f 131 128 129
f 128 131 130
f 131 129 132
f 131 133 130
f 134 131 132
f 131 134 133
f 134 132 135
f 134 136 133
f 137 134 135
f 134 137 136
f 137 135 138
f 137 139 136
f 140 137 138
f 137 140 139
f 140 138 141
f 140 142 139
f 143 140 141
f 140 143 142
f 143 141 144
f 142 143 145
f 143 144 145
f 144 146 145
f 146 147 145
f 145 147 148
f 146 149 147
f 147 150 148
f 149 151 147
f 147 151 150
f 149 152 151
f 151 153 150
f 152 154 151
f 151 154 153
f 152 155 154
f 154 156 153
f 155 157 154
f 154 157 156
f 155 158 157
f 157 159 156
f 158 160 157
f 157 160 159
f 158 161 160
f 160 162 159
f 161 163 160
f 160 163 162
f 161 164 163
f 164 165 163
f 163 166 162
f 163 165 166
f 164 167 165
f 165 168 166
f 167 169 165
f 165 170 168
f 169 171 165
f 165 171 170
f 169 172 171
f 171 173 170
f 172 174 171
f 171 174 173
f 172 175 174
f 175 173 174
f 176 175 172
f 175 177 173
f 178 175 176
f 175 178 177
f 179 178 176
f 178 180 177
f 181 178 179
f 178 181 180
f 182 181 179
f 181 183 180
f 184 181 182
f 181 184 183
f 185 184 182
f 184 186 183
f 187 184 185
f 184 187 186
f 188 187 185
f 187 189 186
f 190 187 188
f 187 190 189
f 191 190 188
f 190 192 189
f 190 191 192
f 193 194 195
f 193 195 196
f 197 193 196
f 196 195 198
f 199 197 196
f 200 196 198
f 199 196 200
f 200 198 201
f 202 199 200
f 203 200 201
f 202 200 203
f 203 201 204
f 205 202 203
f 206 203 204
f 205 203 206
f 206 204 207
f 208 205 206
f 209 206 207
f 208 206 209
f 209 207 210
f 211 208 209
f 212 209 210
f 211 209 212
f 212 210 213
f 214 212 213
f 215 211 212
f 215 212 214
f 214 213 216
f 217 215 214
f 218 214 216
f 219 217 214
f 220 214 218
f 219 214 220
f 221 220 218
f 222 219 220
f 223 220 221
f 223 222 220
f 224 223 221
f 223 224 222
f 224 221 225
f 224 226 222
f 227 224 225
f 224 227 226
f 227 225 228
f 227 229 226
f 230 227 228
f 227 230 229
f 230 228 231
f 230 232 229
f 233 230 231
f 230 233 232
f 233 231 234
f 233 235 232
f 236 233 234
f 233 236 235
f 236 234 237
f 236 238 235
f 239 236 237
f 236 239 238
f 239 237 240
f 238 239 241
f 239 240 241
f 240 242 241
f 242 243 241
f 241 243 244
f 242 245 243
f 243 246 244
f 245 247 243
f 243 247 246
f 245 248 247
f 247 249 246
f 248 250 247
f 247 250 249
f 248 251 250
f 250 252 249
f 251 253 250
f 250 253 252
f 251 254 253
f 253 255 252
f 254 256 253
f 253 256 255
f 254 257 256
f 256 258 255
f 257 259 256
f 256 259 258
f 257 260 259
f 260 261 259
f 259 262 258
f 259 261 262
f 260 263 261
f 261 264 262
f 263 265 261
f 261 266 264
f 265 267 261
f 261 267 266
f 265 268 267
f 267 269 266
f 268 270 267
f 267 270 269
f 268 271 270
f 271 269 270
f 272 271 268
f 271 273 269
f 274 271 272
f 271 274 273
f 275 274 272
f 274 276 273
f 277 274 275
f 274 277 276
f 278 277 275
f 277 279 276
f 280 277 278
f 277 280 279
f 281 280 278
f 280 282 279
f 283 280 281
f 280 283 282
f 284 283 281
f 283 285 282
f 286 283 284
f 283 286 285
f 287 286 284
f 286 288 285
f 286 287 288
f 289 290 291
f 289 291 292
f 293 289 292
f 292 291 294
f 295 293 292
f 296 292 294
f 295 292 296
f 296 294 297
f 298 295 296
f 299 296 297
f 298 296 299
f 299 297 300
f 301 298 299
f 302 299 300
f 301 299 302
f 302 300 303
f 304 301 302
f 305 302 303
f 304 302 305
f 305 303 306
f 307 304 305
f 308 305 306
f 307 305 308
f 308 306 309
f 310 308 309
f 311 307 308
f 311 308 310
f 310 309 312
f 313 311 310
f 314 310 312
f 315 313 310
f 316 310 314
f 315 310 316
f 317 316 314
f 318 315 316
f 319 316 317
f 319 318 316
f 320 319 317
f 319 320 318
f 320 317 321
f 320 322 318
f 323 320 321
f 320 323 322
f 323 321 324
f 323 325 322
f 326 323 324
f 323 326 325
f 326 324 327
f 326 328 325
f 329 326 327
f 326 329 328
f 329 327 330
f 329 331 328
f 332 329 330
f 329 332 331
f 332 330 333
f 332 334 331
f 335 332 333
f 332 335 334
f 335 333 336
f 334 335 337
f 335 336 337
f 336 338 337
f 338 339 337
f 337 339 340
f 338 341 339
f 339 342 340
f 341 343 339
f 339 343 342
f 341 344 343
f 343 345 342
f 344 346 343
f 343 346 345
f 344 347 346
f 346 348 345
f 347 349 346
f 346 349 348
f 347 350 349
f 349 351 348
f 350 352 349
f 349 352 351
f 350 353 352
f 352 354 351
f 353 355 352
f 352 355 354
f 353 356 355
f 356 357 355
f 355 358 354
f 355 357 358
f 356 359 357
f 357 360 358
f 359 361 357
f 357 362 360
f 361 363 357
f 357 363 362
f 361 364 363
f 363 365 362
f 364 366 363
f 363 366 365
f 364 367 366
f 367 365 366
f 368 367 364
f 367 369 365
f 370 367 368
f 367 370 369
f 371 370 368
f 370 372 369
f 373 370 371
f 370 373 372
f 374 373 371
f 373 375 372
f 376 373 374
f 373 376 375
f 377 376 374
f 376 378 375
f 379 376 377
f 376 379 378
f 380 379 377
f 379 381 378
f 382 379 380
f 379 382 381
f 383 382 380
f 382 384 381
f 382 383 384
f 385 386 387
f 385 387 388
f 389 385 388
f 388 387 390
f 391 389 388
f 392 388 390
f 391 388 392
f 392 390 393
f 394 391 392
f 395 392 393
f 394 392 395
f 395 393 396
f 397 394 395
f 398 395 396
f 397 395 398
f 398 396 399
f 400 397 398
f 401 398 399
f 400 398 401
f 401 399 402
f 403 400 401
f 404 401 402
f 403 401 404
f 404 402 405
f 406 404 405
f 407 403 404
f 407 404 406
f 406 405 408
f 409 407 406
f 410 406 408
f 411 409 406
f 412 406 410
f 411 406 412
f 413 412 410
f 414 411 412
f 415 412 413
f 415 414 412
f 416 415 413
f 415 416 414
f 416 413 417
f 416 418 414
f 419 416 417
f 416 419 418
f 419 417 420
f 419 421 418
f 422 419 420
f 419 422 421
f 422 420 423
f 422 424 421
f 425 422 423
f 422 425 424
f 425 423 426
f 425 427 424
f 428 425 426
f 425 428 427
f 428 426 429
f 428 430 427
f 431 428 429
f 428 431 430
f 431 429 432
f 430 431 433
f 431 432 433
f 432 434 433
f 434 435 433
f 433 435 436
f 434 437 435
f 435 438 436
f 437 439 435
f 435 439 438
f 437 440 439
f 439 441 438
f 440 442 439
f 439 442 441
f 440 443 442
f 442 444 441
f 443 445 442
f 442 445 444
f 443 446 445
f 445 447 444
f 446 448 445
f 445 448 447
f 446 449 448
f 448 450 447
f 449 451 448
f 448 451 450
f 449 452 451
f 452 453 451
f 451 454 450
f 451 453 454
f 452 455 453
f 453 456 454
f 455 457 453
f 453 458 456
f 457 459 453
f 453 459 458
f 457 460 459
f 459 461 458
f 460 462 459
f 459 462 461
f 460 463 462
f 463 461 462
f 464 463 460
f 463 465 461
f 466 463 464
f 463 466 465
f 467 466 464
f 466 468 465
f 469 466 467
f 466 469 468
f 470 469 467
f 469 471 468
f 472 469 470
f 469 472 471
f 473 472 470
f 472 474 471
f 475 472 473
f 472 475 474
f 476 475 473
f 475 477 474
f 478 475 476
f 475 478 477
f 479 478 476
f 478 480 477
f 478 479 480
f 481 482 483
f 482 484 483
f 485 483 484
f 482 486 484
f 486 487 484
f 487 488 484
f 487 489 488
f 490 485 484
f 490 484 488
f 489 491 488
f 489 492 491
f 493 490 488
f 493 488 491
f 490 494 485
f 485 495 483
f 485 494 495
f 493 496 490
f 496 494 490
f 492 497 491
f 498 491 497
f 498 493 491
f 492 498 497
f 498 499 493
f 499 496 493
f 492 500 498
f 500 499 498
f 492 501 500
f 500 502 499
f 502 496 499
f 503 501 492
f 504 494 496
f 502 504 496
f 505 495 494
f 504 505 494
f 501 503 506
f 501 506 500
f 503 507 506
f 507 503 508
f 506 507 509
f 507 508 509
f 510 504 502
f 500 510 502
f 510 511 504
f 511 505 504
f 495 505 512
f 495 512 483
f 505 513 512
f 505 511 513
f 510 514 511
f 510 500 514
f 511 514 515
f 511 515 513
f 513 516 512
f 483 512 516
f 516 513 517
f 513 515 517
f 514 518 515
f 514 500 518
f 515 518 519
f 517 515 519
f 520 516 517
f 520 483 516
f 500 521 518
f 519 518 521
f 500 522 521
f 522 519 521
f 522 500 523
f 524 517 519
f 524 520 517
f 522 524 519
f 525 522 523
f 524 522 525
f 523 526 525
f 526 524 525
f 520 524 527
f 483 520 527
f 526 527 524
f 526 483 528
f 483 527 528
f 526 528 527
f 529 530 531
f 529 531 532
f 532 531 533
f 534 529 532
f 532 533 535
f 534 532 536
f 536 532 535
f 537 534 536
f 536 535 538
f 537 536 539
f 539 536 538
f 540 537 539
f 538 541 539
f 540 539 542
f 541 542 539
f 541 540 542
f 543 540 541
f 543 541 544
f 540 543 545
f 545 543 544
f 546 547 548
f 549 546 548
f 549 548 550
f 551 549 550
f 551 550 552
f 553 551 552
f 553 552 554
f 554 552 555
f 556 553 554
f 553 556 557
f 556 554 558
f 559 556 558
f 559 558 560
f 561 559 560
f 562 560 558
f 562 558 563
f 561 560 564
f 565 562 563
f 566 561 564
f 566 564 567
f 566 568 561
f 569 566 567
f 568 570 561
f 569 567 571
f 572 565 563
f 572 563 573
f 572 574 565
f 575 572 573
f 574 576 565
f 568 577 570
f 577 568 578
f 577 579 570
f 570 579 580
f 577 581 579
f 581 582 579
f 581 583 582
f 583 584 582
f 583 585 584
f 585 586 584
f 574 587 576
f 587 588 576
f 587 589 588
f 587 574 590
f 589 587 591
f 587 592 591
f 589 591 593
f 594 589 593
f 594 593 595
f 596 594 595
f 596 595 597
f 598 596 597
f 598 597 599
f 587 600 592
f 601 598 599
f 601 599 602
f 601 602 603
f 604 601 603
f 604 603 605
f 606 604 605
f 606 605 607
f 608 606 607
f 608 607 609
f 600 587 610
f 611 608 609
f 587 612 610
f 587 613 612
f 614 611 609
f 613 587 615
f 616 611 614
f 617 616 614
f 616 618 611
f 616 617 619
f 616 619 620
f 621 616 620
f 616 621 622
f 618 616 623
f 616 622 624
f 625 615 587
f 626 625 587
f 627 626 587
f 625 628 615
f 625 629 628
f 629 630 628
f 629 631 630
f 631 632 630
f 631 633 632
f 633 634 632
f 633 635 634
f 634 635 636
f 635 637 636
f 635 638 637
f 638 639 637
f 638 640 639
f 640 641 639
f 640 642 641
f 642 643 641
f 642 644 643
f 644 624 643
f 644 616 624
f 616 644 645
f 616 645 646
f 647 616 646
f 647 646 648
f 616 647 623
f 623 647 649
f 650 647 648
f 647 651 649
f 652 647 650
f 653 652 650
f 654 651 647
f 654 655 651
f 652 653 656
f 653 657 656
f 652 656 658
f 653 659 657
f 660 652 658
f 647 652 661
f 647 661 662
f 663 647 662
f 663 654 647
f 662 661 664
f 661 665 664
f 659 666 657
f 659 667 666
f 666 668 657
f 667 669 666
f 668 670 657
f 667 671 669
f 662 664 672
f 665 673 664
f 668 674 670
f 674 668 675
f 674 676 670
f 670 676 677
f 674 678 676
f 678 679 676
f 678 680 679
f 680 681 679
f 680 682 681
f 682 683 681
f 665 684 673
f 684 665 685
f 684 686 673
f 673 686 687
f 684 688 686
f 688 689 686
f 688 690 689
f 690 691 689
f 690 692 691
f 692 693 691
f 694 695 696
f 695 697 696
f 695 698 697
f 695 699 698
f 696 697 700
f 697 701 700
f 696 700 702
f 703 696 702
f 703 702 704
f 702 705 704
f 705 706 704
f 705 707 706
f 699 708 698
f 699 709 708
f 708 710 698
f 699 711 709
f 710 712 698
f 711 713 709
f 710 714 712
f 711 715 713
f 715 716 713
f 711 717 715
f 714 718 712
f 714 719 718
f 712 718 720
f 715 721 716
f 721 571 716
f 721 569 571
f 721 722 569
f 717 723 715
f 722 724 569
f 719 725 718
f 719 726 725
f 718 727 720
f 726 728 725
f 726 729 728
f 725 728 730
f 729 731 728
f 729 732 731
f 728 733 730
f 732 734 731
f 732 655 734
f 731 734 735
f 655 736 734
f 655 654 736
f 654 737 736
f 734 738 735
f 654 739 737
f 733 740 730
f 730 740 741
f 733 742 740
f 742 733 743
f 742 744 740
f 742 745 744
f 745 746 744
f 745 747 746
f 747 748 746
f 747 749 748
f 739 750 737
f 737 750 751
f 739 752 750
f 752 739 753
f 752 754 750
f 752 755 754
f 755 756 754
f 755 757 756
f 757 758 756
f 757 759 758
f 760 761 762
f 760 762 763
f 764 760 763
f 764 763 765
f 766 764 765
f 766 765 767
f 727 766 767
f 766 727 768
f 727 767 720
f 720 767 769
f 770 771 772
f 770 772 773
f 774 770 773
f 774 773 775
f 776 774 775
f 776 775 777
f 738 776 777
f 776 738 778
f 738 777 735
f 735 777 779
f 780 781 782
f 781 783 782
f 781 784 783
f 781 663 784
f 663 662 784
f 784 662 785
f 783 786 782
f 786 783 787
f 786 788 782
f 786 789 788
f 789 790 788
f 789 791 790
f 791 792 790
f 791 793 792
f 662 794 785
f 785 794 795
f 662 796 794
f 797 796 662
f 797 662 672
f 797 672 798
f 796 799 794
f 796 797 799
f 794 800 795
f 801 794 799
f 802 797 798
f 797 803 799
f 800 804 795
f 795 804 805
f 800 806 804
f 806 800 807
f 806 808 804
f 806 809 808
f 809 810 808
f 809 811 810
f 811 812 810
f 811 813 812
f 803 814 799
f 801 799 814
f 803 815 814
f 803 816 815
f 817 801 814
f 801 817 818
f 815 819 814
f 817 814 819
f 815 817 819
f 816 820 815
f 817 821 818
f 816 822 820
f 822 816 823
f 822 824 820
f 820 824 825
f 822 826 824
f 826 827 824
f 826 828 827
f 828 829 827
f 828 830 829
f 830 831 829
f 821 832 818
f 818 832 833
f 821 834 832
f 834 821 835
f 834 836 832
f 834 837 836
f 837 838 836
f 837 839 838
f 839 840 838
f 839 841 840
f 842 802 843
f 802 844 843
f 802 798 844
f 798 845 844
f 844 846 843
f 846 847 843
f 846 848 847
f 848 849 847
f 848 850 849
f 850 851 849
f 852 853 854
f 852 854 855
f 856 852 855
f 856 855 857
f 858 856 857
f 858 857 859
f 860 858 859
f 858 860 861
f 860 859 862
f 862 859 863
f 864 860 862
f 864 862 865
f 866 864 865
f 866 865 867
f 866 868 864
f 868 869 864
f 870 866 867
f 868 871 869
f 870 867 872
f 873 870 872
f 872 867 874
f 873 872 875
f 867 876 874
f 877 873 875
f 871 878 869
f 869 878 879
f 871 880 878
f 627 880 871
f 878 881 879
f 880 627 587
f 876 882 874
f 874 882 883
f 876 884 882
f 884 876 885
f 884 886 882
f 884 887 886
f 887 888 886
f 887 889 888
f 889 890 888
f 889 891 890
f 880 587 892
f 893 880 892
f 892 587 894
f 893 892 895
f 893 895 896
f 897 893 896
f 895 898 896
f 898 895 899
f 898 900 896
f 898 901 900
f 901 902 900
f 901 903 902
f 903 904 902
f 903 905 904
f 587 906 894
f 894 906 907
f 587 908 906
f 906 909 907
f 908 587 910
f 587 590 910
f 908 910 911
f 912 908 911
f 909 913 907
f 907 913 914
f 909 915 913
f 915 909 916
f 915 917 913
f 915 918 917
f 918 919 917
f 918 920 919
f 920 921 919
f 920 922 921
f 912 911 923
f 911 924 923
f 912 923 925
f 926 912 925
f 923 927 925
f 927 928 925
f 927 929 928
f 929 930 928
f 929 931 930
f 931 932 930
f 933 660 934
f 660 935 934
f 660 658 935
f 658 936 935
f 935 937 934
f 937 938 934
f 937 939 938
f 939 940 938
f 939 941 940
f 941 942 940
f 943 944 945
f 946 943 945
f 946 945 947
f 948 946 947
f 948 947 949
f 950 948 949
f 950 949 951
f 951 949 952
f 953 950 951
f 950 953 954
f 953 951 669
f 955 953 669
f 671 955 669
f 671 956 955
f 956 957 955
f 956 958 957
f 958 959 957
f 958 960 959
f 959 961 957
f 960 962 959
f 961 963 957
f 960 964 962
f 961 965 963
f 965 961 966
f 965 967 963
f 963 967 968
f 965 969 967
f 969 970 967
f 969 971 970
f 971 972 970
f 971 973 972
f 973 974 972
f 964 975 962
f 964 976 975
f 975 977 962
f 976 978 975
f 976 979 978
f 977 980 962
f 979 981 978
f 979 982 981
f 978 981 983
f 982 984 981
f 982 877 984
f 877 875 984
f 984 875 985
f 981 986 983
f 875 987 985
f 977 988 980
f 988 989 980
f 977 990 988
f 990 977 991
f 990 992 988
f 990 993 992
f 993 994 992
f 994 995 992
f 994 996 995
f 996 994 997
f 987 998 985
f 985 998 999
f 987 1000 998
f 1000 987 1001
f 1000 1002 998
f 1000 1003 1002
f 1003 1004 1002
f 1003 1005 1004
f 1005 1006 1004
f 1005 1007 1006
f 1008 1009 1010
f 1008 1010 1011
f 1012 1008 1011
f 1012 1011 1013
f 1014 1012 1013
f 1014 1013 1015
f 986 1014 1015
f 1014 986 1016
f 986 1015 983
f 983 1015 1017
f 1018 1019 1020
f 1018 1020 1021
f 1022 1018 1021
f 1022 1021 1023
f 1024 1022 1023
f 1024 1023 1025
f 881 1024 1025
f 1024 881 1026
f 881 1025 879
f 879 1025 1027
f 1028 1029 1030
f 1031 1028 1030
f 1031 1030 1032
f 1033 1031 1032
f 1033 1032 1034
f 1035 1033 1034
f 1035 1034 1036
f 1036 1034 1037
f 1038 1035 1036
f 1035 1038 1039
f 1038 1036 590
f 574 1038 590
f 1040 575 1041
f 575 1042 1041
f 575 573 1042
f 573 1043 1042
f 1042 1044 1041
f 1044 1045 1041
f 1044 1046 1045
f 1046 1047 1045
f 1046 1048 1047
f 1048 1049 1047
f 1050 1051 1052
f 1053 1050 1052
f 1053 1052 1054
f 1055 1053 1054
f 1055 1054 1056
f 1057 1055 1056
f 1057 1056 724
f 724 1056 1058
f 722 1057 724
f 1057 722 1059
f 1060 1061 1062
f 1063 1060 1062
f 1063 1062 1064
f 1065 1063 1064
f 1065 1064 1066
f 1067 1065 1066
f 1067 1066 723
f 723 1066 1068
f 717 1067 723
f 1067 717 1069
f 1070 1071 1072
f 1071 1073 1072
f 1074 1072 1073
f 1071 1075 1073
f 1075 1076 1073
f 1076 1077 1073
f 1076 1078 1077
f 1079 1074 1073
f 1079 1073 1077
f 1078 1080 1077
f 1078 1081 1080
f 1082 1079 1077
f 1082 1077 1080
f 1079 1083 1074
f 1074 1084 1072
f 1074 1083 1084
f 1082 1085 1079
f 1085 1083 1079
f 1081 1086 1080
f 1087 1080 1086
f 1087 1082 1080
f 1081 1087 1086
f 1087 1088 1082
f 1088 1085 1082
f 1081 1089 1087
f 1089 1088 1087
f 1081 1090 1089
f 1089 1091 1088
f 1091 1085 1088
f 1092 1090 1081
f 1093 1083 1085
f 1091 1093 1085
f 1094 1084 1083
f 1093 1094 1083
f 1090 1092 1095
f 1090 1095 1089
f 1092 1096 1095
f 1096 1092 1097
f 1095 1096 1098
f 1096 1097 1098
f 1099 1093 1091
f 1089 1099 1091
f 1099 1100 1093
f 1100 1094 1093
f 1084 1094 1101
f 1084 1101 1072
f 1094 1102 1101
f 1094 1100 1102
f 1099 1103 1100
f 1099 1089 1103
f 1100 1103 1104
f 1100 1104 1102
f 1102 1105 1101
f 1072 1101 1105
f 1105 1102 1106
f 1102 1104 1106
f 1103 1107 1104
f 1103 1089 1107
f 1104 1107 1108
f 1106 1104 1108
f 1109 1105 1106
f 1109 1072 1105
f 1089 1110 1107
f 1108 1107 1110
f 1089 1111 1110
f 1111 1108 1110
f 1111 1089 1112
f 1113 1106 1108
f 1113 1109 1106
f 1111 1113 1108
f 1114 1111 1112
f 1113 1111 1114
f 1112 1115 1114
f 1115 1113 1114
f 1109 1113 1116
f 1072 1109 1116
f 1115 1116 1113
f 1115 1072 1117
f 1072 1116 1117
f 1115 1117 1116
f 1118 1119 1120
f 1118 1120 1121
f 1121 1120 1122
f 1123 1118 1121
f 1121 1122 1124
f 1123 1121 1125
f 1125 1121 1124
f 1126 1123 1125
f 1125 1124 1127
f 1126 1125 1128
f 1128 1125 1127
f 1129 1126 1128
f 1127 1130 1128
f 1129 1128 1131
f 1130 1131 1128
f 1130 1129 1131
f 1132 1129 1130
f 1132 1130 1133
f 1129 1132 1134
f 1134 1132 1133
f 1135 1136 1137
f 1136 1138 1137
f 1139 1137 1138
f 1136 1140 1138
f 1140 1141 1138
f 1141 1142 1138
f 1141 1143 1142
f 1144 1139 1138
f 1144 1138 1142
f 1143 1145 1142
f 1143 1146 1145
f 1147 1144 1142
f 1147 1142 1145
f 1144 1148 1139
f 1139 1149 1137
f 1139 1148 1149
f 1147 1150 1144
f 1150 1148 1144
f 1146 1151 1145
f 1152 1145 1151
f 1152 1147 1145
f 1146 1152 1151
f 1152 1153 1147
f 1153 1150 1147
f 1146 1154 1152
f 1154 1153 1152
f 1146 1155 1154
f 1154 1156 1153
f 1156 1150 1153
f 1157 1155 1146
f 1158 1148 1150
f 1156 1158 1150
f 1159 1149 1148
f 1158 1159 1148
f 1155 1157 1160
f 1155 1160 1154
f 1157 1161 1160
f 1161 1157 1162
f 1160 1161 1163
f 1161 1162 1163
f 1164 1158 1156
f 1154 1164 1156
f 1164 1165 1158
f 1165 1159 1158
f 1149 1159 1166
f 1149 1166 1137
f 1159 1167 1166
f 1159 1165 1167
f 1164 1168 1165
f 1164 1154 1168
f 1165 1168 1169
f 1165 1169 1167
f 1167 1170 1166
f 1137 1166 1170
f 1170 1167 1171
f 1167 1169 1171
f 1168 1172 1169
f 1168 1154 1172
f 1169 1172 1173
f 1171 1169 1173
f 1174 1170 1171
f 1174 1137 1170
f 1154 1175 1172
f 1173 1172 1175
f 1154 1176 1175
f 1176 1173 1175
f 1176 1154 1177
f 1178 1171 1173
f 1178 1174 1171
f 1176 1178 1173
f 1179 1176 1177
f 1178 1176 1179
f 1177 1180 1179
f 1180 1178 1179
f 1174 1178 1181
f 1137 1174 1181
f 1180 1181 1178
f 1180 1137 1182
f 1137 1181 1182
f 1180 1182 1181
f 1183 1184 1185
f 1183 1185 1186
f 1186 1185 1187
f 1188 1183 1186
f 1186 1187 1189
f 1188 1186 1190
f 1190 1186 1189
f 1191 1188 1190
f 1190 1189 1192
f 1191 1190 1193
f 1193 1190 1192
f 1194 1191 1193
f 1192 1195 1193
f 1194 1193 1196
f 1195 1196 1193
f 1195 1194 1196
f 1197 1194 1195
f 1197 1195 1198
f 1194 1197 1199
f 1199 1197 1198
f 1200 1201 1202
f 1203 1200 1202
f 1203 1202 1204
f 1205 1203 1204
f 1205 1204 1206
f 1207 1205 1206
f 1207 1206 1208
f 1208 1206 1209
f 1210 1207 1208
f 1207 1210 1211
f 1210 1208 1212
f 1213 1210 1212
f 1213 1212 1214
f 1215 1213 1214
f 1216 1214 1212
f 1216 1212 1217
f 1218 1216 1217
f 1215 1214 1219
f 1218 1217 1220
f 1221 1218 1220
f 1217 1222 1220
f 1223 1215 1219
f 1223 1219 1224
f 1223 1225 1215
f 1226 1223 1224
f 1225 1227 1215
f 1226 1224 1228
f 1221 1220 1229
f 1222 1230 1220
f 1231 1221 1229
f 1221 1231 1232
f 1231 1233 1232
f 1231 1234 1233
f 1234 1235 1233
f 1234 1236 1235
f 1236 1234 1237
f 1238 1226 1228
f 1238 1228 1239
f 1238 1240 1226
f 1241 1238 1239
f 1240 1242 1226
f 1241 1239 1243
f 1240 1244 1242
f 1244 1240 1245
f 1244 1246 1242
f 1242 1246 1247
f 1244 1248 1246
f 1248 1249 1246
f 1248 1250 1249
f 1250 1251 1249
f 1250 1252 1251
f 1252 1253 1251
f 1254 1241 1243
f 1254 1243 1255
f 1254 1256 1241
f 1257 1254 1255
f 1257 1255 1258
f 1256 1259 1241
f 1260 1257 1258
f 1260 1258 1261
f 1257 1260 1262
f 1263 1260 1261
f 1263 1261 1264
f 1260 1265 1262
f 1263 1264 1266
f 1267 1263 1266
f 1264 1268 1266
f 1268 1269 1266
f 1267 1266 1270
f 1268 1271 1269
f 1268 1272 1271
f 1271 1273 1269
f 1272 1274 1271
f 1272 1275 1274
f 1271 1276 1273
f 1275 1277 1274
f 1275 1278 1277
f 1274 1277 1279
f 1278 1280 1277
f 1277 1281 1279
f 1278 1282 1280
f 1278 1283 1282
f 1282 1284 1280
f 1283 1285 1282
f 1282 1286 1284
f 1283 1287 1285
f 1276 1288 1273
f 1273 1288 1289
f 1276 1290 1288
f 1290 1276 1291
f 1290 1292 1288
f 1290 1293 1292
f 1293 1294 1292
f 1293 1295 1294
f 1295 1296 1294
f 1295 1297 1296
f 1287 1298 1285
f 1285 1298 1299
f 1287 1300 1298
f 1300 1287 1301
f 1302 1300 1301
f 1300 1302 1303
f 1300 1304 1298
f 1300 1305 1304
f 1298 1306 1299
f 1305 1307 1304
f 1306 1308 1299
f 1299 1308 1309
f 1306 1310 1308
f 1310 1306 1311
f 1310 1312 1308
f 1310 1313 1312
f 1313 1314 1312
f 1313 1315 1314
f 1315 1316 1314
f 1315 1317 1316
f 1305 1318 1307
f 1318 1319 1307
f 1307 1319 1320
f 1318 1321 1319
f 1321 1318 1322
f 1321 1323 1319
f 1321 1324 1323
f 1324 1325 1323
f 1324 1326 1325
f 1326 1327 1325
f 1326 1328 1327
f 1305 1300 1329
f 1300 1330 1329
f 1330 1331 1329
f 1331 1332 1329
f 1300 1333 1330
f 1331 1334 1332
f 1334 1331 1335
f 1334 1336 1332
f 1332 1336 1337
f 1334 1338 1336
f 1338 1339 1336
f 1338 1340 1339
f 1340 1341 1339
f 1340 1342 1341
f 1342 1343 1341
f 1333 1300 1344
f 1300 1345 1344
f 1300 1346 1345
f 1346 1300 1347
f 1347 1300 1348
f 1347 1348 1349
f 1350 1347 1349
f 1350 1349 1351
f 1300 1352 1348
f 1353 1350 1351
f 1353 1351 1354
f 1353 1354 1355
f 1300 1356 1352
f 1357 1353 1355
f 1357 1355 1358
f 1359 1357 1358
f 1356 1300 1360
f 1361 1357 1359
f 1361 1359 1362
f 1361 1362 1363
f 1364 1361 1363
f 1364 1363 1365
f 1300 1366 1360
f 1300 1367 1366
f 1367 1300 1368
f 1300 1303 1368
f 1368 1303 1369
f 1303 1370 1369
f 1370 1371 1369
f 1372 1364 1365
f 1370 1373 1371
f 1373 1374 1371
f 1373 1375 1374
f 1373 1376 1375
f 1376 1377 1375
f 1376 1378 1377
f 1376 1379 1378
f 1379 1380 1378
f 1379 1381 1380
f 1379 1382 1381
f 1382 1383 1381
f 1382 1237 1383
f 1237 1384 1383
f 1237 1234 1384
f 1234 1385 1384
f 1234 1386 1385
f 1386 1234 1387
f 1234 1388 1387
f 1234 1389 1388
f 1389 1234 1390
f 1234 1372 1390
f 1390 1372 1365
f 1234 1391 1372
f 1391 1234 1392
f 1234 1393 1392
f 1234 1231 1393
f 1231 1394 1393
f 1231 1395 1394
f 1395 1231 1396
f 1231 1397 1396
f 1231 1229 1397
f 1229 1398 1397
f 1229 1399 1398
f 1395 1396 1400
f 1401 1395 1400
f 1397 1398 1402
f 1399 1403 1398
f 1401 1400 1404
f 1405 1401 1404
f 1404 1400 1406
f 1405 1404 1407
f 1400 1408 1406
f 1409 1405 1407
f 1399 1410 1403
f 1410 1399 1411
f 1410 1412 1403
f 1403 1412 1413
f 1410 1414 1412
f 1414 1415 1412
f 1414 1416 1415
f 1416 1417 1415
f 1416 1418 1417
f 1418 1419 1417
f 1409 1407 1420
f 1409 1420 1421
f 1407 1422 1420
f 1423 1409 1421
f 1407 1424 1422
f 1423 1421 1425
f 1426 1423 1425
f 1425 1421 1427
f 1426 1425 1428
f 1421 1429 1427
f 1430 1426 1428
f 1424 1431 1422
f 1422 1431 1432
f 1424 1433 1431
f 1433 1424 1434
f 1433 1435 1431
f 1433 1436 1435
f 1436 1437 1435
f 1436 1438 1437
f 1438 1439 1437
f 1438 1440 1439
f 1430 1428 1441
f 1442 1430 1441
f 1441 1428 1443
f 1442 1441 1444
f 1428 1445 1443
f 1446 1442 1444
f 1445 1447 1443
f 1443 1447 1448
f 1445 1449 1447
f 1449 1445 1450
f 1449 1451 1447
f 1449 1452 1451
f 1452 1453 1451
f 1452 1454 1453
f 1454 1455 1453
f 1454 1456 1455
f 1446 1444 1457
f 1458 1446 1457
f 1457 1444 1459
f 1458 1457 1460
f 1461 1458 1460
f 1444 1462 1459
f 1461 1460 1463
f 1464 1461 1463
f 1460 1465 1463
f 1464 1463 1466
f 1467 1464 1466
f 1465 1468 1463
f 1469 1467 1466
f 1469 1466 1470
f 1467 1469 1471
f 1471 1469 1472
f 1473 1469 1470
f 1471 1472 1474
f 1475 1471 1474
f 1472 1476 1474
f 1475 1474 1477
f 1478 1475 1477
f 1476 1479 1474
f 1480 1478 1477
f 1480 1477 1481
f 1478 1480 1482
f 1482 1480 1483
f 1484 1480 1481
f 1482 1483 1485
f 1486 1482 1485
f 1483 1487 1485
f 1486 1485 1488
f 1344 1486 1488
f 1333 1344 1488
f 1333 1488 1489
f 1487 1490 1485
f 1491 1333 1489
f 1484 1481 1492
f 1481 1493 1492
f 1484 1492 1494
f 1495 1484 1494
f 1492 1496 1494
f 1496 1497 1494
f 1496 1498 1497
f 1498 1499 1497
f 1498 1500 1499
f 1500 1501 1499
f 1491 1489 1502
f 1489 1503 1502
f 1491 1502 1504
f 1505 1491 1504
f 1502 1506 1504
f 1506 1507 1504
f 1506 1508 1507
f 1508 1509 1507
f 1508 1510 1509
f 1510 1511 1509
f 1512 1267 1513
f 1267 1270 1513
f 1270 1514 1513
f 1514 1270 1515
f 1514 1516 1513
f 1514 1517 1516
f 1517 1518 1516
f 1517 1519 1518
f 1519 1520 1518
f 1519 1521 1520
f 1522 1523 1524
f 1522 1524 1525
f 1526 1522 1525
f 1526 1525 1527
f 1528 1526 1527
f 1528 1527 1529
f 1286 1528 1529
f 1528 1286 1530
f 1286 1529 1284
f 1284 1529 1531
f 1532 1533 1534
f 1532 1534 1535
f 1536 1532 1535
f 1536 1535 1537
f 1538 1536 1537
f 1538 1537 1539
f 1281 1538 1539
f 1538 1281 1540
f 1281 1539 1279
f 1279 1539 1541
f 1542 1543 1544
f 1545 1542 1544
f 1545 1544 1546
f 1547 1545 1546
f 1547 1546 1548
f 1549 1547 1548
f 1549 1548 1490
f 1490 1548 1550
f 1487 1549 1490
f 1549 1487 1551
f 1552 1553 1554
f 1555 1552 1554
f 1555 1554 1556
f 1557 1555 1556
f 1557 1556 1558
f 1559 1557 1558
f 1559 1558 1479
f 1479 1558 1560
f 1476 1559 1479
f 1559 1476 1561
f 1562 1473 1563
f 1473 1564 1563
f 1473 1470 1564
f 1470 1565 1564
f 1564 1566 1563
f 1566 1567 1563
f 1566 1568 1567
f 1568 1569 1567
f 1568 1570 1569
f 1570 1571 1569
f 1572 1573 1574
f 1575 1572 1574
f 1575 1574 1576
f 1577 1575 1576
f 1577 1576 1578
f 1579 1577 1578
f 1579 1578 1468
f 1468 1578 1580
f 1465 1579 1468
f 1579 1465 1581
f 1459 1582 1583
f 1462 1582 1459
f 1462 1584 1582
f 1584 1462 1585
f 1584 1586 1582
f 1586 1587 1582
f 1586 1588 1587
f 1586 1589 1588
f 1589 1590 1588
f 1589 1591 1590
f 1592 1593 1594
f 1592 1594 1595
f 1596 1592 1595
f 1596 1595 1597
f 1598 1596 1597
f 1598 1597 1599
f 1429 1598 1599
f 1598 1429 1600
f 1429 1599 1427
f 1427 1599 1601
f 1602 1603 1604
f 1602 1604 1605
f 1606 1602 1605
f 1606 1605 1607
f 1608 1606 1607
f 1608 1607 1609
f 1408 1608 1609
f 1608 1408 1610
f 1408 1609 1406
f 1406 1609 1611
f 1612 1613 1614
f 1612 1614 1615
f 1616 1612 1615
f 1616 1615 1617
f 1618 1616 1617
f 1618 1617 1619
f 1620 1618 1619
f 1618 1620 1621
f 1620 1619 1622
f 1622 1619 1623
f 1624 1620 1622
f 1624 1622 1396
f 1397 1624 1396
f 1624 1397 1625
f 1397 1626 1625
f 1625 1626 1627
f 1397 1628 1626
f 1626 1629 1627
f 1628 1630 1626
f 1629 1631 1627
f 1627 1631 1632
f 1629 1633 1631
f 1633 1629 1634
f 1633 1635 1631
f 1633 1636 1635
f 1636 1637 1635
f 1636 1638 1637
f 1638 1639 1637
f 1638 1640 1639
f 1628 1397 1641
f 1397 1402 1641
f 1402 1642 1641
f 1628 1641 1643
f 1642 1644 1641
f 1645 1628 1643
f 1628 1645 1630
f 1642 1646 1644
f 1646 1642 1647
f 1646 1648 1644
f 1644 1648 1649
f 1646 1650 1648
f 1650 1651 1648
f 1650 1652 1651
f 1652 1653 1651
f 1652 1654 1653
f 1654 1655 1653
f 1645 1643 1656
f 1643 1657 1656
f 1658 1645 1656
f 1645 1658 1659
f 1658 1656 1659
f 1645 1659 1630
f 1630 1659 1660
f 1657 1661 1656
f 1659 1662 1660
f 1657 1663 1661
f 1663 1657 1664
f 1663 1665 1661
f 1661 1665 1666
f 1663 1667 1665
f 1667 1668 1665
f 1667 1669 1668
f 1669 1670 1668
f 1669 1671 1670
f 1671 1672 1670
f 1662 1673 1660
f 1660 1673 1674
f 1662 1675 1673
f 1675 1662 1676
f 1675 1677 1673
f 1675 1678 1677
f 1678 1679 1677
f 1678 1680 1679
f 1680 1681 1679
f 1680 1682 1681
f 1683 1684 1685
f 1686 1683 1685
f 1686 1685 1687
f 1688 1686 1687
f 1688 1687 1689
f 1690 1688 1689
f 1690 1689 1230
f 1230 1689 1691
f 1222 1690 1230
f 1690 1222 1692
f 1693 1694 1695
f 1696 1693 1695
f 1696 1695 1697
f 1698 1696 1697
f 1698 1697 1699
f 1700 1698 1699
f 1700 1699 1227
f 1227 1699 1701
f 1225 1700 1227
f 1700 1225 1702
f 1703 1704 1259
f 1256 1703 1259
f 1256 1705 1703
f 1705 1256 1706
f 1705 1707 1703
f 1705 1708 1707
f 1708 1709 1707
f 1708 1710 1709
f 1710 1711 1709
f 1710 1712 1711
f 1713 1714 1715
f 1713 1715 1716
f 1717 1713 1716
f 1717 1716 1718
f 1719 1717 1718
f 1719 1718 1720
f 1265 1719 1720
f 1719 1265 1721
f 1265 1720 1262
f 1262 1720 1722
f 1723 1724 1725
f 1724 1726 1725
f 1727 1725 1726
f 1724 1728 1726
f 1728 1729 1726
f 1729 1730 1726
f 1729 1731 1730
f 1732 1727 1726
f 1732 1726 1730
f 1731 1733 1730
f 1731 1734 1733
f 1735 1732 1730
f 1735 1730 1733
f 1732 1736 1727
f 1727 1737 1725
f 1727 1736 1737
f 1735 1738 1732
f 1738 1736 1732
f 1734 1739 1733
f 1740 1733 1739
f 1740 1735 1733
f 1734 1740 1739
f 1740 1741 1735
f 1741 1738 1735
f 1734 1742 1740
f 1742 1741 1740
f 1734 1743 1742
f 1742 1744 1741
f 1744 1738 1741
f 1745 1743 1734
f 1746 1736 1738
f 1744 1746 1738
f 1747 1737 1736
f 1746 1747 1736
f 1743 1745 1748
f 1743 1748 1742
f 1745 1749 1748
f 1749 1745 1750
f 1748 1749 1751
f 1749 1750 1751
f 1752 1746 1744
f 1742 1752 1744
f 1752 1753 1746
f 1753 1747 1746
f 1737 1747 1754
f 1737 1754 1725
f 1747 1755 1754
f 1747 1753 1755
f 1752 1756 1753
f 1752 1742 1756
f 1753 1756 1757
f 1753 1757 1755
f 1755 1758 1754
f 1725 1754 1758
f 1758 1755 1759
f 1755 1757 1759
f 1756 1760 1757
f 1756 1742 1760
f 1757 1760 1761
f 1759 1757 1761
f 1762 1758 1759
f 1762 1725 1758
f 1742 1763 1760
f 1761 1760 1763
f 1742 1764 1763
f 1764 1761 1763
f 1764 1742 1765
f 1766 1759 1761
f 1766 1762 1759
f 1764 1766 1761
f 1767 1764 1765
f 1766 1764 1767
f 1765 1768 1767
f 1768 1766 1767
f 1762 1766 1769
f 1725 1762 1769
f 1768 1769 1766
f 1768 1725 1770
f 1725 1769 1770
f 1768 1770 1769
f 1771 1772 1773
f 1771 1773 1774
f 1774 1773 1775
f 1776 1771 1774
f 1774 1775 1777
f 1776 1774 1778
f 1778 1774 1777
f 1779 1776 1778
f 1778 1777 1780
f 1779 1778 1781
f 1781 1778 1780
f 1782 1779 1781
f 1780 1783 1781
f 1782 1781 1784
f 1783 1784 1781
f 1783 1782 1784
f 1785 1782 1783
f 1785 1783 1786
f 1782 1785 1787
f 1787 1785 1786
f 1788 1789 1790
f 1789 1791 1790
f 1792 1790 1791
f 1789 1793 1791
f 1793 1794 1791
f 1794 1795 1791
f 1794 1796 1795
f 1797 1792 1791
f 1797 1791 1795
f 1796 1798 1795
f 1796 1799 1798
f 1800 1797 1795
f 1800 1795 1798
f 1797 1801 1792
f 1792 1802 1790
f 1792 1801 1802
f 1800 1803 1797
f 1803 1801 1797
f 1799 1804 1798
f 1805 1798 1804
f 1805 1800 1798
f 1799 1805 1804
f 1805 1806 1800
f 1806 1803 1800
f 1799 1807 1805
f 1807 1806 1805
f 1799 1808 1807
f 1807 1809 1806
f 1809 1803 1806
f 1810 1808 1799
f 1811 1801 1803
f 1809 1811 1803
f 1812 1802 1801
f 1811 1812 1801
f 1808 1810 1813
f 1808 1813 1807
f 1810 1814 1813
f 1814 1810 1815
f 1813 1814 1816
f 1814 1815 1816
f 1817 1811 1809
f 1807 1817 1809
f 1817 1818 1811
f 1818 1812 1811
f 1802 1812 1819
f 1802 1819 1790
f 1812 1820 1819
f 1812 1818 1820
f 1817 1821 1818
f 1817 1807 1821
f 1818 1821 1822
f 1818 1822 1820
f 1820 1823 1819
f 1790 1819 1823
f 1823 1820 1824
f 1820 1822 1824
f 1821 1825 1822
f 1821 1807 1825
f 1822 1825 1826
f 1824 1822 1826
f 1827 1823 1824
f 1827 1790 1823
f 1807 1828 1825
f 1826 1825 1828
f 1807 1829 1828
f 1829 1826 1828
f 1829 1807 1830
f 1831 1824 1826
f 1831 1827 1824
f 1829 1831 1826
f 1832 1829 1830
f 1831 1829 1832
f 1830 1833 1832
f 1833 1831 1832
f 1827 1831 1834
f 1790 1827 1834
f 1833 1834 1831
f 1833 1790 1835
f 1790 1834 1835
f 1833 1835 1834
f 1836 1837 1838
f 1836 1838 1839
f 1839 1838 1840
f 1841 1836 1839
f 1839 1840 1842
f 1841 1839 1843
f 1843 1839 1842
f 1844 1841 1843
f 1843 1842 1845
f 1844 1843 1846
f 1846 1843 1845
f 1847 1844 1846
f 1845 1848 1846
f 1847 1846 1849
f 1848 1849 1846
f 1848 1847 1849
f 1850 1847 1848
f 1850 1848 1851
f 1847 1850 1852
f 1852 1850 1851
f 1853 1854 1855
f 1854 1856 1855
f 1857 1855 1856
f 1854 1858 1856
f 1858 1859 1856
f 1859 1860 1856
f 1859 1861 1860
f 1862 1857 1856
f 1862 1856 1860
f 1861 1863 1860
f 1861 1864 1863
f 1865 1862 1860
f 1865 1860 1863
f 1862 1866 1857
f 1857 1867 1855
f 1857 1866 1867
f 1865 1868 1862
f 1868 1866 1862
f 1864 1869 1863
f 1870 1863 1869
f 1870 1865 1863
f 1864 1870 1869
f 1870 1871 1865
f 1871 1868 1865
f 1864 1872 1870
f 1872 1871 1870
f 1864 1873 1872
f 1872 1874 1871
f 1874 1868 1871
f 1875 1873 1864
f 1876 1866 1868
f 1874 1876 1868
f 1877 1867 1866
f 1876 1877 1866
f 1873 1875 1878
f 1873 1878 1872
f 1875 1879 1878
f 1879 1875 1880
f 1878 1879 1881
f 1879 1880 1881
f 1882 1876 1874
f 1872 1882 1874
f 1882 1883 1876
f 1883 1877 1876
f 1867 1877 1884
f 1867 1884 1855
f 1877 1885 1884
f 1877 1883 1885
f 1882 1886 1883
f 1882 1872 1886
f 1883 1886 1887
f 1883 1887 1885
f 1885 1888 1884
f 1855 1884 1888
f 1888 1885 1889
f 1885 1887 1889
f 1886 1890 1887
f 1886 1872 1890
f 1887 1890 1891
f 1889 1887 1891
f 1892 1888 1889
f 1892 1855 1888
f 1872 1893 1890
f 1891 1890 1893
f 1872 1894 1893
f 1894 1891 1893
f 1894 1872 1895
f 1896 1889 1891
f 1896 1892 1889
f 1894 1896 1891
f 1897 1894 1895
f 1896 1894 1897
f 1895 1898 1897
f 1898 1896 1897
f 1892 1896 1899
f 1855 1892 1899
f 1898 1899 1896
f 1898 1855 1900
f 1855 1899 1900
f 1898 1900 1899
f 1901 1902 1903
f 1901 1903 1904
f 1904 1903 1905
f 1906 1901 1904
f 1904 1905 1907
f 1906 1904 1908
f 1908 1904 1907
f 1909 1906 1908
f 1908 1907 1910
f 1909 1908 1911
f 1911 1908 1910
f 1912 1909 1911
f 1910 1913 1911
f 1912 1911 1914
f 1913 1914 1911
f 1913 1912 1914
f 1915 1912 1913
f 1915 1913 1916
f 1912 1915 1917
f 1917 1915 1916
f 1918 1919 1920
f 1919 1921 1920
f 1922 1920 1921
f 1919 1923 1921
f 1923 1924 1921
f 1924 1925 1921
f 1924 1926 1925
f 1927 1922 1921
f 1927 1921 1925
f 1926 1928 1925
f 1926 1929 1928
f 1930 1927 1925
f 1930 1925 1928
f 1927 1931 1922
f 1922 1932 1920
f 1922 1931 1932
f 1930 1933 1927
f 1933 1931 1927
f 1929 1934 1928
f 1935 1928 1934
f 1935 1930 1928
f 1929 1935 1934
f 1935 1936 1930
f 1936 1933 1930
f 1929 1937 1935
f 1937 1936 1935
f 1929 1938 1937
f 1937 1939 1936
f 1939 1933 1936
f 1940 1938 1929
f 1941 1931 1933
f 1939 1941 1933
f 1942 1932 1931
f 1941 1942 1931
f 1938 1940 1943
f 1938 1943 1937
f 1940 1944 1943
f 1944 1940 1945
f 1943 1944 1946
f 1944 1945 1946
f 1947 1941 1939
f 1937 1947 1939
f 1947 1948 1941
f 1948 1942 1941
f 1932 1942 1949
f 1932 1949 1920
f 1942 1950 1949
f 1942 1948 1950
f 1947 1951 1948
f 1947 1937 1951
f 1948 1951 1952
f 1948 1952 1950
f 1950 1953 1949
f 1920 1949 1953
f 1953 1950 1954
f 1950 1952 1954
f 1951 1955 1952
f 1951 1937 1955
f 1952 1955 1956
f 1954 1952 1956
f 1957 1953 1954
f 1957 1920 1953
f 1937 1958 1955
f 1956 1955 1958
f 1937 1959 1958
f 1959 1956 1958
f 1959 1937 1960
f 1961 1954 1956
f 1961 1957 1954
f 1959 1961 1956
f 1962 1959 1960
f 1961 1959 1962
f 1960 1963 1962
f 1963 1961 1962
f 1957 1961 1964
f 1920 1957 1964
f 1963 1964 1961
f 1963 1920 1965
f 1920 1964 1965
f 1963 1965 1964
f 1966 1967 1968
f 1966 1968 1969
f 1969 1968 1970
f 1971 1966 1969
f 1969 1970 1972
f 1971 1969 1973
f 1973 1969 1972
f 1974 1971 1973
f 1973 1972 1975
f 1974 1973 1976
f 1976 1973 1975
f 1977 1974 1976
f 1975 1978 1976
f 1977 1976 1979
f 1978 1979 1976
f 1978 1977 1979
f 1980 1977 1978
f 1980 1978 1981
f 1977 1980 1982
f 1982 1980 1981
f 1983 1984 1985
f 1984 1986 1985
f 1987 1985 1986
f 1984 1988 1986
f 1988 1989 1986
f 1989 1990 1986
f 1989 1991 1990
f 1992 1987 1986
f 1992 1986 1990
f 1991 1993 1990
f 1991 1994 1993
f 1995 1992 1990
f 1995 1990 1993
f 1992 1996 1987
f 1987 1997 1985
f 1987 1996 1997
f 1995 1998 1992
f 1998 1996 1992
f 1994 1999 1993
f 2000 1993 1999
f 2000 1995 1993
f 1994 2000 1999
f 2000 2001 1995
f 2001 1998 1995
f 1994 2002 2000
f 2002 2001 2000
f 1994 2003 2002
f 2002 2004 2001
f 2004 1998 2001
f 2005 2003 1994
f 2006 1996 1998
f 2004 2006 1998
f 2007 1997 1996
f 2006 2007 1996
f 2003 2005 2008
f 2003 2008 2002
f 2005 2009 2008
f 2009 2005 2010
f 2008 2009 2011
f 2009 2010 2011
f 2012 2006 2004
f 2002 2012 2004
f 2012 2013 2006
f 2013 2007 2006
f 1997 2007 2014
f 1997 2014 1985
f 2007 2015 2014
f 2007 2013 2015
f 2012 2016 2013
f 2012 2002 2016
f 2013 2016 2017
f 2013 2017 2015
f 2015 2018 2014
f 1985 2014 2018
f 2018 2015 2019
f 2015 2017 2019
f 2016 2020 2017
f 2016 2002 2020
f 2017 2020 2021
f 2019 2017 2021
f 2022 2018 2019
f 2022 1985 2018
f 2002 2023 2020
f 2021 2020 2023
f 2002 2024 2023
f 2024 2021 2023
f 2024 2002 2025
f 2026 2019 2021
f 2026 2022 2019
f 2024 2026 2021
f 2027 2024 2025
f 2026 2024 2027
f 2025 2028 2027
f 2028 2026 2027
f 2022 2026 2029
f 1985 2022 2029
f 2028 2029 2026
f 2028 1985 2030
f 1985 2029 2030
f 2028 2030 2029
f 2031 2032 2033
f 2031 2033 2034
f 2034 2033 2035
f 2036 2031 2034
f 2034 2035 2037
f 2036 2034 2038
f 2038 2034 2037
f 2039 2036 2038
f 2038 2037 2040
f 2039 2038 2041
f 2041 2038 2040
f 2042 2039 2041
f 2040 2043 2041
f 2042 2041 2044
f 2043 2044 2041
f 2043 2042 2044
f 2045 2042 2043
f 2045 2043 2046
f 2042 2045 2047
f 2047 2045 2046
f 2048 2049 2050
f 2049 2051 2050
f 2052 2050 2051
f 2049 2053 2051
f 2053 2054 2051
f 2054 2055 2051
f 2054 2056 2055
f 2057 2052 2051
f 2057 2051 2055
f 2056 2058 2055
f 2056 2059 2058
f 2060 2057 2055
f 2060 2055 2058
f 2057 2061 2052
f 2052 2062 2050
f 2052 2061 2062
f 2060 2063 2057
f 2063 2061 2057
f 2059 2064 2058
f 2065 2058 2064
f 2065 2060 2058
f 2059 2065 2064
f 2065 2066 2060
f 2066 2063 2060
f 2059 2067 2065
f 2067 2066 2065
f 2059 2068 2067
f 2067 2069 2066
f 2069 2063 2066
f 2070 2068 2059
f 2071 2061 2063
f 2069 2071 2063
f 2072 2062 2061
f 2071 2072 2061
f 2068 2070 2073
f 2068 2073 2067
f 2070 2074 2073
f 2074 2070 2075
f 2073 2074 2076
f 2074 2075 2076
f 2077 2071 2069
f 2067 2077 2069
f 2077 2078 2071
f 2078 2072 2071
f 2062 2072 2079
f 2062 2079 2050
f 2072 2080 2079
f 2072 2078 2080
f 2077 2081 2078
f 2077 2067 2081
f 2078 2081 2082
f 2078 2082 2080
f 2080 2083 2079
f 2050 2079 2083
f 2083 2080 2084
f 2080 2082 2084
f 2081 2085 2082
f 2081 2067 2085
f 2082 2085 2086
f 2084 2082 2086
f 2087 2083 2084
f 2087 2050 2083
f 2067 2088 2085
f 2086 2085 2088
f 2067 2089 2088
f 2089 2086 2088
f 2089 2067 2090
f 2091 2084 2086
f 2091 2087 2084
f 2089 2091 2086
f 2092 2089 2090
f 2091 2089 2092
f 2090 2093 2092
f 2093 2091 2092
f 2087 2091 2094
f 2050 2087 2094
f 2093 2094 2091
f 2093 2050 2095
f 2050 2094 2095
f 2093 2095 2094
f 2096 2097 2098
f 2096 2098 2099
f 2099 2098 2100
f 2101 2096 2099
f 2099 2100 2102
f 2101 2099 2103
f 2103 2099 2102
f 2104 2101 2103
f 2103 2102 2105
f 2104 2103 2106
f 2106 2103 2105
f 2107 2104 2106
f 2105 2108 2106
f 2107 2106 2109
f 2108 2109 2106
f 2108 2107 2109
f 2110 2107 2108
f 2110 2108 2111
f 2107 2110 2112
f 2112 2110 2111
f 2113 2114 2115
f 2114 2116 2115
f 2117 2115 2116
f 2114 2118 2116
f 2118 2119 2116
f 2119 2120 2116
f 2119 2121 2120
f 2122 2117 2116
f 2122 2116 2120
f 2121 2123 2120
f 2121 2124 2123
f 2125 2122 2120
f 2125 2120 2123
f 2122 2126 2117
f 2117 2127 2115
f 2117 2126 2127
f 2125 2128 2122
f 2128 2126 2122
f 2124 2129 2123
f 2130 2123 2129
f 2130 2125 2123
f 2124 2130 2129
f 2130 2131 2125
f 2131 2128 2125
f 2124 2132 2130
f 2132 2131 2130
f 2124 2133 2132
f 2132 2134 2131
f 2134 2128 2131
f 2135 2133 2124
f 2136 2126 2128
f 2134 2136 2128
f 2137 2127 2126
f 2136 2137 2126
f 2133 2135 2138
f 2133 2138 2132
f 2135 2139 2138
f 2139 2135 2140
f 2138 2139 2141
f 2139 2140 2141
f 2142 2136 2134
f 2132 2142 2134
f 2142 2143 2136
f 2143 2137 2136
f 2127 2137 2144
f 2127 2144 2115
f 2137 2145 2144
f 2137 2143 2145
f 2142 2146 2143
f 2142 2132 2146
f 2143 2146 2147
f 2143 2147 2145
f 2145 2148 2144
f 2115 2144 2148
f 2148 2145 2149
f 2145 2147 2149
f 2146 2150 2147
f 2146 2132 2150
f 2147 2150 2151
f 2149 2147 2151
f 2152 2148 2149
f 2152 2115 2148
f 2132 2153 2150
f 2151 2150 2153
f 2132 2154 2153
f 2154 2151 2153
f 2154 2132 2155
f 2156 2149 2151
f 2156 2152 2149
f 2154 2156 2151
f 2157 2154 2155
f 2156 2154 2157
f 2155 2158 2157
f 2158 2156 2157
f 2152 2156 2159
f 2115 2152 2159
f 2158 2159 2156
f 2158 2115 2160
f 2115 2159 2160
f 2158 2160 2159
f 2161 2162 2163
f 2161 2163 2164
f 2164 2163 2165
f 2166 2161 2164
f 2164 2165 2167
f 2166 2164 2168
f 2168 2164 2167
f 2169 2166 2168
f 2168 2167 2170
f 2169 2168 2171
f 2171 2168 2170
f 2172 2169 2171
f 2170 2173 2171
f 2172 2171 2174
f 2173 2174 2171
f 2173 2172 2174
f 2175 2172 2173
f 2175 2173 2176
f 2172 2175 2177
f 2177 2175 2176
f 2178 2179 2180
f 2179 2181 2180
f 2182 2180 2181
f 2179 2183 2181
f 2183 2184 2181
f 2184 2185 2181
f 2184 2186 2185
f 2187 2182 2181
f 2187 2181 2185
f 2186 2188 2185
f 2186 2189 2188
f 2190 2187 2185
f 2190 2185 2188
f 2187 2191 2182
f 2182 2192 2180
f 2182 2191 2192
f 2190 2193 2187
f 2193 2191 2187
f 2189 2194 2188
f 2195 2188 2194
f 2195 2190 2188
f 2189 2195 2194
f 2195 2196 2190
f 2196 2193 2190
f 2189 2197 2195
f 2197 2196 2195
f 2189 2198 2197
f 2197 2199 2196
f 2199 2193 2196
f 2200 2198 2189
f 2201 2191 2193
f 2199 2201 2193
f 2202 2192 2191
f 2201 2202 2191
f 2198 2200 2203
f 2198 2203 2197
f 2200 2204 2203
f 2204 2200 2205
f 2203 2204 2206
f 2204 2205 2206
f 2207 2201 2199
f 2197 2207 2199
f 2207 2208 2201
f 2208 2202 2201
f 2192 2202 2209
f 2192 2209 2180
f 2202 2210 2209
f 2202 2208 2210
f 2207 2211 2208
f 2207 2197 2211
f 2208 2211 2212
f 2208 2212 2210
f 2210 2213 2209
f 2180 2209 2213
f 2213 2210 2214
f 2210 2212 2214
f 2211 2215 2212
f 2211 2197 2215
f 2212 2215 2216
f 2214 2212 2216
f 2217 2213 2214
f 2217 2180 2213
f 2197 2218 2215
f 2216 2215 2218
f 2197 2219 2218
f 2219 2216 2218
f 2219 2197 2220
f 2221 2214 2216
f 2221 2217 2214
f 2219 2221 2216
f 2222 2219 2220
f 2221 2219 2222
f 2220 2223 2222
f 2223 2221 2222
f 2217 2221 2224
f 2180 2217 2224
f 2223 2224 2221
f 2223 2180 2225
f 2180 2224 2225
f 2223 2225 2224
f 2226 2227 2228
f 2226 2228 2229
f 2229 2228 2230
f 2231 2226 2229
f 2229 2230 2232
f 2231 2229 2233
f 2233 2229 2232
f 2234 2231 2233
f 2233 2232 2235
f 2234 2233 2236
f 2236 2233 2235
f 2237 2234 2236
f 2235 2238 2236
f 2237 2236 2239
f 2238 2239 2236
f 2238 2237 2239
f 2240 2237 2238
f 2240 2238 2241
f 2237 2240 2242
f 2242 2240 2241
f 2243 2244 2245
f 2244 2246 2245
f 2247 2245 2246
f 2244 2248 2246
f 2248 2249 2246
f 2249 2250 2246
f 2249 2251 2250
f 2252 2247 2246
f 2252 2246 2250
f 2251 2253 2250
f 2251 2254 2253
f 2255 2252 2250
f 2255 2250 2253
f 2252 2256 2247
f 2247 2257 2245
f 2247 2256 2257
f 2255 2258 2252
f 2258 2256 2252
f 2254 2259 2253
f 2260 2253 2259
f 2260 2255 2253
f 2254 2260 2259
f 2260 2261 2255
f 2261 2258 2255
f 2254 2262 2260
f 2262 2261 2260
f 2254 2263 2262
f 2262 2264 2261
f 2264 2258 2261
f 2265 2263 2254
f 2266 2256 2258
f 2264 2266 2258
f 2267 2257 2256
f 2266 2267 2256
f 2263 2265 2268
f 2263 2268 2262
f 2265 2269 2268
f 2269 2265 2270
f 2268 2269 2271
f 2269 2270 2271
f 2272 2266 2264
f 2262 2272 2264
f 2272 2273 2266
f 2273 2267 2266
f 2257 2267 2274
f 2257 2274 2245
f 2267 2275 2274
f 2267 2273 2275
f 2272 2276 2273
f 2272 2262 2276
f 2273 2276 2277
f 2273 2277 2275
f 2275 2278 2274
f 2245 2274 2278
f 2278 2275 2279
f 2275 2277 2279
f 2276 2280 2277
f 2276 2262 2280
f 2277 2280 2281
f 2279 2277 2281
f 2282 2278 2279
f 2282 2245 2278
f 2262 2283 2280
f 2281 2280 2283
f 2262 2284 2283
f 2284 2281 2283
f 2284 2262 2285
f 2286 2279 2281
f 2286 2282 2279
f 2284 2286 2281
f 2287 2284 2285
f 2286 2284 2287
f 2285 2288 2287
f 2288 2286 2287
f 2282 2286 2289
f 2245 2282 2289
f 2288 2289 2286
f 2288 2245 2290
f 2245 2289 2290
f 2288 2290 2289
f 2291 2292 2293
f 2291 2293 2294
f 2294 2293 2295
f 2296 2291 2294
f 2294 2295 2297
f 2296 2294 2298
f 2298 2294 2297
f 2299 2296 2298
f 2298 2297 2300
f 2299 2298 2301
f 2301 2298 2300
f 2302 2299 2301
f 2300 2303 2301
f 2302 2301 2304
f 2303 2304 2301
f 2303 2302 2304
f 2305 2302 2303
f 2305 2303 2306
f 2302 2305 2307
f 2307 2305 2306
f 2308 2309 2310
f 2309 2311 2310
f 2312 2310 2311
f 2309 2313 2311
f 2313 2314 2311
f 2314 2315 2311
f 2314 2316 2315
f 2317 2312 2311
f 2317 2311 2315
f 2316 2318 2315
f 2316 2319 2318
f 2320 2317 2315
f 2320 2315 2318
f 2317 2321 2312
f 2312 2322 2310
f 2312 2321 2322
f 2320 2323 2317
f 2323 2321 2317
f 2319 2324 2318
f 2325 2318 2324
f 2325 2320 2318
f 2319 2325 2324
f 2325 2326 2320
f 2326 2323 2320
f 2319 2327 2325
f 2327 2326 2325
f 2319 2328 2327
f 2327 2329 2326
f 2329 2323 2326
f 2330 2328 2319
f 2331 2321 2323
f 2329 2331 2323
f 2332 2322 2321
f 2331 2332 2321
f 2328 2330 2333
f 2328 2333 2327
f 2330 2334 2333
f 2334 2330 2335
f 2333 2334 2336
f 2334 2335 2336
f 2337 2331 2329
f 2327 2337 2329
f 2337 2338 2331
f 2338 2332 2331
f 2322 2332 2339
f 2322 2339 2310
f 2332 2340 2339
f 2332 2338 2340
f 2337 2341 2338
f 2337 2327 2341
f 2338 2341 2342
f 2338 2342 2340
f 2340 2343 2339
f 2310 2339 2343
f 2343 2340 2344
f 2340 2342 2344
f 2341 2345 2342
f 2341 2327 2345
f 2342 2345 2346
f 2344 2342 2346
f 2347 2343 2344
f 2347 2310 2343
f 2327 2348 2345
f 2346 2345 2348
f 2327 2349 2348
f 2349 2346 2348
f 2349 2327 2350
f 2351 2344 2346
f 2351 2347 2344
f 2349 2351 2346
f 2352 2349 2350
f 2351 2349 2352
f 2350 2353 2352
f 2353 2351 2352
f 2347 2351 2354
f 2310 2347 2354
f 2353 2354 2351
f 2353 2310 2355
f 2310 2354 2355
f 2353 2355 2354
f 2356 2357 2358
f 2356 2358 2359
f 2359 2358 2360
f 2361 2356 2359
f 2359 2360 2362
f 2361 2359 2363
f 2363 2359 2362
f 2364 2361 2363
f 2363 2362 2365
f 2364 2363 2366
f 2366 2363 2365
f 2367 2364 2366
f 2365 2368 2366
f 2367 2366 2369
f 2368 2369 2366
f 2368 2367 2369
f 2370 2367 2368
f 2370 2368 2371
f 2367 2370 2372
f 2372 2370 2371
f 2373 2374 2375
f 2374 2376 2375
f 2377 2375 2376
f 2374 2378 2376
f 2378 2379 2376
f 2379 2380 2376
f 2379 2381 2380
f 2382 2377 2376
f 2382 2376 2380
f 2381 2383 2380
f 2381 2384 2383
f 2385 2382 2380
f 2385 2380 2383
f 2382 2386 2377
f 2377 2387 2375
f 2377 2386 2387
f 2385 2388 2382
f 2388 2386 2382
f 2384 2389 2383
f 2390 2383 2389
f 2390 2385 2383
f 2384 2390 2389
f 2390 2391 2385
f 2391 2388 2385
f 2384 2392 2390
f 2392 2391 2390
f 2384 2393 2392
f 2392 2394 2391
f 2394 2388 2391
f 2395 2393 2384
f 2396 2386 2388
f 2394 2396 2388
f 2397 2387 2386
f 2396 2397 2386
f 2393 2395 2398
f 2393 2398 2392
f 2395 2399 2398
f 2399 2395 2400
f 2398 2399 2401
f 2399 2400 2401
f 2402 2396 2394
f 2392 2402 2394
f 2402 2403 2396
f 2403 2397 2396
f 2387 2397 2404
f 2387 2404 2375
f 2397 2405 2404
f 2397 2403 2405
f 2402 2406 2403
f 2402 2392 2406
f 2403 2406 2407
f 2403 2407 2405
f 2405 2408 2404
f 2375 2404 2408
f 2408 2405 2409
f 2405 2407 2409
f 2406 2410 2407
f 2406 2392 2410
f 2407 2410 2411
f 2409 2407 2411
f 2412 2408 2409
f 2412 2375 2408
f 2392 2413 2410
f 2411 2410 2413
f 2392 2414 2413
f 2414 2411 2413
f 2414 2392 2415
f 2416 2409 2411
f 2416 2412 2409
f 2414 2416 2411
f 2417 2414 2415
f 2416 2414 2417
f 2415 2418 2417
f 2418 2416 2417
f 2412 2416 2419
f 2375 2412 2419
f 2418 2419 2416
f 2418 2375 2420
f 2375 2419 2420
f 2418 2420 2419
f 2421 2422 2423
f 2421 2423 2424
f 2424 2423 2425
f 2426 2421 2424
f 2424 2425 2427
f 2426 2424 2428
f 2428 2424 2427
f 2429 2426 2428
f 2428 2427 2430
f 2429 2428 2431
f 2431 2428 2430
f 2432 2429 2431
f 2430 2433 2431
f 2432 2431 2434
f 2433 2434 2431
f 2433 2432 2434
f 2435 2432 2433
f 2435 2433 2436
f 2432 2435 2437
f 2437 2435 2436
f 2438 2439 2440
f 2439 2441 2440
f 2442 2440 2441
f 2439 2443 2441
f 2443 2444 2441
f 2444 2445 2441
f 2444 2446 2445
f 2447 2442 2441
f 2447 2441 2445
f 2446 2448 2445
f 2446 2449 2448
f 2450 2447 2445
f 2450 2445 2448
f 2447 2451 2442
f 2442 2452 2440
f 2442 2451 2452
f 2450 2453 2447
f 2453 2451 2447
f 2449 2454 2448
f 2455 2448 2454
f 2455 2450 2448
f 2449 2455 2454
f 2455 2456 2450
f 2456 2453 2450
f 2449 2457 2455
f 2457 2456 2455
f 2449 2458 2457
f 2457 2459 2456
f 2459 2453 2456
f 2460 2458 2449
f 2461 2451 2453
f 2459 2461 2453
f 2462 2452 2451
f 2461 2462 2451
f 2458 2460 2463
f 2458 2463 2457
f 2460 2464 2463
f 2464 2460 2465
f 2463 2464 2466
f 2464 2465 2466
f 2467 2461 2459
f 2457 2467 2459
f 2467 2468 2461
f 2468 2462 2461
f 2452 2462 2469
f 2452 2469 2440
f 2462 2470 2469
f 2462 2468 2470
f 2467 2471 2468
f 2467 2457 2471
f 2468 2471 2472
f 2468 2472 2470
f 2470 2473 2469
f 2440 2469 2473
f 2473 2470 2474
f 2470 2472 2474
f 2471 2475 2472
f 2471 2457 2475
f 2472 2475 2476
f 2474 2472 2476
f 2477 2473 2474
f 2477 2440 2473
f 2457 2478 2475
f 2476 2475 2478
f 2457 2479 2478
f 2479 2476 2478
f 2479 2457 2480
f 2481 2474 2476
f 2481 2477 2474
f 2479 2481 2476
f 2482 2479 2480
f 2481 2479 2482
f 2480 2483 2482
f 2483 2481 2482
f 2477 2481 2484
f 2440 2477 2484
f 2483 2484 2481
f 2483 2440 2485
f 2440 2484 2485
f 2483 2485 2484
f 2486 2487 2488
f 2486 2488 2489
f 2489 2488 2490
f 2491 2486 2489
f 2489 2490 2492
f 2491 2489 2493
f 2493 2489 2492
f 2494 2491 2493
f 2493 2492 2495
f 2494 2493 2496
f 2496 2493 2495
f 2497 2494 2496
f 2495 2498 2496
f 2497 2496 2499
f 2498 2499 2496
f 2498 2497 2499
f 2500 2497 2498
f 2500 2498 2501
f 2497 2500 2502
f 2502 2500 2501
f 2503 2504 2505
f 2504 2506 2505
f 2507 2505 2506
f 2504 2508 2506
f 2508 2509 2506
f 2509 2510 2506
f 2509 2511 2510
f 2512 2507 2506
f 2512 2506 2510
f 2511 2513 2510
f 2511 2514 2513
f 2515 2512 2510
f 2515 2510 2513
f 2512 2516 2507
f 2507 2517 2505
f 2507 2516 2517
f 2515 2518 2512
f 2518 2516 2512
f 2514 2519 2513
f 2520 2513 2519
f 2520 2515 2513
f 2514 2520 2519
f 2520 2521 2515
f 2521 2518 2515
f 2514 2522 2520
f 2522 2521 2520
f 2514 2523 2522
f 2522 2524 2521
f 2524 2518 2521
f 2525 2523 2514
f 2526 2516 2518
f 2524 2526 2518
f 2527 2517 2516
f 2526 2527 2516
f 2523 2525 2528
f 2523 2528 2522
f 2525 2529 2528
f 2529 2525 2530
f 2528 2529 2531
f 2529 2530 2531
f 2532 2526 2524
f 2522 2532 2524
f 2532 2533 2526
f 2533 2527 2526
f 2517 2527 2534
f 2517 2534 2505
f 2527 2535 2534
f 2527 2533 2535
f 2532 2536 2533
f 2532 2522 2536
f 2533 2536 2537
f 2533 2537 2535
f 2535 2538 2534
f 2505 2534 2538
f 2538 2535 2539
f 2535 2537 2539
f 2536 2540 2537
f 2536 2522 2540
f 2537 2540 2541
f 2539 2537 2541
f 2542 2538 2539
f 2542 2505 2538
f 2522 2543 2540
f 2541 2540 2543
f 2522 2544 2543
f 2544 2541 2543
f 2544 2522 2545
f 2546 2539 2541
f 2546 2542 2539
f 2544 2546 2541
f 2547 2544 2545
f 2546 2544 2547
f 2545 2548 2547
f 2548 2546 2547
f 2542 2546 2549
f 2505 2542 2549
f 2548 2549 2546
f 2548 2505 2550
f 2505 2549 2550
f 2548 2550 2549
f 2551 2552 2553
f 2551 2553 2554
f 2554 2553 2555
f 2556 2551 2554
f 2554 2555 2557
f 2556 2554 2558
f 2558 2554 2557
f 2559 2556 2558
f 2558 2557 2560
f 2559 2558 2561
f 2561 2558 2560
f 2562 2559 2561
f 2560 2563 2561
f 2562 2561 2564
f 2563 2564 2561
f 2563 2562 2564
f 2565 2562 2563
f 2565 2563 2566
f 2562 2565 2567
f 2567 2565 2566
f 2568 2569 2570
f 2569 2571 2570
f 2572 2570 2571
f 2569 2573 2571
f 2573 2574 2571
f 2574 2575 2571
f 2574 2576 2575
f 2577 2572 2571
f 2577 2571 2575
f 2576 2578 2575
f 2576 2579 2578
f 2580 2577 2575
f 2580 2575 2578
f 2577 2581 2572
f 2572 2582 2570
f 2572 2581 2582
f 2580 2583 2577
f 2583 2581 2577
f 2579 2584 2578
f 2585 2578 2584
f 2585 2580 2578
f 2579 2585 2584
f 2585 2586 2580
f 2586 2583 2580
f 2579 2587 2585
f 2587 2586 2585
f 2579 2588 2587
f 2587 2589 2586
f 2589 2583 2586
f 2590 2588 2579
f 2591 2581 2583
f 2589 2591 2583
f 2592 2582 2581
f 2591 2592 2581
f 2588 2590 2593
f 2588 2593 2587
f 2590 2594 2593
f 2594 2590 2595
f 2593 2594 2596
f 2594 2595 2596
f 2597 2591 2589
f 2587 2597 2589
f 2597 2598 2591
f 2598 2592 2591
f 2582 2592 2599
f 2582 2599 2570
f 2592 2600 2599
f 2592 2598 2600
f 2597 2601 2598
f 2597 2587 2601
f 2598 2601 2602
f 2598 2602 2600
f 2600 2603 2599
f 2570 2599 2603
f 2603 2600 2604
f 2600 2602 2604
f 2601 2605 2602
f 2601 2587 2605
f 2602 2605 2606
f 2604 2602 2606
f 2607 2603 2604
f 2607 2570 2603
f 2587 2608 2605
f 2606 2605 2608
f 2587 2609 2608
f 2609 2606 2608
f 2609 2587 2610
f 2611 2604 2606
f 2611 2607 2604
f 2609 2611 2606
f 2612 2609 2610
f 2611 2609 2612
f 2610 2613 2612
f 2613 2611 2612
f 2607 2611 2614
f 2570 2607 2614
f 2613 2614 2611
f 2613 2570 2615
f 2570 2614 2615
f 2613 2615 2614
f 2616 2617 2618
f 2616 2618 2619
f 2619 2618 2620
f 2621 2616 2619
f 2619 2620 2622
f 2621 2619 2623
f 2623 2619 2622
f 2624 2621 2623
f 2623 2622 2625
f 2624 2623 2626
f 2626 2623 2625
f 2627 2624 2626
f 2625 2628 2626
f 2627 2626 2629
f 2628 2629 2626
f 2628 2627 2629
f 2630 2627 2628
f 2630 2628 2631
f 2627 2630 2632
f 2632 2630 2631
f 2633 2634 2635
f 2634 2636 2635
f 2637 2635 2636
f 2634 2638 2636
f 2638 2639 2636
f 2639 2640 2636
f 2639 2641 2640
f 2642 2637 2636
f 2642 2636 2640
f 2641 2643 2640
f 2641 2644 2643
f 2645 2642 2640
f 2645 2640 2643
f 2642 2646 2637
f 2637 2647 2635
f 2637 2646 2647
f 2645 2648 2642
f 2648 2646 2642
f 2644 2649 2643
f 2650 2643 2649
f 2650 2645 2643
f 2644 2650 2649
f 2650 2651 2645
f 2651 2648 2645
f 2644 2652 2650
f 2652 2651 2650
f 2644 2653 2652
f 2652 2654 2651
f 2654 2648 2651
f 2655 2653 2644
f 2656 2646 2648
f 2654 2656 2648
f 2657 2647 2646
f 2656 2657 2646
f 2653 2655 2658
f 2653 2658 2652
f 2655 2659 2658
f 2659 2655 2660
f 2658 2659 2661
f 2659 2660 2661
f 2662 2656 2654
f 2652 2662 2654
f 2662 2663 2656
f 2663 2657 2656
f 2647 2657 2664
f 2647 2664 2635
f 2657 2665 2664
f 2657 2663 2665
f 2662 2666 2663
f 2662 2652 2666
f 2663 2666 2667
f 2663 2667 2665
f 2665 2668 2664
f 2635 2664 2668
f 2668 2665 2669
f 2665 2667 2669
f 2666 2670 2667
f 2666 2652 2670
f 2667 2670 2671
f 2669 2667 2671
f 2672 2668 2669
f 2672 2635 2668
f 2652 2673 2670
f 2671 2670 2673
f 2652 2674 2673
f 2674 2671 2673
f 2674 2652 2675
f 2676 2669 2671
f 2676 2672 2669
f 2674 2676 2671
f 2677 2674 2675
f 2676 2674 2677
f 2675 2678 2677
f 2678 2676 2677
f 2672 2676 2679
f 2635 2672 2679
f 2678 2679 2676
f 2678 2635 2680
f 2635 2679 2680
f 2678 2680 2679
f 2681 2682 2683
f 2681 2683 2684
f 2684 2683 2685
f 2686 2681 2684
f 2684 2685 2687
f 2686 2684 2688
f 2688 2684 2687
f 2689 2686 2688
f 2688 2687 2690
f 2689 2688 2691
f 2691 2688 2690
f 2692 2689 2691
f 2690 2693 2691
f 2692 2691 2694
f 2693 2694 2691
f 2693 2692 2694
f 2695 2692 2693
f 2695 2693 2696
f 2692 2695 2697
f 2697 2695 2696
f 2698 2699 2700
f 2699 2701 2700
f 2702 2700 2701
f 2699 2703 2701
f 2703 2704 2701
f 2704 2705 2701
f 2704 2706 2705
f 2707 2702 2701
f 2707 2701 2705
f 2706 2708 2705
f 2706 2709 2708
f 2710 2707 2705
f 2710 2705 2708
f 2707 2711 2702
f 2702 2712 2700
f 2702 2711 2712
f 2710 2713 2707
f 2713 2711 2707
f 2709 2714 2708
f 2715 2708 2714
f 2715 2710 2708
f 2709 2715 2714
f 2715 2716 2710
f 2716 2713 2710
f 2709 2717 2715
f 2717 2716 2715
f 2709 2718 2717
f 2717 2719 2716
f 2719 2713 2716
f 2720 2718 2709
f 2721 2711 2713
f 2719 2721 2713
f 2722 2712 2711
f 2721 2722 2711
f 2718 2720 2723
f 2718 2723 2717
f 2720 2724 2723
f 2724 2720 2725
f 2723 2724 2726
f 2724 2725 2726
f 2727 2721 2719
f 2717 2727 2719
f 2727 2728 2721
f 2728 2722 2721
f 2712 2722 2729
f 2712 2729 2700
f 2722 2730 2729
f 2722 2728 2730
f 2727 2731 2728
f 2727 2717 2731
f 2728 2731 2732
f 2728 2732 2730
f 2730 2733 2729
f 2700 2729 2733
f 2733 2730 2734
f 2730 2732 2734
f 2731 2735 2732
f 2731 2717 2735
f 2732 2735 2736
f 2734 2732 2736
f 2737 2733 2734
f 2737 2700 2733
f 2717 2738 2735
f 2736 2735 2738
f 2717 2739 2738
f 2739 2736 2738
f 2739 2717 2740
f 2741 2734 2736
f 2741 2737 2734
f 2739 2741 2736
f 2742 2739 2740
f 2741 2739 2742
f 2740 2743 2742
f 2743 2741 2742
f 2737 2741 2744
f 2700 2737 2744
f 2743 2744 2741
f 2743 2700 2745
f 2700 2744 2745
f 2743 2745 2744
f 2746 2747 2748
f 2746 2748 2749
f 2749 2748 2750
f 2751 2746 2749
f 2749 2750 2752
f 2751 2749 2753
f 2753 2749 2752
f 2754 2751 2753
f 2753 2752 2755
f 2754 2753 2756
f 2756 2753 2755
f 2757 2754 2756
f 2755 2758 2756
f 2757 2756 2759
f 2758 2759 2756
f 2758 2757 2759
f 2760 2757 2758
f 2760 2758 2761
f 2757 2760 2762
f 2762 2760 2761
f 2763 2764 2765
f 2764 2766 2765
f 2767 2765 2766
f 2764 2768 2766
f 2768 2769 2766
f 2769 2770 2766
f 2769 2771 2770
f 2772 2767 2766
f 2772 2766 2770
f 2771 2773 2770
f 2771 2774 2773
f 2775 2772 2770
f 2775 2770 2773
f 2772 2776 2767
f 2767 2777 2765
f 2767 2776 2777
f 2775 2778 2772
f 2778 2776 2772
f 2774 2779 2773
f 2780 2773 2779
f 2780 2775 2773
f 2774 2780 2779
f 2780 2781 2775
f 2781 2778 2775
f 2774 2782 2780
f 2782 2781 2780
f 2774 2783 2782
f 2782 2784 2781
f 2784 2778 2781
f 2785 2783 2774
f 2786 2776 2778
f 2784 2786 2778
f 2787 2777 2776
f 2786 2787 2776
f 2783 2785 2788
f 2783 2788 2782
f 2785 2789 2788
f 2789 2785 2790
f 2788 2789 2791
f 2789 2790 2791
f 2792 2786 2784
f 2782 2792 2784
f 2792 2793 2786
f 2793 2787 2786
f 2777 2787 2794
f 2777 2794 2765
f 2787 2795 2794
f 2787 2793 2795
f 2792 2796 2793
f 2792 2782 2796
f 2793 2796 2797
f 2793 2797 2795
f 2795 2798 2794
f 2765 2794 2798
f 2798 2795 2799
f 2795 2797 2799
f 2796 2800 2797
f 2796 2782 2800
f 2797 2800 2801
f 2799 2797 2801
f 2802 2798 2799
f 2802 2765 2798
f 2782 2803 2800
f 2801 2800 2803
f 2782 2804 2803
f 2804 2801 2803
f 2804 2782 2805
f 2806 2799 2801
f 2806 2802 2799
f 2804 2806 2801
f 2807 2804 2805
f 2806 2804 2807
f 2805 2808 2807
f 2808 2806 2807
f 2802 2806 2809
f 2765 2802 2809
f 2808 2809 2806
f 2808 2765 2810
f 2765 2809 2810
f 2808 2810 2809
f 2811 2812 2813
f 2811 2813 2814
f 2814 2813 2815
f 2816 2811 2814
f 2814 2815 2817
f 2816 2814 2818
f 2818 2814 2817
f 2819 2816 2818
f 2818 2817 2820
f 2819 2818 2821
f 2821 2818 2820
f 2822 2819 2821
f 2820 2823 2821
f 2822 2821 2824
f 2823 2824 2821
f 2823 2822 2824
f 2825 2822 2823
f 2825 2823 2826
f 2822 2825 2827
f 2827 2825 2826
f 2828 2829 2830
f 2829 2831 2830
f 2832 2830 2831
f 2829 2833 2831
f 2833 2834 2831
f 2834 2835 2831
f 2834 2836 2835
f 2837 2832 2831
f 2837 2831 2835
f 2836 2838 2835
f 2836 2839 2838
f 2840 2837 2835
f 2840 2835 2838
f 2837 2841 2832
f 2832 2842 2830
f 2832 2841 2842
f 2840 2843 2837
f 2843 2841 2837
f 2839 2844 2838
f 2845 2838 2844
f 2845 2840 2838
f 2839 2845 2844
f 2845 2846 2840
f 2846 2843 2840
f 2839 2847 2845
f 2847 2846 2845
f 2839 2848 2847
f 2847 2849 2846
f 2849 2843 2846
f 2850 2848 2839
f 2851 2841 2843
f 2849 2851 2843
f 2852 2842 2841
f 2851 2852 2841
f 2848 2850 2853
f 2848 2853 2847
f 2850 2854 2853
f 2854 2850 2855
f 2853 2854 2856
f 2854 2855 2856
f 2857 2851 2849
f 2847 2857 2849
f 2857 2858 2851
f 2858 2852 2851
f 2842 2852 2859
f 2842 2859 2830
f 2852 2860 2859
f 2852 2858 2860
f 2857 2861 2858
f 2857 2847 2861
f 2858 2861 2862
f 2858 2862 2860
f 2860 2863 2859
f 2830 2859 2863
f 2863 2860 2864
f 2860 2862 2864
f 2861 2865 2862
f 2861 2847 2865
f 2862 2865 2866
f 2864 2862 2866
f 2867 2863 2864
f 2867 2830 2863
f 2847 2868 2865
f 2866 2865 2868
f 2847 2869 2868
f 2869 2866 2868
f 2869 2847 2870
f 2871 2864 2866
f 2871 2867 2864
f 2869 2871 2866
f 2872 2869 2870
f 2871 2869 2872
f 2870 2873 2872
f 2873 2871 2872
f 2867 2871 2874
f 2830 2867 2874
f 2873 2874 2871
f 2873 2830 2875
f 2830 2874 2875
f 2873 2875 2874
f 2876 2877 2878
f 2876 2878 2879
f 2879 2878 2880
f 2881 2876 2879
f 2879 2880 2882
f 2881 2879 2883
f 2883 2879 2882
f 2884 2881 2883
f 2883 2882 2885
f 2884 2883 2886
f 2886 2883 2885
f 2887 2884 2886
f 2885 2888 2886
f 2887 2886 2889
f 2888 2889 2886
f 2888 2887 2889
f 2890 2887 2888
f 2890 2888 2891
f 2887 2890 2892
f 2892 2890 2891
f 2893 2894 2895
f 2894 2896 2895
f 2897 2895 2896
f 2894 2898 2896
f 2898 2899 2896
f 2899 2900 2896
f 2899 2901 2900
f 2902 2897 2896
f 2902 2896 2900
f 2901 2903 2900
f 2901 2904 2903
f 2905 2902 2900
f 2905 2900 2903
f 2902 2906 2897
f 2897 2907 2895
f 2897 2906 2907
f 2905 2908 2902
f 2908 2906 2902
f 2904 2909 2903
f 2910 2903 2909
f 2910 2905 2903
f 2904 2910 2909
f 2910 2911 2905
f 2911 2908 2905
f 2904 2912 2910
f 2912 2911 2910
f 2904 2913 2912
f 2912 2914 2911
f 2914 2908 2911
f 2915 2913 2904
f 2916 2906 2908
f 2914 2916 2908
f 2917 2907 2906
f 2916 2917 2906
f 2913 2915 2918
f 2913 2918 2912
f 2915 2919 2918
f 2919 2915 2920
f 2918 2919 2921
f 2919 2920 2921
f 2922 2916 2914
f 2912 2922 2914
f 2922 2923 2916
f 2923 2917 2916
f 2907 2917 2924
f 2907 2924 2895
f 2917 2925 2924
f 2917 2923 2925
f 2922 2926 2923
f 2922 2912 2926
f 2923 2926 2927
f 2923 2927 2925
f 2925 2928 2924
f 2895 2924 2928
f 2928 2925 2929
f 2925 2927 2929
f 2926 2930 2927
f 2926 2912 2930
f 2927 2930 2931
f 2929 2927 2931
f 2932 2928 2929
f 2932 2895 2928
f 2912 2933 2930
f 2931 2930 2933
f 2912 2934 2933
f 2934 2931 2933
f 2934 2912 2935
f 2936 2929 2931
f 2936 2932 2929
f 2934 2936 2931
f 2937 2934 2935
f 2936 2934 2937
f 2935 2938 2937
f 2938 2936 2937
f 2932 2936 2939
f 2895 2932 2939
f 2938 2939 2936
f 2938 2895 2940
f 2895 2939 2940
f 2938 2940 2939
f 2941 2942 2943
f 2941 2943 2944
f 2944 2943 2945
f 2946 2941 2944
f 2944 2945 2947
f 2946 2944 2948
f 2948 2944 2947
f 2949 2946 2948
f 2948 2947 2950
f 2949 2948 2951
f 2951 2948 2950
f 2952 2949 2951
f 2950 2953 2951
f 2952 2951 2954
f 2953 2954 2951
f 2953 2952 2954
f 2955 2952 2953
f 2955 2953 2956
f 2952 2955 2957
f 2957 2955 2956
f 2958 2959 2960
f 2959 2961 2960
f 2962 2960 2961
f 2959 2963 2961
f 2963 2964 2961
f 2964 2965 2961
f 2964 2966 2965
f 2967 2962 2961
f 2967 2961 2965
f 2966 2968 2965
f 2966 2969 2968
f 2970 2967 2965
f 2970 2965 2968
f 2967 2971 2962
f 2962 2972 2960
f 2962 2971 2972
f 2970 2973 2967
f 2973 2971 2967
f 2969 2974 2968
f 2975 2968 2974
f 2975 2970 2968
f 2969 2975 2974
f 2975 2976 2970
f 2976 2973 2970
f 2969 2977 2975
f 2977 2976 2975
f 2969 2978 2977
f 2977 2979 2976
f 2979 2973 2976
f 2980 2978 2969
f 2981 2971 2973
f 2979 2981 2973
f 2982 2972 2971
f 2981 2982 2971
f 2978 2980 2983
f 2978 2983 2977
f 2980 2984 2983
f 2984 2980 2985
f 2983 2984 2986
f 2984 2985 2986
f 2987 2981 2979
f 2977 2987 2979
f 2987 2988 2981
f 2988 2982 2981
f 2972 2982 2989
f 2972 2989 2960
f 2982 2990 2989
f 2982 2988 2990
f 2987 2991 2988
f 2987 2977 2991
f 2988 2991 2992
f 2988 2992 2990
f 2990 2993 2989
f 2960 2989 2993
f 2993 2990 2994
f 2990 2992 2994
f 2991 2995 2992
f 2991 2977 2995
f 2992 2995 2996
f 2994 2992 2996
f 2997 2993 2994
f 2997 2960 2993
f 2977 2998 2995
f 2996 2995 2998
f 2977 2999 2998
f 2999 2996 2998
f 2999 2977 3000
f 3001 2994 2996
f 3001 2997 2994
f 2999 3001 2996
f 3002 2999 3000
f 3001 2999 3002
f 3000 3003 3002
f 3003 3001 3002
f 2997 3001 3004
f 2960 2997 3004
f 3003 3004 3001
f 3003 2960 3005
f 2960 3004 3005
f 3003 3005 3004
f 3006 3007 3008
f 3006 3008 3009
f 3009 3008 3010
f 3011 3006 3009
f 3009 3010 3012
f 3011 3009 3013
f 3013 3009 3012
f 3014 3011 3013
f 3013 3012 3015
f 3014 3013 3016
f 3016 3013 3015
f 3017 3014 3016
f 3015 3018 3016
f 3017 3016 3019
f 3018 3019 3016
f 3018 3017 3019
f 3020 3017 3018
f 3020 3018 3021
f 3017 3020 3022
f 3022 3020 3021
f 3023 3024 3025
f 3024 3026 3025
f 3027 3025 3026
f 3024 3028 3026
f 3028 3029 3026
f 3029 3030 3026
f 3029 3031 3030
f 3032 3027 3026
f 3032 3026 3030
f 3031 3033 3030
f 3031 3034 3033
f 3035 3032 3030
f 3035 3030 3033
f 3032 3036 3027
f 3027 3037 3025
f 3027 3036 3037
f 3035 3038 3032
f 3038 3036 3032
f 3034 3039 3033
f 3040 3033 3039
f 3040 3035 3033
f 3034 3040 3039
f 3040 3041 3035
f 3041 3038 3035
f 3034 3042 3040
f 3042 3041 3040
f 3034 3043 3042
f 3042 3044 3041
f 3044 3038 3041
f 3045 3043 3034
f 3046 3036 3038
f 3044 3046 3038
f 3047 3037 3036
f 3046 3047 3036
f 3043 3045 3048
f 3043 3048 3042
f 3045 3049 3048
f 3049 3045 3050
f 3048 3049 3051
f 3049 3050 3051
f 3052 3046 3044
f 3042 3052 3044
f 3052 3053 3046
f 3053 3047 3046
f 3037 3047 3054
f 3037 3054 3025
f 3047 3055 3054
f 3047 3053 3055
f 3052 3056 3053
f 3052 3042 3056
f 3053 3056 3057
f 3053 3057 3055
f 3055 3058 3054
f 3025 3054 3058
f 3058 3055 3059
f 3055 3057 3059
f 3056 3060 3057
f 3056 3042 3060
f 3057 3060 3061
f 3059 3057 3061
f 3062 3058 3059
f 3062 3025 3058
f 3042 3063 3060
f 3061 3060 3063
f 3042 3064 3063
f 3064 3061 3063
f 3064 3042 3065
f 3066 3059 3061
f 3066 3062 3059
f 3064 3066 3061
f 3067 3064 3065
f 3066 3064 3067
f 3065 3068 3067
f 3068 3066 3067
f 3062 3066 3069
f 3025 3062 3069
f 3068 3069 3066
f 3068 3025 3070
f 3025 3069 3070
f 3068 3070 3069
f 3071 3072 3073
f 3071 3073 3074
f 3074 3073 3075
f 3076 3071 3074
f 3074 3075 3077
f 3076 3074 3078
f 3078 3074 3077
f 3079 3076 3078
f 3078 3077 3080
f 3079 3078 3081
f 3081 3078 3080
f 3082 3079 3081
f 3080 3083 3081
f 3082 3081 3084
f 3083 3084 3081
f 3083 3082 3084
f 3085 3082 3083
f 3085 3083 3086
f 3082 3085 3087
f 3087 3085 3086
f 3088 3089 3090
f 3089 3091 3090
f 3092 3090 3091
f 3089 3093 3091
f 3093 3094 3091
f 3094 3095 3091
f 3094 3096 3095
f 3097 3092 3091
f 3097 3091 3095
f 3096 3098 3095
f 3096 3099 3098
f 3100 3097 3095
f 3100 3095 3098
f 3097 3101 3092
f 3092 3102 3090
f 3092 3101 3102
f 3100 3103 3097
f 3103 3101 3097
f 3099 3104 3098
f 3105 3098 3104
f 3105 3100 3098
f 3099 3105 3104
f 3105 3106 3100
f 3106 3103 3100
f 3099 3107 3105
f 3107 3106 3105
f 3099 3108 3107
f 3107 3109 3106
f 3109 3103 3106
f 3110 3108 3099
f 3111 3101 3103
f 3109 3111 3103
f 3112 3102 3101
f 3111 3112 3101
f 3108 3110 3113
f 3108 3113 3107
f 3110 3114 3113
f 3114 3110 3115
f 3113 3114 3116
f 3114 3115 3116
f 3117 3111 3109
f 3107 3117 3109
f 3117 3118 3111
f 3118 3112 3111
f 3102 3112 3119
f 3102 3119 3090
f 3112 3120 3119
f 3112 3118 3120
f 3117 3121 3118
f 3117 3107 3121
f 3118 3121 3122
f 3118 3122 3120
f 3120 3123 3119
f 3090 3119 3123
f 3123 3120 3124
f 3120 3122 3124
f 3121 3125 3122
f 3121 3107 3125
f 3122 3125 3126
f 3124 3122 3126
f 3127 3123 3124
f 3127 3090 3123
f 3107 3128 3125
f 3126 3125 3128
f 3107 3129 3128
f 3129 3126 3128
f 3129 3107 3130
f 3131 3124 3126
f 3131 3127 3124
f 3129 3131 3126
f 3132 3129 3130
f 3131 3129 3132
f 3130 3133 3132
f 3133 3131 3132
f 3127 3131 3134
f 3090 3127 3134
f 3133 3134 3131
f 3133 3090 3135
f 3090 3134 3135
f 3133 3135 3134
f 3136 3137 3138
f 3136 3138 3139
f 3139 3138 3140
f 3141 3136 3139
f 3139 3140 3142
f 3141 3139 3143
f 3143 3139 3142
f 3144 3141 3143
f 3143 3142 3145
f 3144 3143 3146
f 3146 3143 3145
f 3147 3144 3146
f 3145 3148 3146
f 3147 3146 3149
f 3148 3149 3146
f 3148 3147 3149
f 3150 3147 3148
f 3150 3148 3151
f 3147 3150 3152
f 3152 3150 3151
f 3153 3154 3155
f 3154 3156 3155
f 3157 3155 3156
f 3154 3158 3156
f 3158 3159 3156
f 3159 3160 3156
f 3159 3161 3160
f 3162 3157 3156
f 3162 3156 3160
f 3161 3163 3160
f 3161 3164 3163
f 3165 3162 3160
f 3165 3160 3163
f 3162 3166 3157
f 3157 3167 3155
f 3157 3166 3167
f 3165 3168 3162
f 3168 3166 3162
f 3164 3169 3163
f 3170 3163 3169
f 3170 3165 3163
f 3164 3170 3169
f 3170 3171 3165
f 3171 3168 3165
f 3164 3172 3170
f 3172 3171 3170
f 3164 3173 3172
f 3172 3174 3171
f 3174 3168 3171
f 3175 3173 3164
f 3176 3166 3168
f 3174 3176 3168
f 3177 3167 3166
f 3176 3177 3166
f 3173 3175 3178
f 3173 3178 3172
f 3175 3179 3178
f 3179 3175 3180
f 3178 3179 3181
f 3179 3180 3181
f 3182 3176 3174
f 3172 3182 3174
f 3182 3183 3176
f 3183 3177 3176
f 3167 3177 3184
f 3167 3184 3155
f 3177 3185 3184
f 3177 3183 3185
f 3182 3186 3183
f 3182 3172 3186
f 3183 3186 3187
f 3183 3187 3185
f 3185 3188 3184
f 3155 3184 3188
f 3188 3185 3189
f 3185 3187 3189
f 3186 3190 3187
f 3186 3172 3190
f 3187 3190 3191
f 3189 3187 3191
f 3192 3188 3189
f 3192 3155 3188
f 3172 3193 3190
f 3191 3190 3193
f 3172 3194 3193
f 3194 3191 3193
f 3194 3172 3195
f 3196 3189 3191
f 3196 3192 3189
f 3194 3196 3191
f 3197 3194 3195
f 3196 3194 3197
f 3195 3198 3197
f 3198 3196 3197
f 3192 3196 3199
f 3155 3192 3199
f 3198 3199 3196
f 3198 3155 3200
f 3155 3199 3200
f 3198 3200 3199
f 3201 3202 3203
f 3201 3203 3204
f 3204 3203 3205
f 3206 3201 3204
f 3204 3205 3207
f 3206 3204 3208
f 3208 3204 3207
f 3209 3206 3208
f 3208 3207 3210
f 3209 3208 3211
f 3211 3208 3210
f 3212 3209 3211
f 3210 3213 3211
f 3212 3211 3214
f 3213 3214 3211
f 3213 3212 3214
f 3215 3212 3213
f 3215 3213 3216
f 3212 3215 3217
f 3217 3215 3216
f 3218 3219 3220
f 3219 3221 3220
f 3222 3220 3221
f 3219 3223 3221
f 3223 3224 3221
f 3224 3225 3221
f 3224 3226 3225
f 3227 3222 3221
f 3227 3221 3225
f 3226 3228 3225
f 3226 3229 3228
f 3230 3227 3225
f 3230 3225 3228
f 3227 3231 3222
f 3222 3232 3220
f 3222 3231 3232
f 3230 3233 3227
f 3233 3231 3227
f 3229 3234 3228
f 3235 3228 3234
f 3235 3230 3228
f 3229 3235 3234
f 3235 3236 3230
f 3236 3233 3230
f 3229 3237 3235
f 3237 3236 3235
f 3229 3238 3237
f 3237 3239 3236
f 3239 3233 3236
f 3240 3238 3229
f 3241 3231 3233
f 3239 3241 3233
f 3242 3232 3231
f 3241 3242 3231
f 3238 3240 3243
f 3238 3243 3237
f 3240 3244 3243
f 3244 3240 3245
f 3243 3244 3246
f 3244 3245 3246
f 3247 3241 3239
f 3237 3247 3239
f 3247 3248 3241
f 3248 3242 3241
f 3232 3242 3249
f 3232 3249 3220
f 3242 3250 3249
f 3242 3248 3250
f 3247 3251 3248
f 3247 3237 3251
f 3248 3251 3252
f 3248 3252 3250
f 3250 3253 3249
f 3220 3249 3253
f 3253 3250 3254
f 3250 3252 3254
f 3251 3255 3252
f 3251 3237 3255
f 3252 3255 3256
f 3254 3252 3256
f 3257 3253 3254
f 3257 3220 3253
f 3237 3258 3255
f 3256 3255 3258
f 3237 3259 3258
f 3259 3256 3258
f 3259 3237 3260
f 3261 3254 3256
f 3261 3257 3254
f 3259 3261 3256
f 3262 3259 3260
f 3261 3259 3262
f 3260 3263 3262
f 3263 3261 3262
f 3257 3261 3264
f 3220 3257 3264
f 3263 3264 3261
f 3263 3220 3265
f 3220 3264 3265
f 3263 3265 3264
f 3266 3267 3268
f 3266 3268 3269
f 3269 3268 3270
f 3271 3266 3269
f 3269 3270 3272
f 3271 3269 3273
f 3273 3269 3272
f 3274 3271 3273
f 3273 3272 3275
f 3274 3273 3276
f 3276 3273 3275
f 3277 3274 3276
f 3275 3278 3276
f 3277 3276 3279
f 3278 3279 3276
f 3278 3277 3279
f 3280 3277 3278
f 3280 3278 3281
f 3277 3280 3282
f 3282 3280 3281
f 3283 3284 3285
f 3284 3286 3285
f 3287 3285 3286
f 3284 3288 3286
f 3288 3289 3286
f 3289 3290 3286
f 3289 3291 3290
f 3292 3287 3286
f 3292 3286 3290
f 3291 3293 3290
f 3291 3294 3293
f 3295 3292 3290
f 3295 3290 3293
f 3292 3296 3287
f 3287 3297 3285
f 3287 3296 3297
f 3295 3298 3292
f 3298 3296 3292
f 3294 3299 3293
f 3300 3293 3299
f 3300 3295 3293
f 3294 3300 3299
f 3300 3301 3295
f 3301 3298 3295
f 3294 3302 3300
f 3302 3301 3300
f 3294 3303 3302
f 3302 3304 3301
f 3304 3298 3301
f 3305 3303 3294
f 3306 3296 3298
f 3304 3306 3298
f 3307 3297 3296
f 3306 3307 3296
f 3303 3305 3308
f 3303 3308 3302
f 3305 3309 3308
f 3309 3305 3310
f 3308 3309 3311
f 3309 3310 3311
f 3312 3306 3304
f 3302 3312 3304
f 3312 3313 3306
f 3313 3307 3306
f 3297 3307 3314
f 3297 3314 3285
f 3307 3315 3314
f 3307 3313 3315
f 3312 3316 3313
f 3312 3302 3316
f 3313 3316 3317
f 3313 3317 3315
f 3315 3318 3314
f 3285 3314 3318
f 3318 3315 3319
f 3315 3317 3319
f 3316 3320 3317
f 3316 3302 3320
f 3317 3320 3321
f 3319 3317 3321
f 3322 3318 3319
f 3322 3285 3318
f 3302 3323 3320
f 3321 3320 3323
f 3302 3324 3323
f 3324 3321 3323
f 3324 3302 3325
f 3326 3319 3321
f 3326 3322 3319
f 3324 3326 3321
f 3327 3324 3325
f 3326 3324 3327
f 3325 3328 3327
f 3328 3326 3327
f 3322 3326 3329
f 3285 3322 3329
f 3328 3329 3326
f 3328 3285 3330
f 3285 3329 3330
f 3328 3330 3329
f 3331 3332 3333
f 3331 3333 3334
f 3334 3333 3335
f 3336 3331 3334
f 3334 3335 3337
f 3336 3334 3338
f 3338 3334 3337
f 3339 3336 3338
f 3338 3337 3340
f 3339 3338 3341
f 3341 3338 3340
f 3342 3339 3341
f 3340 3343 3341
f 3342 3341 3344
f 3343 3344 3341
f 3343 3342 3344
f 3345 3342 3343
f 3345 3343 3346
f 3342 3345 3347
f 3347 3345 3346
f 3348 3349 3350
f 3349 3351 3350
f 3352 3350 3351
f 3349 3353 3351
f 3353 3354 3351
f 3354 3355 3351
f 3354 3356 3355
f 3357 3352 3351
f 3357 3351 3355
f 3356 3358 3355
f 3356 3359 3358
f 3360 3357 3355
f 3360 3355 3358
f 3357 3361 3352
f 3352 3362 3350
f 3352 3361 3362
f 3360 3363 3357
f 3363 3361 3357
f 3359 3364 3358
f 3365 3358 3364
f 3365 3360 3358
f 3359 3365 3364
f 3365 3366 3360
f 3366 3363 3360
f 3359 3367 3365
f 3367 3366 3365
f 3359 3368 3367
f 3367 3369 3366
f 3369 3363 3366
f 3370 3368 3359
f 3371 3361 3363
f 3369 3371 3363
f 3372 3362 3361
f 3371 3372 3361
f 3368 3370 3373
f 3368 3373 3367
f 3370 3374 3373
f 3374 3370 3375
f 3373 3374 3376
f 3374 3375 3376
f 3377 3371 3369
f 3367 3377 3369
f 3377 3378 3371
f 3378 3372 3371
f 3362 3372 3379
f 3362 3379 3350
f 3372 3380 3379
f 3372 3378 3380
f 3377 3381 3378
f 3377 3367 3381
f 3378 3381 3382
f 3378 3382 3380
f 3380 3383 3379
f 3350 3379 3383
f 3383 3380 3384
f 3380 3382 3384
f 3381 3385 3382
f 3381 3367 3385
f 3382 3385 3386
f 3384 3382 3386
f 3387 3383 3384
f 3387 3350 3383
f 3367 3388 3385
f 3386 3385 3388
f 3367 3389 3388
f 3389 3386 3388
f 3389 3367 3390
f 3391 3384 3386
f 3391 3387 3384
f 3389 3391 3386
f 3392 3389 3390
f 3391 3389 3392
f 3390 3393 3392
f 3393 3391 3392
f 3387 3391 3394
f 3350 3387 3394
f 3393 3394 3391
f 3393 3350 3395
f 3350 3394 3395
f 3393 3395 3394
f 3396 3397 3398
f 3396 3398 3399
f 3399 3398 3400
f 3401 3396 3399
f 3399 3400 3402
f 3401 3399 3403
f 3403 3399 3402
f 3404 3401 3403
f 3403 3402 3405
f 3404 3403 3406
f 3406 3403 3405
f 3407 3404 3406
f 3405 3408 3406
f 3407 3406 3409
f 3408 3409 3406
f 3408 3407 3409
f 3410 3407 3408
f 3410 3408 3411
f 3407 3410 3412
f 3412 3410 3411
f 3413 3414 3415
f 3414 3416 3415
f 3417 3415 3416
f 3414 3418 3416
f 3418 3419 3416
f 3419 3420 3416
f 3419 3421 3420
f 3422 3417 3416
f 3422 3416 3420
f 3421 3423 3420
f 3421 3424 3423
f 3425 3422 3420
f 3425 3420 3423
f 3422 3426 3417
f 3417 3427 3415
f 3417 3426 3427
f 3425 3428 3422
f 3428 3426 3422
f 3424 3429 3423
f 3430 3423 3429
f 3430 3425 3423
f 3424 3430 3429
f 3430 3431 3425
f 3431 3428 3425
f 3424 3432 3430
f 3432 3431 3430
f 3424 3433 3432
f 3432 3434 3431
f 3434 3428 3431
f 3435 3433 3424
f 3436 3426 3428
f 3434 3436 3428
f 3437 3427 3426
f 3436 3437 3426
f 3433 3435 3438
f 3433 3438 3432
f 3435 3439 3438
f 3439 3435 3440
f 3438 3439 3441
f 3439 3440 3441
f 3442 3436 3434
f 3432 3442 3434
f 3442 3443 3436
f 3443 3437 3436
f 3427 3437 3444
f 3427 3444 3415
f 3437 3445 3444
f 3437 3443 3445
f 3442 3446 3443
f 3442 3432 3446
f 3443 3446 3447
f 3443 3447 3445
f 3445 3448 3444
f 3415 3444 3448
f 3448 3445 3449
f 3445 3447 3449
f 3446 3450 3447
f 3446 3432 3450
f 3447 3450 3451
f 3449 3447 3451
f 3452 3448 3449
f 3452 3415 3448
f 3432 3453 3450
f 3451 3450 3453
f 3432 3454 3453
f 3454 3451 3453
f 3454 3432 3455
f 3456 3449 3451
f 3456 3452 3449
f 3454 3456 3451
f 3457 3454 3455
f 3456 3454 3457
f 3455 3458 3457
f 3458 3456 3457
f 3452 3456 3459
f 3415 3452 3459
f 3458 3459 3456
f 3458 3415 3460
f 3415 3459 3460
f 3458 3460 3459
f 3461 3462 3463
f 3461 3463 3464
f 3464 3463 3465
f 3466 3461 3464
f 3464 3465 3467
f 3466 3464 3468
f 3468 3464 3467
f 3469 3466 3468
f 3468 3467 3470
f 3469 3468 3471
f 3471 3468 3470
f 3472 3469 3471
f 3470 3473 3471
f 3472 3471 3474
f 3473 3474 3471
f 3473 3472 3474
f 3475 3472 3473
f 3475 3473 3476
f 3472 3475 3477
f 3477 3475 3476
f 3478 3479 3480
f 3478 3480 3481
f 3479 3478 3482
f 3482 3478 3481
f 3483 3484 3485
f 3483 3485 3486
f 3484 3483 3487
f 3487 3483 3486
f 3488 3489 3490
f 3488 3490 3491
f 3489 3488 3492
f 3492 3488 3491
f 3493 3494 3495
f 3493 3495 3496
f 3494 3493 3497
f 3497 3493 3496
f 3498 3499 3500
f 3498 3500 3501
f 3499 3498 3502
f 3502 3498 3501
f 3503 3504 3505
f 3503 3505 3506
f 3504 3503 3507
f 3507 3503 3506
f 3508 3509 3510
f 3508 3510 3511
f 3509 3508 3512
f 3512 3508 3511
f 3513 3514 3515
f 3513 3515 3516
f 3514 3513 3517
f 3517 3513 3516
f 3518 3519 3520
f 3518 3520 3521
f 3519 3518 3522
f 3522 3518 3521
f 3523 3524 3525
f 3523 3525 3526
f 3524 3523 3527
f 3527 3523 3526
f 3528 3529 3530
f 3528 3530 3531
f 3529 3528 3532
f 3532 3528 3531
f 3533 3534 3535
f 3533 3535 3536
f 3534 3533 3537
f 3537 3533 3536
f 3538 3539 3540
f 3538 3540 3541
f 3539 3538 3542
f 3542 3538 3541
f 3543 3544 3545
f 3543 3545 3546
f 3544 3543 3547
f 3547 3543 3546
f 3548 3549 3550
f 3548 3550 3551
f 3549 3548 3552
f 3552 3548 3551
f 3553 3554 3555
f 3553 3555 3556
f 3554 3553 3557
f 3557 3553 3556
f 3558 3559 3560
f 3558 3560 3561
f 3559 3558 3562
f 3562 3558 3561
f 3563 3564 3565
f 3563 3565 3566
f 3564 3563 3567
f 3567 3563 3566
f 3568 3569 3570
f 3568 3570 3571
f 3569 3568 3572
f 3572 3568 3571
f 3573 3574 3575
f 3573 3575 3576
f 3574 3573 3577
f 3577 3573 3576
f 3578 3579 3580
f 3578 3580 3581
f 3579 3578 3582
f 3582 3578 3581
f 3583 3584 3585
f 3583 3585 3586
f 3584 3583 3587
f 3587 3583 3586
f 3588 3589 3590
f 3588 3590 3591
f 3589 3588 3592
f 3592 3588 3591
f 3593 3594 3595
f 3593 3595 3596
f 3594 3593 3597
f 3597 3593 3596
f 3598 3599 3600
f 3598 3600 3601
f 3599 3598 3602
f 3602 3598 3601
f 3603 3604 3605
f 3603 3605 3606
f 3604 3603 3607
f 3607 3603 3606
f 3608 3609 3610
f 3608 3610 3611
f 3609 3608 3612
f 3612 3608 3611
f 3613 3614 3615
f 3613 3615 3616
f 3614 3613 3617
f 3617 3613 3616
f 3618 3619 3620
f 3618 3620 3621
f 3619 3618 3622
f 3622 3618 3621
f 3623 3624 3625
f 3623 3625 3626
f 3624 3623 3627
f 3627 3623 3626
f 3628 3629 3630
f 3628 3630 3631
f 3629 3628 3632
f 3632 3628 3631
f 3633 3634 3635
f 3633 3635 3636
f 3634 3633 3637
f 3637 3633 3636
f 3638 3639 3640
f 3638 3640 3641
f 3639 3638 3642
f 3642 3638 3641
f 3643 3644 3645
f 3643 3645 3646
f 3644 3643 3647
f 3647 3643 3646
f 3648 3649 3650
f 3648 3650 3651
f 3649 3648 3652
f 3652 3648 3651
f 3653 3654 3655
f 3653 3655 3656
f 3654 3653 3657
f 3657 3653 3656
f 3658 3659 3660
f 3658 3660 3661
f 3659 3658 3662
f 3662 3658 3661
f 3663 3664 3665
f 3663 3665 3666
f 3664 3663 3667
f 3667 3663 3666
f 3668 3669 3670
f 3668 3670 3671
f 3669 3668 3672
f 3672 3668 3671
f 3673 3674 3675
f 3673 3675 3676
f 3674 3673 3677
f 3677 3673 3676
f 3678 3679 3680
f 3678 3680 3681
f 3679 3678 3682
f 3682 3678 3681
f 3683 3684 3685
f 3683 3685 3686
f 3684 3683 3687
f 3687 3683 3686
f 3688 3689 3690
f 3688 3690 3691
f 3689 3688 3692
f 3692 3688 3691
f 3693 3694 3695
f 3693 3695 3696
f 3694 3693 3697
f 3697 3693 3696
f 3698 3699 3700
f 3698 3700 3701
f 3699 3698 3702
f 3702 3698 3701
f 3703 3704 3705
f 3703 3705 3706
f 3704 3703 3707
f 3707 3703 3706
f 3708 3709 3710
f 3708 3710 3711
f 3709 3708 3712
f 3712 3708 3711
f 3713 3714 3715
f 3713 3715 3716
f 3714 3713 3717
f 3717 3713 3716
f 3718 3719 3720
f 3718 3720 3721
f 3719 3718 3722
f 3722 3718 3721
f 3723 3724 3725
f 3723 3725 3726
f 3724 3723 3727
f 3727 3723 3726
f 3728 3729 3730
f 3728 3730 3731
f 3729 3728 3732
f 3732 3728 3731
f 3733 3734 3735
f 3733 3735 3736
f 3734 3733 3737
f 3737 3733 3736
f 3738 3739 3740
f 3738 3740 3741
f 3739 3738 3742
f 3742 3738 3741
f 3743 3744 3745
f 3743 3745 3746
f 3744 3743 3747
f 3747 3743 3746
f 3748 3749 3750
f 3748 3750 3751
f 3749 3748 3752
f 3752 3748 3751
f 3753 3754 3755
f 3753 3755 3756
f 3754 3753 3757
f 3757 3753 3756
f 3758 3759 3760
f 3758 3760 3761
f 3759 3758 3762
f 3762 3758 3761
f 3763 3764 3765
f 3763 3765 3766
f 3764 3763 3767
f 3767 3763 3766
f 3768 3769 3770
f 3768 3770 3771
f 3769 3768 3772
f 3772 3768 3771
f 3773 3774 3775
f 3773 3775 3776
f 3774 3773 3777
f 3777 3773 3776
f 3778 3779 3780
f 3778 3780 3781
f 3779 3778 3782
f 3782 3778 3781
f 3783 3784 3785
f 3783 3785 3786
f 3784 3783 3787
f 3787 3783 3786
f 3788 3789 3790
f 3788 3790 3791
f 3789 3788 3792
f 3792 3788 3791
f 3793 3794 3795
f 3793 3795 3796
f 3794 3793 3797
f 3797 3793 3796
f 3798 3799 3800
f 3798 3800 3801
f 3799 3798 3802
f 3802 3798 3801
f 3803 3804 3805
f 3803 3805 3806
f 3804 3803 3807
f 3807 3803 3806
f 3808 3809 3810
f 3808 3810 3811
f 3809 3808 3812
f 3812 3808 3811
f 3813 3814 3815
f 3813 3815 3816
f 3814 3813 3817
f 3817 3813 3816
f 3818 3819 3820
f 3818 3820 3821
f 3819 3818 3822
f 3822 3818 3821
f 3823 3824 3825
f 3823 3825 3826
f 3824 3823 3827
f 3827 3823 3826
f 3828 3829 3830
f 3828 3830 3831
f 3829 3828 3832
f 3832 3828 3831
f 3833 3834 3835
f 3833 3835 3836
f 3834 3833 3837
f 3837 3833 3836
f 3838 3839 3840
f 3838 3840 3841
f 3839 3838 3842
f 3842 3838 3841
f 3843 3844 3845
f 3843 3845 3846
f 3844 3843 3847
f 3847 3843 3846
f 3848 3849 3850
f 3848 3850 3851
f 3849 3848 3852
f 3852 3848 3851
f 3853 3854 3855
f 3853 3855 3856
f 3854 3853 3857
f 3857 3853 3856
f 3858 3859 3860
f 3858 3860 3861
f 3859 3858 3862
f 3862 3858 3861
f 3863 3864 3865
f 3863 3865 3866
f 3864 3863 3867
f 3867 3863 3866
f 3868 3869 3870
f 3868 3870 3871
f 3869 3868 3872
f 3872 3868 3871
f 3873 3874 3875
f 3873 3875 3876
f 3874 3873 3877
f 3877 3873 3876
f 3878 3879 3880
f 3878 3880 3881
f 3879 3878 3882
f 3882 3878 3881
f 3883 3884 3885
f 3883 3885 3886
f 3884 3883 3887
f 3887 3883 3886
f 3888 3889 3890
f 3888 3890 3891
f 3889 3888 3892
f 3892 3888 3891
f 3893 3894 3895
f 3896 3894 3893
f 3894 3897 3895
f 3894 3896 3897
f 3898 3899 3900
f 3898 3900 3901
f 3899 3898 3902
f 3902 3898 3901
f 3903 3904 3905
f 3906 3904 3903
f 3904 3907 3905
f 3904 3906 3907
f 3908 3909 3910
f 3911 3908 3910
f 3908 3912 3909
f 3912 3908 3911
f 3913 3914 3915
f 3916 3913 3915
f 3913 3917 3914
f 3917 3913 3916
f 3918 3919 3920
f 3918 3920 3921
f 3919 3918 3922
f 3922 3918 3921
f 3923 3924 3925
f 3923 3925 3926
f 3924 3923 3927
f 3927 3923 3926
f 3928 3929 3930
f 3928 3931 3929
f 3932 3928 3930
f 3928 3933 3931
f 3932 3930 3934
f 3933 3935 3931
f 3936 3932 3934
f 3933 3937 3935
f 3936 3934 3938
f 3937 3939 3935
f 3940 3936 3938
f 3937 3941 3939
f 3940 3938 3942
f 3941 3943 3939
f 3944 3940 3942
f 3941 3945 3943
f 3944 3942 3946
f 3945 3947 3943
f 3948 3944 3946
f 3945 3949 3947
f 3948 3946 3950
f 3949 3951 3947
f 3952 3948 3950
f 3949 3953 3951
f 3953 3954 3951
f 3953 3955 3954
f 3952 3950 3956
f 3957 3952 3956
f 3958 3957 3956
f 3958 3956 3959
f 3960 3958 3959
f 3960 3959 3961
f 3962 3960 3961
f 3962 3961 3963
f 3964 3962 3963
f 3964 3963 3965
f 3966 3964 3965
f 3966 3965 3967
f 3968 3966 3967
f 3968 3967 3969
f 3970 3968 3969
f 3970 3969 3971
f 3972 3970 3971
f 3972 3971 3973
f 3972 3973 3974
f 3975 3972 3974
f 3975 3974 3976
f 3977 3975 3976
f 3977 3976 3978
f 3979 3977 3978
f 3979 3978 3980
f 3981 3979 3980
f 3981 3980 3982
f 3983 3981 3982
f 3983 3982 3984
f 3985 3983 3984
f 3985 3984 3986
f 3987 3985 3986
f 3986 3988 3987
f 3988 3989 3987
f 3988 3990 3989
f 3990 3991 3989
f 3990 3955 3991
f 3955 3990 3954
f 3992 3993 3994
f 3992 3995 3993
f 3996 3992 3994
f 3992 3997 3995
f 3996 3994 3998
f 3997 3999 3995
f 4000 3996 3998
f 3997 4001 3999
f 4000 3998 4002
f 4001 4003 3999
f 4004 4000 4002
f 4001 4005 4003
f 4004 4002 4006
f 4005 4007 4003
f 4008 4004 4006
f 4005 4009 4007
f 4008 4006 4010
f 4009 4011 4007
f 4012 4008 4010
f 4009 4013 4011
f 4012 4010 4014
f 4013 4015 4011
f 4016 4012 4014
f 4013 4017 4015
f 4017 4018 4015
f 4017 4019 4018
f 4016 4014 4020
f 4021 4016 4020
f 4022 4021 4020
f 4022 4020 4023
f 4024 4022 4023
f 4024 4023 4025
f 4026 4024 4025
f 4026 4025 4027
f 4028 4026 4027
f 4028 4027 4029
f 4030 4028 4029
f 4030 4029 4031
f 4032 4030 4031
f 4032 4031 4033
f 4034 4032 4033
f 4034 4033 4035
f 4036 4034 4035
f 4036 4035 4037
f 4036 4037 4038
f 4039 4036 4038
f 4039 4038 4040
f 4041 4039 4040
f 4041 4040 4042
f 4043 4041 4042
f 4043 4042 4044
f 4045 4043 4044
f 4045 4044 4046
f 4047 4045 4046
f 4047 4046 4048
f 4049 4047 4048
f 4049 4048 4050
f 4051 4049 4050
f 4050 4052 4051
f 4052 4053 4051
f 4052 4054 4053
f 4054 4055 4053
f 4054 4019 4055
f 4019 4054 4018
