# ROS coordinates: X forward, Y left, Z up; units are metres.
o mesh
v -0.006182907 0.120589256 0.0100000007
v -0.006574746 0.120560884 0.0100000007
v -0.00619252026 0.120089345 0.009500001
v -0.006584661 0.120305151 0.009750001
v -0.006493233 0.120067582 0.009500001
v -0.00697707 0.120453544 0.0100000007
v -0.00680199265 0.119985193 0.009500001
v -0.006989941 0.120178528 0.009750001
v -0.007365929 0.120261475 0.0100000007
v -0.00710042 0.1198378 0.009500001
v -0.007371014 0.119954549 0.009750001
v -0.00771501474 0.119988881 0.0100000007
v -0.00736832246 0.119628593 0.009500001
v -0.007693935 0.119643815 0.009750001
v -0.008000834 0.119650535 0.0100000007
v -0.007587673 0.119368926 0.009500001
v -0.00793239847 0.119271636 0.009750001
v -0.008207703 0.119269341 0.0100000007
v -0.007746434 0.119076386 0.009500001
v -0.008074511 0.118871517 0.009750001
v -0.008330438 0.118871443 0.0100000007
v -0.008123891 0.118476182 0.009750001
v -0.007840624 0.118771024 0.009500001
v -0.00837384351 0.118480988 0.0100000007
v -0.00787393749 0.118471369 0.009500001
v -0.008345481 0.118089147 0.0100000007
v -0.007852169 0.118170664 0.009500001
v -0.008089745 0.11807923 0.009750001
v -0.008238133 0.117686823 0.0100000007
v -0.007863026 0.1174782 0.009750001
v -0.00776978768 0.117861904 0.009500001
v -0.00804607 0.117297962 0.0100000007
v -0.007622389 0.117563471 0.009500001
v -0.00777347 0.11694888 0.0100000007
v -0.00741318241 0.117295571 0.009500001
v -0.007428404 0.116969958 0.009750001
v -0.0074351225 0.116663061 0.0100000007
v -0.00685749575 0.116648287 0.009750001
v -0.007153522 0.117076226 0.009500001
v -0.007053934 0.116456188 0.0100000007
v -0.00686098263 0.116917461 0.009500001
v -0.006656036 0.116333455 0.0100000007
v -0.006555617 0.116823271 0.009500001
v -0.006265575 0.116290048 0.0100000007
v -0.006255964 0.116789959 0.009500001
v -0.0561736748 0.121550515 0.0100000007
v -0.056565512 0.121522143 0.0100000007
v -0.056183286 0.1210506 0.009500001
v -0.056575425 0.121266417 0.009750001
v -0.0564839952 0.121028841 0.009500001
v -0.0569678321 0.1214148 0.0100000007
v -0.05679276 0.120946452 0.009500001
v -0.0569807068 0.121139787 0.009750001
v -0.0573566929 0.121222742 0.0100000007
v -0.057091184 0.120799065 0.009500001
v -0.05736178 0.120915808 0.009750001
v -0.0577057749 0.12095014 0.0100000007
v -0.0573590845 0.120589852 0.009500001
v -0.0576846972 0.120605074 0.009750001
v -0.0579915978 0.120611794 0.0100000007
v -0.057578437 0.120330192 0.009500001
v -0.05792316 0.120232895 0.009750001
v -0.0581984669 0.1202306 0.0100000007
v -0.057737194 0.120037653 0.009500001
v -0.0580652729 0.119832784 0.009750001
v -0.0583212 0.119832709 0.0100000007
v -0.0581146553 0.119437441 0.009750001
v -0.057831388 0.119732291 0.009500001
v -0.0583646074 0.119442247 0.0100000007
v -0.0578647 0.119432636 0.009500001
v -0.058336243 0.119050406 0.0100000007
v -0.0578429326 0.119131923 0.009500001
v -0.05808051 0.119040489 0.009750001
v -0.0582288951 0.118648089 0.0100000007
v -0.05785379 0.118439458 0.009750001
v -0.05776055 0.118823163 0.009500001
v -0.058036834 0.118259221 0.0100000007
v -0.057613153 0.118524738 0.009500001
v -0.0577642322 0.117910139 0.0100000007
v -0.0574039444 0.11825683 0.009500001
v -0.05741917 0.117931217 0.009750001
v -0.0574258864 0.11762432 0.0100000007
v -0.0568482578 0.117609546 0.009750001
v -0.0571442842 0.118037485 0.009500001
v -0.0570446961 0.117417455 0.0100000007
v -0.0568517447 0.11787872 0.009500001
v -0.0566468 0.117294721 0.0100000007
v -0.05654638 0.11778453 0.009500001
v -0.05625634 0.117251307 0.0100000007
v -0.0562467277 0.117751218 0.009500001
v -0.006759664 0.0905948 0.0100000007
v -0.007151503 0.09056643 0.0100000007
v -0.00676927529 0.09009489 0.009500001
v -0.007161416 0.09031069 0.009750001
v -0.00706999 0.09007312 0.009500001
v -0.007553827 0.090459086 0.0100000007
v -0.00737874955 0.0899907351 0.009500001
v -0.007566696 0.09018408 0.009750001
v -0.007942686 0.09026702 0.0100000007
v -0.007677175 0.08984334 0.009500001
v -0.007947769 0.08996009 0.009750001
v -0.00829177 0.0899944156 0.0100000007
v -0.007945079 0.0896341354 0.009500001
v -0.008270692 0.08964935 0.009750001
v -0.008577591 0.08965607 0.0100000007
v -0.00816443 0.0893744752 0.009500001
v -0.008509155 0.08927718 0.009750001
v -0.008784458 0.08927488 0.0100000007
v -0.008323191 0.08908193 0.009500001
v -0.008651266 0.08887706 0.009750001
v -0.008907195 0.088876985 0.0100000007
v -0.008700648 0.0884817243 0.009750001
v -0.008417381 0.0887765661 0.009500001
v -0.0089506 0.08848653 0.0100000007
v -0.008450694 0.08847691 0.009500001
v -0.008922238 0.08809469 0.0100000007
v -0.008428926 0.0881762058 0.009500001
v -0.0086665 0.08808477 0.009750001
v -0.008814888 0.0876923651 0.0100000007
v -0.008439783 0.0874837339 0.009750001
v -0.008346545 0.0878674462 0.009500001
v -0.008622827 0.0873035043 0.0100000007
v -0.008199146 0.08756901 0.009500001
v -0.008350225 0.08695442 0.0100000007
v -0.007989939 0.08730111 0.009500001
v -0.008005159 0.0869755 0.009750001
v -0.008011879 0.0866686 0.0100000007
v -0.00743425265 0.08665383 0.009750001
v -0.00773027726 0.08708176 0.009500001
v -0.007630691 0.08646173 0.0100000007
v -0.00743773952 0.086923 0.009500001
v -0.00723279268 0.086339 0.0100000007
v -0.00713237375 0.08682881 0.009500001
v -0.006842332 0.08629559 0.0100000007
v -0.006832719 0.0867955 0.009500001
v -0.05675043 0.09155606 0.0100000007
v -0.05714227 0.09152769 0.0100000007
v -0.0567600429 0.0910561457 0.009500001
v -0.05715218 0.09127196 0.009750001
v -0.0570607521 0.09103438 0.009500001
v -0.05754459 0.091420345 0.0100000007
v -0.0573695153 0.0909519941 0.009500001
v -0.0575574636 0.09114534 0.009750001
v -0.05793345 0.09122828 0.0100000007
v -0.05766794 0.0908046 0.009500001
v -0.0579385348 0.09092135 0.009750001
v -0.05828253 0.09095568 0.0100000007
v -0.05793584 0.0905953944 0.009500001
v -0.0582614541 0.0906106159 0.009750001
v -0.0585683547 0.09061734 0.0100000007
v -0.0581551939 0.0903357342 0.009500001
v -0.0584999174 0.09023844 0.009750001
v -0.0587752238 0.09023614 0.0100000007
v -0.05831395 0.0900431946 0.009500001
v -0.05864203 0.089838326 0.009750001
v -0.0588979572 0.089838244 0.0100000007
v -0.0586914122 0.08944298 0.009750001
v -0.0584081449 0.08973783 0.009500001
v -0.0589413643 0.08944779 0.0100000007
v -0.0584414564 0.08943818 0.009500001
v -0.058913 0.08905595 0.0100000007
v -0.05841969 0.0891374648 0.009500001
v -0.0586572625 0.08904603 0.009750001
v -0.058805652 0.0886536241 0.0100000007
v -0.058430545 0.088445 0.009750001
v -0.05833731 0.0888287053 0.009500001
v -0.05861359 0.08826476 0.0100000007
v -0.05818991 0.08853028 0.009500001
v -0.05834099 0.08791568 0.0100000007
v -0.0579807 0.08826237 0.009500001
v -0.0579959229 0.08793676 0.009750001
v -0.0580026433 0.08762986 0.0100000007
v -0.0574250147 0.08761509 0.009750001
v -0.05772104 0.08804302 0.009500001
v -0.057621453 0.087423 0.0100000007
v -0.0574285 0.08788426 0.009500001
v -0.05722356 0.0873002559 0.0100000007
v -0.0571231358 0.08779007 0.009500001
v -0.0568330958 0.08725685 0.0100000007
v -0.0568234846 0.08775676 0.009500001
v -0.016181061 0.1207815 0.0100000007
v -0.0165729 0.120753139 0.0100000007
v -0.0161906742 0.1202816 0.009500001
v -0.0165828131 0.120497406 0.009750001
v -0.016491387 0.120259829 0.009500001
v -0.01697522 0.120645791 0.0100000007
v -0.0168001447 0.120177448 0.009500001
v -0.0169880949 0.120370783 0.009750001
v -0.0173640829 0.12045373 0.0100000007
v -0.0170985721 0.120030053 0.009500001
v -0.0173691642 0.1201468 0.009750001
v -0.0177131668 0.120181128 0.0100000007
v -0.0173664764 0.119820848 0.009500001
v -0.01769209 0.119836062 0.009750001
v -0.0179989841 0.119842783 0.0100000007
v -0.0175858252 0.11956118 0.009500001
v -0.0179305542 0.119463883 0.009750001
v -0.018205855 0.119461596 0.0100000007
v -0.0177445859 0.119268641 0.009500001
v -0.0180726647 0.119063772 0.009750001
v -0.0183285885 0.1190637 0.0100000007
v -0.0181220453 0.11866843 0.009750001
v -0.017838778 0.118963279 0.009500001
v -0.018372 0.118673235 0.0100000007
v -0.0178720877 0.118663624 0.009500001
v -0.0183436312 0.1182814 0.0100000007
v -0.01785032 0.118362911 0.009500001
v -0.0180878974 0.118271485 0.009750001
v -0.0182362869 0.117879078 0.0100000007
v -0.0178611763 0.117670447 0.009750001
v -0.01776794 0.118054152 0.009500001
v -0.0180442221 0.117490217 0.0100000007
v -0.0176205412 0.117755726 0.009500001
v -0.01777162 0.117141135 0.0100000007
v -0.0174113363 0.117487825 0.009500001
v -0.0174265541 0.117162213 0.009750001
v -0.0174332745 0.116855316 0.0100000007
v -0.01685565 0.116840541 0.009750001
v -0.0171516743 0.117268473 0.009500001
v -0.0170520842 0.116648443 0.0100000007
v -0.0168591328 0.117109716 0.009500001
v -0.0166541878 0.11652571 0.0100000007
v -0.01655377 0.117015518 0.009500001
v -0.01626373 0.1164823 0.0100000007
v -0.0162541158 0.116982207 0.009500001
v -0.0461755171 0.121358261 0.0100000007
v -0.0465673581 0.121329896 0.0100000007
v -0.0461851321 0.120858356 0.009500001
v -0.0465772748 0.121074162 0.009750001
v -0.046485845 0.120836586 0.009500001
v -0.046969682 0.121222548 0.0100000007
v -0.0467946 0.120754205 0.009500001
v -0.0469825529 0.12094754 0.009750001
v -0.0473585427 0.121030487 0.0100000007
v -0.04709303 0.12060681 0.009500001
v -0.047363624 0.12072356 0.009750001
v -0.0477076247 0.120757885 0.0100000007
v -0.0473609343 0.1203976 0.009500001
v -0.047686547 0.120412819 0.009750001
v -0.0479934439 0.120419547 0.0100000007
v -0.0475802869 0.120137937 0.009500001
v -0.04792501 0.12004064 0.009750001
v -0.0482003167 0.120038353 0.0100000007
v -0.0477390438 0.1198454 0.009500001
v -0.0480671227 0.119640529 0.009750001
v -0.0483230464 0.119640455 0.0100000007
v -0.0481165051 0.119245186 0.009750001
v -0.0478332341 0.119540036 0.009500001
v -0.0483664572 0.119249992 0.0100000007
v -0.0478665456 0.119240381 0.009500001
v -0.04833809 0.118858159 0.0100000007
v -0.0478447825 0.118939668 0.009500001
v -0.04808236 0.118848242 0.009750001
v -0.0482307449 0.118455835 0.0100000007
v -0.047855638 0.1182472 0.009750001
v -0.0477623977 0.118630908 0.009500001
v -0.04803868 0.118066974 0.0100000007
v -0.047615 0.118332483 0.009500001
v -0.047766082 0.117717892 0.0100000007
v -0.0474057943 0.118064582 0.009500001
v -0.0474210158 0.117738962 0.009750001
v -0.0474277362 0.117432073 0.0100000007
v -0.0468501076 0.1174173 0.009750001
v -0.0471461341 0.11784523 0.009500001
v -0.0470465422 0.1172252 0.0100000007
v -0.04685359 0.117686465 0.009500001
v -0.0466486439 0.117102467 0.0100000007
v -0.04654823 0.117592275 0.009500001
v -0.04625819 0.117059052 0.0100000007
v -0.0462485738 0.117558964 0.009500001
v -0.0167578161 0.09078705 0.0100000007
v -0.0171496551 0.09075868 0.0100000007
v -0.0167674311 0.09028714 0.009500001
v -0.01715957 0.09050295 0.009750001
v -0.0170681421 0.09026537 0.009500001
v -0.0175519772 0.09065133 0.0100000007
v -0.0173769 0.09018299 0.009500001
v -0.0175648518 0.090376325 0.009750001
v -0.0179408379 0.09045927 0.0100000007
v -0.017675329 0.09003559 0.009500001
v -0.017945921 0.0901523456 0.009750001
v -0.0182899237 0.09018667 0.0100000007
v -0.0179432314 0.08982639 0.009500001
v -0.018268846 0.0898416042 0.009750001
v -0.01857574 0.0898483247 0.0100000007
v -0.01816258 0.08956672 0.009500001
v -0.01850731 0.0894694254 0.009750001
v -0.0187826119 0.08946713 0.0100000007
v -0.0183213428 0.08927418 0.009500001
v -0.0186494216 0.0890693143 0.009750001
v -0.0189053454 0.08906924 0.0100000007
v -0.0186988022 0.08867397 0.009750001
v -0.018415533 0.08896882 0.009500001
v -0.0189487562 0.08867878 0.0100000007
v -0.0184488446 0.088669166 0.009500001
v -0.0189203881 0.08828694 0.0100000007
v -0.0184270777 0.08836845 0.009500001
v -0.0186646543 0.08827703 0.009750001
v -0.0188130438 0.08788462 0.0100000007
v -0.0184379332 0.08767599 0.009750001
v -0.0183446966 0.08805969 0.009500001
v -0.0186209772 0.08749576 0.0100000007
v -0.018197298 0.08776127 0.009500001
v -0.0183483772 0.08714667 0.0100000007
v -0.0179880932 0.08749336 0.009500001
v -0.018003311 0.0871677548 0.009750001
v -0.0180100314 0.08686085 0.0100000007
v -0.0174324065 0.08684608 0.009750001
v -0.01772843 0.0872740149 0.009500001
v -0.0176288411 0.0866539851 0.0100000007
v -0.01743589 0.08711526 0.009500001
v -0.0172309428 0.08653125 0.0100000007
v -0.0171305276 0.08702106 0.009500001
v -0.0168404859 0.0864878446 0.0100000007
v -0.0168308727 0.08698775 0.009500001
v -0.046752274 0.0913638 0.0100000007
v -0.047144115 0.09133544 0.0100000007
v -0.04676189 0.0908639 0.009500001
v -0.047154028 0.0910797045 0.009750001
v -0.0470626019 0.09084213 0.009500001
v -0.04754644 0.09122809 0.0100000007
v -0.0473713577 0.09075975 0.009500001
v -0.04755931 0.09095308 0.009750001
v -0.0479353 0.09103603 0.0100000007
v -0.0476697832 0.0906123444 0.009500001
v -0.04794038 0.0907291 0.009750001
v -0.04828438 0.09076343 0.0100000007
v -0.04793769 0.09040314 0.009500001
v -0.0482633039 0.09041836 0.009750001
v -0.0485702 0.09042508 0.0100000007
v -0.0481570438 0.09014348 0.009500001
v -0.0485017672 0.09004618 0.009750001
v -0.04877707 0.09004389 0.0100000007
v -0.0483158 0.08985094 0.009500001
v -0.04864388 0.08964607 0.009750001
v -0.0488998033 0.089646 0.0100000007
v -0.048693262 0.08925073 0.009750001
v -0.04840999 0.08954558 0.009500001
v -0.0489432141 0.0892555341 0.0100000007
v -0.0484433025 0.08924592 0.009500001
v -0.048914846 0.0888637 0.0100000007
v -0.04842154 0.08894521 0.009500001
v -0.0486591123 0.0888537839 0.009750001
v -0.0488075 0.08846138 0.0100000007
v -0.0484323949 0.0882527456 0.009750001
v -0.0483391546 0.08863645 0.009500001
v -0.048615437 0.08807251 0.0100000007
v -0.048191756 0.0883380249 0.009500001
v -0.04834284 0.08772343 0.0100000007
v -0.04798255 0.0880701244 0.009500001
v -0.0479977727 0.08774451 0.009750001
v -0.0480044931 0.0874376148 0.0100000007
v -0.0474268645 0.08742283 0.009750001
v -0.0477228872 0.08785077 0.009500001
v -0.0476233 0.08723074 0.0100000007
v -0.0474303477 0.08769201 0.009500001
v -0.0472254 0.08710801 0.0100000007
v -0.0471249856 0.08759782 0.009500001
v -0.0468349457 0.0870646 0.0100000007
v -0.04682533 0.0875645056 0.009500001
v -0.03528979 0.06942974 0.00500000035
v -0.0321751162 0.06922947 0.00500000035
v -0.03217601 0.06918304 0.005530196
v -0.0357472077 0.0694361851 0.005530196
v -0.03847693 0.06993005 0.00500000035
v -0.0357652456 0.06928946 0.00607111864
v -0.0321788527 0.06903523 0.00607111864
v -0.0394058377 0.07008611 0.005530196
v -0.0416955948 0.07075223 0.00500000035
v -0.03579638 0.0690361559 0.00659366557
v -0.03218376 0.06878007 0.00659366557
v -0.03943944 0.06994213 0.00607111864
v -0.043088682 0.07116328 0.005530196
v -0.044898808 0.07191092 0.00500000035
v -0.03583996 0.06868162 0.007066398
v -0.0321906246 0.0684229359 0.007066398
v -0.03949745 0.06969362 0.00659366557
v -0.0431379527 0.0710239 0.00607111864
v -0.0467229523 0.07268493 0.005530196
v -0.0480351672 0.07341169 0.00500000035
v -0.03589387 0.06824306 0.007461147
v -0.032199122 0.0679811537 0.007461147
v -0.0395786427 0.06934576 0.007066398
v -0.0432230122 0.07078329 0.00659366557
v -0.0467876829 0.0725520253 0.00607111864
v -0.0502298176 0.0746517554 0.005530196
v -0.051051043 0.07524973 0.00500000035
v -0.0359548554 0.06774692 0.00775832636
v -0.03220873 0.0674813762 0.00775832636
v -0.0433420651 0.0704465061 0.007066398
v -0.0468994379 0.0723225847 0.00659366557
v -0.0503094755 0.07452722 0.00607111864
v -0.05352921 0.0770458952 0.005530196
v -0.0538932234 0.07740905 0.00500000035
v -0.03601915 0.06722388 0.007949999
v -0.0322188623 0.0669544861 0.007949999
v -0.03559495 0.06664642 0.008039737
v -0.0322289467 0.06642998 0.008039737
v -0.0390392654 0.0671871 0.008039737
v -0.03991248 0.0679154843 0.007949999
v -0.0425176471 0.06807563 0.008039737
v -0.0397926942 0.06842868 0.00775832636
v -0.0438315757 0.0690617561 0.007949999
v -0.0459793322 0.06932781 0.008039737
v -0.0396790765 0.068915464 0.007461147
v -0.04769898 0.07068103 0.007949999
v -0.0493687727 0.07094968 0.008039737
v -0.04365594 0.06955862 0.00775832636
v -0.0434893332 0.0700299 0.007461147
v -0.051430814 0.07277403 0.007949999
v -0.0526280031 0.07293603 0.008039737
v -0.04746822 0.0711548 0.00775832636
v -0.0472493321 0.0716042 0.007461147
v -0.0549418554 0.07532175 0.007949999
v -0.0556995273 0.0752695948 0.008039737
v -0.0511468649 0.07321797 0.00775832636
v -0.0470558479 0.07200145 0.007066398
v -0.05815138 0.07828498 0.007949999
v -0.0585293919 0.0779212341 0.008039737
v -0.06107028 0.0808509439 0.008039737
v -0.0546078645 0.075729385 0.00775832636
v -0.0508775264 0.07363908 0.007461147
v -0.05063945 0.07401131 0.007066398
v -0.0609890372 0.08160605 0.007949999
v -0.06328405 0.08400991 0.008039737
v -0.05777165 0.0786503851 0.00775832636
v -0.0542910621 0.07611604 0.007461147
v -0.05044698 0.074312225 0.00659366557
v -0.063399896 0.08521244 0.007949999
v -0.06514363 0.08734309 0.008039737
v -0.06056887 0.0819241256 0.00775832636
v -0.05741146 0.0789969862 0.007461147
v -0.0540110245 0.07645783 0.007066398
v -0.05378464 0.07673414 0.00659366557
v -0.065347895 0.08902198 0.007949999
v -0.066634 0.09079238 0.008039737
v -0.0629453659 0.08547911 0.00775832636
v -0.0601703152 0.08222583 0.007461147
v -0.0570930652 0.07930337 0.007066398
v -0.0536229 0.07693154 0.00607111864
v -0.06681728 0.09294877 0.007949999
v -0.06775218 0.0942996442 0.008039737
v -0.0648656 0.08923435 0.00775832636
v -0.0625142157 0.08573206 0.007461147
v -0.05981801 0.0824925154 0.007066398
v -0.0568356737 0.07955105 0.00659366557
v -0.05665178 0.079728 0.00607111864
v -0.06781205 0.09690904 0.007949999
v -0.06850633 0.0978096053 0.008039737
v -0.06631404 0.09310518 0.00775832636
v -0.06440811 0.0894358 0.007461147
v -0.0621331036 0.08595566 0.007066398
v -0.05953321 0.08270811 0.00659366557
v -0.0565452576 0.079830505 0.005530196
v -0.056511797 0.0798627 0.00500000035
v -0.05886296 0.08257367 0.00500000035
v -0.0593297258 0.0828621462 0.00607111864
v -0.05921186 0.08295137 0.005530196
v -0.0609114319 0.08549675 0.00500000035
v -0.0618250147 0.08613641 0.00659366557
v -0.06400372 0.08961387 0.007066398
v -0.06147739 0.08634036 0.005530196
v -0.0626321658 0.08858106 0.00500000035
v -0.0616048947 0.08626555 0.00607111864
v -0.06330794 0.0899202451 0.005530196
v -0.06401126 0.0917728 0.00500000035
v -0.0636768043 0.08975782 0.00659366557
v -0.06344324 0.08986068 0.00607111864
v -0.0658367 0.0932535455 0.007461147
v -0.06468876 0.093610324 0.005530196
v -0.06457141 0.0933920741 0.00500000035
v -0.06504595 0.09501819 0.00500000035
v -0.06541474 0.09338469 0.007066398
v -0.06507364 0.0934907049 0.00659366557
v -0.06482993 0.09356645 0.00607111864
v -0.06729463 0.097009 0.00775832636
v -0.06562356 0.09733186 0.005530196
v -0.06574379 0.09826608 0.00500000035
v -0.06680384 0.09710383 0.007461147
v -0.0663699955 0.0971876457 0.007066398
v -0.06601928 0.0972554 0.00659366557
v -0.06576871 0.0973038152 0.00607111864
v -0.0683534741 0.100826077 0.007949999
v -0.06891419 0.101272166 0.008039737
v -0.06782834 0.100870214 0.00775832636
v -0.06847657 0.104633912 0.007949999
v -0.06900108 0.104644 0.008039737
v -0.06878464 0.10801 0.008039737
v -0.06733023 0.100912087 0.007461147
v -0.06688991 0.100949094 0.007066398
v -0.06653397 0.100979015 0.00659366557
v -0.06820718 0.1084342 0.007949999
v -0.06824396 0.111454315 0.008039737
v -0.06794968 0.10462378 0.00775832636
v -0.0674499 0.104614168 0.007461147
v -0.06751557 0.112327531 0.007949999
v -0.0673554242 0.114932694 0.008039737
v -0.06768413 0.108369909 0.00775832636
v -0.06700812 0.104605675 0.007066398
v -0.06627966 0.101000391 0.00607111864
v -0.0666997656 0.115268528 0.007949999
v -0.06610325 0.118394382 0.008039737
v -0.06700237 0.112207748 0.00775832636
v -0.0671879947 0.108308919 0.007461147
v -0.06665099 0.104598805 0.00659366557
v -0.06613235 0.101012766 0.005530196
v -0.0661212 0.1014701 0.00500000035
v -0.06674944 0.108255014 0.007066398
v -0.0665155947 0.112094127 0.007461147
v -0.0661982 0.115106829 0.00775832636
v -0.06639583 0.1045939 0.00607111864
v -0.0662480146 0.104591057 0.005530196
v -0.06620159 0.10459017 0.00500000035
v -0.06600131 0.107704841 0.00500000035
v -0.0663948953 0.108211428 0.00659366557
v -0.0660852939 0.111993693 0.007066398
v -0.06599487 0.108162262 0.005530196
v -0.0655010045 0.110891983 0.00500000035
v -0.0661416 0.108180292 0.00607111864
v -0.06534495 0.111820891 0.005530196
v -0.06467882 0.114110641 0.00500000035
v -0.06573744 0.111912504 0.00659366557
v -0.06548892 0.111854494 0.00607111864
v -0.06572244 0.114953451 0.007461147
v -0.0645783246 0.1145846 0.005530196
v -0.06352013 0.117313854 0.00500000035
v -0.06471902 0.114629962 0.00607111864
v -0.0649619251 0.114708267 0.00659366557
v -0.0653018951 0.114817865 0.007066398
v -0.06513312 0.117988572 0.00775832636
v -0.06467196 0.117795669 0.007461147
v -0.06426433 0.117625155 0.007066398
v -0.06393479 0.117487311 0.00659366557
v -0.06369935 0.117388822 0.00607111864
v -0.065619275 0.118191935 0.007949999
v -0.0642707944 0.121063046 0.007949999
v -0.06448138 0.121783823 0.008039737
v -0.06380385 0.120818764 0.00775832636
v -0.06265703 0.12384586 0.007949999
v -0.06249503 0.125043049 0.008039737
v -0.06336093 0.120587051 0.007461147
v -0.06296941 0.12038222 0.007066398
v -0.06078706 0.126504391 0.007949999
v -0.0601614565 0.128114581 0.008039737
v -0.0622130856 0.123561919 0.00775832636
v -0.05867642 0.129004061 0.007949999
v -0.0575098246 0.130944446 0.008039737
v -0.06179198 0.12329258 0.007461147
v -0.0603697672 0.126182556 0.00775832636
v -0.0626529 0.120216638 0.00659366557
v -0.0563467368 0.131313145 0.007949999
v -0.0545801073 0.133485332 0.008039737
v -0.05828921 0.1286466 0.00775832636
v -0.05997394 0.125877276 0.007461147
v -0.06141974 0.1230545 0.007066398
v -0.053825 0.133404091 0.007949999
v -0.05142115 0.1356991 0.008039737
v -0.0559927225 0.130922779 0.00775832636
v -0.0579219237 0.128307521 0.007461147
v -0.0596240535 0.125607431 0.007066398
v -0.0611188263 0.122862034 0.00659366557
v -0.062426772 0.120098338 0.00607111864
v -0.0635629743 0.117331773 0.005530196
v -0.0622957833 0.120029807 0.005530196
v -0.062019363 0.120450214 0.00500000035
v -0.0609038323 0.122724526 0.00607111864
v -0.0607793 0.122644871 0.005530196
v -0.0601813272 0.1234661 0.00500000035
v -0.0593412 0.125389278 0.00659366557
v -0.0591391139 0.125233427 0.00607111864
v -0.0590220541 0.125143141 0.005530196
v -0.058022 0.126308277 0.00500000035
v -0.05759725 0.1280078 0.007066398
v -0.0573347919 0.1277655 0.00659366557
v -0.0571472719 0.1275924 0.00607111864
v -0.05703865 0.12749213 0.005530196
v -0.0555683523 0.128926843 0.00500000035
v -0.0556569323 0.130552486 0.007461147
v -0.0553601 0.130225167 0.007066398
v -0.0551201478 0.129960567 0.00659366557
v -0.05494871 0.129771531 0.00607111864
v -0.0548494 0.129662 0.005530196
v -0.05285739 0.131278008 0.00500000035
v -0.05350693 0.132983923 0.00775832636
v -0.05320523 0.132585362 0.007461147
v -0.0529385358 0.132233053 0.007066398
v -0.05272294 0.131948262 0.00659366557
v -0.0525689125 0.131744772 0.00607111864
v -0.0524796844 0.1316269 0.005530196
v -0.0499342978 0.133326486 0.00500000035
v -0.0511425734 0.135254562 0.007949999
v -0.050862737 0.134808019 0.00775832636
v -0.0483338833 0.136848271 0.007949999
v -0.0480879657 0.137558669 0.008039737
v -0.0505972952 0.134384453 0.007461147
v -0.05036266 0.134010032 0.007066398
v -0.0501729771 0.133707345 0.00659366557
v -0.0500374623 0.1334911 0.00607111864
v -0.04543502 0.138175324 0.007949999
v -0.04463868 0.139049053 0.008039737
v -0.04809408 0.136379 0.00775832636
v -0.04786661 0.135933891 0.007461147
v -0.0476655364 0.135540426 0.007066398
v -0.042482283 0.139232337 0.007949999
v -0.0411314145 0.140167236 0.008039737
v -0.0452365279 0.137687147 0.00775832636
v -0.0395108648 0.14002201 0.007949999
v -0.037621446 0.140921384 0.008039737
v -0.045048248 0.137224108 0.007461147
v -0.0423258767 0.1387291 0.00775832636
v -0.0475029871 0.135222346 0.00659366557
v -0.03655369 0.140552565 0.007949999
v -0.0341588929 0.141329244 0.008039737
v -0.0393968076 0.1395075 0.00775832636
v -0.044881817 0.136814773 0.007066398
v -0.0421775132 0.138251752 0.007461147
v -0.0336404741 0.140836909 0.007949999
v -0.0307870563 0.141416132 0.008039737
v -0.0364817753 0.1400305 0.00775832636
v -0.0392886177 0.139019489 0.007461147
v -0.0420463681 0.1378298 0.007066398
v -0.0447472744 0.136483878 0.00659366557
v -0.0307971425 0.140891612 0.007949999
v -0.0274210535 0.141199678 0.008039737
v -0.0336100832 0.1403108 0.00775832636
v -0.03641356 0.139535308 0.007461147
v -0.039192982 0.1385881 0.007066398
v -0.0269968547 0.140622228 0.007949999
v -0.02397674 0.140659 0.008039737
v -0.0308072735 0.140364736 0.00775832636
v -0.0335812531 0.139811754 0.007461147
v -0.023103524 0.139930621 0.007949999
v -0.02049836 0.139770478 0.008039737
v -0.02706115 0.140099183 0.00775832636
v -0.01918443 0.138784349 0.007949999
v -0.0170366727 0.1385183 0.008039737
v -0.04194035 0.1374887 0.00659366557
v -0.0363532677 0.139097586 0.007066398
v -0.0308168847 0.139864951 0.007461147
v -0.0232233088 0.139417425 0.00775832636
v -0.0153170265 0.13716507 0.007949999
v -0.0136472322 0.136896431 0.008039737
v -0.0391156673 0.138239369 0.00659366557
v -0.0335557722 0.139370635 0.007066398
v -0.0271221343 0.139603049 0.007461147
v -0.0193600673 0.138287485 0.00775832636
v -0.0115851928 0.135072082 0.007949999
v -0.010388 0.134910077 0.008039737
v -0.0363045223 0.138743728 0.00659366557
v -0.0308253784 0.139423162 0.007066398
v -0.0233369283 0.138930649 0.007461147
v -0.0155477859 0.1366913 0.00775832636
v -0.008074151 0.132524356 0.007949999
v -0.00731647946 0.13257651 0.008039737
v -0.03353517 0.139014021 0.00659366557
v -0.0271760449 0.139164478 0.007066398
v -0.0195266716 0.1378162 0.007461147
v -0.01186914 0.134628132 0.00775832636
v -0.00486462563 0.129561126 0.007949999
v -0.004486611 0.129924878 0.008039737
v -0.00194572471 0.126995161 0.008039737
v -0.0308322459 0.139066041 0.00659366557
v -0.0234373622 0.138500348 0.007066398
v -0.0157666728 0.136241913 0.007461147
v -0.00840814 0.13211672 0.00775832636
v -0.00202696584 0.126240045 0.007949999
v 0.0002680421 0.1238362 0.008039737
v -0.0272196233 0.138809949 0.00659366557
v -0.01967394 0.1373996 0.007066398
v -0.0121384766 0.134207025 0.007461147
v -0.00524435565 0.12919572 0.00775832636
v 0.0003838949 0.122633666 0.007949999
v 0.00212762132 0.120503016 0.008039737
v -0.0235185549 0.13815248 0.00659366557
v -0.0159601569 0.135844648 0.007066398
v -0.008724941 0.131730065 0.007461147
v -0.00244713575 0.12592198 0.00775832636
v 0.00233188644 0.118824124 0.007949999
v 0.00361799076 0.117053725 0.008039737
v -0.0197929926 0.137062818 0.00659366557
v -0.0123765562 0.1338348 0.007066398
v -0.00560454652 0.128849119 0.007461147
v -7.063523E-05 0.122366995 0.00775832636
v 0.00380127877 0.114897333 0.007949999
v 0.004736174 0.113546461 0.008039737
v -0.0161165688 0.135523528 0.00659366557
v -0.00900498 0.131388277 0.007066398
v -0.00284568965 0.125620276 0.007461147
v 0.00184959173 0.118611753 0.00775832636
v 0.004796043 0.110937066 0.007949999
v 0.00549032539 0.1100365 0.008039737
v -0.0125690233 0.13353388 0.00659366557
v -0.00592293963 0.128542736 0.007066398
v -0.0005017854 0.122114047 0.007461147
v 0.00329803675 0.114740923 0.00775832636
v 0.00533746928 0.107020028 0.007949999
v 0.005898189 0.106573939 0.008039737
v -0.009231364 0.131111965 0.00659366557
v -0.003197994 0.12535359 0.007066398
v 0.00139210746 0.118410304 0.007461147
v 0.00427862629 0.1108371 0.00775832636
v 0.005460564 0.103212193 0.007949999
v 0.00598507 0.103202105 0.008039737
v 0.00576863065 0.0998361 0.008039737
v -0.006180333 0.128295064 0.00659366557
v -0.0008828994 0.121890448 0.007066398
v 0.002820693 0.11459256 0.007461147
v 0.00481233746 0.106975891 0.00775832636
v 0.005191177 0.0994119048 0.007949999
v 0.005227953 0.09639179 0.008039737
v -0.00348279625 0.125137985 0.00659366557
v 0.0009877123 0.118232235 0.007066398
v 0.0037878342 0.110742278 0.007461147
v 0.004933674 0.103222325 0.00775832636
v 0.004499562 0.0955185741 0.007949999
v 0.004339423 0.09291341 0.008039737
v -0.00119098835 0.1217097 0.00659366557
v 0.0023987405 0.114461415 0.007066398
v 0.00431422144 0.106934018 0.007461147
v 0.004668124 0.0994761959 0.00775832636
v 0.00368376076 0.09257758 0.007949999
v 0.0030872412 0.08945172 0.008039737
v 0.000660803169 0.118088283 0.00659366557
v 0.00335399434 0.110658459 0.007066398
v 0.00443389639 0.103231937 0.007461147
v 0.00398637 0.09563836 0.00775832636
v 0.00205763429 0.1143554 0.00659366557
v 0.00387391075 0.106897011 0.007066398
v 0.00417199 0.09953719 0.007461147
v 0.00300327316 0.110590704 0.00659366557
v 0.003992114 0.10324043 0.007066398
v 0.00351796672 0.10686709 0.00659366557
v 0.00318219885 0.09273928 0.00775832636
v 0.00349958614 0.09575198 0.007461147
v 0.00373343 0.09959109 0.007066398
v 0.003634978 0.1032473 0.00659366557
v 0.00260327 0.08965417 0.007949999
v 0.00125478953 0.08678306 0.007949999
v 0.001465369 0.08606228 0.008039737
v 0.00211711228 0.08985753 0.00775832636
v 0.0027064383 0.0928926542 0.007461147
v 0.00306929275 0.09585241 0.007066398
v -0.000358980149 0.0840002447 0.007949999
v -0.0005209744 0.08280305 0.008039737
v 0.000787843 0.08702734 0.00775832636
v 0.00165595859 0.09005044 0.007461147
v -0.00222894549 0.08134171 0.007949999
v -0.00285454653 0.07973153 0.008039737
v -0.000802919269 0.08428419 0.00775832636
v -0.00433958136 0.0788420439 0.007949999
v -0.005506182 0.07690166 0.008039737
v 0.00337889418 0.09963468 0.00659366557
v 0.002285894 0.09302824 0.007066398
v 0.000344924629 0.0872590542 0.007461147
v -0.00264623761 0.08166355 0.00775832636
v -0.00666927 0.07653296 0.007949999
v -0.008435896 0.07436077 0.008039737
v 0.0027214326 0.0959336 0.00659366557
v 0.0012483187 0.09022095 0.007066398
v -0.00122402608 0.0845535249 0.007461147
v -0.00472679362 0.07919951 0.00775832636
v -0.009191005 0.0744420141 0.007949999
v -0.0115948562 0.07214701 0.008039737
v 0.00194592029 0.09313784 0.00659366557
v -4.659593E-05 0.0874638855 0.007066398
v -0.00304206274 0.08196883 0.007461147
v -0.00702328049 0.0769233257 0.00775832636
v 0.000918783247 0.0903587937 0.00659366557
v -0.00159626268 0.08479161 0.007066398
v -0.0050940793 0.07953858 0.007461147
v -0.00036310032 0.08762947 0.00659366557
v -0.00339195132 0.08223868 0.007066398
v -0.00189717673 0.08498407 0.00659366557
v -0.009509075 0.07486218 0.00775832636
v -0.00735907443 0.07729362 0.007461147
v -0.00541875325 0.0798383057 0.007066398
v -0.00367480516 0.08245683 0.00659366557
v -0.0118734315 0.07259154 0.007949999
v -0.01468212 0.0709978342 0.007949999
v -0.0149280392 0.07028743 0.008039737
v -0.012153266 0.07303809 0.00775832636
v -0.009810777 0.07526074 0.007461147
v -0.007655902 0.07762093 0.007066398
v -0.017580986 0.06967078 0.007949999
v -0.0183773264 0.06879706 0.008039737
v -0.014921926 0.0714671 0.00775832636
v -0.0124187078 0.07346166 0.007461147
v -0.0205337219 0.06861377 0.007949999
v -0.0218845922 0.0676788762 0.008039737
v -0.0177794769 0.07015896 0.00775832636
v -0.02350514 0.0678240955 0.007949999
v -0.0253945589 0.06692472 0.008039737
v -0.005681213 0.0800806 0.00659366557
v -0.0100774691 0.0756130442 0.007066398
v -0.0151493959 0.0719122142 0.007461147
v -0.02069013 0.06911701 0.00775832636
v -0.0264623184 0.06729354 0.007949999
v -0.0288571119 0.06651686 0.008039737
v -0.007895857 0.07788554 0.00659366557
v -0.0126533452 0.07383607 0.007066398
v -0.0179677568 0.0706220046 0.007461147
v -0.0236191973 0.0683386 0.00775832636
v -0.0293755289 0.0670091957 0.007949999
v -0.0322289467 0.06642998 0.008039737
v -0.0322188623 0.0669544861 0.007949999
v -0.02653423 0.0678155944 0.00775832636
v -0.0294059217 0.0675353 0.00775832636
v -0.03220873 0.0674813762 0.00775832636
v -0.0208384935 0.06959435 0.007461147
v -0.0153504666 0.07230568 0.007066398
v -0.0237273891 0.06882662 0.007461147
v -0.0266024433 0.06831079 0.007461147
v -0.0294347517 0.06803435 0.007461147
v -0.032199122 0.0679811537 0.007461147
v -0.0181341879 0.07103133 0.007066398
v -0.0209696367 0.07001631 0.007066398
v -0.0238230228 0.0692580044 0.007066398
v -0.026662739 0.06874852 0.007066398
v -0.0294602346 0.06847547 0.007066398
v -0.0321906246 0.0684229359 0.007066398
v -0.0294808354 0.0688320845 0.00659366557
v -0.03218376 0.06878007 0.00659366557
v -0.0267114826 0.06910238 0.00659366557
v -0.0239003357 0.06960674 0.00659366557
v -0.0210756548 0.07035741 0.00659366557
v -0.01826873 0.07136223 0.00659366557
v -0.029495554 0.0690868646 0.00607111864
v -0.0321788527 0.06903523 0.00607111864
v -0.0267463084 0.0693552047 0.00607111864
v -0.0239555724 0.0698559 0.00607111864
v -0.0211514011 0.07060112 0.00607111864
v -0.02950408 0.0692344457 0.005530196
v -0.03217601 0.06918304 0.005530196
v -0.0321751162 0.06922947 0.00500000035
v -0.0290550459 0.06930986 0.00500000035
v -0.0267664827 0.0695016459 0.005530196
v -0.02585103 0.06968727 0.00500000035
v -0.0239875689 0.07000023 0.005530196
v -0.02260314 0.0703851059 0.00500000035
v -0.0211952776 0.0707422942 0.005530196
v -0.01935775 0.0714198 0.00500000035
v -0.0184205361 0.0717355758 0.005530196
v -0.0161660146 0.07279889 0.00500000035
v -0.0183648542 0.0715986341 0.00607111864
v -0.0156964213 0.07298264 0.005530196
v -0.0130817052 0.07451963 0.00500000035
v -0.0156291481 0.07285101 0.00607111864
v -0.0130570456 0.07448027 0.005530196
v -0.0155130159 0.07262375 0.00659366557
v -0.0105363186 0.07621919 0.005530196
v -0.0101586133 0.07656809 0.00500000035
v -0.0129785426 0.0743550062 0.00607111864
v -0.0128430258 0.07413875 0.00659366557
v -0.008166604 0.07818409 0.005530196
v -0.00744765252 0.07891926 0.00500000035
v -0.0104470942 0.0761013255 0.00607111864
v -0.0102930646 0.07589784 0.00659366557
v -0.008067295 0.07807458 0.00607111864
v -0.005977355 0.08035398 0.005530196
v -0.004994003 0.08153783 0.00500000035
v -0.005868731 0.0802537054 0.00607111864
v -0.003993951 0.0827029645 0.005530196
v -0.00283467956 0.08438001 0.00500000035
v -0.003876891 0.08261268 0.00607111864
v -0.00223670527 0.08520123 0.005530196
v -0.0009966418 0.08739589 0.00500000035
v -0.00211217254 0.08512158 0.00607111864
v -0.000720221549 0.0878163 0.005530196
v 0.00050413236 0.09053225 0.00500000035
v -0.0005892329 0.08774777 0.00607111864
v 0.0005469695 0.09051433 0.005530196
v 0.0006833486 0.09045728 0.00607111864
v 0.00156232342 0.0932615 0.005530196
v 0.00166281685 0.0937354639 0.00500000035
v 0.00170302019 0.09321614 0.00607111864
v 0.00232894719 0.09602521 0.005530196
v 0.00248500332 0.09695412 0.00500000035
v 0.00247291476 0.09599161 0.00607111864
v 0.002978865 0.09968384 0.005530196
v 0.002985306 0.100141264 0.00500000035
v 0.003125593 0.09966581 0.00607111864
v 0.00323201343 0.103255048 0.005530196
v 0.00318558514 0.103255935 0.00500000035
v 0.00310519338 0.106376007 0.00500000035
v 0.00337982178 0.1032522 0.00607111864
v 0.00311634317 0.106833339 0.005530196
v 0.00272778049 0.109580025 0.00500000035
v 0.00326365232 0.106845714 0.00607111864
v 0.0026075542 0.110514246 0.005530196
v 0.00202994421 0.112827912 0.00500000035
v 0.00275270641 0.11054229 0.00607111864
v 0.0016727522 0.114235781 0.005530196
v 0.00155540183 0.114454031 0.00500000035
v 0.0009952523 0.1160733 0.00500000035
v 0.00181392953 0.114279658 0.00607111864
v 0.000291939825 0.11792586 0.005530196
v -0.000383839 0.119265042 0.00500000035
v 0.000427238643 0.117985427 0.00607111864
v -0.00153861567 0.121505745 0.005530196
v -0.00210457481 0.122349352 0.00500000035
v -0.00141111016 0.121580556 0.00607111864
v -0.00380414352 0.124894738 0.005530196
v -0.004153041 0.125272438 0.00500000035
v -0.0036862772 0.124983959 0.00607111864
v -0.006470749 0.128015608 0.005530196
v -0.006504208 0.1279834 0.00500000035
v -0.009122781 0.130437046 0.00500000035
v -0.00636422448 0.128118113 0.00607111864
v -0.009486793 0.130800217 0.005530196
v -0.01196496 0.132596374 0.00500000035
v -0.009393105 0.130914554 0.00607111864
v -0.0127861854 0.133194357 0.005530196
v -0.01498084 0.134434417 0.00500000035
v -0.0127065293 0.133318886 0.00607111864
v -0.0162930526 0.135161176 0.005530196
v -0.0181171987 0.135935187 0.00500000035
v -0.0162283219 0.13529408 0.00607111864
v -0.0199273229 0.136682823 0.005530196
v -0.0213204119 0.137093872 0.00500000035
v -0.0198780522 0.136822209 0.00607111864
v -0.0236101653 0.13776 0.005530196
v -0.0245390739 0.137916058 0.00500000035
v -0.0235765632 0.137903973 0.00607111864
v -0.0272687972 0.138409913 0.005530196
v -0.0277262125 0.138416365 0.00500000035
v -0.02725076 0.138556644 0.00607111864
v -0.0308399945 0.138663068 0.005530196
v -0.0308408868 0.138616636 0.00500000035
v -0.0308371522 0.138810873 0.00607111864
v -0.0335119255 0.138611659 0.005530196
v -0.03396096 0.138536245 0.00500000035
v -0.0335204527 0.138759241 0.00607111864
v -0.0362495221 0.138344467 0.005530196
v -0.037164975 0.138158828 0.00500000035
v -0.0362696946 0.1384909 0.00607111864
v -0.0390284359 0.137845874 0.005530196
v -0.0404128656 0.137461 0.00500000035
v -0.0390604325 0.1379902 0.00607111864
v -0.0418207273 0.137103811 0.005530196
v -0.0436582565 0.1364263 0.00500000035
v -0.0418646038 0.137244985 0.00607111864
v -0.04459547 0.136110529 0.005530196
v -0.04684999 0.135047212 0.00500000035
v -0.04465115 0.136247471 0.00607111864
v -0.0473195836 0.134863466 0.005530196
v -0.0473868549 0.1349951 0.00607111864
v -0.04995896 0.13336584 0.005530196
v -0.0218943544 0.0837345 0.008
v -0.028893061 0.08386907 0.008
v -0.0218943544 0.0837345 0.009500001
v -0.04189066 0.084119 0.009500001
v -0.03489195 0.08398442 0.008
v -0.04189066 0.084119 0.008
v -0.03189251 0.0839267448 0.00725000072
v -0.028893061 0.08386907 0.00500000035
v -0.03489195 0.08398442 0.00500000035
v -0.04676189 0.0908639 0.009500001
v -0.0464622341 0.09083059 0.009500001
v -0.046752274 0.0913638 0.0100000007
v -0.0461603552 0.0910055637 0.009750001
v -0.0461568721 0.09073639 0.009500001
v -0.04636182 0.0913203955 0.0100000007
v -0.04596392 0.09119766 0.0100000007
v -0.04586433 0.09057763 0.009500001
v -0.04558273 0.09099079 0.0100000007
v -0.04558945 0.09068389 0.009750001
v -0.04560467 0.09035828 0.009500001
v -0.04515483 0.09017566 0.009750001
v -0.0452443846 0.09070497 0.0100000007
v -0.0453954637 0.09009038 0.009500001
v -0.0449717827 0.09035589 0.0100000007
v -0.0452480651 0.08979195 0.009500001
v -0.0447797179 0.08996703 0.0100000007
v -0.0449281074 0.08957462 0.009750001
v -0.0451656841 0.0894831941 0.009500001
v -0.0448939577 0.0891776755 0.009750001
v -0.0446723737 0.0895647 0.0100000007
v -0.0451439172 0.08918248 0.009500001
v -0.0446440056 0.08917287 0.0100000007
v -0.04517723 0.0888828263 0.009500001
v -0.0446874164 0.08878241 0.0100000007
v -0.04494334 0.08878233 0.009750001
v -0.04527142 0.0885774642 0.009500001
v -0.04481015 0.08838451 0.0100000007
v -0.0450854525 0.08838222 0.009750001
v -0.04543018 0.0882849246 0.009500001
v -0.04501702 0.08800332 0.0100000007
v -0.0453239158 0.08801004 0.009750001
v -0.04564953 0.08802526 0.009500001
v -0.0453028381 0.08766498 0.0100000007
v -0.04564684 0.0876993 0.009750001
v -0.0459174328 0.08781605 0.009500001
v -0.04565192 0.0873923749 0.0100000007
v -0.04602791 0.08747532 0.009750001
v -0.046215862 0.08766866 0.009500001
v -0.0460407846 0.0872003138 0.0100000007
v -0.04643319 0.0873487 0.009750001
v -0.0465246178 0.0875862762 0.009500001
v -0.0464431047 0.0870929658 0.0100000007
v -0.04682533 0.0875645056 0.009500001
v -0.0468349457 0.0870646 0.0100000007
v -0.0167674311 0.09028714 0.009500001
v -0.0164677761 0.09025383 0.009500001
v -0.0167578161 0.09078705 0.0100000007
v -0.0161658973 0.09042881 0.009750001
v -0.0161624141 0.09015964 0.009500001
v -0.01636736 0.09074364 0.0100000007
v -0.01596946 0.0906209052 0.0100000007
v -0.0158698726 0.0900008753 0.009500001
v -0.0155882686 0.09041403 0.0100000007
v -0.0155949891 0.09010714 0.009750001
v -0.0156102106 0.08978152 0.009500001
v -0.0151603688 0.0895989 0.009750001
v -0.0152499229 0.09012821 0.0100000007
v -0.0154010039 0.08951362 0.009500001
v -0.0149773248 0.08977913 0.0100000007
v -0.0152536072 0.0892152 0.009500001
v -0.01478526 0.08939027 0.0100000007
v -0.0149336476 0.08899786 0.009750001
v -0.0151712243 0.08890644 0.009500001
v -0.0148995016 0.08860092 0.009750001
v -0.0146779157 0.08898795 0.0100000007
v -0.0151494574 0.0886057243 0.009500001
v -0.0146495495 0.08859611 0.0100000007
v -0.0151827689 0.08830607 0.009500001
v -0.0146929584 0.08820565 0.0100000007
v -0.0149488822 0.0882055759 0.009750001
v -0.015276961 0.08800071 0.009500001
v -0.01481569 0.08780775 0.0100000007
v -0.0150909964 0.0878054649 0.009750001
v -0.01543572 0.08770817 0.009500001
v -0.015022561 0.08742656 0.0100000007
v -0.01532946 0.087433286 0.009750001
v -0.01565507 0.08744851 0.009500001
v -0.0153083783 0.08708822 0.0100000007
v -0.015652379 0.0871225446 0.009750001
v -0.0159229748 0.0872392952 0.009500001
v -0.0156574622 0.08681562 0.0100000007
v -0.016033452 0.0868985653 0.009750001
v -0.0162214022 0.0870919 0.009500001
v -0.0160463247 0.08662356 0.0100000007
v -0.0164387319 0.08677194 0.009750001
v -0.01653016 0.08700952 0.009500001
v -0.0164486468 0.08651621 0.0100000007
v -0.0168308727 0.08698775 0.009500001
v -0.0168404859 0.0864878446 0.0100000007
v -0.0461851321 0.120858356 0.009500001
v -0.0458854772 0.120825045 0.009500001
v -0.0461755171 0.121358261 0.0100000007
v -0.0455836 0.121000022 0.009750001
v -0.0455801152 0.120730847 0.009500001
v -0.045785062 0.121314853 0.0100000007
v -0.0453871638 0.12119212 0.0100000007
v -0.0452875756 0.12057209 0.009500001
v -0.0450059734 0.120985255 0.0100000007
v -0.0450126939 0.12067835 0.009750001
v -0.04502791 0.120352745 0.009500001
v -0.04457807 0.120170116 0.009750001
v -0.0446676277 0.120699435 0.0100000007
v -0.0448187068 0.120084837 0.009500001
v -0.04439503 0.120350346 0.0100000007
v -0.04467131 0.119786412 0.009500001
v -0.04420296 0.119961485 0.0100000007
v -0.04435135 0.119569078 0.009750001
v -0.0445889272 0.119477652 0.009500001
v -0.0443172 0.119172134 0.009750001
v -0.0440956168 0.119559169 0.0100000007
v -0.04456716 0.119176939 0.009500001
v -0.04406725 0.119167328 0.0100000007
v -0.04460047 0.118877284 0.009500001
v -0.04411066 0.118776865 0.0100000007
v -0.0443665832 0.118776791 0.009750001
v -0.0446946621 0.118571922 0.009500001
v -0.0442333929 0.118378974 0.0100000007
v -0.0445086956 0.11837668 0.009750001
v -0.0448534265 0.118279383 0.009500001
v -0.0444402657 0.11799778 0.0100000007
v -0.04474716 0.1180045 0.009750001
v -0.04507277 0.118019715 0.009500001
v -0.04472608 0.117659435 0.0100000007
v -0.0450700819 0.11769376 0.009750001
v -0.0453406759 0.117810518 0.009500001
v -0.045075167 0.117386833 0.0100000007
v -0.0454511531 0.11746978 0.009750001
v -0.0456391051 0.117663115 0.009500001
v -0.0454640277 0.117194772 0.0100000007
v -0.0458564349 0.117343158 0.009750001
v -0.0459478647 0.117580734 0.009500001
v -0.0458663478 0.117087424 0.0100000007
v -0.0462485738 0.117558964 0.009500001
v -0.04625819 0.117059052 0.0100000007
v -0.0161906742 0.1202816 0.009500001
v -0.01589102 0.120248288 0.009500001
v -0.016181061 0.1207815 0.0100000007
v -0.01558914 0.120423272 0.009750001
v -0.0155856572 0.1201541 0.009500001
v -0.0157906022 0.1207381 0.0100000007
v -0.0153927039 0.120615363 0.0100000007
v -0.0152931176 0.119995333 0.009500001
v -0.0150115117 0.12040849 0.0100000007
v -0.015018234 0.120101593 0.009750001
v -0.0150334537 0.119775981 0.009500001
v -0.0145836119 0.11959336 0.009750001
v -0.0146731678 0.120122679 0.0100000007
v -0.014824247 0.11950808 0.009500001
v -0.0144005679 0.1197736 0.0100000007
v -0.01467685 0.119209655 0.009500001
v -0.0142085049 0.119384728 0.0100000007
v -0.0143568926 0.118992321 0.009750001
v -0.0145944674 0.118900895 0.009500001
v -0.0143227447 0.118595377 0.009750001
v -0.0141011588 0.118982404 0.0100000007
v -0.0145727005 0.118600182 0.009500001
v -0.0140727926 0.118590571 0.0100000007
v -0.014606012 0.118300527 0.009500001
v -0.0141162015 0.118200108 0.0100000007
v -0.0143721271 0.118200034 0.009750001
v -0.0147002041 0.117995165 0.009500001
v -0.014238935 0.117802218 0.0100000007
v -0.0145142395 0.117799923 0.009750001
v -0.014858963 0.117702626 0.009500001
v -0.0144458041 0.117421024 0.0100000007
v -0.0147527028 0.117427744 0.009750001
v -0.0150783136 0.117442966 0.009500001
v -0.0147316232 0.117082678 0.0100000007
v -0.015075624 0.117117 0.009750001
v -0.01534622 0.117233761 0.009500001
v -0.0150807053 0.116810076 0.0100000007
v -0.0154566951 0.116893023 0.009750001
v -0.0156446472 0.117086358 0.009500001
v -0.0154695679 0.116618015 0.0100000007
v -0.0158619769 0.1167664 0.009750001
v -0.015953403 0.117003977 0.009500001
v -0.01587189 0.116510667 0.0100000007
v -0.0162541158 0.116982207 0.009500001
v -0.01626373 0.1164823 0.0100000007
v -0.0567600429 0.0910561457 0.009500001
v -0.056460388 0.0910228342 0.009500001
v -0.05675043 0.09155606 0.0100000007
v -0.05615851 0.09119782 0.009750001
v -0.0561550222 0.0909286439 0.009500001
v -0.05635997 0.09151265 0.0100000007
v -0.05596207 0.09138992 0.0100000007
v -0.0558624826 0.09076988 0.009500001
v -0.0555808842 0.091183044 0.0100000007
v -0.0555876 0.09087615 0.009750001
v -0.0556028225 0.0905505344 0.009500001
v -0.05515298 0.0903679058 0.009750001
v -0.0552425347 0.0908972248 0.0100000007
v -0.0553936139 0.0902826339 0.009500001
v -0.0549699366 0.09054814 0.0100000007
v -0.05524622 0.0899842 0.009500001
v -0.05477787 0.09015928 0.0100000007
v -0.05492626 0.0897668749 0.009750001
v -0.055163838 0.08967544 0.009500001
v -0.0548921153 0.08936992 0.009750001
v -0.0546705239 0.08975696 0.0100000007
v -0.0551420674 0.089374736 0.009500001
v -0.0546421632 0.08936512 0.0100000007
v -0.05517538 0.08907508 0.009500001
v -0.0546855666 0.08897466 0.0100000007
v -0.054941494 0.08897459 0.009750001
v -0.05526957 0.08876972 0.009500001
v -0.0548083037 0.0885767639 0.0100000007
v -0.0550836064 0.08857447 0.009750001
v -0.0554283336 0.08847718 0.009500001
v -0.05501517 0.08819557 0.0100000007
v -0.05532207 0.08820229 0.009750001
v -0.0556476824 0.08821751 0.009500001
v -0.05530099 0.087857224 0.0100000007
v -0.05564499 0.08789156 0.009750001
v -0.0559155867 0.08800831 0.009500001
v -0.0556500778 0.08758463 0.0100000007
v -0.0560260639 0.08766758 0.009750001
v -0.0562140122 0.08786091 0.009500001
v -0.0560389347 0.08739256 0.0100000007
v -0.0564313456 0.0875409544 0.009750001
v -0.05652277 0.08777852 0.009500001
v -0.05644126 0.08728522 0.0100000007
v -0.0568234846 0.08775676 0.009500001
v -0.0568330958 0.08725685 0.0100000007
v -0.00676927529 0.09009489 0.009500001
v -0.006469626 0.0900615752 0.009500001
v -0.006759664 0.0905948 0.0100000007
v -0.006167747 0.09023656 0.009750001
v -0.00616425835 0.0899673849 0.009500001
v -0.00636920333 0.0905513838 0.0100000007
v -0.005971309 0.09042865 0.0100000007
v -0.00587171875 0.08980862 0.009500001
v -0.00559011847 0.090221785 0.0100000007
v -0.005596835 0.08991489 0.009750001
v -0.00561206043 0.0895892754 0.009500001
v -0.00516221672 0.08940665 0.009750001
v -0.0052517727 0.0899359658 0.0100000007
v -0.005402852 0.08932137 0.009500001
v -0.004979171 0.0895868838 0.0100000007
v -0.005255455 0.08902294 0.009500001
v -0.004787108 0.0891980156 0.0100000007
v -0.00493549742 0.0888056159 0.009750001
v -0.005173072 0.08871418 0.009500001
v -0.00490134768 0.0884086639 0.009750001
v -0.004679762 0.0887957 0.0100000007
v -0.00515130535 0.08841347 0.009500001
v -0.00465139933 0.08840386 0.0100000007
v -0.005184617 0.0881138146 0.009500001
v -0.00469480455 0.0880133957 0.0100000007
v -0.004950732 0.08801332 0.009750001
v -0.005278809 0.08780845 0.009500001
v -0.004817538 0.0876155049 0.0100000007
v -0.0050928425 0.08761321 0.009750001
v -0.005437568 0.08751591 0.009500001
v -0.005024407 0.08723431 0.0100000007
v -0.005331306 0.08724103 0.009750001
v -0.00565692037 0.08725625 0.009500001
v -0.005310228 0.086895965 0.0100000007
v -0.005654225 0.0869303 0.009750001
v -0.005924821 0.08704704 0.009500001
v -0.005659312 0.08662336 0.0100000007
v -0.006035298 0.08670632 0.009750001
v -0.00622324832 0.08689965 0.009500001
v -0.00604817271 0.0864313 0.0100000007
v -0.00644058175 0.08657969 0.009750001
v -0.00653200969 0.0868172646 0.009500001
v -0.006450493 0.08632396 0.0100000007
v -0.006832719 0.0867955 0.009500001
v -0.006842332 0.08629559 0.0100000007
v -0.056183286 0.1210506 0.009500001
v -0.05588363 0.121017292 0.009500001
v -0.0561736748 0.121550515 0.0100000007
v -0.0555817522 0.121192276 0.009750001
v -0.0555782653 0.1209231 0.009500001
v -0.0557832122 0.121507108 0.0100000007
v -0.0553853139 0.121384375 0.0100000007
v -0.05528573 0.120764345 0.009500001
v -0.0550041273 0.1211775 0.0100000007
v -0.0550108477 0.120870605 0.009750001
v -0.0550260656 0.120544992 0.009500001
v -0.05457622 0.120362371 0.009750001
v -0.05466578 0.120891683 0.0100000007
v -0.054816857 0.120277092 0.009500001
v -0.05439318 0.1205426 0.0100000007
v -0.0546694621 0.119978659 0.009500001
v -0.05420112 0.12015374 0.0100000007
v -0.0543495044 0.119761333 0.009750001
v -0.05458708 0.1196699 0.009500001
v -0.05431536 0.119364381 0.009750001
v -0.054093767 0.119751416 0.0100000007
v -0.05456531 0.119369194 0.009500001
v -0.0540654063 0.119359575 0.0100000007
v -0.054598622 0.119069539 0.009500001
v -0.05410881 0.11896912 0.0100000007
v -0.05436474 0.118969046 0.009750001
v -0.0546928123 0.118764177 0.009500001
v -0.0542315468 0.118571222 0.0100000007
v -0.05450685 0.118568927 0.009750001
v -0.0548515767 0.11847163 0.009500001
v -0.0544384122 0.118190035 0.0100000007
v -0.0547453128 0.118196756 0.009750001
v -0.0550709255 0.11821197 0.009500001
v -0.0547242351 0.117851689 0.0100000007
v -0.0550682358 0.117886014 0.009750001
v -0.05533883 0.118002765 0.009500001
v -0.05507332 0.117579088 0.0100000007
v -0.055449307 0.117662027 0.009750001
v -0.0556372553 0.11785537 0.009500001
v -0.0554621778 0.117387019 0.0100000007
v -0.05585459 0.117535412 0.009750001
v -0.0559460148 0.117772982 0.009500001
v -0.0558645 0.117279679 0.0100000007
v -0.0562467277 0.117751218 0.009500001
v -0.05625634 0.117251307 0.0100000007
v -0.00619252026 0.120089345 0.009500001
v -0.005892869 0.120056033 0.009500001
v -0.006182907 0.120589256 0.0100000007
v -0.00559099 0.120231017 0.009750001
v -0.00558750145 0.119961843 0.009500001
v -0.00579244643 0.120545849 0.0100000007
v -0.005394552 0.120423108 0.0100000007
v -0.00529496372 0.119803086 0.009500001
v -0.00501336157 0.120216243 0.0100000007
v -0.00502008 0.119909346 0.009750001
v -0.00503530353 0.119583733 0.009500001
v -0.00458546 0.119401105 0.009750001
v -0.00467501767 0.119930424 0.0100000007
v -0.004826095 0.119315825 0.009500001
v -0.004402414 0.119581342 0.0100000007
v -0.00467869826 0.1190174 0.009500001
v -0.004210353 0.119192481 0.0100000007
v -0.00435874239 0.118800074 0.009750001
v -0.00459631532 0.11870864 0.009500001
v -0.004324591 0.118403122 0.009750001
v -0.004103005 0.118790157 0.0100000007
v -0.00457454845 0.118407927 0.009500001
v -0.00407464243 0.118398316 0.0100000007
v -0.00460786 0.118108273 0.009500001
v -0.00411804765 0.118007861 0.0100000007
v -0.004373977 0.118007779 0.009750001
v -0.004702052 0.117802911 0.009500001
v -0.004240783 0.117609963 0.0100000007
v -0.00451608561 0.117607668 0.009750001
v -0.004860811 0.117510371 0.009500001
v -0.00444765 0.117228769 0.0100000007
v -0.004754549 0.117235489 0.009750001
v -0.00508016348 0.117250711 0.009500001
v -0.004733473 0.116890423 0.0100000007
v -0.00507747 0.116924755 0.009750001
v -0.005348066 0.117041506 0.009500001
v -0.005082555 0.116617829 0.0100000007
v -0.005458543 0.116700768 0.009750001
v -0.00564649142 0.116894111 0.009500001
v -0.005471416 0.11642576 0.0100000007
v -0.00586382672 0.116574146 0.009750001
v -0.005955253 0.116811723 0.009500001
v -0.005873736 0.116318412 0.0100000007
v -0.006255964 0.116789959 0.009500001
v -0.006265575 0.116290048 0.0100000007
v -0.0307870563 0.141416132 0.009500001
v -0.0307870563 0.141416132 0.008039737
v -0.0341588929 0.141329244 0.008039737
v -0.0346489176 0.141291291 0.008769869
v -0.0341588929 0.141329244 0.009500001
v -0.037621446 0.140921384 0.008039737
v -0.037621446 0.140921384 0.009500001
v -0.03862153 0.140742183 0.008769869
v -0.0411314145 0.140167236 0.008039737
v -0.0411314145 0.140167236 0.009500001
v -0.0426379852 0.1397333 0.008769869
v -0.04463868 0.139049053 0.008039737
v -0.04463868 0.139049053 0.009500001
v -0.0466204956 0.138243049 0.008769869
v -0.0480879657 0.137558669 0.008039737
v -0.0480879657 0.137558669 0.009500001
v -0.0504840761 0.136267424 0.008769869
v -0.05142115 0.1356991 0.008039737
v -0.05142115 0.1356991 0.009500001
v -0.0541416332 0.133822367 0.008769869
v -0.0545801073 0.133485332 0.008039737
v -0.0575098246 0.130944446 0.008769869
v -0.0545801073 0.133485332 0.009500001
v -0.0575098246 0.130944446 0.008039737
v -0.0575098246 0.130944446 0.009500001
v -0.0601614565 0.128114581 0.008039737
v -0.0601614565 0.128114581 0.009500001
v -0.060515102 0.127689376 0.008769869
v -0.06249503 0.125043049 0.008039737
v -0.06249503 0.125043049 0.009500001
v -0.06309897 0.124128528 0.008769869
v -0.06448138 0.121783823 0.008039737
v -0.06448138 0.121783823 0.009500001
v -0.06522167 0.120343745 0.008769869
v -0.06610325 0.118394382 0.008039737
v -0.06610325 0.118394382 0.009500001
v -0.0668639 0.116421476 0.008769869
v -0.0673554242 0.114932694 0.008039737
v -0.0673554242 0.114932694 0.009500001
v -0.06802644 0.11244677 0.008769869
v -0.06824396 0.111454315 0.008039737
v -0.06824396 0.111454315 0.009500001
v -0.0687278658 0.108498208 0.008769869
v -0.06878464 0.10801 0.008039737
v -0.06900108 0.104644 0.008769869
v -0.06878464 0.10801 0.009500001
v -0.06900108 0.104644 0.008039737
v -0.06900108 0.104644 0.009500001
v -0.06891419 0.101272166 0.008039737
v -0.06891419 0.101272166 0.009500001
v -0.06887624 0.100782134 0.008769869
v -0.06850633 0.0978096053 0.008039737
v -0.06850633 0.0978096053 0.009500001
v -0.06832713 0.09680952 0.008769869
v -0.06775218 0.0942996442 0.008039737
v -0.06775218 0.0942996442 0.009500001
v -0.06761503 0.09379719 0.008769869
v -0.066634 0.09079238 0.008039737
v -0.066634 0.09079238 0.009500001
v -0.066634 0.09079238 0.008769869
v -0.06537934 0.08783011 0.008769869
v -0.06514363 0.08734309 0.008039737
v -0.06514363 0.08734309 0.009500001
v -0.06385238 0.0849469751 0.008769869
v -0.06328405 0.08400991 0.008039737
v -0.06328405 0.08400991 0.009500001
v -0.06206094 0.0821798146 0.008769869
v -0.06107028 0.0808509439 0.008039737
v -0.06107028 0.0808509439 0.009500001
v -0.0600193962 0.07956426 0.008769869
v -0.0585293919 0.0779212341 0.008039737
v -0.0585293919 0.0779212341 0.009500001
v -0.05774843 0.07713331 0.008769869
v -0.0556995273 0.0752695948 0.008039737
v -0.0556995273 0.0752695948 0.009500001
v -0.05527433 0.07491595 0.008769869
v -0.0526280031 0.07293603 0.008039737
v -0.0526280031 0.07293603 0.009500001
v -0.0526280031 0.07293603 0.008769869
v -0.04984371 0.0712114051 0.008769869
v -0.0493687727 0.07094968 0.008039737
v -0.0493687727 0.07094968 0.009500001
v -0.0469576269 0.06975348 0.008769869
v -0.0459793322 0.06932781 0.008039737
v -0.0459793322 0.06932781 0.009500001
v -0.0440064222 0.06856716 0.008769869
v -0.0425176471 0.06807563 0.008039737
v -0.0425176471 0.06807563 0.009500001
v -0.0410258621 0.06765102 0.008769869
v -0.0390392654 0.0671871 0.008039737
v -0.0390392654 0.0671871 0.009500001
v -0.03804963 0.0669980347 0.008769869
v -0.03559495 0.06664642 0.008039737
v -0.03559495 0.06664642 0.009500001
v -0.0351083577 0.0665962845 0.008769869
v -0.0322289467 0.06642998 0.008039737
v -0.0322289467 0.06642998 0.009500001
v -0.0288571119 0.06651686 0.008039737
v -0.0283670872 0.0665548146 0.008769869
v -0.0288571119 0.06651686 0.009500001
v -0.0253945589 0.06692472 0.008039737
v -0.0253945589 0.06692472 0.009500001
v -0.0243944731 0.06710393 0.008769869
v -0.0218845922 0.0676788762 0.008039737
v -0.0218845922 0.0676788762 0.009500001
v -0.02037802 0.0681128055 0.008769869
v -0.0183773264 0.06879706 0.008039737
v -0.0183773264 0.06879706 0.009500001
v -0.0163955111 0.06960305 0.008769869
v -0.0149280392 0.07028743 0.008039737
v -0.0149280392 0.07028743 0.009500001
v -0.0125319269 0.07157868 0.008769869
v -0.0115948562 0.07214701 0.008039737
v -0.0115948562 0.07214701 0.009500001
v -0.008874372 0.07402374 0.008769869
v -0.008435896 0.07436077 0.008039737
v -0.005506182 0.07690166 0.008769869
v -0.008435896 0.07436077 0.009500001
v -0.005506182 0.07690166 0.008039737
v -0.005506182 0.07690166 0.009500001
v -0.00285454653 0.07973153 0.008039737
v -0.00285454653 0.07973153 0.009500001
v -0.00250090286 0.08015673 0.008769869
v -0.0005209744 0.08280305 0.008039737
v -0.0005209744 0.08280305 0.009500001
v 8.29622149E-05 0.08371758 0.008769869
v 0.001465369 0.08606228 0.008039737
v 0.001465369 0.08606228 0.009500001
v 0.0022056587 0.08750236 0.008769869
v 0.0030872412 0.08945172 0.008039737
v 0.0030872412 0.08945172 0.009500001
v 0.003847897 0.09142463 0.008769869
v 0.004339423 0.09291341 0.008039737
v 0.004339423 0.09291341 0.009500001
v 0.005010437 0.095399335 0.008769869
v 0.005227953 0.09639179 0.008039737
v 0.005227953 0.09639179 0.009500001
v 0.005711861 0.0993479 0.008769869
v 0.00576863065 0.0998361 0.008039737
v 0.00598507 0.103202105 0.008769869
v 0.00576863065 0.0998361 0.009500001
v 0.00598507 0.103202105 0.008039737
v 0.00598507 0.103202105 0.009500001
v 0.005898189 0.106573939 0.008039737
v 0.005898189 0.106573939 0.009500001
v 0.005860232 0.107063971 0.008769869
v 0.00549032539 0.1100365 0.008039737
v 0.00549032539 0.1100365 0.009500001
v 0.0053111203 0.111036584 0.008769869
v 0.004736174 0.113546461 0.008039737
v 0.004736174 0.113546461 0.009500001
v 0.00459902734 0.114048913 0.008769869
v 0.00361799076 0.117053725 0.008039737
v 0.00361799076 0.117053725 0.009500001
v 0.00361799076 0.117053725 0.008769869
v 0.00236333534 0.120015994 0.008769869
v 0.00212762132 0.120503016 0.008039737
v 0.00212762132 0.120503016 0.009500001
v 0.0008363724 0.12289913 0.008769869
v 0.0002680421 0.1238362 0.008039737
v 0.0002680421 0.1238362 0.009500001
v -0.00095506385 0.125666291 0.008769869
v -0.00194572471 0.126995161 0.008039737
v -0.00194572471 0.126995161 0.009500001
v -0.00299660861 0.128281847 0.008769869
v -0.004486611 0.129924878 0.008039737
v -0.004486611 0.129924878 0.009500001
v -0.00526757538 0.130712792 0.008769869
v -0.00731647946 0.13257651 0.008039737
v -0.00731647946 0.13257651 0.009500001
v -0.007741675 0.13293016 0.008769869
v -0.010388 0.134910077 0.008039737
v -0.010388 0.134910077 0.009500001
v -0.010388 0.134910077 0.008769869
v -0.0131722949 0.136634707 0.008769869
v -0.0136472322 0.136896431 0.008039737
v -0.0136472322 0.136896431 0.009500001
v -0.0160583779 0.138092622 0.008769869
v -0.0170366727 0.1385183 0.008039737
v -0.0170366727 0.1385183 0.009500001
v -0.0190095827 0.139278948 0.008769869
v -0.02049836 0.139770478 0.008039737
v -0.02049836 0.139770478 0.009500001
v -0.0219901428 0.140195087 0.008769869
v -0.02397674 0.140659 0.008039737
v -0.02397674 0.140659 0.009500001
v -0.024966374 0.14084807 0.008769869
v -0.0274210535 0.141199678 0.008039737
v -0.0274210535 0.141199678 0.009500001
v -0.0279076472 0.141249821 0.008769869
v -0.0307870563 0.141416132 0.008039737
v -0.0307870563 0.141416132 0.009500001
v -0.0307870563 0.141416132 0.009500001
v -0.03079667 0.140916213 0.0100000007
v -0.027475547 0.140702665 0.0100000007
v -0.0269633513 0.140894786 0.009750001
v -0.0274210535 0.141199678 0.009500001
v -0.0240771566 0.1401692 0.0100000007
v -0.02397674 0.140659 0.009500001
v -0.0230411068 0.140198037 0.009750001
v -0.0206451546 0.139292508 0.0100000007
v -0.02049836 0.139770478 0.009500001
v -0.0190929063 0.139043242 0.009750001
v -0.017229626 0.138057023 0.0100000007
v -0.0170366727 0.1385183 0.009500001
v -0.0151967816 0.137411952 0.009750001
v -0.013885377 0.136456788 0.0100000007
v -0.0136472322 0.136896431 0.009500001
v -0.0114372317 0.135303408 0.009750001
v -0.0106695984 0.134496912 0.0100000007
v -0.010388 0.134910077 0.009500001
v -0.007900115 0.132736772 0.009750001
v -0.00763903372 0.132194459 0.0100000007
v -0.004666753 0.129751533 0.009750001
v -0.00731647946 0.13257651 0.009500001
v -0.004846897 0.129578173 0.0100000007
v -0.004486611 0.129924878 0.009500001
v -0.00233988836 0.126687527 0.0100000007
v -0.00194572471 0.126995161 0.009500001
v -0.00180801563 0.12640579 0.009750001
v -0.000155642629 0.123570696 0.0100000007
v 0.0002680421 0.1238362 0.009500001
v 0.0006207451 0.122772619 0.009750001
v 0.00167914852 0.12028195 0.0100000007
v 0.00212762132 0.120503016 0.009500001
v 0.00258320943 0.118934795 0.009750001
v 0.003149651 0.116878651 0.0100000007
v 0.00361799076 0.117053725 0.009500001
v 0.0040635094 0.114978835 0.009750001
v 0.004252918 0.113418147 0.0100000007
v 0.004736174 0.113546461 0.009500001
v 0.00506566465 0.110989161 0.009750001
v 0.00499701127 0.109954983 0.0100000007
v 0.00549032539 0.1100365 0.009500001
v 0.00561110675 0.107043028 0.009750001
v 0.00539943576 0.106538594 0.0100000007
v 0.005735114 0.10320691 0.009750001
v 0.005898189 0.106573939 0.009500001
v 0.00548515841 0.103211723 0.0100000007
v 0.00598507 0.103202105 0.009500001
v 0.005271606 0.0998906 0.0100000007
v 0.00576863065 0.0998361 0.009500001
v 0.005463727 0.0993784 0.009750001
v 0.004738141 0.09649221 0.0100000007
v 0.005227953 0.09639179 0.009500001
v 0.004766986 0.09545615 0.009750001
v 0.003861457 0.0930602 0.0100000007
v 0.004339423 0.09291341 0.009500001
v 0.00394511968 0.09249332 0.009750001
v 0.002625972 0.08964468 0.0100000007
v 0.0030872412 0.08945172 0.009500001
v 0.00285660848 0.0895482 0.009750001
v 0.00149810687 0.0866557658 0.009750001
v 0.00102572516 0.0863004252 0.0100000007
v 0.001465369 0.08606228 0.009500001
v -0.000127643347 0.08385228 0.009750001
v -0.0009341389 0.08308465 0.0100000007
v -0.0005209744 0.08280305 0.009500001
v -0.00201149657 0.08117401 0.009750001
v -0.00323659182 0.08005408 0.0100000007
v -0.00285454653 0.07973153 0.009500001
v -0.00413780659 0.07865578 0.009750001
v -0.00585287437 0.07726195 0.0100000007
v -0.005506182 0.07690166 0.009500001
v -0.006484799 0.07632954 0.009750001
v -0.008743526 0.07475494 0.0100000007
v -0.008435896 0.07436077 0.009500001
v -0.009025261 0.0742230639 0.009750001
v -0.0118603613 0.0725707 0.0100000007
v -0.0115948562 0.07214701 0.009500001
v -0.0117276106 0.07235885 0.009750001
v -0.0145571567 0.07075331 0.009750001
v -0.0151491072 0.0707359 0.0100000007
v -0.0149280392 0.07028743 0.009500001
v -0.0174775533 0.06941639 0.009750001
v -0.0185524039 0.0692653954 0.0100000007
v -0.0183773264 0.06879706 0.009500001
v -0.02045222 0.06835154 0.009750001
v -0.0220129043 0.06816213 0.0100000007
v -0.0218845922 0.0676788762 0.009500001
v -0.0234457031 0.06755601 0.009750001
v -0.02547607 0.06741804 0.0100000007
v -0.0253945589 0.06692472 0.009500001
v -0.0264248438 0.06702151 0.009750001
v -0.0288924575 0.06701562 0.0100000007
v -0.0288571119 0.06651686 0.009500001
v -0.02935969 0.06673505 0.009750001
v -0.0322193354 0.06692989 0.0100000007
v -0.0322289467 0.06642998 0.009500001
v -0.0355404578 0.06714344 0.0100000007
v -0.03605265 0.06695132 0.009750001
v -0.03559495 0.06664642 0.009500001
v -0.03893885 0.06767691 0.0100000007
v -0.0390392654 0.0671871 0.009500001
v -0.0399748981 0.06764807 0.009750001
v -0.04237085 0.0685536 0.0100000007
v -0.0425176471 0.06807563 0.009500001
v -0.0439231 0.06880286 0.009750001
v -0.04578638 0.06978908 0.0100000007
v -0.0459793322 0.06932781 0.009500001
v -0.0478192233 0.0704341456 0.009750001
v -0.049130626 0.071389325 0.0100000007
v -0.0493687727 0.07094968 0.009500001
v -0.051578775 0.0725427 0.009750001
v -0.05234641 0.07334919 0.0100000007
v -0.0526280031 0.07293603 0.009500001
v -0.05511589 0.07510933 0.009750001
v -0.05537697 0.0756516457 0.0100000007
v -0.05834925 0.07809457 0.009750001
v -0.0556995273 0.0752695948 0.009500001
v -0.0581691079 0.0782679245 0.0100000007
v -0.0585293919 0.0779212341 0.009500001
v -0.0606761165 0.08115858 0.0100000007
v -0.06107028 0.0808509439 0.009500001
v -0.0612079874 0.0814403147 0.009750001
v -0.06286036 0.08427541 0.0100000007
v -0.06328405 0.08400991 0.009500001
v -0.06363675 0.085073486 0.009750001
v -0.06469515 0.0875641555 0.0100000007
v -0.06514363 0.08734309 0.009500001
v -0.06559922 0.08891131 0.009750001
v -0.0661656559 0.090967454 0.0100000007
v -0.066634 0.09079238 0.009500001
v -0.0670795143 0.09286727 0.009750001
v -0.06726892 0.09442796 0.0100000007
v -0.06775218 0.0942996442 0.009500001
v -0.06808167 0.0968569443 0.009750001
v -0.06801301 0.09789112 0.0100000007
v -0.06850633 0.0978096053 0.009500001
v -0.06862711 0.100803077 0.009750001
v -0.06841544 0.101307511 0.0100000007
v -0.06875112 0.104639195 0.009750001
v -0.06891419 0.101272166 0.009500001
v -0.06850116 0.104634382 0.0100000007
v -0.06900108 0.104644 0.009500001
v -0.06828761 0.107955508 0.0100000007
v -0.06878464 0.10801 0.009500001
v -0.06847973 0.108467706 0.009750001
v -0.06775415 0.1113539 0.0100000007
v -0.06824396 0.111454315 0.009500001
v -0.06778299 0.112389952 0.009750001
v -0.06687746 0.1147859 0.0100000007
v -0.0673554242 0.114932694 0.009500001
v -0.0669611245 0.115352787 0.009750001
v -0.06564198 0.118201427 0.0100000007
v -0.06610325 0.118394382 0.009500001
v -0.06587261 0.118297905 0.009750001
v -0.0645141155 0.121190339 0.009750001
v -0.0640417337 0.12154568 0.0100000007
v -0.06448138 0.121783823 0.009500001
v -0.06288836 0.123993821 0.009750001
v -0.062081866 0.124761455 0.0100000007
v -0.06249503 0.125043049 0.009500001
v -0.06100451 0.126672089 0.009750001
v -0.059779413 0.127792016 0.0100000007
v -0.0601614565 0.128114581 0.009500001
v -0.0588782 0.129190326 0.009750001
v -0.05716313 0.130584151 0.0100000007
v -0.0575098246 0.130944446 0.009500001
v -0.0565312058 0.131516561 0.009750001
v -0.05427248 0.133091167 0.0100000007
v -0.0545801073 0.133485332 0.009500001
v -0.0539907441 0.133623034 0.009750001
v -0.05115564 0.135275409 0.0100000007
v -0.05142115 0.1356991 0.009500001
v -0.0512883961 0.135487258 0.009750001
v -0.04845885 0.1370928 0.009750001
v -0.0478668958 0.1371102 0.0100000007
v -0.0480879657 0.137558669 0.009500001
v -0.04553845 0.138429716 0.009750001
v -0.0444636 0.13858071 0.0100000007
v -0.04463868 0.139049053 0.009500001
v -0.0425637849 0.139494568 0.009750001
v -0.0410031 0.139683977 0.0100000007
v -0.0411314145 0.140167236 0.009500001
v -0.0395703 0.1402901 0.009750001
v -0.0375399329 0.140428066 0.0100000007
v -0.037621446 0.140921384 0.009500001
v -0.03659116 0.140824586 0.009750001
v -0.0341235474 0.140830487 0.0100000007
v -0.0341588929 0.141329244 0.009500001
v -0.033656314 0.141111046 0.009750001
v -0.03079667 0.140916213 0.0100000007
v -0.0307870563 0.141416132 0.009500001
v -0.04682533 0.0875645056 0.009500001
v -0.04682533 0.0875645056 0.00500000035
v -0.0471249856 0.08759782 0.00500000035
v -0.0471686535 0.08760739 0.00725000072
v -0.0471249856 0.08759782 0.009500001
v -0.0474303477 0.08769201 0.00500000035
v -0.0474303477 0.08769201 0.009500001
v -0.0475161225 0.0877307951 0.00725000072
v -0.0477228872 0.08785077 0.00500000035
v -0.0477228872 0.08785077 0.009500001
v -0.04783933 0.08793789 0.00725000072
v -0.04798255 0.0880701244 0.00500000035
v -0.04798255 0.0880701244 0.009500001
v -0.04810918 0.0882183239 0.00725000072
v -0.048191756 0.0883380249 0.00500000035
v -0.048191756 0.0883380249 0.009500001
v -0.04830369 0.08854925 0.00725000072
v -0.0483391546 0.08863645 0.00500000035
v -0.0483391546 0.08863645 0.009500001
v -0.04841365 0.08890121 0.00725000072
v -0.04842154 0.08894521 0.00500000035
v -0.0484433025 0.08924592 0.00725000072
v -0.04842154 0.08894521 0.009500001
v -0.0484433025 0.08924592 0.00500000035
v -0.0484433025 0.08924592 0.009500001
v -0.04840999 0.08954558 0.00500000035
v -0.04840999 0.08954558 0.009500001
v -0.04840042 0.0895892456 0.00725000072
v -0.0483158 0.08985094 0.00500000035
v -0.0483158 0.08985094 0.009500001
v -0.0483158 0.08985094 0.00725000072
v -0.0481836125 0.09010324 0.00725000072
v -0.0481570438 0.09014348 0.00500000035
v -0.0481570438 0.09014348 0.009500001
v -0.0480059832 0.0903334245 0.00725000072
v -0.04793769 0.09040314 0.00500000035
v -0.04793769 0.09040314 0.009500001
v -0.047789488 0.09052977 0.00725000072
v -0.0476697832 0.0906123444 0.00500000035
v -0.0476697832 0.0906123444 0.009500001
v -0.04754445 0.09068347 0.00725000072
v -0.0473713577 0.09075975 0.00500000035
v -0.0473713577 0.09075975 0.009500001
v -0.04728333 0.0907898545 0.00725000072
v -0.0470626019 0.09084213 0.00500000035
v -0.0470626019 0.09084213 0.009500001
v -0.04701877 0.0908487663 0.00725000072
v -0.04676189 0.0908639 0.00500000035
v -0.04676189 0.0908639 0.009500001
v -0.0464622341 0.09083059 0.00500000035
v -0.0464185663 0.09082101 0.00725000072
v -0.0464622341 0.09083059 0.009500001
v -0.0461568721 0.09073639 0.00500000035
v -0.0461568721 0.09073639 0.009500001
v -0.0460711 0.0906976 0.00725000072
v -0.04586433 0.09057763 0.00500000035
v -0.04586433 0.09057763 0.009500001
v -0.04574789 0.09049051 0.00725000072
v -0.04560467 0.09035828 0.00500000035
v -0.04560467 0.09035828 0.009500001
v -0.0454780422 0.09021008 0.00725000072
v -0.0453954637 0.09009038 0.00500000035
v -0.0453954637 0.09009038 0.009500001
v -0.04528353 0.08987915 0.00725000072
v -0.0452480651 0.08979195 0.00500000035
v -0.0452480651 0.08979195 0.009500001
v -0.04517357 0.0895272 0.00725000072
v -0.0451656841 0.0894831941 0.00500000035
v -0.0451439172 0.08918248 0.00725000072
v -0.0451656841 0.0894831941 0.009500001
v -0.0451439172 0.08918248 0.00500000035
v -0.0451439172 0.08918248 0.009500001
v -0.04517723 0.0888828263 0.00500000035
v -0.04517723 0.0888828263 0.009500001
v -0.0451868 0.08883916 0.00725000072
v -0.04527142 0.0885774642 0.00500000035
v -0.04527142 0.0885774642 0.009500001
v -0.04527142 0.0885774642 0.00725000072
v -0.0454036072 0.08832516 0.00725000072
v -0.04543018 0.0882849246 0.00500000035
v -0.04543018 0.0882849246 0.009500001
v -0.0455812365 0.08809498 0.00725000072
v -0.04564953 0.08802526 0.00500000035
v -0.04564953 0.08802526 0.009500001
v -0.045797728 0.08789863 0.00725000072
v -0.0459174328 0.08781605 0.00500000035
v -0.0459174328 0.08781605 0.009500001
v -0.0460427664 0.08774494 0.00725000072
v -0.046215862 0.08766866 0.00500000035
v -0.046215862 0.08766866 0.009500001
v -0.04630389 0.08763856 0.00725000072
v -0.0465246178 0.0875862762 0.00500000035
v -0.0465246178 0.0875862762 0.009500001
v -0.04656845 0.08757964 0.00725000072
v -0.04682533 0.0875645056 0.00500000035
v -0.04682533 0.0875645056 0.009500001
v -0.0168308727 0.08698775 0.009500001
v -0.0168308727 0.08698775 0.00500000035
v -0.0171305276 0.08702106 0.00500000035
v -0.0171741955 0.0870306343 0.00725000072
v -0.0171305276 0.08702106 0.009500001
v -0.01743589 0.08711526 0.00500000035
v -0.01743589 0.08711526 0.009500001
v -0.01752166 0.0871540457 0.00725000072
v -0.01772843 0.0872740149 0.00500000035
v -0.01772843 0.0872740149 0.009500001
v -0.01784487 0.08736113 0.00725000072
v -0.0179880932 0.08749336 0.00500000035
v -0.0179880932 0.08749336 0.009500001
v -0.01811472 0.08764157 0.00725000072
v -0.018197298 0.08776127 0.00500000035
v -0.018197298 0.08776127 0.009500001
v -0.01830923 0.08797249 0.00725000072
v -0.0183446966 0.08805969 0.00500000035
v -0.0183446966 0.08805969 0.009500001
v -0.0184191931 0.08832445 0.00725000072
v -0.0184270777 0.08836845 0.00500000035
v -0.0184488446 0.088669166 0.00725000072
v -0.0184270777 0.08836845 0.009500001
v -0.0184488446 0.088669166 0.00500000035
v -0.0184488446 0.088669166 0.009500001
v -0.018415533 0.08896882 0.00500000035
v -0.018415533 0.08896882 0.009500001
v -0.0184059627 0.08901249 0.00725000072
v -0.0183213428 0.08927418 0.00500000035
v -0.0183213428 0.08927418 0.009500001
v -0.0183213428 0.08927418 0.00725000072
v -0.0181891527 0.08952649 0.00725000072
v -0.01816258 0.08956672 0.00500000035
v -0.01816258 0.08956672 0.009500001
v -0.0180115215 0.08975667 0.00725000072
v -0.0179432314 0.08982639 0.00500000035
v -0.0179432314 0.08982639 0.009500001
v -0.0177950338 0.08995301 0.00725000072
v -0.017675329 0.09003559 0.00500000035
v -0.017675329 0.09003559 0.009500001
v -0.0175499953 0.09010671 0.00725000072
v -0.0173769 0.09018299 0.00500000035
v -0.0173769 0.09018299 0.009500001
v -0.01728887 0.0902131 0.00725000072
v -0.0170681421 0.09026537 0.00500000035
v -0.0170681421 0.09026537 0.009500001
v -0.0170243122 0.09027201 0.00725000072
v -0.0167674311 0.09028714 0.00500000035
v -0.0167674311 0.09028714 0.009500001
v -0.0164677761 0.09025383 0.00500000035
v -0.0164241083 0.090244256 0.00725000072
v -0.0164677761 0.09025383 0.009500001
v -0.0161624141 0.09015964 0.00500000035
v -0.0161624141 0.09015964 0.009500001
v -0.01607664 0.0901208445 0.00725000072
v -0.0158698726 0.0900008753 0.00500000035
v -0.0158698726 0.0900008753 0.009500001
v -0.0157534331 0.0899137557 0.00725000072
v -0.0156102106 0.08978152 0.00500000035
v -0.0156102106 0.08978152 0.009500001
v -0.0154835805 0.08963332 0.00725000072
v -0.0154010039 0.08951362 0.00500000035
v -0.0154010039 0.08951362 0.009500001
v -0.01528907 0.08930239 0.00725000072
v -0.0152536072 0.0892152 0.00500000035
v -0.0152536072 0.0892152 0.009500001
v -0.0151791088 0.08895044 0.00725000072
v -0.0151712243 0.08890644 0.00500000035
v -0.0151494574 0.0886057243 0.00725000072
v -0.0151712243 0.08890644 0.009500001
v -0.0151494574 0.0886057243 0.00500000035
v -0.0151494574 0.0886057243 0.009500001
v -0.0151827689 0.08830607 0.00500000035
v -0.0151827689 0.08830607 0.009500001
v -0.0151923392 0.0882624 0.00725000072
v -0.015276961 0.08800071 0.00500000035
v -0.015276961 0.08800071 0.009500001
v -0.015276961 0.08800071 0.00725000072
v -0.0154091511 0.08774841 0.00725000072
v -0.01543572 0.08770817 0.00500000035
v -0.01543572 0.08770817 0.009500001
v -0.01558678 0.08751822 0.00725000072
v -0.01565507 0.08744851 0.00500000035
v -0.01565507 0.08744851 0.009500001
v -0.0158032719 0.08732188 0.00725000072
v -0.0159229748 0.0872392952 0.00500000035
v -0.0159229748 0.0872392952 0.009500001
v -0.01604831 0.08716818 0.00725000072
v -0.0162214022 0.0870919 0.00500000035
v -0.0162214022 0.0870919 0.009500001
v -0.0163094327 0.08706179 0.00725000072
v -0.01653016 0.08700952 0.00500000035
v -0.01653016 0.08700952 0.009500001
v -0.0165739916 0.08700288 0.00725000072
v -0.0168308727 0.08698775 0.00500000035
v -0.0168308727 0.08698775 0.009500001
v -0.0462485738 0.117558964 0.009500001
v -0.0462485738 0.117558964 0.00500000035
v -0.04654823 0.117592275 0.00500000035
v -0.0465918966 0.117601849 0.00725000072
v -0.04654823 0.117592275 0.009500001
v -0.04685359 0.117686465 0.00500000035
v -0.04685359 0.117686465 0.009500001
v -0.0469393656 0.117725261 0.00725000072
v -0.0471461341 0.11784523 0.00500000035
v -0.0471461341 0.11784523 0.009500001
v -0.04726257 0.117932349 0.00725000072
v -0.0474057943 0.118064582 0.00500000035
v -0.0474057943 0.118064582 0.009500001
v -0.0475324243 0.118212782 0.00725000072
v -0.047615 0.118332483 0.00500000035
v -0.047615 0.118332483 0.009500001
v -0.0477269366 0.118543714 0.00725000072
v -0.0477623977 0.118630908 0.00500000035
v -0.0477623977 0.118630908 0.009500001
v -0.047836896 0.118895665 0.00725000072
v -0.0478447825 0.118939668 0.00500000035
v -0.0478665456 0.119240381 0.00725000072
v -0.0478447825 0.118939668 0.009500001
v -0.0478665456 0.119240381 0.00500000035
v -0.0478665456 0.119240381 0.009500001
v -0.0478332341 0.119540036 0.00500000035
v -0.0478332341 0.119540036 0.009500001
v -0.0478236675 0.1195837 0.00725000072
v -0.0477390438 0.1198454 0.00500000035
v -0.0477390438 0.1198454 0.009500001
v -0.0477390438 0.1198454 0.00725000072
v -0.0476068556 0.1200977 0.00725000072
v -0.0475802869 0.120137937 0.00500000035
v -0.0475802869 0.120137937 0.009500001
v -0.0474292263 0.120327882 0.00725000072
v -0.0473609343 0.1203976 0.00500000035
v -0.0473609343 0.1203976 0.009500001
v -0.0472127348 0.120524228 0.00725000072
v -0.04709303 0.12060681 0.00500000035
v -0.04709303 0.12060681 0.009500001
v -0.0469676927 0.120677926 0.00725000072
v -0.0467946 0.120754205 0.00500000035
v -0.0467946 0.120754205 0.009500001
v -0.0467065722 0.120784312 0.00725000072
v -0.046485845 0.120836586 0.00500000035
v -0.046485845 0.120836586 0.009500001
v -0.0464420132 0.120843224 0.00725000072
v -0.0461851321 0.120858356 0.00500000035
v -0.0461851321 0.120858356 0.009500001
v -0.0458854772 0.120825045 0.00500000035
v -0.04584181 0.120815471 0.00725000072
v -0.0458854772 0.120825045 0.009500001
v -0.0455801152 0.120730847 0.00500000035
v -0.0455801152 0.120730847 0.009500001
v -0.0454943441 0.120692059 0.00725000072
v -0.0452875756 0.12057209 0.00500000035
v -0.0452875756 0.12057209 0.009500001
v -0.0451711342 0.120484978 0.00725000072
v -0.04502791 0.120352745 0.00500000035
v -0.04502791 0.120352745 0.009500001
v -0.0449012853 0.120204538 0.00725000072
v -0.0448187068 0.120084837 0.00500000035
v -0.0448187068 0.120084837 0.009500001
v -0.0447067767 0.119873613 0.00725000072
v -0.04467131 0.119786412 0.00500000035
v -0.04467131 0.119786412 0.009500001
v -0.0445968136 0.119521655 0.00725000072
v -0.0445889272 0.119477652 0.00500000035
v -0.04456716 0.119176939 0.00725000072
v -0.0445889272 0.119477652 0.009500001
v -0.04456716 0.119176939 0.00500000035
v -0.04456716 0.119176939 0.009500001
v -0.04460047 0.118877284 0.00500000035
v -0.04460047 0.118877284 0.009500001
v -0.0446100421 0.118833616 0.00725000072
v -0.0446946621 0.118571922 0.00500000035
v -0.0446946621 0.118571922 0.009500001
v -0.0446946621 0.118571922 0.00725000072
v -0.04482685 0.118319616 0.00725000072
v -0.0448534265 0.118279383 0.00500000035
v -0.0448534265 0.118279383 0.009500001
v -0.0450044833 0.118089437 0.00725000072
v -0.04507277 0.118019715 0.00500000035
v -0.04507277 0.118019715 0.009500001
v -0.04522097 0.117893092 0.00725000072
v -0.0453406759 0.117810518 0.00500000035
v -0.0453406759 0.117810518 0.009500001
v -0.04546601 0.117739394 0.00725000072
v -0.0456391051 0.117663115 0.00500000035
v -0.0456391051 0.117663115 0.009500001
v -0.0457271338 0.117633007 0.00725000072
v -0.0459478647 0.117580734 0.00500000035
v -0.0459478647 0.117580734 0.009500001
v -0.0459916927 0.117574096 0.00725000072
v -0.0462485738 0.117558964 0.00500000035
v -0.0462485738 0.117558964 0.009500001
v -0.0162541158 0.116982207 0.009500001
v -0.0162541158 0.116982207 0.00500000035
v -0.01655377 0.117015518 0.00500000035
v -0.0165974386 0.117025092 0.00725000072
v -0.01655377 0.117015518 0.009500001
v -0.0168591328 0.117109716 0.00500000035
v -0.0168591328 0.117109716 0.009500001
v -0.0169449039 0.1171485 0.00725000072
v -0.0171516743 0.117268473 0.00500000035
v -0.0171516743 0.117268473 0.009500001
v -0.0172681138 0.117355593 0.00725000072
v -0.0174113363 0.117487825 0.00500000035
v -0.0174113363 0.117487825 0.009500001
v -0.0175379626 0.117636025 0.00725000072
v -0.0176205412 0.117755726 0.00500000035
v -0.0176205412 0.117755726 0.009500001
v -0.017732475 0.117966957 0.00725000072
v -0.01776794 0.118054152 0.00500000035
v -0.01776794 0.118054152 0.009500001
v -0.0178424362 0.118318908 0.00725000072
v -0.01785032 0.118362911 0.00500000035
v -0.0178720877 0.118663624 0.00725000072
v -0.01785032 0.118362911 0.009500001
v -0.0178720877 0.118663624 0.00500000035
v -0.0178720877 0.118663624 0.009500001
v -0.017838778 0.118963279 0.00500000035
v -0.017838778 0.118963279 0.009500001
v -0.0178292058 0.119006947 0.00725000072
v -0.0177445859 0.119268641 0.00500000035
v -0.0177445859 0.119268641 0.009500001
v -0.0177445859 0.119268641 0.00725000072
v -0.0176123977 0.119520947 0.00725000072
v -0.0175858252 0.11956118 0.00500000035
v -0.0175858252 0.11956118 0.009500001
v -0.0174347665 0.119751126 0.00725000072
v -0.0173664764 0.119820848 0.00500000035
v -0.0173664764 0.119820848 0.009500001
v -0.0172182769 0.119947478 0.00725000072
v -0.0170985721 0.120030053 0.00500000035
v -0.0170985721 0.120030053 0.009500001
v -0.0169732384 0.120101169 0.00725000072
v -0.0168001447 0.120177448 0.00500000035
v -0.0168001447 0.120177448 0.009500001
v -0.0167121142 0.120207548 0.00725000072
v -0.016491387 0.120259829 0.00500000035
v -0.016491387 0.120259829 0.009500001
v -0.0164475553 0.120266467 0.00725000072
v -0.0161906742 0.1202816 0.00500000035
v -0.0161906742 0.1202816 0.009500001
v -0.01589102 0.120248288 0.00500000035
v -0.0158473514 0.120238714 0.00725000072
v -0.01589102 0.120248288 0.009500001
v -0.0155856572 0.1201541 0.00500000035
v -0.0155856572 0.1201541 0.009500001
v -0.0154998843 0.12011531 0.00725000072
v -0.0152931176 0.119995333 0.00500000035
v -0.0152931176 0.119995333 0.009500001
v -0.0151766781 0.119908214 0.00725000072
v -0.0150334537 0.119775981 0.00500000035
v -0.0150334537 0.119775981 0.009500001
v -0.0149068236 0.119627781 0.00725000072
v -0.014824247 0.11950808 0.00500000035
v -0.014824247 0.11950808 0.009500001
v -0.0147123151 0.119296856 0.00725000072
v -0.01467685 0.119209655 0.00500000035
v -0.01467685 0.119209655 0.009500001
v -0.0146023538 0.1189449 0.00725000072
v -0.0145944674 0.118900895 0.00500000035
v -0.0145727005 0.118600182 0.00725000072
v -0.0145944674 0.118900895 0.009500001
v -0.0145727005 0.118600182 0.00500000035
v -0.0145727005 0.118600182 0.009500001
v -0.014606012 0.118300527 0.00500000035
v -0.014606012 0.118300527 0.009500001
v -0.0146155842 0.118256859 0.00725000072
v -0.0147002041 0.117995165 0.00500000035
v -0.0147002041 0.117995165 0.009500001
v -0.0147002041 0.117995165 0.00725000072
v -0.0148323942 0.117742866 0.00725000072
v -0.014858963 0.117702626 0.00500000035
v -0.014858963 0.117702626 0.009500001
v -0.0150100235 0.117512681 0.00725000072
v -0.0150783136 0.117442966 0.00500000035
v -0.0150783136 0.117442966 0.009500001
v -0.0152265169 0.117316335 0.00725000072
v -0.01534622 0.117233761 0.00500000035
v -0.01534622 0.117233761 0.009500001
v -0.0154715553 0.117162637 0.00725000072
v -0.0156446472 0.117086358 0.00500000035
v -0.0156446472 0.117086358 0.009500001
v -0.0157326758 0.117056251 0.00725000072
v -0.015953403 0.117003977 0.00500000035
v -0.015953403 0.117003977 0.009500001
v -0.0159972347 0.116997339 0.00725000072
v -0.0162541158 0.116982207 0.00500000035
v -0.0162541158 0.116982207 0.009500001
v -0.0568234846 0.08775676 0.009500001
v -0.0568234846 0.08775676 0.00500000035
v -0.0571231358 0.08779007 0.00500000035
v -0.0571668074 0.08779964 0.00725000072
v -0.0571231358 0.08779007 0.009500001
v -0.0574285 0.08788426 0.00500000035
v -0.0574285 0.08788426 0.009500001
v -0.0575142726 0.08792305 0.00725000072
v -0.05772104 0.08804302 0.00500000035
v -0.05772104 0.08804302 0.009500001
v -0.05783748 0.08813014 0.00725000072
v -0.0579807 0.08826237 0.00500000035
v -0.0579807 0.08826237 0.009500001
v -0.0581073351 0.08841057 0.00725000072
v -0.05818991 0.08853028 0.00500000035
v -0.05818991 0.08853028 0.009500001
v -0.0583018437 0.0887415 0.00725000072
v -0.05833731 0.0888287053 0.00500000035
v -0.05833731 0.0888287053 0.009500001
v -0.0584118031 0.08909346 0.00725000072
v -0.05841969 0.0891374648 0.00500000035
v -0.0584414564 0.08943818 0.00725000072
v -0.05841969 0.0891374648 0.009500001
v -0.0584414564 0.08943818 0.00500000035
v -0.0584414564 0.08943818 0.009500001
v -0.0584081449 0.08973783 0.00500000035
v -0.0584081449 0.08973783 0.009500001
v -0.0583985746 0.0897815 0.00725000072
v -0.05831395 0.0900431946 0.00500000035
v -0.05831395 0.0900431946 0.009500001
v -0.05831395 0.0900431946 0.00725000072
v -0.0581817627 0.09029549 0.00725000072
v -0.0581551939 0.0903357342 0.00500000035
v -0.0581551939 0.0903357342 0.009500001
v -0.0580041334 0.09052567 0.00725000072
v -0.05793584 0.0905953944 0.00500000035
v -0.05793584 0.0905953944 0.009500001
v -0.05778764 0.0907220244 0.00725000072
v -0.05766794 0.0908046 0.00500000035
v -0.05766794 0.0908046 0.009500001
v -0.0575426072 0.090875715 0.00725000072
v -0.0573695153 0.0909519941 0.00500000035
v -0.0573695153 0.0909519941 0.009500001
v -0.05728148 0.0909821 0.00725000072
v -0.0570607521 0.09103438 0.00500000035
v -0.0570607521 0.09103438 0.009500001
v -0.057016924 0.09104102 0.00725000072
v -0.0567600429 0.0910561457 0.00500000035
v -0.0567600429 0.0910561457 0.009500001
v -0.056460388 0.0910228342 0.00500000035
v -0.05641672 0.09101327 0.00725000072
v -0.056460388 0.0910228342 0.009500001
v -0.0561550222 0.0909286439 0.00500000035
v -0.0561550222 0.0909286439 0.009500001
v -0.0560692474 0.0908898562 0.00725000072
v -0.0558624826 0.09076988 0.00500000035
v -0.0558624826 0.09076988 0.009500001
v -0.055746045 0.09068277 0.00725000072
v -0.0556028225 0.0905505344 0.00500000035
v -0.0556028225 0.0905505344 0.009500001
v -0.05547619 0.0904023349 0.00725000072
v -0.0553936139 0.0902826339 0.00500000035
v -0.0553936139 0.0902826339 0.009500001
v -0.05528168 0.0900714 0.00725000072
v -0.05524622 0.0899842 0.00500000035
v -0.05524622 0.0899842 0.009500001
v -0.05517172 0.08971945 0.00725000072
v -0.055163838 0.08967544 0.00500000035
v -0.0551420674 0.089374736 0.00725000072
v -0.055163838 0.08967544 0.009500001
v -0.0551420674 0.089374736 0.00500000035
v -0.0551420674 0.089374736 0.009500001
v -0.05517538 0.08907508 0.00500000035
v -0.05517538 0.08907508 0.009500001
v -0.05518495 0.08903141 0.00725000072
v -0.05526957 0.08876972 0.00500000035
v -0.05526957 0.08876972 0.009500001
v -0.05526957 0.08876972 0.00725000072
v -0.0554017648 0.08851741 0.00725000072
v -0.0554283336 0.08847718 0.00500000035
v -0.0554283336 0.08847718 0.009500001
v -0.05557939 0.0882872343 0.00725000072
v -0.0556476824 0.08821751 0.00500000035
v -0.0556476824 0.08821751 0.009500001
v -0.0557958856 0.08809088 0.00725000072
v -0.0559155867 0.08800831 0.00500000035
v -0.0559155867 0.08800831 0.009500001
v -0.05604092 0.08793719 0.00725000072
v -0.0562140122 0.08786091 0.00500000035
v -0.0562140122 0.08786091 0.009500001
v -0.05630204 0.0878308043 0.00725000072
v -0.05652277 0.08777852 0.00500000035
v -0.05652277 0.08777852 0.009500001
v -0.0565666035 0.08777189 0.00725000072
v -0.0568234846 0.08775676 0.00500000035
v -0.0568234846 0.08775676 0.009500001
v -0.006832719 0.0867955 0.009500001
v -0.006832719 0.0867955 0.00500000035
v -0.00713237375 0.08682881 0.00500000035
v -0.00717604347 0.08683838 0.00725000072
v -0.00713237375 0.08682881 0.009500001
v -0.00743773952 0.086923 0.00500000035
v -0.00743773952 0.086923 0.009500001
v -0.00752351061 0.08696179 0.00725000072
v -0.00773027726 0.08708176 0.00500000035
v -0.00773027726 0.08708176 0.009500001
v -0.007846715 0.08716888 0.00725000072
v -0.007989939 0.08730111 0.00500000035
v -0.007989939 0.08730111 0.009500001
v -0.008116571 0.08744931 0.00725000072
v -0.008199146 0.08756901 0.00500000035
v -0.008199146 0.08756901 0.009500001
v -0.00831108 0.0877802446 0.00725000072
v -0.008346545 0.0878674462 0.00500000035
v -0.008346545 0.0878674462 0.009500001
v -0.008421041 0.0881321952 0.00725000072
v -0.008428926 0.0881762058 0.00500000035
v -0.008450694 0.08847691 0.00725000072
v -0.008428926 0.0881762058 0.009500001
v -0.008450694 0.08847691 0.00500000035
v -0.008450694 0.08847691 0.009500001
v -0.008417381 0.0887765661 0.00500000035
v -0.008417381 0.0887765661 0.009500001
v -0.008407811 0.0888202339 0.00725000072
v -0.008323191 0.08908193 0.00500000035
v -0.008323191 0.08908193 0.009500001
v -0.008323191 0.08908193 0.00725000072
v -0.008190999 0.0893342346 0.00725000072
v -0.00816443 0.0893744752 0.00500000035
v -0.00816443 0.0893744752 0.009500001
v -0.008013371 0.08956441 0.00725000072
v -0.007945079 0.0896341354 0.00500000035
v -0.007945079 0.0896341354 0.009500001
v -0.007796876 0.0897607654 0.00725000072
v -0.007677175 0.08984334 0.00500000035
v -0.007677175 0.08984334 0.009500001
v -0.00755183958 0.089914456 0.00725000072
v -0.00737874955 0.0899907351 0.00500000035
v -0.00737874955 0.0899907351 0.009500001
v -0.007290719 0.09002084 0.00725000072
v -0.00706999 0.09007312 0.00500000035
v -0.00706999 0.09007312 0.009500001
v -0.00702616 0.0900797546 0.00725000072
v -0.00676927529 0.09009489 0.00500000035
v -0.00676927529 0.09009489 0.009500001
v -0.006469626 0.0900615752 0.00500000035
v -0.00642595626 0.090052 0.00725000072
v -0.006469626 0.0900615752 0.009500001
v -0.00616425835 0.0899673849 0.00500000035
v -0.00616425835 0.0899673849 0.009500001
v -0.00607848726 0.08992859 0.00725000072
v -0.00587171875 0.08980862 0.00500000035
v -0.00587171875 0.08980862 0.009500001
v -0.005755283 0.0897215 0.00725000072
v -0.00561206043 0.0895892754 0.00500000035
v -0.00561206043 0.0895892754 0.009500001
v -0.00548542663 0.0894410759 0.00725000072
v -0.005402852 0.08932137 0.00500000035
v -0.005402852 0.08932137 0.009500001
v -0.005290916 0.08911014 0.00725000072
v -0.005255455 0.08902294 0.00500000035
v -0.005255455 0.08902294 0.009500001
v -0.005180957 0.0887581855 0.00725000072
v -0.005173072 0.08871418 0.00500000035
v -0.00515130535 0.08841347 0.00725000072
v -0.005173072 0.08871418 0.009500001
v -0.00515130535 0.08841347 0.00500000035
v -0.00515130535 0.08841347 0.009500001
v -0.005184617 0.0881138146 0.00500000035
v -0.005184617 0.0881138146 0.009500001
v -0.005194187 0.08807015 0.00725000072
v -0.005278809 0.08780845 0.00500000035
v -0.005278809 0.08780845 0.009500001
v -0.005278809 0.08780845 0.00725000072
v -0.005411001 0.08755615 0.00725000072
v -0.005437568 0.08751591 0.00500000035
v -0.005437568 0.08751591 0.009500001
v -0.00558862835 0.08732597 0.00725000072
v -0.00565692037 0.08725625 0.00500000035
v -0.00565692037 0.08725625 0.009500001
v -0.00580512173 0.08712962 0.00725000072
v -0.005924821 0.08704704 0.00500000035
v -0.005924821 0.08704704 0.009500001
v -0.00605015643 0.08697593 0.00725000072
v -0.00622324832 0.08689965 0.00500000035
v -0.00622324832 0.08689965 0.009500001
v -0.00631128065 0.0868695453 0.00725000072
v -0.00653200969 0.0868172646 0.00500000035
v -0.00653200969 0.0868172646 0.009500001
v -0.00657583959 0.08681063 0.00725000072
v -0.006832719 0.0867955 0.00500000035
v -0.006832719 0.0867955 0.009500001
v -0.0562467277 0.117751218 0.009500001
v -0.0562467277 0.117751218 0.00500000035
v -0.05654638 0.11778453 0.00500000035
v -0.05659005 0.117794104 0.00725000072
v -0.05654638 0.11778453 0.009500001
v -0.0568517447 0.11787872 0.00500000035
v -0.0568517447 0.11787872 0.009500001
v -0.0569375157 0.117917515 0.00725000072
v -0.0571442842 0.118037485 0.00500000035
v -0.0571442842 0.118037485 0.009500001
v -0.0572607219 0.118124604 0.00725000072
v -0.0574039444 0.11825683 0.00500000035
v -0.0574039444 0.11825683 0.009500001
v -0.05753058 0.118405029 0.00725000072
v -0.057613153 0.118524738 0.00500000035
v -0.057613153 0.118524738 0.009500001
v -0.0577250868 0.118735962 0.00725000072
v -0.05776055 0.118823163 0.00500000035
v -0.05776055 0.118823163 0.009500001
v -0.05783505 0.11908792 0.00725000072
v -0.0578429326 0.119131923 0.00500000035
v -0.0578647 0.119432636 0.00725000072
v -0.0578429326 0.119131923 0.009500001
v -0.0578647 0.119432636 0.00500000035
v -0.0578647 0.119432636 0.009500001
v -0.057831388 0.119732291 0.00500000035
v -0.057831388 0.119732291 0.009500001
v -0.0578218177 0.119775958 0.00725000072
v -0.057737194 0.120037653 0.00500000035
v -0.057737194 0.120037653 0.009500001
v -0.057737194 0.120037653 0.00725000072
v -0.0576050058 0.120289952 0.00725000072
v -0.057578437 0.120330192 0.00500000035
v -0.057578437 0.120330192 0.009500001
v -0.0574273765 0.120520137 0.00725000072
v -0.0573590845 0.120589852 0.00500000035
v -0.0573590845 0.120589852 0.009500001
v -0.057210885 0.120716482 0.00725000072
v -0.057091184 0.120799065 0.00500000035
v -0.057091184 0.120799065 0.009500001
v -0.05696585 0.120870173 0.00725000072
v -0.05679276 0.120946452 0.00500000035
v -0.05679276 0.120946452 0.009500001
v -0.0567047223 0.12097656 0.00725000072
v -0.0564839952 0.121028841 0.00500000035
v -0.0564839952 0.121028841 0.009500001
v -0.0564401671 0.121035472 0.00725000072
v -0.056183286 0.1210506 0.00500000035
v -0.056183286 0.1210506 0.009500001
v -0.05588363 0.121017292 0.00500000035
v -0.0558399633 0.121007726 0.00725000072
v -0.05588363 0.121017292 0.009500001
v -0.0555782653 0.1209231 0.00500000035
v -0.0555782653 0.1209231 0.009500001
v -0.0554924943 0.120884314 0.00725000072
v -0.05528573 0.120764345 0.00500000035
v -0.05528573 0.120764345 0.009500001
v -0.05516929 0.120677225 0.00725000072
v -0.0550260656 0.120544992 0.00500000035
v -0.0550260656 0.120544992 0.009500001
v -0.05489943 0.120396793 0.00725000072
v -0.054816857 0.120277092 0.00500000035
v -0.054816857 0.120277092 0.009500001
v -0.0547049269 0.12006586 0.00725000072
v -0.0546694621 0.119978659 0.00500000035
v -0.0546694621 0.119978659 0.009500001
v -0.0545949638 0.11971391 0.00725000072
v -0.05458708 0.1196699 0.00500000035
v -0.05456531 0.119369194 0.00725000072
v -0.05458708 0.1196699 0.009500001
v -0.05456531 0.119369194 0.00500000035
v -0.05456531 0.119369194 0.009500001
v -0.054598622 0.119069539 0.00500000035
v -0.054598622 0.119069539 0.009500001
v -0.054608196 0.119025871 0.00725000072
v -0.0546928123 0.118764177 0.00500000035
v -0.0546928123 0.118764177 0.009500001
v -0.0546928123 0.118764177 0.00725000072
v -0.0548250079 0.118511871 0.00725000072
v -0.0548515767 0.11847163 0.00500000035
v -0.0548515767 0.11847163 0.009500001
v -0.0550026335 0.118281692 0.00725000072
v -0.0550709255 0.11821197 0.00500000035
v -0.0550709255 0.11821197 0.009500001
v -0.05521913 0.11808534 0.00725000072
v -0.05533883 0.118002765 0.00500000035
v -0.05533883 0.118002765 0.009500001
v -0.0554641634 0.117931649 0.00725000072
v -0.0556372553 0.11785537 0.00500000035
v -0.0556372553 0.11785537 0.009500001
v -0.0557252839 0.117825262 0.00725000072
v -0.0559460148 0.117772982 0.00500000035
v -0.0559460148 0.117772982 0.009500001
v -0.0559898466 0.117766351 0.00725000072
v -0.0562467277 0.117751218 0.00500000035
v -0.0562467277 0.117751218 0.009500001
v -0.006255964 0.116789959 0.009500001
v -0.006255964 0.116789959 0.00500000035
v -0.006555617 0.116823271 0.00500000035
v -0.00659928657 0.116832837 0.00725000072
v -0.006555617 0.116823271 0.009500001
v -0.00686098263 0.116917461 0.00500000035
v -0.00686098263 0.116917461 0.009500001
v -0.00694675557 0.116956249 0.00725000072
v -0.007153522 0.117076226 0.00500000035
v -0.007153522 0.117076226 0.009500001
v -0.00726996 0.117163338 0.00725000072
v -0.00741318241 0.117295571 0.00500000035
v -0.00741318241 0.117295571 0.009500001
v -0.00753981434 0.11744377 0.00725000072
v -0.007622389 0.117563471 0.00500000035
v -0.007622389 0.117563471 0.009500001
v -0.007734325 0.1177747 0.00725000072
v -0.00776978768 0.117861904 0.00500000035
v -0.00776978768 0.117861904 0.009500001
v -0.007844286 0.118126653 0.00725000072
v -0.007852169 0.118170664 0.00500000035
v -0.00787393749 0.118471369 0.00725000072
v -0.007852169 0.118170664 0.009500001
v -0.00787393749 0.118471369 0.00500000035
v -0.00787393749 0.118471369 0.009500001
v -0.007840624 0.118771024 0.00500000035
v -0.007840624 0.118771024 0.009500001
v -0.007831056 0.118814692 0.00725000072
v -0.007746434 0.119076386 0.00500000035
v -0.007746434 0.119076386 0.009500001
v -0.007746434 0.119076386 0.00725000072
v -0.007614242 0.119328693 0.00725000072
v -0.007587673 0.119368926 0.00500000035
v -0.007587673 0.119368926 0.009500001
v -0.00743661448 0.119558871 0.00725000072
v -0.00736832246 0.119628593 0.00500000035
v -0.00736832246 0.119628593 0.009500001
v -0.007220121 0.119755223 0.00725000072
v -0.00710042 0.1198378 0.00500000035
v -0.00710042 0.1198378 0.009500001
v -0.00697508268 0.119908914 0.00725000072
v -0.00680199265 0.119985193 0.00500000035
v -0.00680199265 0.119985193 0.009500001
v -0.006713962 0.1200153 0.00725000072
v -0.006493233 0.120067582 0.00500000035
v -0.006493233 0.120067582 0.009500001
v -0.00644940324 0.120074213 0.00725000072
v -0.00619252026 0.120089345 0.00500000035
v -0.00619252026 0.120089345 0.009500001
v -0.005892869 0.120056033 0.00500000035
v -0.00584919937 0.120046467 0.00725000072
v -0.005892869 0.120056033 0.009500001
v -0.00558750145 0.119961843 0.00500000035
v -0.00558750145 0.119961843 0.009500001
v -0.005501732 0.119923055 0.00725000072
v -0.00529496372 0.119803086 0.00500000035
v -0.00529496372 0.119803086 0.009500001
v -0.005178528 0.119715966 0.00725000072
v -0.00503530353 0.119583733 0.00500000035
v -0.00503530353 0.119583733 0.009500001
v -0.00490866974 0.119435534 0.00725000072
v -0.004826095 0.119315825 0.00500000035
v -0.004826095 0.119315825 0.009500001
v -0.004714161 0.1191046 0.00725000072
v -0.00467869826 0.1190174 0.00500000035
v -0.00467869826 0.1190174 0.009500001
v -0.00460420176 0.118752643 0.00725000072
v -0.00459631532 0.11870864 0.00500000035
v -0.00457454845 0.118407927 0.00725000072
v -0.00459631532 0.11870864 0.009500001
v -0.00457454845 0.118407927 0.00500000035
v -0.00457454845 0.118407927 0.009500001
v -0.00460786 0.118108273 0.00500000035
v -0.00460786 0.118108273 0.009500001
v -0.004617432 0.118064605 0.00725000072
v -0.004702052 0.117802911 0.00500000035
v -0.004702052 0.117802911 0.009500001
v -0.004702052 0.117802911 0.00725000072
v -0.004834244 0.117550611 0.00725000072
v -0.004860811 0.117510371 0.00500000035
v -0.004860811 0.117510371 0.009500001
v -0.00501187146 0.117320433 0.00725000072
v -0.00508016348 0.117250711 0.00500000035
v -0.00508016348 0.117250711 0.009500001
v -0.0052283667 0.117124081 0.00725000072
v -0.005348066 0.117041506 0.00500000035
v -0.005348066 0.117041506 0.009500001
v -0.00547339953 0.11697039 0.00725000072
v -0.00564649142 0.116894111 0.00500000035
v -0.00564649142 0.116894111 0.009500001
v -0.00573452376 0.116864 0.00725000072
v -0.005955253 0.116811723 0.00500000035
v -0.005955253 0.116811723 0.009500001
v -0.0059990827 0.116805084 0.00725000072
v -0.006255964 0.116789959 0.00500000035
v -0.006255964 0.116789959 0.009500001
v -0.0247525461 0.117145628 0.008
v -0.0247525461 0.117145628 0.00500000035
v -0.025052201 0.117178932 0.00500000035
v -0.0250958689 0.117188506 0.0065
v -0.025052201 0.117178932 0.008
v -0.025357563 0.11727313 0.00500000035
v -0.025357563 0.11727313 0.008
v -0.0254433341 0.117311917 0.0065
v -0.0256501045 0.117431886 0.00500000035
v -0.0256501045 0.117431886 0.008
v -0.025766544 0.117519006 0.0065
v -0.0259097666 0.117651239 0.00500000035
v -0.0259097666 0.117651239 0.008
v -0.0260363948 0.117799439 0.0065
v -0.0261189714 0.11791914 0.00500000035
v -0.0261189714 0.11791914 0.008
v -0.0262309052 0.118130371 0.0065
v -0.02626637 0.118217565 0.00500000035
v -0.02626637 0.118217565 0.008
v -0.0263408646 0.118482322 0.0065
v -0.026348751 0.118526325 0.00500000035
v -0.02637052 0.118827038 0.0065
v -0.026348751 0.118526325 0.008
v -0.02637052 0.118827038 0.00500000035
v -0.02637052 0.118827038 0.008
v -0.0263372064 0.119126692 0.00500000035
v -0.0263372064 0.119126692 0.008
v -0.0263276361 0.11917036 0.0065
v -0.0262430161 0.119432054 0.00500000035
v -0.0262430161 0.119432054 0.008
v -0.0262430161 0.119432054 0.0065
v -0.0261108279 0.119684353 0.0065
v -0.0260842554 0.119724594 0.00500000035
v -0.0260842554 0.119724594 0.008
v -0.0259331949 0.119914539 0.0065
v -0.0258649047 0.119984262 0.00500000035
v -0.0258649047 0.119984262 0.008
v -0.0257167052 0.120110892 0.0065
v -0.0255970024 0.120193467 0.00500000035
v -0.0255970024 0.120193467 0.008
v -0.0254716687 0.120264582 0.0065
v -0.0252985731 0.120340861 0.00500000035
v -0.0252985731 0.120340861 0.008
v -0.0252105445 0.120370969 0.0065
v -0.0249898173 0.120423242 0.00500000035
v -0.0249898173 0.120423242 0.008
v -0.0249459855 0.120429881 0.0065
v -0.0246891044 0.120445013 0.00500000035
v -0.0246891044 0.120445013 0.008
v -0.02438945 0.1204117 0.00500000035
v -0.0243457817 0.120402128 0.0065
v -0.02438945 0.1204117 0.008
v -0.0240840875 0.120317511 0.00500000035
v -0.0240840875 0.120317511 0.008
v -0.0239983145 0.120278716 0.0065
v -0.0237915441 0.120158747 0.00500000035
v -0.0237915441 0.120158747 0.008
v -0.0236751065 0.120071635 0.0065
v -0.023531884 0.1199394 0.00500000035
v -0.023531884 0.1199394 0.008
v -0.0234052557 0.119791195 0.0065
v -0.02332268 0.119671494 0.00500000035
v -0.02332268 0.119671494 0.008
v -0.0232107453 0.11946027 0.0065
v -0.02317528 0.119373068 0.00500000035
v -0.02317528 0.119373068 0.008
v -0.0231007822 0.119108312 0.0065
v -0.0230929 0.119064309 0.00500000035
v -0.0230711289 0.118763596 0.0065
v -0.0230929 0.119064309 0.008
v -0.0230711289 0.118763596 0.00500000035
v -0.0230711289 0.118763596 0.008
v -0.0231044441 0.118463941 0.00500000035
v -0.0231044441 0.118463941 0.008
v -0.0231140144 0.118420273 0.0065
v -0.0231986344 0.118158579 0.00500000035
v -0.0231986344 0.118158579 0.008
v -0.0231986344 0.118158579 0.0065
v -0.0233308226 0.11790628 0.0065
v -0.0233573969 0.117866039 0.00500000035
v -0.0233573969 0.117866039 0.008
v -0.0235084537 0.117676094 0.0065
v -0.0235767439 0.117606379 0.00500000035
v -0.0235767439 0.117606379 0.008
v -0.0237249434 0.117479749 0.0065
v -0.0238446463 0.117397174 0.00500000035
v -0.0238446463 0.117397174 0.008
v -0.0239699818 0.117326051 0.0065
v -0.0241430756 0.117249772 0.00500000035
v -0.0241430756 0.117249772 0.008
v -0.024231106 0.117219664 0.0065
v -0.0244518332 0.117167391 0.00500000035
v -0.0244518332 0.117167391 0.008
v -0.024495665 0.117160752 0.0065
v -0.0247525461 0.117145628 0.00500000035
v -0.0247525461 0.117145628 0.008
v -0.025329303 0.08715117 0.008
v -0.025329303 0.08715117 0.00500000035
v -0.0256289579 0.0871844739 0.00500000035
v -0.0256726258 0.08719405 0.0065
v -0.0256289579 0.0871844739 0.008
v -0.02593432 0.0872786641 0.00500000035
v -0.02593432 0.0872786641 0.008
v -0.026020091 0.08731746 0.0065
v -0.0262268614 0.08743743 0.00500000035
v -0.0262268614 0.08743743 0.008
v -0.0263433 0.08752455 0.0065
v -0.0264865234 0.08765678 0.00500000035
v -0.0264865234 0.08765678 0.008
v -0.02661315 0.08780498 0.0065
v -0.0266957283 0.08792468 0.00500000035
v -0.0266957283 0.08792468 0.008
v -0.0268076621 0.08813591 0.0065
v -0.026843125 0.0882231146 0.00500000035
v -0.026843125 0.0882231146 0.008
v -0.0269176215 0.08848786 0.0065
v -0.0269255079 0.08853187 0.00500000035
v -0.0269472767 0.08883258 0.0065
v -0.0269255079 0.08853187 0.008
v -0.0269472767 0.08883258 0.00500000035
v -0.0269472767 0.08883258 0.008
v -0.0269139633 0.0891322345 0.00500000035
v -0.0269139633 0.0891322345 0.008
v -0.026904393 0.0891759 0.0065
v -0.026819773 0.0894376 0.00500000035
v -0.026819773 0.0894376 0.008
v -0.026819773 0.0894376 0.0065
v -0.026687583 0.0896898955 0.0065
v -0.02666101 0.0897301361 0.00500000035
v -0.02666101 0.0897301361 0.008
v -0.0265099518 0.08992008 0.0065
v -0.0264416616 0.0899898037 0.00500000035
v -0.0264416616 0.0899898037 0.008
v -0.02629346 0.09011643 0.0065
v -0.02617376 0.09019901 0.00500000035
v -0.02617376 0.09019901 0.008
v -0.0260484237 0.0902701244 0.0065
v -0.02587533 0.0903464 0.00500000035
v -0.02587533 0.0903464 0.008
v -0.0257873014 0.09037651 0.0065
v -0.0255665723 0.0904287845 0.00500000035
v -0.0255665723 0.0904287845 0.008
v -0.0255227424 0.09043542 0.0065
v -0.0252658613 0.0904505551 0.00500000035
v -0.0252658613 0.0904505551 0.008
v -0.0249662064 0.09041724 0.00500000035
v -0.0249225367 0.09040767 0.0065
v -0.0249662064 0.09041724 0.008
v -0.0246608425 0.09032305 0.00500000035
v -0.0246608425 0.09032305 0.008
v -0.02457507 0.09028426 0.0065
v -0.024368301 0.09016429 0.00500000035
v -0.024368301 0.09016429 0.008
v -0.0242518634 0.09007717 0.0065
v -0.02410864 0.08994494 0.00500000035
v -0.02410864 0.08994494 0.008
v -0.02398201 0.08979674 0.0065
v -0.023899436 0.0896770358 0.00500000035
v -0.023899436 0.0896770358 0.008
v -0.0237875 0.08946581 0.0065
v -0.0237520374 0.08937861 0.00500000035
v -0.0237520374 0.08937861 0.008
v -0.02367754 0.0891138539 0.0065
v -0.0236696564 0.08906985 0.00500000035
v -0.0236478858 0.08876914 0.0065
v -0.0236696564 0.08906985 0.008
v -0.0236478858 0.08876914 0.00500000035
v -0.0236478858 0.08876914 0.008
v -0.0236812 0.08846948 0.00500000035
v -0.0236812 0.08846948 0.008
v -0.0236907713 0.0884258151 0.0065
v -0.0237753913 0.08816412 0.00500000035
v -0.0237753913 0.08816412 0.008
v -0.0237753913 0.08816412 0.0065
v -0.02390758 0.08791182 0.0065
v -0.023934152 0.08787158 0.00500000035
v -0.023934152 0.08787158 0.008
v -0.0240852088 0.0876816362 0.0065
v -0.0241535 0.08761191 0.00500000035
v -0.0241535 0.08761191 0.008
v -0.0243017 0.08748528 0.0065
v -0.0244214032 0.08740271 0.00500000035
v -0.0244214032 0.08740271 0.008
v -0.0245467387 0.08733159 0.0065
v -0.02471983 0.087255314 0.00500000035
v -0.02471983 0.087255314 0.008
v -0.0248078629 0.08722521 0.0065
v -0.02502859 0.08717293 0.00500000035
v -0.02502859 0.08717293 0.008
v -0.02507242 0.0871662945 0.0065
v -0.025329303 0.08715117 0.00500000035
v -0.025329303 0.08715117 0.008
v -0.0377501436 0.11739555 0.008
v -0.0377501436 0.11739555 0.00500000035
v -0.0380498 0.117428862 0.00500000035
v -0.0380934663 0.117438436 0.0065
v -0.0380498 0.117428862 0.008
v -0.03835516 0.117523052 0.00500000035
v -0.03835516 0.117523052 0.008
v -0.0384409353 0.117561847 0.0065
v -0.0386477038 0.117681816 0.00500000035
v -0.0386477038 0.117681816 0.008
v -0.03876414 0.117768936 0.0065
v -0.038907364 0.117901169 0.00500000035
v -0.038907364 0.117901169 0.008
v -0.0390339941 0.118049368 0.0065
v -0.03911657 0.118169069 0.00500000035
v -0.03911657 0.118169069 0.008
v -0.0392285064 0.118380293 0.0065
v -0.0392639674 0.118467495 0.00500000035
v -0.0392639674 0.118467495 0.008
v -0.0393384658 0.118732251 0.0065
v -0.03934635 0.118776254 0.00500000035
v -0.03936812 0.119076967 0.0065
v -0.03934635 0.118776254 0.008
v -0.03936812 0.119076967 0.00500000035
v -0.03936812 0.119076967 0.008
v -0.0393348038 0.119376622 0.00500000035
v -0.0393348038 0.119376622 0.008
v -0.0393252335 0.11942029 0.0065
v -0.0392406136 0.119681984 0.00500000035
v -0.0392406136 0.119681984 0.008
v -0.0392406136 0.119681984 0.0065
v -0.0391084254 0.119934283 0.0065
v -0.0390818529 0.119974524 0.00500000035
v -0.0390818529 0.119974524 0.008
v -0.0389307961 0.120164469 0.0065
v -0.0388625041 0.120234191 0.00500000035
v -0.0388625041 0.120234191 0.008
v -0.0387143046 0.120360821 0.0065
v -0.0385946035 0.120443396 0.00500000035
v -0.0385946035 0.120443396 0.008
v -0.0384692661 0.120514512 0.0065
v -0.0382961743 0.120590791 0.00500000035
v -0.0382961743 0.120590791 0.008
v -0.0382081419 0.120620891 0.0065
v -0.0379874147 0.120673172 0.00500000035
v -0.0379874147 0.120673172 0.008
v -0.037943583 0.120679811 0.0065
v -0.0376867019 0.120694935 0.00500000035
v -0.0376867019 0.120694935 0.008
v -0.037387047 0.120661631 0.00500000035
v -0.03734338 0.120652057 0.0065
v -0.037387047 0.120661631 0.008
v -0.0370816849 0.120567441 0.00500000035
v -0.0370816849 0.120567441 0.008
v -0.0369959138 0.120528646 0.0065
v -0.0367891453 0.120408677 0.00500000035
v -0.0367891453 0.120408677 0.008
v -0.0366727039 0.120321557 0.0065
v -0.03652948 0.120189324 0.00500000035
v -0.03652948 0.120189324 0.008
v -0.0364028551 0.120041125 0.0065
v -0.0363202766 0.119921423 0.00500000035
v -0.0363202766 0.119921423 0.008
v -0.0362083428 0.119710192 0.0065
v -0.036172878 0.11962299 0.00500000035
v -0.036172878 0.11962299 0.008
v -0.0360983834 0.119358242 0.0065
v -0.0360904969 0.119314238 0.00500000035
v -0.03606873 0.119013526 0.0065
v -0.0360904969 0.119314238 0.008
v -0.03606873 0.119013526 0.00500000035
v -0.03606873 0.119013526 0.008
v -0.03610204 0.118713871 0.00500000035
v -0.03610204 0.118713871 0.008
v -0.0361116119 0.1186702 0.0065
v -0.03619623 0.118408509 0.00500000035
v -0.03619623 0.118408509 0.008
v -0.03619623 0.118408509 0.0065
v -0.03632842 0.11815621 0.0065
v -0.0363549925 0.118115969 0.00500000035
v -0.0363549925 0.118115969 0.008
v -0.0365060531 0.117926024 0.0065
v -0.0365743451 0.1178563 0.00500000035
v -0.0365743451 0.1178563 0.008
v -0.0367225446 0.117729679 0.0065
v -0.0368422456 0.1176471 0.00500000035
v -0.0368422456 0.1176471 0.008
v -0.03696758 0.117575981 0.0065
v -0.0371406749 0.1174997 0.00500000035
v -0.0371406749 0.1174997 0.008
v -0.0372287035 0.117469594 0.0065
v -0.03744943 0.117417321 0.00500000035
v -0.03744943 0.117417321 0.008
v -0.0374932624 0.117410682 0.0065
v -0.0377501436 0.11739555 0.00500000035
v -0.0377501436 0.11739555 0.008
v -0.0383269 0.08740109 0.008
v -0.0383269 0.08740109 0.00500000035
v -0.0386265554 0.0874344 0.00500000035
v -0.0386702232 0.08744398 0.0065
v -0.0386265554 0.0874344 0.008
v -0.0389319174 0.0875285938 0.00500000035
v -0.0389319174 0.0875285938 0.008
v -0.0390176922 0.08756739 0.0065
v -0.03922446 0.08768736 0.00500000035
v -0.03922446 0.08768736 0.008
v -0.0393409 0.08777447 0.0065
v -0.03948412 0.0879067 0.00500000035
v -0.03948412 0.0879067 0.008
v -0.03961075 0.08805491 0.0065
v -0.0396933258 0.08817461 0.00500000035
v -0.0396933258 0.08817461 0.008
v -0.03980526 0.0883858353 0.0065
v -0.0398407243 0.08847304 0.00500000035
v -0.0398407243 0.08847304 0.008
v -0.0399152227 0.08873779 0.0065
v -0.0399231054 0.0887818 0.00500000035
v -0.039944876 0.08908251 0.0065
v -0.0399231054 0.0887818 0.008
v -0.039944876 0.08908251 0.00500000035
v -0.039944876 0.08908251 0.008
v -0.03991156 0.0893821642 0.00500000035
v -0.03991156 0.0893821642 0.008
v -0.03990199 0.08942583 0.0065
v -0.03981737 0.0896875262 0.00500000035
v -0.03981737 0.0896875262 0.008
v -0.03981737 0.0896875262 0.0065
v -0.0396851823 0.0899398252 0.0065
v -0.0396586061 0.0899800658 0.00500000035
v -0.0396586061 0.0899800658 0.008
v -0.039507553 0.09017001 0.0065
v -0.03943926 0.090239726 0.00500000035
v -0.03943926 0.090239726 0.008
v -0.03929106 0.0903663561 0.0065
v -0.03917136 0.09044893 0.00500000035
v -0.03917136 0.09044893 0.008
v -0.039046023 0.0905200541 0.0065
v -0.03887293 0.09059633 0.00500000035
v -0.03887293 0.09059633 0.008
v -0.0387849 0.09062644 0.0065
v -0.03856417 0.0906787142 0.00500000035
v -0.03856417 0.0906787142 0.008
v -0.03852034 0.09068535 0.0065
v -0.03826346 0.09070048 0.00500000035
v -0.03826346 0.09070048 0.008
v -0.0379638039 0.09066717 0.00500000035
v -0.037920136 0.0906576 0.0065
v -0.0379638039 0.09066717 0.008
v -0.03765844 0.0905729756 0.00500000035
v -0.03765844 0.0905729756 0.008
v -0.03757267 0.09053419 0.0065
v -0.0373659 0.09041422 0.00500000035
v -0.0373659 0.09041422 0.008
v -0.03724946 0.0903271 0.0065
v -0.03710624 0.0901948661 0.00500000035
v -0.03710624 0.0901948661 0.008
v -0.036979612 0.09004667 0.0065
v -0.0368970335 0.0899269655 0.00500000035
v -0.0368970335 0.0899269655 0.008
v -0.0367851 0.0897157341 0.0065
v -0.0367496349 0.08962854 0.00500000035
v -0.0367496349 0.08962854 0.008
v -0.03667514 0.08936378 0.0065
v -0.0366672538 0.08931978 0.00500000035
v -0.0366454832 0.08901907 0.0065
v -0.0366672538 0.08931978 0.008
v -0.0366454832 0.08901907 0.00500000035
v -0.0366454832 0.08901907 0.008
v -0.0366788 0.08871941 0.00500000035
v -0.0366788 0.08871941 0.008
v -0.03668837 0.0886757448 0.0065
v -0.03677299 0.08841405 0.00500000035
v -0.03677299 0.08841405 0.008
v -0.03677299 0.08841405 0.0065
v -0.0369051769 0.08816175 0.0065
v -0.03693175 0.08812151 0.00500000035
v -0.03693175 0.08812151 0.008
v -0.03708281 0.0879315659 0.0065
v -0.0371511 0.08786184 0.00500000035
v -0.0371511 0.08786184 0.008
v -0.0372993 0.08773521 0.0065
v -0.0374190025 0.08765264 0.00500000035
v -0.0374190025 0.08765264 0.008
v -0.0375443362 0.08758152 0.0065
v -0.03771743 0.08750524 0.00500000035
v -0.03771743 0.08750524 0.008
v -0.03780546 0.0874751359 0.0065
v -0.0380261876 0.08742286 0.00500000035
v -0.0380261876 0.08742286 0.008
v -0.03807002 0.0874162242 0.0065
v -0.0383269 0.08740109 0.00500000035
v -0.0383269 0.08740109 0.008
v -0.04112165 0.124111608 0.008
v -0.0341229439 0.123977035 0.008
v -0.04112165 0.124111608 0.009500001
v -0.0211253464 0.123727106 0.009500001
v -0.028124053 0.123861685 0.008
v -0.0211253464 0.123727106 0.008
v -0.0311234985 0.12391936 0.00725000072
v -0.0341229439 0.123977035 0.00500000035
v -0.028124053 0.123861685 0.00500000035
v -0.0213175975 0.113728955 0.008
v -0.0283163041 0.113863528 0.008
v -0.0283163041 0.113863528 0.00500000035
v -0.0135690272 0.113579959 0.00725000072
v 0.00117824227 0.11329639 0.00500000035
v 0.00117824227 0.11329639 0.009500001
v -0.0213175975 0.113728955 0.009500001
v -0.0343151949 0.113978878 0.00500000035
v -0.0343151949 0.113978878 0.008
v -0.0413139 0.114113458 0.008
v -0.04906247 0.114262454 0.00725000072
v -0.063809745 0.114546023 0.00500000035
v -0.063809745 0.114546023 0.009500001
v -0.0413139 0.114113458 0.009500001
v -0.0287008081 0.09386723 0.00500000035
v -0.0287008081 0.09386723 0.008
v -0.0217021015 0.09373265 0.008
v -0.013953533 0.09358365 0.00725000072
v 0.000793740153 0.09330008 0.00500000035
v 0.000793740153 0.09330008 0.009500001
v -0.0217021015 0.09373265 0.009500001
v -0.0416984074 0.09411715 0.008
v -0.0346997 0.09398258 0.008
v -0.0346997 0.09398258 0.00500000035
v -0.0494469777 0.09426615 0.00725000072
v -0.06419425 0.0945497155 0.00500000035
v -0.06419425 0.0945497155 0.009500001
v -0.0416984074 0.09411715 0.009500001
v -0.0346997 0.09398258 0.00500000035
v -0.0464622341 0.09083059 0.00500000035
v -0.04676189 0.0908639 0.00500000035
v -0.0461568721 0.09073639 0.00500000035
v -0.06419425 0.0945497155 0.00500000035
v -0.0470626019 0.09084213 0.00500000035
v -0.03887293 0.09059633 0.00500000035
v -0.03917136 0.09044893 0.00500000035
v -0.03856417 0.0906787142 0.00500000035
v -0.03826346 0.09070048 0.00500000035
v -0.0379638039 0.09066717 0.00500000035
v -0.03765844 0.0905729756 0.00500000035
v -0.04586433 0.09057763 0.00500000035
v -0.0373659 0.09041422 0.00500000035
v -0.03943926 0.090239726 0.00500000035
v -0.04560467 0.09035828 0.00500000035
v -0.0453954637 0.09009038 0.00500000035
v -0.0396586061 0.0899800658 0.00500000035
v -0.0452480651 0.08979195 0.00500000035
v -0.03981737 0.0896875262 0.00500000035
v -0.0451656841 0.0894831941 0.00500000035
v -0.03991156 0.0893821642 0.00500000035
v -0.03710624 0.0901948661 0.00500000035
v -0.0451439172 0.08918248 0.00500000035
v -0.039944876 0.08908251 0.00500000035
v -0.0399231054 0.0887818 0.00500000035
v -0.04517723 0.0888828263 0.00500000035
v -0.0398407243 0.08847304 0.00500000035
v -0.04527142 0.0885774642 0.00500000035
v -0.0396933258 0.08817461 0.00500000035
v -0.04543018 0.0882849246 0.00500000035
v -0.03948412 0.0879067 0.00500000035
v -0.04564953 0.08802526 0.00500000035
v -0.0368970335 0.0899269655 0.00500000035
v -0.03922446 0.08768736 0.00500000035
v -0.0459174328 0.08781605 0.00500000035
v -0.0367496349 0.08962854 0.00500000035
v -0.0366672538 0.08931978 0.00500000035
v -0.0366454832 0.08901907 0.00500000035
v -0.03489195 0.08398442 0.00500000035
v -0.0366788 0.08871941 0.00500000035
v -0.046215862 0.08766866 0.00500000035
v -0.03677299 0.08841405 0.00500000035
v -0.03693175 0.08812151 0.00500000035
v -0.0371511 0.08786184 0.00500000035
v -0.0374190025 0.08765264 0.00500000035
v -0.03771743 0.08750524 0.00500000035
v -0.0380261876 0.08742286 0.00500000035
v -0.0383269 0.08740109 0.00500000035
v -0.0386265554 0.0874344 0.00500000035
v -0.0389319174 0.0875285938 0.00500000035
v -0.044898808 0.07191092 0.00500000035
v -0.0480351672 0.07341169 0.00500000035
v -0.0465246178 0.0875862762 0.00500000035
v -0.0416955948 0.07075223 0.00500000035
v -0.051051043 0.07524973 0.00500000035
v -0.04682533 0.0875645056 0.00500000035
v -0.0471249856 0.08759782 0.00500000035
v -0.03847693 0.06993005 0.00500000035
v -0.03528979 0.06942974 0.00500000035
v -0.0321751162 0.06922947 0.00500000035
v -0.028893061 0.08386907 0.00500000035
v -0.0290550459 0.06930986 0.00500000035
v -0.0538932234 0.07740905 0.00500000035
v -0.0474303477 0.08769201 0.00500000035
v -0.0477228872 0.08785077 0.00500000035
v -0.02585103 0.06968727 0.00500000035
v -0.056511797 0.0798627 0.00500000035
v -0.02260314 0.0703851059 0.00500000035
v -0.04798255 0.0880701244 0.00500000035
v -0.01935775 0.0714198 0.00500000035
v -0.0556476824 0.08821751 0.00500000035
v -0.0559155867 0.08800831 0.00500000035
v -0.0554283336 0.08847718 0.00500000035
v -0.0562140122 0.08786091 0.00500000035
v -0.048191756 0.0883380249 0.00500000035
v -0.05526957 0.08876972 0.00500000035
v -0.0483391546 0.08863645 0.00500000035
v -0.05517538 0.08907508 0.00500000035
v -0.04842154 0.08894521 0.00500000035
v -0.05886296 0.08257367 0.00500000035
v -0.0551420674 0.089374736 0.00500000035
v -0.0484433025 0.08924592 0.00500000035
v -0.04840999 0.08954558 0.00500000035
v -0.055163838 0.08967544 0.00500000035
v -0.0483158 0.08985094 0.00500000035
v -0.05524622 0.0899842 0.00500000035
v -0.0481570438 0.09014348 0.00500000035
v -0.0553936139 0.0902826339 0.00500000035
v -0.04793769 0.09040314 0.00500000035
v -0.0556028225 0.0905505344 0.00500000035
v -0.0476697832 0.0906123444 0.00500000035
v -0.0558624826 0.09076988 0.00500000035
v -0.0473713577 0.09075975 0.00500000035
v -0.0561550222 0.0909286439 0.00500000035
v -0.056460388 0.0910228342 0.00500000035
v -0.0567600429 0.0910561457 0.00500000035
v -0.0570607521 0.09103438 0.00500000035
v -0.0573695153 0.0909519941 0.00500000035
v -0.05766794 0.0908046 0.00500000035
v -0.05793584 0.0905953944 0.00500000035
v -0.06401126 0.0917728 0.00500000035
v -0.0581551939 0.0903357342 0.00500000035
v -0.05831395 0.0900431946 0.00500000035
v -0.06457141 0.0933920741 0.00500000035
v -0.0626321658 0.08858106 0.00500000035
v -0.06504595 0.09501819 0.00500000035
v -0.0584081449 0.08973783 0.00500000035
v -0.06574379 0.09826608 0.00500000035
v -0.0661212 0.1014701 0.00500000035
v -0.06620159 0.10459017 0.00500000035
v -0.0584414564 0.08943818 0.00500000035
v -0.05841969 0.0891374648 0.00500000035
v -0.05833731 0.0888287053 0.00500000035
v -0.063809745 0.114546023 0.00500000035
v -0.0609114319 0.08549675 0.00500000035
v -0.06600131 0.107704841 0.00500000035
v -0.05818991 0.08853028 0.00500000035
v -0.0655010045 0.110891983 0.00500000035
v -0.06467882 0.114110641 0.00500000035
v -0.0579807 0.08826237 0.00500000035
v -0.05772104 0.08804302 0.00500000035
v -0.0574285 0.08788426 0.00500000035
v -0.06352013 0.117313854 0.00500000035
v -0.0571231358 0.08779007 0.00500000035
v -0.0568234846 0.08775676 0.00500000035
v -0.05652277 0.08777852 0.00500000035
v -0.0574039444 0.11825683 0.00500000035
v -0.0571442842 0.118037485 0.00500000035
v -0.057613153 0.118524738 0.00500000035
v -0.05776055 0.118823163 0.00500000035
v -0.0568517447 0.11787872 0.00500000035
v -0.062019363 0.120450214 0.00500000035
v -0.05654638 0.11778453 0.00500000035
v -0.0578429326 0.119131923 0.00500000035
v -0.0562467277 0.117751218 0.00500000035
v -0.0578647 0.119432636 0.00500000035
v -0.057831388 0.119732291 0.00500000035
v -0.057737194 0.120037653 0.00500000035
v -0.0601813272 0.1234661 0.00500000035
v -0.057578437 0.120330192 0.00500000035
v -0.0573590845 0.120589852 0.00500000035
v -0.057091184 0.120799065 0.00500000035
v -0.05679276 0.120946452 0.00500000035
v -0.058022 0.126308277 0.00500000035
v -0.0564839952 0.121028841 0.00500000035
v -0.056183286 0.1210506 0.00500000035
v -0.05588363 0.121017292 0.00500000035
v -0.0555782653 0.1209231 0.00500000035
v -0.0555683523 0.128926843 0.00500000035
v -0.05528573 0.120764345 0.00500000035
v -0.0550260656 0.120544992 0.00500000035
v -0.0473609343 0.1203976 0.00500000035
v -0.054816857 0.120277092 0.00500000035
v -0.04709303 0.12060681 0.00500000035
v -0.0475802869 0.120137937 0.00500000035
v -0.0546694621 0.119978659 0.00500000035
v -0.0477390438 0.1198454 0.00500000035
v -0.05458708 0.1196699 0.00500000035
v -0.0478332341 0.119540036 0.00500000035
v -0.05285739 0.131278008 0.00500000035
v -0.0467946 0.120754205 0.00500000035
v -0.046485845 0.120836586 0.00500000035
v -0.05456531 0.119369194 0.00500000035
v -0.0478665456 0.119240381 0.00500000035
v -0.0478447825 0.118939668 0.00500000035
v -0.054598622 0.119069539 0.00500000035
v -0.0477623977 0.118630908 0.00500000035
v -0.0546928123 0.118764177 0.00500000035
v -0.047615 0.118332483 0.00500000035
v -0.0548515767 0.11847163 0.00500000035
v -0.0474057943 0.118064582 0.00500000035
v -0.0550709255 0.11821197 0.00500000035
v -0.0471461341 0.11784523 0.00500000035
v -0.05533883 0.118002765 0.00500000035
v -0.04685359 0.117686465 0.00500000035
v -0.0556372553 0.11785537 0.00500000035
v -0.04654823 0.117592275 0.00500000035
v -0.0559460148 0.117772982 0.00500000035
v -0.0462485738 0.117558964 0.00500000035
v -0.0343151949 0.113978878 0.00500000035
v -0.0459478647 0.117580734 0.00500000035
v -0.0456391051 0.117663115 0.00500000035
v -0.03835516 0.117523052 0.00500000035
v -0.0380498 0.117428862 0.00500000035
v -0.0377501436 0.11739555 0.00500000035
v -0.03744943 0.117417321 0.00500000035
v -0.0371406749 0.1174997 0.00500000035
v -0.0386477038 0.117681816 0.00500000035
v -0.0453406759 0.117810518 0.00500000035
v -0.0368422456 0.1176471 0.00500000035
v -0.038907364 0.117901169 0.00500000035
v -0.04507277 0.118019715 0.00500000035
v -0.0448534265 0.118279383 0.00500000035
v -0.03911657 0.118169069 0.00500000035
v -0.0446946621 0.118571922 0.00500000035
v -0.0392639674 0.118467495 0.00500000035
v -0.04460047 0.118877284 0.00500000035
v -0.03934635 0.118776254 0.00500000035
v -0.0365743451 0.1178563 0.00500000035
v -0.04456716 0.119176939 0.00500000035
v -0.03936812 0.119076967 0.00500000035
v -0.0393348038 0.119376622 0.00500000035
v -0.0445889272 0.119477652 0.00500000035
v -0.0392406136 0.119681984 0.00500000035
v -0.04467131 0.119786412 0.00500000035
v -0.0390818529 0.119974524 0.00500000035
v -0.0448187068 0.120084837 0.00500000035
v -0.0388625041 0.120234191 0.00500000035
v -0.04502791 0.120352745 0.00500000035
v -0.0385946035 0.120443396 0.00500000035
v -0.0452875756 0.12057209 0.00500000035
v -0.0382961743 0.120590791 0.00500000035
v -0.0455801152 0.120730847 0.00500000035
v -0.0436582565 0.1364263 0.00500000035
v -0.0341229439 0.123977035 0.00500000035
v -0.0379874147 0.120673172 0.00500000035
v -0.0376867019 0.120694935 0.00500000035
v -0.037387047 0.120661631 0.00500000035
v -0.0370816849 0.120567441 0.00500000035
v -0.0367891453 0.120408677 0.00500000035
v -0.03652948 0.120189324 0.00500000035
v -0.0363202766 0.119921423 0.00500000035
v -0.036172878 0.11962299 0.00500000035
v -0.0360904969 0.119314238 0.00500000035
v -0.03606873 0.119013526 0.00500000035
v -0.04684999 0.135047212 0.00500000035
v -0.0458854772 0.120825045 0.00500000035
v -0.0404128656 0.137461 0.00500000035
v -0.0499342978 0.133326486 0.00500000035
v -0.0461851321 0.120858356 0.00500000035
v -0.037164975 0.138158828 0.00500000035
v -0.03396096 0.138536245 0.00500000035
v -0.0308408868 0.138616636 0.00500000035
v -0.028124053 0.123861685 0.00500000035
v -0.0277262125 0.138416365 0.00500000035
v -0.0245390739 0.137916058 0.00500000035
v -0.03610204 0.118713871 0.00500000035
v -0.03619623 0.118408509 0.00500000035
v -0.0363549925 0.118115969 0.00500000035
v -0.0213204119 0.137093872 0.00500000035
v -0.0181171987 0.135935187 0.00500000035
v -0.0240840875 0.120317511 0.00500000035
v -0.02438945 0.1204117 0.00500000035
v -0.0246891044 0.120445013 0.00500000035
v -0.0249898173 0.120423242 0.00500000035
v -0.0252985731 0.120340861 0.00500000035
v -0.0255970024 0.120193467 0.00500000035
v -0.0258649047 0.119984262 0.00500000035
v -0.0260842554 0.119724594 0.00500000035
v -0.0262430161 0.119432054 0.00500000035
v -0.0263372064 0.119126692 0.00500000035
v -0.02637052 0.118827038 0.00500000035
v -0.0283163041 0.113863528 0.00500000035
v -0.026348751 0.118526325 0.00500000035
v -0.02626637 0.118217565 0.00500000035
v -0.0261189714 0.11791914 0.00500000035
v -0.0259097666 0.117651239 0.00500000035
v -0.0256501045 0.117431886 0.00500000035
v -0.025357563 0.11727313 0.00500000035
v -0.025052201 0.117178932 0.00500000035
v -0.0247525461 0.117145628 0.00500000035
v -0.0244518332 0.117167391 0.00500000035
v -0.0241430756 0.117249772 0.00500000035
v -0.0168591328 0.117109716 0.00500000035
v -0.0238446463 0.117397174 0.00500000035
v -0.01655377 0.117015518 0.00500000035
v -0.0171516743 0.117268473 0.00500000035
v -0.0162541158 0.116982207 0.00500000035
v -0.0235767439 0.117606379 0.00500000035
v -0.0174113363 0.117487825 0.00500000035
v -0.0233573969 0.117866039 0.00500000035
v -0.0176205412 0.117755726 0.00500000035
v -0.0231986344 0.118158579 0.00500000035
v -0.01776794 0.118054152 0.00500000035
v -0.0231044441 0.118463941 0.00500000035
v -0.01785032 0.118362911 0.00500000035
v 0.00117824227 0.11329639 0.00500000035
v -0.0230711289 0.118763596 0.00500000035
v -0.0178720877 0.118663624 0.00500000035
v -0.017838778 0.118963279 0.00500000035
v -0.0230929 0.119064309 0.00500000035
v -0.0177445859 0.119268641 0.00500000035
v -0.02317528 0.119373068 0.00500000035
v -0.0175858252 0.11956118 0.00500000035
v -0.02332268 0.119671494 0.00500000035
v -0.0173664764 0.119820848 0.00500000035
v -0.023531884 0.1199394 0.00500000035
v -0.0170985721 0.120030053 0.00500000035
v -0.0237915441 0.120158747 0.00500000035
v -0.0168001447 0.120177448 0.00500000035
v -0.01498084 0.134434417 0.00500000035
v -0.016491387 0.120259829 0.00500000035
v -0.01196496 0.132596374 0.00500000035
v -0.0161906742 0.1202816 0.00500000035
v -0.01589102 0.120248288 0.00500000035
v -0.009122781 0.130437046 0.00500000035
v -0.0155856572 0.1201541 0.00500000035
v -0.0152931176 0.119995333 0.00500000035
v -0.006504208 0.1279834 0.00500000035
v -0.0150334537 0.119775981 0.00500000035
v -0.00736832246 0.119628593 0.00500000035
v -0.014824247 0.11950808 0.00500000035
v -0.00710042 0.1198378 0.00500000035
v -0.007587673 0.119368926 0.00500000035
v -0.00680199265 0.119985193 0.00500000035
v -0.01467685 0.119209655 0.00500000035
v -0.007746434 0.119076386 0.00500000035
v -0.0145944674 0.118900895 0.00500000035
v -0.007840624 0.118771024 0.00500000035
v -0.004153041 0.125272438 0.00500000035
v -0.0145727005 0.118600182 0.00500000035
v -0.00787393749 0.118471369 0.00500000035
v -0.007852169 0.118170664 0.00500000035
v -0.014606012 0.118300527 0.00500000035
v -0.00776978768 0.117861904 0.00500000035
v -0.0147002041 0.117995165 0.00500000035
v -0.007622389 0.117563471 0.00500000035
v -0.014858963 0.117702626 0.00500000035
v -0.00741318241 0.117295571 0.00500000035
v -0.0150783136 0.117442966 0.00500000035
v -0.007153522 0.117076226 0.00500000035
v -0.01534622 0.117233761 0.00500000035
v -0.00686098263 0.116917461 0.00500000035
v -0.0156446472 0.117086358 0.00500000035
v -0.015953403 0.117003977 0.00500000035
v -0.006555617 0.116823271 0.00500000035
v -0.006255964 0.116789959 0.00500000035
v -0.005955253 0.116811723 0.00500000035
v -0.00564649142 0.116894111 0.00500000035
v -0.005348066 0.117041506 0.00500000035
v -0.00508016348 0.117250711 0.00500000035
v 0.0009952523 0.1160733 0.00500000035
v -0.004860811 0.117510371 0.00500000035
v -0.004702052 0.117802911 0.00500000035
v 0.00155540183 0.114454031 0.00500000035
v -0.000383839 0.119265042 0.00500000035
v 0.00202994421 0.112827912 0.00500000035
v -0.00460786 0.118108273 0.00500000035
v -0.00457454845 0.118407927 0.00500000035
v -0.00459631532 0.11870864 0.00500000035
v -0.00467869826 0.1190174 0.00500000035
v -0.00210457481 0.122349352 0.00500000035
v -0.004826095 0.119315825 0.00500000035
v -0.00503530353 0.119583733 0.00500000035
v -0.00529496372 0.119803086 0.00500000035
v -0.00558750145 0.119961843 0.00500000035
v -0.005892869 0.120056033 0.00500000035
v -0.00619252026 0.120089345 0.00500000035
v -0.006493233 0.120067582 0.00500000035
v 0.00272778049 0.109580025 0.00500000035
v 0.0011536181 0.103295013 0.00500000035
v 0.00310519338 0.106376007 0.00500000035
v 0.00318558514 0.103255935 0.00500000035
v 0.002985306 0.100141264 0.00500000035
v 0.00248500332 0.09695412 0.00500000035
v 0.000793740153 0.09330008 0.00500000035
v 0.00166281685 0.0937354639 0.00500000035
v 0.00050413236 0.09053225 0.00500000035
v -0.00561206043 0.0895892754 0.00500000035
v -0.00587171875 0.08980862 0.00500000035
v -0.005402852 0.08932137 0.00500000035
v -0.005255455 0.08902294 0.00500000035
v -0.00616425835 0.0899673849 0.00500000035
v -0.0009966418 0.08739589 0.00500000035
v -0.006469626 0.0900615752 0.00500000035
v -0.005173072 0.08871418 0.00500000035
v -0.00676927529 0.09009489 0.00500000035
v -0.00515130535 0.08841347 0.00500000035
v -0.005184617 0.0881138146 0.00500000035
v -0.005278809 0.08780845 0.00500000035
v -0.00283467956 0.08438001 0.00500000035
v -0.005437568 0.08751591 0.00500000035
v -0.00565692037 0.08725625 0.00500000035
v -0.005924821 0.08704704 0.00500000035
v -0.00622324832 0.08689965 0.00500000035
v -0.004994003 0.08153783 0.00500000035
v -0.00653200969 0.0868172646 0.00500000035
v -0.006832719 0.0867955 0.00500000035
v -0.00713237375 0.08682881 0.00500000035
v -0.00743773952 0.086923 0.00500000035
v -0.00744765252 0.07891926 0.00500000035
v -0.00773027726 0.08708176 0.00500000035
v -0.007989939 0.08730111 0.00500000035
v -0.01565507 0.08744851 0.00500000035
v -0.0159229748 0.0872392952 0.00500000035
v -0.01543572 0.08770817 0.00500000035
v -0.008199146 0.08756901 0.00500000035
v -0.015276961 0.08800071 0.00500000035
v -0.008346545 0.0878674462 0.00500000035
v -0.0151827689 0.08830607 0.00500000035
v -0.008428926 0.0881762058 0.00500000035
v -0.0101586133 0.07656809 0.00500000035
v -0.0162214022 0.0870919 0.00500000035
v -0.01653016 0.08700952 0.00500000035
v -0.0151494574 0.0886057243 0.00500000035
v -0.008450694 0.08847691 0.00500000035
v -0.008417381 0.0887765661 0.00500000035
v -0.0151712243 0.08890644 0.00500000035
v -0.008323191 0.08908193 0.00500000035
v -0.0152536072 0.0892152 0.00500000035
v -0.00816443 0.0893744752 0.00500000035
v -0.0154010039 0.08951362 0.00500000035
v -0.007945079 0.0896341354 0.00500000035
v -0.0156102106 0.08978152 0.00500000035
v -0.007677175 0.08984334 0.00500000035
v -0.0158698726 0.0900008753 0.00500000035
v -0.00737874955 0.0899907351 0.00500000035
v -0.0161624141 0.09015964 0.00500000035
v -0.0164677761 0.09025383 0.00500000035
v -0.00706999 0.09007312 0.00500000035
v -0.0167674311 0.09028714 0.00500000035
v -0.0287008081 0.09386723 0.00500000035
v -0.0170681421 0.09026537 0.00500000035
v -0.0173769 0.09018299 0.00500000035
v -0.0246608425 0.09032305 0.00500000035
v -0.0249662064 0.09041724 0.00500000035
v -0.0252658613 0.0904505551 0.00500000035
v -0.0255665723 0.0904287845 0.00500000035
v -0.02587533 0.0903464 0.00500000035
v -0.024368301 0.09016429 0.00500000035
v -0.017675329 0.09003559 0.00500000035
v -0.02410864 0.08994494 0.00500000035
v -0.0179432314 0.08982639 0.00500000035
v -0.023899436 0.0896770358 0.00500000035
v -0.01816258 0.08956672 0.00500000035
v -0.0237520374 0.08937861 0.00500000035
v -0.0183213428 0.08927418 0.00500000035
v -0.0236696564 0.08906985 0.00500000035
v -0.018415533 0.08896882 0.00500000035
v -0.02617376 0.09019901 0.00500000035
v -0.0236478858 0.08876914 0.00500000035
v -0.0184488446 0.088669166 0.00500000035
v -0.0184270777 0.08836845 0.00500000035
v -0.0236812 0.08846948 0.00500000035
v -0.0183446966 0.08805969 0.00500000035
v -0.0237753913 0.08816412 0.00500000035
v -0.018197298 0.08776127 0.00500000035
v -0.023934152 0.08787158 0.00500000035
v -0.0179880932 0.08749336 0.00500000035
v -0.0241535 0.08761191 0.00500000035
v -0.0264416616 0.0899898037 0.00500000035
v -0.01772843 0.0872740149 0.00500000035
v -0.0244214032 0.08740271 0.00500000035
v -0.02666101 0.0897301361 0.00500000035
v -0.02471983 0.087255314 0.00500000035
v -0.026819773 0.0894376 0.00500000035
v -0.0269139633 0.0891322345 0.00500000035
v -0.0269472767 0.08883258 0.00500000035
v -0.0269255079 0.08853187 0.00500000035
v -0.026843125 0.0882231146 0.00500000035
v -0.0266957283 0.08792468 0.00500000035
v -0.0264865234 0.08765678 0.00500000035
v -0.0262268614 0.08743743 0.00500000035
v -0.02593432 0.0872786641 0.00500000035
v -0.0256289579 0.0871844739 0.00500000035
v -0.025329303 0.08715117 0.00500000035
v -0.02502859 0.08717293 0.00500000035
v -0.01743589 0.08711526 0.00500000035
v -0.0161660146 0.07279889 0.00500000035
v -0.0171305276 0.08702106 0.00500000035
v -0.0130817052 0.07451963 0.00500000035
v -0.0168308727 0.08698775 0.00500000035
v -0.0287969355 0.08886815 0.0065
v -0.0287008081 0.09386723 0.008
v -0.0287008081 0.09386723 0.00500000035
v -0.028893061 0.08386907 0.00500000035
v -0.028893061 0.08386907 0.008
v 0.0009859912 0.103298232 0.00725000072
v 0.00117824227 0.11329639 0.009500001
v 0.00117824227 0.11329639 0.00500000035
v 0.000793740153 0.09330008 0.00500000035
v 0.000793740153 0.09330008 0.009500001
v -0.0282201786 0.118862607 0.0065
v -0.028124053 0.123861685 0.008
v -0.028124053 0.123861685 0.00500000035
v -0.0283163041 0.113863528 0.00500000035
v -0.0283163041 0.113863528 0.008
v -0.06400199 0.104547873 0.00725000072
v -0.06419425 0.0945497155 0.009500001
v -0.06419425 0.0945497155 0.00500000035
v -0.063809745 0.114546023 0.00500000035
v -0.063809745 0.114546023 0.009500001
v 0.00168777257 0.113786682 0.0100000007
v -0.004240783 0.117609963 0.0100000007
v -0.00444765 0.117228769 0.0100000007
v -0.004733473 0.116890423 0.0100000007
v -0.005082555 0.116617829 0.0100000007
v -0.005471416 0.11642576 0.0100000007
v -0.005873736 0.116318412 0.0100000007
v -0.006265575 0.116290048 0.0100000007
v -0.00411804765 0.118007861 0.0100000007
v -0.006656036 0.116333455 0.0100000007
v 0.003149651 0.116878651 0.0100000007
v 0.00167914852 0.12028195 0.0100000007
v 0.004252918 0.113418147 0.0100000007
v -0.00407464243 0.118398316 0.0100000007
v -0.004103005 0.118790157 0.0100000007
v -0.004210353 0.119192481 0.0100000007
v 0.00499701127 0.109954983 0.0100000007
v -0.000155642629 0.123570696 0.0100000007
v 0.00539943576 0.106538594 0.0100000007
v -0.004402414 0.119581342 0.0100000007
v -0.00467501767 0.119930424 0.0100000007
v -0.00501336157 0.120216243 0.0100000007
v -0.005394552 0.120423108 0.0100000007
v -0.00233988836 0.126687527 0.0100000007
v -0.00579244643 0.120545849 0.0100000007
v -0.006182907 0.120589256 0.0100000007
v -0.006574746 0.120560884 0.0100000007
v -0.004846897 0.129578173 0.0100000007
v -0.00697707 0.120453544 0.0100000007
v 0.00548515841 0.103211723 0.0100000007
v -0.007365929 0.120261475 0.0100000007
v 0.00128404051 0.09279056 0.0100000007
v 0.005271606 0.0998906 0.0100000007
v 0.004738141 0.09649221 0.0100000007
v 0.003861457 0.0930602 0.0100000007
v 0.002625972 0.08964468 0.0100000007
v -0.0150115117 0.12040849 0.0100000007
v -0.00763903372 0.132194459 0.0100000007
v -0.00771501474 0.119988881 0.0100000007
v -0.0153927039 0.120615363 0.0100000007
v -0.0146731678 0.120122679 0.0100000007
v -0.0144005679 0.1197736 0.0100000007
v -0.008000834 0.119650535 0.0100000007
v -0.0142085049 0.119384728 0.0100000007
v -0.008207703 0.119269341 0.0100000007
v -0.0141011588 0.118982404 0.0100000007
v -0.008330438 0.118871443 0.0100000007
v -0.0157906022 0.1207381 0.0100000007
v -0.0140727926 0.118590571 0.0100000007
v -0.00837384351 0.118480988 0.0100000007
v -0.008345481 0.118089147 0.0100000007
v -0.0141162015 0.118200108 0.0100000007
v -0.008238133 0.117686823 0.0100000007
v -0.014238935 0.117802218 0.0100000007
v -0.00804607 0.117297962 0.0100000007
v -0.0144458041 0.117421024 0.0100000007
v -0.00777347 0.11694888 0.0100000007
v -0.0147316232 0.117082678 0.0100000007
v -0.0074351225 0.116663061 0.0100000007
v -0.0150807053 0.116810076 0.0100000007
v -0.007053934 0.116456188 0.0100000007
v -0.0154695679 0.116618015 0.0100000007
v -0.01587189 0.116510667 0.0100000007
v -0.0208080783 0.114219248 0.0100000007
v -0.01626373 0.1164823 0.0100000007
v -0.0166541878 0.11652571 0.0100000007
v -0.0170520842 0.116648443 0.0100000007
v -0.0174332745 0.116855316 0.0100000007
v -0.01777162 0.117141135 0.0100000007
v -0.0180442221 0.117490217 0.0100000007
v -0.0182362869 0.117879078 0.0100000007
v -0.0183436312 0.1182814 0.0100000007
v -0.018372 0.118673235 0.0100000007
v -0.0206158273 0.1242174 0.0100000007
v -0.0183285885 0.1190637 0.0100000007
v -0.018205855 0.119461596 0.0100000007
v -0.0179989841 0.119842783 0.0100000007
v -0.0177131668 0.120181128 0.0100000007
v -0.0173640829 0.12045373 0.0100000007
v -0.01697522 0.120645791 0.0100000007
v -0.0165729 0.120753139 0.0100000007
v -0.016181061 0.1207815 0.0100000007
v -0.0106695984 0.134496912 0.0100000007
v -0.013885377 0.136456788 0.0100000007
v -0.017229626 0.138057023 0.0100000007
v -0.0206451546 0.139292508 0.0100000007
v -0.0240771566 0.1401692 0.0100000007
v -0.027475547 0.140702665 0.0100000007
v -0.03079667 0.140916213 0.0100000007
v -0.0416119434 0.124621131 0.0100000007
v -0.0341235474 0.140830487 0.0100000007
v -0.0375399329 0.140428066 0.0100000007
v -0.0410031 0.139683977 0.0100000007
v -0.0444636 0.13858071 0.0100000007
v -0.0478668958 0.1371102 0.0100000007
v -0.05115564 0.135275409 0.0100000007
v -0.0465673581 0.121329896 0.0100000007
v -0.05427248 0.133091167 0.0100000007
v -0.0461755171 0.121358261 0.0100000007
v -0.045785062 0.121314853 0.0100000007
v -0.0453871638 0.12119212 0.0100000007
v -0.046969682 0.121222548 0.0100000007
v -0.0450059734 0.120985255 0.0100000007
v -0.0473585427 0.121030487 0.0100000007
v -0.0446676277 0.120699435 0.0100000007
v -0.04439503 0.120350346 0.0100000007
v -0.04420296 0.119961485 0.0100000007
v -0.0440956168 0.119559169 0.0100000007
v -0.04406725 0.119167328 0.0100000007
v -0.0418041945 0.11462298 0.0100000007
v -0.04411066 0.118776865 0.0100000007
v -0.0442333929 0.118378974 0.0100000007
v -0.0444402657 0.11799778 0.0100000007
v -0.04472608 0.117659435 0.0100000007
v -0.045075167 0.117386833 0.0100000007
v -0.0454640277 0.117194772 0.0100000007
v -0.0458663478 0.117087424 0.0100000007
v -0.04625819 0.117059052 0.0100000007
v -0.0466486439 0.117102467 0.0100000007
v -0.0558645 0.117279679 0.0100000007
v -0.0643000454 0.115055546 0.0100000007
v -0.0470465422 0.1172252 0.0100000007
v -0.0554621778 0.117387019 0.0100000007
v -0.05507332 0.117579088 0.0100000007
v -0.0474277362 0.117432073 0.0100000007
v -0.0547242351 0.117851689 0.0100000007
v -0.047766082 0.117717892 0.0100000007
v -0.0544384122 0.118190035 0.0100000007
v -0.04803868 0.118066974 0.0100000007
v -0.0542315468 0.118571222 0.0100000007
v -0.0482307449 0.118455835 0.0100000007
v -0.05410881 0.11896912 0.0100000007
v -0.04833809 0.118858159 0.0100000007
v -0.05625634 0.117251307 0.0100000007
v -0.0540654063 0.119359575 0.0100000007
v -0.0483664572 0.119249992 0.0100000007
v -0.0483230464 0.119640455 0.0100000007
v -0.054093767 0.119751416 0.0100000007
v -0.0482003167 0.120038353 0.0100000007
v -0.05420112 0.12015374 0.0100000007
v -0.0479934439 0.120419547 0.0100000007
v -0.05439318 0.1205426 0.0100000007
v -0.0477076247 0.120757885 0.0100000007
v -0.05466578 0.120891683 0.0100000007
v -0.0566468 0.117294721 0.0100000007
v -0.0570446961 0.117417455 0.0100000007
v -0.0574258864 0.11762432 0.0100000007
v -0.0577642322 0.117910139 0.0100000007
v -0.058036834 0.118259221 0.0100000007
v -0.0582288951 0.118648089 0.0100000007
v -0.0550041273 0.1211775 0.0100000007
v -0.058336243 0.119050406 0.0100000007
v -0.05716313 0.130584151 0.0100000007
v -0.0553853139 0.121384375 0.0100000007
v -0.0557832122 0.121507108 0.0100000007
v -0.059779413 0.127792016 0.0100000007
v -0.0561736748 0.121550515 0.0100000007
v -0.056565512 0.121522143 0.0100000007
v -0.0569678321 0.1214148 0.0100000007
v -0.062081866 0.124761455 0.0100000007
v -0.0573566929 0.121222742 0.0100000007
v -0.0577057749 0.12095014 0.0100000007
v -0.0579915978 0.120611794 0.0100000007
v -0.0581984669 0.1202306 0.0100000007
v -0.0640417337 0.12154568 0.0100000007
v -0.0583212 0.119832709 0.0100000007
v -0.0583646074 0.119442247 0.0100000007
v -0.06564198 0.118201427 0.0100000007
v -0.06687746 0.1147859 0.0100000007
v -0.06775415 0.1113539 0.0100000007
v -0.06828761 0.107955508 0.0100000007
v -0.06850116 0.104634382 0.0100000007
v -0.06470378 0.09405942 0.0100000007
v -0.06841544 0.101307511 0.0100000007
v -0.06801301 0.09789112 0.0100000007
v -0.06726892 0.09442796 0.0100000007
v -0.0661656559 0.090967454 0.0100000007
v -0.0588979572 0.089838244 0.0100000007
v -0.0587752238 0.09023614 0.0100000007
v -0.0585683547 0.09061734 0.0100000007
v -0.06469515 0.0875641555 0.0100000007
v -0.05828253 0.09095568 0.0100000007
v -0.0589413643 0.08944779 0.0100000007
v -0.058913 0.08905595 0.0100000007
v -0.058805652 0.0886536241 0.0100000007
v -0.05793345 0.09122828 0.0100000007
v -0.06286036 0.08427541 0.0100000007
v -0.05754459 0.091420345 0.0100000007
v -0.05861359 0.08826476 0.0100000007
v -0.05714227 0.09152769 0.0100000007
v -0.05675043 0.09155606 0.0100000007
v -0.05834099 0.08791568 0.0100000007
v -0.0580026433 0.08762986 0.0100000007
v -0.057621453 0.087423 0.0100000007
v -0.05635997 0.09151265 0.0100000007
v -0.0606761165 0.08115858 0.0100000007
v -0.05722356 0.0873002559 0.0100000007
v -0.0568330958 0.08725685 0.0100000007
v -0.05644126 0.08728522 0.0100000007
v -0.0581691079 0.0782679245 0.0100000007
v -0.0560389347 0.08739256 0.0100000007
v -0.0556500778 0.08758463 0.0100000007
v -0.0422079265 0.09362686 0.0100000007
v -0.0480044931 0.0874376148 0.0100000007
v -0.05530099 0.087857224 0.0100000007
v -0.05537697 0.0756516457 0.0100000007
v -0.04834284 0.08772343 0.0100000007
v -0.0476233 0.08723074 0.0100000007
v -0.05501517 0.08819557 0.0100000007
v -0.048615437 0.08807251 0.0100000007
v -0.0548083037 0.0885767639 0.0100000007
v -0.0488075 0.08846138 0.0100000007
v -0.0546855666 0.08897466 0.0100000007
v -0.048914846 0.0888637 0.0100000007
v -0.0472254 0.08710801 0.0100000007
v -0.0546421632 0.08936512 0.0100000007
v -0.0489432141 0.0892555341 0.0100000007
v -0.0488998033 0.089646 0.0100000007
v -0.0546705239 0.08975696 0.0100000007
v -0.04877707 0.09004389 0.0100000007
v -0.05477787 0.09015928 0.0100000007
v -0.0485702 0.09042508 0.0100000007
v -0.0549699366 0.09054814 0.0100000007
v -0.04828438 0.09076343 0.0100000007
v -0.0552425347 0.0908972248 0.0100000007
v -0.0479353 0.09103603 0.0100000007
v -0.0555808842 0.091183044 0.0100000007
v -0.04754644 0.09122809 0.0100000007
v -0.05596207 0.09138992 0.0100000007
v -0.047144115 0.09133544 0.0100000007
v -0.046752274 0.0913638 0.0100000007
v -0.04636182 0.0913203955 0.0100000007
v -0.04596392 0.09119766 0.0100000007
v -0.04558273 0.09099079 0.0100000007
v -0.0452443846 0.09070497 0.0100000007
v -0.0449717827 0.09035589 0.0100000007
v -0.0447797179 0.08996703 0.0100000007
v -0.0446723737 0.0895647 0.0100000007
v -0.0446440056 0.08917287 0.0100000007
v -0.0424001776 0.08362871 0.0100000007
v -0.0446874164 0.08878241 0.0100000007
v -0.04481015 0.08838451 0.0100000007
v -0.04501702 0.08800332 0.0100000007
v -0.0453028381 0.08766498 0.0100000007
v -0.04565192 0.0873923749 0.0100000007
v -0.0460407846 0.0872003138 0.0100000007
v -0.0464431047 0.0870929658 0.0100000007
v -0.0468349457 0.0870646 0.0100000007
v -0.05234641 0.07334919 0.0100000007
v -0.049130626 0.071389325 0.0100000007
v -0.04578638 0.06978908 0.0100000007
v -0.04237085 0.0685536 0.0100000007
v -0.03893885 0.06767691 0.0100000007
v -0.0355404578 0.06714344 0.0100000007
v -0.0322193354 0.06692989 0.0100000007
v -0.0214040615 0.0832249746 0.0100000007
v -0.0288924575 0.06701562 0.0100000007
v -0.02547607 0.06741804 0.0100000007
v -0.0220129043 0.06816213 0.0100000007
v -0.0185524039 0.0692653954 0.0100000007
v -0.0151491072 0.0707359 0.0100000007
v -0.0118603613 0.0725707 0.0100000007
v -0.0164486468 0.08651621 0.0100000007
v -0.008743526 0.07475494 0.0100000007
v -0.0168404859 0.0864878446 0.0100000007
v -0.0172309428 0.08653125 0.0100000007
v -0.0176288411 0.0866539851 0.0100000007
v -0.0160463247 0.08662356 0.0100000007
v -0.0180100314 0.08686085 0.0100000007
v -0.0156574622 0.08681562 0.0100000007
v -0.0183483772 0.08714667 0.0100000007
v -0.0186209772 0.08749576 0.0100000007
v -0.0188130438 0.08788462 0.0100000007
v -0.0189203881 0.08828694 0.0100000007
v -0.0189487562 0.08867878 0.0100000007
v -0.0212118085 0.0932231247 0.0100000007
v -0.0189053454 0.08906924 0.0100000007
v -0.0187826119 0.08946713 0.0100000007
v -0.01857574 0.0898483247 0.0100000007
v -0.0182899237 0.09018667 0.0100000007
v -0.0179408379 0.09045927 0.0100000007
v -0.0175519772 0.09065133 0.0100000007
v -0.0171496551 0.09075868 0.0100000007
v -0.0167578161 0.09078705 0.0100000007
v -0.01636736 0.09074364 0.0100000007
v -0.007151503 0.09056643 0.0100000007
v -0.006759664 0.0905948 0.0100000007
v -0.00636920333 0.0905513838 0.0100000007
v -0.01596946 0.0906209052 0.0100000007
v -0.007553827 0.090459086 0.0100000007
v -0.0155882686 0.09041403 0.0100000007
v -0.007942686 0.09026702 0.0100000007
v -0.0152499229 0.09012821 0.0100000007
v -0.00829177 0.0899944156 0.0100000007
v -0.0149773248 0.08977913 0.0100000007
v -0.008577591 0.08965607 0.0100000007
v -0.01478526 0.08939027 0.0100000007
v -0.008784458 0.08927488 0.0100000007
v -0.0146779157 0.08898795 0.0100000007
v -0.008907195 0.088876985 0.0100000007
v -0.0146495495 0.08859611 0.0100000007
v -0.0089506 0.08848653 0.0100000007
v -0.008922238 0.08809469 0.0100000007
v -0.0146929584 0.08820565 0.0100000007
v -0.008814888 0.0876923651 0.0100000007
v -0.01481569 0.08780775 0.0100000007
v -0.008622827 0.0873035043 0.0100000007
v -0.015022561 0.08742656 0.0100000007
v -0.008350225 0.08695442 0.0100000007
v -0.0153083783 0.08708822 0.0100000007
v -0.008011879 0.0866686 0.0100000007
v -0.00585287437 0.07726195 0.0100000007
v -0.007630691 0.08646173 0.0100000007
v -0.00723279268 0.086339 0.0100000007
v -0.00323659182 0.08005408 0.0100000007
v -0.006842332 0.08629559 0.0100000007
v -0.006450493 0.08632396 0.0100000007
v -0.00604817271 0.0864313 0.0100000007
v -0.0009341389 0.08308465 0.0100000007
v -0.005659312 0.08662336 0.0100000007
v -0.005310228 0.086895965 0.0100000007
v -0.005024407 0.08723431 0.0100000007
v -0.004817538 0.0876155049 0.0100000007
v 0.00102572516 0.0863004252 0.0100000007
v -0.00469480455 0.0880133957 0.0100000007
v -0.00465139933 0.08840386 0.0100000007
v -0.004679762 0.0887957 0.0100000007
v -0.004787108 0.0891980156 0.0100000007
v -0.004979171 0.0895868838 0.0100000007
v -0.0052517727 0.0899359658 0.0100000007
v -0.00559011847 0.090221785 0.0100000007
v -0.005971309 0.09042865 0.0100000007
v -0.0318973139 0.0836767852 0.009750001
v -0.04189066 0.084119 0.009500001
v -0.0424001776 0.08362871 0.0100000007
v -0.0214040615 0.0832249746 0.0100000007
v -0.0218943544 0.0837345 0.009500001
v -0.0420492925 0.0888729244 0.009750001
v -0.0416984074 0.09411715 0.009500001
v -0.0422079265 0.09362686 0.0100000007
v -0.0424001776 0.08362871 0.0100000007
v -0.04189066 0.084119 0.009500001
v -0.0532010943 0.0940882862 0.009750001
v -0.06419425 0.0945497155 0.009500001
v -0.06470378 0.09405942 0.0100000007
v -0.0422079265 0.09362686 0.0100000007
v -0.0416984074 0.09411715 0.009500001
v -0.01020903 0.09326161 0.009750001
v 0.00128404051 0.09279056 0.0100000007
v 0.000793740153 0.09330008 0.009500001
v -0.0217021015 0.09373265 0.009500001
v -0.0212118085 0.0932231247 0.0100000007
v -0.06425196 0.104552679 0.009750001
v -0.063809745 0.114546023 0.009500001
v -0.0643000454 0.115055546 0.0100000007
v -0.06470378 0.09405942 0.0100000007
v -0.06419425 0.0945497155 0.009500001
v -0.0528069735 0.1145845 0.009750001
v -0.0413139 0.114113458 0.009500001
v -0.0418041945 0.11462298 0.0100000007
v -0.0643000454 0.115055546 0.0100000007
v -0.063809745 0.114546023 0.009500001
v -0.0414629243 0.119367294 0.009750001
v -0.04112165 0.124111608 0.009500001
v -0.0416119434 0.124621131 0.0100000007
v -0.0418041945 0.11462298 0.0100000007
v -0.0413139 0.114113458 0.009500001
v -0.031118691 0.12416932 0.009750001
v -0.0211253464 0.123727106 0.009500001
v -0.0206158273 0.1242174 0.0100000007
v -0.0416119434 0.124621131 0.0100000007
v -0.04112165 0.124111608 0.009500001
v -0.0209667124 0.118973181 0.009750001
v -0.0211253464 0.123727106 0.009500001
v -0.0213175975 0.113728955 0.009500001
v -0.0208080783 0.114219248 0.0100000007
v -0.0206158273 0.1242174 0.0100000007
v -0.009814912 0.113757819 0.009750001
v -0.0213175975 0.113728955 0.009500001
v 0.00117824227 0.11329639 0.009500001
v 0.00168777257 0.113786682 0.0100000007
v -0.0208080783 0.114219248 0.0100000007
v -0.02155308 0.08847881 0.009750001
v -0.0217021015 0.09373265 0.009500001
v -0.0218943544 0.0837345 0.009500001
v -0.0214040615 0.0832249746 0.0100000007
v -0.0212118085 0.0932231247 0.0100000007
v -0.0412177779 0.119112536 0.00875
v -0.04112165 0.124111608 0.008
v -0.04112165 0.124111608 0.009500001
v -0.0413139 0.114113458 0.009500001
v -0.0413139 0.114113458 0.008
v -0.02122147 0.118728027 0.00875
v -0.0213175975 0.113728955 0.008
v -0.0213175975 0.113728955 0.009500001
v -0.0211253464 0.123727106 0.009500001
v -0.0211253464 0.123727106 0.008
v -0.0211253464 0.123727106 0.008
v -0.02438945 0.1204117 0.008
v -0.0240840875 0.120317511 0.008
v -0.0237915441 0.120158747 0.008
v -0.023531884 0.1199394 0.008
v -0.02332268 0.119671494 0.008
v -0.02317528 0.119373068 0.008
v -0.0230929 0.119064309 0.008
v -0.0246891044 0.120445013 0.008
v -0.0230711289 0.118763596 0.008
v -0.028124053 0.123861685 0.008
v -0.0249898173 0.120423242 0.008
v -0.0252985731 0.120340861 0.008
v -0.0213175975 0.113728955 0.008
v -0.0231044441 0.118463941 0.008
v -0.0231986344 0.118158579 0.008
v -0.0255970024 0.120193467 0.008
v -0.0233573969 0.117866039 0.008
v -0.0258649047 0.119984262 0.008
v -0.0235767439 0.117606379 0.008
v -0.0260842554 0.119724594 0.008
v -0.0238446463 0.117397174 0.008
v -0.0262430161 0.119432054 0.008
v -0.0263372064 0.119126692 0.008
v -0.02637052 0.118827038 0.008
v -0.0283163041 0.113863528 0.008
v -0.026348751 0.118526325 0.008
v -0.02626637 0.118217565 0.008
v -0.0241430756 0.117249772 0.008
v -0.0244518332 0.117167391 0.008
v -0.0247525461 0.117145628 0.008
v -0.0261189714 0.11791914 0.008
v -0.025052201 0.117178932 0.008
v -0.0259097666 0.117651239 0.008
v -0.025357563 0.11727313 0.008
v -0.0256501045 0.117431886 0.008
v -0.021798227 0.08873357 0.00875
v -0.0218943544 0.0837345 0.008
v -0.0218943544 0.0837345 0.009500001
v -0.0217021015 0.09373265 0.009500001
v -0.0217021015 0.09373265 0.008
v -0.0217021015 0.09373265 0.008
v -0.0249662064 0.09041724 0.008
v -0.0246608425 0.09032305 0.008
v -0.024368301 0.09016429 0.008
v -0.02410864 0.08994494 0.008
v -0.023899436 0.0896770358 0.008
v -0.0237520374 0.08937861 0.008
v -0.0236696564 0.08906985 0.008
v -0.0252658613 0.0904505551 0.008
v -0.0236478858 0.08876914 0.008
v -0.0287008081 0.09386723 0.008
v -0.0255665723 0.0904287845 0.008
v -0.02587533 0.0903464 0.008
v -0.0218943544 0.0837345 0.008
v -0.0236812 0.08846948 0.008
v -0.0237753913 0.08816412 0.008
v -0.02617376 0.09019901 0.008
v -0.023934152 0.08787158 0.008
v -0.0264416616 0.0899898037 0.008
v -0.0241535 0.08761191 0.008
v -0.02666101 0.0897301361 0.008
v -0.0244214032 0.08740271 0.008
v -0.026819773 0.0894376 0.008
v -0.0269139633 0.0891322345 0.008
v -0.0269472767 0.08883258 0.008
v -0.028893061 0.08386907 0.008
v -0.0269255079 0.08853187 0.008
v -0.026843125 0.0882231146 0.008
v -0.02471983 0.087255314 0.008
v -0.02502859 0.08717293 0.008
v -0.025329303 0.08715117 0.008
v -0.0266957283 0.08792468 0.008
v -0.0256289579 0.0871844739 0.008
v -0.0264865234 0.08765678 0.008
v -0.02593432 0.0872786641 0.008
v -0.0262268614 0.08743743 0.008
v -0.0341229439 0.123977035 0.008
v -0.037387047 0.120661631 0.008
v -0.0370816849 0.120567441 0.008
v -0.0367891453 0.120408677 0.008
v -0.03652948 0.120189324 0.008
v -0.0363202766 0.119921423 0.008
v -0.036172878 0.11962299 0.008
v -0.0360904969 0.119314238 0.008
v -0.0376867019 0.120694935 0.008
v -0.03606873 0.119013526 0.008
v -0.04112165 0.124111608 0.008
v -0.0379874147 0.120673172 0.008
v -0.0382961743 0.120590791 0.008
v -0.0343151949 0.113978878 0.008
v -0.03610204 0.118713871 0.008
v -0.03619623 0.118408509 0.008
v -0.0385946035 0.120443396 0.008
v -0.0363549925 0.118115969 0.008
v -0.0388625041 0.120234191 0.008
v -0.0365743451 0.1178563 0.008
v -0.0390818529 0.119974524 0.008
v -0.0368422456 0.1176471 0.008
v -0.0392406136 0.119681984 0.008
v -0.0393348038 0.119376622 0.008
v -0.03936812 0.119076967 0.008
v -0.0413139 0.114113458 0.008
v -0.03934635 0.118776254 0.008
v -0.0392639674 0.118467495 0.008
v -0.0371406749 0.1174997 0.008
v -0.03744943 0.117417321 0.008
v -0.0377501436 0.11739555 0.008
v -0.03911657 0.118169069 0.008
v -0.0380498 0.117428862 0.008
v -0.038907364 0.117901169 0.008
v -0.03835516 0.117523052 0.008
v -0.0386477038 0.117681816 0.008
v -0.0417945348 0.08911808 0.00875
v -0.0416984074 0.09411715 0.008
v -0.0416984074 0.09411715 0.009500001
v -0.04189066 0.084119 0.009500001
v -0.04189066 0.084119 0.008
v -0.0346997 0.09398258 0.008
v -0.0379638039 0.09066717 0.008
v -0.03765844 0.0905729756 0.008
v -0.0373659 0.09041422 0.008
v -0.03710624 0.0901948661 0.008
v -0.0368970335 0.0899269655 0.008
v -0.0367496349 0.08962854 0.008
v -0.0366672538 0.08931978 0.008
v -0.03826346 0.09070048 0.008
v -0.0366454832 0.08901907 0.008
v -0.0416984074 0.09411715 0.008
v -0.03856417 0.0906787142 0.008
v -0.03887293 0.09059633 0.008
v -0.03489195 0.08398442 0.008
v -0.0366788 0.08871941 0.008
v -0.03677299 0.08841405 0.008
v -0.03917136 0.09044893 0.008
v -0.03693175 0.08812151 0.008
v -0.03943926 0.090239726 0.008
v -0.0371511 0.08786184 0.008
v -0.0396586061 0.0899800658 0.008
v -0.0374190025 0.08765264 0.008
v -0.03981737 0.0896875262 0.008
v -0.03991156 0.0893821642 0.008
v -0.039944876 0.08908251 0.008
v -0.04189066 0.084119 0.008
v -0.0399231054 0.0887818 0.008
v -0.0398407243 0.08847304 0.008
v -0.03771743 0.08750524 0.008
v -0.0380261876 0.08742286 0.008
v -0.0383269 0.08740109 0.008
v -0.0396933258 0.08817461 0.008
v -0.0386265554 0.0874344 0.008
v -0.03948412 0.0879067 0.008
v -0.0389319174 0.0875285938 0.008
v -0.03922446 0.08768736 0.008
v -0.03479583 0.0889835 0.0065
v -0.03489195 0.08398442 0.008
v -0.03489195 0.08398442 0.00500000035
v -0.0346997 0.09398258 0.00500000035
v -0.0346997 0.09398258 0.008
v 0.00128404051 0.09279056 0.0100000007
v 0.00123595074 0.103293426 0.009750001
v 0.000793740153 0.09330008 0.009500001
v 0.00168777257 0.113786682 0.0100000007
v 0.00117824227 0.11329639 0.009500001
v -0.0341229439 0.123977035 0.008
v -0.03421907 0.118977956 0.0065
v -0.0341229439 0.123977035 0.00500000035
v -0.0343151949 0.113978878 0.008
v -0.0343151949 0.113978878 0.00500000035
f 1 2 3
f 2 4 3
f 3 4 5
f 2 6 4
f 4 7 5
f 6 8 4
f 4 8 7
f 6 9 8
f 8 10 7
f 9 11 8
f 8 11 10
f 9 12 11
f 11 13 10
f 12 14 11
f 11 14 13
f 12 15 14
f 14 16 13
f 15 17 14
f 14 17 16
f 15 18 17
f 17 19 16
f 18 20 17
f 17 20 19
f 18 21 20
f 21 22 20
f 20 23 19
f 20 22 23
f 21 24 22
f 22 25 23
f 24 26 22
f 22 27 25
f 26 28 22
f 22 28 27
f 26 29 28
f 29 30 28
f 28 31 27
f 28 30 31
f 29 32 30
f 30 33 31
f 32 34 30
f 30 35 33
f 34 36 30
f 30 36 35
f 34 37 36
f 37 38 36
f 36 39 35
f 36 38 39
f 37 40 38
f 38 41 39
f 40 42 38
f 38 43 41
f 42 44 38
f 44 43 38
f 44 45 43
f 46 47 48
f 47 49 48
f 48 49 50
f 47 51 49
f 49 52 50
f 51 53 49
f 49 53 52
f 51 54 53
f 53 55 52
f 54 56 53
f 53 56 55
f 54 57 56
f 56 58 55
f 57 59 56
f 56 59 58
f 57 60 59
f 59 61 58
f 60 62 59
f 59 62 61
f 60 63 62
f 62 64 61
f 63 65 62
f 62 65 64
f 63 66 65
f 66 67 65
f 65 68 64
f 65 67 68
f 66 69 67
f 67 70 68
f 69 71 67
f 67 72 70
f 71 73 67
f 67 73 72
f 71 74 73
f 74 75 73
f 73 76 72
f 73 75 76
f 74 77 75
f 75 78 76
f 77 79 75
f 75 80 78
f 79 81 75
f 75 81 80
f 79 82 81
f 82 83 81
f 81 84 80
f 81 83 84
f 82 85 83
f 83 86 84
f 85 87 83
f 83 88 86
f 87 89 83
f 89 88 83
f 89 90 88
f 91 92 93
f 92 94 93
f 93 94 95
f 92 96 94
f 94 97 95
f 96 98 94
f 94 98 97
f 96 99 98
f 98 100 97
f 99 101 98
f 98 101 100
f 99 102 101
f 101 103 100
f 102 104 101
f 101 104 103
f 102 105 104
f 104 106 103
f 105 107 104
f 104 107 106
f 105 108 107
f 107 109 106
f 108 110 107
f 107 110 109
f 108 111 110
f 111 112 110
f 110 113 109
f 110 112 113
f 111 114 112
f 112 115 113
f 114 116 112
f 112 117 115
f 116 118 112
f 112 118 117
f 116 119 118
f 119 120 118
f 118 121 117
f 118 120 121
f 119 122 120
f 120 123 121
f 122 124 120
f 120 125 123
f 124 126 120
f 120 126 125
f 124 127 126
f 127 128 126
f 126 129 125
f 126 128 129
f 127 130 128
f 128 131 129
f 130 132 128
f 128 133 131
f 132 134 128
f 134 133 128
f 134 135 133
f 136 137 138
f 137 139 138
f 138 139 140
f 137 141 139
f 139 142 140
f 141 143 139
f 139 143 142
f 141 144 143
f 143 145 142
f 144 146 143
f 143 146 145
f 144 147 146
f 146 148 145
f 147 149 146
f 146 149 148
f 147 150 149
f 149 151 148
f 150 152 149
f 149 152 151
f 150 153 152
f 152 154 151
f 153 155 152
f 152 155 154
f 153 156 155
f 156 157 155
f 155 158 154
f 155 157 158
f 156 159 157
f 157 160 158
f 159 161 157
f 157 162 160
f 161 163 157
f 157 163 162
f 161 164 163
f 164 165 163
f 163 166 162
f 163 165 166
f 164 167 165
f 165 168 166
f 167 169 165
f 165 170 168
f 169 171 165
f 165 171 170
f 169 172 171
f 172 173 171
f 171 174 170
f 171 173 174
f 172 175 173
f 173 176 174
f 175 177 173
f 173 178 176
f 177 179 173
f 179 178 173
f 179 180 178
f 181 182 183
f 182 184 183
f 183 184 185
f 182 186 184
f 184 187 185
f 186 188 184
f 184 188 187
f 186 189 188
f 188 190 187
f 189 191 188
f 188 191 190
f 189 192 191
f 191 193 190
f 192 194 191
f 191 194 193
f 192 195 194
f 194 196 193
f 195 197 194
f 194 197 196
f 195 198 197
f 197 199 196
f 198 200 197
f 197 200 199
f 198 201 200
f 201 202 200
f 200 203 199
f 200 202 203
f 201 204 202
f 202 205 203
f 204 206 202
f 202 207 205
f 206 208 202
f 202 208 207
f 206 209 208
f 209 210 208
f 208 211 207
f 208 210 211
f 209 212 210
f 210 213 211
f 212 214 210
f 210 215 213
f 214 216 210
f 210 216 215
f 214 217 216
f 217 218 216
f 216 219 215
f 216 218 219
f 217 220 218
f 218 221 219
f 220 222 218
f 218 223 221
f 222 224 218
f 224 223 218
f 224 225 223
f 226 227 228
f 227 229 228
f 228 229 230
f 227 231 229
f 229 232 230
f 231 233 229
f 229 233 232
f 231 234 233
f 233 235 232
f 234 236 233
f 233 236 235
f 234 237 236
f 236 238 235
f 237 239 236
f 236 239 238
f 237 240 239
f 239 241 238
f 240 242 239
f 239 242 241
f 240 243 242
f 242 244 241
f 243 245 242
f 242 245 244
f 243 246 245
f 246 247 245
f 245 248 244
f 245 247 248
f 246 249 247
f 247 250 248
f 249 251 247
f 247 252 250
f 251 253 247
f 247 253 252
f 251 254 253
f 254 255 253
f 253 256 252
f 253 255 256
f 254 257 255
f 255 258 256
f 257 259 255
f 255 260 258
f 259 261 255
f 255 261 260
f 259 262 261
f 262 263 261
f 261 264 260
f 261 263 264
f 262 265 263
f 263 266 264
f 265 267 263
f 263 268 266
f 267 269 263
f 269 268 263
f 269 270 268
f 271 272 273
f 272 274 273
f 273 274 275
f 272 276 274
f 274 277 275
f 276 278 274
f 274 278 277
f 276 279 278
f 278 280 277
f 279 281 278
f 278 281 280
f 279 282 281
f 281 283 280
f 282 284 281
f 281 284 283
f 282 285 284
f 284 286 283
f 285 287 284
f 284 287 286
f 285 288 287
f 287 289 286
f 288 290 287
f 287 290 289
f 288 291 290
f 291 292 290
f 290 293 289
f 290 292 293
f 291 294 292
f 292 295 293
f 294 296 292
f 292 297 295
f 296 298 292
f 292 298 297
f 296 299 298
f 299 300 298
f 298 301 297
f 298 300 301
f 299 302 300
f 300 303 301
f 302 304 300
f 300 305 303
f 304 306 300
f 300 306 305
f 304 307 306
f 307 308 306
f 306 309 305
f 306 308 309
f 307 310 308
f 308 311 309
f 310 312 308
f 308 313 311
f 312 314 308
f 314 313 308
f 314 315 313
f 316 317 318
f 317 319 318
f 318 319 320
f 317 321 319
f 319 322 320
f 321 323 319
f 319 323 322
f 321 324 323
f 323 325 322
f 324 326 323
f 323 326 325
f 324 327 326
f 326 328 325
f 327 329 326
f 326 329 328
f 327 330 329
f 329 331 328
f 330 332 329
f 329 332 331
f 330 333 332
f 332 334 331
f 333 335 332
f 332 335 334
f 333 336 335
f 336 337 335
f 335 338 334
f 335 337 338
f 336 339 337
f 337 340 338
f 339 341 337
f 337 342 340
f 341 343 337
f 337 343 342
f 341 344 343
f 344 345 343
f 343 346 342
f 343 345 346
f 344 347 345
f 345 348 346
f 347 349 345
f 345 350 348
f 349 351 345
f 345 351 350
f 349 352 351
f 352 353 351
f 351 354 350
f 351 353 354
f 352 355 353
f 353 356 354
f 355 357 353
f 353 358 356
f 357 359 353
f 359 358 353
f 359 360 358
f 361 362 363
f 361 363 364
f 365 361 364
f 366 364 363
f 367 366 363
f 365 364 368
f 369 365 368
f 370 366 367
f 371 370 367
f 366 372 364
f 372 368 364
f 369 368 373
f 374 369 373
f 375 370 371
f 376 375 371
f 370 377 366
f 377 372 366
f 372 378 368
f 378 373 368
f 374 373 379
f 380 374 379
f 381 375 376
f 382 381 376
f 375 383 370
f 383 377 370
f 377 384 372
f 384 378 372
f 378 385 373
f 385 379 373
f 380 379 386
f 387 380 386
f 388 381 382
f 389 388 382
f 383 390 377
f 390 384 377
f 384 391 378
f 391 385 378
f 385 392 379
f 392 386 379
f 387 386 393
f 394 387 393
f 395 388 389
f 396 395 389
f 395 396 397
f 396 398 397
f 395 397 399
f 400 395 399
f 395 400 388
f 400 399 401
f 400 402 388
f 388 402 381
f 403 400 401
f 400 403 402
f 403 401 404
f 402 405 381
f 381 405 375
f 405 383 375
f 406 403 404
f 406 404 407
f 403 408 402
f 402 408 405
f 403 406 408
f 405 409 383
f 408 409 405
f 409 390 383
f 410 406 407
f 410 407 411
f 406 412 408
f 408 412 409
f 406 410 412
f 409 413 390
f 412 413 409
f 414 410 411
f 414 411 415
f 410 416 412
f 412 416 413
f 410 414 416
f 413 417 390
f 390 417 384
f 417 391 384
f 418 414 415
f 418 415 419
f 418 419 420
f 414 421 416
f 414 418 421
f 416 422 413
f 413 422 417
f 416 421 422
f 417 423 391
f 422 423 417
f 424 418 420
f 424 420 425
f 418 426 421
f 418 424 426
f 421 427 422
f 422 427 423
f 421 426 427
f 423 428 391
f 391 428 385
f 428 392 385
f 429 424 425
f 429 425 430
f 424 431 426
f 424 429 431
f 426 432 427
f 426 431 432
f 427 433 423
f 423 433 428
f 427 432 433
f 428 434 392
f 433 434 428
f 435 429 430
f 435 430 436
f 429 437 431
f 429 435 437
f 431 438 432
f 431 437 438
f 432 439 433
f 433 439 434
f 432 438 439
f 434 440 392
f 392 440 386
f 440 393 386
f 441 435 436
f 441 436 442
f 435 443 437
f 435 441 443
f 437 444 438
f 437 443 444
f 438 445 439
f 438 444 445
f 439 446 434
f 434 446 440
f 439 445 446
f 440 447 393
f 446 447 440
f 448 441 442
f 448 442 449
f 441 450 443
f 441 448 450
f 443 451 444
f 443 450 451
f 444 452 445
f 444 451 452
f 445 453 446
f 446 453 447
f 445 452 453
f 447 454 393
f 394 393 454
f 455 394 454
f 456 455 454
f 453 457 447
f 447 457 454
f 456 454 458
f 457 458 454
f 459 456 458
f 452 460 453
f 453 460 457
f 451 461 452
f 452 461 460
f 459 458 462
f 463 459 462
f 457 464 458
f 460 464 457
f 464 462 458
f 463 462 465
f 466 463 465
f 460 467 464
f 461 467 460
f 464 468 462
f 468 465 462
f 467 468 464
f 451 469 461
f 450 469 451
f 466 465 470
f 471 466 470
f 472 471 470
f 461 473 467
f 469 473 461
f 467 474 468
f 473 474 467
f 468 475 465
f 475 470 465
f 474 475 468
f 450 476 469
f 448 476 450
f 472 470 477
f 478 472 477
f 469 479 473
f 476 479 469
f 473 480 474
f 479 480 473
f 474 481 475
f 480 481 474
f 475 482 470
f 482 477 470
f 481 482 475
f 448 483 476
f 483 448 449
f 483 449 484
f 476 485 479
f 483 485 476
f 486 483 484
f 483 486 485
f 486 484 487
f 486 487 488
f 485 489 479
f 479 489 480
f 480 490 481
f 489 490 480
f 481 491 482
f 490 491 481
f 492 486 488
f 492 488 493
f 486 494 485
f 485 494 489
f 486 492 494
f 489 495 490
f 494 495 489
f 496 492 493
f 496 493 497
f 492 498 494
f 494 498 495
f 492 496 498
f 495 499 490
f 490 499 491
f 491 500 482
f 482 500 477
f 501 496 497
f 501 497 502
f 496 503 498
f 496 501 503
f 498 504 495
f 495 504 499
f 498 503 504
f 499 505 491
f 491 505 500
f 506 477 500
f 478 477 506
f 507 478 506
f 504 508 499
f 499 508 505
f 503 509 504
f 504 509 508
f 501 510 503
f 503 510 509
f 511 500 505
f 511 506 500
f 507 506 512
f 512 506 511
f 513 507 512
f 514 513 512
f 515 505 508
f 515 511 505
f 516 508 509
f 516 515 508
f 514 512 517
f 518 514 517
f 519 512 511
f 519 511 515
f 517 512 519
f 518 517 520
f 521 518 520
f 522 519 515
f 522 515 516
f 523 517 519
f 520 517 523
f 523 519 522
f 524 516 509
f 524 509 510
f 521 520 525
f 526 521 525
f 527 520 523
f 525 520 527
f 528 523 522
f 527 523 528
f 529 522 516
f 529 516 524
f 528 522 529
f 530 524 510
f 531 529 524
f 531 524 530
f 532 528 529
f 532 529 531
f 533 527 528
f 533 528 532
f 534 525 527
f 534 527 533
f 530 510 535
f 501 535 510
f 535 501 502
f 536 535 502
f 536 530 535
f 537 536 502
f 538 531 530
f 538 530 536
f 539 536 537
f 539 538 536
f 540 539 537
f 541 532 531
f 541 531 538
f 542 533 532
f 542 532 541
f 543 539 540
f 544 543 540
f 545 538 539
f 545 541 538
f 543 545 539
f 546 543 544
f 547 546 544
f 548 541 545
f 548 542 541
f 549 545 543
f 546 549 543
f 549 548 545
f 550 533 542
f 550 534 533
f 551 546 547
f 552 551 547
f 553 549 546
f 551 553 546
f 554 548 549
f 553 554 549
f 555 542 548
f 555 550 542
f 554 555 548
f 556 551 552
f 557 556 552
f 558 553 551
f 556 558 551
f 559 554 553
f 558 559 553
f 560 555 554
f 559 560 554
f 561 550 555
f 560 561 555
f 561 562 550
f 562 534 550
f 562 563 534
f 563 525 534
f 526 525 563
f 564 526 563
f 564 563 562
f 526 564 565
f 566 562 561
f 566 564 562
f 564 567 565
f 564 566 567
f 565 567 568
f 569 561 560
f 569 566 561
f 566 570 567
f 566 569 570
f 567 571 568
f 567 570 571
f 568 571 572
f 573 569 560
f 573 560 559
f 569 574 570
f 569 573 574
f 570 575 571
f 570 574 575
f 571 576 572
f 571 575 576
f 572 576 577
f 578 573 559
f 578 559 558
f 573 579 574
f 573 578 579
f 574 580 575
f 574 579 580
f 575 581 576
f 575 580 581
f 576 582 577
f 576 581 582
f 577 582 583
f 584 578 558
f 584 558 556
f 578 585 579
f 578 584 585
f 579 586 580
f 579 585 586
f 580 587 581
f 580 586 587
f 581 588 582
f 581 587 588
f 582 589 583
f 582 588 589
f 583 589 590
f 591 584 556
f 591 556 557
f 584 592 585
f 584 591 592
f 593 591 557
f 591 593 592
f 593 557 594
f 585 595 586
f 585 592 595
f 586 596 587
f 586 595 596
f 587 597 588
f 587 596 597
f 588 598 589
f 588 597 598
f 599 593 594
f 599 594 600
f 592 593 601
f 592 601 595
f 593 599 601
f 595 602 596
f 595 601 602
f 596 603 597
f 596 602 603
f 604 599 600
f 604 600 605
f 601 599 606
f 601 606 602
f 599 604 606
f 607 604 605
f 607 605 608
f 602 606 609
f 602 609 603
f 606 604 610
f 604 607 610
f 606 610 609
f 597 603 611
f 597 611 598
f 612 607 608
f 612 608 613
f 610 607 614
f 607 612 614
f 603 609 615
f 603 615 611
f 609 610 616
f 610 614 616
f 609 616 615
f 617 612 613
f 617 613 618
f 614 612 619
f 612 617 619
f 616 614 620
f 614 619 620
f 615 616 621
f 616 620 621
f 611 615 622
f 615 621 622
f 617 618 623
f 618 624 623
f 617 625 619
f 625 617 623
f 619 626 620
f 625 626 619
f 620 627 621
f 626 627 620
f 624 628 623
f 624 629 628
f 625 623 630
f 623 628 630
f 625 631 626
f 631 625 630
f 629 632 628
f 629 633 632
f 628 634 630
f 628 632 634
f 633 635 632
f 633 636 635
f 627 637 621
f 621 637 622
f 626 638 627
f 631 638 626
f 631 630 639
f 630 634 639
f 632 640 634
f 632 635 640
f 636 641 635
f 636 642 641
f 627 643 637
f 638 643 627
f 631 644 638
f 644 631 639
f 634 645 639
f 634 640 645
f 635 646 640
f 635 641 646
f 642 647 641
f 642 648 647
f 638 649 643
f 644 649 638
f 644 639 650
f 639 645 650
f 640 651 645
f 640 646 651
f 641 652 646
f 641 647 652
f 648 653 647
f 648 654 653
f 644 655 649
f 655 644 650
f 645 656 650
f 645 651 656
f 646 657 651
f 646 652 657
f 647 658 652
f 647 653 658
f 654 659 653
f 654 660 659
f 660 661 659
f 655 650 662
f 650 656 662
f 651 663 656
f 651 657 663
f 652 664 657
f 652 658 664
f 653 665 658
f 653 659 665
f 661 666 659
f 661 667 666
f 656 668 662
f 656 663 668
f 657 669 663
f 657 664 669
f 658 670 664
f 658 665 670
f 659 671 665
f 659 666 671
f 667 672 666
f 667 673 672
f 663 674 668
f 663 669 674
f 664 675 669
f 664 670 675
f 665 676 670
f 665 671 676
f 666 677 671
f 666 672 677
f 673 678 672
f 673 679 678
f 669 680 674
f 669 675 680
f 670 681 675
f 670 676 681
f 671 682 676
f 671 677 682
f 672 683 677
f 672 678 683
f 679 684 678
f 679 685 684
f 675 686 680
f 675 681 686
f 676 687 681
f 676 682 687
f 677 688 682
f 677 683 688
f 678 689 683
f 678 684 689
f 685 690 684
f 685 691 690
f 681 692 686
f 681 687 692
f 682 693 687
f 682 688 693
f 683 694 688
f 683 689 694
f 684 695 689
f 684 690 695
f 691 696 690
f 691 697 696
f 687 698 692
f 687 693 698
f 688 699 693
f 688 694 699
f 689 700 694
f 689 695 700
f 690 701 695
f 690 696 701
f 697 702 696
f 697 703 702
f 703 704 702
f 693 705 698
f 693 699 705
f 694 706 699
f 694 700 706
f 695 707 700
f 695 701 707
f 696 708 701
f 696 702 708
f 704 709 702
f 704 710 709
f 699 711 705
f 699 706 711
f 700 712 706
f 700 707 712
f 701 713 707
f 701 708 713
f 702 714 708
f 702 709 714
f 710 715 709
f 710 716 715
f 706 717 711
f 706 712 717
f 707 718 712
f 707 713 718
f 708 719 713
f 708 714 719
f 709 720 714
f 709 715 720
f 716 721 715
f 716 722 721
f 712 723 717
f 712 718 723
f 713 724 718
f 713 719 724
f 714 725 719
f 714 720 725
f 715 726 720
f 715 721 726
f 718 727 723
f 718 724 727
f 719 728 724
f 719 725 728
f 720 729 725
f 720 726 729
f 724 730 727
f 724 728 730
f 725 731 728
f 725 729 731
f 728 732 730
f 728 731 732
f 721 733 726
f 726 734 729
f 726 733 734
f 729 735 731
f 729 734 735
f 731 736 732
f 731 735 736
f 721 737 733
f 722 737 721
f 722 738 737
f 738 722 739
f 737 740 733
f 738 740 737
f 733 741 734
f 733 740 741
f 734 742 735
f 734 741 742
f 743 738 739
f 743 739 744
f 738 745 740
f 745 738 743
f 740 746 741
f 745 746 740
f 747 743 744
f 747 744 748
f 745 743 749
f 749 743 747
f 750 747 748
f 750 748 751
f 735 742 752
f 735 752 736
f 741 753 742
f 741 746 753
f 745 754 746
f 754 745 749
f 749 747 755
f 755 747 750
f 756 750 751
f 756 751 757
f 742 758 752
f 742 753 758
f 746 759 753
f 754 759 746
f 754 749 760
f 760 749 755
f 755 750 761
f 761 750 756
f 762 756 757
f 762 757 763
f 753 764 758
f 753 759 764
f 754 765 759
f 765 754 760
f 760 755 766
f 766 755 761
f 761 756 767
f 762 767 756
f 759 768 764
f 765 768 759
f 765 760 769
f 769 760 766
f 766 761 770
f 770 761 767
f 765 771 768
f 771 765 769
f 769 766 772
f 772 766 770
f 771 769 773
f 773 769 772
f 762 774 767
f 770 767 775
f 774 775 767
f 772 770 776
f 776 770 775
f 773 772 777
f 777 772 776
f 778 774 762
f 778 762 763
f 779 778 763
f 780 779 763
f 781 774 778
f 779 781 778
f 782 775 774
f 781 782 774
f 783 776 775
f 782 783 775
f 784 779 780
f 785 784 780
f 786 781 779
f 784 786 779
f 787 782 781
f 786 787 781
f 788 784 785
f 789 788 785
f 790 786 784
f 788 790 784
f 791 788 789
f 792 791 789
f 783 793 776
f 793 777 776
f 794 783 782
f 787 794 782
f 795 787 786
f 790 795 786
f 796 790 788
f 791 796 788
f 797 791 792
f 798 797 792
f 799 793 783
f 794 799 783
f 800 794 787
f 795 800 787
f 801 795 790
f 796 801 790
f 802 796 791
f 797 802 791
f 803 797 798
f 804 803 798
f 803 804 805
f 803 806 797
f 806 802 797
f 803 805 807
f 806 803 807
f 807 805 808
f 802 809 796
f 809 801 796
f 801 810 795
f 810 800 795
f 806 811 802
f 811 809 802
f 806 807 812
f 811 806 812
f 807 808 813
f 812 807 813
f 813 808 814
f 809 815 801
f 815 810 801
f 811 816 809
f 816 815 809
f 811 812 817
f 816 811 817
f 812 813 818
f 817 812 818
f 813 814 819
f 818 813 819
f 819 814 820
f 819 820 821
f 821 820 822
f 818 819 823
f 823 819 821
f 817 818 824
f 824 818 823
f 816 817 825
f 825 817 824
f 816 826 815
f 826 816 825
f 821 822 827
f 827 822 828
f 823 821 829
f 829 821 827
f 824 823 830
f 830 823 829
f 825 824 831
f 831 824 830
f 827 828 832
f 832 828 833
f 832 833 834
f 835 832 834
f 836 827 832
f 836 832 835
f 829 827 836
f 837 836 835
f 838 829 836
f 838 836 837
f 830 829 838
f 839 838 837
f 840 830 838
f 840 838 839
f 831 830 840
f 841 840 839
f 842 840 841
f 842 831 840
f 843 842 841
f 844 831 842
f 844 825 831
f 826 825 844
f 845 842 843
f 845 844 842
f 846 845 843
f 847 826 844
f 847 844 845
f 848 845 846
f 848 847 845
f 826 847 849
f 826 849 815
f 815 849 810
f 850 848 846
f 850 846 851
f 847 848 852
f 847 852 849
f 848 850 852
f 849 853 810
f 849 852 853
f 810 853 800
f 854 850 851
f 854 851 855
f 852 850 856
f 852 856 853
f 850 854 856
f 853 857 800
f 853 856 857
f 800 857 794
f 857 799 794
f 856 858 857
f 856 854 858
f 857 858 799
f 859 854 855
f 854 859 858
f 859 855 860
f 858 861 799
f 858 859 861
f 799 861 793
f 862 859 860
f 859 862 861
f 862 860 863
f 861 864 793
f 861 862 864
f 793 864 777
f 865 862 863
f 862 865 864
f 865 863 866
f 864 867 777
f 864 865 867
f 867 773 777
f 868 865 866
f 865 868 867
f 868 866 869
f 870 773 867
f 868 870 867
f 870 771 773
f 868 869 871
f 870 868 871
f 771 870 872
f 870 871 872
f 771 872 768
f 873 871 869
f 872 871 873
f 873 869 874
f 768 872 875
f 875 872 873
f 764 768 875
f 876 873 874
f 875 873 876
f 876 874 877
f 764 875 878
f 878 875 876
f 758 764 878
f 879 876 877
f 878 876 879
f 879 877 880
f 758 878 881
f 881 878 879
f 752 758 881
f 882 879 880
f 881 879 882
f 882 880 883
f 882 883 884
f 752 881 885
f 885 881 882
f 736 752 885
f 886 882 884
f 885 882 886
f 886 884 887
f 736 885 888
f 888 885 886
f 732 736 888
f 889 886 887
f 888 886 889
f 889 887 890
f 732 888 891
f 891 888 889
f 730 732 891
f 892 889 890
f 891 889 892
f 892 890 893
f 892 893 894
f 730 891 895
f 895 891 892
f 727 730 895
f 896 892 894
f 895 892 896
f 896 894 897
f 727 895 898
f 898 895 896
f 723 727 898
f 899 896 897
f 898 896 899
f 899 897 900
f 723 898 901
f 901 898 899
f 717 723 901
f 902 899 900
f 901 899 902
f 902 900 903
f 717 901 904
f 904 901 902
f 711 717 904
f 905 902 903
f 904 902 905
f 905 903 906
f 907 905 906
f 711 904 908
f 908 904 905
f 705 711 908
f 909 905 907
f 908 905 909
f 910 909 907
f 705 908 911
f 911 908 909
f 698 705 911
f 912 909 910
f 911 909 912
f 913 912 910
f 698 911 914
f 914 911 912
f 692 698 914
f 915 912 913
f 914 912 915
f 916 915 913
f 692 914 917
f 917 914 915
f 686 692 917
f 918 915 916
f 917 915 918
f 919 918 916
f 686 917 920
f 920 917 918
f 680 686 920
f 921 918 919
f 920 918 921
f 922 921 919
f 680 920 923
f 923 920 921
f 674 680 923
f 924 921 922
f 923 921 924
f 925 924 922
f 674 923 926
f 926 923 924
f 668 674 926
f 927 924 925
f 926 924 927
f 928 927 925
f 668 926 929
f 929 926 927
f 662 668 929
f 930 927 928
f 930 929 927
f 931 930 928
f 932 662 929
f 930 932 929
f 932 655 662
f 933 930 931
f 932 930 933
f 933 931 934
f 655 932 935
f 932 933 935
f 655 935 649
f 936 933 934
f 935 933 936
f 936 934 937
f 649 935 938
f 935 936 938
f 649 938 643
f 939 936 937
f 938 936 939
f 939 937 940
f 643 938 941
f 938 939 941
f 643 941 637
f 942 939 940
f 941 939 942
f 942 940 943
f 637 941 944
f 941 942 944
f 637 944 622
f 945 942 943
f 945 944 942
f 945 943 590
f 946 622 944
f 945 946 944
f 611 622 946
f 598 611 946
f 947 945 590
f 947 946 945
f 598 946 947
f 589 947 590
f 589 598 947
f 948 949 950
f 949 951 950
f 949 952 951
f 952 953 951
f 949 954 952
f 954 949 955
f 952 954 956
f 954 955 956
f 957 958 959
f 958 960 959
f 958 961 960
f 959 960 962
f 960 963 962
f 961 964 960
f 960 965 963
f 964 966 960
f 960 966 965
f 964 967 966
f 967 968 966
f 966 969 965
f 966 968 969
f 967 970 968
f 968 971 969
f 970 972 968
f 968 973 971
f 972 974 968
f 968 974 973
f 972 975 974
f 975 976 974
f 974 977 973
f 974 976 977
f 975 978 976
f 976 979 977
f 978 980 976
f 976 981 979
f 980 982 976
f 976 982 981
f 980 983 982
f 982 984 981
f 983 985 982
f 982 985 984
f 983 986 985
f 985 987 984
f 986 988 985
f 985 988 987
f 986 989 988
f 988 990 987
f 989 991 988
f 988 991 990
f 989 992 991
f 991 993 990
f 992 994 991
f 991 994 993
f 992 995 994
f 994 996 993
f 995 997 994
f 994 997 996
f 995 998 997
f 997 999 996
f 998 1000 997
f 1000 999 997
f 1000 1001 999
f 1002 1003 1004
f 1003 1005 1004
f 1003 1006 1005
f 1004 1005 1007
f 1005 1008 1007
f 1006 1009 1005
f 1005 1010 1008
f 1009 1011 1005
f 1005 1011 1010
f 1009 1012 1011
f 1012 1013 1011
f 1011 1014 1010
f 1011 1013 1014
f 1012 1015 1013
f 1013 1016 1014
f 1015 1017 1013
f 1013 1018 1016
f 1017 1019 1013
f 1013 1019 1018
f 1017 1020 1019
f 1020 1021 1019
f 1019 1022 1018
f 1019 1021 1022
f 1020 1023 1021
f 1021 1024 1022
f 1023 1025 1021
f 1021 1026 1024
f 1025 1027 1021
f 1021 1027 1026
f 1025 1028 1027
f 1027 1029 1026
f 1028 1030 1027
f 1027 1030 1029
f 1028 1031 1030
f 1030 1032 1029
f 1031 1033 1030
f 1030 1033 1032
f 1031 1034 1033
f 1033 1035 1032
f 1034 1036 1033
f 1033 1036 1035
f 1034 1037 1036
f 1036 1038 1035
f 1037 1039 1036
f 1036 1039 1038
f 1037 1040 1039
f 1039 1041 1038
f 1040 1042 1039
f 1039 1042 1041
f 1040 1043 1042
f 1042 1044 1041
f 1043 1045 1042
f 1045 1044 1042
f 1045 1046 1044
f 1047 1048 1049
f 1048 1050 1049
f 1048 1051 1050
f 1049 1050 1052
f 1050 1053 1052
f 1051 1054 1050
f 1050 1055 1053
f 1054 1056 1050
f 1050 1056 1055
f 1054 1057 1056
f 1057 1058 1056
f 1056 1059 1055
f 1056 1058 1059
f 1057 1060 1058
f 1058 1061 1059
f 1060 1062 1058
f 1058 1063 1061
f 1062 1064 1058
f 1058 1064 1063
f 1062 1065 1064
f 1065 1066 1064
f 1064 1067 1063
f 1064 1066 1067
f 1065 1068 1066
f 1066 1069 1067
f 1068 1070 1066
f 1066 1071 1069
f 1070 1072 1066
f 1066 1072 1071
f 1070 1073 1072
f 1072 1074 1071
f 1073 1075 1072
f 1072 1075 1074
f 1073 1076 1075
f 1075 1077 1074
f 1076 1078 1075
f 1075 1078 1077
f 1076 1079 1078
f 1078 1080 1077
f 1079 1081 1078
f 1078 1081 1080
f 1079 1082 1081
f 1081 1083 1080
f 1082 1084 1081
f 1081 1084 1083
f 1082 1085 1084
f 1084 1086 1083
f 1085 1087 1084
f 1084 1087 1086
f 1085 1088 1087
f 1087 1089 1086
f 1088 1090 1087
f 1090 1089 1087
f 1090 1091 1089
f 1092 1093 1094
f 1093 1095 1094
f 1093 1096 1095
f 1094 1095 1097
f 1095 1098 1097
f 1096 1099 1095
f 1095 1100 1098
f 1099 1101 1095
f 1095 1101 1100
f 1099 1102 1101
f 1102 1103 1101
f 1101 1104 1100
f 1101 1103 1104
f 1102 1105 1103
f 1103 1106 1104
f 1105 1107 1103
f 1103 1108 1106
f 1107 1109 1103
f 1103 1109 1108
f 1107 1110 1109
f 1110 1111 1109
f 1109 1112 1108
f 1109 1111 1112
f 1110 1113 1111
f 1111 1114 1112
f 1113 1115 1111
f 1111 1116 1114
f 1115 1117 1111
f 1111 1117 1116
f 1115 1118 1117
f 1117 1119 1116
f 1118 1120 1117
f 1117 1120 1119
f 1118 1121 1120
f 1120 1122 1119
f 1121 1123 1120
f 1120 1123 1122
f 1121 1124 1123
f 1123 1125 1122
f 1124 1126 1123
f 1123 1126 1125
f 1124 1127 1126
f 1126 1128 1125
f 1127 1129 1126
f 1126 1129 1128
f 1127 1130 1129
f 1129 1131 1128
f 1130 1132 1129
f 1129 1132 1131
f 1130 1133 1132
f 1132 1134 1131
f 1133 1135 1132
f 1135 1134 1132
f 1135 1136 1134
f 1137 1138 1139
f 1138 1140 1139
f 1138 1141 1140
f 1139 1140 1142
f 1140 1143 1142
f 1141 1144 1140
f 1140 1145 1143
f 1144 1146 1140
f 1140 1146 1145
f 1144 1147 1146
f 1147 1148 1146
f 1146 1149 1145
f 1146 1148 1149
f 1147 1150 1148
f 1148 1151 1149
f 1150 1152 1148
f 1148 1153 1151
f 1152 1154 1148
f 1148 1154 1153
f 1152 1155 1154
f 1155 1156 1154
f 1154 1157 1153
f 1154 1156 1157
f 1155 1158 1156
f 1156 1159 1157
f 1158 1160 1156
f 1156 1161 1159
f 1160 1162 1156
f 1156 1162 1161
f 1160 1163 1162
f 1162 1164 1161
f 1163 1165 1162
f 1162 1165 1164
f 1163 1166 1165
f 1165 1167 1164
f 1166 1168 1165
f 1165 1168 1167
f 1166 1169 1168
f 1168 1170 1167
f 1169 1171 1168
f 1168 1171 1170
f 1169 1172 1171
f 1171 1173 1170
f 1172 1174 1171
f 1171 1174 1173
f 1172 1175 1174
f 1174 1176 1173
f 1175 1177 1174
f 1174 1177 1176
f 1175 1178 1177
f 1177 1179 1176
f 1178 1180 1177
f 1180 1179 1177
f 1180 1181 1179
f 1182 1183 1184
f 1183 1185 1184
f 1183 1186 1185
f 1184 1185 1187
f 1185 1188 1187
f 1186 1189 1185
f 1185 1190 1188
f 1189 1191 1185
f 1185 1191 1190
f 1189 1192 1191
f 1192 1193 1191
f 1191 1194 1190
f 1191 1193 1194
f 1192 1195 1193
f 1193 1196 1194
f 1195 1197 1193
f 1193 1198 1196
f 1197 1199 1193
f 1193 1199 1198
f 1197 1200 1199
f 1200 1201 1199
f 1199 1202 1198
f 1199 1201 1202
f 1200 1203 1201
f 1201 1204 1202
f 1203 1205 1201
f 1201 1206 1204
f 1205 1207 1201
f 1201 1207 1206
f 1205 1208 1207
f 1207 1209 1206
f 1208 1210 1207
f 1207 1210 1209
f 1208 1211 1210
f 1210 1212 1209
f 1211 1213 1210
f 1210 1213 1212
f 1211 1214 1213
f 1213 1215 1212
f 1214 1216 1213
f 1213 1216 1215
f 1214 1217 1216
f 1216 1218 1215
f 1217 1219 1216
f 1216 1219 1218
f 1217 1220 1219
f 1219 1221 1218
f 1220 1222 1219
f 1219 1222 1221
f 1220 1223 1222
f 1222 1224 1221
f 1223 1225 1222
f 1225 1224 1222
f 1225 1226 1224
f 1227 1228 1229
f 1228 1230 1229
f 1228 1231 1230
f 1229 1230 1232
f 1230 1233 1232
f 1231 1234 1230
f 1230 1235 1233
f 1234 1236 1230
f 1230 1236 1235
f 1234 1237 1236
f 1237 1238 1236
f 1236 1239 1235
f 1236 1238 1239
f 1237 1240 1238
f 1238 1241 1239
f 1240 1242 1238
f 1238 1243 1241
f 1242 1244 1238
f 1238 1244 1243
f 1242 1245 1244
f 1245 1246 1244
f 1244 1247 1243
f 1244 1246 1247
f 1245 1248 1246
f 1246 1249 1247
f 1248 1250 1246
f 1246 1251 1249
f 1250 1252 1246
f 1246 1252 1251
f 1250 1253 1252
f 1252 1254 1251
f 1253 1255 1252
f 1252 1255 1254
f 1253 1256 1255
f 1255 1257 1254
f 1256 1258 1255
f 1255 1258 1257
f 1256 1259 1258
f 1258 1260 1257
f 1259 1261 1258
f 1258 1261 1260
f 1259 1262 1261
f 1261 1263 1260
f 1262 1264 1261
f 1261 1264 1263
f 1262 1265 1264
f 1264 1266 1263
f 1265 1267 1264
f 1264 1267 1266
f 1265 1268 1267
f 1267 1269 1266
f 1268 1270 1267
f 1270 1269 1267
f 1270 1271 1269
f 1272 1273 1274
f 1273 1275 1274
f 1273 1276 1275
f 1274 1275 1277
f 1275 1278 1277
f 1276 1279 1275
f 1275 1280 1278
f 1279 1281 1275
f 1275 1281 1280
f 1279 1282 1281
f 1282 1283 1281
f 1281 1284 1280
f 1281 1283 1284
f 1282 1285 1283
f 1283 1286 1284
f 1285 1287 1283
f 1283 1288 1286
f 1287 1289 1283
f 1283 1289 1288
f 1287 1290 1289
f 1290 1291 1289
f 1289 1292 1288
f 1289 1291 1292
f 1290 1293 1291
f 1291 1294 1292
f 1293 1295 1291
f 1291 1296 1294
f 1295 1297 1291
f 1291 1297 1296
f 1295 1298 1297
f 1297 1299 1296
f 1298 1300 1297
f 1297 1300 1299
f 1298 1301 1300
f 1300 1302 1299
f 1301 1303 1300
f 1300 1303 1302
f 1301 1304 1303
f 1303 1305 1302
f 1304 1306 1303
f 1303 1306 1305
f 1304 1307 1306
f 1306 1308 1305
f 1307 1309 1306
f 1306 1309 1308
f 1307 1310 1309
f 1309 1311 1308
f 1310 1312 1309
f 1309 1312 1311
f 1310 1313 1312
f 1312 1314 1311
f 1313 1315 1312
f 1315 1314 1312
f 1315 1316 1314
f 1317 1318 1319
f 1320 1317 1319
f 1317 1320 1321
f 1320 1319 1322
f 1320 1323 1321
f 1324 1320 1322
f 1320 1324 1323
f 1324 1322 1325
f 1324 1326 1323
f 1327 1324 1325
f 1324 1327 1326
f 1327 1325 1328
f 1327 1329 1326
f 1330 1327 1328
f 1327 1330 1329
f 1330 1328 1331
f 1330 1332 1329
f 1333 1330 1331
f 1330 1333 1332
f 1333 1331 1334
f 1333 1335 1332
f 1336 1333 1334
f 1333 1336 1335
f 1336 1334 1337
f 1338 1336 1337
f 1336 1339 1335
f 1336 1338 1339
f 1338 1337 1340
f 1338 1341 1339
f 1338 1340 1342
f 1338 1343 1341
f 1344 1338 1342
f 1338 1344 1343
f 1344 1342 1345
f 1344 1346 1343
f 1347 1344 1345
f 1344 1347 1346
f 1347 1345 1348
f 1347 1349 1346
f 1350 1347 1348
f 1347 1350 1349
f 1350 1348 1351
f 1350 1352 1349
f 1353 1350 1351
f 1350 1353 1352
f 1353 1351 1354
f 1353 1355 1352
f 1356 1353 1354
f 1353 1356 1355
f 1356 1354 1357
f 1356 1358 1355
f 1359 1356 1357
f 1356 1359 1358
f 1359 1357 1360
f 1361 1359 1360
f 1359 1362 1358
f 1359 1361 1362
f 1361 1360 1363
f 1361 1364 1362
f 1361 1363 1365
f 1361 1366 1364
f 1367 1361 1365
f 1361 1367 1366
f 1367 1365 1368
f 1367 1369 1366
f 1370 1367 1368
f 1367 1370 1369
f 1370 1368 1371
f 1370 1372 1369
f 1373 1370 1371
f 1370 1373 1372
f 1373 1371 1374
f 1373 1375 1372
f 1373 1374 1376
f 1375 1373 1376
f 1377 1376 1374
f 1375 1376 1377
f 1378 1377 1374
f 1379 1375 1377
f 1380 1377 1378
f 1379 1377 1380
f 1381 1380 1378
f 1382 1379 1380
f 1383 1380 1381
f 1382 1380 1383
f 1384 1383 1381
f 1385 1382 1383
f 1386 1383 1384
f 1385 1383 1386
f 1387 1386 1384
f 1388 1385 1386
f 1389 1386 1387
f 1388 1386 1389
f 1390 1389 1387
f 1391 1388 1389
f 1392 1389 1390
f 1391 1389 1392
f 1393 1392 1390
f 1394 1391 1392
f 1395 1392 1393
f 1395 1394 1392
f 1396 1395 1393
f 1395 1396 1394
f 1396 1393 1397
f 1396 1398 1394
f 1399 1396 1397
f 1396 1399 1398
f 1399 1397 1400
f 1399 1401 1398
f 1402 1399 1400
f 1399 1402 1401
f 1402 1400 1403
f 1402 1404 1401
f 1405 1402 1403
f 1402 1405 1404
f 1405 1403 1406
f 1405 1407 1404
f 1408 1405 1406
f 1405 1408 1407
f 1408 1406 1409
f 1408 1410 1407
f 1411 1408 1409
f 1408 1411 1410
f 1411 1409 1412
f 1410 1411 1413
f 1411 1412 1413
f 1412 1414 1413
f 1414 1415 1413
f 1413 1415 1416
f 1414 1417 1415
f 1415 1418 1416
f 1417 1419 1415
f 1415 1419 1418
f 1417 1420 1419
f 1419 1421 1418
f 1420 1422 1419
f 1419 1422 1421
f 1420 1423 1422
f 1422 1424 1421
f 1423 1425 1422
f 1422 1425 1424
f 1423 1426 1425
f 1425 1427 1424
f 1426 1428 1425
f 1425 1428 1427
f 1426 1429 1428
f 1428 1430 1427
f 1429 1431 1428
f 1428 1431 1430
f 1429 1432 1431
f 1432 1433 1431
f 1431 1434 1430
f 1431 1433 1434
f 1432 1435 1433
f 1433 1436 1434
f 1435 1437 1433
f 1433 1438 1436
f 1437 1439 1433
f 1433 1439 1438
f 1437 1440 1439
f 1439 1441 1438
f 1440 1442 1439
f 1439 1442 1441
f 1440 1443 1442
f 1442 1444 1441
f 1443 1445 1442
f 1442 1445 1444
f 1443 1446 1445
f 1445 1447 1444
f 1446 1448 1445
f 1445 1448 1447
f 1446 1449 1448
f 1448 1450 1447
f 1449 1451 1448
f 1448 1451 1450
f 1449 1452 1451
f 1451 1453 1450
f 1452 1454 1451
f 1451 1454 1453
f 1452 1455 1454
f 1455 1456 1454
f 1454 1457 1453
f 1454 1456 1457
f 1455 1458 1456
f 1456 1459 1457
f 1458 1460 1456
f 1456 1461 1459
f 1460 1462 1456
f 1456 1462 1461
f 1460 1463 1462
f 1462 1464 1461
f 1463 1465 1462
f 1462 1465 1464
f 1463 1466 1465
f 1465 1467 1464
f 1466 1468 1465
f 1465 1468 1467
f 1466 1469 1468
f 1468 1470 1467
f 1469 1471 1468
f 1468 1471 1470
f 1469 1472 1471
f 1472 1470 1471
f 1472 1469 1473
f 1472 1474 1470
f 1475 1472 1473
f 1472 1475 1474
f 1475 1473 1476
f 1475 1477 1474
f 1478 1475 1476
f 1475 1478 1477
f 1478 1476 1479
f 1478 1480 1477
f 1481 1478 1479
f 1478 1481 1480
f 1481 1479 1482
f 1481 1483 1480
f 1484 1481 1482
f 1481 1484 1483
f 1484 1482 1485
f 1484 1486 1483
f 1487 1484 1485
f 1484 1487 1486
f 1487 1485 1488
f 1487 1489 1486
f 1490 1487 1488
f 1487 1490 1489
f 1490 1488 1491
f 1490 1491 1489
f 1488 1492 1491
f 1493 1489 1491
f 1492 1494 1491
f 1493 1491 1494
f 1492 1495 1494
f 1496 1493 1494
f 1495 1497 1494
f 1496 1494 1497
f 1495 1498 1497
f 1499 1496 1497
f 1498 1500 1497
f 1499 1497 1500
f 1498 1501 1500
f 1502 1499 1500
f 1501 1503 1500
f 1502 1500 1503
f 1501 1504 1503
f 1505 1502 1503
f 1504 1506 1503
f 1505 1503 1506
f 1504 1507 1506
f 1508 1505 1506
f 1507 1508 1506
f 1509 1510 1511
f 1512 1509 1511
f 1509 1512 1513
f 1512 1511 1514
f 1512 1515 1513
f 1516 1512 1514
f 1512 1516 1515
f 1516 1514 1517
f 1516 1518 1515
f 1519 1516 1517
f 1516 1519 1518
f 1519 1517 1520
f 1519 1521 1518
f 1522 1519 1520
f 1519 1522 1521
f 1522 1520 1523
f 1522 1524 1521
f 1525 1522 1523
f 1522 1525 1524
f 1525 1523 1526
f 1525 1527 1524
f 1528 1525 1526
f 1525 1528 1527
f 1528 1526 1529
f 1530 1528 1529
f 1528 1531 1527
f 1528 1530 1531
f 1530 1529 1532
f 1530 1533 1531
f 1530 1532 1534
f 1530 1535 1533
f 1536 1530 1534
f 1530 1536 1535
f 1536 1534 1537
f 1536 1538 1535
f 1539 1536 1537
f 1536 1539 1538
f 1539 1537 1540
f 1539 1541 1538
f 1542 1539 1540
f 1539 1542 1541
f 1542 1540 1543
f 1542 1544 1541
f 1545 1542 1543
f 1542 1545 1544
f 1545 1543 1546
f 1545 1547 1544
f 1548 1545 1546
f 1545 1548 1547
f 1548 1546 1549
f 1548 1550 1547
f 1551 1548 1549
f 1548 1551 1550
f 1551 1549 1552
f 1553 1551 1552
f 1551 1554 1550
f 1551 1553 1554
f 1553 1552 1555
f 1553 1556 1554
f 1553 1555 1557
f 1553 1558 1556
f 1559 1553 1557
f 1553 1559 1558
f 1559 1557 1560
f 1559 1561 1558
f 1562 1559 1560
f 1559 1562 1561
f 1562 1560 1563
f 1562 1564 1561
f 1565 1562 1563
f 1562 1565 1564
f 1565 1563 1566
f 1565 1567 1564
f 1565 1566 1568
f 1567 1565 1568
f 1569 1568 1566
f 1567 1568 1569
f 1570 1569 1566
f 1571 1567 1569
f 1572 1569 1570
f 1571 1569 1572
f 1573 1572 1570
f 1574 1571 1572
f 1575 1572 1573
f 1574 1572 1575
f 1576 1575 1573
f 1577 1574 1575
f 1578 1575 1576
f 1577 1575 1578
f 1579 1578 1576
f 1580 1577 1578
f 1581 1578 1579
f 1580 1578 1581
f 1582 1581 1579
f 1583 1580 1581
f 1584 1581 1582
f 1583 1581 1584
f 1585 1584 1582
f 1586 1583 1584
f 1587 1584 1585
f 1587 1586 1584
f 1588 1587 1585
f 1587 1588 1586
f 1588 1585 1589
f 1588 1590 1586
f 1591 1588 1589
f 1588 1591 1590
f 1591 1589 1592
f 1591 1593 1590
f 1594 1591 1592
f 1591 1594 1593
f 1594 1592 1595
f 1594 1596 1593
f 1597 1594 1595
f 1594 1597 1596
f 1597 1595 1598
f 1597 1599 1596
f 1600 1597 1598
f 1597 1600 1599
f 1600 1598 1601
f 1600 1602 1599
f 1603 1600 1601
f 1600 1603 1602
f 1603 1601 1604
f 1602 1603 1605
f 1603 1604 1605
f 1604 1606 1605
f 1606 1607 1605
f 1605 1607 1608
f 1606 1609 1607
f 1607 1610 1608
f 1609 1611 1607
f 1607 1611 1610
f 1609 1612 1611
f 1611 1613 1610
f 1612 1614 1611
f 1611 1614 1613
f 1612 1615 1614
f 1614 1616 1613
f 1615 1617 1614
f 1614 1617 1616
f 1615 1618 1617
f 1617 1619 1616
f 1618 1620 1617
f 1617 1620 1619
f 1618 1621 1620
f 1620 1622 1619
f 1621 1623 1620
f 1620 1623 1622
f 1621 1624 1623
f 1624 1625 1623
f 1623 1626 1622
f 1623 1625 1626
f 1624 1627 1625
f 1625 1628 1626
f 1627 1629 1625
f 1625 1630 1628
f 1629 1631 1625
f 1625 1631 1630
f 1629 1632 1631
f 1631 1633 1630
f 1632 1634 1631
f 1631 1634 1633
f 1632 1635 1634
f 1634 1636 1633
f 1635 1637 1634
f 1634 1637 1636
f 1635 1638 1637
f 1637 1639 1636
f 1638 1640 1637
f 1637 1640 1639
f 1638 1641 1640
f 1640 1642 1639
f 1641 1643 1640
f 1640 1643 1642
f 1641 1644 1643
f 1643 1645 1642
f 1644 1646 1643
f 1643 1646 1645
f 1644 1647 1646
f 1647 1648 1646
f 1646 1649 1645
f 1646 1648 1649
f 1647 1650 1648
f 1648 1651 1649
f 1650 1652 1648
f 1648 1653 1651
f 1652 1654 1648
f 1648 1654 1653
f 1652 1655 1654
f 1654 1656 1653
f 1655 1657 1654
f 1654 1657 1656
f 1655 1658 1657
f 1657 1659 1656
f 1658 1660 1657
f 1657 1660 1659
f 1658 1661 1660
f 1660 1662 1659
f 1661 1663 1660
f 1660 1663 1662
f 1661 1664 1663
f 1664 1662 1663
f 1664 1661 1665
f 1664 1666 1662
f 1667 1664 1665
f 1664 1667 1666
f 1667 1665 1668
f 1667 1669 1666
f 1670 1667 1668
f 1667 1670 1669
f 1670 1668 1671
f 1670 1672 1669
f 1673 1670 1671
f 1670 1673 1672
f 1673 1671 1674
f 1673 1675 1672
f 1676 1673 1674
f 1673 1676 1675
f 1676 1674 1677
f 1676 1678 1675
f 1679 1676 1677
f 1676 1679 1678
f 1679 1677 1680
f 1679 1681 1678
f 1682 1679 1680
f 1679 1682 1681
f 1682 1680 1683
f 1682 1683 1681
f 1680 1684 1683
f 1685 1681 1683
f 1684 1686 1683
f 1685 1683 1686
f 1684 1687 1686
f 1688 1685 1686
f 1687 1689 1686
f 1688 1686 1689
f 1687 1690 1689
f 1691 1688 1689
f 1690 1692 1689
f 1691 1689 1692
f 1690 1693 1692
f 1694 1691 1692
f 1693 1695 1692
f 1694 1692 1695
f 1693 1696 1695
f 1697 1694 1695
f 1696 1698 1695
f 1697 1695 1698
f 1696 1699 1698
f 1700 1697 1698
f 1699 1700 1698
f 1701 1702 1703
f 1701 1703 1704
f 1705 1701 1704
f 1704 1703 1706
f 1707 1705 1704
f 1708 1704 1706
f 1707 1704 1708
f 1708 1706 1709
f 1710 1707 1708
f 1711 1708 1709
f 1710 1708 1711
f 1711 1709 1712
f 1713 1710 1711
f 1714 1711 1712
f 1713 1711 1714
f 1714 1712 1715
f 1716 1713 1714
f 1717 1714 1715
f 1716 1714 1717
f 1717 1715 1718
f 1719 1716 1717
f 1720 1717 1718
f 1719 1717 1720
f 1720 1718 1721
f 1722 1720 1721
f 1723 1719 1720
f 1723 1720 1722
f 1722 1721 1724
f 1725 1723 1722
f 1726 1722 1724
f 1727 1725 1722
f 1728 1722 1726
f 1727 1722 1728
f 1729 1728 1726
f 1730 1727 1728
f 1731 1728 1729
f 1731 1730 1728
f 1732 1731 1729
f 1731 1732 1730
f 1732 1729 1733
f 1732 1734 1730
f 1735 1732 1733
f 1732 1735 1734
f 1735 1733 1736
f 1735 1737 1734
f 1738 1735 1736
f 1735 1738 1737
f 1738 1736 1739
f 1738 1740 1737
f 1741 1738 1739
f 1738 1741 1740
f 1741 1739 1742
f 1741 1743 1740
f 1744 1741 1742
f 1741 1744 1743
f 1744 1742 1745
f 1744 1746 1743
f 1747 1744 1745
f 1744 1747 1746
f 1747 1745 1748
f 1746 1747 1749
f 1747 1748 1749
f 1748 1750 1749
f 1750 1751 1749
f 1749 1751 1752
f 1750 1753 1751
f 1751 1754 1752
f 1753 1755 1751
f 1751 1755 1754
f 1753 1756 1755
f 1755 1757 1754
f 1756 1758 1755
f 1755 1758 1757
f 1756 1759 1758
f 1758 1760 1757
f 1759 1761 1758
f 1758 1761 1760
f 1759 1762 1761
f 1761 1763 1760
f 1762 1764 1761
f 1761 1764 1763
f 1762 1765 1764
f 1764 1766 1763
f 1765 1767 1764
f 1764 1767 1766
f 1765 1768 1767
f 1768 1769 1767
f 1767 1770 1766
f 1767 1769 1770
f 1768 1771 1769
f 1769 1772 1770
f 1771 1773 1769
f 1769 1774 1772
f 1773 1775 1769
f 1769 1775 1774
f 1773 1776 1775
f 1775 1777 1774
f 1776 1778 1775
f 1775 1778 1777
f 1776 1779 1778
f 1779 1777 1778
f 1780 1779 1776
f 1779 1781 1777
f 1782 1779 1780
f 1779 1782 1781
f 1783 1782 1780
f 1782 1784 1781
f 1785 1782 1783
f 1782 1785 1784
f 1786 1785 1783
f 1785 1787 1784
f 1788 1785 1786
f 1785 1788 1787
f 1789 1788 1786
f 1788 1790 1787
f 1791 1788 1789
f 1788 1791 1790
f 1792 1791 1789
f 1791 1793 1790
f 1794 1791 1792
f 1791 1794 1793
f 1795 1794 1792
f 1794 1796 1793
f 1794 1795 1796
f 1797 1798 1799
f 1797 1799 1800
f 1801 1797 1800
f 1800 1799 1802
f 1803 1801 1800
f 1804 1800 1802
f 1803 1800 1804
f 1804 1802 1805
f 1806 1803 1804
f 1807 1804 1805
f 1806 1804 1807
f 1807 1805 1808
f 1809 1806 1807
f 1810 1807 1808
f 1809 1807 1810
f 1810 1808 1811
f 1812 1809 1810
f 1813 1810 1811
f 1812 1810 1813
f 1813 1811 1814
f 1815 1812 1813
f 1816 1813 1814
f 1815 1813 1816
f 1816 1814 1817
f 1818 1816 1817
f 1819 1815 1816
f 1819 1816 1818
f 1818 1817 1820
f 1821 1819 1818
f 1822 1818 1820
f 1823 1821 1818
f 1824 1818 1822
f 1823 1818 1824
f 1825 1824 1822
f 1826 1823 1824
f 1827 1824 1825
f 1827 1826 1824
f 1828 1827 1825
f 1827 1828 1826
f 1828 1825 1829
f 1828 1830 1826
f 1831 1828 1829
f 1828 1831 1830
f 1831 1829 1832
f 1831 1833 1830
f 1834 1831 1832
f 1831 1834 1833
f 1834 1832 1835
f 1834 1836 1833
f 1837 1834 1835
f 1834 1837 1836
f 1837 1835 1838
f 1837 1839 1836
f 1840 1837 1838
f 1837 1840 1839
f 1840 1838 1841
f 1840 1842 1839
f 1843 1840 1841
f 1840 1843 1842
f 1843 1841 1844
f 1842 1843 1845
f 1843 1844 1845
f 1844 1846 1845
f 1846 1847 1845
f 1845 1847 1848
f 1846 1849 1847
f 1847 1850 1848
f 1849 1851 1847
f 1847 1851 1850
f 1849 1852 1851
f 1851 1853 1850
f 1852 1854 1851
f 1851 1854 1853
f 1852 1855 1854
f 1854 1856 1853
f 1855 1857 1854
f 1854 1857 1856
f 1855 1858 1857
f 1857 1859 1856
f 1858 1860 1857
f 1857 1860 1859
f 1858 1861 1860
f 1860 1862 1859
f 1861 1863 1860
f 1860 1863 1862
f 1861 1864 1863
f 1864 1865 1863
f 1863 1866 1862
f 1863 1865 1866
f 1864 1867 1865
f 1865 1868 1866
f 1867 1869 1865
f 1865 1870 1868
f 1869 1871 1865
f 1865 1871 1870
f 1869 1872 1871
f 1871 1873 1870
f 1872 1874 1871
f 1871 1874 1873
f 1872 1875 1874
f 1875 1873 1874
f 1876 1875 1872
f 1875 1877 1873
f 1878 1875 1876
f 1875 1878 1877
f 1879 1878 1876
f 1878 1880 1877
f 1881 1878 1879
f 1878 1881 1880
f 1882 1881 1879
f 1881 1883 1880
f 1884 1881 1882
f 1881 1884 1883
f 1885 1884 1882
f 1884 1886 1883
f 1887 1884 1885
f 1884 1887 1886
f 1888 1887 1885
f 1887 1889 1886
f 1890 1887 1888
f 1887 1890 1889
f 1891 1890 1888
f 1890 1892 1889
f 1890 1891 1892
f 1893 1894 1895
f 1893 1895 1896
f 1897 1893 1896
f 1896 1895 1898
f 1899 1897 1896
f 1900 1896 1898
f 1899 1896 1900
f 1900 1898 1901
f 1902 1899 1900
f 1903 1900 1901
f 1902 1900 1903
f 1903 1901 1904
f 1905 1902 1903
f 1906 1903 1904
f 1905 1903 1906
f 1906 1904 1907
f 1908 1905 1906
f 1909 1906 1907
f 1908 1906 1909
f 1909 1907 1910
f 1911 1908 1909
f 1912 1909 1910
f 1911 1909 1912
f 1912 1910 1913
f 1914 1912 1913
f 1915 1911 1912
f 1915 1912 1914
f 1914 1913 1916
f 1917 1915 1914
f 1918 1914 1916
f 1919 1917 1914
f 1920 1914 1918
f 1919 1914 1920
f 1921 1920 1918
f 1922 1919 1920
f 1923 1920 1921
f 1923 1922 1920
f 1924 1923 1921
f 1923 1924 1922
f 1924 1921 1925
f 1924 1926 1922
f 1927 1924 1925
f 1924 1927 1926
f 1927 1925 1928
f 1927 1929 1926
f 1930 1927 1928
f 1927 1930 1929
f 1930 1928 1931
f 1930 1932 1929
f 1933 1930 1931
f 1930 1933 1932
f 1933 1931 1934
f 1933 1935 1932
f 1936 1933 1934
f 1933 1936 1935
f 1936 1934 1937
f 1936 1938 1935
f 1939 1936 1937
f 1936 1939 1938
f 1939 1937 1940
f 1938 1939 1941
f 1939 1940 1941
f 1940 1942 1941
f 1942 1943 1941
f 1941 1943 1944
f 1942 1945 1943
f 1943 1946 1944
f 1945 1947 1943
f 1943 1947 1946
f 1945 1948 1947
f 1947 1949 1946
f 1948 1950 1947
f 1947 1950 1949
f 1948 1951 1950
f 1950 1952 1949
f 1951 1953 1950
f 1950 1953 1952
f 1951 1954 1953
f 1953 1955 1952
f 1954 1956 1953
f 1953 1956 1955
f 1954 1957 1956
f 1956 1958 1955
f 1957 1959 1956
f 1956 1959 1958
f 1957 1960 1959
f 1960 1961 1959
f 1959 1962 1958
f 1959 1961 1962
f 1960 1963 1961
f 1961 1964 1962
f 1963 1965 1961
f 1961 1966 1964
f 1965 1967 1961
f 1961 1967 1966
f 1965 1968 1967
f 1967 1969 1966
f 1968 1970 1967
f 1967 1970 1969
f 1968 1971 1970
f 1971 1969 1970
f 1972 1971 1968
f 1971 1973 1969
f 1974 1971 1972
f 1971 1974 1973
f 1975 1974 1972
f 1974 1976 1973
f 1977 1974 1975
f 1974 1977 1976
f 1978 1977 1975
f 1977 1979 1976
f 1980 1977 1978
f 1977 1980 1979
f 1981 1980 1978
f 1980 1982 1979
f 1983 1980 1981
f 1980 1983 1982
f 1984 1983 1981
f 1983 1985 1982
f 1986 1983 1984
f 1983 1986 1985
f 1987 1986 1984
f 1986 1988 1985
f 1986 1987 1988
f 1989 1990 1991
f 1989 1991 1992
f 1993 1989 1992
f 1992 1991 1994
f 1995 1993 1992
f 1996 1992 1994
f 1995 1992 1996
f 1996 1994 1997
f 1998 1995 1996
f 1999 1996 1997
f 1998 1996 1999
f 1999 1997 2000
f 2001 1998 1999
f 2002 1999 2000
f 2001 1999 2002
f 2002 2000 2003
f 2004 2001 2002
f 2005 2002 2003
f 2004 2002 2005
f 2005 2003 2006
f 2007 2004 2005
f 2008 2005 2006
f 2007 2005 2008
f 2008 2006 2009
f 2010 2008 2009
f 2011 2007 2008
f 2011 2008 2010
f 2010 2009 2012
f 2013 2011 2010
f 2014 2010 2012
f 2015 2013 2010
f 2016 2010 2014
f 2015 2010 2016
f 2017 2016 2014
f 2018 2015 2016
f 2019 2016 2017
f 2019 2018 2016
f 2020 2019 2017
f 2019 2020 2018
f 2020 2017 2021
f 2020 2022 2018
f 2023 2020 2021
f 2020 2023 2022
f 2023 2021 2024
f 2023 2025 2022
f 2026 2023 2024
f 2023 2026 2025
f 2026 2024 2027
f 2026 2028 2025
f 2029 2026 2027
f 2026 2029 2028
f 2029 2027 2030
f 2029 2031 2028
f 2032 2029 2030
f 2029 2032 2031
f 2032 2030 2033
f 2032 2034 2031
f 2035 2032 2033
f 2032 2035 2034
f 2035 2033 2036
f 2034 2035 2037
f 2035 2036 2037
f 2036 2038 2037
f 2038 2039 2037
f 2037 2039 2040
f 2038 2041 2039
f 2039 2042 2040
f 2041 2043 2039
f 2039 2043 2042
f 2041 2044 2043
f 2043 2045 2042
f 2044 2046 2043
f 2043 2046 2045
f 2044 2047 2046
f 2046 2048 2045
f 2047 2049 2046
f 2046 2049 2048
f 2047 2050 2049
f 2049 2051 2048
f 2050 2052 2049
f 2049 2052 2051
f 2050 2053 2052
f 2052 2054 2051
f 2053 2055 2052
f 2052 2055 2054
f 2053 2056 2055
f 2056 2057 2055
f 2055 2058 2054
f 2055 2057 2058
f 2056 2059 2057
f 2057 2060 2058
f 2059 2061 2057
f 2057 2062 2060
f 2061 2063 2057
f 2057 2063 2062
f 2061 2064 2063
f 2063 2065 2062
f 2064 2066 2063
f 2063 2066 2065
f 2064 2067 2066
f 2067 2065 2066
f 2068 2067 2064
f 2067 2069 2065
f 2070 2067 2068
f 2067 2070 2069
f 2071 2070 2068
f 2070 2072 2069
f 2073 2070 2071
f 2070 2073 2072
f 2074 2073 2071
f 2073 2075 2072
f 2076 2073 2074
f 2073 2076 2075
f 2077 2076 2074
f 2076 2078 2075
f 2079 2076 2077
f 2076 2079 2078
f 2080 2079 2077
f 2079 2081 2078
f 2082 2079 2080
f 2079 2082 2081
f 2083 2082 2080
f 2082 2084 2081
f 2082 2083 2084
f 2085 2086 2087
f 2085 2087 2088
f 2089 2085 2088
f 2088 2087 2090
f 2091 2089 2088
f 2092 2088 2090
f 2091 2088 2092
f 2092 2090 2093
f 2094 2091 2092
f 2095 2092 2093
f 2094 2092 2095
f 2095 2093 2096
f 2097 2094 2095
f 2098 2095 2096
f 2097 2095 2098
f 2098 2096 2099
f 2100 2097 2098
f 2101 2098 2099
f 2100 2098 2101
f 2101 2099 2102
f 2103 2100 2101
f 2104 2101 2102
f 2103 2101 2104
f 2104 2102 2105
f 2106 2104 2105
f 2107 2103 2104
f 2107 2104 2106
f 2106 2105 2108
f 2109 2107 2106
f 2110 2106 2108
f 2111 2109 2106
f 2112 2106 2110
f 2111 2106 2112
f 2113 2112 2110
f 2114 2111 2112
f 2115 2112 2113
f 2115 2114 2112
f 2116 2115 2113
f 2115 2116 2114
f 2116 2113 2117
f 2116 2118 2114
f 2119 2116 2117
f 2116 2119 2118
f 2119 2117 2120
f 2119 2121 2118
f 2122 2119 2120
f 2119 2122 2121
f 2122 2120 2123
f 2122 2124 2121
f 2125 2122 2123
f 2122 2125 2124
f 2125 2123 2126
f 2125 2127 2124
f 2128 2125 2126
f 2125 2128 2127
f 2128 2126 2129
f 2128 2130 2127
f 2131 2128 2129
f 2128 2131 2130
f 2131 2129 2132
f 2130 2131 2133
f 2131 2132 2133
f 2132 2134 2133
f 2134 2135 2133
f 2133 2135 2136
f 2134 2137 2135
f 2135 2138 2136
f 2137 2139 2135
f 2135 2139 2138
f 2137 2140 2139
f 2139 2141 2138
f 2140 2142 2139
f 2139 2142 2141
f 2140 2143 2142
f 2142 2144 2141
f 2143 2145 2142
f 2142 2145 2144
f 2143 2146 2145
f 2145 2147 2144
f 2146 2148 2145
f 2145 2148 2147
f 2146 2149 2148
f 2148 2150 2147
f 2149 2151 2148
f 2148 2151 2150
f 2149 2152 2151
f 2152 2153 2151
f 2151 2154 2150
f 2151 2153 2154
f 2152 2155 2153
f 2153 2156 2154
f 2155 2157 2153
f 2153 2158 2156
f 2157 2159 2153
f 2153 2159 2158
f 2157 2160 2159
f 2159 2161 2158
f 2160 2162 2159
f 2159 2162 2161
f 2160 2163 2162
f 2163 2161 2162
f 2164 2163 2160
f 2163 2165 2161
f 2166 2163 2164
f 2163 2166 2165
f 2167 2166 2164
f 2166 2168 2165
f 2169 2166 2167
f 2166 2169 2168
f 2170 2169 2167
f 2169 2171 2168
f 2172 2169 2170
f 2169 2172 2171
f 2173 2172 2170
f 2172 2174 2171
f 2175 2172 2173
f 2172 2175 2174
f 2176 2175 2173
f 2175 2177 2174
f 2178 2175 2176
f 2175 2178 2177
f 2179 2178 2176
f 2178 2180 2177
f 2178 2179 2180
f 2181 2182 2183
f 2181 2183 2184
f 2185 2181 2184
f 2184 2183 2186
f 2187 2185 2184
f 2188 2184 2186
f 2187 2184 2188
f 2188 2186 2189
f 2190 2187 2188
f 2191 2188 2189
f 2190 2188 2191
f 2191 2189 2192
f 2193 2190 2191
f 2194 2191 2192
f 2193 2191 2194
f 2194 2192 2195
f 2196 2193 2194
f 2197 2194 2195
f 2196 2194 2197
f 2197 2195 2198
f 2199 2196 2197
f 2200 2197 2198
f 2199 2197 2200
f 2200 2198 2201
f 2202 2200 2201
f 2203 2199 2200
f 2203 2200 2202
f 2202 2201 2204
f 2205 2203 2202
f 2206 2202 2204
f 2207 2205 2202
f 2208 2202 2206
f 2207 2202 2208
f 2209 2208 2206
f 2210 2207 2208
f 2211 2208 2209
f 2211 2210 2208
f 2212 2211 2209
f 2211 2212 2210
f 2212 2209 2213
f 2212 2214 2210
f 2215 2212 2213
f 2212 2215 2214
f 2215 2213 2216
f 2215 2217 2214
f 2218 2215 2216
f 2215 2218 2217
f 2218 2216 2219
f 2218 2220 2217
f 2221 2218 2219
f 2218 2221 2220
f 2221 2219 2222
f 2221 2223 2220
f 2224 2221 2222
f 2221 2224 2223
f 2224 2222 2225
f 2224 2226 2223
f 2227 2224 2225
f 2224 2227 2226
f 2227 2225 2228
f 2226 2227 2229
f 2227 2228 2229
f 2228 2230 2229
f 2230 2231 2229
f 2229 2231 2232
f 2230 2233 2231
f 2231 2234 2232
f 2233 2235 2231
f 2231 2235 2234
f 2233 2236 2235
f 2235 2237 2234
f 2236 2238 2235
f 2235 2238 2237
f 2236 2239 2238
f 2238 2240 2237
f 2239 2241 2238
f 2238 2241 2240
f 2239 2242 2241
f 2241 2243 2240
f 2242 2244 2241
f 2241 2244 2243
f 2242 2245 2244
f 2244 2246 2243
f 2245 2247 2244
f 2244 2247 2246
f 2245 2248 2247
f 2248 2249 2247
f 2247 2250 2246
f 2247 2249 2250
f 2248 2251 2249
f 2249 2252 2250
f 2251 2253 2249
f 2249 2254 2252
f 2253 2255 2249
f 2249 2255 2254
f 2253 2256 2255
f 2255 2257 2254
f 2256 2258 2255
f 2255 2258 2257
f 2256 2259 2258
f 2259 2257 2258
f 2260 2259 2256
f 2259 2261 2257
f 2262 2259 2260
f 2259 2262 2261
f 2263 2262 2260
f 2262 2264 2261
f 2265 2262 2263
f 2262 2265 2264
f 2266 2265 2263
f 2265 2267 2264
f 2268 2265 2266
f 2265 2268 2267
f 2269 2268 2266
f 2268 2270 2267
f 2271 2268 2269
f 2268 2271 2270
f 2272 2271 2269
f 2271 2273 2270
f 2274 2271 2272
f 2271 2274 2273
f 2275 2274 2272
f 2274 2276 2273
f 2274 2275 2276
f 2277 2278 2279
f 2277 2279 2280
f 2281 2277 2280
f 2280 2279 2282
f 2283 2281 2280
f 2284 2280 2282
f 2283 2280 2284
f 2284 2282 2285
f 2286 2283 2284
f 2287 2284 2285
f 2286 2284 2287
f 2287 2285 2288
f 2289 2286 2287
f 2290 2287 2288
f 2289 2287 2290
f 2290 2288 2291
f 2292 2289 2290
f 2293 2290 2291
f 2292 2290 2293
f 2293 2291 2294
f 2295 2292 2293
f 2296 2293 2294
f 2295 2293 2296
f 2296 2294 2297
f 2298 2296 2297
f 2299 2295 2296
f 2299 2296 2298
f 2298 2297 2300
f 2301 2299 2298
f 2302 2298 2300
f 2303 2301 2298
f 2304 2298 2302
f 2303 2298 2304
f 2305 2304 2302
f 2306 2303 2304
f 2307 2304 2305
f 2307 2306 2304
f 2308 2307 2305
f 2307 2308 2306
f 2308 2305 2309
f 2308 2310 2306
f 2311 2308 2309
f 2308 2311 2310
f 2311 2309 2312
f 2311 2313 2310
f 2314 2311 2312
f 2311 2314 2313
f 2314 2312 2315
f 2314 2316 2313
f 2317 2314 2315
f 2314 2317 2316
f 2317 2315 2318
f 2317 2319 2316
f 2320 2317 2318
f 2317 2320 2319
f 2320 2318 2321
f 2320 2322 2319
f 2323 2320 2321
f 2320 2323 2322
f 2323 2321 2324
f 2322 2323 2325
f 2323 2324 2325
f 2324 2326 2325
f 2326 2327 2325
f 2325 2327 2328
f 2326 2329 2327
f 2327 2330 2328
f 2329 2331 2327
f 2327 2331 2330
f 2329 2332 2331
f 2331 2333 2330
f 2332 2334 2331
f 2331 2334 2333
f 2332 2335 2334
f 2334 2336 2333
f 2335 2337 2334
f 2334 2337 2336
f 2335 2338 2337
f 2337 2339 2336
f 2338 2340 2337
f 2337 2340 2339
f 2338 2341 2340
f 2340 2342 2339
f 2341 2343 2340
f 2340 2343 2342
f 2341 2344 2343
f 2344 2345 2343
f 2343 2346 2342
f 2343 2345 2346
f 2344 2347 2345
f 2345 2348 2346
f 2347 2349 2345
f 2345 2350 2348
f 2349 2351 2345
f 2345 2351 2350
f 2349 2352 2351
f 2351 2353 2350
f 2352 2354 2351
f 2351 2354 2353
f 2352 2355 2354
f 2355 2353 2354
f 2356 2355 2352
f 2355 2357 2353
f 2358 2355 2356
f 2355 2358 2357
f 2359 2358 2356
f 2358 2360 2357
f 2361 2358 2359
f 2358 2361 2360
f 2362 2361 2359
f 2361 2363 2360
f 2364 2361 2362
f 2361 2364 2363
f 2365 2364 2362
f 2364 2366 2363
f 2367 2364 2365
f 2364 2367 2366
f 2368 2367 2365
f 2367 2369 2366
f 2370 2367 2368
f 2367 2370 2369
f 2371 2370 2368
f 2370 2372 2369
f 2370 2371 2372
f 2373 2374 2375
f 2373 2375 2376
f 2377 2373 2376
f 2376 2375 2378
f 2379 2377 2376
f 2380 2376 2378
f 2379 2376 2380
f 2380 2378 2381
f 2382 2379 2380
f 2383 2380 2381
f 2382 2380 2383
f 2383 2381 2384
f 2385 2382 2383
f 2386 2383 2384
f 2385 2383 2386
f 2386 2384 2387
f 2388 2385 2386
f 2389 2386 2387
f 2388 2386 2389
f 2389 2387 2390
f 2391 2388 2389
f 2392 2389 2390
f 2391 2389 2392
f 2392 2390 2393
f 2394 2392 2393
f 2395 2391 2392
f 2395 2392 2394
f 2394 2393 2396
f 2397 2395 2394
f 2398 2394 2396
f 2399 2397 2394
f 2400 2394 2398
f 2399 2394 2400
f 2401 2400 2398
f 2402 2399 2400
f 2403 2400 2401
f 2403 2402 2400
f 2404 2403 2401
f 2403 2404 2402
f 2404 2401 2405
f 2404 2406 2402
f 2407 2404 2405
f 2404 2407 2406
f 2407 2405 2408
f 2407 2409 2406
f 2410 2407 2408
f 2407 2410 2409
f 2410 2408 2411
f 2410 2412 2409
f 2413 2410 2411
f 2410 2413 2412
f 2413 2411 2414
f 2413 2415 2412
f 2416 2413 2414
f 2413 2416 2415
f 2416 2414 2417
f 2416 2418 2415
f 2419 2416 2417
f 2416 2419 2418
f 2419 2417 2420
f 2418 2419 2421
f 2419 2420 2421
f 2420 2422 2421
f 2422 2423 2421
f 2421 2423 2424
f 2422 2425 2423
f 2423 2426 2424
f 2425 2427 2423
f 2423 2427 2426
f 2425 2428 2427
f 2427 2429 2426
f 2428 2430 2427
f 2427 2430 2429
f 2428 2431 2430
f 2430 2432 2429
f 2431 2433 2430
f 2430 2433 2432
f 2431 2434 2433
f 2433 2435 2432
f 2434 2436 2433
f 2433 2436 2435
f 2434 2437 2436
f 2436 2438 2435
f 2437 2439 2436
f 2436 2439 2438
f 2437 2440 2439
f 2440 2441 2439
f 2439 2442 2438
f 2439 2441 2442
f 2440 2443 2441
f 2441 2444 2442
f 2443 2445 2441
f 2441 2446 2444
f 2445 2447 2441
f 2441 2447 2446
f 2445 2448 2447
f 2447 2449 2446
f 2448 2450 2447
f 2447 2450 2449
f 2448 2451 2450
f 2451 2449 2450
f 2452 2451 2448
f 2451 2453 2449
f 2454 2451 2452
f 2451 2454 2453
f 2455 2454 2452
f 2454 2456 2453
f 2457 2454 2455
f 2454 2457 2456
f 2458 2457 2455
f 2457 2459 2456
f 2460 2457 2458
f 2457 2460 2459
f 2461 2460 2458
f 2460 2462 2459
f 2463 2460 2461
f 2460 2463 2462
f 2464 2463 2461
f 2463 2465 2462
f 2466 2463 2464
f 2463 2466 2465
f 2467 2466 2464
f 2466 2468 2465
f 2466 2467 2468
f 2469 2470 2471
f 2469 2471 2472
f 2473 2469 2472
f 2472 2471 2474
f 2475 2473 2472
f 2476 2472 2474
f 2475 2472 2476
f 2476 2474 2477
f 2478 2475 2476
f 2479 2476 2477
f 2478 2476 2479
f 2479 2477 2480
f 2481 2478 2479
f 2482 2479 2480
f 2481 2479 2482
f 2482 2480 2483
f 2484 2481 2482
f 2485 2482 2483
f 2484 2482 2485
f 2485 2483 2486
f 2487 2484 2485
f 2488 2485 2486
f 2487 2485 2488
f 2488 2486 2489
f 2490 2488 2489
f 2491 2487 2488
f 2491 2488 2490
f 2490 2489 2492
f 2493 2491 2490
f 2494 2490 2492
f 2495 2493 2490
f 2496 2490 2494
f 2495 2490 2496
f 2497 2496 2494
f 2498 2495 2496
f 2499 2496 2497
f 2499 2498 2496
f 2500 2499 2497
f 2499 2500 2498
f 2500 2497 2501
f 2500 2502 2498
f 2503 2500 2501
f 2500 2503 2502
f 2503 2501 2504
f 2503 2505 2502
f 2506 2503 2504
f 2503 2506 2505
f 2506 2504 2507
f 2506 2508 2505
f 2509 2506 2507
f 2506 2509 2508
f 2509 2507 2510
f 2509 2511 2508
f 2512 2509 2510
f 2509 2512 2511
f 2512 2510 2513
f 2512 2514 2511
f 2515 2512 2513
f 2512 2515 2514
f 2515 2513 2516
f 2514 2515 2517
f 2515 2516 2517
f 2516 2518 2517
f 2518 2519 2517
f 2517 2519 2520
f 2518 2521 2519
f 2519 2522 2520
f 2521 2523 2519
f 2519 2523 2522
f 2521 2524 2523
f 2523 2525 2522
f 2524 2526 2523
f 2523 2526 2525
f 2524 2527 2526
f 2526 2528 2525
f 2527 2529 2526
f 2526 2529 2528
f 2527 2530 2529
f 2529 2531 2528
f 2530 2532 2529
f 2529 2532 2531
f 2530 2533 2532
f 2532 2534 2531
f 2533 2535 2532
f 2532 2535 2534
f 2533 2536 2535
f 2536 2537 2535
f 2535 2538 2534
f 2535 2537 2538
f 2536 2539 2537
f 2537 2540 2538
f 2539 2541 2537
f 2537 2542 2540
f 2541 2543 2537
f 2537 2543 2542
f 2541 2544 2543
f 2543 2545 2542
f 2544 2546 2543
f 2543 2546 2545
f 2544 2547 2546
f 2547 2545 2546
f 2548 2547 2544
f 2547 2549 2545
f 2550 2547 2548
f 2547 2550 2549
f 2551 2550 2548
f 2550 2552 2549
f 2553 2550 2551
f 2550 2553 2552
f 2554 2553 2551
f 2553 2555 2552
f 2556 2553 2554
f 2553 2556 2555
f 2557 2556 2554
f 2556 2558 2555
f 2559 2556 2557
f 2556 2559 2558
f 2560 2559 2557
f 2559 2561 2558
f 2562 2559 2560
f 2559 2562 2561
f 2563 2562 2560
f 2562 2564 2561
f 2562 2563 2564
f 2565 2566 2567
f 2565 2567 2568
f 2569 2565 2568
f 2568 2567 2570
f 2571 2569 2568
f 2572 2568 2570
f 2571 2568 2572
f 2572 2570 2573
f 2574 2571 2572
f 2575 2572 2573
f 2574 2572 2575
f 2575 2573 2576
f 2577 2574 2575
f 2578 2575 2576
f 2577 2575 2578
f 2578 2576 2579
f 2580 2577 2578
f 2581 2578 2579
f 2580 2578 2581
f 2581 2579 2582
f 2583 2580 2581
f 2584 2581 2582
f 2583 2581 2584
f 2584 2582 2585
f 2586 2584 2585
f 2587 2583 2584
f 2587 2584 2586
f 2586 2585 2588
f 2589 2587 2586
f 2590 2586 2588
f 2591 2589 2586
f 2592 2586 2590
f 2591 2586 2592
f 2593 2592 2590
f 2594 2591 2592
f 2595 2592 2593
f 2595 2594 2592
f 2596 2595 2593
f 2595 2596 2594
f 2596 2593 2597
f 2596 2598 2594
f 2599 2596 2597
f 2596 2599 2598
f 2599 2597 2600
f 2599 2601 2598
f 2602 2599 2600
f 2599 2602 2601
f 2602 2600 2603
f 2602 2604 2601
f 2605 2602 2603
f 2602 2605 2604
f 2605 2603 2606
f 2605 2607 2604
f 2608 2605 2606
f 2605 2608 2607
f 2608 2606 2609
f 2608 2610 2607
f 2611 2608 2609
f 2608 2611 2610
f 2611 2609 2612
f 2610 2611 2613
f 2611 2612 2613
f 2612 2614 2613
f 2614 2615 2613
f 2613 2615 2616
f 2614 2617 2615
f 2615 2618 2616
f 2617 2619 2615
f 2615 2619 2618
f 2617 2620 2619
f 2619 2621 2618
f 2620 2622 2619
f 2619 2622 2621
f 2620 2623 2622
f 2622 2624 2621
f 2623 2625 2622
f 2622 2625 2624
f 2623 2626 2625
f 2625 2627 2624
f 2626 2628 2625
f 2625 2628 2627
f 2626 2629 2628
f 2628 2630 2627
f 2629 2631 2628
f 2628 2631 2630
f 2629 2632 2631
f 2632 2633 2631
f 2631 2634 2630
f 2631 2633 2634
f 2632 2635 2633
f 2633 2636 2634
f 2635 2637 2633
f 2633 2638 2636
f 2637 2639 2633
f 2633 2639 2638
f 2637 2640 2639
f 2639 2641 2638
f 2640 2642 2639
f 2639 2642 2641
f 2640 2643 2642
f 2643 2641 2642
f 2644 2643 2640
f 2643 2645 2641
f 2646 2643 2644
f 2643 2646 2645
f 2647 2646 2644
f 2646 2648 2645
f 2649 2646 2647
f 2646 2649 2648
f 2650 2649 2647
f 2649 2651 2648
f 2652 2649 2650
f 2649 2652 2651
f 2653 2652 2650
f 2652 2654 2651
f 2655 2652 2653
f 2652 2655 2654
f 2656 2655 2653
f 2655 2657 2654
f 2658 2655 2656
f 2655 2658 2657
f 2659 2658 2656
f 2658 2660 2657
f 2658 2659 2660
f 2661 2662 2663
f 2661 2663 2664
f 2665 2661 2664
f 2664 2663 2666
f 2667 2665 2664
f 2668 2664 2666
f 2667 2664 2668
f 2668 2666 2669
f 2670 2667 2668
f 2671 2668 2669
f 2670 2668 2671
f 2671 2669 2672
f 2673 2670 2671
f 2674 2671 2672
f 2673 2671 2674
f 2674 2672 2675
f 2676 2673 2674
f 2677 2674 2675
f 2676 2674 2677
f 2677 2675 2678
f 2679 2676 2677
f 2680 2677 2678
f 2679 2677 2680
f 2680 2678 2681
f 2682 2680 2681
f 2683 2679 2680
f 2683 2680 2682
f 2682 2681 2684
f 2685 2683 2682
f 2686 2682 2684
f 2687 2685 2682
f 2688 2682 2686
f 2687 2682 2688
f 2689 2688 2686
f 2690 2687 2688
f 2691 2688 2689
f 2691 2690 2688
f 2692 2691 2689
f 2691 2692 2690
f 2692 2689 2693
f 2692 2694 2690
f 2695 2692 2693
f 2692 2695 2694
f 2695 2693 2696
f 2695 2697 2694
f 2698 2695 2696
f 2695 2698 2697
f 2698 2696 2699
f 2698 2700 2697
f 2701 2698 2699
f 2698 2701 2700
f 2701 2699 2702
f 2701 2703 2700
f 2704 2701 2702
f 2701 2704 2703
f 2704 2702 2705
f 2704 2706 2703
f 2707 2704 2705
f 2704 2707 2706
f 2707 2705 2708
f 2706 2707 2709
f 2707 2708 2709
f 2708 2710 2709
f 2710 2711 2709
f 2709 2711 2712
f 2710 2713 2711
f 2711 2714 2712
f 2713 2715 2711
f 2711 2715 2714
f 2713 2716 2715
f 2715 2717 2714
f 2716 2718 2715
f 2715 2718 2717
f 2716 2719 2718
f 2718 2720 2717
f 2719 2721 2718
f 2718 2721 2720
f 2719 2722 2721
f 2721 2723 2720
f 2722 2724 2721
f 2721 2724 2723
f 2722 2725 2724
f 2724 2726 2723
f 2725 2727 2724
f 2724 2727 2726
f 2725 2728 2727
f 2728 2729 2727
f 2727 2730 2726
f 2727 2729 2730
f 2728 2731 2729
f 2729 2732 2730
f 2731 2733 2729
f 2729 2734 2732
f 2733 2735 2729
f 2729 2735 2734
f 2733 2736 2735
f 2735 2737 2734
f 2736 2738 2735
f 2735 2738 2737
f 2736 2739 2738
f 2739 2737 2738
f 2740 2739 2736
f 2739 2741 2737
f 2742 2739 2740
f 2739 2742 2741
f 2743 2742 2740
f 2742 2744 2741
f 2745 2742 2743
f 2742 2745 2744
f 2746 2745 2743
f 2745 2747 2744
f 2748 2745 2746
f 2745 2748 2747
f 2749 2748 2746
f 2748 2750 2747
f 2751 2748 2749
f 2748 2751 2750
f 2752 2751 2749
f 2751 2753 2750
f 2754 2751 2752
f 2751 2754 2753
f 2755 2754 2752
f 2754 2756 2753
f 2754 2755 2756
f 2757 2758 2759
f 2757 2759 2760
f 2761 2757 2760
f 2760 2759 2762
f 2763 2761 2760
f 2764 2760 2762
f 2763 2760 2764
f 2764 2762 2765
f 2766 2763 2764
f 2767 2764 2765
f 2766 2764 2767
f 2767 2765 2768
f 2769 2766 2767
f 2770 2767 2768
f 2769 2767 2770
f 2770 2768 2771
f 2772 2769 2770
f 2773 2770 2771
f 2772 2770 2773
f 2773 2771 2774
f 2775 2772 2773
f 2776 2773 2774
f 2775 2773 2776
f 2776 2774 2777
f 2778 2776 2777
f 2779 2775 2776
f 2779 2776 2778
f 2778 2777 2780
f 2781 2779 2778
f 2782 2778 2780
f 2783 2781 2778
f 2784 2778 2782
f 2783 2778 2784
f 2785 2784 2782
f 2786 2783 2784
f 2787 2784 2785
f 2787 2786 2784
f 2788 2787 2785
f 2787 2788 2786
f 2788 2785 2789
f 2788 2790 2786
f 2791 2788 2789
f 2788 2791 2790
f 2791 2789 2792
f 2791 2793 2790
f 2794 2791 2792
f 2791 2794 2793
f 2794 2792 2795
f 2794 2796 2793
f 2797 2794 2795
f 2794 2797 2796
f 2797 2795 2798
f 2797 2799 2796
f 2800 2797 2798
f 2797 2800 2799
f 2800 2798 2801
f 2800 2802 2799
f 2803 2800 2801
f 2800 2803 2802
f 2803 2801 2804
f 2802 2803 2805
f 2803 2804 2805
f 2804 2806 2805
f 2806 2807 2805
f 2805 2807 2808
f 2806 2809 2807
f 2807 2810 2808
f 2809 2811 2807
f 2807 2811 2810
f 2809 2812 2811
f 2811 2813 2810
f 2812 2814 2811
f 2811 2814 2813
f 2812 2815 2814
f 2814 2816 2813
f 2815 2817 2814
f 2814 2817 2816
f 2815 2818 2817
f 2817 2819 2816
f 2818 2820 2817
f 2817 2820 2819
f 2818 2821 2820
f 2820 2822 2819
f 2821 2823 2820
f 2820 2823 2822
f 2821 2824 2823
f 2824 2825 2823
f 2823 2826 2822
f 2823 2825 2826
f 2824 2827 2825
f 2825 2828 2826
f 2827 2829 2825
f 2825 2830 2828
f 2829 2831 2825
f 2825 2831 2830
f 2829 2832 2831
f 2831 2833 2830
f 2832 2834 2831
f 2831 2834 2833
f 2832 2835 2834
f 2835 2833 2834
f 2836 2835 2832
f 2835 2837 2833
f 2838 2835 2836
f 2835 2838 2837
f 2839 2838 2836
f 2838 2840 2837
f 2841 2838 2839
f 2838 2841 2840
f 2842 2841 2839
f 2841 2843 2840
f 2844 2841 2842
f 2841 2844 2843
f 2845 2844 2842
f 2844 2846 2843
f 2847 2844 2845
f 2844 2847 2846
f 2848 2847 2845
f 2847 2849 2846
f 2850 2847 2848
f 2847 2850 2849
f 2851 2850 2848
f 2850 2852 2849
f 2850 2851 2852
f 2853 2854 2855
f 2854 2856 2855
f 2854 2857 2856
f 2857 2858 2856
f 2854 2859 2857
f 2859 2854 2860
f 2857 2859 2861
f 2859 2860 2861
f 2862 2863 2864
f 2865 2862 2864
f 2865 2864 2866
f 2867 2865 2866
f 2862 2865 2867
f 2868 2862 2867
f 2869 2870 2871
f 2869 2871 2872
f 2873 2869 2872
f 2873 2872 2874
f 2872 2871 2874
f 2874 2871 2875
f 2876 2877 2878
f 2876 2878 2879
f 2880 2876 2879
f 2880 2879 2881
f 2879 2878 2881
f 2881 2878 2882
f 2883 2884 2885
f 2886 2883 2885
f 2886 2885 2887
f 2888 2886 2887
f 2883 2886 2888
f 2889 2883 2888
f 2890 2891 2892
f 2890 2893 2891
f 2894 2890 2892
f 2895 2894 2892
f 2893 2890 2896
f 2893 2896 2897
f 2890 2898 2896
f 2890 2899 2898
f 2899 2890 2900
f 2890 2901 2900
f 2902 2893 2897
f 2890 2903 2901
f 2902 2897 2904
f 2905 2902 2904
f 2906 2905 2904
f 2906 2904 2907
f 2908 2906 2907
f 2908 2907 2909
f 2910 2908 2909
f 2910 2909 2911
f 2903 2890 2912
f 2913 2910 2911
f 2913 2911 2914
f 2913 2914 2915
f 2916 2913 2915
f 2916 2915 2917
f 2918 2916 2917
f 2918 2917 2919
f 2920 2918 2919
f 2920 2919 2921
f 2922 2920 2921
f 2890 2923 2912
f 2922 2921 2924
f 2925 2922 2924
f 2890 2926 2923
f 2926 2890 2927
f 2890 2928 2927
f 2890 2929 2928
f 2929 2930 2928
f 2931 2925 2924
f 2929 2932 2930
f 2932 2929 2933
f 2929 2934 2933
f 2929 2935 2934
f 2935 2929 2936
f 2929 2937 2936
f 2937 2929 2938
f 2929 2939 2938
f 2931 2924 2940
f 2929 2940 2939
f 2941 2931 2940
f 2941 2940 2929
f 2931 2941 2942
f 2943 2931 2942
f 2944 2941 2929
f 2942 2945 2943
f 2945 2946 2943
f 2945 2947 2946
f 2948 2944 2929
f 2949 2948 2929
f 2950 2949 2929
f 2950 2929 2951
f 2952 2950 2951
f 2945 2953 2947
f 2953 2954 2947
f 2953 2955 2954
f 2952 2951 2956
f 2953 2957 2955
f 2951 2958 2956
f 2957 2959 2955
f 2951 2960 2958
f 2957 2961 2959
f 2961 2957 2962
f 2961 2963 2959
f 2957 2964 2962
f 2963 2965 2959
f 2963 2966 2965
f 2966 2967 2965
f 2966 2968 2967
f 2968 2969 2967
f 2957 2970 2964
f 2968 2971 2969
f 2971 2972 2969
f 2971 2973 2972
f 2973 2971 2974
f 2975 2973 2974
f 2975 2974 2976
f 2977 2975 2976
f 2977 2976 2978
f 2979 2977 2978
f 2979 2978 2980
f 2981 2979 2980
f 2981 2980 2982
f 2983 2981 2982
f 2983 2982 2984
f 2895 2983 2984
f 2895 2984 2985
f 2894 2895 2985
f 2894 2985 2986
f 2894 2986 2987
f 2988 2894 2987
f 2894 2988 2989
f 2894 2989 2990
f 2991 2894 2990
f 2991 2990 2992
f 2991 2992 2993
f 2894 2991 2994
f 2995 2991 2993
f 2894 2994 2996
f 2995 2993 2997
f 2998 2894 2996
f 2894 2998 2999
f 2894 2999 3000
f 3001 2995 2997
f 2995 3001 3002
f 2995 3002 3003
f 3004 2894 3000
f 3005 2995 3003
f 3004 3000 3006
f 3005 3003 3007
f 3004 3006 3008
f 3009 3004 3008
f 3010 3005 3007
f 3005 3010 3011
f 3005 3011 3012
f 3009 3013 3004
f 2970 3005 3012
f 2970 3012 3014
f 3015 2970 3014
f 2970 3015 3016
f 2970 3016 2964
f 3013 3017 3004
f 3004 3017 3018
f 3013 3019 3017
f 3019 3013 3020
f 3021 3004 3018
f 3013 3022 3020
f 3004 3021 3023
f 3022 3024 3020
f 3004 3023 3025
f 3022 3026 3024
f 3026 3022 3027
f 3022 3028 3027
f 3022 3029 3028
f 3029 3030 3028
f 3029 3031 3030
f 3031 3029 3032
f 3029 3033 3032
f 3029 3034 3033
f 3034 3035 3033
f 3034 3036 3035
f 3036 3034 3037
f 3034 3038 3037
f 3034 3039 3038
f 3039 3040 3038
f 3039 3041 3040
f 3042 3041 3039
f 3042 3043 3041
f 3044 3042 3039
f 3042 3045 3043
f 3045 3046 3043
f 3045 3047 3046
f 3047 3048 3046
f 3047 3049 3048
f 3044 3039 3050
f 3051 3044 3050
f 3052 3051 3050
f 3049 3053 3048
f 3049 3054 3053
f 3054 3055 3053
f 3055 3056 3053
f 3055 3057 3056
f 3057 3058 3056
f 3057 3059 3058
f 3059 3060 3058
f 3059 3061 3060
f 3061 3062 3060
f 3061 3063 3062
f 3063 3064 3062
f 3063 3065 3064
f 3065 3066 3064
f 3065 3067 3066
f 3067 3068 3066
f 3067 3004 3068
f 3068 3004 3025
f 3067 3069 3004
f 3069 3070 3004
f 3069 3071 3070
f 3071 3072 3070
f 3070 3072 3073
f 3070 3073 3074
f 3070 3074 3075
f 3076 3070 3075
f 3070 3076 3077
f 3072 3078 3073
f 3072 3079 3078
f 3080 3070 3077
f 3079 3081 3078
f 3079 3082 3081
f 3082 3083 3081
f 3083 3084 3081
f 3083 3085 3084
f 3085 3086 3084
f 3085 3087 3086
f 3087 3088 3086
f 3070 3080 3089
f 3087 3090 3088
f 3090 3091 3088
f 3090 3092 3091
f 3090 3093 3092
f 3093 3094 3092
f 3093 3095 3094
f 3095 3096 3094
f 3095 3097 3096
f 3097 3098 3096
f 3097 3099 3098
f 3099 3100 3098
f 3099 3101 3100
f 3101 3102 3100
f 3102 3101 3103
f 3102 3103 3104
f 3105 3102 3104
f 3102 3105 3106
f 3105 3107 3106
f 3105 3108 3107
f 3108 3105 3109
f 3105 3110 3109
f 3105 3111 3110
f 3111 3105 3112
f 3105 3113 3112
f 3105 3114 3113
f 3114 3105 3115
f 3104 3103 3116
f 3103 3117 3116
f 3105 3104 3118
f 3117 3119 3116
f 3117 3120 3119
f 3120 3052 3119
f 3052 3050 3119
f 3121 3105 3118
f 3105 3121 3122
f 3105 3122 3123
f 3124 3105 3123
f 3125 3124 3123
f 3105 3070 3115
f 3124 3125 3126
f 3070 3127 3115
f 3070 3128 3127
f 3128 3070 3129
f 3070 3089 3129
f 3124 3126 3130
f 3131 3124 3130
f 3132 3124 3131
f 3132 3133 3124
f 3133 3134 3124
f 3134 3135 3124
f 3135 3136 3124
f 3136 3137 3124
f 3137 3138 3124
f 3138 3139 3124
f 3139 3140 3124
f 3140 3141 3124
f 3141 3142 3124
f 3142 3143 3124
f 3142 3144 3143
f 3144 3145 3143
f 3145 3146 3143
f 3146 3147 3143
f 3147 3148 3143
f 3148 3149 3143
f 3149 3150 3143
f 3150 3151 3143
f 3151 3152 3143
f 3152 3153 3143
f 3153 3154 3143
f 3153 3155 3154
f 3156 3143 3154
f 3155 3157 3154
f 3156 3158 3143
f 3155 3159 3157
f 3159 3160 3157
f 3159 3161 3160
f 3161 3162 3160
f 3161 3163 3162
f 3163 3164 3162
f 3163 3165 3164
f 3165 3166 3164
f 3158 3167 3143
f 3165 3168 3166
f 3168 3169 3166
f 3168 3170 3169
f 3170 3168 3171
f 3172 3170 3171
f 3172 3171 3173
f 3174 3172 3173
f 3174 3173 3175
f 3176 3174 3175
f 3176 3175 3177
f 3178 3176 3177
f 3178 3177 3179
f 3180 3178 3179
f 3132 3180 3179
f 3180 3132 3131
f 3180 3131 3181
f 3182 3180 3181
f 3182 3181 3183
f 3184 3182 3183
f 3185 3184 3183
f 3185 3183 3186
f 3187 3185 3186
f 3188 3187 3186
f 3188 3186 3189
f 3190 3188 3189
f 3191 3190 3189
f 3191 3192 3190
f 3193 3191 3189
f 3192 3191 3194
f 3195 3193 3189
f 3196 3192 3194
f 3196 3194 3197
f 3198 3196 3197
f 3198 3197 3199
f 3195 3189 3200
f 3201 3198 3199
f 3201 3199 3202
f 3201 3202 3203
f 3204 3201 3203
f 3204 3203 3205
f 3206 3204 3205
f 3206 3205 3207
f 3208 3206 3207
f 3208 3207 3209
f 3210 3208 3209
f 3210 3209 3211
f 3212 3210 3211
f 3212 3211 3213
f 3214 3212 3213
f 3215 3214 3213
f 3215 3213 3216
f 3167 3215 3216
f 3158 3215 3167
f 3167 3216 3217
f 3218 3167 3217
f 3167 3218 3219
f 3167 3219 3220
f 3221 3167 3220
f 3167 3221 3222
f 3221 3223 3222
f 3223 3224 3222
f 3167 3222 3225
f 3224 3226 3222
f 3227 3167 3225
f 3224 3228 3226
f 3228 3229 3226
f 3229 3230 3226
f 3230 3231 3226
f 3231 3232 3226
f 3231 3233 3232
f 3233 3234 3232
f 3234 3235 3232
f 3235 3236 3232
f 3236 3200 3232
f 3236 3237 3200
f 3237 3238 3200
f 3238 3239 3200
f 3239 3195 3200
f 3167 3227 3240
f 3167 3240 3241
f 3242 3241 3240
f 3241 3242 3243
f 3241 3243 3244
f 3245 3241 3244
f 3246 3167 3241
f 3246 3241 3245
f 3247 3246 3245
f 3247 3248 3246
f 3248 3249 3246
f 3246 3249 3250
f 3248 3251 3249
f 3251 3248 3252
f 3246 3250 3253
f 3248 3254 3252
f 3255 3246 3253
f 3254 3256 3252
f 3246 3255 3257
f 3254 3258 3256
f 3258 3254 3259
f 3254 3260 3259
f 3254 3261 3260
f 3261 3262 3260
f 3261 3263 3262
f 3263 3261 3264
f 3261 3265 3264
f 3261 3266 3265
f 3266 3267 3265
f 3266 3268 3267
f 3268 3266 3269
f 3266 3270 3269
f 3266 3271 3270
f 3271 3272 3270
f 3271 3273 3272
f 3274 3273 3271
f 3275 3274 3271
f 3274 3276 3273
f 3276 3277 3273
f 3276 3278 3277
f 3278 3279 3277
f 3278 3280 3279
f 3280 3281 3279
f 3275 3271 3282
f 3283 3275 3282
f 3284 3283 3282
f 3280 3285 3281
f 3285 3286 3281
f 3285 3287 3286
f 3285 3288 3287
f 3288 3289 3287
f 3288 3290 3289
f 3290 3291 3289
f 3290 3292 3291
f 3292 3293 3291
f 3292 3294 3293
f 3294 3295 3293
f 3294 3296 3295
f 3296 3297 3295
f 3296 3298 3297
f 3298 3299 3297
f 3299 3300 3297
f 3299 3246 3300
f 3246 3257 3300
f 3246 3299 3301
f 3302 3246 3301
f 3302 3301 3303
f 3304 3302 3303
f 3302 3304 3305
f 3302 3305 3306
f 3307 3302 3306
f 3302 3307 3308
f 3302 3308 3309
f 3304 3310 3305
f 3304 3311 3310
f 3311 3312 3310
f 3311 3313 3312
f 3313 3314 3312
f 3313 3315 3314
f 3315 3316 3314
f 3315 3317 3316
f 3317 3318 3316
f 3317 3319 3318
f 3320 3302 3309
f 3319 3321 3318
f 3319 3322 3321
f 3322 3323 3321
f 3323 3324 3321
f 3323 3325 3324
f 3325 3326 3324
f 3325 3327 3326
f 3327 3328 3326
f 3327 3329 3328
f 3329 3330 3328
f 3302 3320 3331
f 3329 3332 3330
f 3332 3333 3330
f 3302 3331 3334
f 3332 3335 3333
f 3336 3302 3334
f 3302 3336 3337
f 3302 3337 3338
f 2951 3302 3338
f 2951 3338 3339
f 3340 2951 3339
f 2951 3340 3341
f 2951 3341 3342
f 3343 2951 3342
f 2951 3343 3344
f 2951 3344 3345
f 3346 2951 3345
f 2951 3346 3347
f 2951 3347 3335
f 2960 2951 3335
f 2960 3335 3348
f 3348 3335 3332
f 3349 2960 3348
f 3348 3350 3349
f 3350 3351 3349
f 3350 3352 3351
f 3352 3284 3351
f 3284 3282 3351
f 3353 3354 3355
f 3353 3355 3356
f 3354 3353 3357
f 3357 3353 3356
f 3358 3359 3360
f 3358 3360 3361
f 3359 3358 3362
f 3362 3358 3361
f 3363 3364 3365
f 3363 3365 3366
f 3364 3363 3367
f 3367 3363 3366
f 3368 3369 3370
f 3368 3370 3371
f 3369 3368 3372
f 3372 3368 3371
f 3373 3374 3375
f 3376 3373 3375
f 3373 3376 3377
f 3373 3377 3378
f 3379 3373 3378
f 3373 3379 3380
f 3373 3381 3374
f 3373 3380 3382
f 3381 3373 3383
f 3381 3383 3384
f 3373 3385 3383
f 3386 3381 3384
f 3387 3386 3384
f 3388 3387 3384
f 3373 3389 3385
f 3388 3384 3390
f 3389 3373 3391
f 3392 3388 3390
f 3393 3392 3390
f 3394 3393 3390
f 3395 3394 3390
f 3395 3390 3396
f 3397 3395 3396
f 3398 3397 3396
f 3399 3398 3396
f 3399 3396 3400
f 3401 3399 3400
f 3373 3402 3391
f 3403 3401 3400
f 3373 3404 3402
f 3404 3405 3402
f 3404 3406 3405
f 3406 3404 3407
f 3404 3408 3407
f 3409 3403 3400
f 3409 3400 3410
f 3403 3409 3411
f 3412 3409 3410
f 3411 3409 3413
f 3411 3413 3414
f 3415 3411 3414
f 3415 3414 3416
f 3417 3415 3416
f 3417 3416 3418
f 3419 3417 3418
f 3420 3412 3410
f 3419 3418 3421
f 3422 3419 3421
f 3423 3422 3421
f 3423 3421 3424
f 3425 3423 3424
f 3425 3424 3426
f 3427 3425 3426
f 3427 3426 3428
f 3429 3427 3428
f 3429 3428 3430
f 3431 3429 3430
f 3431 3430 3432
f 3433 3431 3432
f 3433 3432 3434
f 3382 3433 3434
f 3435 3382 3434
f 3436 3382 3435
f 3436 3373 3382
f 3437 3436 3435
f 3436 3437 3438
f 3436 3438 3439
f 3440 3436 3439
f 3436 3440 3441
f 3436 3441 3442
f 3443 3436 3442
f 3436 3443 3444
f 3436 3444 3445
f 3446 3436 3445
f 3446 3445 3447
f 3448 3446 3447
f 3446 3448 3449
f 3446 3449 3450
f 3451 3446 3450
f 3446 3451 3452
f 3446 3452 3453
f 3454 3446 3453
f 3446 3454 3420
f 3446 3420 3455
f 3455 3420 3410
f 3456 3446 3455
f 3446 3456 3457
f 3446 3457 3458
f 3459 3446 3458
f 3446 3459 3460
f 3446 3460 3461
f 3462 3446 3461
f 3463 3462 3461
f 3462 3463 3464
f 3462 3464 3465
f 3466 3462 3465
f 3462 3466 3467
f 3462 3467 3468
f 3469 3462 3468
f 3469 3468 3470
f 3462 3469 3471
f 3472 3462 3471
f 3462 3472 3473
f 3474 3469 3470
f 3475 3462 3473
f 3476 3474 3470
f 3462 3475 3477
f 3462 3477 3478
f 3479 3462 3478
f 3462 3479 3480
f 3462 3480 3481
f 3482 3462 3481
f 3482 3481 3483
f 3484 3482 3483
f 3482 3484 3485
f 3482 3485 3486
f 3487 3482 3486
f 3482 3487 3488
f 3482 3488 3489
f 3490 3482 3489
f 3482 3490 3491
f 3482 3491 3492
f 3493 3482 3492
f 3491 3494 3492
f 3494 3495 3492
f 3494 3496 3495
f 3494 3497 3496
f 3497 3498 3496
f 3497 3499 3498
f 3499 3500 3498
f 3499 3501 3500
f 3501 3502 3500
f 3501 3503 3502
f 3503 3504 3502
f 3503 3505 3504
f 3493 3492 3506
f 3505 3507 3504
f 3507 3505 3508
f 3507 3508 3509
f 3510 3507 3509
f 3510 3509 3511
f 3512 3510 3511
f 3512 3511 3513
f 3514 3512 3513
f 3514 3513 3515
f 3516 3514 3515
f 3517 3493 3506
f 3516 3515 3476
f 3493 3517 3518
f 3493 3518 3519
f 3520 3493 3519
f 3493 3520 3521
f 3493 3521 3522
f 3523 3516 3476
f 3524 3493 3522
f 3523 3476 3525
f 3525 3476 3470
f 3526 3523 3525
f 3527 3526 3525
f 3527 3525 3528
f 3529 3527 3528
f 3530 3529 3528
f 3531 3530 3528
f 3531 3528 3532
f 3533 3531 3532
f 3534 3533 3532
f 3535 3534 3532
f 3536 3535 3532
f 3536 3532 3537
f 3538 3536 3537
f 3539 3538 3537
f 3524 3539 3537
f 3524 3537 3540
f 3493 3524 3540
f 3493 3540 3541
f 3542 3493 3541
f 3493 3542 3543
f 3493 3543 3544
f 3545 3493 3544
f 3545 3544 3546
f 3547 3545 3546
f 3545 3547 3548
f 3545 3548 3549
f 3550 3545 3549
f 3545 3550 3551
f 3545 3551 3552
f 3550 3549 3553
f 3554 3545 3552
f 3555 3550 3553
f 3556 3555 3553
f 3557 3556 3553
f 3545 3554 3558
f 3557 3553 3559
f 3545 3558 3560
f 3561 3557 3559
f 3562 3545 3560
f 3545 3562 3563
f 3564 3561 3559
f 3565 3564 3559
f 3566 3565 3559
f 3545 3563 3567
f 3566 3559 3568
f 3569 3566 3568
f 3570 3569 3568
f 3571 3570 3568
f 3571 3568 3572
f 3573 3571 3572
f 3574 3573 3572
f 3575 3545 3567
f 3576 3574 3572
f 3574 3576 3577
f 3576 3572 3578
f 3576 3579 3577
f 3580 3576 3578
f 3579 3581 3577
f 3579 3582 3581
f 3582 3583 3581
f 3582 3584 3583
f 3584 3585 3583
f 3584 3586 3585
f 3587 3580 3578
f 3586 3588 3585
f 3586 3589 3588
f 3589 3590 3588
f 3590 3591 3588
f 3590 3592 3591
f 3592 3593 3591
f 3592 3594 3593
f 3594 3595 3593
f 3594 3596 3595
f 3596 3597 3595
f 3596 3598 3597
f 3598 3599 3597
f 3598 3600 3599
f 3600 3601 3599
f 3600 3567 3601
f 3567 3600 3602
f 3575 3567 3602
f 3575 3602 3603
f 3604 3575 3603
f 3575 3604 3605
f 3606 3575 3605
f 3575 3606 3607
f 3575 3607 3608
f 3609 3575 3608
f 3575 3609 3610
f 3575 3610 3611
f 3612 3575 3611
f 3612 3611 3613
f 3612 3613 3614
f 3615 3612 3614
f 3612 3615 3616
f 3612 3616 3617
f 3618 3612 3617
f 3612 3618 3619
f 3612 3619 3620
f 3587 3612 3620
f 3612 3587 3621
f 3587 3578 3621
f 3612 3621 3622
f 3623 3612 3622
f 3612 3623 3624
f 3612 3624 3625
f 3626 3612 3625
f 3626 3627 3612
f 3627 3628 3612
f 3627 3629 3628
f 3629 3630 3628
f 3630 3631 3628
f 3631 3632 3628
f 3632 3633 3628
f 3633 3634 3628
f 3634 3635 3628
f 3634 3636 3635
f 3637 3628 3635
f 3628 3637 3638
f 3628 3638 3639
f 3636 3640 3635
f 3641 3628 3639
f 3636 3642 3640
f 3628 3641 3643
f 3628 3643 3644
f 3645 3628 3644
f 3628 3645 3646
f 3628 3646 3647
f 3648 3628 3647
f 3648 3647 3649
f 3650 3648 3649
f 3648 3650 3651
f 3648 3651 3652
f 3653 3648 3652
f 3648 3653 3654
f 3648 3654 3655
f 3656 3648 3655
f 3648 3656 3657
f 3648 3657 3658
f 3404 3648 3658
f 3404 3658 3659
f 3660 3404 3659
f 3658 3657 3661
f 3662 3658 3661
f 3662 3661 3663
f 3664 3662 3663
f 3664 3663 3665
f 3666 3664 3665
f 3666 3665 3667
f 3668 3666 3667
f 3668 3667 3669
f 3670 3668 3669
f 3670 3669 3671
f 3672 3670 3671
f 3672 3671 3673
f 3674 3672 3673
f 3675 3674 3673
f 3675 3673 3676
f 3677 3675 3676
f 3677 3676 3678
f 3679 3677 3678
f 3679 3678 3680
f 3681 3679 3680
f 3681 3680 3682
f 3683 3681 3682
f 3683 3682 3642
f 3683 3642 3684
f 3684 3642 3636
f 3685 3683 3684
f 3686 3685 3684
f 3686 3684 3687
f 3688 3686 3687
f 3689 3688 3687
f 3690 3689 3687
f 3690 3687 3691
f 3692 3690 3691
f 3693 3692 3691
f 3694 3693 3691
f 3695 3694 3691
f 3695 3691 3696
f 3697 3695 3696
f 3698 3697 3696
f 3699 3698 3696
f 3699 3696 3408
f 3404 3699 3408
f 3699 3404 3700
f 3404 3701 3700
f 3404 3702 3701
f 3702 3404 3703
f 3404 3704 3703
f 3404 3660 3704
f 3705 3706 3707
f 3705 3707 3708
f 3706 3705 3709
f 3709 3705 3708
f 3710 3711 3712
f 3710 3712 3713
f 3711 3710 3714
f 3714 3710 3713
f 3715 3716 3717
f 3715 3717 3718
f 3716 3715 3719
f 3719 3715 3718
f 3720 3721 3722
f 3720 3722 3723
f 3721 3720 3724
f 3724 3720 3723
f 3725 3726 3727
f 3725 3727 3728
f 3726 3725 3729
f 3729 3725 3728
f 3730 3731 3732
f 3730 3732 3733
f 3731 3730 3734
f 3734 3730 3733
f 3735 3736 3737
f 3735 3737 3738
f 3736 3735 3739
f 3739 3735 3738
f 3740 3741 3742
f 3740 3742 3743
f 3741 3740 3744
f 3744 3740 3743
f 3745 3746 3747
f 3748 3745 3747
f 3745 3749 3746
f 3749 3745 3748
f 3750 3751 3752
f 3753 3750 3752
f 3750 3754 3751
f 3754 3750 3753
f 3755 3756 3757
f 3758 3755 3757
f 3755 3759 3756
f 3759 3755 3758
f 3760 3761 3762
f 3760 3762 3763
f 3761 3760 3764
f 3764 3760 3763
f 3765 3766 3767
f 3765 3767 3768
f 3766 3765 3769
f 3769 3765 3768
f 3770 3771 3772
f 3773 3770 3772
f 3770 3773 3774
f 3770 3774 3775
f 3776 3770 3775
f 3770 3776 3777
f 3770 3778 3771
f 3770 3777 3779
f 3770 3780 3778
f 3780 3781 3778
f 3780 3782 3781
f 3783 3770 3779
f 3783 3779 3784
f 3783 3784 3785
f 3782 3780 3786
f 3787 3783 3785
f 3780 3788 3786
f 3783 3787 3789
f 3780 3790 3788
f 3783 3789 3791
f 3790 3780 3792
f 3780 3793 3792
f 3780 3794 3793
f 3780 3795 3794
f 3795 3796 3794
f 3795 3797 3796
f 3798 3783 3791
f 3783 3798 3799
f 3783 3799 3800
f 3795 3783 3800
f 3797 3795 3801
f 3795 3800 3802
f 3795 3803 3801
f 3795 3802 3804
f 3795 3805 3803
f 3805 3795 3804
f 3806 3807 3808
f 3806 3808 3809
f 3807 3806 3810
f 3810 3806 3809
f 3811 3812 3813
f 3814 3811 3813
f 3811 3814 3815
f 3811 3815 3816
f 3817 3811 3816
f 3811 3817 3818
f 3811 3819 3812
f 3811 3818 3820
f 3811 3821 3819
f 3821 3822 3819
f 3821 3823 3822
f 3824 3811 3820
f 3824 3820 3825
f 3824 3825 3826
f 3823 3821 3827
f 3828 3824 3826
f 3821 3829 3827
f 3824 3828 3830
f 3821 3831 3829
f 3824 3830 3832
f 3831 3821 3833
f 3821 3834 3833
f 3821 3835 3834
f 3821 3836 3835
f 3836 3837 3835
f 3836 3838 3837
f 3839 3824 3832
f 3824 3839 3840
f 3824 3840 3841
f 3836 3824 3841
f 3838 3836 3842
f 3836 3841 3843
f 3836 3844 3842
f 3836 3843 3845
f 3836 3846 3844
f 3846 3836 3845
f 3847 3848 3849
f 3850 3847 3849
f 3847 3850 3851
f 3847 3851 3852
f 3853 3847 3852
f 3847 3853 3854
f 3847 3855 3848
f 3847 3854 3856
f 3847 3857 3855
f 3857 3858 3855
f 3857 3859 3858
f 3860 3847 3856
f 3860 3856 3861
f 3860 3861 3862
f 3859 3857 3863
f 3864 3860 3862
f 3857 3865 3863
f 3860 3864 3866
f 3857 3867 3865
f 3860 3866 3868
f 3867 3857 3869
f 3857 3870 3869
f 3857 3871 3870
f 3857 3872 3871
f 3872 3873 3871
f 3872 3874 3873
f 3875 3860 3868
f 3860 3875 3876
f 3860 3876 3877
f 3872 3860 3877
f 3874 3872 3878
f 3872 3877 3879
f 3872 3880 3878
f 3872 3879 3881
f 3872 3882 3880
f 3882 3872 3881
f 3883 3884 3885
f 3883 3885 3886
f 3884 3883 3887
f 3887 3883 3886
f 3888 3889 3890
f 3891 3888 3890
f 3888 3891 3892
f 3888 3892 3893
f 3894 3888 3893
f 3888 3894 3895
f 3888 3896 3889
f 3888 3895 3897
f 3888 3898 3896
f 3898 3899 3896
f 3898 3900 3899
f 3901 3888 3897
f 3901 3897 3902
f 3901 3902 3903
f 3900 3898 3904
f 3905 3901 3903
f 3898 3906 3904
f 3901 3905 3907
f 3898 3908 3906
f 3901 3907 3909
f 3908 3898 3910
f 3898 3911 3910
f 3898 3912 3911
f 3898 3913 3912
f 3913 3914 3912
f 3913 3915 3914
f 3916 3901 3909
f 3901 3916 3917
f 3901 3917 3918
f 3913 3901 3918
f 3915 3913 3919
f 3913 3918 3920
f 3913 3921 3919
f 3913 3920 3922
f 3913 3923 3921
f 3923 3913 3922
f 3924 3925 3926
f 3924 3926 3927
f 3925 3924 3928
f 3928 3924 3927
f 3929 3930 3931
f 3932 3930 3929
f 3930 3933 3931
f 3930 3932 3933
f 3934 3935 3936
f 3937 3935 3934
f 3935 3938 3936
f 3935 3937 3938
