# ROS coordinates: X forward, Y left, Z up; units are metres.
o mesh
v -0.0015615134 0.009818561 0.130885288
v -0.00145157892 0.009818561 0.13087751
v -0.00156017626 0.009835653 0.130885288
v -0.00167275872 0.009818561 0.130909517
v -0.0016700686 0.00985294953 0.130909517
v -0.00178162428 0.009818561 0.130950779
v -0.00155591313 0.009853199 0.130885288
v -0.00145157892 0.009818561 0.13087751
v -0.00177761074 0.009869877 0.130950779
v -0.00188424485 0.009818561 0.1310085
v -0.00166149135 0.009888254 0.130909517
v -0.00187898311 0.009885833 0.1310085
v -0.00197700621 0.009818561 0.13108103
v -0.00154849165 0.009870458 0.130885288
v -0.00145157892 0.009818561 0.13087751
v -0.00176481088 0.00992256 0.130950779
v -0.0019706164 0.009900253 0.13108103
v -0.00205695583 0.009818561 0.131165653
v -0.00164655992 0.009922978 0.130909517
v -0.00186220394 0.009954896 0.1310085
v -0.00204959419 0.009912685 0.131165653
v -0.002122109 0.009818561 0.131259024
v -0.00153793953 0.009886585 0.130885288
v -0.00145157892 0.009818561 0.13087751
v -0.00174253038 0.009974372 0.130950779
v -0.0019502393 0.009984124 0.13108103
v -0.002113955 0.009922814 0.131259024
v -0.00217157882 0.009818561 0.1313575
v -0.0021595587 0.009949572 0.1313575
v -0.00162532972 0.009955421 0.130909517
v -0.00183299556 0.010022819 0.1310085
v -0.00202611648 0.0100093149 0.131165653
v -0.00208795047 0.0100298449 0.131259024
v -0.00212102616 0.01008359 0.1313575
v -0.001914769 0.01006661 0.13108103
v -0.00171085075 0.0100227855 0.130950779
v -0.00152458227 0.009900756 0.130885288
v -0.00145157892 0.009818561 0.13087751
v -0.00198524888 0.0101043545 0.131165653
v -0.0020426847 0.0101351105 0.131259024
v -0.00205421564 0.0102125518 0.1313575
v -0.00179146579 0.0100862868 0.1310085
v -0.00159845664 0.009983931 0.130909517
v -0.0018643355 0.0101436824 0.13108103
v -0.00192714133 0.0101931542 0.131165653
v -0.00197832333 0.0102334693 0.131259024
v -0.00196069619 0.0103276782 0.1313575
v -0.00167075032 0.0100653283 0.130950779
v -0.0015090215 0.009912293 0.130885288
v -0.00145157892 0.009818561 0.13087751
v -0.00149204512 0.009920776 0.130885288
v -0.00173889729 0.0101420544 0.1310085
v -0.0018004966 0.0102114081 0.13108103
v -0.00185358827 0.0102711841 0.131165653
v -0.00189685449 0.0103199 0.131259024
v -0.00184557028 0.0104211979 0.1313575
v -0.0015671493 0.010007143 0.130909517
v -0.00162403332 0.0100999661 0.130950779
v -0.00167765445 0.010187462 0.1310085
v -0.0017261235 0.0102665536 0.13108103
v -0.00176789891 0.0103347227 0.131165653
v -0.00180194248 0.0103902742 0.131259024
v -0.001716607 0.0104880072 0.1313575
v -0.001532994 0.0100242123 0.130909517
v -0.00157306693 0.0101254322 0.130950779
v -0.00161084114 0.010220848 0.1310085
v -0.00164498575 0.0103070959 0.13108103
v -0.00169839757 0.0104420111 0.131259024
v -0.00167441531 0.0103814341 0.131165653
v -0.00159140793 0.01047435 0.131259024
v -0.00158259226 0.0105265416 0.1313575
v -0.00157782133 0.0104106292 0.131165653
v -0.00145157892 0.0104890913 0.131259024
v -0.00145157892 0.0105385594 0.1313575
v -0.00132056559 0.0105265416 0.1313575
v -0.00156114879 0.0103324354 0.13108103
v -0.00131174969 0.01047435 0.131259024
v -0.00118655083 0.0104880072 0.1313575
v -0.00145157892 0.0104239359 0.131165653
v -0.001541805 0.0102417134 0.1310085
v -0.00145157892 0.0103439875 0.13108103
v -0.001520405 0.01014135 0.130950779
v -0.00116960728 0.01042692 0.131259024
v -0.001057588 0.0104211979 0.1313575
v -0.00132533628 0.0104106292 0.131165653
v -0.00145157892 0.0102512278 0.1310085
v -0.00149770267 0.0100348778 0.130909517
v -0.00103666773 0.0103453062 0.131259024
v -0.0009424621 0.0103276782 0.1313575
v -0.00119700562 0.010367807 0.131165653
v -0.00134200882 0.0103324354 0.13108103
v -0.00145157892 0.0101486072 0.130950779
v -0.00147450413 0.009926077 0.130885288
v -0.00145157892 0.009818561 0.13087751
v -0.00145157892 0.009928495 0.130885288
v -0.00145157892 0.0100397393 0.130909517
v -0.00136135262 0.0102417134 0.1310085
v -0.00123062613 0.0102952719 0.13108103
v -0.00138275279 0.01014135 0.130950779
v -0.00140545494 0.0100348778 0.130909517
v -0.00126963411 0.01021111 0.1310085
v -0.00131278811 0.0101180039 0.130950779
v -0.00142865349 0.009926077 0.130885288
v -0.00145157892 0.009818561 0.13087751
v -0.0013585682 0.0100192316 0.130909517
v -0.001405349 0.009918302 0.130885288
v -0.00145157892 0.009818561 0.13087751
v -0.00138355349 0.009904921 0.130885288
v -0.00145157892 0.009818561 0.13087751
v -0.00131471688 0.009992313 0.130909517
v -0.00124735315 0.01007783 0.130950779
v -0.00136521808 0.009886585 0.130885288
v -0.00145157892 0.009818561 0.13087751
v -0.00127782766 0.009955421 0.130909517
v -0.00118385348 0.0101584457 0.1310085
v -0.00135183707 0.0098647885 0.130885288
v -0.00145157892 0.009818561 0.13087751
v -0.00119230687 0.0100227855 0.130950779
v -0.00112645468 0.0102313161 0.13108103
v -0.00125090592 0.009911571 0.130909517
v -0.00111169182 0.0100862868 0.1310085
v -0.00107698329 0.0102941208 0.131165653
v -0.00103882188 0.0101436824 0.13108103
v -0.001152134 0.009957351 0.130950779
v -0.00134406122 0.009841487 0.130885288
v -0.00145157892 0.009818561 0.13087751
v -0.0009760163 0.0101931542 0.131165653
v -0.00105902785 0.0100005046 0.1310085
v -0.00123526156 0.009864684 0.130909517
v -0.00134164444 0.009818561 0.130885288
v -0.00145157892 0.009818561 0.13087751
v -0.00123039889 0.009818561 0.130909517
v -0.0011287895 0.009887386 0.130950779
v -0.00112153334 0.009818561 0.130950779
v -0.00102842459 0.009908788 0.1310085
v -0.00101891253 0.009818561 0.1310085
v -0.0009748675 0.0100395121 0.13108103
v -0.000937703066 0.00992813 0.13108103
v -0.0009261514 0.009818561 0.13108103
v -0.000902330037 0.0100731328 0.131165653
v -0.0008595106 0.009944804 0.131165653
v -0.000846201554 0.009818561 0.131165653
v -0.0009248345 0.0102334693 0.131259024
v -0.000848941971 0.0102125518 0.1313575
v -0.000843218062 0.0101005323 0.131259024
v -0.0007821312 0.01008359 0.1313575
v -0.00079579 0.00995839 0.131259024
v -0.0007435987 0.009949572 0.1313575
v -0.000781048555 0.009818561 0.131259024
v -0.000731578562 0.009818561 0.1313575
v -0.0007892023 0.009714305 0.131259024
v -0.0007435987 0.009687547 0.1313575
v -0.000853563659 0.009724434 0.131165653
v -0.000846201554 0.009818561 0.131165653
v -0.0008152067 0.009607274 0.131259024
v -0.0007821312 0.009553533 0.1313575
v -0.0009325412 0.009736866 0.13108103
v -0.0009261514 0.009818561 0.13108103
v -0.0008770409 0.009627804 0.131165653
v -0.0008604727 0.009502009 0.131259024
v -0.000848941971 0.009424567 0.1313575
v -0.001024174 0.00975129 0.1310085
v -0.00101891253 0.009818561 0.1310085
v -0.000952918548 0.009652995 0.13108103
v -0.000917908736 0.009532768 0.131165653
v -0.0009248345 0.00940365 0.131259024
v -0.000942461658 0.009309445 0.1313575
v -0.0011255471 0.0097672455 0.130950779
v -0.00112153334 0.009818561 0.130950779
v -0.00104095368 0.009682227 0.1310085
v -0.0009883884 0.009570509 0.13108103
v -0.0009760163 0.009443965 0.131165653
v -0.00100630289 0.009317219 0.131259024
v -0.00105758756 0.009215925 0.1313575
v -0.00123308832 0.0097841695 0.130909517
v -0.00123039889 0.009818561 0.130909517
v -0.00107016228 0.009614304 0.1310085
v -0.00103882188 0.009493437 0.13108103
v -0.00104956934 0.009365935 0.131165653
v -0.00110121514 0.009246845 0.131259024
v -0.00118655059 0.009149112 0.1313575
v -0.00113525894 0.009302396 0.131165653
v -0.00110266125 0.009425711 0.13108103
v -0.00111169158 0.009550836 0.1310085
v -0.00120476028 0.009195108 0.131259024
v -0.00117703388 0.009370565 0.13108103
v -0.00116426032 0.009495065 0.1310085
v -0.00131174969 0.009162772 0.131259024
v -0.00132056559 0.009110581 0.1313575
v -0.00122874253 0.009255689 0.131165653
v -0.00122550339 0.009449657 0.1310085
v -0.00145157892 0.009148028 0.131259024
v -0.00145157892 0.00909856 0.1313575
v -0.00158259226 0.009110581 0.1313575
v -0.00132533628 0.009226494 0.131165653
v -0.00125817163 0.009330023 0.13108103
v -0.00159140769 0.009162772 0.131259024
v -0.00171660678 0.009149112 0.1313575
v -0.00145157869 0.009213183 0.131165653
v -0.00134200859 0.009304684 0.13108103
v -0.00129231671 0.009416271 0.1310085
v -0.0017335501 0.009210199 0.131259024
v -0.00184556982 0.009215925 0.1313575
v -0.00127912429 0.009537153 0.130950779
v -0.00186648965 0.0092918165 0.131259024
v -0.00196069572 0.009309445 0.1313575
v -0.00123240729 0.009571794 0.130950779
v -0.001978323 0.00940365 0.131259024
v -0.00205421541 0.009424567 0.1313575
v -0.00119230687 0.00961433351 0.130950779
v -0.00205993978 0.009536587 0.131259024
v -0.00212102639 0.009553533 0.1313575
v -0.00116062723 0.009662747 0.130950779
v -0.00210736739 0.009678733 0.131259024
v -0.0021595587 0.009687547 0.1313575
v -0.002122109 0.009818561 0.131259024
v -0.00217157882 0.009818561 0.1313575
v -0.00205695583 0.009818561 0.131165653
v -0.002043647 0.009692319 0.131165653
v -0.00197700621 0.009818561 0.13108103
v -0.00200082734 0.009563986 0.131165653
v -0.00196545455 0.009708989 0.13108103
v -0.00188424485 0.009818561 0.1310085
v -0.00192714133 0.009443965 0.131165653
v -0.00192829012 0.009597607 0.13108103
v -0.001874733 0.009728335 0.1310085
v -0.00178162428 0.009818561 0.130950779
v -0.00182617432 0.009342998 0.131165653
v -0.00186433527 0.009493437 0.13108103
v -0.00184412976 0.00963661447 0.1310085
v -0.00177436834 0.009749733 0.130950779
v -0.00167275872 0.009818561 0.130909517
v -0.00170615222 0.009269312 0.131165653
v -0.0017767027 0.009405803 0.13108103
v -0.00179146579 0.009550836 0.1310085
v -0.00175102381 0.009679768 0.130950779
v -0.00166789629 0.009772435 0.130909517
v -0.0015615134 0.009818561 0.130885288
v -0.00157782109 0.009226494 0.131165653
v -0.00167253148 0.009341847 0.13108103
v -0.00171930389 0.009478673 0.1310085
v -0.00171085075 0.00961433351 0.130950779
v -0.00165225193 0.009725548 0.130909517
v -0.00155909662 0.009795636 0.130885288
v -0.00145157892 0.009818561 0.13087751
v -0.00145157892 0.00929313153 0.13108103
v -0.00156114856 0.009304684 0.13108103
v -0.00163352373 0.009426009 0.1310085
v -0.00165580446 0.009559289 0.130950779
v -0.00162532972 0.009681698 0.130909517
v -0.00155132054 0.00977233052 0.130885288
v -0.00145157892 0.009818561 0.13087751
v -0.00136135286 0.009395406 0.1310085
v -0.00145157892 0.009385895 0.1310085
v -0.001541805 0.009395406 0.1310085
v -0.00159036973 0.009519115 0.130950779
v -0.00158844073 0.00964481 0.130909517
v -0.00153793953 0.009750534 0.130885288
v -0.00145157892 0.009818561 0.13087751
v -0.00133009069 0.009511687 0.130950779
v -0.00138275279 0.009495769 0.130950779
v -0.00145157892 0.009488516 0.130950779
v -0.001520405 0.009495769 0.130950779
v -0.00154458941 0.009617887 0.130909517
v -0.00151960412 0.009732198 0.130885288
v -0.00145157892 0.009818561 0.13087751
v -0.00133600854 0.009629976 0.130909517
v -0.00137016363 0.00961291 0.130909517
v -0.00140545494 0.009602241 0.130909517
v -0.00145157892 0.00959738 0.130909517
v -0.00149770267 0.009602241 0.130909517
v -0.00149780861 0.009718817 0.130885288
v -0.00145157892 0.009818561 0.13087751
v -0.001304701 0.009653188 0.130909517
v -0.00139413611 0.009724826 0.130885288
v -0.00141111249 0.009716343 0.130885288
v -0.00145157892 0.009818561 0.13087751
v -0.00137857487 0.009736363 0.130885288
v -0.00127782766 0.009681698 0.130909517
v -0.00142865349 0.009711042 0.130885288
v -0.00145157892 0.009818561 0.13087751
v -0.00145157869 0.009708624 0.130885288
v -0.00147450413 0.009711042 0.130885288
v -0.00145157892 0.009818561 0.13087751
v -0.00145157892 0.009818561 0.13087751
v -0.00136521808 0.009750534 0.130885288
v -0.00145157892 0.009818561 0.13087751
v -0.00125659769 0.00971414149 0.130909517
v -0.00113834674 0.009714562 0.130950779
v -0.0012416665 0.009748865 0.130909517
v -0.001354666 0.009766661 0.130885288
v -0.00145157892 0.009818561 0.13087751
v -0.00134724472 0.00978392 0.130885288
v -0.00145157892 0.009818561 0.13087751
v -0.00134298112 0.009801466 0.130885288
v -0.00145157892 0.009818561 0.13087751
v -0.00134164444 0.009818561 0.130885288
v -0.00145157892 0.009818561 0.13087751
v -0.00400157925 0.0110885613 0.1313575
v -0.00630158 0.0110885613 0.1313575
v -0.00398905855 0.010952089 0.1313575
v -0.00394892041 0.0108124875 0.1313575
v -0.003879326 0.0106781535 0.1313575
v -0.00378190912 0.0105582289 0.1313575
v -0.00324034528 0.00632135943 0.1313575
v -0.0063015786 0.00156855956 0.1313575
v -0.00366198644 0.0104608126 0.1313575
v -0.00352765014 0.0103912167 0.1313575
v -0.000201577786 0.00156855956 0.1313575
v -0.00338805187 0.01035108 0.1313575
v -0.00205421541 0.009424567 0.1313575
v -0.00196069572 0.009309445 0.1313575
v -0.00184556982 0.009215925 0.1313575
v -0.00212102639 0.009553533 0.1313575
v -0.00325157912 0.01033856 0.1313575
v -0.0021595587 0.009687547 0.1313575
v -0.00311510684 0.01035108 0.1313575
v -0.00217157882 0.009818561 0.1313575
v -0.002975508 0.0103912167 0.1313575
v -0.0021595587 0.009949572 0.1313575
v -0.00284117181 0.0104608126 0.1313575
v -0.00212102616 0.01008359 0.1313575
v -0.00272124913 0.0105582289 0.1313575
v -0.00205421564 0.0102125518 0.1313575
v -0.00262383232 0.0106781535 0.1313575
v -0.00196069619 0.0103276782 0.1313575
v -0.002554238 0.0108124875 0.1313575
v -0.00184557028 0.0104211979 0.1313575
v -0.0025141004 0.010952089 0.1313575
v -0.001716607 0.0104880072 0.1313575
v -0.002501579 0.0110885613 0.1313575
v -0.00158259226 0.0105265416 0.1313575
v -0.00145157892 0.0105385594 0.1313575
v -0.000201578718 0.0110885613 0.1313575
v -0.00132056559 0.0105265416 0.1313575
v -0.00118655083 0.0104880072 0.1313575
v -0.001057588 0.0104211979 0.1313575
v -0.0009424621 0.0103276782 0.1313575
v -0.000848941971 0.0102125518 0.1313575
v -0.0007821312 0.01008359 0.1313575
v -0.0007435987 0.009949572 0.1313575
v -0.000731578562 0.009818561 0.1313575
v -0.0007435987 0.009687547 0.1313575
v -0.0007821312 0.009553533 0.1313575
v -0.000848941971 0.009424567 0.1313575
v -0.000942461658 0.009309445 0.1313575
v -0.00105758756 0.009215925 0.1313575
v -0.00118655059 0.009149112 0.1313575
v -0.00132056559 0.009110581 0.1313575
v -0.00145157892 0.00909856 0.1313575
v -0.00158259226 0.009110581 0.1313575
v -0.00171660678 0.009149112 0.1313575
v 4.842272E-05 0.00188305974 0.129757509
v 3.02470289E-05 0.00188305974 0.129873827
v 4.842272E-05 0.001318559 0.129757509
v -0.000201577786 0.00156855956 0.1313575
v -7.6578E-05 0.00632856041 0.1305575
v -0.000201578718 0.0110885613 0.1313575
v 3.02470289E-05 0.00316305831 0.129873827
v 3.02460976E-05 0.0107830614 0.129873827
v 4.84213233E-05 0.0113385618 0.129757509
v 4.84213233E-05 0.0107830614 0.129757509
v 3.02460976E-05 0.009503059 0.129873827
v 3.02460976E-05 0.008243062 0.129873827
v 4.84213233E-05 0.009503059 0.129757509
v 4.842179E-05 0.008243062 0.129757509
v 3.02465633E-05 0.00696305931 0.129873827
v 3.02465633E-05 0.00442305952 0.129873827
v 4.842179E-05 0.00442305952 0.129757509
v 4.84222546E-05 0.00316305831 0.129757509
v 3.02465633E-05 0.005703058 0.129873827
v 4.842179E-05 0.005703058 0.129757509
v 4.842179E-05 0.00696305931 0.129757509
v -0.00655158 0.0107830577 0.129757509
v -0.006533405 0.0107830577 0.129873827
v -0.00655158 0.011338558 0.129757509
v -0.00630158 0.0110885613 0.1313575
v -0.006426579 0.00632855669 0.1305575
v -0.0063015786 0.00156855956 0.1313575
v -0.006533405 0.009503059 0.129873827
v -0.00653340342 0.001883056 0.129873827
v -0.006551578 0.001318559 0.129757509
v -0.006551579 0.001883056 0.129757509
v -0.00653340342 0.00316305831 0.129873827
v -0.006533404 0.00442305952 0.129873827
v -0.006551579 0.00316305831 0.129757509
v -0.00655157957 0.00442305952 0.129757509
v -0.006533404 0.005703058 0.129873827
v -0.00653340435 0.008243058 0.129873827
v -0.00655158 0.008243058 0.129757509
v -0.00655158 0.009503059 0.129757509
v -0.006533405 0.00696305931 0.129873827
v -0.00655157957 0.00696305931 0.129757509
v -0.00655157957 0.005703058 0.129757509
v -0.00630158 0.0110885613 0.1313575
v -0.00400157925 0.0110885613 0.1313575
v -0.003997499 0.0111666843 0.1308575
v -0.00655158 0.011338558 0.129757509
v -0.00325157912 0.01121356 0.1305575
v -0.00325157912 0.0111666843 0.1308575
v 4.84213233E-05 0.0113385618 0.129757509
v -0.00250565959 0.0111666843 0.1308575
v -0.000201578718 0.0110885613 0.1313575
v -0.002501579 0.0110885613 0.1313575
v -0.002501579 0.0110885613 0.1313575
v -0.00250565959 0.0111666843 0.1308575
v -0.00250528473 0.0110141 0.1308575
v -0.00250872457 0.0109852776 0.131107509
v -0.0025141004 0.010952089 0.1313575
v -0.00253754249 0.0108590983 0.1308575
v -0.00255799526 0.0108031817 0.131107509
v -0.002554238 0.0108124875 0.1313575
v -0.00260283751 0.0107122175 0.1308575
v -0.00262383232 0.0106781535 0.1313575
v -0.00265206047 0.01063792 0.131107509
v -0.00269710529 0.0105835274 0.1308575
v -0.00272124913 0.0105582289 0.1313575
v -0.00278115179 0.0105044395 0.131107509
v -0.00281262188 0.0104804337 0.1308575
v -0.00284117181 0.0104608126 0.1313575
v -0.00288285781 0.0104354545 0.131107509
v -0.002943315 0.01040484 0.1308575
v -0.002975508 0.0103912167 0.1313575
v -0.00299661467 0.010383226 0.131107509
v -0.00309216441 0.0103556961 0.1308575
v -0.00311510684 0.01035108 0.1313575
v -0.00312118512 0.0103499815 0.131107509
v -0.00325157912 0.01033856 0.1308575
v -0.00325157912 0.01033856 0.1313575
v -0.00325157912 0.01033856 0.131107509
v -0.00336814485 0.0103476718 0.131107509
v -0.003410994 0.0103556961 0.1308575
v -0.00338805187 0.01035108 0.1313575
v -0.00348053686 0.0103743635 0.131107509
v -0.00355984317 0.01040484 0.1308575
v -0.00352765014 0.0103912167 0.1313575
v -0.00358506618 0.01041678 0.131107509
v -0.0036905366 0.0104804337 0.1308575
v -0.00366198644 0.0104608126 0.1313575
v -0.00367930671 0.0104724839 0.131107509
v -0.00376602169 0.0105428062 0.131107509
v -0.0038060532 0.0105835274 0.1308575
v -0.00378190912 0.0105582289 0.1313575
v -0.00384325767 0.0106276721 0.131107509
v -0.003879326 0.0106781535 0.1313575
v -0.0039003212 0.0107122175 0.1308575
v -0.003907546 0.010724958 0.131107509
v -0.00394892041 0.0108124875 0.1313575
v -0.003956141 0.0108314753 0.131107509
v -0.00396561529 0.0108590983 0.1308575
v -0.00398905855 0.010952089 0.1313575
v -0.00399632752 0.010999959 0.131107509
v -0.003997874 0.0110141 0.1308575
v -0.00400157925 0.0110885613 0.1313575
v -0.003997499 0.0111666843 0.1308575
v 4.84213233E-05 0.0107830614 0.129757509
v 2.75340863E-05 0.0107830614 0.12962383
v 4.84213233E-05 0.0113385618 0.129757509
v -0.000201578718 0.0110885613 0.1281575
v -7.6578E-05 0.00632856041 0.12895751
v -0.000201577786 0.00156855956 0.1281575
v 2.75340863E-05 0.009503059 0.12962383
v 2.75350176E-05 0.00188305974 0.12962383
v 4.842272E-05 0.001318559 0.129757509
v 4.842272E-05 0.00188305974 0.129757509
v 2.75350176E-05 0.00316305831 0.12962383
v 2.75345519E-05 0.00442305952 0.12962383
v 4.84222546E-05 0.00316305831 0.129757509
v 4.842179E-05 0.00442305952 0.129757509
v 2.75345519E-05 0.005703058 0.12962383
v 2.75340863E-05 0.008243062 0.12962383
v 4.842179E-05 0.008243062 0.129757509
v 4.84213233E-05 0.009503059 0.129757509
v 2.75345519E-05 0.00696305931 0.12962383
v 4.842179E-05 0.00696305931 0.129757509
v 4.842179E-05 0.005703058 0.129757509
v -0.006551579 0.001883056 0.129757509
v -0.0065306914 0.001883056 0.12962383
v -0.006551578 0.001318559 0.129757509
v -0.0063015786 0.00156855956 0.1281575
v -0.006426579 0.00632855669 0.12895751
v -0.00630158 0.0110885613 0.1281575
v -0.0065306914 0.00316305831 0.12962383
v -0.00653069234 0.0107830577 0.12962383
v -0.00655158 0.011338558 0.129757509
v -0.00655158 0.0107830577 0.129757509
v -0.00653069234 0.009503059 0.12962383
v -0.00653069234 0.008243058 0.12962383
v -0.00655158 0.009503059 0.129757509
v -0.00655158 0.008243058 0.129757509
v -0.006530692 0.00696305931 0.12962383
v -0.006530692 0.00442305952 0.12962383
v -0.00655157957 0.00442305952 0.129757509
v -0.006551579 0.00316305831 0.129757509
v -0.006530692 0.005703058 0.12962383
v -0.00655157957 0.005703058 0.129757509
v -0.00655157957 0.00696305931 0.129757509
v -0.003997499 0.0111666843 0.1308575
v -0.003997874 0.0110141 0.1308575
v -0.00325157912 0.0111666843 0.1308575
v -0.00396561529 0.0108590983 0.1308575
v -0.00325157912 0.0106854625 0.1308575
v -0.0039003212 0.0107122175 0.1308575
v -0.0038060532 0.0105835274 0.1308575
v -0.0036905366 0.0104804337 0.1308575
v -0.00355984317 0.01040484 0.1308575
v -0.003410994 0.0103556961 0.1308575
v -0.00325157912 0.01033856 0.1308575
v -0.00309216441 0.0103556961 0.1308575
v -0.002943315 0.01040484 0.1308575
v -0.00281262188 0.0104804337 0.1308575
v -0.00269710529 0.0105835274 0.1308575
v -0.00260283751 0.0107122175 0.1308575
v -0.00253754249 0.0108590983 0.1308575
v -0.00250528473 0.0110141 0.1308575
v -0.00250565959 0.0111666843 0.1308575
v -0.00325157912 0.01121356 0.12895751
v 4.84213233E-05 0.0113385618 0.129757509
v -0.000201578718 0.0110885613 0.1281575
v -0.00630158 0.0110885613 0.1281575
v -0.00655158 0.011338558 0.129757509
v -0.00325157866 0.00632856041 0.1281575
v -0.000201578718 0.0110885613 0.1281575
v -0.000201577786 0.00156855956 0.1281575
v -0.0063015786 0.00156855956 0.1281575
v -0.00630158 0.0110885613 0.1281575
v -0.00325157819 0.00144355744 0.12895751
v -0.006551578 0.001318559 0.129757509
v -0.0063015786 0.00156855956 0.1281575
v -0.000201577786 0.00156855956 0.1281575
v 4.842272E-05 0.001318559 0.129757509
v -0.006551578 0.001318559 0.129757509
v -0.00325157819 0.00144355744 0.1305575
v -0.0063015786 0.00156855956 0.1313575
v 4.842272E-05 0.001318559 0.129757509
v -0.000201577786 0.00156855956 0.1313575
v 0.000433422159 0.00188305974 0.1294488
v 0.000683422666 0.00188305974 0.1294488
v 0.000430504326 0.00188305974 0.129480645
v 0.000421142671 0.00188305974 0.129513219
v 0.000404907856 0.00188305974 0.129544571
v 0.000676330645 0.00188305974 0.129526138
v 0.0005146838 0.00188305974 0.129705057
v 0.0003821808 0.00188305974 0.129572555
v 0.000653590541 0.00188305974 0.129605249
v 0.0006141574 0.00188305974 0.129681379
v 0.0005589579 0.00188305974 0.129749328
v 0.000491004 0.00188305974 0.129804537
v 0.000414882321 0.00188305974 0.12984398
v 0.000335777644 0.00188305974 0.129866719
v 0.000354202 0.00188305974 0.12959528
v 0.0002584434 0.00188305974 0.129873827
v 0.000322858337 0.00188305974 0.129611522
v 0.000290286262 0.00188305974 0.1296209
v 0.0002584434 0.00188305974 0.12962383
v 0.000290286727 0.00316305831 0.1296209
v 0.0002584434 0.00316305831 0.12962383
v 0.0002584434 0.00316305831 0.129873827
v 0.000322858337 0.00316305831 0.129611522
v 0.000354201533 0.00316305831 0.12959528
v 0.000335777178 0.00316305831 0.129866719
v 0.0005146838 0.00316305831 0.129705057
v 0.000414882321 0.00316305831 0.12984398
v 0.0003821808 0.00316305831 0.129572555
v 0.000491004 0.00316305831 0.129804537
v 0.000558957458 0.00316305831 0.129749328
v 0.000614156947 0.00316305831 0.129681379
v 0.0006535901 0.00316305831 0.129605249
v 0.0006763311 0.00316305831 0.129526138
v 0.000404908322 0.00316305831 0.129544571
v 0.000683422666 0.00316305831 0.1294488
v 0.000421143137 0.00316305831 0.129513219
v 0.0004305048 0.00316305831 0.129480645
v 0.000433422159 0.00316305831 0.1294488
v 0.0004334217 0.00442305952 0.1294488
v 0.0006834222 0.00442305952 0.1294488
v 0.000430504326 0.00442305952 0.129480645
v 0.000421142671 0.00442305952 0.129513219
v 0.000404907856 0.00442305952 0.129544571
v 0.000676330645 0.00442305952 0.129526138
v 0.0005146833 0.00442305952 0.129705057
v 0.000382180326 0.00442305952 0.129572555
v 0.0006535896 0.00442305952 0.129605249
v 0.0006141565 0.00442305952 0.129681379
v 0.000558957 0.00442305952 0.129749328
v 0.0004910035 0.00442305952 0.129804537
v 0.000414881855 0.00442305952 0.12984398
v 0.0003357767 0.00442305952 0.129866719
v 0.000354201067 0.00442305952 0.12959528
v 0.000258442946 0.00442305952 0.129873827
v 0.000322857872 0.00442305952 0.129611522
v 0.000290286262 0.00442305952 0.1296209
v 0.000258442946 0.00442305952 0.12962383
v 0.000290286262 0.005703058 0.1296209
v 0.000258442946 0.005703058 0.12962383
v 0.000258442946 0.005703058 0.129873827
v 0.000322857872 0.005703058 0.129611522
v 0.000354201067 0.005703058 0.12959528
v 0.0003357767 0.005703058 0.129866719
v 0.0005146833 0.005703058 0.129705057
v 0.000414881855 0.005703058 0.12984398
v 0.000382180326 0.005703058 0.129572555
v 0.0004910035 0.005703058 0.129804537
v 0.000558957 0.005703058 0.129749328
v 0.0006141565 0.005703058 0.129681379
v 0.0006535896 0.005703058 0.129605249
v 0.000676330645 0.005703058 0.129526138
v 0.000404907856 0.005703058 0.129544571
v 0.0006834222 0.005703058 0.1294488
v 0.000421142671 0.005703058 0.129513219
v 0.000430504326 0.005703058 0.129480645
v 0.0004334217 0.005703058 0.1294488
v 0.000433422159 0.00696305931 0.1294488
v 0.000683421735 0.00696305931 0.1294488
v 0.000430504326 0.00696305931 0.129480645
v 0.000421142671 0.00696305931 0.129513219
v 0.000404907856 0.00696305931 0.129544571
v 0.000676330645 0.00696305931 0.129526138
v 0.0005146833 0.00696305931 0.129705057
v 0.0003821808 0.00696305931 0.129572555
v 0.0006535896 0.00696305931 0.129605249
v 0.0006141565 0.00696305931 0.129681379
v 0.000558957 0.00696305931 0.129749328
v 0.000491004 0.00696305931 0.129804537
v 0.0004148814 0.00696305931 0.12984398
v 0.0003357767 0.00696305931 0.129866719
v 0.000354201067 0.00696305931 0.12959528
v 0.000258442946 0.00696305931 0.129873827
v 0.000322858337 0.00696305931 0.129611522
v 0.000290286262 0.00696305931 0.1296209
v 0.000258442946 0.00696305931 0.12962383
v 0.0002902858 0.008243062 0.1296209
v 0.00025844248 0.008243062 0.12962383
v 0.00025844248 0.008243062 0.129873827
v 0.000322857872 0.008243062 0.129611522
v 0.000354201067 0.008243062 0.12959528
v 0.0003357767 0.008243062 0.129866719
v 0.000514682848 0.008243062 0.129705057
v 0.0004148814 0.008243062 0.12984398
v 0.000382180326 0.008243062 0.129572555
v 0.0004910035 0.008243062 0.129804537
v 0.000558957 0.008243062 0.129749328
v 0.0006141565 0.008243062 0.129681379
v 0.0006535896 0.008243062 0.129605249
v 0.0006763302 0.008243062 0.129526138
v 0.0004049074 0.008243062 0.129544571
v 0.000683421735 0.008243062 0.1294488
v 0.000421142671 0.008243062 0.129513219
v 0.00043050386 0.008243062 0.129480645
v 0.0004334217 0.008243062 0.1294488
v 0.0004334217 0.009503059 0.1294488
v 0.000683421735 0.009503059 0.1294488
v 0.00043050386 0.009503059 0.129480645
v 0.0004211422 0.009503059 0.129513219
v 0.0004049074 0.009503059 0.129544571
v 0.0006763302 0.009503059 0.129526138
v 0.000514682848 0.009503059 0.129705057
v 0.00038217986 0.009503059 0.129572555
v 0.000653589144 0.009503059 0.129605249
v 0.000614156 0.009503059 0.129681379
v 0.000558957 0.009503059 0.129749328
v 0.00049100304 0.009503059 0.129804537
v 0.0004148814 0.009503059 0.12984398
v 0.000335776247 0.009503059 0.129866719
v 0.0003542006 0.009503059 0.12959528
v 0.00025844248 0.009503059 0.129873827
v 0.0003228574 0.009503059 0.129611522
v 0.0002902858 0.009503059 0.1296209
v 0.00025844248 0.009503059 0.12962383
v 0.00029028533 0.0107830614 0.1296209
v 0.00025844248 0.0107830614 0.12962383
v 0.00025844248 0.0107830614 0.129873827
v 0.0003228574 0.0107830614 0.129611522
v 0.0003542006 0.0107830614 0.12959528
v 0.000335776247 0.0107830614 0.129866719
v 0.000514682848 0.0107830614 0.129705057
v 0.0004148814 0.0107830614 0.12984398
v 0.00038217986 0.0107830614 0.129572555
v 0.00049100304 0.0107830614 0.129804537
v 0.0005589565 0.0107830614 0.129749328
v 0.000614156 0.0107830614 0.129681379
v 0.000653589144 0.0107830614 0.129605249
v 0.0006763302 0.0107830614 0.129526138
v 0.000404906925 0.0107830614 0.129544571
v 0.000683421269 0.0107830614 0.1294488
v 0.0004211422 0.0107830614 0.129513219
v 0.00043050386 0.0107830614 0.129480645
v 0.000433421228 0.0107830614 0.1294488
v -0.006933654 0.0107830577 0.12948069
v -0.00693657948 0.0107830577 0.129448846
v -0.00718658 0.0107830577 0.129448846
v -0.006924285 0.0107830577 0.129513264
v -0.006908043 0.0107830577 0.1295446
v -0.00717948144 0.0107830577 0.129526183
v -0.007017814 0.0107830577 0.129705086
v -0.00715673249 0.0107830577 0.129605278
v -0.00688530924 0.0107830577 0.129572585
v -0.00711729145 0.0107830577 0.129681408
v -0.00706208544 0.0107830577 0.129749358
v -0.00699412636 0.0107830577 0.129804552
v -0.00691800052 0.0107830577 0.129844
v -0.00683889352 0.0107830577 0.129866734
v -0.006857324 0.0107830577 0.129595309
v -0.006761559 0.0107830577 0.129873827
v -0.00682597654 0.0107830577 0.129611552
v -0.0067934026 0.0107830577 0.12962091
v -0.006761559 0.0107830577 0.12962383
v -0.006761559 0.009503059 0.12962383
v -0.006761559 0.009503059 0.129873827
v -0.0067934026 0.009503059 0.12962091
v -0.00682597654 0.009503059 0.129611552
v -0.006857324 0.009503059 0.129595309
v -0.006838893 0.009503059 0.129866734
v -0.007017814 0.009503059 0.129705086
v -0.00688530924 0.009503059 0.129572585
v -0.00691800052 0.009503059 0.129844
v -0.006994126 0.009503059 0.129804552
v -0.00706208544 0.009503059 0.129749358
v -0.00711729145 0.009503059 0.129681408
v -0.007156732 0.009503059 0.129605278
v -0.00717948144 0.009503059 0.129526183
v -0.006908043 0.009503059 0.1295446
v -0.00718658 0.009503059 0.129448846
v -0.006924285 0.009503059 0.129513264
v -0.006933654 0.009503059 0.12948069
v -0.00693657948 0.009503059 0.129448846
v -0.00693365326 0.008243058 0.12948069
v -0.00693657948 0.008243058 0.129448846
v -0.00718658 0.008243058 0.129448846
v -0.006924284 0.008243058 0.129513264
v -0.006908042 0.008243058 0.1295446
v -0.00717948144 0.008243058 0.129526183
v -0.007017813 0.008243058 0.129705086
v -0.007156732 0.008243058 0.129605278
v -0.00688530831 0.008243058 0.129572585
v -0.00711729145 0.008243058 0.129681408
v -0.00706208451 0.008243058 0.129749358
v -0.006994126 0.008243058 0.129804552
v -0.00691799959 0.008243058 0.129844
v -0.006838893 0.008243058 0.129866734
v -0.006857324 0.008243058 0.129595309
v -0.006761558 0.008243058 0.129873827
v -0.00682597561 0.008243058 0.129611552
v -0.00679340167 0.008243058 0.12962091
v -0.006761558 0.008243058 0.12962383
v -0.00676155835 0.00696305931 0.12962383
v -0.00676155835 0.00696305931 0.129873827
v -0.006793402 0.00696305931 0.12962091
v -0.006825976 0.00696305931 0.129611552
v -0.00685732346 0.00696305931 0.129595309
v -0.00683889352 0.00696305931 0.129866734
v -0.00701781362 0.00696305931 0.129705086
v -0.006885309 0.00696305931 0.129572585
v -0.006918 0.00696305931 0.129844
v -0.00699412636 0.00696305931 0.129804552
v -0.007062085 0.00696305931 0.129749358
v -0.007117291 0.00696305931 0.129681408
v -0.00715673156 0.00696305931 0.129605278
v -0.007179481 0.00696305931 0.129526183
v -0.00690804236 0.00696305931 0.1295446
v -0.00718657952 0.00696305931 0.129448846
v -0.00692428462 0.00696305931 0.129513264
v -0.00693365373 0.00696305931 0.12948069
v -0.006936579 0.00696305931 0.129448846
v -0.00693365373 0.005703058 0.12948069
v -0.006936579 0.005703058 0.129448846
v -0.00718657952 0.005703058 0.129448846
v -0.00692428462 0.005703058 0.129513264
v -0.00690804236 0.005703058 0.1295446
v -0.007179481 0.005703058 0.129526183
v -0.00701781362 0.005703058 0.129705086
v -0.00715673249 0.005703058 0.129605278
v -0.006885309 0.005703058 0.129572585
v -0.007117291 0.005703058 0.129681408
v -0.007062085 0.005703058 0.129749358
v -0.00699412543 0.005703058 0.129804552
v -0.006918 0.005703058 0.129844
v -0.00683889259 0.005703058 0.129866734
v -0.00685732346 0.005703058 0.129595309
v -0.00676155835 0.005703058 0.129873827
v -0.006825976 0.005703058 0.129611552
v -0.006793402 0.005703058 0.12962091
v -0.00676155835 0.005703058 0.12962383
v -0.00676155835 0.00442305952 0.12962383
v -0.00676155835 0.00442305952 0.129873827
v -0.006793402 0.00442305952 0.12962091
v -0.006825976 0.00442305952 0.129611552
v -0.00685732346 0.00442305952 0.129595309
v -0.00683889259 0.00442305952 0.129866734
v -0.00701781362 0.00442305952 0.129705086
v -0.006885309 0.00442305952 0.129572585
v -0.006918 0.00442305952 0.129844
v -0.00699412543 0.00442305952 0.129804552
v -0.007062085 0.00442305952 0.129749358
v -0.007117291 0.00442305952 0.129681408
v -0.00715673249 0.00442305952 0.129605278
v -0.007179481 0.00442305952 0.129526183
v -0.00690804236 0.00442305952 0.1295446
v -0.00718657952 0.00442305952 0.129448846
v -0.00692428462 0.00442305952 0.129513264
v -0.00693365373 0.00442305952 0.12948069
v -0.006936579 0.00442305952 0.129448846
v -0.00693365326 0.00316305831 0.12948069
v -0.00693657855 0.00316305831 0.129448846
v -0.007186579 0.00316305831 0.129448846
v -0.006924284 0.00316305831 0.129513264
v -0.006908042 0.00316305831 0.1295446
v -0.00717948051 0.00316305831 0.129526183
v -0.007017813 0.00316305831 0.129705086
v -0.007156732 0.00316305831 0.129605278
v -0.00688530831 0.00316305831 0.129572585
v -0.00711729052 0.00316305831 0.129681408
v -0.00706208451 0.00316305831 0.129749358
v -0.006994125 0.00316305831 0.129804552
v -0.00691799959 0.00316305831 0.129844
v -0.006838892 0.00316305831 0.129866734
v -0.006857323 0.00316305831 0.129595309
v -0.006761558 0.00316305831 0.129873827
v -0.00682597561 0.00316305831 0.129611552
v -0.00679340167 0.00316305831 0.12962091
v -0.006761558 0.00316305831 0.12962383
v -0.006761558 0.001883056 0.12962383
v -0.006761558 0.001883056 0.129873827
v -0.00679340167 0.001883056 0.12962091
v -0.00682597468 0.001883056 0.129611552
v -0.006857323 0.001883056 0.129595309
v -0.006838892 0.001883056 0.129866734
v -0.007017812 0.001883056 0.129705086
v -0.00688530738 0.001883056 0.129572585
v -0.00691800052 0.001883056 0.129844
v -0.006994125 0.001883056 0.129804552
v -0.00706208358 0.001883056 0.129749358
v -0.00711729052 0.001883056 0.129681408
v -0.007156732 0.001883056 0.129605278
v -0.00717948051 0.001883056 0.129526183
v -0.006908043 0.001883056 0.1295446
v -0.007186579 0.001883056 0.129448846
v -0.006924285 0.001883056 0.129513264
v -0.006933654 0.001883056 0.12948069
v -0.00693657855 0.001883056 0.129448846
v 0.000683422666 0.00188305974 0.128055
v 0.000683422666 0.00188555941 0.128055
v 0.000683422666 0.00188305974 0.1294488
v 0.000683422666 0.00227305666 0.127405018
v 0.000683422666 0.00316305831 0.1294488
v 0.0006834222 0.00277305767 0.127405018
v 0.0006834222 0.00316055864 0.128055
v 0.000683422666 0.00316305831 0.128055
v 0.000683422666 0.002523061 0.1267519
v 0.000683422666 0.00227305666 0.124635011
v 0.0006834222 0.00277305767 0.124635011
v 0.0006834222 0.0024230592 0.124055013
v 0.000683422666 0.00262305886 0.124055013
v 0.0006834222 0.00442305952 0.128055
v 0.0006834222 0.004425559 0.128055
v 0.0006834222 0.00442305952 0.1294488
v 0.000683421735 0.00481306 0.127405018
v 0.0006834222 0.005703058 0.1294488
v 0.000683421735 0.00531305745 0.127405018
v 0.0006834222 0.00570055842 0.128055
v 0.0006834222 0.005703058 0.128055
v 0.0006834222 0.00506306067 0.1267519
v 0.000683421735 0.00481306 0.124635011
v 0.000683421735 0.00531305745 0.124635011
v 0.0006834222 0.004963059 0.124055013
v 0.000683421735 0.00516305864 0.124055013
v 0.000683421735 0.00696305931 0.128055
v 0.000683421735 0.006965559 0.128055
v 0.000683421735 0.00696305931 0.1294488
v 0.000683421735 0.00735306 0.127405018
v 0.000683421735 0.008243062 0.1294488
v 0.000683421735 0.007853061 0.127405018
v 0.000683421735 0.008240558 0.128055
v 0.000683421735 0.008243062 0.128055
v 0.000683421735 0.00760306045 0.1267519
v 0.000683421735 0.00735306 0.124635011
v 0.000683421735 0.007853061 0.124635011
v 0.000683421735 0.00750305876 0.124055013
v 0.000683421735 0.00770305842 0.124055013
v 0.000683421735 0.009503059 0.128055
v 0.000683421735 0.009505559 0.128055
v 0.000683421735 0.009503059 0.1294488
v 0.000683421735 0.00989306 0.127405018
v 0.000683421269 0.0107830614 0.1294488
v 0.000683421269 0.0103930607 0.127405018
v 0.000683421269 0.0107805617 0.128055
v 0.000683421269 0.0107830614 0.128055
v 0.000683421735 0.01014306 0.1267519
v 0.000683421735 0.00989306 0.124635011
v 0.000683421269 0.0103930607 0.124635011
v 0.000683421735 0.0100430585 0.124055013
v 0.000683421269 0.0102430619 0.124055013
v -0.00718658 0.009503059 0.128055
v -0.00718658 0.009503059 0.129448846
v -0.00718657952 0.009505559 0.128055
v -0.00718657952 0.00989306 0.127405018
v -0.00718658 0.0103930607 0.127405018
v -0.00718658 0.01014306 0.12675193
v -0.00718657952 0.00989306 0.124635011
v -0.00718658 0.0103930607 0.124635011
v -0.00718658 0.0102430582 0.124055013
v -0.00718658 0.0100430585 0.124055013
v -0.00718658 0.0107830577 0.129448846
v -0.00718658 0.010780558 0.128055
v -0.00718658 0.0107830577 0.128055
v -0.00717948144 0.01014306 0.129526183
v -0.00717948144 0.009503059 0.129526183
v -0.00717948144 0.0107830577 0.129526183
v -0.007156732 0.009503059 0.129605278
v -0.00715673249 0.01014306 0.129605278
v -0.00715673249 0.0107830577 0.129605278
v -0.00711729145 0.009503059 0.129681408
v -0.00711729145 0.01014306 0.129681408
v -0.00711729145 0.0107830577 0.129681408
v -0.00706208544 0.009503059 0.129749358
v -0.00706208544 0.01014306 0.129749358
v -0.00706208544 0.0107830577 0.129749358
v -0.006994126 0.009503059 0.129804552
v -0.00699412636 0.01014306 0.129804552
v -0.00699412636 0.0107830577 0.129804552
v -0.00691800052 0.009503059 0.129844
v -0.00691800052 0.01014306 0.129844
v -0.00691800052 0.0107830577 0.129844
v -0.006838893 0.009503059 0.129866734
v -0.00683889352 0.01014306 0.129866734
v -0.00683889352 0.0107830577 0.129866734
v -0.006761559 0.009503059 0.129873827
v -0.006761559 0.0107830577 0.129873827
v -0.00718657952 0.00696305931 0.128055
v -0.00718657952 0.00696305931 0.129448846
v -0.00718657952 0.006965559 0.128055
v -0.00718658 0.00735306 0.127405018
v -0.00718658 0.007853057 0.127405018
v -0.007186579 0.00760306045 0.12675193
v -0.00718658 0.00735306 0.124635011
v -0.00718658 0.007853057 0.124635011
v -0.00718657952 0.00770305842 0.124055013
v -0.007186579 0.00750305876 0.124055013
v -0.00718658 0.008243058 0.129448846
v -0.00718658 0.008240558 0.128055
v -0.00718658 0.008243058 0.128055
v -0.00717948051 0.00760306045 0.129526183
v -0.007179481 0.00696305931 0.129526183
v -0.00717948144 0.008243058 0.129526183
v -0.00715673156 0.00696305931 0.129605278
v -0.007156732 0.00760306045 0.129605278
v -0.007156732 0.008243058 0.129605278
v -0.007117291 0.00696305931 0.129681408
v -0.00711729052 0.00760306045 0.129681408
v -0.00711729145 0.008243058 0.129681408
v -0.007062085 0.00696305931 0.129749358
v -0.00706208544 0.00760306045 0.129749358
v -0.00706208451 0.008243058 0.129749358
v -0.00699412636 0.00696305931 0.129804552
v -0.006994126 0.00760306045 0.129804552
v -0.006994126 0.008243058 0.129804552
v -0.006918 0.00696305931 0.129844
v -0.00691800052 0.00760306045 0.129844
v -0.00691799959 0.008243058 0.129844
v -0.00683889352 0.00696305931 0.129866734
v -0.006838893 0.00760306045 0.129866734
v -0.006838893 0.008243058 0.129866734
v -0.00676155835 0.00696305931 0.129873827
v -0.006761558 0.008243058 0.129873827
v -0.00718657952 0.00442305952 0.128055
v -0.00718657952 0.00442305952 0.129448846
v -0.00718657952 0.004425559 0.128055
v -0.007186579 0.00481305644 0.127405018
v -0.00718658 0.00531305745 0.127405018
v -0.00718657952 0.005063057 0.12675193
v -0.007186579 0.00481305644 0.124635011
v -0.00718658 0.00531305745 0.124635011
v -0.007186579 0.00516305864 0.124055013
v -0.00718657952 0.004963059 0.124055013
v -0.00718657952 0.005703058 0.129448846
v -0.00718657952 0.00570055842 0.128055
v -0.00718657952 0.005703058 0.128055
v -0.007179481 0.005063057 0.129526183
v -0.007179481 0.00442305952 0.129526183
v -0.007179481 0.005703058 0.129526183
v -0.00715673249 0.00442305952 0.129605278
v -0.00715673156 0.005063057 0.129605278
v -0.00715673249 0.005703058 0.129605278
v -0.007117291 0.00442305952 0.129681408
v -0.007117291 0.005063057 0.129681408
v -0.007117291 0.005703058 0.129681408
v -0.007062085 0.00442305952 0.129749358
v -0.007062085 0.005063057 0.129749358
v -0.007062085 0.005703058 0.129749358
v -0.00699412543 0.00442305952 0.129804552
v -0.00699412636 0.005063057 0.129804552
v -0.00699412543 0.005703058 0.129804552
v -0.006918 0.00442305952 0.129844
v -0.006918 0.005063057 0.129844
v -0.006918 0.005703058 0.129844
v -0.00683889259 0.00442305952 0.129866734
v -0.00683889352 0.005063057 0.129866734
v -0.00683889259 0.005703058 0.129866734
v -0.00676155835 0.00442305952 0.129873827
v -0.00676155835 0.005703058 0.129873827
v -0.007186579 0.001883056 0.128055
v -0.007186579 0.001883056 0.129448846
v -0.007186579 0.00188555941 0.128055
v -0.007186579 0.00227305666 0.127405018
v -0.00718657952 0.00277305767 0.127405018
v -0.007186579 0.00252305716 0.12675193
v -0.007186579 0.00227305666 0.124635011
v -0.00718657952 0.00277305767 0.124635011
v -0.007186579 0.00262305886 0.124055013
v -0.00718657952 0.0024230592 0.124055013
v -0.007186579 0.00316305831 0.129448846
v -0.00718657859 0.00316055864 0.128055
v -0.007186579 0.00316305831 0.128055
v -0.00717948051 0.00252305716 0.129526183
v -0.00717948051 0.001883056 0.129526183
v -0.00717948051 0.00316305831 0.129526183
v -0.007156732 0.001883056 0.129605278
v -0.007156731 0.00252305716 0.129605278
v -0.007156732 0.00316305831 0.129605278
v -0.00711729052 0.001883056 0.129681408
v -0.00711729052 0.00252305716 0.129681408
v -0.00711729052 0.00316305831 0.129681408
v -0.00706208358 0.001883056 0.129749358
v -0.00706208451 0.00252305716 0.129749358
v -0.00706208451 0.00316305831 0.129749358
v -0.006994125 0.001883056 0.129804552
v -0.006994126 0.00252305716 0.129804552
v -0.006994125 0.00316305831 0.129804552
v -0.00691800052 0.001883056 0.129844
v -0.00691799959 0.00252305716 0.129844
v -0.00691799959 0.00316305831 0.129844
v -0.006838892 0.001883056 0.129866734
v -0.006838893 0.00252305716 0.129866734
v -0.006838892 0.00316305831 0.129866734
v -0.006761558 0.001883056 0.129873827
v -0.006761558 0.00316305831 0.129873827
v 0.000433421228 0.0107830614 0.128055
v 0.000433421228 0.0107805617 0.128055
v 0.000433421228 0.0107830614 0.1294488
v 0.000433421228 0.0103930607 0.127405018
v 0.0004334217 0.009503059 0.1294488
v 0.0004334217 0.00989306 0.127405018
v 0.0004334217 0.009505559 0.128055
v 0.0004334217 0.009503059 0.128055
v 0.000433421228 0.01014306 0.1267519
v 0.000433421228 0.0103930607 0.124635011
v 0.0004334217 0.00989306 0.124635011
v 0.000433421228 0.0102430619 0.124055013
v 0.0004334217 0.0100430585 0.124055013
v 0.0004334217 0.008243062 0.128055
v 0.0004334217 0.008240558 0.128055
v 0.0004334217 0.008243062 0.1294488
v 0.0004334217 0.007853061 0.127405018
v 0.000433422159 0.00696305931 0.1294488
v 0.0004334217 0.00735306 0.127405018
v 0.000433422159 0.006965559 0.128055
v 0.000433422159 0.00696305931 0.128055
v 0.0004334217 0.00760306045 0.1267519
v 0.0004334217 0.007853061 0.124635011
v 0.0004334217 0.00735306 0.124635011
v 0.0004334217 0.00770305842 0.124055013
v 0.0004334217 0.00750305876 0.124055013
v 0.0004334217 0.005703058 0.128055
v 0.0004334217 0.00570055842 0.128055
v 0.0004334217 0.005703058 0.1294488
v 0.000433422159 0.00531305745 0.127405018
v 0.0004334217 0.00442305952 0.1294488
v 0.000433422159 0.00481306 0.127405018
v 0.0004334217 0.004425559 0.128055
v 0.0004334217 0.00442305952 0.128055
v 0.0004334217 0.00506306067 0.1267519
v 0.000433422159 0.00531305745 0.124635011
v 0.000433422159 0.00481306 0.124635011
v 0.000433422159 0.00516305864 0.124055013
v 0.0004334217 0.004963059 0.124055013
v 0.000433422159 0.00316305831 0.128055
v 0.000433422625 0.00316055864 0.128055
v 0.000433422159 0.00316305831 0.1294488
v 0.000433422625 0.00277305767 0.127405018
v 0.000433422159 0.00188305974 0.1294488
v 0.000433422159 0.00227305666 0.127405018
v 0.000433422159 0.00188555941 0.128055
v 0.000433422159 0.00188305974 0.128055
v 0.000433422159 0.002523061 0.1267519
v 0.000433422625 0.00277305767 0.124635011
v 0.000433422159 0.00227305666 0.124635011
v 0.000433422159 0.00262305886 0.124055013
v 0.000433422625 0.0024230592 0.124055013
v -0.00693657855 0.00316305831 0.128055
v -0.00693657855 0.00316305831 0.129448846
v -0.006936578 0.00316055864 0.128055
v -0.006936579 0.00277305767 0.127405018
v -0.00693657855 0.00227305666 0.127405018
v -0.00693657855 0.00252305716 0.12675193
v -0.006936579 0.00277305767 0.124635011
v -0.00693657855 0.00227305666 0.124635011
v -0.006936579 0.0024230592 0.124055013
v -0.00693657855 0.00262305886 0.124055013
v -0.00693657855 0.001883056 0.129448846
v -0.00693657855 0.00188555941 0.128055
v -0.00693657855 0.001883056 0.128055
v -0.00693365326 0.00252305716 0.12948069
v -0.00693365326 0.00316305831 0.12948069
v -0.006933654 0.001883056 0.12948069
v -0.006924284 0.00316305831 0.129513264
v -0.006924284 0.00252305716 0.129513264
v -0.006924285 0.001883056 0.129513264
v -0.006908042 0.00316305831 0.1295446
v -0.006908042 0.00252305716 0.1295446
v -0.006908043 0.001883056 0.1295446
v -0.00688530831 0.00316305831 0.129572585
v -0.00688530831 0.00252305716 0.129572585
v -0.00688530738 0.001883056 0.129572585
v -0.006857323 0.00316305831 0.129595309
v -0.006857323 0.00252305716 0.129595309
v -0.006857323 0.001883056 0.129595309
v -0.00682597561 0.00316305831 0.129611552
v -0.00682597561 0.00252305716 0.129611552
v -0.00682597468 0.001883056 0.129611552
v -0.00679340167 0.00316305831 0.12962091
v -0.00679340167 0.00252305716 0.12962091
v -0.00679340167 0.001883056 0.12962091
v -0.006761558 0.00316305831 0.12962383
v -0.006761558 0.001883056 0.12962383
v -0.006936579 0.005703058 0.128055
v -0.006936579 0.005703058 0.129448846
v -0.006936579 0.00570055842 0.128055
v -0.00693657948 0.00531305745 0.127405018
v -0.00693657855 0.00481305644 0.127405018
v -0.006936579 0.005063057 0.12675193
v -0.00693657948 0.00531305745 0.124635011
v -0.00693657855 0.00481305644 0.124635011
v -0.006936579 0.004963059 0.124055013
v -0.00693657855 0.00516305864 0.124055013
v -0.006936579 0.00442305952 0.129448846
v -0.006936579 0.004425559 0.128055
v -0.006936579 0.00442305952 0.128055
v -0.00693365373 0.005063057 0.12948069
v -0.00693365373 0.005703058 0.12948069
v -0.00693365373 0.00442305952 0.12948069
v -0.00692428462 0.005703058 0.129513264
v -0.00692428462 0.005063057 0.129513264
v -0.00692428462 0.00442305952 0.129513264
v -0.00690804236 0.005703058 0.1295446
v -0.00690804236 0.005063057 0.1295446
v -0.00690804236 0.00442305952 0.1295446
v -0.006885309 0.005703058 0.129572585
v -0.006885309 0.005063057 0.129572585
v -0.006885309 0.00442305952 0.129572585
v -0.00685732346 0.005703058 0.129595309
v -0.00685732346 0.005063057 0.129595309
v -0.00685732346 0.00442305952 0.129595309
v -0.006825976 0.005703058 0.129611552
v -0.006825976 0.005063057 0.129611552
v -0.006825976 0.00442305952 0.129611552
v -0.006793402 0.005703058 0.12962091
v -0.006793402 0.005063057 0.12962091
v -0.006793402 0.00442305952 0.12962091
v -0.00676155835 0.005703058 0.12962383
v -0.00676155835 0.00442305952 0.12962383
v -0.00693657948 0.008243058 0.128055
v -0.00693657948 0.008243058 0.129448846
v -0.00693657948 0.008240558 0.128055
v -0.00693657948 0.007853057 0.127405018
v -0.00693657948 0.00735306 0.127405018
v -0.00693657855 0.00760306045 0.12675193
v -0.00693657948 0.007853057 0.124635011
v -0.00693657948 0.00735306 0.124635011
v -0.00693657855 0.00750305876 0.124055013
v -0.006936579 0.00770305842 0.124055013
v -0.006936579 0.00696305931 0.129448846
v -0.006936579 0.006965559 0.128055
v -0.006936579 0.00696305931 0.128055
v -0.006933654 0.00760306045 0.12948069
v -0.00693365326 0.008243058 0.12948069
v -0.00693365373 0.00696305931 0.12948069
v -0.006924284 0.008243058 0.129513264
v -0.006924285 0.00760306045 0.129513264
v -0.00692428462 0.00696305931 0.129513264
v -0.006908042 0.008243058 0.1295446
v -0.006908043 0.00760306045 0.1295446
v -0.00690804236 0.00696305931 0.1295446
v -0.00688530831 0.008243058 0.129572585
v -0.00688530924 0.00760306045 0.129572585
v -0.006885309 0.00696305931 0.129572585
v -0.006857324 0.008243058 0.129595309
v -0.006857323 0.00760306045 0.129595309
v -0.00685732346 0.00696305931 0.129595309
v -0.00682597561 0.008243058 0.129611552
v -0.00682597654 0.00760306045 0.129611552
v -0.006825976 0.00696305931 0.129611552
v -0.00679340167 0.008243058 0.12962091
v -0.0067934026 0.00760306045 0.12962091
v -0.006793402 0.00696305931 0.12962091
v -0.006761558 0.008243058 0.12962383
v -0.00676155835 0.00696305931 0.12962383
v -0.00693657948 0.0107830577 0.128055
v -0.00693657948 0.0107830577 0.129448846
v -0.00693657948 0.010780558 0.128055
v -0.00693657948 0.0103930607 0.127405018
v -0.00693657948 0.00989306 0.127405018
v -0.00693657948 0.01014306 0.12675193
v -0.00693657948 0.0103930607 0.124635011
v -0.00693657948 0.00989306 0.124635011
v -0.00693657948 0.0100430585 0.124055013
v -0.00693657948 0.0102430582 0.124055013
v -0.00693657948 0.009503059 0.129448846
v -0.006936579 0.009505559 0.128055
v -0.00693657948 0.009503059 0.128055
v -0.006933654 0.01014306 0.12948069
v -0.006933654 0.0107830577 0.12948069
v -0.006933654 0.009503059 0.12948069
v -0.006924285 0.0107830577 0.129513264
v -0.006924285 0.01014306 0.129513264
v -0.006924285 0.009503059 0.129513264
v -0.006908043 0.0107830577 0.1295446
v -0.006908043 0.01014306 0.1295446
v -0.006908043 0.009503059 0.1295446
v -0.00688530924 0.0107830577 0.129572585
v -0.00688530924 0.01014306 0.129572585
v -0.00688530924 0.009503059 0.129572585
v -0.006857324 0.0107830577 0.129595309
v -0.006857324 0.01014306 0.129595309
v -0.006857324 0.009503059 0.129595309
v -0.00682597654 0.0107830577 0.129611552
v -0.00682597654 0.01014306 0.129611552
v -0.00682597654 0.009503059 0.129611552
v -0.0067934026 0.0107830577 0.12962091
v -0.0067934026 0.01014306 0.12962091
v -0.0067934026 0.009503059 0.12962091
v -0.006761559 0.0107830577 0.12962383
v -0.006761559 0.009503059 0.12962383
v -0.00706157833 0.00296680629 0.127730012
v -0.00718657859 0.00316055864 0.128055
v -0.006936578 0.00316055864 0.128055
v -0.006936579 0.00277305767 0.127405018
v -0.00718657952 0.00277305767 0.127405018
v -0.00706157926 0.00277305767 0.126020014
v -0.00718657952 0.00277305767 0.127405018
v -0.006936579 0.00277305767 0.127405018
v -0.006936579 0.00277305767 0.124635011
v -0.00718657952 0.00277305767 0.124635011
v -0.007061579 0.00269806013 0.124345012
v -0.00718657952 0.00277305767 0.124635011
v -0.006936579 0.00277305767 0.124635011
v -0.00693657855 0.00262305886 0.124055013
v -0.007186579 0.00262305886 0.124055013
v -0.007061579 0.00252305716 0.124055013
v -0.007186579 0.00262305886 0.124055013
v -0.00693657855 0.00262305886 0.124055013
v -0.006936579 0.0024230592 0.124055013
v -0.00718657952 0.0024230592 0.124055013
v -0.007061579 0.002348058 0.124345012
v -0.00718657952 0.0024230592 0.124055013
v -0.006936579 0.0024230592 0.124055013
v -0.00693657855 0.00227305666 0.124635011
v -0.007186579 0.00227305666 0.124635011
v -0.007061579 0.00227305666 0.126020014
v -0.007186579 0.00227305666 0.124635011
v -0.00693657855 0.00227305666 0.124635011
v -0.00693657855 0.00227305666 0.127405018
v -0.007186579 0.00227305666 0.127405018
v -0.007061579 0.002079308 0.127730012
v -0.007186579 0.00227305666 0.127405018
v -0.00693657855 0.00227305666 0.127405018
v -0.00693657855 0.00188555941 0.128055
v -0.007186579 0.00188555941 0.128055
v -0.007061579 0.00188430771 0.128055
v -0.007186579 0.00188555941 0.128055
v -0.00693657855 0.00188555941 0.128055
v -0.00693657855 0.001883056 0.128055
v -0.007186579 0.001883056 0.128055
v -0.00706157833 0.00316180661 0.128055
v -0.006936578 0.00316055864 0.128055
v -0.00718657859 0.00316055864 0.128055
v -0.007186579 0.00316305831 0.128055
v -0.00693657855 0.00316305831 0.128055
v -0.00706157926 0.00550681 0.127730012
v -0.00718657952 0.00570055842 0.128055
v -0.006936579 0.00570055842 0.128055
v -0.00693657948 0.00531305745 0.127405018
v -0.00718658 0.00531305745 0.127405018
v -0.00706157973 0.00531305745 0.126020014
v -0.00718658 0.00531305745 0.127405018
v -0.00693657948 0.00531305745 0.127405018
v -0.00693657948 0.00531305745 0.124635011
v -0.00718658 0.00531305745 0.124635011
v -0.00706157926 0.00523806 0.124345012
v -0.00718658 0.00531305745 0.124635011
v -0.00693657948 0.00531305745 0.124635011
v -0.00693657855 0.00516305864 0.124055013
v -0.007186579 0.00516305864 0.124055013
v -0.00706157926 0.005063057 0.124055013
v -0.007186579 0.00516305864 0.124055013
v -0.00693657855 0.00516305864 0.124055013
v -0.006936579 0.004963059 0.124055013
v -0.00718657952 0.004963059 0.124055013
v -0.00706157926 0.00488805771 0.124345012
v -0.00718657952 0.004963059 0.124055013
v -0.006936579 0.004963059 0.124055013
v -0.00693657855 0.00481305644 0.124635011
v -0.007186579 0.00481305644 0.124635011
v -0.007061579 0.00481305644 0.126020014
v -0.007186579 0.00481305644 0.124635011
v -0.00693657855 0.00481305644 0.124635011
v -0.00693657855 0.00481305644 0.127405018
v -0.007186579 0.00481305644 0.127405018
v -0.00706157926 0.004619308 0.127730012
v -0.007186579 0.00481305644 0.127405018
v -0.00693657855 0.00481305644 0.127405018
v -0.006936579 0.004425559 0.128055
v -0.00718657952 0.004425559 0.128055
v -0.00706157926 0.0044243075 0.128055
v -0.00718657952 0.004425559 0.128055
v -0.006936579 0.004425559 0.128055
v -0.006936579 0.00442305952 0.128055
v -0.00718657952 0.00442305952 0.128055
v -0.00706157926 0.00570181 0.128055
v -0.006936579 0.00570055842 0.128055
v -0.00718657952 0.00570055842 0.128055
v -0.00718657952 0.005703058 0.128055
v -0.006936579 0.005703058 0.128055
v -0.00706157973 0.00804681 0.127730012
v -0.00718658 0.008240558 0.128055
v -0.00693657948 0.008240558 0.128055
v -0.00693657948 0.007853057 0.127405018
v -0.00718658 0.007853057 0.127405018
v -0.00706157973 0.007853057 0.126020014
v -0.00718658 0.007853057 0.127405018
v -0.00693657948 0.007853057 0.127405018
v -0.00693657948 0.007853057 0.124635011
v -0.00718658 0.007853057 0.124635011
v -0.00706157973 0.00777805969 0.124345012
v -0.00718658 0.007853057 0.124635011
v -0.00693657948 0.007853057 0.124635011
v -0.006936579 0.00770305842 0.124055013
v -0.00718657952 0.00770305842 0.124055013
v -0.007061579 0.00760306045 0.124055013
v -0.00718657952 0.00770305842 0.124055013
v -0.006936579 0.00770305842 0.124055013
v -0.00693657855 0.00750305876 0.124055013
v -0.007186579 0.00750305876 0.124055013
v -0.00706157973 0.00742805749 0.124345012
v -0.007186579 0.00750305876 0.124055013
v -0.00693657855 0.00750305876 0.124055013
v -0.00693657948 0.00735306 0.124635011
v -0.00718658 0.00735306 0.124635011
v -0.00706157973 0.00735306 0.126020014
v -0.00718658 0.00735306 0.124635011
v -0.00693657948 0.00735306 0.124635011
v -0.00693657948 0.00735306 0.127405018
v -0.00718658 0.00735306 0.127405018
v -0.00706157973 0.0071593076 0.127730012
v -0.00718658 0.00735306 0.127405018
v -0.00693657948 0.00735306 0.127405018
v -0.006936579 0.006965559 0.128055
v -0.00718657952 0.006965559 0.128055
v -0.00706157926 0.00696430728 0.128055
v -0.00718657952 0.006965559 0.128055
v -0.006936579 0.006965559 0.128055
v -0.006936579 0.00696305931 0.128055
v -0.00718657952 0.00696305931 0.128055
v -0.00706157973 0.00824181 0.128055
v -0.00693657948 0.008240558 0.128055
v -0.00718658 0.008240558 0.128055
v -0.00718658 0.008243058 0.128055
v -0.00693657948 0.008243058 0.128055
v -0.00706157973 0.0105868094 0.127730012
v -0.00718658 0.010780558 0.128055
v -0.00693657948 0.010780558 0.128055
v -0.00693657948 0.0103930607 0.127405018
v -0.00718658 0.0103930607 0.127405018
v -0.00706157973 0.0103930607 0.126020014
v -0.00718658 0.0103930607 0.127405018
v -0.00693657948 0.0103930607 0.127405018
v -0.00693657948 0.0103930607 0.124635011
v -0.00718658 0.0103930607 0.124635011
v -0.00706157973 0.0103180595 0.124345012
v -0.00718658 0.0103930607 0.124635011
v -0.00693657948 0.0103930607 0.124635011
v -0.00693657948 0.0102430582 0.124055013
v -0.00718658 0.0102430582 0.124055013
v -0.00706157973 0.01014306 0.124055013
v -0.00718658 0.0102430582 0.124055013
v -0.00693657948 0.0102430582 0.124055013
v -0.00693657948 0.0100430585 0.124055013
v -0.00718658 0.0100430585 0.124055013
v -0.00706157973 0.009968061 0.124345012
v -0.00718658 0.0100430585 0.124055013
v -0.00693657948 0.0100430585 0.124055013
v -0.00693657948 0.00989306 0.124635011
v -0.00718657952 0.00989306 0.124635011
v -0.00706157926 0.00989306 0.126020014
v -0.00718657952 0.00989306 0.124635011
v -0.00693657948 0.00989306 0.124635011
v -0.00693657948 0.00989306 0.127405018
v -0.00718657952 0.00989306 0.127405018
v -0.00706157973 0.009699311 0.127730012
v -0.00718657952 0.00989306 0.127405018
v -0.00693657948 0.00989306 0.127405018
v -0.006936579 0.009505559 0.128055
v -0.00718657952 0.009505559 0.128055
v -0.00706158 0.009504311 0.128055
v -0.00718657952 0.009505559 0.128055
v -0.006936579 0.009505559 0.128055
v -0.00693657948 0.009503059 0.128055
v -0.00718658 0.009503059 0.128055
v -0.00706157973 0.01078181 0.128055
v -0.00693657948 0.010780558 0.128055
v -0.00718658 0.010780558 0.128055
v -0.00718658 0.0107830577 0.128055
v -0.00693657948 0.0107830577 0.128055
v 0.0005584215 0.009699311 0.127730012
v 0.0004334217 0.00989306 0.127405018
v 0.000683421735 0.00989306 0.127405018
v 0.000683421735 0.009505559 0.128055
v 0.0004334217 0.009505559 0.128055
v 0.0005584215 0.00989306 0.126020014
v 0.0004334217 0.00989306 0.124635011
v 0.000683421735 0.00989306 0.124635011
v 0.000683421735 0.00989306 0.127405018
v 0.0004334217 0.00989306 0.127405018
v 0.0005584215 0.009968061 0.124345012
v 0.0004334217 0.0100430585 0.124055013
v 0.000683421735 0.0100430585 0.124055013
v 0.000683421735 0.00989306 0.124635011
v 0.0004334217 0.00989306 0.124635011
v 0.0005584215 0.01014306 0.124055013
v 0.000433421228 0.0102430619 0.124055013
v 0.000683421269 0.0102430619 0.124055013
v 0.000683421735 0.0100430585 0.124055013
v 0.0004334217 0.0100430585 0.124055013
v 0.0005584215 0.0103180595 0.124345012
v 0.000433421228 0.0103930607 0.124635011
v 0.000683421269 0.0103930607 0.124635011
v 0.000683421269 0.0102430619 0.124055013
v 0.000433421228 0.0102430619 0.124055013
v 0.0005584215 0.0103930607 0.126020014
v 0.000433421228 0.0103930607 0.127405018
v 0.000683421269 0.0103930607 0.127405018
v 0.000683421269 0.0103930607 0.124635011
v 0.000433421228 0.0103930607 0.124635011
v 0.0005584215 0.0105868094 0.127730012
v 0.000433421228 0.0107805617 0.128055
v 0.000683421269 0.0107805617 0.128055
v 0.000683421269 0.0103930607 0.127405018
v 0.000433421228 0.0103930607 0.127405018
v 0.0005584215 0.01078181 0.128055
v 0.000683421269 0.0107830614 0.128055
v 0.000683421269 0.0107805617 0.128055
v 0.000433421228 0.0107805617 0.128055
v 0.000433421228 0.0107830614 0.128055
v 0.0005584215 0.009504311 0.128055
v 0.0004334217 0.009505559 0.128055
v 0.000683421735 0.009505559 0.128055
v 0.000683421735 0.009503059 0.128055
v 0.0004334217 0.009503059 0.128055
v 0.000558421947 0.00715931132 0.127730012
v 0.0004334217 0.00735306 0.127405018
v 0.000683421735 0.00735306 0.127405018
v 0.000683421735 0.006965559 0.128055
v 0.000433422159 0.006965559 0.128055
v 0.0005584215 0.00735306 0.126020014
v 0.0004334217 0.00735306 0.124635011
v 0.000683421735 0.00735306 0.124635011
v 0.000683421735 0.00735306 0.127405018
v 0.0004334217 0.00735306 0.127405018
v 0.0005584215 0.007428061 0.124345012
v 0.0004334217 0.00750305876 0.124055013
v 0.000683421735 0.00750305876 0.124055013
v 0.000683421735 0.00735306 0.124635011
v 0.0004334217 0.00735306 0.124635011
v 0.0005584215 0.00760306045 0.124055013
v 0.0004334217 0.00770305842 0.124055013
v 0.000683421735 0.00770305842 0.124055013
v 0.000683421735 0.00750305876 0.124055013
v 0.0004334217 0.00750305876 0.124055013
v 0.0005584215 0.00777805969 0.124345012
v 0.0004334217 0.007853061 0.124635011
v 0.000683421735 0.007853061 0.124635011
v 0.000683421735 0.00770305842 0.124055013
v 0.0004334217 0.00770305842 0.124055013
v 0.0005584215 0.007853061 0.126020014
v 0.0004334217 0.007853061 0.127405018
v 0.000683421735 0.007853061 0.127405018
v 0.000683421735 0.007853061 0.124635011
v 0.0004334217 0.007853061 0.124635011
v 0.0005584215 0.00804681 0.127730012
v 0.0004334217 0.008240558 0.128055
v 0.000683421735 0.008240558 0.128055
v 0.000683421735 0.007853061 0.127405018
v 0.0004334217 0.007853061 0.127405018
v 0.0005584215 0.00824181 0.128055
v 0.000683421735 0.008243062 0.128055
v 0.000683421735 0.008240558 0.128055
v 0.0004334217 0.008240558 0.128055
v 0.0004334217 0.008243062 0.128055
v 0.000558421947 0.006964311 0.128055
v 0.000433422159 0.006965559 0.128055
v 0.000683421735 0.006965559 0.128055
v 0.000683421735 0.00696305931 0.128055
v 0.000433422159 0.00696305931 0.128055
v 0.000558421947 0.004619308 0.127730012
v 0.000433422159 0.00481306 0.127405018
v 0.000683421735 0.00481306 0.127405018
v 0.0006834222 0.004425559 0.128055
v 0.0004334217 0.004425559 0.128055
v 0.000558421947 0.00481306 0.126020014
v 0.000433422159 0.00481306 0.124635011
v 0.000683421735 0.00481306 0.124635011
v 0.000683421735 0.00481306 0.127405018
v 0.000433422159 0.00481306 0.127405018
v 0.000558421947 0.00488805771 0.124345012
v 0.0004334217 0.004963059 0.124055013
v 0.0006834222 0.004963059 0.124055013
v 0.000683421735 0.00481306 0.124635011
v 0.000433422159 0.00481306 0.124635011
v 0.000558421947 0.00506306067 0.124055013
v 0.000433422159 0.00516305864 0.124055013
v 0.000683421735 0.00516305864 0.124055013
v 0.0006834222 0.004963059 0.124055013
v 0.0004334217 0.004963059 0.124055013
v 0.000558421947 0.00523806 0.124345012
v 0.000433422159 0.00531305745 0.124635011
v 0.000683421735 0.00531305745 0.124635011
v 0.000683421735 0.00516305864 0.124055013
v 0.000433422159 0.00516305864 0.124055013
v 0.000558421947 0.00531305745 0.126020014
v 0.000433422159 0.00531305745 0.127405018
v 0.000683421735 0.00531305745 0.127405018
v 0.000683421735 0.00531305745 0.124635011
v 0.000433422159 0.00531305745 0.124635011
v 0.000558421947 0.00550681 0.127730012
v 0.0004334217 0.00570055842 0.128055
v 0.0006834222 0.00570055842 0.128055
v 0.000683421735 0.00531305745 0.127405018
v 0.000433422159 0.00531305745 0.127405018
v 0.000558421947 0.00570181 0.128055
v 0.0006834222 0.005703058 0.128055
v 0.0006834222 0.00570055842 0.128055
v 0.0004334217 0.00570055842 0.128055
v 0.0004334217 0.005703058 0.128055
v 0.000558421947 0.004424311 0.128055
v 0.0004334217 0.004425559 0.128055
v 0.0006834222 0.004425559 0.128055
v 0.0006834222 0.00442305952 0.128055
v 0.0004334217 0.00442305952 0.128055
v 0.0005584224 0.002079308 0.127730012
v 0.000433422159 0.00227305666 0.127405018
v 0.000683422666 0.00227305666 0.127405018
v 0.000683422666 0.00188555941 0.128055
v 0.000433422159 0.00188555941 0.128055
v 0.0005584224 0.00227305666 0.126020014
v 0.000433422159 0.00227305666 0.124635011
v 0.000683422666 0.00227305666 0.124635011
v 0.000683422666 0.00227305666 0.127405018
v 0.000433422159 0.00227305666 0.127405018
v 0.0005584224 0.002348058 0.124345012
v 0.000433422625 0.0024230592 0.124055013
v 0.0006834222 0.0024230592 0.124055013
v 0.000683422666 0.00227305666 0.124635011
v 0.000433422159 0.00227305666 0.124635011
v 0.0005584224 0.002523061 0.124055013
v 0.000433422159 0.00262305886 0.124055013
v 0.000683422666 0.00262305886 0.124055013
v 0.0006834222 0.0024230592 0.124055013
v 0.000433422625 0.0024230592 0.124055013
v 0.0005584224 0.00269806013 0.124345012
v 0.000433422625 0.00277305767 0.124635011
v 0.0006834222 0.00277305767 0.124635011
v 0.000683422666 0.00262305886 0.124055013
v 0.000433422159 0.00262305886 0.124055013
v 0.0005584224 0.00277305767 0.126020014
v 0.000433422625 0.00277305767 0.127405018
v 0.0006834222 0.00277305767 0.127405018
v 0.0006834222 0.00277305767 0.124635011
v 0.000433422625 0.00277305767 0.124635011
v 0.0005584224 0.00296681 0.127730012
v 0.000433422625 0.00316055864 0.128055
v 0.0006834222 0.00316055864 0.128055
v 0.0006834222 0.00277305767 0.127405018
v 0.000433422625 0.00277305767 0.127405018
v 0.0005584224 0.00316181034 0.128055
v 0.000683422666 0.00316305831 0.128055
v 0.0006834222 0.00316055864 0.128055
v 0.000433422625 0.00316055864 0.128055
v 0.000433422159 0.00316305831 0.128055
v 0.0005584224 0.00188430771 0.128055
v 0.000433422159 0.00188555941 0.128055
v 0.000683422666 0.00188555941 0.128055
v 0.000683422666 0.00188305974 0.128055
v 0.000433422159 0.00188305974 0.128055
v -0.007061579 0.001883056 0.128751934
v -0.007186579 0.001883056 0.128055
v -0.00693657855 0.001883056 0.128055
v -0.00693657855 0.001883056 0.129448846
v -0.007186579 0.001883056 0.129448846
v -0.00693657855 0.00316305831 0.129448846
v -0.007061579 0.00316305831 0.128751934
v -0.007186579 0.00316305831 0.129448846
v -0.00693657855 0.00316305831 0.128055
v -0.007186579 0.00316305831 0.128055
v -0.00706157926 0.00442305952 0.128751934
v -0.00718657952 0.00442305952 0.128055
v -0.006936579 0.00442305952 0.128055
v -0.006936579 0.00442305952 0.129448846
v -0.00718657952 0.00442305952 0.129448846
v -0.006936579 0.005703058 0.129448846
v -0.00706157926 0.005703058 0.128751934
v -0.00718657952 0.005703058 0.129448846
v -0.006936579 0.005703058 0.128055
v -0.00718657952 0.005703058 0.128055
v -0.00706157926 0.00696305931 0.128751934
v -0.00718657952 0.00696305931 0.128055
v -0.006936579 0.00696305931 0.128055
v -0.006936579 0.00696305931 0.129448846
v -0.00718657952 0.00696305931 0.129448846
v -0.00693657948 0.008243058 0.129448846
v -0.00706157973 0.008243058 0.128751934
v -0.00718658 0.008243058 0.129448846
v -0.00693657948 0.008243058 0.128055
v -0.00718658 0.008243058 0.128055
v -0.00706157973 0.009503059 0.128751934
v -0.00718658 0.009503059 0.128055
v -0.00693657948 0.009503059 0.128055
v -0.00693657948 0.009503059 0.129448846
v -0.00718658 0.009503059 0.129448846
v -0.00693657948 0.0107830577 0.129448846
v -0.00706157973 0.0107830577 0.128751934
v -0.00718658 0.0107830577 0.129448846
v -0.00693657948 0.0107830577 0.128055
v -0.00718658 0.0107830577 0.128055
v 0.0005584215 0.0107830614 0.1287519
v 0.000433421228 0.0107830614 0.1294488
v 0.000683421269 0.0107830614 0.1294488
v 0.000683421269 0.0107830614 0.128055
v 0.000433421228 0.0107830614 0.128055
v 0.0005584215 0.009503059 0.1287519
v 0.000683421735 0.009503059 0.1294488
v 0.0004334217 0.009503059 0.1294488
v 0.0004334217 0.009503059 0.128055
v 0.000683421735 0.009503059 0.128055
v 0.0005584215 0.008243062 0.1287519
v 0.0004334217 0.008243062 0.1294488
v 0.000683421735 0.008243062 0.1294488
v 0.000683421735 0.008243062 0.128055
v 0.0004334217 0.008243062 0.128055
v 0.000558421947 0.00696305931 0.1287519
v 0.000683421735 0.00696305931 0.1294488
v 0.000433422159 0.00696305931 0.1294488
v 0.000433422159 0.00696305931 0.128055
v 0.000683421735 0.00696305931 0.128055
v 0.000558421947 0.005703058 0.1287519
v 0.0004334217 0.005703058 0.1294488
v 0.0006834222 0.005703058 0.1294488
v 0.0006834222 0.005703058 0.128055
v 0.0004334217 0.005703058 0.128055
v 0.000558421947 0.00442305952 0.1287519
v 0.0006834222 0.00442305952 0.1294488
v 0.0004334217 0.00442305952 0.1294488
v 0.0004334217 0.00442305952 0.128055
v 0.0006834222 0.00442305952 0.128055
v 0.0005584224 0.00316305831 0.1287519
v 0.000433422159 0.00316305831 0.1294488
v 0.000683422666 0.00316305831 0.1294488
v 0.000683422666 0.00316305831 0.128055
v 0.000433422159 0.00316305831 0.128055
v 0.0005584224 0.00188305974 0.1287519
v 0.000683422666 0.00188305974 0.1294488
v 0.000433422159 0.00188305974 0.1294488
v 0.000433422159 0.00188305974 0.128055
v 0.000683422666 0.00188305974 0.128055
v 0.0004305048 0.002523061 0.129480645
v 0.000430504326 0.00188305974 0.129480645
v 0.000421142671 0.00188305974 0.129513219
v 0.000433422159 0.00188305974 0.1294488
v 0.000433422159 0.00316305831 0.1294488
v 0.0004305048 0.00316305831 0.129480645
v 0.000421143137 0.002523061 0.129513219
v 0.000404907856 0.00188305974 0.129544571
v 0.000421143137 0.00316305831 0.129513219
v 0.000404908322 0.002523061 0.129544571
v 0.0003821808 0.00188305974 0.129572555
v 0.000404908322 0.00316305831 0.129544571
v 0.0003821808 0.002523061 0.129572555
v 0.000354202 0.00188305974 0.12959528
v 0.0003821808 0.00316305831 0.129572555
v 0.000354202 0.002523061 0.12959528
v 0.000322858337 0.00188305974 0.129611522
v 0.000354201533 0.00316305831 0.12959528
v 0.000322858337 0.002523061 0.129611522
v 0.000290286262 0.00188305974 0.1296209
v 0.000322858337 0.00316305831 0.129611522
v 0.000290286262 0.002523061 0.1296209
v 0.0002584434 0.00188305974 0.12962383
v 0.000290286727 0.00316305831 0.1296209
v 0.0002584434 0.00316305831 0.12962383
v 0.000430504326 0.00506306067 0.129480645
v 0.000430504326 0.00442305952 0.129480645
v 0.000421142671 0.00442305952 0.129513219
v 0.0004334217 0.00442305952 0.1294488
v 0.0004334217 0.005703058 0.1294488
v 0.000430504326 0.005703058 0.129480645
v 0.000421142671 0.00506306067 0.129513219
v 0.000404907856 0.00442305952 0.129544571
v 0.000421142671 0.005703058 0.129513219
v 0.000404907856 0.00506306067 0.129544571
v 0.000382180326 0.00442305952 0.129572555
v 0.000404907856 0.005703058 0.129544571
v 0.000382180326 0.00506306067 0.129572555
v 0.000354201067 0.00442305952 0.12959528
v 0.000382180326 0.005703058 0.129572555
v 0.000354201067 0.00506306067 0.12959528
v 0.000322857872 0.00442305952 0.129611522
v 0.000354201067 0.005703058 0.12959528
v 0.000322857872 0.00506306067 0.129611522
v 0.000290286262 0.00442305952 0.1296209
v 0.000322857872 0.005703058 0.129611522
v 0.000290286262 0.00506306067 0.1296209
v 0.000258442946 0.00442305952 0.12962383
v 0.000290286262 0.005703058 0.1296209
v 0.000258442946 0.005703058 0.12962383
v 0.00043050386 0.00760306045 0.129480645
v 0.000430504326 0.00696305931 0.129480645
v 0.000421142671 0.00696305931 0.129513219
v 0.000433422159 0.00696305931 0.1294488
v 0.0004334217 0.008243062 0.1294488
v 0.00043050386 0.008243062 0.129480645
v 0.000421142671 0.00760306045 0.129513219
v 0.000404907856 0.00696305931 0.129544571
v 0.000421142671 0.008243062 0.129513219
v 0.0004049074 0.00760306045 0.129544571
v 0.0003821808 0.00696305931 0.129572555
v 0.0004049074 0.008243062 0.129544571
v 0.000382180326 0.00760306045 0.129572555
v 0.000354201067 0.00696305931 0.12959528
v 0.000382180326 0.008243062 0.129572555
v 0.000354201067 0.00760306045 0.12959528
v 0.000322858337 0.00696305931 0.129611522
v 0.000354201067 0.008243062 0.12959528
v 0.000322857872 0.00760306045 0.129611522
v 0.000290286262 0.00696305931 0.1296209
v 0.000322857872 0.008243062 0.129611522
v 0.0002902858 0.00760306045 0.1296209
v 0.000258442946 0.00696305931 0.12962383
v 0.0002902858 0.008243062 0.1296209
v 0.00025844248 0.008243062 0.12962383
v 0.00043050386 0.01014306 0.129480645
v 0.00043050386 0.009503059 0.129480645
v 0.0004211422 0.009503059 0.129513219
v 0.0004334217 0.009503059 0.1294488
v 0.000433421228 0.0107830614 0.1294488
v 0.00043050386 0.0107830614 0.129480645
v 0.0004211422 0.01014306 0.129513219
v 0.0004049074 0.009503059 0.129544571
v 0.0004211422 0.0107830614 0.129513219
v 0.0004049074 0.01014306 0.129544571
v 0.00038217986 0.009503059 0.129572555
v 0.000404906925 0.0107830614 0.129544571
v 0.00038217986 0.01014306 0.129572555
v 0.0003542006 0.009503059 0.12959528
v 0.00038217986 0.0107830614 0.129572555
v 0.0003542006 0.01014306 0.12959528
v 0.0003228574 0.009503059 0.129611522
v 0.0003542006 0.0107830614 0.12959528
v 0.0003228574 0.01014306 0.129611522
v 0.0002902858 0.009503059 0.1296209
v 0.0003228574 0.0107830614 0.129611522
v 0.0002902858 0.01014306 0.1296209
v 0.00025844248 0.009503059 0.12962383
v 0.00029028533 0.0107830614 0.1296209
v 0.00025844248 0.0107830614 0.12962383
v -0.00664612558 0.01014306 0.12962383
v -0.006761559 0.009503059 0.12962383
v -0.006761559 0.0107830577 0.12962383
v -0.00653069234 0.0107830577 0.12962383
v -0.00653069234 0.009503059 0.12962383
v -0.006646125 0.00760306045 0.12962383
v -0.00676155835 0.00696305931 0.12962383
v -0.006761558 0.008243058 0.12962383
v -0.00653069234 0.008243058 0.12962383
v -0.006530692 0.00696305931 0.12962383
v -0.00664612465 0.005063057 0.12962383
v -0.00676155835 0.00442305952 0.12962383
v -0.00676155835 0.005703058 0.12962383
v -0.006530692 0.005703058 0.12962383
v -0.006530692 0.00442305952 0.12962383
v -0.006646124 0.00252305716 0.12962383
v -0.006761558 0.001883056 0.12962383
v -0.006761558 0.00316305831 0.12962383
v -0.0065306914 0.00316305831 0.12962383
v -0.0065306914 0.001883056 0.12962383
v 0.00025844248 0.009503059 0.129873827
v 0.000335776247 0.01014306 0.129866719
v 0.00025844248 0.0107830614 0.129873827
v 0.000335776247 0.009503059 0.129866719
v 0.000335776247 0.0107830614 0.129866719
v 0.0004148814 0.009503059 0.12984398
v 0.0004148814 0.01014306 0.12984398
v 0.0004148814 0.0107830614 0.12984398
v 0.00049100304 0.009503059 0.129804537
v 0.00049100304 0.01014306 0.129804537
v 0.00049100304 0.0107830614 0.129804537
v 0.000558957 0.009503059 0.129749328
v 0.0005589565 0.01014306 0.129749328
v 0.0005589565 0.0107830614 0.129749328
v 0.000614156 0.009503059 0.129681379
v 0.000614156 0.01014306 0.129681379
v 0.000614156 0.0107830614 0.129681379
v 0.000653589144 0.009503059 0.129605249
v 0.000653589144 0.01014306 0.129605249
v 0.000653589144 0.0107830614 0.129605249
v 0.0006763302 0.009503059 0.129526138
v 0.0006763302 0.01014306 0.129526138
v 0.0006763302 0.0107830614 0.129526138
v 0.000683421735 0.009503059 0.1294488
v 0.000683421269 0.0107830614 0.1294488
v 0.000258442946 0.00696305931 0.129873827
v 0.0003357767 0.00760306045 0.129866719
v 0.00025844248 0.008243062 0.129873827
v 0.0003357767 0.00696305931 0.129866719
v 0.0003357767 0.008243062 0.129866719
v 0.0004148814 0.00696305931 0.12984398
v 0.0004148814 0.00760306045 0.12984398
v 0.0004148814 0.008243062 0.12984398
v 0.000491004 0.00696305931 0.129804537
v 0.0004910035 0.00760306045 0.129804537
v 0.0004910035 0.008243062 0.129804537
v 0.000558957 0.00696305931 0.129749328
v 0.000558957 0.00760306045 0.129749328
v 0.000558957 0.008243062 0.129749328
v 0.0006141565 0.00696305931 0.129681379
v 0.0006141565 0.00760306045 0.129681379
v 0.0006141565 0.008243062 0.129681379
v 0.0006535896 0.00696305931 0.129605249
v 0.0006535896 0.00760306045 0.129605249
v 0.0006535896 0.008243062 0.129605249
v 0.000676330645 0.00696305931 0.129526138
v 0.000676330645 0.00760306045 0.129526138
v 0.0006763302 0.008243062 0.129526138
v 0.000683421735 0.00696305931 0.1294488
v 0.000683421735 0.008243062 0.1294488
v 0.000258442946 0.00442305952 0.129873827
v 0.0003357767 0.00506306067 0.129866719
v 0.000258442946 0.005703058 0.129873827
v 0.0003357767 0.00442305952 0.129866719
v 0.0003357767 0.005703058 0.129866719
v 0.000414881855 0.00442305952 0.12984398
v 0.000414881855 0.00506306067 0.12984398
v 0.000414881855 0.005703058 0.12984398
v 0.0004910035 0.00442305952 0.129804537
v 0.0004910035 0.00506306067 0.129804537
v 0.0004910035 0.005703058 0.129804537
v 0.000558957 0.00442305952 0.129749328
v 0.000558957 0.00506306067 0.129749328
v 0.000558957 0.005703058 0.129749328
v 0.0006141565 0.00442305952 0.129681379
v 0.0006141565 0.00506306067 0.129681379
v 0.0006141565 0.005703058 0.129681379
v 0.0006535896 0.00442305952 0.129605249
v 0.0006535896 0.00506306067 0.129605249
v 0.0006535896 0.005703058 0.129605249
v 0.000676330645 0.00442305952 0.129526138
v 0.000676330645 0.00506306067 0.129526138
v 0.000676330645 0.005703058 0.129526138
v 0.0006834222 0.00442305952 0.1294488
v 0.0006834222 0.005703058 0.1294488
v 0.0002584434 0.00188305974 0.129873827
v 0.000335777644 0.002523061 0.129866719
v 0.0002584434 0.00316305831 0.129873827
v 0.000335777644 0.00188305974 0.129866719
v 0.000335777178 0.00316305831 0.129866719
v 0.000414882321 0.00188305974 0.12984398
v 0.000414882321 0.002523061 0.12984398
v 0.000414882321 0.00316305831 0.12984398
v 0.000491004 0.00188305974 0.129804537
v 0.000491004 0.002523061 0.129804537
v 0.000491004 0.00316305831 0.129804537
v 0.0005589579 0.00188305974 0.129749328
v 0.000558957458 0.002523061 0.129749328
v 0.000558957458 0.00316305831 0.129749328
v 0.0006141574 0.00188305974 0.129681379
v 0.000614156947 0.002523061 0.129681379
v 0.000614156947 0.00316305831 0.129681379
v 0.000653590541 0.00188305974 0.129605249
v 0.0006535901 0.002523061 0.129605249
v 0.0006535901 0.00316305831 0.129605249
v 0.000676330645 0.00188305974 0.129526138
v 0.0006763311 0.002523061 0.129526138
v 0.0006763311 0.00316305831 0.129526138
v 0.000683422666 0.00188305974 0.1294488
v 0.000683422666 0.00316305831 0.1294488
v 0.000142989215 0.002523061 0.12962383
v 2.75350176E-05 0.00188305974 0.12962383
v 2.75350176E-05 0.00316305831 0.12962383
v 0.0002584434 0.00316305831 0.12962383
v 0.0002584434 0.00188305974 0.12962383
v 0.000142988749 0.00506306067 0.12962383
v 2.75345519E-05 0.00442305952 0.12962383
v 2.75345519E-05 0.005703058 0.12962383
v 0.000258442946 0.005703058 0.12962383
v 0.000258442946 0.00442305952 0.12962383
v 0.000142988283 0.00760306045 0.12962383
v 2.75345519E-05 0.00696305931 0.12962383
v 2.75340863E-05 0.008243062 0.12962383
v 0.00025844248 0.008243062 0.12962383
v 0.000258442946 0.00696305931 0.12962383
v 0.000142988283 0.01014306 0.12962383
v 2.75340863E-05 0.009503059 0.12962383
v 2.75340863E-05 0.0107830614 0.12962383
v 0.00025844248 0.0107830614 0.12962383
v 0.00025844248 0.009503059 0.12962383
v -0.006761558 0.001883056 0.129873827
v -0.006646125 0.001883056 0.129748821
v -0.00653340342 0.001883056 0.129873827
v -0.006761558 0.001883056 0.12962383
v -0.006551579 0.001883056 0.129757509
v -0.0065306914 0.001883056 0.12962383
v -0.006647481 0.00252305716 0.129873827
v -0.006761558 0.00316305831 0.129873827
v -0.006761558 0.001883056 0.129873827
v -0.00653340342 0.001883056 0.129873827
v -0.00653340342 0.00316305831 0.129873827
v -0.006761558 0.00316305831 0.12962383
v -0.006646125 0.00316305831 0.129748821
v -0.0065306914 0.00316305831 0.12962383
v -0.006761558 0.00316305831 0.129873827
v -0.006551579 0.00316305831 0.129757509
v -0.00653340342 0.00316305831 0.129873827
v -0.00676155835 0.00442305952 0.129873827
v -0.00664612558 0.00442305952 0.129748821
v -0.006533404 0.00442305952 0.129873827
v -0.00676155835 0.00442305952 0.12962383
v -0.00655157957 0.00442305952 0.129757509
v -0.006530692 0.00442305952 0.12962383
v -0.00664748158 0.005063057 0.129873827
v -0.00676155835 0.005703058 0.129873827
v -0.00676155835 0.00442305952 0.129873827
v -0.006533404 0.00442305952 0.129873827
v -0.006533404 0.005703058 0.129873827
v -0.00676155835 0.005703058 0.12962383
v -0.00664612558 0.005703058 0.129748821
v -0.006530692 0.005703058 0.12962383
v -0.00676155835 0.005703058 0.129873827
v -0.00655157957 0.005703058 0.129757509
v -0.006533404 0.005703058 0.129873827
v -0.00676155835 0.00696305931 0.129873827
v -0.00664612465 0.00696305931 0.129748821
v -0.006533405 0.00696305931 0.129873827
v -0.00676155835 0.00696305931 0.12962383
v -0.00655157957 0.00696305931 0.129757509
v -0.006530692 0.00696305931 0.12962383
v -0.006647481 0.00760306045 0.129873827
v -0.006761558 0.008243058 0.129873827
v -0.00676155835 0.00696305931 0.129873827
v -0.006533405 0.00696305931 0.129873827
v -0.00653340435 0.008243058 0.129873827
v -0.006761558 0.008243058 0.12962383
v -0.006646125 0.008243058 0.129748821
v -0.00653069234 0.008243058 0.12962383
v -0.006761558 0.008243058 0.129873827
v -0.00655158 0.008243058 0.129757509
v -0.00653340435 0.008243058 0.129873827
v -0.006761559 0.009503059 0.129873827
v -0.006646125 0.009503059 0.129748821
v -0.006533405 0.009503059 0.129873827
v -0.006761559 0.009503059 0.12962383
v -0.00655158 0.009503059 0.129757509
v -0.00653069234 0.009503059 0.12962383
v -0.006647482 0.01014306 0.129873827
v -0.006761559 0.0107830577 0.129873827
v -0.006761559 0.009503059 0.129873827
v -0.006533405 0.009503059 0.129873827
v -0.006533405 0.0107830577 0.129873827
v -0.006761559 0.0107830577 0.12962383
v -0.00664612558 0.0107830577 0.129748821
v -0.00653069234 0.0107830577 0.12962383
v -0.006761559 0.0107830577 0.129873827
v -0.00655158 0.0107830577 0.129757509
v -0.006533405 0.0107830577 0.129873827
v 4.84213233E-05 0.0107830614 0.129757509
v 0.000142988283 0.0107830614 0.129748821
v 2.75340863E-05 0.0107830614 0.12962383
v 3.02460976E-05 0.0107830614 0.129873827
v 0.00025844248 0.0107830614 0.12962383
v 0.00025844248 0.0107830614 0.129873827
v 0.000144344289 0.01014306 0.129873827
v 3.02460976E-05 0.0107830614 0.129873827
v 3.02460976E-05 0.009503059 0.129873827
v 0.00025844248 0.009503059 0.129873827
v 0.00025844248 0.0107830614 0.129873827
v 4.84213233E-05 0.009503059 0.129757509
v 0.000142988283 0.009503059 0.129748821
v 3.02460976E-05 0.009503059 0.129873827
v 2.75340863E-05 0.009503059 0.12962383
v 0.00025844248 0.009503059 0.129873827
v 0.00025844248 0.009503059 0.12962383
v 4.842179E-05 0.008243062 0.129757509
v 0.000142988283 0.008243062 0.129748821
v 2.75340863E-05 0.008243062 0.12962383
v 3.02460976E-05 0.008243062 0.129873827
v 0.00025844248 0.008243062 0.12962383
v 0.00025844248 0.008243062 0.129873827
v 0.000144344289 0.00760306045 0.129873827
v 3.02460976E-05 0.008243062 0.129873827
v 3.02465633E-05 0.00696305931 0.129873827
v 0.000258442946 0.00696305931 0.129873827
v 0.00025844248 0.008243062 0.129873827
v 4.842179E-05 0.00696305931 0.129757509
v 0.000142988749 0.00696305931 0.129748821
v 3.02465633E-05 0.00696305931 0.129873827
v 2.75345519E-05 0.00696305931 0.12962383
v 0.000258442946 0.00696305931 0.129873827
v 0.000258442946 0.00696305931 0.12962383
v 4.842179E-05 0.005703058 0.129757509
v 0.000142988749 0.005703058 0.129748821
v 2.75345519E-05 0.005703058 0.12962383
v 3.02465633E-05 0.005703058 0.129873827
v 0.000258442946 0.005703058 0.12962383
v 0.000258442946 0.005703058 0.129873827
v 0.000144344755 0.00506306067 0.129873827
v 3.02465633E-05 0.005703058 0.129873827
v 3.02465633E-05 0.00442305952 0.129873827
v 0.000258442946 0.00442305952 0.129873827
v 0.000258442946 0.005703058 0.129873827
v 4.842179E-05 0.00442305952 0.129757509
v 0.000142988749 0.00442305952 0.129748821
v 3.02465633E-05 0.00442305952 0.129873827
v 2.75345519E-05 0.00442305952 0.12962383
v 0.000258442946 0.00442305952 0.129873827
v 0.000258442946 0.00442305952 0.12962383
v 4.84222546E-05 0.00316305831 0.129757509
v 0.000142989215 0.00316305831 0.129748821
v 2.75350176E-05 0.00316305831 0.12962383
v 3.02470289E-05 0.00316305831 0.129873827
v 0.0002584434 0.00316305831 0.12962383
v 0.0002584434 0.00316305831 0.129873827
v 0.00014434522 0.002523061 0.129873827
v 3.02470289E-05 0.00316305831 0.129873827
v 3.02470289E-05 0.00188305974 0.129873827
v 0.0002584434 0.00188305974 0.129873827
v 0.0002584434 0.00316305831 0.129873827
v 4.842272E-05 0.00188305974 0.129757509
v 0.000142989215 0.00188305974 0.129748821
v 3.02470289E-05 0.00188305974 0.129873827
v 2.75350176E-05 0.00188305974 0.12962383
v 0.0002584434 0.00188305974 0.129873827
v 0.0002584434 0.00188305974 0.12962383
f 1 2 3
f 4 1 3
f 4 3 5
f 6 4 5
f 5 3 7
f 7 3 8
f 6 5 9
f 10 6 9
f 11 5 7
f 9 5 11
f 10 9 12
f 13 10 12
f 11 7 14
f 14 7 15
f 16 9 11
f 16 12 9
f 13 12 17
f 18 13 17
f 19 11 14
f 16 11 19
f 20 12 16
f 12 20 17
f 18 17 21
f 22 18 21
f 19 14 23
f 23 14 24
f 25 16 19
f 25 20 16
f 20 26 17
f 17 26 21
f 27 22 21
f 22 27 28
f 27 29 28
f 30 19 23
f 25 19 30
f 25 31 20
f 20 31 26
f 27 21 32
f 26 32 21
f 27 33 29
f 33 27 32
f 33 34 29
f 26 35 32
f 31 35 26
f 36 31 25
f 36 25 30
f 30 23 37
f 37 23 38
f 33 32 39
f 35 39 32
f 33 40 34
f 40 33 39
f 40 41 34
f 31 42 35
f 36 42 31
f 36 30 43
f 43 30 37
f 35 44 39
f 42 44 35
f 40 39 45
f 44 45 39
f 40 46 41
f 46 40 45
f 46 47 41
f 48 42 36
f 48 36 43
f 43 37 49
f 49 37 50
f 49 50 51
f 42 52 44
f 48 52 42
f 44 53 45
f 52 53 44
f 46 45 54
f 53 54 45
f 46 55 47
f 55 46 54
f 55 56 47
f 48 43 57
f 57 43 49
f 58 52 48
f 58 48 57
f 52 59 53
f 58 59 52
f 53 60 54
f 59 60 53
f 55 54 61
f 60 61 54
f 55 62 56
f 62 55 61
f 62 63 56
f 57 49 64
f 64 49 51
f 58 57 65
f 65 57 64
f 66 59 58
f 66 58 65
f 59 67 60
f 66 67 59
f 62 61 68
f 63 62 68
f 60 69 61
f 69 68 61
f 67 69 60
f 63 68 70
f 69 70 68
f 71 63 70
f 67 72 69
f 72 70 69
f 71 70 73
f 72 73 70
f 74 71 73
f 75 74 73
f 66 76 67
f 76 72 67
f 75 73 77
f 78 75 77
f 79 73 72
f 76 79 72
f 79 77 73
f 76 66 80
f 66 65 80
f 79 76 81
f 76 80 81
f 80 65 82
f 65 64 82
f 78 77 83
f 84 78 83
f 77 79 85
f 79 81 85
f 81 80 86
f 80 82 86
f 82 64 87
f 64 51 87
f 84 83 88
f 89 84 88
f 83 77 90
f 77 85 90
f 85 81 91
f 81 86 91
f 86 82 92
f 82 87 92
f 87 51 93
f 51 94 93
f 93 94 95
f 87 93 96
f 92 87 96
f 96 93 95
f 86 92 97
f 91 86 97
f 85 91 98
f 90 85 98
f 92 96 99
f 97 92 99
f 96 95 100
f 99 96 100
f 91 97 101
f 98 91 101
f 97 99 102
f 101 97 102
f 100 95 103
f 95 104 103
f 99 100 105
f 102 99 105
f 100 103 106
f 105 100 106
f 106 103 107
f 105 106 108
f 108 106 109
f 102 105 110
f 110 105 108
f 101 102 111
f 111 102 110
f 110 108 112
f 112 108 113
f 114 110 112
f 111 110 114
f 115 101 111
f 98 101 115
f 114 112 116
f 116 112 117
f 118 111 114
f 115 111 118
f 119 98 115
f 90 98 119
f 120 114 116
f 118 114 120
f 121 115 118
f 119 115 121
f 122 90 119
f 83 90 122
f 88 83 122
f 122 119 123
f 123 119 121
f 121 118 124
f 124 118 120
f 120 116 125
f 125 116 126
f 88 122 127
f 127 122 123
f 123 121 128
f 128 121 124
f 124 120 129
f 129 120 125
f 129 125 130
f 130 125 131
f 132 129 130
f 133 124 129
f 133 129 132
f 128 124 133
f 134 133 132
f 135 133 134
f 135 128 133
f 136 135 134
f 137 123 128
f 137 128 135
f 127 123 137
f 138 135 136
f 138 137 135
f 139 138 136
f 140 127 137
f 140 137 138
f 141 138 139
f 141 140 138
f 142 141 139
f 143 127 140
f 143 88 127
f 89 88 143
f 144 89 143
f 145 143 140
f 144 143 145
f 145 140 141
f 146 144 145
f 147 141 142
f 147 145 141
f 146 145 147
f 148 146 147
f 149 147 142
f 148 147 149
f 150 148 149
f 151 150 149
f 151 152 150
f 153 151 149
f 153 149 154
f 151 155 152
f 155 156 152
f 157 153 154
f 157 154 158
f 153 159 151
f 159 155 151
f 155 160 156
f 160 161 156
f 162 157 158
f 162 158 163
f 157 164 153
f 164 159 153
f 159 165 155
f 165 160 155
f 160 166 161
f 166 167 161
f 168 162 163
f 168 163 169
f 162 170 157
f 170 164 157
f 164 171 159
f 171 165 159
f 165 172 160
f 172 166 160
f 166 173 167
f 173 174 167
f 175 168 169
f 175 169 176
f 170 177 164
f 177 171 164
f 171 178 165
f 178 172 165
f 172 179 166
f 179 173 166
f 173 180 174
f 180 181 174
f 182 180 173
f 179 182 173
f 183 179 172
f 178 183 172
f 184 178 171
f 177 184 171
f 180 185 181
f 182 185 180
f 186 182 179
f 183 186 179
f 187 183 178
f 184 187 178
f 185 188 181
f 181 188 189
f 190 185 182
f 186 190 182
f 185 190 188
f 191 186 183
f 187 191 183
f 188 192 189
f 189 192 193
f 192 194 193
f 190 195 188
f 188 195 192
f 196 190 186
f 191 196 186
f 190 196 195
f 192 197 194
f 197 198 194
f 195 199 192
f 197 192 199
f 196 200 195
f 195 200 199
f 201 196 191
f 196 201 200
f 197 202 198
f 202 203 198
f 204 201 191
f 204 191 187
f 202 205 203
f 205 206 203
f 207 204 187
f 207 187 184
f 205 208 206
f 208 209 206
f 210 207 184
f 210 184 177
f 208 211 209
f 211 212 209
f 213 210 177
f 213 177 170
f 211 214 212
f 214 215 212
f 214 216 215
f 216 217 215
f 216 214 218
f 214 219 218
f 214 211 219
f 218 219 220
f 211 208 221
f 211 221 219
f 219 222 220
f 219 221 222
f 220 222 223
f 208 224 221
f 208 205 224
f 221 225 222
f 221 224 225
f 222 226 223
f 222 225 226
f 223 226 227
f 205 228 224
f 205 202 228
f 224 229 225
f 224 228 229
f 225 230 226
f 225 229 230
f 226 231 227
f 226 230 231
f 227 231 232
f 202 233 228
f 202 197 233
f 228 234 229
f 228 233 234
f 229 235 230
f 229 234 235
f 230 236 231
f 230 235 236
f 231 237 232
f 231 236 237
f 232 237 238
f 197 239 233
f 197 199 239
f 233 240 234
f 233 239 240
f 234 241 235
f 234 240 241
f 235 242 236
f 235 241 242
f 236 243 237
f 236 242 243
f 237 244 238
f 237 243 244
f 238 244 245
f 199 246 239
f 200 246 199
f 239 247 240
f 239 246 247
f 240 248 241
f 240 247 248
f 241 249 242
f 241 248 249
f 242 250 243
f 242 249 250
f 243 251 244
f 243 250 251
f 244 251 252
f 200 253 246
f 201 253 200
f 246 254 247
f 253 254 246
f 247 255 248
f 247 254 255
f 248 256 249
f 248 255 256
f 249 257 250
f 249 256 257
f 250 258 251
f 250 257 258
f 251 258 259
f 201 260 253
f 260 201 204
f 253 261 254
f 260 261 253
f 254 262 255
f 261 262 254
f 255 263 256
f 255 262 263
f 256 264 257
f 256 263 264
f 257 265 258
f 257 264 265
f 258 265 266
f 267 260 204
f 267 204 207
f 260 268 261
f 268 260 267
f 261 269 262
f 268 269 261
f 262 270 263
f 269 270 262
f 263 271 264
f 263 270 271
f 264 272 265
f 264 271 272
f 265 272 273
f 274 267 207
f 274 207 210
f 268 267 275
f 275 267 274
f 268 276 269
f 268 275 276
f 275 277 276
f 275 278 277
f 275 274 278
f 279 274 210
f 278 274 279
f 279 210 213
f 276 280 269
f 276 281 280
f 269 280 270
f 281 282 280
f 280 282 270
f 270 282 271
f 271 282 283
f 282 284 283
f 271 283 272
f 272 283 285
f 278 279 286
f 278 286 287
f 288 279 213
f 286 279 288
f 288 213 289
f 289 213 170
f 289 170 162
f 168 289 162
f 290 289 168
f 290 288 289
f 175 290 168
f 286 288 291
f 291 288 290
f 286 291 292
f 291 290 293
f 290 175 293
f 291 293 294
f 293 175 295
f 293 295 296
f 295 175 176
f 295 176 297
f 298 295 297
f 299 300 301
f 300 302 301
f 300 303 302
f 303 300 304
f 305 304 300
f 306 305 300
f 305 307 304
f 307 305 308
f 306 309 305
f 305 310 308
f 305 311 310
f 311 305 312
f 305 313 312
f 311 314 310
f 314 315 310
f 314 316 315
f 316 317 315
f 316 318 317
f 318 319 317
f 318 320 319
f 320 321 319
f 320 322 321
f 322 323 321
f 322 324 323
f 324 325 323
f 324 326 325
f 326 327 325
f 326 328 327
f 328 329 327
f 328 330 329
f 330 331 329
f 330 332 331
f 332 333 331
f 333 334 331
f 333 335 334
f 335 336 334
f 336 337 334
f 337 338 334
f 338 339 334
f 339 340 334
f 340 341 334
f 341 342 334
f 342 343 334
f 343 344 334
f 344 309 334
f 344 345 309
f 345 346 309
f 309 346 347
f 309 347 305
f 305 347 348
f 349 305 348
f 305 349 350
f 305 350 351
f 352 305 351
f 305 352 313
f 353 354 355
f 354 356 355
f 354 357 356
f 357 358 356
f 359 357 354
f 357 360 358
f 360 361 358
f 360 362 361
f 360 357 363
f 357 364 363
f 363 364 365
f 364 366 365
f 357 367 364
f 357 359 368
f 359 369 368
f 359 370 369
f 357 368 371
f 367 357 371
f 367 371 372
f 373 367 372
f 374 375 376
f 375 377 376
f 375 378 377
f 378 379 377
f 380 378 375
f 378 381 379
f 381 382 379
f 381 383 382
f 381 378 384
f 378 385 384
f 384 385 386
f 385 387 386
f 378 388 385
f 378 380 389
f 380 390 389
f 380 391 390
f 378 389 392
f 388 378 392
f 388 392 393
f 394 388 393
f 395 396 397
f 398 395 397
f 398 397 399
f 399 397 400
f 401 398 399
f 402 399 400
f 401 399 402
f 403 401 402
f 403 402 404
f 405 406 407
f 405 407 408
f 409 405 408
f 410 408 407
f 409 408 411
f 411 408 410
f 412 409 411
f 413 411 410
f 414 412 411
f 415 411 413
f 414 411 415
f 416 415 413
f 417 414 415
f 418 415 416
f 417 415 418
f 419 418 416
f 420 417 418
f 421 418 419
f 420 418 421
f 422 421 419
f 423 420 421
f 424 421 422
f 423 421 424
f 425 424 422
f 426 423 424
f 427 424 425
f 426 424 427
f 428 427 425
f 429 426 427
f 430 427 428
f 430 429 427
f 431 430 428
f 430 431 429
f 431 428 432
f 431 433 429
f 434 431 432
f 431 434 433
f 434 432 435
f 434 436 433
f 437 434 435
f 434 437 436
f 437 435 438
f 437 439 436
f 437 438 440
f 439 437 440
f 441 440 438
f 439 440 441
f 441 438 442
f 443 439 441
f 444 441 442
f 443 441 444
f 445 443 444
f 444 442 446
f 445 444 447
f 447 444 446
f 448 445 447
f 449 447 446
f 448 447 449
f 450 449 446
f 451 448 449
f 452 449 450
f 452 451 449
f 453 452 450
f 451 452 454
f 452 453 455
f 452 455 454
f 456 457 458
f 457 459 458
f 457 460 459
f 460 461 459
f 462 460 457
f 460 463 461
f 463 464 461
f 463 465 464
f 463 460 466
f 460 467 466
f 466 467 468
f 467 469 468
f 460 470 467
f 460 462 471
f 462 472 471
f 462 473 472
f 460 471 474
f 470 460 474
f 470 474 475
f 476 470 475
f 477 478 479
f 478 480 479
f 478 481 480
f 481 482 480
f 483 481 478
f 481 484 482
f 484 485 482
f 484 486 485
f 484 481 487
f 481 488 487
f 487 488 489
f 488 490 489
f 481 491 488
f 481 483 492
f 483 493 492
f 483 494 493
f 481 492 495
f 491 481 495
f 491 495 496
f 497 491 496
f 498 499 500
f 499 501 500
f 501 502 500
f 501 503 502
f 503 504 502
f 504 505 502
f 505 506 502
f 506 507 502
f 507 508 502
f 508 509 502
f 509 510 502
f 510 511 502
f 511 512 502
f 512 513 502
f 513 514 502
f 514 500 502
f 514 515 500
f 515 516 500
f 517 518 519
f 517 519 520
f 518 517 521
f 521 517 520
f 522 523 524
f 522 524 525
f 523 522 526
f 526 522 525
f 527 528 529
f 527 529 530
f 528 527 531
f 531 527 530
f 532 533 534
f 535 533 532
f 533 536 534
f 533 535 536
f 537 538 539
f 538 540 539
f 538 541 540
f 541 538 542
f 541 542 543
f 544 541 543
f 543 542 545
f 546 543 545
f 543 546 547
f 543 547 548
f 549 543 548
f 543 549 550
f 544 543 551
f 543 550 551
f 550 552 551
f 552 553 551
f 552 554 553
f 554 552 555
f 556 557 558
f 559 556 558
f 560 559 558
f 561 560 558
f 562 560 561
f 563 562 561
f 562 564 560
f 562 563 565
f 562 565 566
f 567 562 566
f 562 567 568
f 562 568 569
f 564 562 570
f 570 562 569
f 569 571 570
f 571 572 570
f 571 573 572
f 573 571 574
f 575 576 577
f 576 578 577
f 576 579 578
f 579 576 580
f 579 580 581
f 582 579 581
f 581 580 583
f 584 581 583
f 581 584 585
f 581 585 586
f 587 581 586
f 581 587 588
f 582 581 589
f 581 588 589
f 588 590 589
f 590 591 589
f 590 592 591
f 592 590 593
f 594 595 596
f 597 594 596
f 598 597 596
f 599 598 596
f 600 598 599
f 601 600 599
f 600 602 598
f 600 601 603
f 600 603 604
f 605 600 604
f 600 605 606
f 600 606 607
f 602 600 608
f 608 600 607
f 607 609 608
f 609 610 608
f 609 611 610
f 611 609 612
f 613 614 615
f 614 616 615
f 614 617 616
f 617 614 618
f 617 618 619
f 620 617 619
f 619 618 621
f 622 619 621
f 619 622 623
f 619 623 624
f 625 619 624
f 619 625 626
f 620 619 627
f 619 626 627
f 626 628 627
f 628 629 627
f 628 630 629
f 630 628 631
f 632 633 634
f 635 632 634
f 636 635 634
f 637 636 634
f 638 636 637
f 639 638 637
f 638 640 636
f 638 639 641
f 638 641 642
f 643 638 642
f 638 643 644
f 638 644 645
f 640 638 646
f 646 638 645
f 645 647 646
f 647 648 646
f 647 649 648
f 649 647 650
f 651 652 653
f 652 654 653
f 652 655 654
f 655 652 656
f 655 656 657
f 658 655 657
f 657 656 659
f 660 657 659
f 657 660 661
f 657 661 662
f 663 657 662
f 657 663 664
f 658 657 665
f 657 664 665
f 664 666 665
f 666 667 665
f 666 668 667
f 668 666 669
f 670 671 672
f 673 670 672
f 674 673 672
f 675 674 672
f 676 674 675
f 677 676 675
f 676 678 674
f 676 677 679
f 676 679 680
f 681 676 680
f 676 681 682
f 676 682 683
f 678 676 684
f 684 676 683
f 683 685 684
f 685 686 684
f 685 687 686
f 687 685 688
f 689 690 691
f 692 689 691
f 693 692 691
f 694 693 691
f 695 693 694
f 696 695 694
f 695 697 693
f 695 696 698
f 695 698 699
f 700 695 699
f 695 700 701
f 695 701 702
f 697 695 703
f 703 695 702
f 702 704 703
f 704 705 703
f 704 706 705
f 706 704 707
f 708 709 710
f 709 711 710
f 709 712 711
f 712 709 713
f 712 713 714
f 715 712 714
f 714 713 716
f 717 714 716
f 714 717 718
f 714 718 719
f 720 714 719
f 714 720 721
f 715 714 722
f 714 721 722
f 721 723 722
f 723 724 722
f 723 725 724
f 725 723 726
f 727 728 729
f 730 727 729
f 731 730 729
f 732 731 729
f 733 731 732
f 734 733 732
f 733 735 731
f 733 734 736
f 733 736 737
f 738 733 737
f 733 738 739
f 733 739 740
f 735 733 741
f 741 733 740
f 740 742 741
f 742 743 741
f 742 744 743
f 744 742 745
f 746 747 748
f 747 749 748
f 747 750 749
f 750 747 751
f 750 751 752
f 753 750 752
f 752 751 754
f 755 752 754
f 752 755 756
f 752 756 757
f 758 752 757
f 752 758 759
f 753 752 760
f 752 759 760
f 759 761 760
f 761 762 760
f 761 763 762
f 763 761 764
f 765 766 767
f 768 765 767
f 769 768 767
f 770 769 767
f 771 769 770
f 772 771 770
f 771 773 769
f 771 772 774
f 771 774 775
f 776 771 775
f 771 776 777
f 771 777 778
f 773 771 779
f 779 771 778
f 778 780 779
f 780 781 779
f 780 782 781
f 782 780 783
f 784 785 786
f 785 787 786
f 785 788 787
f 788 785 789
f 788 789 790
f 791 788 790
f 790 789 792
f 793 790 792
f 790 793 794
f 790 794 795
f 796 790 795
f 790 796 797
f 791 790 798
f 790 797 798
f 797 799 798
f 799 800 798
f 799 801 800
f 801 799 802
f 803 804 805
f 806 803 805
f 807 806 805
f 808 807 805
f 809 807 808
f 810 809 808
f 809 811 807
f 809 810 812
f 809 812 813
f 814 809 813
f 809 814 815
f 809 815 816
f 811 809 817
f 817 809 816
f 816 818 817
f 818 819 817
f 818 820 819
f 820 818 821
f 822 823 824
f 823 825 824
f 823 826 825
f 826 823 827
f 826 827 828
f 829 826 828
f 828 827 830
f 831 828 830
f 828 831 832
f 828 832 833
f 834 828 833
f 828 834 835
f 829 828 836
f 828 835 836
f 835 837 836
f 837 838 836
f 837 839 838
f 839 837 840
f 841 842 843
f 842 844 843
f 844 845 843
f 844 846 845
f 846 847 845
f 847 848 845
f 844 849 846
f 850 849 844
f 849 851 846
f 849 850 851
f 850 852 851
f 852 853 851
f 854 855 856
f 855 857 856
f 857 858 856
f 857 859 858
f 859 860 858
f 860 861 858
f 857 862 859
f 863 862 857
f 862 864 859
f 862 863 864
f 863 865 864
f 865 866 864
f 867 868 869
f 868 870 869
f 870 871 869
f 870 872 871
f 872 873 871
f 873 874 871
f 870 875 872
f 876 875 870
f 875 877 872
f 875 876 877
f 876 878 877
f 878 879 877
f 880 881 882
f 881 883 882
f 883 884 882
f 883 885 884
f 885 886 884
f 886 887 884
f 883 888 885
f 889 888 883
f 888 890 885
f 888 889 890
f 889 891 890
f 891 892 890
f 893 894 895
f 894 896 895
f 894 897 896
f 897 898 896
f 896 898 899
f 897 900 898
f 900 899 898
f 900 901 899
f 901 902 899
f 894 903 897
f 903 904 897
f 903 905 904
f 894 906 903
f 906 894 907
f 906 908 903
f 906 907 909
f 906 910 908
f 910 906 909
f 910 911 908
f 910 909 912
f 910 913 911
f 913 910 912
f 913 914 911
f 913 912 915
f 913 916 914
f 916 913 915
f 916 917 914
f 916 915 918
f 916 919 917
f 919 916 918
f 919 920 917
f 919 918 921
f 919 922 920
f 922 919 921
f 922 923 920
f 922 921 924
f 922 925 923
f 925 922 924
f 925 926 923
f 925 924 927
f 925 928 926
f 928 925 927
f 929 930 931
f 930 932 931
f 930 933 932
f 933 934 932
f 932 934 935
f 933 936 934
f 936 935 934
f 936 937 935
f 937 938 935
f 930 939 933
f 939 940 933
f 939 941 940
f 930 942 939
f 942 930 943
f 942 944 939
f 942 943 945
f 942 946 944
f 946 942 945
f 946 947 944
f 946 945 948
f 946 949 947
f 949 946 948
f 949 950 947
f 949 948 951
f 949 952 950
f 952 949 951
f 952 953 950
f 952 951 954
f 952 955 953
f 955 952 954
f 955 956 953
f 955 954 957
f 955 958 956
f 958 955 957
f 958 959 956
f 958 957 960
f 958 961 959
f 961 958 960
f 961 962 959
f 961 960 963
f 961 964 962
f 964 961 963
f 965 966 967
f 966 968 967
f 966 969 968
f 969 970 968
f 968 970 971
f 969 972 970
f 972 971 970
f 972 973 971
f 973 974 971
f 966 975 969
f 975 976 969
f 975 977 976
f 966 978 975
f 978 966 979
f 978 980 975
f 978 979 981
f 978 982 980
f 982 978 981
f 982 983 980
f 982 981 984
f 982 985 983
f 985 982 984
f 985 986 983
f 985 984 987
f 985 988 986
f 988 985 987
f 988 989 986
f 988 987 990
f 988 991 989
f 991 988 990
f 991 992 989
f 991 990 993
f 991 994 992
f 994 991 993
f 994 995 992
f 994 993 996
f 994 997 995
f 997 994 996
f 997 998 995
f 997 996 999
f 997 1000 998
f 1000 997 999
f 1001 1002 1003
f 1002 1004 1003
f 1002 1005 1004
f 1005 1006 1004
f 1004 1006 1007
f 1005 1008 1006
f 1008 1007 1006
f 1008 1009 1007
f 1009 1010 1007
f 1002 1011 1005
f 1011 1012 1005
f 1011 1013 1012
f 1002 1014 1011
f 1014 1002 1015
f 1014 1016 1011
f 1014 1015 1017
f 1014 1018 1016
f 1018 1014 1017
f 1018 1019 1016
f 1018 1017 1020
f 1018 1021 1019
f 1021 1018 1020
f 1021 1022 1019
f 1021 1020 1023
f 1021 1024 1022
f 1024 1021 1023
f 1024 1025 1022
f 1024 1023 1026
f 1024 1027 1025
f 1027 1024 1026
f 1027 1028 1025
f 1027 1026 1029
f 1027 1030 1028
f 1030 1027 1029
f 1030 1031 1028
f 1030 1029 1032
f 1030 1033 1031
f 1033 1030 1032
f 1033 1034 1031
f 1033 1032 1035
f 1033 1036 1034
f 1036 1033 1035
f 1037 1038 1039
f 1038 1040 1039
f 1040 1041 1039
f 1040 1042 1041
f 1042 1043 1041
f 1043 1044 1041
f 1040 1045 1042
f 1046 1045 1040
f 1045 1047 1042
f 1045 1046 1047
f 1046 1048 1047
f 1048 1049 1047
f 1050 1051 1052
f 1051 1053 1052
f 1053 1054 1052
f 1053 1055 1054
f 1055 1056 1054
f 1056 1057 1054
f 1053 1058 1055
f 1059 1058 1053
f 1058 1060 1055
f 1058 1059 1060
f 1059 1061 1060
f 1061 1062 1060
f 1063 1064 1065
f 1064 1066 1065
f 1066 1067 1065
f 1066 1068 1067
f 1068 1069 1067
f 1069 1070 1067
f 1066 1071 1068
f 1072 1071 1066
f 1071 1073 1068
f 1071 1072 1073
f 1072 1074 1073
f 1074 1075 1073
f 1076 1077 1078
f 1077 1079 1078
f 1079 1080 1078
f 1079 1081 1080
f 1081 1082 1080
f 1082 1083 1080
f 1079 1084 1081
f 1085 1084 1079
f 1084 1086 1081
f 1084 1085 1086
f 1085 1087 1086
f 1087 1088 1086
f 1089 1090 1091
f 1090 1092 1091
f 1090 1093 1092
f 1093 1094 1092
f 1092 1094 1095
f 1093 1096 1094
f 1096 1095 1094
f 1096 1097 1095
f 1097 1098 1095
f 1090 1099 1093
f 1099 1100 1093
f 1099 1101 1100
f 1090 1102 1099
f 1102 1090 1103
f 1102 1104 1099
f 1102 1103 1105
f 1102 1106 1104
f 1106 1102 1105
f 1106 1107 1104
f 1106 1105 1108
f 1106 1109 1107
f 1109 1106 1108
f 1109 1110 1107
f 1109 1108 1111
f 1109 1112 1110
f 1112 1109 1111
f 1112 1113 1110
f 1112 1111 1114
f 1112 1115 1113
f 1115 1112 1114
f 1115 1116 1113
f 1115 1114 1117
f 1115 1118 1116
f 1118 1115 1117
f 1118 1119 1116
f 1118 1117 1120
f 1118 1121 1119
f 1121 1118 1120
f 1121 1122 1119
f 1121 1120 1123
f 1121 1124 1122
f 1124 1121 1123
f 1125 1126 1127
f 1126 1128 1127
f 1126 1129 1128
f 1129 1130 1128
f 1128 1130 1131
f 1129 1132 1130
f 1132 1131 1130
f 1132 1133 1131
f 1133 1134 1131
f 1126 1135 1129
f 1135 1136 1129
f 1135 1137 1136
f 1126 1138 1135
f 1138 1126 1139
f 1138 1140 1135
f 1138 1139 1141
f 1138 1142 1140
f 1142 1138 1141
f 1142 1143 1140
f 1142 1141 1144
f 1142 1145 1143
f 1145 1142 1144
f 1145 1146 1143
f 1145 1144 1147
f 1145 1148 1146
f 1148 1145 1147
f 1148 1149 1146
f 1148 1147 1150
f 1148 1151 1149
f 1151 1148 1150
f 1151 1152 1149
f 1151 1150 1153
f 1151 1154 1152
f 1154 1151 1153
f 1154 1155 1152
f 1154 1153 1156
f 1154 1157 1155
f 1157 1154 1156
f 1157 1158 1155
f 1157 1156 1159
f 1157 1160 1158
f 1160 1157 1159
f 1161 1162 1163
f 1162 1164 1163
f 1162 1165 1164
f 1165 1166 1164
f 1164 1166 1167
f 1165 1168 1166
f 1168 1167 1166
f 1168 1169 1167
f 1169 1170 1167
f 1162 1171 1165
f 1171 1172 1165
f 1171 1173 1172
f 1162 1174 1171
f 1174 1162 1175
f 1174 1176 1171
f 1174 1175 1177
f 1174 1178 1176
f 1178 1174 1177
f 1178 1179 1176
f 1178 1177 1180
f 1178 1181 1179
f 1181 1178 1180
f 1181 1182 1179
f 1181 1180 1183
f 1181 1184 1182
f 1184 1181 1183
f 1184 1185 1182
f 1184 1183 1186
f 1184 1187 1185
f 1187 1184 1186
f 1187 1188 1185
f 1187 1186 1189
f 1187 1190 1188
f 1190 1187 1189
f 1190 1191 1188
f 1190 1189 1192
f 1190 1193 1191
f 1193 1190 1192
f 1193 1194 1191
f 1193 1192 1195
f 1193 1196 1194
f 1196 1193 1195
f 1197 1198 1199
f 1198 1200 1199
f 1198 1201 1200
f 1201 1202 1200
f 1200 1202 1203
f 1201 1204 1202
f 1204 1203 1202
f 1204 1205 1203
f 1205 1206 1203
f 1198 1207 1201
f 1207 1208 1201
f 1207 1209 1208
f 1198 1210 1207
f 1210 1198 1211
f 1210 1212 1207
f 1210 1211 1213
f 1210 1214 1212
f 1214 1210 1213
f 1214 1215 1212
f 1214 1213 1216
f 1214 1217 1215
f 1217 1214 1216
f 1217 1218 1215
f 1217 1216 1219
f 1217 1220 1218
f 1220 1217 1219
f 1220 1221 1218
f 1220 1219 1222
f 1220 1223 1221
f 1223 1220 1222
f 1223 1224 1221
f 1223 1222 1225
f 1223 1226 1224
f 1226 1223 1225
f 1226 1227 1224
f 1226 1225 1228
f 1226 1229 1227
f 1229 1226 1228
f 1229 1230 1227
f 1229 1228 1231
f 1229 1232 1230
f 1232 1229 1231
f 1233 1234 1235
f 1233 1235 1236
f 1234 1233 1237
f 1237 1233 1236
f 1238 1239 1240
f 1238 1240 1241
f 1239 1238 1242
f 1242 1238 1241
f 1243 1244 1245
f 1243 1245 1246
f 1244 1243 1247
f 1247 1243 1246
f 1248 1249 1250
f 1248 1250 1251
f 1249 1248 1252
f 1252 1248 1251
f 1253 1254 1255
f 1253 1255 1256
f 1254 1253 1257
f 1257 1253 1256
f 1258 1259 1260
f 1258 1260 1261
f 1259 1258 1262
f 1262 1258 1261
f 1263 1264 1265
f 1263 1265 1266
f 1264 1263 1267
f 1267 1263 1266
f 1268 1269 1270
f 1268 1270 1271
f 1269 1268 1272
f 1272 1268 1271
f 1273 1274 1275
f 1273 1275 1276
f 1274 1273 1277
f 1277 1273 1276
f 1278 1279 1280
f 1278 1280 1281
f 1279 1278 1282
f 1282 1278 1281
f 1283 1284 1285
f 1283 1285 1286
f 1284 1283 1287
f 1287 1283 1286
f 1288 1289 1290
f 1288 1290 1291
f 1289 1288 1292
f 1292 1288 1291
f 1293 1294 1295
f 1293 1295 1296
f 1294 1293 1297
f 1297 1293 1296
f 1298 1299 1300
f 1298 1300 1301
f 1299 1298 1302
f 1302 1298 1301
f 1303 1304 1305
f 1303 1305 1306
f 1304 1303 1307
f 1307 1303 1306
f 1308 1309 1310
f 1308 1310 1311
f 1309 1308 1312
f 1312 1308 1311
f 1313 1314 1315
f 1313 1315 1316
f 1314 1313 1317
f 1317 1313 1316
f 1318 1319 1320
f 1318 1320 1321
f 1319 1318 1322
f 1322 1318 1321
f 1323 1324 1325
f 1323 1325 1326
f 1324 1323 1327
f 1327 1323 1326
f 1328 1329 1330
f 1328 1330 1331
f 1329 1328 1332
f 1332 1328 1331
f 1333 1334 1335
f 1333 1335 1336
f 1334 1333 1337
f 1337 1333 1336
f 1338 1339 1340
f 1338 1340 1341
f 1339 1338 1342
f 1342 1338 1341
f 1343 1344 1345
f 1343 1345 1346
f 1344 1343 1347
f 1347 1343 1346
f 1348 1349 1350
f 1348 1350 1351
f 1349 1348 1352
f 1352 1348 1351
f 1353 1354 1355
f 1353 1355 1356
f 1354 1353 1357
f 1357 1353 1356
f 1358 1359 1360
f 1358 1360 1361
f 1359 1358 1362
f 1362 1358 1361
f 1363 1364 1365
f 1363 1365 1366
f 1364 1363 1367
f 1367 1363 1366
f 1368 1369 1370
f 1368 1370 1371
f 1369 1368 1372
f 1372 1368 1371
f 1373 1374 1375
f 1373 1375 1376
f 1374 1373 1377
f 1377 1373 1376
f 1378 1379 1380
f 1378 1380 1381
f 1379 1378 1382
f 1382 1378 1381
f 1383 1384 1385
f 1383 1385 1386
f 1384 1383 1387
f 1387 1383 1386
f 1388 1389 1390
f 1388 1390 1391
f 1389 1388 1392
f 1392 1388 1391
f 1393 1394 1395
f 1393 1395 1396
f 1394 1393 1397
f 1397 1393 1396
f 1398 1399 1400
f 1398 1400 1401
f 1399 1398 1402
f 1402 1398 1401
f 1403 1404 1405
f 1403 1405 1406
f 1404 1403 1407
f 1407 1403 1406
f 1408 1409 1410
f 1408 1410 1411
f 1409 1408 1412
f 1412 1408 1411
f 1413 1414 1415
f 1413 1415 1416
f 1414 1413 1417
f 1417 1413 1416
f 1418 1419 1420
f 1418 1420 1421
f 1419 1418 1422
f 1422 1418 1421
f 1423 1424 1425
f 1423 1425 1426
f 1424 1423 1427
f 1427 1423 1426
f 1428 1429 1430
f 1428 1430 1431
f 1429 1428 1432
f 1432 1428 1431
f 1433 1434 1435
f 1433 1435 1436
f 1434 1433 1437
f 1437 1433 1436
f 1438 1439 1440
f 1438 1440 1441
f 1439 1438 1442
f 1442 1438 1441
f 1443 1444 1445
f 1443 1445 1446
f 1444 1443 1447
f 1447 1443 1446
f 1448 1449 1450
f 1448 1450 1451
f 1449 1448 1452
f 1452 1448 1451
f 1453 1454 1455
f 1453 1455 1456
f 1454 1453 1457
f 1457 1453 1456
f 1458 1459 1460
f 1458 1460 1461
f 1459 1458 1462
f 1462 1458 1461
f 1463 1464 1465
f 1463 1465 1466
f 1464 1463 1467
f 1467 1463 1466
f 1468 1469 1470
f 1468 1470 1471
f 1469 1468 1472
f 1472 1468 1471
f 1473 1474 1475
f 1473 1475 1476
f 1474 1473 1477
f 1477 1473 1476
f 1478 1479 1480
f 1478 1480 1481
f 1479 1478 1482
f 1482 1478 1481
f 1483 1484 1485
f 1483 1485 1486
f 1484 1483 1487
f 1487 1483 1486
f 1488 1489 1490
f 1488 1490 1491
f 1489 1488 1492
f 1492 1488 1491
f 1493 1494 1495
f 1493 1495 1496
f 1494 1493 1497
f 1497 1493 1496
f 1498 1499 1500
f 1498 1500 1501
f 1499 1498 1502
f 1502 1498 1501
f 1503 1504 1505
f 1503 1505 1506
f 1504 1503 1507
f 1507 1503 1506
f 1508 1509 1510
f 1508 1510 1511
f 1509 1508 1512
f 1512 1508 1511
f 1513 1514 1515
f 1513 1515 1516
f 1514 1513 1517
f 1517 1513 1516
f 1518 1519 1520
f 1518 1520 1521
f 1519 1518 1522
f 1522 1518 1521
f 1523 1524 1525
f 1523 1525 1526
f 1524 1523 1527
f 1527 1523 1526
f 1528 1529 1530
f 1528 1530 1531
f 1529 1528 1532
f 1532 1528 1531
f 1533 1534 1535
f 1533 1535 1536
f 1534 1533 1537
f 1537 1533 1536
f 1538 1539 1540
f 1538 1540 1541
f 1539 1538 1542
f 1542 1538 1541
f 1543 1544 1545
f 1543 1545 1546
f 1544 1543 1547
f 1547 1543 1546
f 1548 1549 1550
f 1548 1550 1551
f 1549 1548 1552
f 1552 1548 1551
f 1553 1554 1555
f 1553 1555 1556
f 1554 1553 1557
f 1557 1553 1556
f 1558 1559 1560
f 1558 1560 1561
f 1559 1558 1562
f 1562 1558 1561
f 1563 1564 1565
f 1563 1565 1566
f 1564 1563 1567
f 1567 1563 1566
f 1568 1569 1570
f 1568 1570 1571
f 1569 1568 1572
f 1572 1568 1571
f 1573 1574 1575
f 1573 1575 1576
f 1574 1573 1577
f 1577 1573 1576
f 1578 1579 1580
f 1578 1580 1581
f 1579 1578 1582
f 1582 1578 1581
f 1583 1584 1585
f 1583 1585 1586
f 1584 1583 1587
f 1587 1583 1586
f 1588 1589 1590
f 1588 1590 1591
f 1589 1588 1592
f 1592 1588 1591
f 1593 1594 1595
f 1593 1595 1596
f 1594 1593 1597
f 1597 1593 1596
f 1598 1599 1600
f 1601 1599 1598
f 1599 1602 1600
f 1599 1601 1602
f 1603 1604 1605
f 1603 1605 1606
f 1604 1603 1607
f 1607 1603 1606
f 1608 1609 1610
f 1611 1609 1608
f 1609 1612 1610
f 1609 1611 1612
f 1613 1614 1615
f 1613 1615 1616
f 1614 1613 1617
f 1617 1613 1616
f 1618 1619 1620
f 1621 1619 1618
f 1619 1622 1620
f 1619 1621 1622
f 1623 1624 1625
f 1623 1625 1626
f 1624 1623 1627
f 1627 1623 1626
f 1628 1629 1630
f 1631 1629 1628
f 1629 1632 1630
f 1629 1631 1632
f 1633 1634 1635
f 1633 1635 1636
f 1634 1633 1637
f 1637 1633 1636
f 1638 1639 1640
f 1638 1640 1641
f 1639 1638 1642
f 1642 1638 1641
f 1643 1644 1645
f 1643 1645 1646
f 1644 1643 1647
f 1647 1643 1646
f 1648 1649 1650
f 1648 1650 1651
f 1649 1648 1652
f 1652 1648 1651
f 1653 1654 1655
f 1653 1655 1656
f 1654 1653 1657
f 1657 1653 1656
f 1658 1659 1660
f 1658 1660 1661
f 1659 1658 1662
f 1662 1658 1661
f 1663 1664 1665
f 1663 1665 1666
f 1664 1663 1667
f 1667 1663 1666
f 1668 1669 1670
f 1668 1670 1671
f 1669 1668 1672
f 1672 1668 1671
f 1673 1674 1675
f 1673 1676 1674
f 1676 1673 1677
f 1673 1678 1677
f 1679 1673 1675
f 1673 1679 1678
f 1679 1675 1680
f 1679 1681 1678
f 1682 1679 1680
f 1679 1682 1681
f 1682 1680 1683
f 1682 1684 1681
f 1685 1682 1683
f 1682 1685 1684
f 1685 1683 1686
f 1685 1687 1684
f 1688 1685 1686
f 1685 1688 1687
f 1688 1686 1689
f 1688 1690 1687
f 1691 1688 1689
f 1688 1691 1690
f 1691 1689 1692
f 1691 1693 1690
f 1694 1691 1692
f 1691 1694 1693
f 1694 1692 1695
f 1694 1696 1693
f 1697 1694 1695
f 1694 1697 1696
f 1698 1699 1700
f 1698 1701 1699
f 1701 1698 1702
f 1698 1703 1702
f 1704 1698 1700
f 1698 1704 1703
f 1704 1700 1705
f 1704 1706 1703
f 1707 1704 1705
f 1704 1707 1706
f 1707 1705 1708
f 1707 1709 1706
f 1710 1707 1708
f 1707 1710 1709
f 1710 1708 1711
f 1710 1712 1709
f 1713 1710 1711
f 1710 1713 1712
f 1713 1711 1714
f 1713 1715 1712
f 1716 1713 1714
f 1713 1716 1715
f 1716 1714 1717
f 1716 1718 1715
f 1719 1716 1717
f 1716 1719 1718
f 1719 1717 1720
f 1719 1721 1718
f 1722 1719 1720
f 1719 1722 1721
f 1723 1724 1725
f 1723 1726 1724
f 1726 1723 1727
f 1723 1728 1727
f 1729 1723 1725
f 1723 1729 1728
f 1729 1725 1730
f 1729 1731 1728
f 1732 1729 1730
f 1729 1732 1731
f 1732 1730 1733
f 1732 1734 1731
f 1735 1732 1733
f 1732 1735 1734
f 1735 1733 1736
f 1735 1737 1734
f 1738 1735 1736
f 1735 1738 1737
f 1738 1736 1739
f 1738 1740 1737
f 1741 1738 1739
f 1738 1741 1740
f 1741 1739 1742
f 1741 1743 1740
f 1744 1741 1742
f 1741 1744 1743
f 1744 1742 1745
f 1744 1746 1743
f 1747 1744 1745
f 1744 1747 1746
f 1748 1749 1750
f 1748 1751 1749
f 1751 1748 1752
f 1748 1753 1752
f 1754 1748 1750
f 1748 1754 1753
f 1754 1750 1755
f 1754 1756 1753
f 1757 1754 1755
f 1754 1757 1756
f 1757 1755 1758
f 1757 1759 1756
f 1760 1757 1758
f 1757 1760 1759
f 1760 1758 1761
f 1760 1762 1759
f 1763 1760 1761
f 1760 1763 1762
f 1763 1761 1764
f 1763 1765 1762
f 1766 1763 1764
f 1763 1766 1765
f 1766 1764 1767
f 1766 1768 1765
f 1769 1766 1767
f 1766 1769 1768
f 1769 1767 1770
f 1769 1771 1768
f 1772 1769 1770
f 1769 1772 1771
f 1773 1774 1775
f 1773 1775 1776
f 1774 1773 1777
f 1777 1773 1776
f 1778 1779 1780
f 1778 1780 1781
f 1779 1778 1782
f 1782 1778 1781
f 1783 1784 1785
f 1783 1785 1786
f 1784 1783 1787
f 1787 1783 1786
f 1788 1789 1790
f 1788 1790 1791
f 1789 1788 1792
f 1792 1788 1791
f 1793 1794 1795
f 1794 1793 1796
f 1794 1797 1795
f 1794 1796 1798
f 1794 1799 1797
f 1799 1794 1798
f 1799 1800 1797
f 1799 1798 1801
f 1799 1802 1800
f 1802 1799 1801
f 1802 1803 1800
f 1802 1801 1804
f 1802 1805 1803
f 1805 1802 1804
f 1805 1806 1803
f 1805 1804 1807
f 1805 1808 1806
f 1808 1805 1807
f 1808 1809 1806
f 1808 1807 1810
f 1808 1811 1809
f 1811 1808 1810
f 1811 1812 1809
f 1811 1810 1813
f 1811 1814 1812
f 1814 1811 1813
f 1814 1815 1812
f 1814 1813 1816
f 1814 1817 1815
f 1817 1814 1816
f 1818 1819 1820
f 1819 1818 1821
f 1819 1822 1820
f 1819 1821 1823
f 1819 1824 1822
f 1824 1819 1823
f 1824 1825 1822
f 1824 1823 1826
f 1824 1827 1825
f 1827 1824 1826
f 1827 1828 1825
f 1827 1826 1829
f 1827 1830 1828
f 1830 1827 1829
f 1830 1831 1828
f 1830 1829 1832
f 1830 1833 1831
f 1833 1830 1832
f 1833 1834 1831
f 1833 1832 1835
f 1833 1836 1834
f 1836 1833 1835
f 1836 1837 1834
f 1836 1835 1838
f 1836 1839 1837
f 1839 1836 1838
f 1839 1840 1837
f 1839 1838 1841
f 1839 1842 1840
f 1842 1839 1841
f 1843 1844 1845
f 1844 1843 1846
f 1844 1847 1845
f 1844 1846 1848
f 1844 1849 1847
f 1849 1844 1848
f 1849 1850 1847
f 1849 1848 1851
f 1849 1852 1850
f 1852 1849 1851
f 1852 1853 1850
f 1852 1851 1854
f 1852 1855 1853
f 1855 1852 1854
f 1855 1856 1853
f 1855 1854 1857
f 1855 1858 1856
f 1858 1855 1857
f 1858 1859 1856
f 1858 1857 1860
f 1858 1861 1859
f 1861 1858 1860
f 1861 1862 1859
f 1861 1860 1863
f 1861 1864 1862
f 1864 1861 1863
f 1864 1865 1862
f 1864 1863 1866
f 1864 1867 1865
f 1867 1864 1866
f 1868 1869 1870
f 1869 1868 1871
f 1869 1872 1870
f 1869 1871 1873
f 1869 1874 1872
f 1874 1869 1873
f 1874 1875 1872
f 1874 1873 1876
f 1874 1877 1875
f 1877 1874 1876
f 1877 1878 1875
f 1877 1876 1879
f 1877 1880 1878
f 1880 1877 1879
f 1880 1881 1878
f 1880 1879 1882
f 1880 1883 1881
f 1883 1880 1882
f 1883 1884 1881
f 1883 1882 1885
f 1883 1886 1884
f 1886 1883 1885
f 1886 1887 1884
f 1886 1885 1888
f 1886 1889 1887
f 1889 1886 1888
f 1889 1890 1887
f 1889 1888 1891
f 1889 1892 1890
f 1892 1889 1891
f 1893 1894 1895
f 1893 1895 1896
f 1894 1893 1897
f 1897 1893 1896
f 1898 1899 1900
f 1898 1900 1901
f 1899 1898 1902
f 1902 1898 1901
f 1903 1904 1905
f 1903 1905 1906
f 1904 1903 1907
f 1907 1903 1906
f 1908 1909 1910
f 1908 1910 1911
f 1909 1908 1912
f 1912 1908 1911
f 1913 1914 1915
f 1914 1913 1916
f 1914 1917 1915
f 1914 1916 1918
f 1917 1914 1918
f 1919 1920 1921
f 1919 1921 1922
f 1920 1919 1923
f 1923 1919 1922
f 1924 1925 1926
f 1925 1924 1927
f 1925 1928 1926
f 1925 1927 1929
f 1928 1925 1929
f 1930 1931 1932
f 1931 1930 1933
f 1931 1934 1932
f 1931 1933 1935
f 1934 1931 1935
f 1936 1937 1938
f 1936 1938 1939
f 1937 1936 1940
f 1940 1936 1939
f 1941 1942 1943
f 1942 1941 1944
f 1942 1945 1943
f 1942 1944 1946
f 1945 1942 1946
f 1947 1948 1949
f 1948 1947 1950
f 1948 1951 1949
f 1948 1950 1952
f 1951 1948 1952
f 1953 1954 1955
f 1953 1955 1956
f 1954 1953 1957
f 1957 1953 1956
f 1958 1959 1960
f 1959 1958 1961
f 1959 1962 1960
f 1959 1961 1963
f 1962 1959 1963
f 1964 1965 1966
f 1965 1964 1967
f 1965 1968 1966
f 1965 1967 1969
f 1968 1965 1969
f 1970 1971 1972
f 1970 1972 1973
f 1971 1970 1974
f 1974 1970 1973
f 1975 1976 1977
f 1976 1975 1978
f 1976 1979 1977
f 1976 1978 1980
f 1979 1976 1980
f 1981 1982 1983
f 1982 1981 1984
f 1982 1985 1983
f 1982 1984 1986
f 1985 1982 1986
f 1987 1988 1989
f 1987 1989 1990
f 1988 1987 1991
f 1991 1987 1990
f 1992 1993 1994
f 1993 1992 1995
f 1993 1996 1994
f 1993 1995 1997
f 1996 1993 1997
f 1998 1999 2000
f 1999 1998 2001
f 1999 2002 2000
f 1999 2001 2003
f 2002 1999 2003
f 2004 2005 2006
f 2004 2006 2007
f 2005 2004 2008
f 2008 2004 2007
f 2009 2010 2011
f 2010 2009 2012
f 2010 2013 2011
f 2010 2012 2014
f 2013 2010 2014
f 2015 2016 2017
f 2016 2015 2018
f 2016 2019 2017
f 2016 2018 2020
f 2019 2016 2020
f 2021 2022 2023
f 2021 2023 2024
f 2022 2021 2025
f 2025 2021 2024
f 2026 2027 2028
f 2027 2026 2029
f 2027 2030 2028
f 2027 2029 2031
f 2030 2027 2031
f 2032 2033 2034
f 2033 2032 2035
f 2033 2036 2034
f 2033 2035 2037
f 2036 2033 2037
f 2038 2039 2040
f 2038 2040 2041
f 2039 2038 2042
f 2042 2038 2041
f 2043 2044 2045
f 2044 2043 2046
f 2044 2047 2045
f 2044 2046 2048
f 2047 2044 2048
