# ROS coordinates: X forward, Y left, Z up; units are metres.
o mesh
v -0.00473645329 -0.110745594 0.0535000041
v -0.00495628268 -0.110990256 0.0535000041
v -0.00439661741 -0.111112356 0.0530000031
v -0.0047804676 -0.111173667 0.05325
v -0.0045553837 -0.111289054 0.0530000031
v -0.00513656437 -0.111288629 0.0535000041
v -0.00468558073 -0.111504547 0.0530000031
v -0.00494696945 -0.111477405 0.05325
v -0.00525952876 -0.111630276 0.0535000041
v -0.00477439165 -0.111751296 0.0530000031
v -0.005044153 -0.111824661 0.05325
v -0.005311737 -0.111997396 0.0535000041
v -0.00481210276 -0.112016425 0.0530000031
v -0.00505807251 -0.112189986 0.05325
v -0.00528761744 -0.112367414 0.0535000041
v -0.00479467772 -0.112283669 0.0530000031
v -0.00498759374 -0.112543628 0.05325
v -0.005191002 -0.112717435 0.0535000041
v -0.004724905 -0.11253646 0.0530000031
v -0.00484468974 -0.11285916 0.05325
v -0.00503394939 -0.11302866 0.0535000041
v -0.00464999862 -0.113119416 0.05325
v -0.00461147353 -0.112761237 0.0530000031
v -0.004833378 -0.113289334 0.0535000041
v -0.00446661748 -0.1129495 0.0530000031
v -0.00458871759 -0.113509163 0.0535000041
v -0.00428992137 -0.113108262 0.0530000031
v -0.00440531038 -0.113333352 0.05325
v -0.00429034233 -0.113689445 0.0535000041
v -0.003931977 -0.11355824 0.05325
v -0.004074428 -0.113238469 0.0530000031
v -0.003948696 -0.113812409 0.0535000041
v -0.00382768176 -0.11332728 0.0530000031
v -0.003581578 -0.113864623 0.0535000041
v -0.00356254354 -0.113364987 0.0530000031
v -0.00338898413 -0.113610953 0.05325
v -0.00321155414 -0.113840505 0.0535000041
v -0.0028714817 -0.113476917 0.05325
v -0.00329530239 -0.113347568 0.0530000031
v -0.00286154076 -0.113743886 0.0535000041
v -0.00304251164 -0.113277785 0.0530000031
v -0.00255031325 -0.113586836 0.0535000041
v -0.002817737 -0.113164365 0.0530000031
v -0.002289638 -0.113386258 0.0535000041
v -0.00262947381 -0.1130195 0.0530000031
v -0.0387199931 -0.07406972 0.0535000041
v -0.0389398225 -0.07431438 0.0535000041
v -0.0383801572 -0.07443648 0.0530000031
v -0.03876401 -0.07449779 0.05325
v -0.0385389253 -0.07461318 0.0530000031
v -0.0391201 -0.07461275 0.0535000041
v -0.0386691242 -0.07482867 0.0530000031
v -0.03893051 -0.07480153 0.05325
v -0.03924307 -0.0749544054 0.0535000041
v -0.0387579352 -0.07507542 0.0530000031
v -0.0390276946 -0.07514878 0.05325
v -0.03929528 -0.07532151 0.0535000041
v -0.0387956426 -0.0753405541 0.0530000031
v -0.03904161 -0.0755141154 0.05325
v -0.0392711572 -0.0756915361 0.0535000041
v -0.0387782231 -0.07560779 0.0530000031
v -0.0389711373 -0.07586776 0.05325
v -0.03917454 -0.07604156 0.0535000041
v -0.0387084447 -0.07586058 0.0530000031
v -0.0388282277 -0.07618329 0.05325
v -0.03901749 -0.07635278 0.0535000041
v -0.0386335365 -0.07644354 0.05325
v -0.0385950133 -0.07608536 0.0530000031
v -0.0388169177 -0.076613456 0.0535000041
v -0.03845016 -0.07627362 0.0530000031
v -0.03857226 -0.0768332854 0.0535000041
v -0.03827346 -0.0764323846 0.0530000031
v -0.038388852 -0.076657474 0.05325
v -0.0382738858 -0.07701357 0.0535000041
v -0.03791552 -0.07688236 0.05325
v -0.038057968 -0.07656259 0.0530000031
v -0.0379322357 -0.07713654 0.0535000041
v -0.0378112234 -0.0766514 0.0530000031
v -0.03756512 -0.0771887451 0.0535000041
v -0.03754608 -0.07668911 0.0530000031
v -0.0373725258 -0.07693508 0.05325
v -0.0371950977 -0.07716462 0.0535000041
v -0.03685502 -0.07680105 0.05325
v -0.0372788459 -0.07667169 0.0530000031
v -0.03684508 -0.0770680159 0.0535000041
v -0.0370260552 -0.07660191 0.0530000031
v -0.03653385 -0.07691096 0.0535000041
v -0.03680128 -0.07648849 0.0530000031
v -0.036273174 -0.07671039 0.0535000041
v -0.03661301 -0.0763436258 0.0530000031
v -0.0242951624 -0.133776382 0.0535000041
v -0.0246349983 -0.133409619 0.0530000031
v -0.0248232633 -0.133554488 0.0530000031
v -0.0248770043 -0.13386704 0.05325
v -0.0245558359 -0.133976966 0.0535000041
v -0.02504804 -0.133667916 0.0530000031
v -0.024867069 -0.134134009 0.0535000041
v -0.0253008269 -0.133737683 0.0530000031
v -0.0252170824 -0.134230629 0.0535000041
v -0.02539451 -0.134001076 0.05325
v -0.025568068 -0.133755118 0.0530000031
v -0.0259375013 -0.133948356 0.05325
v -0.025587108 -0.134254754 0.0535000041
v -0.0258332081 -0.1337174 0.0530000031
v -0.02595422 -0.13420254 0.0535000041
v -0.026079949 -0.133628592 0.0530000031
v -0.02629587 -0.134079576 0.0535000041
v -0.02641084 -0.133723468 0.05325
v -0.0262954459 -0.133498386 0.0530000031
v -0.0266555212 -0.133509547 0.05325
v -0.02659424 -0.133899286 0.0535000041
v -0.02647214 -0.133339629 0.0530000031
v -0.0268388987 -0.133679464 0.0535000041
v -0.026616998 -0.133151352 0.0530000031
v -0.027039472 -0.133418784 0.0535000041
v -0.0268502161 -0.133249283 0.05325
v -0.02673043 -0.132926583 0.0530000031
v -0.0271965265 -0.133107558 0.0535000041
v -0.026993122 -0.132933751 0.05325
v -0.0268002041 -0.1326738 0.0530000031
v -0.0272931419 -0.132757545 0.0535000041
v -0.027063597 -0.132580116 0.05325
v -0.0268176273 -0.132406548 0.0530000031
v -0.0273172632 -0.132387519 0.0535000041
v -0.0270496756 -0.132214785 0.05325
v -0.0267799161 -0.132141411 0.0530000031
v -0.027265057 -0.1320204 0.0535000041
v -0.0269524939 -0.131867528 0.05325
v -0.0266911089 -0.131894663 0.0530000031
v -0.0271420889 -0.13167876 0.0535000041
v -0.0267859921 -0.131563783 0.05325
v -0.0265609063 -0.131679177 0.0530000031
v -0.0269618072 -0.131380379 0.0535000041
v -0.0264021456 -0.131502479 0.0530000031
v -0.0267419815 -0.131135717 0.0535000041
v -0.0262138769 -0.131357625 0.0530000031
v -0.0261601359 -0.131045058 0.05325
v -0.0259891 -0.1312442 0.0530000031
v -0.0264813043 -0.130935147 0.0535000041
v -0.0261700749 -0.130778089 0.0535000041
v -0.02573631 -0.131174415 0.0530000031
v -0.0258200578 -0.130681485 0.0535000041
v -0.02564263 -0.130911022 0.05325
v -0.0254690759 -0.131157 0.0530000031
v -0.0250996351 -0.130963743 0.05325
v -0.0254500359 -0.13065736 0.0535000041
v -0.0252039321 -0.131194711 0.0530000031
v -0.02508292 -0.130709574 0.0535000041
v -0.0249571875 -0.131283522 0.0530000031
v -0.02474127 -0.130832538 0.0535000041
v -0.0246263035 -0.131188631 0.05325
v -0.0247416943 -0.131413713 0.0530000031
v -0.0243816189 -0.131402567 0.05325
v -0.0244428962 -0.131012812 0.0535000041
v -0.0245649964 -0.131572485 0.0530000031
v -0.0241982378 -0.131232649 0.0535000041
v -0.0244201422 -0.131760746 0.0530000031
v -0.0239976645 -0.13149333 0.0535000041
v -0.0241869278 -0.131662816 0.05325
v -0.02430671 -0.131985515 0.0530000031
v -0.0238406137 -0.131804556 0.0535000041
v -0.0240440182 -0.131978348 0.05325
v -0.0242369324 -0.132238314 0.0530000031
v -0.0237439983 -0.132154569 0.0535000041
v -0.0239735469 -0.132332 0.05325
v -0.0242195129 -0.132505551 0.0530000031
v -0.023719877 -0.1325246 0.0535000041
v -0.02398746 -0.132697314 0.05325
v -0.02425722 -0.132770687 0.0530000031
v -0.0237720869 -0.1328917 0.0535000041
v -0.0240846463 -0.133044571 0.05325
v -0.0243460312 -0.133017436 0.0530000031
v -0.0238950551 -0.133233353 0.0535000041
v -0.0242511444 -0.133348316 0.05325
v -0.02447623 -0.133232921 0.0530000031
v -0.024075333 -0.133531719 0.0535000041
v -0.0246349983 -0.133409619 0.0530000031
v -0.0242951624 -0.133776382 0.0535000041
v -0.0607255176 -0.09445985 0.0535000041
v -0.060945347 -0.0947045 0.0535000041
v -0.06038568 -0.0948266 0.0530000031
v -0.0607695356 -0.09488791 0.05325
v -0.06054445 -0.0950033 0.0530000031
v -0.06112563 -0.0950028747 0.0535000041
v -0.06067465 -0.09521879 0.0530000031
v -0.0609360375 -0.09519165 0.05325
v -0.0612486 -0.09534453 0.0535000041
v -0.06076346 -0.09546554 0.0530000031
v -0.06103322 -0.09553891 0.05325
v -0.0613008067 -0.09571164 0.0535000041
v -0.060801167 -0.09573068 0.0530000031
v -0.0610471368 -0.09590424 0.05325
v -0.0612766854 -0.09608166 0.0535000041
v -0.0607837476 -0.0959979147 0.0530000031
v -0.06097666 -0.09625788 0.05325
v -0.06118007 -0.09643167 0.0535000041
v -0.06071397 -0.0962507054 0.0530000031
v -0.0608337559 -0.09657341 0.05325
v -0.0610230155 -0.0967429057 0.0535000041
v -0.06063906 -0.09683367 0.05325
v -0.0606005378 -0.09647548 0.0530000031
v -0.0608224422 -0.09700358 0.0535000041
v -0.0604556836 -0.09666374 0.0530000031
v -0.0605777837 -0.09722341 0.0535000041
v -0.0602789856 -0.0968225151 0.0530000031
v -0.0603943765 -0.0970476 0.05325
v -0.0602794066 -0.09740369 0.0535000041
v -0.05992104 -0.0972724855 0.05325
v -0.0600634925 -0.096952714 0.0530000031
v -0.059937764 -0.0975266546 0.0535000041
v -0.05981675 -0.0970415249 0.0530000031
v -0.0595706478 -0.09757887 0.0535000041
v -0.0595516078 -0.09707923 0.0530000031
v -0.05937805 -0.0973252058 0.05325
v -0.0592006221 -0.09755475 0.0535000041
v -0.0588605478 -0.09719116 0.05325
v -0.0592843667 -0.09706181 0.0530000031
v -0.058850605 -0.09745814 0.0535000041
v -0.0590315834 -0.09699203 0.0530000031
v -0.0585393757 -0.09730108 0.0535000041
v -0.0588068031 -0.0968786 0.0530000031
v -0.0582787022 -0.09710051 0.0535000041
v -0.0586185381 -0.09673375 0.0530000031
v -0.00473645329 -0.110745594 0.016
v -0.004475778 -0.110545024 0.016
v -0.00439661741 -0.111112356 0.0165
v -0.00430627726 -0.110734284 0.0162500013
v -0.00420835242 -0.1109675 0.0165
v -0.00416455045 -0.110387966 0.016
v -0.003983572 -0.110854074 0.0165
v -0.003990747 -0.110591382 0.0162500013
v -0.00381453149 -0.110291354 0.016
v -0.00373078883 -0.110784292 0.0165
v -0.00363710523 -0.1105209 0.0162500013
v -0.00344450772 -0.110267237 0.016
v -0.00346354768 -0.110766873 0.0165
v -0.00327177532 -0.110534817 0.0162500013
v -0.00307739154 -0.11031945 0.016
v -0.00319840387 -0.11080458 0.0165
v -0.00292451866 -0.110632 0.0162500013
v -0.002735747 -0.110442415 0.016
v -0.002951663 -0.110893391 0.0165
v -0.002620779 -0.110798508 0.0162500013
v -0.00243737176 -0.1106227 0.016
v -0.0023760926 -0.111012436 0.0162500013
v -0.00273616984 -0.11102359 0.0165
v -0.00219271332 -0.110842526 0.016
v -0.00255947188 -0.111182362 0.0165
v -0.00199214 -0.1111032 0.016
v -0.00241461769 -0.111370623 0.0165
v -0.00218139961 -0.111272693 0.0162500013
v -0.00183508731 -0.111414433 0.016
v -0.00199318118 -0.111761771 0.0162500013
v -0.00230118632 -0.1115954 0.0165
v -0.00173847 -0.111764446 0.016
v -0.002231408 -0.11184819 0.0165
v -0.00171434879 -0.112134464 0.016
v -0.00221398845 -0.112115428 0.0165
v -0.0019819364 -0.1123072 0.0162500013
v -0.00176655687 -0.112501577 0.016
v -0.002154965 -0.112813 0.0162500013
v -0.00225169584 -0.112380564 0.0165
v -0.00188952684 -0.11284323 0.016
v -0.00234050676 -0.112627313 0.0165
v -0.00206980854 -0.113141604 0.016
v -0.00247070566 -0.112842806 0.0165
v -0.002289638 -0.113386258 0.016
v -0.00262947381 -0.1130195 0.0165
v -0.036273174 -0.07671039 0.016
v -0.03661301 -0.0763436258 0.0165
v -0.03645425 -0.07616693 0.0165
v -0.0361385047 -0.0761371255 0.0162500013
v -0.03605335 -0.0764657259 0.016
v -0.0363240466 -0.0759514347 0.0165
v -0.0358730666 -0.07616735 0.016
v -0.03623524 -0.0757046938 0.0165
v -0.0357501 -0.0758257061 0.016
v -0.03596548 -0.07563132 0.0162500013
v -0.03619753 -0.07543955 0.0165
v -0.0359767228 -0.07508589 0.0162500013
v -0.0356978923 -0.0754585862 0.016
v -0.03621495 -0.0751723051 0.0165
v -0.0357220136 -0.07508857 0.016
v -0.0362847261 -0.07491952 0.0165
v -0.03581863 -0.07473855 0.016
v -0.03616494 -0.07459682 0.0162500013
v -0.0363981575 -0.0746947452 0.0165
v -0.0363596343 -0.07433656 0.0162500013
v -0.0359756835 -0.07442732 0.016
v -0.0365430154 -0.07450648 0.0165
v -0.0361762568 -0.07416665 0.016
v -0.03671971 -0.07434772 0.0165
v -0.0364209153 -0.07394682 0.016
v -0.036604315 -0.07412263 0.0162500013
v -0.0369352065 -0.07421751 0.0165
v -0.036719285 -0.07376654 0.016
v -0.036908064 -0.07395613 0.0162500013
v -0.0371819474 -0.0741287 0.0165
v -0.0370609351 -0.0736435652 0.016
v -0.0372553132 -0.07385895 0.0162500013
v -0.0374470875 -0.0740909949 0.0165
v -0.0374280475 -0.07359136 0.016
v -0.037620645 -0.07384503 0.0162500013
v -0.03771433 -0.07410842 0.0165
v -0.0377980731 -0.07361548 0.016
v -0.0379742868 -0.0739155039 0.0162500013
v -0.0379671156 -0.0741782 0.0165
v -0.0381480865 -0.0737120956 0.016
v -0.03828982 -0.0740584061 0.0162500013
v -0.0381918922 -0.07429162 0.0165
v -0.03845932 -0.07386915 0.016
v -0.0383801572 -0.07443648 0.0165
v -0.0387199931 -0.07406972 0.016
v -0.0385389253 -0.07461318 0.0165
v -0.0388546661 -0.07464298 0.0162500013
v -0.0386691242 -0.07482867 0.0165
v -0.0389398225 -0.07431438 0.016
v -0.0391201 -0.07461275 0.016
v -0.0387579352 -0.07507542 0.0165
v -0.03924307 -0.0749544054 0.016
v -0.0390276946 -0.07514878 0.0162500013
v -0.0387956426 -0.0753405541 0.0165
v -0.03901645 -0.07569422 0.0162500013
v -0.03929528 -0.07532151 0.016
v -0.0387782231 -0.07560779 0.0165
v -0.0392711572 -0.0756915361 0.016
v -0.0387084447 -0.07586058 0.0165
v -0.03917454 -0.07604156 0.016
v -0.0388282277 -0.07618329 0.0162500013
v -0.0385950133 -0.07608536 0.0165
v -0.0386335365 -0.07644354 0.0162500013
v -0.03901749 -0.07635278 0.016
v -0.03845016 -0.07627362 0.0165
v -0.0388169177 -0.076613456 0.016
v -0.03827346 -0.0764323846 0.0165
v -0.03857226 -0.0768332854 0.016
v -0.038388852 -0.076657474 0.0162500013
v -0.038057968 -0.07656259 0.0165
v -0.0382738858 -0.07701357 0.016
v -0.03808511 -0.07682398 0.0162500013
v -0.0378112234 -0.0766514 0.0165
v -0.0379322357 -0.07713654 0.016
v -0.0377378538 -0.07692116 0.0162500013
v -0.03754608 -0.07668911 0.0165
v -0.03756512 -0.0771887451 0.016
v -0.0373725258 -0.07693508 0.0162500013
v -0.0372788459 -0.07667169 0.0165
v -0.0371950977 -0.07716462 0.016
v -0.037018884 -0.0768646 0.0162500013
v -0.0370260552 -0.07660191 0.0165
v -0.03684508 -0.0770680159 0.016
v -0.0367033519 -0.0767217 0.0162500013
v -0.03680128 -0.07648849 0.0165
v -0.03653385 -0.07691096 0.016
v -0.03661301 -0.0763436258 0.0165
v -0.036273174 -0.07671039 0.016
v -0.000212214887 -0.109007411 0.016
v 0.0002892129 -0.1096591 0.016
v 0.000681851059 -0.11043717 0.016
v -0.004004255 -0.106386252 0.016
v 0.000923384 -0.111312211 0.016
v 0.000983689 -0.112237267 0.016
v -0.0341957547 -0.07233153 0.016
v -0.0318707526 -0.0763120353 0.016
v 0.000853166 -0.11315506 0.016
v -0.03555334 -0.07133126 0.016
v -0.0348074 -0.07178197 0.016
v -0.03640746 -0.07102384 0.016
v -0.0373252481 -0.07089332 0.016
v -0.0382503048 -0.07095362 0.016
v -0.00219271332 -0.110842526 0.016
v -0.00243737176 -0.1106227 0.016
v -0.002735747 -0.110442415 0.016
v -0.00307739154 -0.11031945 0.016
v -0.00199214 -0.1111032 0.016
v -0.00344450772 -0.110267237 0.016
v 0.000545743853 -0.114009179 0.016
v -0.00381453149 -0.110291354 0.016
v -0.00183508731 -0.111414433 0.016
v -0.00173847 -0.111764446 0.016
v -0.00171434879 -0.112134464 0.016
v -0.00416455045 -0.110387966 0.016
v 9.50396061E-05 -0.114755116 0.016
v -0.004475778 -0.110545024 0.016
v -0.00473645329 -0.110745594 0.016
v -0.00495628268 -0.110990256 0.016
v -0.009872396 -0.111823618 0.016
v -0.00513656437 -0.111288629 0.016
v -0.00176655687 -0.112501577 0.016
v -0.00188952684 -0.11284323 0.016
v -0.00206980854 -0.113141604 0.016
v -0.00045453012 -0.115366757 0.016
v -0.00525952876 -0.111630276 0.016
v -0.002289638 -0.113386258 0.016
v -0.005311737 -0.111997396 0.016
v -0.00255031325 -0.113586836 0.016
v -0.00528761744 -0.112367414 0.016
v -0.00286154076 -0.113743886 0.016
v -0.005191002 -0.112717435 0.016
v -0.00503394939 -0.11302866 0.016
v -0.004833378 -0.113289334 0.016
v -0.00321155414 -0.113840505 0.016
v -0.003581578 -0.113864623 0.016
v -0.003948696 -0.113812409 0.016
v -0.003755359 -0.118425272 0.016
v -0.00458871759 -0.113509163 0.016
v -0.00429034233 -0.113689445 0.016
v -0.03661301 -0.0763436258 0.0530000031
v -0.03661301 -0.0763436258 0.0165
v -0.03680128 -0.07648849 0.0165
v -0.0368312933 -0.07650691 0.03475
v -0.03680128 -0.07648849 0.0530000031
v -0.0370260552 -0.07660191 0.0165
v -0.0370260552 -0.07660191 0.0530000031
v -0.0370959342 -0.07662678 0.03475
v -0.0372788459 -0.07667169 0.0165
v -0.0372788459 -0.07667169 0.0530000031
v -0.0373925343 -0.07668588 0.03475
v -0.03754608 -0.07668911 0.0165
v -0.03754608 -0.07668911 0.0530000031
v -0.03769894 -0.07667421 0.03475
v -0.0378112234 -0.0766514 0.0165
v -0.0378112234 -0.0766514 0.0530000031
v -0.0379901864 -0.0765927 0.03475
v -0.038057968 -0.07656259 0.0165
v -0.038057968 -0.07656259 0.0530000031
v -0.03824494 -0.07645305 0.03475
v -0.03827346 -0.0764323846 0.0165
v -0.03845016 -0.07627362 0.03475
v -0.03827346 -0.0764323846 0.0530000031
v -0.03845016 -0.07627362 0.0165
v -0.03845016 -0.07627362 0.0530000031
v -0.0385950133 -0.07608536 0.0165
v -0.0385950133 -0.07608536 0.0530000031
v -0.0386134535 -0.07605535 0.03475
v -0.0387084447 -0.07586058 0.0165
v -0.0387084447 -0.07586058 0.0530000031
v -0.0387084447 -0.07586058 0.03475
v -0.0387713127 -0.07564515 0.03475
v -0.0387782231 -0.07560779 0.0165
v -0.0387782231 -0.07560779 0.0530000031
v -0.0387963 -0.0754174441 0.03475
v -0.0387956426 -0.0753405541 0.0165
v -0.0387956426 -0.0753405541 0.0530000031
v -0.0387807377 -0.0751877 0.03475
v -0.0387579352 -0.07507542 0.0165
v -0.0387579352 -0.07507542 0.0530000031
v -0.03872567 -0.07496656 0.03475
v -0.0386691242 -0.07482867 0.0165
v -0.0386691242 -0.07482867 0.0530000031
v -0.0386356227 -0.07476348 0.03475
v -0.0385389253 -0.07461318 0.0165
v -0.0385389253 -0.07461318 0.0530000031
v -0.0385176763 -0.07458545 0.03475
v -0.0383801572 -0.07443648 0.0165
v -0.0383801572 -0.07443648 0.0530000031
v -0.0381918922 -0.07429162 0.0165
v -0.03816188 -0.07427319 0.03475
v -0.0381918922 -0.07429162 0.0530000031
v -0.0379671156 -0.0741782 0.0165
v -0.0379671156 -0.0741782 0.0530000031
v -0.03789724 -0.0741533339 0.03475
v -0.03771433 -0.07410842 0.0165
v -0.03771433 -0.07410842 0.0530000031
v -0.0376006328 -0.07409422 0.03475
v -0.0374470875 -0.0740909949 0.0165
v -0.0374470875 -0.0740909949 0.0530000031
v -0.0372942276 -0.0741059 0.03475
v -0.0371819474 -0.0741287 0.0165
v -0.0371819474 -0.0741287 0.0530000031
v -0.0370029844 -0.0741874054 0.03475
v -0.0369352065 -0.07421751 0.0165
v -0.0369352065 -0.07421751 0.0530000031
v -0.0367482342 -0.07432705 0.03475
v -0.03671971 -0.07434772 0.0165
v -0.0365430154 -0.07450648 0.03475
v -0.03671971 -0.07434772 0.0530000031
v -0.0365430154 -0.07450648 0.0165
v -0.0365430154 -0.07450648 0.0530000031
v -0.0363981575 -0.0746947452 0.0165
v -0.0363981575 -0.0746947452 0.0530000031
v -0.03637972 -0.07472476 0.03475
v -0.0362847261 -0.07491952 0.0165
v -0.0362847261 -0.07491952 0.0530000031
v -0.0362847261 -0.07491952 0.03475
v -0.03622186 -0.0751349553 0.03475
v -0.03621495 -0.0751723051 0.0165
v -0.03621495 -0.0751723051 0.0530000031
v -0.0361968726 -0.07536267 0.03475
v -0.03619753 -0.07543955 0.0165
v -0.03619753 -0.07543955 0.0530000031
v -0.03621243 -0.0755924061 0.03475
v -0.03623524 -0.0757046938 0.0165
v -0.03623524 -0.0757046938 0.0530000031
v -0.0362675 -0.07581355 0.03475
v -0.0363240466 -0.0759514347 0.0165
v -0.0363240466 -0.0759514347 0.0530000031
v -0.03635755 -0.0760166347 0.03475
v -0.03645425 -0.07616693 0.0165
v -0.03645425 -0.07616693 0.0530000031
v -0.0364755 -0.07619465 0.03475
v -0.03661301 -0.0763436258 0.0165
v -0.03661301 -0.0763436258 0.0530000031
v -0.00439661741 -0.111112356 0.0165
v -0.0045553837 -0.111289054 0.0165
v -0.00473645329 -0.110745594 0.016
v -0.0048711244 -0.111318856 0.0162500013
v -0.00468558073 -0.111504547 0.0165
v -0.00495628268 -0.110990256 0.016
v -0.00513656437 -0.111288629 0.016
v -0.00477439165 -0.111751296 0.0165
v -0.00525952876 -0.111630276 0.016
v -0.005044153 -0.111824661 0.0162500013
v -0.00481210276 -0.112016425 0.0165
v -0.005032908 -0.112370089 0.0162500013
v -0.005311737 -0.111997396 0.016
v -0.00479467772 -0.112283669 0.0165
v -0.00528761744 -0.112367414 0.016
v -0.004724905 -0.11253646 0.0165
v -0.005191002 -0.112717435 0.016
v -0.00484468974 -0.11285916 0.0162500013
v -0.00461147353 -0.112761237 0.0165
v -0.00464999862 -0.113119416 0.0162500013
v -0.00503394939 -0.11302866 0.016
v -0.00446661748 -0.1129495 0.0165
v -0.004833378 -0.113289334 0.016
v -0.00428992137 -0.113108262 0.0165
v -0.00458871759 -0.113509163 0.016
v -0.00440531038 -0.113333352 0.0162500013
v -0.004074428 -0.113238469 0.0165
v -0.00429034233 -0.113689445 0.016
v -0.004101567 -0.113499857 0.0162500013
v -0.00382768176 -0.11332728 0.0165
v -0.003948696 -0.113812409 0.016
v -0.003754314 -0.113597035 0.0162500013
v -0.00356254354 -0.113364987 0.0165
v -0.003581578 -0.113864623 0.016
v -0.00338898413 -0.113610953 0.0162500013
v -0.00329530239 -0.113347568 0.0165
v -0.00321155414 -0.113840505 0.016
v -0.00303534046 -0.113540486 0.0162500013
v -0.00304251164 -0.113277785 0.0165
v -0.00286154076 -0.113743886 0.016
v -0.002719812 -0.113397576 0.0162500013
v -0.002817737 -0.113164365 0.0165
v -0.00255031325 -0.113586836 0.016
v -0.00262947381 -0.1130195 0.0165
v -0.002289638 -0.113386258 0.016
v -0.00262947381 -0.1130195 0.0530000031
v -0.00262947381 -0.1130195 0.0165
v -0.002817737 -0.113164365 0.0165
v -0.00284775347 -0.113182791 0.03475
v -0.002817737 -0.113164365 0.0530000031
v -0.00304251164 -0.113277785 0.0165
v -0.00304251164 -0.113277785 0.0530000031
v -0.00311239064 -0.113302648 0.03475
v -0.00329530239 -0.113347568 0.0165
v -0.00329530239 -0.113347568 0.0530000031
v -0.0034089908 -0.113361761 0.03475
v -0.00356254354 -0.113364987 0.0165
v -0.00356254354 -0.113364987 0.0530000031
v -0.00371539965 -0.113350078 0.03475
v -0.00382768176 -0.11332728 0.0165
v -0.00382768176 -0.11332728 0.0530000031
v -0.00400664471 -0.113268577 0.03475
v -0.004074428 -0.113238469 0.0165
v -0.004074428 -0.113238469 0.0530000031
v -0.004261397 -0.11312893 0.03475
v -0.00428992137 -0.113108262 0.0165
v -0.00446661748 -0.1129495 0.03475
v -0.00428992137 -0.113108262 0.0530000031
v -0.00446661748 -0.1129495 0.0165
v -0.00446661748 -0.1129495 0.0530000031
v -0.00461147353 -0.112761237 0.0165
v -0.00461147353 -0.112761237 0.0530000031
v -0.00462991 -0.112731226 0.03475
v -0.004724905 -0.11253646 0.0165
v -0.004724905 -0.11253646 0.0530000031
v -0.004724905 -0.11253646 0.03475
v -0.004787769 -0.112321027 0.03475
v -0.00479467772 -0.112283669 0.0165
v -0.00479467772 -0.112283669 0.0530000031
v -0.00481275842 -0.112093322 0.03475
v -0.00481210276 -0.112016425 0.0165
v -0.00481210276 -0.112016425 0.0530000031
v -0.004797194 -0.111863576 0.03475
v -0.00477439165 -0.111751296 0.0165
v -0.00477439165 -0.111751296 0.0530000031
v -0.004742129 -0.111642435 0.03475
v -0.00468558073 -0.111504547 0.0165
v -0.00468558073 -0.111504547 0.0530000031
v -0.004652079 -0.111439347 0.03475
v -0.0045553837 -0.111289054 0.0165
v -0.0045553837 -0.111289054 0.0530000031
v -0.004534133 -0.111261331 0.03475
v -0.00439661741 -0.111112356 0.0165
v -0.00439661741 -0.111112356 0.0530000031
v -0.00420835242 -0.1109675 0.0165
v -0.00417833775 -0.110949062 0.03475
v -0.00420835242 -0.1109675 0.0530000031
v -0.003983572 -0.110854074 0.0165
v -0.003983572 -0.110854074 0.0530000031
v -0.00391369872 -0.110829204 0.03475
v -0.00373078883 -0.110784292 0.0165
v -0.00373078883 -0.110784292 0.0530000031
v -0.003617093 -0.1107701 0.03475
v -0.00346354768 -0.110766873 0.0165
v -0.00346354768 -0.110766873 0.0530000031
v -0.00331069157 -0.110781774 0.03475
v -0.00319840387 -0.11080458 0.0165
v -0.00319840387 -0.11080458 0.0530000031
v -0.003019441 -0.110863283 0.03475
v -0.002951663 -0.110893391 0.0165
v -0.002951663 -0.110893391 0.0530000031
v -0.00276469439 -0.11100293 0.03475
v -0.00273616984 -0.11102359 0.0165
v -0.00255947188 -0.111182362 0.03475
v -0.00273616984 -0.11102359 0.0530000031
v -0.00255947188 -0.111182362 0.0165
v -0.00255947188 -0.111182362 0.0530000031
v -0.00241461769 -0.111370623 0.0165
v -0.00241461769 -0.111370623 0.0530000031
v -0.00239618123 -0.111400634 0.03475
v -0.00230118632 -0.1115954 0.0165
v -0.00230118632 -0.1115954 0.0530000031
v -0.00230118632 -0.1115954 0.03475
v -0.002238322 -0.111810826 0.03475
v -0.002231408 -0.11184819 0.0165
v -0.002231408 -0.11184819 0.0530000031
v -0.0022133328 -0.112038538 0.03475
v -0.00221398845 -0.112115428 0.0165
v -0.00221398845 -0.112115428 0.0530000031
v -0.00222888961 -0.112268284 0.03475
v -0.00225169584 -0.112380564 0.0165
v -0.00225169584 -0.112380564 0.0530000031
v -0.00228396058 -0.112489417 0.03475
v -0.00234050676 -0.112627313 0.0165
v -0.00234050676 -0.112627313 0.0530000031
v -0.00237401016 -0.112692505 0.03475
v -0.00247070566 -0.112842806 0.0165
v -0.00247070566 -0.112842806 0.0530000031
v -0.00249195471 -0.112870529 0.03475
v -0.00262947381 -0.1130195 0.0165
v -0.00262947381 -0.1130195 0.0530000031
v -0.0445625223 -0.07512082 0.0165
v -0.0445625223 -0.07512082 0.0200000014
v -0.0408949368 -0.07172246 0.0165
v -0.0445625223 -0.07512082 0.0214709453
v -0.0445625223 -0.07512082 0.03070855
v -0.0481687561 -0.07846232 0.022
v -0.0474965945 -0.0778395 0.0237803459
v -0.04823011 -0.07851917 0.022
v -0.04823011 -0.07851917 0.0220482945
v -0.04829147 -0.07857603 0.022
v -0.04896363 -0.0791988447 0.0237803459
v -0.04896363 -0.0791988447 0.0283991471
v -0.0518976972 -0.0819175243 0.0214709453
v -0.0474965945 -0.0778395 0.0283991471
v -0.0518976972 -0.0819175243 0.0207354724
v -0.0592328757 -0.0887142345 0.0200000014
v -0.0555039272 -0.08525903 0.022
v -0.05483177 -0.08463621 0.0237803459
v -0.0555652864 -0.08531588 0.022
v -0.0555652864 -0.08531588 0.0220482945
v -0.055626642 -0.08537273 0.022
v -0.0562988073 -0.0859955549 0.0237803459
v -0.0562988073 -0.0859955549 0.0283991471
v -0.0592328757 -0.0887142345 0.0214709453
v -0.05483177 -0.08463621 0.0283991471
v -0.06290046 -0.0921125859 0.016
v -0.0592328757 -0.0887142345 0.016
v -0.0592328757 -0.0887142345 0.03070855
v -0.06290046 -0.0921125859 0.0530000031
v -0.0555652864 -0.08531588 0.0301311985
v -0.05849936 -0.08803456 0.0324406028
v -0.052631218 -0.0825971961 0.0324406028
v -0.05849936 -0.08803456 0.037059404
v -0.0518976972 -0.0819175243 0.03070855
v -0.0592328757 -0.0887142345 0.0387914553
v -0.0562988073 -0.0859955549 0.0411008559
v -0.0555652864 -0.08531588 0.0393688045
v -0.0592328757 -0.0887142345 0.0480290577
v -0.05483177 -0.08463621 0.0411008559
v -0.0562988073 -0.0859955549 0.0457196571
v -0.052631218 -0.0825971961 0.037059404
v -0.0518976972 -0.0819175243 0.0345000029
v -0.0518976972 -0.0819175243 0.0387914553
v -0.05483177 -0.08463621 0.0457196571
v -0.05849936 -0.08803456 0.04976111
v -0.0555652864 -0.08531588 0.0474517122
v -0.05849936 -0.08803456 0.0515
v -0.052631218 -0.0825971961 0.04976111
v -0.052631218 -0.0825971961 0.0515
v -0.0518976972 -0.0819175243 0.0480290577
v -0.05116418 -0.08123785 0.0515
v -0.0408949368 -0.07172246 0.0530000031
v -0.05116418 -0.08123785 0.04976111
v -0.0452960432 -0.07580049 0.0515
v -0.04896363 -0.0791988447 0.0457196571
v -0.04823011 -0.07851917 0.0474517122
v -0.0452960432 -0.07580049 0.04976111
v -0.0474965945 -0.0778395 0.0457196571
v -0.0445625223 -0.07512082 0.0480290577
v -0.0474965945 -0.0778395 0.0411008559
v -0.0445625223 -0.07512082 0.0387914553
v -0.04896363 -0.0791988447 0.0411008559
v -0.0452960432 -0.07580049 0.037059404
v -0.0452960432 -0.07580049 0.0324406028
v -0.04823011 -0.07851917 0.0393688045
v -0.04823011 -0.07851917 0.0301311985
v -0.05116418 -0.08123785 0.037059404
v -0.05116418 -0.08123785 0.0324406028
v -0.00378227979 -0.119131871 0.0165
v -0.000114694238 -0.115733519 0.0165
v -0.00378227979 -0.119131871 0.0200000014
v -0.00378227979 -0.119131871 0.0214709453
v -0.00378227979 -0.119131871 0.03070855
v -0.00738851354 -0.122473374 0.022
v -0.00671635 -0.12185055 0.0237803459
v -0.007449869 -0.122530222 0.022
v -0.007449869 -0.122530222 0.0220482945
v -0.00751122646 -0.122587077 0.022
v -0.008183386 -0.123209894 0.0237803459
v -0.00671635 -0.12185055 0.0283991471
v -0.0111174565 -0.125928581 0.0207354724
v -0.0184526332 -0.132725284 0.0200000014
v -0.0111174565 -0.125928581 0.0214709453
v -0.008183386 -0.123209894 0.0283991471
v -0.0147236846 -0.129270077 0.022
v -0.0140515268 -0.128647268 0.0237803459
v -0.0147850439 -0.12932694 0.022
v -0.0147850439 -0.12932694 0.0220482945
v -0.0148463994 -0.129383788 0.022
v -0.015518561 -0.1300066 0.0237803459
v -0.0140515268 -0.128647268 0.0283991471
v -0.0184526332 -0.132725284 0.0214709453
v -0.015518561 -0.1300066 0.0283991471
v -0.0221202187 -0.136123642 0.016
v -0.0184526332 -0.132725284 0.016
v -0.0184526332 -0.132725284 0.03070855
v -0.0221202187 -0.136123642 0.0530000031
v -0.0147850439 -0.12932694 0.0301311985
v -0.0177191123 -0.132045612 0.0324406028
v -0.0118509736 -0.126608253 0.0324406028
v -0.0177191123 -0.132045612 0.037059404
v -0.0111174565 -0.125928581 0.03070855
v -0.0184526332 -0.132725284 0.0387914553
v -0.015518561 -0.1300066 0.0411008559
v -0.0184526332 -0.132725284 0.0480290577
v -0.0147850439 -0.12932694 0.0393688045
v -0.0111174565 -0.125928581 0.0345000029
v -0.0118509736 -0.126608253 0.037059404
v -0.0140515268 -0.128647268 0.0411008559
v -0.0140515268 -0.128647268 0.0457196571
v -0.0111174565 -0.125928581 0.0387914553
v -0.015518561 -0.1300066 0.0457196571
v -0.0177191123 -0.132045612 0.04976111
v -0.0147850439 -0.12932694 0.0474517122
v -0.0177191123 -0.132045612 0.0515
v -0.0118509736 -0.126608253 0.04976111
v -0.0118509736 -0.126608253 0.0515
v -0.0111174565 -0.125928581 0.0480290577
v -0.000114694238 -0.115733519 0.0530000031
v -0.0103839375 -0.125248909 0.04976111
v -0.008183386 -0.123209894 0.0457196571
v -0.0103839375 -0.125248909 0.0515
v -0.00451579876 -0.119811542 0.0515
v -0.007449869 -0.122530222 0.0474517122
v -0.00451579876 -0.119811542 0.04976111
v -0.00671635 -0.12185055 0.0457196571
v -0.008183386 -0.123209894 0.0411008559
v -0.00378227979 -0.119131871 0.0480290577
v -0.00378227979 -0.119131871 0.0387914553
v -0.00671635 -0.12185055 0.0411008559
v -0.00451579876 -0.119811542 0.037059404
v -0.00451579876 -0.119811542 0.0324406028
v -0.007449869 -0.122530222 0.0393688045
v -0.007449869 -0.122530222 0.0301311985
v -0.0103839375 -0.125248909 0.037059404
v -0.0103839375 -0.125248909 0.0324406028
v -0.06038568 -0.0948266 0.0530000031
v -0.06019742 -0.09468174 0.0530000031
v -0.0607255176 -0.09445985 0.0535000041
v -0.0601436719 -0.09436919 0.05325
v -0.0599726439 -0.09456832 0.0530000031
v -0.0604648441 -0.09425927 0.0535000041
v -0.0601536147 -0.09410222 0.0535000041
v -0.0597198531 -0.09449854 0.0530000031
v -0.0598036 -0.0940056 0.0535000041
v -0.05962617 -0.09423515 0.05325
v -0.059452612 -0.09448112 0.0530000031
v -0.05908318 -0.0942878649 0.05325
v -0.05943358 -0.09398148 0.0535000041
v -0.0591874719 -0.0945188254 0.0530000031
v -0.05906646 -0.0940336958 0.0535000041
v -0.0589407273 -0.09460764 0.0530000031
v -0.0587248132 -0.09415666 0.0535000041
v -0.0586098433 -0.09451275 0.05325
v -0.0587252341 -0.09473784 0.0530000031
v -0.05836516 -0.09472669 0.05325
v -0.05842644 -0.09433694 0.0535000041
v -0.05854854 -0.09489661 0.0530000031
v -0.0581817776 -0.09455677 0.0535000041
v -0.058403682 -0.09508487 0.0530000031
v -0.057981208 -0.0948174447 0.0535000041
v -0.0581704676 -0.0949869454 0.05325
v -0.05829025 -0.0953096449 0.0530000031
v -0.0578241535 -0.09512867 0.0535000041
v -0.05802756 -0.09530248 0.05325
v -0.0582204759 -0.0955624357 0.0530000031
v -0.057727538 -0.09547869 0.0535000041
v -0.057957083 -0.09565612 0.05325
v -0.0582030527 -0.09582968 0.0530000031
v -0.05770342 -0.09584871 0.0535000041
v -0.057971 -0.09602144 0.05325
v -0.0582407638 -0.09609481 0.0530000031
v -0.0577556267 -0.09621583 0.0535000041
v -0.058068186 -0.0963687 0.05325
v -0.0583295748 -0.09634156 0.0530000031
v -0.05787859 -0.0965574756 0.0535000041
v -0.0582346879 -0.09667244 0.05325
v -0.0584597737 -0.09655705 0.0530000031
v -0.0580588728 -0.09685585 0.0535000041
v -0.0586185381 -0.09673375 0.0530000031
v -0.0582787022 -0.09710051 0.0535000041
v -0.0586185381 -0.09673375 0.0530000031
v -0.0586185381 -0.09673375 0.016
v -0.0588068031 -0.0968786 0.016
v -0.0588368177 -0.09689704 0.0345000029
v -0.0588068031 -0.0968786 0.0530000031
v -0.0590315834 -0.09699203 0.016
v -0.0590315834 -0.09699203 0.0530000031
v -0.0591014549 -0.0970169 0.0345000029
v -0.0592843667 -0.09706181 0.016
v -0.0592843667 -0.09706181 0.0530000031
v -0.0593980625 -0.0970760062 0.0345000029
v -0.0595516078 -0.09707923 0.016
v -0.0595516078 -0.09707923 0.0530000031
v -0.0597044639 -0.09706433 0.0345000029
v -0.05981675 -0.0970415249 0.016
v -0.05981675 -0.0970415249 0.0530000031
v -0.0599957146 -0.09698282 0.0345000029
v -0.0600634925 -0.096952714 0.016
v -0.0600634925 -0.096952714 0.0530000031
v -0.06025046 -0.0968431756 0.0345000029
v -0.0602789856 -0.0968225151 0.016
v -0.0604556836 -0.09666374 0.0345000029
v -0.0602789856 -0.0968225151 0.0530000031
v -0.0604556836 -0.09666374 0.016
v -0.0604556836 -0.09666374 0.0530000031
v -0.0606005378 -0.09647548 0.016
v -0.0606005378 -0.09647548 0.0530000031
v -0.0606189743 -0.09644547 0.0345000029
v -0.06071397 -0.0962507054 0.016
v -0.06071397 -0.0962507054 0.0530000031
v -0.06071397 -0.0962507054 0.0345000029
v -0.0607768334 -0.09603528 0.0345000029
v -0.0607837476 -0.0959979147 0.016
v -0.0607837476 -0.0959979147 0.0530000031
v -0.0608018227 -0.09580757 0.0345000029
v -0.060801167 -0.09573068 0.016
v -0.060801167 -0.09573068 0.0530000031
v -0.0607862659 -0.09557782 0.0345000029
v -0.06076346 -0.09546554 0.016
v -0.06076346 -0.09546554 0.0530000031
v -0.0607311949 -0.09535669 0.0345000029
v -0.06067465 -0.09521879 0.016
v -0.06067465 -0.09521879 0.0530000031
v -0.0606411472 -0.0951536 0.0345000029
v -0.06054445 -0.0950033 0.016
v -0.06054445 -0.0950033 0.0530000031
v -0.0605232 -0.0949755758 0.0345000029
v -0.06038568 -0.0948266 0.016
v -0.06038568 -0.0948266 0.0530000031
v -0.06019742 -0.09468174 0.016
v -0.060167402 -0.0946633145 0.0345000029
v -0.06019742 -0.09468174 0.0530000031
v -0.0599726439 -0.09456832 0.016
v -0.0599726439 -0.09456832 0.0530000031
v -0.0599027649 -0.09454346 0.0345000029
v -0.0597198531 -0.09449854 0.016
v -0.0597198531 -0.09449854 0.0530000031
v -0.0596061647 -0.0944843441 0.0345000029
v -0.059452612 -0.09448112 0.016
v -0.059452612 -0.09448112 0.0530000031
v -0.0592997558 -0.09449603 0.0345000029
v -0.0591874719 -0.0945188254 0.016
v -0.0591874719 -0.0945188254 0.0530000031
v -0.05900851 -0.09457753 0.0345000029
v -0.0589407273 -0.09460764 0.016
v -0.0589407273 -0.09460764 0.0530000031
v -0.05875376 -0.0947171748 0.0345000029
v -0.0587252341 -0.09473784 0.016
v -0.05854854 -0.09489661 0.0345000029
v -0.0587252341 -0.09473784 0.0530000031
v -0.05854854 -0.09489661 0.016
v -0.05854854 -0.09489661 0.0530000031
v -0.058403682 -0.09508487 0.016
v -0.058403682 -0.09508487 0.0530000031
v -0.0583852455 -0.09511488 0.0345000029
v -0.05829025 -0.0953096449 0.016
v -0.05829025 -0.0953096449 0.0530000031
v -0.05829025 -0.0953096449 0.0345000029
v -0.0582273863 -0.09552508 0.0345000029
v -0.0582204759 -0.0955624357 0.016
v -0.0582204759 -0.0955624357 0.0530000031
v -0.0582023971 -0.09575278 0.0345000029
v -0.0582030527 -0.09582968 0.016
v -0.0582030527 -0.09582968 0.0530000031
v -0.05821796 -0.09598253 0.0345000029
v -0.0582407638 -0.09609481 0.016
v -0.0582407638 -0.09609481 0.0530000031
v -0.0582730249 -0.09620367 0.0345000029
v -0.0583295748 -0.09634156 0.016
v -0.0583295748 -0.09634156 0.0530000031
v -0.0583630763 -0.09640676 0.0345000029
v -0.0584597737 -0.09655705 0.016
v -0.0584597737 -0.09655705 0.0530000031
v -0.0584810227 -0.0965847746 0.0345000029
v -0.0586185381 -0.09673375 0.016
v -0.0586185381 -0.09673375 0.0530000031
v -0.0246349983 -0.133409619 0.0530000031
v -0.0246349983 -0.133409619 0.016
v -0.0248232633 -0.133554488 0.016
v -0.0248532742 -0.1335729 0.0345000029
v -0.0248232633 -0.133554488 0.0530000031
v -0.02504804 -0.133667916 0.016
v -0.02504804 -0.133667916 0.0530000031
v -0.0251179151 -0.133692771 0.0345000029
v -0.0253008269 -0.133737683 0.016
v -0.0253008269 -0.133737683 0.0530000031
v -0.0254145227 -0.133751884 0.0345000029
v -0.025568068 -0.133755118 0.016
v -0.025568068 -0.133755118 0.0530000031
v -0.0257209279 -0.1337402 0.0345000029
v -0.0258332081 -0.1337174 0.016
v -0.0258332081 -0.1337174 0.0530000031
v -0.0260121711 -0.1336587 0.0345000029
v -0.026079949 -0.133628592 0.016
v -0.026079949 -0.133628592 0.0530000031
v -0.0262669213 -0.133519053 0.0345000029
v -0.0262954459 -0.133498386 0.016
v -0.02647214 -0.133339629 0.0345000029
v -0.0262954459 -0.133498386 0.0530000031
v -0.02647214 -0.133339629 0.016
v -0.02647214 -0.133339629 0.0530000031
v -0.026616998 -0.133151352 0.016
v -0.026616998 -0.133151352 0.0530000031
v -0.0266354345 -0.133121341 0.0345000029
v -0.02673043 -0.132926583 0.016
v -0.02673043 -0.132926583 0.0530000031
v -0.02673043 -0.132926583 0.0345000029
v -0.0267932937 -0.132711157 0.0345000029
v -0.0268002041 -0.1326738 0.016
v -0.0268002041 -0.1326738 0.0530000031
v -0.0268182829 -0.132483438 0.0345000029
v -0.0268176273 -0.132406548 0.016
v -0.0268176273 -0.132406548 0.0530000031
v -0.0268027261 -0.132253692 0.0345000029
v -0.0267799161 -0.132141411 0.016
v -0.0267799161 -0.132141411 0.0530000031
v -0.0267476551 -0.132032558 0.0345000029
v -0.0266911089 -0.131894663 0.016
v -0.0266911089 -0.131894663 0.0530000031
v -0.0266576037 -0.13182947 0.0345000029
v -0.0265609063 -0.131679177 0.016
v -0.0265609063 -0.131679177 0.0530000031
v -0.0265396573 -0.131651461 0.0345000029
v -0.0264021456 -0.131502479 0.016
v -0.0264021456 -0.131502479 0.0530000031
v -0.0262138769 -0.131357625 0.016
v -0.0261838622 -0.131339192 0.0345000029
v -0.0262138769 -0.131357625 0.0530000031
v -0.0259891 -0.1312442 0.016
v -0.0259891 -0.1312442 0.0530000031
v -0.0259192213 -0.131219327 0.0345000029
v -0.02573631 -0.131174415 0.016
v -0.02573631 -0.131174415 0.0530000031
v -0.0256226212 -0.131160229 0.0345000029
v -0.0254690759 -0.131157 0.016
v -0.0254690759 -0.131157 0.0530000031
v -0.0253162161 -0.1311719 0.0345000029
v -0.0252039321 -0.131194711 0.016
v -0.0252039321 -0.131194711 0.0530000031
v -0.02502497 -0.1312534 0.0345000029
v -0.0249571875 -0.131283522 0.016
v -0.0249571875 -0.131283522 0.0530000031
v -0.0247702152 -0.131393045 0.0345000029
v -0.0247416943 -0.131413713 0.016
v -0.0245649964 -0.131572485 0.0345000029
v -0.0247416943 -0.131413713 0.0530000031
v -0.0245649964 -0.131572485 0.016
v -0.0245649964 -0.131572485 0.0530000031
v -0.0244201422 -0.131760746 0.016
v -0.0244201422 -0.131760746 0.0530000031
v -0.024401702 -0.131790757 0.0345000029
v -0.02430671 -0.131985515 0.016
v -0.02430671 -0.131985515 0.0530000031
v -0.02430671 -0.131985515 0.0345000029
v -0.0242438428 -0.132200956 0.0345000029
v -0.0242369324 -0.132238314 0.016
v -0.0242369324 -0.132238314 0.0530000031
v -0.0242188573 -0.132428661 0.0345000029
v -0.0242195129 -0.132505551 0.016
v -0.0242195129 -0.132505551 0.0530000031
v -0.0242344178 -0.1326584 0.0345000029
v -0.02425722 -0.132770687 0.016
v -0.02425722 -0.132770687 0.0530000031
v -0.0242894851 -0.132879555 0.0345000029
v -0.0243460312 -0.133017436 0.016
v -0.0243460312 -0.133017436 0.0530000031
v -0.0243795328 -0.133082628 0.0345000029
v -0.02447623 -0.133232921 0.016
v -0.02447623 -0.133232921 0.0530000031
v -0.02449748 -0.133260652 0.0345000029
v -0.0246349983 -0.133409619 0.016
v -0.0246349983 -0.133409619 0.0530000031
v -0.0383801572 -0.07443648 0.0530000031
v -0.0381918922 -0.07429162 0.0530000031
v -0.0387199931 -0.07406972 0.0535000041
v -0.03813815 -0.0739790648 0.05325
v -0.0379671156 -0.0741782 0.0530000031
v -0.03845932 -0.07386915 0.0535000041
v -0.0381480865 -0.0737120956 0.0535000041
v -0.03771433 -0.07410842 0.0530000031
v -0.0377980731 -0.07361548 0.0535000041
v -0.037620645 -0.07384503 0.05325
v -0.0374470875 -0.0740909949 0.0530000031
v -0.0370776542 -0.07389774 0.05325
v -0.0374280475 -0.07359136 0.0535000041
v -0.0371819474 -0.0741287 0.0530000031
v -0.0370609351 -0.0736435652 0.0535000041
v -0.0369352065 -0.07421751 0.0530000031
v -0.036719285 -0.07376654 0.0535000041
v -0.036604315 -0.07412263 0.05325
v -0.03671971 -0.07434772 0.0530000031
v -0.0363596343 -0.07433656 0.05325
v -0.0364209153 -0.07394682 0.0535000041
v -0.0365430154 -0.07450648 0.0530000031
v -0.0361762568 -0.07416665 0.0535000041
v -0.0363981575 -0.0746947452 0.0530000031
v -0.0359756835 -0.07442732 0.0535000041
v -0.03616494 -0.07459682 0.05325
v -0.0362847261 -0.07491952 0.0530000031
v -0.03581863 -0.07473855 0.0535000041
v -0.0360220335 -0.07491235 0.05325
v -0.03621495 -0.0751723051 0.0530000031
v -0.0357220136 -0.07508857 0.0535000041
v -0.03595156 -0.0752659962 0.05325
v -0.03619753 -0.07543955 0.0530000031
v -0.0356978923 -0.0754585862 0.0535000041
v -0.03596548 -0.07563132 0.05325
v -0.03623524 -0.0757046938 0.0530000031
v -0.0357501 -0.0758257061 0.0535000041
v -0.03606266 -0.07597858 0.05325
v -0.0363240466 -0.0759514347 0.0530000031
v -0.0358730666 -0.07616735 0.0535000041
v -0.0362291634 -0.07628232 0.05325
v -0.03645425 -0.07616693 0.0530000031
v -0.03605335 -0.0764657259 0.0535000041
v -0.03661301 -0.0763436258 0.0530000031
v -0.036273174 -0.07671039 0.0535000041
v -0.00439661741 -0.111112356 0.0530000031
v -0.00420835242 -0.1109675 0.0530000031
v -0.00473645329 -0.110745594 0.0535000041
v -0.00415460765 -0.110654943 0.05325
v -0.003983572 -0.110854074 0.0530000031
v -0.004475778 -0.110545024 0.0535000041
v -0.00416455045 -0.110387966 0.0535000041
v -0.00373078883 -0.110784292 0.0530000031
v -0.00381453149 -0.110291354 0.0535000041
v -0.00363710523 -0.1105209 0.05325
v -0.00346354768 -0.110766873 0.0530000031
v -0.0030941125 -0.11057362 0.05325
v -0.00344450772 -0.110267237 0.0535000041
v -0.00319840387 -0.11080458 0.0530000031
v -0.00307739154 -0.11031945 0.0535000041
v -0.002951663 -0.110893391 0.0530000031
v -0.002735747 -0.110442415 0.0535000041
v -0.002620779 -0.110798508 0.05325
v -0.00273616984 -0.11102359 0.0530000031
v -0.0023760926 -0.111012436 0.05325
v -0.00243737176 -0.1106227 0.0535000041
v -0.00255947188 -0.111182362 0.0530000031
v -0.00219271332 -0.110842526 0.0535000041
v -0.00241461769 -0.111370623 0.0530000031
v -0.00199214 -0.1111032 0.0535000041
v -0.00218139961 -0.111272693 0.05325
v -0.00230118632 -0.1115954 0.0530000031
v -0.00183508731 -0.111414433 0.0535000041
v -0.002038492 -0.111588225 0.05325
v -0.002231408 -0.11184819 0.0530000031
v -0.00173847 -0.111764446 0.0535000041
v -0.00196801685 -0.111941867 0.05325
v -0.00221398845 -0.112115428 0.0530000031
v -0.00171434879 -0.112134464 0.0535000041
v -0.0019819364 -0.1123072 0.05325
v -0.00225169584 -0.112380564 0.0530000031
v -0.00176655687 -0.112501577 0.0535000041
v -0.002079118 -0.112654455 0.05325
v -0.00234050676 -0.112627313 0.0530000031
v -0.00188952684 -0.11284323 0.0535000041
v -0.00224562176 -0.112958193 0.05325
v -0.00247070566 -0.112842806 0.0530000031
v -0.00206980854 -0.113141604 0.0535000041
v -0.00262947381 -0.1130195 0.0530000031
v -0.002289638 -0.113386258 0.0535000041
v -0.01981197 -0.131258249 0.0530000031
v -0.01981197 -0.131258249 0.0480290577
v -0.02524934 -0.125390112 0.0530000031
v -0.02185098 -0.1290577 0.0345000029
v -0.02524934 -0.125390112 0.016
v -0.01981197 -0.131258249 0.0200000014
v -0.0184526332 -0.132725284 0.016
v -0.0184526332 -0.132725284 0.0200000014
v -0.01981197 -0.131258249 0.0214709453
v -0.01981197 -0.131258249 0.03070855
v -0.0184526332 -0.132725284 0.0214709453
v -0.0184526332 -0.132725284 0.03070855
v -0.01981197 -0.131258249 0.0387914553
v -0.0184526332 -0.132725284 0.0387914553
v -0.0184526332 -0.132725284 0.0480290577
v -0.0168779 -0.128539562 0.0237803459
v -0.01981197 -0.131258249 0.0200000014
v -0.01981197 -0.131258249 0.0214709453
v -0.01620574 -0.127916753 0.022
v -0.0161443837 -0.12785989 0.022
v -0.0161443837 -0.12785989 0.0220482945
v -0.0160830244 -0.127803043 0.022
v -0.0154108666 -0.127180219 0.0237803459
v -0.0168779 -0.128539562 0.0283991471
v -0.0124767963 -0.124461547 0.0214709453
v -0.00514161959 -0.117664836 0.0200000014
v -0.0154108666 -0.127180219 0.0283991471
v -0.008870566 -0.121120036 0.022
v -0.009542726 -0.121742859 0.0237803459
v -0.008809209 -0.121063188 0.022
v -0.008809209 -0.121063188 0.0220482945
v -0.008747853 -0.121006332 0.022
v -0.00807569 -0.120383516 0.0237803459
v -0.00514161959 -0.117664836 0.0214709453
v -0.009542726 -0.121742859 0.0283991471
v -0.00807569 -0.120383516 0.0283991471
v -0.0161443837 -0.12785989 0.0301311985
v -0.0190784521 -0.130578578 0.0324406028
v -0.01981197 -0.131258249 0.03070855
v -0.0132103134 -0.125141218 0.0324406028
v -0.0190784521 -0.130578578 0.037059404
v -0.01981197 -0.131258249 0.0387914553
v -0.0168779 -0.128539562 0.0411008559
v -0.0161443837 -0.12785989 0.0393688045
v -0.0124767963 -0.124461547 0.03070855
v -0.0154108666 -0.127180219 0.0411008559
v -0.0168779 -0.128539562 0.0457196571
v -0.0132103134 -0.125141218 0.037059404
v -0.0124767963 -0.124461547 0.0365
v -0.0124767963 -0.124461547 0.0387914553
v -0.0154108666 -0.127180219 0.0457196571
v -0.0117432773 -0.123781875 0.0324406028
v -0.008809209 -0.121063188 0.0301311985
v -0.0117432773 -0.123781875 0.037059404
v -0.00587513857 -0.1183445 0.0324406028
v -0.00514161959 -0.117664836 0.03070855
v -0.00514161959 -0.117664836 0.0387914553
v -0.00587513857 -0.1183445 0.037059404
v -0.009542726 -0.121742859 0.0411008559
v -0.00807569 -0.120383516 0.0411008559
v -0.008809209 -0.121063188 0.0393688045
v -0.009542726 -0.121742859 0.0457196571
v -0.00807569 -0.120383516 0.0457196571
v -0.008809209 -0.121063188 0.0474517122
v -0.0117432773 -0.123781875 0.04976111
v -0.00587513857 -0.1183445 0.04976111
v -0.00514161959 -0.117664836 0.0480290577
v -0.00514161959 -0.117664836 0.0530000031
v -0.00587513857 -0.1183445 0.0515
v -0.0117432773 -0.123781875 0.0515
v -0.0124767963 -0.124461547 0.0480290577
v -0.01981197 -0.131258249 0.0530000031
v -0.0132103134 -0.125141218 0.04976111
v -0.0132103134 -0.125141218 0.0515
v -0.0161443837 -0.12785989 0.0474517122
v -0.0190784521 -0.130578578 0.0515
v -0.0190784521 -0.130578578 0.04976111
v -0.01981197 -0.131258249 0.0480290577
v -0.0578735359 -0.09018127 0.0530000031
v -0.0524361655 -0.09604941 0.0530000031
v -0.0578735359 -0.09018127 0.0480290577
v -0.0558345243 -0.09238182 0.0345000029
v -0.0524361655 -0.09604941 0.016
v -0.0578735359 -0.09018127 0.0387914553
v -0.0592328757 -0.0887142345 0.0480290577
v -0.0592328757 -0.0887142345 0.0387914553
v -0.0578735359 -0.09018127 0.03070855
v -0.0578735359 -0.09018127 0.0200000014
v -0.0592328757 -0.0887142345 0.016
v -0.0592328757 -0.0887142345 0.0200000014
v -0.0578735359 -0.09018127 0.0214709453
v -0.0592328757 -0.0887142345 0.03070855
v -0.0592328757 -0.0887142345 0.0214709453
v -0.0377658159 -0.08245599 0.0530000031
v -0.0432031862 -0.0765878558 0.0530000031
v -0.0432031862 -0.0765878558 0.0480290577
v -0.0411641747 -0.07878841 0.03475
v -0.0377658159 -0.08245599 0.0165
v -0.0432031862 -0.0765878558 0.0200000014
v -0.0445625223 -0.07512082 0.0165
v -0.0445625223 -0.07512082 0.0200000014
v -0.0432031862 -0.0765878558 0.0214709453
v -0.0432031862 -0.0765878558 0.03070855
v -0.0445625223 -0.07512082 0.0214709453
v -0.0445625223 -0.07512082 0.03070855
v -0.0432031862 -0.0765878558 0.0387914553
v -0.0445625223 -0.07512082 0.0387914553
v -0.0445625223 -0.07512082 0.0480290577
v -0.00378227979 -0.119131871 0.0200000014
v -0.00514161959 -0.117664836 0.0200000014
v -0.00378227979 -0.119131871 0.0165
v -0.0105789881 -0.111796692 0.0165
v -0.007180631 -0.115464285 0.03475
v -0.0105789881 -0.111796692 0.0530000031
v -0.00514161959 -0.117664836 0.0214709453
v -0.00514161959 -0.117664836 0.0480290577
v -0.00514161959 -0.117664836 0.0530000031
v -0.00514161959 -0.117664836 0.0387914553
v -0.00378227979 -0.119131871 0.0480290577
v -0.00378227979 -0.119131871 0.0387914553
v -0.00514161959 -0.117664836 0.03070855
v -0.00378227979 -0.119131871 0.03070855
v -0.00378227979 -0.119131871 0.0214709453
v -0.0461372547 -0.07930654 0.0237803459
v -0.0432031862 -0.0765878558 0.0200000014
v -0.0432031862 -0.0765878558 0.0214709453
v -0.0468094163 -0.07992935 0.022
v -0.04687077 -0.0799862146 0.022
v -0.04687077 -0.0799862146 0.0220482945
v -0.04693213 -0.08004306 0.022
v -0.04760429 -0.08066588 0.0237803459
v -0.0461372547 -0.07930654 0.0283991471
v -0.05053836 -0.08338456 0.0214709453
v -0.0578735359 -0.09018127 0.0200000014
v -0.04760429 -0.08066588 0.0283991471
v -0.05414459 -0.08672607 0.022
v -0.05347243 -0.0861032456 0.0237803459
v -0.0542059466 -0.08678292 0.022
v -0.0542059466 -0.08678292 0.0220482945
v -0.0542673022 -0.08683977 0.022
v -0.0549394637 -0.08746259 0.0237803459
v -0.0578735359 -0.09018127 0.0214709453
v -0.05347243 -0.0861032456 0.0283991471
v -0.0549394637 -0.08746259 0.0283991471
v -0.04687077 -0.0799862146 0.0301311985
v -0.0439367034 -0.07726753 0.0324406028
v -0.0432031862 -0.0765878558 0.03070855
v -0.049804844 -0.0827048942 0.0324406028
v -0.0439367034 -0.07726753 0.037059404
v -0.0432031862 -0.0765878558 0.0387914553
v -0.0461372547 -0.07930654 0.0411008559
v -0.04687077 -0.0799862146 0.0393688045
v -0.05053836 -0.08338456 0.03070855
v -0.04760429 -0.08066588 0.0411008559
v -0.0461372547 -0.07930654 0.0457196571
v -0.049804844 -0.0827048942 0.037059404
v -0.05053836 -0.08338456 0.0365
v -0.05053836 -0.08338456 0.0387914553
v -0.04760429 -0.08066588 0.0457196571
v -0.05127188 -0.08406423 0.0324406028
v -0.0542059466 -0.08678292 0.0301311985
v -0.05127188 -0.08406423 0.037059404
v -0.0571400151 -0.0895016044 0.0324406028
v -0.0578735359 -0.09018127 0.03070855
v -0.0578735359 -0.09018127 0.0387914553
v -0.0571400151 -0.0895016044 0.037059404
v -0.05347243 -0.0861032456 0.0411008559
v -0.0549394637 -0.08746259 0.0411008559
v -0.0542059466 -0.08678292 0.0393688045
v -0.05347243 -0.0861032456 0.0457196571
v -0.0549394637 -0.08746259 0.0457196571
v -0.0542059466 -0.08678292 0.0474517122
v -0.05127188 -0.08406423 0.04976111
v -0.0571400151 -0.0895016044 0.04976111
v -0.0578735359 -0.09018127 0.0480290577
v -0.0578735359 -0.09018127 0.0530000031
v -0.0571400151 -0.0895016044 0.0515
v -0.05127188 -0.08406423 0.0515
v -0.05053836 -0.08338456 0.0480290577
v -0.0432031862 -0.0765878558 0.0530000031
v -0.049804844 -0.0827048942 0.04976111
v -0.049804844 -0.0827048942 0.0515
v -0.04687077 -0.0799862146 0.0474517122
v -0.0439367034 -0.07726753 0.0515
v -0.0439367034 -0.07726753 0.04976111
v -0.0432031862 -0.0765878558 0.0480290577
v -0.03189768 -0.077018626 0.0165
v -0.03189768 -0.077018626 0.0214709453
v -0.0377658159 -0.08245599 0.0165
v -0.03409823 -0.07905764 0.03475
v -0.0377658159 -0.08245599 0.0530000031
v -0.03189768 -0.077018626 0.0480290577
v -0.03189768 -0.077018626 0.0530000031
v -0.03189768 -0.077018626 0.0387914553
v -0.030430641 -0.07565929 0.0480290577
v -0.030430641 -0.07565929 0.0387914553
v -0.03189768 -0.077018626 0.03070855
v -0.030430641 -0.07565929 0.03070855
v -0.030430641 -0.07565929 0.0214709453
v -0.00471084565 -0.106359325 0.0165
v -0.0105789881 -0.111796692 0.0165
v -0.00471084565 -0.106359325 0.0214709453
v -0.00691140071 -0.108398341 0.03475
v -0.0105789881 -0.111796692 0.0530000031
v -0.00471084565 -0.106359325 0.03070855
v -0.00324381143 -0.104999989 0.0214709453
v -0.00324381143 -0.104999989 0.03070855
v -0.00471084565 -0.106359325 0.0387914553
v -0.00471084565 -0.106359325 0.0480290577
v -0.00471084565 -0.106359325 0.0530000031
v -0.00324381143 -0.104999989 0.0387914553
v -0.00324381143 -0.104999989 0.0480290577
v -0.0592328757 -0.0887142345 0.016
v -0.0587252341 -0.09473784 0.016
v -0.0589407273 -0.09460764 0.016
v -0.0591874719 -0.0945188254 0.016
v -0.059452612 -0.09448112 0.016
v -0.05854854 -0.09489661 0.016
v -0.0597198531 -0.09449854 0.016
v -0.0524361655 -0.09604941 0.016
v -0.058403682 -0.09508487 0.016
v -0.05829025 -0.0953096449 0.016
v -0.06290046 -0.0921125859 0.016
v -0.0582204759 -0.0955624357 0.016
v -0.0599726439 -0.09456832 0.016
v -0.0582030527 -0.09582968 0.016
v -0.06019742 -0.09468174 0.016
v -0.06038568 -0.0948266 0.016
v -0.06054445 -0.0950033 0.016
v -0.0635110959 -0.09279219 0.016
v -0.06067465 -0.09521879 0.016
v -0.06401188 -0.0936210155 0.016
v -0.06076346 -0.09546554 0.016
v -0.06435345 -0.09457003 0.016
v -0.060801167 -0.09573068 0.016
v -0.0644984841 -0.0955898 0.016
v -0.0607837476 -0.0959979147 0.016
v -0.06443147 -0.09661764 0.016
v -0.06071397 -0.0962507054 0.016
v -0.06416311 -0.0975899 0.016
v -0.0606005378 -0.09647548 0.016
v -0.06372684 -0.09845443 0.016
v -0.0604556836 -0.09666374 0.016
v -0.0631697 -0.09917853 0.016
v -0.0602789856 -0.0968225151 0.016
v -0.0600634925 -0.096952714 0.016
v -0.05981675 -0.0970415249 0.016
v -0.0597713441 -0.102846116 0.016
v -0.0595516078 -0.09707923 0.016
v -0.0592843667 -0.09706181 0.016
v -0.0590315834 -0.09699203 0.016
v -0.0588068031 -0.0968786 0.016
v -0.0586185381 -0.09673375 0.016
v -0.0584597737 -0.09655705 0.016
v -0.0583295748 -0.09634156 0.016
v -0.0582407638 -0.09609481 0.016
v -0.0561037548 -0.0994477645 0.0345000029
v -0.0524361655 -0.09604941 0.016
v -0.0524361655 -0.09604941 0.0530000031
v -0.0597713441 -0.102846116 0.0530000031
v -0.0597713441 -0.102846116 0.016
v -0.00471084565 -0.106359325 0.0530000031
v -0.00539051741 -0.105625808 0.0515
v -0.00539051741 -0.105625808 0.04976111
v -0.0108278841 -0.09975767 0.0515
v -0.00471084565 -0.106359325 0.0480290577
v -0.008109201 -0.10269174 0.0474517122
v -0.00742953271 -0.103425257 0.0457196571
v -0.008788869 -0.101958223 0.0457196571
v -0.0115075558 -0.0990241542 0.0480290577
v -0.008788869 -0.101958223 0.0411008559
v -0.00742953271 -0.103425257 0.0411008559
v -0.0108278841 -0.09975767 0.04976111
v -0.008109201 -0.10269174 0.0393688045
v -0.00471084565 -0.106359325 0.0387914553
v -0.0115075558 -0.0990241542 0.0387914553
v -0.00539051741 -0.105625808 0.037059404
v -0.00471084565 -0.106359325 0.03070855
v -0.00539051741 -0.105625808 0.0324406028
v -0.008109201 -0.10269174 0.0301311985
v -0.0108278841 -0.09975767 0.037059404
v -0.00742953271 -0.103425257 0.0283991471
v -0.0121872276 -0.09829064 0.04976111
v -0.0121872276 -0.09829064 0.0515
v -0.0149059091 -0.09535657 0.0474517122
v -0.0176245924 -0.09242249 0.0515
v -0.0142262392 -0.0960900858 0.0457196571
v -0.0189839341 -0.09095546 0.0515
v -0.03189768 -0.077018626 0.0530000031
v -0.0176245924 -0.09242249 0.04976111
v -0.0189839341 -0.09095546 0.04976111
v -0.0244213 -0.08508732 0.0515
v -0.0183042623 -0.0916889757 0.0480290577
v -0.0217026174 -0.08802139 0.0474517122
v -0.015585579 -0.0946230441 0.0457196571
v -0.015585579 -0.0946230441 0.0411008559
v -0.0142262392 -0.0960900858 0.0411008559
v -0.0210229438 -0.08875491 0.0457196571
v -0.0149059091 -0.09535657 0.0393688045
v -0.0183042623 -0.0916889757 0.0387914553
v -0.0121872276 -0.09829064 0.037059404
v -0.0108278841 -0.09975767 0.0324406028
v -0.0121872276 -0.09829064 0.0324406028
v -0.0176245924 -0.09242249 0.037059404
v -0.0115075558 -0.0990241542 0.03070855
v -0.0149059091 -0.09535657 0.0301311985
v -0.008788869 -0.101958223 0.0283991471
v -0.008788869 -0.101958223 0.0237803459
v -0.00742953271 -0.103425257 0.0237803459
v -0.0142262392 -0.0960900858 0.0283991471
v -0.008109201 -0.10269174 0.0220482945
v -0.00471084565 -0.106359325 0.0214709453
v -0.0115075558 -0.0990241542 0.0214709453
v -0.00539051741 -0.105625808 0.019738894
v -0.00471084565 -0.106359325 0.0165
v -0.00539051741 -0.105625808 0.0180000011
v -0.0108278841 -0.09975767 0.0180000011
v -0.0108278841 -0.09975767 0.019738894
v -0.0121872276 -0.09829064 0.0180000011
v -0.0121872276 -0.09829064 0.019738894
v -0.0149059091 -0.09535657 0.0220482945
v -0.0176245924 -0.09242249 0.0180000011
v -0.0142262392 -0.0960900858 0.0237803459
v -0.0183042623 -0.0916889757 0.0180000011
v -0.0176245924 -0.09242249 0.019738894
v -0.03189768 -0.077018626 0.0165
v -0.015585579 -0.0946230441 0.0237803459
v -0.015585579 -0.0946230441 0.0283991471
v -0.0183042623 -0.0916889757 0.0214709453
v -0.0183042623 -0.0916889757 0.03070855
v -0.0176245924 -0.09242249 0.0324406028
v -0.0183042623 -0.0916889757 0.03475
v -0.0189839341 -0.09095546 0.019738894
v -0.0189839341 -0.09095546 0.0180000011
v -0.0217026174 -0.08802139 0.0220482945
v -0.0210229438 -0.08875491 0.0237803459
v -0.0244213 -0.08508732 0.0180000011
v -0.0223822854 -0.08728787 0.0237803459
v -0.0210229438 -0.08875491 0.0283991471
v -0.0251009688 -0.0843538046 0.0214709453
v -0.0223822854 -0.08728787 0.0283991471
v -0.0244213 -0.08508732 0.019738894
v -0.0217026174 -0.08802139 0.0301311985
v -0.0251009688 -0.0843538046 0.03070855
v -0.0189839341 -0.09095546 0.0324406028
v -0.0189839341 -0.09095546 0.037059404
v -0.0217026174 -0.08802139 0.0393688045
v -0.0210229438 -0.08875491 0.0411008559
v -0.0244213 -0.08508732 0.0324406028
v -0.0223822854 -0.08728787 0.0411008559
v -0.0223822854 -0.08728787 0.0457196571
v -0.0251009688 -0.0843538046 0.0387914553
v -0.0251009688 -0.0843538046 0.0480290577
v -0.0244213 -0.08508732 0.037059404
v -0.0244213 -0.08508732 0.04976111
v -0.02578064 -0.08362028 0.037059404
v -0.02578064 -0.08362028 0.0324406028
v -0.0284993239 -0.08068621 0.0393688045
v -0.0284993239 -0.08068621 0.0301311985
v -0.027819654 -0.0814197361 0.0411008559
v -0.027819654 -0.0814197361 0.0283991471
v -0.02578064 -0.08362028 0.04976111
v -0.02578064 -0.08362028 0.0515
v -0.0284993239 -0.08068621 0.0474517122
v -0.0312180072 -0.07775214 0.0515
v -0.0312180072 -0.07775214 0.04976111
v -0.03189768 -0.077018626 0.0480290577
v -0.0291789938 -0.0799527 0.0457196571
v -0.027819654 -0.0814197361 0.0457196571
v -0.0291789938 -0.0799527 0.0411008559
v -0.03189768 -0.077018626 0.0387914553
v -0.0312180072 -0.07775214 0.037059404
v -0.0312180072 -0.07775214 0.0324406028
v -0.03189768 -0.077018626 0.03070855
v -0.0291789938 -0.0799527 0.0283991471
v -0.0291789938 -0.0799527 0.0237803459
v -0.027819654 -0.0814197361 0.0237803459
v -0.0284993239 -0.08068621 0.0220482945
v -0.03189768 -0.077018626 0.0214709453
v -0.0312180072 -0.07775214 0.019738894
v -0.02578064 -0.08362028 0.019738894
v -0.0312180072 -0.07775214 0.0180000011
v -0.02578064 -0.08362028 0.0180000011
v -0.02164877 -0.0866082 0.0260897465
v -0.0223822854 -0.08728787 0.0283991471
v -0.0209152512 -0.08592853 0.0283991471
v -0.0209152512 -0.08592853 0.0237803459
v -0.0223822854 -0.08728787 0.0237803459
v -0.0230081119 -0.08514117 0.02955385
v -0.0251009688 -0.0843538046 0.03070855
v -0.0236339346 -0.08299446 0.03070855
v -0.0209152512 -0.08592853 0.0283991471
v -0.0223822854 -0.08728787 0.0283991471
v -0.0257267952 -0.0822071 0.02955385
v -0.027819654 -0.0814197361 0.0283991471
v -0.0263526179 -0.08006039 0.0283991471
v -0.0236339346 -0.08299446 0.03070855
v -0.0251009688 -0.0843538046 0.03070855
v -0.0270861369 -0.0807400644 0.0260897465
v -0.027819654 -0.0814197361 0.0237803459
v -0.0263526179 -0.08006039 0.0237803459
v -0.0263526179 -0.08006039 0.0283991471
v -0.027819654 -0.0814197361 0.0283991471
v -0.0257267952 -0.0822071 0.0226256456
v -0.0251009688 -0.0843538046 0.0214709453
v -0.0236339346 -0.08299446 0.0214709453
v -0.0263526179 -0.08006039 0.0237803459
v -0.027819654 -0.0814197361 0.0237803459
v -0.0230081119 -0.08514117 0.0226256456
v -0.0209152512 -0.08592853 0.0237803459
v -0.0236339346 -0.08299446 0.0214709453
v -0.0251009688 -0.0843538046 0.0214709453
v -0.0223822854 -0.08728787 0.0237803459
v -0.0121333785 -0.09687745 0.0399461538
v -0.0115075558 -0.0990241542 0.0387914553
v -0.01004052 -0.09766481 0.0387914553
v -0.0127592031 -0.09473074 0.0411008559
v -0.0142262392 -0.0960900858 0.0411008559
v -0.009414695 -0.09981152 0.0399461538
v -0.008788869 -0.101958223 0.0411008559
v -0.00732183643 -0.100598879 0.0411008559
v -0.01004052 -0.09766481 0.0387914553
v -0.0115075558 -0.0990241542 0.0387914553
v -0.008055355 -0.101278551 0.0434102565
v -0.008788869 -0.101958223 0.0457196571
v -0.00732183643 -0.100598879 0.0457196571
v -0.00732183643 -0.100598879 0.0411008559
v -0.008788869 -0.101958223 0.0411008559
v -0.009414695 -0.09981152 0.04687436
v -0.0115075558 -0.0990241542 0.0480290577
v -0.01004052 -0.09766481 0.0480290577
v -0.00732183643 -0.100598879 0.0457196571
v -0.008788869 -0.101958223 0.0457196571
v -0.0121333785 -0.09687745 0.04687436
v -0.0142262392 -0.0960900858 0.0457196571
v -0.0127592031 -0.09473074 0.0457196571
v -0.01004052 -0.09766481 0.0480290577
v -0.0115075558 -0.0990241542 0.0480290577
v -0.0134927183 -0.095410414 0.0434102565
v -0.0127592031 -0.09473074 0.0411008559
v -0.0127592031 -0.09473074 0.0457196571
v -0.0142262392 -0.0960900858 0.0457196571
v -0.0142262392 -0.0960900858 0.0411008559
v -0.00601634 -0.10347911 0.0312859
v -0.00539051741 -0.105625808 0.0324406028
v -0.003923483 -0.104266472 0.0324406028
v -0.00664216466 -0.101332396 0.0301311985
v -0.008109201 -0.10269174 0.0301311985
v -0.004657004 -0.104946136 0.03475
v -0.00539051741 -0.105625808 0.037059404
v -0.003923483 -0.104266472 0.037059404
v -0.003923483 -0.104266472 0.0324406028
v -0.00539051741 -0.105625808 0.0324406028
v -0.00601634 -0.10347911 0.0382141024
v -0.008109201 -0.10269174 0.0393688045
v -0.00664216466 -0.101332396 0.0393688045
v -0.003923483 -0.104266472 0.037059404
v -0.00539051741 -0.105625808 0.037059404
v -0.008735023 -0.100545034 0.0382141024
v -0.0108278841 -0.09975767 0.037059404
v -0.00936085 -0.09839833 0.037059404
v -0.00664216466 -0.101332396 0.0393688045
v -0.008109201 -0.10269174 0.0393688045
v -0.010094367 -0.099078 0.03475
v -0.0108278841 -0.09975767 0.0324406028
v -0.00936085 -0.09839833 0.0324406028
v -0.00936085 -0.09839833 0.037059404
v -0.0108278841 -0.09975767 0.037059404
v -0.008735023 -0.100545034 0.0312859
v -0.00664216466 -0.101332396 0.0301311985
v -0.00936085 -0.09839833 0.0324406028
v -0.0108278841 -0.09975767 0.0324406028
v -0.008109201 -0.10269174 0.0301311985
v -0.0168910734 -0.09174283 0.0506305546
v -0.0176245924 -0.09242249 0.04976111
v -0.0161575563 -0.09106316 0.04976111
v -0.0161575563 -0.09106316 0.0515
v -0.0176245924 -0.09242249 0.0515
v -0.0155317336 -0.09320986 0.04860641
v -0.0149059091 -0.09535657 0.0474517122
v -0.013438873 -0.0939972252 0.0474517122
v -0.0161575563 -0.09106316 0.04976111
v -0.0176245924 -0.09242249 0.04976111
v -0.0128130484 -0.09614393 0.04860641
v -0.0121872276 -0.09829064 0.04976111
v -0.0107201915 -0.09693129 0.04976111
v -0.013438873 -0.0939972252 0.0474517122
v -0.0149059091 -0.09535657 0.0474517122
v -0.0114537068 -0.0976109654 0.0506305546
v -0.0121872276 -0.09829064 0.0515
v -0.0107201915 -0.09693129 0.0515
v -0.0107201915 -0.09693129 0.04976111
v -0.0121872276 -0.09829064 0.04976111
v -0.01417239 -0.0946769 0.0515
v -0.0161575563 -0.09106316 0.0515
v -0.0107201915 -0.09693129 0.0515
v -0.0121872276 -0.09829064 0.0515
v -0.0176245924 -0.09242249 0.0515
v -0.0298048165 -0.0778059959 0.0226256456
v -0.0291789938 -0.0799527 0.0237803459
v -0.0277119577 -0.07859336 0.0237803459
v -0.030430641 -0.07565929 0.0214709453
v -0.03189768 -0.077018626 0.0214709453
v -0.0284454767 -0.07927303 0.0260897465
v -0.0291789938 -0.0799527 0.0283991471
v -0.0277119577 -0.07859336 0.0283991471
v -0.0277119577 -0.07859336 0.0237803459
v -0.0291789938 -0.0799527 0.0237803459
v -0.0298048165 -0.0778059959 0.02955385
v -0.030430641 -0.07565929 0.03070855
v -0.0277119577 -0.07859336 0.0283991471
v -0.0291789938 -0.0799527 0.0283991471
v -0.03189768 -0.077018626 0.03070855
v -0.01417239 -0.0946769 0.0180000011
v -0.0121872276 -0.09829064 0.0180000011
v -0.0107201915 -0.09693129 0.0180000011
v -0.0161575563 -0.09106316 0.0180000011
v -0.0176245924 -0.09242249 0.0180000011
v -0.0114537068 -0.0976109654 0.0188694485
v -0.0121872276 -0.09829064 0.019738894
v -0.0107201915 -0.09693129 0.019738894
v -0.0107201915 -0.09693129 0.0180000011
v -0.0121872276 -0.09829064 0.0180000011
v -0.0128130484 -0.09614393 0.0208935943
v -0.0149059091 -0.09535657 0.0220482945
v -0.013438873 -0.0939972252 0.0220482945
v -0.0107201915 -0.09693129 0.019738894
v -0.0121872276 -0.09829064 0.019738894
v -0.0155317336 -0.09320986 0.0208935943
v -0.0176245924 -0.09242249 0.019738894
v -0.0161575563 -0.09106316 0.019738894
v -0.013438873 -0.0939972252 0.0220482945
v -0.0149059091 -0.09535657 0.0220482945
v -0.0168910734 -0.09174283 0.0188694485
v -0.0161575563 -0.09106316 0.0180000011
v -0.0161575563 -0.09106316 0.019738894
v -0.0176245924 -0.09242249 0.019738894
v -0.0176245924 -0.09242249 0.0180000011
v -0.0209690984 -0.08734172 0.0180000011
v -0.0189839341 -0.09095546 0.0180000011
v -0.017516898 -0.08959612 0.0180000011
v -0.0229542628 -0.08372798 0.0180000011
v -0.0244213 -0.08508732 0.0180000011
v -0.0182504151 -0.0902757943 0.0188694485
v -0.0189839341 -0.09095546 0.019738894
v -0.017516898 -0.08959612 0.019738894
v -0.017516898 -0.08959612 0.0180000011
v -0.0189839341 -0.09095546 0.0180000011
v -0.0196097568 -0.08880875 0.0208935943
v -0.0217026174 -0.08802139 0.0220482945
v -0.0202355813 -0.0866620541 0.0220482945
v -0.017516898 -0.08959612 0.019738894
v -0.0189839341 -0.09095546 0.019738894
v -0.02232844 -0.08587469 0.0208935943
v -0.0244213 -0.08508732 0.019738894
v -0.0229542628 -0.08372798 0.019738894
v -0.0202355813 -0.0866620541 0.0220482945
v -0.0217026174 -0.08802139 0.0220482945
v -0.0236877836 -0.08440765 0.0188694485
v -0.0229542628 -0.08372798 0.0180000011
v -0.0229542628 -0.08372798 0.019738894
v -0.0244213 -0.08508732 0.019738894
v -0.0244213 -0.08508732 0.0180000011
v -0.0264064651 -0.08147358 0.0312859
v -0.02578064 -0.08362028 0.0324406028
v -0.0243136045 -0.0822609439 0.0324406028
v -0.02703229 -0.0793268755 0.0301311985
v -0.0284993239 -0.08068621 0.0301311985
v -0.0250471234 -0.0829406157 0.03475
v -0.02578064 -0.08362028 0.037059404
v -0.0243136045 -0.0822609439 0.037059404
v -0.0243136045 -0.0822609439 0.0324406028
v -0.02578064 -0.08362028 0.0324406028
v -0.0264064651 -0.08147358 0.0382141024
v -0.0284993239 -0.08068621 0.0393688045
v -0.02703229 -0.0793268755 0.0393688045
v -0.0243136045 -0.0822609439 0.037059404
v -0.02578064 -0.08362028 0.037059404
v -0.0291251484 -0.07853951 0.0382141024
v -0.0312180072 -0.07775214 0.037059404
v -0.029750973 -0.07639281 0.037059404
v -0.02703229 -0.0793268755 0.0393688045
v -0.0284993239 -0.08068621 0.0393688045
v -0.03048449 -0.07707247 0.03475
v -0.0312180072 -0.07775214 0.0324406028
v -0.029750973 -0.07639281 0.0324406028
v -0.029750973 -0.07639281 0.037059404
v -0.0312180072 -0.07775214 0.037059404
v -0.0291251484 -0.07853951 0.0312859
v -0.02703229 -0.0793268755 0.0301311985
v -0.029750973 -0.07639281 0.0324406028
v -0.0312180072 -0.07775214 0.0324406028
v -0.0284993239 -0.08068621 0.0301311985
v -0.010094367 -0.099078 0.0506305546
v -0.0108278841 -0.09975767 0.04976111
v -0.00936085 -0.09839833 0.04976111
v -0.00936085 -0.09839833 0.0515
v -0.0108278841 -0.09975767 0.0515
v -0.008735023 -0.100545034 0.04860641
v -0.008109201 -0.10269174 0.0474517122
v -0.00664216466 -0.101332396 0.0474517122
v -0.00936085 -0.09839833 0.04976111
v -0.0108278841 -0.09975767 0.04976111
v -0.00601634 -0.10347911 0.04860641
v -0.00539051741 -0.105625808 0.04976111
v -0.003923483 -0.104266472 0.04976111
v -0.00664216466 -0.101332396 0.0474517122
v -0.008109201 -0.10269174 0.0474517122
v -0.004657004 -0.104946136 0.0506305546
v -0.00539051741 -0.105625808 0.0515
v -0.003923483 -0.104266472 0.0515
v -0.003923483 -0.104266472 0.04976111
v -0.00539051741 -0.105625808 0.04976111
v -0.00737568364 -0.102012068 0.0515
v -0.00936085 -0.09839833 0.0515
v -0.003923483 -0.104266472 0.0515
v -0.00539051741 -0.105625808 0.0515
v -0.0108278841 -0.09975767 0.0515
v -0.008055355 -0.101278551 0.0260897465
v -0.008788869 -0.101958223 0.0283991471
v -0.00732183643 -0.100598879 0.0283991471
v -0.00732183643 -0.100598879 0.0237803459
v -0.008788869 -0.101958223 0.0237803459
v -0.009414695 -0.09981152 0.02955385
v -0.0115075558 -0.0990241542 0.03070855
v -0.01004052 -0.09766481 0.03070855
v -0.00732183643 -0.100598879 0.0283991471
v -0.008788869 -0.101958223 0.0283991471
v -0.0121333785 -0.09687745 0.02955385
v -0.0142262392 -0.0960900858 0.0283991471
v -0.0127592031 -0.09473074 0.0283991471
v -0.01004052 -0.09766481 0.03070855
v -0.0115075558 -0.0990241542 0.03070855
v -0.0134927183 -0.095410414 0.0260897465
v -0.0142262392 -0.0960900858 0.0237803459
v -0.0127592031 -0.09473074 0.0237803459
v -0.0127592031 -0.09473074 0.0283991471
v -0.0142262392 -0.0960900858 0.0283991471
v -0.0121333785 -0.09687745 0.0226256456
v -0.0115075558 -0.0990241542 0.0214709453
v -0.01004052 -0.09766481 0.0214709453
v -0.0127592031 -0.09473074 0.0237803459
v -0.0142262392 -0.0960900858 0.0237803459
v -0.009414695 -0.09981152 0.0226256456
v -0.00732183643 -0.100598879 0.0237803459
v -0.01004052 -0.09766481 0.0214709453
v -0.0115075558 -0.0990241542 0.0214709453
v -0.008788869 -0.101958223 0.0237803459
v -0.018930085 -0.08954227 0.0399461538
v -0.0183042623 -0.0916889757 0.0387914553
v -0.0168372281 -0.09032964 0.0387914553
v -0.01955591 -0.08739556 0.0411008559
v -0.0210229438 -0.08875491 0.0411008559
v -0.0162114035 -0.0924763456 0.0399461538
v -0.015585579 -0.0946230441 0.0411008559
v -0.0141185448 -0.09326371 0.0411008559
v -0.0168372281 -0.09032964 0.0387914553
v -0.0183042623 -0.0916889757 0.0387914553
v -0.0148520619 -0.09394338 0.0434102565
v -0.015585579 -0.0946230441 0.0457196571
v -0.0141185448 -0.09326371 0.0457196571
v -0.0141185448 -0.09326371 0.0411008559
v -0.015585579 -0.0946230441 0.0411008559
v -0.0162114035 -0.0924763456 0.04687436
v -0.0183042623 -0.0916889757 0.0480290577
v -0.0168372281 -0.09032964 0.0480290577
v -0.0141185448 -0.09326371 0.0457196571
v -0.015585579 -0.0946230441 0.0457196571
v -0.018930085 -0.08954227 0.04687436
v -0.0210229438 -0.08875491 0.0457196571
v -0.01955591 -0.08739556 0.0457196571
v -0.0168372281 -0.09032964 0.0480290577
v -0.0183042623 -0.0916889757 0.0480290577
v -0.0202894267 -0.0880752355 0.0434102565
v -0.01955591 -0.08739556 0.0411008559
v -0.01955591 -0.08739556 0.0457196571
v -0.0210229438 -0.08875491 0.0457196571
v -0.0210229438 -0.08875491 0.0411008559
v -0.0196097568 -0.08880875 0.0312859
v -0.0189839341 -0.09095546 0.0324406028
v -0.017516898 -0.08959612 0.0324406028
v -0.0202355813 -0.0866620541 0.0301311985
v -0.0217026174 -0.08802139 0.0301311985
v -0.0182504151 -0.0902757943 0.03475
v -0.0189839341 -0.09095546 0.037059404
v -0.017516898 -0.08959612 0.037059404
v -0.017516898 -0.08959612 0.0324406028
v -0.0189839341 -0.09095546 0.0324406028
v -0.0196097568 -0.08880875 0.0382141024
v -0.0217026174 -0.08802139 0.0393688045
v -0.0202355813 -0.0866620541 0.0393688045
v -0.017516898 -0.08959612 0.037059404
v -0.0189839341 -0.09095546 0.037059404
v -0.02232844 -0.08587469 0.0382141024
v -0.0244213 -0.08508732 0.037059404
v -0.0229542628 -0.08372798 0.037059404
v -0.0202355813 -0.0866620541 0.0393688045
v -0.0217026174 -0.08802139 0.0393688045
v -0.0236877836 -0.08440765 0.03475
v -0.0244213 -0.08508732 0.0324406028
v -0.0229542628 -0.08372798 0.0324406028
v -0.0229542628 -0.08372798 0.037059404
v -0.0244213 -0.08508732 0.037059404
v -0.02232844 -0.08587469 0.0312859
v -0.0202355813 -0.0866620541 0.0301311985
v -0.0229542628 -0.08372798 0.0324406028
v -0.0244213 -0.08508732 0.0324406028
v -0.0217026174 -0.08802139 0.0301311985
v -0.0128130484 -0.09614393 0.0312859
v -0.0121872276 -0.09829064 0.0324406028
v -0.0107201915 -0.09693129 0.0324406028
v -0.013438873 -0.0939972252 0.0301311985
v -0.0149059091 -0.09535657 0.0301311985
v -0.0114537068 -0.0976109654 0.03475
v -0.0121872276 -0.09829064 0.037059404
v -0.0107201915 -0.09693129 0.037059404
v -0.0107201915 -0.09693129 0.0324406028
v -0.0121872276 -0.09829064 0.0324406028
v -0.0128130484 -0.09614393 0.0382141024
v -0.0149059091 -0.09535657 0.0393688045
v -0.013438873 -0.0939972252 0.0393688045
v -0.0107201915 -0.09693129 0.037059404
v -0.0121872276 -0.09829064 0.037059404
v -0.0155317336 -0.09320986 0.0382141024
v -0.0176245924 -0.09242249 0.037059404
v -0.0161575563 -0.09106316 0.037059404
v -0.013438873 -0.0939972252 0.0393688045
v -0.0149059091 -0.09535657 0.0393688045
v -0.0168910734 -0.09174283 0.03475
v -0.0176245924 -0.09242249 0.0324406028
v -0.0161575563 -0.09106316 0.0324406028
v -0.0161575563 -0.09106316 0.037059404
v -0.0176245924 -0.09242249 0.037059404
v -0.0155317336 -0.09320986 0.0312859
v -0.013438873 -0.0939972252 0.0301311985
v -0.0161575563 -0.09106316 0.0324406028
v -0.0176245924 -0.09242249 0.0324406028
v -0.0149059091 -0.09535657 0.0301311985
v -0.005336672 -0.104212627 0.0399461538
v -0.00324381143 -0.104999989 0.0387914553
v -0.005962493 -0.102065921 0.0411008559
v -0.00742953271 -0.103425257 0.0411008559
v -0.00471084565 -0.106359325 0.0387914553
v -0.005336672 -0.104212627 0.04687436
v -0.00742953271 -0.103425257 0.0457196571
v -0.005962493 -0.102065921 0.0457196571
v -0.00324381143 -0.104999989 0.0480290577
v -0.00471084565 -0.106359325 0.0480290577
v -0.006696012 -0.102745585 0.0434102565
v -0.005962493 -0.102065921 0.0411008559
v -0.005962493 -0.102065921 0.0457196571
v -0.00742953271 -0.103425257 0.0457196571
v -0.00742953271 -0.103425257 0.0411008559
v -0.0236877836 -0.08440765 0.0506305546
v -0.0244213 -0.08508732 0.04976111
v -0.0229542628 -0.08372798 0.04976111
v -0.0229542628 -0.08372798 0.0515
v -0.0244213 -0.08508732 0.0515
v -0.02232844 -0.08587469 0.04860641
v -0.0217026174 -0.08802139 0.0474517122
v -0.0202355813 -0.0866620541 0.0474517122
v -0.0229542628 -0.08372798 0.04976111
v -0.0244213 -0.08508732 0.04976111
v -0.0196097568 -0.08880875 0.04860641
v -0.0189839341 -0.09095546 0.04976111
v -0.017516898 -0.08959612 0.04976111
v -0.0202355813 -0.0866620541 0.0474517122
v -0.0217026174 -0.08802139 0.0474517122
v -0.0182504151 -0.0902757943 0.0506305546
v -0.0189839341 -0.09095546 0.0515
v -0.017516898 -0.08959612 0.0515
v -0.017516898 -0.08959612 0.04976111
v -0.0189839341 -0.09095546 0.04976111
v -0.0209690984 -0.08734172 0.0515
v -0.0229542628 -0.08372798 0.0515
v -0.017516898 -0.08959612 0.0515
v -0.0189839341 -0.09095546 0.0515
v -0.0244213 -0.08508732 0.0515
v -0.0298048165 -0.0778059959 0.0399461538
v -0.0291789938 -0.0799527 0.0411008559
v -0.0277119577 -0.07859336 0.0411008559
v -0.030430641 -0.07565929 0.0387914553
v -0.03189768 -0.077018626 0.0387914553
v -0.0284454767 -0.07927303 0.0434102565
v -0.0291789938 -0.0799527 0.0457196571
v -0.0277119577 -0.07859336 0.0457196571
v -0.0277119577 -0.07859336 0.0411008559
v -0.0291789938 -0.0799527 0.0411008559
v -0.0298048165 -0.0778059959 0.04687436
v -0.030430641 -0.07565929 0.0480290577
v -0.0277119577 -0.07859336 0.0457196571
v -0.0291789938 -0.0799527 0.0457196571
v -0.03189768 -0.077018626 0.0480290577
v -0.004657004 -0.104946136 0.0188694485
v -0.00539051741 -0.105625808 0.019738894
v -0.003923483 -0.104266472 0.019738894
v -0.003923483 -0.104266472 0.0180000011
v -0.00539051741 -0.105625808 0.0180000011
v -0.00601634 -0.10347911 0.0208935943
v -0.008109201 -0.10269174 0.0220482945
v -0.00664216466 -0.101332396 0.0220482945
v -0.003923483 -0.104266472 0.019738894
v -0.00539051741 -0.105625808 0.019738894
v -0.008735023 -0.100545034 0.0208935943
v -0.0108278841 -0.09975767 0.019738894
v -0.00936085 -0.09839833 0.019738894
v -0.00664216466 -0.101332396 0.0220482945
v -0.008109201 -0.10269174 0.0220482945
v -0.010094367 -0.099078 0.0188694485
v -0.0108278841 -0.09975767 0.0180000011
v -0.00936085 -0.09839833 0.0180000011
v -0.00936085 -0.09839833 0.019738894
v -0.0108278841 -0.09975767 0.019738894
v -0.00737568364 -0.102012068 0.0180000011
v -0.003923483 -0.104266472 0.0180000011
v -0.00936085 -0.09839833 0.0180000011
v -0.0108278841 -0.09975767 0.0180000011
v -0.00539051741 -0.105625808 0.0180000011
v -0.0277658068 -0.08000655 0.0180000011
v -0.02578064 -0.08362028 0.0180000011
v -0.0243136045 -0.0822609439 0.0180000011
v -0.029750973 -0.07639281 0.0180000011
v -0.0312180072 -0.07775214 0.0180000011
v -0.0250471234 -0.0829406157 0.0188694485
v -0.02578064 -0.08362028 0.019738894
v -0.0243136045 -0.0822609439 0.019738894
v -0.0243136045 -0.0822609439 0.0180000011
v -0.02578064 -0.08362028 0.0180000011
v -0.0264064651 -0.08147358 0.0208935943
v -0.0284993239 -0.08068621 0.0220482945
v -0.02703229 -0.0793268755 0.0220482945
v -0.0243136045 -0.0822609439 0.019738894
v -0.02578064 -0.08362028 0.019738894
v -0.0291251484 -0.07853951 0.0208935943
v -0.0312180072 -0.07775214 0.019738894
v -0.029750973 -0.07639281 0.019738894
v -0.02703229 -0.0793268755 0.0220482945
v -0.0284993239 -0.08068621 0.0220482945
v -0.03048449 -0.07707247 0.0188694485
v -0.029750973 -0.07639281 0.0180000011
v -0.029750973 -0.07639281 0.019738894
v -0.0312180072 -0.07775214 0.019738894
v -0.0312180072 -0.07775214 0.0180000011
v -0.03048449 -0.07707247 0.0506305546
v -0.0312180072 -0.07775214 0.04976111
v -0.029750973 -0.07639281 0.04976111
v -0.029750973 -0.07639281 0.0515
v -0.0312180072 -0.07775214 0.0515
v -0.0291251484 -0.07853951 0.04860641
v -0.0284993239 -0.08068621 0.0474517122
v -0.02703229 -0.0793268755 0.0474517122
v -0.029750973 -0.07639281 0.04976111
v -0.0312180072 -0.07775214 0.04976111
v -0.0264064651 -0.08147358 0.04860641
v -0.02578064 -0.08362028 0.04976111
v -0.0243136045 -0.0822609439 0.04976111
v -0.02703229 -0.0793268755 0.0474517122
v -0.0284993239 -0.08068621 0.0474517122
v -0.0250471234 -0.0829406157 0.0506305546
v -0.02578064 -0.08362028 0.0515
v -0.0243136045 -0.0822609439 0.0515
v -0.0243136045 -0.0822609439 0.04976111
v -0.02578064 -0.08362028 0.04976111
v -0.0277658068 -0.08000655 0.0515
v -0.029750973 -0.07639281 0.0515
v -0.0243136045 -0.0822609439 0.0515
v -0.02578064 -0.08362028 0.0515
v -0.0312180072 -0.07775214 0.0515
v -0.005336672 -0.104212627 0.0226256456
v -0.00324381143 -0.104999989 0.0214709453
v -0.005962493 -0.102065921 0.0237803459
v -0.00742953271 -0.103425257 0.0237803459
v -0.00471084565 -0.106359325 0.0214709453
v -0.005336672 -0.104212627 0.02955385
v -0.00742953271 -0.103425257 0.0283991471
v -0.005962493 -0.102065921 0.0283991471
v -0.00324381143 -0.104999989 0.03070855
v -0.00471084565 -0.106359325 0.03070855
v -0.006696012 -0.102745585 0.0260897465
v -0.005962493 -0.102065921 0.0237803459
v -0.005962493 -0.102065921 0.0283991471
v -0.00742953271 -0.103425257 0.0283991471
v -0.00742953271 -0.103425257 0.0237803459
v -0.0148520619 -0.09394338 0.0260897465
v -0.015585579 -0.0946230441 0.0283991471
v -0.0141185448 -0.09326371 0.0283991471
v -0.0141185448 -0.09326371 0.0237803459
v -0.015585579 -0.0946230441 0.0237803459
v -0.0162114035 -0.0924763456 0.02955385
v -0.0183042623 -0.0916889757 0.03070855
v -0.0168372281 -0.09032964 0.03070855
v -0.0141185448 -0.09326371 0.0283991471
v -0.015585579 -0.0946230441 0.0283991471
v -0.018930085 -0.08954227 0.02955385
v -0.0210229438 -0.08875491 0.0283991471
v -0.01955591 -0.08739556 0.0283991471
v -0.0168372281 -0.09032964 0.03070855
v -0.0183042623 -0.0916889757 0.03070855
v -0.0202894267 -0.0880752355 0.0260897465
v -0.0210229438 -0.08875491 0.0237803459
v -0.01955591 -0.08739556 0.0237803459
v -0.01955591 -0.08739556 0.0283991471
v -0.0210229438 -0.08875491 0.0283991471
v -0.018930085 -0.08954227 0.0226256456
v -0.0183042623 -0.0916889757 0.0214709453
v -0.0168372281 -0.09032964 0.0214709453
v -0.01955591 -0.08739556 0.0237803459
v -0.0210229438 -0.08875491 0.0237803459
v -0.0162114035 -0.0924763456 0.0226256456
v -0.0141185448 -0.09326371 0.0237803459
v -0.0168372281 -0.09032964 0.0214709453
v -0.0183042623 -0.0916889757 0.0214709453
v -0.015585579 -0.0946230441 0.0237803459
v -0.0257267952 -0.0822071 0.0399461538
v -0.0251009688 -0.0843538046 0.0387914553
v -0.0236339346 -0.08299446 0.0387914553
v -0.0263526179 -0.08006039 0.0411008559
v -0.027819654 -0.0814197361 0.0411008559
v -0.0230081119 -0.08514117 0.0399461538
v -0.0223822854 -0.08728787 0.0411008559
v -0.0209152512 -0.08592853 0.0411008559
v -0.0236339346 -0.08299446 0.0387914553
v -0.0251009688 -0.0843538046 0.0387914553
v -0.02164877 -0.0866082 0.0434102565
v -0.0223822854 -0.08728787 0.0457196571
v -0.0209152512 -0.08592853 0.0457196571
v -0.0209152512 -0.08592853 0.0411008559
v -0.0223822854 -0.08728787 0.0411008559
v -0.0230081119 -0.08514117 0.04687436
v -0.0251009688 -0.0843538046 0.0480290577
v -0.0236339346 -0.08299446 0.0480290577
v -0.0209152512 -0.08592853 0.0457196571
v -0.0223822854 -0.08728787 0.0457196571
v -0.0257267952 -0.0822071 0.04687436
v -0.027819654 -0.0814197361 0.0457196571
v -0.0263526179 -0.08006039 0.0457196571
v -0.0236339346 -0.08299446 0.0480290577
v -0.0251009688 -0.0843538046 0.0480290577
v -0.0270861369 -0.0807400644 0.0434102565
v -0.0263526179 -0.08006039 0.0411008559
v -0.0263526179 -0.08006039 0.0457196571
v -0.027819654 -0.0814197361 0.0457196571
v -0.027819654 -0.0814197361 0.0411008559
v -0.0110636055 -0.124515392 0.0506305546
v -0.0117432773 -0.123781875 0.0515
v -0.0103839375 -0.125248909 0.0515
v -0.0103839375 -0.125248909 0.04976111
v -0.0117432773 -0.123781875 0.04976111
v -0.009596573 -0.123156048 0.04860641
v -0.0117432773 -0.123781875 0.04976111
v -0.0103839375 -0.125248909 0.04976111
v -0.007449869 -0.122530222 0.0474517122
v -0.008809209 -0.121063188 0.0474517122
v -0.008129537 -0.121796705 0.0515
v -0.00587513857 -0.1183445 0.0515
v -0.00451579876 -0.119811542 0.0515
v -0.0103839375 -0.125248909 0.0515
v -0.0117432773 -0.123781875 0.0515
v -0.0475504436 -0.07925269 0.0515
v -0.049804844 -0.0827048942 0.0515
v -0.05116418 -0.08123785 0.0515
v -0.0452960432 -0.07580049 0.0515
v -0.0439367034 -0.07726753 0.0515
v -0.0504845157 -0.08197138 0.0506305546
v -0.049804844 -0.0827048942 0.04976111
v -0.05116418 -0.08123785 0.04976111
v -0.05116418 -0.08123785 0.0515
v -0.049804844 -0.0827048942 0.0515
v -0.005195467 -0.119078025 0.0506305546
v -0.00587513857 -0.1183445 0.04976111
v -0.00451579876 -0.119811542 0.04976111
v -0.00451579876 -0.119811542 0.0515
v -0.00587513857 -0.1183445 0.0515
v -0.0446163751 -0.076534 0.0506305546
v -0.0452960432 -0.07580049 0.0515
v -0.0452960432 -0.07580049 0.04976111
v -0.0439367034 -0.07726753 0.04976111
v -0.0439367034 -0.07726753 0.0515
v -0.04901748 -0.08061203 0.04860641
v -0.04687077 -0.0799862146 0.0474517122
v -0.04823011 -0.07851917 0.0474517122
v -0.05116418 -0.08123785 0.04976111
v -0.049804844 -0.0827048942 0.04976111
v -0.006662503 -0.120437369 0.04860641
v -0.008809209 -0.121063188 0.0474517122
v -0.007449869 -0.122530222 0.0474517122
v -0.00451579876 -0.119811542 0.04976111
v -0.00587513857 -0.1183445 0.04976111
v -0.04608341 -0.07789335 0.04860641
v -0.0452960432 -0.07580049 0.04976111
v -0.04823011 -0.07851917 0.0474517122
v -0.04687077 -0.0799862146 0.0474517122
v -0.0439367034 -0.07726753 0.04976111
v -0.005928982 -0.1197577 0.04687436
v -0.00514161959 -0.117664836 0.0480290577
v -0.00378227979 -0.119131871 0.0480290577
v -0.00671635 -0.12185055 0.0457196571
v -0.00807569 -0.120383516 0.0457196571
v -0.0453498922 -0.0772136748 0.04687436
v -0.0461372547 -0.07930654 0.0457196571
v -0.0474965945 -0.0778395 0.0457196571
v -0.0445625223 -0.07512082 0.0480290577
v -0.0432031862 -0.0765878558 0.0480290577
v -0.005928982 -0.1197577 0.0399461538
v -0.00807569 -0.120383516 0.0411008559
v -0.00671635 -0.12185055 0.0411008559
v -0.00378227979 -0.119131871 0.0387914553
v -0.00514161959 -0.117664836 0.0387914553
v -0.0453498922 -0.0772136748 0.0399461538
v -0.0445625223 -0.07512082 0.0387914553
v -0.0474965945 -0.0778395 0.0411008559
v -0.0461372547 -0.07930654 0.0411008559
v -0.0432031862 -0.0765878558 0.0387914553
v -0.007396018 -0.121117041 0.0434102565
v -0.00807569 -0.120383516 0.0457196571
v -0.00671635 -0.12185055 0.0457196571
v -0.00671635 -0.12185055 0.0411008559
v -0.00807569 -0.120383516 0.0411008559
v -0.0468169264 -0.07857302 0.0434102565
v -0.0474965945 -0.0778395 0.0411008559
v -0.0474965945 -0.0778395 0.0457196571
v -0.0461372547 -0.07930654 0.0457196571
v -0.0461372547 -0.07930654 0.0411008559
v -0.0132641587 -0.1265544 0.0226256456
v -0.0154108666 -0.127180219 0.0237803459
v -0.0140515268 -0.128647268 0.0237803459
v -0.0111174565 -0.125928581 0.0214709453
v -0.0124767963 -0.124461547 0.0214709453
v -0.0103300884 -0.12383572 0.0226256456
v -0.0124767963 -0.124461547 0.0214709453
v -0.0111174565 -0.125928581 0.0214709453
v -0.008183386 -0.123209894 0.0237803459
v -0.009542726 -0.121742859 0.0237803459
v -0.0147311948 -0.127913743 0.0260897465
v -0.0154108666 -0.127180219 0.0283991471
v -0.0140515268 -0.128647268 0.0283991471
v -0.0140515268 -0.128647268 0.0237803459
v -0.0154108666 -0.127180219 0.0237803459
v -0.0541521 -0.08536973 0.0260897465
v -0.05347243 -0.0861032456 0.0237803459
v -0.05483177 -0.08463621 0.0237803459
v -0.05483177 -0.08463621 0.0283991471
v -0.05347243 -0.0861032456 0.0283991471
v -0.0526850671 -0.084010385 0.0226256456
v -0.05053836 -0.08338456 0.0214709453
v -0.0518976972 -0.0819175243 0.0214709453
v -0.05483177 -0.08463621 0.0237803459
v -0.05347243 -0.0861032456 0.0237803459
v -0.0132641587 -0.1265544 0.02955385
v -0.0124767963 -0.124461547 0.03070855
v -0.0111174565 -0.125928581 0.03070855
v -0.0140515268 -0.128647268 0.0283991471
v -0.0154108666 -0.127180219 0.0283991471
v -0.0526850671 -0.084010385 0.02955385
v -0.05483177 -0.08463621 0.0283991471
v -0.0518976972 -0.0819175243 0.03070855
v -0.05053836 -0.08338456 0.03070855
v -0.05347243 -0.0861032456 0.0283991471
v -0.049751 -0.0812917054 0.0226256456
v -0.04760429 -0.08066588 0.0237803459
v -0.04896363 -0.0791988447 0.0237803459
v -0.0518976972 -0.0819175243 0.0214709453
v -0.05053836 -0.08338456 0.0214709453
v -0.0103300884 -0.12383572 0.02955385
v -0.009542726 -0.121742859 0.0283991471
v -0.008183386 -0.123209894 0.0283991471
v -0.0111174565 -0.125928581 0.03070855
v -0.0124767963 -0.124461547 0.03070855
v -0.049751 -0.0812917054 0.02955385
v -0.0518976972 -0.0819175243 0.03070855
v -0.04896363 -0.0791988447 0.0283991471
v -0.04760429 -0.08066588 0.0283991471
v -0.05053836 -0.08338456 0.03070855
v -0.008863054 -0.122476377 0.0260897465
v -0.009542726 -0.121742859 0.0237803459
v -0.008183386 -0.123209894 0.0237803459
v -0.008183386 -0.123209894 0.0283991471
v -0.009542726 -0.121742859 0.0283991471
v -0.04828396 -0.07993236 0.0260897465
v -0.04896363 -0.0791988447 0.0283991471
v -0.04896363 -0.0791988447 0.0237803459
v -0.04760429 -0.08066588 0.0237803459
v -0.04760429 -0.08066588 0.0283991471
v -0.01543403 -0.128564984 0.02202415
v -0.0160830244 -0.127803043 0.022
v -0.0147236846 -0.129270077 0.022
v -0.0147850439 -0.12932694 0.0220482945
v -0.0161443837 -0.12785989 0.0220482945
v -0.0154647119 -0.128593415 0.022
v -0.0161443837 -0.12785989 0.022
v -0.01620574 -0.127916753 0.022
v -0.0148463994 -0.129383788 0.022
v -0.0160830244 -0.127803043 0.022
v -0.0147850439 -0.12932694 0.022
v -0.0147236846 -0.129270077 0.022
v -0.0555039272 -0.08525903 0.022
v -0.05488562 -0.0860494 0.022
v -0.05414459 -0.08672607 0.022
v -0.0555652864 -0.08531588 0.022
v -0.0542059466 -0.08678292 0.022
v -0.055626642 -0.08537273 0.022
v -0.0542673022 -0.08683977 0.022
v -0.0548549369 -0.08602098 0.02202415
v -0.0542059466 -0.08678292 0.0220482945
v -0.0555652864 -0.08531588 0.0220482945
v -0.0555039272 -0.08525903 0.022
v -0.05414459 -0.08672607 0.022
v -0.01549539 -0.128621846 0.02202415
v -0.0161443837 -0.12785989 0.0220482945
v -0.0147850439 -0.12932694 0.0220482945
v -0.0148463994 -0.129383788 0.022
v -0.01620574 -0.127916753 0.022
v -0.0549162962 -0.0860778242 0.02202415
v -0.055626642 -0.08537273 0.022
v -0.0555652864 -0.08531588 0.0220482945
v -0.0542059466 -0.08678292 0.0220482945
v -0.0542673022 -0.08683977 0.022
v -0.0176652633 -0.13063243 0.02955385
v -0.0168779 -0.128539562 0.0283991471
v -0.015518561 -0.1300066 0.0283991471
v -0.0184526332 -0.132725284 0.03070855
v -0.01981197 -0.131258249 0.03070855
v -0.016198229 -0.129273087 0.0260897465
v -0.0168779 -0.128539562 0.0237803459
v -0.015518561 -0.1300066 0.0237803459
v -0.015518561 -0.1300066 0.0283991471
v -0.0168779 -0.128539562 0.0283991471
v -0.0176652633 -0.13063243 0.0226256456
v -0.01981197 -0.131258249 0.0214709453
v -0.0184526332 -0.132725284 0.0214709453
v -0.015518561 -0.1300066 0.0237803459
v -0.0168779 -0.128539562 0.0237803459
v -0.0570861734 -0.08808841 0.0226256456
v -0.0549394637 -0.08746259 0.0237803459
v -0.0562988073 -0.0859955549 0.0237803459
v -0.0592328757 -0.0887142345 0.0214709453
v -0.0578735359 -0.09018127 0.0214709453
v -0.0570861734 -0.08808841 0.02955385
v -0.0592328757 -0.0887142345 0.03070855
v -0.0562988073 -0.0859955549 0.0283991471
v -0.0549394637 -0.08746259 0.0283991471
v -0.0578735359 -0.09018127 0.03070855
v -0.0556191355 -0.0867290646 0.0260897465
v -0.0562988073 -0.0859955549 0.0283991471
v -0.0562988073 -0.0859955549 0.0237803459
v -0.0549394637 -0.08746259 0.0237803459
v -0.0549394637 -0.08746259 0.0283991471
v -0.0132641587 -0.1265544 0.0399461538
v -0.0154108666 -0.127180219 0.0411008559
v -0.0140515268 -0.128647268 0.0411008559
v -0.0111174565 -0.125928581 0.0387914553
v -0.0124767963 -0.124461547 0.0387914553
v -0.0103300884 -0.12383572 0.0399461538
v -0.0124767963 -0.124461547 0.0387914553
v -0.0111174565 -0.125928581 0.0387914553
v -0.008183386 -0.123209894 0.0411008559
v -0.009542726 -0.121742859 0.0411008559
v -0.0147311948 -0.127913743 0.0434102565
v -0.0154108666 -0.127180219 0.0457196571
v -0.0140515268 -0.128647268 0.0457196571
v -0.0140515268 -0.128647268 0.0411008559
v -0.0154108666 -0.127180219 0.0411008559
v -0.0541521 -0.08536973 0.0434102565
v -0.05347243 -0.0861032456 0.0411008559
v -0.05483177 -0.08463621 0.0411008559
v -0.05483177 -0.08463621 0.0457196571
v -0.05347243 -0.0861032456 0.0457196571
v -0.0526850671 -0.084010385 0.0399461538
v -0.05053836 -0.08338456 0.0387914553
v -0.0518976972 -0.0819175243 0.0387914553
v -0.05483177 -0.08463621 0.0411008559
v -0.05347243 -0.0861032456 0.0411008559
v -0.0132641587 -0.1265544 0.04687436
v -0.0124767963 -0.124461547 0.0480290577
v -0.0111174565 -0.125928581 0.0480290577
v -0.0140515268 -0.128647268 0.0457196571
v -0.0154108666 -0.127180219 0.0457196571
v -0.0526850671 -0.084010385 0.04687436
v -0.05483177 -0.08463621 0.0457196571
v -0.0518976972 -0.0819175243 0.0480290577
v -0.05053836 -0.08338456 0.0480290577
v -0.05347243 -0.0861032456 0.0457196571
v -0.049751 -0.0812917054 0.0399461538
v -0.04760429 -0.08066588 0.0411008559
v -0.04896363 -0.0791988447 0.0411008559
v -0.0518976972 -0.0819175243 0.0387914553
v -0.05053836 -0.08338456 0.0387914553
v -0.0103300884 -0.12383572 0.04687436
v -0.009542726 -0.121742859 0.0457196571
v -0.008183386 -0.123209894 0.0457196571
v -0.0111174565 -0.125928581 0.0480290577
v -0.0124767963 -0.124461547 0.0480290577
v -0.049751 -0.0812917054 0.04687436
v -0.0518976972 -0.0819175243 0.0480290577
v -0.04896363 -0.0791988447 0.0457196571
v -0.04760429 -0.08066588 0.0457196571
v -0.05053836 -0.08338456 0.0480290577
v -0.008863054 -0.122476377 0.0434102565
v -0.009542726 -0.121742859 0.0411008559
v -0.008183386 -0.123209894 0.0411008559
v -0.008183386 -0.123209894 0.0457196571
v -0.009542726 -0.121742859 0.0457196571
v -0.04828396 -0.07993236 0.0434102565
v -0.04896363 -0.0791988447 0.0457196571
v -0.04896363 -0.0791988447 0.0411008559
v -0.04760429 -0.08066588 0.0411008559
v -0.04760429 -0.08066588 0.0457196571
v -0.01839878 -0.1313121 0.0506305546
v -0.0190784521 -0.130578578 0.0515
v -0.0177191123 -0.132045612 0.0515
v -0.0177191123 -0.132045612 0.04976111
v -0.0190784521 -0.130578578 0.04976111
v -0.0169317462 -0.129952759 0.04860641
v -0.0190784521 -0.130578578 0.04976111
v -0.0177191123 -0.132045612 0.04976111
v -0.0147850439 -0.12932694 0.0474517122
v -0.0161443837 -0.12785989 0.0474517122
v -0.0154647119 -0.128593415 0.0515
v -0.0132103134 -0.125141218 0.0515
v -0.0118509736 -0.126608253 0.0515
v -0.0177191123 -0.132045612 0.0515
v -0.0190784521 -0.130578578 0.0515
v -0.05488562 -0.0860494 0.0515
v -0.0571400151 -0.0895016044 0.0515
v -0.05849936 -0.08803456 0.0515
v -0.052631218 -0.0825971961 0.0515
v -0.05127188 -0.08406423 0.0515
v -0.0578196868 -0.08876808 0.0506305546
v -0.0571400151 -0.0895016044 0.04976111
v -0.05849936 -0.08803456 0.04976111
v -0.05849936 -0.08803456 0.0515
v -0.0571400151 -0.0895016044 0.0515
v -0.0125306416 -0.125874728 0.0506305546
v -0.0132103134 -0.125141218 0.04976111
v -0.0118509736 -0.126608253 0.04976111
v -0.0118509736 -0.126608253 0.0515
v -0.0132103134 -0.125141218 0.0515
v -0.05195155 -0.08333071 0.0506305546
v -0.052631218 -0.0825971961 0.0515
v -0.052631218 -0.0825971961 0.04976111
v -0.05127188 -0.08406423 0.04976111
v -0.05127188 -0.08406423 0.0515
v -0.0563526526 -0.08740874 0.04860641
v -0.0542059466 -0.08678292 0.0474517122
v -0.0555652864 -0.08531588 0.0474517122
v -0.05849936 -0.08803456 0.04976111
v -0.0571400151 -0.0895016044 0.04976111
v -0.0139976759 -0.127234071 0.04860641
v -0.0161443837 -0.12785989 0.0474517122
v -0.0147850439 -0.12932694 0.0474517122
v -0.0118509736 -0.126608253 0.04976111
v -0.0132103134 -0.125141218 0.04976111
v -0.0534185842 -0.08469006 0.04860641
v -0.052631218 -0.0825971961 0.04976111
v -0.0555652864 -0.08531588 0.0474517122
v -0.0542059466 -0.08678292 0.0474517122
v -0.05127188 -0.08406423 0.04976111
v -0.009596573 -0.123156048 0.0382141024
v -0.008809209 -0.121063188 0.0393688045
v -0.007449869 -0.122530222 0.0393688045
v -0.0103839375 -0.125248909 0.037059404
v -0.0117432773 -0.123781875 0.037059404
v -0.0110636055 -0.124515392 0.03475
v -0.0117432773 -0.123781875 0.037059404
v -0.0103839375 -0.125248909 0.037059404
v -0.0103839375 -0.125248909 0.0324406028
v -0.0117432773 -0.123781875 0.0324406028
v -0.006662503 -0.120437369 0.0382141024
v -0.00587513857 -0.1183445 0.037059404
v -0.00451579876 -0.119811542 0.037059404
v -0.007449869 -0.122530222 0.0393688045
v -0.008809209 -0.121063188 0.0393688045
v -0.04608341 -0.07789335 0.0382141024
v -0.04687077 -0.0799862146 0.0393688045
v -0.04823011 -0.07851917 0.0393688045
v -0.0452960432 -0.07580049 0.037059404
v -0.0439367034 -0.07726753 0.037059404
v -0.04901748 -0.08061203 0.0382141024
v -0.049804844 -0.0827048942 0.037059404
v -0.05116418 -0.08123785 0.037059404
v -0.04823011 -0.07851917 0.0393688045
v -0.04687077 -0.0799862146 0.0393688045
v -0.005195467 -0.119078025 0.03475
v -0.00587513857 -0.1183445 0.0324406028
v -0.00451579876 -0.119811542 0.0324406028
v -0.00451579876 -0.119811542 0.037059404
v -0.00587513857 -0.1183445 0.037059404
v -0.0446163751 -0.076534 0.03475
v -0.0452960432 -0.07580049 0.037059404
v -0.0452960432 -0.07580049 0.0324406028
v -0.0439367034 -0.07726753 0.0324406028
v -0.0439367034 -0.07726753 0.037059404
v -0.0504845157 -0.08197138 0.03475
v -0.049804844 -0.0827048942 0.0324406028
v -0.05116418 -0.08123785 0.0324406028
v -0.05116418 -0.08123785 0.037059404
v -0.049804844 -0.0827048942 0.037059404
v -0.006662503 -0.120437369 0.0312859
v -0.008809209 -0.121063188 0.0301311985
v -0.007449869 -0.122530222 0.0301311985
v -0.00451579876 -0.119811542 0.0324406028
v -0.00587513857 -0.1183445 0.0324406028
v -0.04608341 -0.07789335 0.0312859
v -0.0452960432 -0.07580049 0.0324406028
v -0.04823011 -0.07851917 0.0301311985
v -0.04687077 -0.0799862146 0.0301311985
v -0.0439367034 -0.07726753 0.0324406028
v -0.009596573 -0.123156048 0.0312859
v -0.0117432773 -0.123781875 0.0324406028
v -0.0103839375 -0.125248909 0.0324406028
v -0.007449869 -0.122530222 0.0301311985
v -0.008809209 -0.121063188 0.0301311985
v -0.04901748 -0.08061203 0.0312859
v -0.04823011 -0.07851917 0.0301311985
v -0.05116418 -0.08123785 0.0324406028
v -0.049804844 -0.0827048942 0.0324406028
v -0.04687077 -0.0799862146 0.0301311985
v -0.005928982 -0.1197577 0.02955385
v -0.00514161959 -0.117664836 0.03070855
v -0.00378227979 -0.119131871 0.03070855
v -0.00671635 -0.12185055 0.0283991471
v -0.00807569 -0.120383516 0.0283991471
v -0.0453498922 -0.0772136748 0.02955385
v -0.0461372547 -0.07930654 0.0283991471
v -0.0474965945 -0.0778395 0.0283991471
v -0.0445625223 -0.07512082 0.03070855
v -0.0432031862 -0.0765878558 0.03070855
v -0.005928982 -0.1197577 0.0226256456
v -0.00807569 -0.120383516 0.0237803459
v -0.00671635 -0.12185055 0.0237803459
v -0.00378227979 -0.119131871 0.0214709453
v -0.00514161959 -0.117664836 0.0214709453
v -0.0453498922 -0.0772136748 0.0226256456
v -0.0445625223 -0.07512082 0.0214709453
v -0.0474965945 -0.0778395 0.0237803459
v -0.0461372547 -0.07930654 0.0237803459
v -0.0432031862 -0.0765878558 0.0214709453
v -0.007396018 -0.121117041 0.0260897465
v -0.00807569 -0.120383516 0.0283991471
v -0.00671635 -0.12185055 0.0283991471
v -0.00671635 -0.12185055 0.0237803459
v -0.00807569 -0.120383516 0.0237803459
v -0.0468169264 -0.07857302 0.0260897465
v -0.0474965945 -0.0778395 0.0237803459
v -0.0474965945 -0.0778395 0.0283991471
v -0.0461372547 -0.07930654 0.0283991471
v -0.0461372547 -0.07930654 0.0237803459
v -0.008098859 -0.121768281 0.02202415
v -0.008747853 -0.121006332 0.022
v -0.00738851354 -0.122473374 0.022
v -0.007449869 -0.122530222 0.0220482945
v -0.008809209 -0.121063188 0.0220482945
v -0.008129537 -0.121796705 0.022
v -0.008809209 -0.121063188 0.022
v -0.008870566 -0.121120036 0.022
v -0.00751122646 -0.122587077 0.022
v -0.008747853 -0.121006332 0.022
v -0.007449869 -0.122530222 0.022
v -0.00738851354 -0.122473374 0.022
v -0.0481687561 -0.07846232 0.022
v -0.0475504436 -0.07925269 0.022
v -0.0468094163 -0.07992935 0.022
v -0.04823011 -0.07851917 0.022
v -0.04687077 -0.0799862146 0.022
v -0.04829147 -0.07857603 0.022
v -0.04693213 -0.08004306 0.022
v -0.0475197658 -0.0792242661 0.02202415
v -0.04687077 -0.0799862146 0.0220482945
v -0.04823011 -0.07851917 0.0220482945
v -0.0481687561 -0.07846232 0.022
v -0.0468094163 -0.07992935 0.022
v -0.008160217 -0.121825129 0.02202415
v -0.008809209 -0.121063188 0.0220482945
v -0.007449869 -0.122530222 0.0220482945
v -0.00751122646 -0.122587077 0.022
v -0.008870566 -0.121120036 0.022
v -0.0475811251 -0.079281114 0.02202415
v -0.04829147 -0.07857603 0.022
v -0.04823011 -0.07851917 0.0220482945
v -0.04687077 -0.0799862146 0.0220482945
v -0.04693213 -0.08004306 0.022
v -0.0139976759 -0.127234071 0.0382141024
v -0.0132103134 -0.125141218 0.037059404
v -0.0118509736 -0.126608253 0.037059404
v -0.0147850439 -0.12932694 0.0393688045
v -0.0161443837 -0.12785989 0.0393688045
v -0.0169317462 -0.129952759 0.0382141024
v -0.0161443837 -0.12785989 0.0393688045
v -0.0147850439 -0.12932694 0.0393688045
v -0.0177191123 -0.132045612 0.037059404
v -0.0190784521 -0.130578578 0.037059404
v -0.0125306416 -0.125874728 0.03475
v -0.0132103134 -0.125141218 0.0324406028
v -0.0118509736 -0.126608253 0.0324406028
v -0.0118509736 -0.126608253 0.037059404
v -0.0132103134 -0.125141218 0.037059404
v -0.05195155 -0.08333071 0.03475
v -0.05127188 -0.08406423 0.037059404
v -0.052631218 -0.0825971961 0.037059404
v -0.052631218 -0.0825971961 0.0324406028
v -0.05127188 -0.08406423 0.0324406028
v -0.0534185842 -0.08469006 0.0382141024
v -0.0542059466 -0.08678292 0.0393688045
v -0.0555652864 -0.08531588 0.0393688045
v -0.052631218 -0.0825971961 0.037059404
v -0.05127188 -0.08406423 0.037059404
v -0.0139976759 -0.127234071 0.0312859
v -0.0161443837 -0.12785989 0.0301311985
v -0.0147850439 -0.12932694 0.0301311985
v -0.0118509736 -0.126608253 0.0324406028
v -0.0132103134 -0.125141218 0.0324406028
v -0.0534185842 -0.08469006 0.0312859
v -0.052631218 -0.0825971961 0.0324406028
v -0.0555652864 -0.08531588 0.0301311985
v -0.0542059466 -0.08678292 0.0301311985
v -0.05127188 -0.08406423 0.0324406028
v -0.0563526526 -0.08740874 0.0382141024
v -0.0571400151 -0.0895016044 0.037059404
v -0.05849936 -0.08803456 0.037059404
v -0.0555652864 -0.08531588 0.0393688045
v -0.0542059466 -0.08678292 0.0393688045
v -0.0169317462 -0.129952759 0.0312859
v -0.0190784521 -0.130578578 0.0324406028
v -0.0177191123 -0.132045612 0.0324406028
v -0.0147850439 -0.12932694 0.0301311985
v -0.0161443837 -0.12785989 0.0301311985
v -0.0563526526 -0.08740874 0.0312859
v -0.0555652864 -0.08531588 0.0301311985
v -0.05849936 -0.08803456 0.0324406028
v -0.0571400151 -0.0895016044 0.0324406028
v -0.0542059466 -0.08678292 0.0301311985
v -0.01839878 -0.1313121 0.03475
v -0.0190784521 -0.130578578 0.037059404
v -0.0177191123 -0.132045612 0.037059404
v -0.0177191123 -0.132045612 0.0324406028
v -0.0190784521 -0.130578578 0.0324406028
v -0.0578196868 -0.08876808 0.03475
v -0.05849936 -0.08803456 0.0324406028
v -0.05849936 -0.08803456 0.037059404
v -0.0571400151 -0.0895016044 0.037059404
v -0.0571400151 -0.0895016044 0.0324406028
v -0.0176652633 -0.13063243 0.04687436
v -0.0168779 -0.128539562 0.0457196571
v -0.015518561 -0.1300066 0.0457196571
v -0.0184526332 -0.132725284 0.0480290577
v -0.01981197 -0.131258249 0.0480290577
v -0.016198229 -0.129273087 0.0434102565
v -0.0168779 -0.128539562 0.0411008559
v -0.015518561 -0.1300066 0.0411008559
v -0.015518561 -0.1300066 0.0457196571
v -0.0168779 -0.128539562 0.0457196571
v -0.0176652633 -0.13063243 0.0399461538
v -0.01981197 -0.131258249 0.0387914553
v -0.0184526332 -0.132725284 0.0387914553
v -0.015518561 -0.1300066 0.0411008559
v -0.0168779 -0.128539562 0.0411008559
v -0.0570861734 -0.08808841 0.0399461538
v -0.0549394637 -0.08746259 0.0411008559
v -0.0562988073 -0.0859955549 0.0411008559
v -0.0592328757 -0.0887142345 0.0387914553
v -0.0578735359 -0.09018127 0.0387914553
v -0.0570861734 -0.08808841 0.04687436
v -0.0592328757 -0.0887142345 0.0480290577
v -0.0562988073 -0.0859955549 0.0457196571
v -0.0549394637 -0.08746259 0.0457196571
v -0.0578735359 -0.09018127 0.0480290577
v -0.0556191355 -0.0867290646 0.0434102565
v -0.0562988073 -0.0859955549 0.0457196571
v -0.0562988073 -0.0859955549 0.0411008559
v -0.0549394637 -0.08746259 0.0411008559
v -0.0549394637 -0.08746259 0.0457196571
v -0.02524934 -0.125390112 0.016
v -0.0247416943 -0.131413713 0.016
v -0.0249571875 -0.131283522 0.016
v -0.0252039321 -0.131194711 0.016
v -0.0254690759 -0.131157 0.016
v -0.02573631 -0.131174415 0.016
v -0.0259891 -0.1312442 0.016
v -0.0262138769 -0.131357625 0.016
v -0.0245649964 -0.131572485 0.016
v -0.0264021456 -0.131502479 0.016
v -0.0184526332 -0.132725284 0.016
v -0.0325845145 -0.132186815 0.016
v -0.0244201422 -0.131760746 0.016
v -0.0265609063 -0.131679177 0.016
v -0.02430671 -0.131985515 0.016
v -0.0266911089 -0.131894663 0.016
v -0.0242369324 -0.132238314 0.016
v -0.0242195129 -0.132505551 0.016
v -0.02425722 -0.132770687 0.016
v -0.0267799161 -0.132141411 0.016
v -0.0268176273 -0.132406548 0.016
v -0.0268002041 -0.1326738 0.016
v -0.0221202187 -0.136123642 0.016
v -0.0291861556 -0.135854408 0.016
v -0.0243460312 -0.133017436 0.016
v -0.02673043 -0.132926583 0.016
v -0.026616998 -0.133151352 0.016
v -0.02647214 -0.133339629 0.016
v -0.0285065547 -0.136465043 0.016
v -0.0262954459 -0.133498386 0.016
v -0.0276777335 -0.136965811 0.016
v -0.026079949 -0.133628592 0.016
v -0.026728712 -0.1373074 0.016
v -0.0258332081 -0.1337174 0.016
v -0.0257089473 -0.137452424 0.016
v -0.025568068 -0.133755118 0.016
v -0.0246811062 -0.137385413 0.016
v -0.0253008269 -0.133737683 0.016
v -0.0237088427 -0.137117043 0.016
v -0.02504804 -0.133667916 0.016
v -0.0228443146 -0.136680782 0.016
v -0.0248232633 -0.133554488 0.016
v -0.0246349983 -0.133409619 0.016
v -0.02447623 -0.133232921 0.016
v -0.0512180328 -0.08265104 0.0200000014
v -0.0592328757 -0.0887142345 0.0200000014
v -0.0445625223 -0.07512082 0.0200000014
v -0.0432031862 -0.0765878558 0.0200000014
v -0.0578735359 -0.09018127 0.0200000014
v -0.0117971245 -0.125195056 0.0200000014
v -0.0184526332 -0.132725284 0.0200000014
v -0.01981197 -0.131258249 0.0200000014
v -0.00514161959 -0.117664836 0.0200000014
v -0.00378227979 -0.119131871 0.0200000014
v -0.0405551 -0.0720892251 0.0535000041
v -0.03924307 -0.0749544054 0.0535000041
v -0.0391201 -0.07461275 0.0535000041
v -0.0389398225 -0.07431438 0.0535000041
v -0.0387199931 -0.07406972 0.0535000041
v -0.03929528 -0.07532151 0.0535000041
v -0.03845932 -0.07386915 0.0535000041
v -0.0399034135 -0.07158779 0.0535000041
v -0.0381480865 -0.0737120956 0.0535000041
v -0.0391253456 -0.0711951554 0.0535000041
v -0.0377980731 -0.07361548 0.0535000041
v -0.0374280475 -0.07359136 0.0535000041
v -0.0382503048 -0.07095362 0.0535000041
v -0.0370609351 -0.0736435652 0.0535000041
v -0.0373252481 -0.07089332 0.0535000041
v -0.036719285 -0.07376654 0.0535000041
v -0.03640746 -0.07102384 0.0535000041
v -0.0364209153 -0.07394682 0.0535000041
v -0.03555334 -0.07133126 0.0535000041
v -0.0348074 -0.07178197 0.0535000041
v -0.0361762568 -0.07416665 0.0535000041
v -0.0341957547 -0.07233153 0.0535000041
v -0.0359756835 -0.07442732 0.0535000041
v -0.03581863 -0.07473855 0.0535000041
v -0.0318707526 -0.0763120353 0.0535000041
v -0.0357220136 -0.07508857 0.0535000041
v -0.0356978923 -0.0754585862 0.0535000041
v -0.0357501 -0.0758257061 0.0535000041
v -0.0358730666 -0.07616735 0.0535000041
v -0.03605335 -0.0764657259 0.0535000041
v -0.036273174 -0.07671039 0.0535000041
v -0.03653385 -0.07691096 0.0535000041
v -0.0377388932 -0.0817494 0.0535000041
v -0.03684508 -0.0770680159 0.0535000041
v -0.000212214887 -0.109007411 0.0535000041
v -0.0371950977 -0.07716462 0.0535000041
v -0.004004255 -0.106386252 0.0535000041
v -0.03756512 -0.0771887451 0.0535000041
v -0.0379322357 -0.07713654 0.0535000041
v -0.0382738858 -0.07701357 0.0535000041
v -0.03857226 -0.0768332854 0.0535000041
v -0.0388169177 -0.076613456 0.0535000041
v -0.04317626 -0.0758812651 0.0535000041
v -0.03901749 -0.07635278 0.0535000041
v -0.03917454 -0.07604156 0.0535000041
v -0.0392711572 -0.0756915361 0.0535000041
v -0.05858013 -0.09015435 0.0535000041
v -0.0625606254 -0.09247935 0.0535000041
v -0.05943358 -0.09398148 0.0535000041
v -0.0598036 -0.0940056 0.0535000041
v -0.05906646 -0.0940336958 0.0535000041
v -0.0601536147 -0.09410222 0.0535000041
v -0.0587248132 -0.09415666 0.0535000041
v -0.05842644 -0.09433694 0.0535000041
v -0.0581817776 -0.09455677 0.0535000041
v -0.05314276 -0.09602249 0.0535000041
v -0.057981208 -0.0948174447 0.0535000041
v -0.0578241535 -0.09512867 0.0535000041
v -0.0604648441 -0.09425927 0.0535000041
v -0.0607255176 -0.09445985 0.0535000041
v -0.060945347 -0.0947045 0.0535000041
v -0.0631101951 -0.09309099 0.0535000041
v -0.06112563 -0.0950028747 0.0535000041
v -0.057727538 -0.09547869 0.0535000041
v -0.0635609 -0.0938369259 0.0535000041
v -0.0612486 -0.09534453 0.0535000041
v -0.0613008067 -0.09571164 0.0535000041
v -0.06386832 -0.0946910456 0.0535000041
v -0.0612766854 -0.09608166 0.0535000041
v -0.06399885 -0.09560884 0.0535000041
v -0.06118007 -0.09643167 0.0535000041
v -0.06393854 -0.0965338945 0.0535000041
v -0.05770342 -0.09584871 0.0535000041
v -0.0610230155 -0.0967429057 0.0535000041
v -0.06369701 -0.0974089354 0.0535000041
v -0.0633043647 -0.09818701 0.0535000041
v -0.0608224422 -0.09700358 0.0535000041
v -0.0577556267 -0.09621583 0.0535000041
v -0.06280294 -0.0988386944 0.0535000041
v -0.0605777837 -0.09722341 0.0535000041
v -0.0602794066 -0.09740369 0.0535000041
v -0.0597444177 -0.102139525 0.0535000041
v -0.05787859 -0.0965574756 0.0535000041
v -0.0580588728 -0.09685585 0.0535000041
v -0.0582787022 -0.09710051 0.0535000041
v -0.059937764 -0.0975266546 0.0535000041
v -0.0585393757 -0.09730108 0.0535000041
v -0.0595706478 -0.09757887 0.0535000041
v -0.058850605 -0.09745814 0.0535000041
v -0.0592006221 -0.09755475 0.0535000041
v -0.0271420889 -0.13167876 0.0535000041
v -0.0269618072 -0.131380379 0.0535000041
v -0.03187792 -0.132213742 0.0535000041
v -0.027265057 -0.1320204 0.0535000041
v -0.0273172632 -0.132387519 0.0535000041
v -0.0272931419 -0.132757545 0.0535000041
v -0.0267419815 -0.131135717 0.0535000041
v -0.0271965265 -0.133107558 0.0535000041
v -0.0252762623 -0.1260967 0.0535000041
v -0.0264813043 -0.130935147 0.0535000041
v -0.0261700749 -0.130778089 0.0535000041
v -0.0288194 -0.135514572 0.0535000041
v -0.027039472 -0.133418784 0.0535000041
v -0.0268388987 -0.133679464 0.0535000041
v -0.0282077566 -0.136064142 0.0535000041
v -0.0258200578 -0.130681485 0.0535000041
v -0.02659424 -0.133899286 0.0535000041
v -0.02746182 -0.136514843 0.0535000041
v -0.026607696 -0.136822268 0.0535000041
v -0.02629587 -0.134079576 0.0535000041
v -0.0256899074 -0.136952788 0.0535000041
v -0.02595422 -0.13420254 0.0535000041
v -0.02476485 -0.136892483 0.0535000041
v -0.025587108 -0.134254754 0.0535000041
v -0.0254500359 -0.13065736 0.0535000041
v -0.02388981 -0.13665095 0.0535000041
v -0.0252170824 -0.134230629 0.0535000041
v -0.024867069 -0.134134009 0.0535000041
v -0.023111742 -0.1362583 0.0535000041
v -0.0245558359 -0.133976966 0.0535000041
v -0.0224600546 -0.13575688 0.0535000041
v -0.02508292 -0.130709574 0.0535000041
v -0.0242951624 -0.133776382 0.0535000041
v -0.02474127 -0.130832538 0.0535000041
v -0.0244428962 -0.131012812 0.0535000041
v -0.0241982378 -0.131232649 0.0535000041
v -0.0198388956 -0.131964847 0.0535000041
v -0.024075333 -0.133531719 0.0535000041
v -0.0239976645 -0.13149333 0.0535000041
v -0.0238950551 -0.133233353 0.0535000041
v -0.0238406137 -0.131804556 0.0535000041
v -0.0237720869 -0.1328917 0.0535000041
v -0.0237439983 -0.132154569 0.0535000041
v -0.023719877 -0.1325246 0.0535000041
v -0.00045453012 -0.115366757 0.0535000041
v -0.004435027 -0.117691755 0.0535000041
v -0.003581578 -0.113864623 0.0535000041
v -0.00321155414 -0.113840505 0.0535000041
v -0.003948696 -0.113812409 0.0535000041
v -0.00286154076 -0.113743886 0.0535000041
v -0.00429034233 -0.113689445 0.0535000041
v -0.00458871759 -0.113509163 0.0535000041
v -0.004833378 -0.113289334 0.0535000041
v -0.009872396 -0.111823618 0.0535000041
v -0.00503394939 -0.11302866 0.0535000041
v -0.00255031325 -0.113586836 0.0535000041
v -0.002289638 -0.113386258 0.0535000041
v -0.00206980854 -0.113141604 0.0535000041
v 9.50396061E-05 -0.114755116 0.0535000041
v -0.00188952684 -0.11284323 0.0535000041
v -0.005191002 -0.112717435 0.0535000041
v 0.000545743853 -0.114009179 0.0535000041
v -0.00176655687 -0.112501577 0.0535000041
v -0.00171434879 -0.112134464 0.0535000041
v 0.000853166 -0.11315506 0.0535000041
v -0.00173847 -0.111764446 0.0535000041
v 0.000983689 -0.112237267 0.0535000041
v -0.00183508731 -0.111414433 0.0535000041
v 0.000923384 -0.111312211 0.0535000041
v -0.00528761744 -0.112367414 0.0535000041
v -0.00199214 -0.1111032 0.0535000041
v 0.000681851059 -0.11043717 0.0535000041
v 0.0002892129 -0.1096591 0.0535000041
v -0.00219271332 -0.110842526 0.0535000041
v -0.005311737 -0.111997396 0.0535000041
v -0.00243737176 -0.1106227 0.0535000041
v -0.002735747 -0.110442415 0.0535000041
v -0.00307739154 -0.11031945 0.0535000041
v -0.00525952876 -0.111630276 0.0535000041
v -0.00513656437 -0.111288629 0.0535000041
v -0.00495628268 -0.110990256 0.0535000041
v -0.00344450772 -0.110267237 0.0535000041
v -0.00473645329 -0.110745594 0.0535000041
v -0.00381453149 -0.110291354 0.0535000041
v -0.004475778 -0.110545024 0.0535000041
v -0.00416455045 -0.110387966 0.0535000041
v -0.06147052 -0.101012319 0.0345000029
v -0.0597713441 -0.102846116 0.0530000031
v -0.0631697 -0.09917853 0.0530000031
v -0.0631697 -0.09917853 0.016
v -0.0597713441 -0.102846116 0.016
v -0.06372684 -0.09845443 0.0345000029
v -0.0631697 -0.09917853 0.0530000031
v -0.06372684 -0.09845443 0.0530000031
v -0.0631697 -0.09917853 0.016
v -0.06416311 -0.0975899 0.0530000031
v -0.06372684 -0.09845443 0.016
v -0.06416311 -0.0975899 0.0345000029
v -0.06443147 -0.09661764 0.0530000031
v -0.06416311 -0.0975899 0.016
v -0.06443147 -0.09661764 0.0345000029
v -0.0644984841 -0.0955898 0.0530000031
v -0.06443147 -0.09661764 0.016
v -0.0644984841 -0.0955898 0.0345000029
v -0.06435345 -0.09457003 0.0530000031
v -0.0644984841 -0.0955898 0.016
v -0.06435345 -0.09457003 0.0345000029
v -0.06401188 -0.0936210155 0.0530000031
v -0.06435345 -0.09457003 0.016
v -0.06401188 -0.0936210155 0.0345000029
v -0.0635110959 -0.09279219 0.0530000031
v -0.06401188 -0.0936210155 0.016
v -0.0635110959 -0.09279219 0.0345000029
v -0.06290046 -0.0921125859 0.0530000031
v -0.0635110959 -0.09279219 0.016
v -0.06290046 -0.0921125859 0.016
v -0.0221202187 -0.136123642 0.0530000031
v -0.0228443146 -0.136680782 0.0345000029
v -0.0221202187 -0.136123642 0.016
v -0.0228443146 -0.136680782 0.0530000031
v -0.0228443146 -0.136680782 0.016
v -0.0237088427 -0.137117043 0.0530000031
v -0.0237088427 -0.137117043 0.0345000029
v -0.0237088427 -0.137117043 0.016
v -0.0246811062 -0.137385413 0.0530000031
v -0.0246811062 -0.137385413 0.0345000029
v -0.0246811062 -0.137385413 0.016
v -0.0257089473 -0.137452424 0.0530000031
v -0.0257089473 -0.137452424 0.0345000029
v -0.0257089473 -0.137452424 0.016
v -0.026728712 -0.1373074 0.0530000031
v -0.026728712 -0.1373074 0.0345000029
v -0.026728712 -0.1373074 0.016
v -0.0276777335 -0.136965811 0.0530000031
v -0.0276777335 -0.136965811 0.0345000029
v -0.0276777335 -0.136965811 0.016
v -0.0285065547 -0.136465043 0.0530000031
v -0.0285065547 -0.136465043 0.0345000029
v -0.0285065547 -0.136465043 0.016
v -0.0291861556 -0.135854408 0.0530000031
v -0.0291861556 -0.135854408 0.016
v -0.0308853351 -0.134020612 0.0345000029
v -0.0291861556 -0.135854408 0.0530000031
v -0.0325845145 -0.132186815 0.0530000031
v -0.0325845145 -0.132186815 0.016
v -0.0291861556 -0.135854408 0.016
v -0.0289169252 -0.128788471 0.0345000029
v -0.0325845145 -0.132186815 0.0530000031
v -0.02524934 -0.125390112 0.0530000031
v -0.02524934 -0.125390112 0.016
v -0.0325845145 -0.132186815 0.016
v -0.0348182879 -0.079384014 0.05325
v -0.0377388932 -0.0817494 0.0535000041
v -0.0377658159 -0.08245599 0.0530000031
v -0.03189768 -0.077018626 0.0530000031
v -0.0318707526 -0.0763120353 0.0535000041
v -0.04047104 -0.07916863 0.05325
v -0.04317626 -0.0758812651 0.0535000041
v -0.0432031862 -0.0765878558 0.0530000031
v -0.0377658159 -0.08245599 0.0530000031
v -0.0377388932 -0.0817494 0.0535000041
v -0.05070828 -0.0832011849 0.05325
v -0.05858013 -0.09015435 0.0535000041
v -0.0578735359 -0.09018127 0.0530000031
v -0.0432031862 -0.0765878558 0.0530000031
v -0.04317626 -0.0758812651 0.0535000041
v -0.0555081442 -0.09310188 0.05325
v -0.05314276 -0.09602249 0.0535000041
v -0.0524361655 -0.09604941 0.0530000031
v -0.0578735359 -0.09018127 0.0530000031
v -0.05858013 -0.09015435 0.0535000041
v -0.0562736765 -0.09926438 0.05325
v -0.0597444177 -0.102139525 0.0535000041
v -0.0597713441 -0.102846116 0.0530000031
v -0.0524361655 -0.09604941 0.0530000031
v -0.05314276 -0.09602249 0.0535000041
v -0.0307019576 -0.1338507 0.05325
v -0.0291861556 -0.135854408 0.0530000031
v -0.0288194 -0.135514572 0.0535000041
v -0.03187792 -0.132213742 0.0535000041
v -0.0325845145 -0.132186815 0.0530000031
v -0.0221202187 -0.136123642 0.0530000031
v -0.0224600546 -0.13575688 0.0535000041
v -0.0229780264 -0.136469543 0.05325
v -0.0228443146 -0.136680782 0.0530000031
v -0.023111742 -0.1362583 0.0535000041
v -0.0237088427 -0.137117043 0.0530000031
v -0.02379933 -0.136884 0.05325
v -0.02388981 -0.13665095 0.0535000041
v -0.0246811062 -0.137385413 0.0530000031
v -0.0247229785 -0.137138948 0.05325
v -0.02476485 -0.136892483 0.0535000041
v -0.0257089473 -0.137452424 0.0530000031
v -0.02569943 -0.1372026 0.05325
v -0.0256899074 -0.136952788 0.0535000041
v -0.026728712 -0.1373074 0.0530000031
v -0.0266682059 -0.137064829 0.05325
v -0.026607696 -0.136822268 0.0535000041
v -0.0276777335 -0.136965811 0.0530000031
v -0.0275697745 -0.136740327 0.05325
v -0.02746182 -0.136514843 0.0535000041
v -0.0285065547 -0.136465043 0.0530000031
v -0.0283571556 -0.136264592 0.05325
v -0.0282077566 -0.136064142 0.0535000041
v -0.0291861556 -0.135854408 0.0530000031
v -0.0288194 -0.135514572 0.0535000041
v -0.0112873744 -0.125745192 0.05325
v -0.00045453012 -0.115366757 0.0535000041
v -0.0224600546 -0.13575688 0.0535000041
v -0.0221202187 -0.136123642 0.0530000031
v -0.000114694238 -0.115733519 0.0530000031
v -0.000212214887 -0.109007411 0.0535000041
v 0.0005004518 -0.109525383 0.05325
v 0.000154543668 -0.108667575 0.0530000031
v 0.0002892129 -0.1096591 0.0535000041
v 0.0007116869 -0.109391674 0.0530000031
v 0.000681851059 -0.11043717 0.0535000041
v 0.00091489777 -0.11034669 0.05325
v 0.00114795566 -0.1102562 0.0530000031
v 0.000923384 -0.111312211 0.0535000041
v 0.00116985664 -0.111270338 0.05325
v 0.00141632184 -0.111228466 0.0530000031
v 0.000983689 -0.112237267 0.0535000041
v 0.00123351067 -0.112246782 0.05325
v 0.00148333237 -0.1122563 0.0530000031
v 0.000853166 -0.11315506 0.0535000041
v 0.00109573081 -0.113215566 0.05325
v 0.00133829936 -0.113276072 0.0530000031
v 0.000545743853 -0.114009179 0.0535000041
v 0.0007712394 -0.114117138 0.05325
v 0.0009967238 -0.11422509 0.0530000031
v 9.50396061E-05 -0.114755116 0.0535000041
v 0.000295493752 -0.114904515 0.05325
v 0.000495940447 -0.115053914 0.0530000031
v -0.00045453012 -0.115366757 0.0535000041
v -0.000114694238 -0.115733519 0.0530000031
v -0.0170206055 -0.09049956 0.05325
v -0.0341957547 -0.07233153 0.0535000041
v -0.000212214887 -0.109007411 0.0535000041
v 0.000154543668 -0.108667575 0.0530000031
v -0.033829 -0.0719917 0.0530000031
v -0.0405551 -0.0720892251 0.0535000041
v -0.04003713 -0.0713765547 0.05325
v -0.0408949368 -0.07172246 0.0530000031
v -0.0399034135 -0.07158779 0.0535000041
v -0.04017084 -0.0711653158 0.0530000031
v -0.0391253456 -0.0711951554 0.0535000041
v -0.0392158255 -0.07096211 0.05325
v -0.0393063128 -0.07072906 0.0530000031
v -0.0382503048 -0.07095362 0.0535000041
v -0.038292177 -0.07070716 0.05325
v -0.03833405 -0.07046069 0.0530000031
v -0.0373252481 -0.07089332 0.0535000041
v -0.0373157263 -0.0706435 0.05325
v -0.03730621 -0.07039368 0.0530000031
v -0.03640746 -0.07102384 0.0535000041
v -0.03634695 -0.0707812756 0.05325
v -0.0362864435 -0.07053871 0.0530000031
v -0.03555334 -0.07133126 0.0535000041
v -0.03544538 -0.07110578 0.05325
v -0.035337422 -0.07088029 0.0530000031
v -0.0348074 -0.07178197 0.0535000041
v -0.034658 -0.07158152 0.05325
v -0.0345086 -0.07138107 0.0530000031
v -0.0341957547 -0.07233153 0.0535000041
v -0.033829 -0.0719917 0.0530000031
v -0.05172778 -0.0821009055 0.05325
v -0.0625606254 -0.09247935 0.0535000041
v -0.0405551 -0.0720892251 0.0535000041
v -0.0408949368 -0.07172246 0.0530000031
v -0.06290046 -0.0921125859 0.0530000031
v -0.06280294 -0.0988386944 0.0535000041
v -0.0635156 -0.09832072 0.05325
v -0.0631697 -0.09917853 0.0530000031
v -0.0633043647 -0.09818701 0.0535000041
v -0.06372684 -0.09845443 0.0530000031
v -0.06369701 -0.0974089354 0.0535000041
v -0.06393005 -0.0974994153 0.05325
v -0.06416311 -0.0975899 0.0530000031
v -0.06393854 -0.0965338945 0.0535000041
v -0.06418501 -0.09657577 0.05325
v -0.06443147 -0.09661764 0.0530000031
v -0.06399885 -0.09560884 0.0535000041
v -0.0642486662 -0.09559932 0.05325
v -0.0644984841 -0.0955898 0.0530000031
v -0.06386832 -0.0946910456 0.0535000041
v -0.06411089 -0.09463054 0.05325
v -0.06435345 -0.09457003 0.0530000031
v -0.0635609 -0.0938369259 0.0535000041
v -0.0637863949 -0.09372897 0.05325
v -0.06401188 -0.0936210155 0.0530000031
v -0.0631101951 -0.09309099 0.0535000041
v -0.06331065 -0.09294159 0.05325
v -0.0635110959 -0.09279219 0.0530000031
v -0.0625606254 -0.09247935 0.0535000041
v -0.06290046 -0.0921125859 0.0530000031
v -0.02524934 -0.125390112 0.0530000031
v -0.0287470073 -0.128971845 0.05325
v -0.0252762623 -0.1260967 0.0535000041
v -0.0325845145 -0.132186815 0.0530000031
v -0.03187792 -0.132213742 0.0535000041
v -0.01981197 -0.131258249 0.0530000031
v -0.0225441158 -0.128677472 0.05325
v -0.0198388956 -0.131964847 0.0535000041
v -0.02524934 -0.125390112 0.0530000031
v -0.0252762623 -0.1260967 0.0535000041
v -0.00514161959 -0.117664836 0.0530000031
v -0.0123068783 -0.12464492 0.05325
v -0.004435027 -0.117691755 0.0535000041
v -0.01981197 -0.131258249 0.0530000031
v -0.0198388956 -0.131964847 0.0535000041
v -0.0105789881 -0.111796692 0.0530000031
v -0.00750700943 -0.114744224 0.05325
v -0.009872396 -0.111823618 0.0535000041
v -0.00514161959 -0.117664836 0.0530000031
v -0.004435027 -0.117691755 0.0535000041
v -0.00471084565 -0.106359325 0.0530000031
v -0.0072916206 -0.109091476 0.05325
v -0.004004255 -0.106386252 0.0535000041
v -0.0105789881 -0.111796692 0.0530000031
v -0.009872396 -0.111823618 0.0535000041
v 0.000495940447 -0.115053914 0.03475
v -0.000114694238 -0.115733519 0.0165
v 0.000495940447 -0.115053914 0.0165
v -0.000114694238 -0.115733519 0.0530000031
v 0.0009967238 -0.11422509 0.0165
v 0.000495940447 -0.115053914 0.0530000031
v 0.0009967238 -0.11422509 0.03475
v 0.00133829936 -0.113276072 0.0165
v 0.0009967238 -0.11422509 0.0530000031
v 0.00133829936 -0.113276072 0.03475
v 0.00148333237 -0.1122563 0.0165
v 0.00133829936 -0.113276072 0.0530000031
v 0.00148333237 -0.1122563 0.03475
v 0.00141632184 -0.111228466 0.0165
v 0.00148333237 -0.1122563 0.0530000031
v 0.00141632184 -0.111228466 0.03475
v 0.00114795566 -0.1102562 0.0165
v 0.00141632184 -0.111228466 0.0530000031
v 0.00114795566 -0.1102562 0.03475
v 0.0007116869 -0.109391674 0.0165
v 0.00114795566 -0.1102562 0.0530000031
v 0.0007116869 -0.109391674 0.03475
v 0.000154543668 -0.108667575 0.0165
v 0.0007116869 -0.109391674 0.0530000031
v 0.000154543668 -0.108667575 0.0530000031
v -0.0345086 -0.07138107 0.03475
v -0.033829 -0.0719917 0.0165
v -0.0345086 -0.07138107 0.0165
v -0.033829 -0.0719917 0.0530000031
v -0.035337422 -0.07088029 0.0165
v -0.0345086 -0.07138107 0.0530000031
v -0.035337422 -0.07088029 0.03475
v -0.0362864435 -0.07053871 0.0165
v -0.035337422 -0.07088029 0.0530000031
v -0.0362864435 -0.07053871 0.03475
v -0.03730621 -0.07039368 0.0165
v -0.0362864435 -0.07053871 0.0530000031
v -0.03730621 -0.07039368 0.03475
v -0.03833405 -0.07046069 0.0165
v -0.03730621 -0.07039368 0.0530000031
v -0.03833405 -0.07046069 0.03475
v -0.0393063128 -0.07072906 0.0165
v -0.03833405 -0.07046069 0.0530000031
v -0.0393063128 -0.07072906 0.03475
v -0.04017084 -0.0711653158 0.0165
v -0.0393063128 -0.07072906 0.0530000031
v -0.04017084 -0.0711653158 0.03475
v -0.0408949368 -0.07172246 0.0165
v -0.04017084 -0.0711653158 0.0530000031
v -0.0408949368 -0.07172246 0.0530000031
v -0.006997252 -0.115294367 0.0162500013
v -0.003755359 -0.118425272 0.016
v -0.00378227979 -0.119131871 0.0165
v -0.0105789881 -0.111796692 0.0165
v -0.009872396 -0.111823618 0.016
v -0.0425588153 -0.07360502 0.0162500013
v -0.0408949368 -0.07172246 0.0165
v -0.0405551 -0.0720892251 0.016
v -0.04385593 -0.07514775 0.016
v -0.0445625223 -0.07512082 0.0165
v -0.0408949368 -0.07172246 0.0165
v -0.04003713 -0.0713765547 0.0162500013
v -0.0405551 -0.0720892251 0.016
v -0.04017084 -0.0711653158 0.0165
v -0.0399034135 -0.07158779 0.016
v -0.0393063128 -0.07072906 0.0165
v -0.0392158255 -0.07096211 0.0162500013
v -0.0391253456 -0.0711951554 0.016
v -0.03833405 -0.07046069 0.0165
v -0.038292177 -0.07070716 0.0162500013
v -0.0382503048 -0.07095362 0.016
v -0.03730621 -0.07039368 0.0165
v -0.0373157263 -0.0706435 0.0162500013
v -0.0373252481 -0.07089332 0.016
v -0.0362864435 -0.07053871 0.0165
v -0.03634695 -0.0707812756 0.0162500013
v -0.03640746 -0.07102384 0.016
v -0.035337422 -0.07088029 0.0165
v -0.03544538 -0.07110578 0.0162500013
v -0.03555334 -0.07133126 0.016
v -0.0345086 -0.07138107 0.0165
v -0.034658 -0.07158152 0.0162500013
v -0.0348074 -0.07178197 0.016
v -0.033829 -0.0719917 0.0165
v -0.0341957547 -0.07233153 0.016
v -0.0170206055 -0.09049956 0.0162500013
v 0.000154543668 -0.108667575 0.0165
v -0.000212214887 -0.109007411 0.016
v -0.0341957547 -0.07233153 0.016
v -0.033829 -0.0719917 0.0165
v 0.000154543668 -0.108667575 0.0165
v 0.0005004518 -0.109525383 0.0162500013
v -0.000212214887 -0.109007411 0.016
v 0.0007116869 -0.109391674 0.0165
v 0.0002892129 -0.1096591 0.016
v 0.00114795566 -0.1102562 0.0165
v 0.00091489777 -0.11034669 0.0162500013
v 0.000681851059 -0.11043717 0.016
v 0.00141632184 -0.111228466 0.0165
v 0.00116985664 -0.111270338 0.0162500013
v 0.000923384 -0.111312211 0.016
v 0.00148333237 -0.1122563 0.0165
v 0.00123351067 -0.112246782 0.0162500013
v 0.000983689 -0.112237267 0.016
v 0.00133829936 -0.113276072 0.0165
v 0.00109573081 -0.113215566 0.0162500013
v 0.000853166 -0.11315506 0.016
v 0.0009967238 -0.11422509 0.0165
v 0.0007712394 -0.114117138 0.0162500013
v 0.000545743853 -0.114009179 0.016
v 0.000495940447 -0.115053914 0.0165
v 0.000295493752 -0.114904515 0.0162500013
v 9.50396061E-05 -0.114755116 0.016
v -0.000114694238 -0.115733519 0.0165
v -0.00045453012 -0.115366757 0.016
v -0.002118403 -0.11724931 0.0162500013
v -0.00045453012 -0.115366757 0.016
v -0.000114694238 -0.115733519 0.0165
v -0.00378227979 -0.119131871 0.0165
v -0.003755359 -0.118425272 0.016
v -0.0409807935 -0.07861849 0.0162500013
v -0.0377388932 -0.0817494 0.016
v -0.0377658159 -0.08245599 0.0165
v -0.0445625223 -0.07512082 0.0165
v -0.04385593 -0.07514775 0.016
v -0.0348182879 -0.079384014 0.0162500013
v -0.0377388932 -0.0817494 0.016
v -0.0318707526 -0.0763120353 0.016
v -0.03189768 -0.077018626 0.0165
v -0.0377658159 -0.08245599 0.0165
v -0.0181208812 -0.09151906 0.0162500013
v -0.0318707526 -0.0763120353 0.016
v -0.004004255 -0.106386252 0.016
v -0.00471084565 -0.106359325 0.0165
v -0.03189768 -0.077018626 0.0165
v -0.0072916206 -0.109091476 0.0162500013
v -0.004004255 -0.106386252 0.016
v -0.009872396 -0.111823618 0.016
v -0.0105789881 -0.111796692 0.0165
v -0.00471084565 -0.106359325 0.0165
v -0.03581863 -0.07473855 0.016
v -0.0359756835 -0.07442732 0.016
v -0.0357220136 -0.07508857 0.016
v -0.0356978923 -0.0754585862 0.016
v -0.0357501 -0.0758257061 0.016
v -0.0358730666 -0.07616735 0.016
v -0.03605335 -0.0764657259 0.016
v -0.036273174 -0.07671039 0.016
v -0.0361762568 -0.07416665 0.016
v -0.03653385 -0.07691096 0.016
v -0.0377388932 -0.0817494 0.016
v -0.03684508 -0.0770680159 0.016
v -0.0364209153 -0.07394682 0.016
v -0.0371950977 -0.07716462 0.016
v -0.0391253456 -0.0711951554 0.016
v -0.03756512 -0.0771887451 0.016
v -0.036719285 -0.07376654 0.016
v -0.0370609351 -0.0736435652 0.016
v -0.0374280475 -0.07359136 0.016
v -0.0379322357 -0.07713654 0.016
v -0.0399034135 -0.07158779 0.016
v -0.0382738858 -0.07701357 0.016
v -0.03857226 -0.0768332854 0.016
v -0.0388169177 -0.076613456 0.016
v -0.0377980731 -0.07361548 0.016
v -0.0381480865 -0.0737120956 0.016
v -0.03845932 -0.07386915 0.016
v -0.0405551 -0.0720892251 0.016
v -0.04385593 -0.07514775 0.016
v -0.0387199931 -0.07406972 0.016
v -0.03901749 -0.07635278 0.016
v -0.03917454 -0.07604156 0.016
v -0.0392711572 -0.0756915361 0.016
v -0.0389398225 -0.07431438 0.016
v -0.03929528 -0.07532151 0.016
v -0.0391201 -0.07461275 0.016
v -0.03924307 -0.0749544054 0.016
v -0.0597444177 -0.102139525 0.0535000041
v -0.06128714 -0.1008424 0.05325
v -0.0597713441 -0.102846116 0.0530000031
v -0.06280294 -0.0988386944 0.0535000041
v -0.0631697 -0.09917853 0.0530000031
v -0.03189768 -0.077018626 0.0530000031
v -0.0181208812 -0.09151906 0.05325
v -0.0318707526 -0.0763120353 0.0535000041
v -0.00471084565 -0.106359325 0.0530000031
v -0.004004255 -0.106386252 0.0535000041
v -0.00664216466 -0.101332396 0.0301311985
v -0.003923483 -0.104266472 0.0324406028
v -0.00324381143 -0.104999989 0.03070855
v -0.003923483 -0.104266472 0.037059404
v -0.00324381143 -0.104999989 0.0387914553
v -0.00664216466 -0.101332396 0.0393688045
v 0.000154543668 -0.108667575 0.0165
v 0.000154543668 -0.108667575 0.0530000031
v -0.00324381143 -0.104999989 0.0214709453
v -0.005962493 -0.102065921 0.0283991471
v -0.00732183643 -0.100598879 0.0283991471
v -0.005962493 -0.102065921 0.0237803459
v -0.01004052 -0.09766481 0.03070855
v -0.00732183643 -0.100598879 0.0237803459
v -0.00936085 -0.09839833 0.0324406028
v -0.00664216466 -0.101332396 0.0220482945
v -0.01004052 -0.09766481 0.0214709453
v -0.003923483 -0.104266472 0.019738894
v -0.003923483 -0.104266472 0.0180000011
v -0.00936085 -0.09839833 0.019738894
v -0.00936085 -0.09839833 0.0180000011
v -0.0107201915 -0.09693129 0.0324406028
v -0.00936085 -0.09839833 0.037059404
v -0.013438873 -0.0939972252 0.0301311985
v -0.0107201915 -0.09693129 0.037059404
v -0.0127592031 -0.09473074 0.0283991471
v -0.01004052 -0.09766481 0.0387914553
v -0.013438873 -0.0939972252 0.0393688045
v -0.00732183643 -0.100598879 0.0411008559
v -0.0127592031 -0.09473074 0.0411008559
v -0.005962493 -0.102065921 0.0411008559
v -0.00732183643 -0.100598879 0.0457196571
v -0.005962493 -0.102065921 0.0457196571
v -0.00664216466 -0.101332396 0.0474517122
v -0.01004052 -0.09766481 0.0480290577
v -0.00324381143 -0.104999989 0.0480290577
v -0.003923483 -0.104266472 0.04976111
v -0.003923483 -0.104266472 0.0515
v -0.00936085 -0.09839833 0.0515
v -0.00936085 -0.09839833 0.04976111
v -0.0107201915 -0.09693129 0.0515
v -0.0107201915 -0.09693129 0.04976111
v -0.0161575563 -0.09106316 0.0515
v -0.033829 -0.0719917 0.0530000031
v -0.017516898 -0.08959612 0.0515
v -0.013438873 -0.0939972252 0.0474517122
v -0.0127592031 -0.09473074 0.0457196571
v -0.017516898 -0.08959612 0.04976111
v -0.0161575563 -0.09106316 0.04976111
v -0.0229542628 -0.08372798 0.0515
v -0.0168372281 -0.09032964 0.0480290577
v -0.0202355813 -0.0866620541 0.0474517122
v -0.0141185448 -0.09326371 0.0457196571
v -0.0141185448 -0.09326371 0.0411008559
v -0.0168372281 -0.09032964 0.0387914553
v -0.01955591 -0.08739556 0.0457196571
v -0.0161575563 -0.09106316 0.037059404
v -0.0209152512 -0.08592853 0.0457196571
v -0.01955591 -0.08739556 0.0411008559
v -0.0236339346 -0.08299446 0.0480290577
v -0.0209152512 -0.08592853 0.0411008559
v -0.0229542628 -0.08372798 0.04976111
v -0.0202355813 -0.0866620541 0.0393688045
v -0.0236339346 -0.08299446 0.0387914553
v -0.017516898 -0.08959612 0.037059404
v -0.0229542628 -0.08372798 0.037059404
v -0.0168372281 -0.09032964 0.03475
v -0.0161575563 -0.09106316 0.0324406028
v -0.017516898 -0.08959612 0.0324406028
v -0.0168372281 -0.09032964 0.03070855
v -0.0202355813 -0.0866620541 0.0301311985
v -0.0141185448 -0.09326371 0.0283991471
v -0.0127592031 -0.09473074 0.0237803459
v -0.0141185448 -0.09326371 0.0237803459
v -0.01955591 -0.08739556 0.0283991471
v -0.013438873 -0.0939972252 0.0220482945
v -0.0168372281 -0.09032964 0.0214709453
v -0.0107201915 -0.09693129 0.019738894
v -0.0107201915 -0.09693129 0.0180000011
v -0.0161575563 -0.09106316 0.0180000011
v -0.0161575563 -0.09106316 0.019738894
v -0.0168372281 -0.09032964 0.0180000011
v -0.033829 -0.0719917 0.0165
v -0.017516898 -0.08959612 0.0180000011
v -0.0229542628 -0.08372798 0.0180000011
v -0.017516898 -0.08959612 0.019738894
v -0.0202355813 -0.0866620541 0.0220482945
v -0.01955591 -0.08739556 0.0237803459
v -0.0209152512 -0.08592853 0.0237803459
v -0.0236339346 -0.08299446 0.0214709453
v -0.0209152512 -0.08592853 0.0283991471
v -0.0236339346 -0.08299446 0.03070855
v -0.0229542628 -0.08372798 0.019738894
v -0.0229542628 -0.08372798 0.0324406028
v -0.0243136045 -0.0822609439 0.019738894
v -0.0243136045 -0.0822609439 0.0180000011
v -0.02703229 -0.0793268755 0.0220482945
v -0.029750973 -0.07639281 0.0180000011
v -0.029750973 -0.07639281 0.019738894
v -0.0263526179 -0.08006039 0.0237803459
v -0.0243136045 -0.0822609439 0.0324406028
v -0.0243136045 -0.0822609439 0.037059404
v -0.02703229 -0.0793268755 0.0301311985
v -0.02703229 -0.0793268755 0.0393688045
v -0.0263526179 -0.08006039 0.0283991471
v -0.0263526179 -0.08006039 0.0411008559
v -0.030430641 -0.07565929 0.0214709453
v -0.0277119577 -0.07859336 0.0237803459
v -0.0277119577 -0.07859336 0.0283991471
v -0.030430641 -0.07565929 0.03070855
v -0.029750973 -0.07639281 0.0324406028
v -0.029750973 -0.07639281 0.037059404
v -0.030430641 -0.07565929 0.0387914553
v -0.0277119577 -0.07859336 0.0411008559
v -0.0277119577 -0.07859336 0.0457196571
v -0.0263526179 -0.08006039 0.0457196571
v -0.030430641 -0.07565929 0.0480290577
v -0.02703229 -0.0793268755 0.0474517122
v -0.029750973 -0.07639281 0.04976111
v -0.0243136045 -0.0822609439 0.04976111
v -0.029750973 -0.07639281 0.0515
v -0.0243136045 -0.0822609439 0.0515
f 1 2 3
f 2 4 3
f 3 4 5
f 2 6 4
f 4 7 5
f 6 8 4
f 4 8 7
f 6 9 8
f 8 10 7
f 9 11 8
f 8 11 10
f 9 12 11
f 11 13 10
f 12 14 11
f 11 14 13
f 12 15 14
f 14 16 13
f 15 17 14
f 14 17 16
f 15 18 17
f 17 19 16
f 18 20 17
f 17 20 19
f 18 21 20
f 21 22 20
f 20 23 19
f 20 22 23
f 21 24 22
f 22 25 23
f 24 26 22
f 22 27 25
f 26 28 22
f 22 28 27
f 26 29 28
f 29 30 28
f 28 31 27
f 28 30 31
f 29 32 30
f 30 33 31
f 32 34 30
f 30 35 33
f 34 36 30
f 30 36 35
f 34 37 36
f 37 38 36
f 36 39 35
f 36 38 39
f 37 40 38
f 38 41 39
f 40 42 38
f 38 43 41
f 42 44 38
f 44 43 38
f 44 45 43
f 46 47 48
f 47 49 48
f 48 49 50
f 47 51 49
f 49 52 50
f 51 53 49
f 49 53 52
f 51 54 53
f 53 55 52
f 54 56 53
f 53 56 55
f 54 57 56
f 56 58 55
f 57 59 56
f 56 59 58
f 57 60 59
f 59 61 58
f 60 62 59
f 59 62 61
f 60 63 62
f 62 64 61
f 63 65 62
f 62 65 64
f 63 66 65
f 66 67 65
f 65 68 64
f 65 67 68
f 66 69 67
f 67 70 68
f 69 71 67
f 67 72 70
f 71 73 67
f 67 73 72
f 71 74 73
f 74 75 73
f 73 76 72
f 73 75 76
f 74 77 75
f 75 78 76
f 77 79 75
f 75 80 78
f 79 81 75
f 75 81 80
f 79 82 81
f 82 83 81
f 81 84 80
f 81 83 84
f 82 85 83
f 83 86 84
f 85 87 83
f 83 88 86
f 87 89 83
f 89 88 83
f 89 90 88
f 91 92 93
f 91 93 94
f 95 91 94
f 94 93 96
f 97 95 94
f 94 96 98
f 99 97 94
f 100 94 98
f 99 94 100
f 100 98 101
f 102 100 101
f 103 99 100
f 103 100 102
f 102 101 104
f 105 103 102
f 102 104 106
f 107 105 102
f 108 102 106
f 107 102 108
f 108 106 109
f 110 108 109
f 111 107 108
f 111 108 110
f 110 109 112
f 113 111 110
f 110 112 114
f 115 113 110
f 116 110 114
f 115 110 116
f 116 114 117
f 118 115 116
f 119 116 117
f 118 116 119
f 119 117 120
f 121 118 119
f 122 119 120
f 121 119 122
f 122 120 123
f 124 121 122
f 125 122 123
f 124 122 125
f 125 123 126
f 127 124 125
f 128 125 126
f 127 125 128
f 128 126 129
f 130 127 128
f 131 128 129
f 130 128 131
f 131 129 132
f 133 130 131
f 134 131 132
f 133 131 134
f 135 133 134
f 134 136 135
f 136 137 135
f 136 138 137
f 135 137 139
f 137 140 139
f 138 141 137
f 137 142 140
f 141 143 137
f 137 143 142
f 141 144 143
f 144 145 143
f 143 146 142
f 143 145 146
f 144 147 145
f 145 148 146
f 147 149 145
f 145 150 148
f 149 151 145
f 145 151 150
f 149 152 151
f 152 153 151
f 151 154 150
f 151 153 154
f 152 155 153
f 153 156 154
f 155 157 153
f 153 158 156
f 157 159 153
f 153 159 158
f 157 160 159
f 159 161 158
f 160 162 159
f 159 162 161
f 160 163 162
f 162 164 161
f 163 165 162
f 162 165 164
f 163 166 165
f 165 167 164
f 166 168 165
f 165 168 167
f 166 169 168
f 168 170 167
f 169 171 168
f 168 171 170
f 169 172 171
f 171 173 170
f 172 174 171
f 171 174 173
f 172 175 174
f 174 176 173
f 175 177 174
f 177 176 174
f 177 178 176
f 179 180 181
f 180 182 181
f 181 182 183
f 180 184 182
f 182 185 183
f 184 186 182
f 182 186 185
f 184 187 186
f 186 188 185
f 187 189 186
f 186 189 188
f 187 190 189
f 189 191 188
f 190 192 189
f 189 192 191
f 190 193 192
f 192 194 191
f 193 195 192
f 192 195 194
f 193 196 195
f 195 197 194
f 196 198 195
f 195 198 197
f 196 199 198
f 199 200 198
f 198 201 197
f 198 200 201
f 199 202 200
f 200 203 201
f 202 204 200
f 200 205 203
f 204 206 200
f 200 206 205
f 204 207 206
f 207 208 206
f 206 209 205
f 206 208 209
f 207 210 208
f 208 211 209
f 210 212 208
f 208 213 211
f 212 214 208
f 208 214 213
f 212 215 214
f 215 216 214
f 214 217 213
f 214 216 217
f 215 218 216
f 216 219 217
f 218 220 216
f 216 221 219
f 220 222 216
f 222 221 216
f 222 223 221
f 224 225 226
f 225 227 226
f 226 227 228
f 225 229 227
f 227 230 228
f 229 231 227
f 227 231 230
f 229 232 231
f 231 233 230
f 232 234 231
f 231 234 233
f 232 235 234
f 234 236 233
f 235 237 234
f 234 237 236
f 235 238 237
f 237 239 236
f 238 240 237
f 237 240 239
f 238 241 240
f 240 242 239
f 241 243 240
f 240 243 242
f 241 244 243
f 244 245 243
f 243 246 242
f 243 245 246
f 244 247 245
f 245 248 246
f 247 249 245
f 245 250 248
f 249 251 245
f 245 251 250
f 249 252 251
f 252 253 251
f 251 254 250
f 251 253 254
f 252 255 253
f 253 256 254
f 255 257 253
f 253 258 256
f 257 259 253
f 253 259 258
f 257 260 259
f 260 261 259
f 259 262 258
f 259 261 262
f 260 263 261
f 261 264 262
f 263 265 261
f 261 266 264
f 265 267 261
f 267 266 261
f 267 268 266
f 269 270 271
f 269 271 272
f 273 269 272
f 272 271 274
f 275 273 272
f 272 274 276
f 277 275 272
f 278 272 276
f 277 272 278
f 278 276 279
f 280 278 279
f 281 277 278
f 281 278 280
f 280 279 282
f 283 281 280
f 280 282 284
f 285 283 280
f 286 280 284
f 285 280 286
f 286 284 287
f 288 286 287
f 289 285 286
f 289 286 288
f 288 287 290
f 291 289 288
f 288 290 292
f 293 291 288
f 294 288 292
f 293 288 294
f 294 292 295
f 296 293 294
f 297 294 295
f 296 294 297
f 297 295 298
f 299 296 297
f 300 297 298
f 299 297 300
f 300 298 301
f 302 299 300
f 303 300 301
f 302 300 303
f 303 301 304
f 305 302 303
f 306 303 304
f 305 303 306
f 306 304 307
f 308 305 306
f 309 306 307
f 308 306 309
f 309 307 310
f 311 308 309
f 312 309 310
f 311 309 312
f 313 311 312
f 312 314 313
f 314 315 313
f 314 316 315
f 313 315 317
f 315 318 317
f 316 319 315
f 315 320 318
f 319 321 315
f 315 321 320
f 319 322 321
f 322 323 321
f 321 324 320
f 321 323 324
f 322 325 323
f 323 326 324
f 325 327 323
f 323 328 326
f 327 329 323
f 323 329 328
f 327 330 329
f 330 331 329
f 329 332 328
f 329 331 332
f 330 333 331
f 331 334 332
f 333 335 331
f 331 336 334
f 335 337 331
f 331 337 336
f 335 338 337
f 337 339 336
f 338 340 337
f 337 340 339
f 338 341 340
f 340 342 339
f 341 343 340
f 340 343 342
f 341 344 343
f 343 345 342
f 344 346 343
f 343 346 345
f 344 347 346
f 346 348 345
f 347 349 346
f 346 349 348
f 347 350 349
f 349 351 348
f 350 352 349
f 349 352 351
f 350 353 352
f 352 354 351
f 353 355 352
f 355 354 352
f 355 356 354
f 357 358 359
f 360 357 359
f 360 359 361
f 362 360 361
f 357 360 363
f 360 364 363
f 362 365 360
f 364 366 363
f 363 366 367
f 364 368 366
f 368 364 369
f 364 370 369
f 365 371 360
f 372 360 371
f 360 372 373
f 360 373 374
f 365 375 371
f 376 360 374
f 365 377 375
f 360 376 378
f 377 379 375
f 377 380 379
f 380 377 381
f 360 378 382
f 377 383 381
f 384 360 382
f 360 384 385
f 360 385 386
f 387 360 386
f 387 386 388
f 383 389 381
f 383 390 389
f 390 383 391
f 383 392 391
f 393 387 388
f 392 394 391
f 387 393 395
f 392 396 394
f 387 395 397
f 396 392 398
f 399 387 397
f 387 399 400
f 387 400 401
f 392 402 398
f 392 403 402
f 403 392 404
f 405 387 401
f 392 405 404
f 406 405 401
f 405 407 404
f 405 406 407
f 408 409 410
f 408 410 411
f 412 408 411
f 411 410 413
f 414 412 411
f 415 411 413
f 414 411 415
f 415 413 416
f 417 414 415
f 418 415 416
f 417 415 418
f 418 416 419
f 420 417 418
f 421 418 419
f 420 418 421
f 421 419 422
f 423 420 421
f 424 421 422
f 423 421 424
f 424 422 425
f 426 423 424
f 427 424 425
f 426 424 427
f 427 425 428
f 429 427 428
f 430 426 427
f 430 427 429
f 429 428 431
f 432 430 429
f 433 429 431
f 434 432 429
f 435 429 433
f 434 429 435
f 436 435 433
f 437 434 435
f 438 435 436
f 438 437 435
f 439 438 436
f 438 439 437
f 439 436 440
f 439 441 437
f 442 439 440
f 439 442 441
f 442 440 443
f 442 444 441
f 445 442 443
f 442 445 444
f 445 443 446
f 445 447 444
f 448 445 446
f 445 448 447
f 448 446 449
f 448 450 447
f 451 448 449
f 448 451 450
f 451 449 452
f 451 453 450
f 454 451 452
f 451 454 453
f 454 452 455
f 453 454 456
f 454 455 456
f 455 457 456
f 457 458 456
f 456 458 459
f 457 460 458
f 458 461 459
f 460 462 458
f 458 462 461
f 460 463 462
f 462 464 461
f 463 465 462
f 462 465 464
f 463 466 465
f 465 467 464
f 466 468 465
f 465 468 467
f 466 469 468
f 468 470 467
f 469 471 468
f 468 471 470
f 469 472 471
f 471 473 470
f 472 474 471
f 471 474 473
f 472 475 474
f 475 476 474
f 474 477 473
f 474 476 477
f 475 478 476
f 476 479 477
f 478 480 476
f 476 481 479
f 480 482 476
f 476 482 481
f 480 483 482
f 482 484 481
f 483 485 482
f 482 485 484
f 483 486 485
f 486 484 485
f 487 486 483
f 486 488 484
f 489 486 487
f 486 489 488
f 490 489 487
f 489 491 488
f 492 489 490
f 489 492 491
f 493 492 490
f 492 494 491
f 495 492 493
f 492 495 494
f 496 495 493
f 495 497 494
f 498 495 496
f 495 498 497
f 499 498 496
f 498 500 497
f 501 498 499
f 498 501 500
f 502 501 499
f 501 503 500
f 501 502 503
f 504 505 506
f 505 507 506
f 505 508 507
f 506 507 509
f 507 510 509
f 508 511 507
f 507 512 510
f 511 513 507
f 507 513 512
f 511 514 513
f 514 515 513
f 513 516 512
f 513 515 516
f 514 517 515
f 515 518 516
f 517 519 515
f 515 520 518
f 519 521 515
f 515 521 520
f 519 522 521
f 522 523 521
f 521 524 520
f 521 523 524
f 522 525 523
f 523 526 524
f 525 527 523
f 523 528 526
f 527 529 523
f 523 529 528
f 527 530 529
f 529 531 528
f 530 532 529
f 529 532 531
f 530 533 532
f 532 534 531
f 533 535 532
f 532 535 534
f 533 536 535
f 535 537 534
f 536 538 535
f 535 538 537
f 536 539 538
f 538 540 537
f 539 541 538
f 538 541 540
f 539 542 541
f 541 543 540
f 542 544 541
f 541 544 543
f 542 545 544
f 544 546 543
f 545 547 544
f 547 546 544
f 547 548 546
f 549 550 551
f 549 551 552
f 553 549 552
f 552 551 554
f 555 553 552
f 556 552 554
f 555 552 556
f 556 554 557
f 558 555 556
f 559 556 557
f 558 556 559
f 559 557 560
f 561 558 559
f 562 559 560
f 561 559 562
f 562 560 563
f 564 561 562
f 565 562 563
f 564 562 565
f 565 563 566
f 567 564 565
f 568 565 566
f 567 565 568
f 568 566 569
f 570 568 569
f 571 567 568
f 571 568 570
f 570 569 572
f 573 571 570
f 574 570 572
f 575 573 570
f 576 570 574
f 575 570 576
f 577 576 574
f 578 575 576
f 579 576 577
f 579 578 576
f 580 579 577
f 579 580 578
f 580 577 581
f 580 582 578
f 583 580 581
f 580 583 582
f 583 581 584
f 583 585 582
f 586 583 584
f 583 586 585
f 586 584 587
f 586 588 585
f 589 586 587
f 586 589 588
f 589 587 590
f 589 591 588
f 592 589 590
f 589 592 591
f 592 590 593
f 592 594 591
f 595 592 593
f 592 595 594
f 595 593 596
f 594 595 597
f 595 596 597
f 596 598 597
f 598 599 597
f 597 599 600
f 598 601 599
f 599 602 600
f 601 603 599
f 599 603 602
f 601 604 603
f 603 605 602
f 604 606 603
f 603 606 605
f 604 607 606
f 606 608 605
f 607 609 606
f 606 609 608
f 607 610 609
f 609 611 608
f 610 612 609
f 609 612 611
f 610 613 612
f 612 614 611
f 613 615 612
f 612 615 614
f 613 616 615
f 616 617 615
f 615 618 614
f 615 617 618
f 616 619 617
f 617 620 618
f 619 621 617
f 617 622 620
f 621 623 617
f 617 623 622
f 621 624 623
f 623 625 622
f 624 626 623
f 623 626 625
f 624 627 626
f 627 625 626
f 628 627 624
f 627 629 625
f 630 627 628
f 627 630 629
f 631 630 628
f 630 632 629
f 633 630 631
f 630 633 632
f 634 633 631
f 633 635 632
f 636 633 634
f 633 636 635
f 637 636 634
f 636 638 635
f 639 636 637
f 636 639 638
f 640 639 637
f 639 641 638
f 642 639 640
f 639 642 641
f 643 642 640
f 642 644 641
f 642 643 644
f 645 646 647
f 646 648 647
f 647 648 649
f 646 650 648
f 650 651 648
f 650 646 652
f 650 653 651
f 646 654 652
f 653 655 651
f 653 654 655
f 655 656 651
f 654 657 655
f 656 658 651
f 659 654 646
f 654 659 657
f 660 659 646
f 659 661 657
f 659 660 661
f 657 661 662
f 660 663 661
f 661 664 662
f 660 665 663
f 662 664 666
f 664 665 666
f 662 666 667
f 665 668 666
f 665 660 668
f 669 662 667
f 670 668 660
f 671 670 660
f 670 672 668
f 670 673 672
f 669 667 674
f 667 675 674
f 667 672 675
f 669 674 676
f 672 677 675
f 678 669 676
f 672 679 677
f 673 679 672
f 679 680 677
f 680 681 677
f 673 682 679
f 680 683 681
f 680 684 683
f 683 685 681
f 678 676 686
f 686 676 685
f 683 687 685
f 686 685 687
f 684 688 683
f 684 682 689
f 682 673 689
f 684 689 690
f 688 684 690
f 691 689 673
f 688 690 692
f 693 691 673
f 694 688 692
f 693 673 695
f 692 693 695
f 673 696 695
f 694 692 697
f 697 692 695
f 696 698 695
f 699 694 697
f 699 697 700
f 696 701 698
f 702 699 700
f 700 701 702
f 701 703 702
f 701 696 703
f 699 702 704
f 696 705 703
f 696 647 705
f 647 649 705
f 706 699 704
f 649 707 705
f 707 704 705
f 708 707 649
f 707 709 704
f 709 706 704
f 708 649 658
f 710 708 658
f 656 710 658
f 709 711 706
f 711 687 706
f 711 686 687
f 710 656 712
f 712 686 711
f 656 678 712
f 678 686 712
f 713 714 715
f 714 716 715
f 714 717 716
f 715 716 718
f 716 719 718
f 720 715 718
f 719 721 718
f 715 720 722
f 719 723 721
f 723 722 721
f 719 724 723
f 715 722 725
f 726 715 725
f 723 727 722
f 725 722 727
f 724 728 723
f 729 725 727
f 726 725 729
f 729 727 730
f 726 729 731
f 732 729 730
f 733 726 731
f 732 730 734
f 733 732 734
f 730 735 734
f 733 734 736
f 726 733 736
f 735 737 734
f 726 736 738
f 739 726 738
f 736 740 738
f 740 741 738
f 737 735 742
f 737 742 743
f 740 737 743
f 735 744 742
f 745 740 743
f 744 735 746
f 740 745 747
f 740 747 741
f 745 748 747
f 747 749 741
f 745 750 748
f 744 746 751
f 752 744 751
f 748 750 753
f 750 752 753
f 748 753 754
f 752 755 753
f 752 751 755
f 756 748 754
f 749 756 757
f 749 757 741
f 756 758 757
f 756 754 758
f 741 757 759
f 754 760 758
f 741 759 761
f 754 762 760
f 763 741 761
f 762 764 760
f 760 764 761
f 762 765 764
f 764 766 761
f 766 763 761
f 766 767 763
f 765 768 764
f 767 769 763
f 765 770 768
f 770 769 768
f 770 765 771
f 770 772 769
f 772 763 769
f 772 773 763
f 773 714 763
f 773 717 714
f 774 770 771
f 717 773 775
f 773 774 775
f 717 775 776
f 774 777 775
f 774 771 777
f 724 717 776
f 778 724 776
f 724 778 728
f 771 779 777
f 771 755 779
f 751 779 755
f 778 780 728
f 751 780 779
f 780 746 728
f 780 751 746
f 781 782 783
f 782 784 783
f 782 785 784
f 783 784 786
f 784 787 786
f 785 788 784
f 784 789 787
f 788 790 784
f 784 790 789
f 788 791 790
f 791 792 790
f 790 793 789
f 790 792 793
f 791 794 792
f 792 795 793
f 794 796 792
f 792 797 795
f 796 798 792
f 792 798 797
f 796 799 798
f 799 800 798
f 798 801 797
f 798 800 801
f 799 802 800
f 800 803 801
f 802 804 800
f 800 805 803
f 804 806 800
f 800 806 805
f 804 807 806
f 806 808 805
f 807 809 806
f 806 809 808
f 807 810 809
f 809 811 808
f 810 812 809
f 809 812 811
f 810 813 812
f 812 814 811
f 813 815 812
f 812 815 814
f 813 816 815
f 815 817 814
f 816 818 815
f 815 818 817
f 816 819 818
f 818 820 817
f 819 821 818
f 818 821 820
f 819 822 821
f 821 823 820
f 822 824 821
f 824 823 821
f 824 825 823
f 826 827 828
f 826 828 829
f 830 826 829
f 829 828 831
f 832 830 829
f 833 829 831
f 832 829 833
f 833 831 834
f 835 832 833
f 836 833 834
f 835 833 836
f 836 834 837
f 838 835 836
f 839 836 837
f 838 836 839
f 839 837 840
f 841 838 839
f 842 839 840
f 841 839 842
f 842 840 843
f 844 841 842
f 845 842 843
f 844 842 845
f 845 843 846
f 847 845 846
f 848 844 845
f 848 845 847
f 847 846 849
f 850 848 847
f 851 847 849
f 852 850 847
f 853 847 851
f 852 847 853
f 854 853 851
f 855 852 853
f 856 853 854
f 856 855 853
f 857 856 854
f 856 857 855
f 857 854 858
f 857 859 855
f 860 857 858
f 857 860 859
f 860 858 861
f 860 862 859
f 863 860 861
f 860 863 862
f 863 861 864
f 863 865 862
f 866 863 864
f 863 866 865
f 866 864 867
f 866 868 865
f 869 866 867
f 866 869 868
f 869 867 870
f 869 871 868
f 872 869 870
f 869 872 871
f 872 870 873
f 871 872 874
f 872 873 874
f 873 875 874
f 875 876 874
f 874 876 877
f 875 878 876
f 876 879 877
f 878 880 876
f 876 880 879
f 878 881 880
f 880 882 879
f 881 883 880
f 880 883 882
f 881 884 883
f 883 885 882
f 884 886 883
f 883 886 885
f 884 887 886
f 886 888 885
f 887 889 886
f 886 889 888
f 887 890 889
f 889 891 888
f 890 892 889
f 889 892 891
f 890 893 892
f 893 894 892
f 892 895 891
f 892 894 895
f 893 896 894
f 894 897 895
f 896 898 894
f 894 899 897
f 898 900 894
f 894 900 899
f 898 901 900
f 900 902 899
f 901 903 900
f 900 903 902
f 901 904 903
f 904 902 903
f 905 904 901
f 904 906 902
f 907 904 905
f 904 907 906
f 908 907 905
f 907 909 906
f 910 907 908
f 907 910 909
f 911 910 908
f 910 912 909
f 913 910 911
f 910 913 912
f 914 913 911
f 913 915 912
f 916 913 914
f 913 916 915
f 917 916 914
f 916 918 915
f 919 916 917
f 916 919 918
f 920 919 917
f 919 921 918
f 919 920 921
f 922 923 924
f 922 924 925
f 926 922 925
f 925 924 927
f 928 926 925
f 929 925 927
f 928 925 929
f 929 927 930
f 931 928 929
f 932 929 930
f 931 929 932
f 932 930 933
f 934 931 932
f 935 932 933
f 934 932 935
f 935 933 936
f 937 934 935
f 938 935 936
f 937 935 938
f 938 936 939
f 940 937 938
f 941 938 939
f 940 938 941
f 941 939 942
f 943 941 942
f 944 940 941
f 944 941 943
f 943 942 945
f 946 944 943
f 947 943 945
f 948 946 943
f 949 943 947
f 948 943 949
f 950 949 947
f 951 948 949
f 952 949 950
f 952 951 949
f 953 952 950
f 952 953 951
f 953 950 954
f 953 955 951
f 956 953 954
f 953 956 955
f 956 954 957
f 956 958 955
f 959 956 957
f 956 959 958
f 959 957 960
f 959 961 958
f 962 959 960
f 959 962 961
f 962 960 963
f 962 964 961
f 965 962 963
f 962 965 964
f 965 963 966
f 965 967 964
f 968 965 966
f 965 968 967
f 968 966 969
f 967 968 970
f 968 969 970
f 969 971 970
f 971 972 970
f 970 972 973
f 971 974 972
f 972 975 973
f 974 976 972
f 972 976 975
f 974 977 976
f 976 978 975
f 977 979 976
f 976 979 978
f 977 980 979
f 979 981 978
f 980 982 979
f 979 982 981
f 980 983 982
f 982 984 981
f 983 985 982
f 982 985 984
f 983 986 985
f 985 987 984
f 986 988 985
f 985 988 987
f 986 989 988
f 989 990 988
f 988 991 987
f 988 990 991
f 989 992 990
f 990 993 991
f 992 994 990
f 990 995 993
f 994 996 990
f 990 996 995
f 994 997 996
f 996 998 995
f 997 999 996
f 996 999 998
f 997 1000 999
f 1000 998 999
f 1001 1000 997
f 1000 1002 998
f 1003 1000 1001
f 1000 1003 1002
f 1004 1003 1001
f 1003 1005 1002
f 1006 1003 1004
f 1003 1006 1005
f 1007 1006 1004
f 1006 1008 1005
f 1009 1006 1007
f 1006 1009 1008
f 1010 1009 1007
f 1009 1011 1008
f 1012 1009 1010
f 1009 1012 1011
f 1013 1012 1010
f 1012 1014 1011
f 1015 1012 1013
f 1012 1015 1014
f 1016 1015 1013
f 1015 1017 1014
f 1015 1016 1017
f 1018 1019 1020
f 1019 1021 1020
f 1019 1022 1021
f 1020 1021 1023
f 1021 1024 1023
f 1022 1025 1021
f 1021 1026 1024
f 1025 1027 1021
f 1021 1027 1026
f 1025 1028 1027
f 1028 1029 1027
f 1027 1030 1026
f 1027 1029 1030
f 1028 1031 1029
f 1029 1032 1030
f 1031 1033 1029
f 1029 1034 1032
f 1033 1035 1029
f 1029 1035 1034
f 1033 1036 1035
f 1036 1037 1035
f 1035 1038 1034
f 1035 1037 1038
f 1036 1039 1037
f 1037 1040 1038
f 1039 1041 1037
f 1037 1042 1040
f 1041 1043 1037
f 1037 1043 1042
f 1041 1044 1043
f 1043 1045 1042
f 1044 1046 1043
f 1043 1046 1045
f 1044 1047 1046
f 1046 1048 1045
f 1047 1049 1046
f 1046 1049 1048
f 1047 1050 1049
f 1049 1051 1048
f 1050 1052 1049
f 1049 1052 1051
f 1050 1053 1052
f 1052 1054 1051
f 1053 1055 1052
f 1052 1055 1054
f 1053 1056 1055
f 1055 1057 1054
f 1056 1058 1055
f 1055 1058 1057
f 1056 1059 1058
f 1058 1060 1057
f 1059 1061 1058
f 1061 1060 1058
f 1061 1062 1060
f 1063 1064 1065
f 1064 1066 1065
f 1064 1067 1066
f 1065 1066 1068
f 1066 1069 1068
f 1067 1070 1066
f 1066 1071 1069
f 1070 1072 1066
f 1066 1072 1071
f 1070 1073 1072
f 1073 1074 1072
f 1072 1075 1071
f 1072 1074 1075
f 1073 1076 1074
f 1074 1077 1075
f 1076 1078 1074
f 1074 1079 1077
f 1078 1080 1074
f 1074 1080 1079
f 1078 1081 1080
f 1081 1082 1080
f 1080 1083 1079
f 1080 1082 1083
f 1081 1084 1082
f 1082 1085 1083
f 1084 1086 1082
f 1082 1087 1085
f 1086 1088 1082
f 1082 1088 1087
f 1086 1089 1088
f 1088 1090 1087
f 1089 1091 1088
f 1088 1091 1090
f 1089 1092 1091
f 1091 1093 1090
f 1092 1094 1091
f 1091 1094 1093
f 1092 1095 1094
f 1094 1096 1093
f 1095 1097 1094
f 1094 1097 1096
f 1095 1098 1097
f 1097 1099 1096
f 1098 1100 1097
f 1097 1100 1099
f 1098 1101 1100
f 1100 1102 1099
f 1101 1103 1100
f 1100 1103 1102
f 1101 1104 1103
f 1103 1105 1102
f 1104 1106 1103
f 1106 1105 1103
f 1106 1107 1105
f 1108 1109 1110
f 1109 1111 1110
f 1110 1111 1112
f 1111 1113 1112
f 1112 1113 1114
f 1113 1115 1114
f 1111 1116 1113
f 1117 1116 1111
f 1117 1118 1116
f 1118 1117 1119
f 1120 1117 1111
f 1109 1120 1111
f 1120 1109 1121
f 1109 1122 1121
f 1123 1124 1125
f 1126 1124 1123
f 1126 1127 1124
f 1128 1126 1123
f 1127 1129 1124
f 1130 1128 1123
f 1128 1130 1129
f 1130 1123 1131
f 1129 1132 1124
f 1129 1130 1132
f 1124 1132 1133
f 1134 1130 1131
f 1132 1135 1133
f 1132 1136 1135
f 1133 1135 1137
f 1136 1138 1135
f 1133 1137 1139
f 1136 1140 1138
f 1140 1139 1138
f 1140 1133 1139
f 1133 1140 1141
f 1136 1142 1140
f 1142 1143 1140
f 1144 1134 1131
f 1145 1144 1131
f 1145 1131 1146
f 1144 1147 1134
f 1148 1145 1146
f 1148 1146 1149
f 1148 1149 1150
f 1151 1148 1150
f 1147 1152 1134
f 1153 1151 1150
f 1153 1150 1154
f 1155 1151 1153
f 1147 1156 1152
f 1156 1147 1155
f 1157 1155 1153
f 1156 1155 1157
f 1158 1153 1154
f 1156 1159 1152
f 1152 1159 1142
f 1159 1160 1142
f 1142 1160 1143
f 1156 1161 1159
f 1161 1156 1157
f 1160 1162 1143
f 1162 1163 1143
f 1162 1164 1163
f 1162 1165 1164
f 1161 1157 1166
f 1165 1167 1164
f 1168 1161 1166
f 1165 1168 1167
f 1168 1166 1167
f 1166 1169 1167
f 1169 1170 1167
f 1171 1170 1169
f 1172 1171 1169
f 1171 1173 1170
f 1173 1174 1170
f 1173 1175 1174
f 1175 1173 1176
f 1175 1176 1177
f 1172 1169 1178
f 1179 1175 1177
f 1180 1172 1178
f 1172 1180 1177
f 1180 1178 1158
f 1180 1181 1177
f 1181 1179 1177
f 1182 1180 1158
f 1179 1181 1183
f 1182 1158 1154
f 1179 1183 1184
f 1184 1182 1154
f 1185 1179 1184
f 1185 1184 1154
f 1186 1187 1188
f 1187 1189 1188
f 1187 1190 1189
f 1189 1191 1188
f 1191 1192 1188
f 1191 1193 1192
f 1191 1189 1194
f 1190 1195 1189
f 1190 1196 1195
f 1196 1197 1195
f 1189 1195 1198
f 1189 1198 1194
f 1194 1198 1199
f 1198 1200 1199
f 1201 1202 1203
f 1201 1203 1204
f 1205 1201 1204
f 1205 1204 1206
f 1207 1205 1206
f 1207 1206 1208
f 1206 1204 1209
f 1204 1210 1209
f 1209 1210 1211
f 1210 1212 1211
f 1204 1213 1210
f 1204 1203 1213
f 1203 1214 1213
f 1203 1215 1214
f 1216 1217 1218
f 1217 1219 1218
f 1217 1220 1219
f 1220 1221 1219
f 1220 1217 1222
f 1220 1223 1221
f 1223 1224 1221
f 1220 1225 1223
f 1225 1226 1223
f 1225 1227 1226
f 1225 1220 1228
f 1220 1222 1228
f 1228 1222 1229
f 1222 1230 1229
f 1231 1232 1233
f 1234 1232 1231
f 1234 1235 1232
f 1236 1234 1231
f 1235 1237 1232
f 1238 1236 1231
f 1236 1238 1237
f 1238 1231 1239
f 1237 1240 1232
f 1237 1238 1240
f 1232 1240 1241
f 1242 1238 1239
f 1240 1243 1241
f 1240 1244 1243
f 1241 1243 1245
f 1244 1246 1243
f 1241 1245 1247
f 1244 1248 1246
f 1248 1247 1246
f 1248 1241 1247
f 1241 1248 1249
f 1244 1250 1248
f 1250 1251 1248
f 1252 1242 1239
f 1253 1252 1239
f 1253 1239 1254
f 1252 1255 1242
f 1256 1253 1254
f 1256 1254 1257
f 1256 1257 1258
f 1259 1256 1258
f 1255 1260 1242
f 1261 1259 1258
f 1261 1258 1262
f 1259 1261 1263
f 1255 1264 1260
f 1264 1255 1263
f 1261 1265 1263
f 1264 1263 1265
f 1266 1261 1262
f 1264 1267 1260
f 1250 1260 1267
f 1268 1250 1267
f 1250 1268 1251
f 1264 1269 1267
f 1269 1264 1265
f 1268 1270 1251
f 1270 1271 1251
f 1270 1272 1271
f 1270 1273 1272
f 1269 1265 1274
f 1273 1275 1272
f 1276 1269 1274
f 1273 1276 1275
f 1276 1274 1275
f 1274 1277 1275
f 1277 1278 1275
f 1279 1278 1277
f 1280 1279 1277
f 1279 1281 1278
f 1281 1282 1278
f 1281 1283 1282
f 1283 1281 1284
f 1283 1284 1285
f 1280 1277 1286
f 1287 1283 1285
f 1288 1280 1286
f 1280 1288 1285
f 1288 1286 1266
f 1288 1289 1285
f 1289 1287 1285
f 1290 1288 1266
f 1287 1289 1291
f 1290 1266 1262
f 1287 1291 1292
f 1292 1290 1262
f 1293 1287 1292
f 1293 1292 1262
f 1294 1295 1296
f 1295 1297 1296
f 1296 1297 1298
f 1297 1299 1298
f 1298 1299 1300
f 1301 1299 1297
f 1301 1302 1299
f 1302 1301 1303
f 1304 1301 1297
f 1295 1304 1297
f 1304 1295 1305
f 1295 1306 1305
f 1307 1308 1309
f 1308 1310 1309
f 1308 1311 1310
f 1310 1312 1309
f 1312 1313 1309
f 1312 1314 1313
f 1312 1310 1315
f 1311 1316 1310
f 1310 1316 1315
f 1311 1317 1316
f 1315 1316 1318
f 1316 1319 1318
f 1320 1321 1322
f 1323 1320 1322
f 1320 1323 1324
f 1320 1325 1321
f 1320 1324 1326
f 1320 1327 1325
f 1327 1328 1325
f 1327 1329 1328
f 1330 1320 1326
f 1331 1329 1327
f 1330 1326 1332
f 1333 1331 1327
f 1334 1330 1332
f 1330 1334 1335
f 1330 1335 1336
f 1337 1330 1336
f 1336 1338 1337
f 1338 1339 1337
f 1338 1340 1339
f 1340 1341 1339
f 1340 1342 1341
f 1342 1343 1341
f 1342 1344 1343
f 1344 1345 1343
f 1344 1346 1345
f 1346 1347 1345
f 1346 1348 1347
f 1348 1349 1347
f 1348 1350 1349
f 1350 1351 1349
f 1350 1352 1351
f 1352 1353 1351
f 1353 1354 1351
f 1354 1355 1351
f 1354 1356 1355
f 1356 1357 1355
f 1357 1358 1355
f 1358 1359 1355
f 1359 1360 1355
f 1360 1327 1355
f 1360 1361 1327
f 1361 1362 1327
f 1362 1363 1327
f 1363 1333 1327
f 1364 1365 1366
f 1364 1366 1367
f 1365 1364 1368
f 1368 1364 1367
f 1369 1370 1371
f 1369 1372 1370
f 1373 1369 1371
f 1371 1374 1373
f 1374 1375 1373
f 1376 1375 1374
f 1377 1376 1374
f 1376 1378 1375
f 1378 1379 1375
f 1377 1374 1380
f 1378 1381 1379
f 1381 1382 1379
f 1381 1378 1383
f 1381 1384 1382
f 1384 1385 1382
f 1384 1386 1385
f 1386 1387 1385
f 1388 1381 1383
f 1387 1389 1385
f 1390 1377 1380
f 1390 1380 1372
f 1391 1390 1372
f 1390 1392 1377
f 1391 1372 1369
f 1393 1391 1369
f 1392 1394 1377
f 1395 1393 1369
f 1395 1369 1396
f 1393 1395 1397
f 1397 1395 1398
f 1399 1395 1396
f 1397 1398 1400
f 1392 1397 1400
f 1398 1401 1400
f 1392 1400 1402
f 1394 1392 1402
f 1394 1402 1403
f 1404 1394 1403
f 1401 1405 1400
f 1406 1404 1403
f 1404 1406 1383
f 1406 1403 1407
f 1406 1408 1383
f 1408 1388 1383
f 1408 1409 1388
f 1409 1408 1410
f 1411 1406 1407
f 1409 1410 1412
f 1387 1409 1412
f 1410 1413 1412
f 1414 1387 1412
f 1387 1414 1389
f 1414 1415 1389
f 1415 1416 1389
f 1413 1417 1412
f 1415 1418 1416
f 1418 1419 1416
f 1418 1415 1420
f 1418 1421 1419
f 1421 1422 1419
f 1421 1423 1422
f 1423 1424 1422
f 1425 1418 1420
f 1424 1425 1426
f 1424 1426 1422
f 1425 1427 1426
f 1425 1420 1427
f 1420 1428 1427
f 1422 1426 1429
f 1420 1430 1428
f 1422 1429 1431
f 1431 1429 1432
f 1433 1422 1431
f 1430 1434 1428
f 1430 1417 1434
f 1417 1435 1434
f 1417 1413 1435
f 1434 1436 1428
f 1436 1432 1428
f 1436 1431 1432
f 1413 1437 1435
f 1413 1438 1437
f 1438 1439 1437
f 1438 1411 1439
f 1411 1407 1439
f 1440 1431 1436
f 1440 1441 1431
f 1442 1440 1436
f 1441 1433 1431
f 1442 1436 1443
f 1441 1444 1433
f 1445 1442 1443
f 1445 1443 1446
f 1442 1445 1447
f 1448 1445 1446
f 1449 1442 1447
f 1450 1448 1446
f 1450 1446 1437
f 1448 1450 1451
f 1452 1450 1437
f 1452 1437 1439
f 1453 1452 1439
f 1453 1439 1407
f 1454 1453 1407
f 1454 1407 1455
f 1450 1456 1451
f 1457 1454 1455
f 1457 1455 1405
f 1458 1457 1405
f 1458 1405 1401
f 1454 1457 1459
f 1460 1458 1401
f 1461 1454 1459
f 1460 1401 1462
f 1456 1461 1463
f 1461 1459 1463
f 1456 1463 1464
f 1451 1456 1464
f 1463 1459 1465
f 1451 1464 1466
f 1459 1467 1465
f 1468 1451 1466
f 1469 1460 1462
f 1469 1462 1399
f 1470 1469 1399
f 1460 1469 1471
f 1470 1399 1396
f 1472 1470 1396
f 1473 1472 1396
f 1473 1396 1474
f 1471 1473 1474
f 1471 1474 1475
f 1476 1460 1471
f 1476 1471 1475
f 1476 1475 1477
f 1467 1476 1477
f 1465 1467 1477
f 1465 1477 1478
f 1479 1465 1478
f 1480 1479 1478
f 1480 1478 1481
f 1466 1480 1481
f 1466 1481 1482
f 1468 1466 1482
f 1468 1482 1483
f 1484 1468 1483
f 1485 1484 1483
f 1485 1483 1486
f 1447 1484 1485
f 1487 1485 1486
f 1447 1485 1488
f 1449 1447 1488
f 1486 1433 1487
f 1433 1489 1487
f 1449 1488 1490
f 1433 1490 1489
f 1444 1449 1490
f 1444 1490 1433
f 1491 1492 1493
f 1491 1493 1494
f 1492 1491 1495
f 1495 1491 1494
f 1496 1497 1498
f 1496 1498 1499
f 1497 1496 1500
f 1500 1496 1499
f 1501 1502 1503
f 1501 1503 1504
f 1502 1501 1505
f 1505 1501 1504
f 1506 1507 1508
f 1506 1508 1509
f 1507 1506 1510
f 1510 1506 1509
f 1511 1512 1513
f 1511 1513 1514
f 1512 1511 1515
f 1515 1511 1514
f 1516 1517 1518
f 1519 1516 1518
f 1516 1520 1517
f 1520 1516 1519
f 1521 1522 1523
f 1521 1523 1524
f 1522 1521 1525
f 1525 1521 1524
f 1526 1527 1528
f 1526 1528 1529
f 1527 1526 1530
f 1530 1526 1529
f 1531 1532 1533
f 1531 1533 1534
f 1532 1531 1535
f 1535 1531 1534
f 1536 1537 1538
f 1536 1538 1539
f 1537 1536 1540
f 1540 1536 1539
f 1541 1542 1543
f 1541 1543 1544
f 1542 1541 1545
f 1545 1541 1544
f 1546 1547 1548
f 1549 1546 1548
f 1546 1550 1547
f 1550 1546 1549
f 1551 1552 1553
f 1551 1553 1554
f 1552 1551 1555
f 1555 1551 1554
f 1556 1557 1558
f 1556 1558 1559
f 1557 1556 1560
f 1560 1556 1559
f 1561 1562 1563
f 1561 1563 1564
f 1562 1561 1565
f 1565 1561 1564
f 1566 1567 1568
f 1566 1568 1569
f 1567 1566 1570
f 1570 1566 1569
f 1571 1572 1573
f 1571 1573 1574
f 1572 1571 1575
f 1575 1571 1574
f 1576 1577 1578
f 1579 1576 1578
f 1576 1580 1577
f 1580 1576 1579
f 1581 1582 1583
f 1581 1583 1584
f 1582 1581 1585
f 1585 1581 1584
f 1586 1587 1588
f 1586 1588 1589
f 1587 1586 1590
f 1590 1586 1589
f 1591 1592 1593
f 1591 1593 1594
f 1592 1591 1595
f 1595 1591 1594
f 1596 1597 1598
f 1596 1598 1599
f 1597 1596 1600
f 1600 1596 1599
f 1601 1602 1603
f 1604 1601 1603
f 1601 1605 1602
f 1605 1601 1604
f 1606 1607 1608
f 1606 1608 1609
f 1607 1606 1610
f 1610 1606 1609
f 1611 1612 1613
f 1611 1613 1614
f 1612 1611 1615
f 1615 1611 1614
f 1616 1617 1618
f 1619 1616 1618
f 1616 1620 1617
f 1620 1616 1619
f 1621 1622 1623
f 1621 1623 1624
f 1622 1621 1625
f 1625 1621 1624
f 1626 1627 1628
f 1626 1628 1629
f 1627 1626 1630
f 1630 1626 1629
f 1631 1632 1633
f 1631 1633 1634
f 1632 1631 1635
f 1635 1631 1634
f 1636 1637 1638
f 1636 1638 1639
f 1637 1636 1640
f 1640 1636 1639
f 1641 1642 1643
f 1644 1641 1643
f 1641 1645 1642
f 1645 1641 1644
f 1646 1647 1648
f 1646 1648 1649
f 1647 1646 1650
f 1650 1646 1649
f 1651 1652 1653
f 1651 1653 1654
f 1652 1651 1655
f 1655 1651 1654
f 1656 1657 1658
f 1656 1658 1659
f 1657 1656 1660
f 1660 1656 1659
f 1661 1662 1663
f 1661 1663 1664
f 1662 1661 1665
f 1665 1661 1664
f 1666 1667 1668
f 1669 1666 1668
f 1666 1670 1667
f 1670 1666 1669
f 1671 1672 1673
f 1671 1673 1674
f 1672 1671 1675
f 1675 1671 1674
f 1676 1677 1678
f 1676 1678 1679
f 1677 1676 1680
f 1680 1676 1679
f 1681 1682 1683
f 1681 1683 1684
f 1682 1681 1685
f 1685 1681 1684
f 1686 1687 1688
f 1686 1688 1689
f 1687 1686 1690
f 1690 1686 1689
f 1691 1692 1693
f 1691 1693 1694
f 1692 1691 1695
f 1695 1691 1694
f 1696 1697 1698
f 1699 1696 1698
f 1696 1700 1697
f 1700 1696 1699
f 1701 1702 1703
f 1701 1703 1704
f 1702 1701 1705
f 1705 1701 1704
f 1706 1707 1708
f 1706 1708 1709
f 1707 1706 1710
f 1710 1706 1709
f 1711 1712 1713
f 1711 1713 1714
f 1712 1711 1715
f 1715 1711 1714
f 1716 1717 1718
f 1716 1718 1719
f 1717 1716 1720
f 1720 1716 1719
f 1721 1722 1723
f 1724 1721 1723
f 1721 1725 1722
f 1725 1721 1724
f 1726 1727 1728
f 1726 1728 1729
f 1727 1726 1730
f 1730 1726 1729
f 1731 1732 1733
f 1731 1733 1734
f 1732 1731 1735
f 1735 1731 1734
f 1736 1737 1738
f 1736 1738 1739
f 1737 1736 1740
f 1740 1736 1739
f 1741 1742 1743
f 1741 1743 1744
f 1742 1741 1745
f 1745 1741 1744
f 1746 1747 1748
f 1746 1748 1749
f 1747 1746 1750
f 1750 1746 1749
f 1751 1752 1753
f 1754 1751 1753
f 1751 1755 1752
f 1755 1751 1754
f 1756 1757 1758
f 1756 1758 1759
f 1757 1756 1760
f 1760 1756 1759
f 1761 1762 1763
f 1761 1763 1764
f 1762 1761 1765
f 1765 1761 1764
f 1766 1767 1768
f 1766 1768 1769
f 1767 1766 1770
f 1770 1766 1769
f 1771 1772 1773
f 1771 1773 1774
f 1772 1771 1775
f 1775 1771 1774
f 1776 1777 1778
f 1776 1778 1779
f 1777 1776 1780
f 1780 1776 1779
f 1781 1782 1783
f 1784 1781 1783
f 1781 1785 1782
f 1785 1781 1784
f 1786 1787 1788
f 1786 1788 1789
f 1787 1786 1790
f 1790 1786 1789
f 1791 1792 1793
f 1791 1793 1794
f 1792 1791 1795
f 1795 1791 1794
f 1796 1797 1798
f 1796 1798 1799
f 1797 1796 1800
f 1800 1796 1799
f 1801 1802 1803
f 1801 1803 1804
f 1802 1801 1805
f 1805 1801 1804
f 1806 1807 1808
f 1806 1808 1809
f 1807 1806 1810
f 1810 1806 1809
f 1811 1812 1813
f 1814 1811 1813
f 1811 1815 1812
f 1815 1811 1814
f 1816 1817 1818
f 1816 1818 1819
f 1817 1816 1820
f 1820 1816 1819
f 1821 1822 1823
f 1821 1823 1824
f 1822 1821 1825
f 1825 1821 1824
f 1826 1827 1828
f 1826 1828 1829
f 1827 1826 1830
f 1830 1826 1829
f 1831 1832 1833
f 1831 1833 1834
f 1832 1831 1835
f 1835 1831 1834
f 1836 1837 1838
f 1836 1838 1839
f 1837 1836 1840
f 1840 1836 1839
f 1841 1842 1843
f 1844 1841 1843
f 1841 1845 1842
f 1845 1841 1844
f 1846 1847 1848
f 1849 1846 1848
f 1846 1850 1847
f 1850 1846 1849
f 1851 1852 1853
f 1851 1853 1854
f 1852 1851 1855
f 1855 1851 1854
f 1856 1857 1858
f 1859 1856 1858
f 1856 1860 1857
f 1860 1856 1859
f 1861 1862 1863
f 1861 1863 1864
f 1862 1861 1865
f 1865 1861 1864
f 1866 1867 1868
f 1866 1868 1869
f 1867 1866 1870
f 1870 1866 1869
f 1871 1872 1873
f 1871 1873 1874
f 1872 1871 1875
f 1875 1871 1874
f 1876 1877 1878
f 1876 1878 1879
f 1877 1876 1880
f 1880 1876 1879
f 1881 1882 1883
f 1884 1881 1883
f 1881 1885 1882
f 1885 1881 1884
f 1886 1887 1888
f 1886 1888 1889
f 1887 1886 1890
f 1890 1886 1889
f 1891 1892 1893
f 1891 1893 1894
f 1892 1891 1895
f 1895 1891 1894
f 1896 1897 1898
f 1899 1896 1898
f 1896 1900 1897
f 1900 1896 1899
f 1901 1902 1903
f 1901 1903 1904
f 1902 1901 1905
f 1905 1901 1904
f 1906 1907 1908
f 1906 1908 1909
f 1907 1906 1910
f 1910 1906 1909
f 1911 1912 1913
f 1911 1913 1914
f 1912 1911 1915
f 1915 1911 1914
f 1916 1917 1918
f 1916 1918 1919
f 1917 1916 1920
f 1920 1916 1919
f 1921 1922 1923
f 1924 1921 1923
f 1921 1925 1922
f 1925 1921 1924
f 1926 1927 1928
f 1926 1928 1929
f 1927 1926 1930
f 1930 1926 1929
f 1931 1932 1933
f 1931 1933 1934
f 1932 1931 1935
f 1935 1931 1934
f 1936 1937 1938
f 1936 1938 1939
f 1937 1936 1940
f 1940 1936 1939
f 1941 1942 1943
f 1941 1943 1944
f 1942 1941 1945
f 1945 1941 1944
f 1946 1947 1948
f 1949 1946 1948
f 1946 1950 1947
f 1950 1946 1949
f 1951 1952 1953
f 1951 1953 1954
f 1952 1951 1955
f 1955 1951 1954
f 1956 1957 1958
f 1956 1958 1959
f 1957 1956 1960
f 1960 1956 1959
f 1961 1962 1963
f 1961 1963 1964
f 1962 1961 1965
f 1965 1961 1964
f 1966 1967 1968
f 1966 1968 1969
f 1967 1966 1970
f 1970 1966 1969
f 1971 1972 1973
f 1974 1971 1973
f 1971 1975 1972
f 1975 1971 1974
f 1976 1977 1978
f 1979 1976 1978
f 1976 1980 1977
f 1980 1976 1979
f 1981 1982 1983
f 1981 1983 1984
f 1982 1981 1985
f 1985 1981 1984
f 1986 1987 1988
f 1989 1986 1988
f 1986 1990 1987
f 1990 1986 1989
f 1991 1992 1993
f 1991 1993 1994
f 1992 1991 1995
f 1995 1991 1994
f 1996 1997 1998
f 1996 1998 1999
f 1997 1996 2000
f 2000 1996 1999
f 2001 2002 2003
f 2001 2003 2004
f 2002 2001 2005
f 2005 2001 2004
f 2006 2007 2008
f 2006 2008 2009
f 2007 2006 2010
f 2010 2006 2009
f 2011 2012 2013
f 2011 2013 2014
f 2012 2011 2015
f 2015 2011 2014
f 2016 2017 2018
f 2019 2016 2018
f 2016 2020 2017
f 2020 2016 2019
f 2021 2022 2023
f 2021 2023 2024
f 2022 2021 2025
f 2025 2021 2024
f 2026 2027 2028
f 2026 2028 2029
f 2027 2026 2030
f 2030 2026 2029
f 2031 2032 2033
f 2031 2033 2034
f 2032 2031 2035
f 2035 2031 2034
f 2036 2037 2038
f 2036 2038 2039
f 2037 2036 2040
f 2040 2036 2039
f 2041 2042 2043
f 2041 2043 2044
f 2042 2041 2045
f 2045 2041 2044
f 2046 2047 2048
f 2049 2046 2048
f 2046 2050 2047
f 2050 2046 2049
f 2051 2052 2053
f 2051 2053 2054
f 2052 2051 2055
f 2055 2051 2054
f 2056 2057 2058
f 2056 2058 2059
f 2057 2056 2060
f 2060 2056 2059
f 2061 2062 2063
f 2061 2063 2064
f 2062 2061 2065
f 2065 2061 2064
f 2066 2067 2068
f 2066 2068 2069
f 2067 2066 2070
f 2070 2066 2069
f 2071 2072 2073
f 2071 2073 2074
f 2072 2071 2075
f 2075 2071 2074
f 2076 2077 2078
f 2076 2078 2079
f 2077 2076 2080
f 2080 2076 2079
f 2081 2082 2083
f 2084 2081 2083
f 2081 2085 2082
f 2085 2081 2084
f 2086 2087 2088
f 2086 2088 2089
f 2087 2086 2090
f 2090 2086 2089
f 2091 2092 2093
f 2091 2093 2094
f 2092 2091 2095
f 2095 2091 2094
f 2096 2097 2098
f 2099 2096 2098
f 2096 2100 2097
f 2100 2096 2099
f 2101 2102 2103
f 2101 2103 2104
f 2102 2101 2105
f 2105 2101 2104
f 2106 2107 2108
f 2106 2108 2109
f 2107 2106 2110
f 2110 2106 2109
f 2111 2112 2113
f 2111 2113 2114
f 2112 2111 2115
f 2115 2111 2114
f 2116 2117 2118
f 2119 2116 2118
f 2116 2120 2117
f 2120 2116 2119
f 2121 2122 2123
f 2121 2123 2124
f 2122 2121 2125
f 2125 2121 2124
f 2126 2127 2128
f 2129 2126 2128
f 2126 2130 2127
f 2130 2126 2129
f 2131 2132 2133
f 2131 2133 2134
f 2132 2131 2135
f 2135 2131 2134
f 2136 2137 2138
f 2136 2138 2139
f 2137 2136 2140
f 2140 2136 2139
f 2141 2142 2143
f 2141 2143 2144
f 2142 2141 2145
f 2145 2141 2144
f 2146 2147 2148
f 2146 2148 2149
f 2147 2146 2150
f 2150 2146 2149
f 2151 2152 2153
f 2151 2153 2154
f 2152 2151 2155
f 2155 2151 2154
f 2156 2157 2158
f 2156 2158 2159
f 2157 2156 2160
f 2160 2156 2159
f 2161 2162 2163
f 2164 2161 2163
f 2161 2165 2162
f 2165 2161 2164
f 2166 2167 2168
f 2166 2168 2169
f 2167 2166 2170
f 2170 2166 2169
f 2171 2172 2173
f 2171 2173 2174
f 2172 2171 2175
f 2175 2171 2174
f 2176 2177 2178
f 2179 2176 2178
f 2176 2180 2177
f 2180 2176 2179
f 2181 2182 2183
f 2181 2183 2184
f 2182 2181 2185
f 2185 2181 2184
f 2186 2187 2188
f 2189 2186 2188
f 2186 2190 2187
f 2190 2186 2189
f 2191 2192 2193
f 2191 2193 2194
f 2192 2191 2195
f 2195 2191 2194
f 2196 2197 2198
f 2199 2196 2198
f 2196 2200 2197
f 2196 2199 2201
f 2200 2196 2202
f 2196 2201 2202
f 2203 2204 2205
f 2204 2203 2206
f 2204 2207 2205
f 2204 2206 2208
f 2204 2209 2207
f 2209 2204 2208
f 2210 2211 2212
f 2210 2212 2213
f 2211 2210 2214
f 2214 2210 2213
f 2215 2216 2217
f 2215 2217 2218
f 2216 2215 2219
f 2219 2215 2218
f 2220 2221 2222
f 2223 2220 2222
f 2220 2224 2221
f 2224 2220 2223
f 2225 2226 2227
f 2225 2227 2228
f 2226 2225 2229
f 2229 2225 2228
f 2230 2231 2232
f 2230 2232 2233
f 2231 2230 2234
f 2234 2230 2233
f 2235 2236 2237
f 2235 2237 2238
f 2236 2235 2239
f 2239 2235 2238
f 2240 2241 2242
f 2240 2242 2243
f 2241 2240 2244
f 2244 2240 2243
f 2245 2246 2247
f 2248 2245 2247
f 2245 2249 2246
f 2249 2245 2248
f 2250 2251 2252
f 2253 2250 2252
f 2250 2254 2251
f 2254 2250 2253
f 2255 2256 2257
f 2255 2257 2258
f 2256 2255 2259
f 2259 2255 2258
f 2260 2261 2262
f 2260 2262 2263
f 2261 2260 2264
f 2264 2260 2263
f 2265 2266 2267
f 2265 2267 2268
f 2266 2265 2269
f 2269 2265 2268
f 2270 2271 2272
f 2270 2272 2273
f 2271 2270 2274
f 2274 2270 2273
f 2275 2276 2277
f 2275 2277 2278
f 2276 2275 2279
f 2279 2275 2278
f 2280 2281 2282
f 2280 2282 2283
f 2281 2280 2284
f 2284 2280 2283
f 2285 2286 2287
f 2288 2285 2287
f 2285 2289 2286
f 2289 2285 2288
f 2290 2291 2292
f 2290 2292 2293
f 2291 2290 2294
f 2294 2290 2293
f 2295 2296 2297
f 2295 2297 2298
f 2296 2295 2299
f 2299 2295 2298
f 2300 2301 2302
f 2303 2300 2302
f 2300 2304 2301
f 2304 2300 2303
f 2305 2306 2307
f 2305 2307 2308
f 2306 2305 2309
f 2309 2305 2308
f 2310 2311 2312
f 2313 2310 2312
f 2310 2314 2311
f 2314 2310 2313
f 2315 2316 2317
f 2315 2317 2318
f 2316 2315 2319
f 2319 2315 2318
f 2320 2321 2322
f 2320 2322 2323
f 2321 2320 2324
f 2324 2320 2323
f 2325 2326 2327
f 2325 2327 2328
f 2326 2325 2329
f 2329 2325 2328
f 2330 2331 2332
f 2330 2332 2333
f 2331 2330 2334
f 2334 2330 2333
f 2335 2336 2337
f 2335 2337 2338
f 2336 2335 2339
f 2339 2335 2338
f 2340 2341 2342
f 2340 2342 2343
f 2341 2340 2344
f 2344 2340 2343
f 2345 2346 2347
f 2348 2345 2347
f 2345 2349 2346
f 2349 2345 2348
f 2350 2351 2352
f 2350 2352 2353
f 2351 2350 2354
f 2354 2350 2353
f 2355 2356 2357
f 2355 2357 2358
f 2356 2355 2359
f 2359 2355 2358
f 2360 2361 2362
f 2363 2360 2362
f 2360 2364 2361
f 2364 2360 2363
f 2365 2366 2367
f 2365 2367 2368
f 2366 2365 2369
f 2369 2365 2368
f 2370 2371 2372
f 2370 2372 2373
f 2371 2370 2374
f 2374 2370 2373
f 2375 2376 2377
f 2375 2377 2378
f 2376 2375 2379
f 2379 2375 2378
f 2380 2381 2382
f 2380 2382 2383
f 2381 2380 2384
f 2384 2380 2383
f 2385 2386 2387
f 2385 2387 2388
f 2386 2385 2389
f 2389 2385 2388
f 2390 2391 2392
f 2390 2392 2393
f 2391 2390 2394
f 2394 2390 2393
f 2395 2396 2397
f 2398 2395 2397
f 2395 2399 2396
f 2399 2395 2398
f 2400 2401 2402
f 2400 2402 2403
f 2401 2400 2404
f 2404 2400 2403
f 2405 2406 2407
f 2405 2407 2408
f 2406 2405 2409
f 2409 2405 2408
f 2410 2411 2412
f 2413 2410 2412
f 2410 2414 2411
f 2414 2410 2413
f 2415 2416 2417
f 2415 2417 2418
f 2416 2415 2419
f 2419 2415 2418
f 2420 2421 2422
f 2423 2420 2422
f 2420 2424 2421
f 2424 2420 2423
f 2425 2426 2427
f 2425 2427 2428
f 2426 2425 2429
f 2429 2425 2428
f 2430 2431 2432
f 2430 2432 2433
f 2431 2430 2434
f 2434 2430 2433
f 2435 2436 2437
f 2435 2437 2438
f 2436 2435 2439
f 2439 2435 2438
f 2440 2441 2442
f 2443 2440 2442
f 2440 2444 2441
f 2444 2440 2443
f 2445 2446 2447
f 2445 2447 2448
f 2446 2445 2449
f 2449 2445 2448
f 2450 2451 2452
f 2453 2450 2452
f 2450 2454 2451
f 2454 2450 2453
f 2455 2456 2457
f 2455 2457 2458
f 2456 2455 2459
f 2459 2455 2458
f 2460 2461 2462
f 2463 2460 2462
f 2460 2464 2461
f 2460 2463 2465
f 2464 2460 2466
f 2460 2465 2466
f 2467 2468 2469
f 2468 2467 2470
f 2468 2471 2469
f 2468 2470 2472
f 2468 2473 2471
f 2473 2468 2472
f 2474 2475 2476
f 2474 2476 2477
f 2475 2474 2478
f 2478 2474 2477
f 2479 2480 2481
f 2479 2481 2482
f 2480 2479 2483
f 2483 2479 2482
f 2484 2485 2486
f 2487 2484 2486
f 2484 2488 2485
f 2488 2484 2487
f 2489 2490 2491
f 2489 2491 2492
f 2490 2489 2493
f 2493 2489 2492
f 2494 2495 2496
f 2494 2496 2497
f 2495 2494 2498
f 2498 2494 2497
f 2499 2500 2501
f 2499 2501 2502
f 2500 2499 2503
f 2503 2499 2502
f 2504 2505 2506
f 2504 2506 2507
f 2505 2504 2508
f 2508 2504 2507
f 2509 2510 2511
f 2509 2511 2512
f 2510 2509 2513
f 2513 2509 2512
f 2514 2515 2516
f 2514 2516 2517
f 2515 2514 2518
f 2518 2514 2517
f 2519 2520 2521
f 2522 2519 2521
f 2519 2523 2520
f 2523 2519 2522
f 2524 2525 2526
f 2524 2526 2527
f 2525 2524 2528
f 2528 2524 2527
f 2529 2530 2531
f 2529 2531 2532
f 2530 2529 2533
f 2533 2529 2532
f 2534 2535 2536
f 2537 2534 2536
f 2534 2538 2535
f 2538 2534 2537
f 2539 2540 2541
f 2539 2541 2542
f 2540 2539 2543
f 2543 2539 2542
f 2544 2545 2546
f 2547 2544 2546
f 2544 2548 2545
f 2548 2544 2547
f 2549 2550 2551
f 2549 2551 2552
f 2550 2549 2553
f 2553 2549 2552
f 2554 2555 2556
f 2554 2556 2557
f 2555 2554 2558
f 2558 2554 2557
f 2559 2560 2561
f 2559 2561 2562
f 2560 2559 2563
f 2563 2559 2562
f 2564 2565 2566
f 2564 2566 2567
f 2565 2564 2568
f 2568 2564 2567
f 2569 2570 2571
f 2572 2569 2571
f 2569 2573 2570
f 2573 2569 2572
f 2574 2575 2576
f 2577 2574 2576
f 2574 2578 2575
f 2578 2574 2577
f 2579 2580 2581
f 2582 2579 2581
f 2579 2582 2583
f 2579 2583 2584
f 2585 2579 2584
f 2579 2585 2586
f 2579 2587 2580
f 2579 2586 2588
f 2579 2589 2587
f 2590 2579 2588
f 2589 2591 2587
f 2590 2588 2592
f 2589 2593 2591
f 2590 2592 2594
f 2595 2593 2589
f 2596 2595 2589
f 2597 2596 2589
f 2598 2590 2594
f 2590 2598 2599
f 2590 2599 2600
f 2597 2589 2601
f 2602 2590 2600
f 2603 2597 2601
f 2604 2602 2600
f 2602 2604 2605
f 2602 2605 2606
f 2607 2602 2606
f 2606 2608 2607
f 2608 2609 2607
f 2608 2610 2609
f 2610 2611 2609
f 2610 2612 2611
f 2612 2613 2611
f 2612 2614 2613
f 2614 2615 2613
f 2614 2616 2615
f 2616 2617 2615
f 2616 2618 2617
f 2618 2619 2617
f 2618 2620 2619
f 2620 2601 2619
f 2620 2621 2601
f 2621 2622 2601
f 2622 2603 2601
f 2623 2624 2625
f 2626 2623 2625
f 2623 2627 2624
f 2627 2623 2626
f 2628 2629 2630
f 2628 2630 2631
f 2629 2628 2632
f 2632 2628 2631
f 2633 2634 2635
f 2636 2633 2635
f 2633 2636 2637
f 2633 2638 2634
f 2633 2637 2639
f 2640 2633 2639
f 2639 2641 2640
f 2641 2642 2640
f 2641 2643 2642
f 2643 2644 2642
f 2644 2645 2642
f 2644 2646 2645
f 2646 2647 2645
f 2646 2648 2647
f 2648 2649 2647
f 2648 2650 2649
f 2650 2651 2649
f 2650 2652 2651
f 2650 2653 2652
f 2653 2654 2652
f 2653 2655 2654
f 2655 2656 2654
f 2656 2657 2654
f 2656 2658 2657
f 2658 2659 2657
f 2659 2660 2657
f 2660 2661 2657
f 2661 2662 2657
f 2662 2663 2657
f 2663 2664 2657
f 2664 2665 2657
f 2664 2666 2665
f 2654 2657 2667
f 2666 2668 2665
f 2657 2669 2667
f 2668 2670 2665
f 2670 2671 2665
f 2671 2672 2665
f 2672 2673 2665
f 2673 2674 2665
f 2674 2675 2665
f 2674 2676 2675
f 2676 2677 2675
f 2677 2678 2675
f 2675 2678 2638
f 2675 2638 2633
f 2679 2675 2633
f 2680 2679 2633
f 2681 2679 2680
f 2682 2681 2680
f 2681 2683 2679
f 2684 2682 2680
f 2683 2685 2679
f 2685 2686 2679
f 2686 2687 2679
f 2687 2688 2679
f 2687 2689 2688
f 2689 2690 2688
f 2691 2684 2680
f 2692 2691 2680
f 2693 2692 2680
f 2693 2680 2694
f 2695 2693 2694
f 2690 2696 2688
f 2695 2694 2697
f 2698 2695 2697
f 2699 2698 2697
f 2699 2697 2700
f 2701 2699 2700
f 2701 2700 2702
f 2703 2701 2702
f 2703 2702 2704
f 2696 2705 2688
f 2706 2703 2704
f 2706 2704 2707
f 2706 2707 2708
f 2709 2706 2708
f 2705 2710 2688
f 2708 2711 2709
f 2711 2712 2709
f 2711 2713 2712
f 2711 2714 2713
f 2710 2715 2688
f 2715 2716 2688
f 2716 2717 2688
f 2717 2714 2688
f 2714 2718 2713
f 2717 2719 2714
f 2714 2720 2718
f 2719 2721 2714
f 2722 2720 2714
f 2721 2722 2714
f 2723 2724 2725
f 2726 2723 2725
f 2727 2726 2725
f 2728 2727 2725
f 2724 2729 2725
f 2730 2728 2725
f 2729 2731 2725
f 2729 2732 2731
f 2732 2733 2731
f 2730 2725 2734
f 2735 2730 2734
f 2736 2735 2734
f 2736 2734 2737
f 2733 2738 2731
f 2739 2736 2737
f 2739 2737 2740
f 2739 2740 2741
f 2742 2739 2741
f 2742 2741 2743
f 2744 2742 2743
f 2744 2743 2745
f 2746 2744 2745
f 2738 2747 2731
f 2746 2745 2748
f 2749 2746 2748
f 2750 2749 2748
f 2750 2748 2751
f 2752 2750 2751
f 2752 2751 2753
f 2747 2754 2731
f 2755 2752 2753
f 2754 2756 2731
f 2756 2757 2731
f 2757 2758 2731
f 2758 2759 2731
f 2760 2755 2753
f 2758 2761 2759
f 2762 2760 2753
f 2761 2763 2759
f 2764 2762 2753
f 2763 2765 2759
f 2766 2764 2753
f 2765 2766 2759
f 2759 2766 2753
f 2759 2753 2767
f 2768 2759 2767
f 2769 2768 2767
f 2770 2769 2767
f 2769 2771 2768
f 2772 2770 2767
f 2771 2773 2768
f 2773 2774 2768
f 2774 2775 2768
f 2775 2776 2768
f 2775 2777 2776
f 2778 2772 2767
f 2779 2778 2767
f 2780 2779 2767
f 2780 2767 2781
f 2782 2780 2781
f 2777 2783 2776
f 2782 2781 2784
f 2785 2782 2784
f 2786 2785 2784
f 2786 2784 2787
f 2788 2786 2787
f 2788 2787 2789
f 2790 2788 2789
f 2790 2789 2791
f 2783 2792 2776
f 2793 2790 2791
f 2793 2791 2794
f 2793 2794 2795
f 2796 2793 2795
f 2792 2797 2776
f 2795 2667 2796
f 2667 2798 2796
f 2667 2799 2798
f 2669 2799 2667
f 2669 2800 2799
f 2797 2801 2776
f 2801 2802 2776
f 2802 2803 2776
f 2803 2669 2776
f 2804 2800 2669
f 2803 2805 2669
f 2806 2804 2669
f 2805 2807 2669
f 2808 2806 2669
f 2807 2808 2669
f 2809 2810 2811
f 2812 2809 2811
f 2809 2813 2810
f 2813 2809 2812
f 2814 2815 2816
f 2815 2814 2817
f 2814 2816 2818
f 2814 2819 2817
f 2820 2814 2818
f 2814 2820 2819
f 2820 2818 2821
f 2820 2822 2819
f 2823 2820 2821
f 2820 2823 2822
f 2823 2821 2824
f 2823 2825 2822
f 2826 2823 2824
f 2823 2826 2825
f 2826 2824 2827
f 2826 2828 2825
f 2829 2826 2827
f 2826 2829 2828
f 2829 2827 2830
f 2829 2831 2828
f 2832 2829 2830
f 2829 2832 2831
f 2832 2830 2833
f 2832 2834 2831
f 2835 2832 2833
f 2832 2835 2834
f 2835 2833 2836
f 2835 2837 2834
f 2838 2835 2836
f 2835 2838 2837
f 2839 2840 2841
f 2840 2839 2842
f 2840 2843 2841
f 2840 2842 2844
f 2840 2845 2843
f 2845 2840 2844
f 2845 2846 2843
f 2845 2844 2847
f 2845 2848 2846
f 2848 2845 2847
f 2848 2849 2846
f 2848 2847 2850
f 2848 2851 2849
f 2851 2848 2850
f 2851 2852 2849
f 2851 2850 2853
f 2851 2854 2852
f 2854 2851 2853
f 2854 2855 2852
f 2854 2853 2856
f 2854 2857 2855
f 2857 2854 2856
f 2857 2858 2855
f 2857 2856 2859
f 2857 2860 2858
f 2860 2857 2859
f 2860 2861 2858
f 2860 2859 2862
f 2860 2863 2861
f 2863 2860 2862
f 2864 2865 2866
f 2867 2864 2866
f 2864 2868 2865
f 2868 2864 2867
f 2869 2870 2871
f 2872 2869 2871
f 2869 2873 2870
f 2873 2869 2872
f 2874 2875 2876
f 2874 2876 2877
f 2875 2874 2878
f 2878 2874 2877
f 2879 2880 2881
f 2879 2881 2882
f 2880 2879 2883
f 2883 2879 2882
f 2884 2885 2886
f 2884 2886 2887
f 2885 2884 2888
f 2888 2884 2887
f 2889 2890 2891
f 2889 2891 2892
f 2890 2889 2893
f 2893 2889 2892
f 2894 2895 2896
f 2894 2896 2897
f 2895 2894 2898
f 2898 2894 2897
f 2899 2900 2901
f 2899 2901 2902
f 2900 2899 2903
f 2903 2899 2902
f 2904 2905 2906
f 2907 2904 2906
f 2905 2908 2906
f 2909 2907 2906
f 2908 2910 2906
f 2909 2906 2910
f 2908 2911 2910
f 2912 2909 2910
f 2911 2913 2910
f 2912 2910 2913
f 2911 2914 2913
f 2915 2912 2913
f 2914 2916 2913
f 2915 2913 2916
f 2914 2917 2916
f 2918 2915 2916
f 2917 2919 2916
f 2918 2916 2919
f 2917 2920 2919
f 2921 2918 2919
f 2920 2922 2919
f 2921 2919 2922
f 2920 2923 2922
f 2924 2921 2922
f 2925 2922 2923
f 2925 2924 2922
f 2926 2925 2923
f 2924 2925 2927
f 2925 2926 2928
f 2925 2928 2927
f 2929 2930 2931
f 2929 2931 2932
f 2930 2929 2933
f 2933 2929 2932
f 2934 2935 2936
f 2935 2934 2937
f 2935 2938 2936
f 2935 2937 2939
f 2935 2940 2938
f 2940 2935 2939
f 2940 2941 2938
f 2940 2939 2942
f 2940 2943 2941
f 2943 2940 2942
f 2943 2944 2941
f 2943 2942 2945
f 2943 2946 2944
f 2946 2943 2945
f 2946 2947 2944
f 2946 2945 2948
f 2946 2949 2947
f 2949 2946 2948
f 2949 2950 2947
f 2949 2948 2951
f 2949 2952 2950
f 2952 2949 2951
f 2952 2953 2950
f 2952 2951 2954
f 2952 2955 2953
f 2955 2952 2954
f 2955 2956 2953
f 2955 2954 2957
f 2956 2955 2958
f 2955 2957 2958
f 2959 2960 2961
f 2959 2961 2962
f 2960 2959 2963
f 2963 2959 2962
f 2964 2965 2966
f 2965 2964 2967
f 2965 2968 2966
f 2965 2967 2969
f 2965 2970 2968
f 2970 2965 2969
f 2970 2971 2968
f 2970 2969 2972
f 2970 2973 2971
f 2973 2970 2972
f 2973 2974 2971
f 2973 2972 2975
f 2973 2976 2974
f 2976 2973 2975
f 2976 2977 2974
f 2976 2975 2978
f 2976 2979 2977
f 2979 2976 2978
f 2979 2980 2977
f 2979 2978 2981
f 2979 2982 2980
f 2982 2979 2981
f 2982 2983 2980
f 2982 2981 2984
f 2982 2985 2983
f 2985 2982 2984
f 2985 2986 2983
f 2985 2984 2987
f 2986 2985 2988
f 2985 2987 2988
f 2989 2990 2991
f 2989 2991 2992
f 2990 2989 2993
f 2993 2989 2992
f 2994 2995 2996
f 2995 2994 2997
f 2995 2998 2996
f 2995 2997 2999
f 2995 3000 2998
f 3000 2995 2999
f 3000 3001 2998
f 3000 2999 3002
f 3000 3003 3001
f 3003 3000 3002
f 3003 3004 3001
f 3003 3002 3005
f 3003 3006 3004
f 3006 3003 3005
f 3006 3007 3004
f 3006 3005 3008
f 3006 3009 3007
f 3009 3006 3008
f 3009 3010 3007
f 3009 3008 3011
f 3009 3012 3010
f 3012 3009 3011
f 3012 3013 3010
f 3012 3011 3014
f 3012 3015 3013
f 3015 3012 3014
f 3015 3016 3013
f 3015 3014 3017
f 3016 3015 3018
f 3015 3017 3018
f 3019 3020 3021
f 3022 3020 3019
f 3020 3023 3021
f 3020 3022 3023
f 3024 3025 3026
f 3027 3025 3024
f 3025 3028 3026
f 3025 3027 3028
f 3029 3030 3031
f 3032 3030 3029
f 3030 3033 3031
f 3030 3032 3033
f 3034 3035 3036
f 3037 3035 3034
f 3035 3038 3036
f 3035 3037 3038
f 3039 3040 3041
f 3042 3040 3039
f 3040 3043 3041
f 3040 3042 3043
f 3044 3045 3046
f 3045 3044 3047
f 3044 3046 3048
f 3044 3049 3047
f 3050 3044 3048
f 3044 3050 3049
f 3050 3048 3051
f 3050 3052 3049
f 3053 3050 3051
f 3050 3053 3052
f 3053 3051 3054
f 3053 3055 3052
f 3056 3053 3054
f 3053 3056 3055
f 3056 3054 3057
f 3056 3058 3055
f 3059 3056 3057
f 3056 3059 3058
f 3059 3057 3060
f 3059 3061 3058
f 3062 3059 3060
f 3059 3062 3061
f 3062 3060 3063
f 3062 3064 3061
f 3065 3062 3063
f 3062 3065 3064
f 3065 3063 3066
f 3065 3067 3064
f 3068 3065 3066
f 3065 3068 3067
f 3069 3070 3071
f 3070 3069 3072
f 3069 3071 3073
f 3069 3074 3072
f 3075 3069 3073
f 3069 3075 3074
f 3075 3073 3076
f 3075 3077 3074
f 3078 3075 3076
f 3075 3078 3077
f 3078 3076 3079
f 3078 3080 3077
f 3081 3078 3079
f 3078 3081 3080
f 3081 3079 3082
f 3081 3083 3080
f 3084 3081 3082
f 3081 3084 3083
f 3084 3082 3085
f 3084 3086 3083
f 3087 3084 3085
f 3084 3087 3086
f 3087 3085 3088
f 3087 3089 3086
f 3090 3087 3088
f 3087 3090 3089
f 3090 3088 3091
f 3090 3092 3089
f 3093 3090 3091
f 3090 3093 3092
f 3094 3095 3096
f 3094 3096 3097
f 3095 3094 3098
f 3098 3094 3097
f 3099 3100 3101
f 3099 3101 3102
f 3100 3099 3103
f 3103 3099 3102
f 3104 3105 3106
f 3105 3104 3107
f 3105 3108 3106
f 3105 3107 3109
f 3105 3110 3108
f 3110 3105 3109
f 3110 3111 3108
f 3110 3109 3112
f 3110 3113 3111
f 3113 3110 3112
f 3113 3114 3111
f 3113 3112 3115
f 3113 3116 3114
f 3116 3113 3115
f 3116 3117 3114
f 3116 3115 3118
f 3116 3119 3117
f 3119 3116 3118
f 3119 3120 3117
f 3119 3118 3121
f 3119 3122 3120
f 3122 3119 3121
f 3122 3123 3120
f 3122 3121 3124
f 3122 3125 3123
f 3125 3122 3124
f 3125 3126 3123
f 3125 3124 3127
f 3126 3125 3128
f 3125 3127 3128
f 3129 3130 3131
f 3132 3129 3131
f 3129 3133 3130
f 3133 3129 3132
f 3134 3135 3136
f 3135 3134 3137
f 3135 3138 3136
f 3135 3137 3139
f 3135 3140 3138
f 3140 3135 3139
f 3140 3141 3138
f 3140 3139 3142
f 3140 3143 3141
f 3143 3140 3142
f 3143 3144 3141
f 3143 3142 3145
f 3143 3146 3144
f 3146 3143 3145
f 3146 3147 3144
f 3146 3145 3148
f 3146 3149 3147
f 3149 3146 3148
f 3149 3150 3147
f 3149 3148 3151
f 3149 3152 3150
f 3152 3149 3151
f 3152 3153 3150
f 3152 3151 3154
f 3152 3155 3153
f 3155 3152 3154
f 3155 3156 3153
f 3155 3154 3157
f 3156 3155 3158
f 3155 3157 3158
f 3159 3160 3161
f 3159 3161 3162
f 3160 3159 3163
f 3163 3159 3162
f 3164 3165 3166
f 3164 3166 3167
f 3165 3164 3168
f 3168 3164 3167
f 3169 3170 3171
f 3172 3169 3171
f 3169 3173 3170
f 3173 3169 3172
f 3174 3175 3176
f 3177 3174 3176
f 3174 3178 3175
f 3178 3174 3177
f 3179 3180 3181
f 3182 3179 3181
f 3179 3183 3180
f 3183 3179 3182
f 3184 3185 364
f 3186 3184 364
f 3187 3186 364
f 3188 3187 364
f 3189 3188 364
f 3190 3189 364
f 3191 3190 364
f 3185 3192 364
f 3193 3191 364
f 3193 364 3194
f 3195 3193 3194
f 364 3192 370
f 3192 3196 370
f 3197 3195 3194
f 3196 3198 370
f 3199 3197 3194
f 3196 3200 3198
f 3200 3201 3198
f 3201 3202 3198
f 3203 3199 3194
f 3202 3204 3198
f 3205 3203 3194
f 3206 3205 3194
f 3207 3206 3194
f 3202 3208 3204
f 3208 3209 3204
f 3209 3210 3204
f 3210 3211 3204
f 3207 3194 3212
f 3210 3213 3211
f 3214 3207 3212
f 3215 3214 3212
f 3216 3215 3212
f 3216 3212 3211
f 3213 3217 3211
f 3218 3216 3211
f 3217 3219 3211
f 3220 3218 3211
f 3219 3220 3211
f 3221 3222 3223
f 3224 3222 3221
f 3222 3225 3223
f 3222 3224 3225
f 3226 3227 3228
f 3229 3227 3226
f 3227 3230 3228
f 3227 3229 3230
f 3231 3232 3233
f 3232 3234 3233
f 3234 3235 3233
f 3234 3236 3235
f 3237 3233 3235
f 3238 3237 3235
f 3237 3239 3233
f 3231 3233 3240
f 3241 3231 3240
f 3241 3240 3242
f 3231 3241 3243
f 3244 3241 3242
f 3245 3231 3243
f 3244 3242 3246
f 3242 3239 3246
f 3247 3244 3246
f 3239 3248 3246
f 3239 3237 3248
f 3237 3249 3248
f 3247 3246 3250
f 3237 3251 3249
f 3245 3243 3252
f 3253 3245 3252
f 3252 3243 3254
f 3253 3252 3255
f 3243 3256 3254
f 3257 3253 3255
f 3257 3255 3258
f 3253 3257 3236
f 3257 3259 3236
f 3260 3257 3258
f 3236 3259 3261
f 3236 3261 3235
f 3259 3262 3261
f 3262 3263 3261
f 3262 3264 3263
f 3262 3265 3264
f 3264 3266 3263
f 3266 3238 3235
f 3264 3267 3266
f 3267 3238 3266
f 3267 3268 3238
f 3268 3269 3238
f 3265 3270 3264
f 3238 3269 3271
f 3269 3270 3271
f 3270 3272 3271
f 3270 3265 3272
f 3238 3271 3273
f 3274 3238 3273
f 3274 3273 3275
f 3265 3276 3272
f 3265 3277 3276
f 3273 3278 3275
f 3278 3273 3279
f 3274 3275 3280
f 3278 3279 3281
f 3279 3276 3281
f 3282 3278 3281
f 3277 3283 3276
f 3276 3283 3281
f 3277 3260 3283
f 3260 3284 3283
f 3260 3258 3284
f 3258 3285 3284
f 3282 3281 3286
f 3258 3287 3285
f 3288 3282 3286
f 3288 3286 3289
f 3282 3288 3290
f 3291 3288 3289
f 3292 3282 3290
f 3293 3291 3289
f 3293 3289 3285
f 3291 3293 3294
f 3295 3293 3285
f 3293 3296 3294
f 3287 3297 3285
f 3295 3285 3297
f 3287 3298 3297
f 3299 3295 3297
f 3298 3300 3297
f 3299 3297 3300
f 3298 3254 3300
f 3301 3299 3300
f 3254 3302 3300
f 3254 3256 3302
f 3256 3303 3302
f 3303 3304 3302
f 3301 3300 3305
f 3303 3306 3304
f 3306 3303 3247
f 3306 3307 3304
f 3308 3306 3247
f 3308 3247 3250
f 3308 3250 3251
f 3309 3308 3251
f 3309 3251 3237
f 3310 3309 3237
f 3306 3311 3307
f 3311 3310 3312
f 3310 3237 3312
f 3311 3312 3307
f 3237 3313 3312
f 3313 3314 3312
f 3313 3315 3314
f 3312 3314 3316
f 3307 3312 3316
f 3307 3316 3317
f 3318 3307 3317
f 3319 3318 3317
f 3320 3319 3317
f 3319 3321 3318
f 3321 3305 3318
f 3321 3301 3305
f 3321 3322 3301
f 3320 3317 3323
f 3322 3324 3301
f 3325 3323 3315
f 3325 3320 3323
f 3326 3325 3315
f 3320 3325 3327
f 3326 3315 3313
f 3328 3326 3313
f 3329 3328 3313
f 3330 3320 3327
f 3322 3331 3324
f 3331 3296 3324
f 3296 3331 3332
f 3296 3332 3294
f 3331 3322 3333
f 3332 3334 3294
f 3322 3335 3333
f 3334 3336 3294
f 3327 3329 3337
f 3329 3313 3337
f 3327 3337 3338
f 3330 3327 3338
f 3330 3338 3339
f 3335 3330 3339
f 3333 3335 3339
f 3333 3339 3340
f 3337 3313 3340
f 3341 3333 3340
f 3342 3341 3340
f 3313 3343 3340
f 3342 3340 3343
f 3334 3342 3343
f 3313 3274 3343
f 3334 3343 3344
f 3336 3334 3344
f 3336 3344 3345
f 3346 3336 3345
f 3274 3347 3343
f 3348 3346 3345
f 3348 3345 3347
f 3346 3348 3290
f 3349 3348 3347
f 3274 3349 3347
f 3348 3350 3290
f 3349 3274 3351
f 3350 3292 3290
f 3274 3352 3351
f 3350 3352 3292
f 3352 3274 3280
f 3352 3280 3292
