# ROS coordinates: X forward, Y left, Z up; units are metres.
o mesh
v -0.07895444 -0.0564761832 0.076000005
v -0.0791998655 -0.0567711741 0.076000005
v -0.0786009 -0.0568297356 0.075500004
v -0.07902171 -0.056954518 0.07575001
v -0.07878788 -0.05705449 0.075500004
v -0.0793967843 -0.0571270324 0.076000005
v -0.07893791 -0.05732562 0.075500004
v -0.07920649 -0.0573243462 0.07575001
v -0.0795249641 -0.0575307943 0.076000005
v -0.07903557 -0.05763325 0.075500004
v -0.07930662 -0.0577429272 0.07575001
v -0.07956952 -0.0579611063 0.076000005
v -0.079069525 -0.0579611026 0.075500004
v -0.07930662 -0.05817928 0.07575001
v -0.0795249641 -0.0583914146 0.076000005
v -0.0790355653 -0.0582889654 0.075500004
v -0.07920648 -0.0585978664 0.07575001
v -0.0793967843 -0.0587951764 0.076000005
v -0.07893792 -0.05859659 0.075500004
v -0.07902171 -0.0589677 0.07575001
v -0.0791998655 -0.05915104 0.076000005
v -0.07877767 -0.0592692532 0.07575001
v -0.07878788 -0.0588677227 0.075500004
v -0.07895444 -0.05944603 0.076000005
v -0.0786009 -0.059092477 0.075500004
v -0.07865946 -0.059691444 0.076000005
v -0.0783761442 -0.0592794567 0.075500004
v -0.0784761161 -0.0595132858 0.07575001
v -0.0783036 -0.0598883629 0.076000005
v -0.0779013559 -0.05976 0.07575001
v -0.078105 -0.0594294928 0.075500004
v -0.07789984 -0.0600165427 0.076000005
v -0.07779738 -0.059527155 0.075500004
v -0.07746953 -0.0600611046 0.076000005
v -0.07746953 -0.0595611036 0.075500004
v -0.0772513449 -0.0597982 0.07575001
v -0.07703921 -0.0600165427 0.076000005
v -0.07664022 -0.05961482 0.07575001
v -0.0771416649 -0.05952716 0.075500004
v -0.07663545 -0.0598883666 0.076000005
v -0.07683404 -0.05942949 0.075500004
v -0.0762795955 -0.059691444 0.076000005
v -0.07656291 -0.0592794567 0.075500004
v -0.0759846 -0.05944603 0.076000005
v -0.07633816 -0.059092477 0.075500004
v -0.0459325574 -0.08949807 0.076000005
v -0.04609617 -0.08969473 0.076000005
v -0.045579005 -0.08985162 0.075500004
v -0.04590748 -0.0898623 0.07575001
v -0.04568418 -0.08997805 0.075500004
v -0.0462274477 -0.08993197 0.076000005
v -0.0457685776 -0.09013056 0.075500004
v -0.04602234 -0.0900922 0.07575001
v -0.0463129021 -0.09020115 0.076000005
v -0.04582351 -0.0903036 0.075500004
v -0.0460845828 -0.09035239 0.07575001
v -0.0463426076 -0.09048802 0.076000005
v -0.04584261 -0.09048802 0.075500004
v -0.0460845828 -0.09062365 0.07575001
v -0.0463129021 -0.0907748938 0.076000005
v -0.04582351 -0.09067243 0.075500004
v -0.0460223444 -0.09088384 0.07575001
v -0.0462274477 -0.09104407 0.076000005
v -0.0457685776 -0.09084548 0.075500004
v -0.04590748 -0.09111374 0.07575001
v -0.04609617 -0.09128131 0.076000005
v -0.04575578 -0.09130119 0.07575001
v -0.04568418 -0.09099799 0.075500004
v -0.0459325574 -0.09147797 0.076000005
v -0.045579005 -0.0911244154 0.075500004
v -0.0457358956 -0.0916415751 0.076000005
v -0.04545258 -0.09122959 0.075500004
v -0.04556833 -0.09145289 0.07575001
v -0.045498658 -0.0917728543 0.076000005
v -0.0452110469 -0.09160625 0.07575001
v -0.0453000665 -0.09131399 0.075500004
v -0.0452294834 -0.09185831 0.076000005
v -0.0451270267 -0.09136892 0.075500004
v -0.04494261 -0.09188802 0.076000005
v -0.04494261 -0.09138802 0.075500004
v -0.044806987 -0.09163 0.07575001
v -0.0446557328 -0.09185831 0.076000005
v -0.0444270968 -0.091516 0.07575001
v -0.04475819 -0.09136892 0.075500004
v -0.04438656 -0.0917728543 0.076000005
v -0.04458515 -0.09131399 0.075500004
v -0.04414932 -0.0916415751 0.076000005
v -0.04443264 -0.09122959 0.075500004
v -0.04395266 -0.09147797 0.076000005
v -0.04430621 -0.0911244154 0.075500004
v -0.0261335671 -0.109297059 0.076000005
v -0.0262971744 -0.109493718 0.076000005
v -0.0257800147 -0.109650612 0.075500004
v -0.0261084884 -0.109661289 0.07575001
v -0.025885189 -0.109777041 0.075500004
v -0.0264284555 -0.109730959 0.076000005
v -0.0259695835 -0.109929547 0.075500004
v -0.02622335 -0.109891184 0.07575001
v -0.0265139118 -0.110000134 0.076000005
v -0.02602452 -0.110102594 0.075500004
v -0.0262855925 -0.110151388 0.07575001
v -0.0265436172 -0.110287011 0.076000005
v -0.0260436181 -0.110287011 0.075500004
v -0.0262855925 -0.110422634 0.07575001
v -0.0265139118 -0.11057388 0.076000005
v -0.02602452 -0.110471427 0.075500004
v -0.02622335 -0.11068283 0.07575001
v -0.0264284555 -0.110843055 0.076000005
v -0.0259695854 -0.110644467 0.075500004
v -0.0261084884 -0.110912725 0.07575001
v -0.0262971744 -0.1110803 0.076000005
v -0.02595679 -0.111100182 0.07575001
v -0.0258851871 -0.110796981 0.075500004
v -0.0261335671 -0.111276954 0.076000005
v -0.0257800128 -0.1109234 0.075500004
v -0.0259369053 -0.111440569 0.076000005
v -0.0256535877 -0.111028582 0.075500004
v -0.025769338 -0.111251876 0.07575001
v -0.0256996639 -0.111571848 0.076000005
v -0.0254120566 -0.111405239 0.07575001
v -0.0255010761 -0.111112975 0.075500004
v -0.0254304912 -0.1116573 0.076000005
v -0.0253280364 -0.111167908 0.075500004
v -0.0251436159 -0.111687005 0.076000005
v -0.0251436159 -0.111187011 0.075500004
v -0.025007993 -0.111428984 0.07575001
v -0.0248567443 -0.1116573 0.076000005
v -0.0246281028 -0.11131499 0.07575001
v -0.0249592 -0.111167908 0.075500004
v -0.0245875679 -0.111571848 0.076000005
v -0.0247861557 -0.111112975 0.075500004
v -0.0243503284 -0.111440569 0.076000005
v -0.024633646 -0.111028582 0.075500004
v -0.0241536684 -0.111276954 0.076000005
v -0.02450722 -0.110923409 0.075500004
v 0.00165573508 -0.137086362 0.076000005
v 0.00141031668 -0.137381345 0.076000005
v 0.00200928375 -0.1374399 0.075500004
v 0.001588475 -0.137564689 0.07575001
v 0.00182230771 -0.137664661 0.075500004
v 0.00121339783 -0.137737215 0.076000005
v 0.00167227536 -0.1379358 0.075500004
v 0.00140368938 -0.137934521 0.07575001
v 0.001085218 -0.138140976 0.076000005
v 0.00157461315 -0.138243437 0.075500004
v 0.00130356848 -0.138353109 0.07575001
v 0.00104065984 -0.138571277 0.076000005
v 0.00154065713 -0.138571277 0.075500004
v 0.00130356848 -0.13878946 0.07575001
v 0.001085218 -0.1390016 0.076000005
v 0.00157461315 -0.138899148 0.075500004
v 0.00140369311 -0.139208034 0.07575001
v 0.00121339783 -0.139405355 0.076000005
v 0.00167227164 -0.139206767 0.075500004
v 0.001588475 -0.139577881 0.07575001
v 0.0014103204 -0.139761209 0.076000005
v 0.00183251128 -0.139879435 0.07575001
v 0.001822304 -0.1394779 0.075500004
v 0.00165573508 -0.140056208 0.076000005
v 0.00200928748 -0.139702648 0.075500004
v 0.00195072591 -0.140301615 0.076000005
v 0.00223404169 -0.139889628 0.075500004
v 0.002134066 -0.140123457 0.07575001
v 0.00230658054 -0.140498549 0.076000005
v 0.00270882249 -0.140370175 0.07575001
v 0.002505172 -0.140039667 0.075500004
v 0.00271034613 -0.140626729 0.076000005
v 0.00281280279 -0.14013733 0.075500004
v 0.00314065814 -0.140671283 0.076000005
v 0.00314065814 -0.140171275 0.075500004
v 0.00335883349 -0.140408367 0.07575001
v 0.00357096642 -0.140626714 0.076000005
v 0.00396996 -0.140225 0.07575001
v 0.00346851349 -0.14013733 0.075500004
v 0.00397472829 -0.140498534 0.076000005
v 0.00377614051 -0.140039667 0.075500004
v 0.00433059037 -0.140301615 0.076000005
v 0.004047271 -0.139889628 0.075500004
v 0.004625581 -0.140056208 0.076000005
v 0.004272029 -0.139702648 0.075500004
v -0.0759846047 -0.05944603 0.071
v -0.07633816 -0.059092477 0.0715
v -0.07615117 -0.0588677227 0.0715
v -0.07581581 -0.05879041 0.07125001
v -0.07573919 -0.05915104 0.071
v -0.07600114 -0.05859659 0.0715
v -0.07554227 -0.05879518 0.071
v -0.0759034753 -0.05828896 0.0715
v -0.07541409 -0.0583914146 0.071
v -0.07563243 -0.0581792854 0.07125001
v -0.07586952 -0.0579611063 0.0715
v -0.07567063 -0.0575292744 0.07125001
v -0.07536952 -0.0579611063 0.071
v -0.0759034753 -0.0576332472 0.0715
v -0.07541409 -0.05753079 0.071
v -0.07600114 -0.05732562 0.0715
v -0.07554227 -0.05712703 0.071
v -0.07591735 -0.05695451 0.07125001
v -0.07615118 -0.05705449 0.0715
v -0.07616137 -0.05665296 0.07125001
v -0.07573919 -0.0567711741 0.071
v -0.07633816 -0.0568297356 0.0715
v -0.0759846 -0.0564761832 0.071
v -0.07656291 -0.0566427559 0.0715
v -0.0762795955 -0.05623077 0.071
v -0.07646293 -0.0564089231 0.07125001
v -0.07683404 -0.0564927161 0.0715
v -0.07663545 -0.0560338423 0.071
v -0.07683277 -0.05622415 0.07125001
v -0.0771416649 -0.0563950576 0.0715
v -0.07703921 -0.0559056625 0.071
v -0.0772513449 -0.0561240166 0.07125001
v -0.07746953 -0.0563611053 0.0715
v -0.07746953 -0.055861108 0.071
v -0.0776877 -0.0561240129 0.07125001
v -0.07779738 -0.0563950539 0.0715
v -0.07789983 -0.0559056662 0.071
v -0.0781062841 -0.05622414 0.07125001
v -0.078105 -0.05649272 0.0715
v -0.0783036053 -0.056033846 0.071
v -0.0784761161 -0.0564089268 0.07125001
v -0.07837614 -0.0566427559 0.0715
v -0.07865946 -0.05623077 0.071
v -0.0786009 -0.0568297356 0.0715
v -0.07895445 -0.0564761832 0.071
v -0.07878788 -0.05705449 0.0715
v -0.0791232362 -0.0571318 0.07125001
v -0.07893791 -0.05732562 0.0715
v -0.0791998655 -0.0567711741 0.071
v -0.0793967843 -0.0571270324 0.071
v -0.07903557 -0.05763325 0.0715
v -0.0795249641 -0.0575307943 0.071
v -0.07930662 -0.0577429272 0.07125001
v -0.079069525 -0.0579611026 0.0715
v -0.07926842 -0.05839294 0.07125001
v -0.079569526 -0.0579611063 0.071
v -0.0790355653 -0.0582889654 0.0715
v -0.0795249641 -0.0583914146 0.071
v -0.07893791 -0.05859659 0.0715
v -0.0793967843 -0.0587951764 0.071
v -0.07902171 -0.0589677 0.07125001
v -0.07878788 -0.0588677227 0.0715
v -0.07877767 -0.0592692532 0.07125001
v -0.0791998655 -0.05915104 0.071
v -0.0786009 -0.059092477 0.0715
v -0.07895445 -0.05944603 0.071
v -0.0783761442 -0.0592794567 0.0715
v -0.07865946 -0.059691444 0.071
v -0.07847612 -0.0595132858 0.07125001
v -0.078105 -0.0594294928 0.0715
v -0.0783036 -0.0598883629 0.071
v -0.0781062841 -0.0596980639 0.07125001
v -0.07779738 -0.059527155 0.0715
v -0.07789984 -0.0600165427 0.071
v -0.0776877 -0.0597981922 0.07125001
v -0.07746953 -0.0595611036 0.0715
v -0.07746953 -0.0600611046 0.071
v -0.0772513449 -0.0597982 0.07125001
v -0.0771416649 -0.05952716 0.0715
v -0.07703922 -0.0600165427 0.071
v -0.0768327639 -0.05969807 0.07125001
v -0.07683404 -0.05942949 0.0715
v -0.07663545 -0.0598883666 0.071
v -0.07646293 -0.0595132858 0.07125001
v -0.07656291 -0.0592794567 0.0715
v -0.0762795955 -0.059691444 0.071
v -0.07633816 -0.059092477 0.0715
v -0.0759846047 -0.05944603 0.071
v -0.04593256 -0.08949807 0.071
v -0.0457359 -0.08933446 0.071
v -0.045579005 -0.08985162 0.0715
v -0.04556833 -0.08952315 0.07125001
v -0.04545258 -0.0897464454 0.0715
v -0.045498658 -0.08920318 0.071
v -0.04530007 -0.08966205 0.0715
v -0.04533843 -0.0894082859 0.07125001
v -0.04522948 -0.08911773 0.071
v -0.0451270267 -0.08960712 0.0715
v -0.0450782329 -0.0893460438 0.07125001
v -0.04494261 -0.08908802 0.071
v -0.04494261 -0.0895880163 0.0715
v -0.044806987 -0.0893460438 0.07125001
v -0.0446557365 -0.08911773 0.071
v -0.0447581932 -0.08960712 0.0715
v -0.0445467867 -0.0894082859 0.07125001
v -0.044386562 -0.08920318 0.071
v -0.04458515 -0.08966205 0.0715
v -0.0443168879 -0.08952315 0.07125001
v -0.04414932 -0.08933446 0.071
v -0.04412944 -0.0896748453 0.07125001
v -0.04443264 -0.0897464454 0.0715
v -0.04395266 -0.08949807 0.071
v -0.04430621 -0.0898516253 0.0715
v -0.04378905 -0.08969473 0.071
v -0.04420104 -0.08997805 0.0715
v -0.0439777374 -0.0898623 0.07125001
v -0.0436577722 -0.08993197 0.071
v -0.04382438 -0.09021958 0.07125001
v -0.04411664 -0.09013056 0.0715
v -0.0435723141 -0.09020115 0.071
v -0.0440617055 -0.0903036 0.0715
v -0.04354261 -0.09048802 0.071
v -0.04404261 -0.09048802 0.0715
v -0.0438006371 -0.09062364 0.07125001
v -0.0435723141 -0.0907748938 0.071
v -0.04391463 -0.09100353 0.07125001
v -0.0440617055 -0.09067243 0.0715
v -0.0436577722 -0.09104407 0.071
v -0.0441166423 -0.09084548 0.0715
v -0.04378905 -0.09128131 0.071
v -0.04420104 -0.09099799 0.0715
v -0.04395266 -0.09147797 0.071
v -0.04430621 -0.0911244154 0.0715
v -0.0261335671 -0.109297059 0.071
v -0.0259369053 -0.109133452 0.071
v -0.0257800147 -0.109650612 0.0715
v -0.025769338 -0.109322138 0.07125001
v -0.02565359 -0.109545439 0.0715
v -0.0256996658 -0.109002173 0.071
v -0.0255010761 -0.109461039 0.0715
v -0.02553944 -0.109207273 0.07125001
v -0.0254304931 -0.108916715 0.071
v -0.0253280364 -0.109406106 0.0715
v -0.02527924 -0.10914503 0.07125001
v -0.0251436178 -0.108887009 0.071
v -0.02514362 -0.10938701 0.0715
v -0.025007993 -0.10914503 0.07125001
v -0.0248567443 -0.108916715 0.071
v -0.0249592 -0.109406106 0.0715
v -0.0247477926 -0.109207273 0.07125001
v -0.02458757 -0.109002173 0.071
v -0.02478616 -0.109461039 0.0715
v -0.0245178975 -0.109322138 0.07125001
v -0.02435033 -0.109133452 0.071
v -0.0243304446 -0.109473839 0.07125001
v -0.024633646 -0.109545439 0.0715
v -0.0241536684 -0.109297059 0.071
v -0.02450722 -0.109650612 0.0715
v -0.0239900611 -0.109493718 0.071
v -0.0244020447 -0.109777041 0.0715
v -0.0241787471 -0.109661289 0.07125001
v -0.0238587782 -0.109730959 0.071
v -0.0240253862 -0.110018566 0.07125001
v -0.0243176483 -0.109929547 0.0715
v -0.0237733256 -0.110000134 0.071
v -0.0242627151 -0.110102594 0.0715
v -0.0237436164 -0.110287011 0.071
v -0.0242436156 -0.110287011 0.0715
v -0.0240016431 -0.110422634 0.07125001
v -0.0237733237 -0.11057388 0.071
v -0.0241156351 -0.110802524 0.07125001
v -0.0242627151 -0.110471427 0.0715
v -0.0238587782 -0.110843055 0.071
v -0.0243176483 -0.110644467 0.0715
v -0.02399006 -0.1110803 0.071
v -0.0244020447 -0.110796981 0.0715
v -0.0241536684 -0.111276954 0.071
v -0.02450722 -0.110923409 0.0715
v 0.004625581 -0.140056208 0.071
v 0.004272029 -0.139702648 0.0715
v 0.00445900857 -0.1394779 0.0715
v 0.004794363 -0.139400586 0.07125001
v 0.004870992 -0.139761209 0.071
v 0.00460904464 -0.139206767 0.0715
v 0.005067911 -0.139405355 0.071
v 0.004706707 -0.138899133 0.0715
v 0.00519609451 -0.1390016 0.071
v 0.004977748 -0.13878946 0.07125001
v 0.004740659 -0.138571277 0.0715
v 0.0049395524 -0.138139442 0.07125001
v 0.00524065644 -0.138571277 0.071
v 0.004706707 -0.138243422 0.0715
v 0.00519609451 -0.138140976 0.071
v 0.00460904464 -0.1379358 0.0715
v 0.005067911 -0.137737215 0.071
v 0.0046928376 -0.137564689 0.07125001
v 0.00445900857 -0.137664676 0.0715
v 0.004448805 -0.137263134 0.07125001
v 0.004870992 -0.137381345 0.071
v 0.004272029 -0.1374399 0.0715
v 0.004625581 -0.137086362 0.071
v 0.004047271 -0.137252927 0.0715
v 0.00433058664 -0.13684094 0.071
v 0.00414724648 -0.1370191 0.07125001
v 0.00377614424 -0.137102887 0.0715
v 0.00397472829 -0.136644021 0.071
v 0.00377741084 -0.136834323 0.07125001
v 0.00346851721 -0.13700524 0.0715
v 0.00357096642 -0.136515841 0.071
v 0.00335883722 -0.136734188 0.07125001
v 0.00314065814 -0.13697128 0.0715
v 0.00314065814 -0.136471286 0.071
v 0.00292248279 -0.136734188 0.07125001
v 0.00281280652 -0.13700524 0.0715
v 0.00271034613 -0.136515841 0.071
v 0.00250389427 -0.136834323 0.07125001
v 0.00250517949 -0.1371029 0.0715
v 0.00230658054 -0.136644021 0.071
v 0.002134066 -0.1370191 0.07125001
v 0.00223404169 -0.137252927 0.0715
v 0.00195071846 -0.13684094 0.071
v 0.00200928375 -0.1374399 0.0715
v 0.00165573508 -0.137086362 0.071
v 0.00182230771 -0.137664661 0.0715
v 0.00148694962 -0.137741983 0.07125001
v 0.00167227536 -0.1379358 0.0715
v 0.00141031668 -0.137381345 0.071
v 0.00121339783 -0.137737215 0.071
v 0.00157461315 -0.138243437 0.0715
v 0.00108521432 -0.138140976 0.071
v 0.00130357221 -0.138353109 0.07125001
v 0.00154065713 -0.138571277 0.0715
v 0.00134176016 -0.139003113 0.07125001
v 0.00104065612 -0.138571277 0.071
v 0.00157461315 -0.138899148 0.0715
v 0.001085218 -0.1390016 0.071
v 0.00167227536 -0.139206767 0.0715
v 0.00121339783 -0.139405355 0.071
v 0.00158847123 -0.139577881 0.07125001
v 0.001822304 -0.1394779 0.0715
v 0.00183250755 -0.139879435 0.07125001
v 0.0014103204 -0.139761209 0.071
v 0.00200928748 -0.139702648 0.0715
v 0.00165573135 -0.140056208 0.071
v 0.00223404169 -0.139889628 0.0715
v 0.00195072591 -0.140301615 0.071
v 0.00213406235 -0.140123457 0.07125001
v 0.00250517577 -0.140039667 0.0715
v 0.00230658054 -0.140498549 0.071
v 0.00250390172 -0.140308246 0.07125001
v 0.00281280279 -0.14013733 0.0715
v 0.00271034613 -0.140626729 0.071
v 0.00292247534 -0.140408367 0.07125001
v 0.00314065814 -0.140171275 0.0715
v 0.00314065441 -0.140671283 0.071
v 0.00335883722 -0.140408367 0.07125001
v 0.00346851349 -0.14013733 0.0715
v 0.0035709627 -0.140626714 0.071
v 0.003777407 -0.140308246 0.07125001
v 0.00377614051 -0.140039667 0.0715
v 0.00397472829 -0.140498534 0.071
v 0.00414724648 -0.140123457 0.07125001
v 0.004047271 -0.139889628 0.0715
v 0.00433059037 -0.140301615 0.071
v 0.004272029 -0.139702648 0.0715
v 0.004625581 -0.140056208 0.071
v -0.0812390447 -0.0612460263 0.0715
v -0.08175622 -0.06053487 0.0715
v -0.0808621049 -0.0609175339 0.071
v -0.08182794 -0.0598496832 0.07125001
v -0.08215779 -0.0596989654 0.0715
v -0.08132756 -0.0602774881 0.071
v -0.08168896 -0.0595251769 0.071
v -0.08240388 -0.05876858 0.0715
v -0.08191046 -0.05868783 0.071
v -0.082205 -0.05833234 0.07125001
v -0.08246658 -0.0577896759 0.0715
v -0.08206153 -0.0567462072 0.07125001
v -0.08196688 -0.057806816 0.071
v -0.08233695 -0.05681737 0.0715
v -0.0818502158 -0.05693174 0.071
v -0.0820276663 -0.0559060276 0.0715
v -0.0815718547 -0.05611154 0.071
v -0.081434086 -0.0553448536 0.07125001
v -0.0815697461 -0.05509962 0.0715
v -0.08082828 -0.0546023473 0.07125001
v -0.08115973 -0.0553857647 0.071
v -0.08100505 -0.0544255748 0.0715
v -0.08065151 -0.0547791235 0.071
v -0.08033101 -0.05386088 0.0715
v -0.0800448656 -0.0542708971 0.071
v -0.08008577 -0.0539965443 0.07125001
v -0.07952459 -0.05340296 0.0715
v -0.07931909 -0.0538587756 0.071
v -0.07918309 -0.0535309575 0.07125001
v -0.07861326 -0.053093683 0.0715
v -0.07849889 -0.05358042 0.071
v -0.07816443 -0.05326221 0.07125001
v -0.07764095 -0.0529640466 0.0715
v -0.0776238143 -0.0534637533 0.071
v -0.0770982951 -0.05322563 0.07125001
v -0.07666205 -0.05302674 0.0715
v -0.0767428055 -0.0535201728 0.071
v -0.0760636 -0.0534239374 0.07125001
v -0.0757316649 -0.05327284 0.0715
v -0.07590545 -0.0537416637 0.071
v -0.07513113 -0.0538265631 0.07125001
v -0.07489577 -0.05367441 0.0715
v -0.07515314 -0.05410308 0.071
v -0.0741846 -0.0541915856 0.0715
v -0.0745131 -0.0545685366 0.071
v 0.006945517 -0.135327354 0.0715
v 0.00745217875 -0.136039317 0.0715
v 0.006565027 -0.135651752 0.071
v 0.007515542 -0.136721164 0.07125001
v 0.007843394 -0.136872962 0.0715
v 0.007021025 -0.136292517 0.071
v 0.007373113 -0.137042791 0.071
v 0.008080531 -0.137798175 0.0715
v 0.007586539 -0.137875482 0.071
v 0.007878374 -0.138229892 0.07125001
v 0.008136719 -0.138769761 0.0715
v 0.00772819668 -0.139802933 0.07125001
v 0.007637106 -0.138749912 0.071
v 0.00800363 -0.139733821 0.0715
v 0.00751733035 -0.139617562 0.071
v 0.007693846 -0.140637308 0.0715
v 0.007238522 -0.1404307 0.071
v 0.00710187852 -0.141192585 0.07125001
v 0.007237736 -0.141437292 0.0715
v 0.0064994134 -0.141930044 0.07125001
v 0.006828025 -0.141150683 0.071
v 0.0066761896 -0.142106816 0.0715
v 0.006322637 -0.141753256 0.071
v 0.006006662 -0.142668366 0.0715
v 0.00572005659 -0.142258659 0.071
v 0.00576196238 -0.1425325 0.07125001
v 0.00520668551 -0.143124461 0.0715
v 0.005000077 -0.142669141 0.071
v 0.004866656 -0.1429966 0.07125001
v 0.004303202 -0.143434256 0.0715
v 0.004186947 -0.142947957 0.071
v 0.0038568005 -0.143266976 0.07125001
v 0.00333913416 -0.143567339 0.0715
v 0.003319282 -0.143067732 0.071
v 0.00279927254 -0.143309 0.07125001
v 0.00236754864 -0.143511146 0.0715
v 0.00244485587 -0.143017158 0.071
v 0.001771152 -0.143119574 0.07125001
v 0.00144233555 -0.143274009 0.0715
v 0.00161216408 -0.142803743 0.071
v 0.000841848552 -0.142727956 0.07125001
v 0.000608701259 -0.1428828 0.0715
v 0.000861894339 -0.142451644 0.071
v -0.000103265047 -0.14237614 0.0715
v 0.000221122056 -0.141995654 0.071
v 0.006945517 -0.135327354 0.0715
v 0.006945517 -0.135327354 0.075500004
v 0.00745217875 -0.136039317 0.075500004
v 0.00751610845 -0.136151478 0.07350001
v 0.00745217875 -0.136039317 0.0715
v 0.007843394 -0.136872962 0.075500004
v 0.007843394 -0.136872962 0.0715
v 0.007928334 -0.1371297 0.07350001
v 0.008080531 -0.137798175 0.075500004
v 0.008080531 -0.137798175 0.0715
v 0.008127723 -0.138211921 0.07350001
v 0.008136719 -0.138769761 0.075500004
v 0.008136719 -0.138769761 0.0715
v 0.008083507 -0.139325112 0.07350001
v 0.00800363 -0.139733821 0.075500004
v 0.00800363 -0.139733821 0.0715
v 0.007798888 -0.140388131 0.07350001
v 0.007693846 -0.140637308 0.075500004
v 0.007693846 -0.140637308 0.0715
v 0.0073103644 -0.14133054 0.07350001
v 0.007237736 -0.141437292 0.075500004
v 0.0066761896 -0.142106816 0.07350001
v 0.007237736 -0.141437292 0.0715
v 0.0066761896 -0.142106816 0.075500004
v 0.0066761896 -0.142106816 0.0715
v 0.006006662 -0.142668366 0.075500004
v 0.006006662 -0.142668366 0.0715
v 0.00589992851 -0.142741 0.07350001
v 0.00520668551 -0.143124461 0.075500004
v 0.00520668551 -0.143124461 0.0715
v 0.00520668551 -0.143124461 0.07350001
v 0.00443713 -0.143400267 0.07350001
v 0.004303202 -0.143434256 0.075500004
v 0.004303202 -0.143434256 0.0715
v 0.003617771 -0.143548459 0.07350001
v 0.00333913416 -0.143567339 0.075500004
v 0.00333913416 -0.143567339 0.0715
v 0.002781298 -0.143558353 0.07350001
v 0.00236754864 -0.143511146 0.075500004
v 0.00236754864 -0.143511146 0.0715
v 0.00196242332 -0.143430471 0.07350001
v 0.00144233555 -0.143274009 0.075500004
v 0.00144233555 -0.143274009 0.0715
v 0.001193177 -0.143176422 0.07350001
v 0.000608701259 -0.1428828 0.075500004
v 0.000608701259 -0.1428828 0.0715
v 0.0004990548 -0.142816514 0.07350001
v -0.000103268772 -0.14237614 0.075500004
v -0.000103265047 -0.14237614 0.0715
v -0.0812390447 -0.0612460263 0.0715
v -0.0812390447 -0.0612460263 0.075500004
v -0.08175622 -0.06053487 0.075500004
v -0.0818216652 -0.060422577 0.07350001
v -0.08175622 -0.06053487 0.0715
v -0.08215779 -0.0596989654 0.075500004
v -0.08215779 -0.0596989654 0.0715
v -0.082245484 -0.0594410263 0.07350001
v -0.08240388 -0.05876858 0.075500004
v -0.08240388 -0.05876858 0.0715
v -0.0824542344 -0.0583518781 0.07350001
v -0.08246658 -0.0577896759 0.075500004
v -0.08246658 -0.0577896759 0.0715
v -0.08241573 -0.0572296344 0.07350001
v -0.08233695 -0.05681737 0.075500004
v -0.08233695 -0.05681737 0.0715
v -0.08213283 -0.0561573543 0.07350001
v -0.0820276663 -0.0559060276 0.075500004
v -0.0820276663 -0.0559060276 0.0715
v -0.08164275 -0.0552071556 0.07350001
v -0.0815697461 -0.05509962 0.075500004
v -0.08100505 -0.0544255748 0.07350001
v -0.0815697461 -0.05509962 0.0715
v -0.08100505 -0.0544255748 0.075500004
v -0.08100505 -0.0544255748 0.0715
v -0.08033101 -0.05386088 0.075500004
v -0.08033101 -0.05386088 0.0715
v -0.08022347 -0.05378788 0.07350001
v -0.07952459 -0.05340296 0.075500004
v -0.07952459 -0.05340296 0.0715
v -0.07952459 -0.05340296 0.07350001
v -0.07874836 -0.0531274155 0.07350001
v -0.07861326 -0.053093683 0.075500004
v -0.07861326 -0.053093683 0.0715
v -0.07792191 -0.05298161 0.07350001
v -0.07764095 -0.0529640466 0.075500004
v -0.07764095 -0.0529640466 0.0715
v -0.0770787448 -0.0529763959 0.07350001
v -0.07666205 -0.05302674 0.075500004
v -0.07666205 -0.05302674 0.0715
v -0.07625439 -0.0531110056 0.07350001
v -0.0757316649 -0.05327284 0.075500004
v -0.0757316649 -0.05327284 0.0715
v -0.07548155 -0.0533733 0.07350001
v -0.07489577 -0.05367441 0.075500004
v -0.07489577 -0.05367441 0.0715
v -0.07478605 -0.05374222 0.07350001
v -0.0741846 -0.0541915856 0.075500004
v -0.0741846 -0.0541915856 0.0715
v -0.07515314 -0.05410308 0.071
v -0.0745131 -0.0545685366 0.071
v -0.07590545 -0.0537416637 0.071
v -0.07573919 -0.0567711741 0.071
v -0.0767428055 -0.0535201728 0.071
v -0.0776238143 -0.0534637533 0.071
v -0.0759846 -0.0564761832 0.071
v -0.07849889 -0.05358042 0.071
v -0.0762795955 -0.05623077 0.071
v -0.07663545 -0.0560338423 0.071
v -0.07931909 -0.0538587756 0.071
v -0.07703921 -0.0559056625 0.071
v -0.07746953 -0.055861108 0.071
v -0.07789983 -0.0559056662 0.071
v -0.0800448656 -0.0542708971 0.071
v -0.0783036053 -0.056033846 0.071
v -0.07865946 -0.05623077 0.071
v -0.08065151 -0.0547791235 0.071
v -0.07895445 -0.0564761832 0.071
v -0.0791998655 -0.0567711741 0.071
v -0.08115973 -0.0553857647 0.071
v -0.0793967843 -0.0571270324 0.071
v -0.0795249641 -0.0575307943 0.071
v -0.0815718547 -0.05611154 0.071
v -0.079569526 -0.0579611063 0.071
v -0.0795249641 -0.0583914146 0.071
v -0.0793967843 -0.0587951764 0.071
v -0.0818502158 -0.05693174 0.071
v -0.0791998655 -0.05915104 0.071
v -0.07895445 -0.05944603 0.071
v -0.08196688 -0.057806816 0.071
v -0.07865946 -0.059691444 0.071
v -0.08191046 -0.05868783 0.071
v -0.08168896 -0.0595251769 0.071
v -0.0808621049 -0.0609175339 0.071
v -0.08132756 -0.0602774881 0.071
v -0.04609617 -0.09128131 0.071
v -0.0783036 -0.0598883629 0.071
v -0.07789984 -0.0600165427 0.071
v -0.0462274477 -0.09104407 0.071
v -0.07746953 -0.0600611046 0.071
v -0.0463129021 -0.0907748938 0.071
v -0.07703922 -0.0600165427 0.071
v -0.04634261 -0.09048802 0.071
v -0.0463129021 -0.09020115 0.071
v -0.07663545 -0.0598883666 0.071
v -0.0462274477 -0.08993197 0.071
v -0.0762795955 -0.059691444 0.071
v -0.04609617 -0.08969473 0.071
v -0.0759846047 -0.05944603 0.071
v -0.04593256 -0.08949807 0.071
v -0.0457359 -0.08933446 0.071
v -0.07573919 -0.05915104 0.071
v -0.045498658 -0.08920318 0.071
v -0.07554227 -0.05879518 0.071
v -0.04522948 -0.08911773 0.071
v -0.07541409 -0.0583914146 0.071
v -0.04494261 -0.08908802 0.071
v -0.0446557365 -0.08911773 0.071
v -0.07536952 -0.0579611063 0.071
v -0.044386562 -0.08920318 0.071
v -0.07541409 -0.05753079 0.071
v -0.04414932 -0.08933446 0.071
v -0.07554227 -0.05712703 0.071
v -0.04395266 -0.08949807 0.071
v -0.0413949452 -0.08342908 0.071
v -0.038225092 -0.08659893 0.071
v -0.04378905 -0.08969473 0.071
v -0.0436577722 -0.08993197 0.071
v -0.0435723141 -0.09020115 0.071
v -0.04354261 -0.09048802 0.071
v -0.0435723141 -0.0907748938 0.071
v -0.0436577722 -0.09104407 0.071
v -0.04378905 -0.09128131 0.071
v -0.04395266 -0.09147797 0.071
v -0.04812459 -0.09649843 0.071
v -0.04414932 -0.0916415751 0.071
v -0.044386562 -0.0917728543 0.071
v -0.0446557328 -0.09185831 0.071
v -0.04494261 -0.09188802 0.071
v -0.0452294834 -0.09185831 0.071
v -0.045498658 -0.0917728543 0.071
v -0.0457358956 -0.0916415751 0.071
v -0.04593256 -0.09147797 0.071
v -0.0520015471 -0.0940356851 0.071
v -0.0286931954 -0.117344037 0.071
v -0.0311540253 -0.11346899 0.071
v 0.000221122056 -0.141995654 0.071
v -0.0261335671 -0.111276954 0.071
v -0.0262971744 -0.1110803 0.071
v -0.0264284555 -0.110843055 0.071
v -0.02651391 -0.11057388 0.071
v -0.02654362 -0.110287011 0.071
v -0.0265139118 -0.110000134 0.071
v -0.0264284555 -0.109730959 0.071
v -0.0262971744 -0.109493718 0.071
v -0.0261335671 -0.109297059 0.071
v -0.02125453 -0.103569493 0.071
v -0.0259369053 -0.109133452 0.071
v -0.0256996658 -0.109002173 0.071
v -0.0254304931 -0.108916715 0.071
v -0.0251436178 -0.108887009 0.071
v -0.0248567443 -0.108916715 0.071
v -0.02458757 -0.109002173 0.071
v -0.02435033 -0.109133452 0.071
v -0.0241536684 -0.109297059 0.071
v -0.0180865936 -0.106737427 0.071
v 0.006565027 -0.135651752 0.071
v -0.0239900611 -0.109493718 0.071
v 0.00433058664 -0.13684094 0.071
v 0.007373113 -0.137042791 0.071
v 0.007021025 -0.136292517 0.071
v 0.007586539 -0.137875482 0.071
v 0.007637106 -0.138749912 0.071
v 0.00397472829 -0.136644021 0.071
v 0.004625581 -0.137086362 0.071
v 0.00357096642 -0.136515841 0.071
v -0.0238587782 -0.109730959 0.071
v 0.00314065814 -0.136471286 0.071
v -0.0237733256 -0.110000134 0.071
v 0.00271034613 -0.136515841 0.071
v -0.0237436164 -0.110287011 0.071
v 0.00751733035 -0.139617562 0.071
v 0.004870992 -0.137381345 0.071
v 0.005067911 -0.137737215 0.071
v 0.00230658054 -0.136644021 0.071
v -0.0237733237 -0.11057388 0.071
v -0.0238587782 -0.110843055 0.071
v 0.00195071846 -0.13684094 0.071
v -0.02399006 -0.1110803 0.071
v 0.007238522 -0.1404307 0.071
v 0.00165573508 -0.137086362 0.071
v -0.0241536684 -0.111276954 0.071
v -0.0243503284 -0.111440569 0.071
v 0.00141031668 -0.137381345 0.071
v -0.0245875679 -0.111571848 0.071
v 0.00519609451 -0.138140976 0.071
v 0.00524065644 -0.138571277 0.071
v 0.00519609451 -0.1390016 0.071
v 0.00121339783 -0.137737215 0.071
v -0.0248567462 -0.1116573 0.071
v -0.0251436178 -0.111687005 0.071
v 0.00108521432 -0.138140976 0.071
v -0.0254304912 -0.1116573 0.071
v 0.00104065612 -0.138571277 0.071
v -0.0256996639 -0.111571848 0.071
v 0.001085218 -0.1390016 0.071
v 0.006828025 -0.141150683 0.071
v 0.005067911 -0.139405355 0.071
v 0.004870992 -0.139761209 0.071
v -0.0259369053 -0.111440569 0.071
v 0.006322637 -0.141753256 0.071
v 0.004625581 -0.140056208 0.071
v 0.00433059037 -0.140301615 0.071
v 0.00121339783 -0.139405355 0.071
v 0.00572005659 -0.142258659 0.071
v 0.00397472829 -0.140498534 0.071
v 0.0035709627 -0.140626714 0.071
v 0.005000077 -0.142669141 0.071
v 0.00314065441 -0.140671283 0.071
v 0.00271034613 -0.140626729 0.071
v 0.00230658054 -0.140498549 0.071
v 0.004186947 -0.142947957 0.071
v 0.00195072591 -0.140301615 0.071
v 0.00165573135 -0.140056208 0.071
v 0.003319282 -0.143067732 0.071
v 0.0014103204 -0.139761209 0.071
v 0.00244485587 -0.143017158 0.071
v 0.00161216408 -0.142803743 0.071
v 0.000861894339 -0.142451644 0.071
v 0.004272029 -0.139702648 0.075500004
v 0.004272029 -0.139702648 0.0715
v 0.004047271 -0.139889628 0.0715
v 0.004011225 -0.139913708 0.07350001
v 0.004047271 -0.139889628 0.075500004
v 0.00377614051 -0.140039667 0.0715
v 0.00377614051 -0.140039667 0.075500004
v 0.00369136781 -0.140073523 0.07350001
v 0.00346851349 -0.14013733 0.0715
v 0.00346851349 -0.14013733 0.075500004
v 0.00332935154 -0.140160114 0.07350001
v 0.00314065814 -0.140171275 0.0715
v 0.00314065814 -0.140171275 0.075500004
v 0.00295196474 -0.140160114 0.07350001
v 0.00281280279 -0.14013733 0.0715
v 0.00281280279 -0.14013733 0.075500004
v 0.00258994848 -0.140073523 0.07350001
v 0.00250517577 -0.140039667 0.0715
v 0.002505172 -0.140039667 0.075500004
v 0.00227009133 -0.139913708 0.07350001
v 0.00223404169 -0.139889628 0.0715
v 0.00200928748 -0.139702648 0.07350001
v 0.00223404169 -0.139889628 0.075500004
v 0.00200928748 -0.139702648 0.0715
v 0.00200928748 -0.139702648 0.075500004
v 0.001822304 -0.1394779 0.0715
v 0.001822304 -0.1394779 0.075500004
v 0.00179823115 -0.139441848 0.07350001
v 0.00167227536 -0.139206767 0.0715
v 0.00167227164 -0.139206767 0.075500004
v 0.00167227536 -0.139206767 0.07350001
v 0.0015848577 -0.13894476 0.07350001
v 0.00157461315 -0.138899148 0.0715
v 0.00157461315 -0.138899148 0.075500004
v 0.00154345855 -0.138665885 0.07350001
v 0.00154065713 -0.138571277 0.0715
v 0.00154065713 -0.138571277 0.075500004
v 0.00155182555 -0.138382584 0.07350001
v 0.00157461315 -0.138243437 0.0715
v 0.00157461315 -0.138243437 0.075500004
v 0.00160918757 -0.13810803 0.07350001
v 0.00167227536 -0.1379358 0.0715
v 0.00167227536 -0.1379358 0.075500004
v 0.00171042606 -0.13785404 0.07350001
v 0.00182230771 -0.137664661 0.0715
v 0.00182230771 -0.137664661 0.075500004
v 0.00184714049 -0.137629569 0.07350001
v 0.00200928375 -0.1374399 0.0715
v 0.00200928375 -0.1374399 0.075500004
v 0.00223404169 -0.137252927 0.0715
v 0.0022700876 -0.137228847 0.07350001
v 0.00223404169 -0.137252927 0.075500004
v 0.00250517949 -0.1371029 0.0715
v 0.00250517949 -0.1371029 0.075500004
v 0.00258994848 -0.137069046 0.07350001
v 0.00281280652 -0.13700524 0.0715
v 0.00281280652 -0.13700524 0.075500004
v 0.00295196474 -0.136982441 0.07350001
v 0.00314065814 -0.13697128 0.0715
v 0.00314065814 -0.13697128 0.075500004
v 0.00332935154 -0.136982441 0.07350001
v 0.00346851721 -0.13700524 0.0715
v 0.00346851721 -0.13700524 0.075500004
v 0.00369136781 -0.137069046 0.07350001
v 0.00377614424 -0.137102887 0.0715
v 0.00377614424 -0.137102887 0.075500004
v 0.004011225 -0.137228847 0.07350001
v 0.004047271 -0.137252927 0.0715
v 0.004272029 -0.1374399 0.07350001
v 0.004047271 -0.137252927 0.075500004
v 0.004272029 -0.1374399 0.0715
v 0.004272029 -0.1374399 0.075500004
v 0.00445900857 -0.137664676 0.0715
v 0.00445900857 -0.137664676 0.075500004
v 0.004483085 -0.137700722 0.07350001
v 0.00460904464 -0.1379358 0.0715
v 0.00460904464 -0.1379358 0.075500004
v 0.00460904464 -0.1379358 0.07350001
v 0.00469645858 -0.138197809 0.07350001
v 0.004706707 -0.138243422 0.0715
v 0.004706707 -0.138243422 0.075500004
v 0.00473785773 -0.138476685 0.07350001
v 0.004740659 -0.138571277 0.0715
v 0.004740659 -0.138571277 0.075500004
v 0.00472949073 -0.138759971 0.07350001
v 0.004706707 -0.138899133 0.0715
v 0.004706707 -0.138899133 0.075500004
v 0.00467212871 -0.139034539 0.07350001
v 0.00460904464 -0.139206767 0.0715
v 0.00460904464 -0.139206767 0.075500004
v 0.00457089 -0.139288515 0.07350001
v 0.00445900857 -0.1394779 0.0715
v 0.004459005 -0.1394779 0.075500004
v 0.00443417951 -0.139512986 0.07350001
v 0.004272029 -0.139702648 0.0715
v 0.004272029 -0.139702648 0.075500004
v -0.0257800147 -0.109650612 0.0715
v -0.02588519 -0.109777041 0.0715
v -0.0261335671 -0.109297059 0.071
v -0.0261715986 -0.1097715 0.07125001
v -0.0259695854 -0.109929547 0.0715
v -0.0262971744 -0.109493718 0.071
v -0.0264284555 -0.109730959 0.071
v -0.02602452 -0.110102594 0.0715
v -0.0265139118 -0.110000134 0.071
v -0.0262855925 -0.110151388 0.07125001
v -0.02604362 -0.110287011 0.0715
v -0.02626185 -0.110555448 0.07125001
v -0.02654362 -0.110287011 0.071
v -0.02602452 -0.110471427 0.0715
v -0.02651391 -0.11057388 0.071
v -0.0259695873 -0.110644467 0.0715
v -0.0264284555 -0.110843055 0.071
v -0.0261084884 -0.110912725 0.07125001
v -0.025885189 -0.110796981 0.0715
v -0.02595679 -0.111100182 0.07125001
v -0.0262971744 -0.1110803 0.071
v -0.0257800128 -0.1109234 0.0715
v -0.0261335671 -0.111276954 0.071
v -0.0256535877 -0.111028582 0.0715
v -0.0259369053 -0.111440569 0.071
v -0.025769338 -0.111251876 0.07125001
v -0.0255010761 -0.111112975 0.0715
v -0.0256996639 -0.111571848 0.071
v -0.02553944 -0.111366741 0.07125001
v -0.0253280364 -0.111167908 0.0715
v -0.0254304912 -0.1116573 0.071
v -0.0252792425 -0.111428984 0.07125001
v -0.0251436159 -0.111187011 0.0715
v -0.0251436178 -0.111687005 0.071
v -0.025007993 -0.111428984 0.07125001
v -0.0249592 -0.111167908 0.0715
v -0.0248567462 -0.1116573 0.071
v -0.0247477945 -0.111366741 0.07125001
v -0.0247861575 -0.111112975 0.0715
v -0.0245875679 -0.111571848 0.071
v -0.0245178975 -0.111251876 0.07125001
v -0.024633646 -0.111028582 0.0715
v -0.0243503284 -0.111440569 0.071
v -0.02450722 -0.110923409 0.0715
v -0.0241536684 -0.111276954 0.071
v -0.02450722 -0.110923409 0.075500004
v -0.02450722 -0.110923409 0.0715
v -0.024633646 -0.111028582 0.0715
v -0.0246539228 -0.111042127 0.07350001
v -0.024633646 -0.111028582 0.075500004
v -0.0247861575 -0.111112975 0.0715
v -0.0247861557 -0.111112975 0.075500004
v -0.0248338431 -0.111132018 0.07350001
v -0.0249592 -0.111167908 0.0715
v -0.0249592 -0.111167908 0.075500004
v -0.0250374749 -0.11118073 0.07350001
v -0.0251436159 -0.111187011 0.0715
v -0.0251436159 -0.111187011 0.075500004
v -0.0252497569 -0.11118073 0.07350001
v -0.0253280364 -0.111167908 0.0715
v -0.0253280364 -0.111167908 0.075500004
v -0.0254533924 -0.111132018 0.07350001
v -0.0255010761 -0.111112975 0.0715
v -0.0255010761 -0.111112975 0.075500004
v -0.02563331 -0.111042127 0.07350001
v -0.0256535877 -0.111028582 0.0715
v -0.0257800128 -0.1109234 0.07350001
v -0.0256535877 -0.111028582 0.075500004
v -0.0257800128 -0.1109234 0.0715
v -0.0257800128 -0.1109234 0.075500004
v -0.025885189 -0.110796981 0.0715
v -0.0258851871 -0.110796981 0.075500004
v -0.0258987322 -0.1107767 0.07350001
v -0.0259695873 -0.110644467 0.0715
v -0.0259695854 -0.110644467 0.075500004
v -0.0259695854 -0.110644467 0.07350001
v -0.0260187555 -0.110497087 0.07350001
v -0.02602452 -0.110471427 0.0715
v -0.02602452 -0.110471427 0.075500004
v -0.0260420442 -0.110340215 0.07350001
v -0.02604362 -0.110287011 0.0715
v -0.0260436181 -0.110287011 0.075500004
v -0.0260373354 -0.11018087 0.07350001
v -0.02602452 -0.110102594 0.0715
v -0.02602452 -0.110102594 0.075500004
v -0.0260050688 -0.110026434 0.07350001
v -0.0259695854 -0.109929547 0.0715
v -0.0259695835 -0.109929547 0.075500004
v -0.025948124 -0.109883562 0.07350001
v -0.02588519 -0.109777041 0.0715
v -0.025885189 -0.109777041 0.075500004
v -0.025871221 -0.1097573 0.07350001
v -0.0257800147 -0.109650612 0.0715
v -0.0257800147 -0.109650612 0.075500004
v -0.02565359 -0.109545439 0.0715
v -0.02563331 -0.109531894 0.07350001
v -0.0256535877 -0.109545439 0.075500004
v -0.0255010761 -0.109461039 0.0715
v -0.0255010761 -0.109461039 0.075500004
v -0.0254533924 -0.109441996 0.07350001
v -0.0253280364 -0.109406106 0.0715
v -0.0253280364 -0.109406106 0.075500004
v -0.0252497569 -0.109393291 0.07350001
v -0.02514362 -0.10938701 0.0715
v -0.0251436178 -0.10938701 0.075500004
v -0.0250374749 -0.109393291 0.07350001
v -0.0249592 -0.109406106 0.0715
v -0.0249592 -0.109406106 0.075500004
v -0.0248338431 -0.109442 0.07350001
v -0.02478616 -0.109461039 0.0715
v -0.0247861575 -0.109461039 0.075500004
v -0.0246539228 -0.109531894 0.07350001
v -0.024633646 -0.109545439 0.0715
v -0.02450722 -0.109650612 0.07350001
v -0.024633646 -0.109545439 0.075500004
v -0.02450722 -0.109650612 0.0715
v -0.02450722 -0.109650612 0.075500004
v -0.0244020447 -0.109777041 0.0715
v -0.0244020447 -0.109777041 0.075500004
v -0.0243885014 -0.109797314 0.07350001
v -0.0243176483 -0.109929547 0.0715
v -0.0243176483 -0.109929547 0.075500004
v -0.0243176483 -0.109929547 0.07350001
v -0.0242684782 -0.110076927 0.07350001
v -0.0242627151 -0.110102594 0.0715
v -0.0242627151 -0.110102594 0.075500004
v -0.0242451914 -0.1102338 0.07350001
v -0.0242436156 -0.110287011 0.0715
v -0.0242436156 -0.110287011 0.075500004
v -0.0242498964 -0.110393152 0.07350001
v -0.0242627151 -0.110471427 0.0715
v -0.0242627151 -0.110471427 0.075500004
v -0.0242821649 -0.110547587 0.07350001
v -0.0243176483 -0.110644467 0.0715
v -0.0243176483 -0.110644467 0.075500004
v -0.02433911 -0.110690452 0.07350001
v -0.0244020447 -0.110796981 0.0715
v -0.0244020447 -0.110796981 0.075500004
v -0.0244160127 -0.110816717 0.07350001
v -0.02450722 -0.110923409 0.0715
v -0.02450722 -0.110923409 0.075500004
v -0.045579005 -0.08985162 0.0715
v -0.04568418 -0.08997805 0.0715
v -0.04593256 -0.08949807 0.071
v -0.04597059 -0.0899725 0.07125001
v -0.0457685776 -0.09013056 0.0715
v -0.04609617 -0.08969473 0.071
v -0.0462274477 -0.08993197 0.071
v -0.0458235145 -0.0903036 0.0715
v -0.0463129021 -0.09020115 0.071
v -0.0460845828 -0.09035239 0.07125001
v -0.04584261 -0.09048802 0.0715
v -0.04606084 -0.09075646 0.07125001
v -0.04634261 -0.09048802 0.071
v -0.0458235145 -0.09067243 0.0715
v -0.0463129021 -0.0907748938 0.071
v -0.0457685776 -0.09084548 0.0715
v -0.0462274477 -0.09104407 0.071
v -0.04590748 -0.09111374 0.07125001
v -0.04568418 -0.09099799 0.0715
v -0.04575578 -0.09130119 0.07125001
v -0.04609617 -0.09128131 0.071
v -0.045579005 -0.0911244154 0.0715
v -0.04593256 -0.09147797 0.071
v -0.04545258 -0.09122959 0.0715
v -0.0457358956 -0.0916415751 0.071
v -0.04556833 -0.09145289 0.07125001
v -0.0453000665 -0.09131399 0.0715
v -0.045498658 -0.0917728543 0.071
v -0.0453384332 -0.0915677547 0.07125001
v -0.0451270267 -0.09136892 0.0715
v -0.0452294834 -0.09185831 0.071
v -0.0450782329 -0.09163 0.07125001
v -0.04494261 -0.09138802 0.0715
v -0.04494261 -0.09188802 0.071
v -0.044806987 -0.09163 0.07125001
v -0.0447581932 -0.09136892 0.0715
v -0.0446557328 -0.09185831 0.071
v -0.0445467867 -0.0915677547 0.07125001
v -0.04458515 -0.09131399 0.0715
v -0.044386562 -0.0917728543 0.071
v -0.0443168879 -0.09145289 0.07125001
v -0.04443264 -0.09122959 0.0715
v -0.04414932 -0.0916415751 0.071
v -0.04430621 -0.0911244154 0.0715
v -0.04395266 -0.09147797 0.071
v -0.04430621 -0.0911244154 0.075500004
v -0.04430621 -0.0911244154 0.0715
v -0.04443264 -0.09122959 0.0715
v -0.0444529131 -0.09124313 0.07350001
v -0.04443264 -0.09122959 0.075500004
v -0.04458515 -0.09131399 0.0715
v -0.04458515 -0.09131399 0.075500004
v -0.0446328335 -0.09133303 0.07350001
v -0.0447581932 -0.09136892 0.0715
v -0.04475819 -0.09136892 0.075500004
v -0.04483647 -0.0913817361 0.07350001
v -0.04494261 -0.09138802 0.0715
v -0.04494261 -0.09138802 0.075500004
v -0.04504875 -0.0913817361 0.07350001
v -0.0451270267 -0.09136892 0.0715
v -0.0451270267 -0.09136892 0.075500004
v -0.0452523828 -0.0913330242 0.07350001
v -0.0453000665 -0.09131399 0.0715
v -0.0453000665 -0.09131399 0.075500004
v -0.0454323031 -0.09124313 0.07350001
v -0.04545258 -0.09122959 0.0715
v -0.045579005 -0.0911244154 0.07350001
v -0.04545258 -0.09122959 0.075500004
v -0.045579005 -0.0911244154 0.0715
v -0.045579005 -0.0911244154 0.075500004
v -0.04568418 -0.09099799 0.0715
v -0.04568418 -0.09099799 0.075500004
v -0.0456977263 -0.09097771 0.07350001
v -0.0457685776 -0.09084548 0.0715
v -0.0457685776 -0.09084548 0.075500004
v -0.0457685776 -0.09084548 0.07350001
v -0.0458177477 -0.0906981 0.07350001
v -0.0458235145 -0.09067243 0.0715
v -0.04582351 -0.09067243 0.075500004
v -0.0458410345 -0.09054123 0.07350001
v -0.04584261 -0.09048802 0.0715
v -0.04584261 -0.09048802 0.075500004
v -0.04583633 -0.0903818756 0.07350001
v -0.0458235145 -0.0903036 0.0715
v -0.04582351 -0.0903036 0.075500004
v -0.04580406 -0.09022744 0.07350001
v -0.0457685776 -0.09013056 0.0715
v -0.0457685776 -0.09013056 0.075500004
v -0.0457471162 -0.0900845751 0.07350001
v -0.04568418 -0.08997805 0.0715
v -0.04568418 -0.08997805 0.075500004
v -0.04567021 -0.08995831 0.07350001
v -0.045579005 -0.08985162 0.0715
v -0.045579005 -0.08985162 0.075500004
v -0.04545258 -0.0897464454 0.0715
v -0.0454323031 -0.0897329 0.07350001
v -0.04545258 -0.0897464454 0.075500004
v -0.04530007 -0.08966205 0.0715
v -0.04530007 -0.08966205 0.075500004
v -0.0452523828 -0.08964301 0.07350001
v -0.0451270267 -0.08960712 0.0715
v -0.0451270267 -0.08960712 0.075500004
v -0.04504875 -0.0895943 0.07350001
v -0.04494261 -0.0895880163 0.0715
v -0.04494261 -0.0895880163 0.075500004
v -0.04483647 -0.0895943 0.07350001
v -0.0447581932 -0.08960712 0.0715
v -0.04475819 -0.08960712 0.075500004
v -0.0446328335 -0.08964301 0.07350001
v -0.04458515 -0.08966205 0.0715
v -0.04458515 -0.08966205 0.075500004
v -0.0444529131 -0.0897329 0.07350001
v -0.04443264 -0.0897464454 0.0715
v -0.04430621 -0.0898516253 0.07350001
v -0.04443264 -0.0897464454 0.075500004
v -0.04430621 -0.0898516253 0.0715
v -0.04430621 -0.0898516253 0.075500004
v -0.04420104 -0.08997805 0.0715
v -0.04420104 -0.08997805 0.075500004
v -0.0441874936 -0.08999833 0.07350001
v -0.04411664 -0.09013056 0.0715
v -0.04411664 -0.09013056 0.075500004
v -0.04411664 -0.09013056 0.07350001
v -0.0440674722 -0.09027794 0.07350001
v -0.0440617055 -0.0903036 0.0715
v -0.0440617055 -0.0903036 0.075500004
v -0.04404418 -0.09043481 0.07350001
v -0.04404261 -0.09048802 0.0715
v -0.04404261 -0.09048802 0.075500004
v -0.04404889 -0.09059416 0.07350001
v -0.0440617055 -0.09067243 0.0715
v -0.0440617055 -0.09067243 0.075500004
v -0.04408116 -0.09074859 0.07350001
v -0.0441166423 -0.09084548 0.0715
v -0.0441166423 -0.09084548 0.075500004
v -0.0441381037 -0.0908914655 0.07350001
v -0.04420104 -0.09099799 0.0715
v -0.04420104 -0.09099799 0.075500004
v -0.0442150049 -0.09101773 0.07350001
v -0.04430621 -0.0911244154 0.0715
v -0.04430621 -0.0911244154 0.075500004
v -0.07633816 -0.059092477 0.075500004
v -0.07633816 -0.059092477 0.0715
v -0.07656291 -0.0592794567 0.0715
v -0.07659896 -0.0593035333 0.07350001
v -0.07656291 -0.0592794567 0.075500004
v -0.07683404 -0.05942949 0.0715
v -0.07683404 -0.05942949 0.075500004
v -0.07691881 -0.0594633445 0.07350001
v -0.0771416649 -0.05952716 0.0715
v -0.0771416649 -0.05952716 0.075500004
v -0.07728083 -0.0595499426 0.07350001
v -0.07746953 -0.0595611036 0.0715
v -0.07746953 -0.0595611036 0.075500004
v -0.07765822 -0.0595499426 0.07350001
v -0.07779738 -0.059527155 0.0715
v -0.07779738 -0.059527155 0.075500004
v -0.07802023 -0.0594633445 0.07350001
v -0.078105 -0.0594294928 0.0715
v -0.078105 -0.0594294928 0.075500004
v -0.07834008 -0.0593035333 0.07350001
v -0.0783761442 -0.0592794567 0.0715
v -0.0786009 -0.059092477 0.07350001
v -0.0783761442 -0.0592794567 0.075500004
v -0.0786009 -0.059092477 0.0715
v -0.0786009 -0.059092477 0.075500004
v -0.07878788 -0.0588677227 0.0715
v -0.07878788 -0.0588677227 0.075500004
v -0.07881196 -0.05883167 0.07350001
v -0.07893791 -0.05859659 0.0715
v -0.07893792 -0.05859659 0.075500004
v -0.07893791 -0.05859659 0.07350001
v -0.07902533 -0.05833458 0.07350001
v -0.0790355653 -0.0582889654 0.0715
v -0.0790355653 -0.0582889654 0.075500004
v -0.07906672 -0.0580557026 0.07350001
v -0.079069525 -0.0579611026 0.0715
v -0.079069525 -0.0579611026 0.075500004
v -0.079058364 -0.0577724129 0.07350001
v -0.07903557 -0.05763325 0.0715
v -0.07903557 -0.05763325 0.075500004
v -0.0790009946 -0.0574978553 0.07350001
v -0.07893791 -0.05732562 0.0715
v -0.07893791 -0.05732562 0.075500004
v -0.0788997561 -0.05724387 0.07350001
v -0.07878788 -0.05705449 0.0715
v -0.07878788 -0.05705449 0.075500004
v -0.07876304 -0.0570194 0.07350001
v -0.0786009 -0.0568297356 0.0715
v -0.0786009 -0.0568297356 0.075500004
v -0.07837614 -0.0566427559 0.0715
v -0.07834009 -0.05661868 0.07350001
v -0.0783761442 -0.0566427559 0.075500004
v -0.078105 -0.05649272 0.0715
v -0.078105 -0.05649272 0.075500004
v -0.07802024 -0.0564588681 0.07350001
v -0.07779738 -0.0563950539 0.0715
v -0.07779738 -0.0563950539 0.075500004
v -0.07765822 -0.05637227 0.07350001
v -0.07746953 -0.0563611053 0.0715
v -0.07746953 -0.0563611053 0.075500004
v -0.0772808343 -0.05637227 0.07350001
v -0.0771416649 -0.0563950576 0.0715
v -0.0771416649 -0.0563950576 0.075500004
v -0.07691881 -0.0564588681 0.07350001
v -0.07683404 -0.0564927161 0.0715
v -0.07683404 -0.0564927161 0.075500004
v -0.07659896 -0.0566186756 0.07350001
v -0.07656291 -0.0566427559 0.0715
v -0.07633816 -0.0568297356 0.07350001
v -0.07656291 -0.0566427559 0.075500004
v -0.07633816 -0.0568297356 0.0715
v -0.07633816 -0.0568297356 0.075500004
v -0.07615118 -0.05705449 0.0715
v -0.07615118 -0.05705449 0.075500004
v -0.0761271 -0.05709054 0.07350001
v -0.07600114 -0.05732562 0.0715
v -0.07600114 -0.05732562 0.075500004
v -0.07600114 -0.05732562 0.07350001
v -0.07591373 -0.0575876273 0.07350001
v -0.0759034753 -0.0576332472 0.0715
v -0.0759034753 -0.0576332472 0.075500004
v -0.0758723244 -0.05786651 0.07350001
v -0.07586952 -0.0579611063 0.0715
v -0.07586952 -0.0579611063 0.075500004
v -0.07588069 -0.0581498 0.07350001
v -0.0759034753 -0.05828896 0.0715
v -0.0759034753 -0.05828896 0.075500004
v -0.07593805 -0.0584243573 0.07350001
v -0.07600114 -0.05859659 0.0715
v -0.07600114 -0.05859659 0.075500004
v -0.0760392845 -0.05867834 0.07350001
v -0.07615117 -0.0588677227 0.0715
v -0.07615118 -0.0588677227 0.075500004
v -0.076176 -0.05890281 0.07350001
v -0.07633816 -0.059092477 0.0715
v -0.07633816 -0.059092477 0.075500004
v -0.0808621 -0.0609175339 0.076000005
v -0.08132755 -0.0602774881 0.076000005
v -0.0812390447 -0.0612460263 0.075500004
v -0.08160406 -0.0602995 0.07575001
v -0.08175622 -0.06053487 0.075500004
v -0.08168896 -0.0595251769 0.076000005
v -0.08215779 -0.0596989654 0.075500004
v -0.08200669 -0.0593670271 0.07575001
v -0.08191046 -0.05868783 0.076000005
v -0.08240388 -0.05876858 0.075500004
v -0.082205 -0.05833234 0.07575001
v -0.08196688 -0.057806816 0.076000005
v -0.08246658 -0.0577896759 0.075500004
v -0.0821684152 -0.0572662055 0.07575001
v -0.0818502158 -0.05693174 0.076000005
v -0.08233695 -0.05681737 0.075500004
v -0.08189967 -0.0562475361 0.07575001
v -0.0815718547 -0.05611154 0.076000005
v -0.0820276663 -0.0559060276 0.075500004
v -0.081434086 -0.0553448536 0.07575001
v -0.08115973 -0.0553857647 0.076000005
v -0.08082828 -0.0546023473 0.07575001
v -0.0815697461 -0.05509962 0.075500004
v -0.08065151 -0.0547791235 0.076000005
v -0.08100505 -0.0544255748 0.075500004
v -0.0800448656 -0.0542708971 0.076000005
v -0.08033101 -0.05386088 0.075500004
v -0.08008577 -0.0539965443 0.07575001
v -0.07931909 -0.0538587756 0.076000005
v -0.07868442 -0.0533690974 0.07575001
v -0.07952459 -0.05340296 0.075500004
v -0.078498885 -0.05358042 0.076000005
v -0.07861326 -0.053093683 0.075500004
v -0.0776238143 -0.0534637533 0.076000005
v -0.07764095 -0.0529640466 0.075500004
v -0.0770982951 -0.05322563 0.07575001
v -0.0767428 -0.0535201728 0.076000005
v -0.07558095 -0.05360269 0.07575001
v -0.07666205 -0.05302674 0.075500004
v -0.07590545 -0.0537416637 0.076000005
v -0.0757316649 -0.05327284 0.075500004
v -0.07515314 -0.05410308 0.076000005
v -0.07489577 -0.05367441 0.075500004
v -0.0745131 -0.0545685366 0.076000005
v -0.0741846 -0.0541915856 0.075500004
v 0.00656503066 -0.135651752 0.076000005
v 0.007021025 -0.136292517 0.076000005
v 0.006945517 -0.135327354 0.075500004
v 0.007297337 -0.136272475 0.07575001
v 0.00745217875 -0.136039317 0.075500004
v 0.007373117 -0.137042791 0.076000005
v 0.007843394 -0.136872962 0.075500004
v 0.00768895075 -0.137201771 0.07575001
v 0.007586539 -0.137875482 0.076000005
v 0.008080531 -0.137798175 0.075500004
v 0.007878374 -0.138229892 0.07575001
v 0.00763710961 -0.138749912 0.076000005
v 0.008136719 -0.138769761 0.075500004
v 0.00783636048 -0.139287412 0.07575001
v 0.007517334 -0.139617562 0.076000005
v 0.00800363 -0.139733821 0.075500004
v 0.00756597146 -0.140297279 0.07575001
v 0.007238526 -0.1404307 0.076000005
v 0.007693846 -0.140637308 0.075500004
v 0.00710187852 -0.141192585 0.07575001
v 0.00682802871 -0.141150683 0.076000005
v 0.006499417 -0.141930044 0.07575001
v 0.007237736 -0.141437292 0.075500004
v 0.006322637 -0.141753256 0.076000005
v 0.0066761896 -0.142106816 0.075500004
v 0.00572006032 -0.142258659 0.076000005
v 0.006006662 -0.142668366 0.075500004
v 0.00576196238 -0.1425325 0.07575001
v 0.005000081 -0.142669141 0.076000005
v 0.00437230244 -0.143158823 0.07575001
v 0.00520668551 -0.143124461 0.075500004
v 0.004186947 -0.142947957 0.076000005
v 0.004303202 -0.143434256 0.075500004
v 0.003319282 -0.143067732 0.076000005
v 0.00333913416 -0.143567339 0.075500004
v 0.00279926881 -0.143309 0.07575001
v 0.00244485587 -0.143017158 0.076000005
v 0.00129054859 -0.142946154 0.07575001
v 0.00236754864 -0.143511146 0.075500004
v 0.00161216408 -0.142803743 0.076000005
v 0.00144233555 -0.143274009 0.075500004
v 0.000861898065 -0.142451644 0.076000005
v 0.000608701259 -0.1428828 0.075500004
v 0.000221122056 -0.141995654 0.076000005
v -0.000103268772 -0.14237614 0.075500004
v -0.08132755 -0.0602774881 0.076000005
v -0.0808621 -0.0609175339 0.076000005
v -0.08168896 -0.0595251769 0.076000005
v -0.07865946 -0.059691444 0.076000005
v -0.08191046 -0.05868783 0.076000005
v -0.08196688 -0.057806816 0.076000005
v -0.07895444 -0.05944603 0.076000005
v -0.0818502158 -0.05693174 0.076000005
v -0.0791998655 -0.05915104 0.076000005
v -0.0793967843 -0.0587951764 0.076000005
v -0.0815718547 -0.05611154 0.076000005
v -0.0795249641 -0.0583914146 0.076000005
v -0.07956952 -0.0579611063 0.076000005
v -0.0795249641 -0.0575307943 0.076000005
v -0.08115973 -0.0553857647 0.076000005
v -0.0793967843 -0.0571270324 0.076000005
v -0.0791998655 -0.0567711741 0.076000005
v -0.08065151 -0.0547791235 0.076000005
v -0.07895444 -0.0564761832 0.076000005
v -0.07865946 -0.05623077 0.076000005
v -0.0800448656 -0.0542708971 0.076000005
v -0.0783036 -0.056033846 0.076000005
v -0.07789983 -0.0559056662 0.076000005
v -0.07931909 -0.0538587756 0.076000005
v -0.07746953 -0.055861108 0.076000005
v -0.07703921 -0.0559056625 0.076000005
v -0.07663545 -0.0560338423 0.076000005
v -0.078498885 -0.05358042 0.076000005
v -0.0762795955 -0.05623077 0.076000005
v -0.0759846 -0.0564761832 0.076000005
v -0.0776238143 -0.0534637533 0.076000005
v -0.07573919 -0.0567711741 0.076000005
v -0.0767428 -0.0535201728 0.076000005
v -0.07590545 -0.0537416637 0.076000005
v -0.0745131 -0.0545685366 0.076000005
v -0.07515314 -0.05410308 0.076000005
v -0.04414932 -0.08933446 0.076000005
v -0.07554226 -0.05712703 0.076000005
v -0.07541409 -0.05753079 0.076000005
v -0.044386562 -0.08920318 0.076000005
v -0.07536952 -0.0579611063 0.076000005
v -0.0446557328 -0.08911773 0.076000005
v -0.04395266 -0.08949807 0.076000005
v -0.0413949452 -0.08342908 0.076000005
v -0.038225092 -0.08659893 0.076000005
v -0.04378905 -0.08969473 0.076000005
v -0.0436577722 -0.08993197 0.076000005
v -0.07541409 -0.0583914146 0.076000005
v -0.04494261 -0.08908802 0.076000005
v -0.04522948 -0.08911773 0.076000005
v -0.07554226 -0.05879518 0.076000005
v -0.045498658 -0.08920318 0.076000005
v -0.07573919 -0.05915104 0.076000005
v -0.0457358956 -0.08933446 0.076000005
v -0.0435723141 -0.09020115 0.076000005
v -0.0759846 -0.05944603 0.076000005
v -0.0459325574 -0.08949807 0.076000005
v -0.04609617 -0.08969473 0.076000005
v -0.0762795955 -0.059691444 0.076000005
v -0.0462274477 -0.08993197 0.076000005
v -0.07663545 -0.0598883666 0.076000005
v -0.0463129021 -0.09020115 0.076000005
v -0.04354261 -0.09048802 0.076000005
v -0.07703921 -0.0600165427 0.076000005
v -0.0463426076 -0.09048802 0.076000005
v -0.0463129021 -0.0907748938 0.076000005
v -0.07746953 -0.0600611046 0.076000005
v -0.0462274477 -0.09104407 0.076000005
v -0.07789984 -0.0600165427 0.076000005
v -0.0435723141 -0.0907748938 0.076000005
v -0.04609617 -0.09128131 0.076000005
v -0.0436577722 -0.09104407 0.076000005
v -0.04378905 -0.09128131 0.076000005
v -0.04395266 -0.09147797 0.076000005
v -0.0783036 -0.0598883629 0.076000005
v -0.04812459 -0.09649843 0.076000005
v -0.04414932 -0.0916415751 0.076000005
v -0.04438656 -0.0917728543 0.076000005
v -0.0446557328 -0.09185831 0.076000005
v -0.04494261 -0.09188802 0.076000005
v -0.0452294834 -0.09185831 0.076000005
v -0.045498658 -0.0917728543 0.076000005
v -0.0457358956 -0.0916415751 0.076000005
v -0.0459325574 -0.09147797 0.076000005
v -0.0520015471 -0.0940356851 0.076000005
v -0.0286931954 -0.117344037 0.076000005
v -0.0311540253 -0.11346899 0.076000005
v 0.000221122056 -0.141995654 0.076000005
v -0.0261335671 -0.111276954 0.076000005
v -0.0262971744 -0.1110803 0.076000005
v -0.0264284555 -0.110843055 0.076000005
v -0.0265139118 -0.11057388 0.076000005
v -0.0265436172 -0.110287011 0.076000005
v -0.0265139118 -0.110000134 0.076000005
v -0.0264284555 -0.109730959 0.076000005
v -0.0262971744 -0.109493718 0.076000005
v -0.0261335671 -0.109297059 0.076000005
v -0.02125453 -0.103569493 0.076000005
v -0.0259369053 -0.109133452 0.076000005
v -0.0256996658 -0.109002173 0.076000005
v -0.0254304912 -0.108916715 0.076000005
v -0.0251436178 -0.108887009 0.076000005
v -0.0248567425 -0.108916715 0.076000005
v -0.0245875679 -0.109002173 0.076000005
v -0.0243503284 -0.109133452 0.076000005
v -0.0241536684 -0.109297059 0.076000005
v -0.0180865936 -0.106737427 0.076000005
v 0.00656503066 -0.135651752 0.076000005
v -0.02399006 -0.109493718 0.076000005
v 0.00433059037 -0.13684094 0.076000005
v 0.003974732 -0.136644021 0.076000005
v 0.00357097015 -0.136515841 0.076000005
v -0.0238587782 -0.109730959 0.076000005
v 0.00314065814 -0.136471286 0.076000005
v -0.0237733237 -0.110000134 0.076000005
v 0.00271034613 -0.136515841 0.076000005
v -0.0237436183 -0.110287011 0.076000005
v 0.00230658427 -0.136644021 0.076000005
v -0.0237733237 -0.11057388 0.076000005
v -0.0238587782 -0.110843055 0.076000005
v 0.00195072219 -0.13684094 0.076000005
v -0.02399006 -0.1110803 0.076000005
v 0.00165573508 -0.137086362 0.076000005
v -0.0241536684 -0.111276954 0.076000005
v -0.0243503284 -0.111440569 0.076000005
v 0.00141031668 -0.137381345 0.076000005
v -0.0245875679 -0.111571848 0.076000005
v 0.00121339783 -0.137737215 0.076000005
v -0.0248567443 -0.1116573 0.076000005
v -0.0251436159 -0.111687005 0.076000005
v 0.001085218 -0.138140976 0.076000005
v -0.0254304912 -0.1116573 0.076000005
v 0.00104065984 -0.138571277 0.076000005
v -0.0256996639 -0.111571848 0.076000005
v 0.001085218 -0.1390016 0.076000005
v -0.0259369053 -0.111440569 0.076000005
v 0.00121339783 -0.139405355 0.076000005
v 0.0014103204 -0.139761209 0.076000005
v 0.00161216408 -0.142803743 0.076000005
v 0.000861898065 -0.142451644 0.076000005
v 0.00244485587 -0.143017158 0.076000005
v 0.003319282 -0.143067732 0.076000005
v 0.00165573508 -0.140056208 0.076000005
v 0.004186947 -0.142947957 0.076000005
v 0.00195072591 -0.140301615 0.076000005
v 0.00230658054 -0.140498549 0.076000005
v 0.005000081 -0.142669141 0.076000005
v 0.00271034613 -0.140626729 0.076000005
v 0.00314065814 -0.140671283 0.076000005
v 0.00357096642 -0.140626714 0.076000005
v 0.00572006032 -0.142258659 0.076000005
v 0.00397472829 -0.140498534 0.076000005
v 0.00433059037 -0.140301615 0.076000005
v 0.006322637 -0.141753256 0.076000005
v 0.004625581 -0.140056208 0.076000005
v 0.004870996 -0.139761209 0.076000005
v 0.00682802871 -0.141150683 0.076000005
v 0.00506791472 -0.139405355 0.076000005
v 0.00519609451 -0.1390016 0.076000005
v 0.007238526 -0.1404307 0.076000005
v 0.00524065644 -0.138571277 0.076000005
v 0.00519609824 -0.138140976 0.076000005
v 0.00506791472 -0.137737215 0.076000005
v 0.007517334 -0.139617562 0.076000005
v 0.004870996 -0.137381345 0.076000005
v 0.004625581 -0.137086362 0.076000005
v 0.00763710961 -0.138749912 0.076000005
v 0.007586539 -0.137875482 0.076000005
v 0.007373117 -0.137042791 0.076000005
v 0.007021025 -0.136292517 0.076000005
v 0.00200928375 -0.1374399 0.075500004
v 0.00223404169 -0.137252927 0.075500004
v 0.00165573508 -0.137086362 0.076000005
v 0.00231135264 -0.136917561 0.07575001
v 0.00250517949 -0.1371029 0.075500004
v 0.00195072219 -0.13684094 0.076000005
v 0.00230658427 -0.136644021 0.076000005
v 0.00281280652 -0.13700524 0.075500004
v 0.00271034613 -0.136515841 0.076000005
v 0.00292248279 -0.136734188 0.07575001
v 0.00314065814 -0.13697128 0.075500004
v 0.00357249 -0.1367724 0.07575001
v 0.00314065814 -0.136471286 0.076000005
v 0.00346851721 -0.13700524 0.075500004
v 0.00357097015 -0.136515841 0.076000005
v 0.00377614424 -0.137102887 0.075500004
v 0.003974732 -0.136644021 0.076000005
v 0.00414725 -0.1370191 0.07575001
v 0.004047271 -0.137252927 0.075500004
v 0.004448805 -0.137263134 0.07575001
v 0.00433059037 -0.13684094 0.076000005
v 0.004272029 -0.1374399 0.075500004
v 0.004625581 -0.137086362 0.076000005
v 0.00445900857 -0.137664676 0.075500004
v 0.004870996 -0.137381345 0.076000005
v 0.00469284132 -0.137564689 0.07575001
v 0.00460904464 -0.1379358 0.075500004
v 0.00506791472 -0.137737215 0.076000005
v 0.004877623 -0.137934521 0.07575001
v 0.004706707 -0.138243422 0.075500004
v 0.00519609824 -0.138140976 0.076000005
v 0.004977744 -0.138353109 0.07575001
v 0.004740659 -0.138571277 0.075500004
v 0.00524065644 -0.138571277 0.076000005
v 0.004977748 -0.13878946 0.07575001
v 0.004706707 -0.138899133 0.075500004
v 0.00519609451 -0.1390016 0.076000005
v 0.00487761572 -0.139208034 0.07575001
v 0.00460904464 -0.139206767 0.075500004
v 0.00506791472 -0.139405355 0.076000005
v 0.0046928376 -0.139577866 0.07575001
v 0.004459005 -0.1394779 0.075500004
v 0.004870996 -0.139761209 0.076000005
v 0.004272029 -0.139702648 0.075500004
v 0.004625581 -0.140056208 0.076000005
v -0.0257800147 -0.109650612 0.075500004
v -0.0256535877 -0.109545439 0.075500004
v -0.0261335671 -0.109297059 0.076000005
v -0.02565913 -0.109259024 0.07575001
v -0.0255010761 -0.109461039 0.075500004
v -0.0259369053 -0.109133452 0.076000005
v -0.0256996658 -0.109002173 0.076000005
v -0.0253280364 -0.109406106 0.075500004
v -0.0254304912 -0.108916715 0.076000005
v -0.02527924 -0.10914503 0.07575001
v -0.0251436178 -0.10938701 0.075500004
v -0.0248751789 -0.109168775 0.07575001
v -0.0251436178 -0.108887009 0.076000005
v -0.0249592 -0.109406106 0.075500004
v -0.0248567425 -0.108916715 0.076000005
v -0.0247861575 -0.109461039 0.075500004
v -0.0245875679 -0.109002173 0.076000005
v -0.0245178975 -0.109322138 0.07575001
v -0.024633646 -0.109545439 0.075500004
v -0.0243304446 -0.109473839 0.07575001
v -0.0243503284 -0.109133452 0.076000005
v -0.02450722 -0.109650612 0.075500004
v -0.0241536684 -0.109297059 0.076000005
v -0.0244020447 -0.109777041 0.075500004
v -0.02399006 -0.109493718 0.076000005
v -0.0241787471 -0.109661289 0.07575001
v -0.0243176483 -0.109929547 0.075500004
v -0.0238587782 -0.109730959 0.076000005
v -0.0240638833 -0.109891184 0.07575001
v -0.0242627151 -0.110102594 0.075500004
v -0.0237733237 -0.110000134 0.076000005
v -0.0240016431 -0.11015138 0.07575001
v -0.0242436156 -0.110287011 0.075500004
v -0.0237436183 -0.110287011 0.076000005
v -0.0240016431 -0.110422634 0.07575001
v -0.0242627151 -0.110471427 0.075500004
v -0.0237733237 -0.11057388 0.076000005
v -0.0240638852 -0.11068283 0.07575001
v -0.0243176483 -0.110644467 0.075500004
v -0.0238587782 -0.110843055 0.076000005
v -0.0241787471 -0.110912725 0.07575001
v -0.0244020447 -0.110796981 0.075500004
v -0.02399006 -0.1110803 0.076000005
v -0.02450722 -0.110923409 0.075500004
v -0.0241536684 -0.111276954 0.076000005
v -0.045579005 -0.08985162 0.075500004
v -0.04545258 -0.0897464454 0.075500004
v -0.0459325574 -0.08949807 0.076000005
v -0.0454581231 -0.08946004 0.07575001
v -0.04530007 -0.08966205 0.075500004
v -0.0457358956 -0.08933446 0.076000005
v -0.045498658 -0.08920318 0.076000005
v -0.0451270267 -0.08960712 0.075500004
v -0.04522948 -0.08911773 0.076000005
v -0.0450782329 -0.0893460438 0.07575001
v -0.04494261 -0.0895880163 0.075500004
v -0.044674173 -0.08936979 0.07575001
v -0.04494261 -0.08908802 0.076000005
v -0.04475819 -0.08960712 0.075500004
v -0.0446557328 -0.08911773 0.076000005
v -0.04458515 -0.08966205 0.075500004
v -0.044386562 -0.08920318 0.076000005
v -0.0443168879 -0.08952315 0.07575001
v -0.04443264 -0.0897464454 0.075500004
v -0.04412944 -0.0896748453 0.07575001
v -0.04414932 -0.08933446 0.076000005
v -0.04430621 -0.0898516253 0.075500004
v -0.04395266 -0.08949807 0.076000005
v -0.04420104 -0.08997805 0.075500004
v -0.04378905 -0.08969473 0.076000005
v -0.0439777374 -0.0898623 0.07575001
v -0.04411664 -0.09013056 0.075500004
v -0.0436577722 -0.08993197 0.076000005
v -0.0438628756 -0.0900922 0.07575001
v -0.0440617055 -0.0903036 0.075500004
v -0.0435723141 -0.09020115 0.076000005
v -0.0438006334 -0.09035239 0.07575001
v -0.04404261 -0.09048802 0.075500004
v -0.04354261 -0.09048802 0.076000005
v -0.0438006371 -0.09062364 0.07575001
v -0.0440617055 -0.09067243 0.075500004
v -0.0435723141 -0.0907748938 0.076000005
v -0.0438628756 -0.09088384 0.07575001
v -0.0441166423 -0.09084548 0.075500004
v -0.0436577722 -0.09104407 0.076000005
v -0.0439777374 -0.09111374 0.07575001
v -0.04420104 -0.09099799 0.075500004
v -0.04378905 -0.09128131 0.076000005
v -0.04430621 -0.0911244154 0.075500004
v -0.04395266 -0.09147797 0.076000005
v -0.0786009 -0.0568297356 0.075500004
v -0.0783761442 -0.0566427559 0.075500004
v -0.07895444 -0.0564761832 0.076000005
v -0.07829883 -0.0563073941 0.07575001
v -0.078105 -0.05649272 0.075500004
v -0.07865946 -0.05623077 0.076000005
v -0.0783036 -0.056033846 0.076000005
v -0.07779738 -0.0563950539 0.075500004
v -0.07789983 -0.0559056662 0.076000005
v -0.0776877 -0.0561240129 0.07575001
v -0.07746953 -0.0563611053 0.075500004
v -0.07703769 -0.056162212 0.07575001
v -0.07746953 -0.055861108 0.076000005
v -0.0771416649 -0.0563950576 0.075500004
v -0.07703921 -0.0559056625 0.076000005
v -0.07683404 -0.0564927161 0.075500004
v -0.07663545 -0.0560338423 0.076000005
v -0.07646293 -0.0564089231 0.07575001
v -0.07656291 -0.0566427559 0.075500004
v -0.07616138 -0.05665296 0.07575001
v -0.0762795955 -0.05623077 0.076000005
v -0.07633816 -0.0568297356 0.075500004
v -0.0759846 -0.0564761832 0.076000005
v -0.07615118 -0.05705449 0.075500004
v -0.07573919 -0.0567711741 0.076000005
v -0.07591735 -0.05695451 0.07575001
v -0.07600114 -0.05732562 0.075500004
v -0.07554226 -0.05712703 0.076000005
v -0.07573256 -0.0573243462 0.07575001
v -0.0759034753 -0.0576332472 0.075500004
v -0.07541409 -0.05753079 0.076000005
v -0.07563244 -0.0577429272 0.07575001
v -0.07586952 -0.0579611063 0.075500004
v -0.07536952 -0.0579611063 0.076000005
v -0.07563243 -0.0581792854 0.07575001
v -0.0759034753 -0.05828896 0.075500004
v -0.07541409 -0.0583914146 0.076000005
v -0.07573256 -0.0585978664 0.07575001
v -0.07600114 -0.05859659 0.075500004
v -0.07554226 -0.05879518 0.076000005
v -0.07591734 -0.0589676946 0.07575001
v -0.07615118 -0.0588677227 0.075500004
v -0.07573919 -0.05915104 0.076000005
v -0.07633816 -0.059092477 0.075500004
v -0.0759846 -0.05944603 0.076000005
v -0.00538674 -0.120862633 0.07350001
v 0.006945517 -0.135327354 0.075500004
v 0.006945517 -0.135327354 0.0715
v -0.017718995 -0.106397919 0.0715
v -0.017718995 -0.106397919 0.075500004
v -0.0194867626 -0.104630157 0.07350001
v -0.017718995 -0.106397919 0.075500004
v -0.017718995 -0.106397919 0.0715
v -0.02125453 -0.102862388 0.0715
v -0.02125453 -0.102862388 0.075500004
v -0.0262042768 -0.107812136 0.07350001
v -0.02125453 -0.102862388 0.075500004
v -0.02125453 -0.102862388 0.0715
v -0.0311540253 -0.112761885 0.0715
v -0.0311540253 -0.112761885 0.075500004
v -0.0392857529 -0.08483116 0.07350001
v -0.0375179872 -0.08659893 0.075500004
v -0.0375179872 -0.08659893 0.0715
v -0.0410535224 -0.0830633938 0.0715
v -0.0410535224 -0.0830633938 0.075500004
v -0.0424677357 -0.09154868 0.07350001
v -0.0474174842 -0.09649843 0.075500004
v -0.0474174842 -0.09649843 0.0715
v -0.0375179872 -0.08659893 0.0715
v -0.0375179872 -0.08659893 0.075500004
v -0.0392857529 -0.104630157 0.07350001
v -0.0311540253 -0.112761885 0.075500004
v -0.0311540253 -0.112761885 0.0715
v -0.0474174842 -0.09649843 0.0715
v -0.0474174842 -0.09649843 0.075500004
v -0.0144057889 -0.129853636 0.07575001
v -0.000103268772 -0.14237614 0.075500004
v 0.000221122056 -0.141995654 0.076000005
v -0.0286931954 -0.117344037 0.076000005
v -0.0290327035 -0.117711633 0.075500004
v -0.005576981 -0.121024832 0.07575
v 0.006945517 -0.135327354 0.075500004
v -0.017718995 -0.106397919 0.075500004
v -0.0180865936 -0.106737427 0.076000005
v 0.00656503066 -0.135651752 0.076000005
v -0.04052319 -0.105867594 0.07575001
v -0.0520015471 -0.0940356851 0.076000005
v -0.0523672327 -0.09437711 0.075500004
v -0.0290327035 -0.117711633 0.075500004
v -0.0286931954 -0.117344037 0.076000005
v -0.0428212881 -0.09154868 0.07575001
v -0.0375179872 -0.08659893 0.075500004
v -0.038225092 -0.08659893 0.076000005
v -0.04812459 -0.09649843 0.076000005
v -0.0474174842 -0.09649843 0.075500004
v -0.0577833056 -0.06881597 0.07575
v -0.0741846 -0.0541915856 0.075500004
v -0.0745131 -0.0545685366 0.076000005
v -0.0413949452 -0.08342908 0.076000005
v -0.0410535224 -0.0830633938 0.075500004
v -0.06661466 -0.07764732 0.07575001
v -0.0812390447 -0.0612460263 0.075500004
v -0.0523672327 -0.09437711 0.075500004
v -0.0520015471 -0.0940356851 0.076000005
v -0.0808621 -0.0609175339 0.076000005
v -0.0394625328 -0.08500794 0.07575
v -0.0410535224 -0.0830633938 0.075500004
v -0.0413949452 -0.08342908 0.076000005
v -0.038225092 -0.08659893 0.076000005
v -0.0375179872 -0.08659893 0.075500004
v -0.0311540253 -0.112761885 0.075500004
v -0.03946253 -0.10480693 0.07575001
v -0.0311540253 -0.11346899 0.076000005
v -0.0474174842 -0.09649843 0.075500004
v -0.04812459 -0.09649843 0.076000005
v -0.02125453 -0.102862388 0.075500004
v -0.0262042787 -0.108165689 0.07575001
v -0.02125453 -0.103569493 0.076000005
v -0.0311540253 -0.112761885 0.075500004
v -0.0311540253 -0.11346899 0.076000005
v -0.057619065 -0.06862749 0.07350001
v -0.0410535224 -0.0830633938 0.0715
v -0.0741846 -0.0541915856 0.0715
v -0.0741846 -0.0541915856 0.075500004
v -0.0410535224 -0.0830633938 0.075500004
v -0.06680314 -0.07781157 0.07350001
v -0.0812390447 -0.0612460263 0.0715
v -0.0523672327 -0.09437711 0.0715
v -0.0523672327 -0.09437711 0.075500004
v -0.0812390447 -0.0612460263 0.075500004
v -0.0406999663 -0.106044367 0.07350001
v -0.0523672327 -0.09437711 0.0715
v -0.0290327035 -0.117711633 0.0715
v -0.0290327035 -0.117711633 0.075500004
v -0.0523672327 -0.09437711 0.075500004
v -0.014567988 -0.130043879 0.07350001
v -0.0290327035 -0.117711633 0.0715
v -0.000103265047 -0.14237614 0.0715
v -0.000103268772 -0.14237614 0.075500004
v -0.0290327035 -0.117711633 0.075500004
v -0.005576981 -0.121024832 0.07125001
v 0.006945517 -0.135327354 0.0715
v 0.006565027 -0.135651752 0.071
v -0.0180865936 -0.106737427 0.071
v -0.017718995 -0.106397919 0.0715
v -0.0262042787 -0.108165689 0.07125001
v -0.0311540253 -0.11346899 0.071
v -0.0311540253 -0.112761885 0.0715
v -0.02125453 -0.102862388 0.0715
v -0.02125453 -0.103569493 0.071
v -0.03946253 -0.10480693 0.07125001
v -0.04812459 -0.09649843 0.071
v -0.0474174842 -0.09649843 0.0715
v -0.0311540253 -0.112761885 0.0715
v -0.0311540253 -0.11346899 0.071
v -0.0666146651 -0.07764732 0.07125001
v -0.0812390447 -0.0612460263 0.0715
v -0.0808621049 -0.0609175339 0.071
v -0.0520015471 -0.0940356851 0.071
v -0.0523672327 -0.09437711 0.0715
v -0.0428212881 -0.09154868 0.07125001
v -0.038225092 -0.08659893 0.071
v -0.0375179872 -0.08659893 0.0715
v -0.0474174842 -0.09649843 0.0715
v -0.04812459 -0.09649843 0.071
v -0.0410535224 -0.0830633938 0.0715
v -0.0394625328 -0.08500794 0.07125001
v -0.0413949452 -0.08342908 0.071
v -0.0375179872 -0.08659893 0.0715
v -0.038225092 -0.08659893 0.071
v -0.0290327035 -0.117711633 0.0715
v -0.0405231938 -0.105867594 0.07125001
v -0.0286931954 -0.117344037 0.071
v -0.0523672327 -0.09437711 0.0715
v -0.0520015471 -0.0940356851 0.071
v -0.017718995 -0.106397919 0.075500004
v -0.0196635388 -0.10480693 0.07575
v -0.0180865936 -0.106737427 0.076000005
v -0.02125453 -0.102862388 0.075500004
v -0.02125453 -0.103569493 0.076000005
v -0.0413949452 -0.08342908 0.071
v -0.05778331 -0.06881597 0.07125001
v -0.0410535224 -0.0830633938 0.0715
v -0.0745131 -0.0545685366 0.071
v -0.0741846 -0.0541915856 0.0715
v -0.0286931954 -0.117344037 0.071
v -0.0144057889 -0.129853636 0.07125001
v -0.0290327035 -0.117711633 0.0715
v 0.000221122056 -0.141995654 0.071
v -0.000103265047 -0.14237614 0.0715
v -0.02125453 -0.102862388 0.0715
v -0.0196635388 -0.10480693 0.07125001
v -0.02125453 -0.103569493 0.071
v -0.017718995 -0.106397919 0.0715
v -0.0180865936 -0.106737427 0.071
f 1 2 3
f 2 4 3
f 3 4 5
f 2 6 4
f 4 7 5
f 6 8 4
f 4 8 7
f 6 9 8
f 8 10 7
f 9 11 8
f 8 11 10
f 9 12 11
f 11 13 10
f 12 14 11
f 11 14 13
f 12 15 14
f 14 16 13
f 15 17 14
f 14 17 16
f 15 18 17
f 17 19 16
f 18 20 17
f 17 20 19
f 18 21 20
f 21 22 20
f 20 23 19
f 20 22 23
f 21 24 22
f 22 25 23
f 24 26 22
f 22 27 25
f 26 28 22
f 22 28 27
f 26 29 28
f 29 30 28
f 28 31 27
f 28 30 31
f 29 32 30
f 30 33 31
f 32 34 30
f 30 35 33
f 34 36 30
f 30 36 35
f 34 37 36
f 37 38 36
f 36 39 35
f 36 38 39
f 37 40 38
f 38 41 39
f 40 42 38
f 38 43 41
f 42 44 38
f 44 43 38
f 44 45 43
f 46 47 48
f 47 49 48
f 48 49 50
f 47 51 49
f 49 52 50
f 51 53 49
f 49 53 52
f 51 54 53
f 53 55 52
f 54 56 53
f 53 56 55
f 54 57 56
f 56 58 55
f 57 59 56
f 56 59 58
f 57 60 59
f 59 61 58
f 60 62 59
f 59 62 61
f 60 63 62
f 62 64 61
f 63 65 62
f 62 65 64
f 63 66 65
f 66 67 65
f 65 68 64
f 65 67 68
f 66 69 67
f 67 70 68
f 69 71 67
f 67 72 70
f 71 73 67
f 67 73 72
f 71 74 73
f 74 75 73
f 73 76 72
f 73 75 76
f 74 77 75
f 75 78 76
f 77 79 75
f 75 80 78
f 79 81 75
f 75 81 80
f 79 82 81
f 82 83 81
f 81 84 80
f 81 83 84
f 82 85 83
f 83 86 84
f 85 87 83
f 83 88 86
f 87 89 83
f 89 88 83
f 89 90 88
f 91 92 93
f 92 94 93
f 93 94 95
f 92 96 94
f 94 97 95
f 96 98 94
f 94 98 97
f 96 99 98
f 98 100 97
f 99 101 98
f 98 101 100
f 99 102 101
f 101 103 100
f 102 104 101
f 101 104 103
f 102 105 104
f 104 106 103
f 105 107 104
f 104 107 106
f 105 108 107
f 107 109 106
f 108 110 107
f 107 110 109
f 108 111 110
f 111 112 110
f 110 113 109
f 110 112 113
f 111 114 112
f 112 115 113
f 114 116 112
f 112 117 115
f 116 118 112
f 112 118 117
f 116 119 118
f 119 120 118
f 118 121 117
f 118 120 121
f 119 122 120
f 120 123 121
f 122 124 120
f 120 125 123
f 124 126 120
f 120 126 125
f 124 127 126
f 127 128 126
f 126 129 125
f 126 128 129
f 127 130 128
f 128 131 129
f 130 132 128
f 128 133 131
f 132 134 128
f 134 133 128
f 134 135 133
f 136 137 138
f 137 139 138
f 138 139 140
f 137 141 139
f 139 142 140
f 141 143 139
f 139 143 142
f 141 144 143
f 143 145 142
f 144 146 143
f 143 146 145
f 144 147 146
f 146 148 145
f 147 149 146
f 146 149 148
f 147 150 149
f 149 151 148
f 150 152 149
f 149 152 151
f 150 153 152
f 152 154 151
f 153 155 152
f 152 155 154
f 153 156 155
f 156 157 155
f 155 158 154
f 155 157 158
f 156 159 157
f 157 160 158
f 159 161 157
f 157 162 160
f 161 163 157
f 157 163 162
f 161 164 163
f 164 165 163
f 163 166 162
f 163 165 166
f 164 167 165
f 165 168 166
f 167 169 165
f 165 170 168
f 169 171 165
f 165 171 170
f 169 172 171
f 172 173 171
f 171 174 170
f 171 173 174
f 172 175 173
f 173 176 174
f 175 177 173
f 173 178 176
f 177 179 173
f 179 178 173
f 179 180 178
f 181 182 183
f 181 183 184
f 185 181 184
f 184 183 186
f 187 185 184
f 184 186 188
f 189 187 184
f 190 184 188
f 189 184 190
f 190 188 191
f 192 190 191
f 193 189 190
f 193 190 192
f 192 191 194
f 195 193 192
f 192 194 196
f 197 195 192
f 198 192 196
f 197 192 198
f 198 196 199
f 200 198 199
f 201 197 198
f 201 198 200
f 200 199 202
f 203 201 200
f 200 202 204
f 205 203 200
f 206 200 204
f 205 200 206
f 206 204 207
f 208 205 206
f 209 206 207
f 208 206 209
f 209 207 210
f 211 208 209
f 212 209 210
f 211 209 212
f 212 210 213
f 214 211 212
f 215 212 213
f 214 212 215
f 215 213 216
f 217 214 215
f 218 215 216
f 217 215 218
f 218 216 219
f 220 217 218
f 221 218 219
f 220 218 221
f 221 219 222
f 223 220 221
f 224 221 222
f 223 221 224
f 225 223 224
f 224 226 225
f 226 227 225
f 226 228 227
f 225 227 229
f 227 230 229
f 228 231 227
f 227 232 230
f 231 233 227
f 227 233 232
f 231 234 233
f 234 235 233
f 233 236 232
f 233 235 236
f 234 237 235
f 235 238 236
f 237 239 235
f 235 240 238
f 239 241 235
f 235 241 240
f 239 242 241
f 242 243 241
f 241 244 240
f 241 243 244
f 242 245 243
f 243 246 244
f 245 247 243
f 243 248 246
f 247 249 243
f 243 249 248
f 247 250 249
f 249 251 248
f 250 252 249
f 249 252 251
f 250 253 252
f 252 254 251
f 253 255 252
f 252 255 254
f 253 256 255
f 255 257 254
f 256 258 255
f 255 258 257
f 256 259 258
f 258 260 257
f 259 261 258
f 258 261 260
f 259 262 261
f 261 263 260
f 262 264 261
f 261 264 263
f 262 265 264
f 264 266 263
f 265 267 264
f 267 266 264
f 267 268 266
f 269 270 271
f 270 272 271
f 271 272 273
f 270 274 272
f 272 275 273
f 274 276 272
f 272 276 275
f 274 277 276
f 276 278 275
f 277 279 276
f 276 279 278
f 277 280 279
f 279 281 278
f 280 282 279
f 279 282 281
f 280 283 282
f 282 284 281
f 283 285 282
f 282 285 284
f 283 286 285
f 285 287 284
f 286 288 285
f 285 288 287
f 286 289 288
f 289 290 288
f 288 291 287
f 288 290 291
f 289 292 290
f 290 293 291
f 292 294 290
f 290 295 293
f 294 296 290
f 290 296 295
f 294 297 296
f 297 298 296
f 296 299 295
f 296 298 299
f 297 300 298
f 298 301 299
f 300 302 298
f 298 303 301
f 302 304 298
f 298 304 303
f 302 305 304
f 305 306 304
f 304 307 303
f 304 306 307
f 305 308 306
f 306 309 307
f 308 310 306
f 306 311 309
f 310 312 306
f 312 311 306
f 312 313 311
f 314 315 316
f 315 317 316
f 316 317 318
f 315 319 317
f 317 320 318
f 319 321 317
f 317 321 320
f 319 322 321
f 321 323 320
f 322 324 321
f 321 324 323
f 322 325 324
f 324 326 323
f 325 327 324
f 324 327 326
f 325 328 327
f 327 329 326
f 328 330 327
f 327 330 329
f 328 331 330
f 330 332 329
f 331 333 330
f 330 333 332
f 331 334 333
f 334 335 333
f 333 336 332
f 333 335 336
f 334 337 335
f 335 338 336
f 337 339 335
f 335 340 338
f 339 341 335
f 335 341 340
f 339 342 341
f 342 343 341
f 341 344 340
f 341 343 344
f 342 345 343
f 343 346 344
f 345 347 343
f 343 348 346
f 347 349 343
f 343 349 348
f 347 350 349
f 350 351 349
f 349 352 348
f 349 351 352
f 350 353 351
f 351 354 352
f 353 355 351
f 351 356 354
f 355 357 351
f 357 356 351
f 357 358 356
f 359 360 361
f 359 361 362
f 363 359 362
f 362 361 364
f 365 363 362
f 362 364 366
f 367 365 362
f 368 362 366
f 367 362 368
f 368 366 369
f 370 368 369
f 371 367 368
f 371 368 370
f 370 369 372
f 373 371 370
f 370 372 374
f 375 373 370
f 376 370 374
f 375 370 376
f 376 374 377
f 378 376 377
f 379 375 376
f 379 376 378
f 378 377 380
f 381 379 378
f 378 380 382
f 383 381 378
f 384 378 382
f 383 378 384
f 384 382 385
f 386 383 384
f 387 384 385
f 386 384 387
f 387 385 388
f 389 386 387
f 390 387 388
f 389 387 390
f 390 388 391
f 392 389 390
f 393 390 391
f 392 390 393
f 393 391 394
f 395 392 393
f 396 393 394
f 395 393 396
f 396 394 397
f 398 395 396
f 399 396 397
f 398 396 399
f 399 397 400
f 401 398 399
f 402 399 400
f 401 399 402
f 403 401 402
f 402 404 403
f 404 405 403
f 404 406 405
f 403 405 407
f 405 408 407
f 406 409 405
f 405 410 408
f 409 411 405
f 405 411 410
f 409 412 411
f 412 413 411
f 411 414 410
f 411 413 414
f 412 415 413
f 413 416 414
f 415 417 413
f 413 418 416
f 417 419 413
f 413 419 418
f 417 420 419
f 420 421 419
f 419 422 418
f 419 421 422
f 420 423 421
f 421 424 422
f 423 425 421
f 421 426 424
f 425 427 421
f 421 427 426
f 425 428 427
f 427 429 426
f 428 430 427
f 427 430 429
f 428 431 430
f 430 432 429
f 431 433 430
f 430 433 432
f 431 434 433
f 433 435 432
f 434 436 433
f 433 436 435
f 434 437 436
f 436 438 435
f 437 439 436
f 436 439 438
f 437 440 439
f 439 441 438
f 440 442 439
f 439 442 441
f 440 443 442
f 442 444 441
f 443 445 442
f 445 444 442
f 445 446 444
f 447 448 449
f 448 450 449
f 448 451 450
f 449 450 452
f 450 453 452
f 451 454 450
f 450 455 453
f 454 456 450
f 450 456 455
f 454 457 456
f 457 458 456
f 456 459 455
f 456 458 459
f 457 460 458
f 458 461 459
f 460 462 458
f 458 463 461
f 462 464 458
f 458 464 463
f 462 465 464
f 465 466 464
f 464 467 463
f 464 466 467
f 465 468 466
f 466 469 467
f 468 470 466
f 466 471 469
f 470 472 466
f 466 472 471
f 470 473 472
f 472 474 471
f 473 475 472
f 472 475 474
f 473 476 475
f 475 477 474
f 476 478 475
f 475 478 477
f 476 479 478
f 478 480 477
f 479 481 478
f 478 481 480
f 479 482 481
f 481 483 480
f 482 484 481
f 481 484 483
f 482 485 484
f 484 486 483
f 485 487 484
f 484 487 486
f 485 488 487
f 487 489 486
f 488 490 487
f 490 489 487
f 490 491 489
f 492 493 494
f 493 495 494
f 493 496 495
f 494 495 497
f 495 498 497
f 496 499 495
f 495 500 498
f 499 501 495
f 495 501 500
f 499 502 501
f 502 503 501
f 501 504 500
f 501 503 504
f 502 505 503
f 503 506 504
f 505 507 503
f 503 508 506
f 507 509 503
f 503 509 508
f 507 510 509
f 510 511 509
f 509 512 508
f 509 511 512
f 510 513 511
f 511 514 512
f 513 515 511
f 511 516 514
f 515 517 511
f 511 517 516
f 515 518 517
f 517 519 516
f 518 520 517
f 517 520 519
f 518 521 520
f 520 522 519
f 521 523 520
f 520 523 522
f 521 524 523
f 523 525 522
f 524 526 523
f 523 526 525
f 524 527 526
f 526 528 525
f 527 529 526
f 526 529 528
f 527 530 529
f 529 531 528
f 530 532 529
f 529 532 531
f 530 533 532
f 532 534 531
f 533 535 532
f 535 534 532
f 535 536 534
f 537 538 539
f 537 539 540
f 541 537 540
f 542 540 539
f 541 540 543
f 540 542 544
f 540 544 543
f 542 545 544
f 543 544 546
f 545 547 544
f 544 547 546
f 545 548 547
f 546 547 549
f 548 550 547
f 547 550 549
f 548 551 550
f 549 550 552
f 551 553 550
f 550 553 552
f 551 554 553
f 552 553 555
f 554 556 553
f 553 556 555
f 554 557 556
f 557 558 556
f 555 556 559
f 556 558 559
f 557 560 558
f 559 558 561
f 560 562 558
f 558 563 561
f 562 564 558
f 558 564 563
f 562 565 564
f 564 566 563
f 565 567 564
f 564 567 566
f 565 568 567
f 568 566 567
f 569 568 565
f 568 570 566
f 571 568 569
f 568 571 570
f 572 571 569
f 571 573 570
f 574 571 572
f 571 574 573
f 575 574 572
f 574 576 573
f 577 574 575
f 574 577 576
f 578 577 575
f 577 579 576
f 580 577 578
f 577 580 579
f 581 580 578
f 580 582 579
f 583 580 581
f 580 583 582
f 584 583 581
f 583 585 582
f 583 584 585
f 586 587 588
f 586 588 589
f 590 586 589
f 591 589 588
f 590 589 592
f 589 591 593
f 589 593 592
f 591 594 593
f 592 593 595
f 594 596 593
f 593 596 595
f 594 597 596
f 595 596 598
f 597 599 596
f 596 599 598
f 597 600 599
f 598 599 601
f 600 602 599
f 599 602 601
f 600 603 602
f 601 602 604
f 603 605 602
f 602 605 604
f 603 606 605
f 606 607 605
f 604 605 608
f 605 607 608
f 606 609 607
f 608 607 610
f 609 611 607
f 607 612 610
f 611 613 607
f 607 613 612
f 611 614 613
f 613 615 612
f 614 616 613
f 613 616 615
f 614 617 616
f 617 615 616
f 618 617 614
f 617 619 615
f 620 617 618
f 617 620 619
f 621 620 618
f 620 622 619
f 623 620 621
f 620 623 622
f 624 623 621
f 623 625 622
f 626 623 624
f 623 626 625
f 627 626 624
f 626 628 625
f 629 626 627
f 626 629 628
f 630 629 627
f 629 631 628
f 632 629 630
f 629 632 631
f 633 632 630
f 632 634 631
f 632 633 634
f 635 636 637
f 636 638 637
f 637 638 639
f 638 640 639
f 638 641 640
f 641 642 640
f 641 643 642
f 643 644 642
f 644 645 642
f 644 646 645
f 646 647 645
f 647 648 645
f 648 649 645
f 648 650 649
f 650 651 649
f 651 652 649
f 651 653 652
f 653 654 652
f 654 655 652
f 654 656 655
f 656 657 655
f 657 658 655
f 657 659 658
f 659 660 658
f 660 661 658
f 661 662 658
f 661 663 662
f 663 664 662
f 664 665 662
f 664 666 665
f 666 667 665
f 666 668 667
f 668 666 669
f 670 668 669
f 669 666 671
f 666 672 671
f 672 673 671
f 673 674 671
f 673 675 674
f 675 676 674
f 675 677 676
f 677 678 676
f 677 679 678
f 677 680 679
f 680 681 679
f 680 682 681
f 682 683 681
f 682 684 683
f 683 684 685
f 684 686 685
f 684 687 686
f 687 688 686
f 687 689 688
f 689 690 688
f 689 691 690
f 691 692 690
f 691 693 692
f 691 694 693
f 694 695 693
f 694 696 695
f 696 697 695
f 696 698 697
f 697 698 638
f 697 638 636
f 699 697 636
f 699 636 700
f 701 699 700
f 699 701 702
f 701 703 702
f 701 704 703
f 704 701 705
f 701 706 705
f 701 707 706
f 707 701 708
f 701 709 708
f 701 710 709
f 710 711 709
f 710 712 711
f 712 710 713
f 710 714 713
f 710 715 714
f 715 710 716
f 710 717 716
f 710 718 717
f 718 710 671
f 669 671 710
f 719 669 710
f 719 710 720
f 710 721 720
f 721 722 720
f 721 723 722
f 724 723 721
f 725 724 721
f 726 725 721
f 727 726 721
f 728 727 721
f 729 728 721
f 730 729 721
f 731 730 721
f 731 721 732
f 733 731 732
f 734 733 732
f 735 734 732
f 736 735 732
f 737 736 732
f 738 737 732
f 739 738 732
f 740 739 732
f 741 740 732
f 741 742 740
f 742 743 740
f 742 744 743
f 745 744 742
f 746 745 742
f 744 745 747
f 744 747 748
f 744 749 743
f 750 744 748
f 749 751 743
f 751 752 743
f 751 753 752
f 753 754 752
f 753 755 754
f 755 756 754
f 750 748 757
f 758 750 757
f 759 758 757
f 755 760 756
f 760 761 756
f 760 762 761
f 762 760 763
f 764 762 763
f 759 757 765
f 763 766 764
f 766 767 764
f 766 768 767
f 768 766 769
f 770 768 769
f 771 759 765
f 772 771 765
f 773 772 765
f 770 769 774
f 775 770 774
f 776 775 774
f 776 774 777
f 778 776 777
f 778 777 779
f 780 778 779
f 780 779 781
f 773 765 782
f 783 773 782
f 784 783 782
f 785 780 781
f 784 782 786
f 787 784 786
f 788 787 786
f 789 785 781
f 788 786 790
f 791 788 790
f 792 791 790
f 792 790 793
f 794 792 793
f 795 794 793
f 796 795 793
f 796 793 797
f 798 796 797
f 799 798 797
f 799 797 800
f 801 799 800
f 801 800 802
f 803 801 802
f 722 801 803
f 804 722 803
f 785 801 722
f 723 785 722
f 785 789 801
f 805 806 807
f 805 807 808
f 809 805 808
f 808 807 810
f 811 809 808
f 812 808 810
f 811 808 812
f 812 810 813
f 814 811 812
f 815 812 813
f 814 812 815
f 815 813 816
f 817 814 815
f 818 815 816
f 817 815 818
f 818 816 819
f 820 817 818
f 821 818 819
f 820 818 821
f 821 819 822
f 823 820 821
f 824 821 822
f 823 821 824
f 824 822 825
f 826 824 825
f 827 823 824
f 827 824 826
f 826 825 828
f 829 827 826
f 830 826 828
f 831 829 826
f 832 826 830
f 831 826 832
f 833 832 830
f 834 831 832
f 835 832 833
f 835 834 832
f 836 835 833
f 835 836 834
f 836 833 837
f 836 838 834
f 839 836 837
f 836 839 838
f 839 837 840
f 839 841 838
f 842 839 840
f 839 842 841
f 842 840 843
f 842 844 841
f 845 842 843
f 842 845 844
f 845 843 846
f 845 847 844
f 848 845 846
f 845 848 847
f 848 846 849
f 848 850 847
f 851 848 849
f 848 851 850
f 851 849 852
f 850 851 853
f 851 852 853
f 852 854 853
f 854 855 853
f 853 855 856
f 854 857 855
f 855 858 856
f 857 859 855
f 855 859 858
f 857 860 859
f 859 861 858
f 860 862 859
f 859 862 861
f 860 863 862
f 862 864 861
f 863 865 862
f 862 865 864
f 863 866 865
f 865 867 864
f 866 868 865
f 865 868 867
f 866 869 868
f 868 870 867
f 869 871 868
f 868 871 870
f 869 872 871
f 872 873 871
f 871 874 870
f 871 873 874
f 872 875 873
f 873 876 874
f 875 877 873
f 873 878 876
f 877 879 873
f 873 879 878
f 877 880 879
f 879 881 878
f 880 882 879
f 879 882 881
f 880 883 882
f 883 881 882
f 884 883 880
f 883 885 881
f 886 883 884
f 883 886 885
f 887 886 884
f 886 888 885
f 889 886 887
f 886 889 888
f 890 889 887
f 889 891 888
f 892 889 890
f 889 892 891
f 893 892 890
f 892 894 891
f 895 892 893
f 892 895 894
f 896 895 893
f 895 897 894
f 898 895 896
f 895 898 897
f 899 898 896
f 898 900 897
f 898 899 900
f 901 902 903
f 902 904 903
f 902 905 904
f 903 904 906
f 904 907 906
f 905 908 904
f 904 909 907
f 908 910 904
f 904 910 909
f 908 911 910
f 911 912 910
f 910 913 909
f 910 912 913
f 911 914 912
f 912 915 913
f 914 916 912
f 912 917 915
f 916 918 912
f 912 918 917
f 916 919 918
f 919 920 918
f 918 921 917
f 918 920 921
f 919 922 920
f 920 923 921
f 922 924 920
f 920 925 923
f 924 926 920
f 920 926 925
f 924 927 926
f 926 928 925
f 927 929 926
f 926 929 928
f 927 930 929
f 929 931 928
f 930 932 929
f 929 932 931
f 930 933 932
f 932 934 931
f 933 935 932
f 932 935 934
f 933 936 935
f 935 937 934
f 936 938 935
f 935 938 937
f 936 939 938
f 938 940 937
f 939 941 938
f 938 941 940
f 939 942 941
f 941 943 940
f 942 944 941
f 944 943 941
f 944 945 943
f 946 947 948
f 946 948 949
f 950 946 949
f 949 948 951
f 952 950 949
f 953 949 951
f 952 949 953
f 953 951 954
f 955 952 953
f 956 953 954
f 955 953 956
f 956 954 957
f 958 955 956
f 959 956 957
f 958 956 959
f 959 957 960
f 961 958 959
f 962 959 960
f 961 959 962
f 962 960 963
f 964 961 962
f 965 962 963
f 964 962 965
f 965 963 966
f 967 965 966
f 968 964 965
f 968 965 967
f 967 966 969
f 970 968 967
f 971 967 969
f 972 970 967
f 973 967 971
f 972 967 973
f 974 973 971
f 975 972 973
f 976 973 974
f 976 975 973
f 977 976 974
f 976 977 975
f 977 974 978
f 977 979 975
f 980 977 978
f 977 980 979
f 980 978 981
f 980 982 979
f 983 980 981
f 980 983 982
f 983 981 984
f 983 985 982
f 986 983 984
f 983 986 985
f 986 984 987
f 986 988 985
f 989 986 987
f 986 989 988
f 989 987 990
f 989 991 988
f 992 989 990
f 989 992 991
f 992 990 993
f 991 992 994
f 992 993 994
f 993 995 994
f 995 996 994
f 994 996 997
f 995 998 996
f 996 999 997
f 998 1000 996
f 996 1000 999
f 998 1001 1000
f 1000 1002 999
f 1001 1003 1000
f 1000 1003 1002
f 1001 1004 1003
f 1003 1005 1002
f 1004 1006 1003
f 1003 1006 1005
f 1004 1007 1006
f 1006 1008 1005
f 1007 1009 1006
f 1006 1009 1008
f 1007 1010 1009
f 1009 1011 1008
f 1010 1012 1009
f 1009 1012 1011
f 1010 1013 1012
f 1013 1014 1012
f 1012 1015 1011
f 1012 1014 1015
f 1013 1016 1014
f 1014 1017 1015
f 1016 1018 1014
f 1014 1019 1017
f 1018 1020 1014
f 1014 1020 1019
f 1018 1021 1020
f 1020 1022 1019
f 1021 1023 1020
f 1020 1023 1022
f 1021 1024 1023
f 1024 1022 1023
f 1025 1024 1021
f 1024 1026 1022
f 1027 1024 1025
f 1024 1027 1026
f 1028 1027 1025
f 1027 1029 1026
f 1030 1027 1028
f 1027 1030 1029
f 1031 1030 1028
f 1030 1032 1029
f 1033 1030 1031
f 1030 1033 1032
f 1034 1033 1031
f 1033 1035 1032
f 1036 1033 1034
f 1033 1036 1035
f 1037 1036 1034
f 1036 1038 1035
f 1039 1036 1037
f 1036 1039 1038
f 1040 1039 1037
f 1039 1041 1038
f 1039 1040 1041
f 1042 1043 1044
f 1043 1045 1044
f 1043 1046 1045
f 1044 1045 1047
f 1045 1048 1047
f 1046 1049 1045
f 1045 1050 1048
f 1049 1051 1045
f 1045 1051 1050
f 1049 1052 1051
f 1052 1053 1051
f 1051 1054 1050
f 1051 1053 1054
f 1052 1055 1053
f 1053 1056 1054
f 1055 1057 1053
f 1053 1058 1056
f 1057 1059 1053
f 1053 1059 1058
f 1057 1060 1059
f 1060 1061 1059
f 1059 1062 1058
f 1059 1061 1062
f 1060 1063 1061
f 1061 1064 1062
f 1063 1065 1061
f 1061 1066 1064
f 1065 1067 1061
f 1061 1067 1066
f 1065 1068 1067
f 1067 1069 1066
f 1068 1070 1067
f 1067 1070 1069
f 1068 1071 1070
f 1070 1072 1069
f 1071 1073 1070
f 1070 1073 1072
f 1071 1074 1073
f 1073 1075 1072
f 1074 1076 1073
f 1073 1076 1075
f 1074 1077 1076
f 1076 1078 1075
f 1077 1079 1076
f 1076 1079 1078
f 1077 1080 1079
f 1079 1081 1078
f 1080 1082 1079
f 1079 1082 1081
f 1080 1083 1082
f 1082 1084 1081
f 1083 1085 1082
f 1085 1084 1082
f 1085 1086 1084
f 1087 1088 1089
f 1087 1089 1090
f 1091 1087 1090
f 1090 1089 1092
f 1093 1091 1090
f 1094 1090 1092
f 1093 1090 1094
f 1094 1092 1095
f 1096 1093 1094
f 1097 1094 1095
f 1096 1094 1097
f 1097 1095 1098
f 1099 1096 1097
f 1100 1097 1098
f 1099 1097 1100
f 1100 1098 1101
f 1102 1099 1100
f 1103 1100 1101
f 1102 1100 1103
f 1103 1101 1104
f 1105 1102 1103
f 1106 1103 1104
f 1105 1103 1106
f 1106 1104 1107
f 1108 1106 1107
f 1109 1105 1106
f 1109 1106 1108
f 1108 1107 1110
f 1111 1109 1108
f 1112 1108 1110
f 1113 1111 1108
f 1114 1108 1112
f 1113 1108 1114
f 1115 1114 1112
f 1116 1113 1114
f 1117 1114 1115
f 1117 1116 1114
f 1118 1117 1115
f 1117 1118 1116
f 1118 1115 1119
f 1118 1120 1116
f 1121 1118 1119
f 1118 1121 1120
f 1121 1119 1122
f 1121 1123 1120
f 1124 1121 1122
f 1121 1124 1123
f 1124 1122 1125
f 1124 1126 1123
f 1127 1124 1125
f 1124 1127 1126
f 1127 1125 1128
f 1127 1129 1126
f 1130 1127 1128
f 1127 1130 1129
f 1130 1128 1131
f 1130 1132 1129
f 1133 1130 1131
f 1130 1133 1132
f 1133 1131 1134
f 1132 1133 1135
f 1133 1134 1135
f 1134 1136 1135
f 1136 1137 1135
f 1135 1137 1138
f 1136 1139 1137
f 1137 1140 1138
f 1139 1141 1137
f 1137 1141 1140
f 1139 1142 1141
f 1141 1143 1140
f 1142 1144 1141
f 1141 1144 1143
f 1142 1145 1144
f 1144 1146 1143
f 1145 1147 1144
f 1144 1147 1146
f 1145 1148 1147
f 1147 1149 1146
f 1148 1150 1147
f 1147 1150 1149
f 1148 1151 1150
f 1150 1152 1149
f 1151 1153 1150
f 1150 1153 1152
f 1151 1154 1153
f 1154 1155 1153
f 1153 1156 1152
f 1153 1155 1156
f 1154 1157 1155
f 1155 1158 1156
f 1157 1159 1155
f 1155 1160 1158
f 1159 1161 1155
f 1155 1161 1160
f 1159 1162 1161
f 1161 1163 1160
f 1162 1164 1161
f 1161 1164 1163
f 1162 1165 1164
f 1165 1163 1164
f 1166 1165 1162
f 1165 1167 1163
f 1168 1165 1166
f 1165 1168 1167
f 1169 1168 1166
f 1168 1170 1167
f 1171 1168 1169
f 1168 1171 1170
f 1172 1171 1169
f 1171 1173 1170
f 1174 1171 1172
f 1171 1174 1173
f 1175 1174 1172
f 1174 1176 1173
f 1177 1174 1175
f 1174 1177 1176
f 1178 1177 1175
f 1177 1179 1176
f 1180 1177 1178
f 1177 1180 1179
f 1181 1180 1178
f 1180 1182 1179
f 1180 1181 1182
f 1183 1184 1185
f 1183 1185 1186
f 1187 1183 1186
f 1186 1185 1188
f 1189 1187 1186
f 1190 1186 1188
f 1189 1186 1190
f 1190 1188 1191
f 1192 1189 1190
f 1193 1190 1191
f 1192 1190 1193
f 1193 1191 1194
f 1195 1192 1193
f 1196 1193 1194
f 1195 1193 1196
f 1196 1194 1197
f 1198 1195 1196
f 1199 1196 1197
f 1198 1196 1199
f 1199 1197 1200
f 1201 1198 1199
f 1202 1199 1200
f 1201 1199 1202
f 1202 1200 1203
f 1204 1202 1203
f 1205 1201 1202
f 1205 1202 1204
f 1204 1203 1206
f 1207 1205 1204
f 1208 1204 1206
f 1209 1207 1204
f 1210 1204 1208
f 1209 1204 1210
f 1211 1210 1208
f 1212 1209 1210
f 1213 1210 1211
f 1213 1212 1210
f 1214 1213 1211
f 1213 1214 1212
f 1214 1211 1215
f 1214 1216 1212
f 1217 1214 1215
f 1214 1217 1216
f 1217 1215 1218
f 1217 1219 1216
f 1220 1217 1218
f 1217 1220 1219
f 1220 1218 1221
f 1220 1222 1219
f 1223 1220 1221
f 1220 1223 1222
f 1223 1221 1224
f 1223 1225 1222
f 1226 1223 1224
f 1223 1226 1225
f 1226 1224 1227
f 1226 1228 1225
f 1229 1226 1227
f 1226 1229 1228
f 1229 1227 1230
f 1228 1229 1231
f 1229 1230 1231
f 1230 1232 1231
f 1232 1233 1231
f 1231 1233 1234
f 1232 1235 1233
f 1233 1236 1234
f 1235 1237 1233
f 1233 1237 1236
f 1235 1238 1237
f 1237 1239 1236
f 1238 1240 1237
f 1237 1240 1239
f 1238 1241 1240
f 1240 1242 1239
f 1241 1243 1240
f 1240 1243 1242
f 1241 1244 1243
f 1243 1245 1242
f 1244 1246 1243
f 1243 1246 1245
f 1244 1247 1246
f 1246 1248 1245
f 1247 1249 1246
f 1246 1249 1248
f 1247 1250 1249
f 1250 1251 1249
f 1249 1252 1248
f 1249 1251 1252
f 1250 1253 1251
f 1251 1254 1252
f 1253 1255 1251
f 1251 1256 1254
f 1255 1257 1251
f 1251 1257 1256
f 1255 1258 1257
f 1257 1259 1256
f 1258 1260 1257
f 1257 1260 1259
f 1258 1261 1260
f 1261 1259 1260
f 1262 1261 1258
f 1261 1263 1259
f 1264 1261 1262
f 1261 1264 1263
f 1265 1264 1262
f 1264 1266 1263
f 1267 1264 1265
f 1264 1267 1266
f 1268 1267 1265
f 1267 1269 1266
f 1270 1267 1268
f 1267 1270 1269
f 1271 1270 1268
f 1270 1272 1269
f 1273 1270 1271
f 1270 1273 1272
f 1274 1273 1271
f 1273 1275 1272
f 1276 1273 1274
f 1273 1276 1275
f 1277 1276 1274
f 1276 1278 1275
f 1276 1277 1278
f 1279 1280 1281
f 1280 1282 1281
f 1281 1282 1283
f 1280 1284 1282
f 1282 1285 1283
f 1284 1286 1282
f 1282 1286 1285
f 1284 1287 1286
f 1286 1288 1285
f 1287 1289 1286
f 1286 1289 1288
f 1287 1290 1289
f 1289 1291 1288
f 1290 1292 1289
f 1289 1292 1291
f 1290 1293 1292
f 1292 1294 1291
f 1293 1295 1292
f 1292 1295 1294
f 1293 1296 1295
f 1295 1297 1294
f 1296 1298 1295
f 1295 1298 1297
f 1296 1299 1298
f 1299 1300 1298
f 1298 1301 1297
f 1298 1300 1301
f 1299 1302 1300
f 1300 1303 1301
f 1302 1304 1300
f 1300 1305 1303
f 1304 1306 1300
f 1300 1306 1305
f 1304 1307 1306
f 1307 1308 1306
f 1306 1309 1305
f 1306 1308 1309
f 1307 1310 1308
f 1308 1311 1309
f 1310 1312 1308
f 1308 1313 1311
f 1312 1314 1308
f 1308 1314 1313
f 1312 1315 1314
f 1315 1316 1314
f 1314 1317 1313
f 1314 1316 1317
f 1315 1318 1316
f 1316 1319 1317
f 1318 1320 1316
f 1316 1321 1319
f 1320 1322 1316
f 1322 1321 1316
f 1322 1323 1321
f 1324 1325 1326
f 1325 1327 1326
f 1326 1327 1328
f 1325 1329 1327
f 1327 1330 1328
f 1329 1331 1327
f 1327 1331 1330
f 1329 1332 1331
f 1331 1333 1330
f 1332 1334 1331
f 1331 1334 1333
f 1332 1335 1334
f 1334 1336 1333
f 1335 1337 1334
f 1334 1337 1336
f 1335 1338 1337
f 1337 1339 1336
f 1338 1340 1337
f 1337 1340 1339
f 1338 1341 1340
f 1340 1342 1339
f 1341 1343 1340
f 1340 1343 1342
f 1341 1344 1343
f 1344 1345 1343
f 1343 1346 1342
f 1343 1345 1346
f 1344 1347 1345
f 1345 1348 1346
f 1347 1349 1345
f 1345 1350 1348
f 1349 1351 1345
f 1345 1351 1350
f 1349 1352 1351
f 1352 1353 1351
f 1351 1354 1350
f 1351 1353 1354
f 1352 1355 1353
f 1353 1356 1354
f 1355 1357 1353
f 1353 1358 1356
f 1357 1359 1353
f 1353 1359 1358
f 1357 1360 1359
f 1360 1361 1359
f 1359 1362 1358
f 1359 1361 1362
f 1360 1363 1361
f 1361 1364 1362
f 1363 1365 1361
f 1361 1366 1364
f 1365 1367 1361
f 1367 1366 1361
f 1367 1368 1366
f 1369 1370 1371
f 1370 1372 1371
f 1371 1372 1373
f 1372 1374 1373
f 1372 1375 1374
f 1375 1376 1374
f 1375 1377 1376
f 1377 1378 1376
f 1378 1379 1376
f 1378 1380 1379
f 1380 1381 1379
f 1381 1382 1379
f 1382 1383 1379
f 1382 1384 1383
f 1384 1385 1383
f 1385 1386 1383
f 1385 1387 1386
f 1387 1388 1386
f 1388 1389 1386
f 1388 1390 1389
f 1390 1391 1389
f 1391 1392 1389
f 1391 1393 1392
f 1393 1394 1392
f 1394 1395 1392
f 1395 1396 1392
f 1395 1397 1396
f 1397 1398 1396
f 1398 1399 1396
f 1398 1400 1399
f 1400 1401 1399
f 1400 1402 1401
f 1402 1400 1403
f 1404 1402 1403
f 1403 1400 1405
f 1400 1406 1405
f 1406 1407 1405
f 1407 1408 1405
f 1407 1409 1408
f 1409 1410 1408
f 1403 1405 1411
f 1412 1403 1411
f 1412 1411 1413
f 1411 1414 1413
f 1414 1415 1413
f 1409 1416 1410
f 1416 1417 1410
f 1416 1418 1417
f 1416 1419 1418
f 1419 1420 1418
f 1419 1421 1420
f 1421 1422 1420
f 1415 1423 1413
f 1421 1424 1422
f 1422 1424 1425
f 1424 1426 1425
f 1424 1427 1426
f 1427 1428 1426
f 1427 1429 1428
f 1429 1430 1428
f 1423 1431 1413
f 1429 1432 1430
f 1432 1433 1430
f 1432 1434 1433
f 1432 1435 1434
f 1435 1436 1434
f 1435 1437 1436
f 1431 1438 1413
f 1437 1439 1436
f 1438 1440 1413
f 1440 1441 1413
f 1441 1442 1413
f 1437 1443 1439
f 1442 1444 1413
f 1439 1443 1372
f 1442 1445 1444
f 1445 1446 1444
f 1446 1447 1444
f 1447 1448 1444
f 1448 1449 1444
f 1449 1450 1444
f 1450 1451 1444
f 1451 1452 1444
f 1452 1439 1444
f 1439 1372 1370
f 1444 1439 1370
f 1444 1370 1453
f 1454 1444 1453
f 1444 1454 1455
f 1454 1456 1455
f 1456 1457 1455
f 1455 1457 1458
f 1455 1458 1459
f 1460 1455 1459
f 1455 1460 1461
f 1455 1461 1462
f 1463 1455 1462
f 1455 1463 1464
f 1455 1464 1465
f 1466 1455 1465
f 1466 1465 1467
f 1466 1467 1468
f 1469 1466 1468
f 1466 1469 1470
f 1466 1470 1471
f 1472 1466 1471
f 1466 1472 1473
f 1466 1473 1474
f 1475 1466 1474
f 1475 1474 1476
f 1474 1477 1476
f 1477 1478 1476
f 1477 1479 1478
f 1479 1477 1480
f 1477 1481 1480
f 1481 1482 1480
f 1481 1483 1482
f 1483 1484 1482
f 1483 1485 1484
f 1485 1486 1484
f 1485 1487 1486
f 1487 1488 1486
f 1488 1489 1486
f 1488 1490 1489
f 1490 1491 1489
f 1491 1490 1492
f 1491 1492 1493
f 1494 1491 1493
f 1493 1495 1494
f 1495 1496 1494
f 1495 1497 1496
f 1497 1498 1496
f 1498 1499 1496
f 1498 1500 1499
f 1500 1501 1499
f 1500 1502 1501
f 1502 1503 1501
f 1502 1504 1503
f 1504 1505 1503
f 1504 1506 1505
f 1504 1456 1506
f 1456 1504 1457
f 1507 1506 1456
f 1508 1507 1456
f 1506 1507 1509
f 1506 1509 1510
f 1511 1506 1510
f 1511 1510 1512
f 1513 1511 1512
f 1514 1513 1512
f 1514 1512 1515
f 1516 1514 1515
f 1517 1516 1515
f 1518 1517 1515
f 1518 1515 1519
f 1520 1518 1519
f 1521 1520 1519
f 1521 1519 1522
f 1523 1521 1522
f 1524 1523 1522
f 1524 1522 1525
f 1526 1524 1525
f 1527 1526 1525
f 1527 1525 1528
f 1529 1527 1528
f 1530 1529 1528
f 1531 1530 1528
f 1531 1528 1532
f 1533 1531 1532
f 1534 1533 1532
f 1534 1532 1535
f 1478 1534 1535
f 1478 1535 1536
f 1537 1478 1536
f 1476 1478 1537
f 1538 1476 1537
f 1539 1540 1541
f 1540 1542 1541
f 1540 1543 1542
f 1541 1542 1544
f 1542 1545 1544
f 1543 1546 1542
f 1542 1547 1545
f 1546 1548 1542
f 1542 1548 1547
f 1546 1549 1548
f 1549 1550 1548
f 1548 1551 1547
f 1548 1550 1551
f 1549 1552 1550
f 1550 1553 1551
f 1552 1554 1550
f 1550 1555 1553
f 1554 1556 1550
f 1550 1556 1555
f 1554 1557 1556
f 1557 1558 1556
f 1556 1559 1555
f 1556 1558 1559
f 1557 1560 1558
f 1558 1561 1559
f 1560 1562 1558
f 1558 1563 1561
f 1562 1564 1558
f 1558 1564 1563
f 1562 1565 1564
f 1564 1566 1563
f 1565 1567 1564
f 1564 1567 1566
f 1565 1568 1567
f 1567 1569 1566
f 1568 1570 1567
f 1567 1570 1569
f 1568 1571 1570
f 1570 1572 1569
f 1571 1573 1570
f 1570 1573 1572
f 1571 1574 1573
f 1573 1575 1572
f 1574 1576 1573
f 1573 1576 1575
f 1574 1577 1576
f 1576 1578 1575
f 1577 1579 1576
f 1576 1579 1578
f 1577 1580 1579
f 1579 1581 1578
f 1580 1582 1579
f 1582 1581 1579
f 1582 1583 1581
f 1584 1585 1586
f 1585 1587 1586
f 1585 1588 1587
f 1586 1587 1589
f 1587 1590 1589
f 1588 1591 1587
f 1587 1592 1590
f 1591 1593 1587
f 1587 1593 1592
f 1591 1594 1593
f 1594 1595 1593
f 1593 1596 1592
f 1593 1595 1596
f 1594 1597 1595
f 1595 1598 1596
f 1597 1599 1595
f 1595 1600 1598
f 1599 1601 1595
f 1595 1601 1600
f 1599 1602 1601
f 1602 1603 1601
f 1601 1604 1600
f 1601 1603 1604
f 1602 1605 1603
f 1603 1606 1604
f 1605 1607 1603
f 1603 1608 1606
f 1607 1609 1603
f 1603 1609 1608
f 1607 1610 1609
f 1609 1611 1608
f 1610 1612 1609
f 1609 1612 1611
f 1610 1613 1612
f 1612 1614 1611
f 1613 1615 1612
f 1612 1615 1614
f 1613 1616 1615
f 1615 1617 1614
f 1616 1618 1615
f 1615 1618 1617
f 1616 1619 1618
f 1618 1620 1617
f 1619 1621 1618
f 1618 1621 1620
f 1619 1622 1621
f 1621 1623 1620
f 1622 1624 1621
f 1621 1624 1623
f 1622 1625 1624
f 1624 1626 1623
f 1625 1627 1624
f 1627 1626 1624
f 1627 1628 1626
f 1629 1630 1631
f 1630 1632 1631
f 1630 1633 1632
f 1631 1632 1634
f 1632 1635 1634
f 1633 1636 1632
f 1632 1637 1635
f 1636 1638 1632
f 1632 1638 1637
f 1636 1639 1638
f 1639 1640 1638
f 1638 1641 1637
f 1638 1640 1641
f 1639 1642 1640
f 1640 1643 1641
f 1642 1644 1640
f 1640 1645 1643
f 1644 1646 1640
f 1640 1646 1645
f 1644 1647 1646
f 1647 1648 1646
f 1646 1649 1645
f 1646 1648 1649
f 1647 1650 1648
f 1648 1651 1649
f 1650 1652 1648
f 1648 1653 1651
f 1652 1654 1648
f 1648 1654 1653
f 1652 1655 1654
f 1654 1656 1653
f 1655 1657 1654
f 1654 1657 1656
f 1655 1658 1657
f 1657 1659 1656
f 1658 1660 1657
f 1657 1660 1659
f 1658 1661 1660
f 1660 1662 1659
f 1661 1663 1660
f 1660 1663 1662
f 1661 1664 1663
f 1663 1665 1662
f 1664 1666 1663
f 1663 1666 1665
f 1664 1667 1666
f 1666 1668 1665
f 1667 1669 1666
f 1666 1669 1668
f 1667 1670 1669
f 1669 1671 1668
f 1670 1672 1669
f 1672 1671 1669
f 1672 1673 1671
f 1674 1675 1676
f 1675 1677 1676
f 1675 1678 1677
f 1676 1677 1679
f 1677 1680 1679
f 1678 1681 1677
f 1677 1682 1680
f 1681 1683 1677
f 1677 1683 1682
f 1681 1684 1683
f 1684 1685 1683
f 1683 1686 1682
f 1683 1685 1686
f 1684 1687 1685
f 1685 1688 1686
f 1687 1689 1685
f 1685 1690 1688
f 1689 1691 1685
f 1685 1691 1690
f 1689 1692 1691
f 1692 1693 1691
f 1691 1694 1690
f 1691 1693 1694
f 1692 1695 1693
f 1693 1696 1694
f 1695 1697 1693
f 1693 1698 1696
f 1697 1699 1693
f 1693 1699 1698
f 1697 1700 1699
f 1699 1701 1698
f 1700 1702 1699
f 1699 1702 1701
f 1700 1703 1702
f 1702 1704 1701
f 1703 1705 1702
f 1702 1705 1704
f 1703 1706 1705
f 1705 1707 1704
f 1706 1708 1705
f 1705 1708 1707
f 1706 1709 1708
f 1708 1710 1707
f 1709 1711 1708
f 1708 1711 1710
f 1709 1712 1711
f 1711 1713 1710
f 1712 1714 1711
f 1711 1714 1713
f 1712 1715 1714
f 1714 1716 1713
f 1715 1717 1714
f 1717 1716 1714
f 1717 1718 1716
f 1719 1720 1721
f 1719 1721 1722
f 1720 1719 1723
f 1723 1719 1722
f 1724 1725 1726
f 1724 1726 1727
f 1725 1724 1728
f 1728 1724 1727
f 1729 1730 1731
f 1729 1731 1732
f 1730 1729 1733
f 1733 1729 1732
f 1734 1735 1736
f 1734 1736 1737
f 1735 1734 1738
f 1738 1734 1737
f 1739 1740 1741
f 1739 1741 1742
f 1740 1739 1743
f 1743 1739 1742
f 1744 1745 1746
f 1744 1746 1747
f 1745 1744 1748
f 1748 1744 1747
f 1749 1750 1751
f 1749 1751 1752
f 1750 1749 1753
f 1753 1749 1752
f 1754 1755 1756
f 1757 1754 1756
f 1754 1758 1755
f 1758 1754 1757
f 1759 1760 1761
f 1759 1761 1762
f 1760 1759 1763
f 1763 1759 1762
f 1764 1765 1766
f 1764 1766 1767
f 1765 1764 1768
f 1768 1764 1767
f 1769 1770 1771
f 1769 1771 1772
f 1770 1769 1773
f 1773 1769 1772
f 1774 1775 1776
f 1777 1774 1776
f 1774 1778 1775
f 1778 1774 1777
f 1779 1780 1781
f 1779 1781 1782
f 1780 1779 1783
f 1783 1779 1782
f 1784 1785 1786
f 1787 1785 1784
f 1785 1788 1786
f 1785 1787 1788
f 1789 1790 1791
f 1792 1790 1789
f 1790 1793 1791
f 1790 1792 1793
f 1794 1795 1796
f 1797 1794 1796
f 1794 1798 1795
f 1798 1794 1797
f 1799 1800 1801
f 1802 1799 1801
f 1799 1803 1800
f 1803 1799 1802
f 1804 1805 1806
f 1807 1804 1806
f 1804 1808 1805
f 1808 1804 1807
f 1809 1810 1811
f 1812 1809 1811
f 1809 1813 1810
f 1813 1809 1812
f 1814 1815 1816
f 1814 1816 1817
f 1815 1814 1818
f 1818 1814 1817
f 1819 1820 1821
f 1819 1821 1822
f 1820 1819 1823
f 1823 1819 1822
f 1824 1825 1826
f 1824 1826 1827
f 1825 1824 1828
f 1828 1824 1827
f 1829 1830 1831
f 1829 1831 1832
f 1830 1829 1833
f 1833 1829 1832
f 1834 1835 1836
f 1834 1836 1837
f 1835 1834 1838
f 1838 1834 1837
f 1839 1840 1841
f 1842 1840 1839
f 1840 1843 1841
f 1840 1842 1843
f 1844 1845 1846
f 1847 1845 1844
f 1845 1848 1846
f 1845 1847 1848
f 1849 1850 1851
f 1852 1850 1849
f 1850 1853 1851
f 1850 1852 1853
f 1854 1855 1856
f 1857 1855 1854
f 1855 1858 1856
f 1855 1857 1858
f 1859 1860 1861
f 1862 1860 1859
f 1860 1863 1861
f 1860 1862 1863
f 1864 1865 1866
f 1867 1865 1864
f 1865 1868 1866
f 1865 1867 1868
