# ROS coordinates: X forward, Y left, Z up; units are metres.
o mesh
v 0.148492426 0.0530000031 0.00500000035
v 0.148492426 0.0530000031 0.0100000007
v 0.149038315 0.0530500859 0.0100000007
v 0.149118036 0.0530659556 0.0075000003
v 0.149038315 0.0530500859 0.00500000035
v 0.149596721 0.0532106347 0.0100000007
v 0.149596721 0.0532106347 0.00500000035
v 0.149753988 0.0532781519 0.0075000003
v 0.150134057 0.05348902 0.0100000007
v 0.150134057 0.05348902 0.00500000035
v 0.150348783 0.05364331 0.0075000003
v 0.150613755 0.0538786836 0.0100000007
v 0.150613755 0.0538786836 0.00500000035
v 0.150849119 0.0541436635 0.0075000003
v 0.15100342 0.0543583743 0.0100000007
v 0.15100342 0.0543583743 0.00500000035
v 0.151214287 0.0547384433 0.0075000003
v 0.151281789 0.05489572 0.0100000007
v 0.151281789 0.05489572 0.00500000035
v 0.151426479 0.0553743951 0.0075000003
v 0.151442349 0.0554541126 0.0100000007
v 0.151492432 0.056 0.0075000003
v 0.151442349 0.0554541126 0.00500000035
v 0.151492432 0.056 0.0100000007
v 0.151492432 0.056 0.00500000035
v 0.151442349 0.0565458871 0.0100000007
v 0.151442349 0.0565458871 0.00500000035
v 0.151426479 0.05662561 0.0075000003
v 0.151281789 0.0571042858 0.0100000007
v 0.151281789 0.0571042858 0.00500000035
v 0.151281789 0.0571042858 0.0075000003
v 0.151050314 0.05756756 0.0075000003
v 0.15100342 0.0576416329 0.0100000007
v 0.15100342 0.0576416329 0.00500000035
v 0.150735453 0.0579921976 0.0075000003
v 0.150613755 0.0581213236 0.0100000007
v 0.150613755 0.0581213236 0.00500000035
v 0.150348783 0.05835669 0.0075000003
v 0.150134057 0.05851099 0.0100000007
v 0.150134057 0.05851099 0.00500000035
v 0.149908692 0.0586446524 0.0075000003
v 0.149596721 0.058789365 0.0100000007
v 0.149596721 0.058789365 0.00500000035
v 0.14943774 0.058847174 0.0075000003
v 0.149038315 0.0589499176 0.0100000007
v 0.149038315 0.0589499176 0.00500000035
v 0.148958877 0.0589635223 0.0075000003
v 0.148492426 0.059 0.0100000007
v 0.148492426 0.059 0.00500000035
v 0.147946537 0.0589499176 0.0100000007
v 0.14786683 0.0589340478 0.0075000003
v 0.147946537 0.0589499176 0.00500000035
v 0.147388145 0.058789365 0.0100000007
v 0.147388145 0.058789365 0.00500000035
v 0.147230864 0.0587218478 0.0075000003
v 0.146850809 0.05851099 0.0100000007
v 0.146850809 0.05851099 0.00500000035
v 0.1466361 0.05835669 0.0075000003
v 0.146371111 0.0581213236 0.0100000007
v 0.146371111 0.0581213236 0.00500000035
v 0.146135733 0.0578563437 0.0075000003
v 0.145981446 0.0576416329 0.0100000007
v 0.145981446 0.0576416329 0.00500000035
v 0.14577058 0.0572615638 0.0075000003
v 0.145703062 0.0571042858 0.0100000007
v 0.145703062 0.0571042858 0.00500000035
v 0.145558387 0.05662561 0.0075000003
v 0.1455425 0.0565458871 0.0100000007
v 0.14549242 0.056 0.0075000003
v 0.1455425 0.0565458871 0.00500000035
v 0.14549242 0.056 0.0100000007
v 0.14549242 0.056 0.00500000035
v 0.1455425 0.0554541126 0.0100000007
v 0.1455425 0.0554541126 0.00500000035
v 0.145558387 0.0553743951 0.0075000003
v 0.145703062 0.05489572 0.0100000007
v 0.145703062 0.05489572 0.00500000035
v 0.145703062 0.05489572 0.0075000003
v 0.145934537 0.05443245 0.0075000003
v 0.145981446 0.0543583743 0.0100000007
v 0.145981446 0.0543583743 0.00500000035
v 0.1462494 0.05400781 0.0075000003
v 0.146371111 0.0538786836 0.0100000007
v 0.146371111 0.0538786836 0.00500000035
v 0.1466361 0.05364331 0.0075000003
v 0.146850809 0.05348902 0.0100000007
v 0.146850809 0.05348902 0.00500000035
v 0.14707616 0.0533553548 0.0075000003
v 0.147388145 0.0532106347 0.0100000007
v 0.147388145 0.0532106347 0.00500000035
v 0.147547111 0.05315283 0.0075000003
v 0.147946537 0.0530500859 0.0100000007
v 0.147946537 0.0530500859 0.00500000035
v 0.14802599 0.05303649 0.0075000003
v 0.148492426 0.0530000031 0.0100000007
v 0.148492426 0.0530000031 0.00500000035
v 0.148492426 -0.059 0.00500000035
v 0.148492426 -0.059 0.0100000007
v 0.149038315 -0.0589499176 0.0100000007
v 0.149118036 -0.0589340478 0.0075000003
v 0.149038315 -0.0589499176 0.00500000035
v 0.149596721 -0.058789365 0.0100000007
v 0.149596721 -0.058789365 0.00500000035
v 0.149753988 -0.0587218478 0.0075000003
v 0.150134057 -0.05851099 0.0100000007
v 0.150134057 -0.05851099 0.00500000035
v 0.150348783 -0.05835669 0.0075000003
v 0.150613755 -0.0581213236 0.0100000007
v 0.150613755 -0.0581213236 0.00500000035
v 0.150849119 -0.0578563437 0.0075000003
v 0.15100342 -0.0576416329 0.0100000007
v 0.15100342 -0.0576416329 0.00500000035
v 0.151214287 -0.0572615638 0.0075000003
v 0.151281789 -0.0571042858 0.0100000007
v 0.151281789 -0.0571042858 0.00500000035
v 0.151426479 -0.05662561 0.0075000003
v 0.151442349 -0.0565458871 0.0100000007
v 0.151492432 -0.056 0.0075000003
v 0.151442349 -0.0565458871 0.00500000035
v 0.151492432 -0.056 0.0100000007
v 0.151492432 -0.056 0.00500000035
v 0.151442349 -0.0554541126 0.0100000007
v 0.151442349 -0.0554541126 0.00500000035
v 0.151426479 -0.0553743951 0.0075000003
v 0.151281789 -0.05489572 0.0100000007
v 0.151281789 -0.05489572 0.00500000035
v 0.151281789 -0.05489572 0.0075000003
v 0.151050314 -0.05443245 0.0075000003
v 0.15100342 -0.0543583743 0.0100000007
v 0.15100342 -0.0543583743 0.00500000035
v 0.150735453 -0.05400781 0.0075000003
v 0.150613755 -0.0538786836 0.0100000007
v 0.150613755 -0.0538786836 0.00500000035
v 0.150348783 -0.05364331 0.0075000003
v 0.150134057 -0.05348902 0.0100000007
v 0.150134057 -0.05348902 0.00500000035
v 0.149908692 -0.0533553548 0.0075000003
v 0.149596721 -0.0532106347 0.0100000007
v 0.149596721 -0.0532106347 0.00500000035
v 0.14943774 -0.05315283 0.0075000003
v 0.149038315 -0.0530500859 0.0100000007
v 0.149038315 -0.0530500859 0.00500000035
v 0.148958877 -0.05303649 0.0075000003
v 0.148492426 -0.0530000031 0.0100000007
v 0.148492426 -0.0530000031 0.00500000035
v 0.147946537 -0.0530500859 0.0100000007
v 0.14786683 -0.0530659556 0.0075000003
v 0.147946537 -0.0530500859 0.00500000035
v 0.147388145 -0.0532106347 0.0100000007
v 0.147388145 -0.0532106347 0.00500000035
v 0.147230864 -0.0532781519 0.0075000003
v 0.146850809 -0.05348902 0.0100000007
v 0.146850809 -0.05348902 0.00500000035
v 0.1466361 -0.05364331 0.0075000003
v 0.146371111 -0.0538786836 0.0100000007
v 0.146371111 -0.0538786836 0.00500000035
v 0.146135733 -0.0541436635 0.0075000003
v 0.145981446 -0.0543583743 0.0100000007
v 0.145981446 -0.0543583743 0.00500000035
v 0.14577058 -0.0547384433 0.0075000003
v 0.145703062 -0.05489572 0.0100000007
v 0.145703062 -0.05489572 0.00500000035
v 0.145558387 -0.0553743951 0.0075000003
v 0.1455425 -0.0554541126 0.0100000007
v 0.14549242 -0.056 0.0075000003
v 0.1455425 -0.0554541126 0.00500000035
v 0.14549242 -0.056 0.0100000007
v 0.14549242 -0.056 0.00500000035
v 0.1455425 -0.0565458871 0.0100000007
v 0.1455425 -0.0565458871 0.00500000035
v 0.145558387 -0.05662561 0.0075000003
v 0.145703062 -0.0571042858 0.0100000007
v 0.145703062 -0.0571042858 0.00500000035
v 0.145703062 -0.0571042858 0.0075000003
v 0.145934537 -0.05756756 0.0075000003
v 0.145981446 -0.0576416329 0.0100000007
v 0.145981446 -0.0576416329 0.00500000035
v 0.1462494 -0.0579921976 0.0075000003
v 0.146371111 -0.0581213236 0.0100000007
v 0.146371111 -0.0581213236 0.00500000035
v 0.1466361 -0.05835669 0.0075000003
v 0.146850809 -0.05851099 0.0100000007
v 0.146850809 -0.05851099 0.00500000035
v 0.14707616 -0.0586446524 0.0075000003
v 0.147388145 -0.058789365 0.0100000007
v 0.147388145 -0.058789365 0.00500000035
v 0.147547111 -0.058847174 0.0075000003
v 0.147946537 -0.0589499176 0.0100000007
v 0.147946537 -0.0589499176 0.00500000035
v 0.14802599 -0.0589635223 0.0075000003
v 0.148492426 -0.059 0.0100000007
v 0.148492426 -0.059 0.00500000035
v 0.159099028 -0.0443119481 0.0100000007
v 0.159099028 -0.0443119481 0.00500000035
v 0.159399271 -0.0443394855 0.00500000035
v 0.15944311 -0.0443482175 0.0075000003
v 0.159399271 -0.0443394855 0.0100000007
v 0.1597064 -0.0444277935 0.00500000035
v 0.1597064 -0.0444277935 0.0100000007
v 0.159792885 -0.0444649234 0.0075000003
v 0.160001934 -0.0445809 0.00500000035
v 0.160001934 -0.0445809 0.0100000007
v 0.16012001 -0.044665765 0.0075000003
v 0.160265744 -0.0447952151 0.00500000035
v 0.160265744 -0.0447952151 0.0100000007
v 0.1603952 -0.0449409559 0.0075000003
v 0.160480067 -0.0450590476 0.00500000035
v 0.160480067 -0.0450590476 0.0100000007
v 0.160596058 -0.0452680849 0.0075000003
v 0.160633191 -0.04535459 0.00500000035
v 0.160633191 -0.04535459 0.0100000007
v 0.160712764 -0.04561786 0.0075000003
v 0.160721481 -0.0456617028 0.00500000035
v 0.160749048 -0.0459619462 0.0075000003
v 0.160721481 -0.0456617028 0.0100000007
v 0.160749048 -0.0459619462 0.00500000035
v 0.160749048 -0.0459619462 0.0100000007
v 0.160721481 -0.0462621823 0.00500000035
v 0.160721481 -0.0462621823 0.0100000007
v 0.160712764 -0.0463060252 0.0075000003
v 0.160633191 -0.0465692952 0.00500000035
v 0.160633191 -0.0465692952 0.0100000007
v 0.160633191 -0.0465692952 0.0075000003
v 0.160505891 -0.0468240976 0.0075000003
v 0.160480067 -0.04686484 0.00500000035
v 0.160480067 -0.04686484 0.0100000007
v 0.16033271 -0.0470576473 0.0075000003
v 0.160265744 -0.04712867 0.00500000035
v 0.160265744 -0.04712867 0.0100000007
v 0.16012001 -0.04725812 0.0075000003
v 0.160001934 -0.0473429859 0.00500000035
v 0.160001934 -0.0473429859 0.0100000007
v 0.159877986 -0.0474165 0.0075000003
v 0.1597064 -0.04749609 0.00500000035
v 0.1597064 -0.04749609 0.0100000007
v 0.159618974 -0.0475278869 0.0075000003
v 0.159399271 -0.0475844 0.00500000035
v 0.159399271 -0.0475844 0.0100000007
v 0.159355581 -0.04759188 0.0075000003
v 0.159099028 -0.0476119444 0.00500000035
v 0.159099028 -0.0476119444 0.0100000007
v 0.158798814 -0.0475844 0.00500000035
v 0.158754945 -0.0475756675 0.0075000003
v 0.158798814 -0.0475844 0.0100000007
v 0.158491671 -0.04749609 0.00500000035
v 0.158491671 -0.04749609 0.0100000007
v 0.15840517 -0.04745896 0.0075000003
v 0.158196121 -0.0473429859 0.00500000035
v 0.158196121 -0.0473429859 0.0100000007
v 0.15807806 -0.04725812 0.0075000003
v 0.157932311 -0.04712867 0.00500000035
v 0.157932311 -0.04712867 0.0100000007
v 0.15780285 -0.04698293 0.0075000003
v 0.157717988 -0.04686484 0.00500000035
v 0.157717988 -0.04686484 0.0100000007
v 0.157602012 -0.0466558 0.0075000003
v 0.157564878 -0.0465692952 0.00500000035
v 0.157564878 -0.0465692952 0.0100000007
v 0.1574853 -0.0463060252 0.0075000003
v 0.157476574 -0.0462621823 0.00500000035
v 0.157449037 -0.0459619462 0.0075000003
v 0.157476574 -0.0462621823 0.0100000007
v 0.157449037 -0.0459619462 0.00500000035
v 0.157449037 -0.0459619462 0.0100000007
v 0.157476574 -0.0456617028 0.00500000035
v 0.157476574 -0.0456617028 0.0100000007
v 0.1574853 -0.04561786 0.0075000003
v 0.157564878 -0.04535459 0.00500000035
v 0.157564878 -0.04535459 0.0100000007
v 0.157564878 -0.04535459 0.0075000003
v 0.1576922 -0.0450997874 0.0075000003
v 0.157717988 -0.0450590476 0.00500000035
v 0.157717988 -0.0450590476 0.0100000007
v 0.15786536 -0.0448662378 0.0075000003
v 0.157932311 -0.0447952151 0.00500000035
v 0.157932311 -0.0447952151 0.0100000007
v 0.15807806 -0.044665765 0.0075000003
v 0.158196121 -0.0445809 0.00500000035
v 0.158196121 -0.0445809 0.0100000007
v 0.158320084 -0.0445073843 0.0075000003
v 0.158491671 -0.0444277935 0.00500000035
v 0.158491671 -0.0444277935 0.0100000007
v 0.158579111 -0.0443959981 0.0075000003
v 0.158798814 -0.0443394855 0.00500000035
v 0.158798814 -0.0443394855 0.0100000007
v 0.158842489 -0.0443320125 0.0075000003
v 0.159099028 -0.0443119481 0.00500000035
v 0.159099028 -0.0443119481 0.0100000007
v 0.13849242 0.0682185441 0.0100000007
v 0.13849242 0.0682185441 0.00500000035
v 0.138792679 0.068191 0.00500000035
v 0.138836518 0.06818227 0.0075000003
v 0.138792679 0.068191 0.0100000007
v 0.139099792 0.068102695 0.00500000035
v 0.139099792 0.068102695 0.0100000007
v 0.1391863 0.06806556 0.0075000003
v 0.139395326 0.0679495856 0.00500000035
v 0.139395326 0.0679495856 0.0100000007
v 0.139513433 0.06786472 0.0075000003
v 0.139659151 0.06773527 0.00500000035
v 0.139659151 0.06773527 0.0100000007
v 0.139788613 0.06758954 0.0075000003
v 0.139873475 0.0674714446 0.00500000035
v 0.139873475 0.0674714446 0.0100000007
v 0.139989451 0.0672624 0.0075000003
v 0.140026584 0.0671759 0.00500000035
v 0.140026584 0.0671759 0.0100000007
v 0.140106142 0.06691263 0.0075000003
v 0.140114889 0.06686878 0.00500000035
v 0.140142426 0.066568546 0.0075000003
v 0.140114889 0.06686878 0.0100000007
v 0.140142426 0.066568546 0.00500000035
v 0.140142426 0.066568546 0.0100000007
v 0.140114889 0.06626831 0.00500000035
v 0.140114889 0.06626831 0.0100000007
v 0.140106142 0.06622446 0.0075000003
v 0.140026584 0.06596119 0.00500000035
v 0.140026584 0.06596119 0.0100000007
v 0.140026584 0.06596119 0.0075000003
v 0.139899269 0.0657063946 0.0075000003
v 0.139873475 0.06566565 0.00500000035
v 0.139873475 0.06566565 0.0100000007
v 0.139726087 0.06547284 0.0075000003
v 0.139659151 0.06540182 0.00500000035
v 0.139659151 0.06540182 0.0100000007
v 0.139513433 0.06527236 0.0075000003
v 0.139395326 0.06518751 0.00500000035
v 0.139395326 0.06518751 0.0100000007
v 0.139271379 0.06511399 0.0075000003
v 0.139099792 0.06503439 0.00500000035
v 0.139099792 0.06503439 0.0100000007
v 0.139012352 0.0650026 0.0075000003
v 0.138792679 0.06494609 0.00500000035
v 0.138792679 0.06494609 0.0100000007
v 0.138748974 0.0649386048 0.0075000003
v 0.13849242 0.06491854 0.00500000035
v 0.13849242 0.06491854 0.0100000007
v 0.138192192 0.06494609 0.00500000035
v 0.138148338 0.0649548247 0.0075000003
v 0.138192192 0.06494609 0.0100000007
v 0.137885079 0.06503439 0.00500000035
v 0.137885079 0.06503439 0.0100000007
v 0.137798578 0.06507152 0.0075000003
v 0.137589544 0.06518751 0.00500000035
v 0.137589544 0.06518751 0.0100000007
v 0.137471437 0.06527236 0.0075000003
v 0.1373257 0.06540182 0.00500000035
v 0.1373257 0.06540182 0.0100000007
v 0.137196243 0.0655475557 0.0075000003
v 0.137111381 0.06566565 0.00500000035
v 0.137111381 0.06566565 0.0100000007
v 0.13699542 0.06587469 0.0075000003
v 0.136958271 0.06596119 0.00500000035
v 0.136958271 0.06596119 0.0100000007
v 0.1368787 0.06622446 0.0075000003
v 0.136869982 0.06626831 0.00500000035
v 0.13684243 0.066568546 0.0075000003
v 0.136869982 0.06626831 0.0100000007
v 0.13684243 0.066568546 0.00500000035
v 0.13684243 0.066568546 0.0100000007
v 0.136869982 0.06686878 0.00500000035
v 0.136869982 0.06686878 0.0100000007
v 0.1368787 0.06691263 0.0075000003
v 0.136958271 0.0671759 0.00500000035
v 0.136958271 0.0671759 0.0100000007
v 0.136958271 0.0671759 0.0075000003
v 0.1370856 0.0674307 0.0075000003
v 0.137111381 0.0674714446 0.00500000035
v 0.137111381 0.0674714446 0.0100000007
v 0.137258768 0.06766425 0.0075000003
v 0.1373257 0.06773527 0.00500000035
v 0.1373257 0.06773527 0.0100000007
v 0.137471437 0.06786472 0.0075000003
v 0.137589544 0.0679495856 0.00500000035
v 0.137589544 0.0679495856 0.0100000007
v 0.137713477 0.0680231 0.0075000003
v 0.137885079 0.068102695 0.00500000035
v 0.137885079 0.068102695 0.0100000007
v 0.137972519 0.0681344941 0.0075000003
v 0.138192192 0.068191 0.00500000035
v 0.138192192 0.068191 0.0100000007
v 0.1382359 0.06819848 0.0075000003
v 0.13849242 0.0682185441 0.00500000035
v 0.13849242 0.0682185441 0.0100000007
v 0.13849242 -0.06491854 0.0100000007
v 0.13849242 -0.06491854 0.00500000035
v 0.138792679 -0.06494609 0.00500000035
v 0.138836518 -0.0649548247 0.0075000003
v 0.138792679 -0.06494609 0.0100000007
v 0.139099792 -0.06503439 0.00500000035
v 0.139099792 -0.06503439 0.0100000007
v 0.1391863 -0.06507152 0.0075000003
v 0.139395326 -0.06518751 0.00500000035
v 0.139395326 -0.06518751 0.0100000007
v 0.139513433 -0.06527236 0.0075000003
v 0.139659151 -0.06540182 0.00500000035
v 0.139659151 -0.06540182 0.0100000007
v 0.139788613 -0.0655475557 0.0075000003
v 0.139873475 -0.06566565 0.00500000035
v 0.139873475 -0.06566565 0.0100000007
v 0.139989451 -0.06587469 0.0075000003
v 0.140026584 -0.06596119 0.00500000035
v 0.140026584 -0.06596119 0.0100000007
v 0.140106142 -0.06622446 0.0075000003
v 0.140114889 -0.06626831 0.00500000035
v 0.140142426 -0.066568546 0.0075000003
v 0.140114889 -0.06626831 0.0100000007
v 0.140142426 -0.066568546 0.00500000035
v 0.140142426 -0.066568546 0.0100000007
v 0.140114889 -0.06686878 0.00500000035
v 0.140114889 -0.06686878 0.0100000007
v 0.140106142 -0.06691263 0.0075000003
v 0.140026584 -0.0671759 0.00500000035
v 0.140026584 -0.0671759 0.0100000007
v 0.140026584 -0.0671759 0.0075000003
v 0.139899269 -0.0674307 0.0075000003
v 0.139873475 -0.0674714446 0.00500000035
v 0.139873475 -0.0674714446 0.0100000007
v 0.139726087 -0.06766425 0.0075000003
v 0.139659151 -0.06773527 0.00500000035
v 0.139659151 -0.06773527 0.0100000007
v 0.139513433 -0.06786472 0.0075000003
v 0.139395326 -0.0679495856 0.00500000035
v 0.139395326 -0.0679495856 0.0100000007
v 0.139271379 -0.0680231 0.0075000003
v 0.139099792 -0.068102695 0.00500000035
v 0.139099792 -0.068102695 0.0100000007
v 0.139012352 -0.0681344941 0.0075000003
v 0.138792679 -0.068191 0.00500000035
v 0.138792679 -0.068191 0.0100000007
v 0.138748974 -0.06819848 0.0075000003
v 0.13849242 -0.0682185441 0.00500000035
v 0.13849242 -0.0682185441 0.0100000007
v 0.138192192 -0.068191 0.00500000035
v 0.138148338 -0.06818227 0.0075000003
v 0.138192192 -0.068191 0.0100000007
v 0.137885079 -0.068102695 0.00500000035
v 0.137885079 -0.068102695 0.0100000007
v 0.137798578 -0.06806556 0.0075000003
v 0.137589544 -0.0679495856 0.00500000035
v 0.137589544 -0.0679495856 0.0100000007
v 0.137471437 -0.06786472 0.0075000003
v 0.1373257 -0.06773527 0.00500000035
v 0.1373257 -0.06773527 0.0100000007
v 0.137196243 -0.06758954 0.0075000003
v 0.137111381 -0.0674714446 0.00500000035
v 0.137111381 -0.0674714446 0.0100000007
v 0.13699542 -0.0672624 0.0075000003
v 0.136958271 -0.0671759 0.00500000035
v 0.136958271 -0.0671759 0.0100000007
v 0.1368787 -0.06691263 0.0075000003
v 0.136869982 -0.06686878 0.00500000035
v 0.13684243 -0.066568546 0.0075000003
v 0.136869982 -0.06686878 0.0100000007
v 0.13684243 -0.066568546 0.00500000035
v 0.13684243 -0.066568546 0.0100000007
v 0.136869982 -0.06626831 0.00500000035
v 0.136869982 -0.06626831 0.0100000007
v 0.1368787 -0.06622446 0.0075000003
v 0.136958271 -0.06596119 0.00500000035
v 0.136958271 -0.06596119 0.0100000007
v 0.136958271 -0.06596119 0.0075000003
v 0.1370856 -0.0657063946 0.0075000003
v 0.137111381 -0.06566565 0.00500000035
v 0.137111381 -0.06566565 0.0100000007
v 0.137258768 -0.06547284 0.0075000003
v 0.1373257 -0.06540182 0.00500000035
v 0.1373257 -0.06540182 0.0100000007
v 0.137471437 -0.06527236 0.0075000003
v 0.137589544 -0.06518751 0.00500000035
v 0.137589544 -0.06518751 0.0100000007
v 0.137713477 -0.06511399 0.0075000003
v 0.137885079 -0.06503439 0.00500000035
v 0.137885079 -0.06503439 0.0100000007
v 0.137972519 -0.0650026 0.0075000003
v 0.138192192 -0.06494609 0.00500000035
v 0.138192192 -0.06494609 0.0100000007
v 0.1382359 -0.0649386048 0.0075000003
v 0.13849242 -0.06491854 0.00500000035
v 0.13849242 -0.06491854 0.0100000007
v 0.159099028 0.0476119444 0.0100000007
v 0.159099028 0.0476119444 0.00500000035
v 0.159399271 0.0475844 0.00500000035
v 0.15944311 0.0475756675 0.0075000003
v 0.159399271 0.0475844 0.0100000007
v 0.1597064 0.04749609 0.00500000035
v 0.1597064 0.04749609 0.0100000007
v 0.159792885 0.04745896 0.0075000003
v 0.160001934 0.0473429859 0.00500000035
v 0.160001934 0.0473429859 0.0100000007
v 0.16012001 0.04725812 0.0075000003
v 0.160265744 0.04712867 0.00500000035
v 0.160265744 0.04712867 0.0100000007
v 0.1603952 0.04698293 0.0075000003
v 0.160480067 0.04686484 0.00500000035
v 0.160480067 0.04686484 0.0100000007
v 0.160596058 0.0466558 0.0075000003
v 0.160633191 0.0465692952 0.00500000035
v 0.160633191 0.0465692952 0.0100000007
v 0.160712764 0.0463060252 0.0075000003
v 0.160721481 0.0462621823 0.00500000035
v 0.160749048 0.0459619462 0.0075000003
v 0.160721481 0.0462621823 0.0100000007
v 0.160749048 0.0459619462 0.00500000035
v 0.160749048 0.0459619462 0.0100000007
v 0.160721481 0.0456617028 0.00500000035
v 0.160721481 0.0456617028 0.0100000007
v 0.160712764 0.04561786 0.0075000003
v 0.160633191 0.04535459 0.00500000035
v 0.160633191 0.04535459 0.0100000007
v 0.160633191 0.04535459 0.0075000003
v 0.160505891 0.0450997874 0.0075000003
v 0.160480067 0.0450590476 0.00500000035
v 0.160480067 0.0450590476 0.0100000007
v 0.16033271 0.0448662378 0.0075000003
v 0.160265744 0.0447952151 0.00500000035
v 0.160265744 0.0447952151 0.0100000007
v 0.16012001 0.044665765 0.0075000003
v 0.160001934 0.0445809 0.00500000035
v 0.160001934 0.0445809 0.0100000007
v 0.159877986 0.0445073843 0.0075000003
v 0.1597064 0.0444277935 0.00500000035
v 0.1597064 0.0444277935 0.0100000007
v 0.159618974 0.0443959981 0.0075000003
v 0.159399271 0.0443394855 0.00500000035
v 0.159399271 0.0443394855 0.0100000007
v 0.159355581 0.0443320125 0.0075000003
v 0.159099028 0.0443119481 0.00500000035
v 0.159099028 0.0443119481 0.0100000007
v 0.158798814 0.0443394855 0.00500000035
v 0.158754945 0.0443482175 0.0075000003
v 0.158798814 0.0443394855 0.0100000007
v 0.158491671 0.0444277935 0.00500000035
v 0.158491671 0.0444277935 0.0100000007
v 0.15840517 0.0444649234 0.0075000003
v 0.158196121 0.0445809 0.00500000035
v 0.158196121 0.0445809 0.0100000007
v 0.15807806 0.044665765 0.0075000003
v 0.157932311 0.0447952151 0.00500000035
v 0.157932311 0.0447952151 0.0100000007
v 0.15780285 0.0449409559 0.0075000003
v 0.157717988 0.0450590476 0.00500000035
v 0.157717988 0.0450590476 0.0100000007
v 0.157602012 0.0452680849 0.0075000003
v 0.157564878 0.04535459 0.00500000035
v 0.157564878 0.04535459 0.0100000007
v 0.1574853 0.04561786 0.0075000003
v 0.157476574 0.0456617028 0.00500000035
v 0.157449037 0.0459619462 0.0075000003
v 0.157476574 0.0456617028 0.0100000007
v 0.157449037 0.0459619462 0.00500000035
v 0.157449037 0.0459619462 0.0100000007
v 0.157476574 0.0462621823 0.00500000035
v 0.157476574 0.0462621823 0.0100000007
v 0.1574853 0.0463060252 0.0075000003
v 0.157564878 0.0465692952 0.00500000035
v 0.157564878 0.0465692952 0.0100000007
v 0.157564878 0.0465692952 0.0075000003
v 0.1576922 0.0468240976 0.0075000003
v 0.157717988 0.04686484 0.00500000035
v 0.157717988 0.04686484 0.0100000007
v 0.15786536 0.0470576473 0.0075000003
v 0.157932311 0.04712867 0.00500000035
v 0.157932311 0.04712867 0.0100000007
v 0.15807806 0.04725812 0.0075000003
v 0.158196121 0.0473429859 0.00500000035
v 0.158196121 0.0473429859 0.0100000007
v 0.158320084 0.0474165 0.0075000003
v 0.158491671 0.04749609 0.00500000035
v 0.158491671 0.04749609 0.0100000007
v 0.158579111 0.0475278869 0.0075000003
v 0.158798814 0.0475844 0.00500000035
v 0.158798814 0.0475844 0.0100000007
v 0.158842489 0.04759188 0.0075000003
v 0.159099028 0.0476119444 0.00500000035
v 0.159099028 0.0476119444 0.0100000007
v 0.110492423 -0.045 0.00500000035
v 0.103492431 -0.045 0.00500000035
v 0.110492423 -0.0241039433 0.00500000035
v 0.109267354 -0.0112264557 0.00500000035
v 0.108373575 -0.007424093 0.00500000035
v 0.10769242 2.49827963E-18 0.00500000035
v 0.110557072 -0.0150182648 0.00500000035
v 0.11225044 -0.01873922 0.00500000035
v 0.11434301 -0.0223261584 0.00500000035
v 0.114058971 -0.0289713219 0.00500000035
v 0.116817221 -0.0257161651 0.00500000035
v 0.103492431 0.045 0.00500000035
v 0.118376829 -0.0334372632 0.00500000035
v 0.119642474 -0.02884996 0.00500000035
v 0.122776262 -0.0316752121 0.00500000035
v 0.123371944 -0.0373357944 0.00500000035
v 0.126166269 -0.03414942 0.00500000035
v 0.108373575 0.007424093 0.00500000035
v 0.128922969 -0.0405220538 0.00500000035
v 0.129753217 -0.03624199 0.00500000035
v 0.133474156 -0.037935365 0.00500000035
v 0.1348699 -0.04288854 0.00500000035
v 0.13726598 -0.03922508 0.00500000035
v 0.14102903 -0.0443767719 0.00500000035
v 0.141068339 -0.0401188619 0.00500000035
v 0.147211462 -0.0449817665 0.00500000035
v 0.148492426 -0.0408000052 0.00500000035
v 0.153241172 -0.04474874 0.00500000035
v 0.155916527 -0.0401188619 0.00500000035
v 0.157476574 -0.0456617028 0.00500000035
v 0.157564878 -0.04535459 0.00500000035
v 0.157449037 -0.0459619462 0.00500000035
v 0.157717988 -0.0450590476 0.00500000035
v 0.157476574 -0.0462621823 0.00500000035
v 0.157932311 -0.0447952151 0.00500000035
v 0.158196121 -0.0445809 0.00500000035
v 0.158491671 -0.0444277935 0.00500000035
v 0.159718871 -0.03922508 0.00500000035
v 0.158798814 -0.0443394855 0.00500000035
v 0.159099028 -0.0443119481 0.00500000035
v 0.159399271 -0.0443394855 0.00500000035
v 0.1597064 -0.0444277935 0.00500000035
v 0.160001934 -0.0445809 0.00500000035
v 0.160265744 -0.0447952151 0.00500000035
v 0.160480067 -0.0450590476 0.00500000035
v 0.16351068 -0.037935365 0.00500000035
v 0.160633191 -0.04535459 0.00500000035
v 0.160721481 -0.0456617028 0.00500000035
v 0.160749048 -0.0459619462 0.00500000035
v 0.167231649 -0.03624199 0.00500000035
v 0.160721481 -0.0462621823 0.00500000035
v 0.160633191 -0.0465692952 0.00500000035
v 0.170818582 -0.03414942 0.00500000035
v 0.180312246 -0.0318198055 0.00500000035
v 0.160480067 -0.04686484 0.00500000035
v 0.1742086 -0.0316752121 0.00500000035
v 0.177342385 -0.02884996 0.00500000035
v 0.160265744 -0.04712867 0.00500000035
v 0.180167645 -0.0257161651 0.00500000035
v 0.18304266 -0.02883194 0.00500000035
v 0.182641864 -0.0223261584 0.00500000035
v 0.185571045 -0.0254985578 0.00500000035
v 0.184734434 -0.01873922 0.00500000035
v 0.187839434 -0.021836048 0.00500000035
v 0.1864278 -0.0150182648 0.00500000035
v 0.189790815 -0.0178729817 0.00500000035
v 0.187717512 -0.0112264557 0.00500000035
v 0.191372111 -0.0136503614 0.00500000035
v 0.188611284 -0.007424093 0.00500000035
v 0.192537591 -0.009220926 0.00500000035
v 0.193251818 -0.00464744354 0.00500000035
v 0.189292431 2.49827963E-18 0.00500000035
v 0.193492442 1.30070729E-18 0.00500000035
v 0.193251818 0.00464744354 0.00500000035
v 0.188611284 0.007424093 0.00500000035
v 0.192537591 0.009220926 0.00500000035
v 0.191372111 0.0136503614 0.00500000035
v 0.187717512 0.0112264557 0.00500000035
v 0.189790815 0.0178729817 0.00500000035
v 0.1864278 0.0150182648 0.00500000035
v 0.187839434 0.021836048 0.00500000035
v 0.184734434 0.01873922 0.00500000035
v 0.185571045 0.0254985578 0.00500000035
v 0.182641864 0.0223261584 0.00500000035
v 0.18304266 0.02883194 0.00500000035
v 0.180167645 0.0257161651 0.00500000035
v 0.180312246 0.0318198055 0.00500000035
v 0.177342385 0.02884996 0.00500000035
v 0.1742086 0.0316752121 0.00500000035
v 0.170818582 0.03414942 0.00500000035
v 0.160633191 0.0465692952 0.00500000035
v 0.167231649 0.03624199 0.00500000035
v 0.160480067 0.04686484 0.00500000035
v 0.160721481 0.0462621823 0.00500000035
v 0.160749048 0.0459619462 0.00500000035
v 0.156902343 0.05522971 0.00500000035
v 0.16351068 0.037935365 0.00500000035
v 0.160265744 0.04712867 0.00500000035
v 0.160001934 0.0473429859 0.00500000035
v 0.1597064 0.04749609 0.00500000035
v 0.159399271 0.0475844 0.00500000035
v 0.159099028 0.0476119444 0.00500000035
v 0.160721481 0.0456617028 0.00500000035
v 0.160633191 0.04535459 0.00500000035
v 0.160480067 0.0450590476 0.00500000035
v 0.159718871 0.03922508 0.00500000035
v 0.160265744 0.0447952151 0.00500000035
v 0.158798814 0.0475844 0.00500000035
v 0.160001934 0.0445809 0.00500000035
v 0.158491671 0.04749609 0.00500000035
v 0.1597064 0.0444277935 0.00500000035
v 0.158196121 0.0473429859 0.00500000035
v 0.159399271 0.0443394855 0.00500000035
v 0.157932311 0.04712867 0.00500000035
v 0.157717988 0.04686484 0.00500000035
v 0.157564878 0.0465692952 0.00500000035
v 0.153241172 0.04474874 0.00500000035
v 0.151281789 0.05489572 0.00500000035
v 0.157476574 0.0462621823 0.00500000035
v 0.159099028 0.0443119481 0.00500000035
v 0.158798814 0.0443394855 0.00500000035
v 0.158491671 0.0444277935 0.00500000035
v 0.155916527 0.0401188619 0.00500000035
v 0.157449037 0.0459619462 0.00500000035
v 0.158196121 0.0445809 0.00500000035
v 0.157932311 0.0447952151 0.00500000035
v 0.157717988 0.0450590476 0.00500000035
v 0.157564878 0.04535459 0.00500000035
v 0.157476574 0.0456617028 0.00500000035
v 0.148492426 0.0408000052 0.00500000035
v 0.147211462 0.0449817665 0.00500000035
v 0.141068339 0.0401188619 0.00500000035
v 0.14102903 0.0443767719 0.00500000035
v 0.13726598 0.03922508 0.00500000035
v 0.1348699 0.04288854 0.00500000035
v 0.133474156 0.037935365 0.00500000035
v 0.128922969 0.0405220538 0.00500000035
v 0.129753217 0.03624199 0.00500000035
v 0.126166269 0.03414942 0.00500000035
v 0.123371944 0.0373357944 0.00500000035
v 0.122776262 0.0316752121 0.00500000035
v 0.118376829 0.0334372632 0.00500000035
v 0.119642474 0.02884996 0.00500000035
v 0.116817221 0.0257161651 0.00500000035
v 0.114058971 0.0289713219 0.00500000035
v 0.11434301 0.0223261584 0.00500000035
v 0.110492423 0.0241039433 0.00500000035
v 0.11225044 0.01873922 0.00500000035
v 0.110557072 0.0150182648 0.00500000035
v 0.109267354 0.0112264557 0.00500000035
v 0.110492423 0.045 0.00500000035
v 0.153241172 -0.04474874 0.009500001
v 0.15462105 -0.04407596 0.0100000007
v 0.148310125 -0.04449963 0.0100000007
v 0.1483091 -0.044749625 0.009750001
v 0.141792759 -0.0439927764 0.0100000007
v 0.147211462 -0.0449817665 0.009500001
v 0.141755134 -0.0442399271 0.009750001
v 0.135276943 -0.04249236 0.0100000007
v 0.14102903 -0.0443767719 0.009500001
v 0.135202691 -0.0427310877 0.009750001
v 0.128989831 -0.0399987362 0.0100000007
v 0.1348699 -0.04288854 0.009500001
v 0.128880262 -0.04022345 0.009750001
v 0.128922969 -0.0405220538 0.009500001
v 0.123153254 -0.03658109 0.0100000007
v 0.123371944 -0.0373357944 0.009500001
v 0.1230109 -0.0367866 0.009750001
v 0.11795833 -0.0323715769 0.0100000007
v 0.118376829 -0.0334372632 0.009500001
v 0.117786795 -0.03255344 0.009750001
v 0.113545269 -0.0275489613 0.0100000007
v 0.114058971 -0.0289713219 0.009500001
v 0.113348924 -0.0277037323 0.009750001
v 0.109992437 -0.0223159157 0.0100000007
v 0.110492423 -0.0241039433 0.009500001
v 0.15462105 -0.04407596 0.0100000007
v 0.153241172 -0.04474874 0.009500001
v 0.144306749 -0.054390274 0.0100000007
v 0.144056737 -0.0544736 0.00988215
v 0.133492425 -0.06449748 0.009500001
v 0.133992434 -0.06470458 0.0100000007
v 0.133992434 -0.0774325058 0.0100000007
v 0.133492425 -0.07863961 0.009500001
v 0.145484 -0.06594095 0.0100000007
v 0.156925157 -0.0549864 0.009655904
v 0.156975552 -0.05444938 0.0100000007
v 0.180312246 -0.0318198055 0.009500001
v 0.168467134 -0.0429578163 0.0100000007
v 0.179958671 -0.0314662531 0.0100000007
v 0.110492423 0.0241039433 0.009500001
v 0.109992437 0.0223159157 0.0100000007
v 0.113545269 0.0275489613 0.0100000007
v 0.113348924 0.0277037323 0.009750001
v 0.114058971 0.0289713219 0.009500001
v 0.11795833 0.0323715769 0.0100000007
v 0.117786795 0.03255344 0.009750001
v 0.118376829 0.0334372632 0.009500001
v 0.123153254 0.03658109 0.0100000007
v 0.1230109 0.0367866 0.009750001
v 0.123371944 0.0373357944 0.009500001
v 0.128989831 0.0399987362 0.0100000007
v 0.128880262 0.04022345 0.009750001
v 0.128922969 0.0405220538 0.009500001
v 0.135276943 0.04249236 0.0100000007
v 0.1348699 0.04288854 0.009500001
v 0.135202691 0.0427310877 0.009750001
v 0.141792759 0.0439927764 0.0100000007
v 0.14102903 0.0443767719 0.009500001
v 0.141755134 0.0442399271 0.009750001
v 0.148310125 0.04449963 0.0100000007
v 0.147211462 0.0449817665 0.009500001
v 0.1483091 0.044749625 0.009750001
v 0.15462105 0.04407596 0.0100000007
v 0.153241172 0.04474874 0.009500001
v 0.109992437 -0.0223159157 0.0100000007
v 0.103992432 -0.0445 0.0100000007
v 0.109992437 -0.0445 0.0100000007
v 0.110635169 -0.007005578 0.0100000007
v 0.109992437 2.01210162E-17 0.0100000007
v 0.111478575 -0.0105935913 0.0100000007
v 0.112695575 -0.0141716478 0.0100000007
v 0.1142935 -0.0176828429 0.0100000007
v 0.103992432 0.0445 0.0100000007
v 0.113545269 -0.0275489613 0.0100000007
v 0.116268106 -0.0210675783 0.0100000007
v 0.118602827 -0.0242664814 0.0100000007
v 0.11795833 -0.0323715769 0.0100000007
v 0.121268824 -0.0272236113 0.0100000007
v 0.123153254 -0.03658109 0.0100000007
v 0.124225952 -0.0298895985 0.0100000007
v 0.127424866 -0.0322243273 0.0100000007
v 0.128989831 -0.0399987362 0.0100000007
v 0.13080959 -0.0341989361 0.0100000007
v 0.134320781 -0.03579685 0.0100000007
v 0.135276943 -0.04249236 0.0100000007
v 0.137898833 -0.03701386 0.0100000007
v 0.141792759 -0.0439927764 0.0100000007
v 0.141486853 -0.0378572568 0.0100000007
v 0.148492426 -0.0385 0.0100000007
v 0.148310125 -0.04449963 0.0100000007
v 0.15462105 -0.04407596 0.0100000007
v 0.155498 -0.0378572568 0.0100000007
v 0.157932311 -0.0447952151 0.0100000007
v 0.157717988 -0.0450590476 0.0100000007
v 0.157564878 -0.04535459 0.0100000007
v 0.157476574 -0.0456617028 0.0100000007
v 0.158196121 -0.0445809 0.0100000007
v 0.159086019 -0.03701386 0.0100000007
v 0.157449037 -0.0459619462 0.0100000007
v 0.158491671 -0.0444277935 0.0100000007
v 0.157476574 -0.0462621823 0.0100000007
v 0.158798814 -0.0443394855 0.0100000007
v 0.159099028 -0.0443119481 0.0100000007
v 0.159399271 -0.0443394855 0.0100000007
v 0.1597064 -0.0444277935 0.0100000007
v 0.160001934 -0.0445809 0.0100000007
v 0.162664071 -0.03579685 0.0100000007
v 0.160265744 -0.0447952151 0.0100000007
v 0.160480067 -0.0450590476 0.0100000007
v 0.160633191 -0.04535459 0.0100000007
v 0.160721481 -0.0456617028 0.0100000007
v 0.157564878 -0.0465692952 0.0100000007
v 0.168467134 -0.0429578163 0.0100000007
v 0.166175276 -0.0341989361 0.0100000007
v 0.160749048 -0.0459619462 0.0100000007
v 0.16956 -0.0322243273 0.0100000007
v 0.160721481 -0.0462621823 0.0100000007
v 0.160633191 -0.0465692952 0.0100000007
v 0.1727589 -0.0298895985 0.0100000007
v 0.160480067 -0.04686484 0.0100000007
v 0.179958671 -0.0314662531 0.0100000007
v 0.175716043 -0.0272236113 0.0100000007
v 0.178382024 -0.0242664814 0.0100000007
v 0.182658762 -0.0285115875 0.0100000007
v 0.180716753 -0.0210675783 0.0100000007
v 0.185159057 -0.02521524 0.0100000007
v 0.182691365 -0.0176828429 0.0100000007
v 0.187402248 -0.0215934236 0.0100000007
v 0.184289277 -0.0141716478 0.0100000007
v 0.189331934 -0.017674394 0.0100000007
v 0.185506284 -0.0105935913 0.0100000007
v 0.190895677 -0.01349869 0.0100000007
v 0.156975552 -0.05444938 0.0100000007
v 0.18634969 -0.007005578 0.0100000007
v 0.192048177 -0.009118472 0.0100000007
v 0.192754477 -0.004595806 0.0100000007
v 0.160265744 -0.04712867 0.0100000007
v 0.160001934 -0.0473429859 0.0100000007
v 0.1597064 -0.04749609 0.0100000007
v 0.159399271 -0.0475844 0.0100000007
v 0.159099028 -0.0476119444 0.0100000007
v 0.186992422 2.01210162E-17 0.0100000007
v 0.192992419 4.16226332E-17 0.0100000007
v 0.192754477 0.004595806 0.0100000007
v 0.158798814 -0.0475844 0.0100000007
v 0.18634969 0.007005578 0.0100000007
v 0.192048177 0.009118472 0.0100000007
v 0.190895677 0.01349869 0.0100000007
v 0.185506284 0.0105935913 0.0100000007
v 0.189331934 0.017674394 0.0100000007
v 0.184289277 0.0141716478 0.0100000007
v 0.187402248 0.0215934236 0.0100000007
v 0.182691365 0.0176828429 0.0100000007
v 0.185159057 0.02521524 0.0100000007
v 0.180716753 0.0210675783 0.0100000007
v 0.182658762 0.0285115875 0.0100000007
v 0.178382024 0.0242664814 0.0100000007
v 0.179958671 0.0314662531 0.0100000007
v 0.175716043 0.0272236113 0.0100000007
v 0.1727589 0.0298895985 0.0100000007
v 0.16956 0.0322243273 0.0100000007
v 0.160721481 0.0462621823 0.0100000007
v 0.166175276 0.0341989361 0.0100000007
v 0.160749048 0.0459619462 0.0100000007
v 0.160721481 0.0456617028 0.0100000007
v 0.160633191 0.0465692952 0.0100000007
v 0.162664071 0.03579685 0.0100000007
v 0.160480067 0.04686484 0.0100000007
v 0.160633191 0.04535459 0.0100000007
v 0.160480067 0.0450590476 0.0100000007
v 0.160265744 0.0447952151 0.0100000007
v 0.160001934 0.0445809 0.0100000007
v 0.159086019 0.03701386 0.0100000007
v 0.1597064 0.0444277935 0.0100000007
v 0.159399271 0.0443394855 0.0100000007
v 0.159099028 0.0443119481 0.0100000007
v 0.158798814 0.0443394855 0.0100000007
v 0.158491671 0.0444277935 0.0100000007
v 0.158196121 0.0445809 0.0100000007
v 0.155498 0.0378572568 0.0100000007
v 0.157932311 0.0447952151 0.0100000007
v 0.15462105 0.04407596 0.0100000007
v 0.157717988 0.0450590476 0.0100000007
v 0.157564878 0.04535459 0.0100000007
v 0.157476574 0.0456617028 0.0100000007
v 0.157449037 0.0459619462 0.0100000007
v 0.157476574 0.0462621823 0.0100000007
v 0.157564878 0.0465692952 0.0100000007
v 0.148492426 0.0385 0.0100000007
v 0.148310125 0.04449963 0.0100000007
v 0.141792759 0.0439927764 0.0100000007
v 0.141486853 0.0378572568 0.0100000007
v 0.137898833 0.03701386 0.0100000007
v 0.135276943 0.04249236 0.0100000007
v 0.134320781 0.03579685 0.0100000007
v 0.128989831 0.0399987362 0.0100000007
v 0.13080959 0.0341989361 0.0100000007
v 0.127424866 0.0322243273 0.0100000007
v 0.123153254 0.03658109 0.0100000007
v 0.124225952 0.0298895985 0.0100000007
v 0.121268824 0.0272236113 0.0100000007
v 0.11795833 0.0323715769 0.0100000007
v 0.118602827 0.0242664814 0.0100000007
v 0.113545269 0.0275489613 0.0100000007
v 0.116268106 0.0210675783 0.0100000007
v 0.1142935 0.0176828429 0.0100000007
v 0.109992437 0.0223159157 0.0100000007
v 0.112695575 0.0141716478 0.0100000007
v 0.111478575 0.0105935913 0.0100000007
v 0.110635169 0.007005578 0.0100000007
v 0.109992437 0.0445 0.0100000007
v 0.157564878 -0.0465692952 0.00500000035
v 0.151281789 -0.05489572 0.00500000035
v 0.157717988 -0.04686484 0.00500000035
v 0.15100342 -0.0543583743 0.00500000035
v 0.150613755 -0.0538786836 0.00500000035
v 0.150134057 -0.05348902 0.00500000035
v 0.149596721 -0.0532106347 0.00500000035
v 0.151442349 -0.0554541126 0.00500000035
v 0.157932311 -0.04712867 0.00500000035
v 0.149038315 -0.0530500859 0.00500000035
v 0.151492432 -0.056 0.00500000035
v 0.158196121 -0.0473429859 0.00500000035
v 0.158491671 -0.04749609 0.00500000035
v 0.148492426 -0.0530000031 0.00500000035
v 0.151442349 -0.0565458871 0.00500000035
v 0.147946537 -0.0530500859 0.00500000035
v 0.158798814 -0.0475844 0.00500000035
v 0.159099028 -0.0476119444 0.00500000035
v 0.159399271 -0.0475844 0.00500000035
v 0.147388145 -0.0532106347 0.00500000035
v 0.146850809 -0.05348902 0.00500000035
v 0.146371111 -0.0538786836 0.00500000035
v 0.151281789 -0.0571042858 0.00500000035
v 0.1597064 -0.04749609 0.00500000035
v 0.160001934 -0.0473429859 0.00500000035
v 0.133492425 -0.06449748 0.00500000035
v 0.15100342 -0.0576416329 0.00500000035
v 0.150613755 -0.0581213236 0.00500000035
v 0.145981446 -0.0543583743 0.00500000035
v 0.133492425 -0.07863961 0.00500000035
v 0.145703062 -0.05489572 0.00500000035
v 0.150134057 -0.05851099 0.00500000035
v 0.1455425 -0.0554541126 0.00500000035
v 0.139873475 -0.0674714446 0.00500000035
v 0.149596721 -0.058789365 0.00500000035
v 0.149038315 -0.0589499176 0.00500000035
v 0.139659151 -0.06773527 0.00500000035
v 0.139395326 -0.0679495856 0.00500000035
v 0.139099792 -0.068102695 0.00500000035
v 0.138792679 -0.068191 0.00500000035
v 0.13849242 -0.0682185441 0.00500000035
v 0.140026584 -0.0671759 0.00500000035
v 0.148492426 -0.059 0.00500000035
v 0.147946537 -0.0589499176 0.00500000035
v 0.140114889 -0.06686878 0.00500000035
v 0.147388145 -0.058789365 0.00500000035
v 0.138192192 -0.068191 0.00500000035
v 0.140142426 -0.066568546 0.00500000035
v 0.146850809 -0.05851099 0.00500000035
v 0.146371111 -0.0581213236 0.00500000035
v 0.140114889 -0.06626831 0.00500000035
v 0.145981446 -0.0576416329 0.00500000035
v 0.140026584 -0.06596119 0.00500000035
v 0.145703062 -0.0571042858 0.00500000035
v 0.139873475 -0.06566565 0.00500000035
v 0.137885079 -0.068102695 0.00500000035
v 0.1455425 -0.0565458871 0.00500000035
v 0.139659151 -0.06540182 0.00500000035
v 0.139395326 -0.06518751 0.00500000035
v 0.137589544 -0.0679495856 0.00500000035
v 0.14549242 -0.056 0.00500000035
v 0.139099792 -0.06503439 0.00500000035
v 0.138792679 -0.06494609 0.00500000035
v 0.1373257 -0.06773527 0.00500000035
v 0.137111381 -0.0674714446 0.00500000035
v 0.136958271 -0.0671759 0.00500000035
v 0.136869982 -0.06686878 0.00500000035
v 0.13684243 -0.066568546 0.00500000035
v 0.136869982 -0.06626831 0.00500000035
v 0.13849242 -0.06491854 0.00500000035
v 0.138192192 -0.06494609 0.00500000035
v 0.136958271 -0.06596119 0.00500000035
v 0.137885079 -0.06503439 0.00500000035
v 0.137111381 -0.06566565 0.00500000035
v 0.137589544 -0.06518751 0.00500000035
v 0.1373257 -0.06540182 0.00500000035
v 0.158491671 -0.04749609 0.0100000007
v 0.158196121 -0.0473429859 0.0100000007
v 0.157932311 -0.04712867 0.0100000007
v 0.157717988 -0.04686484 0.0100000007
v 0.151281789 -0.05489572 0.0100000007
v 0.15100342 -0.0543583743 0.0100000007
v 0.150613755 -0.0538786836 0.0100000007
v 0.150134057 -0.05348902 0.0100000007
v 0.151442349 -0.0554541126 0.0100000007
v 0.149596721 -0.0532106347 0.0100000007
v 0.151492432 -0.056 0.0100000007
v 0.149038315 -0.0530500859 0.0100000007
v 0.151442349 -0.0565458871 0.0100000007
v 0.148492426 -0.0530000031 0.0100000007
v 0.151281789 -0.0571042858 0.0100000007
v 0.15100342 -0.0576416329 0.0100000007
v 0.150613755 -0.0581213236 0.0100000007
v 0.147946537 -0.0530500859 0.0100000007
v 0.147388145 -0.0532106347 0.0100000007
v 0.146850809 -0.05348902 0.0100000007
v 0.144306749 -0.054390274 0.0100000007
v 0.146371111 -0.0538786836 0.0100000007
v 0.145484 -0.06594095 0.0100000007
v 0.150134057 -0.05851099 0.0100000007
v 0.149596721 -0.058789365 0.0100000007
v 0.149038315 -0.0589499176 0.0100000007
v 0.148492426 -0.059 0.0100000007
v 0.145981446 -0.0543583743 0.0100000007
v 0.147946537 -0.0589499176 0.0100000007
v 0.145703062 -0.05489572 0.0100000007
v 0.147388145 -0.058789365 0.0100000007
v 0.1455425 -0.0554541126 0.0100000007
v 0.146850809 -0.05851099 0.0100000007
v 0.14549242 -0.056 0.0100000007
v 0.1455425 -0.0565458871 0.0100000007
v 0.146371111 -0.0581213236 0.0100000007
v 0.145981446 -0.0576416329 0.0100000007
v 0.145703062 -0.0571042858 0.0100000007
v 0.139873475 -0.06566565 0.0100000007
v 0.139659151 -0.06540182 0.0100000007
v 0.140026584 -0.06596119 0.0100000007
v 0.139395326 -0.06518751 0.0100000007
v 0.140114889 -0.06626831 0.0100000007
v 0.139099792 -0.06503439 0.0100000007
v 0.140142426 -0.066568546 0.0100000007
v 0.138792679 -0.06494609 0.0100000007
v 0.140114889 -0.06686878 0.0100000007
v 0.13849242 -0.06491854 0.0100000007
v 0.138192192 -0.06494609 0.0100000007
v 0.137885079 -0.06503439 0.0100000007
v 0.133992434 -0.06470458 0.0100000007
v 0.137589544 -0.06518751 0.0100000007
v 0.1373257 -0.06540182 0.0100000007
v 0.140026584 -0.0671759 0.0100000007
v 0.139873475 -0.0674714446 0.0100000007
v 0.139659151 -0.06773527 0.0100000007
v 0.137111381 -0.06566565 0.0100000007
v 0.133992434 -0.0774325058 0.0100000007
v 0.139395326 -0.0679495856 0.0100000007
v 0.139099792 -0.068102695 0.0100000007
v 0.138792679 -0.068191 0.0100000007
v 0.13849242 -0.0682185441 0.0100000007
v 0.136958271 -0.06596119 0.0100000007
v 0.138192192 -0.068191 0.0100000007
v 0.136869982 -0.06626831 0.0100000007
v 0.137885079 -0.068102695 0.0100000007
v 0.13684243 -0.066568546 0.0100000007
v 0.136869982 -0.06686878 0.0100000007
v 0.136958271 -0.0671759 0.0100000007
v 0.137589544 -0.0679495856 0.0100000007
v 0.137111381 -0.0674714446 0.0100000007
v 0.1373257 -0.06773527 0.0100000007
v 0.160265744 0.04712867 0.0100000007
v 0.15100342 0.0576416329 0.0100000007
v 0.160001934 0.0473429859 0.0100000007
v 0.150613755 0.0581213236 0.0100000007
v 0.151281789 0.0571042858 0.0100000007
v 0.1597064 0.04749609 0.0100000007
v 0.159399271 0.0475844 0.0100000007
v 0.133992434 0.0774325058 0.0100000007
v 0.151442349 0.0565458871 0.0100000007
v 0.159099028 0.0476119444 0.0100000007
v 0.158798814 0.0475844 0.0100000007
v 0.158491671 0.04749609 0.0100000007
v 0.151492432 0.056 0.0100000007
v 0.158196121 0.0473429859 0.0100000007
v 0.157932311 0.04712867 0.0100000007
v 0.151442349 0.0554541126 0.0100000007
v 0.157717988 0.04686484 0.0100000007
v 0.151281789 0.05489572 0.0100000007
v 0.15100342 0.0543583743 0.0100000007
v 0.150613755 0.0538786836 0.0100000007
v 0.150134057 0.05348902 0.0100000007
v 0.149596721 0.0532106347 0.0100000007
v 0.149038315 0.0530500859 0.0100000007
v 0.148492426 0.0530000031 0.0100000007
v 0.147946537 0.0530500859 0.0100000007
v 0.147388145 0.0532106347 0.0100000007
v 0.146850809 0.05348902 0.0100000007
v 0.146371111 0.0538786836 0.0100000007
v 0.133992434 0.06470458 0.0100000007
v 0.145981446 0.0543583743 0.0100000007
v 0.145703062 0.05489572 0.0100000007
v 0.1455425 0.0554541126 0.0100000007
v 0.138192192 0.06494609 0.0100000007
v 0.137885079 0.06503439 0.0100000007
v 0.137589544 0.06518751 0.0100000007
v 0.1373257 0.06540182 0.0100000007
v 0.13849242 0.06491854 0.0100000007
v 0.138792679 0.06494609 0.0100000007
v 0.137111381 0.06566565 0.0100000007
v 0.14549242 0.056 0.0100000007
v 0.139099792 0.06503439 0.0100000007
v 0.139395326 0.06518751 0.0100000007
v 0.136958271 0.06596119 0.0100000007
v 0.1455425 0.0565458871 0.0100000007
v 0.139659151 0.06540182 0.0100000007
v 0.139873475 0.06566565 0.0100000007
v 0.145703062 0.0571042858 0.0100000007
v 0.140026584 0.06596119 0.0100000007
v 0.145981446 0.0576416329 0.0100000007
v 0.140114889 0.06626831 0.0100000007
v 0.146371111 0.0581213236 0.0100000007
v 0.136869982 0.06626831 0.0100000007
v 0.140142426 0.066568546 0.0100000007
v 0.146850809 0.05851099 0.0100000007
v 0.147388145 0.058789365 0.0100000007
v 0.140114889 0.06686878 0.0100000007
v 0.147946537 0.0589499176 0.0100000007
v 0.13684243 0.066568546 0.0100000007
v 0.136869982 0.06686878 0.0100000007
v 0.136958271 0.0671759 0.0100000007
v 0.140026584 0.0671759 0.0100000007
v 0.148492426 0.059 0.0100000007
v 0.149038315 0.0589499176 0.0100000007
v 0.139873475 0.0674714446 0.0100000007
v 0.137111381 0.0674714446 0.0100000007
v 0.149596721 0.058789365 0.0100000007
v 0.1373257 0.06773527 0.0100000007
v 0.137589544 0.0679495856 0.0100000007
v 0.137885079 0.068102695 0.0100000007
v 0.138192192 0.068191 0.0100000007
v 0.13849242 0.0682185441 0.0100000007
v 0.138792679 0.068191 0.0100000007
v 0.139099792 0.068102695 0.0100000007
v 0.139395326 0.0679495856 0.0100000007
v 0.139659151 0.06773527 0.0100000007
v 0.150134057 0.05851099 0.0100000007
v 0.151442349 0.0554541126 0.00500000035
v 0.151492432 0.056 0.00500000035
v 0.151442349 0.0565458871 0.00500000035
v 0.151281789 0.0571042858 0.00500000035
v 0.15100342 0.0576416329 0.00500000035
v 0.150613755 0.0581213236 0.00500000035
v 0.145197377 0.06693466 0.00500000035
v 0.150134057 0.05851099 0.00500000035
v 0.149596721 0.058789365 0.00500000035
v 0.149038315 0.0589499176 0.00500000035
v 0.148492426 0.059 0.00500000035
v 0.147946537 0.0589499176 0.00500000035
v 0.147388145 0.058789365 0.00500000035
v 0.146850809 0.05851099 0.00500000035
v 0.146371111 0.0581213236 0.00500000035
v 0.145981446 0.0576416329 0.00500000035
v 0.145703062 0.0571042858 0.00500000035
v 0.140026584 0.06596119 0.00500000035
v 0.140114889 0.06626831 0.00500000035
v 0.140142426 0.066568546 0.00500000035
v 0.140114889 0.06686878 0.00500000035
v 0.140026584 0.0671759 0.00500000035
v 0.139873475 0.0674714446 0.00500000035
v 0.139659151 0.06773527 0.00500000035
v 0.139395326 0.0679495856 0.00500000035
v 0.133492425 0.07863961 0.00500000035
v 0.139099792 0.068102695 0.00500000035
v 0.138792679 0.068191 0.00500000035
v 0.13849242 0.0682185441 0.00500000035
v 0.138192192 0.068191 0.00500000035
v 0.137885079 0.068102695 0.00500000035
v 0.137589544 0.0679495856 0.00500000035
v 0.1373257 0.06773527 0.00500000035
v 0.137111381 0.0674714446 0.00500000035
v 0.136958271 0.0671759 0.00500000035
v 0.133492425 0.06449748 0.00500000035
v 0.136869982 0.06686878 0.00500000035
v 0.13684243 0.066568546 0.00500000035
v 0.136869982 0.06626831 0.00500000035
v 0.136958271 0.06596119 0.00500000035
v 0.137111381 0.06566565 0.00500000035
v 0.1373257 0.06540182 0.00500000035
v 0.137589544 0.06518751 0.00500000035
v 0.137885079 0.06503439 0.00500000035
v 0.1433668 0.0546231121 0.00500000035
v 0.138192192 0.06494609 0.00500000035
v 0.13849242 0.06491854 0.00500000035
v 0.138792679 0.06494609 0.00500000035
v 0.139099792 0.06503439 0.00500000035
v 0.139395326 0.06518751 0.00500000035
v 0.139659151 0.06540182 0.00500000035
v 0.139873475 0.06566565 0.00500000035
v 0.1455425 0.0565458871 0.00500000035
v 0.14549242 0.056 0.00500000035
v 0.1455425 0.0554541126 0.00500000035
v 0.145703062 0.05489572 0.00500000035
v 0.145981446 0.0543583743 0.00500000035
v 0.146371111 0.0538786836 0.00500000035
v 0.146850809 0.05348902 0.00500000035
v 0.147388145 0.0532106347 0.00500000035
v 0.147946537 0.0530500859 0.00500000035
v 0.148492426 0.0530000031 0.00500000035
v 0.149038315 0.0530500859 0.00500000035
v 0.149596721 0.0532106347 0.00500000035
v 0.150134057 0.05348902 0.00500000035
v 0.150613755 0.0538786836 0.00500000035
v 0.15100342 0.0543583743 0.00500000035
v 0.106992431 -0.045 0.00725000072
v 0.103492431 -0.045 0.009500001
v 0.103492431 -0.045 0.00500000035
v 0.110492423 -0.045 0.00500000035
v 0.110492423 -0.045 0.009500001
v 0.103492431 8.881785E-18 0.00725000072
v 0.103492431 0.045 0.009500001
v 0.103492431 0.045 0.00500000035
v 0.103492431 -0.045 0.00500000035
v 0.103492431 -0.045 0.009500001
v 0.106992431 0.045 0.00725000072
v 0.110492423 0.045 0.009500001
v 0.110492423 0.045 0.00500000035
v 0.103492431 0.045 0.00500000035
v 0.103492431 0.045 0.009500001
v 0.110492423 0.03455197 0.00725000072
v 0.110492423 0.0241039433 0.009500001
v 0.110492423 0.0241039433 0.00500000035
v 0.110492423 0.045 0.00500000035
v 0.110492423 0.045 0.009500001
v 0.17553927 -0.0270468369 0.009750001
v 0.1753625 -0.026870057 0.009500001
v 0.172443762 -0.0295014232 0.009500001
v 0.177993864 -0.0239513274 0.009500001
v 0.172160789 -0.0300478227 0.009750001
v 0.169286415 -0.0318058319 0.009500001
v 0.17854026 -0.0236683525 0.009750001
v 0.180298254 -0.02079397 0.009500001
v 0.168478712 -0.03261305 0.009750001
v 0.165945619 -0.0337547958 0.009500001
v 0.1811055 -0.019986283 0.009750001
v 0.182247236 -0.0174531955 0.009500001
v 0.164577335 -0.0347035825 0.009750001
v 0.162480041 -0.035331957 0.009500001
v 0.183196008 -0.0160848945 0.009750001
v 0.18382439 -0.0139875989 0.009500001
v 0.160545141 -0.03630144 0.009750001
v 0.155407026 -0.0373656042 0.009500001
v 0.18479389 -0.012052712 0.009750001
v 0.185858026 -0.006914596 0.009500001
v 0.16956 -0.0322243273 0.0100000007
v 0.1727589 -0.0298895985 0.0100000007
v 0.166175276 -0.0341989361 0.0100000007
v 0.162664071 -0.03579685 0.0100000007
v 0.175716043 -0.0272236113 0.0100000007
v 0.178382024 -0.0242664814 0.0100000007
v 0.180716753 -0.0210675783 0.0100000007
v 0.182691365 -0.0176828429 0.0100000007
v 0.184289277 -0.0141716478 0.0100000007
v 0.159086019 -0.03701386 0.0100000007
v 0.185506284 -0.0105935913 0.0100000007
v 0.1564689 -0.03740907 0.009750001
v 0.155498 -0.0378572568 0.0100000007
v 0.185901508 -0.007976471 0.009750001
v 0.18634969 -0.007005578 0.0100000007
v 0.152428344 -0.03804696 0.009750001
v 0.148492426 -0.0380000025 0.009500001
v 0.148492426 -0.0385 0.0100000007
v 0.186539382 -0.003935922 0.009750001
v 0.186992422 2.01210162E-17 0.0100000007
v 0.186492428 2.00903989E-17 0.009500001
v 0.186742425 1.776357E-17 0.009750001
v 0.186539382 0.003935922 0.009750001
v 0.18634969 0.007005578 0.0100000007
v 0.185858026 0.006914596 0.009500001
v 0.185901508 0.007976471 0.009750001
v 0.185506284 0.0105935913 0.0100000007
v 0.18382439 0.0139875989 0.009500001
v 0.184056848 0.0140796239 0.009750001
v 0.184289277 0.0141716478 0.0100000007
v 0.182247236 0.0174531955 0.009500001
v 0.1811055 0.019986283 0.009750001
v 0.182691365 0.0176828429 0.0100000007
v 0.180298254 0.02079397 0.009500001
v 0.180716753 0.0210675783 0.0100000007
v 0.177993864 0.0239513274 0.009500001
v 0.178382024 0.0242664814 0.0100000007
v 0.177091032 0.0254004728 0.009750001
v 0.1753625 0.026870057 0.009500001
v 0.172160789 0.0300478227 0.009750001
v 0.175716043 0.0272236113 0.0100000007
v 0.172443762 0.0295014232 0.009500001
v 0.1727589 0.0298895985 0.0100000007
v 0.169286415 0.0318058319 0.009500001
v 0.166549921 0.0337192751 0.009750001
v 0.16956 0.0322243273 0.0100000007
v 0.165945619 0.0337547958 0.009500001
v 0.166175276 0.0341989361 0.0100000007
v 0.162480041 0.035331957 0.009500001
v 0.162664071 0.03579685 0.0100000007
v 0.160545141 0.03630144 0.009750001
v 0.155407026 0.0373656042 0.009500001
v 0.159086019 0.03701386 0.0100000007
v 0.154439569 0.03778484 0.009750001
v 0.155498 0.0378572568 0.0100000007
v 0.148492426 0.0380000025 0.009500001
v 0.148492426 0.0385 0.0100000007
v 0.144556507 0.03804696 0.009750001
v 0.141486853 0.0378572568 0.0100000007
v 0.14157784 0.0373656042 0.009500001
v 0.140515968 0.03740907 0.009750001
v 0.137898833 0.03701386 0.0100000007
v 0.136439711 0.03630144 0.009750001
v 0.134504825 0.035331957 0.009500001
v 0.134320781 0.03579685 0.0100000007
v 0.132407531 0.0347035825 0.009750001
v 0.131039232 0.0337547958 0.009500001
v 0.13080959 0.0341989361 0.0100000007
v 0.128506154 0.03261305 0.009750001
v 0.127698451 0.0318058319 0.009500001
v 0.127424866 0.0322243273 0.0100000007
v 0.124824084 0.0300478227 0.009750001
v 0.124541104 0.0295014232 0.009500001
v 0.121445589 0.0270468369 0.009750001
v 0.124225952 0.0298895985 0.0100000007
v 0.121622369 0.026870057 0.009500001
v 0.121268824 0.0272236113 0.0100000007
v 0.118991 0.0239513274 0.009500001
v 0.118602827 0.0242664814 0.0100000007
v 0.118444607 0.0236683525 0.009750001
v 0.1166866 0.02079397 0.009500001
v 0.116268106 0.0210675783 0.0100000007
v 0.115879387 0.019986283 0.009750001
v 0.114737637 0.0174531955 0.009500001
v 0.1142935 0.0176828429 0.0100000007
v 0.113788851 0.0160848945 0.009750001
v 0.113160469 0.0139875989 0.009500001
v 0.112695575 0.0141716478 0.0100000007
v 0.112190984 0.012052712 0.009750001
v 0.111478575 0.0105935913 0.0100000007
v 0.111126825 0.006914596 0.009500001
v 0.111083359 0.007976471 0.009750001
v 0.110635169 0.007005578 0.0100000007
v 0.11044547 0.003935922 0.009750001
v 0.110492423 2.00903989E-17 0.009500001
v 0.109992437 2.01210162E-17 0.0100000007
v 0.110242434 1.776357E-17 0.009750001
v 0.11044547 -0.003935922 0.009750001
v 0.111126825 -0.006914596 0.009500001
v 0.110635169 -0.007005578 0.0100000007
v 0.111083359 -0.007976471 0.009750001
v 0.113160469 -0.0139875989 0.009500001
v 0.111478575 -0.0105935913 0.0100000007
v 0.112928018 -0.0140796239 0.009750001
v 0.112695575 -0.0141716478 0.0100000007
v 0.114737637 -0.0174531955 0.009500001
v 0.115879387 -0.019986283 0.009750001
v 0.1142935 -0.0176828429 0.0100000007
v 0.1166866 -0.02079397 0.009500001
v 0.116268106 -0.0210675783 0.0100000007
v 0.118991 -0.0239513274 0.009500001
v 0.118602827 -0.0242664814 0.0100000007
v 0.119893849 -0.0254004728 0.009750001
v 0.121622369 -0.026870057 0.009500001
v 0.124824084 -0.0300478227 0.009750001
v 0.121268824 -0.0272236113 0.0100000007
v 0.124541104 -0.0295014232 0.009500001
v 0.124225952 -0.0298895985 0.0100000007
v 0.127698451 -0.0318058319 0.009500001
v 0.13043493 -0.0337192751 0.009750001
v 0.127424866 -0.0322243273 0.0100000007
v 0.131039232 -0.0337547958 0.009500001
v 0.13080959 -0.0341989361 0.0100000007
v 0.134504825 -0.035331957 0.009500001
v 0.134320781 -0.03579685 0.0100000007
v 0.136439711 -0.03630144 0.009750001
v 0.14157784 -0.0373656042 0.009500001
v 0.137898833 -0.03701386 0.0100000007
v 0.1425453 -0.03778484 0.009750001
v 0.148492426 -0.0380000025 0.009500001
v 0.141486853 -0.0378572568 0.0100000007
v 0.148492426 -0.0385 0.0100000007
v 0.110492423 -0.03455197 0.00725000072
v 0.110492423 -0.045 0.009500001
v 0.110492423 -0.045 0.00500000035
v 0.110492423 -0.0241039433 0.00500000035
v 0.110492423 -0.0241039433 0.009500001
v 0.110242434 0.0336579569 0.009750001
v 0.109992437 0.0223159157 0.0100000007
v 0.110492423 0.0241039433 0.009500001
v 0.110492423 0.045 0.009500001
v 0.109992437 0.0445 0.0100000007
v 0.144056737 0.0544736 0.00988215
v 0.133992434 0.06470458 0.0100000007
v 0.133492425 0.06449748 0.009500001
v 0.153241172 0.04474874 0.009500001
v 0.15462105 0.04407596 0.0100000007
v 0.133742437 0.07156855 0.009750001
v 0.133992434 0.0774325058 0.0100000007
v 0.133492425 0.07863961 0.009500001
v 0.133492425 0.06449748 0.009500001
v 0.133992434 0.06470458 0.0100000007
v 0.179958671 0.0314662531 0.0100000007
v 0.182850733 0.0286717638 0.009750001
v 0.180312246 0.0318198055 0.009500001
v 0.182658762 0.0285115875 0.0100000007
v 0.18304266 0.02883194 0.009500001
v 0.185159057 0.02521524 0.0100000007
v 0.185365066 0.0253568981 0.009750001
v 0.185571045 0.0254985578 0.009500001
v 0.187402248 0.0215934236 0.0100000007
v 0.187620834 0.0217147358 0.009750001
v 0.187839434 0.021836048 0.009500001
v 0.189331934 0.017674394 0.0100000007
v 0.189561382 0.0177736878 0.009750001
v 0.189790815 0.0178729817 0.009500001
v 0.190895677 0.01349869 0.0100000007
v 0.191133916 0.0135745248 0.009750001
v 0.191372111 0.0136503614 0.009500001
v 0.192048177 0.009118472 0.0100000007
v 0.192292869 0.0091697 0.009750001
v 0.192537591 0.009220926 0.009500001
v 0.192754477 0.004595806 0.0100000007
v 0.193003148 0.00462162448 0.009750001
v 0.193251818 0.00464744354 0.009500001
v 0.192992419 4.16226332E-17 0.0100000007
v 0.193242431 5.08088743E-18 0.009750001
v 0.193492442 1.30070729E-18 0.009500001
v 0.192754477 -0.004595806 0.0100000007
v 0.193003148 -0.00462162448 0.009750001
v 0.193251818 -0.00464744354 0.009500001
v 0.192048177 -0.009118472 0.0100000007
v 0.192292869 -0.0091697 0.009750001
v 0.192537591 -0.009220926 0.009500001
v 0.190895677 -0.01349869 0.0100000007
v 0.191133916 -0.0135745248 0.009750001
v 0.191372111 -0.0136503614 0.009500001
v 0.189331934 -0.017674394 0.0100000007
v 0.189561382 -0.0177736878 0.009750001
v 0.189790815 -0.0178729817 0.009500001
v 0.187402248 -0.0215934236 0.0100000007
v 0.187620834 -0.0217147358 0.009750001
v 0.187839434 -0.021836048 0.009500001
v 0.185159057 -0.02521524 0.0100000007
v 0.185365066 -0.0253568981 0.009750001
v 0.185571045 -0.0254985578 0.009500001
v 0.182658762 -0.0285115875 0.0100000007
v 0.182850733 -0.0286717638 0.009750001
v 0.18304266 -0.02883194 0.009500001
v 0.179958671 -0.0314662531 0.0100000007
v 0.180312246 -0.0318198055 0.009500001
v 0.156902343 0.0549940057 0.009666666
v 0.180312246 0.0318198055 0.009500001
v 0.133492425 0.07863961 0.009500001
v 0.133992434 0.0774325058 0.0100000007
v 0.179958671 0.0314662531 0.0100000007
v 0.133742437 -0.07156855 0.009750001
v 0.133492425 -0.07863961 0.009500001
v 0.133992434 -0.0774325058 0.0100000007
v 0.133992434 -0.06470458 0.0100000007
v 0.133492425 -0.06449748 0.009500001
v 0.110242434 -0.0336579569 0.009750001
v 0.110492423 -0.0241039433 0.009500001
v 0.109992437 -0.0223159157 0.0100000007
v 0.109992437 -0.0445 0.0100000007
v 0.110492423 -0.045 0.009500001
v 0.103492431 -0.045 0.009500001
v 0.106992431 -0.044750005 0.009750001
v 0.103992432 -0.0445 0.0100000007
v 0.110492423 -0.045 0.009500001
v 0.109992437 -0.0445 0.0100000007
v 0.103492431 0.045 0.009500001
v 0.103742436 -8.881785E-18 0.009750001
v 0.103992432 0.0445 0.0100000007
v 0.103492431 -0.045 0.009500001
v 0.103992432 -0.0445 0.0100000007
v 0.133492425 0.06449748 0.00500000035
v 0.1433668 0.0546231121 0.00725000072
v 0.133492425 0.06449748 0.009500001
v 0.1433668 0.0546231121 0.00500000035
v 0.153241172 0.04474874 0.009500001
v 0.153241172 0.04474874 0.00500000035
v 0.147211462 0.0449817665 0.00725000072
v 0.153241172 0.04474874 0.00500000035
v 0.147211462 0.0449817665 0.00500000035
v 0.153241172 0.04474874 0.009500001
v 0.14102903 0.0443767719 0.00500000035
v 0.147211462 0.0449817665 0.009500001
v 0.14102903 0.0443767719 0.00725000072
v 0.1348699 0.04288854 0.00500000035
v 0.14102903 0.0443767719 0.009500001
v 0.1348699 0.04288854 0.00725000072
v 0.128922969 0.0405220538 0.00500000035
v 0.1348699 0.04288854 0.009500001
v 0.128922969 0.0405220538 0.00725000072
v 0.123371944 0.0373357944 0.00500000035
v 0.128922969 0.0405220538 0.009500001
v 0.123371944 0.0373357944 0.00725000072
v 0.118376829 0.0334372632 0.00500000035
v 0.123371944 0.0373357944 0.009500001
v 0.118376829 0.0334372632 0.00725000072
v 0.114058971 0.0289713219 0.00500000035
v 0.118376829 0.0334372632 0.009500001
v 0.114058971 0.0289713219 0.00725000072
v 0.110492423 0.0241039433 0.00500000035
v 0.114058971 0.0289713219 0.009500001
v 0.110492423 0.0241039433 0.009500001
v 0.1664319 0.033498887 0.008769869
v 0.165945619 0.0337547958 0.008039737
v 0.169286415 0.0318058319 0.008039737
v 0.172006071 0.0298514329 0.008769869
v 0.172443762 0.0295014232 0.008039737
v 0.162480041 0.035331957 0.008039737
v 0.1753625 0.026870057 0.008039737
v 0.160466373 0.0360641778 0.008769869
v 0.155407026 0.0373656042 0.008039737
v 0.176904082 0.0252344571 0.008769869
v 0.177993864 0.0239513274 0.008039737
v 0.180892333 0.019855652 0.008769869
v 0.180298254 0.02079397 0.008039737
v 0.182247236 0.0174531955 0.008039737
v 0.1544007 0.03753788 0.008769869
v 0.148492426 0.0380000025 0.008039737
v 0.18382439 0.0139875989 0.008769869
v 0.18382439 0.0139875989 0.008039737
v 0.185657 0.007924337 0.008769869
v 0.185858026 0.006914596 0.008039737
v 0.186290711 0.00391019648 0.008769869
v 0.186492428 2.326829E-18 0.008039737
v 0.155407026 0.0373656042 0.009500001
v 0.162480041 0.035331957 0.009500001
v 0.148492426 0.0380000025 0.009500001
v 0.165945619 0.0337547958 0.009500001
v 0.169286415 0.0318058319 0.009500001
v 0.172443762 0.0295014232 0.009500001
v 0.1753625 0.026870057 0.009500001
v 0.177993864 0.0239513274 0.009500001
v 0.180298254 0.02079397 0.009500001
v 0.182247236 0.0174531955 0.009500001
v 0.18382439 0.0139875989 0.009500001
v 0.185858026 0.006914596 0.009500001
v 0.186492428 2.00903989E-17 0.009500001
v 0.186492428 1.776357E-17 0.008769869
v 0.186290711 -0.00391019648 0.008769869
v 0.185858026 -0.006914596 0.009500001
v 0.185858026 -0.006914596 0.008039737
v 0.185657 -0.007924337 0.008769869
v 0.1845566 -0.0119739361 0.008769869
v 0.18382439 -0.0139875989 0.009500001
v 0.18382439 -0.0139875989 0.008039737
v 0.1829692 -0.015979765 0.008769869
v 0.182247236 -0.0174531955 0.009500001
v 0.182247236 -0.0174531955 0.008039737
v 0.180892333 -0.019855652 0.008769869
v 0.180298254 -0.02079397 0.009500001
v 0.180298254 -0.02079397 0.008039737
v 0.178343862 -0.023513658 0.008769869
v 0.177993864 -0.0239513274 0.009500001
v 0.1753625 -0.026870057 0.008769869
v 0.177993864 -0.0239513274 0.008039737
v 0.1753625 -0.026870057 0.009500001
v 0.1753625 -0.026870057 0.008039737
v 0.172443762 -0.0295014232 0.009500001
v 0.172443762 -0.0295014232 0.008039737
v 0.172006071 -0.0298514329 0.008769869
v 0.169286415 -0.0318058319 0.009500001
v 0.169286415 -0.0318058319 0.008039737
v 0.168348089 -0.0323998965 0.008769869
v 0.165945619 -0.0337547958 0.009500001
v 0.165945619 -0.0337547958 0.008039737
v 0.164472178 -0.0344767645 0.008769869
v 0.162480041 -0.035331957 0.009500001
v 0.162480041 -0.035331957 0.008039737
v 0.160466373 -0.0360641778 0.008769869
v 0.155407026 -0.0373656042 0.009500001
v 0.155407026 -0.0373656042 0.008039737
v 0.156416759 -0.03716457 0.008769869
v 0.152402639 -0.03779829 0.008769869
v 0.148492426 -0.0380000025 0.009500001
v 0.148492426 -0.0380000025 0.008039737
v 0.144582227 0.03779829 0.008769869
v 0.14157784 0.0373656042 0.009500001
v 0.14157784 0.0373656042 0.008039737
v 0.140568092 0.03716457 0.008769869
v 0.1365185 0.0360641778 0.008769869
v 0.134504825 0.035331957 0.009500001
v 0.134504825 0.035331957 0.008039737
v 0.132512659 0.0344767645 0.008769869
v 0.131039232 0.0337547958 0.009500001
v 0.131039232 0.0337547958 0.008039737
v 0.128636777 0.0323998965 0.008769869
v 0.127698451 0.0318058319 0.009500001
v 0.127698451 0.0318058319 0.008039737
v 0.124978781 0.0298514329 0.008769869
v 0.124541104 0.0295014232 0.009500001
v 0.121622369 0.026870057 0.008769869
v 0.124541104 0.0295014232 0.008039737
v 0.121622369 0.026870057 0.009500001
v 0.121622369 0.026870057 0.008039737
v 0.118991 0.0239513274 0.009500001
v 0.118991 0.0239513274 0.008039737
v 0.118641 0.023513658 0.008769869
v 0.1166866 0.02079397 0.009500001
v 0.1166866 0.02079397 0.008039737
v 0.116092533 0.019855652 0.008769869
v 0.114737637 0.0174531955 0.009500001
v 0.114737637 0.0174531955 0.008039737
v 0.114015669 0.015979765 0.008769869
v 0.113160469 0.0139875989 0.009500001
v 0.113160469 0.0139875989 0.008039737
v 0.112428255 0.0119739361 0.008769869
v 0.111126825 0.006914596 0.009500001
v 0.111126825 0.006914596 0.008039737
v 0.111327857 0.007924337 0.008769869
v 0.11069414 0.00391019648 0.008769869
v 0.110492423 2.00903989E-17 0.009500001
v 0.110492423 2.326829E-18 0.008039737
v 0.110492423 8.881785E-18 0.008769869
v 0.11069414 -0.00391019648 0.008769869
v 0.111126825 -0.006914596 0.009500001
v 0.111126825 -0.006914596 0.008039737
v 0.111327857 -0.007924337 0.008769869
v 0.113160469 -0.0139875989 0.009500001
v 0.113160469 -0.0139875989 0.008039737
v 0.113160469 -0.0139875989 0.008769869
v 0.114737637 -0.0174531955 0.009500001
v 0.116092533 -0.019855652 0.008769869
v 0.114737637 -0.0174531955 0.008039737
v 0.1166866 -0.02079397 0.009500001
v 0.1166866 -0.02079397 0.008039737
v 0.118991 -0.0239513274 0.009500001
v 0.118991 -0.0239513274 0.008039737
v 0.120080777 -0.0252344571 0.008769869
v 0.121622369 -0.026870057 0.009500001
v 0.124978781 -0.0298514329 0.008769869
v 0.121622369 -0.026870057 0.008039737
v 0.124541104 -0.0295014232 0.009500001
v 0.124541104 -0.0295014232 0.008039737
v 0.127698451 -0.0318058319 0.009500001
v 0.130552962 -0.033498887 0.008769869
v 0.127698451 -0.0318058319 0.008039737
v 0.131039232 -0.0337547958 0.009500001
v 0.131039232 -0.0337547958 0.008039737
v 0.134504825 -0.035331957 0.009500001
v 0.134504825 -0.035331957 0.008039737
v 0.1365185 -0.0360641778 0.008769869
v 0.14157784 -0.0373656042 0.009500001
v 0.14157784 -0.0373656042 0.008039737
v 0.14258416 -0.03753788 0.008769869
v 0.148492426 -0.0380000025 0.009500001
v 0.148492426 -0.0380000025 0.008039737
v 0.167731851 0.03592629 0.005530196
v 0.167231649 0.03624199 0.00500000035
v 0.170818582 0.03414942 0.00500000035
v 0.16351068 0.037935365 0.00500000035
v 0.173709929 0.0320145339 0.005530196
v 0.1742086 0.0316752121 0.00500000035
v 0.177342385 0.02884996 0.00500000035
v 0.161334038 0.03867747 0.005530196
v 0.159718871 0.03922508 0.00500000035
v 0.178962871 0.0270630028 0.005530196
v 0.180167645 0.0257161651 0.00500000035
v 0.154828817 0.0402579531 0.005530196
v 0.155916527 0.0401188619 0.00500000035
v 0.148492426 0.0408000052 0.00500000035
v 0.1832401 0.0212944373 0.005530196
v 0.182641864 0.0223261584 0.00500000035
v 0.184734434 0.01873922 0.00500000035
v 0.186384618 0.0150011713 0.005530196
v 0.1864278 0.0150182648 0.00500000035
v 0.187717512 0.0112264557 0.00500000035
v 0.188350022 0.008498552 0.005530196
v 0.188611284 0.007424093 0.00500000035
v 0.189029664 0.004193538 0.005530196
v 0.189292431 2.49827963E-18 0.00500000035
v 0.17885235 0.0269648284 0.00607111864
v 0.183114037 0.0212171953 0.00607111864
v 0.18624717 0.0149467569 0.00607111864
v 0.188205451 0.008467724 0.00607111864
v 0.173618466 0.0318984 0.00607111864
v 0.167662054 0.03579597 0.00607111864
v 0.161287457 0.038537167 0.00607111864
v 0.154805839 0.04011192 0.00607111864
v 0.178661525 0.0267953575 0.00659366557
v 0.182896435 0.021083843 0.00659366557
v 0.173460543 0.03169792 0.00659366557
v 0.167541564 0.03557099 0.00659366557
v 0.161207035 0.0382949635 0.00659366557
v 0.154766157 0.03985982 0.00659366557
v 0.186009869 0.0148528153 0.00659366557
v 0.148492426 0.040605735 0.00607111864
v 0.148492426 0.0403505266 0.00659366557
v 0.148492426 0.0407535657 0.005530196
v 0.1442989 0.0405372344 0.005530196
v 0.141068339 0.0401188619 0.00500000035
v 0.14431411 0.04039019 0.00607111864
v 0.139993876 0.0398575924 0.005530196
v 0.13726598 0.03922508 0.00500000035
v 0.144340366 0.0401363336 0.00659366557
v 0.1400247 0.0397130139 0.00607111864
v 0.135650843 0.03867747 0.005530196
v 0.133474156 0.037935365 0.00500000035
v 0.140077919 0.0394634157 0.00659366557
v 0.13569741 0.038537167 0.00607111864
v 0.131354749 0.0369750261 0.005530196
v 0.129753217 0.03624199 0.00500000035
v 0.135777831 0.0382949635 0.00659366557
v 0.1314169 0.0368409 0.00607111864
v 0.127198 0.03474766 0.005530196
v 0.126166269 0.03414942 0.00500000035
v 0.13152422 0.0366093554 0.00659366557
v 0.127275229 0.034621615 0.00607111864
v 0.123274922 0.0320145339 0.005530196
v 0.122776262 0.0316752121 0.00500000035
v 0.1274086 0.03440402 0.00659366557
v 0.1233664 0.0318984 0.00607111864
v 0.119675308 0.0288171228 0.005530196
v 0.119642474 0.02884996 0.00500000035
v 0.116817221 0.0257161651 0.00500000035
v 0.123524323 0.03169792 0.00659366557
v 0.11977984 0.0287125912 0.00607111864
v 0.1164779 0.025217507 0.005530196
v 0.11434301 0.0223261584 0.00500000035
v 0.119960308 0.02853213 0.00659366557
v 0.116594024 0.0251260325 0.00607111864
v 0.113744773 0.0212944373 0.005530196
v 0.11225044 0.01873922 0.00500000035
v 0.116794512 0.0249681175 0.00659366557
v 0.113870814 0.0212171953 0.00607111864
v 0.1115174 0.0171376932 0.005530196
v 0.110557072 0.0150182648 0.00500000035
v 0.1140884 0.021083843 0.00659366557
v 0.111651532 0.0170755275 0.00607111864
v 0.109814964 0.0128415935 0.005530196
v 0.109267354 0.0112264557 0.00500000035
v 0.111883074 0.01696821 0.00659366557
v 0.109955259 0.0127950115 0.00607111864
v 0.108634837 0.008498552 0.005530196
v 0.108373575 0.007424093 0.00500000035
v 0.110197477 0.0127145946 0.00659366557
v 0.108779415 0.008467724 0.00607111864
v 0.107955195 0.004193538 0.005530196
v 0.10769242 2.49827963E-18 0.00500000035
v 0.10902901 0.008414504 0.00659366557
v 0.108102247 0.00417832658 0.00607111864
v 0.1083561 0.00415206561 0.00659366557
v 0.110536478 0.0126020405 0.007066398
v 0.10937836 0.008340015 0.007066398
v 0.108711407 0.00411530957 0.007066398
v 0.112207159 0.0168179981 0.007066398
v 0.114392973 0.0208972 0.007066398
v 0.117075115 0.0247470867 0.007066398
v 0.120212875 0.0282795522 0.007066398
v 0.123745345 0.0314173177 0.007066398
v 0.127595231 0.03409946 0.007066398
v 0.131674424 0.0362852737 0.007066398
v 0.1358904 0.0379559547 0.007066398
v 0.14015241 0.0391140655 0.007066398
v 0.144377127 0.03978103 0.007066398
v 0.148492426 0.0399933234 0.007066398
v 0.154710621 0.0395069644 0.007066398
v 0.161094457 0.0379559547 0.007066398
v 0.167372942 0.0352561 0.007066398
v 0.173239529 0.0314173177 0.007066398
v 0.178394452 0.0265581533 0.007066398
v 0.182591885 0.0208972 0.007066398
v 0.144422591 0.03934151 0.007461147
v 0.148492426 0.039551463 0.007461147
v 0.154641926 0.0390704721 0.007461147
v 0.16095525 0.0375366062 0.007461147
v 0.167164341 0.0348665752 0.007461147
v 0.172966108 0.0310702063 0.007461147
v 0.178064078 0.0262647271 0.007461147
v 0.140244558 0.0386819169 0.007461147
v 0.136029616 0.0375366062 0.007461147
v 0.131860241 0.0358843766 0.007461147
v 0.127826124 0.0337227136 0.007461147
v 0.124018759 0.0310702063 0.007461147
v 0.12052533 0.0279671066 0.007461147
v 0.117422223 0.02447367 0.007461147
v 0.11476972 0.020666318 0.007461147
v 0.11260806 0.0166321844 0.007461147
v 0.110955827 0.0124628078 0.007461147
v 0.109810516 0.008247871 0.007461147
v 0.109150924 0.004069842 0.007461147
v 0.120878786 0.0276136473 0.00775832636
v 0.117814913 0.02416436 0.00775832636
v 0.115195923 0.0204051267 0.00775832636
v 0.113061577 0.01642198 0.00775832636
v 0.111430228 0.012305296 0.00775832636
v 0.110299394 0.008143632 0.00775832636
v 0.109648138 0.004018405 0.00775832636
v 0.124328062 0.0306775253 0.00775832636
v 0.128087312 0.03329651 0.00775832636
v 0.132070452 0.035430856 0.00775832636
v 0.136187136 0.0370621979 0.00775832636
v 0.1403488 0.0381930359 0.00775832636
v 0.14447403 0.0388442948 0.00775832636
v 0.148492426 0.0390515924 0.00775832636
v 0.1545642 0.03857668 0.00775832636
v 0.160797715 0.0370621979 0.00775832636
v 0.166928351 0.0344259143 0.00775832636
v 0.172656789 0.0306775253 0.00775832636
v 0.1363532 0.0365620553 0.007949999
v 0.1404587 0.03767764 0.007949999
v 0.144528255 0.03832011 0.007949999
v 0.148492426 0.0385246053 0.007949999
v 0.15448226 0.0380561054 0.007949999
v 0.160631672 0.0365620553 0.007949999
v 0.14157784 0.0373656042 0.008039737
v 0.148492426 0.0380000025 0.008039737
v 0.155407026 0.0373656042 0.008039737
v 0.134504825 0.035331957 0.008039737
v 0.162480041 0.035331957 0.008039737
v 0.166679561 0.033961352 0.007949999
v 0.165945619 0.0337547958 0.008039737
v 0.169286415 0.0318058319 0.008039737
v 0.132292062 0.0349527262 0.007949999
v 0.131039232 0.0337547958 0.008039737
v 0.172330722 0.0302635431 0.007949999
v 0.172443762 0.0295014232 0.008039737
v 0.1753625 0.026870057 0.008039737
v 0.128362656 0.0328471847 0.007949999
v 0.127698451 0.0318058319 0.008039737
v 0.124654159 0.0302635431 0.007949999
v 0.124541104 0.0295014232 0.008039737
v 0.121251419 0.02724101 0.007949999
v 0.121622369 0.026870057 0.008039737
v 0.118991 0.0239513274 0.008039737
v 0.118228883 0.0238382723 0.007949999
v 0.1166866 0.02079397 0.008039737
v 0.115645237 0.02012977 0.007949999
v 0.114737637 0.0174531955 0.008039737
v 0.1135397 0.0162003711 0.007949999
v 0.113160469 0.0139875989 0.008039737
v 0.111930378 0.0121392412 0.007949999
v 0.111126825 0.006914596 0.008039737
v 0.110814795 0.008033737 0.007949999
v 0.110172324 0.00396417826 0.007949999
v 0.110492423 2.326829E-18 0.008039737
v 0.109967828 0 0.007949999
v 0.110172324 -0.00396417826 0.007949999
v 0.111126825 -0.006914596 0.008039737
v 0.109440833 0 0.00775832636
v 0.110814795 -0.008033737 0.007949999
v 0.113160469 -0.0139875989 0.008039737
v 0.108940966 0 0.007461147
v 0.109648138 -0.004018405 0.00775832636
v 0.112672709 -0.014180704 0.007949999
v 0.114737637 -0.0174531955 0.008039737
v 0.108499095 0 0.007066398
v 0.109150924 -0.004069842 0.007461147
v 0.110299394 -0.008143632 0.00775832636
v 0.115645237 -0.02012977 0.007949999
v 0.1166866 -0.02079397 0.008039737
v 0.118991 -0.0239513274 0.008039737
v 0.108141907 0 0.00659366557
v 0.112182721 -0.0143746845 0.00775832636
v 0.108711407 -0.00411530957 0.007066398
v 0.109810516 -0.008247871 0.007461147
v 0.119688541 -0.0255828276 0.007949999
v 0.121622369 -0.026870057 0.008039737
v 0.1078867 0 0.00607111864
v 0.115195923 -0.0204051267 0.00775832636
v 0.111717947 -0.014558685 0.007461147
v 0.1083561 -0.00415206561 0.00659366557
v 0.10937836 -0.008340015 0.007066398
v 0.124654159 -0.0302635431 0.007949999
v 0.124541104 -0.0295014232 0.008039737
v 0.127698451 -0.0318058319 0.008039737
v 0.10773886 0 0.005530196
v 0.119294524 -0.02593278 0.00775832636
v 0.11476972 -0.020666318 0.007461147
v 0.1113071 -0.0147213312 0.007066398
v 0.108102247 -0.00417832658 0.00607111864
v 0.107955195 -0.004193538 0.005530196
v 0.108373575 -0.007424093 0.00500000035
v 0.10902901 -0.008414504 0.00659366557
v 0.108634837 -0.008498552 0.005530196
v 0.109267354 -0.0112264557 0.00500000035
v 0.108779415 -0.008467724 0.00607111864
v 0.110974982 -0.0148528153 0.00659366557
v 0.114392973 -0.0208972 0.007066398
v 0.110600233 -0.0150011713 0.005530196
v 0.110557072 -0.0150182648 0.00500000035
v 0.11225044 -0.01873922 0.00500000035
v 0.110737689 -0.0149467569 0.00607111864
v 0.113744773 -0.0212944373 0.005530196
v 0.11434301 -0.0223261584 0.00500000035
v 0.116817221 -0.0257161651 0.00500000035
v 0.1140884 -0.021083843 0.00659366557
v 0.113870814 -0.0212171953 0.00607111864
v 0.118920788 -0.0262647271 0.007461147
v 0.118022 -0.0270630028 0.005530196
v 0.119642474 -0.02884996 0.00500000035
v 0.118590415 -0.0265581533 0.007066398
v 0.118323341 -0.0267953575 0.00659366557
v 0.118132532 -0.0269648284 0.00607111864
v 0.124328062 -0.0306775253 0.00775832636
v 0.123274922 -0.0320145339 0.005530196
v 0.122776262 -0.0316752121 0.00500000035
v 0.126166269 -0.03414942 0.00500000035
v 0.124018759 -0.0310702063 0.007461147
v 0.123745345 -0.0314173177 0.007066398
v 0.123524323 -0.03169792 0.00659366557
v 0.1233664 -0.0318984 0.00607111864
v 0.1303053 -0.033961352 0.007949999
v 0.131039232 -0.0337547958 0.008039737
v 0.134504825 -0.035331957 0.008039737
v 0.130056515 -0.0344259143 0.00775832636
v 0.1363532 -0.0365620553 0.007949999
v 0.14157784 -0.0373656042 0.008039737
v 0.129820526 -0.0348665752 0.007461147
v 0.129611924 -0.0352561 0.007066398
v 0.129443288 -0.03557099 0.00659366557
v 0.1425026 -0.0380561054 0.007949999
v 0.148492426 -0.0380000025 0.008039737
v 0.148492426 -0.0385246053 0.007949999
v 0.136187136 -0.0370621979 0.00775832636
v 0.142420664 -0.03857668 0.00775832636
v 0.148492426 -0.0390515924 0.00775832636
v 0.136029616 -0.0375366062 0.007461147
v 0.142342925 -0.0390704721 0.007461147
v 0.148492426 -0.039551463 0.007461147
v 0.1358904 -0.0379559547 0.007066398
v 0.142274246 -0.0395069644 0.007066398
v 0.148492426 -0.0399933234 0.007066398
v 0.135777831 -0.0382949635 0.00659366557
v 0.142218709 -0.03985982 0.00659366557
v 0.148492426 -0.0403505266 0.00659366557
v 0.129322812 -0.03579597 0.00607111864
v 0.142179012 -0.04011192 0.00607111864
v 0.148492426 -0.040605735 0.00607111864
v 0.13569741 -0.038537167 0.00607111864
v 0.12925303 -0.03592629 0.005530196
v 0.129753217 -0.03624199 0.00500000035
v 0.133474156 -0.037935365 0.00500000035
v 0.135650843 -0.03867747 0.005530196
v 0.13726598 -0.03922508 0.00500000035
v 0.142156035 -0.0402579531 0.005530196
v 0.148492426 -0.0407535657 0.005530196
v 0.141068339 -0.0401188619 0.00500000035
v 0.148492426 -0.0408000052 0.00500000035
v 0.177296326 0.0255828276 0.007949999
v 0.177993864 0.0239513274 0.008039737
v 0.177690357 0.02593278 0.00775832636
v 0.1813396 0.02012977 0.007949999
v 0.180298254 0.02079397 0.008039737
v 0.182247236 0.0174531955 0.008039737
v 0.182215139 0.020666318 0.007461147
v 0.181788951 0.0204051267 0.00775832636
v 0.184312165 0.014180704 0.007949999
v 0.18382439 0.0139875989 0.008039737
v 0.185677767 0.0147213312 0.007066398
v 0.18480213 0.0143746845 0.00775832636
v 0.185266912 0.014558685 0.007461147
v 0.186170071 0.008033737 0.007949999
v 0.185858026 0.006914596 0.008039737
v 0.187955856 0.008414504 0.00659366557
v 0.186685473 0.008143632 0.00775832636
v 0.18717435 0.008247871 0.007461147
v 0.1876065 0.008340015 0.007066398
v 0.18681255 0.00396417826 0.007949999
v 0.186492428 2.326829E-18 0.008039737
v 0.188882634 0.00417832658 0.00607111864
v 0.187336728 0.004018405 0.00775832636
v 0.187833935 0.004069842 0.007461147
v 0.18827346 0.00411530957 0.007066398
v 0.188628748 0.00415206561 0.00659366557
v 0.189246 0 0.005530196
v 0.18909815 0 0.00607111864
v 0.189029664 -0.004193538 0.005530196
v 0.188611284 -0.007424093 0.00500000035
v 0.188842952 0 0.00659366557
v 0.188485757 0 0.007066398
v 0.188350022 -0.008498552 0.005530196
v 0.187717512 -0.0112264557 0.00500000035
v 0.188882634 -0.00417832658 0.00607111864
v 0.187169909 -0.0128415935 0.005530196
v 0.1864278 -0.0150182648 0.00500000035
v 0.188628748 -0.00415206561 0.00659366557
v 0.188205451 -0.008467724 0.00607111864
v 0.188043877 0 0.007461147
v 0.185467467 -0.0171376932 0.005530196
v 0.184734434 -0.01873922 0.00500000035
v 0.1870296 -0.0127950115 0.00607111864
v 0.187955856 -0.008414504 0.00659366557
v 0.18827346 -0.00411530957 0.007066398
v 0.187544018 0 0.00775832636
v 0.1832401 -0.0212944373 0.005530196
v 0.182641864 -0.0223261584 0.00500000035
v 0.185333341 -0.0170755275 0.00607111864
v 0.186787382 -0.0127145946 0.00659366557
v 0.1876065 -0.008340015 0.007066398
v 0.187833935 -0.004069842 0.007461147
v 0.187017024 0 0.007949999
v 0.180506974 -0.025217507 0.005530196
v 0.180167645 -0.0257161651 0.00500000035
v 0.183114037 -0.0212171953 0.00607111864
v 0.185101777 -0.01696821 0.00659366557
v 0.1864484 -0.0126020405 0.007066398
v 0.18717435 -0.008247871 0.007461147
v 0.187336728 -0.004018405 0.00775832636
v 0.18681255 -0.00396417826 0.007949999
v 0.185858026 -0.006914596 0.008039737
v 0.186685473 -0.008143632 0.00775832636
v 0.186029047 -0.0124628078 0.007461147
v 0.1847777 -0.0168179981 0.007066398
v 0.186170071 -0.008033737 0.007949999
v 0.185554624 -0.012305296 0.00775832636
v 0.185054481 -0.0121392412 0.007949999
v 0.18382439 -0.0139875989 0.008039737
v 0.1843768 -0.0166321844 0.007461147
v 0.182896435 -0.021083843 0.00659366557
v 0.183445156 -0.0162003711 0.007949999
v 0.182247236 -0.0174531955 0.008039737
v 0.1839233 -0.01642198 0.00775832636
v 0.182591885 -0.0208972 0.007066398
v 0.180390835 -0.0251260325 0.00607111864
v 0.1813396 -0.02012977 0.007949999
v 0.180298254 -0.02079397 0.008039737
v 0.182215139 -0.020666318 0.007461147
v 0.181788951 -0.0204051267 0.00775832636
v 0.180190355 -0.0249681175 0.00659366557
v 0.177309573 -0.0288171228 0.005530196
v 0.177342385 -0.02884996 0.00500000035
v 0.1742086 -0.0316752121 0.00500000035
v 0.179909751 -0.0247470867 0.007066398
v 0.179562643 -0.02447367 0.007461147
v 0.179169938 -0.02416436 0.00775832636
v 0.177205026 -0.0287125912 0.00607111864
v 0.173709929 -0.0320145339 0.005530196
v 0.170818582 -0.03414942 0.00500000035
v 0.177024573 -0.02853213 0.00659366557
v 0.176771969 -0.0282795522 0.007066398
v 0.16978687 -0.03474766 0.005530196
v 0.167231649 -0.03624199 0.00500000035
v 0.173618466 -0.0318984 0.00607111864
v 0.165630117 -0.0369750261 0.005530196
v 0.16351068 -0.037935365 0.00500000035
v 0.173460543 -0.03169792 0.00659366557
v 0.169709638 -0.034621615 0.00607111864
v 0.176459536 -0.0279671066 0.007461147
v 0.161334038 -0.03867747 0.005530196
v 0.159718871 -0.03922508 0.00500000035
v 0.165567964 -0.0368409 0.00607111864
v 0.173239529 -0.0314173177 0.007066398
v 0.169576272 -0.03440402 0.00659366557
v 0.156990975 -0.0398575924 0.005530196
v 0.155916527 -0.0401188619 0.00500000035
v 0.161287457 -0.038537167 0.00607111864
v 0.165460631 -0.0366093554 0.00659366557
v 0.169389635 -0.03409946 0.007066398
v 0.172966108 -0.0310702063 0.007461147
v 0.15268597 -0.0405372344 0.005530196
v 0.148492426 -0.0408000052 0.00500000035
v 0.148492426 -0.0407535657 0.005530196
v 0.15696016 -0.0397130139 0.00607111864
v 0.152670756 -0.04039019 0.00607111864
v 0.148492426 -0.040605735 0.00607111864
v 0.161207035 -0.0382949635 0.00659366557
v 0.165310428 -0.0362852737 0.007066398
v 0.1526445 -0.0401363336 0.00659366557
v 0.148492426 -0.0403505266 0.00659366557
v 0.156906933 -0.0394634157 0.00659366557
v 0.152607739 -0.03978103 0.007066398
v 0.148492426 -0.0399933234 0.007066398
v 0.161094457 -0.0379559547 0.007066398
v 0.156832457 -0.0391140655 0.007066398
v 0.169158742 -0.0337227136 0.007461147
v 0.152562276 -0.03934151 0.007461147
v 0.148492426 -0.039551463 0.007461147
v 0.16512461 -0.0358843766 0.007461147
v 0.16095525 -0.0375366062 0.007461147
v 0.156740308 -0.0386819169 0.007461147
v 0.152510837 -0.0388442948 0.00775832636
v 0.148492426 -0.0390515924 0.00775832636
v 0.156636074 -0.0381930359 0.00775832636
v 0.160797715 -0.0370621979 0.00775832636
v 0.164914414 -0.035430856 0.00775832636
v 0.168897569 -0.03329651 0.00775832636
v 0.1524566 -0.03832011 0.007949999
v 0.148492426 -0.0385246053 0.007949999
v 0.148492426 -0.0380000025 0.008039737
v 0.155407026 -0.0373656042 0.008039737
v 0.156526148 -0.03767764 0.007949999
v 0.160631672 -0.0365620553 0.007949999
v 0.162480041 -0.035331957 0.008039737
v 0.164692819 -0.0349527262 0.007949999
v 0.165945619 -0.0337547958 0.008039737
v 0.1686222 -0.0328471847 0.007949999
v 0.169286415 -0.0318058319 0.008039737
v 0.172330722 -0.0302635431 0.007949999
v 0.172443762 -0.0295014232 0.008039737
v 0.172656789 -0.0306775253 0.00775832636
v 0.175733432 -0.02724101 0.007949999
v 0.1753625 -0.026870057 0.008039737
v 0.177993864 -0.0239513274 0.008039737
v 0.17610608 -0.0276136473 0.00775832636
v 0.178755984 -0.0238382723 0.007949999
v 0.114058971 -0.0289713219 0.00725000072
v 0.110492423 -0.0241039433 0.00500000035
v 0.114058971 -0.0289713219 0.00500000035
v 0.110492423 -0.0241039433 0.009500001
v 0.118376829 -0.0334372632 0.00500000035
v 0.114058971 -0.0289713219 0.009500001
v 0.118376829 -0.0334372632 0.00725000072
v 0.123371944 -0.0373357944 0.00500000035
v 0.118376829 -0.0334372632 0.009500001
v 0.123371944 -0.0373357944 0.00725000072
v 0.128922969 -0.0405220538 0.00500000035
v 0.123371944 -0.0373357944 0.009500001
v 0.128922969 -0.0405220538 0.00725000072
v 0.1348699 -0.04288854 0.00500000035
v 0.128922969 -0.0405220538 0.009500001
v 0.1348699 -0.04288854 0.00725000072
v 0.14102903 -0.0443767719 0.00500000035
v 0.1348699 -0.04288854 0.009500001
v 0.14102903 -0.0443767719 0.00725000072
v 0.147211462 -0.0449817665 0.00500000035
v 0.14102903 -0.0443767719 0.009500001
v 0.147211462 -0.0449817665 0.00725000072
v 0.153241172 -0.04474874 0.00500000035
v 0.147211462 -0.0449817665 0.009500001
v 0.153241172 -0.04474874 0.009500001
v 0.1433668 -0.0546231121 0.00725000072
v 0.153241172 -0.04474874 0.00500000035
v 0.133492425 -0.06449748 0.00500000035
v 0.133492425 -0.06449748 0.009500001
v 0.153241172 -0.04474874 0.009500001
v 0.133492425 -0.07156855 0.00725000072
v 0.133492425 -0.06449748 0.00500000035
v 0.133492425 -0.07863961 0.00500000035
v 0.133492425 -0.07863961 0.009500001
v 0.133492425 -0.06449748 0.009500001
v 0.156902343 -0.05522971 0.00725000072
v 0.133492425 -0.07863961 0.00500000035
v 0.180312246 -0.0318198055 0.00500000035
v 0.180312246 -0.0318198055 0.009500001
v 0.133492425 -0.07863961 0.009500001
v 0.18304266 -0.02883194 0.00725000072
v 0.180312246 -0.0318198055 0.00500000035
v 0.18304266 -0.02883194 0.00500000035
v 0.180312246 -0.0318198055 0.009500001
v 0.185571045 -0.0254985578 0.00500000035
v 0.18304266 -0.02883194 0.009500001
v 0.185571045 -0.0254985578 0.00725000072
v 0.187839434 -0.021836048 0.00500000035
v 0.185571045 -0.0254985578 0.009500001
v 0.187839434 -0.021836048 0.00725000072
v 0.189790815 -0.0178729817 0.00500000035
v 0.187839434 -0.021836048 0.009500001
v 0.189790815 -0.0178729817 0.00725000072
v 0.191372111 -0.0136503614 0.00500000035
v 0.189790815 -0.0178729817 0.009500001
v 0.191372111 -0.0136503614 0.00725000072
v 0.192537591 -0.009220926 0.00500000035
v 0.191372111 -0.0136503614 0.009500001
v 0.192537591 -0.009220926 0.00725000072
v 0.193251818 -0.00464744354 0.00500000035
v 0.192537591 -0.009220926 0.009500001
v 0.193251818 -0.00464744354 0.00725000072
v 0.193492442 1.30070729E-18 0.00500000035
v 0.193251818 -0.00464744354 0.009500001
v 0.193492442 2.60141454E-17 0.00725000072
v 0.193251818 0.00464744354 0.00500000035
v 0.193492442 1.30070729E-18 0.009500001
v 0.193251818 0.00464744354 0.00725000072
v 0.192537591 0.009220926 0.00500000035
v 0.193251818 0.00464744354 0.009500001
v 0.192537591 0.009220926 0.00725000072
v 0.191372111 0.0136503614 0.00500000035
v 0.192537591 0.009220926 0.009500001
v 0.191372111 0.0136503614 0.00725000072
v 0.189790815 0.0178729817 0.00500000035
v 0.191372111 0.0136503614 0.009500001
v 0.189790815 0.0178729817 0.00725000072
v 0.187839434 0.021836048 0.00500000035
v 0.189790815 0.0178729817 0.009500001
v 0.187839434 0.021836048 0.00725000072
v 0.185571045 0.0254985578 0.00500000035
v 0.187839434 0.021836048 0.009500001
v 0.185571045 0.0254985578 0.00725000072
v 0.18304266 0.02883194 0.00500000035
v 0.185571045 0.0254985578 0.009500001
v 0.18304266 0.02883194 0.00725000072
v 0.180312246 0.0318198055 0.00500000035
v 0.18304266 0.02883194 0.009500001
v 0.180312246 0.0318198055 0.009500001
v 0.156902343 0.05522971 0.00500000035
v 0.156902343 0.05522971 0.00725000072
v 0.180312246 0.0318198055 0.00500000035
v 0.145197377 0.06693466 0.00500000035
v 0.180312246 0.0318198055 0.009500001
v 0.133492425 0.07863961 0.00500000035
v 0.133492425 0.07863961 0.009500001
v 0.133492425 0.07156855 0.00725000072
v 0.133492425 0.07863961 0.00500000035
v 0.133492425 0.06449748 0.00500000035
v 0.133492425 0.06449748 0.009500001
v 0.133492425 0.07863961 0.009500001
v 0.110492423 0.045 0.009500001
v 0.106992431 0.044750005 0.009750001
v 0.109992437 0.0445 0.0100000007
v 0.103492431 0.045 0.009500001
v 0.103992432 0.0445 0.0100000007
f 1 2 3
f 1 3 4
f 5 1 4
f 4 3 6
f 7 5 4
f 8 4 6
f 7 4 8
f 8 6 9
f 10 7 8
f 11 8 9
f 10 8 11
f 11 9 12
f 13 10 11
f 14 11 12
f 13 11 14
f 14 12 15
f 16 13 14
f 17 14 15
f 16 14 17
f 17 15 18
f 19 16 17
f 20 17 18
f 19 17 20
f 20 18 21
f 22 20 21
f 23 19 20
f 23 20 22
f 22 21 24
f 25 23 22
f 26 22 24
f 27 25 22
f 28 22 26
f 27 22 28
f 29 28 26
f 30 27 28
f 31 28 29
f 31 30 28
f 32 31 29
f 31 32 30
f 32 29 33
f 32 34 30
f 35 32 33
f 32 35 34
f 35 33 36
f 35 37 34
f 38 35 36
f 35 38 37
f 38 36 39
f 38 40 37
f 41 38 39
f 38 41 40
f 41 39 42
f 41 43 40
f 44 41 42
f 41 44 43
f 44 42 45
f 44 46 43
f 47 44 45
f 44 47 46
f 47 45 48
f 46 47 49
f 47 48 49
f 48 50 49
f 50 51 49
f 49 51 52
f 50 53 51
f 51 54 52
f 53 55 51
f 51 55 54
f 53 56 55
f 55 57 54
f 56 58 55
f 55 58 57
f 56 59 58
f 58 60 57
f 59 61 58
f 58 61 60
f 59 62 61
f 61 63 60
f 62 64 61
f 61 64 63
f 62 65 64
f 64 66 63
f 65 67 64
f 64 67 66
f 65 68 67
f 68 69 67
f 67 70 66
f 67 69 70
f 68 71 69
f 69 72 70
f 71 73 69
f 69 74 72
f 73 75 69
f 69 75 74
f 73 76 75
f 75 77 74
f 76 78 75
f 75 78 77
f 76 79 78
f 79 77 78
f 80 79 76
f 79 81 77
f 82 79 80
f 79 82 81
f 83 82 80
f 82 84 81
f 85 82 83
f 82 85 84
f 86 85 83
f 85 87 84
f 88 85 86
f 85 88 87
f 89 88 86
f 88 90 87
f 91 88 89
f 88 91 90
f 92 91 89
f 91 93 90
f 94 91 92
f 91 94 93
f 95 94 92
f 94 96 93
f 94 95 96
f 97 98 99
f 97 99 100
f 101 97 100
f 100 99 102
f 103 101 100
f 104 100 102
f 103 100 104
f 104 102 105
f 106 103 104
f 107 104 105
f 106 104 107
f 107 105 108
f 109 106 107
f 110 107 108
f 109 107 110
f 110 108 111
f 112 109 110
f 113 110 111
f 112 110 113
f 113 111 114
f 115 112 113
f 116 113 114
f 115 113 116
f 116 114 117
f 118 116 117
f 119 115 116
f 119 116 118
f 118 117 120
f 121 119 118
f 122 118 120
f 123 121 118
f 124 118 122
f 123 118 124
f 125 124 122
f 126 123 124
f 127 124 125
f 127 126 124
f 128 127 125
f 127 128 126
f 128 125 129
f 128 130 126
f 131 128 129
f 128 131 130
f 131 129 132
f 131 133 130
f 134 131 132
f 131 134 133
f 134 132 135
f 134 136 133
f 137 134 135
f 134 137 136
f 137 135 138
f 137 139 136
f 140 137 138
f 137 140 139
f 140 138 141
f 140 142 139
f 143 140 141
f 140 143 142
f 143 141 144
f 142 143 145
f 143 144 145
f 144 146 145
f 146 147 145
f 145 147 148
f 146 149 147
f 147 150 148
f 149 151 147
f 147 151 150
f 149 152 151
f 151 153 150
f 152 154 151
f 151 154 153
f 152 155 154
f 154 156 153
f 155 157 154
f 154 157 156
f 155 158 157
f 157 159 156
f 158 160 157
f 157 160 159
f 158 161 160
f 160 162 159
f 161 163 160
f 160 163 162
f 161 164 163
f 164 165 163
f 163 166 162
f 163 165 166
f 164 167 165
f 165 168 166
f 167 169 165
f 165 170 168
f 169 171 165
f 165 171 170
f 169 172 171
f 171 173 170
f 172 174 171
f 171 174 173
f 172 175 174
f 175 173 174
f 176 175 172
f 175 177 173
f 178 175 176
f 175 178 177
f 179 178 176
f 178 180 177
f 181 178 179
f 178 181 180
f 182 181 179
f 181 183 180
f 184 181 182
f 181 184 183
f 185 184 182
f 184 186 183
f 187 184 185
f 184 187 186
f 188 187 185
f 187 189 186
f 190 187 188
f 187 190 189
f 191 190 188
f 190 192 189
f 190 191 192
f 193 194 195
f 193 195 196
f 197 193 196
f 196 195 198
f 199 197 196
f 200 196 198
f 199 196 200
f 200 198 201
f 202 199 200
f 203 200 201
f 202 200 203
f 203 201 204
f 205 202 203
f 206 203 204
f 205 203 206
f 206 204 207
f 208 205 206
f 209 206 207
f 208 206 209
f 209 207 210
f 211 208 209
f 212 209 210
f 211 209 212
f 212 210 213
f 214 212 213
f 215 211 212
f 215 212 214
f 214 213 216
f 217 215 214
f 218 214 216
f 219 217 214
f 220 214 218
f 219 214 220
f 221 220 218
f 222 219 220
f 223 220 221
f 223 222 220
f 224 223 221
f 223 224 222
f 224 221 225
f 224 226 222
f 227 224 225
f 224 227 226
f 227 225 228
f 227 229 226
f 230 227 228
f 227 230 229
f 230 228 231
f 230 232 229
f 233 230 231
f 230 233 232
f 233 231 234
f 233 235 232
f 236 233 234
f 233 236 235
f 236 234 237
f 236 238 235
f 239 236 237
f 236 239 238
f 239 237 240
f 238 239 241
f 239 240 241
f 240 242 241
f 242 243 241
f 241 243 244
f 242 245 243
f 243 246 244
f 245 247 243
f 243 247 246
f 245 248 247
f 247 249 246
f 248 250 247
f 247 250 249
f 248 251 250
f 250 252 249
f 251 253 250
f 250 253 252
f 251 254 253
f 253 255 252
f 254 256 253
f 253 256 255
f 254 257 256
f 256 258 255
f 257 259 256
f 256 259 258
f 257 260 259
f 260 261 259
f 259 262 258
f 259 261 262
f 260 263 261
f 261 264 262
f 263 265 261
f 261 266 264
f 265 267 261
f 261 267 266
f 265 268 267
f 267 269 266
f 268 270 267
f 267 270 269
f 268 271 270
f 271 269 270
f 272 271 268
f 271 273 269
f 274 271 272
f 271 274 273
f 275 274 272
f 274 276 273
f 277 274 275
f 274 277 276
f 278 277 275
f 277 279 276
f 280 277 278
f 277 280 279
f 281 280 278
f 280 282 279
f 283 280 281
f 280 283 282
f 284 283 281
f 283 285 282
f 286 283 284
f 283 286 285
f 287 286 284
f 286 288 285
f 286 287 288
f 289 290 291
f 289 291 292
f 293 289 292
f 292 291 294
f 295 293 292
f 296 292 294
f 295 292 296
f 296 294 297
f 298 295 296
f 299 296 297
f 298 296 299
f 299 297 300
f 301 298 299
f 302 299 300
f 301 299 302
f 302 300 303
f 304 301 302
f 305 302 303
f 304 302 305
f 305 303 306
f 307 304 305
f 308 305 306
f 307 305 308
f 308 306 309
f 310 308 309
f 311 307 308
f 311 308 310
f 310 309 312
f 313 311 310
f 314 310 312
f 315 313 310
f 316 310 314
f 315 310 316
f 317 316 314
f 318 315 316
f 319 316 317
f 319 318 316
f 320 319 317
f 319 320 318
f 320 317 321
f 320 322 318
f 323 320 321
f 320 323 322
f 323 321 324
f 323 325 322
f 326 323 324
f 323 326 325
f 326 324 327
f 326 328 325
f 329 326 327
f 326 329 328
f 329 327 330
f 329 331 328
f 332 329 330
f 329 332 331
f 332 330 333
f 332 334 331
f 335 332 333
f 332 335 334
f 335 333 336
f 334 335 337
f 335 336 337
f 336 338 337
f 338 339 337
f 337 339 340
f 338 341 339
f 339 342 340
f 341 343 339
f 339 343 342
f 341 344 343
f 343 345 342
f 344 346 343
f 343 346 345
f 344 347 346
f 346 348 345
f 347 349 346
f 346 349 348
f 347 350 349
f 349 351 348
f 350 352 349
f 349 352 351
f 350 353 352
f 352 354 351
f 353 355 352
f 352 355 354
f 353 356 355
f 356 357 355
f 355 358 354
f 355 357 358
f 356 359 357
f 357 360 358
f 359 361 357
f 357 362 360
f 361 363 357
f 357 363 362
f 361 364 363
f 363 365 362
f 364 366 363
f 363 366 365
f 364 367 366
f 367 365 366
f 368 367 364
f 367 369 365
f 370 367 368
f 367 370 369
f 371 370 368
f 370 372 369
f 373 370 371
f 370 373 372
f 374 373 371
f 373 375 372
f 376 373 374
f 373 376 375
f 377 376 374
f 376 378 375
f 379 376 377
f 376 379 378
f 380 379 377
f 379 381 378
f 382 379 380
f 379 382 381
f 383 382 380
f 382 384 381
f 382 383 384
f 385 386 387
f 385 387 388
f 389 385 388
f 388 387 390
f 391 389 388
f 392 388 390
f 391 388 392
f 392 390 393
f 394 391 392
f 395 392 393
f 394 392 395
f 395 393 396
f 397 394 395
f 398 395 396
f 397 395 398
f 398 396 399
f 400 397 398
f 401 398 399
f 400 398 401
f 401 399 402
f 403 400 401
f 404 401 402
f 403 401 404
f 404 402 405
f 406 404 405
f 407 403 404
f 407 404 406
f 406 405 408
f 409 407 406
f 410 406 408
f 411 409 406
f 412 406 410
f 411 406 412
f 413 412 410
f 414 411 412
f 415 412 413
f 415 414 412
f 416 415 413
f 415 416 414
f 416 413 417
f 416 418 414
f 419 416 417
f 416 419 418
f 419 417 420
f 419 421 418
f 422 419 420
f 419 422 421
f 422 420 423
f 422 424 421
f 425 422 423
f 422 425 424
f 425 423 426
f 425 427 424
f 428 425 426
f 425 428 427
f 428 426 429
f 428 430 427
f 431 428 429
f 428 431 430
f 431 429 432
f 430 431 433
f 431 432 433
f 432 434 433
f 434 435 433
f 433 435 436
f 434 437 435
f 435 438 436
f 437 439 435
f 435 439 438
f 437 440 439
f 439 441 438
f 440 442 439
f 439 442 441
f 440 443 442
f 442 444 441
f 443 445 442
f 442 445 444
f 443 446 445
f 445 447 444
f 446 448 445
f 445 448 447
f 446 449 448
f 448 450 447
f 449 451 448
f 448 451 450
f 449 452 451
f 452 453 451
f 451 454 450
f 451 453 454
f 452 455 453
f 453 456 454
f 455 457 453
f 453 458 456
f 457 459 453
f 453 459 458
f 457 460 459
f 459 461 458
f 460 462 459
f 459 462 461
f 460 463 462
f 463 461 462
f 464 463 460
f 463 465 461
f 466 463 464
f 463 466 465
f 467 466 464
f 466 468 465
f 469 466 467
f 466 469 468
f 470 469 467
f 469 471 468
f 472 469 470
f 469 472 471
f 473 472 470
f 472 474 471
f 475 472 473
f 472 475 474
f 476 475 473
f 475 477 474
f 478 475 476
f 475 478 477
f 479 478 476
f 478 480 477
f 478 479 480
f 481 482 483
f 481 483 484
f 485 481 484
f 484 483 486
f 487 485 484
f 488 484 486
f 487 484 488
f 488 486 489
f 490 487 488
f 491 488 489
f 490 488 491
f 491 489 492
f 493 490 491
f 494 491 492
f 493 491 494
f 494 492 495
f 496 493 494
f 497 494 495
f 496 494 497
f 497 495 498
f 499 496 497
f 500 497 498
f 499 497 500
f 500 498 501
f 502 500 501
f 503 499 500
f 503 500 502
f 502 501 504
f 505 503 502
f 506 502 504
f 507 505 502
f 508 502 506
f 507 502 508
f 509 508 506
f 510 507 508
f 511 508 509
f 511 510 508
f 512 511 509
f 511 512 510
f 512 509 513
f 512 514 510
f 515 512 513
f 512 515 514
f 515 513 516
f 515 517 514
f 518 515 516
f 515 518 517
f 518 516 519
f 518 520 517
f 521 518 519
f 518 521 520
f 521 519 522
f 521 523 520
f 524 521 522
f 521 524 523
f 524 522 525
f 524 526 523
f 527 524 525
f 524 527 526
f 527 525 528
f 526 527 529
f 527 528 529
f 528 530 529
f 530 531 529
f 529 531 532
f 530 533 531
f 531 534 532
f 533 535 531
f 531 535 534
f 533 536 535
f 535 537 534
f 536 538 535
f 535 538 537
f 536 539 538
f 538 540 537
f 539 541 538
f 538 541 540
f 539 542 541
f 541 543 540
f 542 544 541
f 541 544 543
f 542 545 544
f 544 546 543
f 545 547 544
f 544 547 546
f 545 548 547
f 548 549 547
f 547 550 546
f 547 549 550
f 548 551 549
f 549 552 550
f 551 553 549
f 549 554 552
f 553 555 549
f 549 555 554
f 553 556 555
f 555 557 554
f 556 558 555
f 555 558 557
f 556 559 558
f 559 557 558
f 560 559 556
f 559 561 557
f 562 559 560
f 559 562 561
f 563 562 560
f 562 564 561
f 565 562 563
f 562 565 564
f 566 565 563
f 565 567 564
f 568 565 566
f 565 568 567
f 569 568 566
f 568 570 567
f 571 568 569
f 568 571 570
f 572 571 569
f 571 573 570
f 574 571 572
f 571 574 573
f 575 574 572
f 574 576 573
f 574 575 576
f 577 578 579
f 578 580 579
f 578 581 580
f 582 581 578
f 583 579 580
f 579 583 584
f 579 584 585
f 586 579 585
f 585 587 586
f 582 578 588
f 587 589 586
f 587 590 589
f 590 591 589
f 591 592 589
f 591 593 592
f 594 582 588
f 593 595 592
f 593 596 595
f 596 597 595
f 597 598 595
f 597 599 598
f 599 600 598
f 599 601 600
f 601 602 600
f 601 603 602
f 603 604 602
f 603 605 604
f 605 606 604
f 605 607 606
f 604 606 608
f 607 605 609
f 604 608 610
f 605 611 609
f 605 612 611
f 612 605 613
f 605 614 613
f 614 615 613
f 615 614 616
f 614 617 616
f 614 618 617
f 618 614 619
f 614 620 619
f 614 621 620
f 614 622 621
f 622 623 621
f 622 624 623
f 624 622 625
f 622 626 625
f 626 627 625
f 626 628 627
f 628 626 629
f 628 629 630
f 631 628 630
f 632 630 629
f 630 632 633
f 634 631 630
f 630 633 635
f 636 630 635
f 635 637 636
f 637 638 636
f 637 639 638
f 639 640 638
f 639 641 640
f 641 642 640
f 641 643 642
f 643 644 642
f 643 645 644
f 645 646 644
f 645 647 646
f 645 648 647
f 648 649 647
f 648 650 649
f 648 651 650
f 651 652 650
f 651 653 652
f 651 654 653
f 654 655 653
f 654 656 655
f 656 657 655
f 656 658 657
f 658 659 657
f 658 660 659
f 660 661 659
f 660 662 661
f 662 663 661
f 662 664 663
f 664 665 663
f 665 666 663
f 666 667 663
f 666 668 667
f 667 669 663
f 668 670 667
f 668 671 670
f 669 672 663
f 671 668 673
f 669 674 672
f 674 675 672
f 675 676 672
f 676 677 672
f 677 678 672
f 679 671 673
f 680 679 673
f 681 680 673
f 681 673 682
f 683 681 682
f 678 684 672
f 685 683 682
f 684 686 672
f 687 685 682
f 686 688 672
f 689 687 682
f 688 690 672
f 690 691 672
f 691 692 672
f 692 693 672
f 672 693 694
f 692 695 693
f 696 689 682
f 697 696 682
f 698 697 682
f 698 682 699
f 695 700 693
f 701 698 699
f 702 701 699
f 703 702 699
f 704 703 699
f 705 704 699
f 700 705 693
f 705 699 693
f 699 706 693
f 706 707 693
f 706 708 707
f 708 709 707
f 708 710 709
f 710 711 709
f 710 712 711
f 712 713 711
f 712 714 713
f 714 715 713
f 715 716 713
f 715 717 716
f 717 718 716
f 717 719 718
f 719 720 718
f 720 721 718
f 720 722 721
f 722 723 721
f 722 724 723
f 724 725 723
f 725 726 723
f 726 588 723
f 726 594 588
f 723 588 727
f 728 729 730
f 731 728 730
f 731 730 732
f 728 731 733
f 734 731 732
f 731 734 733
f 734 732 735
f 733 734 736
f 737 734 735
f 734 737 736
f 737 735 738
f 736 737 739
f 740 737 738
f 737 740 739
f 739 740 741
f 740 738 742
f 740 743 741
f 744 740 742
f 740 744 743
f 744 742 745
f 744 746 743
f 747 744 745
f 744 747 746
f 747 745 748
f 747 749 746
f 750 747 748
f 747 750 749
f 750 748 751
f 750 752 749
f 752 750 751
f 753 754 755
f 754 756 755
f 754 757 756
f 758 755 756
f 757 758 756
f 759 760 761
f 760 762 761
f 761 762 763
f 760 764 762
f 762 765 763
f 764 765 762
f 764 766 765
f 767 768 769
f 767 769 770
f 771 767 770
f 772 770 769
f 770 773 771
f 773 770 772
f 773 774 771
f 775 773 772
f 773 776 774
f 776 773 775
f 776 777 774
f 778 776 775
f 776 779 777
f 779 776 778
f 779 780 777
f 781 779 778
f 779 782 780
f 783 779 781
f 779 783 782
f 784 783 781
f 783 785 782
f 786 783 784
f 783 786 785
f 787 786 784
f 786 788 785
f 789 786 787
f 786 789 788
f 790 789 787
f 789 791 788
f 789 790 791
f 792 793 794
f 795 793 792
f 795 796 793
f 797 795 792
f 798 797 792
f 799 798 792
f 796 800 793
f 799 792 801
f 802 799 801
f 803 802 801
f 803 801 804
f 805 803 804
f 805 804 806
f 807 805 806
f 808 807 806
f 808 806 809
f 810 808 809
f 811 810 809
f 811 809 812
f 813 811 812
f 813 812 814
f 815 813 814
f 816 815 814
f 817 816 814
f 817 818 816
f 818 819 816
f 818 820 819
f 821 820 818
f 822 821 818
f 823 822 818
f 820 824 819
f 824 825 819
f 826 823 818
f 824 827 825
f 828 826 818
f 827 829 825
f 829 830 825
f 830 831 825
f 831 832 825
f 832 833 825
f 833 834 825
f 833 835 834
f 835 836 834
f 836 837 834
f 834 837 838
f 839 828 818
f 834 838 840
f 841 834 840
f 840 838 842
f 843 841 840
f 844 840 842
f 840 844 845
f 846 843 840
f 840 845 847
f 846 840 848
f 849 846 848
f 850 849 848
f 850 848 851
f 852 850 851
f 852 851 853
f 854 852 853
f 854 853 855
f 856 854 855
f 856 855 857
f 858 856 857
f 858 857 859
f 860 840 847
f 861 858 859
f 861 859 862
f 861 862 863
f 860 847 864
f 865 860 864
f 860 865 866
f 860 866 867
f 868 860 867
f 869 861 863
f 869 863 870
f 869 870 871
f 860 868 872
f 873 869 871
f 873 871 874
f 873 874 875
f 876 873 875
f 876 875 877
f 878 876 877
f 878 877 879
f 880 878 879
f 880 879 881
f 882 880 881
f 882 881 883
f 884 882 883
f 883 885 884
f 885 886 884
f 885 887 886
f 887 885 888
f 889 888 885
f 889 890 888
f 890 889 891
f 890 891 892
f 893 889 885
f 894 890 892
f 895 893 885
f 894 892 896
f 897 894 896
f 894 897 898
f 894 898 899
f 900 894 899
f 901 900 899
f 900 901 902
f 900 902 903
f 904 900 903
f 900 904 905
f 900 905 906
f 907 900 906
f 907 906 908
f 909 907 908
f 909 908 910
f 911 909 910
f 909 911 912
f 909 912 913
f 914 909 913
f 909 914 915
f 907 909 916
f 916 909 917
f 916 917 918
f 919 916 918
f 920 919 918
f 920 918 921
f 922 920 921
f 922 921 923
f 924 922 923
f 925 924 923
f 925 923 926
f 927 925 926
f 928 927 926
f 928 926 929
f 930 928 929
f 930 929 931
f 932 930 931
f 933 932 931
f 933 931 934
f 935 933 934
f 936 935 934
f 937 936 934
f 937 934 800
f 796 937 800
f 800 934 938
f 939 604 610
f 604 939 940
f 939 941 940
f 604 940 942
f 943 604 942
f 604 943 944
f 604 944 945
f 941 946 940
f 941 947 946
f 948 604 945
f 947 949 946
f 947 950 949
f 950 951 949
f 604 948 952
f 951 953 949
f 604 952 954
f 951 955 953
f 955 956 953
f 956 957 953
f 958 604 954
f 604 958 959
f 604 959 960
f 957 961 953
f 957 962 961
f 962 963 961
f 964 604 960
f 963 965 961
f 963 634 965
f 634 630 965
f 965 630 966
f 964 960 967
f 630 968 966
f 964 967 969
f 968 970 966
f 971 964 969
f 968 972 970
f 972 973 970
f 972 974 973
f 972 968 975
f 968 976 975
f 968 977 976
f 977 968 978
f 968 979 978
f 972 980 974
f 974 980 981
f 980 982 981
f 980 983 982
f 983 984 982
f 968 985 979
f 983 986 984
f 986 987 984
f 986 988 987
f 986 989 988
f 989 990 988
f 989 991 990
f 991 992 990
f 991 993 992
f 985 968 994
f 993 995 992
f 993 996 995
f 996 997 995
f 968 998 994
f 997 999 995
f 997 1000 999
f 1000 1001 999
f 968 1002 998
f 1002 968 1003
f 968 1004 1003
f 968 964 1004
f 964 1005 1004
f 964 1006 1005
f 1007 1006 964
f 1001 971 999
f 1001 1008 971
f 1008 1009 971
f 1009 964 971
f 1010 1007 964
f 1009 1011 964
f 1012 1010 964
f 1011 1013 964
f 1014 1012 964
f 1013 1014 964
f 860 872 1015
f 1016 860 1015
f 860 1016 1017
f 860 1017 1018
f 839 860 1018
f 860 839 818
f 860 818 1019
f 1019 818 1020
f 818 1021 1020
f 818 1022 1021
f 1023 860 1019
f 1022 818 1024
f 860 1023 1025
f 818 1026 1024
f 860 1025 1027
f 818 1028 1026
f 1029 860 1027
f 860 1029 1030
f 860 1030 1031
f 1028 818 1032
f 818 1033 1032
f 818 1034 1033
f 818 1035 1034
f 1035 1036 1034
f 1037 860 1031
f 1037 1031 1038
f 1039 1037 1038
f 1037 1039 1040
f 1037 1040 1041
f 1035 1042 1036
f 1043 1037 1041
f 1042 1035 1044
f 1037 1043 1045
f 1035 1046 1044
f 1047 1037 1045
f 1035 1048 1046
f 1048 1035 1049
f 1037 1047 1050
f 1037 1050 1051
f 1035 1052 1049
f 1052 1037 1051
f 1035 1053 1052
f 1053 1037 1052
f 1053 1035 1054
f 1053 1055 1037
f 1035 1056 1054
f 1055 1057 1037
f 1035 1058 1056
f 1057 1059 1037
f 1058 1035 1060
f 1059 1061 1037
f 1060 1035 1062
f 1035 1063 1062
f 1035 1064 1063
f 1035 1065 1064
f 1065 1066 1064
f 1065 1067 1066
f 1061 1068 1037
f 1037 1068 1069
f 1037 1069 1070
f 1067 1065 1071
f 1072 1037 1070
f 1072 1070 1073
f 1074 1072 1073
f 1072 1074 1075
f 1072 1075 1076
f 1065 1077 1071
f 1078 1072 1076
f 1065 1079 1077
f 1072 1078 1080
f 1079 1065 1081
f 1065 1082 1081
f 1065 1083 1082
f 1065 1072 1083
f 1072 1080 1084
f 1072 1085 1083
f 1086 1072 1084
f 1072 1086 1085
f 1087 895 885
f 1087 885 1088
f 1089 1087 1088
f 1088 885 1090
f 1089 1088 1091
f 1092 1089 1091
f 1093 1092 1091
f 885 1094 1090
f 1093 1091 1095
f 1096 1093 1095
f 1097 1096 1095
f 1098 1097 1095
f 1098 1095 1099
f 1100 1098 1099
f 1101 1100 1099
f 1101 1099 1102
f 1103 1101 1102
f 1103 1102 1104
f 915 1103 1104
f 909 915 1104
f 1105 909 1104
f 909 1105 1106
f 909 1106 1107
f 1108 909 1107
f 909 1108 1109
f 909 1109 1110
f 1111 909 1110
f 1112 909 1111
f 909 1112 1113
f 909 1113 1114
f 1115 909 1114
f 1115 1114 1116
f 1115 1116 1117
f 1118 1115 1117
f 1119 1115 1118
f 1119 1120 1115
f 1120 1121 1115
f 1121 1122 1115
f 1123 1119 1118
f 1124 1123 1118
f 1122 1125 1115
f 1124 1118 1126
f 1127 1124 1126
f 1128 1127 1126
f 1125 1129 1115
f 1128 1126 1130
f 1131 1128 1130
f 1132 1131 1130
f 1132 1130 1133
f 1134 1132 1133
f 1134 1133 1135
f 1136 1134 1135
f 1136 1135 1137
f 1129 1138 1115
f 1139 1136 1137
f 1139 1137 1140
f 1139 1140 1141
f 1142 1139 1141
f 1142 1141 1143
f 1138 1144 1115
f 1115 1144 1145
f 1115 1145 1146
f 1147 1142 1143
f 1147 1143 1148
f 1147 1148 1149
f 1094 1115 1146
f 1150 1147 1149
f 1151 1094 1146
f 1150 1149 1152
f 1094 1151 1153
f 1094 1153 1154
f 1155 1094 1154
f 1094 1155 1156
f 1094 1156 1157
f 1158 1094 1157
f 1159 1094 1158
f 1094 1159 1160
f 1094 1160 1161
f 1150 1094 1161
f 1150 1152 1162
f 1094 1150 1162
f 1094 1162 1090
f 1163 672 694
f 672 1163 1164
f 672 1164 1165
f 1166 672 1165
f 672 1166 1167
f 672 1167 1168
f 1169 672 1168
f 1170 1169 1168
f 1169 1170 1171
f 1169 1171 1172
f 1173 1169 1172
f 1169 1173 1174
f 1169 1174 1175
f 1176 1169 1175
f 1169 1176 1177
f 1169 1177 1178
f 1179 1169 1178
f 1180 1169 1179
f 1180 1181 1169
f 1181 1182 1169
f 1182 1183 1169
f 1183 1184 1169
f 1184 1185 1169
f 1169 1185 1186
f 1169 1186 1187
f 1188 1169 1187
f 1189 1188 1187
f 1188 1189 1190
f 1188 1190 1191
f 1192 1188 1191
f 1188 1192 1193
f 1188 1193 1194
f 1195 1188 1194
f 1188 1195 1196
f 1188 1196 1197
f 1198 1188 1197
f 1198 1197 1199
f 1198 1199 1200
f 1201 1198 1200
f 1198 1201 1202
f 1198 1202 1203
f 1204 1198 1203
f 1198 1204 1205
f 1198 1205 1206
f 1207 1198 1206
f 1208 1207 1206
f 1207 1208 1209
f 1207 1209 1210
f 1211 1207 1210
f 1207 1211 1212
f 1207 1212 1213
f 1214 1207 1213
f 1207 1214 1179
f 1207 1179 1215
f 1214 1180 1179
f 1216 1207 1215
f 1207 1216 1217
f 1207 1217 1218
f 1219 1207 1218
f 1207 1219 1220
f 1207 1220 1221
f 693 1207 1221
f 1222 693 1221
f 693 1222 1223
f 693 1223 1224
f 1225 693 1224
f 693 1225 1226
f 1227 693 1226
f 693 1227 1228
f 693 1228 1229
f 694 693 1229
f 1230 1231 1232
f 1230 1232 1233
f 1231 1230 1234
f 1234 1230 1233
f 1235 1236 1237
f 1235 1237 1238
f 1236 1235 1239
f 1239 1235 1238
f 1240 1241 1242
f 1240 1242 1243
f 1241 1240 1244
f 1244 1240 1243
f 1245 1246 1247
f 1245 1247 1248
f 1246 1245 1249
f 1249 1245 1248
f 1250 1251 1252
f 1250 1253 1251
f 1254 1250 1252
f 1254 1252 1255
f 1250 1256 1253
f 1256 1257 1253
f 1258 1254 1255
f 1258 1255 1259
f 1256 1260 1257
f 1260 1261 1257
f 1262 1258 1259
f 1262 1259 1263
f 1260 1264 1261
f 1264 1265 1261
f 1266 1262 1263
f 1266 1263 1267
f 1264 1268 1265
f 1268 1269 1265
f 1254 1258 1270
f 1254 1270 1271
f 1258 1272 1270
f 1258 1262 1272
f 1262 1273 1272
f 1262 1266 1273
f 1250 1254 1271
f 1250 1271 1274
f 1250 1274 1275
f 1256 1250 1275
f 1256 1275 1276
f 1260 1256 1276
f 1260 1276 1277
f 1264 1260 1277
f 1264 1277 1278
f 1268 1264 1278
f 1266 1279 1273
f 1268 1278 1280
f 1266 1281 1279
f 1281 1266 1267
f 1281 1282 1279
f 1283 1268 1280
f 1283 1280 1284
f 1268 1283 1269
f 1285 1281 1267
f 1281 1285 1282
f 1286 1285 1267
f 1285 1287 1282
f 1285 1286 1287
f 1288 1283 1284
f 1283 1288 1269
f 1288 1284 1289
f 1269 1288 1290
f 1288 1289 1291
f 1290 1288 1291
f 1292 1291 1289
f 1290 1291 1292
f 1292 1289 1293
f 1294 1290 1292
f 1295 1292 1293
f 1294 1292 1295
f 1295 1293 1296
f 1297 1294 1295
f 1298 1295 1296
f 1297 1295 1298
f 1298 1296 1299
f 1300 1297 1298
f 1300 1298 1301
f 1298 1299 1302
f 1301 1298 1302
f 1303 1300 1301
f 1301 1302 1304
f 1305 1303 1301
f 1301 1304 1306
f 1305 1301 1307
f 1307 1301 1306
f 1308 1305 1307
f 1308 1307 1309
f 1307 1306 1310
f 1309 1307 1310
f 1311 1308 1309
f 1309 1310 1312
f 1313 1311 1309
f 1313 1309 1314
f 1309 1312 1315
f 1314 1309 1315
f 1316 1313 1314
f 1314 1315 1317
f 1318 1316 1314
f 1319 1314 1317
f 1318 1314 1320
f 1320 1314 1319
f 1321 1318 1320
f 1322 1320 1319
f 1323 1321 1320
f 1323 1320 1322
f 1324 1323 1322
f 1321 1323 1325
f 1323 1324 1326
f 1323 1326 1325
f 1327 1325 1326
f 1328 1327 1326
f 1327 1329 1325
f 1327 1328 1330
f 1329 1327 1330
f 1330 1328 1331
f 1329 1330 1332
f 1332 1330 1331
f 1333 1329 1332
f 1332 1331 1334
f 1332 1335 1333
f 1335 1332 1334
f 1335 1336 1333
f 1335 1334 1337
f 1335 1338 1336
f 1338 1335 1337
f 1338 1339 1336
f 1338 1337 1340
f 1338 1341 1339
f 1341 1338 1340
f 1341 1342 1339
f 1341 1343 1342
f 1341 1340 1344
f 1343 1341 1344
f 1343 1345 1342
f 1343 1344 1346
f 1343 1347 1345
f 1348 1343 1346
f 1343 1349 1347
f 1349 1343 1348
f 1349 1350 1347
f 1351 1349 1348
f 1349 1352 1350
f 1352 1349 1351
f 1352 1353 1350
f 1354 1352 1351
f 1352 1355 1353
f 1355 1352 1354
f 1355 1356 1353
f 1357 1355 1354
f 1355 1358 1356
f 1358 1355 1357
f 1359 1358 1357
f 1358 1360 1356
f 1361 1358 1359
f 1358 1361 1360
f 1362 1361 1359
f 1361 1363 1360
f 1361 1362 1363
f 1360 1363 1364
f 1362 1365 1363
f 1363 1366 1364
f 1365 1366 1363
f 1367 1364 1366
f 1365 1367 1366
f 1367 1368 1364
f 1367 1365 1369
f 1367 1370 1368
f 1370 1367 1369
f 1370 1371 1368
f 1370 1369 1372
f 1370 1373 1371
f 1373 1370 1372
f 1373 1372 1374
f 1373 1375 1371
f 1373 1376 1375
f 1373 1374 1377
f 1376 1373 1377
f 1376 1378 1375
f 1376 1377 1379
f 1376 1380 1378
f 1376 1379 1381
f 1376 1382 1380
f 1382 1376 1381
f 1382 1383 1380
f 1382 1384 1383
f 1382 1381 1385
f 1384 1382 1385
f 1384 1386 1383
f 1384 1385 1387
f 1384 1388 1386
f 1384 1389 1388
f 1384 1387 1390
f 1389 1384 1390
f 1389 1391 1388
f 1389 1390 1392
f 1389 1393 1391
f 1389 1392 1394
f 1389 1395 1393
f 1395 1389 1394
f 1395 1396 1393
f 1395 1394 1397
f 1395 1398 1396
f 1398 1395 1397
f 1398 1399 1396
f 1398 1397 1400
f 1398 1401 1399
f 1401 1398 1400
f 1402 1403 1404
f 1402 1404 1405
f 1403 1402 1406
f 1406 1402 1405
f 1407 1408 1409
f 1407 1409 1410
f 1408 1407 1411
f 1411 1407 1410
f 1412 1413 1414
f 1412 1414 1415
f 1413 1412 1416
f 1416 1412 1415
f 1417 1418 1419
f 1417 1419 1420
f 1418 1417 1421
f 1421 1417 1420
f 1422 1423 1424
f 1423 1422 1425
f 1423 1426 1424
f 1423 1425 1427
f 1423 1428 1426
f 1428 1423 1427
f 1428 1429 1426
f 1428 1427 1430
f 1428 1431 1429
f 1431 1428 1430
f 1431 1432 1429
f 1431 1430 1433
f 1431 1434 1432
f 1434 1431 1433
f 1434 1435 1432
f 1434 1433 1436
f 1434 1437 1435
f 1437 1434 1436
f 1437 1438 1435
f 1437 1436 1439
f 1437 1440 1438
f 1440 1437 1439
f 1440 1441 1438
f 1440 1439 1442
f 1440 1443 1441
f 1443 1440 1442
f 1443 1444 1441
f 1443 1442 1445
f 1443 1446 1444
f 1446 1443 1445
f 1446 1447 1444
f 1446 1445 1448
f 1446 1449 1447
f 1449 1446 1448
f 1449 1450 1447
f 1449 1448 1451
f 1449 1452 1450
f 1452 1449 1451
f 1452 1453 1450
f 1452 1451 1454
f 1452 1455 1453
f 1455 1452 1454
f 1455 1456 1453
f 1455 1454 1457
f 1455 1458 1456
f 1458 1455 1457
f 1458 1459 1456
f 1458 1457 1460
f 1458 1461 1459
f 1461 1458 1460
f 1461 1462 1459
f 1461 1460 1463
f 1461 1464 1462
f 1464 1461 1463
f 1464 1465 1462
f 1464 1463 1466
f 1464 1467 1465
f 1467 1464 1466
f 1467 1468 1465
f 1467 1466 1469
f 1468 1467 1470
f 1467 1469 1470
f 1471 1472 1473
f 1474 1471 1473
f 1471 1475 1472
f 1475 1471 1474
f 1476 1477 1478
f 1476 1478 1479
f 1477 1476 1480
f 1480 1476 1479
f 1481 1482 1483
f 1481 1483 1484
f 1482 1481 1485
f 1485 1481 1484
f 1486 1487 1488
f 1489 1487 1486
f 1487 1490 1488
f 1487 1489 1490
f 1491 1492 1493
f 1494 1492 1491
f 1492 1495 1493
f 1492 1494 1495
f 1496 1497 1498
f 1497 1496 1499
f 1497 1500 1498
f 1497 1499 1501
f 1500 1497 1501
f 1502 1503 1504
f 1503 1502 1505
f 1502 1504 1506
f 1502 1507 1505
f 1508 1502 1506
f 1502 1508 1507
f 1508 1506 1509
f 1508 1510 1507
f 1511 1508 1509
f 1508 1511 1510
f 1511 1509 1512
f 1511 1513 1510
f 1514 1511 1512
f 1511 1514 1513
f 1514 1512 1515
f 1514 1516 1513
f 1517 1514 1515
f 1514 1517 1516
f 1517 1515 1518
f 1517 1519 1516
f 1520 1517 1518
f 1517 1520 1519
f 1520 1518 1521
f 1520 1522 1519
f 1523 1520 1521
f 1520 1523 1522
f 1523 1521 1524
f 1523 1525 1522
f 1526 1523 1524
f 1523 1526 1525
f 1527 1528 1529
f 1530 1527 1529
f 1530 1529 1531
f 1527 1532 1528
f 1530 1531 1533
f 1527 1534 1532
f 1534 1535 1532
f 1536 1530 1533
f 1536 1533 1537
f 1538 1536 1537
f 1538 1537 1539
f 1538 1539 1540
f 1534 1541 1535
f 1535 1541 1542
f 1543 1538 1540
f 1543 1540 1544
f 1545 1543 1544
f 1545 1544 1546
f 1547 1545 1546
f 1547 1546 1548
f 1541 1534 1549
f 1534 1550 1549
f 1541 1549 1551
f 1541 1551 1542
f 1534 1527 1550
f 1527 1552 1550
f 1527 1553 1552
f 1527 1530 1553
f 1530 1554 1553
f 1530 1555 1554
f 1530 1536 1555
f 1536 1556 1555
f 1536 1538 1556
f 1538 1557 1556
f 1538 1558 1557
f 1538 1543 1558
f 1543 1559 1558
f 1543 1545 1559
f 1545 1560 1559
f 1545 1547 1560
f 1547 1561 1560
f 1547 1562 1561
f 1562 1547 1548
f 1562 1563 1561
f 1562 1548 1563
f 1561 1563 1564
f 1548 1565 1563
f 1563 1566 1564
f 1565 1566 1563
f 1567 1564 1566
f 1565 1567 1566
f 1567 1568 1564
f 1567 1565 1569
f 1567 1570 1568
f 1570 1567 1569
f 1570 1571 1568
f 1570 1569 1572
f 1570 1573 1571
f 1573 1570 1572
f 1573 1574 1571
f 1573 1572 1575
f 1573 1576 1574
f 1576 1573 1575
f 1576 1577 1574
f 1576 1578 1577
f 1576 1575 1579
f 1578 1576 1579
f 1578 1580 1577
f 1578 1579 1581
f 1578 1582 1580
f 1578 1581 1583
f 1578 1584 1582
f 1584 1578 1583
f 1584 1585 1582
f 1584 1583 1586
f 1584 1587 1585
f 1587 1584 1586
f 1587 1588 1585
f 1587 1586 1589
f 1587 1590 1588
f 1590 1587 1589
f 1590 1591 1588
f 1590 1589 1592
f 1590 1593 1591
f 1593 1590 1592
f 1593 1594 1591
f 1593 1592 1595
f 1593 1596 1594
f 1596 1593 1595
f 1596 1597 1594
f 1596 1595 1597
f 1598 1594 1597
f 1595 1599 1597
f 1599 1598 1597
f 1600 1542 1551
f 1601 1600 1551
f 1600 1602 1542
f 1600 1601 1603
f 1602 1600 1603
f 1604 1603 1601
f 1602 1603 1604
f 1604 1601 1605
f 1606 1602 1604
f 1607 1604 1605
f 1604 1607 1606
f 1607 1605 1608
f 1607 1609 1606
f 1610 1607 1608
f 1607 1610 1609
f 1610 1608 1611
f 1610 1612 1609
f 1613 1610 1611
f 1610 1613 1612
f 1613 1611 1614
f 1615 1613 1614
f 1613 1616 1612
f 1613 1615 1616
f 1615 1614 1617
f 1615 1618 1616
f 1615 1617 1619
f 1615 1620 1618
f 1621 1615 1619
f 1615 1621 1620
f 1621 1619 1622
f 1621 1623 1620
f 1624 1621 1622
f 1621 1624 1623
f 1624 1622 1625
f 1624 1626 1623
f 1627 1624 1625
f 1624 1627 1626
f 1627 1625 1628
f 1627 1629 1626
f 1630 1627 1628
f 1627 1630 1629
f 1630 1628 1631
f 1630 1632 1629
f 1633 1630 1631
f 1630 1633 1632
f 1633 1631 1634
f 1633 1634 1632
f 1631 1635 1634
f 1632 1634 1636
f 1635 1637 1634
f 1634 1637 1636
f 1635 1638 1637
f 1638 1636 1637
f 1638 1635 1639
f 1638 1640 1636
f 1641 1638 1639
f 1638 1641 1640
f 1641 1639 1642
f 1641 1643 1640
f 1644 1641 1642
f 1641 1644 1643
f 1644 1642 1645
f 1646 1644 1645
f 1644 1647 1643
f 1644 1646 1647
f 1646 1645 1648
f 1646 1649 1647
f 1646 1648 1650
f 1646 1651 1649
f 1652 1646 1650
f 1646 1652 1651
f 1652 1650 1653
f 1654 1652 1653
f 1652 1655 1651
f 1652 1654 1655
f 1654 1653 1656
f 1654 1657 1655
f 1654 1656 1658
f 1659 1654 1658
f 1654 1660 1657
f 1654 1659 1660
f 1659 1658 1661
f 1659 1662 1660
f 1663 1659 1661
f 1659 1664 1662
f 1665 1659 1663
f 1659 1665 1664
f 1666 1665 1663
f 1665 1667 1664
f 1668 1665 1666
f 1665 1668 1667
f 1669 1668 1666
f 1668 1670 1667
f 1668 1669 1670
f 1671 1672 1673
f 1671 1674 1672
f 1675 1671 1673
f 1675 1673 1676
f 1675 1676 1677
f 1671 1678 1674
f 1678 1679 1674
f 1680 1675 1677
f 1680 1677 1681
f 1678 1682 1679
f 1682 1683 1679
f 1683 1682 1684
f 1685 1680 1681
f 1685 1681 1686
f 1685 1686 1687
f 1688 1685 1687
f 1688 1687 1689
f 1688 1689 1690
f 1691 1688 1690
f 1691 1690 1692
f 1693 1691 1692
f 1693 1692 1694
f 1685 1695 1680
f 1688 1696 1685
f 1685 1696 1695
f 1691 1697 1688
f 1688 1697 1696
f 1693 1698 1691
f 1691 1698 1697
f 1680 1695 1699
f 1680 1699 1675
f 1675 1699 1700
f 1675 1700 1671
f 1671 1700 1701
f 1671 1701 1678
f 1701 1702 1678
f 1678 1702 1682
f 1695 1696 1703
f 1696 1697 1704
f 1696 1704 1703
f 1699 1695 1705
f 1695 1703 1705
f 1700 1699 1706
f 1699 1705 1706
f 1701 1700 1707
f 1700 1706 1707
f 1702 1701 1708
f 1701 1707 1708
f 1697 1709 1704
f 1697 1698 1709
f 1682 1702 1710
f 1702 1708 1711
f 1702 1711 1710
f 1682 1710 1712
f 1682 1712 1684
f 1713 1684 1712
f 1713 1714 1684
f 1715 1712 1710
f 1715 1713 1712
f 1713 1716 1714
f 1716 1717 1714
f 1718 1710 1711
f 1718 1715 1710
f 1715 1719 1713
f 1719 1716 1713
f 1716 1720 1717
f 1720 1721 1717
f 1718 1722 1715
f 1722 1719 1715
f 1719 1723 1716
f 1723 1720 1716
f 1720 1724 1721
f 1724 1725 1721
f 1722 1726 1719
f 1726 1723 1719
f 1723 1727 1720
f 1727 1724 1720
f 1724 1728 1725
f 1728 1729 1725
f 1726 1730 1723
f 1730 1727 1723
f 1727 1731 1724
f 1731 1728 1724
f 1728 1732 1729
f 1732 1733 1729
f 1730 1734 1727
f 1734 1731 1727
f 1731 1735 1728
f 1735 1732 1728
f 1732 1736 1733
f 1736 1737 1733
f 1736 1738 1737
f 1734 1739 1731
f 1739 1735 1731
f 1735 1740 1732
f 1736 1732 1740
f 1736 1741 1738
f 1741 1742 1738
f 1739 1743 1735
f 1743 1740 1735
f 1744 1736 1740
f 1741 1736 1744
f 1741 1745 1742
f 1745 1746 1742
f 1743 1747 1740
f 1744 1740 1747
f 1748 1741 1744
f 1741 1748 1745
f 1745 1749 1746
f 1749 1750 1746
f 1751 1744 1747
f 1748 1744 1751
f 1748 1752 1745
f 1745 1752 1749
f 1749 1753 1750
f 1753 1754 1750
f 1755 1748 1751
f 1748 1755 1752
f 1752 1756 1749
f 1749 1756 1753
f 1753 1757 1754
f 1757 1758 1754
f 1755 1759 1752
f 1752 1759 1756
f 1756 1760 1753
f 1753 1760 1757
f 1757 1761 1758
f 1761 1762 1758
f 1759 1763 1756
f 1756 1763 1760
f 1760 1764 1757
f 1757 1764 1761
f 1763 1765 1760
f 1760 1765 1764
f 1755 1766 1759
f 1759 1767 1763
f 1766 1767 1759
f 1763 1768 1765
f 1767 1768 1763
f 1766 1755 1769
f 1755 1751 1769
f 1769 1751 1770
f 1751 1747 1770
f 1771 1770 1747
f 1771 1747 1743
f 1772 1771 1743
f 1772 1743 1739
f 1773 1772 1739
f 1773 1739 1734
f 1774 1773 1734
f 1774 1734 1730
f 1775 1774 1730
f 1775 1730 1726
f 1776 1775 1726
f 1776 1726 1722
f 1777 1776 1722
f 1777 1722 1718
f 1778 1777 1718
f 1778 1718 1711
f 1778 1711 1779
f 1708 1779 1711
f 1708 1780 1779
f 1708 1707 1780
f 1707 1781 1780
f 1707 1706 1781
f 1706 1782 1781
f 1706 1705 1782
f 1705 1783 1782
f 1705 1703 1783
f 1703 1784 1783
f 1703 1704 1784
f 1704 1785 1784
f 1704 1709 1785
f 1786 1778 1779
f 1780 1787 1779
f 1786 1779 1787
f 1780 1781 1788
f 1780 1788 1787
f 1781 1782 1789
f 1781 1789 1788
f 1782 1783 1790
f 1782 1790 1789
f 1783 1784 1791
f 1783 1791 1790
f 1784 1785 1792
f 1784 1792 1791
f 1786 1793 1778
f 1793 1777 1778
f 1793 1794 1777
f 1794 1776 1777
f 1794 1795 1776
f 1795 1775 1776
f 1795 1796 1775
f 1796 1774 1775
f 1796 1797 1774
f 1797 1773 1774
f 1797 1798 1773
f 1798 1772 1773
f 1798 1799 1772
f 1799 1771 1772
f 1799 1800 1771
f 1800 1770 1771
f 1800 1801 1770
f 1769 1770 1801
f 1802 1769 1801
f 1766 1769 1802
f 1803 1766 1802
f 1766 1803 1767
f 1803 1804 1767
f 1767 1804 1768
f 1805 1798 1797
f 1806 1799 1798
f 1805 1806 1798
f 1807 1800 1799
f 1806 1807 1799
f 1808 1801 1800
f 1807 1808 1800
f 1802 1801 1809
f 1808 1809 1801
f 1803 1802 1810
f 1810 1802 1809
f 1803 1811 1804
f 1811 1803 1810
f 1812 1805 1797
f 1812 1797 1796
f 1813 1812 1796
f 1813 1796 1795
f 1814 1813 1795
f 1814 1795 1794
f 1815 1814 1794
f 1815 1794 1793
f 1816 1815 1793
f 1816 1793 1786
f 1817 1816 1786
f 1817 1786 1787
f 1817 1787 1818
f 1788 1818 1787
f 1788 1819 1818
f 1788 1789 1819
f 1789 1820 1819
f 1789 1790 1820
f 1790 1821 1820
f 1790 1791 1821
f 1791 1822 1821
f 1791 1792 1822
f 1823 1815 1816
f 1816 1817 1824
f 1823 1816 1824
f 1825 1817 1818
f 1824 1817 1825
f 1819 1826 1818
f 1825 1818 1826
f 1819 1820 1827
f 1819 1827 1826
f 1820 1821 1828
f 1820 1828 1827
f 1824 1825 1829
f 1823 1824 1829
f 1825 1826 1830
f 1829 1825 1830
f 1827 1830 1826
f 1827 1831 1830
f 1827 1828 1831
f 1823 1829 1832
f 1828 1833 1831
f 1821 1834 1828
f 1828 1834 1833
f 1834 1835 1833
f 1834 1836 1835
f 1821 1822 1834
f 1837 1823 1832
f 1837 1815 1823
f 1837 1832 1838
f 1837 1814 1815
f 1834 1839 1836
f 1822 1839 1834
f 1839 1840 1836
f 1839 1841 1840
f 1842 1837 1838
f 1842 1814 1837
f 1842 1838 1843
f 1842 1813 1814
f 1844 1842 1843
f 1844 1813 1842
f 1844 1843 1845
f 1844 1812 1813
f 1846 1844 1845
f 1846 1812 1844
f 1846 1845 1847
f 1846 1805 1812
f 1846 1847 1848
f 1849 1805 1846
f 1849 1846 1848
f 1849 1806 1805
f 1849 1848 1850
f 1851 1806 1849
f 1851 1849 1850
f 1851 1807 1806
f 1851 1850 1852
f 1853 1807 1851
f 1853 1851 1852
f 1853 1808 1807
f 1853 1852 1854
f 1855 1808 1853
f 1855 1853 1854
f 1855 1809 1808
f 1855 1854 1856
f 1857 1809 1855
f 1857 1855 1856
f 1810 1809 1857
f 1858 1857 1856
f 1858 1810 1857
f 1859 1858 1856
f 1811 1810 1858
f 1860 1858 1859
f 1860 1811 1858
f 1861 1860 1859
f 1861 1859 1862
f 1811 1860 1863
f 1860 1861 1863
f 1811 1863 1804
f 1864 1861 1862
f 1864 1862 1865
f 1804 1863 1866
f 1804 1866 1768
f 1863 1861 1867
f 1861 1864 1867
f 1863 1867 1866
f 1868 1864 1865
f 1868 1865 1869
f 1768 1866 1870
f 1768 1870 1765
f 1866 1867 1871
f 1866 1871 1870
f 1867 1864 1872
f 1864 1868 1872
f 1867 1872 1871
f 1873 1868 1869
f 1873 1869 1874
f 1873 1874 1875
f 1765 1870 1876
f 1765 1876 1764
f 1872 1868 1877
f 1868 1873 1877
f 1870 1871 1878
f 1870 1878 1876
f 1871 1872 1879
f 1872 1877 1879
f 1871 1879 1878
f 1880 1873 1875
f 1880 1875 1881
f 1764 1876 1882
f 1764 1882 1761
f 1877 1873 1883
f 1873 1880 1883
f 1879 1877 1884
f 1877 1883 1884
f 1876 1878 1885
f 1876 1885 1882
f 1878 1879 1886
f 1879 1884 1886
f 1878 1886 1885
f 1887 1880 1881
f 1887 1881 1888
f 1889 1887 1888
f 1761 1882 1890
f 1761 1890 1762
f 1880 1891 1883
f 1887 1891 1880
f 1883 1892 1884
f 1891 1892 1883
f 1884 1893 1886
f 1892 1893 1884
f 1882 1885 1894
f 1890 1882 1894
f 1890 1895 1762
f 1890 1894 1895
f 1896 1762 1895
f 1886 1897 1885
f 1897 1894 1885
f 1893 1897 1886
f 1896 1895 1898
f 1899 1896 1898
f 1894 1900 1895
f 1894 1897 1900
f 1895 1900 1898
f 1897 1893 1901
f 1897 1901 1900
f 1893 1892 1902
f 1893 1902 1901
f 1899 1898 1903
f 1904 1899 1903
f 1905 1904 1903
f 1900 1906 1898
f 1900 1901 1906
f 1898 1906 1903
f 1905 1903 1907
f 1908 1905 1907
f 1909 1908 1907
f 1901 1910 1906
f 1901 1902 1910
f 1906 1911 1903
f 1903 1911 1907
f 1906 1910 1911
f 1892 1912 1902
f 1892 1891 1912
f 1909 1907 1913
f 1914 1909 1913
f 1902 1915 1910
f 1902 1912 1915
f 1910 1916 1911
f 1910 1915 1916
f 1911 1917 1907
f 1907 1917 1913
f 1911 1916 1917
f 1891 1918 1912
f 1891 1887 1918
f 1914 1913 1919
f 1920 1914 1919
f 1921 1920 1919
f 1912 1922 1915
f 1912 1918 1922
f 1915 1923 1916
f 1915 1922 1923
f 1916 1924 1917
f 1916 1923 1924
f 1917 1925 1913
f 1913 1925 1919
f 1917 1924 1925
f 1887 1926 1918
f 1887 1889 1926
f 1889 1927 1926
f 1927 1928 1926
f 1918 1929 1922
f 1918 1926 1929
f 1928 1930 1926
f 1926 1930 1929
f 1928 1931 1930
f 1922 1932 1923
f 1922 1929 1932
f 1923 1933 1924
f 1923 1932 1933
f 1924 1934 1925
f 1924 1933 1934
f 1931 1935 1930
f 1931 1936 1935
f 1936 1937 1935
f 1929 1930 1938
f 1929 1938 1932
f 1930 1935 1938
f 1937 1939 1935
f 1938 1935 1939
f 1937 1940 1939
f 1932 1938 1941
f 1932 1941 1933
f 1938 1939 1941
f 1940 1942 1939
f 1941 1939 1942
f 1940 1943 1942
f 1933 1941 1944
f 1941 1942 1944
f 1933 1944 1934
f 1943 1945 1942
f 1944 1942 1945
f 1943 1946 1945
f 1934 1944 1947
f 1944 1945 1947
f 1946 1948 1945
f 1947 1945 1948
f 1946 1949 1948
f 1934 1947 1950
f 1925 1934 1950
f 1925 1950 1919
f 1949 1951 1948
f 1949 1952 1951
f 1947 1948 1953
f 1950 1947 1953
f 1953 1948 1951
f 1919 1950 1954
f 1950 1953 1954
f 1921 1919 1954
f 1955 1921 1954
f 1956 1955 1954
f 1954 1953 1957
f 1956 1954 1957
f 1953 1951 1957
f 1958 1956 1957
f 1952 1959 1951
f 1959 1957 1951
f 1958 1957 1959
f 1952 1960 1959
f 1961 1958 1959
f 1960 1962 1959
f 1962 1961 1959
f 1839 1963 1841
f 1963 1964 1841
f 1963 1839 1965
f 1822 1965 1839
f 1792 1965 1822
f 1963 1966 1964
f 1966 1967 1964
f 1966 1968 1967
f 1792 1969 1965
f 1785 1969 1792
f 1970 1963 1965
f 1966 1963 1970
f 1970 1965 1969
f 1966 1971 1968
f 1971 1972 1968
f 1785 1973 1969
f 1709 1973 1785
f 1974 1966 1970
f 1971 1966 1974
f 1975 1970 1969
f 1975 1969 1973
f 1974 1970 1975
f 1971 1976 1972
f 1976 1977 1972
f 1709 1978 1973
f 1698 1978 1709
f 1979 1971 1974
f 1976 1971 1979
f 1980 1974 1975
f 1979 1974 1980
f 1981 1975 1973
f 1981 1973 1978
f 1980 1975 1981
f 1976 1982 1977
f 1982 1983 1977
f 1698 1984 1978
f 1693 1984 1698
f 1985 1976 1979
f 1982 1976 1985
f 1986 1979 1980
f 1985 1979 1986
f 1987 1980 1981
f 1986 1980 1987
f 1988 1981 1978
f 1988 1978 1984
f 1987 1981 1988
f 1989 1984 1693
f 1989 1693 1694
f 1990 1988 1984
f 1990 1984 1989
f 1991 1989 1694
f 1991 1990 1989
f 1992 1991 1694
f 1993 1987 1988
f 1993 1988 1990
f 1994 1986 1987
f 1994 1987 1993
f 1995 1991 1992
f 1996 1995 1992
f 1997 1990 1991
f 1997 1993 1990
f 1995 1997 1991
f 1998 1995 1996
f 1999 1998 1996
f 2000 1993 1997
f 2000 1994 1993
f 2001 1997 1995
f 1998 2001 1995
f 2001 2000 1997
f 2002 1986 1994
f 2002 1985 1986
f 2003 1998 1999
f 2004 2003 1999
f 2005 2001 1998
f 2003 2005 1998
f 2006 2000 2001
f 2005 2006 2001
f 2007 1994 2000
f 2007 2002 1994
f 2006 2007 2000
f 2008 1985 2002
f 2008 1982 1985
f 2009 2003 2004
f 2010 2009 2004
f 2011 2005 2003
f 2009 2011 2003
f 2012 2006 2005
f 2011 2012 2005
f 2013 2007 2006
f 2012 2013 2006
f 2014 2002 2007
f 2014 2008 2002
f 2013 2014 2007
f 2015 1982 2008
f 1982 2015 1983
f 2016 2009 2010
f 2017 2016 2010
f 2018 2011 2009
f 2016 2018 2009
f 2019 2012 2011
f 2018 2019 2011
f 2020 2013 2012
f 2019 2020 2012
f 2021 2014 2013
f 2020 2021 2013
f 2022 2008 2014
f 2022 2015 2008
f 2021 2022 2014
f 2015 2023 1983
f 2015 2022 2023
f 1983 2023 2024
f 2022 2021 2025
f 2022 2025 2023
f 2021 2020 2026
f 2021 2026 2025
f 2020 2019 2027
f 2020 2027 2026
f 2023 2028 2024
f 2023 2025 2028
f 2025 2026 2029
f 2025 2029 2028
f 2028 2030 2024
f 2030 2028 2029
f 2030 2031 2024
f 2026 2032 2029
f 2026 2027 2032
f 2019 2033 2027
f 2019 2018 2033
f 2030 2034 2031
f 2034 2035 2031
f 2030 2029 2036
f 2029 2032 2036
f 2034 2030 2036
f 2027 2037 2032
f 2027 2033 2037
f 2018 2038 2033
f 2018 2016 2038
f 2034 2039 2035
f 2039 2040 2035
f 2032 2041 2036
f 2032 2037 2041
f 2036 2042 2034
f 2042 2039 2034
f 2036 2041 2042
f 2033 2043 2037
f 2033 2038 2043
f 2016 2044 2038
f 2016 2017 2044
f 2017 2045 2044
f 2045 2046 2044
f 2037 2047 2041
f 2037 2043 2047
f 2041 2048 2042
f 2041 2047 2048
f 2042 2049 2039
f 2048 2049 2042
f 2038 2050 2043
f 2038 2044 2050
f 2046 2051 2044
f 2044 2051 2050
f 2046 2052 2051
f 2043 2053 2047
f 2043 2050 2053
f 2047 2054 2048
f 2047 2053 2054
f 2052 2055 2051
f 2052 2056 2055
f 2050 2051 2057
f 2050 2057 2053
f 2051 2055 2057
f 2056 2058 2055
f 2056 2059 2058
f 2053 2057 2060
f 2053 2060 2054
f 2057 2055 2061
f 2055 2058 2061
f 2057 2061 2060
f 2048 2054 2062
f 2048 2062 2049
f 2059 2063 2058
f 2059 2064 2063
f 2061 2058 2065
f 2058 2063 2065
f 2054 2060 2066
f 2054 2066 2062
f 2060 2061 2067
f 2061 2065 2067
f 2060 2067 2066
f 2064 2068 2063
f 2064 2069 2068
f 2065 2063 2070
f 2070 2063 2068
f 2067 2065 2071
f 2065 2070 2071
f 2066 2067 2072
f 2067 2071 2072
f 2066 2073 2062
f 2066 2072 2073
f 2069 2074 2068
f 2069 2075 2074
f 2075 2076 2074
f 2070 2068 2077
f 2068 2074 2077
f 2076 2078 2074
f 2074 2078 2077
f 2076 2079 2078
f 2080 2071 2070
f 2080 2070 2077
f 2071 2081 2072
f 2081 2071 2080
f 2079 2082 2078
f 2079 2083 2082
f 2077 2078 2084
f 2080 2077 2084
f 2078 2082 2084
f 2083 2085 2082
f 2083 2086 2085
f 2087 2080 2084
f 2087 2081 2080
f 2084 2082 2088
f 2082 2085 2088
f 2087 2084 2088
f 2072 2081 2089
f 2072 2089 2073
f 2086 2090 2085
f 2086 2091 2090
f 2081 2087 2092
f 2081 2092 2089
f 2093 2087 2088
f 2087 2093 2092
f 2088 2085 2094
f 2085 2090 2094
f 2093 2088 2094
f 2091 2095 2090
f 2091 2096 2095
f 2094 2090 2097
f 2090 2095 2097
f 2098 2093 2094
f 2098 2094 2097
f 2092 2093 2099
f 2093 2098 2099
f 2089 2092 2100
f 2092 2099 2100
f 2096 2101 2095
f 2096 2102 2101
f 2102 2103 2101
f 2103 2104 2101
f 2095 2101 2105
f 2097 2095 2105
f 2104 2105 2101
f 2106 2097 2105
f 2104 2106 2105
f 2106 2098 2097
f 2106 2104 2107
f 2098 2106 2108
f 2108 2106 2107
f 2099 2098 2108
f 2108 2107 2109
f 2099 2108 2110
f 2110 2108 2109
f 2100 2099 2110
f 2110 2109 2111
f 2112 2110 2111
f 2100 2110 2112
f 2112 2111 2113
f 2114 2100 2112
f 2089 2100 2114
f 2073 2089 2114
f 2115 2112 2113
f 2114 2112 2115
f 2115 2113 2116
f 2115 2116 2117
f 2073 2114 2118
f 2118 2114 2115
f 2062 2073 2118
f 2062 2118 2049
f 2119 2115 2117
f 2118 2115 2119
f 2049 2118 2119
f 2119 2117 2040
f 2049 2119 2039
f 2039 2119 2040
f 2120 2121 2122
f 2121 2120 2123
f 2120 2122 2124
f 2120 2125 2123
f 2126 2120 2124
f 2120 2126 2125
f 2126 2124 2127
f 2126 2128 2125
f 2129 2126 2127
f 2126 2129 2128
f 2129 2127 2130
f 2129 2131 2128
f 2132 2129 2130
f 2129 2132 2131
f 2132 2130 2133
f 2132 2134 2131
f 2135 2132 2133
f 2132 2135 2134
f 2135 2133 2136
f 2135 2137 2134
f 2138 2135 2136
f 2135 2138 2137
f 2138 2136 2139
f 2138 2140 2137
f 2141 2138 2139
f 2138 2141 2140
f 2141 2139 2142
f 2141 2143 2140
f 2144 2141 2142
f 2141 2144 2143
f 2145 2146 2147
f 2148 2145 2147
f 2145 2149 2146
f 2149 2145 2148
f 2150 2151 2152
f 2153 2150 2152
f 2150 2154 2151
f 2154 2150 2153
f 2155 2156 2157
f 2158 2155 2157
f 2155 2159 2156
f 2159 2155 2158
f 2160 2161 2162
f 2161 2160 2163
f 2160 2162 2164
f 2160 2165 2163
f 2166 2160 2164
f 2160 2166 2165
f 2166 2164 2167
f 2166 2168 2165
f 2169 2166 2167
f 2166 2169 2168
f 2169 2167 2170
f 2169 2171 2168
f 2172 2169 2170
f 2169 2172 2171
f 2172 2170 2173
f 2172 2174 2171
f 2175 2172 2173
f 2172 2175 2174
f 2175 2173 2176
f 2175 2177 2174
f 2178 2175 2176
f 2175 2178 2177
f 2178 2176 2179
f 2178 2180 2177
f 2181 2178 2179
f 2178 2181 2180
f 2181 2179 2182
f 2181 2183 2180
f 2184 2181 2182
f 2181 2184 2183
f 2184 2182 2185
f 2184 2186 2183
f 2187 2184 2185
f 2184 2187 2186
f 2187 2185 2188
f 2187 2189 2186
f 2190 2187 2188
f 2187 2190 2189
f 2190 2188 2191
f 2190 2192 2189
f 2193 2190 2191
f 2190 2193 2192
f 2193 2191 2194
f 2193 2195 2192
f 2196 2193 2194
f 2193 2196 2195
f 2196 2194 2197
f 2196 2198 2195
f 2199 2196 2197
f 2196 2199 2198
f 2199 2197 2200
f 2199 2201 2198
f 2202 2199 2200
f 2199 2202 2201
f 2202 2200 2203
f 2202 2204 2201
f 2205 2202 2203
f 2202 2205 2204
f 2205 2203 2206
f 2205 2207 2204
f 2208 2205 2206
f 2205 2208 2207
f 2209 2210 2211
f 2210 2209 2212
f 2210 2213 2211
f 2210 2212 2214
f 2210 2215 2213
f 2215 2210 2214
f 2216 2217 2218
f 2219 2216 2218
f 2216 2220 2217
f 2220 2216 2219
f 2221 2222 2223
f 2224 2222 2221
f 2222 2225 2223
f 2222 2224 2225
