# ROS coordinates: X forward, Y left, Z up; units are metres.
o mesh
v 0.159099028 -0.04811194 0.013
v 0.159490258 -0.04807605 0.013
v 0.159099028 -0.0476119444 0.0125000011
v 0.159495249 -0.04782017 0.0127500007
v 0.159399271 -0.0475844 0.0125000011
v 0.159890443 -0.04796099 0.013
v 0.1597064 -0.04749609 0.0125000011
v 0.159898028 -0.0476857834 0.0127500007
v 0.160275549 -0.047761485 0.013
v 0.160001934 -0.0473429859 0.0125000011
v 0.160274729 -0.0474545173 0.0127500007
v 0.1606193 -0.04748222 0.013
v 0.160265744 -0.04712867 0.0125000011
v 0.1605916 -0.0471376255 0.0127500007
v 0.160898581 -0.0471384451 0.013
v 0.160480067 -0.04686484 0.0125000011
v 0.160822868 -0.04676093 0.0127500007
v 0.1610981 -0.0467533469 0.013
v 0.160633191 -0.0465692952 0.0125000011
v 0.160957277 -0.04635816 0.0127500007
v 0.16121313 -0.04635317 0.013
v 0.16099903 -0.0459619462 0.0127500007
v 0.160721481 -0.0462621823 0.0125000011
v 0.161249042 -0.0459619462 0.013
v 0.160749048 -0.0459619462 0.0125000011
v 0.16121313 -0.0455707237 0.013
v 0.160721481 -0.0456617028 0.0125000011
v 0.160957277 -0.0455657244 0.0127500007
v 0.1610981 -0.0451705381 0.013
v 0.160719022 -0.0449691638 0.0127500007
v 0.160633191 -0.04535459 0.0125000011
v 0.160898581 -0.04478544 0.013
v 0.160480067 -0.0450590476 0.0125000011
v 0.1606193 -0.0444416665 0.013
v 0.160265744 -0.0447952151 0.0125000011
v 0.160274729 -0.04446937 0.0127500007
v 0.160275549 -0.0441624038 0.013
v 0.159697741 -0.0441587344 0.0127500007
v 0.160001934 -0.0445809 0.0125000011
v 0.159890443 -0.0439629 0.013
v 0.1597064 -0.0444277935 0.0125000011
v 0.159490258 -0.0438478366 0.013
v 0.159399271 -0.0443394855 0.0125000011
v 0.159099028 -0.0438119434 0.013
v 0.159099028 -0.0443119481 0.0125000011
v 0.108492434 -0.0944185555 0.013
v 0.108492434 -0.09491855 0.0125000011
v 0.10879267 -0.0949460939 0.0125000011
v 0.109091118 -0.0947653353 0.0127500007
v 0.108883649 -0.09445444 0.013
v 0.109099783 -0.09503439 0.0125000011
v 0.109283835 -0.0945695043 0.013
v 0.109395325 -0.09518751 0.0125000011
v 0.109668925 -0.094769 0.013
v 0.109668106 -0.09507597 0.0127500007
v 0.10965915 -0.0954018161 0.0125000011
v 0.110112429 -0.0955757648 0.0127500007
v 0.11001271 -0.09504826 0.013
v 0.109873474 -0.09566565 0.0125000011
v 0.110291973 -0.09539205 0.013
v 0.110026591 -0.0959612 0.0125000011
v 0.11049147 -0.09577715 0.013
v 0.110350661 -0.0961723253 0.0127500007
v 0.110114887 -0.09626831 0.0125000011
v 0.110392429 -0.09656855 0.0127500007
v 0.110606536 -0.0961773247 0.013
v 0.110142425 -0.09656855 0.0125000011
v 0.110642426 -0.09656855 0.013
v 0.110114887 -0.09686879 0.0125000011
v 0.110606536 -0.09695977 0.013
v 0.110350661 -0.09696476 0.0127500007
v 0.110026591 -0.09717591 0.0125000011
v 0.11049147 -0.09735995 0.013
v 0.110216275 -0.09736754 0.0127500007
v 0.109873474 -0.09747144 0.0125000011
v 0.110291973 -0.09774505 0.013
v 0.109985009 -0.0977442339 0.0127500007
v 0.10965915 -0.09773527 0.0125000011
v 0.11001271 -0.09808882 0.013
v 0.109668106 -0.0980611145 0.0127500007
v 0.109395325 -0.09794959 0.0125000011
v 0.109668925 -0.0983680859 0.013
v 0.109291412 -0.09829238 0.0127500007
v 0.109099783 -0.0981026962 0.0125000011
v 0.109283835 -0.0985676 0.013
v 0.108888656 -0.09842678 0.0127500007
v 0.10879267 -0.09819099 0.0125000011
v 0.108883649 -0.09868266 0.013
v 0.108492434 -0.09821855 0.0125000011
v 0.108492434 -0.09871855 0.013
v 0.108192191 -0.09819099 0.0125000011
v 0.107893728 -0.09837176 0.0127500007
v 0.10788507 -0.0981026962 0.0125000011
v 0.108101211 -0.09868266 0.013
v 0.107701033 -0.0985676 0.013
v 0.107589528 -0.09794959 0.0125000011
v 0.107315928 -0.0983680859 0.013
v 0.107316747 -0.0980611145 0.0127500007
v 0.1073257 -0.09773527 0.0125000011
v 0.106872432 -0.09756133 0.0127500007
v 0.106972151 -0.09808882 0.013
v 0.10711138 -0.09747144 0.0125000011
v 0.106692895 -0.09774505 0.013
v 0.106958285 -0.09717591 0.0125000011
v 0.106493384 -0.09735995 0.013
v 0.1066342 -0.09696476 0.0127500007
v 0.106869981 -0.09686879 0.0125000011
v 0.106592432 -0.09656855 0.0127500007
v 0.106378317 -0.09695977 0.013
v 0.106842428 -0.09656855 0.0125000011
v 0.106342427 -0.09656855 0.013
v 0.106869981 -0.09626831 0.0125000011
v 0.106378317 -0.0961773247 0.013
v 0.1066342 -0.0961723253 0.0127500007
v 0.106958285 -0.0959612 0.0125000011
v 0.106493384 -0.09577715 0.013
v 0.106768593 -0.0957695544 0.0127500007
v 0.10711138 -0.09566565 0.0125000011
v 0.106692895 -0.09539205 0.013
v 0.106999859 -0.09539285 0.0127500007
v 0.1073257 -0.0954018161 0.0125000011
v 0.106972151 -0.09504826 0.013
v 0.107316747 -0.09507597 0.0127500007
v 0.107589528 -0.09518751 0.0125000011
v 0.107315928 -0.094769 0.013
v 0.107693441 -0.09484471 0.0127500007
v 0.10788507 -0.09503439 0.0125000011
v 0.107701033 -0.0945695043 0.013
v 0.10809622 -0.09471032 0.0127500007
v 0.108192191 -0.0949460939 0.0125000011
v 0.108101211 -0.09445444 0.013
v 0.108492434 -0.09491855 0.0125000011
v 0.108492434 -0.0944185555 0.013
v 0.12849243 -0.0521500036 0.013
v 0.12888366 -0.0521141067 0.013
v 0.12849243 -0.05165 0.0125000011
v 0.128888652 -0.0518582352 0.0127500007
v 0.128792673 -0.0516224578 0.0125000011
v 0.129283831 -0.0519990474 0.013
v 0.129099786 -0.0515341535 0.0125000011
v 0.129291415 -0.0517238379 0.0127500007
v 0.129668921 -0.0517995432 0.013
v 0.129395336 -0.0513810478 0.0125000011
v 0.1296681 -0.05149257 0.0127500007
v 0.1300127 -0.0515202843 0.013
v 0.129659161 -0.05116673 0.0125000011
v 0.129985 -0.0511756875 0.0127500007
v 0.130291969 -0.0511765033 0.013
v 0.129873469 -0.0509028956 0.0125000011
v 0.130216271 -0.05079899 0.0127500007
v 0.130491465 -0.0507914051 0.013
v 0.130026579 -0.05060736 0.0125000011
v 0.130350664 -0.05039622 0.0127500007
v 0.130606532 -0.0503912233 0.013
v 0.130392432 -0.0500000045 0.0127500007
v 0.130114883 -0.0503002442 0.0125000011
v 0.130642429 -0.0500000045 0.013
v 0.130142435 -0.0500000045 0.0125000011
v 0.130606532 -0.0496087819 0.013
v 0.130114883 -0.0496997647 0.0125000011
v 0.130350664 -0.0496037863 0.0127500007
v 0.130491465 -0.0492085963 0.013
v 0.130112424 -0.04900722 0.0127500007
v 0.130026579 -0.049392648 0.0125000011
v 0.130291969 -0.0488235019 0.013
v 0.129873469 -0.0490971059 0.0125000011
v 0.1300127 -0.04847972 0.013
v 0.129659161 -0.0488332734 0.0125000011
v 0.1296681 -0.04850743 0.0127500007
v 0.129668921 -0.04820046 0.013
v 0.129091129 -0.0481967963 0.0127500007
v 0.129395336 -0.0486189574 0.0125000011
v 0.129283831 -0.0480009578 0.013
v 0.129099786 -0.048465848 0.0125000011
v 0.12888366 -0.0478858948 0.013
v 0.128792673 -0.04837755 0.0125000011
v 0.12849243 -0.0478499979 0.013
v 0.12849243 -0.0483500026 0.0125000011
v 0.13849242 0.06441855 0.013
v 0.13888365 0.06445444 0.013
v 0.13849242 0.06491854 0.0125000011
v 0.138888642 0.06471031 0.0127500007
v 0.138792679 0.06494609 0.0125000011
v 0.139283836 0.0645695 0.013
v 0.139099792 0.06503439 0.0125000011
v 0.139291421 0.0648447052 0.0127500007
v 0.139668927 0.06476901 0.013
v 0.139395326 0.06518751 0.0125000011
v 0.1396681 0.06507597 0.0127500007
v 0.140012711 0.06504826 0.013
v 0.139659151 0.06540182 0.0125000011
v 0.139985 0.06539287 0.0127500007
v 0.140291974 0.06539205 0.013
v 0.139873475 0.06566565 0.0125000011
v 0.140216261 0.06576956 0.0127500007
v 0.140491471 0.0657771453 0.013
v 0.140026584 0.06596119 0.0125000011
v 0.14035067 0.06617233 0.0127500007
v 0.140606537 0.06617732 0.013
v 0.140392438 0.066568546 0.0127500007
v 0.140114889 0.06626831 0.0125000011
v 0.140642434 0.066568546 0.013
v 0.140142426 0.066568546 0.0125000011
v 0.140606537 0.06695977 0.013
v 0.140114889 0.06686878 0.0125000011
v 0.14035067 0.06696476 0.0127500007
v 0.140491471 0.06735995 0.013
v 0.14011243 0.06756133 0.0127500007
v 0.140026584 0.0671759 0.0125000011
v 0.140291974 0.0677450448 0.013
v 0.139873475 0.0674714446 0.0125000011
v 0.140012711 0.06808883 0.013
v 0.139659151 0.06773527 0.0125000011
v 0.1396681 0.06806111 0.0127500007
v 0.139668927 0.0683680847 0.013
v 0.139091134 0.06837176 0.0127500007
v 0.139395326 0.0679495856 0.0125000011
v 0.139283836 0.06856759 0.013
v 0.139099792 0.068102695 0.0125000011
v 0.13888365 0.06868265 0.013
v 0.138792679 0.068191 0.0125000011
v 0.13849242 0.0687185451 0.013
v 0.13849242 0.0682185441 0.0125000011
v 0.108492434 0.09871855 0.013
v 0.108492434 0.09821855 0.0125000011
v 0.10879267 0.09819099 0.0125000011
v 0.109091118 0.09837176 0.0127500007
v 0.108883649 0.09868266 0.013
v 0.109099783 0.0981026962 0.0125000011
v 0.109283835 0.0985676 0.013
v 0.109395325 0.09794959 0.0125000011
v 0.109668925 0.0983680859 0.013
v 0.109668106 0.0980611145 0.0127500007
v 0.10965915 0.09773527 0.0125000011
v 0.110112429 0.09756133 0.0127500007
v 0.11001271 0.09808882 0.013
v 0.109873474 0.09747144 0.0125000011
v 0.110291973 0.09774505 0.013
v 0.110026591 0.09717591 0.0125000011
v 0.11049147 0.09735995 0.013
v 0.110350661 0.09696476 0.0127500007
v 0.110114887 0.09686879 0.0125000011
v 0.110392429 0.09656855 0.0127500007
v 0.110606536 0.09695977 0.013
v 0.110142425 0.09656855 0.0125000011
v 0.110642426 0.09656855 0.013
v 0.110114887 0.09626831 0.0125000011
v 0.110606536 0.0961773247 0.013
v 0.110350661 0.0961723253 0.0127500007
v 0.110026591 0.0959612 0.0125000011
v 0.11049147 0.09577715 0.013
v 0.110216275 0.0957695544 0.0127500007
v 0.109873474 0.09566565 0.0125000011
v 0.110291973 0.09539205 0.013
v 0.109985009 0.09539285 0.0127500007
v 0.10965915 0.0954018161 0.0125000011
v 0.11001271 0.09504826 0.013
v 0.109668106 0.09507597 0.0127500007
v 0.109395325 0.09518751 0.0125000011
v 0.109668925 0.094769 0.013
v 0.109291412 0.09484471 0.0127500007
v 0.109099783 0.09503439 0.0125000011
v 0.109283835 0.0945695043 0.013
v 0.108888656 0.09471032 0.0127500007
v 0.10879267 0.0949460939 0.0125000011
v 0.108883649 0.09445444 0.013
v 0.108492434 0.09491855 0.0125000011
v 0.108492434 0.0944185555 0.013
v 0.108192191 0.0949460939 0.0125000011
v 0.107893728 0.0947653353 0.0127500007
v 0.10788507 0.09503439 0.0125000011
v 0.108101211 0.09445444 0.013
v 0.107701033 0.0945695043 0.013
v 0.107589528 0.09518751 0.0125000011
v 0.107315928 0.094769 0.013
v 0.107316747 0.09507597 0.0127500007
v 0.1073257 0.0954018161 0.0125000011
v 0.106872432 0.0955757648 0.0127500007
v 0.106972151 0.09504826 0.013
v 0.10711138 0.09566565 0.0125000011
v 0.106692895 0.09539205 0.013
v 0.106958285 0.0959612 0.0125000011
v 0.106493384 0.09577715 0.013
v 0.1066342 0.0961723253 0.0127500007
v 0.106869981 0.09626831 0.0125000011
v 0.106592432 0.09656855 0.0127500007
v 0.106378317 0.0961773247 0.013
v 0.106842428 0.09656855 0.0125000011
v 0.106342427 0.09656855 0.013
v 0.106869981 0.09686879 0.0125000011
v 0.106378317 0.09695977 0.013
v 0.1066342 0.09696476 0.0127500007
v 0.106958285 0.09717591 0.0125000011
v 0.106493384 0.09735995 0.013
v 0.106768593 0.09736754 0.0127500007
v 0.10711138 0.09747144 0.0125000011
v 0.106692895 0.09774505 0.013
v 0.106999859 0.0977442339 0.0127500007
v 0.1073257 0.09773527 0.0125000011
v 0.106972151 0.09808882 0.013
v 0.107316747 0.0980611145 0.0127500007
v 0.107589528 0.09794959 0.0125000011
v 0.107315928 0.0983680859 0.013
v 0.107693441 0.09829238 0.0127500007
v 0.10788507 0.0981026962 0.0125000011
v 0.107701033 0.0985676 0.013
v 0.10809622 0.09842678 0.0127500007
v 0.108192191 0.09819099 0.0125000011
v 0.108101211 0.09868266 0.013
v 0.108492434 0.09821855 0.0125000011
v 0.108492434 0.09871855 0.013
v 0.12849243 0.0521500036 0.013
v 0.12849243 0.05165 0.0125000011
v 0.128792673 0.0516224578 0.0125000011
v 0.129091129 0.0518032126 0.0127500007
v 0.12888366 0.0521141067 0.013
v 0.129099786 0.0515341535 0.0125000011
v 0.129283831 0.0519990474 0.013
v 0.129395336 0.0513810478 0.0125000011
v 0.129668921 0.0517995432 0.013
v 0.1296681 0.05149257 0.0127500007
v 0.129659161 0.05116673 0.0125000011
v 0.130112424 0.0509927869 0.0127500007
v 0.1300127 0.0515202843 0.013
v 0.129873469 0.0509028956 0.0125000011
v 0.130291969 0.0511765033 0.013
v 0.130026579 0.05060736 0.0125000011
v 0.130491465 0.0507914051 0.013
v 0.130350664 0.05039622 0.0127500007
v 0.130114883 0.0503002442 0.0125000011
v 0.130392432 0.0500000045 0.0127500007
v 0.130606532 0.0503912233 0.013
v 0.130142435 0.0500000045 0.0125000011
v 0.130642429 0.0500000045 0.013
v 0.130114883 0.0496997647 0.0125000011
v 0.130606532 0.0496087819 0.013
v 0.130350664 0.0496037863 0.0127500007
v 0.130026579 0.049392648 0.0125000011
v 0.130491465 0.0492085963 0.013
v 0.130216271 0.04920101 0.0127500007
v 0.129873469 0.0490971059 0.0125000011
v 0.130291969 0.0488235019 0.013
v 0.129985 0.0488243178 0.0127500007
v 0.129659161 0.0488332734 0.0125000011
v 0.1300127 0.04847972 0.013
v 0.1296681 0.04850743 0.0127500007
v 0.129395336 0.0486189574 0.0125000011
v 0.129668921 0.04820046 0.013
v 0.129291415 0.0482761636 0.0127500007
v 0.129099786 0.048465848 0.0125000011
v 0.129283831 0.0480009578 0.013
v 0.128888652 0.0481417738 0.0127500007
v 0.128792673 0.04837755 0.0125000011
v 0.12888366 0.0478858948 0.013
v 0.12849243 0.0483500026 0.0125000011
v 0.12849243 0.0478499979 0.013
v 0.128192186 0.04837755 0.0125000011
v 0.127893731 0.0481967963 0.0127500007
v 0.127885073 0.048465848 0.0125000011
v 0.128101215 0.0478858948 0.013
v 0.127701029 0.0480009578 0.013
v 0.127589539 0.0486189574 0.0125000011
v 0.127315938 0.04820046 0.013
v 0.127316743 0.04850743 0.0127500007
v 0.1273257 0.0488332734 0.0125000011
v 0.126872435 0.04900722 0.0127500007
v 0.126972154 0.04847972 0.013
v 0.12711139 0.0490971059 0.0125000011
v 0.126692891 0.0488235019 0.013
v 0.126958281 0.049392648 0.0125000011
v 0.1264934 0.0492085963 0.013
v 0.12663421 0.0496037863 0.0127500007
v 0.126869977 0.0496997647 0.0125000011
v 0.126592427 0.0500000045 0.0127500007
v 0.126378328 0.0496087819 0.013
v 0.126842424 0.0500000045 0.0125000011
v 0.126342431 0.0500000045 0.013
v 0.126869977 0.0503002442 0.0125000011
v 0.126378328 0.0503912233 0.013
v 0.12663421 0.05039622 0.0127500007
v 0.126958281 0.05060736 0.0125000011
v 0.1264934 0.0507914051 0.013
v 0.126768589 0.05079899 0.0127500007
v 0.12711139 0.0509028956 0.0125000011
v 0.126692891 0.0511765033 0.013
v 0.126999855 0.0511756875 0.0127500007
v 0.1273257 0.05116673 0.0125000011
v 0.126972154 0.0515202843 0.013
v 0.127316743 0.05149257 0.0127500007
v 0.127589539 0.0513810478 0.0125000011
v 0.127315938 0.0517995432 0.013
v 0.127693444 0.0517238379 0.0127500007
v 0.127885073 0.0515341535 0.0125000011
v 0.127701029 0.0519990474 0.013
v 0.128096208 0.0518582352 0.0127500007
v 0.128192186 0.0516224578 0.0125000011
v 0.128101215 0.0521141067 0.013
v 0.12849243 0.05165 0.0125000011
v 0.12849243 0.0521500036 0.013
v 0.13849242 -0.0687185451 0.013
v 0.13888365 -0.06868265 0.013
v 0.13849242 -0.0682185441 0.0125000011
v 0.138888642 -0.06842677 0.0127500007
v 0.138792679 -0.068191 0.0125000011
v 0.139283836 -0.06856759 0.013
v 0.139099792 -0.068102695 0.0125000011
v 0.139291421 -0.06829238 0.0127500007
v 0.139668927 -0.0683680847 0.013
v 0.139395326 -0.0679495856 0.0125000011
v 0.1396681 -0.06806111 0.0127500007
v 0.140012711 -0.06808883 0.013
v 0.139659151 -0.06773527 0.0125000011
v 0.139985 -0.06774423 0.0127500007
v 0.140291974 -0.0677450448 0.013
v 0.139873475 -0.0674714446 0.0125000011
v 0.140216261 -0.06736754 0.0127500007
v 0.140491471 -0.06735995 0.013
v 0.140026584 -0.0671759 0.0125000011
v 0.14035067 -0.06696476 0.0127500007
v 0.140606537 -0.06695977 0.013
v 0.140392438 -0.066568546 0.0127500007
v 0.140114889 -0.06686878 0.0125000011
v 0.140642434 -0.066568546 0.013
v 0.140142426 -0.066568546 0.0125000011
v 0.140606537 -0.06617732 0.013
v 0.140114889 -0.06626831 0.0125000011
v 0.14035067 -0.06617233 0.0127500007
v 0.140491471 -0.0657771453 0.013
v 0.14011243 -0.06557576 0.0127500007
v 0.140026584 -0.06596119 0.0125000011
v 0.140291974 -0.06539205 0.013
v 0.139873475 -0.06566565 0.0125000011
v 0.140012711 -0.06504826 0.013
v 0.139659151 -0.06540182 0.0125000011
v 0.1396681 -0.06507597 0.0127500007
v 0.139668927 -0.06476901 0.013
v 0.139091134 -0.0647653341 0.0127500007
v 0.139395326 -0.06518751 0.0125000011
v 0.139283836 -0.0645695 0.013
v 0.139099792 -0.06503439 0.0125000011
v 0.13888365 -0.06445444 0.013
v 0.138792679 -0.06494609 0.0125000011
v 0.13849242 -0.06441855 0.013
v 0.13849242 -0.06491854 0.0125000011
v 0.12849243 -0.07871855 0.013
v 0.12888366 -0.0786826462 0.013
v 0.12849243 -0.07821854 0.0125000011
v 0.128888652 -0.07842678 0.0127500007
v 0.128792673 -0.078191 0.0125000011
v 0.129283831 -0.0785675943 0.013
v 0.129099786 -0.0781027 0.0125000011
v 0.129291415 -0.0782923847 0.0127500007
v 0.129668921 -0.07836808 0.013
v 0.129395336 -0.07794959 0.0125000011
v 0.1296681 -0.07806112 0.0127500007
v 0.1300127 -0.07808883 0.013
v 0.129659161 -0.07773527 0.0125000011
v 0.129985 -0.07774423 0.0127500007
v 0.130291969 -0.07774504 0.013
v 0.129873469 -0.07747144 0.0125000011
v 0.130216271 -0.07736753 0.0127500007
v 0.130491465 -0.07735995 0.013
v 0.130026579 -0.0771759 0.0125000011
v 0.130350664 -0.0769647658 0.0127500007
v 0.130606532 -0.07695977 0.013
v 0.130392432 -0.0765685439 0.0127500007
v 0.130114883 -0.07686879 0.0125000011
v 0.130642429 -0.0765685439 0.013
v 0.130142435 -0.0765685439 0.0125000011
v 0.130606532 -0.07617733 0.013
v 0.130114883 -0.07626831 0.0125000011
v 0.130350664 -0.07617234 0.0127500007
v 0.130491465 -0.07577714 0.013
v 0.130112424 -0.07557577 0.0127500007
v 0.130026579 -0.07596119 0.0125000011
v 0.130291969 -0.0753920451 0.013
v 0.129873469 -0.0756656453 0.0125000011
v 0.1300127 -0.07504827 0.013
v 0.129659161 -0.07540182 0.0125000011
v 0.1296681 -0.07507597 0.0127500007
v 0.129668921 -0.0747690052 0.013
v 0.129091129 -0.07476534 0.0127500007
v 0.129395336 -0.0751875043 0.0125000011
v 0.129283831 -0.0745695 0.013
v 0.129099786 -0.0750343949 0.0125000011
v 0.12888366 -0.07445444 0.013
v 0.128792673 -0.07494609 0.0125000011
v 0.12849243 -0.07441855 0.013
v 0.12849243 -0.0749185458 0.0125000011
v 0.159099028 0.0438119434 0.013
v 0.159490258 0.0438478366 0.013
v 0.159099028 0.0443119481 0.0125000011
v 0.159495249 0.0441037156 0.0127500007
v 0.159399271 0.0443394855 0.0125000011
v 0.159890443 0.0439629 0.013
v 0.1597064 0.0444277935 0.0125000011
v 0.159898028 0.0442381054 0.0127500007
v 0.160275549 0.0441624038 0.013
v 0.160001934 0.0445809 0.0125000011
v 0.160274729 0.04446937 0.0127500007
v 0.1606193 0.0444416665 0.013
v 0.160265744 0.0447952151 0.0125000011
v 0.1605916 0.04478626 0.0127500007
v 0.160898581 0.04478544 0.013
v 0.160480067 0.0450590476 0.0125000011
v 0.160822868 0.0451629572 0.0127500007
v 0.1610981 0.0451705381 0.013
v 0.160633191 0.04535459 0.0125000011
v 0.160957277 0.0455657244 0.0127500007
v 0.16121313 0.0455707237 0.013
v 0.16099903 0.0459619462 0.0127500007
v 0.160721481 0.0456617028 0.0125000011
v 0.161249042 0.0459619462 0.013
v 0.160749048 0.0459619462 0.0125000011
v 0.16121313 0.04635317 0.013
v 0.160721481 0.0462621823 0.0125000011
v 0.160957277 0.04635816 0.0127500007
v 0.1610981 0.0467533469 0.013
v 0.160719022 0.04695472 0.0127500007
v 0.160633191 0.0465692952 0.0125000011
v 0.160898581 0.0471384451 0.013
v 0.160480067 0.04686484 0.0125000011
v 0.1606193 0.04748222 0.013
v 0.160265744 0.04712867 0.0125000011
v 0.160274729 0.0474545173 0.0127500007
v 0.160275549 0.047761485 0.013
v 0.159697741 0.04776515 0.0127500007
v 0.160001934 0.0473429859 0.0125000011
v 0.159890443 0.04796099 0.013
v 0.1597064 0.04749609 0.0125000011
v 0.159490258 0.04807605 0.013
v 0.159399271 0.0475844 0.0125000011
v 0.159099028 0.04811194 0.013
v 0.159099028 0.0476119444 0.0125000011
v 0.12849243 0.07441855 0.013
v 0.12888366 0.07445444 0.013
v 0.12849243 0.0749185458 0.0125000011
v 0.128888652 0.07471032 0.0127500007
v 0.128792673 0.07494609 0.0125000011
v 0.129283831 0.0745695 0.013
v 0.129099786 0.0750343949 0.0125000011
v 0.129291415 0.0748447 0.0127500007
v 0.129668921 0.0747690052 0.013
v 0.129395336 0.0751875043 0.0125000011
v 0.1296681 0.07507597 0.0127500007
v 0.1300127 0.07504827 0.013
v 0.129659161 0.07540182 0.0125000011
v 0.129985 0.0753928646 0.0127500007
v 0.130291969 0.0753920451 0.013
v 0.129873469 0.0756656453 0.0125000011
v 0.130216271 0.07576956 0.0127500007
v 0.130491465 0.07577714 0.013
v 0.130026579 0.07596119 0.0125000011
v 0.130350664 0.07617234 0.0127500007
v 0.130606532 0.07617733 0.013
v 0.130392432 0.0765685439 0.0127500007
v 0.130114883 0.07626831 0.0125000011
v 0.130642429 0.0765685439 0.013
v 0.130142435 0.0765685439 0.0125000011
v 0.130606532 0.07695977 0.013
v 0.130114883 0.07686879 0.0125000011
v 0.130350664 0.0769647658 0.0127500007
v 0.130491465 0.07735995 0.013
v 0.130112424 0.0775613338 0.0127500007
v 0.130026579 0.0771759 0.0125000011
v 0.130291969 0.07774504 0.013
v 0.129873469 0.07747144 0.0125000011
v 0.1300127 0.07808883 0.013
v 0.129659161 0.07773527 0.0125000011
v 0.1296681 0.07806112 0.0127500007
v 0.129668921 0.07836808 0.013
v 0.129091129 0.0783717558 0.0127500007
v 0.129395336 0.07794959 0.0125000011
v 0.129283831 0.0785675943 0.013
v 0.129099786 0.0781027 0.0125000011
v 0.12888366 0.0786826462 0.013
v 0.128792673 0.078191 0.0125000011
v 0.12849243 0.07871855 0.013
v 0.12849243 0.07821854 0.0125000011
v 0.159099028 -0.04811194 0.0100000007
v 0.158707812 -0.04807605 0.0100000007
v 0.159099028 -0.0476119444 0.0105
v 0.158702821 -0.04782017 0.01025
v 0.158798814 -0.0475844 0.0105
v 0.158307627 -0.04796099 0.0100000007
v 0.158491671 -0.04749609 0.0105
v 0.158300042 -0.0476857834 0.01025
v 0.157922521 -0.047761485 0.0100000007
v 0.158196121 -0.0473429859 0.0105
v 0.157923341 -0.0474545173 0.01025
v 0.157578751 -0.04748222 0.0100000007
v 0.157932311 -0.04712867 0.0105
v 0.157606468 -0.0471376255 0.01025
v 0.157299489 -0.0471384451 0.0100000007
v 0.157717988 -0.04686484 0.0105
v 0.157375187 -0.04676093 0.01025
v 0.157099977 -0.0467533469 0.0100000007
v 0.157564878 -0.0465692952 0.0105
v 0.157240808 -0.04635816 0.01025
v 0.156984925 -0.04635317 0.0100000007
v 0.15719904 -0.0459619462 0.01025
v 0.157476574 -0.0462621823 0.0105
v 0.156949028 -0.0459619462 0.0100000007
v 0.157449037 -0.0459619462 0.0105
v 0.156984925 -0.0455707237 0.0100000007
v 0.157476574 -0.0456617028 0.0105
v 0.157240808 -0.0455657244 0.01025
v 0.157099977 -0.0451705381 0.0100000007
v 0.157479033 -0.0449691638 0.01025
v 0.157564878 -0.04535459 0.0105
v 0.157299489 -0.04478544 0.0100000007
v 0.157717988 -0.0450590476 0.0105
v 0.157578751 -0.0444416665 0.0100000007
v 0.157932311 -0.0447952151 0.0105
v 0.157923341 -0.04446937 0.01025
v 0.157922521 -0.0441624038 0.0100000007
v 0.158500344 -0.0441587344 0.01025
v 0.158196121 -0.0445809 0.0105
v 0.158307627 -0.0439629 0.0100000007
v 0.158491671 -0.0444277935 0.0105
v 0.158707812 -0.0438478366 0.0100000007
v 0.158798814 -0.0443394855 0.0105
v 0.159099028 -0.0438119434 0.0100000007
v 0.159099028 -0.0443119481 0.0105
v 0.108492434 -0.0944185555 0.0100000007
v 0.108492434 -0.09491855 0.0105
v 0.108192191 -0.0949460939 0.0105
v 0.107893728 -0.0947653353 0.01025
v 0.108101211 -0.09445444 0.0100000007
v 0.10788507 -0.09503439 0.0105
v 0.107701033 -0.0945695043 0.0100000007
v 0.107589528 -0.09518751 0.0105
v 0.107315928 -0.094769 0.0100000007
v 0.107316747 -0.09507597 0.01025
v 0.1073257 -0.0954018161 0.0105
v 0.106872432 -0.0955757648 0.01025
v 0.106972151 -0.09504826 0.0100000007
v 0.10711138 -0.09566565 0.0105
v 0.106692895 -0.09539205 0.0100000007
v 0.106958285 -0.0959612 0.0105
v 0.106493384 -0.09577715 0.0100000007
v 0.1066342 -0.0961723253 0.01025
v 0.106869981 -0.09626831 0.0105
v 0.106592432 -0.09656855 0.01025
v 0.106378317 -0.0961773247 0.0100000007
v 0.106842428 -0.09656855 0.0105
v 0.106342427 -0.09656855 0.0100000007
v 0.106869981 -0.09686879 0.0105
v 0.106378317 -0.09695977 0.0100000007
v 0.1066342 -0.09696476 0.01025
v 0.106958285 -0.09717591 0.0105
v 0.106493384 -0.09735995 0.0100000007
v 0.106768593 -0.09736754 0.01025
v 0.10711138 -0.09747144 0.0105
v 0.106692895 -0.09774505 0.0100000007
v 0.106999859 -0.0977442339 0.01025
v 0.1073257 -0.09773527 0.0105
v 0.106972151 -0.09808882 0.0100000007
v 0.107316747 -0.0980611145 0.01025
v 0.107589528 -0.09794959 0.0105
v 0.107315928 -0.0983680859 0.0100000007
v 0.107693441 -0.09829238 0.01025
v 0.10788507 -0.0981026962 0.0105
v 0.107701033 -0.0985676 0.0100000007
v 0.10809622 -0.09842678 0.01025
v 0.108192191 -0.09819099 0.0105
v 0.108101211 -0.09868266 0.0100000007
v 0.108492434 -0.09821855 0.0105
v 0.108492434 -0.09871855 0.0100000007
v 0.10879267 -0.09819099 0.0105
v 0.109091118 -0.09837176 0.01025
v 0.109099783 -0.0981026962 0.0105
v 0.108883649 -0.09868266 0.0100000007
v 0.109283835 -0.0985676 0.0100000007
v 0.109395325 -0.09794959 0.0105
v 0.109668925 -0.0983680859 0.0100000007
v 0.109668106 -0.0980611145 0.01025
v 0.10965915 -0.09773527 0.0105
v 0.110112429 -0.09756133 0.01025
v 0.11001271 -0.09808882 0.0100000007
v 0.109873474 -0.09747144 0.0105
v 0.110291973 -0.09774505 0.0100000007
v 0.110026591 -0.09717591 0.0105
v 0.11049147 -0.09735995 0.0100000007
v 0.110350661 -0.09696476 0.01025
v 0.110114887 -0.09686879 0.0105
v 0.110392429 -0.09656855 0.01025
v 0.110606536 -0.09695977 0.0100000007
v 0.110142425 -0.09656855 0.0105
v 0.110642426 -0.09656855 0.0100000007
v 0.110114887 -0.09626831 0.0105
v 0.110606536 -0.0961773247 0.0100000007
v 0.110350661 -0.0961723253 0.01025
v 0.110026591 -0.0959612 0.0105
v 0.11049147 -0.09577715 0.0100000007
v 0.110216275 -0.0957695544 0.01025
v 0.109873474 -0.09566565 0.0105
v 0.110291973 -0.09539205 0.0100000007
v 0.109985009 -0.09539285 0.01025
v 0.10965915 -0.0954018161 0.0105
v 0.11001271 -0.09504826 0.0100000007
v 0.109668106 -0.09507597 0.01025
v 0.109395325 -0.09518751 0.0105
v 0.109668925 -0.094769 0.0100000007
v 0.109291412 -0.09484471 0.01025
v 0.109099783 -0.09503439 0.0105
v 0.109283835 -0.0945695043 0.0100000007
v 0.108888656 -0.09471032 0.01025
v 0.10879267 -0.0949460939 0.0105
v 0.108883649 -0.09445444 0.0100000007
v 0.108492434 -0.09491855 0.0105
v 0.108492434 -0.0944185555 0.0100000007
v 0.12849243 -0.0521500036 0.0100000007
v 0.128101215 -0.0521141067 0.0100000007
v 0.12849243 -0.05165 0.0105
v 0.128096208 -0.0518582352 0.01025
v 0.128192186 -0.0516224578 0.0105
v 0.127701029 -0.0519990474 0.0100000007
v 0.127885073 -0.0515341535 0.0105
v 0.127693444 -0.0517238379 0.01025
v 0.127315938 -0.0517995432 0.0100000007
v 0.127589539 -0.0513810478 0.0105
v 0.127316743 -0.05149257 0.01025
v 0.126972154 -0.0515202843 0.0100000007
v 0.1273257 -0.05116673 0.0105
v 0.126999855 -0.0511756875 0.01025
v 0.126692891 -0.0511765033 0.0100000007
v 0.12711139 -0.0509028956 0.0105
v 0.126768589 -0.05079899 0.01025
v 0.1264934 -0.0507914051 0.0100000007
v 0.126958281 -0.05060736 0.0105
v 0.12663421 -0.05039622 0.01025
v 0.126378328 -0.0503912233 0.0100000007
v 0.126592427 -0.0500000045 0.01025
v 0.126869977 -0.0503002442 0.0105
v 0.126342431 -0.0500000045 0.0100000007
v 0.126842424 -0.0500000045 0.0105
v 0.126378328 -0.0496087819 0.0100000007
v 0.126869977 -0.0496997647 0.0105
v 0.12663421 -0.0496037863 0.01025
v 0.1264934 -0.0492085963 0.0100000007
v 0.126872435 -0.04900722 0.01025
v 0.126958281 -0.049392648 0.0105
v 0.126692891 -0.0488235019 0.0100000007
v 0.12711139 -0.0490971059 0.0105
v 0.126972154 -0.04847972 0.0100000007
v 0.1273257 -0.0488332734 0.0105
v 0.127316743 -0.04850743 0.01025
v 0.127315938 -0.04820046 0.0100000007
v 0.127893731 -0.0481967963 0.01025
v 0.127589539 -0.0486189574 0.0105
v 0.127701029 -0.0480009578 0.0100000007
v 0.127885073 -0.048465848 0.0105
v 0.128101215 -0.0478858948 0.0100000007
v 0.128192186 -0.04837755 0.0105
v 0.12849243 -0.0478499979 0.0100000007
v 0.12849243 -0.0483500026 0.0105
v 0.13849242 0.06441855 0.0100000007
v 0.13810122 0.06445444 0.0100000007
v 0.13849242 0.06491854 0.0105
v 0.138096213 0.06471031 0.01025
v 0.138192192 0.06494609 0.0105
v 0.137701035 0.0645695 0.0100000007
v 0.137885079 0.06503439 0.0105
v 0.13769345 0.0648447052 0.01025
v 0.137315929 0.06476901 0.0100000007
v 0.137589544 0.06518751 0.0105
v 0.137316748 0.06507597 0.01025
v 0.136972144 0.06504826 0.0100000007
v 0.1373257 0.06540182 0.0105
v 0.13699986 0.06539287 0.01025
v 0.1366929 0.06539205 0.0100000007
v 0.137111381 0.06566565 0.0105
v 0.1367686 0.06576956 0.01025
v 0.136493385 0.0657771453 0.0100000007
v 0.136958271 0.06596119 0.0105
v 0.1366342 0.06617233 0.01025
v 0.136378318 0.06617732 0.0100000007
v 0.136592433 0.066568546 0.01025
v 0.136869982 0.06626831 0.0105
v 0.136342436 0.066568546 0.0100000007
v 0.13684243 0.066568546 0.0105
v 0.136378318 0.06695977 0.0100000007
v 0.136869982 0.06686878 0.0105
v 0.1366342 0.06696476 0.01025
v 0.136493385 0.06735995 0.0100000007
v 0.136872426 0.06756133 0.01025
v 0.136958271 0.0671759 0.0105
v 0.1366929 0.0677450448 0.0100000007
v 0.137111381 0.0674714446 0.0105
v 0.136972144 0.06808883 0.0100000007
v 0.1373257 0.06773527 0.0105
v 0.137316748 0.06806111 0.01025
v 0.137315929 0.0683680847 0.0100000007
v 0.137893736 0.06837176 0.01025
v 0.137589544 0.0679495856 0.0105
v 0.137701035 0.06856759 0.0100000007
v 0.137885079 0.068102695 0.0105
v 0.13810122 0.06868265 0.0100000007
v 0.138192192 0.068191 0.0105
v 0.13849242 0.0687185451 0.0100000007
v 0.13849242 0.0682185441 0.0105
v 0.108492434 0.09871855 0.0100000007
v 0.108492434 0.09821855 0.0105
v 0.108192191 0.09819099 0.0105
v 0.107893728 0.09837176 0.01025
v 0.108101211 0.09868266 0.0100000007
v 0.10788507 0.0981026962 0.0105
v 0.107701033 0.0985676 0.0100000007
v 0.107589528 0.09794959 0.0105
v 0.107315928 0.0983680859 0.0100000007
v 0.107316747 0.0980611145 0.01025
v 0.1073257 0.09773527 0.0105
v 0.106872432 0.09756133 0.01025
v 0.106972151 0.09808882 0.0100000007
v 0.10711138 0.09747144 0.0105
v 0.106692895 0.09774505 0.0100000007
v 0.106958285 0.09717591 0.0105
v 0.106493384 0.09735995 0.0100000007
v 0.1066342 0.09696476 0.01025
v 0.106869981 0.09686879 0.0105
v 0.106592432 0.09656855 0.01025
v 0.106378317 0.09695977 0.0100000007
v 0.106842428 0.09656855 0.0105
v 0.106342427 0.09656855 0.0100000007
v 0.106869981 0.09626831 0.0105
v 0.106378317 0.0961773247 0.0100000007
v 0.1066342 0.0961723253 0.01025
v 0.106958285 0.0959612 0.0105
v 0.106493384 0.09577715 0.0100000007
v 0.106768593 0.0957695544 0.01025
v 0.10711138 0.09566565 0.0105
v 0.106692895 0.09539205 0.0100000007
v 0.106999859 0.09539285 0.01025
v 0.1073257 0.0954018161 0.0105
v 0.106972151 0.09504826 0.0100000007
v 0.107316747 0.09507597 0.01025
v 0.107589528 0.09518751 0.0105
v 0.107315928 0.094769 0.0100000007
v 0.107693441 0.09484471 0.01025
v 0.10788507 0.09503439 0.0105
v 0.107701033 0.0945695043 0.0100000007
v 0.10809622 0.09471032 0.01025
v 0.108192191 0.0949460939 0.0105
v 0.108101211 0.09445444 0.0100000007
v 0.108492434 0.09491855 0.0105
v 0.108492434 0.0944185555 0.0100000007
v 0.10879267 0.0949460939 0.0105
v 0.109091118 0.0947653353 0.01025
v 0.109099783 0.09503439 0.0105
v 0.108883649 0.09445444 0.0100000007
v 0.109283835 0.0945695043 0.0100000007
v 0.109395325 0.09518751 0.0105
v 0.109668925 0.094769 0.0100000007
v 0.109668106 0.09507597 0.01025
v 0.10965915 0.0954018161 0.0105
v 0.110112429 0.0955757648 0.01025
v 0.11001271 0.09504826 0.0100000007
v 0.109873474 0.09566565 0.0105
v 0.110291973 0.09539205 0.0100000007
v 0.110026591 0.0959612 0.0105
v 0.11049147 0.09577715 0.0100000007
v 0.110350661 0.0961723253 0.01025
v 0.110114887 0.09626831 0.0105
v 0.110392429 0.09656855 0.01025
v 0.110606536 0.0961773247 0.0100000007
v 0.110142425 0.09656855 0.0105
v 0.110642426 0.09656855 0.0100000007
v 0.110114887 0.09686879 0.0105
v 0.110606536 0.09695977 0.0100000007
v 0.110350661 0.09696476 0.01025
v 0.110026591 0.09717591 0.0105
v 0.11049147 0.09735995 0.0100000007
v 0.110216275 0.09736754 0.01025
v 0.109873474 0.09747144 0.0105
v 0.110291973 0.09774505 0.0100000007
v 0.109985009 0.0977442339 0.01025
v 0.10965915 0.09773527 0.0105
v 0.11001271 0.09808882 0.0100000007
v 0.109668106 0.0980611145 0.01025
v 0.109395325 0.09794959 0.0105
v 0.109668925 0.0983680859 0.0100000007
v 0.109291412 0.09829238 0.01025
v 0.109099783 0.0981026962 0.0105
v 0.109283835 0.0985676 0.0100000007
v 0.108888656 0.09842678 0.01025
v 0.10879267 0.09819099 0.0105
v 0.108883649 0.09868266 0.0100000007
v 0.108492434 0.09821855 0.0105
v 0.108492434 0.09871855 0.0100000007
v 0.12849243 0.0478499979 0.0100000007
v 0.128101215 0.0478858948 0.0100000007
v 0.12849243 0.0483500026 0.0105
v 0.128096208 0.0481417738 0.01025
v 0.128192186 0.04837755 0.0105
v 0.127701029 0.0480009578 0.0100000007
v 0.127885073 0.048465848 0.0105
v 0.127693444 0.0482761636 0.01025
v 0.127315938 0.04820046 0.0100000007
v 0.127589539 0.0486189574 0.0105
v 0.127316743 0.04850743 0.01025
v 0.126972154 0.04847972 0.0100000007
v 0.1273257 0.0488332734 0.0105
v 0.126999855 0.0488243178 0.01025
v 0.126692891 0.0488235019 0.0100000007
v 0.12711139 0.0490971059 0.0105
v 0.126768589 0.04920101 0.01025
v 0.1264934 0.0492085963 0.0100000007
v 0.126958281 0.049392648 0.0105
v 0.12663421 0.0496037863 0.01025
v 0.126378328 0.0496087819 0.0100000007
v 0.126592427 0.0500000045 0.01025
v 0.126869977 0.0496997647 0.0105
v 0.126342431 0.0500000045 0.0100000007
v 0.126842424 0.0500000045 0.0105
v 0.126378328 0.0503912233 0.0100000007
v 0.126869977 0.0503002442 0.0105
v 0.12663421 0.05039622 0.01025
v 0.1264934 0.0507914051 0.0100000007
v 0.126872435 0.0509927869 0.01025
v 0.126958281 0.05060736 0.0105
v 0.126692891 0.0511765033 0.0100000007
v 0.12711139 0.0509028956 0.0105
v 0.126972154 0.0515202843 0.0100000007
v 0.1273257 0.05116673 0.0105
v 0.127316743 0.05149257 0.01025
v 0.127315938 0.0517995432 0.0100000007
v 0.127893731 0.0518032126 0.01025
v 0.127589539 0.0513810478 0.0105
v 0.127701029 0.0519990474 0.0100000007
v 0.127885073 0.0515341535 0.0105
v 0.128101215 0.0521141067 0.0100000007
v 0.128192186 0.0516224578 0.0105
v 0.12849243 0.0521500036 0.0100000007
v 0.12849243 0.05165 0.0105
v 0.13849242 -0.0687185451 0.0100000007
v 0.13810122 -0.06868265 0.0100000007
v 0.13849242 -0.0682185441 0.0105
v 0.138096213 -0.06842677 0.01025
v 0.138192192 -0.068191 0.0105
v 0.137701035 -0.06856759 0.0100000007
v 0.137885079 -0.068102695 0.0105
v 0.13769345 -0.06829238 0.01025
v 0.137315929 -0.0683680847 0.0100000007
v 0.137589544 -0.0679495856 0.0105
v 0.137316748 -0.06806111 0.01025
v 0.136972144 -0.06808883 0.0100000007
v 0.1373257 -0.06773527 0.0105
v 0.13699986 -0.06774423 0.01025
v 0.1366929 -0.0677450448 0.0100000007
v 0.137111381 -0.0674714446 0.0105
v 0.1367686 -0.06736754 0.01025
v 0.136493385 -0.06735995 0.0100000007
v 0.136958271 -0.0671759 0.0105
v 0.1366342 -0.06696476 0.01025
v 0.136378318 -0.06695977 0.0100000007
v 0.136592433 -0.066568546 0.01025
v 0.136869982 -0.06686878 0.0105
v 0.136342436 -0.066568546 0.0100000007
v 0.13684243 -0.066568546 0.0105
v 0.136378318 -0.06617732 0.0100000007
v 0.136869982 -0.06626831 0.0105
v 0.1366342 -0.06617233 0.01025
v 0.136493385 -0.0657771453 0.0100000007
v 0.136872426 -0.06557576 0.01025
v 0.136958271 -0.06596119 0.0105
v 0.1366929 -0.06539205 0.0100000007
v 0.137111381 -0.06566565 0.0105
v 0.136972144 -0.06504826 0.0100000007
v 0.1373257 -0.06540182 0.0105
v 0.137316748 -0.06507597 0.01025
v 0.137315929 -0.06476901 0.0100000007
v 0.137893736 -0.0647653341 0.01025
v 0.137589544 -0.06518751 0.0105
v 0.137701035 -0.0645695 0.0100000007
v 0.137885079 -0.06503439 0.0105
v 0.13810122 -0.06445444 0.0100000007
v 0.138192192 -0.06494609 0.0105
v 0.13849242 -0.06441855 0.0100000007
v 0.13849242 -0.06491854 0.0105
v 0.12849243 -0.07871855 0.0100000007
v 0.128101215 -0.0786826462 0.0100000007
v 0.12849243 -0.07821854 0.0105
v 0.128096208 -0.07842678 0.01025
v 0.128192186 -0.078191 0.0105
v 0.127701029 -0.0785675943 0.0100000007
v 0.127885073 -0.0781027 0.0105
v 0.127693444 -0.0782923847 0.01025
v 0.127315938 -0.07836808 0.0100000007
v 0.127589539 -0.07794959 0.0105
v 0.127316743 -0.07806112 0.01025
v 0.126972154 -0.07808883 0.0100000007
v 0.1273257 -0.07773527 0.0105
v 0.126999855 -0.07774423 0.01025
v 0.126692891 -0.07774504 0.0100000007
v 0.12711139 -0.07747144 0.0105
v 0.126768589 -0.07736753 0.01025
v 0.1264934 -0.07735995 0.0100000007
v 0.126958281 -0.0771759 0.0105
v 0.12663421 -0.0769647658 0.01025
v 0.126378328 -0.07695977 0.0100000007
v 0.126592427 -0.0765685439 0.01025
v 0.126869977 -0.07686879 0.0105
v 0.126342431 -0.0765685439 0.0100000007
v 0.126842424 -0.0765685439 0.0105
v 0.126378328 -0.07617733 0.0100000007
v 0.126869977 -0.07626831 0.0105
v 0.12663421 -0.07617234 0.01025
v 0.1264934 -0.07577714 0.0100000007
v 0.126872435 -0.07557577 0.01025
v 0.126958281 -0.07596119 0.0105
v 0.126692891 -0.0753920451 0.0100000007
v 0.12711139 -0.0756656453 0.0105
v 0.126972154 -0.07504827 0.0100000007
v 0.1273257 -0.07540182 0.0105
v 0.127316743 -0.07507597 0.01025
v 0.127315938 -0.0747690052 0.0100000007
v 0.127893731 -0.07476534 0.01025
v 0.127589539 -0.0751875043 0.0105
v 0.127701029 -0.0745695 0.0100000007
v 0.127885073 -0.0750343949 0.0105
v 0.128101215 -0.07445444 0.0100000007
v 0.128192186 -0.07494609 0.0105
v 0.12849243 -0.07441855 0.0100000007
v 0.12849243 -0.0749185458 0.0105
v 0.159099028 0.0438119434 0.0100000007
v 0.158707812 0.0438478366 0.0100000007
v 0.159099028 0.0443119481 0.0105
v 0.158702821 0.0441037156 0.01025
v 0.158798814 0.0443394855 0.0105
v 0.158307627 0.0439629 0.0100000007
v 0.158491671 0.0444277935 0.0105
v 0.158300042 0.0442381054 0.01025
v 0.157922521 0.0441624038 0.0100000007
v 0.158196121 0.0445809 0.0105
v 0.157923341 0.04446937 0.01025
v 0.157578751 0.0444416665 0.0100000007
v 0.157932311 0.0447952151 0.0105
v 0.157606468 0.04478626 0.01025
v 0.157299489 0.04478544 0.0100000007
v 0.157717988 0.0450590476 0.0105
v 0.157375187 0.0451629572 0.01025
v 0.157099977 0.0451705381 0.0100000007
v 0.157564878 0.04535459 0.0105
v 0.157240808 0.0455657244 0.01025
v 0.156984925 0.0455707237 0.0100000007
v 0.15719904 0.0459619462 0.01025
v 0.157476574 0.0456617028 0.0105
v 0.156949028 0.0459619462 0.0100000007
v 0.157449037 0.0459619462 0.0105
v 0.156984925 0.04635317 0.0100000007
v 0.157476574 0.0462621823 0.0105
v 0.157240808 0.04635816 0.01025
v 0.157099977 0.0467533469 0.0100000007
v 0.157479033 0.04695472 0.01025
v 0.157564878 0.0465692952 0.0105
v 0.157299489 0.0471384451 0.0100000007
v 0.157717988 0.04686484 0.0105
v 0.157578751 0.04748222 0.0100000007
v 0.157932311 0.04712867 0.0105
v 0.157923341 0.0474545173 0.01025
v 0.157922521 0.047761485 0.0100000007
v 0.158500344 0.04776515 0.01025
v 0.158196121 0.0473429859 0.0105
v 0.158307627 0.04796099 0.0100000007
v 0.158491671 0.04749609 0.0105
v 0.158707812 0.04807605 0.0100000007
v 0.158798814 0.0475844 0.0105
v 0.159099028 0.04811194 0.0100000007
v 0.159099028 0.0476119444 0.0105
v 0.12849243 0.07441855 0.0100000007
v 0.128101215 0.07445444 0.0100000007
v 0.12849243 0.0749185458 0.0105
v 0.128096208 0.07471032 0.01025
v 0.128192186 0.07494609 0.0105
v 0.127701029 0.0745695 0.0100000007
v 0.127885073 0.0750343949 0.0105
v 0.127693444 0.0748447 0.01025
v 0.127315938 0.0747690052 0.0100000007
v 0.127589539 0.0751875043 0.0105
v 0.127316743 0.07507597 0.01025
v 0.126972154 0.07504827 0.0100000007
v 0.1273257 0.07540182 0.0105
v 0.126999855 0.0753928646 0.01025
v 0.126692891 0.0753920451 0.0100000007
v 0.12711139 0.0756656453 0.0105
v 0.126768589 0.07576956 0.01025
v 0.1264934 0.07577714 0.0100000007
v 0.126958281 0.07596119 0.0105
v 0.12663421 0.07617234 0.01025
v 0.126378328 0.07617733 0.0100000007
v 0.126592427 0.0765685439 0.01025
v 0.126869977 0.07626831 0.0105
v 0.126342431 0.0765685439 0.0100000007
v 0.126842424 0.0765685439 0.0105
v 0.126378328 0.07695977 0.0100000007
v 0.126869977 0.07686879 0.0105
v 0.12663421 0.0769647658 0.01025
v 0.1264934 0.07735995 0.0100000007
v 0.126872435 0.0775613338 0.01025
v 0.126958281 0.0771759 0.0105
v 0.126692891 0.07774504 0.0100000007
v 0.12711139 0.07747144 0.0105
v 0.126972154 0.07808883 0.0100000007
v 0.1273257 0.07773527 0.0105
v 0.127316743 0.07806112 0.01025
v 0.127315938 0.07836808 0.0100000007
v 0.127893731 0.0783717558 0.01025
v 0.127589539 0.07794959 0.0105
v 0.127701029 0.0785675943 0.0100000007
v 0.127885073 0.0781027 0.0105
v 0.128101215 0.0786826462 0.0100000007
v 0.128192186 0.078191 0.0105
v 0.12849243 0.07871855 0.0100000007
v 0.12849243 0.07821854 0.0105
v 0.148492426 -0.0543500036 0.013
v 0.148492426 -0.0543500036 0.0100000007
v 0.148792684 -0.05437755 0.0100000007
v 0.148836508 -0.05438628 0.0115
v 0.148792684 -0.05437755 0.013
v 0.1490998 -0.05446585 0.0100000007
v 0.1490998 -0.05446585 0.013
v 0.149186283 -0.0545029864 0.0115
v 0.149395332 -0.0546189621 0.0100000007
v 0.149395332 -0.0546189621 0.013
v 0.149513423 -0.05470382 0.0115
v 0.149659157 -0.0548332743 0.0100000007
v 0.149659157 -0.0548332743 0.013
v 0.149788618 -0.05497902 0.0115
v 0.14987348 -0.0550971031 0.0100000007
v 0.14987348 -0.0550971031 0.013
v 0.149989456 -0.0553061478 0.0115
v 0.15002659 -0.0553926453 0.0100000007
v 0.15002659 -0.0553926453 0.013
v 0.150106147 -0.05565592 0.0115
v 0.150114879 -0.0556997657 0.0100000007
v 0.150142431 -0.056 0.0115
v 0.150114879 -0.0556997657 0.013
v 0.150142431 -0.056 0.0100000007
v 0.150142431 -0.056 0.013
v 0.150114879 -0.05630024 0.0100000007
v 0.150114879 -0.05630024 0.013
v 0.150106147 -0.05634409 0.0115
v 0.15002659 -0.05660736 0.0100000007
v 0.15002659 -0.05660736 0.013
v 0.15002659 -0.05660736 0.0115
v 0.149899274 -0.0568621568 0.0115
v 0.14987348 -0.0569028966 0.0100000007
v 0.14987348 -0.0569028966 0.013
v 0.1497261 -0.0570957139 0.0115
v 0.149659157 -0.0571667254 0.0100000007
v 0.149659157 -0.0571667254 0.013
v 0.149513423 -0.0572961867 0.0115
v 0.149395332 -0.05738105 0.0100000007
v 0.149395332 -0.05738105 0.013
v 0.149271369 -0.05745456 0.0115
v 0.1490998 -0.05753415 0.0100000007
v 0.1490998 -0.05753415 0.013
v 0.149012357 -0.0575659461 0.0115
v 0.148792684 -0.0576224551 0.0100000007
v 0.148792684 -0.0576224551 0.013
v 0.148748979 -0.05762994 0.0115
v 0.148492426 -0.0576500036 0.0100000007
v 0.148492426 -0.0576500036 0.013
v 0.1481922 -0.0576224551 0.0100000007
v 0.148148343 -0.05761373 0.0115
v 0.1481922 -0.0576224551 0.013
v 0.147885069 -0.05753415 0.0100000007
v 0.147885069 -0.05753415 0.013
v 0.147798568 -0.05749702 0.0115
v 0.147589535 -0.05738105 0.0100000007
v 0.147589535 -0.05738105 0.013
v 0.147471443 -0.0572961867 0.0115
v 0.147325709 -0.0571667254 0.0100000007
v 0.147325709 -0.0571667254 0.013
v 0.147196248 -0.057020992 0.0115
v 0.147111386 -0.0569028966 0.0100000007
v 0.147111386 -0.0569028966 0.013
v 0.146995425 -0.05669386 0.0115
v 0.146958277 -0.05660736 0.0100000007
v 0.146958277 -0.05660736 0.013
v 0.1468787 -0.05634409 0.0115
v 0.146869987 -0.05630024 0.0100000007
v 0.146842435 -0.056 0.0115
v 0.146869987 -0.05630024 0.013
v 0.146842435 -0.056 0.0100000007
v 0.146842435 -0.056 0.013
v 0.146869987 -0.0556997657 0.0100000007
v 0.146869987 -0.0556997657 0.013
v 0.1468787 -0.05565592 0.0115
v 0.146958277 -0.0553926453 0.0100000007
v 0.146958277 -0.0553926453 0.013
v 0.146958277 -0.0553926453 0.0115
v 0.1470856 -0.05513785 0.0115
v 0.147111386 -0.0550971031 0.0100000007
v 0.147111386 -0.0550971031 0.013
v 0.147258773 -0.054904297 0.0115
v 0.147325709 -0.0548332743 0.0100000007
v 0.147325709 -0.0548332743 0.013
v 0.147471443 -0.05470382 0.0115
v 0.147589535 -0.0546189621 0.0100000007
v 0.147589535 -0.0546189621 0.013
v 0.147713482 -0.0545454472 0.0115
v 0.147885069 -0.05446585 0.0100000007
v 0.147885069 -0.05446585 0.013
v 0.147972524 -0.0544340573 0.0115
v 0.1481922 -0.05437755 0.0100000007
v 0.1481922 -0.05437755 0.013
v 0.148235887 -0.054370068 0.0115
v 0.148492426 -0.0543500036 0.0100000007
v 0.148492426 -0.0543500036 0.013
v 0.148492426 0.0576500036 0.013
v 0.148492426 0.0576500036 0.0100000007
v 0.148792684 0.0576224551 0.0100000007
v 0.148836508 0.05761373 0.0115
v 0.148792684 0.0576224551 0.013
v 0.1490998 0.05753415 0.0100000007
v 0.1490998 0.05753415 0.013
v 0.149186283 0.05749702 0.0115
v 0.149395332 0.05738105 0.0100000007
v 0.149395332 0.05738105 0.013
v 0.149513423 0.0572961867 0.0115
v 0.149659157 0.0571667254 0.0100000007
v 0.149659157 0.0571667254 0.013
v 0.149788618 0.057020992 0.0115
v 0.14987348 0.0569028966 0.0100000007
v 0.14987348 0.0569028966 0.013
v 0.149989456 0.05669386 0.0115
v 0.15002659 0.05660736 0.0100000007
v 0.15002659 0.05660736 0.013
v 0.150106147 0.05634409 0.0115
v 0.150114879 0.05630024 0.0100000007
v 0.150142431 0.056 0.0115
v 0.150114879 0.05630024 0.013
v 0.150142431 0.056 0.0100000007
v 0.150142431 0.056 0.013
v 0.150114879 0.0556997657 0.0100000007
v 0.150114879 0.0556997657 0.013
v 0.150106147 0.05565592 0.0115
v 0.15002659 0.0553926453 0.0100000007
v 0.15002659 0.0553926453 0.013
v 0.15002659 0.0553926453 0.0115
v 0.149899274 0.05513785 0.0115
v 0.14987348 0.0550971031 0.0100000007
v 0.14987348 0.0550971031 0.013
v 0.1497261 0.054904297 0.0115
v 0.149659157 0.0548332743 0.0100000007
v 0.149659157 0.0548332743 0.013
v 0.149513423 0.05470382 0.0115
v 0.149395332 0.0546189621 0.0100000007
v 0.149395332 0.0546189621 0.013
v 0.149271369 0.0545454472 0.0115
v 0.1490998 0.05446585 0.0100000007
v 0.1490998 0.05446585 0.013
v 0.149012357 0.0544340573 0.0115
v 0.148792684 0.05437755 0.0100000007
v 0.148792684 0.05437755 0.013
v 0.148748979 0.054370068 0.0115
v 0.148492426 0.0543500036 0.0100000007
v 0.148492426 0.0543500036 0.013
v 0.1481922 0.05437755 0.0100000007
v 0.148148343 0.05438628 0.0115
v 0.1481922 0.05437755 0.013
v 0.147885069 0.05446585 0.0100000007
v 0.147885069 0.05446585 0.013
v 0.147798568 0.0545029864 0.0115
v 0.147589535 0.0546189621 0.0100000007
v 0.147589535 0.0546189621 0.013
v 0.147471443 0.05470382 0.0115
v 0.147325709 0.0548332743 0.0100000007
v 0.147325709 0.0548332743 0.013
v 0.147196248 0.05497902 0.0115
v 0.147111386 0.0550971031 0.0100000007
v 0.147111386 0.0550971031 0.013
v 0.146995425 0.0553061478 0.0115
v 0.146958277 0.0553926453 0.0100000007
v 0.146958277 0.0553926453 0.013
v 0.1468787 0.05565592 0.0115
v 0.146869987 0.0556997657 0.0100000007
v 0.146842435 0.056 0.0115
v 0.146869987 0.0556997657 0.013
v 0.146842435 0.056 0.0100000007
v 0.146842435 0.056 0.013
v 0.146869987 0.05630024 0.0100000007
v 0.146869987 0.05630024 0.013
v 0.1468787 0.05634409 0.0115
v 0.146958277 0.05660736 0.0100000007
v 0.146958277 0.05660736 0.013
v 0.146958277 0.05660736 0.0115
v 0.1470856 0.0568621568 0.0115
v 0.147111386 0.0569028966 0.0100000007
v 0.147111386 0.0569028966 0.013
v 0.147258773 0.0570957139 0.0115
v 0.147325709 0.0571667254 0.0100000007
v 0.147325709 0.0571667254 0.013
v 0.147471443 0.0572961867 0.0115
v 0.147589535 0.05738105 0.0100000007
v 0.147589535 0.05738105 0.013
v 0.147713482 0.05745456 0.0115
v 0.147885069 0.05753415 0.0100000007
v 0.147885069 0.05753415 0.013
v 0.147972524 0.0575659461 0.0115
v 0.1481922 0.0576224551 0.0100000007
v 0.1481922 0.0576224551 0.013
v 0.148235887 0.05762994 0.0115
v 0.148492426 0.0576500036 0.0100000007
v 0.148492426 0.0576500036 0.013
v 0.103492431 -0.108639613 0.0105
v 0.103992432 -0.1074325 0.0100000007
v 0.180312246 -0.0318198055 0.0105
v 0.179958671 -0.0314662531 0.0100000007
v 0.103992432 0.1074325 0.0100000007
v 0.103492431 0.108639613 0.0105
v 0.141975552 0.06944938 0.0100000007
v 0.180312246 0.0318198055 0.0105
v 0.179958671 0.0314662531 0.0100000007
v 0.141486853 -0.0378572568 0.0100000007
v 0.148492426 -0.0380000025 0.0105
v 0.148492426 -0.0385 0.0100000007
v 0.140515968 -0.03740907 0.01025
v 0.14157784 -0.0373656042 0.0105
v 0.136439711 -0.03630144 0.01025
v 0.134320781 -0.03579685 0.0100000007
v 0.134504825 -0.035331957 0.0105
v 0.132407531 -0.0347035825 0.01025
v 0.127424866 -0.0322243273 0.0100000007
v 0.127698451 -0.0318058319 0.0105
v 0.128506154 -0.03261305 0.01025
v 0.124824084 -0.0300478227 0.01025
v 0.121268824 -0.0272236113 0.0100000007
v 0.121622369 -0.026870057 0.0105
v 0.121445589 -0.0270468369 0.01025
v 0.118444607 -0.0236683525 0.01025
v 0.116268106 -0.0210675783 0.0100000007
v 0.1166866 -0.02079397 0.0105
v 0.115879387 -0.019986283 0.01025
v 0.113788851 -0.0160848945 0.01025
v 0.112695575 -0.0141716478 0.0100000007
v 0.113160469 -0.0139875989 0.0105
v 0.112190984 -0.012052712 0.01025
v 0.110635169 -0.007005578 0.0100000007
v 0.111126825 -0.006914596 0.0105
v 0.111083359 -0.007976471 0.01025
v 0.110242434 2.66800489E-17 0.01025
v 0.109992437 2.01210162E-17 0.0100000007
v 0.110492423 2.00903989E-17 0.0105
v 0.110635169 0.007005578 0.0100000007
v 0.111126825 0.006914596 0.0105
v 0.111083359 0.007976471 0.01025
v 0.112695575 0.0141716478 0.0100000007
v 0.113160469 0.0139875989 0.0105
v 0.112928018 0.0140796239 0.01025
v 0.115879387 0.019986283 0.01025
v 0.116268106 0.0210675783 0.0100000007
v 0.1166866 0.02079397 0.0105
v 0.119893849 0.0254004728 0.01025
v 0.121268824 0.0272236113 0.0100000007
v 0.121622369 0.026870057 0.0105
v 0.124824084 0.0300478227 0.01025
v 0.127424866 0.0322243273 0.0100000007
v 0.127698451 0.0318058319 0.0105
v 0.13043493 0.0337192751 0.01025
v 0.134320781 0.03579685 0.0100000007
v 0.134504825 0.035331957 0.0105
v 0.136439711 0.03630144 0.01025
v 0.141486853 0.0378572568 0.0100000007
v 0.14157784 0.0373656042 0.0105
v 0.1425453 0.03778484 0.01025
v 0.148492426 0.0385 0.0100000007
v 0.148492426 0.0380000025 0.0105
v 0.155498 0.0378572568 0.0100000007
v 0.1564689 0.03740907 0.01025
v 0.155407026 0.0373656042 0.0105
v 0.160545141 0.03630144 0.01025
v 0.162664071 0.03579685 0.0100000007
v 0.162480041 0.035331957 0.0105
v 0.164577335 0.0347035825 0.01025
v 0.16956 0.0322243273 0.0100000007
v 0.169286415 0.0318058319 0.0105
v 0.168478712 0.03261305 0.01025
v 0.172160789 0.0300478227 0.01025
v 0.175716043 0.0272236113 0.0100000007
v 0.1753625 0.026870057 0.0105
v 0.17553927 0.0270468369 0.01025
v 0.17854026 0.0236683525 0.01025
v 0.180716753 0.0210675783 0.0100000007
v 0.180298254 0.02079397 0.0105
v 0.1811055 0.019986283 0.01025
v 0.183196008 0.0160848945 0.01025
v 0.184289277 0.0141716478 0.0100000007
v 0.18382439 0.0139875989 0.0105
v 0.18479389 0.012052712 0.01025
v 0.18634969 0.007005578 0.0100000007
v 0.185858026 0.006914596 0.0105
v 0.185901508 0.007976471 0.01025
v 0.186742425 1.776357E-17 0.01025
v 0.186992422 2.01210162E-17 0.0100000007
v 0.186492428 2.00903989E-17 0.0105
v 0.18634969 -0.007005578 0.0100000007
v 0.185858026 -0.006914596 0.0105
v 0.185901508 -0.007976471 0.01025
v 0.184289277 -0.0141716478 0.0100000007
v 0.18382439 -0.0139875989 0.0105
v 0.184056848 -0.0140796239 0.01025
v 0.1811055 -0.019986283 0.01025
v 0.180716753 -0.0210675783 0.0100000007
v 0.180298254 -0.02079397 0.0105
v 0.177091032 -0.0254004728 0.01025
v 0.175716043 -0.0272236113 0.0100000007
v 0.1753625 -0.026870057 0.0105
v 0.172160789 -0.0300478227 0.01025
v 0.16956 -0.0322243273 0.0100000007
v 0.169286415 -0.0318058319 0.0105
v 0.166549921 -0.0337192751 0.01025
v 0.162664071 -0.03579685 0.0100000007
v 0.162480041 -0.035331957 0.0105
v 0.160545141 -0.03630144 0.01025
v 0.155498 -0.0378572568 0.0100000007
v 0.155407026 -0.0373656042 0.0105
v 0.154439569 -0.03778484 0.01025
v 0.148492426 -0.0385 0.0100000007
v 0.148492426 -0.0380000025 0.0105
v 0.148492426 -0.0380000025 0.0125000011
v 0.148492426 -0.0380000025 0.0105
v 0.14157784 -0.0373656042 0.0105
v 0.140568092 -0.03716457 0.0115
v 0.14157784 -0.0373656042 0.0125000011
v 0.134504825 -0.035331957 0.0105
v 0.134504825 -0.035331957 0.0125000011
v 0.132512659 -0.0344767645 0.0115
v 0.127698451 -0.0318058319 0.0105
v 0.127698451 -0.0318058319 0.0125000011
v 0.128636777 -0.0323998965 0.0115
v 0.124978781 -0.0298514329 0.0115
v 0.121622369 -0.026870057 0.0105
v 0.121622369 -0.026870057 0.0125000011
v 0.121622369 -0.026870057 0.0115
v 0.118641 -0.023513658 0.0115
v 0.1166866 -0.02079397 0.0105
v 0.1166866 -0.02079397 0.0125000011
v 0.116092533 -0.019855652 0.0115
v 0.114015669 -0.015979765 0.0115
v 0.113160469 -0.0139875989 0.0105
v 0.113160469 -0.0139875989 0.0125000011
v 0.111327857 -0.007924337 0.0115
v 0.111126825 -0.006914596 0.0105
v 0.110492423 4.44089241E-18 0.0115
v 0.111126825 -0.006914596 0.0125000011
v 0.110492423 2.00903989E-17 0.0105
v 0.110492423 2.00903989E-17 0.0125000011
v 0.111126825 0.006914596 0.0105
v 0.111126825 0.006914596 0.0125000011
v 0.111327857 0.007924337 0.0115
v 0.113160469 0.0139875989 0.0105
v 0.113160469 0.0139875989 0.0125000011
v 0.113160469 0.0139875989 0.0115
v 0.116092533 0.019855652 0.0115
v 0.1166866 0.02079397 0.0105
v 0.1166866 0.02079397 0.0125000011
v 0.120080777 0.0252344571 0.0115
v 0.121622369 0.026870057 0.0105
v 0.121622369 0.026870057 0.0125000011
v 0.124978781 0.0298514329 0.0115
v 0.127698451 0.0318058319 0.0105
v 0.127698451 0.0318058319 0.0125000011
v 0.130552962 0.033498887 0.0115
v 0.134504825 0.035331957 0.0105
v 0.134504825 0.035331957 0.0125000011
v 0.1365185 0.0360641778 0.0115
v 0.14157784 0.0373656042 0.0105
v 0.14157784 0.0373656042 0.0125000011
v 0.14258416 0.03753788 0.0115
v 0.148492426 0.0380000025 0.0105
v 0.148492426 0.0380000025 0.0125000011
v 0.155407026 0.0373656042 0.0105
v 0.156416759 0.03716457 0.0115
v 0.155407026 0.0373656042 0.0125000011
v 0.162480041 0.035331957 0.0105
v 0.162480041 0.035331957 0.0125000011
v 0.164472178 0.0344767645 0.0115
v 0.169286415 0.0318058319 0.0105
v 0.169286415 0.0318058319 0.0125000011
v 0.168348089 0.0323998965 0.0115
v 0.172006071 0.0298514329 0.0115
v 0.1753625 0.026870057 0.0105
v 0.1753625 0.026870057 0.0125000011
v 0.1753625 0.026870057 0.0115
v 0.178343862 0.023513658 0.0115
v 0.180298254 0.02079397 0.0105
v 0.180298254 0.02079397 0.0125000011
v 0.180892333 0.019855652 0.0115
v 0.1829692 0.015979765 0.0115
v 0.18382439 0.0139875989 0.0105
v 0.18382439 0.0139875989 0.0125000011
v 0.185657 0.007924337 0.0115
v 0.185858026 0.006914596 0.0105
v 0.186492428 1.776357E-17 0.0115
v 0.185858026 0.006914596 0.0125000011
v 0.186492428 2.00903989E-17 0.0105
v 0.186492428 2.00903989E-17 0.0125000011
v 0.185858026 -0.006914596 0.0105
v 0.185858026 -0.006914596 0.0125000011
v 0.185657 -0.007924337 0.0115
v 0.18382439 -0.0139875989 0.0105
v 0.18382439 -0.0139875989 0.0125000011
v 0.18382439 -0.0139875989 0.0115
v 0.180892333 -0.019855652 0.0115
v 0.180298254 -0.02079397 0.0105
v 0.180298254 -0.02079397 0.0125000011
v 0.176904082 -0.0252344571 0.0115
v 0.1753625 -0.026870057 0.0105
v 0.1753625 -0.026870057 0.0125000011
v 0.172006071 -0.0298514329 0.0115
v 0.169286415 -0.0318058319 0.0105
v 0.169286415 -0.0318058319 0.0125000011
v 0.1664319 -0.033498887 0.0115
v 0.162480041 -0.035331957 0.0105
v 0.162480041 -0.035331957 0.0125000011
v 0.160466373 -0.0360641778 0.0115
v 0.155407026 -0.0373656042 0.0105
v 0.155407026 -0.0373656042 0.0125000011
v 0.1544007 -0.03753788 0.0115
v 0.148492426 -0.0380000025 0.0105
v 0.148492426 -0.0380000025 0.0125000011
v 0.12849243 0.0749185458 0.0105
v 0.128792673 0.07494609 0.0105
v 0.12849243 0.07441855 0.0100000007
v 0.129091129 0.07476534 0.01025
v 0.129099786 0.0750343949 0.0105
v 0.12888366 0.07445444 0.0100000007
v 0.129283831 0.0745695 0.0100000007
v 0.129395336 0.0751875043 0.0105
v 0.129668921 0.0747690052 0.0100000007
v 0.1296681 0.07507597 0.01025
v 0.129659161 0.07540182 0.0105
v 0.130112424 0.07557577 0.01025
v 0.1300127 0.07504827 0.0100000007
v 0.129873469 0.0756656453 0.0105
v 0.130291969 0.0753920451 0.0100000007
v 0.130026579 0.07596119 0.0105
v 0.130491465 0.07577714 0.0100000007
v 0.130350664 0.07617234 0.01025
v 0.130114883 0.07626831 0.0105
v 0.130392432 0.0765685439 0.01025
v 0.130606532 0.07617733 0.0100000007
v 0.130142435 0.0765685439 0.0105
v 0.130642429 0.0765685439 0.0100000007
v 0.130114883 0.07686879 0.0105
v 0.130606532 0.07695977 0.0100000007
v 0.130350664 0.0769647658 0.01025
v 0.130026579 0.0771759 0.0105
v 0.130491465 0.07735995 0.0100000007
v 0.130216271 0.07736753 0.01025
v 0.129873469 0.07747144 0.0105
v 0.130291969 0.07774504 0.0100000007
v 0.129985 0.07774423 0.01025
v 0.129659161 0.07773527 0.0105
v 0.1300127 0.07808883 0.0100000007
v 0.1296681 0.07806112 0.01025
v 0.129395336 0.07794959 0.0105
v 0.129668921 0.07836808 0.0100000007
v 0.129291415 0.0782923847 0.01025
v 0.129099786 0.0781027 0.0105
v 0.129283831 0.0785675943 0.0100000007
v 0.128888652 0.07842678 0.01025
v 0.128792673 0.078191 0.0105
v 0.12888366 0.0786826462 0.0100000007
v 0.12849243 0.07821854 0.0105
v 0.12849243 0.07871855 0.0100000007
v 0.12849243 0.07821854 0.0125000011
v 0.12849243 0.07821854 0.0105
v 0.128792673 0.078191 0.0105
v 0.128836513 0.07818228 0.0115
v 0.128792673 0.078191 0.0125000011
v 0.129099786 0.0781027 0.0105
v 0.129099786 0.0781027 0.0125000011
v 0.1291863 0.07806556 0.0115
v 0.129395336 0.07794959 0.0105
v 0.129395336 0.07794959 0.0125000011
v 0.129513428 0.07786473 0.0115
v 0.129659161 0.07773527 0.0105
v 0.129659161 0.07773527 0.0125000011
v 0.1297886 0.0775895342 0.0115
v 0.129873469 0.07747144 0.0105
v 0.129873469 0.07747144 0.0125000011
v 0.129989445 0.0772624 0.0115
v 0.130026579 0.0771759 0.0105
v 0.130026579 0.0771759 0.0125000011
v 0.130106151 0.0769126341 0.0115
v 0.130114883 0.07686879 0.0105
v 0.130142435 0.0765685439 0.0115
v 0.130114883 0.07686879 0.0125000011
v 0.130142435 0.0765685439 0.0105
v 0.130142435 0.0765685439 0.0125000011
v 0.130114883 0.07626831 0.0105
v 0.130114883 0.07626831 0.0125000011
v 0.130106151 0.07622446 0.0115
v 0.130026579 0.07596119 0.0105
v 0.130026579 0.07596119 0.0125000011
v 0.130026579 0.07596119 0.0115
v 0.129899263 0.0757064 0.0115
v 0.129873469 0.0756656453 0.0105
v 0.129873469 0.0756656453 0.0125000011
v 0.1297261 0.07547284 0.0115
v 0.129659161 0.07540182 0.0105
v 0.129659161 0.07540182 0.0125000011
v 0.129513428 0.07527237 0.0115
v 0.129395336 0.0751875043 0.0105
v 0.129395336 0.0751875043 0.0125000011
v 0.129271388 0.07511399 0.0115
v 0.129099786 0.0750343949 0.0105
v 0.129099786 0.0750343949 0.0125000011
v 0.129012346 0.0750026 0.0115
v 0.128792673 0.07494609 0.0105
v 0.128792673 0.07494609 0.0125000011
v 0.128748983 0.07493861 0.0115
v 0.12849243 0.0749185458 0.0105
v 0.12849243 0.0749185458 0.0125000011
v 0.128192186 0.07494609 0.0105
v 0.128148347 0.07495482 0.0115
v 0.128192186 0.07494609 0.0125000011
v 0.127885073 0.0750343949 0.0105
v 0.127885073 0.0750343949 0.0125000011
v 0.127798572 0.07507153 0.0115
v 0.127589539 0.0751875043 0.0105
v 0.127589539 0.0751875043 0.0125000011
v 0.127471447 0.07527237 0.0115
v 0.1273257 0.07540182 0.0105
v 0.1273257 0.07540182 0.0125000011
v 0.127196252 0.07554756 0.0115
v 0.12711139 0.0756656453 0.0105
v 0.12711139 0.0756656453 0.0125000011
v 0.126995414 0.07587469 0.0115
v 0.126958281 0.07596119 0.0105
v 0.126958281 0.07596119 0.0125000011
v 0.126878709 0.07622446 0.0115
v 0.126869977 0.07626831 0.0105
v 0.126842424 0.0765685439 0.0115
v 0.126869977 0.07626831 0.0125000011
v 0.126842424 0.0765685439 0.0105
v 0.126842424 0.0765685439 0.0125000011
v 0.126869977 0.07686879 0.0105
v 0.126869977 0.07686879 0.0125000011
v 0.126878709 0.0769126341 0.0115
v 0.126958281 0.0771759 0.0105
v 0.126958281 0.0771759 0.0125000011
v 0.126958281 0.0771759 0.0115
v 0.1270856 0.0774306953 0.0115
v 0.12711139 0.07747144 0.0105
v 0.12711139 0.07747144 0.0125000011
v 0.127258763 0.0776642561 0.0115
v 0.1273257 0.07773527 0.0105
v 0.1273257 0.07773527 0.0125000011
v 0.127471447 0.07786473 0.0115
v 0.127589539 0.07794959 0.0105
v 0.127589539 0.07794959 0.0125000011
v 0.127713472 0.0780231059 0.0115
v 0.127885073 0.0781027 0.0105
v 0.127885073 0.0781027 0.0125000011
v 0.127972513 0.07813449 0.0115
v 0.128192186 0.078191 0.0105
v 0.128192186 0.078191 0.0125000011
v 0.128235891 0.07819848 0.0115
v 0.12849243 0.07821854 0.0105
v 0.12849243 0.07821854 0.0125000011
v 0.159099028 0.0443119481 0.0105
v 0.159399271 0.0443394855 0.0105
v 0.159099028 0.0438119434 0.0100000007
v 0.159697741 0.0441587344 0.01025
v 0.1597064 0.0444277935 0.0105
v 0.159490258 0.0438478366 0.0100000007
v 0.159890443 0.0439629 0.0100000007
v 0.160001934 0.0445809 0.0105
v 0.160275549 0.0441624038 0.0100000007
v 0.160274729 0.04446937 0.01025
v 0.160265744 0.0447952151 0.0105
v 0.160719022 0.0449691638 0.01025
v 0.1606193 0.0444416665 0.0100000007
v 0.160480067 0.0450590476 0.0105
v 0.160898581 0.04478544 0.0100000007
v 0.160633191 0.04535459 0.0105
v 0.1610981 0.0451705381 0.0100000007
v 0.160957277 0.0455657244 0.01025
v 0.160721481 0.0456617028 0.0105
v 0.16099903 0.0459619462 0.01025
v 0.16121313 0.0455707237 0.0100000007
v 0.160749048 0.0459619462 0.0105
v 0.161249042 0.0459619462 0.0100000007
v 0.160721481 0.0462621823 0.0105
v 0.16121313 0.04635317 0.0100000007
v 0.160957277 0.04635816 0.01025
v 0.160633191 0.0465692952 0.0105
v 0.1610981 0.0467533469 0.0100000007
v 0.160822868 0.04676093 0.01025
v 0.160480067 0.04686484 0.0105
v 0.160898581 0.0471384451 0.0100000007
v 0.1605916 0.0471376255 0.01025
v 0.160265744 0.04712867 0.0105
v 0.1606193 0.04748222 0.0100000007
v 0.160274729 0.0474545173 0.01025
v 0.160001934 0.0473429859 0.0105
v 0.160275549 0.047761485 0.0100000007
v 0.159898028 0.0476857834 0.01025
v 0.1597064 0.04749609 0.0105
v 0.159890443 0.04796099 0.0100000007
v 0.159495249 0.04782017 0.01025
v 0.159399271 0.0475844 0.0105
v 0.159490258 0.04807605 0.0100000007
v 0.159099028 0.0476119444 0.0105
v 0.159099028 0.04811194 0.0100000007
v 0.159099028 0.0476119444 0.0125000011
v 0.159099028 0.0476119444 0.0105
v 0.159399271 0.0475844 0.0105
v 0.15944311 0.0475756675 0.0115
v 0.159399271 0.0475844 0.0125000011
v 0.1597064 0.04749609 0.0105
v 0.1597064 0.04749609 0.0125000011
v 0.159792885 0.04745896 0.0115
v 0.160001934 0.0473429859 0.0105
v 0.160001934 0.0473429859 0.0125000011
v 0.16012001 0.04725812 0.0115
v 0.160265744 0.04712867 0.0105
v 0.160265744 0.04712867 0.0125000011
v 0.1603952 0.04698293 0.0115
v 0.160480067 0.04686484 0.0105
v 0.160480067 0.04686484 0.0125000011
v 0.160596058 0.0466558 0.0115
v 0.160633191 0.0465692952 0.0105
v 0.160633191 0.0465692952 0.0125000011
v 0.160712764 0.0463060252 0.0115
v 0.160721481 0.0462621823 0.0105
v 0.160749048 0.0459619462 0.0115
v 0.160721481 0.0462621823 0.0125000011
v 0.160749048 0.0459619462 0.0105
v 0.160749048 0.0459619462 0.0125000011
v 0.160721481 0.0456617028 0.0105
v 0.160721481 0.0456617028 0.0125000011
v 0.160712764 0.04561786 0.0115
v 0.160633191 0.04535459 0.0105
v 0.160633191 0.04535459 0.0125000011
v 0.160633191 0.04535459 0.0115
v 0.160505891 0.0450997874 0.0115
v 0.160480067 0.0450590476 0.0105
v 0.160480067 0.0450590476 0.0125000011
v 0.16033271 0.0448662378 0.0115
v 0.160265744 0.0447952151 0.0105
v 0.160265744 0.0447952151 0.0125000011
v 0.16012001 0.044665765 0.0115
v 0.160001934 0.0445809 0.0105
v 0.160001934 0.0445809 0.0125000011
v 0.159877986 0.0445073843 0.0115
v 0.1597064 0.0444277935 0.0105
v 0.1597064 0.0444277935 0.0125000011
v 0.159618974 0.0443959981 0.0115
v 0.159399271 0.0443394855 0.0105
v 0.159399271 0.0443394855 0.0125000011
v 0.159355581 0.0443320125 0.0115
v 0.159099028 0.0443119481 0.0105
v 0.159099028 0.0443119481 0.0125000011
v 0.158798814 0.0443394855 0.0105
v 0.158754945 0.0443482175 0.0115
v 0.158798814 0.0443394855 0.0125000011
v 0.158491671 0.0444277935 0.0105
v 0.158491671 0.0444277935 0.0125000011
v 0.15840517 0.0444649234 0.0115
v 0.158196121 0.0445809 0.0105
v 0.158196121 0.0445809 0.0125000011
v 0.15807806 0.044665765 0.0115
v 0.157932311 0.0447952151 0.0105
v 0.157932311 0.0447952151 0.0125000011
v 0.15780285 0.0449409559 0.0115
v 0.157717988 0.0450590476 0.0105
v 0.157717988 0.0450590476 0.0125000011
v 0.157602012 0.0452680849 0.0115
v 0.157564878 0.04535459 0.0105
v 0.157564878 0.04535459 0.0125000011
v 0.1574853 0.04561786 0.0115
v 0.157476574 0.0456617028 0.0105
v 0.157449037 0.0459619462 0.0115
v 0.157476574 0.0456617028 0.0125000011
v 0.157449037 0.0459619462 0.0105
v 0.157449037 0.0459619462 0.0125000011
v 0.157476574 0.0462621823 0.0105
v 0.157476574 0.0462621823 0.0125000011
v 0.1574853 0.0463060252 0.0115
v 0.157564878 0.0465692952 0.0105
v 0.157564878 0.0465692952 0.0125000011
v 0.157564878 0.0465692952 0.0115
v 0.1576922 0.0468240976 0.0115
v 0.157717988 0.04686484 0.0105
v 0.157717988 0.04686484 0.0125000011
v 0.15786536 0.0470576473 0.0115
v 0.157932311 0.04712867 0.0105
v 0.157932311 0.04712867 0.0125000011
v 0.15807806 0.04725812 0.0115
v 0.158196121 0.0473429859 0.0105
v 0.158196121 0.0473429859 0.0125000011
v 0.158320084 0.0474165 0.0115
v 0.158491671 0.04749609 0.0105
v 0.158491671 0.04749609 0.0125000011
v 0.158579111 0.0475278869 0.0115
v 0.158798814 0.0475844 0.0105
v 0.158798814 0.0475844 0.0125000011
v 0.158842489 0.04759188 0.0115
v 0.159099028 0.0476119444 0.0105
v 0.159099028 0.0476119444 0.0125000011
v 0.12849243 -0.07821854 0.0105
v 0.128792673 -0.078191 0.0105
v 0.12849243 -0.07871855 0.0100000007
v 0.129091129 -0.0783717558 0.01025
v 0.129099786 -0.0781027 0.0105
v 0.12888366 -0.0786826462 0.0100000007
v 0.129283831 -0.0785675943 0.0100000007
v 0.129395336 -0.07794959 0.0105
v 0.129668921 -0.07836808 0.0100000007
v 0.1296681 -0.07806112 0.01025
v 0.129659161 -0.07773527 0.0105
v 0.130112424 -0.0775613338 0.01025
v 0.1300127 -0.07808883 0.0100000007
v 0.129873469 -0.07747144 0.0105
v 0.130291969 -0.07774504 0.0100000007
v 0.130026579 -0.0771759 0.0105
v 0.130491465 -0.07735995 0.0100000007
v 0.130350664 -0.0769647658 0.01025
v 0.130114883 -0.07686879 0.0105
v 0.130392432 -0.0765685439 0.01025
v 0.130606532 -0.07695977 0.0100000007
v 0.130142435 -0.0765685439 0.0105
v 0.130642429 -0.0765685439 0.0100000007
v 0.130114883 -0.07626831 0.0105
v 0.130606532 -0.07617733 0.0100000007
v 0.130350664 -0.07617234 0.01025
v 0.130026579 -0.07596119 0.0105
v 0.130491465 -0.07577714 0.0100000007
v 0.130216271 -0.07576956 0.01025
v 0.129873469 -0.0756656453 0.0105
v 0.130291969 -0.0753920451 0.0100000007
v 0.129985 -0.0753928646 0.01025
v 0.129659161 -0.07540182 0.0105
v 0.1300127 -0.07504827 0.0100000007
v 0.1296681 -0.07507597 0.01025
v 0.129395336 -0.0751875043 0.0105
v 0.129668921 -0.0747690052 0.0100000007
v 0.129291415 -0.0748447 0.01025
v 0.129099786 -0.0750343949 0.0105
v 0.129283831 -0.0745695 0.0100000007
v 0.128888652 -0.07471032 0.01025
v 0.128792673 -0.07494609 0.0105
v 0.12888366 -0.07445444 0.0100000007
v 0.12849243 -0.0749185458 0.0105
v 0.12849243 -0.07441855 0.0100000007
v 0.12849243 -0.0749185458 0.0125000011
v 0.12849243 -0.0749185458 0.0105
v 0.128792673 -0.07494609 0.0105
v 0.128836513 -0.07495482 0.0115
v 0.128792673 -0.07494609 0.0125000011
v 0.129099786 -0.0750343949 0.0105
v 0.129099786 -0.0750343949 0.0125000011
v 0.1291863 -0.07507153 0.0115
v 0.129395336 -0.0751875043 0.0105
v 0.129395336 -0.0751875043 0.0125000011
v 0.129513428 -0.07527237 0.0115
v 0.129659161 -0.07540182 0.0105
v 0.129659161 -0.07540182 0.0125000011
v 0.1297886 -0.07554756 0.0115
v 0.129873469 -0.0756656453 0.0105
v 0.129873469 -0.0756656453 0.0125000011
v 0.129989445 -0.07587469 0.0115
v 0.130026579 -0.07596119 0.0105
v 0.130026579 -0.07596119 0.0125000011
v 0.130106151 -0.07622446 0.0115
v 0.130114883 -0.07626831 0.0105
v 0.130142435 -0.0765685439 0.0115
v 0.130114883 -0.07626831 0.0125000011
v 0.130142435 -0.0765685439 0.0105
v 0.130142435 -0.0765685439 0.0125000011
v 0.130114883 -0.07686879 0.0105
v 0.130114883 -0.07686879 0.0125000011
v 0.130106151 -0.0769126341 0.0115
v 0.130026579 -0.0771759 0.0105
v 0.130026579 -0.0771759 0.0125000011
v 0.130026579 -0.0771759 0.0115
v 0.129899263 -0.0774306953 0.0115
v 0.129873469 -0.07747144 0.0105
v 0.129873469 -0.07747144 0.0125000011
v 0.1297261 -0.0776642561 0.0115
v 0.129659161 -0.07773527 0.0105
v 0.129659161 -0.07773527 0.0125000011
v 0.129513428 -0.07786473 0.0115
v 0.129395336 -0.07794959 0.0105
v 0.129395336 -0.07794959 0.0125000011
v 0.129271388 -0.0780231059 0.0115
v 0.129099786 -0.0781027 0.0105
v 0.129099786 -0.0781027 0.0125000011
v 0.129012346 -0.07813449 0.0115
v 0.128792673 -0.078191 0.0105
v 0.128792673 -0.078191 0.0125000011
v 0.128748983 -0.07819848 0.0115
v 0.12849243 -0.07821854 0.0105
v 0.12849243 -0.07821854 0.0125000011
v 0.128192186 -0.078191 0.0105
v 0.128148347 -0.07818228 0.0115
v 0.128192186 -0.078191 0.0125000011
v 0.127885073 -0.0781027 0.0105
v 0.127885073 -0.0781027 0.0125000011
v 0.127798572 -0.07806556 0.0115
v 0.127589539 -0.07794959 0.0105
v 0.127589539 -0.07794959 0.0125000011
v 0.127471447 -0.07786473 0.0115
v 0.1273257 -0.07773527 0.0105
v 0.1273257 -0.07773527 0.0125000011
v 0.127196252 -0.0775895342 0.0115
v 0.12711139 -0.07747144 0.0105
v 0.12711139 -0.07747144 0.0125000011
v 0.126995414 -0.0772624 0.0115
v 0.126958281 -0.0771759 0.0105
v 0.126958281 -0.0771759 0.0125000011
v 0.126878709 -0.0769126341 0.0115
v 0.126869977 -0.07686879 0.0105
v 0.126842424 -0.0765685439 0.0115
v 0.126869977 -0.07686879 0.0125000011
v 0.126842424 -0.0765685439 0.0105
v 0.126842424 -0.0765685439 0.0125000011
v 0.126869977 -0.07626831 0.0105
v 0.126869977 -0.07626831 0.0125000011
v 0.126878709 -0.07622446 0.0115
v 0.126958281 -0.07596119 0.0105
v 0.126958281 -0.07596119 0.0125000011
v 0.126958281 -0.07596119 0.0115
v 0.1270856 -0.0757064 0.0115
v 0.12711139 -0.0756656453 0.0105
v 0.12711139 -0.0756656453 0.0125000011
v 0.127258763 -0.07547284 0.0115
v 0.1273257 -0.07540182 0.0105
v 0.1273257 -0.07540182 0.0125000011
v 0.127471447 -0.07527237 0.0115
v 0.127589539 -0.0751875043 0.0105
v 0.127589539 -0.0751875043 0.0125000011
v 0.127713472 -0.07511399 0.0115
v 0.127885073 -0.0750343949 0.0105
v 0.127885073 -0.0750343949 0.0125000011
v 0.127972513 -0.0750026 0.0115
v 0.128192186 -0.07494609 0.0105
v 0.128192186 -0.07494609 0.0125000011
v 0.128235891 -0.07493861 0.0115
v 0.12849243 -0.0749185458 0.0105
v 0.12849243 -0.0749185458 0.0125000011
v 0.13849242 -0.0682185441 0.0105
v 0.138792679 -0.068191 0.0105
v 0.13849242 -0.0687185451 0.0100000007
v 0.139091134 -0.06837176 0.01025
v 0.139099792 -0.068102695 0.0105
v 0.13888365 -0.06868265 0.0100000007
v 0.139283836 -0.06856759 0.0100000007
v 0.139395326 -0.0679495856 0.0105
v 0.139668927 -0.0683680847 0.0100000007
v 0.1396681 -0.06806111 0.01025
v 0.139659151 -0.06773527 0.0105
v 0.14011243 -0.06756133 0.01025
v 0.140012711 -0.06808883 0.0100000007
v 0.139873475 -0.0674714446 0.0105
v 0.140291974 -0.0677450448 0.0100000007
v 0.140026584 -0.0671759 0.0105
v 0.140491471 -0.06735995 0.0100000007
v 0.14035067 -0.06696476 0.01025
v 0.140114889 -0.06686878 0.0105
v 0.140392438 -0.066568546 0.01025
v 0.140606537 -0.06695977 0.0100000007
v 0.140142426 -0.066568546 0.0105
v 0.140642434 -0.066568546 0.0100000007
v 0.140114889 -0.06626831 0.0105
v 0.140606537 -0.06617732 0.0100000007
v 0.14035067 -0.06617233 0.01025
v 0.140026584 -0.06596119 0.0105
v 0.140491471 -0.0657771453 0.0100000007
v 0.140216261 -0.06576956 0.01025
v 0.139873475 -0.06566565 0.0105
v 0.140291974 -0.06539205 0.0100000007
v 0.139985 -0.06539287 0.01025
v 0.139659151 -0.06540182 0.0105
v 0.140012711 -0.06504826 0.0100000007
v 0.1396681 -0.06507597 0.01025
v 0.139395326 -0.06518751 0.0105
v 0.139668927 -0.06476901 0.0100000007
v 0.139291421 -0.0648447052 0.01025
v 0.139099792 -0.06503439 0.0105
v 0.139283836 -0.0645695 0.0100000007
v 0.138888642 -0.06471031 0.01025
v 0.138792679 -0.06494609 0.0105
v 0.13888365 -0.06445444 0.0100000007
v 0.13849242 -0.06491854 0.0105
v 0.13849242 -0.06441855 0.0100000007
v 0.13849242 -0.06491854 0.0125000011
v 0.13849242 -0.06491854 0.0105
v 0.138792679 -0.06494609 0.0105
v 0.138836518 -0.0649548247 0.0115
v 0.138792679 -0.06494609 0.0125000011
v 0.139099792 -0.06503439 0.0105
v 0.139099792 -0.06503439 0.0125000011
v 0.1391863 -0.06507152 0.0115
v 0.139395326 -0.06518751 0.0105
v 0.139395326 -0.06518751 0.0125000011
v 0.139513433 -0.06527236 0.0115
v 0.139659151 -0.06540182 0.0105
v 0.139659151 -0.06540182 0.0125000011
v 0.139788613 -0.0655475557 0.0115
v 0.139873475 -0.06566565 0.0105
v 0.139873475 -0.06566565 0.0125000011
v 0.139989451 -0.06587469 0.0115
v 0.140026584 -0.06596119 0.0105
v 0.140026584 -0.06596119 0.0125000011
v 0.140106142 -0.06622446 0.0115
v 0.140114889 -0.06626831 0.0105
v 0.140142426 -0.066568546 0.0115
v 0.140114889 -0.06626831 0.0125000011
v 0.140142426 -0.066568546 0.0105
v 0.140142426 -0.066568546 0.0125000011
v 0.140114889 -0.06686878 0.0105
v 0.140114889 -0.06686878 0.0125000011
v 0.140106142 -0.06691263 0.0115
v 0.140026584 -0.0671759 0.0105
v 0.140026584 -0.0671759 0.0125000011
v 0.140026584 -0.0671759 0.0115
v 0.139899269 -0.0674307 0.0115
v 0.139873475 -0.0674714446 0.0105
v 0.139873475 -0.0674714446 0.0125000011
v 0.139726087 -0.06766425 0.0115
v 0.139659151 -0.06773527 0.0105
v 0.139659151 -0.06773527 0.0125000011
v 0.139513433 -0.06786472 0.0115
v 0.139395326 -0.0679495856 0.0105
v 0.139395326 -0.0679495856 0.0125000011
v 0.139271379 -0.0680231 0.0115
v 0.139099792 -0.068102695 0.0105
v 0.139099792 -0.068102695 0.0125000011
v 0.139012352 -0.0681344941 0.0115
v 0.138792679 -0.068191 0.0105
v 0.138792679 -0.068191 0.0125000011
v 0.138748974 -0.06819848 0.0115
v 0.13849242 -0.0682185441 0.0105
v 0.13849242 -0.0682185441 0.0125000011
v 0.138192192 -0.068191 0.0105
v 0.138148338 -0.06818227 0.0115
v 0.138192192 -0.068191 0.0125000011
v 0.137885079 -0.068102695 0.0105
v 0.137885079 -0.068102695 0.0125000011
v 0.137798578 -0.06806556 0.0115
v 0.137589544 -0.0679495856 0.0105
v 0.137589544 -0.0679495856 0.0125000011
v 0.137471437 -0.06786472 0.0115
v 0.1373257 -0.06773527 0.0105
v 0.1373257 -0.06773527 0.0125000011
v 0.137196243 -0.06758954 0.0115
v 0.137111381 -0.0674714446 0.0105
v 0.137111381 -0.0674714446 0.0125000011
v 0.13699542 -0.0672624 0.0115
v 0.136958271 -0.0671759 0.0105
v 0.136958271 -0.0671759 0.0125000011
v 0.1368787 -0.06691263 0.0115
v 0.136869982 -0.06686878 0.0105
v 0.13684243 -0.066568546 0.0115
v 0.136869982 -0.06686878 0.0125000011
v 0.13684243 -0.066568546 0.0105
v 0.13684243 -0.066568546 0.0125000011
v 0.136869982 -0.06626831 0.0105
v 0.136869982 -0.06626831 0.0125000011
v 0.1368787 -0.06622446 0.0115
v 0.136958271 -0.06596119 0.0105
v 0.136958271 -0.06596119 0.0125000011
v 0.136958271 -0.06596119 0.0115
v 0.1370856 -0.0657063946 0.0115
v 0.137111381 -0.06566565 0.0105
v 0.137111381 -0.06566565 0.0125000011
v 0.137258768 -0.06547284 0.0115
v 0.1373257 -0.06540182 0.0105
v 0.1373257 -0.06540182 0.0125000011
v 0.137471437 -0.06527236 0.0115
v 0.137589544 -0.06518751 0.0105
v 0.137589544 -0.06518751 0.0125000011
v 0.137713477 -0.06511399 0.0115
v 0.137885079 -0.06503439 0.0105
v 0.137885079 -0.06503439 0.0125000011
v 0.137972519 -0.0650026 0.0115
v 0.138192192 -0.06494609 0.0105
v 0.138192192 -0.06494609 0.0125000011
v 0.1382359 -0.0649386048 0.0115
v 0.13849242 -0.06491854 0.0105
v 0.13849242 -0.06491854 0.0125000011
v 0.12849243 0.0483500026 0.0105
v 0.128792673 0.04837755 0.0105
v 0.12849243 0.0478499979 0.0100000007
v 0.129091129 0.0481967963 0.01025
v 0.129099786 0.048465848 0.0105
v 0.12888366 0.0478858948 0.0100000007
v 0.129283831 0.0480009578 0.0100000007
v 0.129395336 0.0486189574 0.0105
v 0.129668921 0.04820046 0.0100000007
v 0.1296681 0.04850743 0.01025
v 0.129659161 0.0488332734 0.0105
v 0.130112424 0.04900722 0.01025
v 0.1300127 0.04847972 0.0100000007
v 0.129873469 0.0490971059 0.0105
v 0.130291969 0.0488235019 0.0100000007
v 0.130026579 0.049392648 0.0105
v 0.130491465 0.0492085963 0.0100000007
v 0.130350664 0.0496037863 0.01025
v 0.130114883 0.0496997647 0.0105
v 0.130392432 0.0500000045 0.01025
v 0.130606532 0.0496087819 0.0100000007
v 0.130142435 0.0500000045 0.0105
v 0.130642429 0.0500000045 0.0100000007
v 0.130114883 0.0503002442 0.0105
v 0.130606532 0.0503912233 0.0100000007
v 0.130350664 0.05039622 0.01025
v 0.130026579 0.05060736 0.0105
v 0.130491465 0.0507914051 0.0100000007
v 0.130216271 0.05079899 0.01025
v 0.129873469 0.0509028956 0.0105
v 0.130291969 0.0511765033 0.0100000007
v 0.129985 0.0511756875 0.01025
v 0.129659161 0.05116673 0.0105
v 0.1300127 0.0515202843 0.0100000007
v 0.1296681 0.05149257 0.01025
v 0.129395336 0.0513810478 0.0105
v 0.129668921 0.0517995432 0.0100000007
v 0.129291415 0.0517238379 0.01025
v 0.129099786 0.0515341535 0.0105
v 0.129283831 0.0519990474 0.0100000007
v 0.128888652 0.0518582352 0.01025
v 0.128792673 0.0516224578 0.0105
v 0.12888366 0.0521141067 0.0100000007
v 0.12849243 0.05165 0.0105
v 0.12849243 0.0521500036 0.0100000007
v 0.12849243 0.05165 0.0125000011
v 0.12849243 0.05165 0.0105
v 0.128792673 0.0516224578 0.0105
v 0.128836513 0.05161373 0.0115
v 0.128792673 0.0516224578 0.0125000011
v 0.129099786 0.0515341535 0.0105
v 0.129099786 0.0515341535 0.0125000011
v 0.1291863 0.0514970161 0.0115
v 0.129395336 0.0513810478 0.0105
v 0.129395336 0.0513810478 0.0125000011
v 0.129513428 0.0512961857 0.0115
v 0.129659161 0.05116673 0.0105
v 0.129659161 0.05116673 0.0125000011
v 0.1297886 0.0510209948 0.0115
v 0.129873469 0.0509028956 0.0105
v 0.129873469 0.0509028956 0.0125000011
v 0.129989445 0.0506938621 0.0115
v 0.130026579 0.05060736 0.0105
v 0.130026579 0.05060736 0.0125000011
v 0.130106151 0.0503440872 0.0115
v 0.130114883 0.0503002442 0.0105
v 0.130142435 0.0500000045 0.0115
v 0.130114883 0.0503002442 0.0125000011
v 0.130142435 0.0500000045 0.0105
v 0.130142435 0.0500000045 0.0125000011
v 0.130114883 0.0496997647 0.0105
v 0.130114883 0.0496997647 0.0125000011
v 0.130106151 0.04965592 0.0115
v 0.130026579 0.049392648 0.0105
v 0.130026579 0.049392648 0.0125000011
v 0.130026579 0.049392648 0.0115
v 0.129899263 0.0491378456 0.0115
v 0.129873469 0.0490971059 0.0105
v 0.129873469 0.0490971059 0.0125000011
v 0.1297261 0.0489043 0.0115
v 0.129659161 0.0488332734 0.0105
v 0.129659161 0.0488332734 0.0125000011
v 0.129513428 0.04870382 0.0115
v 0.129395336 0.0486189574 0.0105
v 0.129395336 0.0486189574 0.0125000011
v 0.129271388 0.0485454462 0.0115
v 0.129099786 0.048465848 0.0105
v 0.129099786 0.048465848 0.0125000011
v 0.129012346 0.04843406 0.0115
v 0.128792673 0.04837755 0.0105
v 0.128792673 0.04837755 0.0125000011
v 0.128748983 0.048370067 0.0115
v 0.12849243 0.0483500026 0.0105
v 0.12849243 0.0483500026 0.0125000011
v 0.128192186 0.04837755 0.0105
v 0.128148347 0.0483862758 0.0115
v 0.128192186 0.04837755 0.0125000011
v 0.127885073 0.048465848 0.0105
v 0.127885073 0.048465848 0.0125000011
v 0.127798572 0.0485029854 0.0115
v 0.127589539 0.0486189574 0.0105
v 0.127589539 0.0486189574 0.0125000011
v 0.127471447 0.04870382 0.0115
v 0.1273257 0.0488332734 0.0105
v 0.1273257 0.0488332734 0.0125000011
v 0.127196252 0.0489790142 0.0115
v 0.12711139 0.0490971059 0.0105
v 0.12711139 0.0490971059 0.0125000011
v 0.126995414 0.04930614 0.0115
v 0.126958281 0.049392648 0.0105
v 0.126958281 0.049392648 0.0125000011
v 0.126878709 0.04965592 0.0115
v 0.126869977 0.0496997647 0.0105
v 0.126842424 0.0500000045 0.0115
v 0.126869977 0.0496997647 0.0125000011
v 0.126842424 0.0500000045 0.0105
v 0.126842424 0.0500000045 0.0125000011
v 0.126869977 0.0503002442 0.0105
v 0.126869977 0.0503002442 0.0125000011
v 0.126878709 0.0503440872 0.0115
v 0.126958281 0.05060736 0.0105
v 0.126958281 0.05060736 0.0125000011
v 0.126958281 0.05060736 0.0115
v 0.1270856 0.0508621559 0.0115
v 0.12711139 0.0509028956 0.0105
v 0.12711139 0.0509028956 0.0125000011
v 0.127258763 0.05109571 0.0115
v 0.1273257 0.05116673 0.0105
v 0.1273257 0.05116673 0.0125000011
v 0.127471447 0.0512961857 0.0115
v 0.127589539 0.0513810478 0.0105
v 0.127589539 0.0513810478 0.0125000011
v 0.127713472 0.0514545627 0.0115
v 0.127885073 0.0515341535 0.0105
v 0.127885073 0.0515341535 0.0125000011
v 0.127972513 0.0515659451 0.0115
v 0.128192186 0.0516224578 0.0105
v 0.128192186 0.0516224578 0.0125000011
v 0.128235891 0.0516299345 0.0115
v 0.12849243 0.05165 0.0105
v 0.12849243 0.05165 0.0125000011
v 0.108492434 0.09821855 0.0125000011
v 0.108492434 0.09821855 0.0105
v 0.10879267 0.09819099 0.0105
v 0.108836517 0.09818227 0.0115
v 0.10879267 0.09819099 0.0125000011
v 0.109099783 0.0981026962 0.0105
v 0.109099783 0.0981026962 0.0125000011
v 0.109186292 0.09806557 0.0115
v 0.109395325 0.09794959 0.0105
v 0.109395325 0.09794959 0.0125000011
v 0.109513417 0.0978647247 0.0115
v 0.10965915 0.09773527 0.0105
v 0.10965915 0.09773527 0.0125000011
v 0.109788619 0.09758954 0.0115
v 0.109873474 0.09747144 0.0105
v 0.109873474 0.09747144 0.0125000011
v 0.109989449 0.0972624049 0.0115
v 0.110026591 0.09717591 0.0105
v 0.110026591 0.09717591 0.0125000011
v 0.110106155 0.09691262 0.0115
v 0.110114887 0.09686879 0.0105
v 0.110142425 0.09656855 0.0115
v 0.110114887 0.09686879 0.0125000011
v 0.110142425 0.09656855 0.0105
v 0.110142425 0.09656855 0.0125000011
v 0.110114887 0.09626831 0.0105
v 0.110114887 0.09626831 0.0125000011
v 0.110106155 0.0962244645 0.0115
v 0.110026591 0.0959612 0.0105
v 0.110026591 0.0959612 0.0125000011
v 0.110026591 0.0959612 0.0115
v 0.109899268 0.09570639 0.0115
v 0.109873474 0.09566565 0.0105
v 0.109873474 0.09566565 0.0125000011
v 0.109726086 0.09547284 0.0115
v 0.10965915 0.0954018161 0.0105
v 0.10965915 0.0954018161 0.0125000011
v 0.109513417 0.09527236 0.0115
v 0.109395325 0.09518751 0.0105
v 0.109395325 0.09518751 0.0125000011
v 0.109271377 0.09511399 0.0115
v 0.109099783 0.09503439 0.0105
v 0.109099783 0.09503439 0.0125000011
v 0.10901235 0.09500259 0.0115
v 0.10879267 0.0949460939 0.0105
v 0.10879267 0.0949460939 0.0125000011
v 0.108748972 0.09493861 0.0115
v 0.108492434 0.09491855 0.0105
v 0.108492434 0.09491855 0.0125000011
v 0.108192191 0.0949460939 0.0105
v 0.108148344 0.09495482 0.0115
v 0.108192191 0.0949460939 0.0125000011
v 0.10788507 0.09503439 0.0105
v 0.10788507 0.09503439 0.0125000011
v 0.107798576 0.09507153 0.0115
v 0.107589528 0.09518751 0.0105
v 0.107589528 0.09518751 0.0125000011
v 0.107471436 0.09527236 0.0115
v 0.1073257 0.0954018161 0.0105
v 0.1073257 0.0954018161 0.0125000011
v 0.107196257 0.09554756 0.0115
v 0.10711138 0.09566565 0.0105
v 0.10711138 0.09566565 0.0125000011
v 0.106995411 0.09587468 0.0115
v 0.106958285 0.0959612 0.0105
v 0.106958285 0.0959612 0.0125000011
v 0.106878713 0.0962244645 0.0115
v 0.106869981 0.09626831 0.0105
v 0.106842428 0.09656855 0.0115
v 0.106869981 0.09626831 0.0125000011
v 0.106842428 0.09656855 0.0105
v 0.106842428 0.09656855 0.0125000011
v 0.106869981 0.09686879 0.0105
v 0.106869981 0.09686879 0.0125000011
v 0.106878713 0.09691262 0.0115
v 0.106958285 0.09717591 0.0105
v 0.106958285 0.09717591 0.0125000011
v 0.106958285 0.09717591 0.0115
v 0.107085593 0.097430706 0.0115
v 0.10711138 0.09747144 0.0105
v 0.10711138 0.09747144 0.0125000011
v 0.107258767 0.09766426 0.0115
v 0.1073257 0.09773527 0.0105
v 0.1073257 0.09773527 0.0125000011
v 0.107471436 0.0978647247 0.0115
v 0.107589528 0.09794959 0.0105
v 0.107589528 0.09794959 0.0125000011
v 0.107713476 0.09802311 0.0115
v 0.10788507 0.0981026962 0.0105
v 0.10788507 0.0981026962 0.0125000011
v 0.10797251 0.0981344953 0.0115
v 0.108192191 0.09819099 0.0105
v 0.108192191 0.09819099 0.0125000011
v 0.108235888 0.09819849 0.0115
v 0.108492434 0.09821855 0.0105
v 0.108492434 0.09821855 0.0125000011
v 0.13849242 0.06491854 0.0105
v 0.138792679 0.06494609 0.0105
v 0.13849242 0.06441855 0.0100000007
v 0.139091134 0.0647653341 0.01025
v 0.139099792 0.06503439 0.0105
v 0.13888365 0.06445444 0.0100000007
v 0.139283836 0.0645695 0.0100000007
v 0.139395326 0.06518751 0.0105
v 0.139668927 0.06476901 0.0100000007
v 0.1396681 0.06507597 0.01025
v 0.139659151 0.06540182 0.0105
v 0.14011243 0.06557576 0.01025
v 0.140012711 0.06504826 0.0100000007
v 0.139873475 0.06566565 0.0105
v 0.140291974 0.06539205 0.0100000007
v 0.140026584 0.06596119 0.0105
v 0.140491471 0.0657771453 0.0100000007
v 0.14035067 0.06617233 0.01025
v 0.140114889 0.06626831 0.0105
v 0.140392438 0.066568546 0.01025
v 0.140606537 0.06617732 0.0100000007
v 0.140142426 0.066568546 0.0105
v 0.140642434 0.066568546 0.0100000007
v 0.140114889 0.06686878 0.0105
v 0.140606537 0.06695977 0.0100000007
v 0.14035067 0.06696476 0.01025
v 0.140026584 0.0671759 0.0105
v 0.140491471 0.06735995 0.0100000007
v 0.140216261 0.06736754 0.01025
v 0.139873475 0.0674714446 0.0105
v 0.140291974 0.0677450448 0.0100000007
v 0.139985 0.06774423 0.01025
v 0.139659151 0.06773527 0.0105
v 0.140012711 0.06808883 0.0100000007
v 0.1396681 0.06806111 0.01025
v 0.139395326 0.0679495856 0.0105
v 0.139668927 0.0683680847 0.0100000007
v 0.139291421 0.06829238 0.01025
v 0.139099792 0.068102695 0.0105
v 0.139283836 0.06856759 0.0100000007
v 0.138888642 0.06842677 0.01025
v 0.138792679 0.068191 0.0105
v 0.13888365 0.06868265 0.0100000007
v 0.13849242 0.0682185441 0.0105
v 0.13849242 0.0687185451 0.0100000007
v 0.13849242 0.0682185441 0.0125000011
v 0.13849242 0.0682185441 0.0105
v 0.138792679 0.068191 0.0105
v 0.138836518 0.06818227 0.0115
v 0.138792679 0.068191 0.0125000011
v 0.139099792 0.068102695 0.0105
v 0.139099792 0.068102695 0.0125000011
v 0.1391863 0.06806556 0.0115
v 0.139395326 0.0679495856 0.0105
v 0.139395326 0.0679495856 0.0125000011
v 0.139513433 0.06786472 0.0115
v 0.139659151 0.06773527 0.0105
v 0.139659151 0.06773527 0.0125000011
v 0.139788613 0.06758954 0.0115
v 0.139873475 0.0674714446 0.0105
v 0.139873475 0.0674714446 0.0125000011
v 0.139989451 0.0672624 0.0115
v 0.140026584 0.0671759 0.0105
v 0.140026584 0.0671759 0.0125000011
v 0.140106142 0.06691263 0.0115
v 0.140114889 0.06686878 0.0105
v 0.140142426 0.066568546 0.0115
v 0.140114889 0.06686878 0.0125000011
v 0.140142426 0.066568546 0.0105
v 0.140142426 0.066568546 0.0125000011
v 0.140114889 0.06626831 0.0105
v 0.140114889 0.06626831 0.0125000011
v 0.140106142 0.06622446 0.0115
v 0.140026584 0.06596119 0.0105
v 0.140026584 0.06596119 0.0125000011
v 0.140026584 0.06596119 0.0115
v 0.139899269 0.0657063946 0.0115
v 0.139873475 0.06566565 0.0105
v 0.139873475 0.06566565 0.0125000011
v 0.139726087 0.06547284 0.0115
v 0.139659151 0.06540182 0.0105
v 0.139659151 0.06540182 0.0125000011
v 0.139513433 0.06527236 0.0115
v 0.139395326 0.06518751 0.0105
v 0.139395326 0.06518751 0.0125000011
v 0.139271379 0.06511399 0.0115
v 0.139099792 0.06503439 0.0105
v 0.139099792 0.06503439 0.0125000011
v 0.139012352 0.0650026 0.0115
v 0.138792679 0.06494609 0.0105
v 0.138792679 0.06494609 0.0125000011
v 0.138748974 0.0649386048 0.0115
v 0.13849242 0.06491854 0.0105
v 0.13849242 0.06491854 0.0125000011
v 0.138192192 0.06494609 0.0105
v 0.138148338 0.0649548247 0.0115
v 0.138192192 0.06494609 0.0125000011
v 0.137885079 0.06503439 0.0105
v 0.137885079 0.06503439 0.0125000011
v 0.137798578 0.06507152 0.0115
v 0.137589544 0.06518751 0.0105
v 0.137589544 0.06518751 0.0125000011
v 0.137471437 0.06527236 0.0115
v 0.1373257 0.06540182 0.0105
v 0.1373257 0.06540182 0.0125000011
v 0.137196243 0.0655475557 0.0115
v 0.137111381 0.06566565 0.0105
v 0.137111381 0.06566565 0.0125000011
v 0.13699542 0.06587469 0.0115
v 0.136958271 0.06596119 0.0105
v 0.136958271 0.06596119 0.0125000011
v 0.1368787 0.06622446 0.0115
v 0.136869982 0.06626831 0.0105
v 0.13684243 0.066568546 0.0115
v 0.136869982 0.06626831 0.0125000011
v 0.13684243 0.066568546 0.0105
v 0.13684243 0.066568546 0.0125000011
v 0.136869982 0.06686878 0.0105
v 0.136869982 0.06686878 0.0125000011
v 0.1368787 0.06691263 0.0115
v 0.136958271 0.0671759 0.0105
v 0.136958271 0.0671759 0.0125000011
v 0.136958271 0.0671759 0.0115
v 0.1370856 0.0674307 0.0115
v 0.137111381 0.0674714446 0.0105
v 0.137111381 0.0674714446 0.0125000011
v 0.137258768 0.06766425 0.0115
v 0.1373257 0.06773527 0.0105
v 0.1373257 0.06773527 0.0125000011
v 0.137471437 0.06786472 0.0115
v 0.137589544 0.0679495856 0.0105
v 0.137589544 0.0679495856 0.0125000011
v 0.137713477 0.0680231 0.0115
v 0.137885079 0.068102695 0.0105
v 0.137885079 0.068102695 0.0125000011
v 0.137972519 0.0681344941 0.0115
v 0.138192192 0.068191 0.0105
v 0.138192192 0.068191 0.0125000011
v 0.1382359 0.06819848 0.0115
v 0.13849242 0.0682185441 0.0105
v 0.13849242 0.0682185441 0.0125000011
v 0.12849243 -0.05165 0.0105
v 0.128792673 -0.0516224578 0.0105
v 0.12849243 -0.0521500036 0.0100000007
v 0.129091129 -0.0518032126 0.01025
v 0.129099786 -0.0515341535 0.0105
v 0.12888366 -0.0521141067 0.0100000007
v 0.129283831 -0.0519990474 0.0100000007
v 0.129395336 -0.0513810478 0.0105
v 0.129668921 -0.0517995432 0.0100000007
v 0.1296681 -0.05149257 0.01025
v 0.129659161 -0.05116673 0.0105
v 0.130112424 -0.0509927869 0.01025
v 0.1300127 -0.0515202843 0.0100000007
v 0.129873469 -0.0509028956 0.0105
v 0.130291969 -0.0511765033 0.0100000007
v 0.130026579 -0.05060736 0.0105
v 0.130491465 -0.0507914051 0.0100000007
v 0.130350664 -0.05039622 0.01025
v 0.130114883 -0.0503002442 0.0105
v 0.130392432 -0.0500000045 0.01025
v 0.130606532 -0.0503912233 0.0100000007
v 0.130142435 -0.0500000045 0.0105
v 0.130642429 -0.0500000045 0.0100000007
v 0.130114883 -0.0496997647 0.0105
v 0.130606532 -0.0496087819 0.0100000007
v 0.130350664 -0.0496037863 0.01025
v 0.130026579 -0.049392648 0.0105
v 0.130491465 -0.0492085963 0.0100000007
v 0.130216271 -0.04920101 0.01025
v 0.129873469 -0.0490971059 0.0105
v 0.130291969 -0.0488235019 0.0100000007
v 0.129985 -0.0488243178 0.01025
v 0.129659161 -0.0488332734 0.0105
v 0.1300127 -0.04847972 0.0100000007
v 0.1296681 -0.04850743 0.01025
v 0.129395336 -0.0486189574 0.0105
v 0.129668921 -0.04820046 0.0100000007
v 0.129291415 -0.0482761636 0.01025
v 0.129099786 -0.048465848 0.0105
v 0.129283831 -0.0480009578 0.0100000007
v 0.128888652 -0.0481417738 0.01025
v 0.128792673 -0.04837755 0.0105
v 0.12888366 -0.0478858948 0.0100000007
v 0.12849243 -0.0483500026 0.0105
v 0.12849243 -0.0478499979 0.0100000007
v 0.12849243 -0.0483500026 0.0125000011
v 0.12849243 -0.0483500026 0.0105
v 0.128792673 -0.04837755 0.0105
v 0.128836513 -0.0483862758 0.0115
v 0.128792673 -0.04837755 0.0125000011
v 0.129099786 -0.048465848 0.0105
v 0.129099786 -0.048465848 0.0125000011
v 0.1291863 -0.0485029854 0.0115
v 0.129395336 -0.0486189574 0.0105
v 0.129395336 -0.0486189574 0.0125000011
v 0.129513428 -0.04870382 0.0115
v 0.129659161 -0.0488332734 0.0105
v 0.129659161 -0.0488332734 0.0125000011
v 0.1297886 -0.0489790142 0.0115
v 0.129873469 -0.0490971059 0.0105
v 0.129873469 -0.0490971059 0.0125000011
v 0.129989445 -0.04930614 0.0115
v 0.130026579 -0.049392648 0.0105
v 0.130026579 -0.049392648 0.0125000011
v 0.130106151 -0.04965592 0.0115
v 0.130114883 -0.0496997647 0.0105
v 0.130142435 -0.0500000045 0.0115
v 0.130114883 -0.0496997647 0.0125000011
v 0.130142435 -0.0500000045 0.0105
v 0.130142435 -0.0500000045 0.0125000011
v 0.130114883 -0.0503002442 0.0105
v 0.130114883 -0.0503002442 0.0125000011
v 0.130106151 -0.0503440872 0.0115
v 0.130026579 -0.05060736 0.0105
v 0.130026579 -0.05060736 0.0125000011
v 0.130026579 -0.05060736 0.0115
v 0.129899263 -0.0508621559 0.0115
v 0.129873469 -0.0509028956 0.0105
v 0.129873469 -0.0509028956 0.0125000011
v 0.1297261 -0.05109571 0.0115
v 0.129659161 -0.05116673 0.0105
v 0.129659161 -0.05116673 0.0125000011
v 0.129513428 -0.0512961857 0.0115
v 0.129395336 -0.0513810478 0.0105
v 0.129395336 -0.0513810478 0.0125000011
v 0.129271388 -0.0514545627 0.0115
v 0.129099786 -0.0515341535 0.0105
v 0.129099786 -0.0515341535 0.0125000011
v 0.129012346 -0.0515659451 0.0115
v 0.128792673 -0.0516224578 0.0105
v 0.128792673 -0.0516224578 0.0125000011
v 0.128748983 -0.0516299345 0.0115
v 0.12849243 -0.05165 0.0105
v 0.12849243 -0.05165 0.0125000011
v 0.128192186 -0.0516224578 0.0105
v 0.128148347 -0.05161373 0.0115
v 0.128192186 -0.0516224578 0.0125000011
v 0.127885073 -0.0515341535 0.0105
v 0.127885073 -0.0515341535 0.0125000011
v 0.127798572 -0.0514970161 0.0115
v 0.127589539 -0.0513810478 0.0105
v 0.127589539 -0.0513810478 0.0125000011
v 0.127471447 -0.0512961857 0.0115
v 0.1273257 -0.05116673 0.0105
v 0.1273257 -0.05116673 0.0125000011
v 0.127196252 -0.0510209948 0.0115
v 0.12711139 -0.0509028956 0.0105
v 0.12711139 -0.0509028956 0.0125000011
v 0.126995414 -0.0506938621 0.0115
v 0.126958281 -0.05060736 0.0105
v 0.126958281 -0.05060736 0.0125000011
v 0.126878709 -0.0503440872 0.0115
v 0.126869977 -0.0503002442 0.0105
v 0.126842424 -0.0500000045 0.0115
v 0.126869977 -0.0503002442 0.0125000011
v 0.126842424 -0.0500000045 0.0105
v 0.126842424 -0.0500000045 0.0125000011
v 0.126869977 -0.0496997647 0.0105
v 0.126869977 -0.0496997647 0.0125000011
v 0.126878709 -0.04965592 0.0115
v 0.126958281 -0.049392648 0.0105
v 0.126958281 -0.049392648 0.0125000011
v 0.126958281 -0.049392648 0.0115
v 0.1270856 -0.0491378456 0.0115
v 0.12711139 -0.0490971059 0.0105
v 0.12711139 -0.0490971059 0.0125000011
v 0.127258763 -0.0489043 0.0115
v 0.1273257 -0.0488332734 0.0105
v 0.1273257 -0.0488332734 0.0125000011
v 0.127471447 -0.04870382 0.0115
v 0.127589539 -0.0486189574 0.0105
v 0.127589539 -0.0486189574 0.0125000011
v 0.127713472 -0.0485454462 0.0115
v 0.127885073 -0.048465848 0.0105
v 0.127885073 -0.048465848 0.0125000011
v 0.127972513 -0.04843406 0.0115
v 0.128192186 -0.04837755 0.0105
v 0.128192186 -0.04837755 0.0125000011
v 0.128235891 -0.048370067 0.0115
v 0.12849243 -0.0483500026 0.0105
v 0.12849243 -0.0483500026 0.0125000011
v 0.108492434 -0.09491855 0.0125000011
v 0.108492434 -0.09491855 0.0105
v 0.10879267 -0.0949460939 0.0105
v 0.108836517 -0.09495482 0.0115
v 0.10879267 -0.0949460939 0.0125000011
v 0.109099783 -0.09503439 0.0105
v 0.109099783 -0.09503439 0.0125000011
v 0.109186292 -0.09507153 0.0115
v 0.109395325 -0.09518751 0.0105
v 0.109395325 -0.09518751 0.0125000011
v 0.109513417 -0.09527236 0.0115
v 0.10965915 -0.0954018161 0.0105
v 0.10965915 -0.0954018161 0.0125000011
v 0.109788619 -0.09554756 0.0115
v 0.109873474 -0.09566565 0.0105
v 0.109873474 -0.09566565 0.0125000011
v 0.109989449 -0.09587468 0.0115
v 0.110026591 -0.0959612 0.0105
v 0.110026591 -0.0959612 0.0125000011
v 0.110106155 -0.0962244645 0.0115
v 0.110114887 -0.09626831 0.0105
v 0.110142425 -0.09656855 0.0115
v 0.110114887 -0.09626831 0.0125000011
v 0.110142425 -0.09656855 0.0105
v 0.110142425 -0.09656855 0.0125000011
v 0.110114887 -0.09686879 0.0105
v 0.110114887 -0.09686879 0.0125000011
v 0.110106155 -0.09691262 0.0115
v 0.110026591 -0.09717591 0.0105
v 0.110026591 -0.09717591 0.0125000011
v 0.110026591 -0.09717591 0.0115
v 0.109899268 -0.097430706 0.0115
v 0.109873474 -0.09747144 0.0105
v 0.109873474 -0.09747144 0.0125000011
v 0.109726086 -0.09766426 0.0115
v 0.10965915 -0.09773527 0.0105
v 0.10965915 -0.09773527 0.0125000011
v 0.109513417 -0.0978647247 0.0115
v 0.109395325 -0.09794959 0.0105
v 0.109395325 -0.09794959 0.0125000011
v 0.109271377 -0.09802311 0.0115
v 0.109099783 -0.0981026962 0.0105
v 0.109099783 -0.0981026962 0.0125000011
v 0.10901235 -0.0981344953 0.0115
v 0.10879267 -0.09819099 0.0105
v 0.10879267 -0.09819099 0.0125000011
v 0.108748972 -0.09819849 0.0115
v 0.108492434 -0.09821855 0.0105
v 0.108492434 -0.09821855 0.0125000011
v 0.108192191 -0.09819099 0.0105
v 0.108148344 -0.09818227 0.0115
v 0.108192191 -0.09819099 0.0125000011
v 0.10788507 -0.0981026962 0.0105
v 0.10788507 -0.0981026962 0.0125000011
v 0.107798576 -0.09806557 0.0115
v 0.107589528 -0.09794959 0.0105
v 0.107589528 -0.09794959 0.0125000011
v 0.107471436 -0.0978647247 0.0115
v 0.1073257 -0.09773527 0.0105
v 0.1073257 -0.09773527 0.0125000011
v 0.107196257 -0.09758954 0.0115
v 0.10711138 -0.09747144 0.0105
v 0.10711138 -0.09747144 0.0125000011
v 0.106995411 -0.0972624049 0.0115
v 0.106958285 -0.09717591 0.0105
v 0.106958285 -0.09717591 0.0125000011
v 0.106878713 -0.09691262 0.0115
v 0.106869981 -0.09686879 0.0105
v 0.106842428 -0.09656855 0.0115
v 0.106869981 -0.09686879 0.0125000011
v 0.106842428 -0.09656855 0.0105
v 0.106842428 -0.09656855 0.0125000011
v 0.106869981 -0.09626831 0.0105
v 0.106869981 -0.09626831 0.0125000011
v 0.106878713 -0.0962244645 0.0115
v 0.106958285 -0.0959612 0.0105
v 0.106958285 -0.0959612 0.0125000011
v 0.106958285 -0.0959612 0.0115
v 0.107085593 -0.09570639 0.0115
v 0.10711138 -0.09566565 0.0105
v 0.10711138 -0.09566565 0.0125000011
v 0.107258767 -0.09547284 0.0115
v 0.1073257 -0.0954018161 0.0105
v 0.1073257 -0.0954018161 0.0125000011
v 0.107471436 -0.09527236 0.0115
v 0.107589528 -0.09518751 0.0105
v 0.107589528 -0.09518751 0.0125000011
v 0.107713476 -0.09511399 0.0115
v 0.10788507 -0.09503439 0.0105
v 0.10788507 -0.09503439 0.0125000011
v 0.10797251 -0.09500259 0.0115
v 0.108192191 -0.0949460939 0.0105
v 0.108192191 -0.0949460939 0.0125000011
v 0.108235888 -0.09493861 0.0115
v 0.108492434 -0.09491855 0.0105
v 0.108492434 -0.09491855 0.0125000011
v 0.159099028 -0.0476119444 0.0105
v 0.159399271 -0.0475844 0.0105
v 0.159099028 -0.04811194 0.0100000007
v 0.159697741 -0.04776515 0.01025
v 0.1597064 -0.04749609 0.0105
v 0.159490258 -0.04807605 0.0100000007
v 0.159890443 -0.04796099 0.0100000007
v 0.160001934 -0.0473429859 0.0105
v 0.160275549 -0.047761485 0.0100000007
v 0.160274729 -0.0474545173 0.01025
v 0.160265744 -0.04712867 0.0105
v 0.160719022 -0.04695472 0.01025
v 0.1606193 -0.04748222 0.0100000007
v 0.160480067 -0.04686484 0.0105
v 0.160898581 -0.0471384451 0.0100000007
v 0.160633191 -0.0465692952 0.0105
v 0.1610981 -0.0467533469 0.0100000007
v 0.160957277 -0.04635816 0.01025
v 0.160721481 -0.0462621823 0.0105
v 0.16099903 -0.0459619462 0.01025
v 0.16121313 -0.04635317 0.0100000007
v 0.160749048 -0.0459619462 0.0105
v 0.161249042 -0.0459619462 0.0100000007
v 0.160721481 -0.0456617028 0.0105
v 0.16121313 -0.0455707237 0.0100000007
v 0.160957277 -0.0455657244 0.01025
v 0.160633191 -0.04535459 0.0105
v 0.1610981 -0.0451705381 0.0100000007
v 0.160822868 -0.0451629572 0.01025
v 0.160480067 -0.0450590476 0.0105
v 0.160898581 -0.04478544 0.0100000007
v 0.1605916 -0.04478626 0.01025
v 0.160265744 -0.0447952151 0.0105
v 0.1606193 -0.0444416665 0.0100000007
v 0.160274729 -0.04446937 0.01025
v 0.160001934 -0.0445809 0.0105
v 0.160275549 -0.0441624038 0.0100000007
v 0.159898028 -0.0442381054 0.01025
v 0.1597064 -0.0444277935 0.0105
v 0.159890443 -0.0439629 0.0100000007
v 0.159495249 -0.0441037156 0.01025
v 0.159399271 -0.0443394855 0.0105
v 0.159490258 -0.0438478366 0.0100000007
v 0.159099028 -0.0443119481 0.0105
v 0.159099028 -0.0438119434 0.0100000007
v 0.159099028 -0.0443119481 0.0125000011
v 0.159099028 -0.0443119481 0.0105
v 0.159399271 -0.0443394855 0.0105
v 0.15944311 -0.0443482175 0.0115
v 0.159399271 -0.0443394855 0.0125000011
v 0.1597064 -0.0444277935 0.0105
v 0.1597064 -0.0444277935 0.0125000011
v 0.159792885 -0.0444649234 0.0115
v 0.160001934 -0.0445809 0.0105
v 0.160001934 -0.0445809 0.0125000011
v 0.16012001 -0.044665765 0.0115
v 0.160265744 -0.0447952151 0.0105
v 0.160265744 -0.0447952151 0.0125000011
v 0.1603952 -0.0449409559 0.0115
v 0.160480067 -0.0450590476 0.0105
v 0.160480067 -0.0450590476 0.0125000011
v 0.160596058 -0.0452680849 0.0115
v 0.160633191 -0.04535459 0.0105
v 0.160633191 -0.04535459 0.0125000011
v 0.160712764 -0.04561786 0.0115
v 0.160721481 -0.0456617028 0.0105
v 0.160749048 -0.0459619462 0.0115
v 0.160721481 -0.0456617028 0.0125000011
v 0.160749048 -0.0459619462 0.0105
v 0.160749048 -0.0459619462 0.0125000011
v 0.160721481 -0.0462621823 0.0105
v 0.160721481 -0.0462621823 0.0125000011
v 0.160712764 -0.0463060252 0.0115
v 0.160633191 -0.0465692952 0.0105
v 0.160633191 -0.0465692952 0.0125000011
v 0.160633191 -0.0465692952 0.0115
v 0.160505891 -0.0468240976 0.0115
v 0.160480067 -0.04686484 0.0105
v 0.160480067 -0.04686484 0.0125000011
v 0.16033271 -0.0470576473 0.0115
v 0.160265744 -0.04712867 0.0105
v 0.160265744 -0.04712867 0.0125000011
v 0.16012001 -0.04725812 0.0115
v 0.160001934 -0.0473429859 0.0105
v 0.160001934 -0.0473429859 0.0125000011
v 0.159877986 -0.0474165 0.0115
v 0.1597064 -0.04749609 0.0105
v 0.1597064 -0.04749609 0.0125000011
v 0.159618974 -0.0475278869 0.0115
v 0.159399271 -0.0475844 0.0105
v 0.159399271 -0.0475844 0.0125000011
v 0.159355581 -0.04759188 0.0115
v 0.159099028 -0.0476119444 0.0105
v 0.159099028 -0.0476119444 0.0125000011
v 0.158798814 -0.0475844 0.0105
v 0.158754945 -0.0475756675 0.0115
v 0.158798814 -0.0475844 0.0125000011
v 0.158491671 -0.04749609 0.0105
v 0.158491671 -0.04749609 0.0125000011
v 0.15840517 -0.04745896 0.0115
v 0.158196121 -0.0473429859 0.0105
v 0.158196121 -0.0473429859 0.0125000011
v 0.15807806 -0.04725812 0.0115
v 0.157932311 -0.04712867 0.0105
v 0.157932311 -0.04712867 0.0125000011
v 0.15780285 -0.04698293 0.0115
v 0.157717988 -0.04686484 0.0105
v 0.157717988 -0.04686484 0.0125000011
v 0.157602012 -0.0466558 0.0115
v 0.157564878 -0.0465692952 0.0105
v 0.157564878 -0.0465692952 0.0125000011
v 0.1574853 -0.0463060252 0.0115
v 0.157476574 -0.0462621823 0.0105
v 0.157449037 -0.0459619462 0.0115
v 0.157476574 -0.0462621823 0.0125000011
v 0.157449037 -0.0459619462 0.0105
v 0.157449037 -0.0459619462 0.0125000011
v 0.157476574 -0.0456617028 0.0105
v 0.157476574 -0.0456617028 0.0125000011
v 0.1574853 -0.04561786 0.0115
v 0.157564878 -0.04535459 0.0105
v 0.157564878 -0.04535459 0.0125000011
v 0.157564878 -0.04535459 0.0115
v 0.1576922 -0.0450997874 0.0115
v 0.157717988 -0.0450590476 0.0105
v 0.157717988 -0.0450590476 0.0125000011
v 0.15786536 -0.0448662378 0.0115
v 0.157932311 -0.0447952151 0.0105
v 0.157932311 -0.0447952151 0.0125000011
v 0.15807806 -0.044665765 0.0115
v 0.158196121 -0.0445809 0.0105
v 0.158196121 -0.0445809 0.0125000011
v 0.158320084 -0.0445073843 0.0115
v 0.158491671 -0.0444277935 0.0105
v 0.158491671 -0.0444277935 0.0125000011
v 0.158579111 -0.0443959981 0.0115
v 0.158798814 -0.0443394855 0.0105
v 0.158798814 -0.0443394855 0.0125000011
v 0.158842489 -0.0443320125 0.0115
v 0.159099028 -0.0443119481 0.0105
v 0.159099028 -0.0443119481 0.0125000011
v 0.103992432 -0.1074325 0.013
v 0.103492431 -0.108639613 0.0125000011
v 0.141975552 -0.06944938 0.013
v 0.180312246 -0.0318198055 0.0125000011
v 0.179958671 -0.0314662531 0.013
v 0.103492431 0.108639613 0.0125000011
v 0.103992432 0.1074325 0.013
v 0.180312246 0.0318198055 0.0125000011
v 0.179958671 0.0314662531 0.013
v 0.155498 -0.0378572568 0.013
v 0.148492426 -0.0380000025 0.0125000011
v 0.148492426 -0.0385 0.013
v 0.1564689 -0.03740907 0.0127500007
v 0.155407026 -0.0373656042 0.0125000011
v 0.160545141 -0.03630144 0.0127500007
v 0.162664071 -0.03579685 0.013
v 0.162480041 -0.035331957 0.0125000011
v 0.164577335 -0.0347035825 0.0127500007
v 0.16956 -0.0322243273 0.013
v 0.169286415 -0.0318058319 0.0125000011
v 0.168478712 -0.03261305 0.0127500007
v 0.172160789 -0.0300478227 0.0127500007
v 0.175716043 -0.0272236113 0.013
v 0.1753625 -0.026870057 0.0125000011
v 0.17553927 -0.0270468369 0.0127500007
v 0.17854026 -0.0236683525 0.0127500007
v 0.180716753 -0.0210675783 0.013
v 0.180298254 -0.02079397 0.0125000011
v 0.1811055 -0.019986283 0.0127500007
v 0.183196008 -0.0160848945 0.0127500007
v 0.184289277 -0.0141716478 0.013
v 0.18382439 -0.0139875989 0.0125000011
v 0.18479389 -0.012052712 0.0127500007
v 0.18634969 -0.007005578 0.013
v 0.185858026 -0.006914596 0.0125000011
v 0.185901508 -0.007976471 0.0127500007
v 0.186742425 2.22391561E-17 0.0127500007
v 0.186992422 2.01210162E-17 0.013
v 0.186492428 2.00903989E-17 0.0125000011
v 0.18634969 0.007005578 0.013
v 0.185858026 0.006914596 0.0125000011
v 0.185901508 0.007976471 0.0127500007
v 0.184289277 0.0141716478 0.013
v 0.18382439 0.0139875989 0.0125000011
v 0.184056848 0.0140796239 0.0127500007
v 0.1811055 0.019986283 0.0127500007
v 0.180716753 0.0210675783 0.013
v 0.180298254 0.02079397 0.0125000011
v 0.177091032 0.0254004728 0.0127500007
v 0.175716043 0.0272236113 0.013
v 0.1753625 0.026870057 0.0125000011
v 0.172160789 0.0300478227 0.0127500007
v 0.16956 0.0322243273 0.013
v 0.169286415 0.0318058319 0.0125000011
v 0.166549921 0.0337192751 0.0127500007
v 0.162664071 0.03579685 0.013
v 0.162480041 0.035331957 0.0125000011
v 0.160545141 0.03630144 0.0127500007
v 0.155498 0.0378572568 0.013
v 0.155407026 0.0373656042 0.0125000011
v 0.154439569 0.03778484 0.0127500007
v 0.148492426 0.0385 0.013
v 0.148492426 0.0380000025 0.0125000011
v 0.141486853 0.0378572568 0.013
v 0.140515968 0.03740907 0.0127500007
v 0.14157784 0.0373656042 0.0125000011
v 0.136439711 0.03630144 0.0127500007
v 0.134320781 0.03579685 0.013
v 0.134504825 0.035331957 0.0125000011
v 0.132407531 0.0347035825 0.0127500007
v 0.127424866 0.0322243273 0.013
v 0.127698451 0.0318058319 0.0125000011
v 0.128506154 0.03261305 0.0127500007
v 0.124824084 0.0300478227 0.0127500007
v 0.121268824 0.0272236113 0.013
v 0.121622369 0.026870057 0.0125000011
v 0.121445589 0.0270468369 0.0127500007
v 0.118444607 0.0236683525 0.0127500007
v 0.116268106 0.0210675783 0.013
v 0.1166866 0.02079397 0.0125000011
v 0.115879387 0.019986283 0.0127500007
v 0.113788851 0.0160848945 0.0127500007
v 0.112695575 0.0141716478 0.013
v 0.113160469 0.0139875989 0.0125000011
v 0.112190984 0.012052712 0.0127500007
v 0.110635169 0.007005578 0.013
v 0.111126825 0.006914596 0.0125000011
v 0.111083359 0.007976471 0.0127500007
v 0.110242434 1.776357E-17 0.0127500007
v 0.109992437 2.01210162E-17 0.013
v 0.110492423 2.00903989E-17 0.0125000011
v 0.110635169 -0.007005578 0.013
v 0.111126825 -0.006914596 0.0125000011
v 0.111083359 -0.007976471 0.0127500007
v 0.112695575 -0.0141716478 0.013
v 0.113160469 -0.0139875989 0.0125000011
v 0.112928018 -0.0140796239 0.0127500007
v 0.115879387 -0.019986283 0.0127500007
v 0.116268106 -0.0210675783 0.013
v 0.1166866 -0.02079397 0.0125000011
v 0.119893849 -0.0254004728 0.0127500007
v 0.121268824 -0.0272236113 0.013
v 0.121622369 -0.026870057 0.0125000011
v 0.124824084 -0.0300478227 0.0127500007
v 0.127424866 -0.0322243273 0.013
v 0.127698451 -0.0318058319 0.0125000011
v 0.13043493 -0.0337192751 0.0127500007
v 0.134320781 -0.03579685 0.013
v 0.134504825 -0.035331957 0.0125000011
v 0.136439711 -0.03630144 0.0127500007
v 0.141486853 -0.0378572568 0.013
v 0.14157784 -0.0373656042 0.0125000011
v 0.1425453 -0.03778484 0.0127500007
v 0.148492426 -0.0385 0.013
v 0.148492426 -0.0380000025 0.0125000011
v 0.12849243 0.0749185458 0.0125000011
v 0.128192186 0.07494609 0.0125000011
v 0.12849243 0.07441855 0.013
v 0.127893731 0.07476534 0.0127500007
v 0.127885073 0.0750343949 0.0125000011
v 0.128101215 0.07445444 0.013
v 0.127701029 0.0745695 0.013
v 0.127589539 0.0751875043 0.0125000011
v 0.127315938 0.0747690052 0.013
v 0.127316743 0.07507597 0.0127500007
v 0.1273257 0.07540182 0.0125000011
v 0.126872435 0.07557577 0.0127500007
v 0.126972154 0.07504827 0.013
v 0.12711139 0.0756656453 0.0125000011
v 0.126692891 0.0753920451 0.013
v 0.126958281 0.07596119 0.0125000011
v 0.1264934 0.07577714 0.013
v 0.12663421 0.07617234 0.0127500007
v 0.126869977 0.07626831 0.0125000011
v 0.126592427 0.0765685439 0.0127500007
v 0.126378328 0.07617733 0.013
v 0.126842424 0.0765685439 0.0125000011
v 0.126342431 0.0765685439 0.013
v 0.126869977 0.07686879 0.0125000011
v 0.126378328 0.07695977 0.013
v 0.12663421 0.0769647658 0.0127500007
v 0.126958281 0.0771759 0.0125000011
v 0.1264934 0.07735995 0.013
v 0.126768589 0.07736753 0.0127500007
v 0.12711139 0.07747144 0.0125000011
v 0.126692891 0.07774504 0.013
v 0.126999855 0.07774423 0.0127500007
v 0.1273257 0.07773527 0.0125000011
v 0.126972154 0.07808883 0.013
v 0.127316743 0.07806112 0.0127500007
v 0.127589539 0.07794959 0.0125000011
v 0.127315938 0.07836808 0.013
v 0.127693444 0.0782923847 0.0127500007
v 0.127885073 0.0781027 0.0125000011
v 0.127701029 0.0785675943 0.013
v 0.128096208 0.07842678 0.0127500007
v 0.128192186 0.078191 0.0125000011
v 0.128101215 0.0786826462 0.013
v 0.12849243 0.07821854 0.0125000011
v 0.12849243 0.07871855 0.013
v 0.159099028 0.0443119481 0.0125000011
v 0.158798814 0.0443394855 0.0125000011
v 0.159099028 0.0438119434 0.013
v 0.158500344 0.0441587344 0.0127500007
v 0.158491671 0.0444277935 0.0125000011
v 0.158707812 0.0438478366 0.013
v 0.158307627 0.0439629 0.013
v 0.158196121 0.0445809 0.0125000011
v 0.157922521 0.0441624038 0.013
v 0.157923341 0.04446937 0.0127500007
v 0.157932311 0.0447952151 0.0125000011
v 0.157479033 0.0449691638 0.0127500007
v 0.157578751 0.0444416665 0.013
v 0.157717988 0.0450590476 0.0125000011
v 0.157299489 0.04478544 0.013
v 0.157564878 0.04535459 0.0125000011
v 0.157099977 0.0451705381 0.013
v 0.157240808 0.0455657244 0.0127500007
v 0.157476574 0.0456617028 0.0125000011
v 0.15719904 0.0459619462 0.0127500007
v 0.156984925 0.0455707237 0.013
v 0.157449037 0.0459619462 0.0125000011
v 0.156949028 0.0459619462 0.013
v 0.157476574 0.0462621823 0.0125000011
v 0.156984925 0.04635317 0.013
v 0.157240808 0.04635816 0.0127500007
v 0.157564878 0.0465692952 0.0125000011
v 0.157099977 0.0467533469 0.013
v 0.157375187 0.04676093 0.0127500007
v 0.157717988 0.04686484 0.0125000011
v 0.157299489 0.0471384451 0.013
v 0.157606468 0.0471376255 0.0127500007
v 0.157932311 0.04712867 0.0125000011
v 0.157578751 0.04748222 0.013
v 0.157923341 0.0474545173 0.0127500007
v 0.158196121 0.0473429859 0.0125000011
v 0.157922521 0.047761485 0.013
v 0.158300042 0.0476857834 0.0127500007
v 0.158491671 0.04749609 0.0125000011
v 0.158307627 0.04796099 0.013
v 0.158702821 0.04782017 0.0127500007
v 0.158798814 0.0475844 0.0125000011
v 0.158707812 0.04807605 0.013
v 0.159099028 0.0476119444 0.0125000011
v 0.159099028 0.04811194 0.013
v 0.12849243 -0.07821854 0.0125000011
v 0.128192186 -0.078191 0.0125000011
v 0.12849243 -0.07871855 0.013
v 0.127893731 -0.0783717558 0.0127500007
v 0.127885073 -0.0781027 0.0125000011
v 0.128101215 -0.0786826462 0.013
v 0.127701029 -0.0785675943 0.013
v 0.127589539 -0.07794959 0.0125000011
v 0.127315938 -0.07836808 0.013
v 0.127316743 -0.07806112 0.0127500007
v 0.1273257 -0.07773527 0.0125000011
v 0.126872435 -0.0775613338 0.0127500007
v 0.126972154 -0.07808883 0.013
v 0.12711139 -0.07747144 0.0125000011
v 0.126692891 -0.07774504 0.013
v 0.126958281 -0.0771759 0.0125000011
v 0.1264934 -0.07735995 0.013
v 0.12663421 -0.0769647658 0.0127500007
v 0.126869977 -0.07686879 0.0125000011
v 0.126592427 -0.0765685439 0.0127500007
v 0.126378328 -0.07695977 0.013
v 0.126842424 -0.0765685439 0.0125000011
v 0.126342431 -0.0765685439 0.013
v 0.126869977 -0.07626831 0.0125000011
v 0.126378328 -0.07617733 0.013
v 0.12663421 -0.07617234 0.0127500007
v 0.126958281 -0.07596119 0.0125000011
v 0.1264934 -0.07577714 0.013
v 0.126768589 -0.07576956 0.0127500007
v 0.12711139 -0.0756656453 0.0125000011
v 0.126692891 -0.0753920451 0.013
v 0.126999855 -0.0753928646 0.0127500007
v 0.1273257 -0.07540182 0.0125000011
v 0.126972154 -0.07504827 0.013
v 0.127316743 -0.07507597 0.0127500007
v 0.127589539 -0.0751875043 0.0125000011
v 0.127315938 -0.0747690052 0.013
v 0.127693444 -0.0748447 0.0127500007
v 0.127885073 -0.0750343949 0.0125000011
v 0.127701029 -0.0745695 0.013
v 0.128096208 -0.07471032 0.0127500007
v 0.128192186 -0.07494609 0.0125000011
v 0.128101215 -0.07445444 0.013
v 0.12849243 -0.0749185458 0.0125000011
v 0.12849243 -0.07441855 0.013
v 0.13849242 -0.0682185441 0.0125000011
v 0.138192192 -0.068191 0.0125000011
v 0.13849242 -0.0687185451 0.013
v 0.137893736 -0.06837176 0.0127500007
v 0.137885079 -0.068102695 0.0125000011
v 0.13810122 -0.06868265 0.013
v 0.137701035 -0.06856759 0.013
v 0.137589544 -0.0679495856 0.0125000011
v 0.137315929 -0.0683680847 0.013
v 0.137316748 -0.06806111 0.0127500007
v 0.1373257 -0.06773527 0.0125000011
v 0.136872426 -0.06756133 0.0127500007
v 0.136972144 -0.06808883 0.013
v 0.137111381 -0.0674714446 0.0125000011
v 0.1366929 -0.0677450448 0.013
v 0.136958271 -0.0671759 0.0125000011
v 0.136493385 -0.06735995 0.013
v 0.1366342 -0.06696476 0.0127500007
v 0.136869982 -0.06686878 0.0125000011
v 0.136592433 -0.066568546 0.0127500007
v 0.136378318 -0.06695977 0.013
v 0.13684243 -0.066568546 0.0125000011
v 0.136342436 -0.066568546 0.013
v 0.136869982 -0.06626831 0.0125000011
v 0.136378318 -0.06617732 0.013
v 0.1366342 -0.06617233 0.0127500007
v 0.136958271 -0.06596119 0.0125000011
v 0.136493385 -0.0657771453 0.013
v 0.1367686 -0.06576956 0.0127500007
v 0.137111381 -0.06566565 0.0125000011
v 0.1366929 -0.06539205 0.013
v 0.13699986 -0.06539287 0.0127500007
v 0.1373257 -0.06540182 0.0125000011
v 0.136972144 -0.06504826 0.013
v 0.137316748 -0.06507597 0.0127500007
v 0.137589544 -0.06518751 0.0125000011
v 0.137315929 -0.06476901 0.013
v 0.13769345 -0.0648447052 0.0127500007
v 0.137885079 -0.06503439 0.0125000011
v 0.137701035 -0.0645695 0.013
v 0.138096213 -0.06471031 0.0127500007
v 0.138192192 -0.06494609 0.0125000011
v 0.13810122 -0.06445444 0.013
v 0.13849242 -0.06491854 0.0125000011
v 0.13849242 -0.06441855 0.013
v 0.13849242 0.06491854 0.0125000011
v 0.138192192 0.06494609 0.0125000011
v 0.13849242 0.06441855 0.013
v 0.137893736 0.0647653341 0.0127500007
v 0.137885079 0.06503439 0.0125000011
v 0.13810122 0.06445444 0.013
v 0.137701035 0.0645695 0.013
v 0.137589544 0.06518751 0.0125000011
v 0.137315929 0.06476901 0.013
v 0.137316748 0.06507597 0.0127500007
v 0.1373257 0.06540182 0.0125000011
v 0.136872426 0.06557576 0.0127500007
v 0.136972144 0.06504826 0.013
v 0.137111381 0.06566565 0.0125000011
v 0.1366929 0.06539205 0.013
v 0.136958271 0.06596119 0.0125000011
v 0.136493385 0.0657771453 0.013
v 0.1366342 0.06617233 0.0127500007
v 0.136869982 0.06626831 0.0125000011
v 0.136592433 0.066568546 0.0127500007
v 0.136378318 0.06617732 0.013
v 0.13684243 0.066568546 0.0125000011
v 0.136342436 0.066568546 0.013
v 0.136869982 0.06686878 0.0125000011
v 0.136378318 0.06695977 0.013
v 0.1366342 0.06696476 0.0127500007
v 0.136958271 0.0671759 0.0125000011
v 0.136493385 0.06735995 0.013
v 0.1367686 0.06736754 0.0127500007
v 0.137111381 0.0674714446 0.0125000011
v 0.1366929 0.0677450448 0.013
v 0.13699986 0.06774423 0.0127500007
v 0.1373257 0.06773527 0.0125000011
v 0.136972144 0.06808883 0.013
v 0.137316748 0.06806111 0.0127500007
v 0.137589544 0.0679495856 0.0125000011
v 0.137315929 0.0683680847 0.013
v 0.13769345 0.06829238 0.0127500007
v 0.137885079 0.068102695 0.0125000011
v 0.137701035 0.06856759 0.013
v 0.138096213 0.06842677 0.0127500007
v 0.138192192 0.068191 0.0125000011
v 0.13810122 0.06868265 0.013
v 0.13849242 0.0682185441 0.0125000011
v 0.13849242 0.0687185451 0.013
v 0.12849243 -0.05165 0.0125000011
v 0.128192186 -0.0516224578 0.0125000011
v 0.12849243 -0.0521500036 0.013
v 0.127893731 -0.0518032126 0.0127500007
v 0.127885073 -0.0515341535 0.0125000011
v 0.128101215 -0.0521141067 0.013
v 0.127701029 -0.0519990474 0.013
v 0.127589539 -0.0513810478 0.0125000011
v 0.127315938 -0.0517995432 0.013
v 0.127316743 -0.05149257 0.0127500007
v 0.1273257 -0.05116673 0.0125000011
v 0.126872435 -0.0509927869 0.0127500007
v 0.126972154 -0.0515202843 0.013
v 0.12711139 -0.0509028956 0.0125000011
v 0.126692891 -0.0511765033 0.013
v 0.126958281 -0.05060736 0.0125000011
v 0.1264934 -0.0507914051 0.013
v 0.12663421 -0.05039622 0.0127500007
v 0.126869977 -0.0503002442 0.0125000011
v 0.126592427 -0.0500000045 0.0127500007
v 0.126378328 -0.0503912233 0.013
v 0.126842424 -0.0500000045 0.0125000011
v 0.126342431 -0.0500000045 0.013
v 0.126869977 -0.0496997647 0.0125000011
v 0.126378328 -0.0496087819 0.013
v 0.12663421 -0.0496037863 0.0127500007
v 0.126958281 -0.049392648 0.0125000011
v 0.1264934 -0.0492085963 0.013
v 0.126768589 -0.04920101 0.0127500007
v 0.12711139 -0.0490971059 0.0125000011
v 0.126692891 -0.0488235019 0.013
v 0.126999855 -0.0488243178 0.0127500007
v 0.1273257 -0.0488332734 0.0125000011
v 0.126972154 -0.04847972 0.013
v 0.127316743 -0.04850743 0.0127500007
v 0.127589539 -0.0486189574 0.0125000011
v 0.127315938 -0.04820046 0.013
v 0.127693444 -0.0482761636 0.0127500007
v 0.127885073 -0.048465848 0.0125000011
v 0.127701029 -0.0480009578 0.013
v 0.128096208 -0.0481417738 0.0127500007
v 0.128192186 -0.04837755 0.0125000011
v 0.128101215 -0.0478858948 0.013
v 0.12849243 -0.0483500026 0.0125000011
v 0.12849243 -0.0478499979 0.013
v 0.159099028 -0.0476119444 0.0125000011
v 0.158798814 -0.0475844 0.0125000011
v 0.159099028 -0.04811194 0.013
v 0.158500344 -0.04776515 0.0127500007
v 0.158491671 -0.04749609 0.0125000011
v 0.158707812 -0.04807605 0.013
v 0.158307627 -0.04796099 0.013
v 0.158196121 -0.0473429859 0.0125000011
v 0.157922521 -0.047761485 0.013
v 0.157923341 -0.0474545173 0.0127500007
v 0.157932311 -0.04712867 0.0125000011
v 0.157479033 -0.04695472 0.0127500007
v 0.157578751 -0.04748222 0.013
v 0.157717988 -0.04686484 0.0125000011
v 0.157299489 -0.0471384451 0.013
v 0.157564878 -0.0465692952 0.0125000011
v 0.157099977 -0.0467533469 0.013
v 0.157240808 -0.04635816 0.0127500007
v 0.157476574 -0.0462621823 0.0125000011
v 0.15719904 -0.0459619462 0.0127500007
v 0.156984925 -0.04635317 0.013
v 0.157449037 -0.0459619462 0.0125000011
v 0.156949028 -0.0459619462 0.013
v 0.157476574 -0.0456617028 0.0125000011
v 0.156984925 -0.0455707237 0.013
v 0.157240808 -0.0455657244 0.0127500007
v 0.157564878 -0.04535459 0.0125000011
v 0.157099977 -0.0451705381 0.013
v 0.157375187 -0.0451629572 0.0127500007
v 0.157717988 -0.0450590476 0.0125000011
v 0.157299489 -0.04478544 0.013
v 0.157606468 -0.04478626 0.0127500007
v 0.157932311 -0.0447952151 0.0125000011
v 0.157578751 -0.0444416665 0.013
v 0.157923341 -0.04446937 0.0127500007
v 0.158196121 -0.0445809 0.0125000011
v 0.157922521 -0.0441624038 0.013
v 0.158300042 -0.0442381054 0.0127500007
v 0.158491671 -0.0444277935 0.0125000011
v 0.158307627 -0.0439629 0.013
v 0.158702821 -0.0441037156 0.0127500007
v 0.158798814 -0.0443394855 0.0125000011
v 0.158707812 -0.0438478366 0.013
v 0.159099028 -0.0443119481 0.0125000011
v 0.159099028 -0.0438119434 0.013
v 0.185571045 0.0254985578 0.0115
v 0.185571045 0.0254985578 0.0125000011
v 0.189790815 0.0178729817 0.0125000011
v 0.180312246 0.0318198055 0.0125000011
v 0.180312246 0.0318198055 0.0105
v 0.185571045 0.0254985578 0.0105
v 0.189790815 0.0178729817 0.0115
v 0.192537591 0.009220926 0.0125000011
v 0.189790815 0.0178729817 0.0105
v 0.192537591 0.009220926 0.0115
v 0.193492442 1.30070729E-18 0.0125000011
v 0.192537591 0.009220926 0.0105
v 0.193492442 2.08113166E-17 0.0115
v 0.192537591 -0.009220926 0.0125000011
v 0.193492442 1.30070729E-18 0.0105
v 0.192537591 -0.009220926 0.0115
v 0.189790815 -0.0178729817 0.0125000011
v 0.192537591 -0.009220926 0.0105
v 0.189790815 -0.0178729817 0.0115
v 0.185571045 -0.0254985578 0.0125000011
v 0.189790815 -0.0178729817 0.0105
v 0.185571045 -0.0254985578 0.0115
v 0.180312246 -0.0318198055 0.0125000011
v 0.185571045 -0.0254985578 0.0105
v 0.180312246 -0.0318198055 0.0105
v 0.141902328 0.07022971 0.0115
v 0.180312246 0.0318198055 0.0125000011
v 0.180312246 0.0318198055 0.0105
v 0.103492431 0.108639613 0.0105
v 0.103492431 0.108639613 0.0125000011
v 0.12849243 -0.07871855 0.013
v 0.11049147 -0.09735995 0.013
v 0.12888366 -0.0786826462 0.013
v 0.128101215 -0.0786826462 0.013
v 0.129283831 -0.0785675943 0.013
v 0.127701029 -0.0785675943 0.013
v 0.110291973 -0.09774505 0.013
v 0.110606536 -0.09695977 0.013
v 0.127315938 -0.07836808 0.013
v 0.126972154 -0.07808883 0.013
v 0.110642426 -0.09656855 0.013
v 0.126692891 -0.07774504 0.013
v 0.1264934 -0.07735995 0.013
v 0.110606536 -0.0961773247 0.013
v 0.126378328 -0.07695977 0.013
v 0.11049147 -0.09577715 0.013
v 0.126342431 -0.0765685439 0.013
v 0.110291973 -0.09539205 0.013
v 0.11001271 -0.09504826 0.013
v 0.126378328 -0.07617733 0.013
v 0.109668925 -0.094769 0.013
v 0.126378328 -0.0503912233 0.013
v 0.1264934 -0.07577714 0.013
v 0.109283835 -0.0945695043 0.013
v 0.1264934 -0.0507914051 0.013
v 0.126692891 -0.0753920451 0.013
v 0.126692891 -0.0511765033 0.013
v 0.126972154 -0.07504827 0.013
v 0.126972154 -0.0515202843 0.013
v 0.127315938 -0.0747690052 0.013
v 0.127315938 -0.0517995432 0.013
v 0.127701029 -0.0745695 0.013
v 0.127701029 -0.0519990474 0.013
v 0.128101215 -0.07445444 0.013
v 0.128101215 -0.0521141067 0.013
v 0.12849243 -0.07441855 0.013
v 0.12849243 -0.0521500036 0.013
v 0.12888366 -0.07445444 0.013
v 0.12888366 -0.0521141067 0.013
v 0.129283831 -0.0745695 0.013
v 0.129283831 -0.0519990474 0.013
v 0.129668921 -0.0747690052 0.013
v 0.129668921 -0.0517995432 0.013
v 0.136378318 -0.06617732 0.013
v 0.1300127 -0.0515202843 0.013
v 0.1300127 -0.07504827 0.013
v 0.130291969 -0.0511765033 0.013
v 0.136493385 -0.0657771453 0.013
v 0.130491465 -0.0507914051 0.013
v 0.1366929 -0.06539205 0.013
v 0.136342436 -0.066568546 0.013
v 0.130291969 -0.0753920451 0.013
v 0.130491465 -0.07577714 0.013
v 0.136378318 -0.06695977 0.013
v 0.130606532 -0.07617733 0.013
v 0.136493385 -0.06735995 0.013
v 0.130606532 -0.0503912233 0.013
v 0.136972144 -0.06504826 0.013
v 0.137315929 -0.06476901 0.013
v 0.130642429 -0.0765685439 0.013
v 0.1366929 -0.0677450448 0.013
v 0.136972144 -0.06808883 0.013
v 0.130642429 -0.0500000045 0.013
v 0.130606532 -0.07695977 0.013
v 0.137315929 -0.0683680847 0.013
v 0.137701035 -0.06856759 0.013
v 0.13810122 -0.06868265 0.013
v 0.130491465 -0.07735995 0.013
v 0.13849242 -0.0687185451 0.013
v 0.137701035 -0.0645695 0.013
v 0.134320781 -0.03579685 0.013
v 0.130606532 -0.0496087819 0.013
v 0.130491465 -0.0492085963 0.013
v 0.130291969 -0.0488235019 0.013
v 0.1300127 -0.04847972 0.013
v 0.13888365 -0.06868265 0.013
v 0.13810122 -0.06445444 0.013
v 0.141486853 -0.0378572568 0.013
v 0.13849242 -0.06441855 0.013
v 0.129668921 -0.04820046 0.013
v 0.127424866 -0.0322243273 0.013
v 0.129283831 -0.0480009578 0.013
v 0.12888366 -0.0478858948 0.013
v 0.12849243 -0.0478499979 0.013
v 0.13888365 -0.06445444 0.013
v 0.128101215 -0.0478858948 0.013
v 0.139283836 -0.0645695 0.013
v 0.127701029 -0.0480009578 0.013
v 0.127315938 -0.04820046 0.013
v 0.126972154 -0.04847972 0.013
v 0.126692891 -0.0488235019 0.013
v 0.1264934 -0.0492085963 0.013
v 0.121268824 -0.0272236113 0.013
v 0.126378328 -0.0496087819 0.013
v 0.126342431 -0.0500000045 0.013
v 0.139668927 -0.06476901 0.013
v 0.116268106 -0.0210675783 0.013
v 0.108883649 -0.09445444 0.013
v 0.108492434 -0.0944185555 0.013
v 0.108101211 -0.09445444 0.013
v 0.107701033 -0.0945695043 0.013
v 0.107315928 -0.094769 0.013
v 0.112695575 -0.0141716478 0.013
v 0.106972151 -0.09504826 0.013
v 0.106692895 -0.09539205 0.013
v 0.106342427 1.776357E-17 0.013
v 0.110635169 -0.007005578 0.013
v 0.106493384 -0.09577715 0.013
v 0.109992437 2.01210162E-17 0.013
v 0.110635169 0.007005578 0.013
v 0.106378317 -0.0961773247 0.013
v 0.112695575 0.0141716478 0.013
v 0.103992432 -0.1074325 0.013
v 0.106342427 -0.09656855 0.013
v 0.106378317 -0.09695977 0.013
v 0.106493384 -0.09735995 0.013
v 0.106692895 -0.09774505 0.013
v 0.106972151 -0.09808882 0.013
v 0.107315928 -0.0983680859 0.013
v 0.107701033 -0.0985676 0.013
v 0.108101211 -0.09868266 0.013
v 0.108492434 -0.09871855 0.013
v 0.108883649 -0.09868266 0.013
v 0.109283835 -0.0985676 0.013
v 0.109668925 -0.0983680859 0.013
v 0.11001271 -0.09808882 0.013
v 0.129668921 -0.07836808 0.013
v 0.1300127 -0.07808883 0.013
v 0.141975552 -0.06944938 0.013
v 0.130291969 -0.07774504 0.013
v 0.139283836 -0.06856759 0.013
v 0.139668927 -0.0683680847 0.013
v 0.140012711 -0.06808883 0.013
v 0.140291974 -0.0677450448 0.013
v 0.140491471 -0.06735995 0.013
v 0.140606537 -0.06695977 0.013
v 0.140642434 -0.066568546 0.013
v 0.140606537 -0.06617732 0.013
v 0.146869987 -0.05630024 0.013
v 0.140491471 -0.0657771453 0.013
v 0.146958277 -0.05660736 0.013
v 0.146842435 -0.056 0.013
v 0.140291974 -0.06539205 0.013
v 0.140012711 -0.06504826 0.013
v 0.147111386 -0.0569028966 0.013
v 0.146869987 -0.0556997657 0.013
v 0.147325709 -0.0571667254 0.013
v 0.146958277 -0.0553926453 0.013
v 0.147111386 -0.0550971031 0.013
v 0.147589535 -0.05738105 0.013
v 0.147885069 -0.05753415 0.013
v 0.1481922 -0.0576224551 0.013
v 0.148492426 -0.0576500036 0.013
v 0.148792684 -0.0576224551 0.013
v 0.148492426 -0.0385 0.013
v 0.147325709 -0.0548332743 0.013
v 0.147589535 -0.0546189621 0.013
v 0.147885069 -0.05446585 0.013
v 0.1481922 -0.05437755 0.013
v 0.1490998 -0.05753415 0.013
v 0.148492426 -0.0543500036 0.013
v 0.149395332 -0.05738105 0.013
v 0.148792684 -0.05437755 0.013
v 0.149659157 -0.0571667254 0.013
v 0.1490998 -0.05446585 0.013
v 0.149395332 -0.0546189621 0.013
v 0.149659157 -0.0548332743 0.013
v 0.14987348 -0.0550971031 0.013
v 0.155498 -0.0378572568 0.013
v 0.14987348 -0.0569028966 0.013
v 0.156949028 -0.0459619462 0.013
v 0.156984925 -0.0455707237 0.013
v 0.157099977 -0.0451705381 0.013
v 0.15002659 -0.0553926453 0.013
v 0.156984925 -0.04635317 0.013
v 0.150114879 -0.0556997657 0.013
v 0.157099977 -0.0467533469 0.013
v 0.157299489 -0.04478544 0.013
v 0.150142431 -0.056 0.013
v 0.157299489 -0.0471384451 0.013
v 0.157578751 -0.04748222 0.013
v 0.157578751 -0.0444416665 0.013
v 0.150114879 -0.05630024 0.013
v 0.157922521 -0.047761485 0.013
v 0.158307627 -0.04796099 0.013
v 0.157922521 -0.0441624038 0.013
v 0.15002659 -0.05660736 0.013
v 0.158307627 -0.0439629 0.013
v 0.158707812 -0.0438478366 0.013
v 0.159099028 -0.0438119434 0.013
v 0.162664071 -0.03579685 0.013
v 0.159490258 -0.0438478366 0.013
v 0.159890443 -0.0439629 0.013
v 0.158707812 -0.04807605 0.013
v 0.159099028 -0.04811194 0.013
v 0.159490258 -0.04807605 0.013
v 0.160275549 -0.0441624038 0.013
v 0.159890443 -0.04796099 0.013
v 0.160275549 -0.047761485 0.013
v 0.1606193 -0.04748222 0.013
v 0.1606193 -0.0444416665 0.013
v 0.179958671 -0.0314662531 0.013
v 0.160898581 -0.04478544 0.013
v 0.160898581 -0.0471384451 0.013
v 0.1610981 -0.0451705381 0.013
v 0.16121313 -0.0455707237 0.013
v 0.161249042 -0.0459619462 0.013
v 0.16956 -0.0322243273 0.013
v 0.16121313 -0.04635317 0.013
v 0.1610981 -0.0467533469 0.013
v 0.175716043 -0.0272236113 0.013
v 0.180716753 -0.0210675783 0.013
v 0.185159057 -0.02521524 0.013
v 0.184289277 -0.0141716478 0.013
v 0.189331934 -0.017674394 0.013
v 0.18634969 -0.007005578 0.013
v 0.192048177 -0.009118472 0.013
v 0.186992422 2.01210162E-17 0.013
v 0.192992419 4.16226332E-17 0.013
v 0.192048177 0.009118472 0.013
v 0.18634969 0.007005578 0.013
v 0.189331934 0.017674394 0.013
v 0.184289277 0.0141716478 0.013
v 0.185159057 0.02521524 0.013
v 0.180716753 0.0210675783 0.013
v 0.179958671 0.0314662531 0.013
v 0.175716043 0.0272236113 0.013
v 0.16956 0.0322243273 0.013
v 0.1610981 0.0467533469 0.013
v 0.16121313 0.04635317 0.013
v 0.161249042 0.0459619462 0.013
v 0.162664071 0.03579685 0.013
v 0.16121313 0.0455707237 0.013
v 0.1610981 0.0451705381 0.013
v 0.160898581 0.0471384451 0.013
v 0.160898581 0.04478544 0.013
v 0.1606193 0.0444416665 0.013
v 0.160275549 0.0441624038 0.013
v 0.159890443 0.0439629 0.013
v 0.159490258 0.0438478366 0.013
v 0.159099028 0.0438119434 0.013
v 0.155498 0.0378572568 0.013
v 0.158707812 0.0438478366 0.013
v 0.158307627 0.0439629 0.013
v 0.157922521 0.0441624038 0.013
v 0.157578751 0.0444416665 0.013
v 0.157299489 0.04478544 0.013
v 0.157099977 0.0451705381 0.013
v 0.156984925 0.0455707237 0.013
v 0.156949028 0.0459619462 0.013
v 0.14987348 0.0550971031 0.013
v 0.148492426 0.0385 0.013
v 0.15002659 0.0553926453 0.013
v 0.149659157 0.0548332743 0.013
v 0.149395332 0.0546189621 0.013
v 0.1490998 0.05446585 0.013
v 0.148792684 0.05437755 0.013
v 0.156984925 0.04635317 0.013
v 0.150114879 0.0556997657 0.013
v 0.157099977 0.0467533469 0.013
v 0.148492426 0.0543500036 0.013
v 0.150142431 0.056 0.013
v 0.157299489 0.0471384451 0.013
v 0.157578751 0.04748222 0.013
v 0.1481922 0.05437755 0.013
v 0.150114879 0.05630024 0.013
v 0.157922521 0.047761485 0.013
v 0.158307627 0.04796099 0.013
v 0.147885069 0.05446585 0.013
v 0.15002659 0.05660736 0.013
v 0.147589535 0.0546189621 0.013
v 0.147325709 0.0548332743 0.013
v 0.147111386 0.0550971031 0.013
v 0.141486853 0.0378572568 0.013
v 0.146958277 0.0553926453 0.013
v 0.158707812 0.04807605 0.013
v 0.159099028 0.04811194 0.013
v 0.159490258 0.04807605 0.013
v 0.14987348 0.0569028966 0.013
v 0.159890443 0.04796099 0.013
v 0.160275549 0.047761485 0.013
v 0.149659157 0.0571667254 0.013
v 0.146869987 0.0556997657 0.013
v 0.140291974 0.0677450448 0.013
v 0.149395332 0.05738105 0.013
v 0.1490998 0.05753415 0.013
v 0.140012711 0.06808883 0.013
v 0.140491471 0.06735995 0.013
v 0.148792684 0.0576224551 0.013
v 0.148492426 0.0576500036 0.013
v 0.140606537 0.06695977 0.013
v 0.1481922 0.0576224551 0.013
v 0.147885069 0.05753415 0.013
v 0.147589535 0.05738105 0.013
v 0.140642434 0.066568546 0.013
v 0.147325709 0.0571667254 0.013
v 0.147111386 0.0569028966 0.013
v 0.146958277 0.05660736 0.013
v 0.140606537 0.06617732 0.013
v 0.146869987 0.05630024 0.013
v 0.140491471 0.0657771453 0.013
v 0.146842435 0.056 0.013
v 0.140291974 0.06539205 0.013
v 0.140012711 0.06504826 0.013
v 0.139668927 0.06476901 0.013
v 0.139283836 0.0645695 0.013
v 0.13888365 0.06445444 0.013
v 0.13849242 0.06441855 0.013
v 0.13810122 0.06445444 0.013
v 0.134320781 0.03579685 0.013
v 0.137701035 0.0645695 0.013
v 0.130642429 0.0500000045 0.013
v 0.137315929 0.06476901 0.013
v 0.130606532 0.0496087819 0.013
v 0.130606532 0.0503912233 0.013
v 0.136972144 0.06504826 0.013
v 0.1366929 0.06539205 0.013
v 0.130491465 0.0507914051 0.013
v 0.136493385 0.0657771453 0.013
v 0.130291969 0.0511765033 0.013
v 0.130491465 0.0492085963 0.013
v 0.136378318 0.06617732 0.013
v 0.130291969 0.0488235019 0.013
v 0.1300127 0.04847972 0.013
v 0.129668921 0.04820046 0.013
v 0.127424866 0.0322243273 0.013
v 0.129283831 0.0480009578 0.013
v 0.12888366 0.0478858948 0.013
v 0.12849243 0.0478499979 0.013
v 0.1300127 0.0515202843 0.013
v 0.128101215 0.0478858948 0.013
v 0.127701029 0.0480009578 0.013
v 0.127315938 0.04820046 0.013
v 0.126972154 0.04847972 0.013
v 0.126692891 0.0488235019 0.013
v 0.1264934 0.0492085963 0.013
v 0.121268824 0.0272236113 0.013
v 0.126378328 0.0496087819 0.013
v 0.126342431 0.0500000045 0.013
v 0.129668921 0.0517995432 0.013
v 0.109283835 0.0945695043 0.013
v 0.116268106 0.0210675783 0.013
v 0.126378328 0.0503912233 0.013
v 0.108883649 0.09445444 0.013
v 0.108492434 0.0944185555 0.013
v 0.108101211 0.09445444 0.013
v 0.107701033 0.0945695043 0.013
v 0.107315928 0.094769 0.013
v 0.106972151 0.09504826 0.013
v 0.106692895 0.09539205 0.013
v 0.106493384 0.09577715 0.013
v 0.109668925 0.094769 0.013
v 0.106378317 0.0961773247 0.013
v 0.126378328 0.07617733 0.013
v 0.1264934 0.0507914051 0.013
v 0.11001271 0.09504826 0.013
v 0.1264934 0.07577714 0.013
v 0.126692891 0.0511765033 0.013
v 0.126692891 0.0753920451 0.013
v 0.126972154 0.0515202843 0.013
v 0.126972154 0.07504827 0.013
v 0.127315938 0.0517995432 0.013
v 0.127315938 0.0747690052 0.013
v 0.127701029 0.0519990474 0.013
v 0.127701029 0.0745695 0.013
v 0.128101215 0.0521141067 0.013
v 0.128101215 0.07445444 0.013
v 0.12849243 0.0521500036 0.013
v 0.12849243 0.07441855 0.013
v 0.12888366 0.0521141067 0.013
v 0.12888366 0.07445444 0.013
v 0.129283831 0.0519990474 0.013
v 0.129283831 0.0745695 0.013
v 0.129668921 0.0747690052 0.013
v 0.1300127 0.07504827 0.013
v 0.136342436 0.066568546 0.013
v 0.130291969 0.0753920451 0.013
v 0.130491465 0.07577714 0.013
v 0.136378318 0.06695977 0.013
v 0.130606532 0.07617733 0.013
v 0.136493385 0.06735995 0.013
v 0.130642429 0.0765685439 0.013
v 0.1366929 0.0677450448 0.013
v 0.136972144 0.06808883 0.013
v 0.130606532 0.07695977 0.013
v 0.137315929 0.0683680847 0.013
v 0.137701035 0.06856759 0.013
v 0.13810122 0.06868265 0.013
v 0.130491465 0.07735995 0.013
v 0.13849242 0.0687185451 0.013
v 0.13888365 0.06868265 0.013
v 0.139283836 0.06856759 0.013
v 0.130291969 0.07774504 0.013
v 0.139668927 0.0683680847 0.013
v 0.1300127 0.07808883 0.013
v 0.103992432 0.1074325 0.013
v 0.129668921 0.07836808 0.013
v 0.110291973 0.09774505 0.013
v 0.11001271 0.09808882 0.013
v 0.109668925 0.0983680859 0.013
v 0.129283831 0.0785675943 0.013
v 0.109283835 0.0985676 0.013
v 0.11049147 0.09735995 0.013
v 0.108883649 0.09868266 0.013
v 0.12888366 0.0786826462 0.013
v 0.108492434 0.09871855 0.013
v 0.12849243 0.07871855 0.013
v 0.128101215 0.0786826462 0.013
v 0.127701029 0.0785675943 0.013
v 0.108101211 0.09868266 0.013
v 0.107701033 0.0985676 0.013
v 0.107315928 0.0983680859 0.013
v 0.106972151 0.09808882 0.013
v 0.106692895 0.09774505 0.013
v 0.110606536 0.09695977 0.013
v 0.127315938 0.07836808 0.013
v 0.126972154 0.07808883 0.013
v 0.106493384 0.09735995 0.013
v 0.110642426 0.09656855 0.013
v 0.126692891 0.07774504 0.013
v 0.1264934 0.07735995 0.013
v 0.110606536 0.0961773247 0.013
v 0.126378328 0.07695977 0.013
v 0.11049147 0.09577715 0.013
v 0.106378317 0.09695977 0.013
v 0.126342431 0.0765685439 0.013
v 0.110291973 0.09539205 0.013
v 0.106342427 0.09656855 0.013
v 0.1606193 0.04748222 0.013
v 0.103742436 0 0.0127500007
v 0.103492431 -0.108639613 0.0125000011
v 0.103992432 -0.1074325 0.013
v 0.103992432 0.1074325 0.013
v 0.103492431 0.108639613 0.0125000011
v 0.185365066 -0.0253568981 0.0127500007
v 0.179958671 -0.0314662531 0.013
v 0.180312246 -0.0318198055 0.0125000011
v 0.185571045 -0.0254985578 0.0125000011
v 0.185159057 -0.02521524 0.013
v 0.189790815 -0.0178729817 0.0125000011
v 0.189561382 -0.0177736878 0.0127500007
v 0.189331934 -0.017674394 0.013
v 0.192537591 -0.009220926 0.0125000011
v 0.192292869 -0.0091697 0.0127500007
v 0.192048177 -0.009118472 0.013
v 0.193492442 1.30070729E-18 0.0125000011
v 0.193242431 1.62181928E-17 0.0127500007
v 0.192992419 4.16226332E-17 0.013
v 0.192537591 0.009220926 0.0125000011
v 0.192292869 0.0091697 0.0127500007
v 0.192048177 0.009118472 0.013
v 0.189790815 0.0178729817 0.0125000011
v 0.189561382 0.0177736878 0.0127500007
v 0.189331934 0.017674394 0.013
v 0.185571045 0.0254985578 0.0125000011
v 0.185365066 0.0253568981 0.0127500007
v 0.185159057 0.02521524 0.013
v 0.180312246 0.0318198055 0.0125000011
v 0.179958671 0.0314662531 0.013
v 0.127424866 0.0322243273 0.0100000007
v 0.126692891 0.0488235019 0.0100000007
v 0.126972154 0.04847972 0.0100000007
v 0.127315938 0.04820046 0.0100000007
v 0.127701029 0.0480009578 0.0100000007
v 0.128101215 0.0478858948 0.0100000007
v 0.12849243 0.0478499979 0.0100000007
v 0.12888366 0.0478858948 0.0100000007
v 0.129283831 0.0480009578 0.0100000007
v 0.1264934 0.0492085963 0.0100000007
v 0.129668921 0.04820046 0.0100000007
v 0.134320781 0.03579685 0.0100000007
v 0.1300127 0.04847972 0.0100000007
v 0.121268824 0.0272236113 0.0100000007
v 0.130291969 0.0488235019 0.0100000007
v 0.126378328 0.0496087819 0.0100000007
v 0.130491465 0.0492085963 0.0100000007
v 0.130606532 0.0496087819 0.0100000007
v 0.126342431 0.0500000045 0.0100000007
v 0.130642429 0.0500000045 0.0100000007
v 0.109283835 0.0945695043 0.0100000007
v 0.126378328 0.0503912233 0.0100000007
v 0.116268106 0.0210675783 0.0100000007
v 0.108883649 0.09445444 0.0100000007
v 0.108492434 0.0944185555 0.0100000007
v 0.108101211 0.09445444 0.0100000007
v 0.107701033 0.0945695043 0.0100000007
v 0.107315928 0.094769 0.0100000007
v 0.112695575 0.0141716478 0.0100000007
v 0.106972151 0.09504826 0.0100000007
v 0.106692895 0.09539205 0.0100000007
v 0.109668925 0.094769 0.0100000007
v 0.106342427 1.776357E-17 0.0100000007
v 0.110635169 0.007005578 0.0100000007
v 0.106493384 0.09577715 0.0100000007
v 0.109992437 2.01210162E-17 0.0100000007
v 0.110635169 -0.007005578 0.0100000007
v 0.106378317 0.0961773247 0.0100000007
v 0.112695575 -0.0141716478 0.0100000007
v 0.126378328 0.07617733 0.0100000007
v 0.11001271 0.09504826 0.0100000007
v 0.1264934 0.07577714 0.0100000007
v 0.1264934 0.0507914051 0.0100000007
v 0.126692891 0.0753920451 0.0100000007
v 0.126692891 0.0511765033 0.0100000007
v 0.126972154 0.07504827 0.0100000007
v 0.126972154 0.0515202843 0.0100000007
v 0.127315938 0.0747690052 0.0100000007
v 0.127315938 0.0517995432 0.0100000007
v 0.127701029 0.0745695 0.0100000007
v 0.127701029 0.0519990474 0.0100000007
v 0.128101215 0.07445444 0.0100000007
v 0.128101215 0.0521141067 0.0100000007
v 0.12849243 0.07441855 0.0100000007
v 0.12849243 0.0521500036 0.0100000007
v 0.12888366 0.07445444 0.0100000007
v 0.12888366 0.0521141067 0.0100000007
v 0.129283831 0.0745695 0.0100000007
v 0.129283831 0.0519990474 0.0100000007
v 0.129668921 0.0747690052 0.0100000007
v 0.129668921 0.0517995432 0.0100000007
v 0.136378318 0.06617732 0.0100000007
v 0.1300127 0.0515202843 0.0100000007
v 0.1300127 0.07504827 0.0100000007
v 0.130291969 0.0511765033 0.0100000007
v 0.136493385 0.0657771453 0.0100000007
v 0.130491465 0.0507914051 0.0100000007
v 0.1366929 0.06539205 0.0100000007
v 0.136342436 0.066568546 0.0100000007
v 0.130291969 0.0753920451 0.0100000007
v 0.130491465 0.07577714 0.0100000007
v 0.136378318 0.06695977 0.0100000007
v 0.130606532 0.07617733 0.0100000007
v 0.136493385 0.06735995 0.0100000007
v 0.130606532 0.0503912233 0.0100000007
v 0.136972144 0.06504826 0.0100000007
v 0.137315929 0.06476901 0.0100000007
v 0.137701035 0.0645695 0.0100000007
v 0.13810122 0.06445444 0.0100000007
v 0.141486853 0.0378572568 0.0100000007
v 0.13849242 0.06441855 0.0100000007
v 0.130642429 0.0765685439 0.0100000007
v 0.1366929 0.0677450448 0.0100000007
v 0.136972144 0.06808883 0.0100000007
v 0.13888365 0.06445444 0.0100000007
v 0.130606532 0.07695977 0.0100000007
v 0.139283836 0.0645695 0.0100000007
v 0.137315929 0.0683680847 0.0100000007
v 0.137701035 0.06856759 0.0100000007
v 0.13810122 0.06868265 0.0100000007
v 0.130491465 0.07735995 0.0100000007
v 0.13849242 0.0687185451 0.0100000007
v 0.13888365 0.06868265 0.0100000007
v 0.139668927 0.06476901 0.0100000007
v 0.141975552 0.06944938 0.0100000007
v 0.130291969 0.07774504 0.0100000007
v 0.139283836 0.06856759 0.0100000007
v 0.139668927 0.0683680847 0.0100000007
v 0.140012711 0.06808883 0.0100000007
v 0.140291974 0.0677450448 0.0100000007
v 0.140491471 0.06735995 0.0100000007
v 0.140606537 0.06695977 0.0100000007
v 0.140642434 0.066568546 0.0100000007
v 0.1300127 0.07808883 0.0100000007
v 0.140606537 0.06617732 0.0100000007
v 0.103992432 0.1074325 0.0100000007
v 0.146869987 0.05630024 0.0100000007
v 0.129668921 0.07836808 0.0100000007
v 0.110291973 0.09774505 0.0100000007
v 0.11001271 0.09808882 0.0100000007
v 0.129283831 0.0785675943 0.0100000007
v 0.109668925 0.0983680859 0.0100000007
v 0.11049147 0.09735995 0.0100000007
v 0.109283835 0.0985676 0.0100000007
v 0.12888366 0.0786826462 0.0100000007
v 0.108883649 0.09868266 0.0100000007
v 0.12849243 0.07871855 0.0100000007
v 0.128101215 0.0786826462 0.0100000007
v 0.127701029 0.0785675943 0.0100000007
v 0.108492434 0.09871855 0.0100000007
v 0.108101211 0.09868266 0.0100000007
v 0.107701033 0.0985676 0.0100000007
v 0.107315928 0.0983680859 0.0100000007
v 0.106972151 0.09808882 0.0100000007
v 0.110606536 0.09695977 0.0100000007
v 0.127315938 0.07836808 0.0100000007
v 0.126972154 0.07808883 0.0100000007
v 0.106692895 0.09774505 0.0100000007
v 0.110642426 0.09656855 0.0100000007
v 0.126692891 0.07774504 0.0100000007
v 0.1264934 0.07735995 0.0100000007
v 0.110606536 0.0961773247 0.0100000007
v 0.126378328 0.07695977 0.0100000007
v 0.11049147 0.09577715 0.0100000007
v 0.106493384 0.09735995 0.0100000007
v 0.126342431 0.0765685439 0.0100000007
v 0.110291973 0.09539205 0.0100000007
v 0.106378317 0.09695977 0.0100000007
v 0.106342427 0.09656855 0.0100000007
v 0.103992432 -0.1074325 0.0100000007
v 0.106378317 -0.0961773247 0.0100000007
v 0.106342427 -0.09656855 0.0100000007
v 0.106378317 -0.09695977 0.0100000007
v 0.106493384 -0.09735995 0.0100000007
v 0.106493384 -0.09577715 0.0100000007
v 0.106692895 -0.09539205 0.0100000007
v 0.106692895 -0.09774505 0.0100000007
v 0.106972151 -0.09504826 0.0100000007
v 0.107315928 -0.094769 0.0100000007
v 0.106972151 -0.09808882 0.0100000007
v 0.116268106 -0.0210675783 0.0100000007
v 0.107315928 -0.0983680859 0.0100000007
v 0.107701033 -0.0945695043 0.0100000007
v 0.107701033 -0.0985676 0.0100000007
v 0.108101211 -0.09868266 0.0100000007
v 0.108492434 -0.09871855 0.0100000007
v 0.108883649 -0.09868266 0.0100000007
v 0.109283835 -0.0985676 0.0100000007
v 0.108101211 -0.09445444 0.0100000007
v 0.109668925 -0.0983680859 0.0100000007
v 0.108492434 -0.0944185555 0.0100000007
v 0.108883649 -0.09445444 0.0100000007
v 0.11001271 -0.09808882 0.0100000007
v 0.109283835 -0.0945695043 0.0100000007
v 0.110291973 -0.09774505 0.0100000007
v 0.121268824 -0.0272236113 0.0100000007
v 0.129668921 -0.07836808 0.0100000007
v 0.129283831 -0.0785675943 0.0100000007
v 0.11049147 -0.09735995 0.0100000007
v 0.12888366 -0.0786826462 0.0100000007
v 0.12849243 -0.07871855 0.0100000007
v 0.128101215 -0.0786826462 0.0100000007
v 0.127701029 -0.0785675943 0.0100000007
v 0.110606536 -0.09695977 0.0100000007
v 0.127315938 -0.07836808 0.0100000007
v 0.126972154 -0.07808883 0.0100000007
v 0.110642426 -0.09656855 0.0100000007
v 0.126692891 -0.07774504 0.0100000007
v 0.1264934 -0.07735995 0.0100000007
v 0.110606536 -0.0961773247 0.0100000007
v 0.126378328 -0.07695977 0.0100000007
v 0.11049147 -0.09577715 0.0100000007
v 0.126342431 -0.0765685439 0.0100000007
v 0.110291973 -0.09539205 0.0100000007
v 0.11001271 -0.09504826 0.0100000007
v 0.126378328 -0.07617733 0.0100000007
v 0.109668925 -0.094769 0.0100000007
v 0.126378328 -0.0503912233 0.0100000007
v 0.1264934 -0.0507914051 0.0100000007
v 0.126342431 -0.0500000045 0.0100000007
v 0.1264934 -0.07577714 0.0100000007
v 0.126692891 -0.0511765033 0.0100000007
v 0.126692891 -0.0753920451 0.0100000007
v 0.126972154 -0.0515202843 0.0100000007
v 0.126972154 -0.07504827 0.0100000007
v 0.127315938 -0.0517995432 0.0100000007
v 0.127315938 -0.0747690052 0.0100000007
v 0.127701029 -0.0519990474 0.0100000007
v 0.127701029 -0.0745695 0.0100000007
v 0.128101215 -0.0521141067 0.0100000007
v 0.128101215 -0.07445444 0.0100000007
v 0.12849243 -0.0521500036 0.0100000007
v 0.12849243 -0.07441855 0.0100000007
v 0.12888366 -0.0521141067 0.0100000007
v 0.12888366 -0.07445444 0.0100000007
v 0.129283831 -0.0519990474 0.0100000007
v 0.129283831 -0.0745695 0.0100000007
v 0.129668921 -0.0517995432 0.0100000007
v 0.129668921 -0.0747690052 0.0100000007
v 0.136378318 -0.06617732 0.0100000007
v 0.1300127 -0.0515202843 0.0100000007
v 0.1300127 -0.07504827 0.0100000007
v 0.130291969 -0.0511765033 0.0100000007
v 0.136493385 -0.0657771453 0.0100000007
v 0.130491465 -0.0507914051 0.0100000007
v 0.1366929 -0.06539205 0.0100000007
v 0.136342436 -0.066568546 0.0100000007
v 0.130291969 -0.0753920451 0.0100000007
v 0.130491465 -0.07577714 0.0100000007
v 0.136378318 -0.06695977 0.0100000007
v 0.130606532 -0.07617733 0.0100000007
v 0.136493385 -0.06735995 0.0100000007
v 0.130606532 -0.0503912233 0.0100000007
v 0.136972144 -0.06504826 0.0100000007
v 0.137315929 -0.06476901 0.0100000007
v 0.130642429 -0.0765685439 0.0100000007
v 0.1366929 -0.0677450448 0.0100000007
v 0.136972144 -0.06808883 0.0100000007
v 0.130642429 -0.0500000045 0.0100000007
v 0.130606532 -0.07695977 0.0100000007
v 0.137315929 -0.0683680847 0.0100000007
v 0.137701035 -0.06856759 0.0100000007
v 0.13810122 -0.06868265 0.0100000007
v 0.130491465 -0.07735995 0.0100000007
v 0.13849242 -0.0687185451 0.0100000007
v 0.13888365 -0.06868265 0.0100000007
v 0.139283836 -0.06856759 0.0100000007
v 0.130291969 -0.07774504 0.0100000007
v 0.139668927 -0.0683680847 0.0100000007
v 0.1300127 -0.07808883 0.0100000007
v 0.137701035 -0.0645695 0.0100000007
v 0.134320781 -0.03579685 0.0100000007
v 0.130606532 -0.0496087819 0.0100000007
v 0.130491465 -0.0492085963 0.0100000007
v 0.130291969 -0.0488235019 0.0100000007
v 0.1300127 -0.04847972 0.0100000007
v 0.140012711 -0.06808883 0.0100000007
v 0.13810122 -0.06445444 0.0100000007
v 0.141486853 -0.0378572568 0.0100000007
v 0.13849242 -0.06441855 0.0100000007
v 0.129668921 -0.04820046 0.0100000007
v 0.127424866 -0.0322243273 0.0100000007
v 0.129283831 -0.0480009578 0.0100000007
v 0.12888366 -0.0478858948 0.0100000007
v 0.12849243 -0.0478499979 0.0100000007
v 0.13888365 -0.06445444 0.0100000007
v 0.128101215 -0.0478858948 0.0100000007
v 0.139283836 -0.0645695 0.0100000007
v 0.127701029 -0.0480009578 0.0100000007
v 0.127315938 -0.04820046 0.0100000007
v 0.126972154 -0.04847972 0.0100000007
v 0.126692891 -0.0488235019 0.0100000007
v 0.1264934 -0.0492085963 0.0100000007
v 0.126378328 -0.0496087819 0.0100000007
v 0.139668927 -0.06476901 0.0100000007
v 0.146869987 -0.0556997657 0.0100000007
v 0.140012711 -0.06504826 0.0100000007
v 0.146958277 -0.0553926453 0.0100000007
v 0.147111386 -0.0550971031 0.0100000007
v 0.146842435 -0.056 0.0100000007
v 0.140291974 -0.06539205 0.0100000007
v 0.140491471 -0.0657771453 0.0100000007
v 0.146869987 -0.05630024 0.0100000007
v 0.140606537 -0.06617732 0.0100000007
v 0.146958277 -0.05660736 0.0100000007
v 0.148492426 -0.0385 0.0100000007
v 0.147325709 -0.0548332743 0.0100000007
v 0.147589535 -0.0546189621 0.0100000007
v 0.147885069 -0.05446585 0.0100000007
v 0.1481922 -0.05437755 0.0100000007
v 0.140642434 -0.066568546 0.0100000007
v 0.148492426 -0.0543500036 0.0100000007
v 0.147111386 -0.0569028966 0.0100000007
v 0.147325709 -0.0571667254 0.0100000007
v 0.147589535 -0.05738105 0.0100000007
v 0.148792684 -0.05437755 0.0100000007
v 0.140606537 -0.06695977 0.0100000007
v 0.1490998 -0.05446585 0.0100000007
v 0.147885069 -0.05753415 0.0100000007
v 0.1481922 -0.0576224551 0.0100000007
v 0.148492426 -0.0576500036 0.0100000007
v 0.149395332 -0.0546189621 0.0100000007
v 0.149659157 -0.0548332743 0.0100000007
v 0.140491471 -0.06735995 0.0100000007
v 0.148792684 -0.0576224551 0.0100000007
v 0.1490998 -0.05753415 0.0100000007
v 0.14987348 -0.0550971031 0.0100000007
v 0.140291974 -0.0677450448 0.0100000007
v 0.149395332 -0.05738105 0.0100000007
v 0.155498 -0.0378572568 0.0100000007
v 0.149659157 -0.0571667254 0.0100000007
v 0.156949028 -0.0459619462 0.0100000007
v 0.156984925 -0.0455707237 0.0100000007
v 0.157099977 -0.0451705381 0.0100000007
v 0.15002659 -0.0553926453 0.0100000007
v 0.156984925 -0.04635317 0.0100000007
v 0.150114879 -0.0556997657 0.0100000007
v 0.157099977 -0.0467533469 0.0100000007
v 0.157299489 -0.04478544 0.0100000007
v 0.150142431 -0.056 0.0100000007
v 0.157299489 -0.0471384451 0.0100000007
v 0.157578751 -0.04748222 0.0100000007
v 0.157578751 -0.0444416665 0.0100000007
v 0.150114879 -0.05630024 0.0100000007
v 0.157922521 -0.047761485 0.0100000007
v 0.158307627 -0.04796099 0.0100000007
v 0.157922521 -0.0441624038 0.0100000007
v 0.15002659 -0.05660736 0.0100000007
v 0.158307627 -0.0439629 0.0100000007
v 0.158707812 -0.0438478366 0.0100000007
v 0.159099028 -0.0438119434 0.0100000007
v 0.162664071 -0.03579685 0.0100000007
v 0.159490258 -0.0438478366 0.0100000007
v 0.159890443 -0.0439629 0.0100000007
v 0.158707812 -0.04807605 0.0100000007
v 0.159099028 -0.04811194 0.0100000007
v 0.159490258 -0.04807605 0.0100000007
v 0.160275549 -0.0441624038 0.0100000007
v 0.14987348 -0.0569028966 0.0100000007
v 0.159890443 -0.04796099 0.0100000007
v 0.1606193 -0.0444416665 0.0100000007
v 0.160275549 -0.047761485 0.0100000007
v 0.160898581 -0.04478544 0.0100000007
v 0.1610981 -0.0451705381 0.0100000007
v 0.16121313 -0.0455707237 0.0100000007
v 0.161249042 -0.0459619462 0.0100000007
v 0.16956 -0.0322243273 0.0100000007
v 0.16121313 -0.04635317 0.0100000007
v 0.1610981 -0.0467533469 0.0100000007
v 0.179958671 -0.0314662531 0.0100000007
v 0.160898581 -0.0471384451 0.0100000007
v 0.175716043 -0.0272236113 0.0100000007
v 0.1606193 -0.04748222 0.0100000007
v 0.180716753 -0.0210675783 0.0100000007
v 0.185159057 -0.02521524 0.0100000007
v 0.184289277 -0.0141716478 0.0100000007
v 0.189331934 -0.017674394 0.0100000007
v 0.18634969 -0.007005578 0.0100000007
v 0.192048177 -0.009118472 0.0100000007
v 0.186992422 2.01210162E-17 0.0100000007
v 0.192992419 4.16226332E-17 0.0100000007
v 0.192048177 0.009118472 0.0100000007
v 0.18634969 0.007005578 0.0100000007
v 0.189331934 0.017674394 0.0100000007
v 0.184289277 0.0141716478 0.0100000007
v 0.185159057 0.02521524 0.0100000007
v 0.180716753 0.0210675783 0.0100000007
v 0.179958671 0.0314662531 0.0100000007
v 0.175716043 0.0272236113 0.0100000007
v 0.16956 0.0322243273 0.0100000007
v 0.1610981 0.0467533469 0.0100000007
v 0.16121313 0.04635317 0.0100000007
v 0.160898581 0.0471384451 0.0100000007
v 0.161249042 0.0459619462 0.0100000007
v 0.162664071 0.03579685 0.0100000007
v 0.16121313 0.0455707237 0.0100000007
v 0.1610981 0.0451705381 0.0100000007
v 0.1606193 0.04748222 0.0100000007
v 0.160898581 0.04478544 0.0100000007
v 0.1606193 0.0444416665 0.0100000007
v 0.160275549 0.0441624038 0.0100000007
v 0.159890443 0.0439629 0.0100000007
v 0.159490258 0.0438478366 0.0100000007
v 0.159099028 0.0438119434 0.0100000007
v 0.155498 0.0378572568 0.0100000007
v 0.158707812 0.0438478366 0.0100000007
v 0.158307627 0.0439629 0.0100000007
v 0.157922521 0.0441624038 0.0100000007
v 0.157578751 0.0444416665 0.0100000007
v 0.157299489 0.04478544 0.0100000007
v 0.157099977 0.0451705381 0.0100000007
v 0.156984925 0.0455707237 0.0100000007
v 0.156949028 0.0459619462 0.0100000007
v 0.14987348 0.0550971031 0.0100000007
v 0.148492426 0.0385 0.0100000007
v 0.15002659 0.0553926453 0.0100000007
v 0.149659157 0.0548332743 0.0100000007
v 0.149395332 0.0546189621 0.0100000007
v 0.1490998 0.05446585 0.0100000007
v 0.148792684 0.05437755 0.0100000007
v 0.156984925 0.04635317 0.0100000007
v 0.150114879 0.0556997657 0.0100000007
v 0.157099977 0.0467533469 0.0100000007
v 0.148492426 0.0543500036 0.0100000007
v 0.150142431 0.056 0.0100000007
v 0.157299489 0.0471384451 0.0100000007
v 0.157578751 0.04748222 0.0100000007
v 0.1481922 0.05437755 0.0100000007
v 0.150114879 0.05630024 0.0100000007
v 0.157922521 0.047761485 0.0100000007
v 0.158307627 0.04796099 0.0100000007
v 0.147885069 0.05446585 0.0100000007
v 0.15002659 0.05660736 0.0100000007
v 0.147589535 0.0546189621 0.0100000007
v 0.147325709 0.0548332743 0.0100000007
v 0.147111386 0.0550971031 0.0100000007
v 0.158707812 0.04807605 0.0100000007
v 0.159099028 0.04811194 0.0100000007
v 0.159490258 0.04807605 0.0100000007
v 0.146958277 0.0553926453 0.0100000007
v 0.14987348 0.0569028966 0.0100000007
v 0.146869987 0.0556997657 0.0100000007
v 0.140012711 0.06504826 0.0100000007
v 0.159890443 0.04796099 0.0100000007
v 0.146842435 0.056 0.0100000007
v 0.140291974 0.06539205 0.0100000007
v 0.140491471 0.0657771453 0.0100000007
v 0.160275549 0.047761485 0.0100000007
v 0.146958277 0.05660736 0.0100000007
v 0.149659157 0.0571667254 0.0100000007
v 0.147111386 0.0569028966 0.0100000007
v 0.149395332 0.05738105 0.0100000007
v 0.147325709 0.0571667254 0.0100000007
v 0.1490998 0.05753415 0.0100000007
v 0.147589535 0.05738105 0.0100000007
v 0.148792684 0.0576224551 0.0100000007
v 0.147885069 0.05753415 0.0100000007
v 0.148492426 0.0576500036 0.0100000007
v 0.1481922 0.0576224551 0.0100000007
v 0.103492431 -3.552714E-17 0.0115
v 0.103492431 0.108639613 0.0105
v 0.103492431 -0.108639613 0.0105
v 0.103492431 -0.108639613 0.0125000011
v 0.103492431 0.108639613 0.0125000011
v 0.141902328 -0.07022971 0.0115
v 0.103492431 -0.108639613 0.0105
v 0.180312246 -0.0318198055 0.0105
v 0.180312246 -0.0318198055 0.0125000011
v 0.103492431 -0.108639613 0.0125000011
v 0.179958671 -0.0314662531 0.0100000007
v 0.185365066 -0.0253568981 0.01025
v 0.180312246 -0.0318198055 0.0105
v 0.185159057 -0.02521524 0.0100000007
v 0.185571045 -0.0254985578 0.0105
v 0.189331934 -0.017674394 0.0100000007
v 0.189561382 -0.0177736878 0.01025
v 0.189790815 -0.0178729817 0.0105
v 0.192048177 -0.009118472 0.0100000007
v 0.192292869 -0.0091697 0.01025
v 0.192537591 -0.009220926 0.0105
v 0.192992419 4.16226332E-17 0.0100000007
v 0.193242431 1.55271926E-17 0.01025
v 0.193492442 1.30070729E-18 0.0105
v 0.192048177 0.009118472 0.0100000007
v 0.192292869 0.0091697 0.01025
v 0.192537591 0.009220926 0.0105
v 0.189331934 0.017674394 0.0100000007
v 0.189561382 0.0177736878 0.01025
v 0.189790815 0.0178729817 0.0105
v 0.185159057 0.02521524 0.0100000007
v 0.185365066 0.0253568981 0.01025
v 0.185571045 0.0254985578 0.0105
v 0.179958671 0.0314662531 0.0100000007
v 0.180312246 0.0318198055 0.0105
v 0.103492431 -0.108639613 0.0105
v 0.103742436 -1.776357E-17 0.01025
v 0.103992432 -0.1074325 0.0100000007
v 0.103492431 0.108639613 0.0105
v 0.103992432 0.1074325 0.0100000007
f 1 2 3
f 2 4 3
f 3 4 5
f 2 6 4
f 4 7 5
f 6 8 4
f 4 8 7
f 6 9 8
f 8 10 7
f 9 11 8
f 8 11 10
f 9 12 11
f 11 13 10
f 12 14 11
f 11 14 13
f 12 15 14
f 14 16 13
f 15 17 14
f 14 17 16
f 15 18 17
f 17 19 16
f 18 20 17
f 17 20 19
f 18 21 20
f 21 22 20
f 20 23 19
f 20 22 23
f 21 24 22
f 22 25 23
f 24 26 22
f 22 27 25
f 26 28 22
f 22 28 27
f 26 29 28
f 29 30 28
f 28 31 27
f 28 30 31
f 29 32 30
f 30 33 31
f 32 34 30
f 30 35 33
f 34 36 30
f 30 36 35
f 34 37 36
f 37 38 36
f 36 39 35
f 36 38 39
f 37 40 38
f 38 41 39
f 40 42 38
f 38 43 41
f 42 44 38
f 44 43 38
f 44 45 43
f 46 47 48
f 46 48 49
f 50 46 49
f 49 48 51
f 52 50 49
f 49 51 53
f 54 52 49
f 55 49 53
f 54 49 55
f 55 53 56
f 57 55 56
f 58 54 55
f 58 55 57
f 57 56 59
f 60 58 57
f 57 59 61
f 62 60 57
f 63 57 61
f 62 57 63
f 63 61 64
f 65 63 64
f 66 62 63
f 66 63 65
f 65 64 67
f 68 66 65
f 65 67 69
f 70 68 65
f 71 65 69
f 70 65 71
f 71 69 72
f 73 70 71
f 74 71 72
f 73 71 74
f 74 72 75
f 76 73 74
f 77 74 75
f 76 74 77
f 77 75 78
f 79 76 77
f 80 77 78
f 79 77 80
f 80 78 81
f 82 79 80
f 83 80 81
f 82 80 83
f 83 81 84
f 85 82 83
f 86 83 84
f 85 83 86
f 86 84 87
f 88 85 86
f 89 86 87
f 88 86 89
f 90 88 89
f 89 91 90
f 91 92 90
f 91 93 92
f 90 92 94
f 92 95 94
f 93 96 92
f 92 97 95
f 96 98 92
f 92 98 97
f 96 99 98
f 99 100 98
f 98 101 97
f 98 100 101
f 99 102 100
f 100 103 101
f 102 104 100
f 100 105 103
f 104 106 100
f 100 106 105
f 104 107 106
f 107 108 106
f 106 109 105
f 106 108 109
f 107 110 108
f 108 111 109
f 110 112 108
f 108 113 111
f 112 114 108
f 108 114 113
f 112 115 114
f 114 116 113
f 115 117 114
f 114 117 116
f 115 118 117
f 117 119 116
f 118 120 117
f 117 120 119
f 118 121 120
f 120 122 119
f 121 123 120
f 120 123 122
f 121 124 123
f 123 125 122
f 124 126 123
f 123 126 125
f 124 127 126
f 126 128 125
f 127 129 126
f 126 129 128
f 127 130 129
f 129 131 128
f 130 132 129
f 132 131 129
f 132 133 131
f 134 135 136
f 135 137 136
f 136 137 138
f 135 139 137
f 137 140 138
f 139 141 137
f 137 141 140
f 139 142 141
f 141 143 140
f 142 144 141
f 141 144 143
f 142 145 144
f 144 146 143
f 145 147 144
f 144 147 146
f 145 148 147
f 147 149 146
f 148 150 147
f 147 150 149
f 148 151 150
f 150 152 149
f 151 153 150
f 150 153 152
f 151 154 153
f 154 155 153
f 153 156 152
f 153 155 156
f 154 157 155
f 155 158 156
f 157 159 155
f 155 160 158
f 159 161 155
f 155 161 160
f 159 162 161
f 162 163 161
f 161 164 160
f 161 163 164
f 162 165 163
f 163 166 164
f 165 167 163
f 163 168 166
f 167 169 163
f 163 169 168
f 167 170 169
f 170 171 169
f 169 172 168
f 169 171 172
f 170 173 171
f 171 174 172
f 173 175 171
f 171 176 174
f 175 177 171
f 177 176 171
f 177 178 176
f 179 180 181
f 180 182 181
f 181 182 183
f 180 184 182
f 182 185 183
f 184 186 182
f 182 186 185
f 184 187 186
f 186 188 185
f 187 189 186
f 186 189 188
f 187 190 189
f 189 191 188
f 190 192 189
f 189 192 191
f 190 193 192
f 192 194 191
f 193 195 192
f 192 195 194
f 193 196 195
f 195 197 194
f 196 198 195
f 195 198 197
f 196 199 198
f 199 200 198
f 198 201 197
f 198 200 201
f 199 202 200
f 200 203 201
f 202 204 200
f 200 205 203
f 204 206 200
f 200 206 205
f 204 207 206
f 207 208 206
f 206 209 205
f 206 208 209
f 207 210 208
f 208 211 209
f 210 212 208
f 208 213 211
f 212 214 208
f 208 214 213
f 212 215 214
f 215 216 214
f 214 217 213
f 214 216 217
f 215 218 216
f 216 219 217
f 218 220 216
f 216 221 219
f 220 222 216
f 222 221 216
f 222 223 221
f 224 225 226
f 224 226 227
f 228 224 227
f 227 226 229
f 230 228 227
f 227 229 231
f 232 230 227
f 233 227 231
f 232 227 233
f 233 231 234
f 235 233 234
f 236 232 233
f 236 233 235
f 235 234 237
f 238 236 235
f 235 237 239
f 240 238 235
f 241 235 239
f 240 235 241
f 241 239 242
f 243 241 242
f 244 240 241
f 244 241 243
f 243 242 245
f 246 244 243
f 243 245 247
f 248 246 243
f 249 243 247
f 248 243 249
f 249 247 250
f 251 248 249
f 252 249 250
f 251 249 252
f 252 250 253
f 254 251 252
f 255 252 253
f 254 252 255
f 255 253 256
f 257 254 255
f 258 255 256
f 257 255 258
f 258 256 259
f 260 257 258
f 261 258 259
f 260 258 261
f 261 259 262
f 263 260 261
f 264 261 262
f 263 261 264
f 264 262 265
f 266 263 264
f 267 264 265
f 266 264 267
f 268 266 267
f 267 269 268
f 269 270 268
f 269 271 270
f 268 270 272
f 270 273 272
f 271 274 270
f 270 275 273
f 274 276 270
f 270 276 275
f 274 277 276
f 277 278 276
f 276 279 275
f 276 278 279
f 277 280 278
f 278 281 279
f 280 282 278
f 278 283 281
f 282 284 278
f 278 284 283
f 282 285 284
f 285 286 284
f 284 287 283
f 284 286 287
f 285 288 286
f 286 289 287
f 288 290 286
f 286 291 289
f 290 292 286
f 286 292 291
f 290 293 292
f 292 294 291
f 293 295 292
f 292 295 294
f 293 296 295
f 295 297 294
f 296 298 295
f 295 298 297
f 296 299 298
f 298 300 297
f 299 301 298
f 298 301 300
f 299 302 301
f 301 303 300
f 302 304 301
f 301 304 303
f 302 305 304
f 304 306 303
f 305 307 304
f 304 307 306
f 305 308 307
f 307 309 306
f 308 310 307
f 310 309 307
f 310 311 309
f 312 313 314
f 312 314 315
f 316 312 315
f 315 314 317
f 318 316 315
f 315 317 319
f 320 318 315
f 321 315 319
f 320 315 321
f 321 319 322
f 323 321 322
f 324 320 321
f 324 321 323
f 323 322 325
f 326 324 323
f 323 325 327
f 328 326 323
f 329 323 327
f 328 323 329
f 329 327 330
f 331 329 330
f 332 328 329
f 332 329 331
f 331 330 333
f 334 332 331
f 331 333 335
f 336 334 331
f 337 331 335
f 336 331 337
f 337 335 338
f 339 336 337
f 340 337 338
f 339 337 340
f 340 338 341
f 342 339 340
f 343 340 341
f 342 340 343
f 343 341 344
f 345 342 343
f 346 343 344
f 345 343 346
f 346 344 347
f 348 345 346
f 349 346 347
f 348 346 349
f 349 347 350
f 351 348 349
f 352 349 350
f 351 349 352
f 352 350 353
f 354 351 352
f 355 352 353
f 354 352 355
f 356 354 355
f 355 357 356
f 357 358 356
f 357 359 358
f 356 358 360
f 358 361 360
f 359 362 358
f 358 363 361
f 362 364 358
f 358 364 363
f 362 365 364
f 365 366 364
f 364 367 363
f 364 366 367
f 365 368 366
f 366 369 367
f 368 370 366
f 366 371 369
f 370 372 366
f 366 372 371
f 370 373 372
f 373 374 372
f 372 375 371
f 372 374 375
f 373 376 374
f 374 377 375
f 376 378 374
f 374 379 377
f 378 380 374
f 374 380 379
f 378 381 380
f 380 382 379
f 381 383 380
f 380 383 382
f 381 384 383
f 383 385 382
f 384 386 383
f 383 386 385
f 384 387 386
f 386 388 385
f 387 389 386
f 386 389 388
f 387 390 389
f 389 391 388
f 390 392 389
f 389 392 391
f 390 393 392
f 392 394 391
f 393 395 392
f 392 395 394
f 393 396 395
f 395 397 394
f 396 398 395
f 398 397 395
f 398 399 397
f 400 401 402
f 401 403 402
f 402 403 404
f 401 405 403
f 403 406 404
f 405 407 403
f 403 407 406
f 405 408 407
f 407 409 406
f 408 410 407
f 407 410 409
f 408 411 410
f 410 412 409
f 411 413 410
f 410 413 412
f 411 414 413
f 413 415 412
f 414 416 413
f 413 416 415
f 414 417 416
f 416 418 415
f 417 419 416
f 416 419 418
f 417 420 419
f 420 421 419
f 419 422 418
f 419 421 422
f 420 423 421
f 421 424 422
f 423 425 421
f 421 426 424
f 425 427 421
f 421 427 426
f 425 428 427
f 428 429 427
f 427 430 426
f 427 429 430
f 428 431 429
f 429 432 430
f 431 433 429
f 429 434 432
f 433 435 429
f 429 435 434
f 433 436 435
f 436 437 435
f 435 438 434
f 435 437 438
f 436 439 437
f 437 440 438
f 439 441 437
f 437 442 440
f 441 443 437
f 443 442 437
f 443 444 442
f 445 446 447
f 446 448 447
f 447 448 449
f 446 450 448
f 448 451 449
f 450 452 448
f 448 452 451
f 450 453 452
f 452 454 451
f 453 455 452
f 452 455 454
f 453 456 455
f 455 457 454
f 456 458 455
f 455 458 457
f 456 459 458
f 458 460 457
f 459 461 458
f 458 461 460
f 459 462 461
f 461 463 460
f 462 464 461
f 461 464 463
f 462 465 464
f 465 466 464
f 464 467 463
f 464 466 467
f 465 468 466
f 466 469 467
f 468 470 466
f 466 471 469
f 470 472 466
f 466 472 471
f 470 473 472
f 473 474 472
f 472 475 471
f 472 474 475
f 473 476 474
f 474 477 475
f 476 478 474
f 474 479 477
f 478 480 474
f 474 480 479
f 478 481 480
f 481 482 480
f 480 483 479
f 480 482 483
f 481 484 482
f 482 485 483
f 484 486 482
f 482 487 485
f 486 488 482
f 488 487 482
f 488 489 487
f 490 491 492
f 491 493 492
f 492 493 494
f 491 495 493
f 493 496 494
f 495 497 493
f 493 497 496
f 495 498 497
f 497 499 496
f 498 500 497
f 497 500 499
f 498 501 500
f 500 502 499
f 501 503 500
f 500 503 502
f 501 504 503
f 503 505 502
f 504 506 503
f 503 506 505
f 504 507 506
f 506 508 505
f 507 509 506
f 506 509 508
f 507 510 509
f 510 511 509
f 509 512 508
f 509 511 512
f 510 513 511
f 511 514 512
f 513 515 511
f 511 516 514
f 515 517 511
f 511 517 516
f 515 518 517
f 518 519 517
f 517 520 516
f 517 519 520
f 518 521 519
f 519 522 520
f 521 523 519
f 519 524 522
f 523 525 519
f 519 525 524
f 523 526 525
f 526 527 525
f 525 528 524
f 525 527 528
f 526 529 527
f 527 530 528
f 529 531 527
f 527 532 530
f 531 533 527
f 533 532 527
f 533 534 532
f 535 536 537
f 536 538 537
f 537 538 539
f 536 540 538
f 538 541 539
f 540 542 538
f 538 542 541
f 540 543 542
f 542 544 541
f 543 545 542
f 542 545 544
f 543 546 545
f 545 547 544
f 546 548 545
f 545 548 547
f 546 549 548
f 548 550 547
f 549 551 548
f 548 551 550
f 549 552 551
f 551 553 550
f 552 554 551
f 551 554 553
f 552 555 554
f 555 556 554
f 554 557 553
f 554 556 557
f 555 558 556
f 556 559 557
f 558 560 556
f 556 561 559
f 560 562 556
f 556 562 561
f 560 563 562
f 563 564 562
f 562 565 561
f 562 564 565
f 563 566 564
f 564 567 565
f 566 568 564
f 564 569 567
f 568 570 564
f 564 570 569
f 568 571 570
f 571 572 570
f 570 573 569
f 570 572 573
f 571 574 572
f 572 575 573
f 574 576 572
f 572 577 575
f 576 578 572
f 578 577 572
f 578 579 577
f 580 581 582
f 581 583 582
f 582 583 584
f 581 585 583
f 583 586 584
f 585 587 583
f 583 587 586
f 585 588 587
f 587 589 586
f 588 590 587
f 587 590 589
f 588 591 590
f 590 592 589
f 591 593 590
f 590 593 592
f 591 594 593
f 593 595 592
f 594 596 593
f 593 596 595
f 594 597 596
f 596 598 595
f 597 599 596
f 596 599 598
f 597 600 599
f 600 601 599
f 599 602 598
f 599 601 602
f 600 603 601
f 601 604 602
f 603 605 601
f 601 606 604
f 605 607 601
f 601 607 606
f 605 608 607
f 608 609 607
f 607 610 606
f 607 609 610
f 608 611 609
f 609 612 610
f 611 613 609
f 609 614 612
f 613 615 609
f 609 615 614
f 613 616 615
f 616 617 615
f 615 618 614
f 615 617 618
f 616 619 617
f 617 620 618
f 619 621 617
f 617 622 620
f 621 623 617
f 623 622 617
f 623 624 622
f 625 626 627
f 625 627 628
f 629 625 628
f 628 627 630
f 631 629 628
f 628 630 632
f 633 631 628
f 634 628 632
f 633 628 634
f 634 632 635
f 636 634 635
f 637 633 634
f 637 634 636
f 636 635 638
f 639 637 636
f 636 638 640
f 641 639 636
f 642 636 640
f 641 636 642
f 642 640 643
f 644 642 643
f 645 641 642
f 645 642 644
f 644 643 646
f 647 645 644
f 644 646 648
f 649 647 644
f 650 644 648
f 649 644 650
f 650 648 651
f 652 649 650
f 653 650 651
f 652 650 653
f 653 651 654
f 655 652 653
f 656 653 654
f 655 653 656
f 656 654 657
f 658 655 656
f 659 656 657
f 658 656 659
f 659 657 660
f 661 658 659
f 662 659 660
f 661 659 662
f 662 660 663
f 664 661 662
f 665 662 663
f 664 662 665
f 665 663 666
f 667 664 665
f 668 665 666
f 667 665 668
f 669 667 668
f 668 670 669
f 670 671 669
f 670 672 671
f 669 671 673
f 671 674 673
f 672 675 671
f 671 676 674
f 675 677 671
f 671 677 676
f 675 678 677
f 678 679 677
f 677 680 676
f 677 679 680
f 678 681 679
f 679 682 680
f 681 683 679
f 679 684 682
f 683 685 679
f 679 685 684
f 683 686 685
f 686 687 685
f 685 688 684
f 685 687 688
f 686 689 687
f 687 690 688
f 689 691 687
f 687 692 690
f 691 693 687
f 687 693 692
f 691 694 693
f 693 695 692
f 694 696 693
f 693 696 695
f 694 697 696
f 696 698 695
f 697 699 696
f 696 699 698
f 697 700 699
f 699 701 698
f 700 702 699
f 699 702 701
f 700 703 702
f 702 704 701
f 703 705 702
f 702 705 704
f 703 706 705
f 705 707 704
f 706 708 705
f 705 708 707
f 706 709 708
f 708 710 707
f 709 711 708
f 711 710 708
f 711 712 710
f 713 714 715
f 714 716 715
f 715 716 717
f 714 718 716
f 716 719 717
f 718 720 716
f 716 720 719
f 718 721 720
f 720 722 719
f 721 723 720
f 720 723 722
f 721 724 723
f 723 725 722
f 724 726 723
f 723 726 725
f 724 727 726
f 726 728 725
f 727 729 726
f 726 729 728
f 727 730 729
f 729 731 728
f 730 732 729
f 729 732 731
f 730 733 732
f 733 734 732
f 732 735 731
f 732 734 735
f 733 736 734
f 734 737 735
f 736 738 734
f 734 739 737
f 738 740 734
f 734 740 739
f 738 741 740
f 741 742 740
f 740 743 739
f 740 742 743
f 741 744 742
f 742 745 743
f 744 746 742
f 742 747 745
f 746 748 742
f 742 748 747
f 746 749 748
f 749 750 748
f 748 751 747
f 748 750 751
f 749 752 750
f 750 753 751
f 752 754 750
f 750 755 753
f 754 756 750
f 756 755 750
f 756 757 755
f 758 759 760
f 759 761 760
f 760 761 762
f 759 763 761
f 761 764 762
f 763 765 761
f 761 765 764
f 763 766 765
f 765 767 764
f 766 768 765
f 765 768 767
f 766 769 768
f 768 770 767
f 769 771 768
f 768 771 770
f 769 772 771
f 771 773 770
f 772 774 771
f 771 774 773
f 772 775 774
f 774 776 773
f 775 777 774
f 774 777 776
f 775 778 777
f 778 779 777
f 777 780 776
f 777 779 780
f 778 781 779
f 779 782 780
f 781 783 779
f 779 784 782
f 783 785 779
f 779 785 784
f 783 786 785
f 786 787 785
f 785 788 784
f 785 787 788
f 786 789 787
f 787 790 788
f 789 791 787
f 787 792 790
f 791 793 787
f 787 793 792
f 791 794 793
f 794 795 793
f 793 796 792
f 793 795 796
f 794 797 795
f 795 798 796
f 797 799 795
f 795 800 798
f 799 801 795
f 801 800 795
f 801 802 800
f 803 804 805
f 803 805 806
f 807 803 806
f 806 805 808
f 809 807 806
f 806 808 810
f 811 809 806
f 812 806 810
f 811 806 812
f 812 810 813
f 814 812 813
f 815 811 812
f 815 812 814
f 814 813 816
f 817 815 814
f 814 816 818
f 819 817 814
f 820 814 818
f 819 814 820
f 820 818 821
f 822 820 821
f 823 819 820
f 823 820 822
f 822 821 824
f 825 823 822
f 822 824 826
f 827 825 822
f 828 822 826
f 827 822 828
f 828 826 829
f 830 827 828
f 831 828 829
f 830 828 831
f 831 829 832
f 833 830 831
f 834 831 832
f 833 831 834
f 834 832 835
f 836 833 834
f 837 834 835
f 836 834 837
f 837 835 838
f 839 836 837
f 840 837 838
f 839 837 840
f 840 838 841
f 842 839 840
f 843 840 841
f 842 840 843
f 843 841 844
f 845 842 843
f 846 843 844
f 845 843 846
f 847 845 846
f 846 848 847
f 848 849 847
f 848 850 849
f 847 849 851
f 849 852 851
f 850 853 849
f 849 854 852
f 853 855 849
f 849 855 854
f 853 856 855
f 856 857 855
f 855 858 854
f 855 857 858
f 856 859 857
f 857 860 858
f 859 861 857
f 857 862 860
f 861 863 857
f 857 863 862
f 861 864 863
f 864 865 863
f 863 866 862
f 863 865 866
f 864 867 865
f 865 868 866
f 867 869 865
f 865 870 868
f 869 871 865
f 865 871 870
f 869 872 871
f 871 873 870
f 872 874 871
f 871 874 873
f 872 875 874
f 874 876 873
f 875 877 874
f 874 877 876
f 875 878 877
f 877 879 876
f 878 880 877
f 877 880 879
f 878 881 880
f 880 882 879
f 881 883 880
f 880 883 882
f 881 884 883
f 883 885 882
f 884 886 883
f 883 886 885
f 884 887 886
f 886 888 885
f 887 889 886
f 889 888 886
f 889 890 888
f 891 892 893
f 892 894 893
f 893 894 895
f 892 896 894
f 894 897 895
f 896 898 894
f 894 898 897
f 896 899 898
f 898 900 897
f 899 901 898
f 898 901 900
f 899 902 901
f 901 903 900
f 902 904 901
f 901 904 903
f 902 905 904
f 904 906 903
f 905 907 904
f 904 907 906
f 905 908 907
f 907 909 906
f 908 910 907
f 907 910 909
f 908 911 910
f 911 912 910
f 910 913 909
f 910 912 913
f 911 914 912
f 912 915 913
f 914 916 912
f 912 917 915
f 916 918 912
f 912 918 917
f 916 919 918
f 919 920 918
f 918 921 917
f 918 920 921
f 919 922 920
f 920 923 921
f 922 924 920
f 920 925 923
f 924 926 920
f 920 926 925
f 924 927 926
f 927 928 926
f 926 929 925
f 926 928 929
f 927 930 928
f 928 931 929
f 930 932 928
f 928 933 931
f 932 934 928
f 934 933 928
f 934 935 933
f 936 937 938
f 937 939 938
f 938 939 940
f 937 941 939
f 939 942 940
f 941 943 939
f 939 943 942
f 941 944 943
f 943 945 942
f 944 946 943
f 943 946 945
f 944 947 946
f 946 948 945
f 947 949 946
f 946 949 948
f 947 950 949
f 949 951 948
f 950 952 949
f 949 952 951
f 950 953 952
f 952 954 951
f 953 955 952
f 952 955 954
f 953 956 955
f 956 957 955
f 955 958 954
f 955 957 958
f 956 959 957
f 957 960 958
f 959 961 957
f 957 962 960
f 961 963 957
f 957 963 962
f 961 964 963
f 964 965 963
f 963 966 962
f 963 965 966
f 964 967 965
f 965 968 966
f 967 969 965
f 965 970 968
f 969 971 965
f 965 971 970
f 969 972 971
f 972 973 971
f 971 974 970
f 971 973 974
f 972 975 973
f 973 976 974
f 975 977 973
f 973 978 976
f 977 979 973
f 979 978 973
f 979 980 978
f 981 982 983
f 982 984 983
f 983 984 985
f 982 986 984
f 984 987 985
f 986 988 984
f 984 988 987
f 986 989 988
f 988 990 987
f 989 991 988
f 988 991 990
f 989 992 991
f 991 993 990
f 992 994 991
f 991 994 993
f 992 995 994
f 994 996 993
f 995 997 994
f 994 997 996
f 995 998 997
f 997 999 996
f 998 1000 997
f 997 1000 999
f 998 1001 1000
f 1001 1002 1000
f 1000 1003 999
f 1000 1002 1003
f 1001 1004 1002
f 1002 1005 1003
f 1004 1006 1002
f 1002 1007 1005
f 1006 1008 1002
f 1002 1008 1007
f 1006 1009 1008
f 1009 1010 1008
f 1008 1011 1007
f 1008 1010 1011
f 1009 1012 1010
f 1010 1013 1011
f 1012 1014 1010
f 1010 1015 1013
f 1014 1016 1010
f 1010 1016 1015
f 1014 1017 1016
f 1017 1018 1016
f 1016 1019 1015
f 1016 1018 1019
f 1017 1020 1018
f 1018 1021 1019
f 1020 1022 1018
f 1018 1023 1021
f 1022 1024 1018
f 1024 1023 1018
f 1024 1025 1023
f 1026 1027 1028
f 1027 1029 1028
f 1028 1029 1030
f 1027 1031 1029
f 1029 1032 1030
f 1031 1033 1029
f 1029 1033 1032
f 1031 1034 1033
f 1033 1035 1032
f 1034 1036 1033
f 1033 1036 1035
f 1034 1037 1036
f 1036 1038 1035
f 1037 1039 1036
f 1036 1039 1038
f 1037 1040 1039
f 1039 1041 1038
f 1040 1042 1039
f 1039 1042 1041
f 1040 1043 1042
f 1042 1044 1041
f 1043 1045 1042
f 1042 1045 1044
f 1043 1046 1045
f 1046 1047 1045
f 1045 1048 1044
f 1045 1047 1048
f 1046 1049 1047
f 1047 1050 1048
f 1049 1051 1047
f 1047 1052 1050
f 1051 1053 1047
f 1047 1053 1052
f 1051 1054 1053
f 1054 1055 1053
f 1053 1056 1052
f 1053 1055 1056
f 1054 1057 1055
f 1055 1058 1056
f 1057 1059 1055
f 1055 1060 1058
f 1059 1061 1055
f 1055 1061 1060
f 1059 1062 1061
f 1062 1063 1061
f 1061 1064 1060
f 1061 1063 1064
f 1062 1065 1063
f 1063 1066 1064
f 1065 1067 1063
f 1063 1068 1066
f 1067 1069 1063
f 1069 1068 1063
f 1069 1070 1068
f 1071 1072 1073
f 1072 1074 1073
f 1073 1074 1075
f 1072 1076 1074
f 1074 1077 1075
f 1076 1078 1074
f 1074 1078 1077
f 1076 1079 1078
f 1078 1080 1077
f 1079 1081 1078
f 1078 1081 1080
f 1079 1082 1081
f 1081 1083 1080
f 1082 1084 1081
f 1081 1084 1083
f 1082 1085 1084
f 1084 1086 1083
f 1085 1087 1084
f 1084 1087 1086
f 1085 1088 1087
f 1087 1089 1086
f 1088 1090 1087
f 1087 1090 1089
f 1088 1091 1090
f 1091 1092 1090
f 1090 1093 1089
f 1090 1092 1093
f 1091 1094 1092
f 1092 1095 1093
f 1094 1096 1092
f 1092 1097 1095
f 1096 1098 1092
f 1092 1098 1097
f 1096 1099 1098
f 1099 1100 1098
f 1098 1101 1097
f 1098 1100 1101
f 1099 1102 1100
f 1100 1103 1101
f 1102 1104 1100
f 1100 1105 1103
f 1104 1106 1100
f 1100 1106 1105
f 1104 1107 1106
f 1107 1108 1106
f 1106 1109 1105
f 1106 1108 1109
f 1107 1110 1108
f 1108 1111 1109
f 1110 1112 1108
f 1108 1113 1111
f 1112 1114 1108
f 1114 1113 1108
f 1114 1115 1113
f 1116 1117 1118
f 1116 1118 1119
f 1120 1116 1119
f 1119 1118 1121
f 1122 1120 1119
f 1123 1119 1121
f 1122 1119 1123
f 1123 1121 1124
f 1125 1122 1123
f 1126 1123 1124
f 1125 1123 1126
f 1126 1124 1127
f 1128 1125 1126
f 1129 1126 1127
f 1128 1126 1129
f 1129 1127 1130
f 1131 1128 1129
f 1132 1129 1130
f 1131 1129 1132
f 1132 1130 1133
f 1134 1131 1132
f 1135 1132 1133
f 1134 1132 1135
f 1135 1133 1136
f 1137 1135 1136
f 1138 1134 1135
f 1138 1135 1137
f 1137 1136 1139
f 1140 1138 1137
f 1141 1137 1139
f 1142 1140 1137
f 1143 1137 1141
f 1142 1137 1143
f 1144 1143 1141
f 1145 1142 1143
f 1146 1143 1144
f 1146 1145 1143
f 1147 1146 1144
f 1146 1147 1145
f 1147 1144 1148
f 1147 1149 1145
f 1150 1147 1148
f 1147 1150 1149
f 1150 1148 1151
f 1150 1152 1149
f 1153 1150 1151
f 1150 1153 1152
f 1153 1151 1154
f 1153 1155 1152
f 1156 1153 1154
f 1153 1156 1155
f 1156 1154 1157
f 1156 1158 1155
f 1159 1156 1157
f 1156 1159 1158
f 1159 1157 1160
f 1159 1161 1158
f 1162 1159 1160
f 1159 1162 1161
f 1162 1160 1163
f 1161 1162 1164
f 1162 1163 1164
f 1163 1165 1164
f 1165 1166 1164
f 1164 1166 1167
f 1165 1168 1166
f 1166 1169 1167
f 1168 1170 1166
f 1166 1170 1169
f 1168 1171 1170
f 1170 1172 1169
f 1171 1173 1170
f 1170 1173 1172
f 1171 1174 1173
f 1173 1175 1172
f 1174 1176 1173
f 1173 1176 1175
f 1174 1177 1176
f 1176 1178 1175
f 1177 1179 1176
f 1176 1179 1178
f 1177 1180 1179
f 1179 1181 1178
f 1180 1182 1179
f 1179 1182 1181
f 1180 1183 1182
f 1183 1184 1182
f 1182 1185 1181
f 1182 1184 1185
f 1183 1186 1184
f 1184 1187 1185
f 1186 1188 1184
f 1184 1189 1187
f 1188 1190 1184
f 1184 1190 1189
f 1188 1191 1190
f 1190 1192 1189
f 1191 1193 1190
f 1190 1193 1192
f 1191 1194 1193
f 1194 1192 1193
f 1195 1194 1191
f 1194 1196 1192
f 1197 1194 1195
f 1194 1197 1196
f 1198 1197 1195
f 1197 1199 1196
f 1200 1197 1198
f 1197 1200 1199
f 1201 1200 1198
f 1200 1202 1199
f 1203 1200 1201
f 1200 1203 1202
f 1204 1203 1201
f 1203 1205 1202
f 1206 1203 1204
f 1203 1206 1205
f 1207 1206 1204
f 1206 1208 1205
f 1209 1206 1207
f 1206 1209 1208
f 1210 1209 1207
f 1209 1211 1208
f 1209 1210 1211
f 1212 1213 1214
f 1212 1214 1215
f 1216 1212 1215
f 1215 1214 1217
f 1218 1216 1215
f 1219 1215 1217
f 1218 1215 1219
f 1219 1217 1220
f 1221 1218 1219
f 1222 1219 1220
f 1221 1219 1222
f 1222 1220 1223
f 1224 1221 1222
f 1225 1222 1223
f 1224 1222 1225
f 1225 1223 1226
f 1227 1224 1225
f 1228 1225 1226
f 1227 1225 1228
f 1228 1226 1229
f 1230 1227 1228
f 1231 1228 1229
f 1230 1228 1231
f 1231 1229 1232
f 1233 1231 1232
f 1234 1230 1231
f 1234 1231 1233
f 1233 1232 1235
f 1236 1234 1233
f 1237 1233 1235
f 1238 1236 1233
f 1239 1233 1237
f 1238 1233 1239
f 1240 1239 1237
f 1241 1238 1239
f 1242 1239 1240
f 1242 1241 1239
f 1243 1242 1240
f 1242 1243 1241
f 1243 1240 1244
f 1243 1245 1241
f 1246 1243 1244
f 1243 1246 1245
f 1246 1244 1247
f 1246 1248 1245
f 1249 1246 1247
f 1246 1249 1248
f 1249 1247 1250
f 1249 1251 1248
f 1252 1249 1250
f 1249 1252 1251
f 1252 1250 1253
f 1252 1254 1251
f 1255 1252 1253
f 1252 1255 1254
f 1255 1253 1256
f 1255 1257 1254
f 1258 1255 1256
f 1255 1258 1257
f 1258 1256 1259
f 1257 1258 1260
f 1258 1259 1260
f 1259 1261 1260
f 1261 1262 1260
f 1260 1262 1263
f 1261 1264 1262
f 1262 1265 1263
f 1264 1266 1262
f 1262 1266 1265
f 1264 1267 1266
f 1266 1268 1265
f 1267 1269 1266
f 1266 1269 1268
f 1267 1270 1269
f 1269 1271 1268
f 1270 1272 1269
f 1269 1272 1271
f 1270 1273 1272
f 1272 1274 1271
f 1273 1275 1272
f 1272 1275 1274
f 1273 1276 1275
f 1275 1277 1274
f 1276 1278 1275
f 1275 1278 1277
f 1276 1279 1278
f 1279 1280 1278
f 1278 1281 1277
f 1278 1280 1281
f 1279 1282 1280
f 1280 1283 1281
f 1282 1284 1280
f 1280 1285 1283
f 1284 1286 1280
f 1280 1286 1285
f 1284 1287 1286
f 1286 1288 1285
f 1287 1289 1286
f 1286 1289 1288
f 1287 1290 1289
f 1290 1288 1289
f 1291 1290 1287
f 1290 1292 1288
f 1293 1290 1291
f 1290 1293 1292
f 1294 1293 1291
f 1293 1295 1292
f 1296 1293 1294
f 1293 1296 1295
f 1297 1296 1294
f 1296 1298 1295
f 1299 1296 1297
f 1296 1299 1298
f 1300 1299 1297
f 1299 1301 1298
f 1302 1299 1300
f 1299 1302 1301
f 1303 1302 1300
f 1302 1304 1301
f 1305 1302 1303
f 1302 1305 1304
f 1306 1305 1303
f 1305 1307 1304
f 1305 1306 1307
f 1308 1309 1310
f 1309 1311 1310
f 1312 1313 1314
f 1313 1315 1314
f 1315 1316 1314
f 1317 1318 1319
f 1320 1318 1317
f 1320 1321 1318
f 1322 1320 1317
f 1320 1322 1321
f 1322 1317 1323
f 1322 1324 1321
f 1325 1322 1323
f 1322 1325 1324
f 1323 1326 1325
f 1325 1327 1324
f 1326 1328 1325
f 1325 1328 1327
f 1326 1329 1328
f 1329 1327 1328
f 1329 1326 1330
f 1329 1331 1327
f 1329 1330 1332
f 1331 1329 1332
f 1333 1332 1330
f 1331 1332 1333
f 1334 1333 1330
f 1335 1331 1333
f 1336 1333 1334
f 1336 1335 1333
f 1337 1336 1334
f 1336 1337 1335
f 1337 1334 1338
f 1337 1339 1335
f 1340 1337 1338
f 1337 1340 1339
f 1340 1338 1341
f 1340 1342 1339
f 1340 1341 1343
f 1342 1340 1343
f 1344 1343 1341
f 1342 1343 1344
f 1344 1341 1345
f 1346 1342 1344
f 1347 1344 1345
f 1348 1346 1344
f 1349 1344 1347
f 1348 1344 1349
f 1350 1349 1347
f 1351 1348 1349
f 1352 1349 1350
f 1352 1351 1349
f 1353 1352 1350
f 1352 1353 1351
f 1353 1350 1354
f 1353 1355 1351
f 1356 1353 1354
f 1353 1356 1355
f 1356 1354 1357
f 1356 1358 1355
f 1359 1356 1357
f 1356 1359 1358
f 1359 1357 1360
f 1359 1361 1358
f 1362 1359 1360
f 1359 1362 1361
f 1362 1360 1363
f 1362 1364 1361
f 1365 1362 1363
f 1362 1365 1364
f 1365 1363 1366
f 1365 1367 1364
f 1368 1365 1366
f 1365 1368 1367
f 1368 1366 1369
f 1367 1368 1370
f 1368 1369 1370
f 1369 1371 1370
f 1371 1372 1370
f 1370 1372 1373
f 1371 1374 1372
f 1374 1373 1372
f 1374 1371 1375
f 1374 1376 1373
f 1377 1374 1375
f 1374 1377 1376
f 1377 1375 1378
f 1377 1379 1376
f 1380 1377 1378
f 1377 1380 1379
f 1380 1378 1381
f 1380 1381 1379
f 1378 1382 1381
f 1379 1381 1383
f 1382 1384 1381
f 1381 1384 1383
f 1382 1385 1384
f 1385 1383 1384
f 1385 1382 1386
f 1385 1387 1383
f 1385 1386 1388
f 1387 1385 1388
f 1389 1388 1386
f 1387 1388 1389
f 1389 1386 1390
f 1391 1387 1389
f 1392 1389 1390
f 1389 1392 1391
f 1392 1390 1393
f 1392 1394 1391
f 1395 1392 1393
f 1392 1395 1394
f 1395 1393 1396
f 1395 1396 1394
f 1393 1397 1396
f 1394 1396 1398
f 1397 1399 1396
f 1396 1400 1398
f 1399 1401 1396
f 1396 1401 1400
f 1399 1402 1401
f 1401 1403 1400
f 1402 1404 1401
f 1401 1404 1403
f 1402 1405 1404
f 1405 1403 1404
f 1406 1405 1402
f 1405 1407 1403
f 1408 1405 1406
f 1405 1408 1407
f 1409 1408 1406
f 1408 1410 1407
f 1411 1408 1409
f 1408 1411 1410
f 1412 1411 1409
f 1411 1413 1410
f 1414 1411 1412
f 1411 1414 1413
f 1415 1414 1412
f 1414 1416 1413
f 1417 1414 1415
f 1414 1417 1416
f 1418 1417 1415
f 1417 1419 1416
f 1420 1417 1418
f 1417 1420 1419
f 1421 1420 1418
f 1420 1422 1419
f 1420 1421 1422
f 1423 1424 1425
f 1426 1423 1425
f 1423 1426 1427
f 1426 1425 1428
f 1426 1429 1427
f 1430 1426 1428
f 1426 1430 1429
f 1428 1431 1430
f 1430 1432 1429
f 1431 1433 1430
f 1430 1433 1432
f 1431 1434 1433
f 1434 1432 1433
f 1431 1435 1434
f 1434 1436 1432
f 1435 1437 1434
f 1436 1434 1437
f 1435 1438 1437
f 1438 1436 1437
f 1438 1435 1439
f 1438 1440 1436
f 1438 1439 1441
f 1440 1438 1441
f 1442 1441 1439
f 1440 1441 1442
f 1442 1439 1443
f 1444 1440 1442
f 1445 1442 1443
f 1444 1442 1445
f 1445 1443 1446
f 1447 1445 1446
f 1448 1444 1445
f 1448 1445 1447
f 1447 1446 1449
f 1450 1448 1447
f 1451 1447 1449
f 1452 1450 1447
f 1453 1447 1451
f 1452 1447 1453
f 1454 1453 1451
f 1455 1452 1453
f 1456 1453 1454
f 1456 1455 1453
f 1457 1456 1454
f 1456 1457 1455
f 1457 1454 1458
f 1457 1459 1455
f 1460 1457 1458
f 1457 1460 1459
f 1460 1458 1461
f 1460 1462 1459
f 1463 1460 1461
f 1460 1463 1462
f 1463 1461 1464
f 1463 1465 1462
f 1466 1463 1464
f 1463 1466 1465
f 1466 1464 1467
f 1466 1468 1465
f 1469 1466 1467
f 1466 1469 1468
f 1469 1467 1470
f 1469 1471 1468
f 1472 1469 1470
f 1469 1472 1471
f 1472 1470 1473
f 1471 1472 1474
f 1472 1473 1474
f 1473 1475 1474
f 1475 1476 1474
f 1474 1476 1477
f 1475 1478 1476
f 1476 1479 1477
f 1478 1480 1476
f 1476 1480 1479
f 1478 1481 1480
f 1480 1482 1479
f 1481 1483 1480
f 1480 1483 1482
f 1481 1484 1483
f 1484 1482 1483
f 1484 1481 1485
f 1484 1486 1482
f 1484 1485 1487
f 1486 1484 1487
f 1485 1488 1487
f 1486 1487 1488
f 1488 1485 1489
f 1490 1486 1488
f 1488 1489 1491
f 1490 1488 1491
f 1492 1491 1489
f 1490 1491 1492
f 1492 1489 1493
f 1494 1490 1492
f 1495 1492 1493
f 1492 1495 1494
f 1495 1493 1496
f 1497 1495 1496
f 1495 1498 1494
f 1495 1497 1498
f 1497 1496 1499
f 1497 1500 1498
f 1497 1499 1501
f 1497 1502 1500
f 1503 1497 1501
f 1497 1503 1502
f 1503 1501 1504
f 1503 1505 1502
f 1506 1503 1504
f 1503 1506 1505
f 1506 1504 1507
f 1506 1507 1505
f 1504 1508 1507
f 1509 1505 1507
f 1508 1510 1507
f 1509 1507 1510
f 1508 1511 1510
f 1512 1509 1510
f 1511 1513 1510
f 1512 1510 1513
f 1511 1514 1513
f 1515 1512 1513
f 1514 1516 1513
f 1515 1513 1516
f 1514 1517 1516
f 1518 1515 1516
f 1517 1519 1516
f 1518 1516 1519
f 1517 1520 1519
f 1521 1518 1519
f 1520 1522 1519
f 1521 1519 1522
f 1520 1523 1522
f 1524 1521 1522
f 1523 1524 1522
f 1525 1526 1527
f 1526 1528 1527
f 1526 1529 1528
f 1527 1528 1530
f 1528 1531 1530
f 1529 1532 1528
f 1528 1533 1531
f 1532 1534 1528
f 1528 1534 1533
f 1532 1535 1534
f 1535 1536 1534
f 1534 1537 1533
f 1534 1536 1537
f 1535 1538 1536
f 1536 1539 1537
f 1538 1540 1536
f 1536 1541 1539
f 1540 1542 1536
f 1536 1542 1541
f 1540 1543 1542
f 1543 1544 1542
f 1542 1545 1541
f 1542 1544 1545
f 1543 1546 1544
f 1544 1547 1545
f 1546 1548 1544
f 1544 1549 1547
f 1548 1550 1544
f 1544 1550 1549
f 1548 1551 1550
f 1550 1552 1549
f 1551 1553 1550
f 1550 1553 1552
f 1551 1554 1553
f 1553 1555 1552
f 1554 1556 1553
f 1553 1556 1555
f 1554 1557 1556
f 1556 1558 1555
f 1557 1559 1556
f 1556 1559 1558
f 1557 1560 1559
f 1559 1561 1558
f 1560 1562 1559
f 1559 1562 1561
f 1560 1563 1562
f 1562 1564 1561
f 1563 1565 1562
f 1562 1565 1564
f 1563 1566 1565
f 1565 1567 1564
f 1566 1568 1565
f 1568 1567 1565
f 1568 1569 1567
f 1570 1571 1572
f 1570 1572 1573
f 1574 1570 1573
f 1573 1572 1575
f 1576 1574 1573
f 1577 1573 1575
f 1576 1573 1577
f 1577 1575 1578
f 1579 1576 1577
f 1580 1577 1578
f 1579 1577 1580
f 1580 1578 1581
f 1582 1579 1580
f 1583 1580 1581
f 1582 1580 1583
f 1583 1581 1584
f 1585 1582 1583
f 1586 1583 1584
f 1585 1583 1586
f 1586 1584 1587
f 1588 1585 1586
f 1589 1586 1587
f 1588 1586 1589
f 1589 1587 1590
f 1591 1589 1590
f 1592 1588 1589
f 1592 1589 1591
f 1591 1590 1593
f 1594 1592 1591
f 1595 1591 1593
f 1596 1594 1591
f 1597 1591 1595
f 1596 1591 1597
f 1598 1597 1595
f 1599 1596 1597
f 1600 1597 1598
f 1600 1599 1597
f 1601 1600 1598
f 1600 1601 1599
f 1601 1598 1602
f 1601 1603 1599
f 1604 1601 1602
f 1601 1604 1603
f 1604 1602 1605
f 1604 1606 1603
f 1607 1604 1605
f 1604 1607 1606
f 1607 1605 1608
f 1607 1609 1606
f 1610 1607 1608
f 1607 1610 1609
f 1610 1608 1611
f 1610 1612 1609
f 1613 1610 1611
f 1610 1613 1612
f 1613 1611 1614
f 1613 1615 1612
f 1616 1613 1614
f 1613 1616 1615
f 1616 1614 1617
f 1615 1616 1618
f 1616 1617 1618
f 1617 1619 1618
f 1619 1620 1618
f 1618 1620 1621
f 1619 1622 1620
f 1620 1623 1621
f 1622 1624 1620
f 1620 1624 1623
f 1622 1625 1624
f 1624 1626 1623
f 1625 1627 1624
f 1624 1627 1626
f 1625 1628 1627
f 1627 1629 1626
f 1628 1630 1627
f 1627 1630 1629
f 1628 1631 1630
f 1630 1632 1629
f 1631 1633 1630
f 1630 1633 1632
f 1631 1634 1633
f 1633 1635 1632
f 1634 1636 1633
f 1633 1636 1635
f 1634 1637 1636
f 1637 1638 1636
f 1636 1639 1635
f 1636 1638 1639
f 1637 1640 1638
f 1638 1641 1639
f 1640 1642 1638
f 1638 1643 1641
f 1642 1644 1638
f 1638 1644 1643
f 1642 1645 1644
f 1644 1646 1643
f 1645 1647 1644
f 1644 1647 1646
f 1645 1648 1647
f 1648 1646 1647
f 1649 1648 1645
f 1648 1650 1646
f 1651 1648 1649
f 1648 1651 1650
f 1652 1651 1649
f 1651 1653 1650
f 1654 1651 1652
f 1651 1654 1653
f 1655 1654 1652
f 1654 1656 1653
f 1657 1654 1655
f 1654 1657 1656
f 1658 1657 1655
f 1657 1659 1656
f 1660 1657 1658
f 1657 1660 1659
f 1661 1660 1658
f 1660 1662 1659
f 1663 1660 1661
f 1660 1663 1662
f 1664 1663 1661
f 1663 1665 1662
f 1663 1664 1665
f 1666 1667 1668
f 1667 1669 1668
f 1667 1670 1669
f 1668 1669 1671
f 1669 1672 1671
f 1670 1673 1669
f 1669 1674 1672
f 1673 1675 1669
f 1669 1675 1674
f 1673 1676 1675
f 1676 1677 1675
f 1675 1678 1674
f 1675 1677 1678
f 1676 1679 1677
f 1677 1680 1678
f 1679 1681 1677
f 1677 1682 1680
f 1681 1683 1677
f 1677 1683 1682
f 1681 1684 1683
f 1684 1685 1683
f 1683 1686 1682
f 1683 1685 1686
f 1684 1687 1685
f 1685 1688 1686
f 1687 1689 1685
f 1685 1690 1688
f 1689 1691 1685
f 1685 1691 1690
f 1689 1692 1691
f 1691 1693 1690
f 1692 1694 1691
f 1691 1694 1693
f 1692 1695 1694
f 1694 1696 1693
f 1695 1697 1694
f 1694 1697 1696
f 1695 1698 1697
f 1697 1699 1696
f 1698 1700 1697
f 1697 1700 1699
f 1698 1701 1700
f 1700 1702 1699
f 1701 1703 1700
f 1700 1703 1702
f 1701 1704 1703
f 1703 1705 1702
f 1704 1706 1703
f 1703 1706 1705
f 1704 1707 1706
f 1706 1708 1705
f 1707 1709 1706
f 1709 1708 1706
f 1709 1710 1708
f 1711 1712 1713
f 1711 1713 1714
f 1715 1711 1714
f 1714 1713 1716
f 1717 1715 1714
f 1718 1714 1716
f 1717 1714 1718
f 1718 1716 1719
f 1720 1717 1718
f 1721 1718 1719
f 1720 1718 1721
f 1721 1719 1722
f 1723 1720 1721
f 1724 1721 1722
f 1723 1721 1724
f 1724 1722 1725
f 1726 1723 1724
f 1727 1724 1725
f 1726 1724 1727
f 1727 1725 1728
f 1729 1726 1727
f 1730 1727 1728
f 1729 1727 1730
f 1730 1728 1731
f 1732 1730 1731
f 1733 1729 1730
f 1733 1730 1732
f 1732 1731 1734
f 1735 1733 1732
f 1736 1732 1734
f 1737 1735 1732
f 1738 1732 1736
f 1737 1732 1738
f 1739 1738 1736
f 1740 1737 1738
f 1741 1738 1739
f 1741 1740 1738
f 1742 1741 1739
f 1741 1742 1740
f 1742 1739 1743
f 1742 1744 1740
f 1745 1742 1743
f 1742 1745 1744
f 1745 1743 1746
f 1745 1747 1744
f 1748 1745 1746
f 1745 1748 1747
f 1748 1746 1749
f 1748 1750 1747
f 1751 1748 1749
f 1748 1751 1750
f 1751 1749 1752
f 1751 1753 1750
f 1754 1751 1752
f 1751 1754 1753
f 1754 1752 1755
f 1754 1756 1753
f 1757 1754 1755
f 1754 1757 1756
f 1757 1755 1758
f 1756 1757 1759
f 1757 1758 1759
f 1758 1760 1759
f 1760 1761 1759
f 1759 1761 1762
f 1760 1763 1761
f 1761 1764 1762
f 1763 1765 1761
f 1761 1765 1764
f 1763 1766 1765
f 1765 1767 1764
f 1766 1768 1765
f 1765 1768 1767
f 1766 1769 1768
f 1768 1770 1767
f 1769 1771 1768
f 1768 1771 1770
f 1769 1772 1771
f 1771 1773 1770
f 1772 1774 1771
f 1771 1774 1773
f 1772 1775 1774
f 1774 1776 1773
f 1775 1777 1774
f 1774 1777 1776
f 1775 1778 1777
f 1778 1779 1777
f 1777 1780 1776
f 1777 1779 1780
f 1778 1781 1779
f 1779 1782 1780
f 1781 1783 1779
f 1779 1784 1782
f 1783 1785 1779
f 1779 1785 1784
f 1783 1786 1785
f 1785 1787 1784
f 1786 1788 1785
f 1785 1788 1787
f 1786 1789 1788
f 1789 1787 1788
f 1790 1789 1786
f 1789 1791 1787
f 1792 1789 1790
f 1789 1792 1791
f 1793 1792 1790
f 1792 1794 1791
f 1795 1792 1793
f 1792 1795 1794
f 1796 1795 1793
f 1795 1797 1794
f 1798 1795 1796
f 1795 1798 1797
f 1799 1798 1796
f 1798 1800 1797
f 1801 1798 1799
f 1798 1801 1800
f 1802 1801 1799
f 1801 1803 1800
f 1804 1801 1802
f 1801 1804 1803
f 1805 1804 1802
f 1804 1806 1803
f 1804 1805 1806
f 1807 1808 1809
f 1808 1810 1809
f 1808 1811 1810
f 1809 1810 1812
f 1810 1813 1812
f 1811 1814 1810
f 1810 1815 1813
f 1814 1816 1810
f 1810 1816 1815
f 1814 1817 1816
f 1817 1818 1816
f 1816 1819 1815
f 1816 1818 1819
f 1817 1820 1818
f 1818 1821 1819
f 1820 1822 1818
f 1818 1823 1821
f 1822 1824 1818
f 1818 1824 1823
f 1822 1825 1824
f 1825 1826 1824
f 1824 1827 1823
f 1824 1826 1827
f 1825 1828 1826
f 1826 1829 1827
f 1828 1830 1826
f 1826 1831 1829
f 1830 1832 1826
f 1826 1832 1831
f 1830 1833 1832
f 1832 1834 1831
f 1833 1835 1832
f 1832 1835 1834
f 1833 1836 1835
f 1835 1837 1834
f 1836 1838 1835
f 1835 1838 1837
f 1836 1839 1838
f 1838 1840 1837
f 1839 1841 1838
f 1838 1841 1840
f 1839 1842 1841
f 1841 1843 1840
f 1842 1844 1841
f 1841 1844 1843
f 1842 1845 1844
f 1844 1846 1843
f 1845 1847 1844
f 1844 1847 1846
f 1845 1848 1847
f 1847 1849 1846
f 1848 1850 1847
f 1850 1849 1847
f 1850 1851 1849
f 1852 1853 1854
f 1852 1854 1855
f 1856 1852 1855
f 1855 1854 1857
f 1858 1856 1855
f 1859 1855 1857
f 1858 1855 1859
f 1859 1857 1860
f 1861 1858 1859
f 1862 1859 1860
f 1861 1859 1862
f 1862 1860 1863
f 1864 1861 1862
f 1865 1862 1863
f 1864 1862 1865
f 1865 1863 1866
f 1867 1864 1865
f 1868 1865 1866
f 1867 1865 1868
f 1868 1866 1869
f 1870 1867 1868
f 1871 1868 1869
f 1870 1868 1871
f 1871 1869 1872
f 1873 1871 1872
f 1874 1870 1871
f 1874 1871 1873
f 1873 1872 1875
f 1876 1874 1873
f 1877 1873 1875
f 1878 1876 1873
f 1879 1873 1877
f 1878 1873 1879
f 1880 1879 1877
f 1881 1878 1879
f 1882 1879 1880
f 1882 1881 1879
f 1883 1882 1880
f 1882 1883 1881
f 1883 1880 1884
f 1883 1885 1881
f 1886 1883 1884
f 1883 1886 1885
f 1886 1884 1887
f 1886 1888 1885
f 1889 1886 1887
f 1886 1889 1888
f 1889 1887 1890
f 1889 1891 1888
f 1892 1889 1890
f 1889 1892 1891
f 1892 1890 1893
f 1892 1894 1891
f 1895 1892 1893
f 1892 1895 1894
f 1895 1893 1896
f 1895 1897 1894
f 1898 1895 1896
f 1895 1898 1897
f 1898 1896 1899
f 1897 1898 1900
f 1898 1899 1900
f 1899 1901 1900
f 1901 1902 1900
f 1900 1902 1903
f 1901 1904 1902
f 1902 1905 1903
f 1904 1906 1902
f 1902 1906 1905
f 1904 1907 1906
f 1906 1908 1905
f 1907 1909 1906
f 1906 1909 1908
f 1907 1910 1909
f 1909 1911 1908
f 1910 1912 1909
f 1909 1912 1911
f 1910 1913 1912
f 1912 1914 1911
f 1913 1915 1912
f 1912 1915 1914
f 1913 1916 1915
f 1915 1917 1914
f 1916 1918 1915
f 1915 1918 1917
f 1916 1919 1918
f 1919 1920 1918
f 1918 1921 1917
f 1918 1920 1921
f 1919 1922 1920
f 1920 1923 1921
f 1922 1924 1920
f 1920 1925 1923
f 1924 1926 1920
f 1920 1926 1925
f 1924 1927 1926
f 1926 1928 1925
f 1927 1929 1926
f 1926 1929 1928
f 1927 1930 1929
f 1930 1928 1929
f 1931 1930 1927
f 1930 1932 1928
f 1933 1930 1931
f 1930 1933 1932
f 1934 1933 1931
f 1933 1935 1932
f 1936 1933 1934
f 1933 1936 1935
f 1937 1936 1934
f 1936 1938 1935
f 1939 1936 1937
f 1936 1939 1938
f 1940 1939 1937
f 1939 1941 1938
f 1942 1939 1940
f 1939 1942 1941
f 1943 1942 1940
f 1942 1944 1941
f 1945 1942 1943
f 1942 1945 1944
f 1946 1945 1943
f 1945 1947 1944
f 1945 1946 1947
f 1948 1949 1950
f 1949 1951 1950
f 1949 1952 1951
f 1950 1951 1953
f 1951 1954 1953
f 1952 1955 1951
f 1951 1956 1954
f 1955 1957 1951
f 1951 1957 1956
f 1955 1958 1957
f 1958 1959 1957
f 1957 1960 1956
f 1957 1959 1960
f 1958 1961 1959
f 1959 1962 1960
f 1961 1963 1959
f 1959 1964 1962
f 1963 1965 1959
f 1959 1965 1964
f 1963 1966 1965
f 1966 1967 1965
f 1965 1968 1964
f 1965 1967 1968
f 1966 1969 1967
f 1967 1970 1968
f 1969 1971 1967
f 1967 1972 1970
f 1971 1973 1967
f 1967 1973 1972
f 1971 1974 1973
f 1973 1975 1972
f 1974 1976 1973
f 1973 1976 1975
f 1974 1977 1976
f 1976 1978 1975
f 1977 1979 1976
f 1976 1979 1978
f 1977 1980 1979
f 1979 1981 1978
f 1980 1982 1979
f 1979 1982 1981
f 1980 1983 1982
f 1982 1984 1981
f 1983 1985 1982
f 1982 1985 1984
f 1983 1986 1985
f 1985 1987 1984
f 1986 1988 1985
f 1985 1988 1987
f 1986 1989 1988
f 1988 1990 1987
f 1989 1991 1988
f 1991 1990 1988
f 1991 1992 1990
f 1993 1994 1995
f 1993 1995 1996
f 1997 1993 1996
f 1996 1995 1998
f 1999 1997 1996
f 2000 1996 1998
f 1999 1996 2000
f 2000 1998 2001
f 2002 1999 2000
f 2003 2000 2001
f 2002 2000 2003
f 2003 2001 2004
f 2005 2002 2003
f 2006 2003 2004
f 2005 2003 2006
f 2006 2004 2007
f 2008 2005 2006
f 2009 2006 2007
f 2008 2006 2009
f 2009 2007 2010
f 2011 2008 2009
f 2012 2009 2010
f 2011 2009 2012
f 2012 2010 2013
f 2014 2012 2013
f 2015 2011 2012
f 2015 2012 2014
f 2014 2013 2016
f 2017 2015 2014
f 2018 2014 2016
f 2019 2017 2014
f 2020 2014 2018
f 2019 2014 2020
f 2021 2020 2018
f 2022 2019 2020
f 2023 2020 2021
f 2023 2022 2020
f 2024 2023 2021
f 2023 2024 2022
f 2024 2021 2025
f 2024 2026 2022
f 2027 2024 2025
f 2024 2027 2026
f 2027 2025 2028
f 2027 2029 2026
f 2030 2027 2028
f 2027 2030 2029
f 2030 2028 2031
f 2030 2032 2029
f 2033 2030 2031
f 2030 2033 2032
f 2033 2031 2034
f 2033 2035 2032
f 2036 2033 2034
f 2033 2036 2035
f 2036 2034 2037
f 2036 2038 2035
f 2039 2036 2037
f 2036 2039 2038
f 2039 2037 2040
f 2038 2039 2041
f 2039 2040 2041
f 2040 2042 2041
f 2042 2043 2041
f 2041 2043 2044
f 2042 2045 2043
f 2043 2046 2044
f 2045 2047 2043
f 2043 2047 2046
f 2045 2048 2047
f 2047 2049 2046
f 2048 2050 2047
f 2047 2050 2049
f 2048 2051 2050
f 2050 2052 2049
f 2051 2053 2050
f 2050 2053 2052
f 2051 2054 2053
f 2053 2055 2052
f 2054 2056 2053
f 2053 2056 2055
f 2054 2057 2056
f 2056 2058 2055
f 2057 2059 2056
f 2056 2059 2058
f 2057 2060 2059
f 2060 2061 2059
f 2059 2062 2058
f 2059 2061 2062
f 2060 2063 2061
f 2061 2064 2062
f 2063 2065 2061
f 2061 2066 2064
f 2065 2067 2061
f 2061 2067 2066
f 2065 2068 2067
f 2067 2069 2066
f 2068 2070 2067
f 2067 2070 2069
f 2068 2071 2070
f 2071 2069 2070
f 2072 2071 2068
f 2071 2073 2069
f 2074 2071 2072
f 2071 2074 2073
f 2075 2074 2072
f 2074 2076 2073
f 2077 2074 2075
f 2074 2077 2076
f 2078 2077 2075
f 2077 2079 2076
f 2080 2077 2078
f 2077 2080 2079
f 2081 2080 2078
f 2080 2082 2079
f 2083 2080 2081
f 2080 2083 2082
f 2084 2083 2081
f 2083 2085 2082
f 2086 2083 2084
f 2083 2086 2085
f 2087 2086 2084
f 2086 2088 2085
f 2086 2087 2088
f 2089 2090 2091
f 2090 2092 2091
f 2090 2093 2092
f 2091 2092 2094
f 2092 2095 2094
f 2093 2096 2092
f 2092 2097 2095
f 2096 2098 2092
f 2092 2098 2097
f 2096 2099 2098
f 2099 2100 2098
f 2098 2101 2097
f 2098 2100 2101
f 2099 2102 2100
f 2100 2103 2101
f 2102 2104 2100
f 2100 2105 2103
f 2104 2106 2100
f 2100 2106 2105
f 2104 2107 2106
f 2107 2108 2106
f 2106 2109 2105
f 2106 2108 2109
f 2107 2110 2108
f 2108 2111 2109
f 2110 2112 2108
f 2108 2113 2111
f 2112 2114 2108
f 2108 2114 2113
f 2112 2115 2114
f 2114 2116 2113
f 2115 2117 2114
f 2114 2117 2116
f 2115 2118 2117
f 2117 2119 2116
f 2118 2120 2117
f 2117 2120 2119
f 2118 2121 2120
f 2120 2122 2119
f 2121 2123 2120
f 2120 2123 2122
f 2121 2124 2123
f 2123 2125 2122
f 2124 2126 2123
f 2123 2126 2125
f 2124 2127 2126
f 2126 2128 2125
f 2127 2129 2126
f 2126 2129 2128
f 2127 2130 2129
f 2129 2131 2128
f 2130 2132 2129
f 2132 2131 2129
f 2132 2133 2131
f 2134 2135 2136
f 2134 2136 2137
f 2138 2134 2137
f 2137 2136 2139
f 2140 2138 2137
f 2141 2137 2139
f 2140 2137 2141
f 2141 2139 2142
f 2143 2140 2141
f 2144 2141 2142
f 2143 2141 2144
f 2144 2142 2145
f 2146 2143 2144
f 2147 2144 2145
f 2146 2144 2147
f 2147 2145 2148
f 2149 2146 2147
f 2150 2147 2148
f 2149 2147 2150
f 2150 2148 2151
f 2152 2149 2150
f 2153 2150 2151
f 2152 2150 2153
f 2153 2151 2154
f 2155 2153 2154
f 2156 2152 2153
f 2156 2153 2155
f 2155 2154 2157
f 2158 2156 2155
f 2159 2155 2157
f 2160 2158 2155
f 2161 2155 2159
f 2160 2155 2161
f 2162 2161 2159
f 2163 2160 2161
f 2164 2161 2162
f 2164 2163 2161
f 2165 2164 2162
f 2164 2165 2163
f 2165 2162 2166
f 2165 2167 2163
f 2168 2165 2166
f 2165 2168 2167
f 2168 2166 2169
f 2168 2170 2167
f 2171 2168 2169
f 2168 2171 2170
f 2171 2169 2172
f 2171 2173 2170
f 2174 2171 2172
f 2171 2174 2173
f 2174 2172 2175
f 2174 2176 2173
f 2177 2174 2175
f 2174 2177 2176
f 2177 2175 2178
f 2177 2179 2176
f 2180 2177 2178
f 2177 2180 2179
f 2180 2178 2181
f 2179 2180 2182
f 2180 2181 2182
f 2181 2183 2182
f 2183 2184 2182
f 2182 2184 2185
f 2183 2186 2184
f 2184 2187 2185
f 2186 2188 2184
f 2184 2188 2187
f 2186 2189 2188
f 2188 2190 2187
f 2189 2191 2188
f 2188 2191 2190
f 2189 2192 2191
f 2191 2193 2190
f 2192 2194 2191
f 2191 2194 2193
f 2192 2195 2194
f 2194 2196 2193
f 2195 2197 2194
f 2194 2197 2196
f 2195 2198 2197
f 2197 2199 2196
f 2198 2200 2197
f 2197 2200 2199
f 2198 2201 2200
f 2201 2202 2200
f 2200 2203 2199
f 2200 2202 2203
f 2201 2204 2202
f 2202 2205 2203
f 2204 2206 2202
f 2202 2207 2205
f 2206 2208 2202
f 2202 2208 2207
f 2206 2209 2208
f 2208 2210 2207
f 2209 2211 2208
f 2208 2211 2210
f 2209 2212 2211
f 2212 2210 2211
f 2213 2212 2209
f 2212 2214 2210
f 2215 2212 2213
f 2212 2215 2214
f 2216 2215 2213
f 2215 2217 2214
f 2218 2215 2216
f 2215 2218 2217
f 2219 2218 2216
f 2218 2220 2217
f 2221 2218 2219
f 2218 2221 2220
f 2222 2221 2219
f 2221 2223 2220
f 2224 2221 2222
f 2221 2224 2223
f 2225 2224 2222
f 2224 2226 2223
f 2227 2224 2225
f 2224 2227 2226
f 2228 2227 2225
f 2227 2229 2226
f 2227 2228 2229
f 2230 2231 2232
f 2230 2232 2233
f 2234 2230 2233
f 2233 2232 2235
f 2236 2234 2233
f 2237 2233 2235
f 2236 2233 2237
f 2237 2235 2238
f 2239 2236 2237
f 2240 2237 2238
f 2239 2237 2240
f 2240 2238 2241
f 2242 2239 2240
f 2243 2240 2241
f 2242 2240 2243
f 2243 2241 2244
f 2245 2242 2243
f 2246 2243 2244
f 2245 2243 2246
f 2246 2244 2247
f 2248 2245 2246
f 2249 2246 2247
f 2248 2246 2249
f 2249 2247 2250
f 2251 2249 2250
f 2252 2248 2249
f 2252 2249 2251
f 2251 2250 2253
f 2254 2252 2251
f 2255 2251 2253
f 2256 2254 2251
f 2257 2251 2255
f 2256 2251 2257
f 2258 2257 2255
f 2259 2256 2257
f 2260 2257 2258
f 2260 2259 2257
f 2261 2260 2258
f 2260 2261 2259
f 2261 2258 2262
f 2261 2263 2259
f 2264 2261 2262
f 2261 2264 2263
f 2264 2262 2265
f 2264 2266 2263
f 2267 2264 2265
f 2264 2267 2266
f 2267 2265 2268
f 2267 2269 2266
f 2270 2267 2268
f 2267 2270 2269
f 2270 2268 2271
f 2270 2272 2269
f 2273 2270 2271
f 2270 2273 2272
f 2273 2271 2274
f 2273 2275 2272
f 2276 2273 2274
f 2273 2276 2275
f 2276 2274 2277
f 2275 2276 2278
f 2276 2277 2278
f 2277 2279 2278
f 2279 2280 2278
f 2278 2280 2281
f 2279 2282 2280
f 2280 2283 2281
f 2282 2284 2280
f 2280 2284 2283
f 2282 2285 2284
f 2284 2286 2283
f 2285 2287 2284
f 2284 2287 2286
f 2285 2288 2287
f 2287 2289 2286
f 2288 2290 2287
f 2287 2290 2289
f 2288 2291 2290
f 2290 2292 2289
f 2291 2293 2290
f 2290 2293 2292
f 2291 2294 2293
f 2293 2295 2292
f 2294 2296 2293
f 2293 2296 2295
f 2294 2297 2296
f 2297 2298 2296
f 2296 2299 2295
f 2296 2298 2299
f 2297 2300 2298
f 2298 2301 2299
f 2300 2302 2298
f 2298 2303 2301
f 2302 2304 2298
f 2298 2304 2303
f 2302 2305 2304
f 2304 2306 2303
f 2305 2307 2304
f 2304 2307 2306
f 2305 2308 2307
f 2308 2306 2307
f 2309 2308 2305
f 2308 2310 2306
f 2311 2308 2309
f 2308 2311 2310
f 2312 2311 2309
f 2311 2313 2310
f 2314 2311 2312
f 2311 2314 2313
f 2315 2314 2312
f 2314 2316 2313
f 2317 2314 2315
f 2314 2317 2316
f 2318 2317 2315
f 2317 2319 2316
f 2320 2317 2318
f 2317 2320 2319
f 2321 2320 2318
f 2320 2322 2319
f 2323 2320 2321
f 2320 2323 2322
f 2324 2323 2321
f 2323 2325 2322
f 2323 2324 2325
f 2326 2327 2328
f 2327 2329 2328
f 2327 2330 2329
f 2328 2329 2331
f 2329 2332 2331
f 2330 2333 2329
f 2329 2334 2332
f 2333 2335 2329
f 2329 2335 2334
f 2333 2336 2335
f 2336 2337 2335
f 2335 2338 2334
f 2335 2337 2338
f 2336 2339 2337
f 2337 2340 2338
f 2339 2341 2337
f 2337 2342 2340
f 2341 2343 2337
f 2337 2343 2342
f 2341 2344 2343
f 2344 2345 2343
f 2343 2346 2342
f 2343 2345 2346
f 2344 2347 2345
f 2345 2348 2346
f 2347 2349 2345
f 2345 2350 2348
f 2349 2351 2345
f 2345 2351 2350
f 2349 2352 2351
f 2351 2353 2350
f 2352 2354 2351
f 2351 2354 2353
f 2352 2355 2354
f 2354 2356 2353
f 2355 2357 2354
f 2354 2357 2356
f 2355 2358 2357
f 2357 2359 2356
f 2358 2360 2357
f 2357 2360 2359
f 2358 2361 2360
f 2360 2362 2359
f 2361 2363 2360
f 2360 2363 2362
f 2361 2364 2363
f 2363 2365 2362
f 2364 2366 2363
f 2363 2366 2365
f 2364 2367 2366
f 2366 2368 2365
f 2367 2369 2366
f 2369 2368 2366
f 2369 2370 2368
f 2371 2372 2373
f 2371 2373 2374
f 2375 2371 2374
f 2374 2373 2376
f 2377 2375 2374
f 2378 2374 2376
f 2377 2374 2378
f 2378 2376 2379
f 2380 2377 2378
f 2381 2378 2379
f 2380 2378 2381
f 2381 2379 2382
f 2383 2380 2381
f 2384 2381 2382
f 2383 2381 2384
f 2384 2382 2385
f 2386 2383 2384
f 2387 2384 2385
f 2386 2384 2387
f 2387 2385 2388
f 2389 2386 2387
f 2390 2387 2388
f 2389 2387 2390
f 2390 2388 2391
f 2392 2390 2391
f 2393 2389 2390
f 2393 2390 2392
f 2392 2391 2394
f 2395 2393 2392
f 2396 2392 2394
f 2397 2395 2392
f 2398 2392 2396
f 2397 2392 2398
f 2399 2398 2396
f 2400 2397 2398
f 2401 2398 2399
f 2401 2400 2398
f 2402 2401 2399
f 2401 2402 2400
f 2402 2399 2403
f 2402 2404 2400
f 2405 2402 2403
f 2402 2405 2404
f 2405 2403 2406
f 2405 2407 2404
f 2408 2405 2406
f 2405 2408 2407
f 2408 2406 2409
f 2408 2410 2407
f 2411 2408 2409
f 2408 2411 2410
f 2411 2409 2412
f 2411 2413 2410
f 2414 2411 2412
f 2411 2414 2413
f 2414 2412 2415
f 2414 2416 2413
f 2417 2414 2415
f 2414 2417 2416
f 2417 2415 2418
f 2416 2417 2419
f 2417 2418 2419
f 2418 2420 2419
f 2420 2421 2419
f 2419 2421 2422
f 2420 2423 2421
f 2421 2424 2422
f 2423 2425 2421
f 2421 2425 2424
f 2423 2426 2425
f 2425 2427 2424
f 2426 2428 2425
f 2425 2428 2427
f 2426 2429 2428
f 2428 2430 2427
f 2429 2431 2428
f 2428 2431 2430
f 2429 2432 2431
f 2431 2433 2430
f 2432 2434 2431
f 2431 2434 2433
f 2432 2435 2434
f 2434 2436 2433
f 2435 2437 2434
f 2434 2437 2436
f 2435 2438 2437
f 2438 2439 2437
f 2437 2440 2436
f 2437 2439 2440
f 2438 2441 2439
f 2439 2442 2440
f 2441 2443 2439
f 2439 2444 2442
f 2443 2445 2439
f 2439 2445 2444
f 2443 2446 2445
f 2445 2447 2444
f 2446 2448 2445
f 2445 2448 2447
f 2446 2449 2448
f 2449 2447 2448
f 2450 2449 2446
f 2449 2451 2447
f 2452 2449 2450
f 2449 2452 2451
f 2453 2452 2450
f 2452 2454 2451
f 2455 2452 2453
f 2452 2455 2454
f 2456 2455 2453
f 2455 2457 2454
f 2458 2455 2456
f 2455 2458 2457
f 2459 2458 2456
f 2458 2460 2457
f 2461 2458 2459
f 2458 2461 2460
f 2462 2461 2459
f 2461 2463 2460
f 2464 2461 2462
f 2461 2464 2463
f 2465 2464 2462
f 2464 2466 2463
f 2464 2465 2466
f 2467 2468 2469
f 2468 2470 2469
f 2468 2471 2470
f 2469 2470 2472
f 2470 2473 2472
f 2471 2474 2470
f 2470 2475 2473
f 2474 2476 2470
f 2470 2476 2475
f 2474 2477 2476
f 2477 2478 2476
f 2476 2479 2475
f 2476 2478 2479
f 2477 2480 2478
f 2478 2481 2479
f 2480 2482 2478
f 2478 2483 2481
f 2482 2484 2478
f 2478 2484 2483
f 2482 2485 2484
f 2485 2486 2484
f 2484 2487 2483
f 2484 2486 2487
f 2485 2488 2486
f 2486 2489 2487
f 2488 2490 2486
f 2486 2491 2489
f 2490 2492 2486
f 2486 2492 2491
f 2490 2493 2492
f 2492 2494 2491
f 2493 2495 2492
f 2492 2495 2494
f 2493 2496 2495
f 2495 2497 2494
f 2496 2498 2495
f 2495 2498 2497
f 2496 2499 2498
f 2498 2500 2497
f 2499 2501 2498
f 2498 2501 2500
f 2499 2502 2501
f 2501 2503 2500
f 2502 2504 2501
f 2501 2504 2503
f 2502 2505 2504
f 2504 2506 2503
f 2505 2507 2504
f 2504 2507 2506
f 2505 2508 2507
f 2507 2509 2506
f 2508 2510 2507
f 2510 2509 2507
f 2510 2511 2509
f 2512 2513 2514
f 2512 2514 2515
f 2516 2512 2515
f 2515 2514 2517
f 2518 2516 2515
f 2519 2515 2517
f 2518 2515 2519
f 2519 2517 2520
f 2521 2518 2519
f 2522 2519 2520
f 2521 2519 2522
f 2522 2520 2523
f 2524 2521 2522
f 2525 2522 2523
f 2524 2522 2525
f 2525 2523 2526
f 2527 2524 2525
f 2528 2525 2526
f 2527 2525 2528
f 2528 2526 2529
f 2530 2527 2528
f 2531 2528 2529
f 2530 2528 2531
f 2531 2529 2532
f 2533 2531 2532
f 2534 2530 2531
f 2534 2531 2533
f 2533 2532 2535
f 2536 2534 2533
f 2537 2533 2535
f 2538 2536 2533
f 2539 2533 2537
f 2538 2533 2539
f 2540 2539 2537
f 2541 2538 2539
f 2542 2539 2540
f 2542 2541 2539
f 2543 2542 2540
f 2542 2543 2541
f 2543 2540 2544
f 2543 2545 2541
f 2546 2543 2544
f 2543 2546 2545
f 2546 2544 2547
f 2546 2548 2545
f 2549 2546 2547
f 2546 2549 2548
f 2549 2547 2550
f 2549 2551 2548
f 2552 2549 2550
f 2549 2552 2551
f 2552 2550 2553
f 2552 2554 2551
f 2555 2552 2553
f 2552 2555 2554
f 2555 2553 2556
f 2555 2557 2554
f 2558 2555 2556
f 2555 2558 2557
f 2558 2556 2559
f 2557 2558 2560
f 2558 2559 2560
f 2559 2561 2560
f 2561 2562 2560
f 2560 2562 2563
f 2561 2564 2562
f 2562 2565 2563
f 2564 2566 2562
f 2562 2566 2565
f 2564 2567 2566
f 2566 2568 2565
f 2567 2569 2566
f 2566 2569 2568
f 2567 2570 2569
f 2569 2571 2568
f 2570 2572 2569
f 2569 2572 2571
f 2570 2573 2572
f 2572 2574 2571
f 2573 2575 2572
f 2572 2575 2574
f 2573 2576 2575
f 2575 2577 2574
f 2576 2578 2575
f 2575 2578 2577
f 2576 2579 2578
f 2579 2580 2578
f 2578 2581 2577
f 2578 2580 2581
f 2579 2582 2580
f 2580 2583 2581
f 2582 2584 2580
f 2580 2585 2583
f 2584 2586 2580
f 2580 2586 2585
f 2584 2587 2586
f 2586 2588 2585
f 2587 2589 2586
f 2586 2589 2588
f 2587 2590 2589
f 2590 2588 2589
f 2591 2590 2587
f 2590 2592 2588
f 2593 2590 2591
f 2590 2593 2592
f 2594 2593 2591
f 2593 2595 2592
f 2596 2593 2594
f 2593 2596 2595
f 2597 2596 2594
f 2596 2598 2595
f 2599 2596 2597
f 2596 2599 2598
f 2600 2599 2597
f 2599 2601 2598
f 2602 2599 2600
f 2599 2602 2601
f 2603 2602 2600
f 2602 2604 2601
f 2605 2602 2603
f 2602 2605 2604
f 2606 2605 2603
f 2605 2607 2604
f 2605 2606 2607
f 2608 2609 2610
f 2608 2610 2611
f 2612 2608 2611
f 2611 2610 2613
f 2614 2612 2611
f 2615 2611 2613
f 2614 2611 2615
f 2615 2613 2616
f 2617 2614 2615
f 2618 2615 2616
f 2617 2615 2618
f 2618 2616 2619
f 2620 2617 2618
f 2621 2618 2619
f 2620 2618 2621
f 2621 2619 2622
f 2623 2620 2621
f 2624 2621 2622
f 2623 2621 2624
f 2624 2622 2625
f 2626 2623 2624
f 2627 2624 2625
f 2626 2624 2627
f 2627 2625 2628
f 2629 2627 2628
f 2630 2626 2627
f 2630 2627 2629
f 2629 2628 2631
f 2632 2630 2629
f 2633 2629 2631
f 2634 2632 2629
f 2635 2629 2633
f 2634 2629 2635
f 2636 2635 2633
f 2637 2634 2635
f 2638 2635 2636
f 2638 2637 2635
f 2639 2638 2636
f 2638 2639 2637
f 2639 2636 2640
f 2639 2641 2637
f 2642 2639 2640
f 2639 2642 2641
f 2642 2640 2643
f 2642 2644 2641
f 2645 2642 2643
f 2642 2645 2644
f 2645 2643 2646
f 2645 2647 2644
f 2648 2645 2646
f 2645 2648 2647
f 2648 2646 2649
f 2648 2650 2647
f 2651 2648 2649
f 2648 2651 2650
f 2651 2649 2652
f 2651 2653 2650
f 2654 2651 2652
f 2651 2654 2653
f 2654 2652 2655
f 2653 2654 2656
f 2654 2655 2656
f 2655 2657 2656
f 2657 2658 2656
f 2656 2658 2659
f 2657 2660 2658
f 2658 2661 2659
f 2660 2662 2658
f 2658 2662 2661
f 2660 2663 2662
f 2662 2664 2661
f 2663 2665 2662
f 2662 2665 2664
f 2663 2666 2665
f 2665 2667 2664
f 2666 2668 2665
f 2665 2668 2667
f 2666 2669 2668
f 2668 2670 2667
f 2669 2671 2668
f 2668 2671 2670
f 2669 2672 2671
f 2671 2673 2670
f 2672 2674 2671
f 2671 2674 2673
f 2672 2675 2674
f 2675 2676 2674
f 2674 2677 2673
f 2674 2676 2677
f 2675 2678 2676
f 2676 2679 2677
f 2678 2680 2676
f 2676 2681 2679
f 2680 2682 2676
f 2676 2682 2681
f 2680 2683 2682
f 2682 2684 2681
f 2683 2685 2682
f 2682 2685 2684
f 2683 2686 2685
f 2686 2684 2685
f 2687 2686 2683
f 2686 2688 2684
f 2689 2686 2687
f 2686 2689 2688
f 2690 2689 2687
f 2689 2691 2688
f 2692 2689 2690
f 2689 2692 2691
f 2693 2692 2690
f 2692 2694 2691
f 2695 2692 2693
f 2692 2695 2694
f 2696 2695 2693
f 2695 2697 2694
f 2698 2695 2696
f 2695 2698 2697
f 2699 2698 2696
f 2698 2700 2697
f 2701 2698 2699
f 2698 2701 2700
f 2702 2701 2699
f 2701 2703 2700
f 2701 2702 2703
f 2704 2705 2706
f 2705 2707 2706
f 2705 2708 2707
f 2706 2707 2709
f 2707 2710 2709
f 2708 2711 2707
f 2707 2712 2710
f 2711 2713 2707
f 2707 2713 2712
f 2711 2714 2713
f 2714 2715 2713
f 2713 2716 2712
f 2713 2715 2716
f 2714 2717 2715
f 2715 2718 2716
f 2717 2719 2715
f 2715 2720 2718
f 2719 2721 2715
f 2715 2721 2720
f 2719 2722 2721
f 2722 2723 2721
f 2721 2724 2720
f 2721 2723 2724
f 2722 2725 2723
f 2723 2726 2724
f 2725 2727 2723
f 2723 2728 2726
f 2727 2729 2723
f 2723 2729 2728
f 2727 2730 2729
f 2729 2731 2728
f 2730 2732 2729
f 2729 2732 2731
f 2730 2733 2732
f 2732 2734 2731
f 2733 2735 2732
f 2732 2735 2734
f 2733 2736 2735
f 2735 2737 2734
f 2736 2738 2735
f 2735 2738 2737
f 2736 2739 2738
f 2738 2740 2737
f 2739 2741 2738
f 2738 2741 2740
f 2739 2742 2741
f 2741 2743 2740
f 2742 2744 2741
f 2741 2744 2743
f 2742 2745 2744
f 2744 2746 2743
f 2745 2747 2744
f 2747 2746 2744
f 2747 2748 2746
f 2749 2750 2751
f 2749 2751 2752
f 2753 2749 2752
f 2752 2751 2754
f 2755 2753 2752
f 2756 2752 2754
f 2755 2752 2756
f 2756 2754 2757
f 2758 2755 2756
f 2759 2756 2757
f 2758 2756 2759
f 2759 2757 2760
f 2761 2758 2759
f 2762 2759 2760
f 2761 2759 2762
f 2762 2760 2763
f 2764 2761 2762
f 2765 2762 2763
f 2764 2762 2765
f 2765 2763 2766
f 2767 2764 2765
f 2768 2765 2766
f 2767 2765 2768
f 2768 2766 2769
f 2770 2768 2769
f 2771 2767 2768
f 2771 2768 2770
f 2770 2769 2772
f 2773 2771 2770
f 2774 2770 2772
f 2775 2773 2770
f 2776 2770 2774
f 2775 2770 2776
f 2777 2776 2774
f 2778 2775 2776
f 2779 2776 2777
f 2779 2778 2776
f 2780 2779 2777
f 2779 2780 2778
f 2780 2777 2781
f 2780 2782 2778
f 2783 2780 2781
f 2780 2783 2782
f 2783 2781 2784
f 2783 2785 2782
f 2786 2783 2784
f 2783 2786 2785
f 2786 2784 2787
f 2786 2788 2785
f 2789 2786 2787
f 2786 2789 2788
f 2789 2787 2790
f 2789 2791 2788
f 2792 2789 2790
f 2789 2792 2791
f 2792 2790 2793
f 2792 2794 2791
f 2795 2792 2793
f 2792 2795 2794
f 2795 2793 2796
f 2794 2795 2797
f 2795 2796 2797
f 2796 2798 2797
f 2798 2799 2797
f 2797 2799 2800
f 2798 2801 2799
f 2799 2802 2800
f 2801 2803 2799
f 2799 2803 2802
f 2801 2804 2803
f 2803 2805 2802
f 2804 2806 2803
f 2803 2806 2805
f 2804 2807 2806
f 2806 2808 2805
f 2807 2809 2806
f 2806 2809 2808
f 2807 2810 2809
f 2809 2811 2808
f 2810 2812 2809
f 2809 2812 2811
f 2810 2813 2812
f 2812 2814 2811
f 2813 2815 2812
f 2812 2815 2814
f 2813 2816 2815
f 2816 2817 2815
f 2815 2818 2814
f 2815 2817 2818
f 2816 2819 2817
f 2817 2820 2818
f 2819 2821 2817
f 2817 2822 2820
f 2821 2823 2817
f 2817 2823 2822
f 2821 2824 2823
f 2823 2825 2822
f 2824 2826 2823
f 2823 2826 2825
f 2824 2827 2826
f 2827 2825 2826
f 2828 2827 2824
f 2827 2829 2825
f 2830 2827 2828
f 2827 2830 2829
f 2831 2830 2828
f 2830 2832 2829
f 2833 2830 2831
f 2830 2833 2832
f 2834 2833 2831
f 2833 2835 2832
f 2836 2833 2834
f 2833 2836 2835
f 2837 2836 2834
f 2836 2838 2835
f 2839 2836 2837
f 2836 2839 2838
f 2840 2839 2837
f 2839 2841 2838
f 2842 2839 2840
f 2839 2842 2841
f 2843 2842 2840
f 2842 2844 2841
f 2842 2843 2844
f 2845 2846 2847
f 2846 2848 2847
f 2848 2849 2847
f 2850 2851 2852
f 2851 2853 2852
f 2854 2855 2856
f 2857 2855 2854
f 2857 2858 2855
f 2859 2857 2854
f 2857 2859 2858
f 2859 2854 2860
f 2859 2861 2858
f 2862 2859 2860
f 2859 2862 2861
f 2860 2863 2862
f 2862 2864 2861
f 2863 2865 2862
f 2862 2865 2864
f 2863 2866 2865
f 2866 2864 2865
f 2866 2863 2867
f 2866 2868 2864
f 2866 2867 2869
f 2868 2866 2869
f 2870 2869 2867
f 2868 2869 2870
f 2871 2870 2867
f 2872 2868 2870
f 2873 2870 2871
f 2873 2872 2870
f 2874 2873 2871
f 2873 2874 2872
f 2874 2871 2875
f 2874 2876 2872
f 2877 2874 2875
f 2874 2877 2876
f 2877 2875 2878
f 2877 2879 2876
f 2877 2878 2880
f 2879 2877 2880
f 2881 2880 2878
f 2879 2880 2881
f 2881 2878 2882
f 2883 2879 2881
f 2884 2881 2882
f 2885 2883 2881
f 2886 2881 2884
f 2885 2881 2886
f 2887 2886 2884
f 2888 2885 2886
f 2889 2886 2887
f 2889 2888 2886
f 2890 2889 2887
f 2889 2890 2888
f 2890 2887 2891
f 2890 2892 2888
f 2893 2890 2891
f 2890 2893 2892
f 2893 2891 2894
f 2893 2895 2892
f 2896 2893 2894
f 2893 2896 2895
f 2896 2894 2897
f 2896 2898 2895
f 2899 2896 2897
f 2896 2899 2898
f 2899 2897 2900
f 2899 2901 2898
f 2902 2899 2900
f 2899 2902 2901
f 2902 2900 2903
f 2902 2904 2901
f 2905 2902 2903
f 2902 2905 2904
f 2905 2903 2906
f 2904 2905 2907
f 2905 2906 2907
f 2906 2908 2907
f 2908 2909 2907
f 2907 2909 2910
f 2908 2911 2909
f 2911 2910 2909
f 2911 2908 2912
f 2911 2913 2910
f 2914 2911 2912
f 2911 2914 2913
f 2914 2912 2915
f 2914 2916 2913
f 2917 2914 2915
f 2914 2917 2916
f 2917 2915 2918
f 2917 2918 2916
f 2915 2919 2918
f 2916 2918 2920
f 2919 2921 2918
f 2918 2921 2920
f 2919 2922 2921
f 2922 2920 2921
f 2922 2919 2923
f 2922 2924 2920
f 2922 2923 2925
f 2924 2922 2925
f 2926 2925 2923
f 2924 2925 2926
f 2926 2923 2927
f 2928 2924 2926
f 2929 2926 2927
f 2926 2929 2928
f 2929 2927 2930
f 2929 2931 2928
f 2932 2929 2930
f 2929 2932 2931
f 2932 2930 2933
f 2932 2933 2931
f 2930 2934 2933
f 2931 2933 2935
f 2934 2936 2933
f 2933 2937 2935
f 2936 2938 2933
f 2933 2938 2937
f 2936 2939 2938
f 2938 2940 2937
f 2939 2941 2938
f 2938 2941 2940
f 2939 2942 2941
f 2942 2940 2941
f 2943 2942 2939
f 2942 2944 2940
f 2945 2942 2943
f 2942 2945 2944
f 2946 2945 2943
f 2945 2947 2944
f 2948 2945 2946
f 2945 2948 2947
f 2949 2948 2946
f 2948 2950 2947
f 2951 2948 2949
f 2948 2951 2950
f 2952 2951 2949
f 2951 2953 2950
f 2954 2951 2952
f 2951 2954 2953
f 2955 2954 2952
f 2954 2956 2953
f 2957 2954 2955
f 2954 2957 2956
f 2958 2957 2955
f 2957 2959 2956
f 2957 2958 2959
f 2960 2961 2962
f 2961 2963 2962
f 2961 2964 2963
f 2962 2963 2965
f 2963 2966 2965
f 2964 2967 2963
f 2963 2968 2966
f 2967 2969 2963
f 2963 2969 2968
f 2967 2970 2969
f 2970 2971 2969
f 2969 2972 2968
f 2969 2971 2972
f 2970 2973 2971
f 2971 2974 2972
f 2973 2975 2971
f 2971 2976 2974
f 2975 2977 2971
f 2971 2977 2976
f 2975 2978 2977
f 2978 2979 2977
f 2977 2980 2976
f 2977 2979 2980
f 2978 2981 2979
f 2979 2982 2980
f 2981 2983 2979
f 2979 2984 2982
f 2983 2985 2979
f 2979 2985 2984
f 2983 2986 2985
f 2985 2987 2984
f 2986 2988 2985
f 2985 2988 2987
f 2986 2989 2988
f 2988 2990 2987
f 2989 2991 2988
f 2988 2991 2990
f 2989 2992 2991
f 2991 2993 2990
f 2992 2994 2991
f 2991 2994 2993
f 2992 2995 2994
f 2994 2996 2993
f 2995 2997 2994
f 2994 2997 2996
f 2995 2998 2997
f 2997 2999 2996
f 2998 3000 2997
f 2997 3000 2999
f 2998 3001 3000
f 3000 3002 2999
f 3001 3003 3000
f 3003 3002 3000
f 3003 3004 3002
f 3005 3006 3007
f 3006 3008 3007
f 3006 3009 3008
f 3007 3008 3010
f 3008 3011 3010
f 3009 3012 3008
f 3008 3013 3011
f 3012 3014 3008
f 3008 3014 3013
f 3012 3015 3014
f 3015 3016 3014
f 3014 3017 3013
f 3014 3016 3017
f 3015 3018 3016
f 3016 3019 3017
f 3018 3020 3016
f 3016 3021 3019
f 3020 3022 3016
f 3016 3022 3021
f 3020 3023 3022
f 3023 3024 3022
f 3022 3025 3021
f 3022 3024 3025
f 3023 3026 3024
f 3024 3027 3025
f 3026 3028 3024
f 3024 3029 3027
f 3028 3030 3024
f 3024 3030 3029
f 3028 3031 3030
f 3030 3032 3029
f 3031 3033 3030
f 3030 3033 3032
f 3031 3034 3033
f 3033 3035 3032
f 3034 3036 3033
f 3033 3036 3035
f 3034 3037 3036
f 3036 3038 3035
f 3037 3039 3036
f 3036 3039 3038
f 3037 3040 3039
f 3039 3041 3038
f 3040 3042 3039
f 3039 3042 3041
f 3040 3043 3042
f 3042 3044 3041
f 3043 3045 3042
f 3042 3045 3044
f 3043 3046 3045
f 3045 3047 3044
f 3046 3048 3045
f 3048 3047 3045
f 3048 3049 3047
f 3050 3051 3052
f 3051 3053 3052
f 3051 3054 3053
f 3052 3053 3055
f 3053 3056 3055
f 3054 3057 3053
f 3053 3058 3056
f 3057 3059 3053
f 3053 3059 3058
f 3057 3060 3059
f 3060 3061 3059
f 3059 3062 3058
f 3059 3061 3062
f 3060 3063 3061
f 3061 3064 3062
f 3063 3065 3061
f 3061 3066 3064
f 3065 3067 3061
f 3061 3067 3066
f 3065 3068 3067
f 3068 3069 3067
f 3067 3070 3066
f 3067 3069 3070
f 3068 3071 3069
f 3069 3072 3070
f 3071 3073 3069
f 3069 3074 3072
f 3073 3075 3069
f 3069 3075 3074
f 3073 3076 3075
f 3075 3077 3074
f 3076 3078 3075
f 3075 3078 3077
f 3076 3079 3078
f 3078 3080 3077
f 3079 3081 3078
f 3078 3081 3080
f 3079 3082 3081
f 3081 3083 3080
f 3082 3084 3081
f 3081 3084 3083
f 3082 3085 3084
f 3084 3086 3083
f 3085 3087 3084
f 3084 3087 3086
f 3085 3088 3087
f 3087 3089 3086
f 3088 3090 3087
f 3087 3090 3089
f 3088 3091 3090
f 3090 3092 3089
f 3091 3093 3090
f 3093 3092 3090
f 3093 3094 3092
f 3095 3096 3097
f 3096 3098 3097
f 3096 3099 3098
f 3097 3098 3100
f 3098 3101 3100
f 3099 3102 3098
f 3098 3103 3101
f 3102 3104 3098
f 3098 3104 3103
f 3102 3105 3104
f 3105 3106 3104
f 3104 3107 3103
f 3104 3106 3107
f 3105 3108 3106
f 3106 3109 3107
f 3108 3110 3106
f 3106 3111 3109
f 3110 3112 3106
f 3106 3112 3111
f 3110 3113 3112
f 3113 3114 3112
f 3112 3115 3111
f 3112 3114 3115
f 3113 3116 3114
f 3114 3117 3115
f 3116 3118 3114
f 3114 3119 3117
f 3118 3120 3114
f 3114 3120 3119
f 3118 3121 3120
f 3120 3122 3119
f 3121 3123 3120
f 3120 3123 3122
f 3121 3124 3123
f 3123 3125 3122
f 3124 3126 3123
f 3123 3126 3125
f 3124 3127 3126
f 3126 3128 3125
f 3127 3129 3126
f 3126 3129 3128
f 3127 3130 3129
f 3129 3131 3128
f 3130 3132 3129
f 3129 3132 3131
f 3130 3133 3132
f 3132 3134 3131
f 3133 3135 3132
f 3132 3135 3134
f 3133 3136 3135
f 3135 3137 3134
f 3136 3138 3135
f 3138 3137 3135
f 3138 3139 3137
f 3140 3141 3142
f 3141 3143 3142
f 3141 3144 3143
f 3142 3143 3145
f 3143 3146 3145
f 3144 3147 3143
f 3143 3148 3146
f 3147 3149 3143
f 3143 3149 3148
f 3147 3150 3149
f 3150 3151 3149
f 3149 3152 3148
f 3149 3151 3152
f 3150 3153 3151
f 3151 3154 3152
f 3153 3155 3151
f 3151 3156 3154
f 3155 3157 3151
f 3151 3157 3156
f 3155 3158 3157
f 3158 3159 3157
f 3157 3160 3156
f 3157 3159 3160
f 3158 3161 3159
f 3159 3162 3160
f 3161 3163 3159
f 3159 3164 3162
f 3163 3165 3159
f 3159 3165 3164
f 3163 3166 3165
f 3165 3167 3164
f 3166 3168 3165
f 3165 3168 3167
f 3166 3169 3168
f 3168 3170 3167
f 3169 3171 3168
f 3168 3171 3170
f 3169 3172 3171
f 3171 3173 3170
f 3172 3174 3171
f 3171 3174 3173
f 3172 3175 3174
f 3174 3176 3173
f 3175 3177 3174
f 3174 3177 3176
f 3175 3178 3177
f 3177 3179 3176
f 3178 3180 3177
f 3177 3180 3179
f 3178 3181 3180
f 3180 3182 3179
f 3181 3183 3180
f 3183 3182 3180
f 3183 3184 3182
f 3185 3186 3187
f 3186 3188 3187
f 3186 3189 3188
f 3187 3188 3190
f 3188 3191 3190
f 3189 3192 3188
f 3188 3193 3191
f 3192 3194 3188
f 3188 3194 3193
f 3192 3195 3194
f 3195 3196 3194
f 3194 3197 3193
f 3194 3196 3197
f 3195 3198 3196
f 3196 3199 3197
f 3198 3200 3196
f 3196 3201 3199
f 3200 3202 3196
f 3196 3202 3201
f 3200 3203 3202
f 3203 3204 3202
f 3202 3205 3201
f 3202 3204 3205
f 3203 3206 3204
f 3204 3207 3205
f 3206 3208 3204
f 3204 3209 3207
f 3208 3210 3204
f 3204 3210 3209
f 3208 3211 3210
f 3210 3212 3209
f 3211 3213 3210
f 3210 3213 3212
f 3211 3214 3213
f 3213 3215 3212
f 3214 3216 3213
f 3213 3216 3215
f 3214 3217 3216
f 3216 3218 3215
f 3217 3219 3216
f 3216 3219 3218
f 3217 3220 3219
f 3219 3221 3218
f 3220 3222 3219
f 3219 3222 3221
f 3220 3223 3222
f 3222 3224 3221
f 3223 3225 3222
f 3222 3225 3224
f 3223 3226 3225
f 3225 3227 3224
f 3226 3228 3225
f 3228 3227 3225
f 3228 3229 3227
f 3230 3231 3232
f 3231 3233 3232
f 3231 3234 3233
f 3232 3233 3235
f 3233 3236 3235
f 3234 3237 3233
f 3233 3238 3236
f 3237 3239 3233
f 3233 3239 3238
f 3237 3240 3239
f 3240 3241 3239
f 3239 3242 3238
f 3239 3241 3242
f 3240 3243 3241
f 3241 3244 3242
f 3243 3245 3241
f 3241 3246 3244
f 3245 3247 3241
f 3241 3247 3246
f 3245 3248 3247
f 3248 3249 3247
f 3247 3250 3246
f 3247 3249 3250
f 3248 3251 3249
f 3249 3252 3250
f 3251 3253 3249
f 3249 3254 3252
f 3253 3255 3249
f 3249 3255 3254
f 3253 3256 3255
f 3255 3257 3254
f 3256 3258 3255
f 3255 3258 3257
f 3256 3259 3258
f 3258 3260 3257
f 3259 3261 3258
f 3258 3261 3260
f 3259 3262 3261
f 3261 3263 3260
f 3262 3264 3261
f 3261 3264 3263
f 3262 3265 3264
f 3264 3266 3263
f 3265 3267 3264
f 3264 3267 3266
f 3265 3268 3267
f 3267 3269 3266
f 3268 3270 3267
f 3267 3270 3269
f 3268 3271 3270
f 3270 3272 3269
f 3271 3273 3270
f 3273 3272 3270
f 3273 3274 3272
f 3275 3276 3277
f 3275 3278 3276
f 3278 3275 3279
f 3275 3280 3279
f 3281 3275 3277
f 3275 3281 3280
f 3281 3277 3282
f 3281 3283 3280
f 3284 3281 3282
f 3281 3284 3283
f 3284 3282 3285
f 3284 3286 3283
f 3287 3284 3285
f 3284 3287 3286
f 3287 3285 3288
f 3287 3289 3286
f 3290 3287 3288
f 3287 3290 3289
f 3290 3288 3291
f 3290 3292 3289
f 3293 3290 3291
f 3290 3293 3292
f 3293 3291 3294
f 3293 3295 3292
f 3296 3293 3294
f 3293 3296 3295
f 3296 3294 3297
f 3296 3298 3295
f 3299 3296 3297
f 3296 3299 3298
f 3300 3301 3302
f 3300 3302 3303
f 3301 3300 3304
f 3304 3300 3303
f 3305 3306 3307
f 3306 3305 3308
f 3306 3309 3307
f 3306 3308 3310
f 3306 3311 3309
f 3312 3306 3310
f 3312 3310 3313
f 3312 3313 3314
f 3315 3312 3314
f 3315 3314 3316
f 3315 3316 3317
f 3318 3315 3317
f 3318 3317 3319
f 3320 3318 3319
f 3320 3319 3321
f 3322 3320 3321
f 3323 3322 3321
f 3323 3321 3324
f 3325 3323 3324
f 3326 3325 3324
f 3326 3324 3327
f 3328 3325 3326
f 3329 3326 3327
f 3329 3327 3330
f 3331 3329 3330
f 3331 3330 3332
f 3333 3331 3332
f 3333 3332 3334
f 3335 3333 3334
f 3335 3334 3336
f 3337 3335 3336
f 3337 3336 3338
f 3339 3337 3338
f 3339 3338 3340
f 3341 3339 3340
f 3341 3340 3342
f 3343 3341 3342
f 3343 3342 3344
f 3345 3343 3344
f 3345 3344 3346
f 3347 3345 3346
f 3347 3346 3348
f 3349 3347 3348
f 3346 3350 3348
f 3351 3349 3348
f 3351 3348 3352
f 3353 3351 3352
f 3353 3352 3354
f 3350 3355 3348
f 3350 3356 3355
f 3356 3357 3355
f 3357 3358 3355
f 3357 3359 3358
f 3359 3360 3358
f 3361 3353 3354
f 3361 3354 3362
f 3361 3362 3363
f 3359 3364 3360
f 3364 3365 3360
f 3364 3366 3365
f 3367 3361 3363
f 3364 3368 3366
f 3368 3369 3366
f 3368 3370 3369
f 3370 3368 3371
f 3368 3372 3371
f 3371 3372 3373
f 3367 3363 3374
f 3375 3367 3374
f 3367 3375 3376
f 3375 3377 3376
f 3375 3378 3377
f 3378 3375 3379
f 3372 3380 3373
f 3375 3374 3381
f 3382 3375 3381
f 3382 3381 3383
f 3375 3384 3379
f 3375 3385 3384
f 3385 3386 3384
f 3385 3387 3386
f 3387 3385 3388
f 3389 3382 3383
f 3385 3390 3388
f 3382 3389 3391
f 3385 3392 3390
f 3392 3385 3393
f 3385 3394 3393
f 3385 3395 3394
f 3395 3385 3396
f 3385 3397 3396
f 3397 3398 3396
f 3397 3399 3398
f 3382 3391 3400
f 3397 3328 3399
f 3328 3326 3399
f 3397 3401 3328
f 3401 3402 3328
f 3401 3403 3402
f 3403 3401 3404
f 3401 3405 3404
f 3401 3406 3405
f 3401 3407 3406
f 3407 3408 3406
f 3407 3409 3408
f 3407 3410 3409
f 3410 3407 3411
f 3410 3412 3409
f 3410 3411 3413
f 3414 3410 3413
f 3410 3415 3412
f 3414 3416 3410
f 3417 3415 3410
f 3417 3418 3415
f 3418 3417 3419
f 3417 3420 3419
f 3417 3421 3420
f 3421 3417 3422
f 3417 3423 3422
f 3417 3424 3423
f 3424 3417 3425
f 3425 3417 3426
f 3417 3427 3426
f 3417 3428 3427
f 3428 3417 3429
f 3417 3430 3429
f 3417 3311 3430
f 3311 3417 3431
f 3311 3431 3309
f 3417 3432 3431
f 3417 3433 3432
f 3433 3434 3432
f 3433 3372 3434
f 3372 3433 3380
f 3433 3435 3380
f 3433 3436 3435
f 3436 3433 3437
f 3433 3438 3437
f 3433 3439 3438
f 3439 3433 3440
f 3433 3441 3440
f 3433 3442 3441
f 3443 3442 3433
f 3443 3444 3442
f 3445 3443 3433
f 3443 3446 3444
f 3446 3447 3444
f 3446 3448 3447
f 3445 3433 3449
f 3446 3450 3448
f 3450 3400 3448
f 3433 3451 3449
f 3450 3382 3400
f 3382 3450 3452
f 3382 3452 3453
f 3433 3454 3451
f 3454 3433 3455
f 3433 3456 3455
f 3433 3457 3456
f 3457 3433 3458
f 3459 3382 3453
f 3459 3453 3460
f 3459 3460 3461
f 3462 3459 3461
f 3459 3462 3463
f 3433 3464 3458
f 3459 3463 3465
f 3433 3466 3464
f 3467 3459 3465
f 3466 3433 3468
f 3459 3467 3469
f 3470 3459 3469
f 3459 3470 3471
f 3459 3471 3472
f 3473 3459 3472
f 3433 3474 3468
f 3475 3473 3472
f 3473 3475 3476
f 3473 3476 3477
f 3475 3472 3478
f 3479 3475 3478
f 3479 3478 3480
f 3481 3479 3480
f 3482 3473 3477
f 3481 3480 3483
f 3484 3481 3483
f 3485 3484 3483
f 3473 3482 3486
f 3485 3483 3487
f 3488 3485 3487
f 3489 3488 3487
f 3473 3486 3490
f 3489 3487 3491
f 3492 3473 3490
f 3473 3492 3493
f 3473 3493 3494
f 3495 3473 3494
f 3495 3494 3496
f 3495 3496 3497
f 3498 3489 3491
f 3499 3498 3491
f 3500 3499 3491
f 3501 3495 3497
f 3500 3491 3474
f 3502 3500 3474
f 3503 3502 3474
f 3433 3503 3474
f 3503 3433 3504
f 3495 3501 3505
f 3433 3506 3504
f 3495 3505 3507
f 3506 3508 3504
f 3509 3495 3507
f 3495 3509 3510
f 3495 3510 3511
f 3512 3495 3511
f 3513 3512 3511
f 3512 3513 3514
f 3506 3514 3508
f 3512 3514 3506
f 3515 3512 3506
f 3516 3515 3506
f 3516 3506 3517
f 3518 3516 3517
f 3518 3517 3519
f 3520 3518 3519
f 3520 3519 3521
f 3522 3520 3521
f 3522 3521 3523
f 3522 3523 3524
f 3525 3522 3524
f 3525 3524 3526
f 3527 3525 3526
f 3527 3526 3528
f 3529 3527 3528
f 3528 3530 3529
f 3530 3531 3529
f 3530 3532 3531
f 3532 3530 3533
f 3532 3533 3534
f 3532 3534 3535
f 3536 3532 3535
f 3536 3535 3537
f 3536 3537 3538
f 3530 3539 3533
f 3540 3536 3538
f 3536 3540 3541
f 3536 3541 3542
f 3543 3536 3542
f 3536 3543 3544
f 3536 3544 3545
f 3546 3536 3545
f 3547 3546 3545
f 3546 3547 3548
f 3546 3548 3549
f 3550 3546 3549
f 3546 3550 3551
f 3546 3551 3552
f 3553 3546 3552
f 3546 3553 3554
f 3546 3554 3555
f 3556 3546 3555
f 3555 3554 3557
f 3556 3555 3558
f 3559 3556 3558
f 3556 3559 3560
f 3556 3560 3561
f 3554 3562 3557
f 3562 3563 3557
f 3562 3564 3563
f 3565 3556 3561
f 3564 3566 3563
f 3564 3567 3566
f 3567 3568 3566
f 3556 3565 3569
f 3568 3570 3566
f 3568 3571 3570
f 3571 3572 3570
f 3556 3569 3573
f 3572 3574 3570
f 3575 3556 3573
f 3556 3575 3576
f 3556 3576 3577
f 3578 3556 3577
f 3578 3577 3579
f 3572 3580 3574
f 3580 3581 3574
f 3581 3582 3574
f 3582 3583 3574
f 3583 3582 3584
f 3583 3584 3585
f 3586 3583 3585
f 3587 3578 3579
f 3586 3585 3588
f 3589 3586 3588
f 3590 3589 3588
f 3591 3588 3585
f 3590 3588 3592
f 3593 3590 3592
f 3594 3593 3592
f 3594 3592 3595
f 3596 3594 3595
f 3596 3595 3597
f 3595 3598 3597
f 3595 3599 3598
f 3599 3600 3598
f 3599 3601 3600
f 3601 3599 3602
f 3599 3603 3602
f 3603 3604 3602
f 3603 3605 3604
f 3605 3606 3604
f 3605 3607 3606
f 3607 3608 3606
f 3608 3587 3606
f 3608 3609 3587
f 3609 3578 3587
f 3609 3610 3578
f 3610 3611 3578
f 3611 3612 3578
f 3612 3613 3578
f 3613 3614 3578
f 3613 3615 3614
f 3615 3616 3614
f 3615 3617 3616
f 3614 3616 3618
f 3617 3619 3616
f 3617 3620 3619
f 3620 3621 3619
f 3621 3622 3619
f 3621 3623 3622
f 3623 3624 3622
f 3614 3618 3625
f 3623 3626 3624
f 3627 3614 3625
f 3614 3627 3628
f 3614 3628 3629
f 3630 3614 3629
f 3631 3630 3629
f 3630 3631 3632
f 3630 3632 3633
f 3626 3634 3624
f 3635 3630 3633
f 3630 3635 3636
f 3630 3636 3637
f 3638 3630 3637
f 3630 3638 3639
f 3630 3639 3640
f 3641 3630 3640
f 3642 3641 3640
f 3641 3642 3643
f 3626 3644 3634
f 3641 3643 3645
f 3646 3641 3645
f 3643 3647 3645
f 3646 3645 3648
f 3646 3648 3649
f 3650 3646 3649
f 3646 3650 3651
f 3646 3651 3652
f 3416 3646 3652
f 3653 3416 3652
f 3416 3653 3654
f 3416 3654 3410
f 3410 3654 3655
f 3647 3656 3645
f 3410 3655 3657
f 3647 3658 3656
f 3658 3647 3659
f 3658 3660 3656
f 3661 3658 3659
f 3661 3659 3662
f 3663 3661 3662
f 3663 3662 3664
f 3665 3663 3664
f 3665 3664 3666
f 3667 3665 3666
f 3667 3666 3668
f 3669 3667 3668
f 3669 3668 3670
f 3671 3669 3670
f 3671 3670 3672
f 3673 3671 3672
f 3673 3672 3674
f 3675 3673 3674
f 3675 3674 3676
f 3677 3675 3676
f 3677 3676 3644
f 3678 3677 3644
f 3678 3644 3626
f 3679 3678 3626
f 3679 3626 3680
f 3681 3679 3680
f 3682 3681 3680
f 3682 3680 3683
f 3684 3682 3683
f 3684 3683 3685
f 3686 3684 3685
f 3686 3685 3687
f 3686 3687 3688
f 3689 3686 3688
f 3690 3689 3688
f 3689 3690 3691
f 3689 3691 3692
f 3693 3689 3692
f 3694 3693 3692
f 3693 3694 3695
f 3693 3695 3696
f 3697 3693 3696
f 3697 3696 3698
f 3699 3697 3698
f 3591 3699 3698
f 3700 3699 3591
f 3700 3701 3699
f 3701 3700 3702
f 3702 3700 3703
f 3700 3704 3703
f 3705 3701 3702
f 3700 3706 3704
f 3705 3702 3707
f 3706 3700 3708
f 3709 3705 3707
f 3700 3710 3708
f 3711 3709 3707
f 3712 3711 3707
f 3713 3712 3707
f 3700 3714 3710
f 3714 3700 3715
f 3700 3716 3715
f 3700 3717 3716
f 3717 3700 3718
f 3713 3707 3719
f 3720 3713 3719
f 3721 3720 3719
f 3700 3722 3718
f 3721 3719 3723
f 3724 3721 3723
f 3725 3724 3723
f 3725 3723 3726
f 3727 3725 3726
f 3727 3726 3728
f 3700 3729 3722
f 3730 3727 3728
f 3730 3728 3731
f 3730 3731 3660
f 3658 3730 3660
f 3729 3700 3732
f 3700 3657 3732
f 3700 3410 3657
f 3700 3417 3410
f 3530 3700 3591
f 3530 3591 3733
f 3530 3733 3539
f 3591 3585 3733
f 3734 3735 3736
f 3734 3736 3737
f 3735 3734 3738
f 3738 3734 3737
f 3739 3740 3741
f 3742 3739 3741
f 3739 3743 3740
f 3739 3742 3744
f 3739 3745 3743
f 3745 3739 3744
f 3745 3746 3743
f 3745 3744 3747
f 3745 3748 3746
f 3748 3745 3747
f 3748 3749 3746
f 3748 3747 3750
f 3748 3751 3749
f 3751 3748 3750
f 3751 3752 3749
f 3751 3750 3753
f 3751 3754 3752
f 3754 3751 3753
f 3754 3755 3752
f 3754 3753 3756
f 3754 3757 3755
f 3757 3754 3756
f 3757 3758 3755
f 3757 3756 3759
f 3757 3760 3758
f 3760 3757 3759
f 3760 3761 3758
f 3760 3759 3762
f 3760 3763 3761
f 3763 3760 3762
f 3764 3765 3766
f 3764 3766 3767
f 3768 3764 3767
f 3764 3768 3769
f 3764 3769 3770
f 3771 3764 3770
f 3764 3771 3772
f 3765 3764 3773
f 3764 3772 3774
f 3775 3764 3774
f 3775 3774 3776
f 3764 3777 3773
f 3778 3775 3776
f 3777 3779 3773
f 3775 3778 3780
f 3775 3780 3781
f 3777 3782 3779
f 3783 3775 3781
f 3782 3777 3784
f 3785 3782 3784
f 3777 3786 3784
f 3786 3787 3784
f 3786 3788 3787
f 3788 3786 3789
f 3786 3790 3789
f 3786 3791 3790
f 3786 3792 3791
f 3792 3793 3791
f 3792 3794 3793
f 3785 3784 3795
f 3792 3796 3794
f 3796 3792 3797
f 3796 3798 3794
f 3796 3797 3799
f 3800 3796 3799
f 3796 3801 3798
f 3800 3802 3796
f 3803 3785 3795
f 3803 3795 3804
f 3785 3803 3805
f 3806 3785 3805
f 3806 3805 3807
f 3808 3806 3807
f 3808 3807 3809
f 3810 3808 3809
f 3810 3809 3811
f 3812 3810 3811
f 3812 3811 3813
f 3814 3812 3813
f 3814 3813 3815
f 3816 3814 3815
f 3816 3815 3817
f 3818 3816 3817
f 3818 3817 3819
f 3820 3818 3819
f 3820 3819 3821
f 3822 3820 3821
f 3822 3821 3823
f 3824 3822 3823
f 3824 3823 3825
f 3826 3824 3825
f 3823 3827 3825
f 3828 3826 3825
f 3828 3825 3829
f 3830 3828 3829
f 3830 3829 3831
f 3827 3832 3825
f 3827 3833 3832
f 3833 3834 3832
f 3834 3835 3832
f 3834 3836 3835
f 3836 3837 3835
f 3838 3830 3831
f 3838 3831 3839
f 3838 3839 3840
f 3783 3838 3840
f 3783 3840 3841
f 3775 3783 3841
f 3775 3841 3842
f 3843 3775 3842
f 3843 3842 3844
f 3836 3845 3837
f 3845 3846 3837
f 3845 3847 3846
f 3848 3843 3844
f 3845 3849 3847
f 3843 3848 3850
f 3849 3851 3847
f 3849 3852 3851
f 3852 3849 3853
f 3849 3854 3853
f 3854 3855 3853
f 3854 3856 3855
f 3843 3850 3857
f 3854 3858 3856
f 3858 3854 3859
f 3858 3860 3856
f 3858 3861 3860
f 3861 3858 3862
f 3858 3863 3862
f 3858 3864 3863
f 3864 3858 3865
f 3858 3866 3865
f 3858 3859 3867
f 3858 3868 3866
f 3869 3858 3867
f 3870 3868 3858
f 3869 3867 3871
f 3869 3871 3872
f 3873 3869 3872
f 3871 3874 3872
f 3869 3873 3875
f 3874 3876 3872
f 3869 3875 3877
f 3874 3878 3876
f 3879 3869 3877
f 3878 3880 3876
f 3880 3881 3876
f 3881 3882 3876
f 3869 3879 3883
f 3869 3883 3884
f 3885 3869 3884
f 3869 3885 3886
f 3869 3886 3887
f 3882 3888 3876
f 3882 3889 3888
f 3889 3890 3888
f 3891 3869 3887
f 3890 3892 3888
f 3890 3893 3892
f 3893 3894 3892
f 3894 3895 3892
f 3894 3896 3895
f 3896 3897 3895
f 3869 3891 3898
f 3896 3899 3897
f 3899 3900 3897
f 3899 3804 3900
f 3899 3803 3804
f 3869 3898 3901
f 3902 3869 3901
f 3869 3902 3801
f 3869 3801 3796
f 3903 3869 3796
f 3903 3796 3904
f 3905 3903 3904
f 3903 3905 3906
f 3903 3906 3907
f 3904 3796 3908
f 3796 3909 3908
f 3910 3903 3907
f 3802 3909 3796
f 3802 3911 3909
f 3911 3802 3912
f 3903 3910 3913
f 3802 3914 3912
f 3903 3913 3915
f 3914 3916 3912
f 3917 3903 3915
f 3903 3917 3918
f 3903 3918 3919
f 3920 3903 3919
f 3921 3903 3920
f 3914 3922 3916
f 3903 3921 3923
f 3922 3914 3924
f 3914 3925 3924
f 3903 3923 3926
f 3914 3927 3925
f 3928 3903 3926
f 3914 3929 3927
f 3930 3903 3928
f 3931 3930 3928
f 3931 3928 3932
f 3933 3931 3932
f 3934 3933 3932
f 3935 3934 3932
f 3936 3935 3932
f 3936 3932 3937
f 3938 3936 3937
f 3939 3938 3937
f 3939 3937 3940
f 3941 3939 3940
f 3942 3941 3940
f 3942 3940 3943
f 3944 3942 3943
f 3944 3943 3945
f 3946 3944 3945
f 3946 3945 3947
f 3946 3947 3948
f 3949 3946 3948
f 3950 3949 3948
f 3949 3950 3951
f 3950 3927 3951
f 3949 3951 3952
f 3927 3953 3951
f 3954 3949 3952
f 3954 3952 3955
f 3956 3954 3955
f 3956 3955 3957
f 3958 3956 3957
f 3958 3957 3959
f 3960 3958 3959
f 3960 3959 3961
f 3962 3960 3961
f 3962 3961 3963
f 3964 3962 3963
f 3964 3963 3965
f 3966 3964 3965
f 3966 3965 3967
f 3968 3966 3967
f 3968 3967 3969
f 3970 3968 3969
f 3970 3969 3971
f 3972 3970 3971
f 3972 3971 3973
f 3973 3971 3974
f 3975 3972 3973
f 3973 3974 3976
f 3977 3973 3976
f 3977 3976 3978
f 3979 3977 3978
f 3975 3973 3980
f 3981 3975 3980
f 3982 3981 3980
f 3982 3980 3983
f 3984 3982 3983
f 3984 3983 3985
f 3979 3978 3986
f 3987 3979 3986
f 3988 3987 3986
f 3989 3984 3985
f 3989 3985 3990
f 3989 3990 3991
f 3988 3986 3992
f 3993 3989 3991
f 3994 3993 3991
f 3993 3994 3995
f 3993 3995 3996
f 3997 3993 3996
f 3997 3996 3998
f 3999 3997 3998
f 3997 3999 4000
f 4001 3997 4000
f 4001 4000 4002
f 4003 4001 4002
f 4004 3988 3992
f 4004 3992 4005
f 4005 3992 4006
f 4005 4006 4007
f 4008 4005 4007
f 4005 4008 4009
f 4010 4003 4002
f 4011 4004 4005
f 4011 4005 4012
f 4013 4011 4012
f 4005 4009 4014
f 4015 4005 4014
f 4016 4015 4014
f 4015 4016 4017
f 4015 4017 4018
f 4019 4013 4012
f 4020 4015 4018
f 4021 4019 4012
f 4015 4020 4022
f 4015 4022 4023
f 4024 4015 4023
f 4015 4024 4025
f 4015 4025 4026
f 3929 4015 4026
f 4027 3929 4026
f 3929 4027 3953
f 3929 3953 3927
f 4028 4021 4012
f 4028 4012 4029
f 4030 4028 4029
f 4029 4012 4031
f 4012 4032 4031
f 4030 4029 4033
f 4034 4030 4033
f 4035 4034 4033
f 4035 4033 4036
f 4037 4035 4036
f 4037 4036 4038
f 4012 4039 4032
f 4039 4040 4032
f 4039 4041 4040
f 4041 4039 4042
f 4039 4043 4042
f 4044 4037 4038
f 4043 4039 4045
f 4046 4044 4038
f 4044 4046 4047
f 4044 4047 4048
f 4039 4049 4045
f 4050 4044 4048
f 4039 4051 4049
f 4052 4050 4048
f 4050 4052 4053
f 4050 4053 4054
f 4051 4039 4055
f 4039 4056 4055
f 4057 4050 4054
f 4057 4054 4058
f 4057 4058 4059
f 4039 4060 4056
f 4061 4057 4059
f 4061 4059 4062
f 4060 4039 4063
f 4061 4062 4064
f 4060 4063 4065
f 4065 4063 4066
f 4063 4067 4066
f 4068 4060 4065
f 4065 4069 4068
f 4069 4070 4068
f 4069 4071 4070
f 4063 4072 4067
f 4071 4073 4070
f 4071 4074 4073
f 4074 4075 4073
f 4072 4063 4076
f 4075 4077 4073
f 4075 4078 4077
f 4078 4079 4077
f 4063 4080 4076
f 4079 4081 4077
f 4063 4082 4080
f 4082 4063 4083
f 4063 4084 4083
f 4063 4085 4084
f 4085 4086 4084
f 4085 4087 4086
f 4079 4088 4081
f 4088 4089 4081
f 4089 4090 4081
f 4087 4085 4091
f 4090 4092 4081
f 4090 4093 4092
f 4085 4094 4091
f 4093 4095 4092
f 4085 4096 4094
f 4095 4064 4092
f 4095 4061 4064
f 4096 4085 4097
f 4085 4098 4097
f 4085 4099 4098
f 4061 4095 4010
f 4085 4100 4099
f 4100 4101 4099
f 4100 4102 4101
f 4102 4100 4103
f 4104 4102 4103
f 4103 4100 4105
f 4095 4106 4010
f 4106 4104 4103
f 4106 4103 4010
f 4103 4105 4107
f 4103 3903 4010
f 3903 4003 4010
f 3903 3930 4003
f 4108 4103 4107
f 4107 4109 4108
f 4109 4110 4108
f 4109 4111 4110
f 4111 4112 4110
f 4111 4113 4112
f 4113 4114 4112
f 4113 4115 4114
f 4113 4116 4115
f 4116 4117 4115
f 4116 4118 4117
f 4118 4119 4117
f 4118 4120 4119
f 4120 4121 4119
f 4120 4122 4121
f 4122 4123 4121
f 4123 4124 4121
f 4123 4125 4124
f 4121 4124 4126
f 4125 4123 4127
f 4123 4128 4127
f 4128 4129 4127
f 4128 4130 4129
f 4121 4126 4131
f 4130 4128 4132
f 3858 4121 4131
f 4128 4133 4132
f 4128 4134 4133
f 4134 4128 4135
f 4128 4136 4135
f 4128 4137 4136
f 4128 4138 4137
f 4138 4139 4137
f 4138 4140 4139
f 4140 4138 4141
f 4138 4142 4141
f 4138 4143 4142
f 4143 4138 4144
f 4138 4145 4144
f 4138 4146 4145
f 4146 4138 4147
f 4138 4148 4147
f 4146 4147 4149
f 4148 4150 4147
f 4148 4151 4150
f 4151 4148 4152
f 4148 4153 4152
f 4154 4146 4149
f 4154 4149 4155
f 4156 4154 4155
f 4148 4157 4153
f 4155 4158 4156
f 4158 4159 4156
f 4158 4160 4159
f 4157 4148 4161
f 4158 4162 4160
f 4162 4163 4160
f 4162 4164 4163
f 4148 4165 4161
f 4162 4166 4164
f 4148 4167 4165
f 4167 4148 4168
f 4148 4169 4168
f 4166 4170 4164
f 4166 4171 4170
f 4171 4166 4172
f 4148 3843 4169
f 3843 4173 4169
f 4166 4174 4172
f 3843 4175 4173
f 4175 3843 3857
f 4175 3857 4176
f 4174 4177 4172
f 4178 4175 4176
f 4178 4176 4179
f 4178 4179 4180
f 3870 4178 4180
f 3870 4180 3868
f 4174 4181 4177
f 4174 3858 4181
f 3858 4131 4181
f 4182 3870 3858
f 3858 4174 4183
f 4182 3858 4184
f 3858 4183 4185
f 3858 4186 4184
f 4187 3858 4185
f 3858 4188 4186
f 3858 4187 4189
f 4188 3858 4190
f 3858 4189 4191
f 3858 4192 4190
f 4192 3858 4191
f 4193 4194 4195
f 4196 4193 4195
f 4193 4197 4194
f 4197 4193 4196
f 4198 4199 4200
f 4201 4198 4200
f 4198 4202 4199
f 4202 4198 4201
f 4203 4204 4205
f 4204 4203 4206
f 4204 4207 4205
f 4204 4206 4208
f 4204 4209 4207
f 4209 4204 4208
f 4209 4210 4207
f 4209 4208 4211
f 4209 4212 4210
f 4212 4209 4211
f 4212 4213 4210
f 4212 4211 4214
f 4212 4215 4213
f 4215 4212 4214
f 4215 4216 4213
f 4215 4214 4217
f 4215 4218 4216
f 4218 4215 4217
f 4218 4219 4216
f 4218 4217 4220
f 4218 4221 4219
f 4221 4218 4220
f 4221 4222 4219
f 4221 4220 4223
f 4221 4224 4222
f 4224 4221 4223
f 4224 4225 4222
f 4224 4223 4226
f 4225 4224 4227
f 4224 4226 4227
f 4228 4229 4230
f 4231 4229 4228
f 4229 4232 4230
f 4229 4231 4232
