# ROS coordinates: X forward, Y left, Z up; units are metres.
o mesh
v -0.03688159 0.09854904 0.076000005
v -0.03707825 0.0987126455 0.076000005
v -0.03723514 0.0981954858 0.075500004
v -0.0372458175 0.09852396 0.07575001
v -0.03736157 0.09830066 0.075500004
v -0.0373154879 0.0988439247 0.076000005
v -0.03751408 0.09838506 0.075500004
v -0.0374757163 0.0986388251 0.07575001
v -0.0375846624 0.09892938 0.076000005
v -0.03768712 0.09843999 0.075500004
v -0.0377359167 0.09870106 0.07575001
v -0.03787154 0.09895909 0.076000005
v -0.03787154 0.09845909 0.075500004
v -0.0380071625 0.09870106 0.07575001
v -0.038158413 0.09892938 0.076000005
v -0.0380559564 0.09843999 0.075500004
v -0.0382673629 0.09863882 0.07575001
v -0.0384275876 0.0988439247 0.076000005
v -0.0382289961 0.09838506 0.075500004
v -0.038497258 0.09852396 0.07575001
v -0.0386648253 0.0987126455 0.076000005
v -0.03868471 0.0983722657 0.07575001
v -0.03838151 0.09830066 0.075500004
v -0.0388614871 0.09854904 0.076000005
v -0.0385079347 0.0981954858 0.075500004
v -0.0390250981 0.09835238 0.076000005
v -0.03861311 0.09806906 0.075500004
v -0.03883641 0.09818481 0.07575001
v -0.0391563773 0.09811514 0.076000005
v -0.03898977 0.0978275239 0.07575001
v -0.0386975072 0.09791655 0.075500004
v -0.03924183 0.0978459641 0.076000005
v -0.03875244 0.09774351 0.075500004
v -0.0392715372 0.09755909 0.076000005
v -0.03877154 0.09755909 0.075500004
v -0.0390135124 0.0974234641 0.07575001
v -0.03924183 0.09727222 0.076000005
v -0.03889952 0.0970435739 0.07575001
v -0.03875244 0.09737467 0.075500004
v -0.0391563773 0.09700304 0.076000005
v -0.0386975072 0.09720163 0.075500004
v -0.0390250981 0.0967658 0.076000005
v -0.03861311 0.09704912 0.075500004
v -0.0388614871 0.0965691358 0.076000005
v -0.0385079347 0.0969226956 0.075500004
v 0.004625585 0.140056208 0.076000005
v 0.00433059037 0.140301615 0.076000005
v 0.00427203253 0.139702648 0.075500004
v 0.00414725 0.140123457 0.07575001
v 0.004047271 0.139889628 0.075500004
v 0.00397472829 0.140498534 0.076000005
v 0.00377614424 0.140039667 0.075500004
v 0.00377741456 0.140308246 0.07575001
v 0.00357096642 0.140626714 0.076000005
v 0.00346851721 0.140137345 0.075500004
v 0.00335883722 0.140408367 0.07575001
v 0.00314066187 0.140671283 0.076000005
v 0.00314065814 0.140171289 0.075500004
v 0.00292248279 0.140408367 0.07575001
v 0.00271034986 0.140626729 0.076000005
v 0.00281280465 0.14013733 0.075500004
v 0.00250389613 0.140308246 0.07575001
v 0.00230658613 0.140498549 0.076000005
v 0.00250517763 0.140039667 0.075500004
v 0.002134066 0.140123457 0.07575001
v 0.00195072591 0.140301615 0.076000005
v 0.00183251128 0.139879435 0.07575001
v 0.00223404355 0.139889628 0.075500004
v 0.00165573508 0.140056208 0.076000005
v 0.00200928748 0.139702648 0.075500004
v 0.00141032226 0.139761209 0.076000005
v 0.00182230957 0.1394779 0.075500004
v 0.00158847682 0.139577881 0.07575001
v 0.00121339969 0.139405355 0.076000005
v 0.00134176575 0.139003113 0.07575001
v 0.00167227164 0.139206767 0.075500004
v 0.00108522177 0.1390016 0.076000005
v 0.00157460943 0.138899148 0.075500004
v 0.00104065984 0.138571292 0.076000005
v 0.00154065713 0.138571277 0.075500004
v 0.00130357035 0.138353109 0.07575001
v 0.001085218 0.138140976 0.076000005
v 0.00148695149 0.137741983 0.07575001
v 0.00157460943 0.138243422 0.075500004
v 0.00121339969 0.137737215 0.076000005
v 0.0016722735 0.1379358 0.075500004
v 0.0014103204 0.137381345 0.076000005
v 0.00182230771 0.137664661 0.075500004
v 0.00165573508 0.137086362 0.076000005
v 0.00200928748 0.1374399 0.075500004
v -0.0170825981 0.118348032 0.076000005
v -0.017279258 0.11851164 0.076000005
v -0.01743615 0.117994472 0.075500004
v -0.0174468271 0.118322946 0.07575001
v -0.0175625756 0.118099652 0.075500004
v -0.0175164975 0.118642919 0.076000005
v -0.0177150853 0.118184045 0.075500004
v -0.0176767241 0.118437812 0.07575001
v -0.017785674 0.118728369 0.076000005
v -0.0178881288 0.118238986 0.075500004
v -0.0179369226 0.118500054 0.07575001
v -0.0180725455 0.118758082 0.076000005
v -0.0180725455 0.118258081 0.075500004
v -0.0182081722 0.118500054 0.07575001
v -0.01835942 0.118728369 0.076000005
v -0.018256966 0.118238986 0.075500004
v -0.0184683688 0.118437812 0.07575001
v -0.0186285935 0.118642919 0.076000005
v -0.0184300058 0.118184045 0.075500004
v -0.0186982676 0.118322954 0.07575001
v -0.0188658349 0.11851164 0.076000005
v -0.01888572 0.118171252 0.07575001
v -0.0185825173 0.118099652 0.075500004
v -0.0190624967 0.118348032 0.076000005
v -0.0187089425 0.117994472 0.075500004
v -0.019226104 0.118151367 0.076000005
v -0.0188141167 0.117868051 0.075500004
v -0.0190374181 0.1179838 0.07575001
v -0.0193573851 0.117914125 0.076000005
v -0.019190779 0.117626518 0.07575001
v -0.018898515 0.117715538 0.075500004
v -0.0194428414 0.117644951 0.076000005
v -0.01895345 0.1175425 0.075500004
v -0.0194725469 0.117358081 0.076000005
v -0.0189725477 0.117358081 0.075500004
v -0.0192145221 0.117222458 0.07575001
v -0.0194428414 0.117071204 0.076000005
v -0.0191005282 0.116842568 0.07575001
v -0.01895345 0.117173657 0.075500004
v -0.0193573851 0.116802029 0.076000005
v -0.0188985132 0.117000617 0.075500004
v -0.019226104 0.116564795 0.076000005
v -0.0188141186 0.116848111 0.075500004
v -0.0190624967 0.11636813 0.076000005
v -0.0187089443 0.116721682 0.075500004
v -0.0759846 0.0594460331 0.076000005
v -0.07627959 0.0596914478 0.076000005
v -0.07633816 0.059092477 0.075500004
v -0.07646293 0.05951329 0.07575001
v -0.07656291 0.0592794567 0.075500004
v -0.07663545 0.0598883666 0.076000005
v -0.07683404 0.0594294928 0.075500004
v -0.0768327639 0.05969807 0.07575001
v -0.07703921 0.0600165464 0.076000005
v -0.0771416649 0.05952716 0.075500004
v -0.0772513449 0.059798196 0.07575001
v -0.07746952 0.06006111 0.076000005
v -0.07746952 0.05956111 0.075500004
v -0.0776877 0.0597981922 0.07575001
v -0.07789983 0.06001655 0.076000005
v -0.0777973756 0.05952716 0.075500004
v -0.0781062841 0.0596980639 0.07575001
v -0.07830359 0.05988837 0.076000005
v -0.07810501 0.0594294928 0.075500004
v -0.0784761161 0.05951329 0.07575001
v -0.07865946 0.059691444 0.076000005
v -0.07877767 0.0592692569 0.07575001
v -0.07837614 0.05927946 0.075500004
v -0.07895444 0.0594460331 0.076000005
v -0.07860089 0.05909248 0.075500004
v -0.07919986 0.0591510423 0.076000005
v -0.07878788 0.0588677227 0.075500004
v -0.07902171 0.0589677021 0.07575001
v -0.0793967843 0.05879518 0.076000005
v -0.07926841 0.05839294 0.07575001
v -0.07893791 0.0585965924 0.075500004
v -0.0795249641 0.058391422 0.076000005
v -0.07903557 0.05828896 0.075500004
v -0.07956952 0.05796111 0.076000005
v -0.079069525 0.0579611026 0.075500004
v -0.07930662 0.0577429347 0.07575001
v -0.0795249641 0.0575308 0.076000005
v -0.07912323 0.0571318045 0.07575001
v -0.07903557 0.05763325 0.075500004
v -0.0793967843 0.0571270362 0.076000005
v -0.07893791 0.0573256239 0.075500004
v -0.07919986 0.0567711778 0.076000005
v -0.07878788 0.05705449 0.075500004
v -0.07895445 0.0564761832 0.076000005
v -0.07860089 0.0568297431 0.075500004
v -0.03688159 0.09854904 0.071
v -0.03671798 0.09835237 0.071
v -0.03723514 0.0981954858 0.0715
v -0.0369066671 0.09818481 0.07125001
v -0.03712997 0.09806906 0.0715
v -0.0365867019 0.09811514 0.071
v -0.037045572 0.09791655 0.0715
v -0.0367918052 0.097954914 0.07125001
v -0.0365012437 0.0978459641 0.071
v -0.0369906351 0.09774351 0.0715
v -0.0367295668 0.09769471 0.07125001
v -0.03647154 0.09755909 0.071
v -0.03697154 0.09755909 0.0715
v -0.036729563 0.0974234641 0.07125001
v -0.0365012437 0.09727222 0.071
v -0.0369906351 0.09737467 0.0715
v -0.0367918052 0.09716327 0.07125001
v -0.0365867019 0.09700304 0.071
v -0.03704557 0.09720163 0.0715
v -0.0369066671 0.0969333649 0.07125001
v -0.03671798 0.0967658 0.071
v -0.03705837 0.0967459157 0.07125001
v -0.03712997 0.09704912 0.0715
v -0.03688159 0.0965691358 0.071
v -0.03723514 0.0969226956 0.0715
v -0.03707825 0.09640553 0.071
v -0.03736157 0.0968175158 0.0715
v -0.0372458175 0.0965942144 0.07125001
v -0.03731549 0.09627425 0.071
v -0.0376031026 0.09644086 0.07125001
v -0.03751408 0.09673312 0.0715
v -0.0375846662 0.0961888 0.071
v -0.0376871228 0.09667818 0.0715
v -0.03787154 0.0961590856 0.071
v -0.03787154 0.09665909 0.0715
v -0.0380071625 0.0964171141 0.07125001
v -0.03815841 0.0961888 0.071
v -0.0383870527 0.09653111 0.07125001
v -0.0380559564 0.09667818 0.0715
v -0.0384275876 0.09627425 0.071
v -0.038229 0.09673312 0.0715
v -0.03866483 0.09640553 0.071
v -0.03838151 0.0968175158 0.0715
v -0.03886149 0.0965691358 0.071
v -0.0385079347 0.0969226956 0.0715
v 0.00165573321 0.137086362 0.071
v 0.00200928748 0.1374399 0.0715
v 0.00223404355 0.137252927 0.0715
v 0.00231135264 0.136917576 0.07125001
v 0.00195072219 0.13684094 0.071
v 0.00250517763 0.1371029 0.0715
v 0.00230658613 0.136644021 0.071
v 0.00281280652 0.13700524 0.0715
v 0.00271034986 0.136515841 0.071
v 0.00292248279 0.136734188 0.07125001
v 0.00314065628 0.13697128 0.0715
v 0.00357249379 0.1367724 0.07125001
v 0.00314066187 0.136471286 0.071
v 0.00346851721 0.13700524 0.0715
v 0.00357097015 0.136515841 0.071
v 0.00377614424 0.1371029 0.0715
v 0.00397472829 0.136644021 0.071
v 0.00414725 0.1370191 0.07125001
v 0.00404727459 0.137252927 0.0715
v 0.00444880873 0.137263134 0.07125001
v 0.00433059037 0.13684094 0.071
v 0.004272029 0.1374399 0.0715
v 0.004625585 0.137086362 0.071
v 0.00445900857 0.137664661 0.0715
v 0.004870992 0.137381345 0.071
v 0.0046928376 0.137564689 0.07125001
v 0.00460904837 0.1379358 0.0715
v 0.00506791472 0.137737215 0.071
v 0.00487761572 0.137934521 0.07125001
v 0.00470671058 0.138243422 0.0715
v 0.00519609824 0.138140976 0.071
v 0.00497775152 0.138353109 0.07125001
v 0.004740659 0.138571277 0.0715
v 0.00524066 0.138571292 0.071
v 0.004977748 0.13878946 0.07125001
v 0.00470671058 0.138899148 0.0715
v 0.00519609451 0.1390016 0.071
v 0.00487761945 0.139208049 0.07125001
v 0.00460904837 0.139206767 0.0715
v 0.005067911 0.139405355 0.071
v 0.00469284132 0.139577866 0.07125001
v 0.00445900857 0.1394779 0.0715
v 0.004870992 0.139761209 0.071
v 0.00427203253 0.139702648 0.0715
v 0.004625581 0.140056208 0.071
v 0.004047271 0.139889628 0.0715
v 0.00396996737 0.140225 0.07125001
v 0.00377614424 0.140039667 0.0715
v 0.00433059037 0.140301615 0.071
v 0.00397472829 0.140498534 0.071
v 0.00346851721 0.140137345 0.0715
v 0.0035709627 0.140626714 0.071
v 0.00335883722 0.140408367 0.07125001
v 0.00314065814 0.140171289 0.0715
v 0.00270882249 0.140370175 0.07125001
v 0.00314065814 0.140671283 0.071
v 0.00281280465 0.14013733 0.0715
v 0.00271034986 0.140626729 0.071
v 0.00250517763 0.140039667 0.0715
v 0.00230658427 0.140498549 0.071
v 0.00213406235 0.140123457 0.07125001
v 0.00223404355 0.139889628 0.0715
v 0.00183251128 0.139879435 0.07125001
v 0.00195072591 0.140301615 0.071
v 0.00200928748 0.139702648 0.0715
v 0.00165573508 0.140056208 0.071
v 0.00182230957 0.1394779 0.0715
v 0.00141032413 0.139761209 0.071
v 0.001588475 0.139577881 0.07125001
v 0.0016722735 0.139206767 0.0715
v 0.00121339783 0.139405355 0.071
v 0.00140369684 0.139208049 0.07125001
v 0.00157461129 0.138899148 0.0715
v 0.00108522177 0.1390016 0.071
v 0.00130356848 0.13878946 0.07125001
v 0.00154065713 0.138571277 0.0715
v 0.00104065984 0.138571292 0.071
v 0.00130357035 0.138353109 0.07125001
v 0.00157461129 0.138243422 0.0715
v 0.001085218 0.138140976 0.071
v 0.0014036987 0.137934521 0.07125001
v 0.00167227536 0.1379358 0.0715
v 0.00121339969 0.137737215 0.071
v 0.0015884731 0.137564689 0.07125001
v 0.00182230771 0.137664661 0.0715
v 0.0014103204 0.137381345 0.071
v 0.00200928748 0.1374399 0.0715
v 0.00165573321 0.137086362 0.071
v -0.0170825981 0.118348032 0.071
v -0.0169189889 0.118151367 0.071
v -0.01743615 0.117994472 0.0715
v -0.0171076767 0.117983796 0.07125001
v -0.0173309743 0.117868051 0.0715
v -0.0167877078 0.117914125 0.071
v -0.0172465779 0.117715538 0.0715
v -0.016992813 0.1177539 0.07125001
v -0.0167022534 0.117644951 0.071
v -0.0171916448 0.1175425 0.0715
v -0.0169305727 0.117493704 0.07125001
v -0.016672546 0.117358081 0.071
v -0.0171725452 0.117358081 0.0715
v -0.0169305727 0.117222458 0.07125001
v -0.0167022552 0.117071204 0.071
v -0.0171916448 0.117173657 0.0715
v -0.016992813 0.116962254 0.07125001
v -0.0167877078 0.116802029 0.071
v -0.0172465779 0.117000617 0.0715
v -0.0171076767 0.116732359 0.07125001
v -0.01691899 0.116564788 0.071
v -0.0172593743 0.1165449 0.07125001
v -0.0173309743 0.116848111 0.0715
v -0.0170825981 0.11636813 0.071
v -0.01743615 0.116721682 0.0715
v -0.01727926 0.116204523 0.071
v -0.0175625756 0.11661651 0.0715
v -0.0174468271 0.116393209 0.07125001
v -0.0175165 0.116073243 0.071
v -0.0178041086 0.116239846 0.07125001
v -0.017715089 0.11653211 0.0715
v -0.017785674 0.115987785 0.071
v -0.0178881288 0.116477177 0.0715
v -0.0180725474 0.11595808 0.071
v -0.01807255 0.116458081 0.0715
v -0.01820817 0.116216108 0.07125001
v -0.0183594227 0.115987785 0.071
v -0.01858806 0.1163301 0.07125001
v -0.018256966 0.116477177 0.0715
v -0.0186285954 0.116073243 0.071
v -0.0184300058 0.11653211 0.0715
v -0.0188658349 0.116204523 0.071
v -0.01858252 0.11661651 0.0715
v -0.0190624967 0.11636813 0.071
v -0.0187089443 0.116721682 0.0715
v -0.0759846 0.0594460331 0.071
v -0.07573919 0.0591510423 0.071
v -0.07633816 0.059092477 0.0715
v -0.07591735 0.0589677 0.07125001
v -0.07615117 0.0588677227 0.0715
v -0.07554227 0.05879518 0.071
v -0.07600114 0.0585965924 0.0715
v -0.07573256 0.0585978664 0.07125001
v -0.0754140839 0.05839142 0.071
v -0.0759034753 0.05828896 0.0715
v -0.07563244 0.05817928 0.07125001
v -0.07536952 0.05796111 0.071
v -0.0758695155 0.0579611138 0.0715
v -0.07563244 0.0577429272 0.07125001
v -0.0754140839 0.057530798 0.071
v -0.0759034753 0.05763325 0.0715
v -0.07573256 0.0573243462 0.07125001
v -0.07554226 0.0571270362 0.071
v -0.07600114 0.05732562 0.0715
v -0.07591735 0.0569545142 0.07125001
v -0.07573919 0.0567711741 0.071
v -0.07616137 0.0566529632 0.07125001
v -0.07615117 0.0570544936 0.0715
v -0.0759846 0.056476187 0.071
v -0.07633815 0.05682974 0.0715
v -0.0762795955 0.0562307723 0.071
v -0.07656291 0.0566427559 0.0715
v -0.07646293 0.0564089268 0.07125001
v -0.07663545 0.056033846 0.071
v -0.07703769 0.056162212 0.07125001
v -0.07683404 0.05649272 0.0715
v -0.07703921 0.05590567 0.071
v -0.07714167 0.0563950539 0.0715
v -0.07746952 0.05586111 0.071
v -0.07746953 0.0563611053 0.0715
v -0.0776877 0.05612402 0.07125001
v -0.07789983 0.0559056737 0.071
v -0.07829882 0.0563073978 0.07125001
v -0.07779738 0.0563950539 0.0715
v -0.0783036 0.05603385 0.071
v -0.078105 0.0564927235 0.0715
v -0.07865946 0.0562307723 0.071
v -0.07837614 0.0566427559 0.0715
v -0.07895445 0.0564761832 0.071
v -0.07860089 0.0568297431 0.0715
v 5.32344E-06 0.1424661 0.0715
v 0.000718660653 0.142945528 0.0715
v 0.000318853185 0.142076626 0.071
v 0.001391368 0.142987445 0.07125001
v 0.00154580362 0.1433101 0.0715
v 0.0009608604 0.14250809 0.071
v 0.00170528889 0.142836228 0.071
v 0.00245717168 0.143524349 0.0715
v 0.0025255233 0.143029049 0.071
v 0.00287706777 0.143313974 0.07125001
v 0.00340956822 0.143564045 0.0715
v 0.004415948 0.143146887 0.07125001
v 0.00338267535 0.143064767 0.071
v 0.00435219333 0.143422276 0.0715
v 0.00423103943 0.142937183 0.071
v 0.005235277 0.1431114 0.0715
v 0.00502581149 0.142657384 0.071
v 0.005775187 0.142523721 0.07125001
v 0.0060184747 0.142660066 0.0715
v 0.0064994134 0.141930044 0.07125001
v 0.0057306923 0.1422512 0.071
v 0.006676197 0.142106816 0.0715
v 0.006322637 0.141753256 0.071
v 0.00722944736 0.1414491 0.0715
v 0.006820567 0.141161323 0.071
v 0.00709309429 0.141205817 0.07125001
v 0.00768077 0.1406659 0.0715
v 0.007226754 0.140456438 0.071
v 0.00755319 0.140329719 0.07125001
v 0.00799166 0.139782816 0.0715
v 0.007506557 0.13966167 0.071
v 0.007827595 0.139342755 0.07125001
v 0.008133423 0.1388402 0.0715
v 0.00763414428 0.1388133 0.071
v 0.00788334 0.138307691 0.07125001
v 0.008093726 0.137887791 0.0715
v 0.00759841874 0.137956142 0.071
v 0.007716533 0.137296975 0.07125001
v 0.007879481 0.136976436 0.0715
v 0.00740559772 0.137135908 0.071
v 0.00735320151 0.136376515 0.07125001
v 0.007514894 0.136149287 0.0715
v 0.00707747042 0.136391491 0.071
v 0.0070354864 0.135435939 0.0715
v 0.006646 0.135749489 0.071
v -0.0741369352 0.0542336628 0.0715
v -0.0748469457 0.0537041 0.0715
v -0.0744702 0.0546064 0.071
v -0.07553591 0.0536224842 0.07125001
v -0.07568535 0.05329027 0.0715
v -0.0751092061 0.0541298 0.071
v -0.07586377 0.05375735 0.071
v -0.07662172 0.0530335121 0.0715
v -0.0767065 0.05352627 0.071
v -0.07706323 0.0532285161 0.07125001
v -0.07760918 0.05296306 0.0715
v -0.078664735 0.05336394 0.07125001
v -0.07759522 0.053462863 0.071
v -0.07859117 0.0530885346 0.0715
v -0.07847901 0.0535757951 0.071
v -0.07951173 0.05339719 0.0715
v -0.07930751 0.0538535826 0.071
v -0.0800798461 0.05399265 0.07125001
v -0.08032572 0.0538571961 0.0715
v -0.08082828 0.0546023473 0.07125001
v -0.0800401047 0.0542675853 0.071
v -0.08100505 0.0544255748 0.0715
v -0.08065151 0.0547791272 0.071
v -0.08157344 0.0551049076 0.0715
v -0.08116305 0.05539053 0.071
v -0.08143799 0.0553507879 0.07125001
v -0.08203344 0.05591889 0.0715
v -0.08157705 0.05612312 0.071
v -0.08190529 0.056262143 0.07125001
v -0.08234209 0.0568394624 0.0715
v -0.0818548352 0.05695163 0.071
v -0.0821720362 0.0572911724 0.07125001
v -0.08246757 0.05782145 0.0715
v -0.08196777 0.057835415 0.071
v -0.0822021142 0.0583674051 0.07125001
v -0.08239712 0.05880891 0.0715
v -0.08190437 0.05872413 0.071
v -0.08199325 0.05940972 0.07125001
v -0.08214036 0.0597452819 0.0715
v -0.08167328 0.05956686 0.071
v -0.08157756 0.060345754 0.07125001
v -0.08172653 0.0605836846 0.0715
v -0.0813008249 0.0603214279 0.071
v -0.08119697 0.0612937 0.0715
v -0.0808242261 0.0609604344 0.071
v -0.0741369352 0.0542336628 0.0715
v -0.0741369352 0.0542336628 0.075500004
v -0.0748469457 0.0537041 0.075500004
v -0.07495937 0.0536368564 0.07350001
v -0.0748469457 0.0537041 0.0715
v -0.07568535 0.05329027 0.075500004
v -0.07568535 0.05329027 0.0715
v -0.07594467 0.0531993 0.07350001
v -0.07662172 0.0530335121 0.075500004
v -0.07662172 0.0530335121 0.0715
v -0.07704184 0.0529794358 0.07350001
v -0.07760918 0.05296306 0.075500004
v -0.07760918 0.05296306 0.0715
v -0.07817472 0.0530110858 0.07350001
v -0.07859117 0.0530885346 0.075500004
v -0.07859117 0.0530885346 0.0715
v -0.0792579055 0.05329188 0.07350001
v -0.07951173 0.05339719 0.075500004
v -0.07951173 0.05339719 0.0715
v -0.0802172348 0.05378378 0.07350001
v -0.08032572 0.0538571961 0.075500004
v -0.08100505 0.0544255748 0.07350001
v -0.08032572 0.0538571961 0.0715
v -0.08100505 0.0544255748 0.075500004
v -0.08100505 0.0544255748 0.0715
v -0.08157344 0.0551049076 0.075500004
v -0.08157344 0.0551049076 0.0715
v -0.08164685 0.0552134 0.07350001
v -0.08203344 0.05591889 0.075500004
v -0.08203344 0.05591889 0.0715
v -0.08203344 0.05591889 0.07350001
v -0.08230864 0.0567029864 0.07350001
v -0.08234209 0.0568394624 0.075500004
v -0.08234209 0.0568394624 0.0715
v -0.08245157 0.05753777 0.07350001
v -0.08246757 0.05782145 0.075500004
v -0.08246757 0.05782145 0.0715
v -0.0824511945 0.05838879 0.07350001
v -0.08239712 0.05880891 0.075500004
v -0.08239712 0.05880891 0.0715
v -0.08230857 0.0592195243 0.07350001
v -0.08214036 0.0597452819 0.075500004
v -0.08214036 0.0597452819 0.0715
v -0.08203649 0.0599964969 0.07350001
v -0.08172653 0.0605836846 0.075500004
v -0.08172653 0.0605836846 0.0715
v -0.08165692 0.06069345 0.07350001
v -0.08119697 0.0612937 0.075500004
v -0.08119697 0.0612937 0.0715
v 5.32344E-06 0.1424661 0.0715
v 5.32344E-06 0.1424661 0.075500004
v 0.0007186625 0.142945528 0.075500004
v 0.0008303821 0.143005535 0.07350001
v 0.000718660653 0.142945528 0.0715
v 0.00154580362 0.1433101 0.075500004
v 0.00154580362 0.1433101 0.0715
v 0.00179927237 0.143387988 0.07350001
v 0.00245717168 0.143524349 0.075500004
v 0.00245717168 0.143524349 0.0715
v 0.00286319852 0.143563583 0.07350001
v 0.00340956822 0.143564045 0.075500004
v 0.00340956822 0.143564045 0.0715
v 0.00395273045 0.1435049 0.07350001
v 0.00435219333 0.143422276 0.075500004
v 0.00435219333 0.143422276 0.0715
v 0.00499163941 0.143216044 0.07350001
v 0.005235277 0.1431114 0.075500004
v 0.005235277 0.1431114 0.0715
v 0.00591385365 0.142731741 0.07350001
v 0.0060184747 0.142660066 0.075500004
v 0.006676197 0.142106816 0.07350001
v 0.0060184747 0.142660066 0.0715
v 0.006676197 0.142106816 0.075500004
v 0.006676197 0.142106816 0.0715
v 0.00722944736 0.1414491 0.075500004
v 0.00722944736 0.1414491 0.0715
v 0.007301122 0.141344473 0.07350001
v 0.00768077 0.1406659 0.075500004
v 0.00768077 0.1406659 0.0715
v 0.00768077 0.1406659 0.07350001
v 0.007957086 0.1399137 0.07350001
v 0.00799166 0.139782816 0.075500004
v 0.00799166 0.139782816 0.0715
v 0.008111253 0.139112785 0.07350001
v 0.008133423 0.1388402 0.075500004
v 0.008133423 0.1388402 0.0715
v 0.008132957 0.138293818 0.07350001
v 0.008093726 0.137887791 0.075500004
v 0.008093726 0.137887791 0.0715
v 0.008022215 0.137489408 0.07350001
v 0.007879481 0.136976436 0.075500004
v 0.007879481 0.136976436 0.0715
v 0.007789254 0.136729926 0.07350001
v 0.007514894 0.136149287 0.075500004
v 0.007514894 0.136149287 0.0715
v 0.00745252147 0.136039913 0.07350001
v 0.0070354864 0.135435939 0.075500004
v 0.0070354864 0.135435939 0.0715
v 0.00740559772 0.137135908 0.071
v 0.00707747042 0.136391491 0.071
v 0.006646 0.135749489 0.071
v -0.0170825981 0.11636813 0.071
v -0.0110205226 0.1138035 0.071
v -0.01418346 0.110640563 0.071
v -0.01727926 0.116204523 0.071
v -0.0175165 0.116073243 0.071
v -0.017785674 0.115987785 0.071
v -0.0180725474 0.11595808 0.071
v -0.0183594227 0.115987785 0.071
v -0.0186285954 0.116073243 0.071
v -0.0188658349 0.116204523 0.071
v -0.0190624967 0.11636813 0.071
v -0.024082955 0.12054006 0.071
v -0.019226104 0.116564795 0.071
v -0.0193573851 0.116802029 0.071
v -0.0194428414 0.117071204 0.071
v -0.0194725487 0.117358081 0.071
v -0.01944284 0.117644951 0.071
v -0.0193573851 0.117914125 0.071
v -0.019226104 0.118151367 0.071
v -0.0190624967 0.118348032 0.071
v 0.000318853185 0.142076626 0.071
v -0.0216271244 0.124410108 0.071
v -0.04105352 0.103569493 0.071
v -0.0449327268 0.101104505 0.071
v -0.0808242261 0.0609604344 0.071
v 0.00170528889 0.142836228 0.071
v 0.0009608604 0.14250809 0.071
v 0.0025255233 0.143029049 0.071
v 0.00141032413 0.139761209 0.071
v 0.00338267535 0.143064767 0.071
v -0.0188658349 0.11851164 0.071
v 0.00165573508 0.140056208 0.071
v 0.00121339783 0.139405355 0.071
v 0.00108522177 0.1390016 0.071
v -0.0186285935 0.118642919 0.071
v 0.00104065984 0.138571292 0.071
v -0.01835942 0.118728369 0.071
v 0.001085218 0.138140976 0.071
v -0.0180725474 0.118758082 0.071
v 0.00423103943 0.142937183 0.071
v 0.00121339969 0.137737215 0.071
v -0.0177856758 0.118728369 0.071
v -0.0175164975 0.118642919 0.071
v 0.0014103204 0.137381345 0.071
v -0.017279258 0.11851164 0.071
v 0.00195072591 0.140301615 0.071
v 0.00230658427 0.140498549 0.071
v 0.00271034986 0.140626729 0.071
v 0.00165573321 0.137086362 0.071
v -0.0170825981 0.118348032 0.071
v -0.0169189889 0.118151367 0.071
v 0.00195072219 0.13684094 0.071
v -0.0167877078 0.117914125 0.071
v 0.00502581149 0.142657384 0.071
v 0.00314065814 0.140671283 0.071
v 0.0035709627 0.140626714 0.071
v 0.00230658613 0.136644021 0.071
v -0.0167022534 0.117644951 0.071
v -0.016672546 0.117358081 0.071
v 0.00271034986 0.136515841 0.071
v -0.0167022552 0.117071204 0.071
v 0.00314066187 0.136471286 0.071
v -0.0167877078 0.116802029 0.071
v 0.00357097015 0.136515841 0.071
v 0.0057306923 0.1422512 0.071
v 0.00397472829 0.140498534 0.071
v 0.00433059037 0.140301615 0.071
v -0.01691899 0.116564788 0.071
v 0.00397472829 0.136644021 0.071
v 0.006322637 0.141753256 0.071
v 0.004625581 0.140056208 0.071
v 0.004870992 0.139761209 0.071
v 0.00433059037 0.13684094 0.071
v 0.006820567 0.141161323 0.071
v 0.005067911 0.139405355 0.071
v 0.00519609451 0.1390016 0.071
v 0.007226754 0.140456438 0.071
v 0.00524066 0.138571292 0.071
v 0.00519609824 0.138140976 0.071
v 0.007506557 0.13966167 0.071
v 0.00506791472 0.137737215 0.071
v 0.004870992 0.137381345 0.071
v 0.004625585 0.137086362 0.071
v 0.00763414428 0.1388133 0.071
v 0.00759841874 0.137956142 0.071
v -0.0813008249 0.0603214279 0.071
v -0.08167328 0.05956686 0.071
v -0.07865946 0.059691444 0.071
v -0.08190437 0.05872413 0.071
v -0.08196777 0.057835415 0.071
v -0.07895444 0.0594460331 0.071
v -0.0818548352 0.05695163 0.071
v -0.07919986 0.0591510423 0.071
v -0.0793967843 0.05879518 0.071
v -0.08157705 0.05612312 0.071
v -0.0795249641 0.058391422 0.071
v -0.07956952 0.05796111 0.071
v -0.0795249641 0.0575308 0.071
v -0.08116305 0.05539053 0.071
v -0.0793967843 0.0571270362 0.071
v -0.07919986 0.0567711778 0.071
v -0.08065151 0.0547791272 0.071
v -0.07895445 0.0564761832 0.071
v -0.07865946 0.0562307723 0.071
v -0.0800401047 0.0542675853 0.071
v -0.0783036 0.05603385 0.071
v -0.07789983 0.0559056737 0.071
v -0.07930751 0.0538535826 0.071
v -0.07746952 0.05586111 0.071
v -0.07703921 0.05590567 0.071
v -0.07663545 0.056033846 0.071
v -0.07847901 0.0535757951 0.071
v -0.0762795955 0.0562307723 0.071
v -0.0759846 0.056476187 0.071
v -0.07759522 0.053462863 0.071
v -0.07573919 0.0567711741 0.071
v -0.0767065 0.05352627 0.071
v -0.07586377 0.05375735 0.071
v -0.0744702 0.0546064 0.071
v -0.0751092061 0.0541298 0.071
v -0.07554226 0.0571270362 0.071
v -0.03707825 0.09640553 0.071
v -0.0343261249 0.0904978961 0.071
v -0.03688159 0.0965691358 0.071
v -0.0311540235 0.09367 0.071
v -0.03671798 0.0967658 0.071
v -0.0365867019 0.09700304 0.071
v -0.03731549 0.09627425 0.071
v -0.0754140839 0.057530798 0.071
v -0.07536952 0.05796111 0.071
v -0.0375846662 0.0961888 0.071
v -0.0365012437 0.09727222 0.071
v -0.0754140839 0.05839142 0.071
v -0.03787154 0.0961590856 0.071
v -0.03815841 0.0961888 0.071
v -0.07554227 0.05879518 0.071
v -0.0384275876 0.09627425 0.071
v -0.07573919 0.0591510423 0.071
v -0.03866483 0.09640553 0.071
v -0.03647154 0.09755909 0.071
v -0.0759846 0.0594460331 0.071
v -0.03886149 0.0965691358 0.071
v -0.0390250981 0.0967658 0.071
v -0.07627959 0.0596914478 0.071
v -0.0391563773 0.09700304 0.071
v -0.07663545 0.0598883666 0.071
v -0.03924183 0.09727222 0.071
v -0.0365012437 0.0978459641 0.071
v -0.07703921 0.0600165464 0.071
v -0.03927154 0.09755909 0.071
v -0.03924183 0.0978459641 0.071
v -0.07746953 0.06006111 0.071
v -0.0365867019 0.09811514 0.071
v -0.03671798 0.09835237 0.071
v -0.03688159 0.09854904 0.071
v -0.03707825 0.0987126455 0.071
v -0.03731549 0.0988439247 0.071
v -0.0375846624 0.09892938 0.071
v -0.0391563773 0.09811514 0.071
v -0.07789983 0.06001655 0.071
v -0.03787154 0.09895909 0.071
v -0.07830359 0.05988837 0.071
v -0.038158413 0.09892938 0.071
v -0.0384275876 0.0988439247 0.071
v -0.0386648253 0.0987126455 0.071
v -0.03886149 0.09854904 0.071
v -0.0390250981 0.09835238 0.071
v -0.07633816 0.059092477 0.0715
v -0.07656291 0.0592794567 0.0715
v -0.0759846 0.0594460331 0.071
v -0.07664022 0.0596148148 0.07125001
v -0.07683404 0.0594294928 0.0715
v -0.07627959 0.0596914478 0.071
v -0.07663545 0.0598883666 0.071
v -0.0771416649 0.05952716 0.0715
v -0.07703921 0.0600165464 0.071
v -0.0772513449 0.059798196 0.07125001
v -0.07746952 0.05956111 0.0715
v -0.0779013559 0.05976 0.07125001
v -0.07746953 0.06006111 0.071
v -0.0777973756 0.05952716 0.0715
v -0.07789983 0.06001655 0.071
v -0.07810501 0.0594294928 0.0715
v -0.07830359 0.05988837 0.071
v -0.07847612 0.05951329 0.07125001
v -0.07837614 0.05927946 0.0715
v -0.07877767 0.0592692569 0.07125001
v -0.07865946 0.059691444 0.071
v -0.07860089 0.05909248 0.0715
v -0.07895444 0.0594460331 0.071
v -0.07878788 0.0588677227 0.0715
v -0.07919986 0.0591510423 0.071
v -0.07902171 0.0589677021 0.07125001
v -0.07893791 0.0585965924 0.0715
v -0.0793967843 0.05879518 0.071
v -0.07920649 0.0585978627 0.07125001
v -0.07903557 0.05828896 0.0715
v -0.0795249641 0.058391422 0.071
v -0.07930661 0.0581792854 0.07125001
v -0.079069525 0.0579611026 0.0715
v -0.07956952 0.05796111 0.071
v -0.07930662 0.0577429347 0.07125001
v -0.07903557 0.05763325 0.0715
v -0.0795249641 0.0575308 0.071
v -0.07920649 0.0573243536 0.07125001
v -0.07893791 0.0573256239 0.0715
v -0.0793967843 0.0571270362 0.071
v -0.0790217 0.056954518 0.07125001
v -0.07878788 0.05705449 0.0715
v -0.07919986 0.0567711778 0.071
v -0.07860089 0.0568297431 0.0715
v -0.07895445 0.0564761832 0.071
v -0.07860089 0.0568297431 0.075500004
v -0.07860089 0.0568297431 0.0715
v -0.07878788 0.05705449 0.0715
v -0.07881194 0.0570905432 0.07350001
v -0.07878788 0.05705449 0.075500004
v -0.07893791 0.0573256239 0.0715
v -0.07893791 0.0573256239 0.075500004
v -0.07897176 0.0574103966 0.07350001
v -0.07903557 0.05763325 0.0715
v -0.07903557 0.05763325 0.075500004
v -0.07905836 0.0577724129 0.07350001
v -0.079069525 0.0579611026 0.0715
v -0.079069525 0.0579611026 0.075500004
v -0.07905836 0.0581498072 0.07350001
v -0.07903557 0.05828896 0.0715
v -0.07903557 0.05828896 0.075500004
v -0.0789717659 0.058511816 0.07350001
v -0.07893791 0.0585965924 0.0715
v -0.07893791 0.0585965924 0.075500004
v -0.07881195 0.0588316731 0.07350001
v -0.07878788 0.0588677227 0.0715
v -0.07860089 0.05909248 0.07350001
v -0.07878788 0.0588677227 0.075500004
v -0.07860089 0.05909248 0.0715
v -0.07860089 0.05909248 0.075500004
v -0.07837614 0.05927946 0.0715
v -0.07837614 0.05927946 0.075500004
v -0.07834009 0.0593035333 0.07350001
v -0.07810501 0.0594294928 0.0715
v -0.07810501 0.0594294928 0.075500004
v -0.07810501 0.0594294928 0.07350001
v -0.0778429955 0.05951691 0.07350001
v -0.0777973756 0.05952716 0.0715
v -0.0777973756 0.05952716 0.075500004
v -0.07756411 0.0595583133 0.07350001
v -0.07746952 0.05956111 0.0715
v -0.07746952 0.05956111 0.075500004
v -0.07728082 0.05954995 0.07350001
v -0.0771416649 0.05952716 0.0715
v -0.0771416649 0.05952716 0.075500004
v -0.07700627 0.0594925769 0.07350001
v -0.07683404 0.0594294928 0.0715
v -0.07683404 0.0594294928 0.075500004
v -0.07675228 0.0593913458 0.07350001
v -0.07656291 0.0592794567 0.0715
v -0.07656291 0.0592794567 0.075500004
v -0.07652781 0.05925463 0.07350001
v -0.07633816 0.059092477 0.0715
v -0.07633816 0.059092477 0.075500004
v -0.07615117 0.0588677227 0.0715
v -0.0761271 0.0588316768 0.07350001
v -0.07615118 0.0588677227 0.075500004
v -0.07600114 0.0585965924 0.0715
v -0.07600114 0.0585965924 0.075500004
v -0.07596728 0.058511816 0.07350001
v -0.0759034753 0.05828896 0.0715
v -0.0759034753 0.05828896 0.075500004
v -0.075880684 0.0581498072 0.07350001
v -0.0758695155 0.0579611138 0.0715
v -0.0758695155 0.0579611138 0.075500004
v -0.07588069 0.0577724129 0.07350001
v -0.0759034753 0.05763325 0.0715
v -0.0759034753 0.05763325 0.075500004
v -0.07596729 0.0574103966 0.07350001
v -0.07600114 0.05732562 0.0715
v -0.07600114 0.05732562 0.075500004
v -0.0761271 0.05709054 0.07350001
v -0.07615117 0.0570544936 0.0715
v -0.07633815 0.05682974 0.07350001
v -0.07615117 0.0570544936 0.075500004
v -0.07633815 0.05682974 0.0715
v -0.07633815 0.05682974 0.075500004
v -0.07656291 0.0566427559 0.0715
v -0.07656291 0.0566427559 0.075500004
v -0.07659896 0.05661868 0.07350001
v -0.07683404 0.05649272 0.0715
v -0.07683404 0.05649272 0.075500004
v -0.07683404 0.05649272 0.07350001
v -0.077096045 0.05640531 0.07350001
v -0.07714167 0.0563950539 0.0715
v -0.07714167 0.0563950539 0.075500004
v -0.07737493 0.0563639067 0.07350001
v -0.07746953 0.0563611053 0.0715
v -0.07746953 0.0563611053 0.075500004
v -0.07765822 0.05637227 0.07350001
v -0.07779738 0.0563950539 0.0715
v -0.07779738 0.0563950539 0.075500004
v -0.07793277 0.0564296432 0.07350001
v -0.078105 0.0564927235 0.0715
v -0.078105 0.0564927235 0.075500004
v -0.0781867653 0.0565308742 0.07350001
v -0.07837614 0.0566427559 0.0715
v -0.0783761442 0.0566427559 0.075500004
v -0.07841122 0.05666759 0.07350001
v -0.07860089 0.0568297431 0.0715
v -0.07860089 0.0568297431 0.075500004
v -0.01743615 0.117994472 0.0715
v -0.0175625756 0.118099652 0.0715
v -0.0170825981 0.118348032 0.071
v -0.0175570324 0.11838606 0.07125001
v -0.0177150872 0.118184045 0.0715
v -0.017279258 0.11851164 0.071
v -0.0175164975 0.118642919 0.071
v -0.0178881288 0.118238986 0.0715
v -0.0177856758 0.118728369 0.071
v -0.0179369226 0.118500054 0.07125001
v -0.0180725455 0.118258081 0.0715
v -0.0183409862 0.118476309 0.07125001
v -0.0180725474 0.118758082 0.071
v -0.018256966 0.118238986 0.0715
v -0.01835942 0.118728369 0.071
v -0.0184300058 0.118184045 0.0715
v -0.0186285935 0.118642919 0.071
v -0.0186982676 0.118322954 0.07125001
v -0.0185825173 0.118099652 0.0715
v -0.01888572 0.118171252 0.07125001
v -0.0188658349 0.11851164 0.071
v -0.0187089425 0.117994472 0.0715
v -0.0190624967 0.118348032 0.071
v -0.0188141186 0.117868051 0.0715
v -0.019226104 0.118151367 0.071
v -0.0190374181 0.1179838 0.07125001
v -0.0188985169 0.117715538 0.0715
v -0.0193573851 0.117914125 0.071
v -0.01915228 0.1177539 0.07125001
v -0.01895345 0.1175425 0.0715
v -0.01944284 0.117644951 0.071
v -0.0192145221 0.117493704 0.07125001
v -0.01897255 0.117358081 0.0715
v -0.0194725487 0.117358081 0.071
v -0.0192145221 0.117222458 0.07125001
v -0.01895345 0.117173657 0.0715
v -0.0194428414 0.117071204 0.071
v -0.01915228 0.116962254 0.07125001
v -0.018898515 0.117000617 0.0715
v -0.0193573851 0.116802029 0.071
v -0.0190374181 0.116732359 0.07125001
v -0.01881412 0.116848111 0.0715
v -0.019226104 0.116564795 0.071
v -0.0187089443 0.116721682 0.0715
v -0.0190624967 0.11636813 0.071
v -0.0187089443 0.116721682 0.075500004
v -0.0187089443 0.116721682 0.0715
v -0.01881412 0.116848111 0.0715
v -0.0188276619 0.116868384 0.07350001
v -0.0188141186 0.116848111 0.075500004
v -0.018898515 0.117000617 0.0715
v -0.0188985132 0.117000617 0.075500004
v -0.0189175569 0.117048308 0.07350001
v -0.01895345 0.117173657 0.0715
v -0.01895345 0.117173657 0.075500004
v -0.018966265 0.11725194 0.07350001
v -0.01897255 0.117358081 0.0715
v -0.0189725477 0.117358081 0.075500004
v -0.018966265 0.117464222 0.07350001
v -0.01895345 0.1175425 0.0715
v -0.01895345 0.1175425 0.075500004
v -0.018917555 0.117667854 0.07350001
v -0.0188985169 0.117715538 0.0715
v -0.018898515 0.117715538 0.075500004
v -0.0188276619 0.11784777 0.07350001
v -0.0188141186 0.117868051 0.0715
v -0.0187089425 0.117994472 0.07350001
v -0.0188141167 0.117868051 0.075500004
v -0.0187089425 0.117994472 0.0715
v -0.0187089425 0.117994472 0.075500004
v -0.0185825173 0.118099652 0.0715
v -0.0185825173 0.118099652 0.075500004
v -0.01856224 0.1181132 0.07350001
v -0.0184300058 0.118184045 0.0715
v -0.0184300058 0.118184045 0.075500004
v -0.0184300058 0.118184045 0.07350001
v -0.01828263 0.118233219 0.07350001
v -0.018256966 0.118238986 0.0715
v -0.018256966 0.118238986 0.075500004
v -0.0181257576 0.1182565 0.07350001
v -0.0180725455 0.118258081 0.0715
v -0.0180725455 0.118258081 0.075500004
v -0.0179664046 0.1182518 0.07350001
v -0.0178881288 0.118238986 0.0715
v -0.0178881288 0.118238986 0.075500004
v -0.0178119689 0.118219532 0.07350001
v -0.0177150872 0.118184045 0.0715
v -0.0177150853 0.118184045 0.075500004
v -0.0176691 0.118162587 0.07350001
v -0.0175625756 0.118099652 0.0715
v -0.0175625756 0.118099652 0.075500004
v -0.0175428372 0.118085682 0.07350001
v -0.01743615 0.117994472 0.0715
v -0.01743615 0.117994472 0.075500004
v -0.0173309743 0.117868051 0.0715
v -0.01731743 0.11784777 0.07350001
v -0.0173309743 0.117868051 0.075500004
v -0.0172465779 0.117715538 0.0715
v -0.0172465779 0.117715538 0.075500004
v -0.0172275379 0.117667854 0.07350001
v -0.0171916448 0.1175425 0.0715
v -0.0171916448 0.1175425 0.075500004
v -0.017178826 0.117464222 0.07350001
v -0.0171725452 0.117358081 0.0715
v -0.0171725452 0.117358081 0.075500004
v -0.017178826 0.11725194 0.07350001
v -0.0171916448 0.117173657 0.0715
v -0.0171916448 0.117173657 0.075500004
v -0.0172275379 0.117048308 0.07350001
v -0.0172465779 0.117000617 0.0715
v -0.0172465779 0.117000617 0.075500004
v -0.017317431 0.116868384 0.07350001
v -0.0173309743 0.116848111 0.0715
v -0.01743615 0.116721682 0.07350001
v -0.0173309743 0.116848111 0.075500004
v -0.01743615 0.116721682 0.0715
v -0.01743615 0.116721682 0.075500004
v -0.0175625756 0.11661651 0.0715
v -0.0175625756 0.11661651 0.075500004
v -0.0175828524 0.116602965 0.07350001
v -0.017715089 0.11653211 0.0715
v -0.0177150872 0.11653211 0.075500004
v -0.0177150872 0.11653211 0.07350001
v -0.0178624652 0.116482943 0.07350001
v -0.0178881288 0.116477177 0.0715
v -0.0178881288 0.116477177 0.075500004
v -0.0180193372 0.116459653 0.07350001
v -0.01807255 0.116458081 0.0715
v -0.0180725474 0.116458081 0.075500004
v -0.0181786865 0.116464362 0.07350001
v -0.018256966 0.116477177 0.0715
v -0.018256966 0.116477177 0.075500004
v -0.018333124 0.11649663 0.07350001
v -0.0184300058 0.11653211 0.0715
v -0.0184300058 0.11653211 0.075500004
v -0.0184759926 0.116553575 0.07350001
v -0.01858252 0.11661651 0.0715
v -0.0185825173 0.11661651 0.075500004
v -0.0186022557 0.116630472 0.07350001
v -0.0187089443 0.116721682 0.0715
v -0.0187089443 0.116721682 0.075500004
v 0.00200928748 0.1374399 0.075500004
v 0.00200928748 0.1374399 0.0715
v 0.00182230771 0.137664661 0.0715
v 0.00179823115 0.1377007 0.07350001
v 0.00182230771 0.137664661 0.075500004
v 0.00167227536 0.1379358 0.0715
v 0.0016722735 0.1379358 0.075500004
v 0.00163841993 0.138020575 0.07350001
v 0.00157461129 0.138243422 0.0715
v 0.00157460943 0.138243422 0.075500004
v 0.00155182 0.138382584 0.07350001
v 0.00154065713 0.138571277 0.0715
v 0.00154065713 0.138571277 0.075500004
v 0.00155183114 0.138759986 0.07350001
v 0.00157461129 0.138899148 0.0715
v 0.00157460943 0.138899148 0.075500004
v 0.00163841993 0.139122 0.07350001
v 0.0016722735 0.139206767 0.0715
v 0.00167227164 0.139206767 0.075500004
v 0.00179823115 0.139441848 0.07350001
v 0.00182230957 0.1394779 0.0715
v 0.00200928748 0.139702648 0.07350001
v 0.00182230957 0.1394779 0.075500004
v 0.00200928748 0.139702648 0.0715
v 0.00200928748 0.139702648 0.075500004
v 0.00223404355 0.139889628 0.0715
v 0.00223404355 0.139889628 0.075500004
v 0.002270095 0.139913708 0.07350001
v 0.00250517763 0.140039667 0.0715
v 0.00250517763 0.140039667 0.075500004
v 0.00250517763 0.140039667 0.07350001
v 0.002767183 0.140127078 0.07350001
v 0.00281280465 0.14013733 0.0715
v 0.00281280465 0.14013733 0.075500004
v 0.00304606557 0.140168488 0.07350001
v 0.00314065814 0.140171289 0.0715
v 0.00314065814 0.140171289 0.075500004
v 0.00332935527 0.140160114 0.07350001
v 0.00346851721 0.140137345 0.0715
v 0.00346851721 0.140137345 0.075500004
v 0.003603913 0.140102759 0.07350001
v 0.00377614424 0.140039667 0.0715
v 0.00377614424 0.140039667 0.075500004
v 0.00385789946 0.140001521 0.07350001
v 0.004047271 0.139889628 0.0715
v 0.004047271 0.139889628 0.075500004
v 0.00408237055 0.1398648 0.07350001
v 0.00427203253 0.139702648 0.0715
v 0.00427203253 0.139702648 0.075500004
v 0.00445900857 0.1394779 0.0715
v 0.004483089 0.139441848 0.07350001
v 0.004459005 0.1394779 0.075500004
v 0.00460904837 0.139206767 0.0715
v 0.00460904837 0.139206767 0.075500004
v 0.00464289635 0.139122 0.07350001
v 0.00470671058 0.138899148 0.0715
v 0.00470671058 0.138899148 0.075500004
v 0.00472949445 0.138759971 0.07350001
v 0.004740659 0.138571277 0.0715
v 0.004740659 0.138571277 0.075500004
v 0.00472949445 0.138382584 0.07350001
v 0.00470671058 0.138243422 0.0715
v 0.00470671058 0.138243422 0.075500004
v 0.00464289635 0.138020575 0.07350001
v 0.00460904837 0.1379358 0.0715
v 0.00460904837 0.1379358 0.075500004
v 0.004483089 0.137700722 0.07350001
v 0.00445900857 0.137664661 0.0715
v 0.004272029 0.1374399 0.07350001
v 0.00445900857 0.137664661 0.075500004
v 0.004272029 0.1374399 0.0715
v 0.004272029 0.1374399 0.075500004
v 0.00404727459 0.137252927 0.0715
v 0.00404727459 0.137252927 0.075500004
v 0.004011225 0.137228847 0.07350001
v 0.00377614424 0.1371029 0.0715
v 0.00377614424 0.1371029 0.075500004
v 0.00377614424 0.1371029 0.07350001
v 0.00351413712 0.137015477 0.07350001
v 0.00346851721 0.13700524 0.0715
v 0.00346851349 0.13700524 0.075500004
v 0.0032352563 0.136974081 0.07350001
v 0.00314065628 0.13697128 0.0715
v 0.00314065628 0.13697128 0.075500004
v 0.002951961 0.136982441 0.07350001
v 0.00281280652 0.13700524 0.0715
v 0.00281280465 0.13700524 0.075500004
v 0.0026774127 0.13703981 0.07350001
v 0.00250517763 0.1371029 0.0715
v 0.00250517577 0.1371029 0.075500004
v 0.00242342427 0.137141049 0.07350001
v 0.00223404355 0.137252927 0.0715
v 0.00223404355 0.137252927 0.075500004
v 0.002198957 0.137277767 0.07350001
v 0.00200928748 0.1374399 0.0715
v 0.00200928748 0.1374399 0.075500004
v -0.03723514 0.0981954858 0.0715
v -0.03736157 0.09830066 0.0715
v -0.03688159 0.09854904 0.071
v -0.0373560265 0.0985870659 0.07125001
v -0.03751408 0.09838506 0.0715
v -0.03707825 0.0987126455 0.071
v -0.03731549 0.0988439247 0.071
v -0.0376871228 0.09843999 0.0715
v -0.0375846624 0.09892938 0.071
v -0.0377359167 0.09870106 0.07125001
v -0.03787154 0.09845909 0.0715
v -0.0381399766 0.09867732 0.07125001
v -0.03787154 0.09895909 0.071
v -0.0380559564 0.09843999 0.0715
v -0.038158413 0.09892938 0.071
v -0.0382289961 0.09838506 0.0715
v -0.0384275876 0.0988439247 0.071
v -0.038497258 0.09852396 0.07125001
v -0.03838151 0.09830066 0.0715
v -0.03868471 0.0983722657 0.07125001
v -0.0386648253 0.0987126455 0.071
v -0.0385079347 0.0981954858 0.0715
v -0.03886149 0.09854904 0.071
v -0.03861311 0.09806906 0.0715
v -0.0390250981 0.09835238 0.071
v -0.03883641 0.09818481 0.07125001
v -0.0386975072 0.09791655 0.0715
v -0.0391563773 0.09811514 0.071
v -0.038951274 0.097954914 0.07125001
v -0.0387524441 0.09774351 0.0715
v -0.03924183 0.0978459641 0.071
v -0.0390135124 0.09769471 0.07125001
v -0.03877154 0.09755909 0.0715
v -0.03927154 0.09755909 0.071
v -0.0390135124 0.0974234641 0.07125001
v -0.0387524441 0.09737467 0.0715
v -0.03924183 0.09727222 0.071
v -0.03895127 0.09716327 0.07125001
v -0.0386975072 0.09720163 0.0715
v -0.0391563773 0.09700304 0.071
v -0.03883641 0.09693337 0.07125001
v -0.03861311 0.09704912 0.0715
v -0.0390250981 0.0967658 0.071
v -0.0385079347 0.0969226956 0.0715
v -0.03886149 0.0965691358 0.071
v -0.0385079347 0.0969226956 0.075500004
v -0.0385079347 0.0969226956 0.0715
v -0.03861311 0.09704912 0.0715
v -0.0386266559 0.0970694 0.07350001
v -0.03861311 0.09704912 0.075500004
v -0.0386975072 0.09720163 0.0715
v -0.0386975072 0.09720163 0.075500004
v -0.0387165472 0.0972493142 0.07350001
v -0.0387524441 0.09737467 0.0715
v -0.03875244 0.09737467 0.075500004
v -0.03876526 0.097452946 0.07350001
v -0.03877154 0.09755909 0.0715
v -0.03877154 0.09755909 0.075500004
v -0.03876526 0.09766523 0.07350001
v -0.0387524441 0.09774351 0.0715
v -0.03875244 0.09774351 0.075500004
v -0.0387165472 0.09786886 0.07350001
v -0.0386975072 0.09791655 0.0715
v -0.0386975072 0.09791655 0.075500004
v -0.0386266559 0.0980487838 0.07350001
v -0.03861311 0.09806906 0.0715
v -0.0385079347 0.0981954858 0.07350001
v -0.03861311 0.09806906 0.075500004
v -0.0385079347 0.0981954858 0.0715
v -0.0385079347 0.0981954858 0.075500004
v -0.03838151 0.09830066 0.0715
v -0.03838151 0.09830066 0.075500004
v -0.0383612327 0.0983142 0.07350001
v -0.0382289961 0.09838506 0.0715
v -0.0382289961 0.09838506 0.075500004
v -0.0382289961 0.09838506 0.07350001
v -0.03808162 0.0984342247 0.07350001
v -0.0380559564 0.09843999 0.0715
v -0.0380559564 0.09843999 0.075500004
v -0.0379247479 0.0984575152 0.07350001
v -0.03787154 0.09845909 0.0715
v -0.03787154 0.09845909 0.075500004
v -0.0377654 0.09845281 0.07350001
v -0.0376871228 0.09843999 0.0715
v -0.03768712 0.09843999 0.075500004
v -0.037610963 0.09842054 0.07350001
v -0.03751408 0.09838506 0.0715
v -0.03751408 0.09838506 0.075500004
v -0.03746809 0.09836359 0.07350001
v -0.03736157 0.09830066 0.0715
v -0.03736157 0.09830066 0.075500004
v -0.03734183 0.0982866958 0.07350001
v -0.03723514 0.0981954858 0.0715
v -0.03723514 0.0981954858 0.075500004
v -0.03712997 0.09806906 0.0715
v -0.0371164232 0.0980487838 0.07350001
v -0.03712997 0.09806906 0.075500004
v -0.037045572 0.09791655 0.0715
v -0.037045572 0.09791655 0.075500004
v -0.03702653 0.09786886 0.07350001
v -0.0369906351 0.09774351 0.0715
v -0.0369906351 0.09774351 0.075500004
v -0.03697782 0.09766523 0.07350001
v -0.03697154 0.09755909 0.0715
v -0.03697154 0.09755909 0.075500004
v -0.03697782 0.097452946 0.07350001
v -0.0369906351 0.09737467 0.0715
v -0.0369906351 0.09737467 0.075500004
v -0.037026532 0.0972493142 0.07350001
v -0.03704557 0.09720163 0.0715
v -0.03704557 0.09720163 0.075500004
v -0.0371164232 0.0970694 0.07350001
v -0.03712997 0.09704912 0.0715
v -0.03723514 0.0969226956 0.07350001
v -0.03712997 0.09704912 0.075500004
v -0.03723514 0.0969226956 0.0715
v -0.03723514 0.0969226956 0.075500004
v -0.03736157 0.0968175158 0.0715
v -0.03736157 0.0968175158 0.075500004
v -0.0373818427 0.09680397 0.07350001
v -0.03751408 0.09673312 0.0715
v -0.03751408 0.09673312 0.075500004
v -0.03751408 0.09673312 0.07350001
v -0.0376614556 0.09668395 0.07350001
v -0.0376871228 0.09667818 0.0715
v -0.03768712 0.09667818 0.075500004
v -0.0378183275 0.0966606662 0.07350001
v -0.03787154 0.09665909 0.0715
v -0.03787154 0.09665909 0.075500004
v -0.03797768 0.09666537 0.07350001
v -0.0380559564 0.09667818 0.0715
v -0.0380559564 0.09667818 0.075500004
v -0.0381321162 0.0966976359 0.07350001
v -0.038229 0.09673312 0.0715
v -0.038229 0.09673312 0.075500004
v -0.0382749848 0.09675458 0.07350001
v -0.03838151 0.0968175158 0.0715
v -0.03838151 0.0968175158 0.075500004
v -0.0384012461 0.0968314856 0.07350001
v -0.0385079347 0.0969226956 0.0715
v -0.0385079347 0.0969226956 0.075500004
v 0.000318855047 0.142076626 0.076000005
v 0.000960862264 0.14250809 0.076000005
v 5.32344E-06 0.1424661 0.075500004
v 0.0009458959 0.142783821 0.07575001
v 0.0007186625 0.142945528 0.075500004
v 0.00170529075 0.142836228 0.076000005
v 0.00154580362 0.1433101 0.075500004
v 0.0018663425 0.143147156 0.07575001
v 0.00252552517 0.143029049 0.076000005
v 0.00245717168 0.143524349 0.075500004
v 0.00287706964 0.143313974 0.07575001
v 0.00338267535 0.143064767 0.076000005
v 0.00340956822 0.143564045 0.075500004
v 0.00391212851 0.143258214 0.07575001
v 0.00423103943 0.142937183 0.076000005
v 0.00435219333 0.143422276 0.075500004
v 0.004899092 0.142983809 0.07575001
v 0.00502581149 0.142657384 0.076000005
v 0.005235277 0.1431114 0.075500004
v 0.005775191 0.142523721 0.07575001
v 0.0057306923 0.1422512 0.076000005
v 0.006499417 0.141930044 0.07575001
v 0.0060184747 0.142660066 0.075500004
v 0.006322641 0.141753256 0.076000005
v 0.006676197 0.142106816 0.075500004
v 0.00682057068 0.141161323 0.076000005
v 0.00722944736 0.1414491 0.075500004
v 0.007093098 0.141205817 0.07575001
v 0.00722675771 0.140456438 0.076000005
v 0.00771626458 0.139846578 0.07575001
v 0.00768077 0.1406659 0.075500004
v 0.00750656053 0.13966167 0.076000005
v 0.00799166 0.139782816 0.075500004
v 0.007634148 0.1388133 0.076000005
v 0.008133423 0.1388402 0.075500004
v 0.007883344 0.138307691 0.07575001
v 0.00759842247 0.137956142 0.076000005
v 0.007556822 0.136821985 0.07575001
v 0.008093726 0.137887791 0.075500004
v 0.00740560144 0.137135908 0.076000005
v 0.007879481 0.136976436 0.075500004
v 0.00707747042 0.136391491 0.076000005
v 0.007514894 0.136149287 0.075500004
v 0.006646 0.135749489 0.076000005
v 0.0070354864 0.135435939 0.075500004
v -0.07447019 0.0546064 0.076000005
v -0.0751092 0.0541298 0.076000005
v -0.0741369352 0.0542336628 0.075500004
v -0.07508488 0.0538530722 0.07575001
v -0.0748469457 0.0537041 0.075500004
v -0.07586377 0.05375735 0.076000005
v -0.07568535 0.05329027 0.075500004
v -0.07602091 0.0534373857 0.07575001
v -0.0767065 0.05352627 0.076000005
v -0.07662172 0.0530335121 0.075500004
v -0.0770632252 0.0532285161 0.07575001
v -0.07759522 0.053462863 0.076000005
v -0.07760918 0.05296306 0.075500004
v -0.0781394541 0.05325859 0.07575001
v -0.07847901 0.0535757951 0.076000005
v -0.07859117 0.0530885346 0.075500004
v -0.07916848 0.0535253361 0.07575001
v -0.07930751 0.0538535826 0.076000005
v -0.07951173 0.05339719 0.075500004
v -0.0800798461 0.05399265 0.07575001
v -0.0800401 0.0542675853 0.076000005
v -0.08082828 0.0546023473 0.07575001
v -0.08032572 0.0538571961 0.075500004
v -0.08065151 0.0547791272 0.076000005
v -0.08100505 0.0544255748 0.075500004
v -0.08116305 0.05539053 0.076000005
v -0.08157344 0.0551049076 0.075500004
v -0.08143798 0.0553507879 0.07575001
v -0.08157705 0.05612312 0.076000005
v -0.082066685 0.05676589 0.07575001
v -0.08203344 0.05591889 0.075500004
v -0.0818548352 0.05695163 0.076000005
v -0.08234209 0.0568394624 0.075500004
v -0.08196777 0.057835415 0.076000005
v -0.08246757 0.05782145 0.075500004
v -0.0822021142 0.0583674051 0.07575001
v -0.08190437 0.05872413 0.076000005
v -0.0818081349 0.0598947257 0.07575001
v -0.08239712 0.05880891 0.075500004
v -0.08167328 0.05956686 0.076000005
v -0.08214036 0.0597452819 0.075500004
v -0.0813008249 0.0603214279 0.076000005
v -0.08172653 0.0605836846 0.075500004
v -0.0808242261 0.0609604344 0.076000005
v -0.08119697 0.0612937 0.075500004
v 0.000960862264 0.14250809 0.076000005
v 0.000318855047 0.142076626 0.076000005
v 0.00170529075 0.142836228 0.076000005
v -0.0190624967 0.118348032 0.076000005
v 0.00252552517 0.143029049 0.076000005
v -0.024082955 0.12054006 0.076000005
v -0.0216271244 0.124410108 0.076000005
v -0.019226104 0.118151367 0.076000005
v -0.0193573851 0.117914125 0.076000005
v -0.0194428414 0.117644951 0.076000005
v -0.0194725469 0.117358081 0.076000005
v -0.0194428414 0.117071204 0.076000005
v -0.0193573851 0.116802029 0.076000005
v -0.019226104 0.116564795 0.076000005
v -0.0190624967 0.11636813 0.076000005
v -0.01418346 0.110640563 0.076000005
v -0.0188658349 0.116204523 0.076000005
v -0.0186285954 0.116073243 0.076000005
v -0.04105352 0.103569493 0.076000005
v -0.01835942 0.115987785 0.076000005
v -0.0449327268 0.101104505 0.076000005
v -0.0180725474 0.11595808 0.076000005
v -0.0177856721 0.115987785 0.076000005
v -0.0175164975 0.116073243 0.076000005
v -0.017279258 0.116204523 0.076000005
v -0.0170825981 0.11636813 0.076000005
v -0.0110205207 0.1138035 0.076000005
v 0.006646 0.135749489 0.076000005
v -0.0808242261 0.0609604344 0.076000005
v 0.00740560144 0.137135908 0.076000005
v 0.00707747042 0.136391491 0.076000005
v 0.00759842247 0.137956142 0.076000005
v 0.00433059037 0.13684094 0.076000005
v 0.007634148 0.1388133 0.076000005
v -0.0169189889 0.116564788 0.076000005
v 0.004625585 0.137086362 0.076000005
v 0.003974732 0.136644021 0.076000005
v 0.00357097015 0.136515841 0.076000005
v -0.0167877078 0.116802029 0.076000005
v 0.00314066187 0.136471286 0.076000005
v -0.0167022534 0.117071204 0.076000005
v 0.00271034986 0.136515841 0.076000005
v -0.0166725479 0.117358081 0.076000005
v 0.00750656053 0.13966167 0.076000005
v 0.00230658613 0.136644021 0.076000005
v -0.0167022534 0.117644951 0.076000005
v -0.0167877078 0.117914125 0.076000005
v 0.00195072219 0.13684094 0.076000005
v -0.0169189889 0.118151367 0.076000005
v 0.004870996 0.137381345 0.076000005
v 0.00506791845 0.137737215 0.076000005
v 0.005196102 0.138140976 0.076000005
v 0.00165573508 0.137086362 0.076000005
v -0.0170825981 0.118348032 0.076000005
v -0.017279258 0.11851164 0.076000005
v 0.0014103204 0.137381345 0.076000005
v -0.0175164975 0.118642919 0.076000005
v 0.00722675771 0.140456438 0.076000005
v 0.00524066 0.138571292 0.076000005
v 0.00519609451 0.1390016 0.076000005
v 0.00121339969 0.137737215 0.076000005
v -0.017785674 0.118728369 0.076000005
v -0.0180725455 0.118758082 0.076000005
v 0.001085218 0.138140976 0.076000005
v -0.01835942 0.118728369 0.076000005
v 0.00104065984 0.138571292 0.076000005
v -0.0186285935 0.118642919 0.076000005
v 0.00108522177 0.1390016 0.076000005
v 0.00682057068 0.141161323 0.076000005
v 0.00506791472 0.139405355 0.076000005
v 0.004870996 0.139761209 0.076000005
v -0.0188658349 0.11851164 0.076000005
v 0.00121339969 0.139405355 0.076000005
v 0.006322641 0.141753256 0.076000005
v 0.004625585 0.140056208 0.076000005
v 0.00433059037 0.140301615 0.076000005
v 0.00141032226 0.139761209 0.076000005
v 0.0057306923 0.1422512 0.076000005
v 0.00397472829 0.140498534 0.076000005
v 0.00357096642 0.140626714 0.076000005
v 0.00338267535 0.143064767 0.076000005
v 0.00165573508 0.140056208 0.076000005
v 0.00502581149 0.142657384 0.076000005
v 0.00314066187 0.140671283 0.076000005
v 0.00271034986 0.140626729 0.076000005
v 0.00423103943 0.142937183 0.076000005
v 0.00195072591 0.140301615 0.076000005
v 0.00230658613 0.140498549 0.076000005
v -0.07447019 0.0546064 0.076000005
v -0.07586377 0.05375735 0.076000005
v -0.0751092 0.0541298 0.076000005
v -0.07573919 0.0567711741 0.076000005
v -0.0767065 0.05352627 0.076000005
v -0.07759522 0.053462863 0.076000005
v -0.0759846 0.056476187 0.076000005
v -0.07847901 0.0535757951 0.076000005
v -0.07627959 0.0562307723 0.076000005
v -0.07663545 0.056033846 0.076000005
v -0.07930751 0.0538535826 0.076000005
v -0.07703921 0.05590567 0.076000005
v -0.07746952 0.05586111 0.076000005
v -0.07789983 0.0559056737 0.076000005
v -0.0800401 0.0542675853 0.076000005
v -0.07830359 0.05603385 0.076000005
v -0.07865945 0.0562307723 0.076000005
v -0.08065151 0.0547791272 0.076000005
v -0.07895445 0.0564761832 0.076000005
v -0.07919986 0.0567711778 0.076000005
v -0.08116305 0.05539053 0.076000005
v -0.0793967843 0.0571270362 0.076000005
v -0.0795249641 0.0575308 0.076000005
v -0.08157705 0.05612312 0.076000005
v -0.07956952 0.05796111 0.076000005
v -0.0795249641 0.058391422 0.076000005
v -0.0793967843 0.05879518 0.076000005
v -0.0818548352 0.05695163 0.076000005
v -0.07919986 0.0591510423 0.076000005
v -0.07895444 0.0594460331 0.076000005
v -0.08196777 0.057835415 0.076000005
v -0.07865946 0.059691444 0.076000005
v -0.08190437 0.05872413 0.076000005
v -0.08167328 0.05956686 0.076000005
v -0.0813008249 0.0603214279 0.076000005
v -0.07830359 0.05988837 0.076000005
v -0.0390250981 0.09835238 0.076000005
v -0.0388614871 0.09854904 0.076000005
v -0.0386648253 0.0987126455 0.076000005
v -0.0384275876 0.0988439247 0.076000005
v -0.0391563773 0.09811514 0.076000005
v -0.07789983 0.06001655 0.076000005
v -0.07746952 0.06006111 0.076000005
v -0.03924183 0.0978459641 0.076000005
v -0.038158413 0.09892938 0.076000005
v -0.07703921 0.0600165464 0.076000005
v -0.0392715372 0.09755909 0.076000005
v -0.03924183 0.09727222 0.076000005
v -0.07663545 0.0598883666 0.076000005
v -0.0391563773 0.09700304 0.076000005
v -0.07627959 0.0596914478 0.076000005
v -0.0390250981 0.0967658 0.076000005
v -0.03787154 0.09895909 0.076000005
v -0.0759846 0.0594460331 0.076000005
v -0.0388614871 0.0965691358 0.076000005
v -0.0386648253 0.09640553 0.076000005
v -0.07573918 0.0591510423 0.076000005
v -0.0384275876 0.09627425 0.076000005
v -0.07554226 0.05879518 0.076000005
v -0.03815841 0.0961888 0.076000005
v -0.0375846624 0.09892938 0.076000005
v -0.0754140839 0.05839142 0.076000005
v -0.03787154 0.0961590856 0.076000005
v -0.0375846624 0.0961888 0.076000005
v -0.07536952 0.05796111 0.076000005
v -0.0373154879 0.0988439247 0.076000005
v -0.03707825 0.0987126455 0.076000005
v -0.03688159 0.09854904 0.076000005
v -0.0311540235 0.09367 0.076000005
v -0.03671798 0.09835237 0.076000005
v -0.0365867019 0.09811514 0.076000005
v -0.03731549 0.09627425 0.076000005
v -0.07541408 0.057530798 0.076000005
v -0.0365012437 0.0978459641 0.076000005
v -0.0755422562 0.0571270362 0.076000005
v -0.03647154 0.09755909 0.076000005
v -0.0365012437 0.09727222 0.076000005
v -0.0365867019 0.09700304 0.076000005
v -0.03671798 0.0967658 0.076000005
v -0.03688159 0.0965691358 0.076000005
v -0.0343261249 0.0904978961 0.076000005
v -0.03707825 0.09640553 0.076000005
v -0.07633816 0.059092477 0.075500004
v -0.07615118 0.0588677227 0.075500004
v -0.0759846 0.0594460331 0.076000005
v -0.07581581 0.0587904081 0.07575001
v -0.07600114 0.0585965924 0.075500004
v -0.07573918 0.0591510423 0.076000005
v -0.07554226 0.05879518 0.076000005
v -0.0759034753 0.05828896 0.075500004
v -0.0754140839 0.05839142 0.076000005
v -0.07563244 0.05817928 0.07575001
v -0.0758695155 0.0579611138 0.075500004
v -0.07567063 0.0575292744 0.07575001
v -0.07536952 0.05796111 0.076000005
v -0.0759034753 0.05763325 0.075500004
v -0.07541408 0.057530798 0.076000005
v -0.07600114 0.05732562 0.075500004
v -0.0755422562 0.0571270362 0.076000005
v -0.07591735 0.0569545142 0.07575001
v -0.07615117 0.0570544936 0.075500004
v -0.07616137 0.0566529632 0.07575001
v -0.07573919 0.0567711741 0.076000005
v -0.07633815 0.05682974 0.075500004
v -0.0759846 0.056476187 0.076000005
v -0.07656291 0.0566427559 0.075500004
v -0.07627959 0.0562307723 0.076000005
v -0.0764629245 0.0564089268 0.07575001
v -0.07683404 0.05649272 0.075500004
v -0.07663545 0.056033846 0.076000005
v -0.0768327639 0.056224145 0.07575001
v -0.07714167 0.0563950539 0.075500004
v -0.07703921 0.05590567 0.076000005
v -0.0772513449 0.05612402 0.07575001
v -0.07746953 0.0563611053 0.075500004
v -0.07746952 0.05586111 0.076000005
v -0.0776876956 0.05612402 0.07575001
v -0.07779738 0.0563950539 0.075500004
v -0.07789983 0.0559056737 0.076000005
v -0.0781062841 0.05622415 0.07575001
v -0.078105 0.0564927235 0.075500004
v -0.07830359 0.05603385 0.076000005
v -0.0784761161 0.0564089268 0.07575001
v -0.0783761442 0.0566427559 0.075500004
v -0.07865945 0.0562307723 0.076000005
v -0.07860089 0.0568297431 0.075500004
v -0.07895445 0.0564761832 0.076000005
v -0.01743615 0.117994472 0.075500004
v -0.0173309743 0.117868051 0.075500004
v -0.0170825981 0.118348032 0.076000005
v -0.0170445666 0.117873594 0.07575001
v -0.0172465779 0.117715538 0.075500004
v -0.0169189889 0.118151367 0.076000005
v -0.0167877078 0.117914125 0.076000005
v -0.0171916448 0.1175425 0.075500004
v -0.0167022534 0.117644951 0.076000005
v -0.0169305727 0.117493704 0.07575001
v -0.0171725452 0.117358081 0.075500004
v -0.0169543158 0.117089644 0.07575001
v -0.0166725479 0.117358081 0.076000005
v -0.0171916448 0.117173657 0.075500004
v -0.0167022534 0.117071204 0.076000005
v -0.0172465779 0.117000617 0.075500004
v -0.0167877078 0.116802029 0.076000005
v -0.0171076767 0.116732359 0.07575001
v -0.0173309743 0.116848111 0.075500004
v -0.0172593743 0.1165449 0.07575001
v -0.0169189889 0.116564788 0.076000005
v -0.01743615 0.116721682 0.075500004
v -0.0170825981 0.11636813 0.076000005
v -0.0175625756 0.11661651 0.075500004
v -0.017279258 0.116204523 0.076000005
v -0.0174468271 0.116393209 0.07575001
v -0.0177150872 0.11653211 0.075500004
v -0.0175164975 0.116073243 0.076000005
v -0.0176767223 0.11627835 0.07575001
v -0.0178881288 0.116477177 0.075500004
v -0.0177856721 0.115987785 0.076000005
v -0.0179369226 0.116216108 0.07575001
v -0.0180725474 0.116458081 0.075500004
v -0.0180725474 0.11595808 0.076000005
v -0.01820817 0.116216108 0.07575001
v -0.018256966 0.116477177 0.075500004
v -0.01835942 0.115987785 0.076000005
v -0.0184683688 0.116278343 0.07575001
v -0.0184300058 0.11653211 0.075500004
v -0.0186285954 0.116073243 0.076000005
v -0.0186982676 0.116393209 0.07575001
v -0.0185825173 0.11661651 0.075500004
v -0.0188658349 0.116204523 0.076000005
v -0.0187089443 0.116721682 0.075500004
v -0.0190624967 0.11636813 0.076000005
v 0.00427203253 0.139702648 0.075500004
v 0.004459005 0.1394779 0.075500004
v 0.004625585 0.140056208 0.076000005
v 0.004794374 0.139400586 0.07575001
v 0.00460904837 0.139206767 0.075500004
v 0.004870996 0.139761209 0.076000005
v 0.00506791472 0.139405355 0.076000005
v 0.00470671058 0.138899148 0.075500004
v 0.00519609451 0.1390016 0.076000005
v 0.00497775152 0.13878946 0.07575001
v 0.004740659 0.138571277 0.075500004
v 0.0049395524 0.138139442 0.07575001
v 0.00524066 0.138571292 0.076000005
v 0.00470671058 0.138243422 0.075500004
v 0.005196102 0.138140976 0.076000005
v 0.00460904837 0.1379358 0.075500004
v 0.00506791845 0.137737215 0.076000005
v 0.00469284132 0.137564689 0.07575001
v 0.00445900857 0.137664661 0.075500004
v 0.004448805 0.137263134 0.07575001
v 0.004870996 0.137381345 0.076000005
v 0.004272029 0.1374399 0.075500004
v 0.004625585 0.137086362 0.076000005
v 0.00404727459 0.137252927 0.075500004
v 0.00433059037 0.13684094 0.076000005
v 0.004147254 0.1370191 0.07575001
v 0.00377614424 0.1371029 0.075500004
v 0.003974732 0.136644021 0.076000005
v 0.00377741829 0.136834323 0.07575001
v 0.00346851349 0.13700524 0.075500004
v 0.00357097015 0.136515841 0.076000005
v 0.00335883722 0.136734188 0.07575001
v 0.00314065628 0.13697128 0.075500004
v 0.00314066187 0.136471286 0.076000005
v 0.00292248279 0.136734188 0.07575001
v 0.00281280465 0.13700524 0.075500004
v 0.00271034986 0.136515841 0.076000005
v 0.00250390172 0.136834323 0.07575001
v 0.00250517577 0.1371029 0.075500004
v 0.00230658613 0.136644021 0.076000005
v 0.00213406421 0.1370191 0.07575001
v 0.00223404355 0.137252927 0.075500004
v 0.00195072219 0.13684094 0.076000005
v 0.00200928748 0.1374399 0.075500004
v 0.00165573508 0.137086362 0.076000005
v -0.03723514 0.0981954858 0.075500004
v -0.03712997 0.09806906 0.075500004
v -0.03688159 0.09854904 0.076000005
v -0.03684356 0.0980746 0.07575001
v -0.037045572 0.09791655 0.075500004
v -0.03671798 0.09835237 0.076000005
v -0.0365867019 0.09811514 0.076000005
v -0.0369906351 0.09774351 0.075500004
v -0.0365012437 0.0978459641 0.076000005
v -0.0367295668 0.09769471 0.07575001
v -0.03697154 0.09755909 0.075500004
v -0.036753308 0.09729065 0.07575001
v -0.03647154 0.09755909 0.076000005
v -0.0369906351 0.09737467 0.075500004
v -0.0365012437 0.09727222 0.076000005
v -0.03704557 0.09720163 0.075500004
v -0.0365867019 0.09700304 0.076000005
v -0.0369066671 0.0969333649 0.07575001
v -0.03712997 0.09704912 0.075500004
v -0.03705837 0.0967459157 0.07575001
v -0.03671798 0.0967658 0.076000005
v -0.03723514 0.0969226956 0.075500004
v -0.03688159 0.0965691358 0.076000005
v -0.03736157 0.0968175158 0.075500004
v -0.03707825 0.09640553 0.076000005
v -0.0372458175 0.0965942144 0.07575001
v -0.03751408 0.09673312 0.075500004
v -0.03731549 0.09627425 0.076000005
v -0.0374757163 0.09647936 0.07575001
v -0.03768712 0.09667818 0.075500004
v -0.0375846624 0.0961888 0.076000005
v -0.0377359167 0.0964171141 0.07575001
v -0.03787154 0.09665909 0.075500004
v -0.03787154 0.0961590856 0.076000005
v -0.0380071625 0.0964171141 0.07575001
v -0.0380559564 0.09667818 0.075500004
v -0.03815841 0.0961888 0.076000005
v -0.0382673629 0.09647936 0.07575001
v -0.038229 0.09673312 0.075500004
v -0.0384275876 0.09627425 0.076000005
v -0.038497258 0.09659422 0.07575001
v -0.03838151 0.0968175158 0.075500004
v -0.0386648253 0.09640553 0.076000005
v -0.0385079347 0.0969226956 0.075500004
v -0.0388614871 0.0965691358 0.076000005
v -0.05405969 0.07218407 0.07350001
v -0.0741369352 0.0542336628 0.075500004
v -0.0741369352 0.0542336628 0.0715
v -0.033982452 0.0901344642 0.0715
v -0.033982452 0.0901344642 0.075500004
v -0.0322146825 0.09190223 0.07350001
v -0.033982452 0.0901344642 0.075500004
v -0.033982452 0.0901344642 0.0715
v -0.0304469168 0.09367 0.0715
v -0.0304469168 0.09367 0.075500004
v -0.0353966653 0.09861975 0.07350001
v -0.0304469168 0.09367 0.075500004
v -0.0304469168 0.09367 0.0715
v -0.0403464139 0.1035695 0.0715
v -0.0403464139 0.1035695 0.075500004
v -0.0124156922 0.111701228 0.07350001
v -0.01418346 0.109933458 0.075500004
v -0.01418346 0.109933458 0.0715
v -0.0106479246 0.11346899 0.0715
v -0.0106479246 0.11346899 0.075500004
v -0.0191332065 0.114883207 0.07350001
v -0.024082955 0.119832955 0.075500004
v -0.024082955 0.119832955 0.0715
v -0.01418346 0.109933458 0.0715
v -0.01418346 0.109933458 0.075500004
v -0.0322146825 0.111701228 0.07350001
v -0.0403464139 0.1035695 0.075500004
v -0.0403464139 0.1035695 0.0715
v -0.024082955 0.119832955 0.0715
v -0.024082955 0.119832955 0.075500004
v -0.0630601943 0.08120431 0.07575001
v -0.08119697 0.0612937 0.075500004
v -0.0808242261 0.0609604344 0.076000005
v -0.0449327268 0.101104505 0.076000005
v -0.0452961624 0.101448178 0.075500004
v -0.054226324 0.07237044 0.07575
v -0.0741369352 0.0542336628 0.075500004
v -0.033982452 0.0901344642 0.075500004
v -0.0343261249 0.0904978961 0.076000005
v -0.07447019 0.0546064 0.076000005
v -0.03345212 0.112938665 0.07575001
v -0.0216271244 0.124410108 0.076000005
v -0.0219616331 0.124782704 0.075500004
v -0.0452961624 0.101448178 0.075500004
v -0.0449327268 0.101104505 0.076000005
v -0.0191332083 0.115236759 0.07575001
v -0.01418346 0.109933458 0.075500004
v -0.01418346 0.110640563 0.076000005
v -0.024082955 0.12054006 0.076000005
v -0.024082955 0.119832955 0.075500004
v -0.00200095959 0.124609232 0.07575
v 0.0070354864 0.135435939 0.075500004
v 0.006646 0.135749489 0.076000005
v -0.0110205207 0.1138035 0.076000005
v -0.0106479246 0.11346899 0.075500004
v -0.0108213872 0.133429661 0.07575001
v 5.32344E-06 0.1424661 0.075500004
v -0.0219616331 0.124782704 0.075500004
v -0.0216271244 0.124410108 0.076000005
v 0.000318855047 0.142076626 0.076000005
v -0.0125924684 0.111878 0.07575
v -0.0106479246 0.11346899 0.075500004
v -0.0110205207 0.1138035 0.076000005
v -0.01418346 0.110640563 0.076000005
v -0.01418346 0.109933458 0.075500004
v -0.0403464139 0.1035695 0.075500004
v -0.03239146 0.111878 0.07575001
v -0.04105352 0.103569493 0.076000005
v -0.024082955 0.119832955 0.075500004
v -0.024082955 0.12054006 0.076000005
v -0.0304469168 0.09367 0.075500004
v -0.0357502177 0.09861975 0.07575001
v -0.0311540235 0.09367 0.076000005
v -0.0403464139 0.1035695 0.075500004
v -0.04105352 0.103569493 0.076000005
v -0.0018062219 0.124452472 0.07350001
v -0.0106479246 0.11346899 0.0715
v 0.0070354864 0.135435939 0.0715
v 0.0070354864 0.135435939 0.075500004
v -0.0106479246 0.11346899 0.075500004
v -0.0109781567 0.1336244 0.07350001
v 5.32344E-06 0.1424661 0.0715
v -0.0219616331 0.124782704 0.0715
v -0.0219616331 0.124782704 0.075500004
v 5.32344E-06 0.1424661 0.075500004
v -0.0336288959 0.113115437 0.07350001
v -0.0219616331 0.124782704 0.0715
v -0.0452961624 0.101448178 0.0715
v -0.0452961624 0.101448178 0.075500004
v -0.0219616331 0.124782704 0.075500004
v -0.06324656 0.0813709348 0.07350001
v -0.0452961624 0.101448178 0.0715
v -0.08119697 0.0612937 0.0715
v -0.08119697 0.0612937 0.075500004
v -0.0452961624 0.101448178 0.075500004
v -0.054226324 0.07237044 0.07125001
v -0.0741369352 0.0542336628 0.0715
v -0.0744702 0.0546064 0.071
v -0.0343261249 0.0904978961 0.071
v -0.033982452 0.0901344642 0.0715
v -0.0357502177 0.09861975 0.07125001
v -0.04105352 0.103569493 0.071
v -0.0403464139 0.1035695 0.0715
v -0.0304469168 0.09367 0.0715
v -0.0311540235 0.09367 0.071
v -0.03239146 0.111878 0.07125001
v -0.024082955 0.12054006 0.071
v -0.024082955 0.119832955 0.0715
v -0.0403464139 0.1035695 0.0715
v -0.04105352 0.103569493 0.071
v -0.010821389 0.133429661 0.07125001
v 5.32344E-06 0.1424661 0.0715
v 0.000318853185 0.142076626 0.071
v -0.0216271244 0.124410108 0.071
v -0.0219616331 0.124782704 0.0715
v -0.0191332083 0.115236759 0.07125001
v -0.01418346 0.110640563 0.071
v -0.01418346 0.109933458 0.0715
v -0.024082955 0.119832955 0.0715
v -0.024082955 0.12054006 0.071
v -0.0106479246 0.11346899 0.0715
v -0.0125924684 0.111878 0.07125001
v -0.0110205226 0.1138035 0.071
v -0.01418346 0.109933458 0.0715
v -0.01418346 0.110640563 0.071
v -0.0452961624 0.101448178 0.0715
v -0.0334521234 0.112938665 0.07125001
v -0.0449327268 0.101104505 0.071
v -0.0219616331 0.124782704 0.0715
v -0.0216271244 0.124410108 0.071
v -0.033982452 0.0901344642 0.075500004
v -0.0323914625 0.09207901 0.07575
v -0.0343261249 0.0904978961 0.076000005
v -0.0304469168 0.09367 0.075500004
v -0.0311540235 0.09367 0.076000005
v -0.0110205226 0.1138035 0.071
v -0.00200096145 0.124609232 0.07125001
v -0.0106479246 0.11346899 0.0715
v 0.006646 0.135749489 0.071
v 0.0070354864 0.135435939 0.0715
v -0.0449327268 0.101104505 0.071
v -0.0630601943 0.08120431 0.07125001
v -0.0452961624 0.101448178 0.0715
v -0.0808242261 0.0609604344 0.071
v -0.08119697 0.0612937 0.0715
v -0.0304469168 0.09367 0.0715
v -0.0323914625 0.09207901 0.07125001
v -0.0311540235 0.09367 0.071
v -0.033982452 0.0901344642 0.0715
v -0.0343261249 0.0904978961 0.071
f 1 2 3
f 2 4 3
f 3 4 5
f 2 6 4
f 4 7 5
f 6 8 4
f 4 8 7
f 6 9 8
f 8 10 7
f 9 11 8
f 8 11 10
f 9 12 11
f 11 13 10
f 12 14 11
f 11 14 13
f 12 15 14
f 14 16 13
f 15 17 14
f 14 17 16
f 15 18 17
f 17 19 16
f 18 20 17
f 17 20 19
f 18 21 20
f 21 22 20
f 20 23 19
f 20 22 23
f 21 24 22
f 22 25 23
f 24 26 22
f 22 27 25
f 26 28 22
f 22 28 27
f 26 29 28
f 29 30 28
f 28 31 27
f 28 30 31
f 29 32 30
f 30 33 31
f 32 34 30
f 30 35 33
f 34 36 30
f 30 36 35
f 34 37 36
f 37 38 36
f 36 39 35
f 36 38 39
f 37 40 38
f 38 41 39
f 40 42 38
f 38 43 41
f 42 44 38
f 44 43 38
f 44 45 43
f 46 47 48
f 47 49 48
f 48 49 50
f 47 51 49
f 49 52 50
f 51 53 49
f 49 53 52
f 51 54 53
f 53 55 52
f 54 56 53
f 53 56 55
f 54 57 56
f 56 58 55
f 57 59 56
f 56 59 58
f 57 60 59
f 59 61 58
f 60 62 59
f 59 62 61
f 60 63 62
f 62 64 61
f 63 65 62
f 62 65 64
f 63 66 65
f 66 67 65
f 65 68 64
f 65 67 68
f 66 69 67
f 67 70 68
f 69 71 67
f 67 72 70
f 71 73 67
f 67 73 72
f 71 74 73
f 74 75 73
f 73 76 72
f 73 75 76
f 74 77 75
f 75 78 76
f 77 79 75
f 75 80 78
f 79 81 75
f 75 81 80
f 79 82 81
f 82 83 81
f 81 84 80
f 81 83 84
f 82 85 83
f 83 86 84
f 85 87 83
f 83 88 86
f 87 89 83
f 89 88 83
f 89 90 88
f 91 92 93
f 92 94 93
f 93 94 95
f 92 96 94
f 94 97 95
f 96 98 94
f 94 98 97
f 96 99 98
f 98 100 97
f 99 101 98
f 98 101 100
f 99 102 101
f 101 103 100
f 102 104 101
f 101 104 103
f 102 105 104
f 104 106 103
f 105 107 104
f 104 107 106
f 105 108 107
f 107 109 106
f 108 110 107
f 107 110 109
f 108 111 110
f 111 112 110
f 110 113 109
f 110 112 113
f 111 114 112
f 112 115 113
f 114 116 112
f 112 117 115
f 116 118 112
f 112 118 117
f 116 119 118
f 119 120 118
f 118 121 117
f 118 120 121
f 119 122 120
f 120 123 121
f 122 124 120
f 120 125 123
f 124 126 120
f 120 126 125
f 124 127 126
f 127 128 126
f 126 129 125
f 126 128 129
f 127 130 128
f 128 131 129
f 130 132 128
f 128 133 131
f 132 134 128
f 134 133 128
f 134 135 133
f 136 137 138
f 137 139 138
f 138 139 140
f 137 141 139
f 139 142 140
f 141 143 139
f 139 143 142
f 141 144 143
f 143 145 142
f 144 146 143
f 143 146 145
f 144 147 146
f 146 148 145
f 147 149 146
f 146 149 148
f 147 150 149
f 149 151 148
f 150 152 149
f 149 152 151
f 150 153 152
f 152 154 151
f 153 155 152
f 152 155 154
f 153 156 155
f 156 157 155
f 155 158 154
f 155 157 158
f 156 159 157
f 157 160 158
f 159 161 157
f 157 162 160
f 161 163 157
f 157 163 162
f 161 164 163
f 164 165 163
f 163 166 162
f 163 165 166
f 164 167 165
f 165 168 166
f 167 169 165
f 165 170 168
f 169 171 165
f 165 171 170
f 169 172 171
f 172 173 171
f 171 174 170
f 171 173 174
f 172 175 173
f 173 176 174
f 175 177 173
f 173 178 176
f 177 179 173
f 179 178 173
f 179 180 178
f 181 182 183
f 182 184 183
f 183 184 185
f 182 186 184
f 184 187 185
f 186 188 184
f 184 188 187
f 186 189 188
f 188 190 187
f 189 191 188
f 188 191 190
f 189 192 191
f 191 193 190
f 192 194 191
f 191 194 193
f 192 195 194
f 194 196 193
f 195 197 194
f 194 197 196
f 195 198 197
f 197 199 196
f 198 200 197
f 197 200 199
f 198 201 200
f 201 202 200
f 200 203 199
f 200 202 203
f 201 204 202
f 202 205 203
f 204 206 202
f 202 207 205
f 206 208 202
f 202 208 207
f 206 209 208
f 209 210 208
f 208 211 207
f 208 210 211
f 209 212 210
f 210 213 211
f 212 214 210
f 210 215 213
f 214 216 210
f 210 216 215
f 214 217 216
f 217 218 216
f 216 219 215
f 216 218 219
f 217 220 218
f 218 221 219
f 220 222 218
f 218 223 221
f 222 224 218
f 224 223 218
f 224 225 223
f 226 227 228
f 226 228 229
f 230 226 229
f 229 228 231
f 232 230 229
f 229 231 233
f 234 232 229
f 235 229 233
f 234 229 235
f 235 233 236
f 237 235 236
f 238 234 235
f 238 235 237
f 237 236 239
f 240 238 237
f 237 239 241
f 242 240 237
f 243 237 241
f 242 237 243
f 243 241 244
f 245 243 244
f 246 242 243
f 246 243 245
f 245 244 247
f 248 246 245
f 245 247 249
f 250 248 245
f 251 245 249
f 250 245 251
f 251 249 252
f 253 250 251
f 254 251 252
f 253 251 254
f 254 252 255
f 256 253 254
f 257 254 255
f 256 254 257
f 257 255 258
f 259 256 257
f 260 257 258
f 259 257 260
f 260 258 261
f 262 259 260
f 263 260 261
f 262 260 263
f 263 261 264
f 265 262 263
f 266 263 264
f 265 263 266
f 266 264 267
f 268 265 266
f 269 266 267
f 268 266 269
f 270 268 269
f 269 271 270
f 271 272 270
f 271 273 272
f 270 272 274
f 272 275 274
f 273 276 272
f 272 277 275
f 276 278 272
f 272 278 277
f 276 279 278
f 279 280 278
f 278 281 277
f 278 280 281
f 279 282 280
f 280 283 281
f 282 284 280
f 280 285 283
f 284 286 280
f 280 286 285
f 284 287 286
f 287 288 286
f 286 289 285
f 286 288 289
f 287 290 288
f 288 291 289
f 290 292 288
f 288 293 291
f 292 294 288
f 288 294 293
f 292 295 294
f 294 296 293
f 295 297 294
f 294 297 296
f 295 298 297
f 297 299 296
f 298 300 297
f 297 300 299
f 298 301 300
f 300 302 299
f 301 303 300
f 300 303 302
f 301 304 303
f 303 305 302
f 304 306 303
f 303 306 305
f 304 307 306
f 306 308 305
f 307 309 306
f 306 309 308
f 307 310 309
f 309 311 308
f 310 312 309
f 312 311 309
f 312 313 311
f 314 315 316
f 315 317 316
f 316 317 318
f 315 319 317
f 317 320 318
f 319 321 317
f 317 321 320
f 319 322 321
f 321 323 320
f 322 324 321
f 321 324 323
f 322 325 324
f 324 326 323
f 325 327 324
f 324 327 326
f 325 328 327
f 327 329 326
f 328 330 327
f 327 330 329
f 328 331 330
f 330 332 329
f 331 333 330
f 330 333 332
f 331 334 333
f 334 335 333
f 333 336 332
f 333 335 336
f 334 337 335
f 335 338 336
f 337 339 335
f 335 340 338
f 339 341 335
f 335 341 340
f 339 342 341
f 342 343 341
f 341 344 340
f 341 343 344
f 342 345 343
f 343 346 344
f 345 347 343
f 343 348 346
f 347 349 343
f 343 349 348
f 347 350 349
f 350 351 349
f 349 352 348
f 349 351 352
f 350 353 351
f 351 354 352
f 353 355 351
f 351 356 354
f 355 357 351
f 357 356 351
f 357 358 356
f 359 360 361
f 360 362 361
f 361 362 363
f 360 364 362
f 362 365 363
f 364 366 362
f 362 366 365
f 364 367 366
f 366 368 365
f 367 369 366
f 366 369 368
f 367 370 369
f 369 371 368
f 370 372 369
f 369 372 371
f 370 373 372
f 372 374 371
f 373 375 372
f 372 375 374
f 373 376 375
f 375 377 374
f 376 378 375
f 375 378 377
f 376 379 378
f 379 380 378
f 378 381 377
f 378 380 381
f 379 382 380
f 380 383 381
f 382 384 380
f 380 385 383
f 384 386 380
f 380 386 385
f 384 387 386
f 387 388 386
f 386 389 385
f 386 388 389
f 387 390 388
f 388 391 389
f 390 392 388
f 388 393 391
f 392 394 388
f 388 394 393
f 392 395 394
f 395 396 394
f 394 397 393
f 394 396 397
f 395 398 396
f 396 399 397
f 398 400 396
f 396 401 399
f 400 402 396
f 402 401 396
f 402 403 401
f 404 405 406
f 405 407 406
f 405 408 407
f 406 407 409
f 407 410 409
f 408 411 407
f 407 412 410
f 411 413 407
f 407 413 412
f 411 414 413
f 414 415 413
f 413 416 412
f 413 415 416
f 414 417 415
f 415 418 416
f 417 419 415
f 415 420 418
f 419 421 415
f 415 421 420
f 419 422 421
f 422 423 421
f 421 424 420
f 421 423 424
f 422 425 423
f 423 426 424
f 425 427 423
f 423 428 426
f 427 429 423
f 423 429 428
f 427 430 429
f 429 431 428
f 430 432 429
f 429 432 431
f 430 433 432
f 432 434 431
f 433 435 432
f 432 435 434
f 433 436 435
f 435 437 434
f 436 438 435
f 435 438 437
f 436 439 438
f 438 440 437
f 439 441 438
f 438 441 440
f 439 442 441
f 441 443 440
f 442 444 441
f 441 444 443
f 442 445 444
f 444 446 443
f 445 447 444
f 447 446 444
f 447 448 446
f 449 450 451
f 450 452 451
f 450 453 452
f 451 452 454
f 452 455 454
f 453 456 452
f 452 457 455
f 456 458 452
f 452 458 457
f 456 459 458
f 459 460 458
f 458 461 457
f 458 460 461
f 459 462 460
f 460 463 461
f 462 464 460
f 460 465 463
f 464 466 460
f 460 466 465
f 464 467 466
f 467 468 466
f 466 469 465
f 466 468 469
f 467 470 468
f 468 471 469
f 470 472 468
f 468 473 471
f 472 474 468
f 468 474 473
f 472 475 474
f 474 476 473
f 475 477 474
f 474 477 476
f 475 478 477
f 477 479 476
f 478 480 477
f 477 480 479
f 478 481 480
f 480 482 479
f 481 483 480
f 480 483 482
f 481 484 483
f 483 485 482
f 484 486 483
f 483 486 485
f 484 487 486
f 486 488 485
f 487 489 486
f 486 489 488
f 487 490 489
f 489 491 488
f 490 492 489
f 492 491 489
f 492 493 491
f 494 495 496
f 494 496 497
f 498 494 497
f 499 497 496
f 498 497 500
f 497 499 501
f 497 501 500
f 499 502 501
f 500 501 503
f 502 504 501
f 501 504 503
f 502 505 504
f 503 504 506
f 505 507 504
f 504 507 506
f 505 508 507
f 506 507 509
f 508 510 507
f 507 510 509
f 508 511 510
f 509 510 512
f 511 513 510
f 510 513 512
f 511 514 513
f 514 515 513
f 512 513 516
f 513 515 516
f 514 517 515
f 516 515 518
f 517 519 515
f 515 520 518
f 519 521 515
f 515 521 520
f 519 522 521
f 521 523 520
f 522 524 521
f 521 524 523
f 522 525 524
f 525 523 524
f 526 525 522
f 525 527 523
f 528 525 526
f 525 528 527
f 529 528 526
f 528 530 527
f 531 528 529
f 528 531 530
f 532 531 529
f 531 533 530
f 534 531 532
f 531 534 533
f 535 534 532
f 534 536 533
f 537 534 535
f 534 537 536
f 538 537 535
f 537 539 536
f 540 537 538
f 537 540 539
f 541 540 538
f 540 542 539
f 540 541 542
f 543 544 545
f 543 545 546
f 547 543 546
f 548 546 545
f 547 546 549
f 546 548 550
f 546 550 549
f 548 551 550
f 549 550 552
f 551 553 550
f 550 553 552
f 551 554 553
f 552 553 555
f 554 556 553
f 553 556 555
f 554 557 556
f 555 556 558
f 557 559 556
f 556 559 558
f 557 560 559
f 558 559 561
f 560 562 559
f 559 562 561
f 560 563 562
f 563 564 562
f 561 562 565
f 562 564 565
f 563 566 564
f 565 564 567
f 566 568 564
f 564 569 567
f 568 570 564
f 564 570 569
f 568 571 570
f 570 572 569
f 571 573 570
f 570 573 572
f 571 574 573
f 574 572 573
f 575 574 571
f 574 576 572
f 577 574 575
f 574 577 576
f 578 577 575
f 577 579 576
f 580 577 578
f 577 580 579
f 581 580 578
f 580 582 579
f 583 580 581
f 580 583 582
f 584 583 581
f 583 585 582
f 586 583 584
f 583 586 585
f 587 586 584
f 586 588 585
f 589 586 587
f 586 589 588
f 590 589 587
f 589 591 588
f 589 590 591
f 592 593 594
f 595 592 594
f 595 594 596
f 597 595 596
f 595 597 598
f 597 599 598
f 597 600 599
f 600 597 601
f 597 602 601
f 597 603 602
f 603 597 604
f 597 605 604
f 597 606 605
f 606 607 605
f 606 608 607
f 608 606 609
f 606 610 609
f 606 611 610
f 611 606 612
f 606 613 612
f 606 614 613
f 614 606 615
f 606 616 615
f 606 617 616
f 617 618 616
f 617 619 618
f 614 615 620
f 615 621 620
f 614 620 622
f 623 614 622
f 623 622 624
f 614 623 625
f 626 623 624
f 625 623 627
f 625 627 628
f 629 625 628
f 629 628 630
f 631 629 630
f 631 630 632
f 633 631 632
f 626 624 634
f 633 632 635
f 636 633 635
f 637 636 635
f 637 635 638
f 639 637 638
f 640 626 634
f 641 640 634
f 642 641 634
f 639 638 643
f 644 639 643
f 645 644 643
f 645 643 646
f 647 645 646
f 642 634 648
f 649 642 648
f 650 649 648
f 647 646 651
f 652 647 651
f 653 652 651
f 653 651 654
f 655 653 654
f 655 654 656
f 657 655 656
f 657 656 658
f 650 648 659
f 660 650 659
f 661 660 659
f 662 657 658
f 662 658 663
f 661 659 664
f 665 661 664
f 666 665 664
f 662 663 667
f 666 664 668
f 669 666 668
f 670 669 668
f 670 668 671
f 672 670 671
f 673 672 671
f 673 671 674
f 675 673 674
f 676 675 674
f 677 676 674
f 677 674 678
f 667 677 678
f 595 662 667
f 679 667 678
f 595 667 679
f 592 595 679
f 680 619 681
f 619 682 681
f 681 682 683
f 682 684 683
f 682 685 684
f 685 686 684
f 685 687 686
f 687 688 686
f 688 689 686
f 688 690 689
f 690 691 689
f 691 692 689
f 692 693 689
f 692 694 693
f 694 695 693
f 695 696 693
f 695 697 696
f 697 698 696
f 698 699 696
f 698 700 699
f 700 701 699
f 701 702 699
f 701 703 702
f 703 704 702
f 704 705 702
f 705 706 702
f 705 707 706
f 707 708 706
f 708 709 706
f 708 710 709
f 710 711 709
f 710 712 711
f 712 710 713
f 714 712 713
f 713 710 715
f 713 715 716
f 717 713 716
f 716 718 717
f 718 719 717
f 718 720 719
f 720 721 719
f 716 715 722
f 722 715 723
f 722 723 724
f 725 722 724
f 721 726 719
f 725 724 727
f 728 725 727
f 729 728 727
f 729 727 730
f 731 729 730
f 731 730 732
f 733 731 732
f 726 734 719
f 732 735 733
f 735 736 733
f 735 737 736
f 737 735 738
f 739 737 738
f 739 738 740
f 741 739 740
f 734 742 719
f 741 740 743
f 744 741 743
f 745 744 743
f 745 743 746
f 742 747 719
f 747 748 719
f 748 749 719
f 749 617 719
f 749 750 617
f 750 751 617
f 751 752 617
f 753 745 746
f 753 746 754
f 752 755 617
f 753 754 756
f 755 757 617
f 757 758 617
f 758 759 617
f 759 760 617
f 760 761 617
f 761 753 756
f 761 619 617
f 761 756 619
f 619 756 682
f 762 763 764
f 763 765 764
f 763 766 765
f 764 765 767
f 765 768 767
f 766 769 765
f 765 770 768
f 769 771 765
f 765 771 770
f 769 772 771
f 772 773 771
f 771 774 770
f 771 773 774
f 772 775 773
f 773 776 774
f 775 777 773
f 773 778 776
f 777 779 773
f 773 779 778
f 777 780 779
f 780 781 779
f 779 782 778
f 779 781 782
f 780 783 781
f 781 784 782
f 783 785 781
f 781 786 784
f 785 787 781
f 781 787 786
f 785 788 787
f 787 789 786
f 788 790 787
f 787 790 789
f 788 791 790
f 790 792 789
f 791 793 790
f 790 793 792
f 791 794 793
f 793 795 792
f 794 796 793
f 793 796 795
f 794 797 796
f 796 798 795
f 797 799 796
f 796 799 798
f 797 800 799
f 799 801 798
f 800 802 799
f 799 802 801
f 800 803 802
f 802 804 801
f 803 805 802
f 805 804 802
f 805 806 804
f 807 808 809
f 807 809 810
f 811 807 810
f 810 809 812
f 813 811 810
f 814 810 812
f 813 810 814
f 814 812 815
f 816 813 814
f 817 814 815
f 816 814 817
f 817 815 818
f 819 816 817
f 820 817 818
f 819 817 820
f 820 818 821
f 822 819 820
f 823 820 821
f 822 820 823
f 823 821 824
f 825 822 823
f 826 823 824
f 825 823 826
f 826 824 827
f 828 826 827
f 829 825 826
f 829 826 828
f 828 827 830
f 831 829 828
f 832 828 830
f 833 831 828
f 834 828 832
f 833 828 834
f 835 834 832
f 836 833 834
f 837 834 835
f 837 836 834
f 838 837 835
f 837 838 836
f 838 835 839
f 838 840 836
f 841 838 839
f 838 841 840
f 841 839 842
f 841 843 840
f 844 841 842
f 841 844 843
f 844 842 845
f 844 846 843
f 847 844 845
f 844 847 846
f 847 845 848
f 847 849 846
f 850 847 848
f 847 850 849
f 850 848 851
f 850 852 849
f 853 850 851
f 850 853 852
f 853 851 854
f 852 853 855
f 853 854 855
f 854 856 855
f 856 857 855
f 855 857 858
f 856 859 857
f 857 860 858
f 859 861 857
f 857 861 860
f 859 862 861
f 861 863 860
f 862 864 861
f 861 864 863
f 862 865 864
f 864 866 863
f 865 867 864
f 864 867 866
f 865 868 867
f 867 869 866
f 868 870 867
f 867 870 869
f 868 871 870
f 870 872 869
f 871 873 870
f 870 873 872
f 871 874 873
f 874 875 873
f 873 876 872
f 873 875 876
f 874 877 875
f 875 878 876
f 877 879 875
f 875 880 878
f 879 881 875
f 875 881 880
f 879 882 881
f 881 883 880
f 882 884 881
f 881 884 883
f 882 885 884
f 885 883 884
f 886 885 882
f 885 887 883
f 888 885 886
f 885 888 887
f 889 888 886
f 888 890 887
f 891 888 889
f 888 891 890
f 892 891 889
f 891 893 890
f 894 891 892
f 891 894 893
f 895 894 892
f 894 896 893
f 897 894 895
f 894 897 896
f 898 897 895
f 897 899 896
f 900 897 898
f 897 900 899
f 901 900 898
f 900 902 899
f 900 901 902
f 903 904 905
f 904 906 905
f 904 907 906
f 905 906 908
f 906 909 908
f 907 910 906
f 906 911 909
f 910 912 906
f 906 912 911
f 910 913 912
f 913 914 912
f 912 915 911
f 912 914 915
f 913 916 914
f 914 917 915
f 916 918 914
f 914 919 917
f 918 920 914
f 914 920 919
f 918 921 920
f 921 922 920
f 920 923 919
f 920 922 923
f 921 924 922
f 922 925 923
f 924 926 922
f 922 927 925
f 926 928 922
f 922 928 927
f 926 929 928
f 928 930 927
f 929 931 928
f 928 931 930
f 929 932 931
f 931 933 930
f 932 934 931
f 931 934 933
f 932 935 934
f 934 936 933
f 935 937 934
f 934 937 936
f 935 938 937
f 937 939 936
f 938 940 937
f 937 940 939
f 938 941 940
f 940 942 939
f 941 943 940
f 940 943 942
f 941 944 943
f 943 945 942
f 944 946 943
f 946 945 943
f 946 947 945
f 948 949 950
f 948 950 951
f 952 948 951
f 951 950 953
f 954 952 951
f 955 951 953
f 954 951 955
f 955 953 956
f 957 954 955
f 958 955 956
f 957 955 958
f 958 956 959
f 960 957 958
f 961 958 959
f 960 958 961
f 961 959 962
f 963 960 961
f 964 961 962
f 963 961 964
f 964 962 965
f 966 963 964
f 967 964 965
f 966 964 967
f 967 965 968
f 969 967 968
f 970 966 967
f 970 967 969
f 969 968 971
f 972 970 969
f 973 969 971
f 974 972 969
f 975 969 973
f 974 969 975
f 976 975 973
f 977 974 975
f 978 975 976
f 978 977 975
f 979 978 976
f 978 979 977
f 979 976 980
f 979 981 977
f 982 979 980
f 979 982 981
f 982 980 983
f 982 984 981
f 985 982 983
f 982 985 984
f 985 983 986
f 985 987 984
f 988 985 986
f 985 988 987
f 988 986 989
f 988 990 987
f 991 988 989
f 988 991 990
f 991 989 992
f 991 993 990
f 994 991 992
f 991 994 993
f 994 992 995
f 993 994 996
f 994 995 996
f 995 997 996
f 997 998 996
f 996 998 999
f 997 1000 998
f 998 1001 999
f 1000 1002 998
f 998 1002 1001
f 1000 1003 1002
f 1002 1004 1001
f 1003 1005 1002
f 1002 1005 1004
f 1003 1006 1005
f 1005 1007 1004
f 1006 1008 1005
f 1005 1008 1007
f 1006 1009 1008
f 1008 1010 1007
f 1009 1011 1008
f 1008 1011 1010
f 1009 1012 1011
f 1011 1013 1010
f 1012 1014 1011
f 1011 1014 1013
f 1012 1015 1014
f 1015 1016 1014
f 1014 1017 1013
f 1014 1016 1017
f 1015 1018 1016
f 1016 1019 1017
f 1018 1020 1016
f 1016 1021 1019
f 1020 1022 1016
f 1016 1022 1021
f 1020 1023 1022
f 1022 1024 1021
f 1023 1025 1022
f 1022 1025 1024
f 1023 1026 1025
f 1026 1024 1025
f 1027 1026 1023
f 1026 1028 1024
f 1029 1026 1027
f 1026 1029 1028
f 1030 1029 1027
f 1029 1031 1028
f 1032 1029 1030
f 1029 1032 1031
f 1033 1032 1030
f 1032 1034 1031
f 1035 1032 1033
f 1032 1035 1034
f 1036 1035 1033
f 1035 1037 1034
f 1038 1035 1036
f 1035 1038 1037
f 1039 1038 1036
f 1038 1040 1037
f 1041 1038 1039
f 1038 1041 1040
f 1042 1041 1039
f 1041 1043 1040
f 1041 1042 1043
f 1044 1045 1046
f 1044 1046 1047
f 1048 1044 1047
f 1047 1046 1049
f 1050 1048 1047
f 1051 1047 1049
f 1050 1047 1051
f 1051 1049 1052
f 1053 1050 1051
f 1054 1051 1052
f 1053 1051 1054
f 1054 1052 1055
f 1056 1053 1054
f 1057 1054 1055
f 1056 1054 1057
f 1057 1055 1058
f 1059 1056 1057
f 1060 1057 1058
f 1059 1057 1060
f 1060 1058 1061
f 1062 1059 1060
f 1063 1060 1061
f 1062 1060 1063
f 1063 1061 1064
f 1065 1063 1064
f 1066 1062 1063
f 1066 1063 1065
f 1065 1064 1067
f 1068 1066 1065
f 1069 1065 1067
f 1070 1068 1065
f 1071 1065 1069
f 1070 1065 1071
f 1072 1071 1069
f 1073 1070 1071
f 1074 1071 1072
f 1074 1073 1071
f 1075 1074 1072
f 1074 1075 1073
f 1075 1072 1076
f 1075 1077 1073
f 1078 1075 1076
f 1075 1078 1077
f 1078 1076 1079
f 1078 1080 1077
f 1081 1078 1079
f 1078 1081 1080
f 1081 1079 1082
f 1081 1083 1080
f 1084 1081 1082
f 1081 1084 1083
f 1084 1082 1085
f 1084 1086 1083
f 1087 1084 1085
f 1084 1087 1086
f 1087 1085 1088
f 1087 1089 1086
f 1090 1087 1088
f 1087 1090 1089
f 1090 1088 1091
f 1089 1090 1092
f 1090 1091 1092
f 1091 1093 1092
f 1093 1094 1092
f 1092 1094 1095
f 1093 1096 1094
f 1094 1097 1095
f 1096 1098 1094
f 1094 1098 1097
f 1096 1099 1098
f 1098 1100 1097
f 1099 1101 1098
f 1098 1101 1100
f 1099 1102 1101
f 1101 1103 1100
f 1102 1104 1101
f 1101 1104 1103
f 1102 1105 1104
f 1104 1106 1103
f 1105 1107 1104
f 1104 1107 1106
f 1105 1108 1107
f 1107 1109 1106
f 1108 1110 1107
f 1107 1110 1109
f 1108 1111 1110
f 1111 1112 1110
f 1110 1113 1109
f 1110 1112 1113
f 1111 1114 1112
f 1112 1115 1113
f 1114 1116 1112
f 1112 1117 1115
f 1116 1118 1112
f 1112 1118 1117
f 1116 1119 1118
f 1118 1120 1117
f 1119 1121 1118
f 1118 1121 1120
f 1119 1122 1121
f 1122 1120 1121
f 1123 1122 1119
f 1122 1124 1120
f 1125 1122 1123
f 1122 1125 1124
f 1126 1125 1123
f 1125 1127 1124
f 1128 1125 1126
f 1125 1128 1127
f 1129 1128 1126
f 1128 1130 1127
f 1131 1128 1129
f 1128 1131 1130
f 1132 1131 1129
f 1131 1133 1130
f 1134 1131 1132
f 1131 1134 1133
f 1135 1134 1132
f 1134 1136 1133
f 1137 1134 1135
f 1134 1137 1136
f 1138 1137 1135
f 1137 1139 1136
f 1137 1138 1139
f 1140 1141 1142
f 1141 1143 1142
f 1141 1144 1143
f 1142 1143 1145
f 1143 1146 1145
f 1144 1147 1143
f 1143 1148 1146
f 1147 1149 1143
f 1143 1149 1148
f 1147 1150 1149
f 1150 1151 1149
f 1149 1152 1148
f 1149 1151 1152
f 1150 1153 1151
f 1151 1154 1152
f 1153 1155 1151
f 1151 1156 1154
f 1155 1157 1151
f 1151 1157 1156
f 1155 1158 1157
f 1158 1159 1157
f 1157 1160 1156
f 1157 1159 1160
f 1158 1161 1159
f 1159 1162 1160
f 1161 1163 1159
f 1159 1164 1162
f 1163 1165 1159
f 1159 1165 1164
f 1163 1166 1165
f 1165 1167 1164
f 1166 1168 1165
f 1165 1168 1167
f 1166 1169 1168
f 1168 1170 1167
f 1169 1171 1168
f 1168 1171 1170
f 1169 1172 1171
f 1171 1173 1170
f 1172 1174 1171
f 1171 1174 1173
f 1172 1175 1174
f 1174 1176 1173
f 1175 1177 1174
f 1174 1177 1176
f 1175 1178 1177
f 1177 1179 1176
f 1178 1180 1177
f 1177 1180 1179
f 1178 1181 1180
f 1180 1182 1179
f 1181 1183 1180
f 1183 1182 1180
f 1183 1184 1182
f 1185 1186 1187
f 1185 1187 1188
f 1189 1185 1188
f 1188 1187 1190
f 1191 1189 1188
f 1192 1188 1190
f 1191 1188 1192
f 1192 1190 1193
f 1194 1191 1192
f 1195 1192 1193
f 1194 1192 1195
f 1195 1193 1196
f 1197 1194 1195
f 1198 1195 1196
f 1197 1195 1198
f 1198 1196 1199
f 1200 1197 1198
f 1201 1198 1199
f 1200 1198 1201
f 1201 1199 1202
f 1203 1200 1201
f 1204 1201 1202
f 1203 1201 1204
f 1204 1202 1205
f 1206 1204 1205
f 1207 1203 1204
f 1207 1204 1206
f 1206 1205 1208
f 1209 1207 1206
f 1210 1206 1208
f 1211 1209 1206
f 1212 1206 1210
f 1211 1206 1212
f 1213 1212 1210
f 1214 1211 1212
f 1215 1212 1213
f 1215 1214 1212
f 1216 1215 1213
f 1215 1216 1214
f 1216 1213 1217
f 1216 1218 1214
f 1219 1216 1217
f 1216 1219 1218
f 1219 1217 1220
f 1219 1221 1218
f 1222 1219 1220
f 1219 1222 1221
f 1222 1220 1223
f 1222 1224 1221
f 1225 1222 1223
f 1222 1225 1224
f 1225 1223 1226
f 1225 1227 1224
f 1228 1225 1226
f 1225 1228 1227
f 1228 1226 1229
f 1228 1230 1227
f 1231 1228 1229
f 1228 1231 1230
f 1231 1229 1232
f 1230 1231 1233
f 1231 1232 1233
f 1232 1234 1233
f 1234 1235 1233
f 1233 1235 1236
f 1234 1237 1235
f 1235 1238 1236
f 1237 1239 1235
f 1235 1239 1238
f 1237 1240 1239
f 1239 1241 1238
f 1240 1242 1239
f 1239 1242 1241
f 1240 1243 1242
f 1242 1244 1241
f 1243 1245 1242
f 1242 1245 1244
f 1243 1246 1245
f 1245 1247 1244
f 1246 1248 1245
f 1245 1248 1247
f 1246 1249 1248
f 1248 1250 1247
f 1249 1251 1248
f 1248 1251 1250
f 1249 1252 1251
f 1252 1253 1251
f 1251 1254 1250
f 1251 1253 1254
f 1252 1255 1253
f 1253 1256 1254
f 1255 1257 1253
f 1253 1258 1256
f 1257 1259 1253
f 1253 1259 1258
f 1257 1260 1259
f 1259 1261 1258
f 1260 1262 1259
f 1259 1262 1261
f 1260 1263 1262
f 1263 1261 1262
f 1264 1263 1260
f 1263 1265 1261
f 1266 1263 1264
f 1263 1266 1265
f 1267 1266 1264
f 1266 1268 1265
f 1269 1266 1267
f 1266 1269 1268
f 1270 1269 1267
f 1269 1271 1268
f 1272 1269 1270
f 1269 1272 1271
f 1273 1272 1270
f 1272 1274 1271
f 1275 1272 1273
f 1272 1275 1274
f 1276 1275 1273
f 1275 1277 1274
f 1278 1275 1276
f 1275 1278 1277
f 1279 1278 1276
f 1278 1280 1277
f 1278 1279 1280
f 1281 1282 1283
f 1282 1284 1283
f 1283 1284 1285
f 1282 1286 1284
f 1284 1287 1285
f 1286 1288 1284
f 1284 1288 1287
f 1286 1289 1288
f 1288 1290 1287
f 1289 1291 1288
f 1288 1291 1290
f 1289 1292 1291
f 1291 1293 1290
f 1292 1294 1291
f 1291 1294 1293
f 1292 1295 1294
f 1294 1296 1293
f 1295 1297 1294
f 1294 1297 1296
f 1295 1298 1297
f 1297 1299 1296
f 1298 1300 1297
f 1297 1300 1299
f 1298 1301 1300
f 1301 1302 1300
f 1300 1303 1299
f 1300 1302 1303
f 1301 1304 1302
f 1302 1305 1303
f 1304 1306 1302
f 1302 1307 1305
f 1306 1308 1302
f 1302 1308 1307
f 1306 1309 1308
f 1309 1310 1308
f 1308 1311 1307
f 1308 1310 1311
f 1309 1312 1310
f 1310 1313 1311
f 1312 1314 1310
f 1310 1315 1313
f 1314 1316 1310
f 1310 1316 1315
f 1314 1317 1316
f 1317 1318 1316
f 1316 1319 1315
f 1316 1318 1319
f 1317 1320 1318
f 1318 1321 1319
f 1320 1322 1318
f 1318 1323 1321
f 1322 1324 1318
f 1324 1323 1318
f 1324 1325 1323
f 1326 1327 1328
f 1327 1329 1328
f 1328 1329 1330
f 1327 1331 1329
f 1329 1332 1330
f 1331 1333 1329
f 1329 1333 1332
f 1331 1334 1333
f 1333 1335 1332
f 1334 1336 1333
f 1333 1336 1335
f 1334 1337 1336
f 1336 1338 1335
f 1337 1339 1336
f 1336 1339 1338
f 1337 1340 1339
f 1339 1341 1338
f 1340 1342 1339
f 1339 1342 1341
f 1340 1343 1342
f 1342 1344 1341
f 1343 1345 1342
f 1342 1345 1344
f 1343 1346 1345
f 1346 1347 1345
f 1345 1348 1344
f 1345 1347 1348
f 1346 1349 1347
f 1347 1350 1348
f 1349 1351 1347
f 1347 1352 1350
f 1351 1353 1347
f 1347 1353 1352
f 1351 1354 1353
f 1354 1355 1353
f 1353 1356 1352
f 1353 1355 1356
f 1354 1357 1355
f 1355 1358 1356
f 1357 1359 1355
f 1355 1360 1358
f 1359 1361 1355
f 1355 1361 1360
f 1359 1362 1361
f 1362 1363 1361
f 1361 1364 1360
f 1361 1363 1364
f 1362 1365 1363
f 1363 1366 1364
f 1365 1367 1363
f 1363 1368 1366
f 1367 1369 1363
f 1369 1368 1363
f 1369 1370 1368
f 1371 1372 1373
f 1372 1374 1373
f 1373 1374 1375
f 1372 1376 1374
f 1372 1377 1376
f 1376 1378 1374
f 1376 1379 1378
f 1380 1379 1376
f 1381 1380 1376
f 1382 1381 1376
f 1383 1382 1376
f 1384 1383 1376
f 1385 1384 1376
f 1385 1376 1386
f 1387 1385 1386
f 1388 1387 1386
f 1377 1389 1376
f 1390 1388 1386
f 1377 1391 1389
f 1392 1390 1386
f 1393 1392 1386
f 1394 1393 1386
f 1395 1394 1386
f 1396 1395 1386
f 1396 1386 1397
f 1398 1396 1397
f 1391 1399 1389
f 1396 1398 1400
f 1398 1401 1400
f 1396 1400 1402
f 1403 1396 1402
f 1403 1402 1404
f 1396 1403 1405
f 1406 1403 1404
f 1405 1403 1407
f 1405 1407 1408
f 1409 1405 1408
f 1409 1408 1410
f 1411 1409 1410
f 1411 1410 1412
f 1413 1411 1412
f 1406 1404 1414
f 1413 1412 1415
f 1416 1413 1415
f 1417 1416 1415
f 1417 1415 1418
f 1419 1417 1418
f 1420 1406 1414
f 1421 1420 1414
f 1422 1421 1414
f 1419 1418 1423
f 1424 1419 1423
f 1425 1424 1423
f 1425 1423 1426
f 1427 1425 1426
f 1422 1414 1428
f 1429 1422 1428
f 1430 1429 1428
f 1427 1426 1431
f 1432 1427 1431
f 1433 1432 1431
f 1433 1431 1434
f 1435 1433 1434
f 1435 1434 1436
f 1437 1435 1436
f 1437 1436 1438
f 1430 1428 1439
f 1440 1430 1439
f 1441 1440 1439
f 1442 1437 1438
f 1442 1438 1443
f 1441 1439 1444
f 1445 1441 1444
f 1446 1445 1444
f 1442 1443 1447
f 1446 1444 1448
f 1449 1446 1448
f 1450 1449 1448
f 1374 1442 1447
f 1374 1447 1375
f 1375 1447 1451
f 1447 1452 1451
f 1450 1448 1453
f 1454 1450 1453
f 1455 1454 1453
f 1452 1456 1451
f 1455 1453 1456
f 1452 1457 1456
f 1458 1455 1456
f 1457 1458 1456
f 1459 1460 1461
f 1462 1460 1459
f 1462 1463 1460
f 1463 1462 1464
f 1462 1465 1464
f 1465 1466 1464
f 1465 1467 1466
f 1467 1468 1466
f 1468 1469 1466
f 1468 1470 1469
f 1470 1471 1469
f 1471 1472 1469
f 1472 1473 1469
f 1472 1474 1473
f 1474 1475 1473
f 1475 1476 1473
f 1475 1477 1476
f 1477 1478 1476
f 1478 1479 1476
f 1478 1480 1479
f 1480 1481 1479
f 1481 1482 1479
f 1481 1483 1482
f 1483 1484 1482
f 1484 1485 1482
f 1485 1486 1482
f 1485 1487 1486
f 1487 1488 1486
f 1488 1489 1486
f 1488 1490 1489
f 1490 1491 1489
f 1490 1492 1491
f 1492 1490 1399
f 1493 1492 1399
f 1494 1399 1490
f 1399 1494 1495
f 1399 1495 1389
f 1496 1389 1495
f 1389 1496 1497
f 1389 1497 1498
f 1494 1499 1495
f 1494 1500 1499
f 1500 1501 1499
f 1501 1502 1499
f 1503 1389 1498
f 1501 1504 1502
f 1504 1505 1502
f 1504 1506 1505
f 1506 1504 1507
f 1508 1506 1507
f 1508 1507 1509
f 1510 1508 1509
f 1389 1503 1511
f 1509 1512 1510
f 1512 1513 1510
f 1512 1514 1513
f 1514 1512 1515
f 1516 1514 1515
f 1516 1515 1517
f 1518 1516 1517
f 1389 1511 1519
f 1518 1517 1520
f 1521 1518 1520
f 1522 1521 1520
f 1522 1520 1523
f 1524 1389 1519
f 1389 1524 1525
f 1389 1525 1526
f 1527 1389 1526
f 1527 1526 1528
f 1527 1528 1529
f 1530 1522 1523
f 1530 1523 1531
f 1532 1527 1529
f 1530 1531 1533
f 1527 1532 1534
f 1527 1534 1535
f 1536 1527 1535
f 1527 1536 1537
f 1527 1537 1538
f 1539 1527 1538
f 1538 1540 1539
f 1540 1530 1533
f 1540 1459 1539
f 1540 1533 1459
f 1533 1462 1459
f 1541 1542 1543
f 1542 1544 1543
f 1542 1545 1544
f 1543 1544 1546
f 1544 1547 1546
f 1545 1548 1544
f 1544 1549 1547
f 1548 1550 1544
f 1544 1550 1549
f 1548 1551 1550
f 1551 1552 1550
f 1550 1553 1549
f 1550 1552 1553
f 1551 1554 1552
f 1552 1555 1553
f 1554 1556 1552
f 1552 1557 1555
f 1556 1558 1552
f 1552 1558 1557
f 1556 1559 1558
f 1559 1560 1558
f 1558 1561 1557
f 1558 1560 1561
f 1559 1562 1560
f 1560 1563 1561
f 1562 1564 1560
f 1560 1565 1563
f 1564 1566 1560
f 1560 1566 1565
f 1564 1567 1566
f 1566 1568 1565
f 1567 1569 1566
f 1566 1569 1568
f 1567 1570 1569
f 1569 1571 1568
f 1570 1572 1569
f 1569 1572 1571
f 1570 1573 1572
f 1572 1574 1571
f 1573 1575 1572
f 1572 1575 1574
f 1573 1576 1575
f 1575 1577 1574
f 1576 1578 1575
f 1575 1578 1577
f 1576 1579 1578
f 1578 1580 1577
f 1579 1581 1578
f 1578 1581 1580
f 1579 1582 1581
f 1581 1583 1580
f 1582 1584 1581
f 1584 1583 1581
f 1584 1585 1583
f 1586 1587 1588
f 1587 1589 1588
f 1587 1590 1589
f 1588 1589 1591
f 1589 1592 1591
f 1590 1593 1589
f 1589 1594 1592
f 1593 1595 1589
f 1589 1595 1594
f 1593 1596 1595
f 1596 1597 1595
f 1595 1598 1594
f 1595 1597 1598
f 1596 1599 1597
f 1597 1600 1598
f 1599 1601 1597
f 1597 1602 1600
f 1601 1603 1597
f 1597 1603 1602
f 1601 1604 1603
f 1604 1605 1603
f 1603 1606 1602
f 1603 1605 1606
f 1604 1607 1605
f 1605 1608 1606
f 1607 1609 1605
f 1605 1610 1608
f 1609 1611 1605
f 1605 1611 1610
f 1609 1612 1611
f 1611 1613 1610
f 1612 1614 1611
f 1611 1614 1613
f 1612 1615 1614
f 1614 1616 1613
f 1615 1617 1614
f 1614 1617 1616
f 1615 1618 1617
f 1617 1619 1616
f 1618 1620 1617
f 1617 1620 1619
f 1618 1621 1620
f 1620 1622 1619
f 1621 1623 1620
f 1620 1623 1622
f 1621 1624 1623
f 1623 1625 1622
f 1624 1626 1623
f 1623 1626 1625
f 1624 1627 1626
f 1626 1628 1625
f 1627 1629 1626
f 1629 1628 1626
f 1629 1630 1628
f 1631 1632 1633
f 1632 1634 1633
f 1632 1635 1634
f 1633 1634 1636
f 1634 1637 1636
f 1635 1638 1634
f 1634 1639 1637
f 1638 1640 1634
f 1634 1640 1639
f 1638 1641 1640
f 1641 1642 1640
f 1640 1643 1639
f 1640 1642 1643
f 1641 1644 1642
f 1642 1645 1643
f 1644 1646 1642
f 1642 1647 1645
f 1646 1648 1642
f 1642 1648 1647
f 1646 1649 1648
f 1649 1650 1648
f 1648 1651 1647
f 1648 1650 1651
f 1649 1652 1650
f 1650 1653 1651
f 1652 1654 1650
f 1650 1655 1653
f 1654 1656 1650
f 1650 1656 1655
f 1654 1657 1656
f 1656 1658 1655
f 1657 1659 1656
f 1656 1659 1658
f 1657 1660 1659
f 1659 1661 1658
f 1660 1662 1659
f 1659 1662 1661
f 1660 1663 1662
f 1662 1664 1661
f 1663 1665 1662
f 1662 1665 1664
f 1663 1666 1665
f 1665 1667 1664
f 1666 1668 1665
f 1665 1668 1667
f 1666 1669 1668
f 1668 1670 1667
f 1669 1671 1668
f 1668 1671 1670
f 1669 1672 1671
f 1671 1673 1670
f 1672 1674 1671
f 1674 1673 1671
f 1674 1675 1673
f 1676 1677 1678
f 1677 1679 1678
f 1677 1680 1679
f 1678 1679 1681
f 1679 1682 1681
f 1680 1683 1679
f 1679 1684 1682
f 1683 1685 1679
f 1679 1685 1684
f 1683 1686 1685
f 1686 1687 1685
f 1685 1688 1684
f 1685 1687 1688
f 1686 1689 1687
f 1687 1690 1688
f 1689 1691 1687
f 1687 1692 1690
f 1691 1693 1687
f 1687 1693 1692
f 1691 1694 1693
f 1694 1695 1693
f 1693 1696 1692
f 1693 1695 1696
f 1694 1697 1695
f 1695 1698 1696
f 1697 1699 1695
f 1695 1700 1698
f 1699 1701 1695
f 1695 1701 1700
f 1699 1702 1701
f 1701 1703 1700
f 1702 1704 1701
f 1701 1704 1703
f 1702 1705 1704
f 1704 1706 1703
f 1705 1707 1704
f 1704 1707 1706
f 1705 1708 1707
f 1707 1709 1706
f 1708 1710 1707
f 1707 1710 1709
f 1708 1711 1710
f 1710 1712 1709
f 1711 1713 1710
f 1710 1713 1712
f 1711 1714 1713
f 1713 1715 1712
f 1714 1716 1713
f 1713 1716 1715
f 1714 1717 1716
f 1716 1718 1715
f 1717 1719 1716
f 1719 1718 1716
f 1719 1720 1718
f 1721 1722 1723
f 1721 1723 1724
f 1722 1721 1725
f 1725 1721 1724
f 1726 1727 1728
f 1726 1728 1729
f 1727 1726 1730
f 1730 1726 1729
f 1731 1732 1733
f 1731 1733 1734
f 1732 1731 1735
f 1735 1731 1734
f 1736 1737 1738
f 1736 1738 1739
f 1737 1736 1740
f 1740 1736 1739
f 1741 1742 1743
f 1741 1743 1744
f 1742 1741 1745
f 1745 1741 1744
f 1746 1747 1748
f 1746 1748 1749
f 1747 1746 1750
f 1750 1746 1749
f 1751 1752 1753
f 1751 1753 1754
f 1752 1751 1755
f 1755 1751 1754
f 1756 1757 1758
f 1759 1756 1758
f 1756 1760 1757
f 1760 1756 1759
f 1761 1762 1763
f 1761 1763 1764
f 1762 1761 1765
f 1765 1761 1764
f 1766 1767 1768
f 1766 1768 1769
f 1767 1766 1770
f 1770 1766 1769
f 1771 1772 1773
f 1771 1773 1774
f 1772 1771 1775
f 1775 1771 1774
f 1776 1777 1778
f 1779 1776 1778
f 1776 1780 1777
f 1780 1776 1779
f 1781 1782 1783
f 1781 1783 1784
f 1782 1781 1785
f 1785 1781 1784
f 1786 1787 1788
f 1789 1787 1786
f 1787 1790 1788
f 1787 1789 1790
f 1791 1792 1793
f 1794 1792 1791
f 1792 1795 1793
f 1792 1794 1795
f 1796 1797 1798
f 1799 1796 1798
f 1796 1800 1797
f 1800 1796 1799
f 1801 1802 1803
f 1804 1801 1803
f 1801 1805 1802
f 1805 1801 1804
f 1806 1807 1808
f 1809 1806 1808
f 1806 1810 1807
f 1810 1806 1809
f 1811 1812 1813
f 1814 1811 1813
f 1811 1815 1812
f 1815 1811 1814
f 1816 1817 1818
f 1816 1818 1819
f 1817 1816 1820
f 1820 1816 1819
f 1821 1822 1823
f 1821 1823 1824
f 1822 1821 1825
f 1825 1821 1824
f 1826 1827 1828
f 1826 1828 1829
f 1827 1826 1830
f 1830 1826 1829
f 1831 1832 1833
f 1831 1833 1834
f 1832 1831 1835
f 1835 1831 1834
f 1836 1837 1838
f 1836 1838 1839
f 1837 1836 1840
f 1840 1836 1839
f 1841 1842 1843
f 1844 1842 1841
f 1842 1845 1843
f 1842 1844 1845
f 1846 1847 1848
f 1849 1847 1846
f 1847 1850 1848
f 1847 1849 1850
f 1851 1852 1853
f 1854 1852 1851
f 1852 1855 1853
f 1852 1854 1855
f 1856 1857 1858
f 1859 1857 1856
f 1857 1860 1858
f 1857 1859 1860
f 1861 1862 1863
f 1864 1862 1861
f 1862 1865 1863
f 1862 1864 1865
f 1866 1867 1868
f 1869 1867 1866
f 1867 1870 1868
f 1867 1869 1870
