# ROS coordinates: X forward, Y left, Z up; units are metres.
o mesh
v -0.0909476 0.0589000024 0.1478613
v -0.0909476 0.0599 0.1478613
v -0.09095372 0.0599 0.147678673
v -0.09095747 0.0594000071 0.147651851
v -0.09095372 0.0589000024 0.147678673
v -0.0909963846 0.0599 0.147489771
v -0.0909963846 0.0589000024 0.147489771
v -0.09101581 0.0594000071 0.147436127
v -0.09107865 0.0599 0.147305578
v -0.09107865 0.0589000024 0.147305578
v -0.09112585 0.0594000071 0.147231147
v -0.0911990553 0.0599 0.147138432
v -0.0911990553 0.0589000024 0.147138432
v -0.0912826955 0.0594000071 0.147055
v -0.09135117 0.0599 0.1469995
v -0.09135117 0.0589000024 0.1469995
v -0.09147358 0.0594000071 0.146921992
v -0.0915246159 0.0599 0.1468965
v -0.0915246159 0.0589000024 0.1468965
v -0.0916811153 0.0594000071 0.146839112
v -0.09170734 0.0599 0.146832287
v -0.0918880254 0.0594000071 0.1468051
v -0.09170734 0.0589000024 0.146832287
v -0.0918880254 0.0599 0.1468051
v -0.0918880254 0.0589000024 0.1468051
v -0.092070654 0.0599 0.146811217
v -0.092070654 0.0589000024 0.146811217
v -0.09209748 0.0594000071 0.146814972
v -0.09225957 0.0599 0.146853879
v -0.09225957 0.0589000024 0.146853879
v -0.09225957 0.0594000071 0.146853879
v -0.0924181938 0.0594000071 0.146921962
v -0.09244376 0.0599 0.146936148
v -0.09244376 0.0589000024 0.146936148
v -0.09256558 0.0594000071 0.147018552
v -0.0926109 0.0599 0.147056565
v -0.0926109 0.0589000024 0.147056565
v -0.09269434 0.0594000071 0.14714019
v -0.09274983 0.0599 0.147208661
v -0.09274983 0.0589000024 0.147208661
v -0.09279866 0.0594000071 0.14728108
v -0.09285283 0.0599 0.14738211
v -0.09285283 0.0589000024 0.14738211
v -0.09287514 0.0594000071 0.147433892
v -0.09291704 0.0599 0.147564843
v -0.09291704 0.0589000024 0.147564843
v -0.0929231048 0.0594000071 0.14759101
v -0.09294424 0.0599 0.147745535
v -0.09294424 0.0589000024 0.147745535
v -0.09293811 0.0599 0.147928149
v -0.09293436 0.0594000071 0.147954985
v -0.09293811 0.0589000024 0.147928149
v -0.09289546 0.0599 0.14811708
v -0.09289546 0.0589000024 0.14811708
v -0.0928760245 0.0594000071 0.14817071
v -0.0928131938 0.0599 0.148301259
v -0.0928131938 0.0589000024 0.148301259
v -0.09276599 0.0594000071 0.148375675
v -0.09269276 0.0599 0.1484684
v -0.09269276 0.0589000024 0.1484684
v -0.09260914 0.0594000071 0.148551852
v -0.09254067 0.0599 0.148607329
v -0.09254067 0.0589000024 0.148607329
v -0.09241826 0.0594000071 0.148684829
v -0.0923672244 0.0599 0.14871034
v -0.0923672244 0.0589000024 0.14871034
v -0.09221071 0.0594000071 0.14876771
v -0.0921845 0.0599 0.148774534
v -0.09200381 0.0594000071 0.148801744
v -0.0921845 0.0589000024 0.148774534
v -0.09200381 0.0599 0.148801744
v -0.09200381 0.0589000024 0.148801744
v -0.09182118 0.0599 0.1487956
v -0.09182118 0.0589000024 0.1487956
v -0.09179436 0.0594000071 0.148791865
v -0.09163227 0.0599 0.148752958
v -0.09163227 0.0589000024 0.148752958
v -0.09163227 0.0594000071 0.148752958
v -0.0914736241 0.0594000071 0.148684859
v -0.09144808 0.0599 0.148670688
v -0.09144808 0.0589000024 0.148670688
v -0.0913262442 0.0594000071 0.148588285
v -0.09128093 0.0599 0.148550272
v -0.09128093 0.0589000024 0.148550272
v -0.09119749 0.0594000071 0.148466632
v -0.091142 0.0599 0.148398161
v -0.091142 0.0589000024 0.148398161
v -0.0910931751 0.0594000071 0.148325741
v -0.091039 0.0599 0.148224711
v -0.091039 0.0589000024 0.148224711
v -0.0910166949 0.0594000071 0.14817293
v -0.09097479 0.0599 0.148042008
v -0.09097479 0.0589000024 0.148042008
v -0.09096874 0.0594000071 0.148015827
v -0.0909476 0.0599 0.1478613
v -0.0909476 0.0589000024 0.1478613
v -0.107070394 0.06290001 0.1530236
v -0.106747083 0.06290001 0.15388003
v -0.106157511 0.06290001 0.153877914
v -0.106626488 0.06290001 0.152635589
v -0.105682224 0.06290001 0.153828055
v -0.1062368 0.06290001 0.152358934
v -0.105351873 0.06290001 0.153756648
v -0.105941683 0.06290001 0.152194217
v -0.105212718 0.06290001 0.1537099
v -0.105213307 0.06290001 0.153710157
v -0.105806358 0.06290001 0.152137354
v -0.105806969 0.06290001 0.152137548
v -0.104507275 0.06290001 0.153395832
v -0.105069324 0.06290001 0.1519069
v -0.095237866 0.06290001 0.148717582
v -0.105395496 0.06290001 0.150661975
v -0.09484826 0.06290001 0.14960593
v -0.103929386 0.06290001 0.154545739
v -0.09400657 0.06290001 0.149065986
v -0.09479426 0.06290001 0.1496901
v -0.09427052 0.06290001 0.148464143
v -0.09377751 0.06290001 0.148606718
v -0.0952632055 0.06290001 0.148620844
v -0.10307005 0.06290001 0.155885279
v -0.1046024 0.06290001 0.1549244
v -0.103694789 0.06290001 0.156339169
v -0.102265716 0.06290001 0.156889915
v -0.104722932 0.06290001 0.155008167
v -0.104602955 0.06290001 0.154924721
v -0.103821173 0.06290001 0.1564138
v -0.103695311 0.06290001 0.156339541
v -0.104977377 0.06290001 0.155230626
v -0.104129456 0.06290001 0.156552345
v -0.105301008 0.06290001 0.155582249
v -0.104583986 0.06290001 0.156699941
v -0.105654538 0.06290001 0.15605408
v -0.105160251 0.06290001 0.156824574
v -0.0941491947 0.06290001 0.150414586
v -0.09351556 0.06290001 0.149640962
v -0.0939525738 0.06290001 0.149150133
v -0.09343963 0.06290001 0.149133384
v -0.101146631 0.06290001 0.15802148
v -0.102845289 0.06290001 0.157400221
v -0.0940718353 0.06290001 0.150477946
v -0.101663366 0.06290001 0.158595368
v -0.100151017 0.06290001 0.158836961
v -0.102945782 0.06290001 0.157507211
v -0.102845766 0.06290001 0.157400653
v -0.101771474 0.06290001 0.158694655
v -0.1016638 0.06290001 0.15859583
v -0.103148408 0.06290001 0.1577777
v -0.10204421 0.06290001 0.158894241
v -0.103391863 0.06290001 0.158188939
v -0.102458134 0.06290001 0.159133136
v -0.103639573 0.06290001 0.158723965
v -0.102995872 0.06290001 0.159374863
v -0.09882112 0.06290001 0.159711152
v -0.100611821 0.06290001 0.1594566
v -0.0932344645 0.06290001 0.150967643
v -0.092870906 0.06290001 0.150036067
v -0.0934381858 0.06290001 0.149704322
v -0.09295554 0.06290001 0.149529874
v -0.09767771 0.06290001 0.160301775
v -0.0992072448 0.06290001 0.160379887
v -0.0931413 0.06290001 0.151004
v -0.100687876 0.06290001 0.159582168
v -0.1006122 0.06290001 0.159457117
v -0.09929235 0.06290001 0.160499513
v -0.09920757 0.06290001 0.160380453
v -0.100829832 0.06290001 0.159888878
v -0.09951763 0.06290001 0.160751462
v -0.100982472 0.06290001 0.16034174
v -0.099872835 0.06290001 0.161071151
v -0.101113528 0.06290001 0.160916582
v -0.100348577 0.06290001 0.161419421
v -0.0961951241 0.06290001 0.160880372
v -0.09799962 0.06290001 0.1610037
v -0.0964337662 0.06290001 0.161614791
v -0.09495391 0.06290001 0.161220372
v -0.0980479 0.06290001 0.161142319
v -0.09799988 0.06290001 0.16100429
v -0.09649214 0.06290001 0.161749452
v -0.0964339748 0.06290001 0.1616154
v -0.0981229842 0.06290001 0.161471844
v -0.0966601148 0.06290001 0.162042737
v -0.09817815 0.06290001 0.16194655
v -0.09694108 0.06290001 0.162429333
v -0.0981868058 0.06290001 0.16253607
v -0.09733403 0.06290001 0.162868887
v -0.0921935961 0.06290001 0.151210964
v -0.0921357051 0.06290001 0.150212631
v -0.0927777439 0.06290001 0.150072411
v -0.09237261 0.06290001 0.149757355
v -0.093383424 0.06290001 0.161478072
v -0.09209376 0.06290001 0.151216745
v -0.09512284 0.06290001 0.161973864
v -0.09346415 0.06290001 0.162246048
v -0.09209863 0.06290001 0.161552578
v -0.09514124 0.06290001 0.162119508
v -0.09512298 0.06290001 0.161974519
v -0.0934932455 0.06290001 0.162389934
v -0.0934642255 0.06290001 0.162246689
v -0.09514618 0.06290001 0.162457451
v -0.09359658 0.06290001 0.162711725
v -0.09510143 0.06290001 0.162933245
v -0.09379103 0.06290001 0.163148254
v -0.09498734 0.06290001 0.1635117
v -0.094084 0.06290001 0.163659915
v -0.09050889 0.06290001 0.161478132
v -0.09042818 0.06290001 0.1622461
v -0.092107214 0.06290001 0.162324741
v -0.09112849 0.06290001 0.1511207
v -0.09203587 0.06290001 0.150218427
v -0.08923669 0.06290001 0.161283851
v -0.09138193 0.06290001 0.150153354
v -0.09174793 0.06290001 0.1497936
v -0.0904267356 0.06290001 0.162392884
v -0.0904281139 0.06290001 0.162246749
v -0.09209494 0.06290001 0.162471011
v -0.092107214 0.06290001 0.162325382
v -0.0904609 0.06290001 0.162729144
v -0.0920295 0.06290001 0.162802577
v -0.09056033 0.06290001 0.163196564
v -0.0918868 0.06290001 0.163258687
v -0.09074052 0.06290001 0.16375795
v -0.09165495 0.06290001 0.163800746
v -0.0910317451 0.06290001 0.151095375
v -0.08769716 0.06290001 0.160880521
v -0.08649316 0.06290001 0.160426021
v -0.08507112 0.06290001 0.159711391
v -0.08745855 0.06290001 0.16161494
v -0.0890845358 0.06290001 0.162040949
v -0.08468502 0.06290001 0.16038014
v -0.0861869156 0.06290001 0.1611349
v -0.08398792 0.06290001 0.159016475
v -0.08742661 0.06290001 0.161758214
v -0.08745835 0.06290001 0.161615551
v -0.08904211 0.06290001 0.162181467
v -0.0890844 0.06290001 0.162041575
v -0.08739011 0.06290001 0.162094221
v -0.08890918 0.06290001 0.162492216
v -0.08739021 0.06290001 0.1625721
v -0.08867477 0.06290001 0.162908658
v -0.08744974 0.06290001 0.1631587
v -0.08833526 0.06290001 0.1633907
v -0.0827455446 0.06290001 0.158021823
v -0.08222885 0.06290001 0.158595681
v -0.08354098 0.06290001 0.159646213
v -0.0818305 0.06290001 0.15711689
v -0.08214139 0.06290001 0.1587136
v -0.0822284147 0.06290001 0.158596188
v -0.08344509 0.06290001 0.159757346
v -0.08354061 0.06290001 0.159646735
v -0.08197139 0.06290001 0.159005687
v -0.08319724 0.06290001 0.159987137
v -0.0817770958 0.06290001 0.1594423
v -0.08281372 0.06290001 0.160272256
v -0.0815929 0.06290001 0.1600024
v -0.0823075 0.06290001 0.160574526
v -0.08082207 0.06290001 0.155885652
v -0.08011516 0.06290001 0.15481025
v -0.09014339 0.06290001 0.150705755
v -0.08019735 0.06290001 0.156339556
v -0.09128519 0.06290001 0.150128022
v -0.0812624 0.06290001 0.157639951
v -0.09068336 0.06290001 0.149864063
v -0.09114262 0.06290001 0.149635017
v -0.09005923 0.06290001 0.150651753
v -0.0800873 0.06290001 0.1564367
v -0.08019682 0.06290001 0.156339943
v -0.08114548 0.06290001 0.1577287
v -0.0812619254 0.06290001 0.157640368
v -0.07986028 0.06290001 0.156687066
v -0.08085528 0.06290001 0.157901943
v -0.07957944 0.06290001 0.157073751
v -0.08042086 0.06290001 0.158101082
v -0.07928283 0.06290001 0.1575833
v -0.07986286 0.06290001 0.158291489
v -0.08933474 0.06290001 0.1500067
v -0.0905991942 0.06290001 0.149810061
v -0.09010838 0.06290001 0.149373055
v -0.09061594 0.06290001 0.149297133
v -0.089271374 0.06290001 0.14992933
v -0.0887817 0.06290001 0.149091959
v -0.09004502 0.06290001 0.149295688
v -0.08971327 0.06290001 0.1487284
v -0.09021945 0.06290001 0.148813039
v -0.07938476 0.06290001 0.153396264
v -0.078916885 0.06290001 0.152197376
v -0.0786793157 0.06290001 0.153710365
v -0.07945074 0.06290001 0.15520376
v -0.08874534 0.06290001 0.148998812
v -0.07855147 0.06290001 0.1537825
v -0.07867873 0.06290001 0.153710634
v -0.07931792 0.06290001 0.155266255
v -0.0794501752 0.06290001 0.155204087
v -0.07827736 0.06290001 0.15398021
v -0.0789980441 0.06290001 0.155375391
v -0.07792227 0.06290001 0.154300049
v -0.0785317 0.06290001 0.155479863
v -0.07752619 0.06290001 0.154736787
v -0.07794631 0.06290001 0.155550092
v -0.07849644 0.06290001 0.150662422
v -0.0885383859 0.06290001 0.148051083
v -0.08967691 0.06290001 0.148635238
v -0.08953671 0.06290001 0.1479932
v -0.08999197 0.06290001 0.1482301
v -0.0777411 0.06290001 0.150823
v -0.07828805 0.06290001 0.149392471
v -0.07818516 0.06290001 0.152444154
v -0.0885326 0.06290001 0.14795126
v -0.07760106 0.06290001 0.15086697
v -0.07774047 0.06290001 0.150823131
v -0.0780422539 0.06290001 0.152477682
v -0.078184545 0.06290001 0.152444363
v -0.07729182 0.06290001 0.151003376
v -0.07770668 0.06290001 0.152517915
v -0.076878 0.06290001 0.1512424
v -0.0772288144 0.06290001 0.15252313
v -0.07639977 0.06290001 0.151587248
v -0.07664161 0.06290001 0.152470142
v -0.07819592 0.06290001 0.147803664
v -0.07752101 0.06290001 0.149481714
v -0.07742371 0.06290001 0.147803664
v -0.07825612 0.06290001 0.146518126
v -0.07727758 0.06290001 0.147817567
v -0.07742306 0.06290001 0.147803664
v -0.07737425 0.06290001 0.149484813
v -0.07752037 0.06290001 0.149481788
v -0.07694674 0.06290001 0.1478867
v -0.07703765 0.06290001 0.149454385
v -0.07656914 0.06290001 0.149360135
v -0.0764922649 0.06290001 0.148034453
v -0.07600578 0.06290001 0.149186209
v -0.07595279 0.06290001 0.148272336
v -0.08862862 0.06290001 0.146985978
v -0.08959597 0.06290001 0.147239432
v -0.089530915 0.06290001 0.147893369
v -0.08995574 0.06290001 0.147605419
v -0.07849634 0.06290001 0.144944862
v -0.07748729 0.06290001 0.146445945
v -0.08865397 0.06290001 0.146889254
v -0.077741 0.06290001 0.144784316
v -0.07882251 0.06290001 0.143699929
v -0.07734309 0.06290001 0.146418437
v -0.07748664 0.06290001 0.14644587
v -0.0775951743 0.06290001 0.144767538
v -0.0777403638 0.06290001 0.144784182
v -0.07702017 0.06290001 0.1463187
v -0.0772572 0.06290001 0.144766361
v -0.07658149 0.06290001 0.146129116
v -0.07678193 0.06290001 0.1448164
v -0.07606661 0.06290001 0.145841852
v -0.0762047842 0.06290001 0.144936919
v -0.0793845654 0.06290001 0.142211
v -0.07808548 0.06290001 0.143469483
v -0.08904359 0.06290001 0.146000892
v -0.0898852646 0.06290001 0.146540865
v -0.08962132 0.06290001 0.1471427
v -0.09011433 0.06290001 0.147000119
v -0.07996245 0.06290001 0.1410611
v -0.07867911 0.06290001 0.141896933
v -0.08909758 0.06290001 0.14591673
v -0.07795016 0.06290001 0.1434126
v -0.07808486 0.06290001 0.143469289
v -0.07853996 0.06290001 0.141850188
v -0.07867852 0.06290001 0.141896665
v -0.0776550248 0.06290001 0.1432479
v -0.07820962 0.06290001 0.141778767
v -0.07726535 0.06290001 0.142971262
v -0.07773433 0.06290001 0.141728908
v -0.07682145 0.06290001 0.142583221
v -0.07714474 0.06290001 0.141726792
v -0.0808218 0.06290001 0.139721572
v -0.0792894438 0.06290001 0.140682444
v -0.08019705 0.06290001 0.139267668
v -0.08162612 0.06290001 0.138716921
v -0.0791689 0.06290001 0.140598685
v -0.07928887 0.06290001 0.140682131
v -0.08007066 0.06290001 0.139193028
v -0.08019653 0.06290001 0.1392673
v -0.07891446 0.06290001 0.14037621
v -0.0797623843 0.06290001 0.139054492
v -0.07859082 0.06290001 0.140024588
v -0.0793078542 0.06290001 0.1389069
v -0.07823729 0.06290001 0.139552742
v -0.07873158 0.06290001 0.138782248
v -0.0897426456 0.06290001 0.145192236
v -0.09037628 0.06290001 0.145965874
v -0.08993927 0.06290001 0.146456689
v -0.09045221 0.06290001 0.146473438
v -0.0827451944 0.06290001 0.137585342
v -0.08104655 0.06290001 0.138206616
v -0.09158063 0.06290001 0.1415038
v -0.08982001 0.06290001 0.145128876
v -0.0822284743 0.06290001 0.137011468
v -0.0837408155 0.06290001 0.136769876
v -0.09144157 0.06290001 0.139105752
v -0.09882071 0.06290001 0.135895446
v -0.0850707144 0.06290001 0.135895684
v -0.09065738 0.06290001 0.1446392
v -0.09075054 0.06290001 0.144602835
v -0.09102093 0.06290001 0.14557077
v -0.09045363 0.06290001 0.145902514
v -0.0909363 0.06290001 0.146076947
v -0.08328001 0.06290001 0.136150226
v -0.08094606 0.06290001 0.138099626
v -0.0810460746 0.06290001 0.1382062
v -0.08212037 0.06290001 0.136912182
v -0.0822280347 0.06290001 0.137010992
v -0.08074343 0.06290001 0.137829125
v -0.08184762 0.06290001 0.136712581
v -0.08049996 0.06290001 0.1374179
v -0.08143371 0.06290001 0.1364737
v -0.0802522749 0.06290001 0.136882856
v -0.08089595 0.06290001 0.136231974
v -0.0846845955 0.06290001 0.135226935
v -0.08320396 0.06290001 0.136024669
v -0.0832796246 0.06290001 0.1361497
v -0.08459949 0.06290001 0.135107324
v -0.08468427 0.06290001 0.135226384
v -0.08306201 0.06290001 0.135717958
v -0.08437421 0.06290001 0.134855375
v -0.08290936 0.06290001 0.135265082
v -0.0840190053 0.06290001 0.13453567
v -0.08277832 0.06290001 0.134690255
v -0.08354327 0.06290001 0.134187415
v -0.08621411 0.06290001 0.135305062
v -0.0876967 0.06290001 0.134726465
v -0.0858922154 0.06290001 0.134603143
v -0.0874580741 0.06290001 0.133992046
v -0.0858439356 0.06290001 0.134464517
v -0.08589195 0.06290001 0.134602547
v -0.0873997 0.06290001 0.133857369
v -0.08745786 0.06290001 0.13399142
v -0.08576885 0.06290001 0.134134978
v -0.08723171 0.06290001 0.133564085
v -0.0857137 0.06290001 0.133660287
v -0.08695074 0.06290001 0.1331775
v -0.08570503 0.06290001 0.133070752
v -0.0865578 0.06290001 0.132737949
v -0.09132455 0.06290001 0.137087837
v -0.08893792 0.06290001 0.134386465
v -0.0912347 0.06290001 0.13553825
v -0.09050842 0.06290001 0.134128764
v -0.0887690037 0.06290001 0.133632958
v -0.09117593 0.06290001 0.134524718
v -0.0917932 0.06290001 0.134054258
v -0.09042769 0.06290001 0.133360788
v -0.09338294 0.06290001 0.13412872
v -0.09465515 0.06290001 0.134322956
v -0.09346365 0.06290001 0.133360729
v -0.0917846262 0.06290001 0.1332821
v -0.0887505859 0.06290001 0.133487329
v -0.08876886 0.06290001 0.133632317
v -0.09039858 0.06290001 0.1332169
v -0.0904276147 0.06290001 0.133360133
v -0.08874566 0.06290001 0.133149385
v -0.09029526 0.06290001 0.132895112
v -0.08879042 0.06290001 0.132673591
v -0.0901008 0.06290001 0.132458568
v -0.0889045 0.06290001 0.132095143
v -0.08980784 0.06290001 0.131946921
v -0.0934651047 0.06290001 0.133213952
v -0.09346373 0.06290001 0.133360088
v -0.0917969 0.06290001 0.133135825
v -0.0917846262 0.06290001 0.13328144
v -0.0934309438 0.06290001 0.1328777
v -0.09186234 0.06290001 0.13280423
v -0.09333149 0.06290001 0.132410258
v -0.0920050442 0.06290001 0.13234815
v -0.0931513 0.06290001 0.131848887
v -0.09223689 0.06290001 0.131806061
v -0.106468126 0.06290001 0.147803158
v -0.106614262 0.06290001 0.14778927
v -0.106468782 0.06290001 0.147803158
v -0.106370822 0.06290001 0.146125123
v -0.105603784 0.06290001 0.146214351
v -0.105695918 0.06290001 0.147803187
v -0.106517591 0.06290001 0.146122038
v -0.106371477 0.06290001 0.146125048
v -0.106854185 0.06290001 0.146152452
v -0.1069451 0.06290001 0.147720143
v -0.107399568 0.06290001 0.147572383
v -0.1073227 0.06290001 0.146246687
v -0.10793905 0.06290001 0.1473345
v -0.107886054 0.06290001 0.146420613
v -0.09535924 0.06290001 0.147655576
v -0.105635718 0.06290001 0.149088711
v -0.0953534544 0.06290001 0.147555739
v -0.1053954 0.06290001 0.1449444
v -0.09429586 0.06290001 0.1483674
v -0.09436092 0.06290001 0.147713453
v -0.09393609 0.06290001 0.1480014
v -0.106404543 0.06290001 0.149160892
v -0.106150843 0.06290001 0.15082252
v -0.106548741 0.06290001 0.1491884
v -0.1064052 0.06290001 0.149160966
v -0.106296673 0.06290001 0.1508393
v -0.106151469 0.06290001 0.150822639
v -0.106871665 0.06290001 0.149288148
v -0.106634639 0.06290001 0.150840461
v -0.10731034 0.06290001 0.14947772
v -0.107109904 0.06290001 0.150790423
v -0.107825235 0.06290001 0.149764985
v -0.107687049 0.06290001 0.1506699
v -0.105360135 0.06290001 0.140126973
v -0.105945528 0.06290001 0.140056729
v -0.106365643 0.06290001 0.14087005
v -0.105969571 0.06290001 0.141306788
v -0.104893789 0.06290001 0.140231445
v -0.105614476 0.06290001 0.141626626
v -0.104573905 0.06290001 0.140340567
v -0.105340362 0.06290001 0.141824335
v -0.104441106 0.06290001 0.140403077
v -0.104441658 0.06290001 0.140402749
v -0.105212525 0.06290001 0.141896471
v -0.105213113 0.06290001 0.1418962
v -0.103776678 0.06290001 0.140796587
v -0.104507066 0.06290001 0.142210558
v -0.09511015 0.06290001 0.146514863
v -0.104974955 0.06290001 0.143409446
v -0.09462045 0.06290001 0.1456775
v -0.10306976 0.06290001 0.139721185
v -0.09384683 0.06290001 0.146311134
v -0.09455709 0.06290001 0.14560014
v -0.09417857 0.06290001 0.146878421
v -0.09367239 0.06290001 0.1467938
v -0.09514649 0.06290001 0.14660804
v -0.102061339 0.06290001 0.138489947
v -0.103694491 0.06290001 0.139267266
v -0.102629438 0.06290001 0.137966886
v -0.101146288 0.06290001 0.137585014
v -0.103804544 0.06290001 0.139170125
v -0.103695013 0.06290001 0.139266878
v -0.102746345 0.06290001 0.137878135
v -0.102629915 0.06290001 0.137966454
v -0.104031563 0.06290001 0.138919756
v -0.103036545 0.06290001 0.1377049
v -0.104312383 0.06290001 0.138533086
v -0.103470981 0.06290001 0.137505755
v -0.104609013 0.06290001 0.138023525
v -0.10402897 0.06290001 0.137315333
v -0.09383261 0.06290001 0.144955084
v -0.09329265 0.06290001 0.145796761
v -0.09378345 0.06290001 0.146233767
v -0.0932759 0.06290001 0.1463097
v -0.09990391 0.06290001 0.136590362
v -0.101662993 0.06290001 0.137011141
v -0.0937484354 0.06290001 0.144901082
v -0.100350842 0.06290001 0.135960609
v -0.101750448 0.06290001 0.136893243
v -0.101663426 0.06290001 0.137010649
v -0.100446753 0.06290001 0.135849491
v -0.100351229 0.06290001 0.135960087
v -0.101920441 0.06290001 0.136601135
v -0.1006946 0.06290001 0.1356197
v -0.102114744 0.06290001 0.136164516
v -0.101078123 0.06290001 0.135334581
v -0.102298938 0.06290001 0.135604441
v -0.101584338 0.06290001 0.135032326
v -0.09739868 0.06290001 0.135180816
v -0.0992068052 0.06290001 0.135226682
v -0.09619467 0.06290001 0.134726316
v -0.0964333 0.06290001 0.133991882
v -0.09770492 0.06290001 0.134471923
v -0.0948073044 0.06290001 0.133565888
v -0.09926784 0.06290001 0.135093182
v -0.0992071256 0.06290001 0.135226116
v -0.09777562 0.06290001 0.1343433
v -0.0977051854 0.06290001 0.134471342
v -0.09937339 0.06290001 0.1347721
v -0.0979702845 0.06290001 0.134066984
v -0.0994726643 0.06290001 0.134304643
v -0.09828615 0.06290001 0.133708373
v -0.0995364 0.06290001 0.1337185
v -0.09871845 0.06290001 0.133307457
v -0.09646523 0.06290001 0.133848622
v -0.09643349 0.06290001 0.133991271
v -0.09484972 0.06290001 0.133425355
v -0.09480743 0.06290001 0.133565247
v -0.0965017155 0.06290001 0.133512616
v -0.09498267 0.06290001 0.133114636
v -0.09650163 0.06290001 0.133034721
v -0.09521707 0.06290001 0.132698178
v -0.0964421 0.06290001 0.132448137
v -0.09555657 0.06290001 0.132216126
v -0.106663026 0.06290001 0.143083692
v -0.107250229 0.06290001 0.1431367
v -0.107492059 0.06290001 0.144019589
v -0.107013844 0.06290001 0.144364432
v -0.106185153 0.06290001 0.143088937
v -0.106600009 0.06290001 0.144603461
v -0.105849579 0.06290001 0.143129155
v -0.106290787 0.06290001 0.144739851
v -0.105706669 0.06290001 0.143162668
v -0.105707288 0.06290001 0.143162474
v -0.106150739 0.06290001 0.144783825
v -0.106151365 0.06290001 0.144783691
v -0.0942149162 0.06290001 0.146971583
v -0.09435513 0.06290001 0.14761363
v -0.0938998759 0.06290001 0.147376716
v -0.08560569 0.06290001 0.161898464
v -0.08517338 0.06290001 0.162299365
v -0.08435544 0.06290001 0.161888316
v -0.08441917 0.06290001 0.161302209
v -0.0859215558 0.06290001 0.161539853
v -0.08451845 0.06290001 0.160834715
v -0.0861162 0.06290001 0.161263555
v -0.084624 0.06290001 0.160513654
v -0.08618665 0.06290001 0.1611355
v -0.08468471 0.06290001 0.160380721
v -0.09214391 0.06290001 0.145813242
v -0.0918559656 0.06290001 0.145388409
v -0.09250991 0.06290001 0.145453468
v -0.09276335 0.06290001 0.144486114
v -0.0917980745 0.06290001 0.144390091
v -0.0917356461 0.06290001 0.144177154
v -0.0916982442 0.06290001 0.144395888
v -0.09286009 0.06290001 0.144511476
v -0.09260665 0.06290001 0.145478815
v -0.09320848 0.06290001 0.145742759
v -0.09274922 0.06290001 0.145971835
v -0.09175613 0.06290001 0.145394191
v -0.09111409 0.06290001 0.145534411
v -0.0915192142 0.06290001 0.145849466
v -0.0917980745 0.0599 0.144390091
v -0.0918559656 0.0599 0.145388409
v -0.0916982442 0.0599 0.144395888
v -0.09175613 0.0599 0.145394191
v -0.0918315649 0.0599 0.145831347
v -0.09214391 0.0599 0.145813242
v -0.0915192142 0.0599 0.145849466
v -0.0918427557 0.0599 0.146024391
v -0.09186405 0.0599 0.146391571
v -0.09274922 0.0599 0.145971835
v -0.09260665 0.0599 0.145478815
v -0.09250991 0.0599 0.145453468
v -0.09286009 0.0599 0.144511476
v -0.09276335 0.0599 0.144486114
v -0.0909363 0.0599 0.146076947
v -0.09102093 0.0599 0.14557077
v -0.09111409 0.0599 0.145534411
v -0.09065738 0.0599 0.1446392
v -0.09075054 0.0599 0.144602835
v -0.09225957 0.0599 0.146853879
v -0.092070654 0.0599 0.146811217
v -0.0918880254 0.0599 0.1468051
v -0.09170734 0.0599 0.146832287
v -0.0915246159 0.0599 0.1468965
v -0.09244376 0.0599 0.146936148
v -0.09135117 0.0599 0.1469995
v -0.0932759 0.0599 0.1463097
v -0.0926109 0.0599 0.147056565
v -0.09274983 0.0599 0.147208661
v -0.09045221 0.0599 0.146473438
v -0.0911990553 0.0599 0.147138432
v -0.09107865 0.0599 0.147305578
v -0.09329265 0.0599 0.145796761
v -0.09320848 0.0599 0.145742759
v -0.09383261 0.0599 0.144955084
v -0.0937484354 0.0599 0.144901082
v -0.09367239 0.0599 0.1467938
v -0.09285283 0.0599 0.14738211
v -0.0938998759 0.0599 0.147376716
v -0.09291704 0.0599 0.147564843
v -0.09294424 0.0599 0.147745535
v -0.09384683 0.0599 0.146311134
v -0.09378345 0.0599 0.146233767
v -0.09462045 0.0599 0.1456775
v -0.09455709 0.0599 0.14560014
v -0.09417857 0.0599 0.146878421
v -0.0942149162 0.0599 0.146971583
v -0.09514649 0.0599 0.14660804
v -0.09511015 0.0599 0.146514863
v -0.09393609 0.0599 0.1480014
v -0.09293811 0.0599 0.147928149
v -0.09289546 0.0599 0.14811708
v -0.09436092 0.0599 0.147713453
v -0.09435513 0.0599 0.14761363
v -0.0953534544 0.0599 0.147555739
v -0.09535924 0.0599 0.147655576
v -0.09377751 0.0599 0.148606718
v -0.0928131938 0.0599 0.148301259
v -0.09427052 0.0599 0.148464143
v -0.09429586 0.0599 0.1483674
v -0.0952632055 0.0599 0.148620844
v -0.095237866 0.0599 0.148717582
v -0.09343963 0.0599 0.149133384
v -0.09269276 0.0599 0.1484684
v -0.09400657 0.0599 0.149065986
v -0.09254067 0.0599 0.148607329
v -0.0939525738 0.0599 0.149150133
v -0.09484826 0.0599 0.14960593
v -0.09479426 0.0599 0.1496901
v -0.09295554 0.0599 0.149529874
v -0.0923672244 0.0599 0.14871034
v -0.09237261 0.0599 0.149757355
v -0.0921845 0.0599 0.148774534
v -0.09351556 0.0599 0.149640962
v -0.09200381 0.0599 0.148801744
v -0.0934381858 0.0599 0.149704322
v -0.0941491947 0.0599 0.150414586
v -0.0940718353 0.0599 0.150477946
v -0.092870906 0.0599 0.150036067
v -0.0927777439 0.0599 0.150072411
v -0.0932344645 0.0599 0.150967643
v -0.0931413 0.0599 0.151004
v -0.09174793 0.0599 0.1497936
v -0.09182118 0.0599 0.1487956
v -0.09163227 0.0599 0.148752958
v -0.09203587 0.0599 0.150218427
v -0.0921357051 0.0599 0.150212631
v -0.0921935961 0.0599 0.151210964
v -0.09209376 0.0599 0.151216745
v -0.09114262 0.0599 0.149635017
v -0.09144808 0.0599 0.148670688
v -0.09128519 0.0599 0.150128022
v -0.09138193 0.0599 0.150153354
v -0.0910317451 0.0599 0.151095375
v -0.09112849 0.0599 0.1511207
v -0.09061594 0.0599 0.149297133
v -0.09128093 0.0599 0.148550272
v -0.091142 0.0599 0.148398161
v -0.0905991942 0.0599 0.149810061
v -0.09068336 0.0599 0.149864063
v -0.09005923 0.0599 0.150651753
v -0.09014339 0.0599 0.150705755
v -0.09021945 0.0599 0.148813039
v -0.091039 0.0599 0.148224711
v -0.08999197 0.0599 0.1482301
v -0.09097479 0.0599 0.148042008
v -0.0909476 0.0599 0.1478613
v -0.09004502 0.0599 0.149295688
v -0.09010838 0.0599 0.149373055
v -0.089271374 0.0599 0.14992933
v -0.08933474 0.0599 0.1500067
v -0.08971327 0.0599 0.1487284
v -0.08967691 0.0599 0.148635238
v -0.08874534 0.0599 0.148998812
v -0.0887817 0.0599 0.149091959
v -0.08995574 0.0599 0.147605419
v -0.09095372 0.0599 0.147678673
v -0.0909963846 0.0599 0.147489771
v -0.089530915 0.0599 0.147893369
v -0.08953671 0.0599 0.1479932
v -0.0885383859 0.0599 0.148051083
v -0.0885326 0.0599 0.14795126
v -0.09011433 0.0599 0.147000119
v -0.08962132 0.0599 0.1471427
v -0.08959597 0.0599 0.147239432
v -0.08862862 0.0599 0.146985978
v -0.08865397 0.0599 0.146889254
v -0.0898852646 0.0599 0.146540865
v -0.08993927 0.0599 0.146456689
v -0.08904359 0.0599 0.146000892
v -0.08909758 0.0599 0.14591673
v -0.09037628 0.0599 0.145965874
v -0.09045363 0.0599 0.145902514
v -0.0897426456 0.0599 0.145192236
v -0.08982001 0.0599 0.145128876
v -0.107825235 0.0589000024 0.149764985
v -0.107825235 0.06290001 0.149764985
v -0.10731034 0.0589000024 0.14947772
v -0.107173033 0.0613000058 0.149412572
v -0.10731034 0.06290001 0.14947772
v -0.106871665 0.06290001 0.149288148
v -0.106665954 0.0613000058 0.149219841
v -0.106548741 0.06290001 0.1491884
v -0.106467642 0.0613000058 0.149170816
v -0.1064052 0.06290001 0.149160966
v -0.106665954 0.0607000068 0.149219841
v -0.107173033 0.0607000068 0.149412572
v -0.106467642 0.0607000068 0.149170816
v -0.10641899 0.0613000058 0.1491627
v -0.10641899 0.0607000068 0.1491627
v -0.1064052 0.0589000024 0.149160966
v -0.106404871 0.0609000027 0.149160936
v -0.106404543 0.06290001 0.149160892
v -0.10641899 0.0601000041 0.1491627
v -0.106467642 0.0601000041 0.149170816
v -0.106665954 0.0601000041 0.149219841
v -0.106404543 0.0589000024 0.149160892
v -0.10602013 0.0609000027 0.1491248
v -0.105635718 0.06290001 0.149088711
v -0.105635718 0.0589000024 0.149088711
v -0.10641899 0.0598000027 0.1491627
v -0.106467642 0.0598000027 0.149170816
v -0.107173033 0.0601000041 0.149412572
v -0.106665954 0.0598000027 0.149219841
v -0.10641899 0.0595 0.1491627
v -0.106467642 0.0595 0.149170816
v -0.107173033 0.0598000027 0.149412572
v -0.10641899 0.0592000037 0.1491627
v -0.106467642 0.0592000037 0.149170816
v -0.106548741 0.0589000024 0.1491884
v -0.106665954 0.0595 0.149219841
v -0.106665954 0.0592000037 0.149219841
v -0.106871665 0.0589000024 0.149288148
v -0.107173033 0.0595 0.149412572
v -0.107173033 0.0592000037 0.149412572
v -0.107109904 0.06290001 0.150790423
v -0.107687049 0.06290001 0.1506699
v -0.107687049 0.0589000024 0.1506699
v -0.106905863 0.0613000058 0.15081805
v -0.107109904 0.0589000024 0.150790423
v -0.106634639 0.06290001 0.150840461
v -0.106634639 0.0589000024 0.150840461
v -0.1063415 0.0613000058 0.150841847
v -0.106296673 0.06290001 0.1508393
v -0.106296673 0.0589000024 0.1508393
v -0.106200159 0.0613000058 0.150830165
v -0.106151469 0.06290001 0.150822639
v -0.106151469 0.0589000024 0.150822639
v -0.10616371 0.0613000058 0.150824875
v -0.106151164 0.0609000027 0.150822565
v -0.106150843 0.0589000024 0.15082252
v -0.106150843 0.06290001 0.15082252
v -0.107070394 0.0589000024 0.1530236
v -0.107070394 0.06290001 0.1530236
v -0.106626488 0.0589000024 0.152635589
v -0.106505722 0.0613000058 0.1525433
v -0.106626488 0.06290001 0.152635589
v -0.1062368 0.06290001 0.152358934
v -0.106049806 0.0613000058 0.152249351
v -0.105941683 0.06290001 0.152194217
v -0.105866008 0.0613000058 0.152160183
v -0.105806969 0.06290001 0.152137548
v -0.106049806 0.0607000068 0.152249351
v -0.106505722 0.0607000068 0.1525433
v -0.105866008 0.0607000068 0.152160183
v -0.105820112 0.0613000058 0.152142107
v -0.105820112 0.0607000068 0.152142107
v -0.105806969 0.0589000024 0.152137548
v -0.105806664 0.0609000027 0.152137443
v -0.105806358 0.06290001 0.152137354
v -0.105820112 0.0601000041 0.152142107
v -0.105866008 0.0601000041 0.152160183
v -0.106049806 0.0601000041 0.152249351
v -0.105806358 0.0589000024 0.152137354
v -0.105437852 0.0609000027 0.152022123
v -0.105069324 0.06290001 0.1519069
v -0.105069324 0.0589000024 0.1519069
v -0.105820112 0.0598000027 0.152142107
v -0.105866008 0.0598000027 0.152160183
v -0.106505722 0.0601000041 0.1525433
v -0.106049806 0.0598000027 0.152249351
v -0.105820112 0.0595 0.152142107
v -0.105866008 0.0595 0.152160183
v -0.106505722 0.0598000027 0.1525433
v -0.105820112 0.0592000037 0.152142107
v -0.105866008 0.0592000037 0.152160183
v -0.105941683 0.0589000024 0.152194217
v -0.106049806 0.0595 0.152249351
v -0.106049806 0.0592000037 0.152249351
v -0.1062368 0.0589000024 0.152358934
v -0.106505722 0.0595 0.1525433
v -0.106505722 0.0592000037 0.1525433
v -0.106157511 0.06290001 0.153877914
v -0.106747083 0.06290001 0.15388003
v -0.106747083 0.0589000024 0.15388003
v -0.105952173 0.0613000058 0.153862521
v -0.106157511 0.0589000024 0.153877914
v -0.105682224 0.06290001 0.153828055
v -0.105682224 0.0589000024 0.153828055
v -0.1053952 0.0613000058 0.153768465
v -0.105351873 0.06290001 0.153756648
v -0.105351873 0.0589000024 0.153756648
v -0.105259359 0.0613000058 0.153727651
v -0.105213307 0.06290001 0.153710157
v -0.105213307 0.0589000024 0.153710157
v -0.105224833 0.0613000058 0.15371488
v -0.105213016 0.0609000027 0.153710037
v -0.105212718 0.0589000024 0.1537099
v -0.105212718 0.06290001 0.1537099
v -0.105654538 0.0589000024 0.15605408
v -0.105654538 0.06290001 0.15605408
v -0.105301008 0.0589000024 0.155582249
v -0.105202079 0.0613000058 0.155466884
v -0.105301008 0.06290001 0.155582249
v -0.104977377 0.06290001 0.155230626
v -0.104817234 0.0613000058 0.155084565
v -0.104722932 0.06290001 0.155008167
v -0.104655996 0.0613000058 0.154959127
v -0.104602955 0.06290001 0.154924721
v -0.104817234 0.0607000068 0.155084565
v -0.105202079 0.0607000068 0.155466884
v -0.104655996 0.0607000068 0.154959127
v -0.104614861 0.0613000058 0.1549319
v -0.104614861 0.0607000068 0.1549319
v -0.104602955 0.0589000024 0.154924721
v -0.10460268 0.0609000027 0.154924557
v -0.1046024 0.06290001 0.1549244
v -0.104614861 0.0601000041 0.1549319
v -0.104655996 0.0601000041 0.154959127
v -0.104817234 0.0601000041 0.155084565
v -0.1046024 0.0589000024 0.1549244
v -0.104265891 0.0609000027 0.154735059
v -0.103929386 0.06290001 0.154545739
v -0.103929386 0.0589000024 0.154545739
v -0.104614861 0.0598000027 0.1549319
v -0.104655996 0.0598000027 0.154959127
v -0.105202079 0.0601000041 0.155466884
v -0.104817234 0.0598000027 0.155084565
v -0.104614861 0.0595 0.1549319
v -0.104655996 0.0595 0.154959127
v -0.105202079 0.0598000027 0.155466884
v -0.104614861 0.0592000037 0.1549319
v -0.104655996 0.0592000037 0.154959127
v -0.104722932 0.0589000024 0.155008167
v -0.104817234 0.0595 0.155084565
v -0.104817234 0.0592000037 0.155084565
v -0.104977377 0.0589000024 0.155230626
v -0.105202079 0.0595 0.155466884
v -0.105202079 0.0592000037 0.155466884
v -0.104583986 0.06290001 0.156699941
v -0.105160251 0.06290001 0.156824574
v -0.105160251 0.0589000024 0.156824574
v -0.104386345 0.0613000058 0.156642184
v -0.104583986 0.0589000024 0.156699941
v -0.104129456 0.06290001 0.156552345
v -0.104129456 0.0589000024 0.156552345
v -0.1038611 0.0613000058 0.156434357
v -0.103821173 0.06290001 0.1564138
v -0.103821173 0.0589000024 0.1564138
v -0.103736728 0.0613000058 0.156366214
v -0.103695311 0.06290001 0.156339541
v -0.103695311 0.0589000024 0.156339541
v -0.103705592 0.0613000058 0.156346545
v -0.10369505 0.0609000027 0.156339347
v -0.103694789 0.0589000024 0.156339169
v -0.103694789 0.06290001 0.156339169
v -0.107492059 0.0589000024 0.144019589
v -0.107250229 0.0589000024 0.1431367
v -0.106663026 0.0589000024 0.143083692
v -0.107013844 0.0589000024 0.144364432
v -0.106185153 0.0589000024 0.143088937
v -0.106600009 0.0589000024 0.144603461
v -0.105849579 0.0589000024 0.143129155
v -0.106290787 0.0589000024 0.144739851
v -0.105706669 0.0589000024 0.143162668
v -0.105707288 0.0589000024 0.143162474
v -0.106150739 0.0589000024 0.144783825
v -0.106151365 0.0589000024 0.144783691
v -0.104974955 0.0589000024 0.143409446
v -0.1053954 0.0589000024 0.1449444
v -0.09291704 0.0589000024 0.147564843
v -0.105603784 0.0589000024 0.146214351
v -0.09285283 0.0589000024 0.14738211
v -0.104507066 0.0589000024 0.142210558
v -0.09294424 0.0589000024 0.147745535
v -0.103776678 0.0589000024 0.140796587
v -0.09274983 0.0589000024 0.147208661
v -0.105212525 0.0589000024 0.141896471
v -0.105695918 0.0589000024 0.147803187
v -0.09293811 0.0589000024 0.147928149
v -0.106468126 0.0589000024 0.147803158
v -0.105635718 0.0589000024 0.149088711
v -0.106370822 0.0589000024 0.146125123
v -0.105395496 0.0589000024 0.150661975
v -0.09289546 0.0589000024 0.14811708
v -0.106404543 0.0589000024 0.149160892
v -0.105069324 0.0589000024 0.1519069
v -0.106150843 0.0589000024 0.15082252
v -0.104507275 0.0589000024 0.153395832
v -0.0928131938 0.0589000024 0.148301259
v -0.105806358 0.0589000024 0.152137354
v -0.103929386 0.0589000024 0.154545739
v -0.105212718 0.0589000024 0.1537099
v -0.10307005 0.0589000024 0.155885279
v -0.09269276 0.0589000024 0.1484684
v -0.1046024 0.0589000024 0.1549244
v -0.102265716 0.0589000024 0.156889915
v -0.103694789 0.0589000024 0.156339169
v -0.101146631 0.0589000024 0.15802148
v -0.09254067 0.0589000024 0.148607329
v -0.102845289 0.0589000024 0.157400221
v -0.100151017 0.0589000024 0.158836961
v -0.101663366 0.0589000024 0.158595368
v -0.09882112 0.0589000024 0.159711152
v -0.0923672244 0.0589000024 0.14871034
v -0.100611821 0.0589000024 0.1594566
v -0.09767771 0.0589000024 0.160301775
v -0.0992072448 0.0589000024 0.160379887
v -0.0961951241 0.0589000024 0.160880372
v -0.0921845 0.0589000024 0.148774534
v -0.09799962 0.0589000024 0.1610037
v -0.09495391 0.0589000024 0.161220372
v -0.0964337662 0.0589000024 0.161614791
v -0.093383424 0.0589000024 0.161478072
v -0.09200381 0.0589000024 0.148801744
v -0.09512284 0.0589000024 0.161973864
v -0.09209863 0.0589000024 0.161552578
v -0.09346415 0.0589000024 0.162246048
v -0.09182118 0.0589000024 0.1487956
v -0.100687876 0.0589000024 0.159582168
v -0.1006122 0.0589000024 0.159457117
v -0.09929235 0.0589000024 0.160499513
v -0.09920757 0.0589000024 0.160380453
v -0.100829832 0.0589000024 0.159888878
v -0.09951763 0.0589000024 0.160751462
v -0.100982472 0.0589000024 0.16034174
v -0.099872835 0.0589000024 0.161071151
v -0.101113528 0.0589000024 0.160916582
v -0.100348577 0.0589000024 0.161419421
v -0.09050889 0.0589000024 0.161478132
v -0.08923669 0.0589000024 0.161283851
v -0.09042818 0.0589000024 0.1622461
v -0.092107214 0.0589000024 0.162324741
v -0.09163227 0.0589000024 0.148752958
v -0.0904267356 0.0589000024 0.162392884
v -0.0904281139 0.0589000024 0.162246749
v -0.09209494 0.0589000024 0.162471011
v -0.092107214 0.0589000024 0.162325382
v -0.0904609 0.0589000024 0.162729144
v -0.0920295 0.0589000024 0.162802577
v -0.09056033 0.0589000024 0.163196564
v -0.0918868 0.0589000024 0.163258687
v -0.09074052 0.0589000024 0.16375795
v -0.09165495 0.0589000024 0.163800746
v -0.08769716 0.0589000024 0.160880521
v -0.08745855 0.0589000024 0.16161494
v -0.08649316 0.0589000024 0.160426021
v -0.0890845358 0.0589000024 0.162040949
v -0.09144808 0.0589000024 0.148670688
v -0.08742661 0.0589000024 0.161758214
v -0.08745835 0.0589000024 0.161615551
v -0.08904211 0.0589000024 0.162181467
v -0.0890844 0.0589000024 0.162041575
v -0.08739011 0.0589000024 0.162094221
v -0.08890918 0.0589000024 0.162492216
v -0.08739021 0.0589000024 0.1625721
v -0.08867477 0.0589000024 0.162908658
v -0.08744974 0.0589000024 0.1631587
v -0.08833526 0.0589000024 0.1633907
v -0.08507112 0.0589000024 0.159711391
v -0.08398792 0.0589000024 0.159016475
v -0.08468502 0.0589000024 0.16038014
v -0.0861869156 0.0589000024 0.1611349
v -0.09128093 0.0589000024 0.148550272
v -0.084624 0.0589000024 0.160513654
v -0.08468471 0.0589000024 0.160380721
v -0.0861162 0.0589000024 0.161263555
v -0.08618665 0.0589000024 0.1611355
v -0.08451845 0.0589000024 0.160834715
v -0.0859215558 0.0589000024 0.161539853
v -0.08441917 0.0589000024 0.161302209
v -0.08560569 0.0589000024 0.161898464
v -0.08435544 0.0589000024 0.161888316
v -0.08517338 0.0589000024 0.162299365
v -0.0827455446 0.0589000024 0.158021823
v -0.08222885 0.0589000024 0.158595681
v -0.0818305 0.0589000024 0.15711689
v -0.08354098 0.0589000024 0.159646213
v -0.091142 0.0589000024 0.148398161
v -0.08214139 0.0589000024 0.1587136
v -0.0822284147 0.0589000024 0.158596188
v -0.08344509 0.0589000024 0.159757346
v -0.08354061 0.0589000024 0.159646735
v -0.08197139 0.0589000024 0.159005687
v -0.08319724 0.0589000024 0.159987137
v -0.0817770958 0.0589000024 0.1594423
v -0.08281372 0.0589000024 0.160272256
v -0.0815929 0.0589000024 0.1600024
v -0.0823075 0.0589000024 0.160574526
v -0.08082207 0.0589000024 0.155885652
v -0.08011516 0.0589000024 0.15481025
v -0.08019735 0.0589000024 0.156339556
v -0.0812624 0.0589000024 0.157639951
v -0.091039 0.0589000024 0.148224711
v -0.0800873 0.0589000024 0.1564367
v -0.08019682 0.0589000024 0.156339943
v -0.08114548 0.0589000024 0.1577287
v -0.0812619254 0.0589000024 0.157640368
v -0.07986028 0.0589000024 0.156687066
v -0.08085528 0.0589000024 0.157901943
v -0.07957944 0.0589000024 0.157073751
v -0.08042086 0.0589000024 0.158101082
v -0.07928283 0.0589000024 0.1575833
v -0.07986286 0.0589000024 0.158291489
v -0.07938476 0.0589000024 0.153396264
v -0.0786793157 0.0589000024 0.153710365
v -0.078916885 0.0589000024 0.152197376
v -0.07945074 0.0589000024 0.15520376
v -0.09097479 0.0589000024 0.148042008
v -0.07855147 0.0589000024 0.1537825
v -0.07867873 0.0589000024 0.153710634
v -0.07931792 0.0589000024 0.155266255
v -0.0794501752 0.0589000024 0.155204087
v -0.07827736 0.0589000024 0.15398021
v -0.0789980441 0.0589000024 0.155375391
v -0.07792227 0.0589000024 0.154300049
v -0.0785317 0.0589000024 0.155479863
v -0.07752619 0.0589000024 0.154736787
v -0.07794631 0.0589000024 0.155550092
v -0.07849644 0.0589000024 0.150662422
v -0.07828805 0.0589000024 0.149392471
v -0.0777411 0.0589000024 0.150823
v -0.0909476 0.0589000024 0.1478613
v -0.07818516 0.0589000024 0.152444154
v -0.07819592 0.0589000024 0.147803664
v -0.07752101 0.0589000024 0.149481714
v -0.09095372 0.0589000024 0.147678673
v -0.07825612 0.0589000024 0.146518126
v -0.07742371 0.0589000024 0.147803664
v -0.07849634 0.0589000024 0.144944862
v -0.0909963846 0.0589000024 0.147489771
v -0.07748729 0.0589000024 0.146445945
v -0.07882251 0.0589000024 0.143699929
v -0.077741 0.0589000024 0.144784316
v -0.0793845654 0.0589000024 0.142211
v -0.09107865 0.0589000024 0.147305578
v -0.07808548 0.0589000024 0.143469483
v -0.07737425 0.0589000024 0.149484813
v -0.07752037 0.0589000024 0.149481788
v -0.07727758 0.0589000024 0.147817567
v -0.07742306 0.0589000024 0.147803664
v -0.07703765 0.0589000024 0.149454385
v -0.07694674 0.0589000024 0.1478867
v -0.0764922649 0.0589000024 0.148034453
v -0.07656914 0.0589000024 0.149360135
v -0.07600578 0.0589000024 0.149186209
v -0.07595279 0.0589000024 0.148272336
v -0.07996245 0.0589000024 0.1410611
v -0.0917356461 0.0589000024 0.144177154
v -0.0911990553 0.0589000024 0.147138432
v -0.09135117 0.0589000024 0.1469995
v -0.0915246159 0.0589000024 0.1468965
v -0.09170734 0.0589000024 0.146832287
v -0.0918880254 0.0589000024 0.1468051
v -0.092070654 0.0589000024 0.146811217
v -0.09225957 0.0589000024 0.146853879
v -0.09244376 0.0589000024 0.146936148
v -0.0926109 0.0589000024 0.147056565
v -0.0808218 0.0589000024 0.139721572
v -0.0792894438 0.0589000024 0.140682444
v -0.09158063 0.0589000024 0.1415038
v -0.08162612 0.0589000024 0.138716921
v -0.0827451944 0.0589000024 0.137585342
v -0.08019705 0.0589000024 0.139267668
v -0.08104655 0.0589000024 0.138206616
v -0.10306976 0.0589000024 0.139721185
v -0.102061339 0.0589000024 0.138489947
v -0.103694491 0.0589000024 0.139267266
v -0.0791689 0.0589000024 0.140598685
v -0.07928887 0.0589000024 0.140682131
v -0.08007066 0.0589000024 0.139193028
v -0.08019653 0.0589000024 0.1392673
v -0.07891446 0.0589000024 0.14037621
v -0.0797623843 0.0589000024 0.139054492
v -0.07859082 0.0589000024 0.140024588
v -0.0793078542 0.0589000024 0.1389069
v -0.07823729 0.0589000024 0.139552742
v -0.07873158 0.0589000024 0.138782248
v -0.102629438 0.0589000024 0.137966886
v -0.103804544 0.0589000024 0.139170125
v -0.103695013 0.0589000024 0.139266878
v -0.102746345 0.0589000024 0.137878135
v -0.102629915 0.0589000024 0.137966454
v -0.104031563 0.0589000024 0.138919756
v -0.103036545 0.0589000024 0.1377049
v -0.104312383 0.0589000024 0.138533086
v -0.103470981 0.0589000024 0.137505755
v -0.104609013 0.0589000024 0.138023525
v -0.10402897 0.0589000024 0.137315333
v -0.101146288 0.0589000024 0.137585014
v -0.09990391 0.0589000024 0.136590362
v -0.101662993 0.0589000024 0.137011141
v -0.100350842 0.0589000024 0.135960609
v -0.09882071 0.0589000024 0.135895446
v -0.09144157 0.0589000024 0.139105752
v -0.0837408155 0.0589000024 0.136769876
v -0.09739868 0.0589000024 0.135180816
v -0.0992068052 0.0589000024 0.135226682
v -0.101750448 0.0589000024 0.136893243
v -0.101663426 0.0589000024 0.137010649
v -0.100446753 0.0589000024 0.135849491
v -0.100351229 0.0589000024 0.135960087
v -0.101920441 0.0589000024 0.136601135
v -0.1006946 0.0589000024 0.1356197
v -0.102114744 0.0589000024 0.136164516
v -0.101078123 0.0589000024 0.135334581
v -0.102298938 0.0589000024 0.135604441
v -0.101584338 0.0589000024 0.135032326
v -0.09770492 0.0589000024 0.134471923
v -0.09926784 0.0589000024 0.135093182
v -0.0992071256 0.0589000024 0.135226116
v -0.09777562 0.0589000024 0.1343433
v -0.0977051854 0.0589000024 0.134471342
v -0.09937339 0.0589000024 0.1347721
v -0.0979702845 0.0589000024 0.134066984
v -0.0994726643 0.0589000024 0.134304643
v -0.09828615 0.0589000024 0.133708373
v -0.0995364 0.0589000024 0.1337185
v -0.09871845 0.0589000024 0.133307457
v -0.09619467 0.0589000024 0.134726316
v -0.09465515 0.0589000024 0.134322956
v -0.0964333 0.0589000024 0.133991882
v -0.0948073044 0.0589000024 0.133565888
v -0.09646523 0.0589000024 0.133848622
v -0.09643349 0.0589000024 0.133991271
v -0.09484972 0.0589000024 0.133425355
v -0.09480743 0.0589000024 0.133565247
v -0.0965017155 0.0589000024 0.133512616
v -0.09498267 0.0589000024 0.133114636
v -0.09650163 0.0589000024 0.133034721
v -0.09521707 0.0589000024 0.132698178
v -0.0964421 0.0589000024 0.132448137
v -0.09555657 0.0589000024 0.132216126
v -0.09132455 0.0589000024 0.137087837
v -0.09338294 0.0589000024 0.13412872
v -0.0912347 0.0589000024 0.13553825
v -0.0917932 0.0589000024 0.134054258
v -0.09346365 0.0589000024 0.133360729
v -0.09117593 0.0589000024 0.134524718
v -0.09050842 0.0589000024 0.134128764
v -0.0917846262 0.0589000024 0.1332821
v -0.08893792 0.0589000024 0.134386465
v -0.0876967 0.0589000024 0.134726465
v -0.0887690037 0.0589000024 0.133632958
v -0.09042769 0.0589000024 0.133360788
v -0.0934651047 0.0589000024 0.133213952
v -0.09346373 0.0589000024 0.133360088
v -0.0917969 0.0589000024 0.133135825
v -0.0917846262 0.0589000024 0.13328144
v -0.0934309438 0.0589000024 0.1328777
v -0.09186234 0.0589000024 0.13280423
v -0.09333149 0.0589000024 0.132410258
v -0.0920050442 0.0589000024 0.13234815
v -0.0931513 0.0589000024 0.131848887
v -0.09223689 0.0589000024 0.131806061
v -0.0887505859 0.0589000024 0.133487329
v -0.08876886 0.0589000024 0.133632317
v -0.09039858 0.0589000024 0.1332169
v -0.0904276147 0.0589000024 0.133360133
v -0.08874566 0.0589000024 0.133149385
v -0.09029526 0.0589000024 0.132895112
v -0.08879042 0.0589000024 0.132673591
v -0.0901008 0.0589000024 0.132458568
v -0.0889045 0.0589000024 0.132095143
v -0.08980784 0.0589000024 0.131946921
v -0.106157511 0.0589000024 0.153877914
v -0.106747083 0.0589000024 0.15388003
v -0.107070394 0.0589000024 0.1530236
v -0.106626488 0.0589000024 0.152635589
v -0.105682224 0.0589000024 0.153828055
v -0.1062368 0.0589000024 0.152358934
v -0.105351873 0.0589000024 0.153756648
v -0.105941683 0.0589000024 0.152194217
v -0.105213307 0.0589000024 0.153710157
v -0.105806969 0.0589000024 0.152137548
v -0.104583986 0.0589000024 0.156699941
v -0.105160251 0.0589000024 0.156824574
v -0.105654538 0.0589000024 0.15605408
v -0.105301008 0.0589000024 0.155582249
v -0.104129456 0.0589000024 0.156552345
v -0.104977377 0.0589000024 0.155230626
v -0.103821173 0.0589000024 0.1564138
v -0.104722932 0.0589000024 0.155008167
v -0.103695311 0.0589000024 0.156339541
v -0.104602955 0.0589000024 0.154924721
v -0.102458134 0.0589000024 0.159133136
v -0.102995872 0.0589000024 0.159374863
v -0.103639573 0.0589000024 0.158723965
v -0.103391863 0.0589000024 0.158188939
v -0.10204421 0.0589000024 0.158894241
v -0.103148408 0.0589000024 0.1577777
v -0.101771474 0.0589000024 0.158694655
v -0.102945782 0.0589000024 0.157507211
v -0.1016638 0.0589000024 0.15859583
v -0.102845766 0.0589000024 0.157400653
v -0.09694108 0.0589000024 0.162429333
v -0.09733403 0.0589000024 0.162868887
v -0.0981868058 0.0589000024 0.16253607
v -0.09817815 0.0589000024 0.16194655
v -0.0966601148 0.0589000024 0.162042737
v -0.0981229842 0.0589000024 0.161471844
v -0.09649214 0.0589000024 0.161749452
v -0.0980479 0.0589000024 0.161142319
v -0.0964339748 0.0589000024 0.1616154
v -0.09799988 0.0589000024 0.16100429
v -0.09379103 0.0589000024 0.163148254
v -0.094084 0.0589000024 0.163659915
v -0.09498734 0.0589000024 0.1635117
v -0.09510143 0.0589000024 0.162933245
v -0.09359658 0.0589000024 0.162711725
v -0.09514618 0.0589000024 0.162457451
v -0.0934932455 0.0589000024 0.162389934
v -0.09514124 0.0589000024 0.162119508
v -0.0934642255 0.0589000024 0.162246689
v -0.09512298 0.0589000024 0.161974519
v -0.07639977 0.0589000024 0.151587248
v -0.07664161 0.0589000024 0.152470142
v -0.0772288144 0.0589000024 0.15252313
v -0.076878 0.0589000024 0.1512424
v -0.07770668 0.0589000024 0.152517915
v -0.07729182 0.0589000024 0.151003376
v -0.0780422539 0.0589000024 0.152477682
v -0.07760106 0.0589000024 0.15086697
v -0.078184545 0.0589000024 0.152444363
v -0.07774047 0.0589000024 0.150823131
v -0.07678193 0.0589000024 0.1448164
v -0.0762047842 0.0589000024 0.144936919
v -0.07606661 0.0589000024 0.145841852
v -0.07658149 0.0589000024 0.146129116
v -0.0772572 0.0589000024 0.144766361
v -0.07702017 0.0589000024 0.1463187
v -0.0775951743 0.0589000024 0.144767538
v -0.07734309 0.0589000024 0.146418437
v -0.0777403638 0.0589000024 0.144784182
v -0.07748664 0.0589000024 0.14644587
v -0.07773433 0.0589000024 0.141728908
v -0.07714474 0.0589000024 0.141726792
v -0.07682145 0.0589000024 0.142583221
v -0.07726535 0.0589000024 0.142971262
v -0.07820962 0.0589000024 0.141778767
v -0.0776550248 0.0589000024 0.1432479
v -0.07853996 0.0589000024 0.141850188
v -0.07795016 0.0589000024 0.1434126
v -0.07867911 0.0589000024 0.141896933
v -0.07867852 0.0589000024 0.141896665
v -0.07808486 0.0589000024 0.143469289
v -0.08143371 0.0589000024 0.1364737
v -0.08089595 0.0589000024 0.136231974
v -0.0802522749 0.0589000024 0.136882856
v -0.08049996 0.0589000024 0.1374179
v -0.08184762 0.0589000024 0.136712581
v -0.08074343 0.0589000024 0.137829125
v -0.08212037 0.0589000024 0.136912182
v -0.08094606 0.0589000024 0.138099626
v -0.0822284743 0.0589000024 0.137011468
v -0.0822280347 0.0589000024 0.137010992
v -0.0810460746 0.0589000024 0.1382062
v -0.0840190053 0.0589000024 0.13453567
v -0.08354327 0.0589000024 0.134187415
v -0.08277832 0.0589000024 0.134690255
v -0.08290936 0.0589000024 0.135265082
v -0.08437421 0.0589000024 0.134855375
v -0.08306201 0.0589000024 0.135717958
v -0.08459949 0.0589000024 0.135107324
v -0.08320396 0.0589000024 0.136024669
v -0.0846845955 0.0589000024 0.135226935
v -0.08468427 0.0589000024 0.135226384
v -0.08328001 0.0589000024 0.136150226
v -0.0832796246 0.0589000024 0.1361497
v -0.0850707144 0.0589000024 0.135895684
v -0.08621411 0.0589000024 0.135305062
v -0.0858922154 0.0589000024 0.134603143
v -0.0874580741 0.0589000024 0.133992046
v -0.0858439356 0.0589000024 0.134464517
v -0.08589195 0.0589000024 0.134602547
v -0.0873997 0.0589000024 0.133857369
v -0.08745786 0.0589000024 0.13399142
v -0.08576885 0.0589000024 0.134134978
v -0.08723171 0.0589000024 0.133564085
v -0.0857137 0.0589000024 0.133660287
v -0.08695074 0.0589000024 0.1331775
v -0.08570503 0.0589000024 0.133070752
v -0.0865578 0.0589000024 0.132737949
v -0.106365643 0.0589000024 0.14087005
v -0.105945528 0.0589000024 0.140056729
v -0.105360135 0.0589000024 0.140126973
v -0.105969571 0.0589000024 0.141306788
v -0.104893789 0.0589000024 0.140231445
v -0.105614476 0.0589000024 0.141626626
v -0.104573905 0.0589000024 0.140340567
v -0.105340362 0.0589000024 0.141824335
v -0.104441106 0.0589000024 0.140403077
v -0.104441658 0.0589000024 0.140402749
v -0.105213113 0.0589000024 0.1418962
v -0.106517591 0.0589000024 0.146122038
v -0.106371477 0.0589000024 0.146125048
v -0.106614262 0.0589000024 0.14778927
v -0.106468782 0.0589000024 0.147803158
v -0.106854185 0.0589000024 0.146152452
v -0.1069451 0.0589000024 0.147720143
v -0.107399568 0.0589000024 0.147572383
v -0.1073227 0.0589000024 0.146246687
v -0.10793905 0.0589000024 0.1473345
v -0.107886054 0.0589000024 0.146420613
v -0.107109904 0.0589000024 0.150790423
v -0.107687049 0.0589000024 0.1506699
v -0.107825235 0.0589000024 0.149764985
v -0.10731034 0.0589000024 0.14947772
v -0.106634639 0.0589000024 0.150840461
v -0.106871665 0.0589000024 0.149288148
v -0.106296673 0.0589000024 0.1508393
v -0.106548741 0.0589000024 0.1491884
v -0.106151469 0.0589000024 0.150822639
v -0.1064052 0.0589000024 0.149160966
v -0.103639573 0.0589000024 0.158723965
v -0.103639573 0.06290001 0.158723965
v -0.103391863 0.0589000024 0.158188939
v -0.103319071 0.0613000058 0.158055514
v -0.103391863 0.06290001 0.158188939
v -0.103148408 0.06290001 0.1577777
v -0.103022128 0.0613000058 0.15760155
v -0.102945782 0.06290001 0.157507211
v -0.1028905 0.0613000058 0.157445341
v -0.102845766 0.06290001 0.157400653
v -0.103022128 0.0607000068 0.15760155
v -0.103319071 0.0607000068 0.158055514
v -0.1028905 0.0607000068 0.157445341
v -0.102855921 0.0613000058 0.157410145
v -0.102855921 0.0607000068 0.157410145
v -0.102845766 0.0589000024 0.157400653
v -0.102845535 0.0609000027 0.157400429
v -0.102845289 0.06290001 0.157400221
v -0.102855921 0.0601000041 0.157410145
v -0.1028905 0.0601000041 0.157445341
v -0.103022128 0.0601000041 0.15760155
v -0.102845289 0.0589000024 0.157400221
v -0.1025555 0.0609000027 0.157145053
v -0.102265716 0.06290001 0.156889915
v -0.102265716 0.0589000024 0.156889915
v -0.102855921 0.0598000027 0.157410145
v -0.1028905 0.0598000027 0.157445341
v -0.103319071 0.0601000041 0.158055514
v -0.103022128 0.0598000027 0.15760155
v -0.102855921 0.0595 0.157410145
v -0.1028905 0.0595 0.157445341
v -0.103319071 0.0598000027 0.158055514
v -0.102855921 0.0592000037 0.157410145
v -0.1028905 0.0592000037 0.157445341
v -0.102945782 0.0589000024 0.157507211
v -0.103022128 0.0595 0.15760155
v -0.103022128 0.0592000037 0.15760155
v -0.103148408 0.0589000024 0.1577777
v -0.103319071 0.0595 0.158055514
v -0.103319071 0.0592000037 0.158055514
v -0.102458134 0.06290001 0.159133136
v -0.102995872 0.06290001 0.159374863
v -0.102995872 0.0589000024 0.159374863
v -0.10227681 0.0613000058 0.159035534
v -0.102458134 0.0589000024 0.159133136
v -0.10204421 0.06290001 0.158894241
v -0.10204421 0.0589000024 0.158894241
v -0.101806238 0.0613000058 0.158723071
v -0.101771474 0.06290001 0.158694655
v -0.101771474 0.0589000024 0.158694655
v -0.101698756 0.0613000058 0.158630535
v -0.1016638 0.06290001 0.15859583
v -0.1016638 0.0589000024 0.15859583
v -0.101672396 0.0613000058 0.158604831
v -0.101663582 0.0609000027 0.158595592
v -0.101663366 0.0589000024 0.158595368
v -0.101663366 0.06290001 0.158595368
v -0.101113528 0.0589000024 0.160916582
v -0.101113528 0.06290001 0.160916582
v -0.100982472 0.0589000024 0.16034174
v -0.100939013 0.0613000058 0.160196111
v -0.100982472 0.06290001 0.16034174
v -0.100829832 0.06290001 0.159888878
v -0.100742944 0.0613000058 0.1596903
v -0.100687876 0.06290001 0.159582168
v -0.10064666 0.0613000058 0.159510136
v -0.1006122 0.06290001 0.159457117
v -0.100742944 0.0607000068 0.1596903
v -0.100939013 0.0607000068 0.160196111
v -0.10064666 0.0607000068 0.159510136
v -0.100620158 0.0613000058 0.159468532
v -0.100620158 0.0607000068 0.159468532
v -0.1006122 0.0589000024 0.159457117
v -0.100612015 0.0609000027 0.159456864
v -0.100611821 0.06290001 0.1594566
v -0.100620158 0.0601000041 0.159468532
v -0.10064666 0.0601000041 0.159510136
v -0.100742944 0.0601000041 0.1596903
v -0.100611821 0.0589000024 0.1594566
v -0.100381419 0.0609000027 0.159146771
v -0.100151017 0.06290001 0.158836961
v -0.100151017 0.0589000024 0.158836961
v -0.100620158 0.0598000027 0.159468532
v -0.10064666 0.0598000027 0.159510136
v -0.100939013 0.0601000041 0.160196111
v -0.100742944 0.0598000027 0.1596903
v -0.100620158 0.0595 0.159468532
v -0.10064666 0.0595 0.159510136
v -0.100939013 0.0598000027 0.160196111
v -0.100620158 0.0592000037 0.159468532
v -0.10064666 0.0592000037 0.159510136
v -0.100687876 0.0589000024 0.159582168
v -0.100742944 0.0595 0.1596903
v -0.100742944 0.0592000037 0.1596903
v -0.100829832 0.0589000024 0.159888878
v -0.100939013 0.0595 0.160196111
v -0.100939013 0.0592000037 0.160196111
v -0.099872835 0.06290001 0.161071151
v -0.100348577 0.06290001 0.161419421
v -0.100348577 0.0589000024 0.161419421
v -0.0997157544 0.0613000058 0.160938
v -0.099872835 0.0589000024 0.161071151
v -0.09951763 0.06290001 0.160751462
v -0.09951763 0.0589000024 0.160751462
v -0.09932045 0.0613000058 0.160534531
v -0.09929235 0.06290001 0.160499513
v -0.09929235 0.0589000024 0.160499513
v -0.0992345437 0.0613000058 0.160421669
v -0.09920757 0.06290001 0.160380453
v -0.09920757 0.0589000024 0.160380453
v -0.09921411 0.0613000058 0.160391048
v -0.0992074 0.0609000027 0.16038017
v -0.0992072448 0.0589000024 0.160379887
v -0.0992072448 0.06290001 0.160379887
v -0.0981868058 0.0589000024 0.16253607
v -0.0981868058 0.06290001 0.16253607
v -0.09817815 0.0589000024 0.16194655
v -0.09816591 0.0613000058 0.16179508
v -0.09817815 0.06290001 0.16194655
v -0.0981229842 0.06290001 0.161471844
v -0.09807929 0.0613000058 0.161259562
v -0.0980479 0.06290001 0.161142319
v -0.09802256 0.0613000058 0.1610633
v -0.09799988 0.06290001 0.16100429
v -0.09807929 0.0607000068 0.161259562
v -0.09816591 0.0607000068 0.16179508
v -0.09802256 0.0607000068 0.1610633
v -0.0980052948 0.0613000058 0.1610171
v -0.0980052948 0.0607000068 0.1610171
v -0.09799988 0.0589000024 0.16100429
v -0.09799975 0.0609000027 0.161003992
v -0.09799962 0.06290001 0.1610037
v -0.0980052948 0.0601000041 0.1610171
v -0.09802256 0.0601000041 0.1610633
v -0.09807929 0.0601000041 0.161259562
v -0.09799962 0.0589000024 0.1610037
v -0.09783867 0.0609000027 0.160652727
v -0.09767771 0.06290001 0.160301775
v -0.09767771 0.0589000024 0.160301775
v -0.0980052948 0.0598000027 0.1610171
v -0.09802256 0.0598000027 0.1610633
v -0.09816591 0.0601000041 0.16179508
v -0.09807929 0.0598000027 0.161259562
v -0.0980052948 0.0595 0.1610171
v -0.09802256 0.0595 0.1610633
v -0.09816591 0.0598000027 0.16179508
v -0.0980052948 0.0592000037 0.1610171
v -0.09802256 0.0592000037 0.1610633
v -0.0980479 0.0589000024 0.161142319
v -0.09807929 0.0595 0.161259562
v -0.09807929 0.0592000037 0.161259562
v -0.0981229842 0.0589000024 0.161471844
v -0.09816591 0.0595 0.16179508
v -0.09816591 0.0592000037 0.16179508
v -0.09694108 0.06290001 0.162429333
v -0.09733403 0.06290001 0.162868887
v -0.09733403 0.0589000024 0.162868887
v -0.09681515 0.0613000058 0.162266433
v -0.09694108 0.0589000024 0.162429333
v -0.0966601148 0.06290001 0.162042737
v -0.0966601148 0.0589000024 0.162042737
v -0.0965123549 0.0613000058 0.161789581
v -0.09649214 0.06290001 0.161749452
v -0.09649214 0.0589000024 0.161749452
v -0.09645179 0.0613000058 0.161661327
v -0.0964339748 0.06290001 0.1616154
v -0.0964339748 0.0589000024 0.1616154
v -0.09643816 0.0613000058 0.1616271
v -0.09643387 0.0609000027 0.161615089
v -0.0964337662 0.0589000024 0.161614791
v -0.0964337662 0.06290001 0.161614791
v -0.09498734 0.0589000024 0.1635117
v -0.09498734 0.06290001 0.1635117
v -0.09510143 0.0589000024 0.162933245
v -0.09512096 0.0613000058 0.16278252
v -0.09510143 0.06290001 0.162933245
v -0.09514618 0.06290001 0.162457451
v -0.095147565 0.0613000058 0.1622407
v -0.09514124 0.06290001 0.162119508
v -0.09513289 0.0613000058 0.16203694
v -0.09512298 0.06290001 0.161974519
v -0.095147565 0.0607000068 0.1622407
v -0.09512096 0.0607000068 0.16278252
v -0.09513289 0.0607000068 0.16203694
v -0.09512559 0.0613000058 0.161988154
v -0.09512559 0.0607000068 0.161988154
v -0.09512298 0.0589000024 0.161974519
v -0.0951229 0.0609000027 0.161974192
v -0.09512284 0.06290001 0.161973864
v -0.09512559 0.0601000041 0.161988154
v -0.09513289 0.0601000041 0.16203694
v -0.095147565 0.0601000041 0.1622407
v -0.09512284 0.0589000024 0.161973864
v -0.09503837 0.0609000027 0.161597133
v -0.09495391 0.06290001 0.161220372
v -0.09495391 0.0589000024 0.161220372
v -0.09512559 0.0598000027 0.161988154
v -0.09513289 0.0598000027 0.16203694
v -0.09512096 0.0601000041 0.16278252
v -0.095147565 0.0598000027 0.1622407
v -0.09512559 0.0595 0.161988154
v -0.09513289 0.0595 0.16203694
v -0.09512096 0.0598000027 0.16278252
v -0.09512559 0.0592000037 0.161988154
v -0.09513289 0.0592000037 0.16203694
v -0.09514124 0.0589000024 0.162119508
v -0.095147565 0.0595 0.1622407
v -0.095147565 0.0592000037 0.1622407
v -0.09514618 0.0589000024 0.162457451
v -0.09512096 0.0595 0.16278252
v -0.09512096 0.0592000037 0.16278252
v -0.09379103 0.06290001 0.163148254
v -0.094084 0.06290001 0.163659915
v -0.094084 0.0589000024 0.163659915
v -0.09370171 0.0613000058 0.16296275
v -0.09379103 0.0589000024 0.163148254
v -0.09359658 0.06290001 0.162711725
v -0.09359658 0.0589000024 0.162711725
v -0.09350468 0.0613000058 0.162433356
v -0.0934932455 0.06290001 0.162389934
v -0.0934932455 0.0589000024 0.162389934
v -0.09347211 0.0613000058 0.162295312
v -0.0934642255 0.06290001 0.162246689
v -0.0934642255 0.0589000024 0.162246689
v -0.09346589 0.0613000058 0.162259042
v -0.09346419 0.0609000027 0.162246376
v -0.09346415 0.0589000024 0.162246048
v -0.09346415 0.06290001 0.162246048
v -0.09165495 0.0589000024 0.163800746
v -0.09165495 0.06290001 0.163800746
v -0.0918868 0.0589000024 0.163258687
v -0.09193725 0.0613000058 0.163115323
v -0.0918868 0.06290001 0.163258687
v -0.0920295 0.06290001 0.162802577
v -0.09207592 0.0613000058 0.162590876
v -0.09209494 0.06290001 0.162471011
v -0.09210393 0.0613000058 0.162388518
v -0.092107214 0.06290001 0.162325382
v -0.09207592 0.0607000068 0.162590876
v -0.09193725 0.0607000068 0.163115323
v -0.09210393 0.0607000068 0.162388518
v -0.09210694 0.0613000058 0.16233927
v -0.09210694 0.0607000068 0.16233927
v -0.092107214 0.0589000024 0.162325382
v -0.092107214 0.0609000027 0.162325069
v -0.092107214 0.06290001 0.162324741
v -0.09210694 0.0601000041 0.16233927
v -0.09210393 0.0601000041 0.162388518
v -0.09207592 0.0601000041 0.162590876
v -0.092107214 0.0589000024 0.162324741
v -0.09210292 0.0609000027 0.161938652
v -0.09209863 0.06290001 0.161552578
v -0.09209863 0.0589000024 0.161552578
v -0.09210694 0.0598000027 0.16233927
v -0.09210393 0.0598000027 0.162388518
v -0.09193725 0.0601000041 0.163115323
v -0.09207592 0.0598000027 0.162590876
v -0.09210694 0.0595 0.16233927
v -0.09210393 0.0595 0.162388518
v -0.09193725 0.0598000027 0.163115323
v -0.09210694 0.0592000037 0.16233927
v -0.09210393 0.0592000037 0.162388518
v -0.09209494 0.0589000024 0.162471011
v -0.09207592 0.0595 0.162590876
v -0.09207592 0.0592000037 0.162590876
v -0.0920295 0.0589000024 0.162802577
v -0.09193725 0.0595 0.163115323
v -0.09193725 0.0592000037 0.163115323
v -0.09056033 0.06290001 0.163196564
v -0.09074052 0.06290001 0.16375795
v -0.09074052 0.0589000024 0.16375795
v -0.09051153 0.0613000058 0.162996531
v -0.09056033 0.0589000024 0.163196564
v -0.0904609 0.06290001 0.162729144
v -0.0904609 0.0589000024 0.162729144
v -0.09042888 0.0613000058 0.162437722
v -0.0904267356 0.06290001 0.162392884
v -0.0904267356 0.0589000024 0.162392884
v -0.0904257149 0.0613000058 0.162295938
v -0.0904281139 0.06290001 0.162246749
v -0.0904281139 0.0589000024 0.162246749
v -0.09042718 0.0613000058 0.162259161
v -0.0904281437 0.0609000027 0.162246436
v -0.09042818 0.0589000024 0.1622461
v -0.09042818 0.06290001 0.1622461
v -0.08833526 0.0589000024 0.1633907
v -0.08833526 0.06290001 0.1633907
v -0.08867477 0.0589000024 0.162908658
v -0.08875392 0.0613000058 0.162778929
v -0.08867477 0.06290001 0.162908658
v -0.08890918 0.06290001 0.162492216
v -0.08899859 0.0613000058 0.162294745
v -0.08904211 0.06290001 0.162181467
v -0.08906807 0.0613000058 0.162102655
v -0.0890844 0.06290001 0.162041575
v -0.08899859 0.0607000068 0.162294745
v -0.08875392 0.0607000068 0.162778929
v -0.08906807 0.0607000068 0.162102655
v -0.08908124 0.0613000058 0.16205512
v -0.08908124 0.0607000068 0.16205512
v -0.0890844 0.0589000024 0.162041575
v -0.08908447 0.0609000027 0.162041247
v -0.0890845358 0.06290001 0.162040949
v -0.08908124 0.0601000041 0.16205512
v -0.08906807 0.0601000041 0.162102655
v -0.08899859 0.0601000041 0.162294745
v -0.0890845358 0.0589000024 0.162040949
v -0.0891606063 0.0609000027 0.161662415
v -0.08923669 0.06290001 0.161283851
v -0.08923669 0.0589000024 0.161283851
v -0.08908124 0.0598000027 0.16205512
v -0.08906807 0.0598000027 0.162102655
v -0.08875392 0.0601000041 0.162778929
v -0.08899859 0.0598000027 0.162294745
v -0.08908124 0.0595 0.16205512
v -0.08906807 0.0595 0.162102655
v -0.08875392 0.0598000027 0.162778929
v -0.08908124 0.0592000037 0.16205512
v -0.08906807 0.0592000037 0.162102655
v -0.08904211 0.0589000024 0.162181467
v -0.08899859 0.0595 0.162294745
v -0.08899859 0.0592000037 0.162294745
v -0.08890918 0.0589000024 0.162492216
v -0.08875392 0.0595 0.162778929
v -0.08875392 0.0592000037 0.162778929
v -0.08739021 0.06290001 0.1625721
v -0.08744974 0.06290001 0.1631587
v -0.08744974 0.0589000024 0.1631587
v -0.08738406 0.0613000058 0.1623663
v -0.08739021 0.0589000024 0.1625721
v -0.08739011 0.06290001 0.162094221
v -0.08739011 0.0589000024 0.162094221
v -0.08741939 0.0613000058 0.16180253
v -0.08742661 0.06290001 0.161758214
v -0.08742661 0.0589000024 0.161758214
v -0.0874457657 0.0613000058 0.161663175
v -0.08745835 0.06290001 0.161615551
v -0.08745835 0.0589000024 0.161615551
v -0.0874548554 0.0613000058 0.161627516
v -0.08745845 0.0609000027 0.161615238
v -0.08745855 0.0589000024 0.16161494
v -0.08745855 0.06290001 0.16161494
v -0.08517338 0.0589000024 0.162299365
v -0.08517338 0.06290001 0.162299365
v -0.08560569 0.0589000024 0.161898464
v -0.08571008 0.0613000058 0.161788017
v -0.08560569 0.06290001 0.161898464
v -0.0859215558 0.06290001 0.161539853
v -0.08605008 0.0613000058 0.1613653
v -0.0861162 0.06290001 0.161263555
v -0.08615798 0.0613000058 0.161191836
v -0.08618665 0.06290001 0.1611355
v -0.08605008 0.0607000068 0.1613653
v -0.08571008 0.0607000068 0.161788017
v -0.08615798 0.0607000068 0.161191836
v -0.08618075 0.0613000058 0.161148086
v -0.08618075 0.0607000068 0.161148086
v -0.08618665 0.0589000024 0.1611355
v -0.08618679 0.0609000027 0.1611352
v -0.0861869156 0.06290001 0.1611349
v -0.08618075 0.0601000041 0.161148086
v -0.08615798 0.0601000041 0.161191836
v -0.08605008 0.0601000041 0.1613653
v -0.0861869156 0.0589000024 0.1611349
v -0.0863400251 0.0609000027 0.16078046
v -0.08649316 0.06290001 0.160426021
v -0.08649316 0.0589000024 0.160426021
v -0.08618075 0.0598000027 0.161148086
v -0.08615798 0.0598000027 0.161191836
v -0.08571008 0.0601000041 0.161788017
v -0.08605008 0.0598000027 0.1613653
v -0.08618075 0.0595 0.161148086
v -0.08615798 0.0595 0.161191836
v -0.08571008 0.0598000027 0.161788017
v -0.08618075 0.0592000037 0.161148086
v -0.08615798 0.0592000037 0.161191836
v -0.0861162 0.0589000024 0.161263555
v -0.08605008 0.0595 0.1613653
v -0.08605008 0.0592000037 0.1613653
v -0.0859215558 0.0589000024 0.161539853
v -0.08571008 0.0595 0.161788017
v -0.08571008 0.0592000037 0.161788017
v -0.08441917 0.06290001 0.161302209
v -0.08435544 0.06290001 0.161888316
v -0.08435544 0.0589000024 0.161888316
v -0.08445595 0.0613000058 0.1610996
v -0.08441917 0.0589000024 0.161302209
v -0.08451845 0.06290001 0.160834715
v -0.08451845 0.0589000024 0.160834715
v -0.08460772 0.0613000058 0.160555512
v -0.084624 0.06290001 0.160513654
v -0.084624 0.0589000024 0.160513654
v -0.0846625045 0.0613000058 0.16042468
v -0.08468471 0.06290001 0.160380721
v -0.08468471 0.0589000024 0.160380721
v -0.0846788138 0.0613000058 0.160391659
v -0.08468487 0.0609000027 0.160380438
v -0.08468502 0.0589000024 0.16038014
v -0.08468502 0.06290001 0.16038014
v -0.0823075 0.0589000024 0.160574526
v -0.0823075 0.06290001 0.160574526
v -0.08281372 0.0589000024 0.160272256
v -0.08293879 0.0613000058 0.160185918
v -0.08281372 0.06290001 0.160272256
v -0.08319724 0.06290001 0.159987137
v -0.08335925 0.0613000058 0.159843132
v -0.08344509 0.06290001 0.159757346
v -0.08350083 0.0613000058 0.1596959
v -0.08354061 0.06290001 0.159646735
v -0.08335925 0.0607000068 0.159843132
v -0.08293879 0.0607000068 0.160185918
v -0.08350083 0.0607000068 0.1596959
v -0.08353222 0.0613000058 0.159657821
v -0.08353222 0.0607000068 0.159657821
v -0.08354061 0.0589000024 0.159646735
v -0.08354081 0.0609000027 0.159646481
v -0.08354098 0.06290001 0.159646213
v -0.08353222 0.0601000041 0.159657821
v -0.08350083 0.0601000041 0.1596959
v -0.08335925 0.0601000041 0.159843132
v -0.08354098 0.0589000024 0.159646213
v -0.0837644562 0.0609000027 0.159331352
v -0.08398792 0.06290001 0.159016475
v -0.08398792 0.0589000024 0.159016475
v -0.08353222 0.0598000027 0.159657821
v -0.08350083 0.0598000027 0.1596959
v -0.08293879 0.0601000041 0.160185918
v -0.08335925 0.0598000027 0.159843132
v -0.08353222 0.0595 0.159657821
v -0.08350083 0.0595 0.1596959
v -0.08293879 0.0598000027 0.160185918
v -0.08353222 0.0592000037 0.159657821
v -0.08350083 0.0592000037 0.1596959
v -0.08344509 0.0589000024 0.159757346
v -0.08335925 0.0595 0.159843132
v -0.08335925 0.0592000037 0.159843132
v -0.08319724 0.0589000024 0.159987137
v -0.08293879 0.0595 0.160185918
v -0.08293879 0.0592000037 0.160185918
v -0.0817770958 0.06290001 0.1594423
v -0.0815929 0.06290001 0.1600024
v -0.0815929 0.0589000024 0.1600024
v -0.0818552 0.0613000058 0.159251809
v -0.0817770958 0.0589000024 0.1594423
v -0.08197139 0.06290001 0.159005687
v -0.08197139 0.0589000024 0.159005687
v -0.08211677 0.0613000058 0.158751145
v -0.08214139 0.06290001 0.1587136
v -0.08214139 0.0589000024 0.1587136
v -0.0821975544 0.0613000058 0.158634558
v -0.0822284147 0.06290001 0.158596188
v -0.0822284147 0.0589000024 0.158596188
v -0.08222037 0.0613000058 0.158605665
v -0.08222863 0.0609000027 0.15859592
v -0.08222885 0.0589000024 0.158595681
v -0.08222885 0.06290001 0.158595681
v -0.07986286 0.0589000024 0.158291489
v -0.07986286 0.06290001 0.158291489
v -0.08042086 0.0589000024 0.158101082
v -0.08056115 0.0613000058 0.158042639
v -0.08042086 0.06290001 0.158101082
v -0.08085528 0.06290001 0.157901943
v -0.08104369 0.0613000058 0.157794774
v -0.08114548 0.06290001 0.1577287
v -0.0812128 0.0613000058 0.157680184
v -0.0812619254 0.06290001 0.157640368
v -0.08104369 0.0607000068 0.157794774
v -0.08056115 0.0607000068 0.158042639
v -0.0812128 0.0607000068 0.157680184
v -0.0812514052 0.0613000058 0.157649457
v -0.0812514052 0.0607000068 0.157649457
v -0.0812619254 0.0589000024 0.157640368
v -0.08126216 0.0609000027 0.157640159
v -0.0812624 0.06290001 0.157639951
v -0.0812514052 0.0601000041 0.157649457
v -0.0812128 0.0601000041 0.157680184
v -0.08104369 0.0601000041 0.157794774
v -0.0812624 0.0589000024 0.157639951
v -0.08154645 0.0609000027 0.1573784
v -0.0818305 0.06290001 0.15711689
v -0.0818305 0.0589000024 0.15711689
v -0.0812514052 0.0598000027 0.157649457
v -0.0812128 0.0598000027 0.157680184
v -0.08056115 0.0601000041 0.158042639
v -0.08104369 0.0598000027 0.157794774
v -0.0812514052 0.0595 0.157649457
v -0.0812128 0.0595 0.157680184
v -0.08056115 0.0598000027 0.158042639
v -0.0812514052 0.0592000037 0.157649457
v -0.0812128 0.0592000037 0.157680184
v -0.08114548 0.0589000024 0.1577287
v -0.08104369 0.0595 0.157794774
v -0.08104369 0.0592000037 0.157794774
v -0.08085528 0.0589000024 0.157901943
v -0.08056115 0.0595 0.158042639
v -0.08056115 0.0592000037 0.158042639
v -0.07957944 0.06290001 0.157073751
v -0.07928283 0.06290001 0.1575833
v -0.07928283 0.0589000024 0.1575833
v -0.07969545 0.0613000058 0.156903639
v -0.07957944 0.0589000024 0.157073751
v -0.07986028 0.06290001 0.156687066
v -0.07986028 0.0589000024 0.156687066
v -0.0800554 0.0613000058 0.156468317
v -0.0800873 0.06290001 0.1564367
v -0.0800873 0.0589000024 0.1564367
v -0.08015865 0.0613000058 0.156371087
v -0.08019682 0.06290001 0.156339943
v -0.08019682 0.0589000024 0.156339943
v -0.0801869854 0.0613000058 0.156347543
v -0.08019709 0.0609000027 0.156339765
v -0.08019735 0.0589000024 0.156339556
v -0.08019735 0.06290001 0.156339556
v -0.07794631 0.0589000024 0.155550092
v -0.07794631 0.06290001 0.155550092
v -0.0785317 0.0589000024 0.155479863
v -0.07868108 0.0613000058 0.155451864
v -0.0785317 0.06290001 0.155479863
v -0.0789980441 0.06290001 0.155375391
v -0.0792046 0.0613000058 0.155309737
v -0.07931792 0.06290001 0.155266255
v -0.07939385 0.0613000058 0.155232817
v -0.0794501752 0.06290001 0.155204087
v -0.0792046 0.0607000068 0.155309737
v -0.07868108 0.0607000068 0.155451864
v -0.07939385 0.0607000068 0.155232817
v -0.079438 0.0613000058 0.155210808
v -0.079438 0.0607000068 0.155210808
v -0.0794501752 0.0589000024 0.155204087
v -0.07945046 0.0609000027 0.155203924
v -0.07945074 0.06290001 0.15520376
v -0.079438 0.0601000041 0.155210808
v -0.07939385 0.0601000041 0.155232817
v -0.0792046 0.0601000041 0.155309737
v -0.07945074 0.0589000024 0.15520376
v -0.07978295 0.0609000027 0.155007
v -0.08011516 0.06290001 0.15481025
v -0.08011516 0.0589000024 0.15481025
v -0.079438 0.0598000027 0.155210808
v -0.07939385 0.0598000027 0.155232817
v -0.07868108 0.0601000041 0.155451864
v -0.0792046 0.0598000027 0.155309737
v -0.079438 0.0595 0.155210808
v -0.07939385 0.0595 0.155232817
v -0.07868108 0.0598000027 0.155451864
v -0.079438 0.0592000037 0.155210808
v -0.07939385 0.0592000037 0.155232817
v -0.07931792 0.0589000024 0.155266255
v -0.0792046 0.0595 0.155309737
v -0.0792046 0.0592000037 0.155309737
v -0.0789980441 0.0589000024 0.155375391
v -0.07868108 0.0595 0.155451864
v -0.07868108 0.0592000037 0.155451864
v -0.07792227 0.06290001 0.154300049
v -0.07752619 0.06290001 0.154736787
v -0.07752619 0.0589000024 0.154736787
v -0.07807112 0.0613000058 0.154157758
v -0.07792227 0.0589000024 0.154300049
v -0.07827736 0.06290001 0.15398021
v -0.07827736 0.0589000024 0.15398021
v -0.0785137042 0.0613000058 0.153806791
v -0.07855147 0.06290001 0.1537825
v -0.07855147 0.0589000024 0.1537825
v -0.07863492 0.0613000058 0.153733149
v -0.07867873 0.06290001 0.153710634
v -0.07867873 0.0589000024 0.153710634
v -0.078667514 0.0613000058 0.153716028
v -0.0786790252 0.0609000027 0.1537105
v -0.0786793157 0.0589000024 0.153710365
v -0.0786793157 0.06290001 0.153710365
v -0.07664161 0.0589000024 0.152470142
v -0.07664161 0.06290001 0.152470142
v -0.0772288144 0.0589000024 0.15252313
v -0.0773807541 0.0613000058 0.152526811
v -0.0772288144 0.06290001 0.15252313
v -0.07770668 0.06290001 0.152517915
v -0.07792238 0.0613000058 0.152496636
v -0.0780422539 0.06290001 0.152477682
v -0.07812349 0.0613000058 0.152460739
v -0.078184545 0.06290001 0.152444363
v -0.07792238 0.0607000068 0.152496636
v -0.0773807541 0.0607000068 0.152526811
v -0.07812349 0.0607000068 0.152460739
v -0.07817125 0.0613000058 0.152448386
v -0.07817125 0.0607000068 0.152448386
v -0.078184545 0.0589000024 0.152444363
v -0.07818486 0.0609000027 0.152444258
v -0.07818516 0.06290001 0.152444154
v -0.07817125 0.0601000041 0.152448386
v -0.07812349 0.0601000041 0.152460739
v -0.07792238 0.0601000041 0.152496636
v -0.07818516 0.0589000024 0.152444154
v -0.07855103 0.0609000027 0.152320772
v -0.078916885 0.06290001 0.152197376
v -0.078916885 0.0589000024 0.152197376
v -0.07817125 0.0598000027 0.152448386
v -0.07812349 0.0598000027 0.152460739
v -0.0773807541 0.0601000041 0.152526811
v -0.07792238 0.0598000027 0.152496636
v -0.07817125 0.0595 0.152448386
v -0.07812349 0.0595 0.152460739
v -0.0773807541 0.0598000027 0.152526811
v -0.07817125 0.0592000037 0.152448386
v -0.07812349 0.0592000037 0.152460739
v -0.0780422539 0.0589000024 0.152477682
v -0.07792238 0.0595 0.152496636
v -0.07792238 0.0592000037 0.152496636
v -0.07770668 0.0589000024 0.152517915
v -0.0773807541 0.0595 0.152526811
v -0.0773807541 0.0592000037 0.152526811
v -0.076878 0.06290001 0.1512424
v -0.07639977 0.06290001 0.151587248
v -0.07639977 0.0589000024 0.151587248
v -0.07705317 0.0613000058 0.151134163
v -0.076878 0.0589000024 0.1512424
v -0.07729182 0.06290001 0.151003376
v -0.07729182 0.0589000024 0.151003376
v -0.07755906 0.0613000058 0.150882885
v -0.07760106 0.06290001 0.15086697
v -0.07760106 0.0589000024 0.15086697
v -0.07769293 0.0613000058 0.150836051
v -0.07774047 0.06290001 0.150823131
v -0.07774047 0.0589000024 0.150823131
v -0.0777283758 0.0613000058 0.150826082
v -0.07774078 0.0609000027 0.150823057
v -0.0777411 0.0589000024 0.150823
v -0.0777411 0.06290001 0.150823
v -0.07600578 0.0589000024 0.149186209
v -0.07600578 0.06290001 0.149186209
v -0.07656914 0.0589000024 0.149360135
v -0.07671699 0.0613000058 0.149395317
v -0.07656914 0.06290001 0.149360135
v -0.07703765 0.06290001 0.149454385
v -0.07725305 0.0613000058 0.1494784
v -0.07737425 0.06290001 0.149484813
v -0.07745723 0.0613000058 0.149485111
v -0.07752037 0.06290001 0.149481788
v -0.07725305 0.0607000068 0.1494784
v -0.07671699 0.0607000068 0.149395317
v -0.07745723 0.0607000068 0.149485111
v -0.07750651 0.0613000058 0.149482965
v -0.07750651 0.0607000068 0.149482965
v -0.07752037 0.0589000024 0.149481788
v -0.07752068 0.0609000027 0.149481758
v -0.07752101 0.06290001 0.149481714
v -0.07750651 0.0601000041 0.149482965
v -0.07745723 0.0601000041 0.149485111
v -0.07725305 0.0601000041 0.1494784
v -0.07752101 0.0589000024 0.149481714
v -0.07790453 0.0609000027 0.149437085
v -0.07828805 0.06290001 0.149392471
v -0.07828805 0.0589000024 0.149392471
v -0.07750651 0.0598000027 0.149482965
v -0.07745723 0.0598000027 0.149485111
v -0.07671699 0.0601000041 0.149395317
v -0.07725305 0.0598000027 0.1494784
v -0.07750651 0.0595 0.149482965
v -0.07745723 0.0595 0.149485111
v -0.07671699 0.0598000027 0.149395317
v -0.07750651 0.0592000037 0.149482965
v -0.07745723 0.0592000037 0.149485111
v -0.07737425 0.0589000024 0.149484813
v -0.07725305 0.0595 0.1494784
v -0.07725305 0.0592000037 0.1494784
v -0.07703765 0.0589000024 0.149454385
v -0.07671699 0.0595 0.149395317
v -0.07671699 0.0592000037 0.149395317
v -0.0764922649 0.06290001 0.148034453
v -0.07595279 0.06290001 0.148272336
v -0.07595279 0.0589000024 0.148272336
v -0.07668611 0.0613000058 0.147965014
v -0.0764922649 0.0589000024 0.148034453
v -0.07694674 0.06290001 0.1478867
v -0.07694674 0.0589000024 0.1478867
v -0.07723319 0.0613000058 0.147824392
v -0.07727758 0.06290001 0.147817567
v -0.07727758 0.0589000024 0.147817567
v -0.07737388 0.0613000058 0.147806421
v -0.07742306 0.06290001 0.147803664
v -0.07742306 0.0589000024 0.147803664
v -0.077410616 0.0613000058 0.147804037
v -0.07742338 0.0609000027 0.147803664
v -0.07742371 0.0589000024 0.147803664
v -0.07742371 0.06290001 0.147803664
v -0.07606661 0.0589000024 0.145841852
v -0.07606661 0.06290001 0.145841852
v -0.07658149 0.0589000024 0.146129116
v -0.0767188 0.0613000058 0.146194264
v -0.07658149 0.06290001 0.146129116
v -0.07702017 0.06290001 0.1463187
v -0.07722587 0.0613000058 0.146387
v -0.07734309 0.06290001 0.146418437
v -0.0774242 0.0613000058 0.146436
v -0.07748664 0.06290001 0.14644587
v -0.07722587 0.0607000068 0.146387
v -0.0767188 0.0607000068 0.146194264
v -0.0774242 0.0607000068 0.146436
v -0.07747284 0.0613000058 0.146444142
v -0.07747284 0.0607000068 0.146444142
v -0.07748664 0.0589000024 0.14644587
v -0.07748696 0.0609000027 0.1464459
v -0.07748729 0.06290001 0.146445945
v -0.07747284 0.0601000041 0.146444142
v -0.0774242 0.0601000041 0.146436
v -0.07722587 0.0601000041 0.146387
v -0.07748729 0.0589000024 0.146445945
v -0.0778717 0.0609000027 0.146482021
v -0.07825612 0.06290001 0.146518126
v -0.07825612 0.0589000024 0.146518126
v -0.07747284 0.0598000027 0.146444142
v -0.0774242 0.0598000027 0.146436
v -0.0767188 0.0601000041 0.146194264
v -0.07722587 0.0598000027 0.146387
v -0.07747284 0.0595 0.146444142
v -0.0774242 0.0595 0.146436
v -0.0767188 0.0598000027 0.146194264
v -0.07747284 0.0592000037 0.146444142
v -0.0774242 0.0592000037 0.146436
v -0.07734309 0.0589000024 0.146418437
v -0.07722587 0.0595 0.146387
v -0.07722587 0.0592000037 0.146387
v -0.07702017 0.0589000024 0.1463187
v -0.0767188 0.0595 0.146194264
v -0.0767188 0.0592000037 0.146194264
v -0.07678193 0.06290001 0.1448164
v -0.0762047842 0.06290001 0.144936919
v -0.0762047842 0.0589000024 0.144936919
v -0.07698597 0.0613000058 0.144788787
v -0.07678193 0.0589000024 0.1448164
v -0.0772572 0.06290001 0.144766361
v -0.0772572 0.0589000024 0.144766361
v -0.07755034 0.0613000058 0.14476499
v -0.0775951743 0.06290001 0.144767538
v -0.0775951743 0.0589000024 0.144767538
v -0.07769168 0.0613000058 0.144776657
v -0.0777403638 0.06290001 0.144784182
v -0.0777403638 0.0589000024 0.144784182
v -0.077728115 0.0613000058 0.144781962
v -0.07774068 0.0609000027 0.144784257
v -0.077741 0.0589000024 0.144784316
v -0.077741 0.06290001 0.144784316
v -0.07682145 0.0589000024 0.142583221
v -0.07682145 0.06290001 0.142583221
v -0.07726535 0.0589000024 0.142971262
v -0.07738611 0.0613000058 0.14306353
v -0.07726535 0.06290001 0.142971262
v -0.0776550248 0.06290001 0.1432479
v -0.0778420344 0.0613000058 0.143357486
v -0.07795016 0.06290001 0.1434126
v -0.07802583 0.0613000058 0.143446639
v -0.07808486 0.06290001 0.143469289
v -0.0778420344 0.0607000068 0.143357486
v -0.07738611 0.0607000068 0.14306353
v -0.07802583 0.0607000068 0.143446639
v -0.0780717358 0.0613000058 0.143464729
v -0.0780717358 0.0607000068 0.143464729
v -0.07808486 0.0589000024 0.143469289
v -0.07808517 0.0609000027 0.143469378
v -0.07808548 0.06290001 0.143469483
v -0.0780717358 0.0601000041 0.143464729
v -0.07802583 0.0601000041 0.143446639
v -0.0778420344 0.0601000041 0.143357486
v -0.07808548 0.0589000024 0.143469483
v -0.07845399 0.0609000027 0.1435847
v -0.07882251 0.06290001 0.143699929
v -0.07882251 0.0589000024 0.143699929
v -0.0780717358 0.0598000027 0.143464729
v -0.07802583 0.0598000027 0.143446639
v -0.07738611 0.0601000041 0.14306353
v -0.0778420344 0.0598000027 0.143357486
v -0.0780717358 0.0595 0.143464729
v -0.07802583 0.0595 0.143446639
v -0.07738611 0.0598000027 0.14306353
v -0.0780717358 0.0592000037 0.143464729
v -0.07802583 0.0592000037 0.143446639
v -0.07795016 0.0589000024 0.1434126
v -0.0778420344 0.0595 0.143357486
v -0.0778420344 0.0592000037 0.143357486
v -0.0776550248 0.0589000024 0.1432479
v -0.07738611 0.0595 0.14306353
v -0.07738611 0.0592000037 0.14306353
v -0.07773433 0.06290001 0.141728908
v -0.07714474 0.06290001 0.141726792
v -0.07714474 0.0589000024 0.141726792
v -0.07793966 0.0613000058 0.141744316
v -0.07773433 0.0589000024 0.141728908
v -0.07820962 0.06290001 0.141778767
v -0.07820962 0.0589000024 0.141778767
v -0.07849664 0.0613000058 0.141838372
v -0.07853996 0.06290001 0.141850188
v -0.07853996 0.0589000024 0.141850188
v -0.07863247 0.0613000058 0.141879186
v -0.07867852 0.06290001 0.141896665
v -0.07867852 0.0589000024 0.141896665
v -0.078667 0.0613000058 0.141891941
v -0.07867882 0.0609000027 0.1418968
v -0.07867911 0.0589000024 0.141896933
v -0.07867911 0.06290001 0.141896933
v -0.07823729 0.0589000024 0.139552742
v -0.07823729 0.06290001 0.139552742
v -0.07859082 0.0589000024 0.140024588
v -0.078689754 0.0613000058 0.140139952
v -0.07859082 0.06290001 0.140024588
v -0.07891446 0.06290001 0.14037621
v -0.07907461 0.0613000058 0.140522271
v -0.0791689 0.06290001 0.140598685
v -0.07923584 0.0613000058 0.140647709
v -0.07928887 0.06290001 0.140682131
v -0.07907461 0.0607000068 0.140522271
v -0.078689754 0.0607000068 0.140139952
v -0.07923584 0.0607000068 0.140647709
v -0.07927697 0.0613000058 0.140674934
v -0.07927697 0.0607000068 0.140674934
v -0.07928887 0.0589000024 0.140682131
v -0.07928916 0.0609000027 0.14068228
v -0.0792894438 0.06290001 0.140682444
v -0.07927697 0.0601000041 0.140674934
v -0.07923584 0.0601000041 0.140647709
v -0.07907461 0.0601000041 0.140522271
v -0.0792894438 0.0589000024 0.140682444
v -0.07962595 0.0609000027 0.140871763
v -0.07996245 0.06290001 0.1410611
v -0.07996245 0.0589000024 0.1410611
v -0.07927697 0.0598000027 0.140674934
v -0.07923584 0.0598000027 0.140647709
v -0.078689754 0.0601000041 0.140139952
v -0.07907461 0.0598000027 0.140522271
v -0.07927697 0.0595 0.140674934
v -0.07923584 0.0595 0.140647709
v -0.078689754 0.0598000027 0.140139952
v -0.07927697 0.0592000037 0.140674934
v -0.07923584 0.0592000037 0.140647709
v -0.0791689 0.0589000024 0.140598685
v -0.07907461 0.0595 0.140522271
v -0.07907461 0.0592000037 0.140522271
v -0.07891446 0.0589000024 0.14037621
v -0.078689754 0.0595 0.140139952
v -0.078689754 0.0592000037 0.140139952
v -0.0793078542 0.06290001 0.1389069
v -0.07873158 0.06290001 0.138782248
v -0.07873158 0.0589000024 0.138782248
v -0.07950549 0.0613000058 0.138964653
v -0.0793078542 0.0589000024 0.1389069
v -0.0797623843 0.06290001 0.139054492
v -0.0797623843 0.0589000024 0.139054492
v -0.08003074 0.0613000058 0.139172465
v -0.08007066 0.06290001 0.139193028
v -0.08007066 0.0589000024 0.139193028
v -0.08015512 0.0613000058 0.139240608
v -0.08019653 0.06290001 0.1392673
v -0.08019653 0.0589000024 0.1392673
v -0.08018625 0.0613000058 0.139260277
v -0.08019678 0.0609000027 0.139267489
v -0.08019705 0.0589000024 0.139267668
v -0.08019705 0.06290001 0.139267668
v -0.0802522749 0.0589000024 0.136882856
v -0.0802522749 0.06290001 0.136882856
v -0.08049996 0.0589000024 0.1374179
v -0.0805727541 0.0613000058 0.137551308
v -0.08049996 0.06290001 0.1374179
v -0.08074343 0.06290001 0.137829125
v -0.08086971 0.0613000058 0.138005286
v -0.08094606 0.06290001 0.138099626
v -0.08100134 0.0613000058 0.1381615
v -0.0810460746 0.06290001 0.1382062
v -0.08086971 0.0607000068 0.138005286
v -0.0805727541 0.0607000068 0.137551308
v -0.08100134 0.0607000068 0.1381615
v -0.08103593 0.0613000058 0.138196677
v -0.08103593 0.0607000068 0.138196677
v -0.0810460746 0.0589000024 0.1382062
v -0.0810463056 0.0609000027 0.138206393
v -0.08104655 0.06290001 0.138206616
v -0.08103593 0.0601000041 0.138196677
v -0.08100134 0.0601000041 0.1381615
v -0.08086971 0.0601000041 0.138005286
v -0.08104655 0.0589000024 0.138206616
v -0.0813363343 0.0609000027 0.138461769
v -0.08162612 0.06290001 0.138716921
v -0.08162612 0.0589000024 0.138716921
v -0.08103593 0.0598000027 0.138196677
v -0.08100134 0.0598000027 0.1381615
v -0.0805727541 0.0601000041 0.137551308
v -0.08086971 0.0598000027 0.138005286
v -0.08103593 0.0595 0.138196677
v -0.08100134 0.0595 0.1381615
v -0.0805727541 0.0598000027 0.137551308
v -0.08103593 0.0592000037 0.138196677
v -0.08100134 0.0592000037 0.1381615
v -0.08094606 0.0589000024 0.138099626
v -0.08086971 0.0595 0.138005286
v -0.08086971 0.0592000037 0.138005286
v -0.08074343 0.0589000024 0.137829125
v -0.0805727541 0.0595 0.137551308
v -0.0805727541 0.0592000037 0.137551308
v -0.08143371 0.06290001 0.1364737
v -0.08089595 0.06290001 0.136231974
v -0.08089595 0.0589000024 0.136231974
v -0.0816150159 0.0613000058 0.136571288
v -0.08143371 0.0589000024 0.1364737
v -0.08184762 0.06290001 0.136712581
v -0.08184762 0.0589000024 0.136712581
v -0.0820855945 0.0613000058 0.136883765
v -0.08212037 0.06290001 0.136912182
v -0.08212037 0.0589000024 0.136912182
v -0.0821930841 0.0613000058 0.136976287
v -0.0822280347 0.06290001 0.137010992
v -0.0822280347 0.0589000024 0.137010992
v -0.08221944 0.0613000058 0.137001991
v -0.08222826 0.0609000027 0.137011245
v -0.0822284743 0.0589000024 0.137011468
v -0.0822284743 0.06290001 0.137011468
v -0.08277832 0.0589000024 0.134690255
v -0.08277832 0.06290001 0.134690255
v -0.08290936 0.0589000024 0.135265082
v -0.08295282 0.0613000058 0.135410726
v -0.08290936 0.06290001 0.135265082
v -0.08306201 0.06290001 0.135717958
v -0.08314889 0.0613000058 0.135916531
v -0.08320396 0.06290001 0.136024669
v -0.08324518 0.0613000058 0.136096686
v -0.0832796246 0.06290001 0.1361497
v -0.08314889 0.0607000068 0.135916531
v -0.08295282 0.0607000068 0.135410726
v -0.08324518 0.0607000068 0.136096686
v -0.0832716748 0.0613000058 0.1361383
v -0.0832716748 0.0607000068 0.1361383
v -0.0832796246 0.0589000024 0.1361497
v -0.0832798257 0.0609000027 0.136149958
v -0.08328001 0.06290001 0.136150226
v -0.0832716748 0.0601000041 0.1361383
v -0.08324518 0.0601000041 0.136096686
v -0.08314889 0.0601000041 0.135916531
v -0.08328001 0.0589000024 0.136150226
v -0.0835104138 0.0609000027 0.136460051
v -0.0837408155 0.06290001 0.136769876
v -0.0837408155 0.0589000024 0.136769876
v -0.0832716748 0.0598000027 0.1361383
v -0.08324518 0.0598000027 0.136096686
v -0.08295282 0.0601000041 0.135410726
v -0.08314889 0.0598000027 0.135916531
v -0.0832716748 0.0595 0.1361383
v -0.08324518 0.0595 0.136096686
v -0.08295282 0.0598000027 0.135410726
v -0.0832716748 0.0592000037 0.1361383
v -0.08324518 0.0592000037 0.136096686
v -0.08320396 0.0589000024 0.136024669
v -0.08314889 0.0595 0.135916531
v -0.08314889 0.0592000037 0.135916531
v -0.08306201 0.0589000024 0.135717958
v -0.08295282 0.0595 0.135410726
v -0.08295282 0.0592000037 0.135410726
v -0.0840190053 0.06290001 0.13453567
v -0.08354327 0.06290001 0.134187415
v -0.08354327 0.0589000024 0.134187415
v -0.08417606 0.0613000058 0.134668827
v -0.0840190053 0.0589000024 0.13453567
v -0.08437421 0.06290001 0.134855375
v -0.08437421 0.0589000024 0.134855375
v -0.0845713839 0.0613000058 0.1350723
v -0.08459949 0.06290001 0.135107324
v -0.08459949 0.0589000024 0.135107324
v -0.08465729 0.0613000058 0.135185152
v -0.08468427 0.06290001 0.135226384
v -0.08468427 0.0589000024 0.135226384
v -0.084677726 0.0613000058 0.135215789
v -0.08468443 0.0609000027 0.135226667
v -0.0846845955 0.0589000024 0.135226935
v -0.0846845955 0.06290001 0.135226935
v -0.08570503 0.0589000024 0.133070752
v -0.08570503 0.06290001 0.133070752
v -0.0857137 0.0589000024 0.133660287
v -0.08572593 0.0613000058 0.133811772
v -0.0857137 0.06290001 0.133660287
v -0.08576885 0.06290001 0.134134978
v -0.0858125538 0.0613000058 0.134347275
v -0.0858439356 0.06290001 0.134464517
v -0.085869275 0.0613000058 0.134543538
v -0.08589195 0.06290001 0.134602547
v -0.0858125538 0.0607000068 0.134347275
v -0.08572593 0.0607000068 0.133811772
v -0.085869275 0.0607000068 0.134543538
v -0.08588655 0.0613000058 0.134589732
v -0.08588655 0.0607000068 0.134589732
v -0.08589195 0.0589000024 0.134602547
v -0.08589208 0.0609000027 0.134602845
v -0.0858922154 0.06290001 0.134603143
v -0.08588655 0.0601000041 0.134589732
v -0.085869275 0.0601000041 0.134543538
v -0.0858125538 0.0601000041 0.134347275
v -0.0858922154 0.0589000024 0.134603143
v -0.08605316 0.0609000027 0.1349541
v -0.08621411 0.06290001 0.135305062
v -0.08621411 0.0589000024 0.135305062
v -0.08588655 0.0598000027 0.134589732
v -0.085869275 0.0598000027 0.134543538
v -0.08572593 0.0601000041 0.133811772
v -0.0858125538 0.0598000027 0.134347275
v -0.08588655 0.0595 0.134589732
v -0.085869275 0.0595 0.134543538
v -0.08572593 0.0598000027 0.133811772
v -0.08588655 0.0592000037 0.134589732
v -0.085869275 0.0592000037 0.134543538
v -0.0858439356 0.0589000024 0.134464517
v -0.0858125538 0.0595 0.134347275
v -0.0858125538 0.0592000037 0.134347275
v -0.08576885 0.0589000024 0.134134978
v -0.08572593 0.0595 0.133811772
v -0.08572593 0.0592000037 0.133811772
v -0.08695074 0.06290001 0.1331775
v -0.0865578 0.06290001 0.132737949
v -0.0865578 0.0589000024 0.132737949
v -0.0870766938 0.0613000058 0.1333404
v -0.08695074 0.0589000024 0.1331775
v -0.08723171 0.06290001 0.133564085
v -0.08723171 0.0589000024 0.133564085
v -0.0873794854 0.0613000058 0.133817255
v -0.0873997 0.06290001 0.133857369
v -0.0873997 0.0589000024 0.133857369
v -0.08744005 0.0613000058 0.13394551
v -0.08745786 0.06290001 0.13399142
v -0.08745786 0.0589000024 0.13399142
v -0.08745368 0.0613000058 0.133979723
v -0.08745797 0.0609000027 0.133991733
v -0.0874580741 0.0589000024 0.133992046
v -0.0874580741 0.06290001 0.133992046
v -0.0889045 0.0589000024 0.132095143
v -0.0889045 0.06290001 0.132095143
v -0.08879042 0.0589000024 0.132673591
v -0.08877088 0.0613000058 0.132824317
v -0.08879042 0.06290001 0.132673591
v -0.08874566 0.06290001 0.133149385
v -0.0887442753 0.0613000058 0.133366123
v -0.0887505859 0.06290001 0.133487329
v -0.08875895 0.0613000058 0.133569881
v -0.08876886 0.06290001 0.133632317
v -0.0887442753 0.0607000068 0.133366123
v -0.08877088 0.0607000068 0.132824317
v -0.08875895 0.0607000068 0.133569881
v -0.08876623 0.0613000058 0.133618668
v -0.08876623 0.0607000068 0.133618668
v -0.08876886 0.0589000024 0.133632317
v -0.08876893 0.0609000027 0.13363263
v -0.0887690037 0.06290001 0.133632958
v -0.08876623 0.0601000041 0.133618668
v -0.08875895 0.0601000041 0.133569881
v -0.0887442753 0.0601000041 0.133366123
v -0.0887690037 0.0589000024 0.133632958
v -0.0888534561 0.0609000027 0.1340097
v -0.08893792 0.06290001 0.134386465
v -0.08893792 0.0589000024 0.134386465
v -0.08876623 0.0598000027 0.133618668
v -0.08875895 0.0598000027 0.133569881
v -0.08877088 0.0601000041 0.132824317
v -0.0887442753 0.0598000027 0.133366123
v -0.08876623 0.0595 0.133618668
v -0.08875895 0.0595 0.133569881
v -0.08877088 0.0598000027 0.132824317
v -0.08876623 0.0592000037 0.133618668
v -0.08875895 0.0592000037 0.133569881
v -0.0887505859 0.0589000024 0.133487329
v -0.0887442753 0.0595 0.133366123
v -0.0887442753 0.0592000037 0.133366123
v -0.08874566 0.0589000024 0.133149385
v -0.08877088 0.0595 0.132824317
v -0.08877088 0.0592000037 0.132824317
v -0.0901008 0.06290001 0.132458568
v -0.08980784 0.06290001 0.131946921
v -0.08980784 0.0589000024 0.131946921
v -0.09019013 0.0613000058 0.132644087
v -0.0901008 0.0589000024 0.132458568
v -0.09029526 0.06290001 0.132895112
v -0.09029526 0.0589000024 0.132895112
v -0.09038716 0.0613000058 0.133173481
v -0.09039858 0.06290001 0.1332169
v -0.09039858 0.0589000024 0.1332169
v -0.09041973 0.0613000058 0.13331151
v -0.0904276147 0.06290001 0.133360133
v -0.0904276147 0.0589000024 0.133360133
v -0.0904259458 0.0613000058 0.1333478
v -0.09042765 0.0609000027 0.13336046
v -0.09042769 0.0589000024 0.133360788
v -0.09042769 0.06290001 0.133360788
v -0.09223689 0.0589000024 0.131806061
v -0.09223689 0.06290001 0.131806061
v -0.0920050442 0.0589000024 0.13234815
v -0.09195459 0.0613000058 0.1324915
v -0.0920050442 0.06290001 0.13234815
v -0.09186234 0.06290001 0.13280423
v -0.09181592 0.0613000058 0.133015946
v -0.0917969 0.06290001 0.133135825
v -0.0917879045 0.0613000058 0.133218318
v -0.0917846262 0.06290001 0.13328144
v -0.09181592 0.0607000068 0.133015946
v -0.09195459 0.0607000068 0.1324915
v -0.0917879045 0.0607000068 0.133218318
v -0.0917849 0.0613000058 0.133267552
v -0.0917849 0.0607000068 0.133267552
v -0.0917846262 0.0589000024 0.13328144
v -0.0917846262 0.0609000027 0.133281767
v -0.0917846262 0.06290001 0.1332821
v -0.0917849 0.0601000041 0.133267552
v -0.0917879045 0.0601000041 0.133218318
v -0.09181592 0.0601000041 0.133015946
v -0.0917846262 0.0589000024 0.1332821
v -0.09178892 0.0609000027 0.133668184
v -0.0917932 0.06290001 0.134054258
v -0.0917932 0.0589000024 0.134054258
v -0.0917849 0.0598000027 0.133267552
v -0.0917879045 0.0598000027 0.133218318
v -0.09195459 0.0601000041 0.1324915
v -0.09181592 0.0598000027 0.133015946
v -0.0917849 0.0595 0.133267552
v -0.0917879045 0.0595 0.133218318
v -0.09195459 0.0598000027 0.1324915
v -0.0917849 0.0592000037 0.133267552
v -0.0917879045 0.0592000037 0.133218318
v -0.0917969 0.0589000024 0.133135825
v -0.09181592 0.0595 0.133015946
v -0.09181592 0.0592000037 0.133015946
v -0.09186234 0.0589000024 0.13280423
v -0.09195459 0.0595 0.1324915
v -0.09195459 0.0592000037 0.1324915
v -0.09333149 0.06290001 0.132410258
v -0.0931513 0.06290001 0.131848887
v -0.0931513 0.0589000024 0.131848887
v -0.0933802947 0.0613000058 0.1326103
v -0.09333149 0.0589000024 0.132410258
v -0.0934309438 0.06290001 0.1328777
v -0.0934309438 0.0589000024 0.1328777
v -0.09346296 0.0613000058 0.1331691
v -0.0934651047 0.06290001 0.133213952
v -0.0934651047 0.0589000024 0.133213952
v -0.0934661254 0.0613000058 0.133310884
v -0.09346373 0.06290001 0.133360088
v -0.09346373 0.0589000024 0.133360088
v -0.09346466 0.0613000058 0.133347675
v -0.09346369 0.0609000027 0.133360416
v -0.09346365 0.0589000024 0.133360729
v -0.09346365 0.06290001 0.133360729
v -0.09555657 0.0589000024 0.132216126
v -0.09555657 0.06290001 0.132216126
v -0.09521707 0.0589000024 0.132698178
v -0.095137924 0.0613000058 0.132827923
v -0.09521707 0.06290001 0.132698178
v -0.09498267 0.06290001 0.133114636
v -0.09489324 0.0613000058 0.133312061
v -0.09484972 0.06290001 0.133425355
v -0.09482377 0.0613000058 0.133504182
v -0.09480743 0.06290001 0.133565247
v -0.09489324 0.0607000068 0.133312061
v -0.095137924 0.0607000068 0.132827923
v -0.09482377 0.0607000068 0.133504182
v -0.09481059 0.0613000058 0.133551717
v -0.09481059 0.0607000068 0.133551717
v -0.09480743 0.0589000024 0.133565247
v -0.09480737 0.0609000027 0.13356556
v -0.0948073044 0.06290001 0.133565888
v -0.09481059 0.0601000041 0.133551717
v -0.09482377 0.0601000041 0.133504182
v -0.09489324 0.0601000041 0.133312061
v -0.0948073044 0.0589000024 0.133565888
v -0.09473122 0.0609000027 0.133944422
v -0.09465515 0.06290001 0.134322956
v -0.09465515 0.0589000024 0.134322956
v -0.09481059 0.0598000027 0.133551717
v -0.09482377 0.0598000027 0.133504182
v -0.095137924 0.0601000041 0.132827923
v -0.09489324 0.0598000027 0.133312061
v -0.09481059 0.0595 0.133551717
v -0.09482377 0.0595 0.133504182
v -0.095137924 0.0598000027 0.132827923
v -0.09481059 0.0592000037 0.133551717
v -0.09482377 0.0592000037 0.133504182
v -0.09484972 0.0589000024 0.133425355
v -0.09489324 0.0595 0.133312061
v -0.09489324 0.0592000037 0.133312061
v -0.09498267 0.0589000024 0.133114636
v -0.095137924 0.0595 0.132827923
v -0.095137924 0.0592000037 0.132827923
v -0.09650163 0.06290001 0.133034721
v -0.0964421 0.06290001 0.132448137
v -0.0964421 0.0589000024 0.132448137
v -0.09650777 0.0613000058 0.133240536
v -0.09650163 0.0589000024 0.133034721
v -0.0965017155 0.06290001 0.133512616
v -0.0965017155 0.0589000024 0.133512616
v -0.09647244 0.0613000058 0.133804291
v -0.09646523 0.06290001 0.133848622
v -0.09646523 0.0589000024 0.133848622
v -0.09644607 0.0613000058 0.133943647
v -0.09643349 0.06290001 0.133991271
v -0.09643349 0.0589000024 0.133991271
v -0.09643698 0.0613000058 0.133979335
v -0.0964333862 0.0609000027 0.133991584
v -0.0964333 0.0589000024 0.133991882
v -0.0964333 0.06290001 0.133991882
v -0.09871845 0.0589000024 0.133307457
v -0.09871845 0.06290001 0.133307457
v -0.09828615 0.0589000024 0.133708373
v -0.09818175 0.0613000058 0.13381882
v -0.09828615 0.06290001 0.133708373
v -0.0979702845 0.06290001 0.134066984
v -0.0978417546 0.0613000058 0.134241521
v -0.09777562 0.06290001 0.1343433
v -0.09773387 0.0613000058 0.134415
v -0.0977051854 0.06290001 0.134471342
v -0.0978417546 0.0607000068 0.134241521
v -0.09818175 0.0607000068 0.13381882
v -0.09773387 0.0607000068 0.134415
v -0.0977110863 0.0613000058 0.13445875
v -0.0977110863 0.0607000068 0.13445875
v -0.0977051854 0.0589000024 0.134471342
v -0.09770505 0.0609000027 0.13447164
v -0.09770492 0.06290001 0.134471923
v -0.0977110863 0.0601000041 0.13445875
v -0.09773387 0.0601000041 0.134415
v -0.0978417546 0.0601000041 0.134241521
v -0.09770492 0.0589000024 0.134471923
v -0.09755181 0.0609000027 0.134826362
v -0.09739868 0.06290001 0.135180816
v -0.09739868 0.0589000024 0.135180816
v -0.0977110863 0.0598000027 0.13445875
v -0.09773387 0.0598000027 0.134415
v -0.09818175 0.0601000041 0.13381882
v -0.0978417546 0.0598000027 0.134241521
v -0.0977110863 0.0595 0.13445875
v -0.09773387 0.0595 0.134415
v -0.09818175 0.0598000027 0.13381882
v -0.0977110863 0.0592000037 0.13445875
v -0.09773387 0.0592000037 0.134415
v -0.09777562 0.0589000024 0.1343433
v -0.0978417546 0.0595 0.134241521
v -0.0978417546 0.0592000037 0.134241521
v -0.0979702845 0.0589000024 0.134066984
v -0.09818175 0.0595 0.13381882
v -0.09818175 0.0592000037 0.13381882
v -0.0994726643 0.06290001 0.134304643
v -0.0995364 0.06290001 0.1337185
v -0.0995364 0.0589000024 0.1337185
v -0.09943588 0.0613000058 0.134507239
v -0.0994726643 0.0589000024 0.134304643
v -0.09937339 0.06290001 0.1347721
v -0.09937339 0.0589000024 0.1347721
v -0.09928412 0.0613000058 0.135051325
v -0.09926784 0.06290001 0.135093182
v -0.09926784 0.0589000024 0.135093182
v -0.09922933 0.0613000058 0.135182157
v -0.0992071256 0.06290001 0.135226116
v -0.0992071256 0.0589000024 0.135226116
v -0.0992130339 0.0613000058 0.135215163
v -0.09920697 0.0609000027 0.1352264
v -0.0992068052 0.0589000024 0.135226682
v -0.0992068052 0.06290001 0.135226682
v -0.101584338 0.0589000024 0.135032326
v -0.101584338 0.06290001 0.135032326
v -0.101078123 0.0589000024 0.135334581
v -0.10095305 0.0613000058 0.135420918
v -0.101078123 0.06290001 0.135334581
v -0.1006946 0.06290001 0.1356197
v -0.100532591 0.0613000058 0.1357637
v -0.100446753 0.06290001 0.135849491
v -0.100390993 0.0613000058 0.135910943
v -0.100351229 0.06290001 0.135960087
v -0.100532591 0.0607000068 0.1357637
v -0.10095305 0.0607000068 0.135420918
v -0.100390993 0.0607000068 0.135910943
v -0.100359619 0.0613000058 0.135949016
v -0.100359619 0.0607000068 0.135949016
v -0.100351229 0.0589000024 0.135960087
v -0.100351036 0.0609000027 0.135960355
v -0.100350842 0.06290001 0.135960609
v -0.100359619 0.0601000041 0.135949016
v -0.100390993 0.0601000041 0.135910943
v -0.100532591 0.0601000041 0.1357637
v -0.100350842 0.0589000024 0.135960609
v -0.100127377 0.0609000027 0.136275485
v -0.09990391 0.06290001 0.136590362
v -0.09990391 0.0589000024 0.136590362
v -0.100359619 0.0598000027 0.135949016
v -0.100390993 0.0598000027 0.135910943
v -0.10095305 0.0601000041 0.135420918
v -0.100532591 0.0598000027 0.1357637
v -0.100359619 0.0595 0.135949016
v -0.100390993 0.0595 0.135910943
v -0.10095305 0.0598000027 0.135420918
v -0.100359619 0.0592000037 0.135949016
v -0.100390993 0.0592000037 0.135910943
v -0.100446753 0.0589000024 0.135849491
v -0.100532591 0.0595 0.1357637
v -0.100532591 0.0592000037 0.1357637
v -0.1006946 0.0589000024 0.1356197
v -0.10095305 0.0595 0.135420918
v -0.10095305 0.0592000037 0.135420918
v -0.102114744 0.06290001 0.136164516
v -0.102298938 0.06290001 0.135604441
v -0.102298938 0.0589000024 0.135604441
v -0.10203664 0.0613000058 0.136355042
v -0.102114744 0.0589000024 0.136164516
v -0.101920441 0.06290001 0.136601135
v -0.101920441 0.0589000024 0.136601135
v -0.101775073 0.0613000058 0.136855692
v -0.101750448 0.06290001 0.136893243
v -0.101750448 0.0589000024 0.136893243
v -0.101694286 0.0613000058 0.136972263
v -0.101663426 0.06290001 0.137010649
v -0.101663426 0.0589000024 0.137010649
v -0.101671472 0.0613000058 0.137001157
v -0.1016632 0.0609000027 0.1370109
v -0.101662993 0.0589000024 0.137011141
v -0.101662993 0.06290001 0.137011141
v -0.10402897 0.0589000024 0.137315333
v -0.10402897 0.06290001 0.137315333
v -0.103470981 0.0589000024 0.137505755
v -0.103330687 0.0613000058 0.1375642
v -0.103470981 0.06290001 0.137505755
v -0.103036545 0.06290001 0.1377049
v -0.10284815 0.0613000058 0.137812063
v -0.102746345 0.06290001 0.137878135
v -0.102679044 0.0613000058 0.137926653
v -0.102629915 0.06290001 0.137966454
v -0.10284815 0.0607000068 0.137812063
v -0.103330687 0.0607000068 0.1375642
v -0.102679044 0.0607000068 0.137926653
v -0.102640428 0.0613000058 0.137957364
v -0.102640428 0.0607000068 0.137957364
v -0.102629915 0.0589000024 0.137966454
v -0.102629676 0.0609000027 0.137966678
v -0.102629438 0.06290001 0.137966886
v -0.102640428 0.0601000041 0.137957364
v -0.102679044 0.0601000041 0.137926653
v -0.10284815 0.0601000041 0.137812063
v -0.102629438 0.0589000024 0.137966886
v -0.102345385 0.0609000027 0.138228416
v -0.102061339 0.06290001 0.138489947
v -0.102061339 0.0589000024 0.138489947
v -0.102640428 0.0598000027 0.137957364
v -0.102679044 0.0598000027 0.137926653
v -0.103330687 0.0601000041 0.1375642
v -0.10284815 0.0598000027 0.137812063
v -0.102640428 0.0595 0.137957364
v -0.102679044 0.0595 0.137926653
v -0.103330687 0.0598000027 0.1375642
v -0.102640428 0.0592000037 0.137957364
v -0.102679044 0.0592000037 0.137926653
v -0.102746345 0.0589000024 0.137878135
v -0.10284815 0.0595 0.137812063
v -0.10284815 0.0592000037 0.137812063
v -0.103036545 0.0589000024 0.1377049
v -0.103330687 0.0595 0.1375642
v -0.103330687 0.0592000037 0.1375642
v -0.104312383 0.06290001 0.138533086
v -0.104609013 0.06290001 0.138023525
v -0.104609013 0.0589000024 0.138023525
v -0.104196377 0.0613000058 0.1387032
v -0.104312383 0.0589000024 0.138533086
v -0.104031563 0.06290001 0.138919756
v -0.104031563 0.0589000024 0.138919756
v -0.103836432 0.0613000058 0.13913852
v -0.103804544 0.06290001 0.139170125
v -0.103804544 0.0589000024 0.139170125
v -0.103733182 0.0613000058 0.13923575
v -0.103695013 0.06290001 0.139266878
v -0.103695013 0.0589000024 0.139266878
v -0.103704855 0.0613000058 0.139259279
v -0.103694752 0.0609000027 0.139267087
v -0.103694491 0.0589000024 0.139267266
v -0.103694491 0.06290001 0.139267266
v -0.105945528 0.0589000024 0.140056729
v -0.105945528 0.06290001 0.140056729
v -0.105360135 0.0589000024 0.140126973
v -0.105210751 0.0613000058 0.140154973
v -0.105360135 0.06290001 0.140126973
v -0.104893789 0.06290001 0.140231445
v -0.104687244 0.0613000058 0.1402971
v -0.104573905 0.06290001 0.140340567
v -0.104497977 0.0613000058 0.14037402
v -0.104441658 0.06290001 0.140402749
v -0.104687244 0.0607000068 0.1402971
v -0.105210751 0.0607000068 0.140154973
v -0.104497977 0.0607000068 0.14037402
v -0.104453832 0.0613000058 0.140396029
v -0.104453832 0.0607000068 0.140396029
v -0.104441658 0.0589000024 0.140402749
v -0.104441382 0.0609000027 0.1404029
v -0.104441106 0.06290001 0.140403077
v -0.104453832 0.0601000041 0.140396029
v -0.104497977 0.0601000041 0.14037402
v -0.104687244 0.0601000041 0.1402971
v -0.104441106 0.0589000024 0.140403077
v -0.104108892 0.0609000027 0.140599832
v -0.103776678 0.06290001 0.140796587
v -0.103776678 0.0589000024 0.140796587
v -0.104453832 0.0598000027 0.140396029
v -0.104497977 0.0598000027 0.14037402
v -0.105210751 0.0601000041 0.140154973
v -0.104687244 0.0598000027 0.1402971
v -0.104453832 0.0595 0.140396029
v -0.104497977 0.0595 0.14037402
v -0.105210751 0.0598000027 0.140154973
v -0.104453832 0.0592000037 0.140396029
v -0.104497977 0.0592000037 0.14037402
v -0.104573905 0.0589000024 0.140340567
v -0.104687244 0.0595 0.1402971
v -0.104687244 0.0592000037 0.1402971
v -0.104893789 0.0589000024 0.140231445
v -0.105210751 0.0595 0.140154973
v -0.105210751 0.0592000037 0.140154973
v -0.105969571 0.06290001 0.141306788
v -0.106365643 0.06290001 0.14087005
v -0.106365643 0.0589000024 0.14087005
v -0.10582073 0.0613000058 0.141449064
v -0.105969571 0.0589000024 0.141306788
v -0.105614476 0.06290001 0.141626626
v -0.105614476 0.0589000024 0.141626626
v -0.105378136 0.0613000058 0.141800046
v -0.105340362 0.06290001 0.141824335
v -0.105340362 0.0589000024 0.141824335
v -0.105256915 0.0613000058 0.141873688
v -0.105213113 0.06290001 0.1418962
v -0.105213113 0.0589000024 0.1418962
v -0.105224326 0.0613000058 0.141890809
v -0.105212815 0.0609000027 0.141896337
v -0.105212525 0.0589000024 0.141896471
v -0.105212525 0.06290001 0.141896471
v -0.107250229 0.0589000024 0.1431367
v -0.107250229 0.06290001 0.1431367
v -0.106663026 0.0589000024 0.143083692
v -0.106511079 0.0613000058 0.143080026
v -0.106663026 0.06290001 0.143083692
v -0.106185153 0.06290001 0.143088937
v -0.105969451 0.0613000058 0.143110186
v -0.105849579 0.06290001 0.143129155
v -0.105768353 0.0613000058 0.1431461
v -0.105707288 0.06290001 0.143162474
v -0.105969451 0.0607000068 0.143110186
v -0.106511079 0.0607000068 0.143080026
v -0.105768353 0.0607000068 0.1431461
v -0.105720595 0.0613000058 0.143158451
v -0.105720595 0.0607000068 0.143158451
v -0.105707288 0.0589000024 0.143162474
v -0.105706982 0.0609000027 0.143162578
v -0.105706669 0.06290001 0.143162668
v -0.105720595 0.0601000041 0.143158451
v -0.105768353 0.0601000041 0.1431461
v -0.105969451 0.0601000041 0.143110186
v -0.105706669 0.0589000024 0.143162668
v -0.105340809 0.0609000027 0.143286064
v -0.104974955 0.06290001 0.143409446
v -0.104974955 0.0589000024 0.143409446
v -0.105720595 0.0598000027 0.143158451
v -0.105768353 0.0598000027 0.1431461
v -0.106511079 0.0601000041 0.143080026
v -0.105969451 0.0598000027 0.143110186
v -0.105720595 0.0595 0.143158451
v -0.105768353 0.0595 0.1431461
v -0.106511079 0.0598000027 0.143080026
v -0.105720595 0.0592000037 0.143158451
v -0.105768353 0.0592000037 0.1431461
v -0.105849579 0.0589000024 0.143129155
v -0.105969451 0.0595 0.143110186
v -0.105969451 0.0592000037 0.143110186
v -0.106185153 0.0589000024 0.143088937
v -0.106511079 0.0595 0.143080026
v -0.106511079 0.0592000037 0.143080026
v -0.107013844 0.06290001 0.144364432
v -0.107492059 0.06290001 0.144019589
v -0.107492059 0.0589000024 0.144019589
v -0.106838673 0.0613000058 0.144472659
v -0.107013844 0.0589000024 0.144364432
v -0.106600009 0.06290001 0.144603461
v -0.106600009 0.0589000024 0.144603461
v -0.106332779 0.0613000058 0.144723937
v -0.106290787 0.06290001 0.144739851
v -0.106290787 0.0589000024 0.144739851
v -0.106198907 0.0613000058 0.144770771
v -0.106151365 0.06290001 0.144783691
v -0.106151365 0.0589000024 0.144783691
v -0.106163464 0.0613000058 0.14478074
v -0.106151044 0.0609000027 0.144783765
v -0.106150739 0.0589000024 0.144783825
v -0.106150739 0.06290001 0.144783825
v -0.107886054 0.0589000024 0.146420613
v -0.107886054 0.06290001 0.146420613
v -0.1073227 0.0589000024 0.146246687
v -0.107174851 0.0613000058 0.1462115
v -0.1073227 0.06290001 0.146246687
v -0.106854185 0.06290001 0.146152452
v -0.106638782 0.0613000058 0.146128416
v -0.106517591 0.06290001 0.146122038
v -0.106434606 0.0613000058 0.146121711
v -0.106371477 0.06290001 0.146125048
v -0.106638782 0.0607000068 0.146128416
v -0.107174851 0.0607000068 0.1462115
v -0.106434606 0.0607000068 0.146121711
v -0.10638532 0.0613000058 0.146123856
v -0.10638532 0.0607000068 0.146123856
v -0.106371477 0.0589000024 0.146125048
v -0.106371149 0.0609000027 0.146125078
v -0.106370822 0.06290001 0.146125123
v -0.10638532 0.0601000041 0.146123856
v -0.106434606 0.0601000041 0.146121711
v -0.106638782 0.0601000041 0.146128416
v -0.106370822 0.0589000024 0.146125123
v -0.1059873 0.0609000027 0.146169737
v -0.105603784 0.06290001 0.146214351
v -0.105603784 0.0589000024 0.146214351
v -0.10638532 0.0598000027 0.146123856
v -0.106434606 0.0598000027 0.146121711
v -0.107174851 0.0601000041 0.1462115
v -0.106638782 0.0598000027 0.146128416
v -0.10638532 0.0595 0.146123856
v -0.106434606 0.0595 0.146121711
v -0.107174851 0.0598000027 0.1462115
v -0.10638532 0.0592000037 0.146123856
v -0.106434606 0.0592000037 0.146121711
v -0.106517591 0.0589000024 0.146122038
v -0.106638782 0.0595 0.146128416
v -0.106638782 0.0592000037 0.146128416
v -0.106854185 0.0589000024 0.146152452
v -0.107174851 0.0595 0.1462115
v -0.107174851 0.0592000037 0.1462115
v -0.107399568 0.06290001 0.147572383
v -0.10793905 0.06290001 0.1473345
v -0.10793905 0.0589000024 0.1473345
v -0.107205734 0.0613000058 0.147641838
v -0.107399568 0.0589000024 0.147572383
v -0.1069451 0.06290001 0.147720143
v -0.1069451 0.0589000024 0.147720143
v -0.106658645 0.0613000058 0.14778243
v -0.106614262 0.06290001 0.14778927
v -0.106614262 0.0589000024 0.14778927
v -0.106517963 0.0613000058 0.147800416
v -0.106468782 0.06290001 0.147803158
v -0.106468782 0.0589000024 0.147803158
v -0.106481224 0.0613000058 0.1478028
v -0.106468454 0.0609000027 0.147803158
v -0.106468126 0.0589000024 0.147803158
v -0.106468126 0.06290001 0.147803158
v -0.105514452 0.0609000027 0.145576939
v -0.105603784 0.06290001 0.146214351
v -0.1053954 0.06290001 0.1449444
v -0.1053954 0.0589000024 0.1449444
v -0.105603784 0.0589000024 0.146214351
v -0.107919089 0.0609000027 0.146877185
v -0.107886054 0.06290001 0.146420613
v -0.107886054 0.0589000024 0.146420613
v -0.10793905 0.0589000024 0.1473345
v -0.10793905 0.06290001 0.1473345
v -0.10608203 0.0609000027 0.147803172
v -0.106468126 0.0589000024 0.147803158
v -0.105695918 0.0589000024 0.147803187
v -0.105695918 0.06290001 0.147803187
v -0.106468126 0.06290001 0.147803158
v -0.107377462 0.0609000027 0.143576428
v -0.107250229 0.06290001 0.1431367
v -0.107250229 0.0589000024 0.1431367
v -0.107492059 0.0589000024 0.144019589
v -0.107492059 0.06290001 0.144019589
v -0.105773069 0.0609000027 0.144864112
v -0.106150739 0.0589000024 0.144783825
v -0.1053954 0.0589000024 0.1449444
v -0.1053954 0.06290001 0.1449444
v -0.106150739 0.06290001 0.144783825
v -0.104755044 0.0609000027 0.142804533
v -0.104974955 0.06290001 0.143409446
v -0.104507066 0.06290001 0.142210558
v -0.104507066 0.0589000024 0.142210558
v -0.104974955 0.0589000024 0.143409446
v -0.101614408 0.0609000027 0.138026759
v -0.102061339 0.06290001 0.138489947
v -0.101146288 0.06290001 0.137585014
v -0.101146288 0.0589000024 0.137585014
v -0.102061339 0.0589000024 0.138489947
v -0.1048598 0.0609000027 0.142053515
v -0.105212525 0.0589000024 0.141896471
v -0.104507066 0.0589000024 0.142210558
v -0.104507066 0.06290001 0.142210558
v -0.105212525 0.06290001 0.141896471
v -0.106161393 0.0609000027 0.140460387
v -0.105945528 0.06290001 0.140056729
v -0.105945528 0.0589000024 0.140056729
v -0.106365643 0.0589000024 0.14087005
v -0.106365643 0.06290001 0.14087005
v -0.103435807 0.0609000027 0.140250608
v -0.103776678 0.06290001 0.140796587
v -0.10306976 0.06290001 0.139721185
v -0.10306976 0.0589000024 0.139721185
v -0.103776678 0.0589000024 0.140796587
v -0.104324065 0.0609000027 0.137665287
v -0.10402897 0.06290001 0.137315333
v -0.10402897 0.0589000024 0.137315333
v -0.104609013 0.0589000024 0.138023525
v -0.104609013 0.06290001 0.138023525
v -0.103382125 0.0609000027 0.139494225
v -0.103694491 0.0589000024 0.139267266
v -0.10306976 0.0589000024 0.139721185
v -0.10306976 0.06290001 0.139721185
v -0.103694491 0.06290001 0.139267266
v -0.101945728 0.0609000027 0.135313272
v -0.101584338 0.06290001 0.135032326
v -0.101584338 0.0589000024 0.135032326
v -0.102298938 0.0589000024 0.135604441
v -0.102298938 0.06290001 0.135604441
v -0.101404645 0.0609000027 0.137298077
v -0.101662993 0.0589000024 0.137011141
v -0.101146288 0.0589000024 0.137585014
v -0.101146288 0.06290001 0.137585014
v -0.101662993 0.06290001 0.137011141
v -0.09937044 0.0609000027 0.136230215
v -0.09990391 0.06290001 0.136590362
v -0.09882071 0.06290001 0.135895446
v -0.09882071 0.0589000024 0.135895446
v -0.09990391 0.0589000024 0.136590362
v -0.09402133 0.0609000027 0.134210944
v -0.09465515 0.06290001 0.134322956
v -0.09338294 0.06290001 0.13412872
v -0.09338294 0.0589000024 0.13412872
v -0.09465515 0.0589000024 0.134322956
v -0.09901376 0.0609000027 0.135561064
v -0.0992068052 0.0589000024 0.135226682
v -0.09882071 0.0589000024 0.135895446
v -0.09882071 0.06290001 0.135895446
v -0.0992068052 0.06290001 0.135226682
v -0.0991303548 0.0609000027 0.133507118
v -0.09871845 0.06290001 0.133307457
v -0.09871845 0.0589000024 0.133307457
v -0.0995364 0.0589000024 0.1337185
v -0.0995364 0.06290001 0.1337185
v -0.096802 0.0609000027 0.134939477
v -0.09739868 0.06290001 0.135180816
v -0.09619467 0.06290001 0.134726316
v -0.09619467 0.0589000024 0.134726316
v -0.09739868 0.0589000024 0.135180816
v -0.096001 0.0609000027 0.1323258
v -0.09555657 0.06290001 0.132216126
v -0.09555657 0.0589000024 0.132216126
v -0.0964421 0.0589000024 0.132448137
v -0.0964421 0.06290001 0.132448137
v -0.09631399 0.0609000027 0.134359092
v -0.0964333 0.0589000024 0.133991882
v -0.09619467 0.0589000024 0.134726316
v -0.09619467 0.06290001 0.134726316
v -0.0964333 0.06290001 0.133991882
v -0.09269442 0.0609000027 0.131820932
v -0.09223689 0.06290001 0.131806061
v -0.09223689 0.0589000024 0.131806061
v -0.0931513 0.0589000024 0.131848887
v -0.0931513 0.06290001 0.131848887
v -0.09342331 0.0609000027 0.133744717
v -0.09346365 0.0589000024 0.133360729
v -0.09338294 0.0589000024 0.13412872
v -0.09338294 0.06290001 0.13412872
v -0.09346365 0.06290001 0.133360729
v -0.09114994 0.0609000027 0.134076476
v -0.0917932 0.06290001 0.134054258
v -0.09050842 0.06290001 0.134128764
v -0.09050842 0.0589000024 0.134128764
v -0.0917932 0.0589000024 0.134054258
v -0.0856355 0.0609000027 0.135586977
v -0.08621411 0.06290001 0.135305062
v -0.0850707144 0.06290001 0.135895684
v -0.0850707144 0.0589000024 0.135895684
v -0.08621411 0.0589000024 0.135305062
v -0.09046805 0.0609000027 0.133744761
v -0.09042769 0.0589000024 0.133360788
v -0.09050842 0.0589000024 0.134128764
v -0.09050842 0.06290001 0.134128764
v -0.09042769 0.06290001 0.133360788
v -0.08935511 0.0609000027 0.132014573
v -0.0889045 0.06290001 0.132095143
v -0.0889045 0.0589000024 0.132095143
v -0.08980784 0.0589000024 0.131946921
v -0.08980784 0.06290001 0.131946921
v -0.08831333 0.0609000027 0.134541944
v -0.08893792 0.06290001 0.134386465
v -0.0876967 0.06290001 0.134726465
v -0.0876967 0.0589000024 0.134726465
v -0.08893792 0.0589000024 0.134386465
v -0.08612904 0.0609000027 0.132898256
v -0.08570503 0.06290001 0.133070752
v -0.08570503 0.0589000024 0.133070752
v -0.0865578 0.0589000024 0.132737949
v -0.0865578 0.06290001 0.132737949
v -0.08757739 0.0609000027 0.134359255
v -0.0874580741 0.0589000024 0.133992046
v -0.0876967 0.0589000024 0.134726465
v -0.0876967 0.06290001 0.134726465
v -0.0874580741 0.06290001 0.133992046
v -0.08315719 0.0609000027 0.134433359
v -0.08277832 0.06290001 0.134690255
v -0.08277832 0.0589000024 0.134690255
v -0.08354327 0.0589000024 0.134187415
v -0.08354327 0.06290001 0.134187415
v -0.0848776549 0.0609000027 0.135561317
v -0.0846845955 0.0589000024 0.135226935
v -0.0850707144 0.0589000024 0.135895684
v -0.0850707144 0.06290001 0.135895684
v -0.0846845955 0.06290001 0.135226935
v -0.08323346 0.0609000027 0.137165949
v -0.0837408155 0.06290001 0.136769876
v -0.0827451944 0.06290001 0.137585342
v -0.0827451944 0.0589000024 0.137585342
v -0.0837408155 0.0589000024 0.136769876
v -0.07966004 0.0609000027 0.141629279
v -0.07996245 0.06290001 0.1410611
v -0.0793845654 0.06290001 0.142211
v -0.0793845654 0.0589000024 0.142211
v -0.07996245 0.0589000024 0.1410611
v -0.08248683 0.0609000027 0.13729839
v -0.0822284743 0.0589000024 0.137011468
v -0.0827451944 0.0589000024 0.137585342
v -0.0827451944 0.06290001 0.137585342
v -0.0822284743 0.06290001 0.137011468
v -0.08056945 0.0609000027 0.136552811
v -0.0802522749 0.06290001 0.136882856
v -0.0802522749 0.0589000024 0.136882856
v -0.08089595 0.0589000024 0.136231974
v -0.08089595 0.06290001 0.136231974
v -0.08121221 0.0609000027 0.139209837
v -0.08162612 0.06290001 0.138716921
v -0.0808218 0.06290001 0.139721572
v -0.0808218 0.0589000024 0.139721572
v -0.08162612 0.0589000024 0.138716921
v -0.07847893 0.0609000027 0.139163956
v -0.07823729 0.06290001 0.139552742
v -0.07823729 0.0589000024 0.139552742
v -0.07873158 0.0589000024 0.138782248
v -0.07873158 0.06290001 0.138782248
v -0.0805094242 0.0609000027 0.139494613
v -0.08019705 0.0589000024 0.139267668
v -0.0808218 0.0589000024 0.139721572
v -0.0808218 0.06290001 0.139721572
v -0.08019705 0.06290001 0.139267668
v -0.07697697 0.0609000027 0.1421527
v -0.07682145 0.06290001 0.142583221
v -0.07682145 0.0589000024 0.142583221
v -0.07714474 0.0589000024 0.141726792
v -0.07714474 0.06290001 0.141726792
v -0.07903185 0.0609000027 0.142053962
v -0.07867911 0.0589000024 0.141896933
v -0.0793845654 0.0589000024 0.142211
v -0.0793845654 0.06290001 0.142211
v -0.07867911 0.06290001 0.141896933
v -0.07864484 0.0609000027 0.144318581
v -0.07882251 0.06290001 0.143699929
v -0.07849634 0.06290001 0.144944862
v -0.07849634 0.0589000024 0.144944862
v -0.07882251 0.0589000024 0.143699929
v -0.07837738 0.0609000027 0.1500299
v -0.07828805 0.06290001 0.149392471
v -0.07849644 0.06290001 0.150662422
v -0.07849644 0.0589000024 0.150662422
v -0.07828805 0.0589000024 0.149392471
v -0.07811867 0.0609000027 0.144864589
v -0.077741 0.0589000024 0.144784316
v -0.07849634 0.0589000024 0.144944862
v -0.07849634 0.06290001 0.144944862
v -0.077741 0.06290001 0.144784316
v -0.07612923 0.0609000027 0.145388409
v -0.07606661 0.06290001 0.145841852
v -0.07606661 0.0589000024 0.145841852
v -0.0762047842 0.0589000024 0.144936919
v -0.0762047842 0.06290001 0.144936919
v -0.07821097 0.0609000027 0.147160172
v -0.07825612 0.06290001 0.146518126
v -0.07819592 0.06290001 0.147803664
v -0.07819592 0.0589000024 0.147803664
v -0.07825612 0.0589000024 0.146518126
v -0.07597275 0.0609000027 0.148729652
v -0.07600578 0.06290001 0.149186209
v -0.07600578 0.0589000024 0.149186209
v -0.07595279 0.0589000024 0.148272336
v -0.07595279 0.06290001 0.148272336
v -0.07780981 0.0609000027 0.147803664
v -0.07742371 0.0589000024 0.147803664
v -0.07819592 0.0589000024 0.147803664
v -0.07819592 0.06290001 0.147803664
v -0.07742371 0.06290001 0.147803664
v -0.07651438 0.0609000027 0.152030423
v -0.07664161 0.06290001 0.152470142
v -0.07664161 0.0589000024 0.152470142
v -0.07639977 0.0589000024 0.151587248
v -0.07639977 0.06290001 0.151587248
v -0.0781187639 0.0609000027 0.15074271
v -0.0777411 0.0589000024 0.150823
v -0.07849644 0.0589000024 0.150662422
v -0.07849644 0.06290001 0.150662422
v -0.0777411 0.06290001 0.150823
v -0.0791368 0.0609000027 0.152802289
v -0.078916885 0.06290001 0.152197376
v -0.07938476 0.06290001 0.153396264
v -0.07938476 0.0589000024 0.153396264
v -0.078916885 0.0589000024 0.152197376
v -0.0822774246 0.0609000027 0.157580063
v -0.0818305 0.06290001 0.15711689
v -0.0827455446 0.06290001 0.158021823
v -0.0827455446 0.0589000024 0.158021823
v -0.0818305 0.0589000024 0.15711689
v -0.07903204 0.0609000027 0.1535533
v -0.0786793157 0.0589000024 0.153710365
v -0.07938476 0.0589000024 0.153396264
v -0.07938476 0.06290001 0.153396264
v -0.0786793157 0.06290001 0.153710365
v -0.07773043 0.0609000027 0.15514645
v -0.07794631 0.06290001 0.155550092
v -0.07794631 0.0589000024 0.155550092
v -0.07752619 0.0589000024 0.154736787
v -0.07752619 0.06290001 0.154736787
v -0.08045603 0.0609000027 0.155356228
v -0.08011516 0.06290001 0.15481025
v -0.08082207 0.06290001 0.155885652
v -0.08082207 0.0589000024 0.155885652
v -0.08011516 0.0589000024 0.15481025
v -0.0795677751 0.0609000027 0.15794155
v -0.07986286 0.06290001 0.158291489
v -0.07986286 0.0589000024 0.158291489
v -0.07928283 0.0589000024 0.1575833
v -0.07928283 0.06290001 0.1575833
v -0.0805097148 0.0609000027 0.156112611
v -0.08019735 0.0589000024 0.156339556
v -0.08082207 0.0589000024 0.155885652
v -0.08082207 0.06290001 0.155885652
v -0.08019735 0.06290001 0.156339556
v -0.08194611 0.0609000027 0.160293564
v -0.0823075 0.06290001 0.160574526
v -0.0823075 0.0589000024 0.160574526
v -0.0815929 0.0589000024 0.1600024
v -0.0815929 0.06290001 0.1600024
v -0.0824871957 0.0609000027 0.158308744
v -0.08222885 0.0589000024 0.158595681
v -0.0827455446 0.0589000024 0.158021823
v -0.0827455446 0.06290001 0.158021823
v -0.08222885 0.06290001 0.158595681
v -0.08452138 0.0609000027 0.159376621
v -0.08398792 0.06290001 0.159016475
v -0.08507112 0.06290001 0.159711391
v -0.08507112 0.0589000024 0.159711391
v -0.08398792 0.0589000024 0.159016475
v -0.08987051 0.0609000027 0.161395878
v -0.08923669 0.06290001 0.161283851
v -0.09050889 0.06290001 0.161478132
v -0.09050889 0.0589000024 0.161478132
v -0.08923669 0.0589000024 0.161283851
v -0.08487807 0.0609000027 0.160045773
v -0.08468502 0.0589000024 0.16038014
v -0.08507112 0.0589000024 0.159711391
v -0.08507112 0.06290001 0.159711391
v -0.08468502 0.06290001 0.16038014
v -0.08476147 0.0609000027 0.162099689
v -0.08517338 0.06290001 0.162299365
v -0.08517338 0.0589000024 0.162299365
v -0.08435544 0.0589000024 0.161888316
v -0.08435544 0.06290001 0.161888316
v -0.08708983 0.0609000027 0.16066736
v -0.08649316 0.06290001 0.160426021
v -0.08769716 0.06290001 0.160880521
v -0.08769716 0.0589000024 0.160880521
v -0.08649316 0.0589000024 0.160426021
v -0.08789084 0.0609000027 0.163281024
v -0.08833526 0.06290001 0.1633907
v -0.08833526 0.0589000024 0.1633907
v -0.08744974 0.0589000024 0.1631587
v -0.08744974 0.06290001 0.1631587
v -0.08757785 0.0609000027 0.16124773
v -0.08745855 0.0589000024 0.16161494
v -0.08769716 0.0589000024 0.160880521
v -0.08769716 0.06290001 0.160880521
v -0.08745855 0.06290001 0.16161494
v -0.09119742 0.0609000027 0.1637859
v -0.09165495 0.06290001 0.163800746
v -0.09165495 0.0589000024 0.163800746
v -0.09074052 0.0589000024 0.16375795
v -0.09074052 0.06290001 0.16375795
v -0.09046853 0.0609000027 0.1618621
v -0.09042818 0.0589000024 0.1622461
v -0.09050889 0.0589000024 0.161478132
v -0.09050889 0.06290001 0.161478132
v -0.09042818 0.06290001 0.1622461
v -0.09274191 0.0609000027 0.161530361
v -0.09209863 0.06290001 0.161552578
v -0.093383424 0.06290001 0.161478072
v -0.093383424 0.0589000024 0.161478072
v -0.09209863 0.0589000024 0.161552578
v -0.0982563347 0.0609000027 0.160019845
v -0.09767771 0.06290001 0.160301775
v -0.09882112 0.06290001 0.159711152
v -0.09882112 0.0589000024 0.159711152
v -0.09767771 0.0589000024 0.160301775
v -0.09342379 0.0609000027 0.16186206
v -0.09346415 0.0589000024 0.162246048
v -0.093383424 0.0589000024 0.161478072
v -0.093383424 0.06290001 0.161478072
v -0.09346415 0.06290001 0.162246048
v -0.09453673 0.0609000027 0.163592264
v -0.09498734 0.06290001 0.1635117
v -0.09498734 0.0589000024 0.1635117
v -0.094084 0.0589000024 0.163659915
v -0.094084 0.06290001 0.163659915
v -0.0955785 0.0609000027 0.1610649
v -0.09495391 0.06290001 0.161220372
v -0.0961951241 0.06290001 0.160880372
v -0.0961951241 0.0589000024 0.160880372
v -0.09495391 0.0589000024 0.161220372
v -0.0977628 0.0609000027 0.16270858
v -0.0981868058 0.06290001 0.16253607
v -0.0981868058 0.0589000024 0.16253607
v -0.09733403 0.0589000024 0.162868887
v -0.09733403 0.06290001 0.162868887
v -0.0963144451 0.0609000027 0.161247581
v -0.0964337662 0.0589000024 0.161614791
v -0.0961951241 0.0589000024 0.160880372
v -0.0961951241 0.06290001 0.160880372
v -0.0964337662 0.06290001 0.161614791
v -0.100734651 0.0609000027 0.161173478
v -0.101113528 0.06290001 0.160916582
v -0.101113528 0.0589000024 0.160916582
v -0.100348577 0.0589000024 0.161419421
v -0.100348577 0.06290001 0.161419421
v -0.0990141854 0.0609000027 0.1600455
v -0.0992072448 0.0589000024 0.160379887
v -0.09882112 0.0589000024 0.159711152
v -0.09882112 0.06290001 0.159711152
v -0.0992072448 0.06290001 0.160379887
v -0.100658379 0.0609000027 0.158440888
v -0.100151017 0.06290001 0.158836961
v -0.101146631 0.06290001 0.15802148
v -0.101146631 0.0589000024 0.15802148
v -0.100151017 0.0589000024 0.158836961
v -0.10423179 0.0609000027 0.153977543
v -0.103929386 0.06290001 0.154545739
v -0.104507275 0.06290001 0.153395832
v -0.104507275 0.0589000024 0.153395832
v -0.103929386 0.0589000024 0.154545739
v -0.10140501 0.0609000027 0.158308432
v -0.101663366 0.0589000024 0.158595368
v -0.101146631 0.0589000024 0.15802148
v -0.101146631 0.06290001 0.15802148
v -0.101663366 0.06290001 0.158595368
v -0.103322379 0.0609000027 0.159054026
v -0.103639573 0.06290001 0.158723965
v -0.103639573 0.0589000024 0.158723965
v -0.102995872 0.0589000024 0.159374863
v -0.102995872 0.06290001 0.159374863
v -0.10267964 0.0609000027 0.156397
v -0.102265716 0.06290001 0.156889915
v -0.10307005 0.06290001 0.155885279
v -0.10307005 0.0589000024 0.155885279
v -0.102265716 0.0589000024 0.156889915
v -0.105412908 0.0609000027 0.156442881
v -0.105654538 0.06290001 0.15605408
v -0.105654538 0.0589000024 0.15605408
v -0.105160251 0.0589000024 0.156824574
v -0.105160251 0.06290001 0.156824574
v -0.103694789 0.06290001 0.156339169
v -0.103382409 0.0609000027 0.156112209
v -0.10307005 0.06290001 0.155885279
v -0.103694789 0.0589000024 0.156339169
v -0.10307005 0.0589000024 0.155885279
v -0.10691487 0.0609000027 0.153454125
v -0.107070394 0.06290001 0.1530236
v -0.107070394 0.0589000024 0.1530236
v -0.106747083 0.0589000024 0.15388003
v -0.106747083 0.06290001 0.15388003
v -0.105212718 0.06290001 0.1537099
v -0.104859993 0.0609000027 0.15355286
v -0.104507275 0.06290001 0.153395832
v -0.105212718 0.0589000024 0.1537099
v -0.104507275 0.0589000024 0.153395832
v -0.105246983 0.0609000027 0.151288241
v -0.105069324 0.06290001 0.1519069
v -0.105395496 0.06290001 0.150661975
v -0.105395496 0.0589000024 0.150661975
v -0.105069324 0.0589000024 0.1519069
v -0.105680861 0.0609000027 0.148446649
v -0.105635718 0.0589000024 0.149088711
v -0.105635718 0.06290001 0.149088711
v -0.105695918 0.06290001 0.147803187
v -0.105695918 0.0589000024 0.147803187
v -0.105773166 0.0609000027 0.150742248
v -0.106150843 0.0589000024 0.15082252
v -0.105395496 0.0589000024 0.150661975
v -0.105395496 0.06290001 0.150661975
v -0.106150843 0.06290001 0.15082252
v -0.107762605 0.0609000027 0.150218427
v -0.107825235 0.06290001 0.149764985
v -0.107825235 0.0589000024 0.149764985
v -0.107687049 0.0589000024 0.1506699
v -0.107687049 0.06290001 0.1506699
v -0.09182702 0.0614000037 0.14488925
v -0.0917980745 0.0599 0.144390091
v -0.0917980745 0.06290001 0.144390091
v -0.0918559656 0.06290001 0.145388409
v -0.0918559656 0.0599 0.145388409
v -0.09199993 0.0614000037 0.145600826
v -0.0918559656 0.06290001 0.145388409
v -0.09214391 0.06290001 0.145813242
v -0.09214391 0.0599 0.145813242
v -0.0918559656 0.0599 0.145388409
v -0.09163767 0.0614000037 0.145621836
v -0.0915192142 0.0599 0.145849466
v -0.0915192142 0.06290001 0.145849466
v -0.09175613 0.06290001 0.145394191
v -0.09175613 0.0599 0.145394191
v -0.09172718 0.0614000037 0.144895047
v -0.09175613 0.06290001 0.145394191
v -0.0916982442 0.06290001 0.144395888
v -0.0916982442 0.0599 0.144395888
v -0.09175613 0.0599 0.145394191
v -0.0917481557 0.0614000037 0.144392982
v -0.0916982442 0.06290001 0.144395888
v -0.0917980745 0.06290001 0.144390091
v -0.0917980745 0.0599 0.144390091
v -0.0916982442 0.0599 0.144395888
v -0.09093232 0.0614000037 0.145068631
v -0.09075054 0.0599 0.144602835
v -0.09075054 0.06290001 0.144602835
v -0.09111409 0.06290001 0.145534411
v -0.09111409 0.0599 0.145534411
v -0.0913166553 0.0614000037 0.145691931
v -0.09111409 0.06290001 0.145534411
v -0.0915192142 0.06290001 0.145849466
v -0.0915192142 0.0599 0.145849466
v -0.09111409 0.0599 0.145534411
v -0.09097862 0.0614000037 0.145823851
v -0.0909363 0.0599 0.146076947
v -0.0909363 0.06290001 0.146076947
v -0.09102093 0.06290001 0.14557077
v -0.09102093 0.0599 0.14557077
v -0.090839155 0.0614000037 0.145104975
v -0.09102093 0.06290001 0.14557077
v -0.09065738 0.06290001 0.1446392
v -0.09065738 0.0599 0.1446392
v -0.09102093 0.0599 0.14557077
v -0.09070396 0.0614000037 0.144621015
v -0.09065738 0.06290001 0.1446392
v -0.09075054 0.06290001 0.144602835
v -0.09075054 0.0599 0.144602835
v -0.09065738 0.0599 0.1446392
v -0.090136826 0.0614000037 0.1455157
v -0.08982001 0.0599 0.145128876
v -0.08982001 0.06290001 0.145128876
v -0.09045363 0.06290001 0.145902514
v -0.09045363 0.0599 0.145902514
v -0.09069498 0.0614000037 0.145989731
v -0.09045363 0.06290001 0.145902514
v -0.0909363 0.06290001 0.146076947
v -0.0909363 0.0599 0.146076947
v -0.09045363 0.0599 0.145902514
v -0.09041424 0.0614000037 0.146219671
v -0.09045221 0.0599 0.146473438
v -0.09045221 0.06290001 0.146473438
v -0.09037628 0.06290001 0.145965874
v -0.09037628 0.0599 0.145965874
v -0.0900594741 0.0614000037 0.145579055
v -0.09037628 0.06290001 0.145965874
v -0.0897426456 0.06290001 0.145192236
v -0.0897426456 0.0599 0.145192236
v -0.09037628 0.0599 0.145965874
v -0.08978133 0.0614000037 0.145160556
v -0.0897426456 0.06290001 0.145192236
v -0.08982001 0.06290001 0.145128876
v -0.08982001 0.0599 0.145128876
v -0.0897426456 0.0599 0.145192236
v -0.08951843 0.0614000037 0.146186709
v -0.08909758 0.0599 0.14591673
v -0.08909758 0.06290001 0.14591673
v -0.08993927 0.06290001 0.146456689
v -0.08993927 0.0599 0.146456689
v -0.09019573 0.0614000037 0.146465063
v -0.08993927 0.06290001 0.146456689
v -0.09045221 0.06290001 0.146473438
v -0.09045221 0.0599 0.146473438
v -0.08993927 0.0599 0.146456689
v -0.0899998 0.0614000037 0.146770492
v -0.09011433 0.0599 0.147000119
v -0.09011433 0.06290001 0.147000119
v -0.0898852646 0.06290001 0.146540865
v -0.0898852646 0.0599 0.146540865
v -0.089464426 0.0614000037 0.146270871
v -0.0898852646 0.06290001 0.146540865
v -0.08904359 0.06290001 0.146000892
v -0.08904359 0.0599 0.146000892
v -0.0898852646 0.0599 0.146540865
v -0.08907058 0.0614000037 0.1459588
v -0.08904359 0.06290001 0.146000892
v -0.08909758 0.06290001 0.14591673
v -0.08909758 0.0599 0.14591673
v -0.08904359 0.0599 0.146000892
v -0.08913764 0.0614000037 0.147015974
v -0.08865397 0.0599 0.146889254
v -0.08865397 0.06290001 0.146889254
v -0.08962132 0.06290001 0.1471427
v -0.08962132 0.0599 0.1471427
v -0.08986782 0.0614000037 0.1470714
v -0.08962132 0.06290001 0.1471427
v -0.09011433 0.06290001 0.147000119
v -0.09011433 0.0599 0.147000119
v -0.08962132 0.0599 0.1471427
v -0.08977586 0.0614000037 0.147422418
v -0.08995574 0.0599 0.147605419
v -0.08995574 0.06290001 0.147605419
v -0.08959597 0.06290001 0.147239432
v -0.08959597 0.0599 0.147239432
v -0.0891123 0.0614000037 0.1471127
v -0.08959597 0.06290001 0.147239432
v -0.08862862 0.06290001 0.146985978
v -0.08862862 0.0599 0.146985978
v -0.08959597 0.0599 0.147239432
v -0.0886413 0.0614000037 0.146937609
v -0.08862862 0.06290001 0.146985978
v -0.08865397 0.06290001 0.146889254
v -0.08865397 0.0599 0.146889254
v -0.08862862 0.0599 0.146985978
v -0.0890317559 0.0614000037 0.1479223
v -0.0885326 0.0599 0.14795126
v -0.0885326 0.06290001 0.14795126
v -0.089530915 0.06290001 0.147893369
v -0.089530915 0.0599 0.147893369
v -0.08974333 0.0614000037 0.1477494
v -0.089530915 0.06290001 0.147893369
v -0.08995574 0.06290001 0.147605419
v -0.08995574 0.0599 0.147605419
v -0.089530915 0.0599 0.147893369
v -0.0897643343 0.0614000037 0.148111656
v -0.08999197 0.0599 0.1482301
v -0.08999197 0.06290001 0.1482301
v -0.08953671 0.06290001 0.1479932
v -0.08953671 0.0599 0.1479932
v -0.08903755 0.0614000037 0.148022145
v -0.08953671 0.06290001 0.1479932
v -0.0885383859 0.06290001 0.148051083
v -0.0885383859 0.0599 0.148051083
v -0.08953671 0.0599 0.1479932
v -0.08853548 0.0614000037 0.148001179
v -0.0885383859 0.06290001 0.148051083
v -0.0885326 0.06290001 0.14795126
v -0.0885326 0.0599 0.14795126
v -0.0885383859 0.0599 0.148051083
v -0.08921113 0.0614000037 0.148817018
v -0.08874534 0.0599 0.148998812
v -0.08874534 0.06290001 0.148998812
v -0.08967691 0.06290001 0.148635238
v -0.08967691 0.0599 0.148635238
v -0.08983444 0.0614000037 0.148432687
v -0.08967691 0.06290001 0.148635238
v -0.08999197 0.06290001 0.1482301
v -0.08999197 0.0599 0.1482301
v -0.08967691 0.0599 0.148635238
v -0.08996636 0.0614000037 0.14877072
v -0.09021945 0.0599 0.148813039
v -0.09021945 0.06290001 0.148813039
v -0.08971327 0.06290001 0.1487284
v -0.08971327 0.0599 0.1487284
v -0.08924748 0.0614000037 0.148910165
v -0.08971327 0.06290001 0.1487284
v -0.0887817 0.06290001 0.149091959
v -0.0887817 0.0599 0.149091959
v -0.08971327 0.0599 0.1487284
v -0.08876352 0.0614000037 0.149045378
v -0.0887817 0.06290001 0.149091959
v -0.08874534 0.06290001 0.148998812
v -0.08874534 0.0599 0.148998812
v -0.0887817 0.0599 0.149091959
v -0.0896582 0.0614000037 0.149612516
v -0.089271374 0.0599 0.14992933
v -0.089271374 0.06290001 0.14992933
v -0.09004502 0.06290001 0.149295688
v -0.09004502 0.0599 0.149295688
v -0.09013224 0.0614000037 0.149054363
v -0.09004502 0.06290001 0.149295688
v -0.09021945 0.06290001 0.148813039
v -0.09021945 0.0599 0.148813039
v -0.09004502 0.0599 0.149295688
v -0.09036216 0.0614000037 0.149335086
v -0.09061594 0.0599 0.149297133
v -0.09061594 0.06290001 0.149297133
v -0.09010838 0.06290001 0.149373055
v -0.09010838 0.0599 0.149373055
v -0.08972156 0.0614000037 0.149689883
v -0.09010838 0.06290001 0.149373055
v -0.08933474 0.06290001 0.1500067
v -0.08933474 0.0599 0.1500067
v -0.09010838 0.0599 0.149373055
v -0.08930306 0.0614000037 0.149968013
v -0.08933474 0.06290001 0.1500067
v -0.089271374 0.06290001 0.14992933
v -0.089271374 0.0599 0.14992933
v -0.08933474 0.0599 0.1500067
v -0.0903292 0.0614000037 0.150230914
v -0.09005923 0.0599 0.150651753
v -0.09005923 0.06290001 0.150651753
v -0.0905991942 0.06290001 0.149810061
v -0.0905991942 0.0599 0.149810061
v -0.09060757 0.0614000037 0.1495536
v -0.0905991942 0.06290001 0.149810061
v -0.09061594 0.06290001 0.149297133
v -0.09061594 0.0599 0.149297133
v -0.0905991942 0.0599 0.149810061
v -0.09091298 0.0614000037 0.149749532
v -0.09114262 0.0599 0.149635017
v -0.09114262 0.06290001 0.149635017
v -0.09068336 0.06290001 0.149864063
v -0.09068336 0.0599 0.149864063
v -0.09041338 0.0614000037 0.1502849
v -0.09068336 0.06290001 0.149864063
v -0.09014339 0.06290001 0.150705755
v -0.09014339 0.0599 0.150705755
v -0.09068336 0.0599 0.149864063
v -0.09010132 0.0614000037 0.150678754
v -0.09014339 0.06290001 0.150705755
v -0.09005923 0.06290001 0.150651753
v -0.09005923 0.0599 0.150651753
v -0.09014339 0.0599 0.150705755
v -0.0911584646 0.0614000037 0.150611684
v -0.0910317451 0.0599 0.151095375
v -0.0910317451 0.06290001 0.151095375
v -0.09128519 0.06290001 0.150128022
v -0.09128519 0.0599 0.150128022
v -0.09121391 0.0614000037 0.149881512
v -0.09128519 0.06290001 0.150128022
v -0.09114262 0.06290001 0.149635017
v -0.09114262 0.0599 0.149635017
v -0.09128519 0.0599 0.150128022
v -0.09156492 0.0614000037 0.149973467
v -0.09174793 0.0599 0.1497936
v -0.09174793 0.06290001 0.1497936
v -0.09138193 0.06290001 0.150153354
v -0.09138193 0.0599 0.150153354
v -0.09125522 0.0614000037 0.150637031
v -0.09138193 0.06290001 0.150153354
v -0.09112849 0.06290001 0.1511207
v -0.09112849 0.0599 0.1511207
v -0.09138193 0.0599 0.150153354
v -0.0910801142 0.0614000037 0.151108041
v -0.09112849 0.06290001 0.1511207
v -0.0910317451 0.06290001 0.151095375
v -0.0910317451 0.0599 0.151095375
v -0.09112849 0.0599 0.1511207
v -0.09206481 0.0614000037 0.150717586
v -0.09209376 0.0599 0.151216745
v -0.09209376 0.06290001 0.151216745
v -0.09203587 0.06290001 0.150218427
v -0.09203587 0.0599 0.150218427
v -0.0918919 0.0614000037 0.150006
v -0.09203587 0.06290001 0.150218427
v -0.09174793 0.06290001 0.1497936
v -0.09174793 0.0599 0.1497936
v -0.09203587 0.0599 0.150218427
v -0.09225416 0.0614000037 0.149984986
v -0.09237261 0.0599 0.149757355
v -0.09237261 0.06290001 0.149757355
v -0.0921357051 0.06290001 0.150212631
v -0.0921357051 0.0599 0.150212631
v -0.09216465 0.0614000037 0.15071179
v -0.0921357051 0.06290001 0.150212631
v -0.0921935961 0.06290001 0.151210964
v -0.0921935961 0.0599 0.151210964
v -0.0921357051 0.0599 0.150212631
v -0.0921436846 0.0614000037 0.15121384
v -0.0921935961 0.06290001 0.151210964
v -0.09209376 0.06290001 0.151216745
v -0.09209376 0.0599 0.151216745
v -0.0921935961 0.0599 0.151210964
v -0.09295952 0.0614000037 0.1505382
v -0.0931413 0.0599 0.151004
v -0.0931413 0.06290001 0.151004
v -0.0927777439 0.06290001 0.150072411
v -0.0927777439 0.0599 0.150072411
v -0.092575185 0.0614000037 0.149914891
v -0.0927777439 0.06290001 0.150072411
v -0.09237261 0.06290001 0.149757355
v -0.09237261 0.0599 0.149757355
v -0.0927777439 0.0599 0.150072411
v -0.09291322 0.0614000037 0.149782971
v -0.09295554 0.0599 0.149529874
v -0.09295554 0.06290001 0.149529874
v -0.092870906 0.06290001 0.150036067
v -0.092870906 0.0599 0.150036067
v -0.09305268 0.0614000037 0.150501847
v -0.092870906 0.06290001 0.150036067
v -0.0932344645 0.06290001 0.150967643
v -0.0932344645 0.0599 0.150967643
v -0.092870906 0.0599 0.150036067
v -0.093187876 0.0614000037 0.150985822
v -0.0932344645 0.06290001 0.150967643
v -0.0931413 0.06290001 0.151004
v -0.0931413 0.0599 0.151004
v -0.0932344645 0.0599 0.150967643
v -0.0937550142 0.0614000037 0.150091141
v -0.0940718353 0.0599 0.150477946
v -0.0940718353 0.06290001 0.150477946
v -0.0934381858 0.06290001 0.149704322
v -0.0934381858 0.0599 0.149704322
v -0.09319686 0.0614000037 0.149617091
v -0.0934381858 0.06290001 0.149704322
v -0.09295554 0.06290001 0.149529874
v -0.09295554 0.0599 0.149529874
v -0.0934381858 0.0599 0.149704322
v -0.0934776 0.0614000037 0.149387181
v -0.09343963 0.0599 0.149133384
v -0.09343963 0.06290001 0.149133384
v -0.09351556 0.06290001 0.149640962
v -0.09351556 0.0599 0.149640962
v -0.09383237 0.0614000037 0.150027767
v -0.09351556 0.06290001 0.149640962
v -0.0941491947 0.06290001 0.150414586
v -0.0941491947 0.0599 0.150414586
v -0.09351556 0.0599 0.149640962
v -0.09411051 0.0614000037 0.150446266
v -0.0941491947 0.06290001 0.150414586
v -0.0940718353 0.06290001 0.150477946
v -0.0940718353 0.0599 0.150477946
v -0.0941491947 0.0599 0.150414586
v -0.09437341 0.0614000037 0.149420127
v -0.09479426 0.0599 0.1496901
v -0.09479426 0.06290001 0.1496901
v -0.0939525738 0.06290001 0.149150133
v -0.0939525738 0.0599 0.149150133
v -0.0936961 0.0614000037 0.149141759
v -0.0939525738 0.06290001 0.149150133
v -0.09343963 0.06290001 0.149133384
v -0.09343963 0.0599 0.149133384
v -0.0939525738 0.0599 0.149150133
v -0.09389204 0.0614000037 0.148836344
v -0.09377751 0.0599 0.148606718
v -0.09377751 0.06290001 0.148606718
v -0.09400657 0.06290001 0.149065986
v -0.09400657 0.0599 0.149065986
v -0.09442741 0.0614000037 0.149335951
v -0.09400657 0.06290001 0.149065986
v -0.09484826 0.06290001 0.14960593
v -0.09484826 0.0599 0.14960593
v -0.09400657 0.0599 0.149065986
v -0.09482126 0.0614000037 0.149648026
v -0.09484826 0.06290001 0.14960593
v -0.09479426 0.06290001 0.1496901
v -0.09479426 0.0599 0.1496901
v -0.09484826 0.0599 0.14960593
v -0.09475419 0.0614000037 0.148590863
v -0.095237866 0.0599 0.148717582
v -0.095237866 0.06290001 0.148717582
v -0.09427052 0.06290001 0.148464143
v -0.09427052 0.0599 0.148464143
v -0.09402402 0.0614000037 0.14853543
v -0.09427052 0.06290001 0.148464143
v -0.09377751 0.06290001 0.148606718
v -0.09377751 0.0599 0.148606718
v -0.09427052 0.0599 0.148464143
v -0.09411597 0.0614000037 0.1481844
v -0.09393609 0.0599 0.1480014
v -0.09393609 0.06290001 0.1480014
v -0.09429586 0.06290001 0.1483674
v -0.09429586 0.0599 0.1483674
v -0.0947795361 0.0614000037 0.148494124
v -0.09429586 0.06290001 0.1483674
v -0.0952632055 0.06290001 0.148620844
v -0.0952632055 0.0599 0.148620844
v -0.09429586 0.0599 0.1483674
v -0.09525054 0.0614000037 0.148669213
v -0.0952632055 0.06290001 0.148620844
v -0.095237866 0.06290001 0.148717582
v -0.095237866 0.0599 0.148717582
v -0.0952632055 0.0599 0.148620844
v -0.0948600844 0.0614000037 0.147684515
v -0.09535924 0.0599 0.147655576
v -0.09535924 0.06290001 0.147655576
v -0.09436092 0.06290001 0.147713453
v -0.09436092 0.0599 0.147713453
v -0.09414851 0.0614000037 0.147857428
v -0.09436092 0.06290001 0.147713453
v -0.09393609 0.06290001 0.1480014
v -0.09393609 0.0599 0.1480014
v -0.09436092 0.0599 0.147713453
v -0.0941275 0.0614000037 0.147495165
v -0.0938998759 0.0599 0.147376716
v -0.0938998759 0.06290001 0.147376716
v -0.09435513 0.06290001 0.14761363
v -0.09435513 0.0599 0.14761363
v -0.0948542953 0.0614000037 0.147584692
v -0.09435513 0.06290001 0.14761363
v -0.0953534544 0.06290001 0.147555739
v -0.0953534544 0.0599 0.147555739
v -0.09435513 0.0599 0.14761363
v -0.0953563452 0.0614000037 0.147605658
v -0.0953534544 0.06290001 0.147555739
v -0.09535924 0.06290001 0.147655576
v -0.09535924 0.0599 0.147655576
v -0.0953534544 0.0599 0.147555739
v -0.09468071 0.0614000037 0.1467898
v -0.09514649 0.0599 0.14660804
v -0.09514649 0.06290001 0.14660804
v -0.0942149162 0.06290001 0.146971583
v -0.0942149162 0.0599 0.146971583
v -0.0940573961 0.0614000037 0.147174165
v -0.0942149162 0.06290001 0.146971583
v -0.0938998759 0.06290001 0.147376716
v -0.0938998759 0.0599 0.147376716
v -0.0942149162 0.0599 0.146971583
v -0.0939254761 0.0614000037 0.146836117
v -0.09367239 0.0599 0.1467938
v -0.09367239 0.06290001 0.1467938
v -0.09417857 0.06290001 0.146878421
v -0.09417857 0.0599 0.146878421
v -0.09464435 0.0614000037 0.146696657
v -0.09417857 0.06290001 0.146878421
v -0.09511015 0.06290001 0.146514863
v -0.09511015 0.0599 0.146514863
v -0.09417857 0.0599 0.146878421
v -0.09512833 0.0614000037 0.146561459
v -0.09511015 0.06290001 0.146514863
v -0.09514649 0.06290001 0.14660804
v -0.09514649 0.0599 0.14660804
v -0.09511015 0.0599 0.146514863
v -0.09423364 0.0614000037 0.1459943
v -0.09462045 0.0599 0.1456775
v -0.09462045 0.06290001 0.1456775
v -0.09384683 0.06290001 0.146311134
v -0.09384683 0.0599 0.146311134
v -0.0937596 0.0614000037 0.146552458
v -0.09384683 0.06290001 0.146311134
v -0.09367239 0.06290001 0.1467938
v -0.09367239 0.0599 0.1467938
v -0.09384683 0.0599 0.146311134
v -0.09352968 0.0614000037 0.14627175
v -0.0932759 0.0599 0.1463097
v -0.0932759 0.06290001 0.1463097
v -0.09378345 0.06290001 0.146233767
v -0.09378345 0.0599 0.146233767
v -0.09417028 0.0614000037 0.145916954
v -0.09378345 0.06290001 0.146233767
v -0.09455709 0.06290001 0.14560014
v -0.09455709 0.0599 0.14560014
v -0.09378345 0.0599 0.146233767
v -0.09458877 0.0614000037 0.145638824
v -0.09455709 0.06290001 0.14560014
v -0.09462045 0.06290001 0.1456775
v -0.09462045 0.0599 0.1456775
v -0.09455709 0.0599 0.14560014
v -0.09356263 0.0614000037 0.1453759
v -0.09383261 0.0599 0.144955084
v -0.09383261 0.06290001 0.144955084
v -0.09329265 0.06290001 0.145796761
v -0.09329265 0.0599 0.145796761
v -0.0932842642 0.0614000037 0.14605324
v -0.09329265 0.06290001 0.145796761
v -0.0932759 0.06290001 0.1463097
v -0.0932759 0.0599 0.1463097
v -0.09329265 0.0599 0.145796761
v -0.09297884 0.0614000037 0.1458573
v -0.09274922 0.0599 0.145971835
v -0.09274922 0.06290001 0.145971835
v -0.09320848 0.06290001 0.145742759
v -0.09320848 0.0599 0.145742759
v -0.09347847 0.0614000037 0.145321921
v -0.09320848 0.06290001 0.145742759
v -0.0937484354 0.06290001 0.144901082
v -0.0937484354 0.0599 0.144901082
v -0.09320848 0.0599 0.145742759
v -0.09379052 0.0614000037 0.144928083
v -0.0937484354 0.06290001 0.144901082
v -0.09383261 0.06290001 0.144955084
v -0.09383261 0.0599 0.144955084
v -0.0937484354 0.0599 0.144901082
v -0.09273337 0.0614000037 0.144995138
v -0.09286009 0.0599 0.144511476
v -0.09286009 0.06290001 0.144511476
v -0.09260665 0.06290001 0.145478815
v -0.09260665 0.0599 0.145478815
v -0.09250991 0.0599 0.145453468
v -0.09232692 0.0614000037 0.145633355
v -0.09250991 0.06290001 0.145453468
v -0.09214391 0.0599 0.145813242
v -0.09214391 0.06290001 0.145813242
v -0.09276335 0.0599 0.144486114
v -0.09263663 0.0614000037 0.144969791
v -0.09276335 0.06290001 0.144486114
v -0.09250991 0.0599 0.145453468
v -0.09250991 0.06290001 0.145453468
v -0.09274922 0.0599 0.145971835
v -0.09267793 0.0614000037 0.145725325
v -0.09274922 0.06290001 0.145971835
v -0.09260665 0.0599 0.145478815
v -0.09260665 0.06290001 0.145478815
v -0.09286009 0.0599 0.144511476
v -0.092811726 0.0614000037 0.1444988
v -0.09286009 0.06290001 0.144511476
v -0.09276335 0.0599 0.144486114
v -0.09276335 0.06290001 0.144486114
f 1 2 3
f 1 3 4
f 5 1 4
f 4 3 6
f 7 5 4
f 8 4 6
f 7 4 8
f 8 6 9
f 10 7 8
f 11 8 9
f 10 8 11
f 11 9 12
f 13 10 11
f 14 11 12
f 13 11 14
f 14 12 15
f 16 13 14
f 17 14 15
f 16 14 17
f 17 15 18
f 19 16 17
f 20 17 18
f 19 17 20
f 20 18 21
f 22 20 21
f 23 19 20
f 23 20 22
f 22 21 24
f 25 23 22
f 26 22 24
f 27 25 22
f 28 22 26
f 27 22 28
f 29 28 26
f 30 27 28
f 31 28 29
f 31 30 28
f 32 31 29
f 31 32 30
f 32 29 33
f 32 34 30
f 35 32 33
f 32 35 34
f 35 33 36
f 35 37 34
f 38 35 36
f 35 38 37
f 38 36 39
f 38 40 37
f 41 38 39
f 38 41 40
f 41 39 42
f 41 43 40
f 44 41 42
f 41 44 43
f 44 42 45
f 44 46 43
f 47 44 45
f 44 47 46
f 47 45 48
f 46 47 49
f 47 48 49
f 48 50 49
f 50 51 49
f 49 51 52
f 50 53 51
f 51 54 52
f 53 55 51
f 51 55 54
f 53 56 55
f 55 57 54
f 56 58 55
f 55 58 57
f 56 59 58
f 58 60 57
f 59 61 58
f 58 61 60
f 59 62 61
f 61 63 60
f 62 64 61
f 61 64 63
f 62 65 64
f 64 66 63
f 65 67 64
f 64 67 66
f 65 68 67
f 68 69 67
f 67 70 66
f 67 69 70
f 68 71 69
f 69 72 70
f 71 73 69
f 69 74 72
f 73 75 69
f 69 75 74
f 73 76 75
f 75 77 74
f 76 78 75
f 75 78 77
f 76 79 78
f 79 77 78
f 80 79 76
f 79 81 77
f 82 79 80
f 79 82 81
f 83 82 80
f 82 84 81
f 85 82 83
f 82 85 84
f 86 85 83
f 85 87 84
f 88 85 86
f 85 88 87
f 89 88 86
f 88 90 87
f 91 88 89
f 88 91 90
f 92 91 89
f 91 93 90
f 94 91 92
f 91 94 93
f 95 94 92
f 94 96 93
f 94 95 96
f 97 98 99
f 100 97 99
f 100 99 101
f 102 100 101
f 102 101 103
f 104 102 103
f 104 103 105
f 105 103 106
f 107 104 105
f 104 107 108
f 107 105 109
f 110 107 109
f 110 109 111
f 112 110 111
f 113 111 109
f 113 109 114
f 113 115 111
f 116 113 114
f 115 117 111
f 115 118 117
f 112 111 119
f 116 114 120
f 114 121 120
f 121 122 120
f 123 116 120
f 121 124 122
f 124 121 125
f 124 126 122
f 122 126 127
f 124 128 126
f 128 129 126
f 128 130 129
f 130 131 129
f 130 132 131
f 132 133 131
f 134 116 123
f 134 135 116
f 135 136 116
f 135 137 136
f 138 134 123
f 138 123 139
f 134 138 140
f 141 138 139
f 140 138 142
f 141 139 143
f 139 144 143
f 141 143 145
f 146 141 145
f 143 147 145
f 147 148 145
f 147 149 148
f 149 150 148
f 149 151 150
f 151 152 150
f 140 142 153
f 142 154 153
f 155 140 153
f 155 156 140
f 156 157 140
f 156 158 157
f 155 153 159
f 154 160 153
f 161 155 159
f 154 162 160
f 162 154 163
f 162 164 160
f 160 164 165
f 162 166 164
f 166 167 164
f 166 168 167
f 168 169 167
f 168 170 169
f 170 171 169
f 161 159 172
f 159 173 172
f 173 174 172
f 161 172 175
f 173 176 174
f 176 173 177
f 176 178 174
f 174 178 179
f 176 180 178
f 180 181 178
f 180 182 181
f 182 183 181
f 182 184 183
f 184 185 183
f 186 161 175
f 186 187 161
f 187 188 161
f 187 189 188
f 186 175 190
f 191 186 190
f 175 192 190
f 192 193 190
f 194 191 190
f 192 195 193
f 195 192 196
f 195 197 193
f 193 197 198
f 195 199 197
f 199 200 197
f 199 201 200
f 201 202 200
f 201 203 202
f 203 204 202
f 205 191 194
f 206 205 194
f 206 194 207
f 205 208 191
f 208 209 191
f 208 205 210
f 208 211 209
f 211 212 209
f 206 207 213
f 214 206 213
f 207 215 213
f 215 207 216
f 215 217 213
f 215 218 217
f 218 219 217
f 218 220 219
f 220 221 219
f 220 222 221
f 223 208 224
f 208 210 224
f 225 223 224
f 223 225 226
f 224 210 227
f 210 228 227
f 225 229 226
f 225 230 229
f 223 226 231
f 228 232 227
f 227 232 233
f 228 234 232
f 234 228 235
f 234 236 232
f 234 237 236
f 237 238 236
f 237 239 238
f 239 240 238
f 239 241 240
f 223 231 242
f 242 231 243
f 231 244 243
f 245 223 242
f 244 246 243
f 243 246 247
f 244 248 246
f 248 244 249
f 248 250 246
f 248 251 250
f 251 252 250
f 251 253 252
f 253 254 252
f 253 255 254
f 223 245 256
f 256 257 223
f 257 258 223
f 245 259 256
f 223 258 260
f 245 261 259
f 258 262 260
f 262 263 260
f 257 264 258
f 261 265 259
f 259 265 266
f 261 267 265
f 267 261 268
f 267 269 265
f 267 270 269
f 270 271 269
f 270 272 271
f 272 273 271
f 272 274 273
f 257 275 264
f 275 276 264
f 275 277 276
f 277 278 276
f 275 257 279
f 257 280 279
f 279 280 281
f 280 282 281
f 282 283 281
f 280 257 284
f 280 284 285
f 257 286 284
f 257 287 286
f 288 280 285
f 287 289 286
f 286 289 290
f 287 291 289
f 291 287 292
f 291 293 289
f 291 294 293
f 294 295 293
f 294 296 295
f 296 297 295
f 296 298 297
f 288 285 299
f 300 288 299
f 288 300 301
f 300 302 301
f 302 303 301
f 299 285 304
f 300 299 305
f 285 306 304
f 307 300 305
f 306 308 304
f 304 308 309
f 306 310 308
f 310 306 311
f 310 312 308
f 310 313 312
f 313 314 312
f 313 315 314
f 315 316 314
f 315 317 316
f 307 305 318
f 305 319 318
f 319 320 318
f 321 307 318
f 319 322 320
f 322 323 320
f 319 324 322
f 324 319 325
f 324 326 322
f 324 327 326
f 327 328 326
f 328 329 326
f 328 330 329
f 330 331 329
f 332 307 321
f 332 333 307
f 333 334 307
f 333 335 334
f 336 332 321
f 336 321 337
f 332 336 338
f 339 336 337
f 338 336 340
f 339 337 341
f 337 342 341
f 339 341 343
f 344 339 343
f 341 345 343
f 345 346 343
f 345 347 346
f 347 348 346
f 347 349 348
f 349 350 348
f 338 340 351
f 340 352 351
f 353 338 351
f 353 354 338
f 354 355 338
f 354 356 355
f 353 351 357
f 352 358 351
f 359 353 357
f 352 360 358
f 360 352 361
f 360 362 358
f 358 362 363
f 360 364 362
f 364 365 362
f 364 366 365
f 366 367 365
f 366 368 367
f 368 369 367
f 359 357 370
f 357 371 370
f 371 372 370
f 373 359 370
f 371 374 372
f 374 371 375
f 374 376 372
f 372 376 377
f 374 378 376
f 378 379 376
f 378 380 379
f 380 381 379
f 380 382 381
f 382 383 381
f 384 359 373
f 384 385 359
f 385 386 359
f 385 387 386
f 388 384 373
f 388 373 389
f 390 384 388
f 390 391 384
f 392 388 389
f 393 390 388
f 394 390 393
f 390 394 395
f 396 394 393
f 391 390 397
f 390 398 397
f 391 397 399
f 400 391 399
f 400 399 401
f 396 393 402
f 392 389 403
f 389 404 403
f 392 403 405
f 406 392 405
f 403 407 405
f 407 408 405
f 407 409 408
f 409 410 408
f 409 411 410
f 411 412 410
f 413 396 402
f 413 402 414
f 402 415 414
f 413 414 416
f 417 413 416
f 414 418 416
f 418 419 416
f 418 420 419
f 420 421 419
f 420 422 421
f 422 423 421
f 394 396 424
f 394 424 425
f 424 426 425
f 426 427 425
f 426 428 427
f 428 426 429
f 428 430 427
f 427 430 431
f 428 432 430
f 432 433 430
f 432 434 433
f 434 435 433
f 434 436 435
f 436 437 435
f 438 394 425
f 438 425 439
f 440 438 439
f 440 439 441
f 439 442 441
f 443 440 441
f 443 441 444
f 440 443 444
f 442 445 441
f 438 440 446
f 440 444 446
f 438 446 447
f 394 438 447
f 446 444 448
f 444 449 448
f 442 450 445
f 450 442 451
f 450 452 445
f 445 452 453
f 450 454 452
f 454 455 452
f 454 456 455
f 456 457 455
f 456 458 457
f 458 459 457
f 449 460 448
f 448 460 461
f 449 462 460
f 462 449 463
f 462 464 460
f 462 465 464
f 465 466 464
f 465 467 466
f 467 468 466
f 467 469 468
f 470 471 472
f 473 471 470
f 474 473 470
f 474 470 475
f 473 476 471
f 476 473 477
f 476 478 471
f 478 479 471
f 478 480 479
f 478 481 480
f 481 482 480
f 481 483 482
f 484 474 475
f 475 485 484
f 484 486 474
f 486 487 474
f 485 119 484
f 485 112 119
f 119 488 484
f 488 489 484
f 488 490 489
f 485 491 112
f 491 492 112
f 491 493 492
f 493 491 494
f 493 495 492
f 492 495 496
f 493 497 495
f 497 498 495
f 497 499 498
f 499 500 498
f 499 501 500
f 501 502 500
f 503 504 505
f 503 505 506
f 507 503 506
f 507 506 508
f 509 507 508
f 509 508 510
f 511 509 510
f 509 511 512
f 511 510 513
f 513 510 514
f 515 511 513
f 515 513 516
f 517 515 516
f 517 516 518
f 517 519 515
f 519 520 515
f 519 517 521
f 519 522 520
f 517 523 521
f 523 524 521
f 525 517 518
f 522 526 520
f 520 526 527
f 526 528 527
f 522 529 526
f 528 530 527
f 527 530 531
f 528 532 530
f 532 528 533
f 532 534 530
f 532 535 534
f 535 536 534
f 535 537 536
f 537 538 536
f 537 539 538
f 529 522 540
f 522 541 540
f 522 542 541
f 542 543 541
f 529 540 544
f 545 529 544
f 540 390 544
f 546 390 540
f 545 544 547
f 390 395 544
f 545 547 548
f 549 545 548
f 547 550 548
f 550 547 551
f 550 552 548
f 550 553 552
f 553 554 552
f 553 555 554
f 555 556 554
f 555 557 556
f 394 558 395
f 395 558 559
f 394 560 558
f 394 447 560
f 447 561 560
f 558 562 559
f 447 563 561
f 562 564 559
f 559 564 565
f 562 566 564
f 566 562 567
f 566 568 564
f 566 569 568
f 569 570 568
f 569 571 570
f 571 572 570
f 571 573 572
f 563 574 561
f 561 574 575
f 563 576 574
f 576 563 577
f 576 578 574
f 576 579 578
f 579 580 578
f 579 581 580
f 581 582 580
f 581 583 582
f 584 585 586
f 584 586 587
f 588 584 587
f 588 587 589
f 590 588 589
f 590 589 591
f 592 590 591
f 590 592 593
f 592 591 594
f 594 591 595
f 518 592 594
f 487 518 594
f 525 518 487
f 486 525 487
f 525 486 596
f 486 597 596
f 597 598 596
f 599 600 601
f 599 601 602
f 603 599 602
f 603 602 604
f 605 603 604
f 605 604 606
f 230 605 606
f 605 230 607
f 230 606 229
f 229 606 608
f 609 610 611
f 610 612 611
f 610 613 612
f 613 614 612
f 613 615 614
f 614 390 612
f 390 616 612
f 390 546 616
f 546 617 616
f 546 618 617
f 618 619 617
f 390 614 398
f 615 398 614
f 615 620 398
f 620 621 398
f 620 622 621
f 623 624 625
f 624 626 625
f 624 627 626
f 627 624 628
f 627 629 626
f 630 627 628
f 627 630 629
f 630 628 631
f 630 631 629
f 628 632 631
f 628 633 632
f 628 634 633
f 634 635 633
f 634 636 635
f 629 631 637
f 629 637 638
f 639 629 638
f 639 638 640
f 641 639 640
f 642 631 632
f 642 643 631
f 643 644 631
f 644 645 631
f 631 645 646
f 631 646 637
f 647 642 632
f 648 637 646
f 647 632 649
f 650 647 649
f 651 650 649
f 637 648 652
f 648 653 652
f 653 654 652
f 649 632 655
f 632 656 655
f 656 657 655
f 656 658 657
f 651 649 659
f 660 651 659
f 660 659 661
f 662 660 661
f 663 662 661
f 659 649 664
f 649 665 664
f 665 666 664
f 665 667 666
f 659 668 661
f 668 669 661
f 668 670 669
f 670 668 671
f 663 661 672
f 673 663 672
f 674 673 672
f 672 661 675
f 661 676 675
f 676 677 675
f 677 678 675
f 674 672 679
f 680 674 679
f 679 672 681
f 672 682 681
f 682 683 681
f 683 684 681
f 680 679 685
f 686 680 685
f 679 687 685
f 688 686 685
f 687 689 685
f 687 690 689
f 690 691 689
f 688 685 692
f 693 688 692
f 693 692 694
f 695 693 694
f 685 696 692
f 697 695 694
f 696 698 692
f 696 699 698
f 699 700 698
f 692 701 694
f 701 702 694
f 701 703 702
f 703 704 702
f 697 694 705
f 706 697 705
f 707 706 705
f 705 694 708
f 694 709 708
f 709 710 708
f 710 711 708
f 707 705 712
f 713 707 712
f 712 705 714
f 705 715 714
f 715 716 714
f 715 717 716
f 713 712 718
f 719 713 718
f 720 719 718
f 718 712 721
f 712 722 721
f 722 723 721
f 722 724 723
f 720 718 725
f 726 720 725
f 726 725 727
f 728 726 727
f 729 728 727
f 725 718 730
f 718 731 730
f 731 732 730
f 731 733 732
f 725 734 727
f 734 735 727
f 734 736 735
f 736 734 737
f 729 727 738
f 739 729 738
f 740 739 738
f 738 727 741
f 727 742 741
f 742 743 741
f 743 744 741
f 740 738 745
f 654 740 745
f 654 745 652
f 745 738 746
f 738 747 746
f 747 748 746
f 748 749 746
f 745 750 652
f 750 751 652
f 750 752 751
f 752 753 751
f 637 652 754
f 755 637 754
f 755 754 756
f 757 755 756
f 758 759 760
f 759 761 760
f 759 762 761
f 762 763 761
f 763 764 761
f 763 765 764
f 765 766 764
f 765 767 766
f 768 761 764
f 769 760 761
f 768 769 761
f 770 764 766
f 770 768 764
f 767 771 766
f 772 766 771
f 772 770 766
f 767 772 771
f 767 773 772
f 767 774 773
f 775 774 767
f 772 776 770
f 773 776 772
f 770 777 768
f 776 777 770
f 778 769 768
f 778 768 777
f 774 775 779
f 774 779 773
f 775 780 779
f 780 775 781
f 779 780 782
f 780 781 782
f 783 777 776
f 773 783 776
f 784 777 783
f 784 778 777
f 778 785 769
f 769 785 760
f 786 785 778
f 786 778 784
f 787 784 783
f 787 783 773
f 788 784 787
f 788 786 784
f 785 786 789
f 785 789 760
f 790 787 773
f 790 788 787
f 790 773 791
f 788 790 791
f 791 773 792
f 786 788 793
f 786 793 789
f 788 791 793
f 794 791 792
f 793 791 794
f 794 792 795
f 789 793 796
f 760 789 796
f 796 793 794
f 795 760 797
f 760 796 797
f 797 794 795
f 796 794 797
f 798 799 800
f 798 800 801
f 801 800 802
f 803 798 801
f 801 802 804
f 803 801 805
f 805 801 804
f 806 803 805
f 805 804 807
f 806 805 808
f 808 805 807
f 809 806 808
f 807 810 808
f 809 808 811
f 810 811 808
f 810 809 811
f 812 809 810
f 812 810 813
f 809 812 814
f 814 812 813
f 815 816 817
f 816 818 817
f 816 819 818
f 819 820 818
f 820 821 818
f 820 822 821
f 822 823 821
f 822 824 823
f 825 818 821
f 826 817 818
f 825 826 818
f 827 821 823
f 827 825 821
f 824 828 823
f 829 823 828
f 829 827 823
f 824 829 828
f 824 830 829
f 824 831 830
f 832 831 824
f 829 833 827
f 830 833 829
f 827 834 825
f 833 834 827
f 835 826 825
f 835 825 834
f 831 832 836
f 831 836 830
f 832 837 836
f 837 832 838
f 836 837 839
f 837 838 839
f 840 834 833
f 830 840 833
f 841 834 840
f 841 835 834
f 835 842 826
f 826 842 817
f 843 842 835
f 843 835 841
f 844 841 840
f 844 840 830
f 845 841 844
f 845 843 841
f 842 843 846
f 842 846 817
f 847 844 830
f 847 845 844
f 847 830 848
f 845 847 848
f 848 830 849
f 843 845 850
f 843 850 846
f 845 848 850
f 851 848 849
f 850 848 851
f 851 849 852
f 846 850 853
f 817 846 853
f 853 850 851
f 852 817 854
f 817 853 854
f 854 851 852
f 853 851 854
f 855 856 857
f 855 857 858
f 858 857 859
f 860 855 858
f 858 859 861
f 860 858 862
f 862 858 861
f 863 860 862
f 862 861 864
f 863 862 865
f 865 862 864
f 866 863 865
f 864 867 865
f 866 865 868
f 867 868 865
f 867 866 868
f 869 866 867
f 869 867 870
f 866 869 871
f 871 869 870
f 872 873 874
f 873 875 874
f 873 876 875
f 876 877 875
f 877 878 875
f 877 879 878
f 879 880 878
f 879 881 880
f 882 875 878
f 883 874 875
f 882 883 875
f 884 878 880
f 884 882 878
f 881 885 880
f 886 880 885
f 886 884 880
f 881 886 885
f 881 887 886
f 881 888 887
f 889 888 881
f 886 890 884
f 887 890 886
f 884 891 882
f 890 891 884
f 892 883 882
f 892 882 891
f 888 889 893
f 888 893 887
f 889 894 893
f 894 889 895
f 893 894 896
f 894 895 896
f 897 891 890
f 887 897 890
f 898 891 897
f 898 892 891
f 892 899 883
f 883 899 874
f 900 899 892
f 900 892 898
f 901 898 897
f 901 897 887
f 902 898 901
f 902 900 898
f 899 900 903
f 899 903 874
f 904 901 887
f 904 902 901
f 904 887 905
f 902 904 905
f 905 887 906
f 900 902 907
f 900 907 903
f 902 905 907
f 908 905 906
f 907 905 908
f 908 906 909
f 903 907 910
f 874 903 910
f 910 907 908
f 909 874 911
f 874 910 911
f 911 908 909
f 910 908 911
f 912 913 914
f 912 914 915
f 915 914 916
f 917 912 915
f 915 916 918
f 917 915 919
f 919 915 918
f 920 917 919
f 919 918 921
f 920 919 922
f 922 919 921
f 923 920 922
f 921 924 922
f 923 922 925
f 924 925 922
f 924 923 925
f 926 923 924
f 926 924 927
f 923 926 928
f 928 926 927
f 929 930 931
f 932 929 931
f 932 931 933
f 934 932 933
f 934 933 935
f 936 934 935
f 936 935 937
f 937 935 938
f 939 936 937
f 936 939 940
f 939 937 941
f 942 939 941
f 942 941 943
f 944 942 943
f 943 941 945
f 945 941 946
f 944 943 947
f 945 946 948
f 949 945 948
f 946 950 948
f 951 944 947
f 951 947 952
f 951 953 944
f 954 951 952
f 953 955 944
f 956 954 952
f 956 952 957
f 954 956 958
f 959 956 957
f 956 960 958
f 957 961 959
f 957 962 961
f 961 963 959
f 962 964 961
f 961 965 963
f 962 966 964
f 962 967 966
f 966 968 964
f 967 969 966
f 966 970 968
f 967 971 969
f 967 972 971
f 971 973 969
f 972 974 971
f 971 975 973
f 972 976 974
f 972 977 976
f 976 978 974
f 977 979 976
f 976 980 978
f 977 981 979
f 977 982 981
f 981 983 979
f 982 984 981
f 981 985 983
f 982 986 984
f 982 987 986
f 986 988 984
f 987 989 986
f 986 990 988
f 987 991 989
f 980 992 978
f 978 992 993
f 980 994 992
f 994 980 995
f 994 996 992
f 994 997 996
f 997 998 996
f 997 999 998
f 999 1000 998
f 999 1001 1000
f 991 1002 989
f 991 1003 1002
f 1002 1004 989
f 1004 1005 989
f 1006 1003 991
f 1004 1007 1005
f 1007 1004 1008
f 1007 1009 1005
f 1005 1009 1010
f 1007 1011 1009
f 1011 1012 1009
f 1011 1013 1012
f 1013 1014 1012
f 1013 1015 1014
f 1015 1016 1014
f 1003 1006 1017
f 1003 1017 1018
f 1006 1019 1017
f 1020 1003 1018
f 1006 1021 1019
f 1020 1018 1022
f 1018 1023 1022
f 1020 1022 1024
f 1025 1020 1024
f 1022 1026 1024
f 1026 1027 1024
f 1026 1028 1027
f 1028 1029 1027
f 1028 1030 1029
f 1030 1031 1029
f 1021 1032 1019
f 1021 1033 1032
f 1032 1034 1019
f 1034 1035 1019
f 1036 1033 1021
f 1034 1037 1035
f 1037 1034 1038
f 1037 1039 1035
f 1035 1039 1040
f 1037 1041 1039
f 1041 1042 1039
f 1041 1043 1042
f 1043 1044 1042
f 1043 1045 1044
f 1045 1046 1044
f 1033 1036 1047
f 1033 1047 1048
f 1036 1049 1047
f 1050 1033 1048
f 1036 1051 1049
f 1050 1048 1052
f 1048 1053 1052
f 1050 1052 1054
f 1055 1050 1054
f 1052 1056 1054
f 1056 1057 1054
f 1056 1058 1057
f 1058 1059 1057
f 1058 1060 1059
f 1060 1061 1059
f 1051 1062 1049
f 1051 1063 1062
f 1062 1064 1049
f 1064 1065 1049
f 1066 1063 1051
f 1064 1067 1065
f 1067 1064 1068
f 1067 1069 1065
f 1065 1069 1070
f 1067 1071 1069
f 1071 1072 1069
f 1071 1073 1072
f 1073 1074 1072
f 1073 1075 1074
f 1075 1076 1074
f 1063 1066 1077
f 1063 1077 1078
f 1066 1079 1077
f 1080 1063 1078
f 1066 1081 1079
f 1080 1078 1082
f 1078 1083 1082
f 1080 1082 1084
f 1085 1080 1084
f 1082 1086 1084
f 1086 1087 1084
f 1086 1088 1087
f 1088 1089 1087
f 1088 1090 1089
f 1090 1091 1089
f 1081 1092 1079
f 1081 1093 1092
f 1092 1094 1079
f 1093 1081 1095
f 1094 1096 1079
f 1093 1095 1097
f 1098 1093 1097
f 1095 1099 1097
f 1099 1100 1097
f 1098 1097 1101
f 1099 1102 1100
f 1099 1103 1102
f 1102 1104 1100
f 1103 1105 1102
f 1102 1106 1104
f 1103 1107 1105
f 1103 1108 1107
f 1107 1109 1105
f 1098 1101 1110
f 1111 1098 1110
f 1101 1112 1110
f 1112 1101 1113
f 1112 1114 1110
f 1112 1115 1114
f 1115 1116 1114
f 1116 1117 1114
f 1116 1118 1117
f 1118 1116 1119
f 1108 1120 1107
f 1108 1121 1120
f 1121 1108 1122
f 1121 1122 1123
f 1124 1121 1123
f 1121 1124 1125
f 1121 1125 1126
f 1127 1121 1126
f 1121 1127 1128
f 1121 1128 1129
f 1130 1121 1129
f 1121 1130 949
f 1121 1131 1120
f 1120 1131 1132
f 1121 1133 1131
f 1133 1134 1131
f 1133 1135 1134
f 1131 1136 1132
f 1135 1137 1134
f 1121 949 1138
f 1138 949 948
f 1139 1121 1138
f 1133 1121 1139
f 1139 1138 1140
f 1136 1141 1132
f 1132 1141 1142
f 1136 1143 1141
f 1143 1136 1144
f 1143 1145 1141
f 1143 1146 1145
f 1146 1147 1145
f 1146 1148 1147
f 1148 1149 1147
f 1148 1150 1149
f 1151 1139 1140
f 1151 1140 1152
f 1140 1153 1152
f 1151 1152 1154
f 1155 1151 1154
f 1152 1156 1154
f 1156 1157 1154
f 1156 1158 1157
f 1158 1159 1157
f 1158 1160 1159
f 1160 1161 1159
f 1133 1139 1162
f 1133 1162 1163
f 1162 1164 1163
f 1164 1165 1163
f 1166 1133 1163
f 1133 1166 1167
f 1133 1167 1168
f 1166 1169 1167
f 1135 1133 1168
f 1166 1170 1169
f 1164 1171 1165
f 1171 1164 1172
f 1171 1173 1165
f 1165 1173 1174
f 1171 1175 1173
f 1175 1176 1173
f 1175 1177 1176
f 1177 1178 1176
f 1177 1179 1178
f 1179 1180 1178
f 1170 1181 1169
f 1170 1182 1181
f 1182 1170 1183
f 1182 1184 1181
f 1181 1184 1185
f 1182 1186 1184
f 1186 1187 1184
f 1186 1188 1187
f 1188 1189 1187
f 1188 1190 1189
f 1190 1191 1189
f 1167 1169 1192
f 1167 1192 1193
f 1192 1194 1193
f 1194 1195 1193
f 1194 1196 1195
f 1196 1194 1197
f 1196 1198 1195
f 1195 1198 1199
f 1196 1200 1198
f 1200 1201 1198
f 1200 1202 1201
f 1202 1203 1201
f 1202 1204 1203
f 1204 1205 1203
f 1206 1167 1193
f 1206 1193 1207
f 1208 1206 1207
f 1208 1207 1209
f 1207 1210 1209
f 1211 1208 1209
f 1211 1209 1212
f 1208 1211 1212
f 1210 1213 1209
f 1206 1208 1214
f 1208 1212 1214
f 1206 1214 1215
f 1167 1206 1215
f 1214 1212 1216
f 1212 1217 1216
f 1210 1218 1213
f 1218 1210 1219
f 1218 1220 1213
f 1213 1220 1221
f 1218 1222 1220
f 1222 1223 1220
f 1222 1224 1223
f 1224 1225 1223
f 1224 1226 1225
f 1226 1227 1225
f 1217 1228 1216
f 1216 1228 1229
f 1217 1230 1228
f 1230 1217 1231
f 1230 1232 1228
f 1230 1233 1232
f 1233 1234 1232
f 1233 1235 1234
f 1235 1236 1234
f 1235 1237 1236
f 1238 1239 1240
f 1238 1240 1241
f 1242 1238 1241
f 1242 1241 1243
f 1244 1242 1243
f 1244 1243 1245
f 965 1244 1245
f 1244 965 1246
f 965 1245 963
f 963 1245 1247
f 1248 1249 1250
f 1248 1250 1251
f 1252 1248 1251
f 1252 1251 1253
f 1254 1252 1253
f 1254 1253 1255
f 970 1254 1255
f 1254 970 1256
f 970 1255 968
f 968 1255 1257
f 1258 1259 1260
f 1258 1260 1261
f 1262 1258 1261
f 1262 1261 1263
f 1264 1262 1263
f 1264 1263 1265
f 975 1264 1265
f 1264 975 1266
f 975 1265 973
f 973 1265 1267
f 1268 1269 1270
f 1268 1270 1271
f 1272 1268 1271
f 1272 1271 1273
f 1274 1272 1273
f 1274 1273 1275
f 985 1274 1275
f 1274 985 1276
f 985 1275 983
f 983 1275 1277
f 1278 1279 1280
f 1278 1280 1281
f 1282 1278 1281
f 1282 1281 1283
f 1284 1282 1283
f 1284 1283 1285
f 990 1284 1285
f 1284 990 1286
f 990 1285 988
f 988 1285 1287
f 1288 1289 1290
f 1291 1288 1290
f 1291 1290 1292
f 1293 1291 1292
f 1293 1292 1294
f 1295 1293 1294
f 1295 1294 1096
f 1096 1294 1296
f 1094 1295 1096
f 1295 1094 1297
f 1298 1299 1300
f 1298 1300 1301
f 1302 1298 1301
f 1302 1301 1303
f 1304 1302 1303
f 1304 1303 1305
f 1106 1304 1305
f 1304 1106 1306
f 1106 1305 1104
f 1104 1305 1307
f 1308 1309 1310
f 1308 1310 1311
f 1312 1308 1311
f 1312 1311 1313
f 1314 1312 1313
f 1314 1313 1315
f 1316 1314 1315
f 1314 1316 1317
f 1316 1315 1109
f 1107 1316 1109
f 1109 1315 1318
f 1319 1320 1321
f 1319 1321 1322
f 1323 1319 1322
f 1323 1322 1324
f 1325 1323 1324
f 1325 1324 1326
f 1327 1325 1326
f 1325 1327 1328
f 1327 1326 1137
f 1135 1327 1137
f 1137 1326 1329
f 1330 1331 1332
f 1330 1332 1333
f 1334 1330 1333
f 1334 1333 1335
f 1336 1334 1335
f 1336 1335 1337
f 1338 1336 1337
f 1336 1338 1339
f 1338 1337 1340
f 1340 1337 1341
f 1342 1338 1340
f 1342 1340 1168
f 1167 1342 1168
f 1342 1167 1343
f 1167 1215 1343
f 1343 1215 1344
f 1215 1345 1344
f 1345 1346 1344
f 1344 1346 1347
f 1345 1348 1346
f 1348 1345 1349
f 1348 1350 1346
f 1348 1351 1350
f 1351 1352 1350
f 1351 1353 1352
f 1353 1354 1352
f 1353 1355 1354
f 1356 1357 1358
f 1359 1356 1358
f 1359 1358 1360
f 1361 1359 1360
f 1361 1360 1362
f 1363 1361 1362
f 1363 1362 1364
f 1364 1362 1365
f 950 1363 1364
f 950 1364 948
f 1363 950 1366
f 1367 1368 955
f 953 1367 955
f 953 1369 1367
f 1369 953 1370
f 1369 1371 1367
f 1369 1372 1371
f 1372 1373 1371
f 1373 1374 1371
f 1373 1375 1374
f 1375 1376 1374
f 1377 1378 1379
f 1377 1379 1380
f 1381 1377 1380
f 1381 1380 1382
f 1383 1381 1382
f 1383 1382 1384
f 960 1383 1384
f 1383 960 1385
f 960 1384 958
f 958 1384 1386
f 1387 1388 1389
f 1388 1390 1389
f 1388 1391 1390
f 1391 1392 1390
f 1392 1393 1390
f 1392 1394 1393
f 1394 1395 1393
f 1394 1396 1395
f 1397 1390 1393
f 1398 1389 1390
f 1397 1398 1390
f 1399 1393 1395
f 1399 1397 1393
f 1396 1400 1395
f 1401 1395 1400
f 1401 1399 1395
f 1396 1401 1400
f 1396 1402 1401
f 1396 1403 1402
f 1404 1403 1396
f 1401 1405 1399
f 1402 1405 1401
f 1399 1406 1397
f 1405 1406 1399
f 1407 1398 1397
f 1407 1397 1406
f 1403 1404 1408
f 1403 1408 1402
f 1404 1409 1408
f 1409 1404 1410
f 1408 1409 1411
f 1409 1410 1411
f 1412 1406 1405
f 1402 1412 1405
f 1413 1406 1412
f 1413 1407 1406
f 1407 1414 1398
f 1398 1414 1389
f 1415 1414 1407
f 1415 1407 1413
f 1416 1413 1412
f 1416 1412 1402
f 1417 1413 1416
f 1417 1415 1413
f 1414 1415 1418
f 1414 1418 1389
f 1419 1416 1402
f 1419 1417 1416
f 1419 1402 1420
f 1417 1419 1420
f 1420 1402 1421
f 1415 1417 1422
f 1415 1422 1418
f 1417 1420 1422
f 1423 1420 1421
f 1422 1420 1423
f 1423 1421 1424
f 1418 1422 1425
f 1389 1418 1425
f 1425 1422 1423
f 1424 1389 1426
f 1389 1425 1426
f 1426 1423 1424
f 1425 1423 1426
f 1427 1428 1429
f 1427 1429 1430
f 1430 1429 1431
f 1432 1427 1430
f 1430 1431 1433
f 1432 1430 1434
f 1434 1430 1433
f 1435 1432 1434
f 1434 1433 1436
f 1435 1434 1437
f 1437 1434 1436
f 1438 1435 1437
f 1436 1439 1437
f 1438 1437 1440
f 1439 1440 1437
f 1439 1438 1440
f 1441 1438 1439
f 1441 1439 1442
f 1438 1441 1443
f 1443 1441 1442
f 1444 1445 1446
f 1445 1447 1446
f 1445 1448 1447
f 1448 1449 1447
f 1449 1450 1447
f 1449 1451 1450
f 1451 1452 1450
f 1451 1453 1452
f 1454 1447 1450
f 1455 1446 1447
f 1454 1455 1447
f 1456 1450 1452
f 1456 1454 1450
f 1453 1457 1452
f 1458 1452 1457
f 1458 1456 1452
f 1453 1458 1457
f 1453 1459 1458
f 1453 1460 1459
f 1461 1460 1453
f 1458 1462 1456
f 1459 1462 1458
f 1456 1463 1454
f 1462 1463 1456
f 1464 1455 1454
f 1464 1454 1463
f 1460 1461 1465
f 1460 1465 1459
f 1461 1466 1465
f 1466 1461 1467
f 1465 1466 1468
f 1466 1467 1468
f 1469 1463 1462
f 1459 1469 1462
f 1470 1463 1469
f 1470 1464 1463
f 1464 1471 1455
f 1455 1471 1446
f 1472 1471 1464
f 1472 1464 1470
f 1473 1470 1469
f 1473 1469 1459
f 1474 1470 1473
f 1474 1472 1470
f 1471 1472 1475
f 1471 1475 1446
f 1476 1473 1459
f 1476 1474 1473
f 1476 1459 1477
f 1474 1476 1477
f 1477 1459 1478
f 1472 1474 1479
f 1472 1479 1475
f 1474 1477 1479
f 1480 1477 1478
f 1479 1477 1480
f 1480 1478 1481
f 1475 1479 1482
f 1446 1475 1482
f 1482 1479 1480
f 1481 1446 1483
f 1446 1482 1483
f 1483 1480 1481
f 1482 1480 1483
f 1484 1485 1486
f 1484 1486 1487
f 1487 1486 1488
f 1489 1484 1487
f 1487 1488 1490
f 1489 1487 1491
f 1491 1487 1490
f 1492 1489 1491
f 1491 1490 1493
f 1492 1491 1494
f 1494 1491 1493
f 1495 1492 1494
f 1493 1496 1494
f 1495 1494 1497
f 1496 1497 1494
f 1496 1495 1497
f 1498 1495 1496
f 1498 1496 1499
f 1495 1498 1500
f 1500 1498 1499
f 1501 1502 1503
f 1502 1504 1503
f 1502 1505 1504
f 1505 1506 1504
f 1506 1507 1504
f 1506 1508 1507
f 1508 1509 1507
f 1508 1510 1509
f 1511 1504 1507
f 1512 1503 1504
f 1511 1512 1504
f 1513 1507 1509
f 1513 1511 1507
f 1510 1514 1509
f 1515 1509 1514
f 1515 1513 1509
f 1510 1515 1514
f 1510 1516 1515
f 1510 1517 1516
f 1518 1517 1510
f 1515 1519 1513
f 1516 1519 1515
f 1513 1520 1511
f 1519 1520 1513
f 1521 1512 1511
f 1521 1511 1520
f 1517 1518 1522
f 1517 1522 1516
f 1518 1523 1522
f 1523 1518 1524
f 1522 1523 1525
f 1523 1524 1525
f 1526 1520 1519
f 1516 1526 1519
f 1527 1520 1526
f 1527 1521 1520
f 1521 1528 1512
f 1512 1528 1503
f 1529 1528 1521
f 1529 1521 1527
f 1530 1527 1526
f 1530 1526 1516
f 1531 1527 1530
f 1531 1529 1527
f 1528 1529 1532
f 1528 1532 1503
f 1533 1530 1516
f 1533 1531 1530
f 1533 1516 1534
f 1531 1533 1534
f 1534 1516 1535
f 1529 1531 1536
f 1529 1536 1532
f 1531 1534 1536
f 1537 1534 1535
f 1536 1534 1537
f 1537 1535 1538
f 1532 1536 1539
f 1503 1532 1539
f 1539 1536 1537
f 1538 1503 1540
f 1503 1539 1540
f 1540 1537 1538
f 1539 1537 1540
f 1541 1542 1543
f 1541 1543 1544
f 1544 1543 1545
f 1546 1541 1544
f 1544 1545 1547
f 1546 1544 1548
f 1548 1544 1547
f 1549 1546 1548
f 1548 1547 1550
f 1549 1548 1551
f 1551 1548 1550
f 1552 1549 1551
f 1550 1553 1551
f 1552 1551 1554
f 1553 1554 1551
f 1553 1552 1554
f 1555 1552 1553
f 1555 1553 1556
f 1552 1555 1557
f 1557 1555 1556
f 1558 1559 1560
f 1559 1561 1560
f 1559 1562 1561
f 1562 1563 1561
f 1563 1564 1561
f 1563 1565 1564
f 1565 1566 1564
f 1565 1567 1566
f 1568 1561 1564
f 1569 1560 1561
f 1568 1569 1561
f 1570 1564 1566
f 1570 1568 1564
f 1567 1571 1566
f 1572 1566 1571
f 1572 1570 1566
f 1567 1572 1571
f 1567 1573 1572
f 1567 1574 1573
f 1575 1574 1567
f 1572 1576 1570
f 1573 1576 1572
f 1570 1577 1568
f 1576 1577 1570
f 1578 1569 1568
f 1578 1568 1577
f 1574 1575 1579
f 1574 1579 1573
f 1575 1580 1579
f 1580 1575 1581
f 1579 1580 1582
f 1580 1581 1582
f 1583 1577 1576
f 1573 1583 1576
f 1584 1577 1583
f 1584 1578 1577
f 1578 1585 1569
f 1569 1585 1560
f 1586 1585 1578
f 1586 1578 1584
f 1587 1584 1583
f 1587 1583 1573
f 1588 1584 1587
f 1588 1586 1584
f 1585 1586 1589
f 1585 1589 1560
f 1590 1587 1573
f 1590 1588 1587
f 1590 1573 1591
f 1588 1590 1591
f 1591 1573 1592
f 1586 1588 1593
f 1586 1593 1589
f 1588 1591 1593
f 1594 1591 1592
f 1593 1591 1594
f 1594 1592 1595
f 1589 1593 1596
f 1560 1589 1596
f 1596 1593 1594
f 1595 1560 1597
f 1560 1596 1597
f 1597 1594 1595
f 1596 1594 1597
f 1598 1599 1600
f 1598 1600 1601
f 1601 1600 1602
f 1603 1598 1601
f 1601 1602 1604
f 1603 1601 1605
f 1605 1601 1604
f 1606 1603 1605
f 1605 1604 1607
f 1606 1605 1608
f 1608 1605 1607
f 1609 1606 1608
f 1607 1610 1608
f 1609 1608 1611
f 1610 1611 1608
f 1610 1609 1611
f 1612 1609 1610
f 1612 1610 1613
f 1609 1612 1614
f 1614 1612 1613
f 1615 1616 1617
f 1616 1618 1617
f 1616 1619 1618
f 1619 1620 1618
f 1620 1621 1618
f 1620 1622 1621
f 1622 1623 1621
f 1622 1624 1623
f 1625 1618 1621
f 1626 1617 1618
f 1625 1626 1618
f 1627 1621 1623
f 1627 1625 1621
f 1624 1628 1623
f 1629 1623 1628
f 1629 1627 1623
f 1624 1629 1628
f 1624 1630 1629
f 1624 1631 1630
f 1632 1631 1624
f 1629 1633 1627
f 1630 1633 1629
f 1627 1634 1625
f 1633 1634 1627
f 1635 1626 1625
f 1635 1625 1634
f 1631 1632 1636
f 1631 1636 1630
f 1632 1637 1636
f 1637 1632 1638
f 1636 1637 1639
f 1637 1638 1639
f 1640 1634 1633
f 1630 1640 1633
f 1641 1634 1640
f 1641 1635 1634
f 1635 1642 1626
f 1626 1642 1617
f 1643 1642 1635
f 1643 1635 1641
f 1644 1641 1640
f 1644 1640 1630
f 1645 1641 1644
f 1645 1643 1641
f 1642 1643 1646
f 1642 1646 1617
f 1647 1644 1630
f 1647 1645 1644
f 1647 1630 1648
f 1645 1647 1648
f 1648 1630 1649
f 1643 1645 1650
f 1643 1650 1646
f 1645 1648 1650
f 1651 1648 1649
f 1650 1648 1651
f 1651 1649 1652
f 1646 1650 1653
f 1617 1646 1653
f 1653 1650 1651
f 1652 1617 1654
f 1617 1653 1654
f 1654 1651 1652
f 1653 1651 1654
f 1655 1656 1657
f 1655 1657 1658
f 1658 1657 1659
f 1660 1655 1658
f 1658 1659 1661
f 1660 1658 1662
f 1662 1658 1661
f 1663 1660 1662
f 1662 1661 1664
f 1663 1662 1665
f 1665 1662 1664
f 1666 1663 1665
f 1664 1667 1665
f 1666 1665 1668
f 1667 1668 1665
f 1667 1666 1668
f 1669 1666 1667
f 1669 1667 1670
f 1666 1669 1671
f 1671 1669 1670
f 1672 1673 1674
f 1673 1675 1674
f 1673 1676 1675
f 1676 1677 1675
f 1677 1678 1675
f 1677 1679 1678
f 1679 1680 1678
f 1679 1681 1680
f 1682 1675 1678
f 1683 1674 1675
f 1682 1683 1675
f 1684 1678 1680
f 1684 1682 1678
f 1681 1685 1680
f 1686 1680 1685
f 1686 1684 1680
f 1681 1686 1685
f 1681 1687 1686
f 1681 1688 1687
f 1689 1688 1681
f 1686 1690 1684
f 1687 1690 1686
f 1684 1691 1682
f 1690 1691 1684
f 1692 1683 1682
f 1692 1682 1691
f 1688 1689 1693
f 1688 1693 1687
f 1689 1694 1693
f 1694 1689 1695
f 1693 1694 1696
f 1694 1695 1696
f 1697 1691 1690
f 1687 1697 1690
f 1698 1691 1697
f 1698 1692 1691
f 1692 1699 1683
f 1683 1699 1674
f 1700 1699 1692
f 1700 1692 1698
f 1701 1698 1697
f 1701 1697 1687
f 1702 1698 1701
f 1702 1700 1698
f 1699 1700 1703
f 1699 1703 1674
f 1704 1701 1687
f 1704 1702 1701
f 1704 1687 1705
f 1702 1704 1705
f 1705 1687 1706
f 1700 1702 1707
f 1700 1707 1703
f 1702 1705 1707
f 1708 1705 1706
f 1707 1705 1708
f 1708 1706 1709
f 1703 1707 1710
f 1674 1703 1710
f 1710 1707 1708
f 1709 1674 1711
f 1674 1710 1711
f 1711 1708 1709
f 1710 1708 1711
f 1712 1713 1714
f 1712 1714 1715
f 1715 1714 1716
f 1717 1712 1715
f 1715 1716 1718
f 1717 1715 1719
f 1719 1715 1718
f 1720 1717 1719
f 1719 1718 1721
f 1720 1719 1722
f 1722 1719 1721
f 1723 1720 1722
f 1721 1724 1722
f 1723 1722 1725
f 1724 1725 1722
f 1724 1723 1725
f 1726 1723 1724
f 1726 1724 1727
f 1723 1726 1728
f 1728 1726 1727
f 1729 1730 1731
f 1730 1732 1731
f 1730 1733 1732
f 1733 1734 1732
f 1734 1735 1732
f 1734 1736 1735
f 1736 1737 1735
f 1736 1738 1737
f 1739 1732 1735
f 1740 1731 1732
f 1739 1740 1732
f 1741 1735 1737
f 1741 1739 1735
f 1738 1742 1737
f 1743 1737 1742
f 1743 1741 1737
f 1738 1743 1742
f 1738 1744 1743
f 1738 1745 1744
f 1746 1745 1738
f 1743 1747 1741
f 1744 1747 1743
f 1741 1748 1739
f 1747 1748 1741
f 1749 1740 1739
f 1749 1739 1748
f 1745 1746 1750
f 1745 1750 1744
f 1746 1751 1750
f 1751 1746 1752
f 1750 1751 1753
f 1751 1752 1753
f 1754 1748 1747
f 1744 1754 1747
f 1755 1748 1754
f 1755 1749 1748
f 1749 1756 1740
f 1740 1756 1731
f 1757 1756 1749
f 1757 1749 1755
f 1758 1755 1754
f 1758 1754 1744
f 1759 1755 1758
f 1759 1757 1755
f 1756 1757 1760
f 1756 1760 1731
f 1761 1758 1744
f 1761 1759 1758
f 1761 1744 1762
f 1759 1761 1762
f 1762 1744 1763
f 1757 1759 1764
f 1757 1764 1760
f 1759 1762 1764
f 1765 1762 1763
f 1764 1762 1765
f 1765 1763 1766
f 1760 1764 1767
f 1731 1760 1767
f 1767 1764 1765
f 1766 1731 1768
f 1731 1767 1768
f 1768 1765 1766
f 1767 1765 1768
f 1769 1770 1771
f 1769 1771 1772
f 1772 1771 1773
f 1774 1769 1772
f 1772 1773 1775
f 1774 1772 1776
f 1776 1772 1775
f 1777 1774 1776
f 1776 1775 1778
f 1777 1776 1779
f 1779 1776 1778
f 1780 1777 1779
f 1778 1781 1779
f 1780 1779 1782
f 1781 1782 1779
f 1781 1780 1782
f 1783 1780 1781
f 1783 1781 1784
f 1780 1783 1785
f 1785 1783 1784
f 1786 1787 1788
f 1787 1789 1788
f 1787 1790 1789
f 1790 1791 1789
f 1791 1792 1789
f 1791 1793 1792
f 1793 1794 1792
f 1793 1795 1794
f 1796 1789 1792
f 1797 1788 1789
f 1796 1797 1789
f 1798 1792 1794
f 1798 1796 1792
f 1795 1799 1794
f 1800 1794 1799
f 1800 1798 1794
f 1795 1800 1799
f 1795 1801 1800
f 1795 1802 1801
f 1803 1802 1795
f 1800 1804 1798
f 1801 1804 1800
f 1798 1805 1796
f 1804 1805 1798
f 1806 1797 1796
f 1806 1796 1805
f 1802 1803 1807
f 1802 1807 1801
f 1803 1808 1807
f 1808 1803 1809
f 1807 1808 1810
f 1808 1809 1810
f 1811 1805 1804
f 1801 1811 1804
f 1812 1805 1811
f 1812 1806 1805
f 1806 1813 1797
f 1797 1813 1788
f 1814 1813 1806
f 1814 1806 1812
f 1815 1812 1811
f 1815 1811 1801
f 1816 1812 1815
f 1816 1814 1812
f 1813 1814 1817
f 1813 1817 1788
f 1818 1815 1801
f 1818 1816 1815
f 1818 1801 1819
f 1816 1818 1819
f 1819 1801 1820
f 1814 1816 1821
f 1814 1821 1817
f 1816 1819 1821
f 1822 1819 1820
f 1821 1819 1822
f 1822 1820 1823
f 1817 1821 1824
f 1788 1817 1824
f 1824 1821 1822
f 1823 1788 1825
f 1788 1824 1825
f 1825 1822 1823
f 1824 1822 1825
f 1826 1827 1828
f 1826 1828 1829
f 1829 1828 1830
f 1831 1826 1829
f 1829 1830 1832
f 1831 1829 1833
f 1833 1829 1832
f 1834 1831 1833
f 1833 1832 1835
f 1834 1833 1836
f 1836 1833 1835
f 1837 1834 1836
f 1835 1838 1836
f 1837 1836 1839
f 1838 1839 1836
f 1838 1837 1839
f 1840 1837 1838
f 1840 1838 1841
f 1837 1840 1842
f 1842 1840 1841
f 1843 1844 1845
f 1844 1846 1845
f 1844 1847 1846
f 1847 1848 1846
f 1848 1849 1846
f 1848 1850 1849
f 1850 1851 1849
f 1850 1852 1851
f 1853 1846 1849
f 1854 1845 1846
f 1853 1854 1846
f 1855 1849 1851
f 1855 1853 1849
f 1852 1856 1851
f 1857 1851 1856
f 1857 1855 1851
f 1852 1857 1856
f 1852 1858 1857
f 1852 1859 1858
f 1860 1859 1852
f 1857 1861 1855
f 1858 1861 1857
f 1855 1862 1853
f 1861 1862 1855
f 1863 1854 1853
f 1863 1853 1862
f 1859 1860 1864
f 1859 1864 1858
f 1860 1865 1864
f 1865 1860 1866
f 1864 1865 1867
f 1865 1866 1867
f 1868 1862 1861
f 1858 1868 1861
f 1869 1862 1868
f 1869 1863 1862
f 1863 1870 1854
f 1854 1870 1845
f 1871 1870 1863
f 1871 1863 1869
f 1872 1869 1868
f 1872 1868 1858
f 1873 1869 1872
f 1873 1871 1869
f 1870 1871 1874
f 1870 1874 1845
f 1875 1872 1858
f 1875 1873 1872
f 1875 1858 1876
f 1873 1875 1876
f 1876 1858 1877
f 1871 1873 1878
f 1871 1878 1874
f 1873 1876 1878
f 1879 1876 1877
f 1878 1876 1879
f 1879 1877 1880
f 1874 1878 1881
f 1845 1874 1881
f 1881 1878 1879
f 1880 1845 1882
f 1845 1881 1882
f 1882 1879 1880
f 1881 1879 1882
f 1883 1884 1885
f 1883 1885 1886
f 1886 1885 1887
f 1888 1883 1886
f 1886 1887 1889
f 1888 1886 1890
f 1890 1886 1889
f 1891 1888 1890
f 1890 1889 1892
f 1891 1890 1893
f 1893 1890 1892
f 1894 1891 1893
f 1892 1895 1893
f 1894 1893 1896
f 1895 1896 1893
f 1895 1894 1896
f 1897 1894 1895
f 1897 1895 1898
f 1894 1897 1899
f 1899 1897 1898
f 1900 1901 1902
f 1901 1903 1902
f 1901 1904 1903
f 1904 1905 1903
f 1905 1906 1903
f 1905 1907 1906
f 1907 1908 1906
f 1907 1909 1908
f 1910 1903 1906
f 1911 1902 1903
f 1910 1911 1903
f 1912 1906 1908
f 1912 1910 1906
f 1909 1913 1908
f 1914 1908 1913
f 1914 1912 1908
f 1909 1914 1913
f 1909 1915 1914
f 1909 1916 1915
f 1917 1916 1909
f 1914 1918 1912
f 1915 1918 1914
f 1912 1919 1910
f 1918 1919 1912
f 1920 1911 1910
f 1920 1910 1919
f 1916 1917 1921
f 1916 1921 1915
f 1917 1922 1921
f 1922 1917 1923
f 1921 1922 1924
f 1922 1923 1924
f 1925 1919 1918
f 1915 1925 1918
f 1926 1919 1925
f 1926 1920 1919
f 1920 1927 1911
f 1911 1927 1902
f 1928 1927 1920
f 1928 1920 1926
f 1929 1926 1925
f 1929 1925 1915
f 1930 1926 1929
f 1930 1928 1926
f 1927 1928 1931
f 1927 1931 1902
f 1932 1929 1915
f 1932 1930 1929
f 1932 1915 1933
f 1930 1932 1933
f 1933 1915 1934
f 1928 1930 1935
f 1928 1935 1931
f 1930 1933 1935
f 1936 1933 1934
f 1935 1933 1936
f 1936 1934 1937
f 1931 1935 1938
f 1902 1931 1938
f 1938 1935 1936
f 1937 1902 1939
f 1902 1938 1939
f 1939 1936 1937
f 1938 1936 1939
f 1940 1941 1942
f 1940 1942 1943
f 1943 1942 1944
f 1945 1940 1943
f 1943 1944 1946
f 1945 1943 1947
f 1947 1943 1946
f 1948 1945 1947
f 1947 1946 1949
f 1948 1947 1950
f 1950 1947 1949
f 1951 1948 1950
f 1949 1952 1950
f 1951 1950 1953
f 1952 1953 1950
f 1952 1951 1953
f 1954 1951 1952
f 1954 1952 1955
f 1951 1954 1956
f 1956 1954 1955
f 1957 1958 1959
f 1958 1960 1959
f 1958 1961 1960
f 1961 1962 1960
f 1962 1963 1960
f 1962 1964 1963
f 1964 1965 1963
f 1964 1966 1965
f 1967 1960 1963
f 1968 1959 1960
f 1967 1968 1960
f 1969 1963 1965
f 1969 1967 1963
f 1966 1970 1965
f 1971 1965 1970
f 1971 1969 1965
f 1966 1971 1970
f 1966 1972 1971
f 1966 1973 1972
f 1974 1973 1966
f 1971 1975 1969
f 1972 1975 1971
f 1969 1976 1967
f 1975 1976 1969
f 1977 1968 1967
f 1977 1967 1976
f 1973 1974 1978
f 1973 1978 1972
f 1974 1979 1978
f 1979 1974 1980
f 1978 1979 1981
f 1979 1980 1981
f 1982 1976 1975
f 1972 1982 1975
f 1983 1976 1982
f 1983 1977 1976
f 1977 1984 1968
f 1968 1984 1959
f 1985 1984 1977
f 1985 1977 1983
f 1986 1983 1982
f 1986 1982 1972
f 1987 1983 1986
f 1987 1985 1983
f 1984 1985 1988
f 1984 1988 1959
f 1989 1986 1972
f 1989 1987 1986
f 1989 1972 1990
f 1987 1989 1990
f 1990 1972 1991
f 1985 1987 1992
f 1985 1992 1988
f 1987 1990 1992
f 1993 1990 1991
f 1992 1990 1993
f 1993 1991 1994
f 1988 1992 1995
f 1959 1988 1995
f 1995 1992 1993
f 1994 1959 1996
f 1959 1995 1996
f 1996 1993 1994
f 1995 1993 1996
f 1997 1998 1999
f 1997 1999 2000
f 2000 1999 2001
f 2002 1997 2000
f 2000 2001 2003
f 2002 2000 2004
f 2004 2000 2003
f 2005 2002 2004
f 2004 2003 2006
f 2005 2004 2007
f 2007 2004 2006
f 2008 2005 2007
f 2006 2009 2007
f 2008 2007 2010
f 2009 2010 2007
f 2009 2008 2010
f 2011 2008 2009
f 2011 2009 2012
f 2008 2011 2013
f 2013 2011 2012
f 2014 2015 2016
f 2015 2017 2016
f 2015 2018 2017
f 2018 2019 2017
f 2019 2020 2017
f 2019 2021 2020
f 2021 2022 2020
f 2021 2023 2022
f 2024 2017 2020
f 2025 2016 2017
f 2024 2025 2017
f 2026 2020 2022
f 2026 2024 2020
f 2023 2027 2022
f 2028 2022 2027
f 2028 2026 2022
f 2023 2028 2027
f 2023 2029 2028
f 2023 2030 2029
f 2031 2030 2023
f 2028 2032 2026
f 2029 2032 2028
f 2026 2033 2024
f 2032 2033 2026
f 2034 2025 2024
f 2034 2024 2033
f 2030 2031 2035
f 2030 2035 2029
f 2031 2036 2035
f 2036 2031 2037
f 2035 2036 2038
f 2036 2037 2038
f 2039 2033 2032
f 2029 2039 2032
f 2040 2033 2039
f 2040 2034 2033
f 2034 2041 2025
f 2025 2041 2016
f 2042 2041 2034
f 2042 2034 2040
f 2043 2040 2039
f 2043 2039 2029
f 2044 2040 2043
f 2044 2042 2040
f 2041 2042 2045
f 2041 2045 2016
f 2046 2043 2029
f 2046 2044 2043
f 2046 2029 2047
f 2044 2046 2047
f 2047 2029 2048
f 2042 2044 2049
f 2042 2049 2045
f 2044 2047 2049
f 2050 2047 2048
f 2049 2047 2050
f 2050 2048 2051
f 2045 2049 2052
f 2016 2045 2052
f 2052 2049 2050
f 2051 2016 2053
f 2016 2052 2053
f 2053 2050 2051
f 2052 2050 2053
f 2054 2055 2056
f 2054 2056 2057
f 2057 2056 2058
f 2059 2054 2057
f 2057 2058 2060
f 2059 2057 2061
f 2061 2057 2060
f 2062 2059 2061
f 2061 2060 2063
f 2062 2061 2064
f 2064 2061 2063
f 2065 2062 2064
f 2063 2066 2064
f 2065 2064 2067
f 2066 2067 2064
f 2066 2065 2067
f 2068 2065 2066
f 2068 2066 2069
f 2065 2068 2070
f 2070 2068 2069
f 2071 2072 2073
f 2072 2074 2073
f 2072 2075 2074
f 2075 2076 2074
f 2076 2077 2074
f 2076 2078 2077
f 2078 2079 2077
f 2078 2080 2079
f 2081 2074 2077
f 2082 2073 2074
f 2081 2082 2074
f 2083 2077 2079
f 2083 2081 2077
f 2080 2084 2079
f 2085 2079 2084
f 2085 2083 2079
f 2080 2085 2084
f 2080 2086 2085
f 2080 2087 2086
f 2088 2087 2080
f 2085 2089 2083
f 2086 2089 2085
f 2083 2090 2081
f 2089 2090 2083
f 2091 2082 2081
f 2091 2081 2090
f 2087 2088 2092
f 2087 2092 2086
f 2088 2093 2092
f 2093 2088 2094
f 2092 2093 2095
f 2093 2094 2095
f 2096 2090 2089
f 2086 2096 2089
f 2097 2090 2096
f 2097 2091 2090
f 2091 2098 2082
f 2082 2098 2073
f 2099 2098 2091
f 2099 2091 2097
f 2100 2097 2096
f 2100 2096 2086
f 2101 2097 2100
f 2101 2099 2097
f 2098 2099 2102
f 2098 2102 2073
f 2103 2100 2086
f 2103 2101 2100
f 2103 2086 2104
f 2101 2103 2104
f 2104 2086 2105
f 2099 2101 2106
f 2099 2106 2102
f 2101 2104 2106
f 2107 2104 2105
f 2106 2104 2107
f 2107 2105 2108
f 2102 2106 2109
f 2073 2102 2109
f 2109 2106 2107
f 2108 2073 2110
f 2073 2109 2110
f 2110 2107 2108
f 2109 2107 2110
f 2111 2112 2113
f 2111 2113 2114
f 2114 2113 2115
f 2116 2111 2114
f 2114 2115 2117
f 2116 2114 2118
f 2118 2114 2117
f 2119 2116 2118
f 2118 2117 2120
f 2119 2118 2121
f 2121 2118 2120
f 2122 2119 2121
f 2120 2123 2121
f 2122 2121 2124
f 2123 2124 2121
f 2123 2122 2124
f 2125 2122 2123
f 2125 2123 2126
f 2122 2125 2127
f 2127 2125 2126
f 2128 2129 2130
f 2129 2131 2130
f 2129 2132 2131
f 2132 2133 2131
f 2133 2134 2131
f 2133 2135 2134
f 2135 2136 2134
f 2135 2137 2136
f 2138 2131 2134
f 2139 2130 2131
f 2138 2139 2131
f 2140 2134 2136
f 2140 2138 2134
f 2137 2141 2136
f 2142 2136 2141
f 2142 2140 2136
f 2137 2142 2141
f 2137 2143 2142
f 2137 2144 2143
f 2145 2144 2137
f 2142 2146 2140
f 2143 2146 2142
f 2140 2147 2138
f 2146 2147 2140
f 2148 2139 2138
f 2148 2138 2147
f 2144 2145 2149
f 2144 2149 2143
f 2145 2150 2149
f 2150 2145 2151
f 2149 2150 2152
f 2150 2151 2152
f 2153 2147 2146
f 2143 2153 2146
f 2154 2147 2153
f 2154 2148 2147
f 2148 2155 2139
f 2139 2155 2130
f 2156 2155 2148
f 2156 2148 2154
f 2157 2154 2153
f 2157 2153 2143
f 2158 2154 2157
f 2158 2156 2154
f 2155 2156 2159
f 2155 2159 2130
f 2160 2157 2143
f 2160 2158 2157
f 2160 2143 2161
f 2158 2160 2161
f 2161 2143 2162
f 2156 2158 2163
f 2156 2163 2159
f 2158 2161 2163
f 2164 2161 2162
f 2163 2161 2164
f 2164 2162 2165
f 2159 2163 2166
f 2130 2159 2166
f 2166 2163 2164
f 2165 2130 2167
f 2130 2166 2167
f 2167 2164 2165
f 2166 2164 2167
f 2168 2169 2170
f 2168 2170 2171
f 2171 2170 2172
f 2173 2168 2171
f 2171 2172 2174
f 2173 2171 2175
f 2175 2171 2174
f 2176 2173 2175
f 2175 2174 2177
f 2176 2175 2178
f 2178 2175 2177
f 2179 2176 2178
f 2177 2180 2178
f 2179 2178 2181
f 2180 2181 2178
f 2180 2179 2181
f 2182 2179 2180
f 2182 2180 2183
f 2179 2182 2184
f 2184 2182 2183
f 2185 2186 2187
f 2186 2188 2187
f 2186 2189 2188
f 2189 2190 2188
f 2190 2191 2188
f 2190 2192 2191
f 2192 2193 2191
f 2192 2194 2193
f 2195 2188 2191
f 2196 2187 2188
f 2195 2196 2188
f 2197 2191 2193
f 2197 2195 2191
f 2194 2198 2193
f 2199 2193 2198
f 2199 2197 2193
f 2194 2199 2198
f 2194 2200 2199
f 2194 2201 2200
f 2202 2201 2194
f 2199 2203 2197
f 2200 2203 2199
f 2197 2204 2195
f 2203 2204 2197
f 2205 2196 2195
f 2205 2195 2204
f 2201 2202 2206
f 2201 2206 2200
f 2202 2207 2206
f 2207 2202 2208
f 2206 2207 2209
f 2207 2208 2209
f 2210 2204 2203
f 2200 2210 2203
f 2211 2204 2210
f 2211 2205 2204
f 2205 2212 2196
f 2196 2212 2187
f 2213 2212 2205
f 2213 2205 2211
f 2214 2211 2210
f 2214 2210 2200
f 2215 2211 2214
f 2215 2213 2211
f 2212 2213 2216
f 2212 2216 2187
f 2217 2214 2200
f 2217 2215 2214
f 2217 2200 2218
f 2215 2217 2218
f 2218 2200 2219
f 2213 2215 2220
f 2213 2220 2216
f 2215 2218 2220
f 2221 2218 2219
f 2220 2218 2221
f 2221 2219 2222
f 2216 2220 2223
f 2187 2216 2223
f 2223 2220 2221
f 2222 2187 2224
f 2187 2223 2224
f 2224 2221 2222
f 2223 2221 2224
f 2225 2226 2227
f 2225 2227 2228
f 2228 2227 2229
f 2230 2225 2228
f 2228 2229 2231
f 2230 2228 2232
f 2232 2228 2231
f 2233 2230 2232
f 2232 2231 2234
f 2233 2232 2235
f 2235 2232 2234
f 2236 2233 2235
f 2234 2237 2235
f 2236 2235 2238
f 2237 2238 2235
f 2237 2236 2238
f 2239 2236 2237
f 2239 2237 2240
f 2236 2239 2241
f 2241 2239 2240
f 2242 2243 2244
f 2243 2245 2244
f 2243 2246 2245
f 2246 2247 2245
f 2247 2248 2245
f 2247 2249 2248
f 2249 2250 2248
f 2249 2251 2250
f 2252 2245 2248
f 2253 2244 2245
f 2252 2253 2245
f 2254 2248 2250
f 2254 2252 2248
f 2251 2255 2250
f 2256 2250 2255
f 2256 2254 2250
f 2251 2256 2255
f 2251 2257 2256
f 2251 2258 2257
f 2259 2258 2251
f 2256 2260 2254
f 2257 2260 2256
f 2254 2261 2252
f 2260 2261 2254
f 2262 2253 2252
f 2262 2252 2261
f 2258 2259 2263
f 2258 2263 2257
f 2259 2264 2263
f 2264 2259 2265
f 2263 2264 2266
f 2264 2265 2266
f 2267 2261 2260
f 2257 2267 2260
f 2268 2261 2267
f 2268 2262 2261
f 2262 2269 2253
f 2253 2269 2244
f 2270 2269 2262
f 2270 2262 2268
f 2271 2268 2267
f 2271 2267 2257
f 2272 2268 2271
f 2272 2270 2268
f 2269 2270 2273
f 2269 2273 2244
f 2274 2271 2257
f 2274 2272 2271
f 2274 2257 2275
f 2272 2274 2275
f 2275 2257 2276
f 2270 2272 2277
f 2270 2277 2273
f 2272 2275 2277
f 2278 2275 2276
f 2277 2275 2278
f 2278 2276 2279
f 2273 2277 2280
f 2244 2273 2280
f 2280 2277 2278
f 2279 2244 2281
f 2244 2280 2281
f 2281 2278 2279
f 2280 2278 2281
f 2282 2283 2284
f 2282 2284 2285
f 2285 2284 2286
f 2287 2282 2285
f 2285 2286 2288
f 2287 2285 2289
f 2289 2285 2288
f 2290 2287 2289
f 2289 2288 2291
f 2290 2289 2292
f 2292 2289 2291
f 2293 2290 2292
f 2291 2294 2292
f 2293 2292 2295
f 2294 2295 2292
f 2294 2293 2295
f 2296 2293 2294
f 2296 2294 2297
f 2293 2296 2298
f 2298 2296 2297
f 2299 2300 2301
f 2300 2302 2301
f 2300 2303 2302
f 2303 2304 2302
f 2304 2305 2302
f 2304 2306 2305
f 2306 2307 2305
f 2306 2308 2307
f 2309 2302 2305
f 2310 2301 2302
f 2309 2310 2302
f 2311 2305 2307
f 2311 2309 2305
f 2308 2312 2307
f 2313 2307 2312
f 2313 2311 2307
f 2308 2313 2312
f 2308 2314 2313
f 2308 2315 2314
f 2316 2315 2308
f 2313 2317 2311
f 2314 2317 2313
f 2311 2318 2309
f 2317 2318 2311
f 2319 2310 2309
f 2319 2309 2318
f 2315 2316 2320
f 2315 2320 2314
f 2316 2321 2320
f 2321 2316 2322
f 2320 2321 2323
f 2321 2322 2323
f 2324 2318 2317
f 2314 2324 2317
f 2325 2318 2324
f 2325 2319 2318
f 2319 2326 2310
f 2310 2326 2301
f 2327 2326 2319
f 2327 2319 2325
f 2328 2325 2324
f 2328 2324 2314
f 2329 2325 2328
f 2329 2327 2325
f 2326 2327 2330
f 2326 2330 2301
f 2331 2328 2314
f 2331 2329 2328
f 2331 2314 2332
f 2329 2331 2332
f 2332 2314 2333
f 2327 2329 2334
f 2327 2334 2330
f 2329 2332 2334
f 2335 2332 2333
f 2334 2332 2335
f 2335 2333 2336
f 2330 2334 2337
f 2301 2330 2337
f 2337 2334 2335
f 2336 2301 2338
f 2301 2337 2338
f 2338 2335 2336
f 2337 2335 2338
f 2339 2340 2341
f 2339 2341 2342
f 2342 2341 2343
f 2344 2339 2342
f 2342 2343 2345
f 2344 2342 2346
f 2346 2342 2345
f 2347 2344 2346
f 2346 2345 2348
f 2347 2346 2349
f 2349 2346 2348
f 2350 2347 2349
f 2348 2351 2349
f 2350 2349 2352
f 2351 2352 2349
f 2351 2350 2352
f 2353 2350 2351
f 2353 2351 2354
f 2350 2353 2355
f 2355 2353 2354
f 2356 2357 2358
f 2357 2359 2358
f 2357 2360 2359
f 2360 2361 2359
f 2361 2362 2359
f 2361 2363 2362
f 2363 2364 2362
f 2363 2365 2364
f 2366 2359 2362
f 2367 2358 2359
f 2366 2367 2359
f 2368 2362 2364
f 2368 2366 2362
f 2365 2369 2364
f 2370 2364 2369
f 2370 2368 2364
f 2365 2370 2369
f 2365 2371 2370
f 2365 2372 2371
f 2373 2372 2365
f 2370 2374 2368
f 2371 2374 2370
f 2368 2375 2366
f 2374 2375 2368
f 2376 2367 2366
f 2376 2366 2375
f 2372 2373 2377
f 2372 2377 2371
f 2373 2378 2377
f 2378 2373 2379
f 2377 2378 2380
f 2378 2379 2380
f 2381 2375 2374
f 2371 2381 2374
f 2382 2375 2381
f 2382 2376 2375
f 2376 2383 2367
f 2367 2383 2358
f 2384 2383 2376
f 2384 2376 2382
f 2385 2382 2381
f 2385 2381 2371
f 2386 2382 2385
f 2386 2384 2382
f 2383 2384 2387
f 2383 2387 2358
f 2388 2385 2371
f 2388 2386 2385
f 2388 2371 2389
f 2386 2388 2389
f 2389 2371 2390
f 2384 2386 2391
f 2384 2391 2387
f 2386 2389 2391
f 2392 2389 2390
f 2391 2389 2392
f 2392 2390 2393
f 2387 2391 2394
f 2358 2387 2394
f 2394 2391 2392
f 2393 2358 2395
f 2358 2394 2395
f 2395 2392 2393
f 2394 2392 2395
f 2396 2397 2398
f 2396 2398 2399
f 2399 2398 2400
f 2401 2396 2399
f 2399 2400 2402
f 2401 2399 2403
f 2403 2399 2402
f 2404 2401 2403
f 2403 2402 2405
f 2404 2403 2406
f 2406 2403 2405
f 2407 2404 2406
f 2405 2408 2406
f 2407 2406 2409
f 2408 2409 2406
f 2408 2407 2409
f 2410 2407 2408
f 2410 2408 2411
f 2407 2410 2412
f 2412 2410 2411
f 2413 2414 2415
f 2414 2416 2415
f 2414 2417 2416
f 2417 2418 2416
f 2418 2419 2416
f 2418 2420 2419
f 2420 2421 2419
f 2420 2422 2421
f 2423 2416 2419
f 2424 2415 2416
f 2423 2424 2416
f 2425 2419 2421
f 2425 2423 2419
f 2422 2426 2421
f 2427 2421 2426
f 2427 2425 2421
f 2422 2427 2426
f 2422 2428 2427
f 2422 2429 2428
f 2430 2429 2422
f 2427 2431 2425
f 2428 2431 2427
f 2425 2432 2423
f 2431 2432 2425
f 2433 2424 2423
f 2433 2423 2432
f 2429 2430 2434
f 2429 2434 2428
f 2430 2435 2434
f 2435 2430 2436
f 2434 2435 2437
f 2435 2436 2437
f 2438 2432 2431
f 2428 2438 2431
f 2439 2432 2438
f 2439 2433 2432
f 2433 2440 2424
f 2424 2440 2415
f 2441 2440 2433
f 2441 2433 2439
f 2442 2439 2438
f 2442 2438 2428
f 2443 2439 2442
f 2443 2441 2439
f 2440 2441 2444
f 2440 2444 2415
f 2445 2442 2428
f 2445 2443 2442
f 2445 2428 2446
f 2443 2445 2446
f 2446 2428 2447
f 2441 2443 2448
f 2441 2448 2444
f 2443 2446 2448
f 2449 2446 2447
f 2448 2446 2449
f 2449 2447 2450
f 2444 2448 2451
f 2415 2444 2451
f 2451 2448 2449
f 2450 2415 2452
f 2415 2451 2452
f 2452 2449 2450
f 2451 2449 2452
f 2453 2454 2455
f 2453 2455 2456
f 2456 2455 2457
f 2458 2453 2456
f 2456 2457 2459
f 2458 2456 2460
f 2460 2456 2459
f 2461 2458 2460
f 2460 2459 2462
f 2461 2460 2463
f 2463 2460 2462
f 2464 2461 2463
f 2462 2465 2463
f 2464 2463 2466
f 2465 2466 2463
f 2465 2464 2466
f 2467 2464 2465
f 2467 2465 2468
f 2464 2467 2469
f 2469 2467 2468
f 2470 2471 2472
f 2471 2473 2472
f 2471 2474 2473
f 2474 2475 2473
f 2475 2476 2473
f 2475 2477 2476
f 2477 2478 2476
f 2477 2479 2478
f 2480 2473 2476
f 2481 2472 2473
f 2480 2481 2473
f 2482 2476 2478
f 2482 2480 2476
f 2479 2483 2478
f 2484 2478 2483
f 2484 2482 2478
f 2479 2484 2483
f 2479 2485 2484
f 2479 2486 2485
f 2487 2486 2479
f 2484 2488 2482
f 2485 2488 2484
f 2482 2489 2480
f 2488 2489 2482
f 2490 2481 2480
f 2490 2480 2489
f 2486 2487 2491
f 2486 2491 2485
f 2487 2492 2491
f 2492 2487 2493
f 2491 2492 2494
f 2492 2493 2494
f 2495 2489 2488
f 2485 2495 2488
f 2496 2489 2495
f 2496 2490 2489
f 2490 2497 2481
f 2481 2497 2472
f 2498 2497 2490
f 2498 2490 2496
f 2499 2496 2495
f 2499 2495 2485
f 2500 2496 2499
f 2500 2498 2496
f 2497 2498 2501
f 2497 2501 2472
f 2502 2499 2485
f 2502 2500 2499
f 2502 2485 2503
f 2500 2502 2503
f 2503 2485 2504
f 2498 2500 2505
f 2498 2505 2501
f 2500 2503 2505
f 2506 2503 2504
f 2505 2503 2506
f 2506 2504 2507
f 2501 2505 2508
f 2472 2501 2508
f 2508 2505 2506
f 2507 2472 2509
f 2472 2508 2509
f 2509 2506 2507
f 2508 2506 2509
f 2510 2511 2512
f 2510 2512 2513
f 2513 2512 2514
f 2515 2510 2513
f 2513 2514 2516
f 2515 2513 2517
f 2517 2513 2516
f 2518 2515 2517
f 2517 2516 2519
f 2518 2517 2520
f 2520 2517 2519
f 2521 2518 2520
f 2519 2522 2520
f 2521 2520 2523
f 2522 2523 2520
f 2522 2521 2523
f 2524 2521 2522
f 2524 2522 2525
f 2521 2524 2526
f 2526 2524 2525
f 2527 2528 2529
f 2528 2530 2529
f 2528 2531 2530
f 2531 2532 2530
f 2532 2533 2530
f 2532 2534 2533
f 2534 2535 2533
f 2534 2536 2535
f 2537 2530 2533
f 2538 2529 2530
f 2537 2538 2530
f 2539 2533 2535
f 2539 2537 2533
f 2536 2540 2535
f 2541 2535 2540
f 2541 2539 2535
f 2536 2541 2540
f 2536 2542 2541
f 2536 2543 2542
f 2544 2543 2536
f 2541 2545 2539
f 2542 2545 2541
f 2539 2546 2537
f 2545 2546 2539
f 2547 2538 2537
f 2547 2537 2546
f 2543 2544 2548
f 2543 2548 2542
f 2544 2549 2548
f 2549 2544 2550
f 2548 2549 2551
f 2549 2550 2551
f 2552 2546 2545
f 2542 2552 2545
f 2553 2546 2552
f 2553 2547 2546
f 2547 2554 2538
f 2538 2554 2529
f 2555 2554 2547
f 2555 2547 2553
f 2556 2553 2552
f 2556 2552 2542
f 2557 2553 2556
f 2557 2555 2553
f 2554 2555 2558
f 2554 2558 2529
f 2559 2556 2542
f 2559 2557 2556
f 2559 2542 2560
f 2557 2559 2560
f 2560 2542 2561
f 2555 2557 2562
f 2555 2562 2558
f 2557 2560 2562
f 2563 2560 2561
f 2562 2560 2563
f 2563 2561 2564
f 2558 2562 2565
f 2529 2558 2565
f 2565 2562 2563
f 2564 2529 2566
f 2529 2565 2566
f 2566 2563 2564
f 2565 2563 2566
f 2567 2568 2569
f 2567 2569 2570
f 2570 2569 2571
f 2572 2567 2570
f 2570 2571 2573
f 2572 2570 2574
f 2574 2570 2573
f 2575 2572 2574
f 2574 2573 2576
f 2575 2574 2577
f 2577 2574 2576
f 2578 2575 2577
f 2576 2579 2577
f 2578 2577 2580
f 2579 2580 2577
f 2579 2578 2580
f 2581 2578 2579
f 2581 2579 2582
f 2578 2581 2583
f 2583 2581 2582
f 2584 2585 2586
f 2585 2587 2586
f 2585 2588 2587
f 2588 2589 2587
f 2589 2590 2587
f 2589 2591 2590
f 2591 2592 2590
f 2591 2593 2592
f 2594 2587 2590
f 2595 2586 2587
f 2594 2595 2587
f 2596 2590 2592
f 2596 2594 2590
f 2593 2597 2592
f 2598 2592 2597
f 2598 2596 2592
f 2593 2598 2597
f 2593 2599 2598
f 2593 2600 2599
f 2601 2600 2593
f 2598 2602 2596
f 2599 2602 2598
f 2596 2603 2594
f 2602 2603 2596
f 2604 2595 2594
f 2604 2594 2603
f 2600 2601 2605
f 2600 2605 2599
f 2601 2606 2605
f 2606 2601 2607
f 2605 2606 2608
f 2606 2607 2608
f 2609 2603 2602
f 2599 2609 2602
f 2610 2603 2609
f 2610 2604 2603
f 2604 2611 2595
f 2595 2611 2586
f 2612 2611 2604
f 2612 2604 2610
f 2613 2610 2609
f 2613 2609 2599
f 2614 2610 2613
f 2614 2612 2610
f 2611 2612 2615
f 2611 2615 2586
f 2616 2613 2599
f 2616 2614 2613
f 2616 2599 2617
f 2614 2616 2617
f 2617 2599 2618
f 2612 2614 2619
f 2612 2619 2615
f 2614 2617 2619
f 2620 2617 2618
f 2619 2617 2620
f 2620 2618 2621
f 2615 2619 2622
f 2586 2615 2622
f 2622 2619 2620
f 2621 2586 2623
f 2586 2622 2623
f 2623 2620 2621
f 2622 2620 2623
f 2624 2625 2626
f 2624 2626 2627
f 2627 2626 2628
f 2629 2624 2627
f 2627 2628 2630
f 2629 2627 2631
f 2631 2627 2630
f 2632 2629 2631
f 2631 2630 2633
f 2632 2631 2634
f 2634 2631 2633
f 2635 2632 2634
f 2633 2636 2634
f 2635 2634 2637
f 2636 2637 2634
f 2636 2635 2637
f 2638 2635 2636
f 2638 2636 2639
f 2635 2638 2640
f 2640 2638 2639
f 2641 2642 2643
f 2642 2644 2643
f 2642 2645 2644
f 2645 2646 2644
f 2646 2647 2644
f 2646 2648 2647
f 2648 2649 2647
f 2648 2650 2649
f 2651 2644 2647
f 2652 2643 2644
f 2651 2652 2644
f 2653 2647 2649
f 2653 2651 2647
f 2650 2654 2649
f 2655 2649 2654
f 2655 2653 2649
f 2650 2655 2654
f 2650 2656 2655
f 2650 2657 2656
f 2658 2657 2650
f 2655 2659 2653
f 2656 2659 2655
f 2653 2660 2651
f 2659 2660 2653
f 2661 2652 2651
f 2661 2651 2660
f 2657 2658 2662
f 2657 2662 2656
f 2658 2663 2662
f 2663 2658 2664
f 2662 2663 2665
f 2663 2664 2665
f 2666 2660 2659
f 2656 2666 2659
f 2667 2660 2666
f 2667 2661 2660
f 2661 2668 2652
f 2652 2668 2643
f 2669 2668 2661
f 2669 2661 2667
f 2670 2667 2666
f 2670 2666 2656
f 2671 2667 2670
f 2671 2669 2667
f 2668 2669 2672
f 2668 2672 2643
f 2673 2670 2656
f 2673 2671 2670
f 2673 2656 2674
f 2671 2673 2674
f 2674 2656 2675
f 2669 2671 2676
f 2669 2676 2672
f 2671 2674 2676
f 2677 2674 2675
f 2676 2674 2677
f 2677 2675 2678
f 2672 2676 2679
f 2643 2672 2679
f 2679 2676 2677
f 2678 2643 2680
f 2643 2679 2680
f 2680 2677 2678
f 2679 2677 2680
f 2681 2682 2683
f 2681 2683 2684
f 2684 2683 2685
f 2686 2681 2684
f 2684 2685 2687
f 2686 2684 2688
f 2688 2684 2687
f 2689 2686 2688
f 2688 2687 2690
f 2689 2688 2691
f 2691 2688 2690
f 2692 2689 2691
f 2690 2693 2691
f 2692 2691 2694
f 2693 2694 2691
f 2693 2692 2694
f 2695 2692 2693
f 2695 2693 2696
f 2692 2695 2697
f 2697 2695 2696
f 2698 2699 2700
f 2699 2701 2700
f 2699 2702 2701
f 2702 2703 2701
f 2703 2704 2701
f 2703 2705 2704
f 2705 2706 2704
f 2705 2707 2706
f 2708 2701 2704
f 2709 2700 2701
f 2708 2709 2701
f 2710 2704 2706
f 2710 2708 2704
f 2707 2711 2706
f 2712 2706 2711
f 2712 2710 2706
f 2707 2712 2711
f 2707 2713 2712
f 2707 2714 2713
f 2715 2714 2707
f 2712 2716 2710
f 2713 2716 2712
f 2710 2717 2708
f 2716 2717 2710
f 2718 2709 2708
f 2718 2708 2717
f 2714 2715 2719
f 2714 2719 2713
f 2715 2720 2719
f 2720 2715 2721
f 2719 2720 2722
f 2720 2721 2722
f 2723 2717 2716
f 2713 2723 2716
f 2724 2717 2723
f 2724 2718 2717
f 2718 2725 2709
f 2709 2725 2700
f 2726 2725 2718
f 2726 2718 2724
f 2727 2724 2723
f 2727 2723 2713
f 2728 2724 2727
f 2728 2726 2724
f 2725 2726 2729
f 2725 2729 2700
f 2730 2727 2713
f 2730 2728 2727
f 2730 2713 2731
f 2728 2730 2731
f 2731 2713 2732
f 2726 2728 2733
f 2726 2733 2729
f 2728 2731 2733
f 2734 2731 2732
f 2733 2731 2734
f 2734 2732 2735
f 2729 2733 2736
f 2700 2729 2736
f 2736 2733 2734
f 2735 2700 2737
f 2700 2736 2737
f 2737 2734 2735
f 2736 2734 2737
f 2738 2739 2740
f 2738 2740 2741
f 2741 2740 2742
f 2743 2738 2741
f 2741 2742 2744
f 2743 2741 2745
f 2745 2741 2744
f 2746 2743 2745
f 2745 2744 2747
f 2746 2745 2748
f 2748 2745 2747
f 2749 2746 2748
f 2747 2750 2748
f 2749 2748 2751
f 2750 2751 2748
f 2750 2749 2751
f 2752 2749 2750
f 2752 2750 2753
f 2749 2752 2754
f 2754 2752 2753
f 2755 2756 2757
f 2756 2758 2757
f 2756 2759 2758
f 2759 2760 2758
f 2760 2761 2758
f 2760 2762 2761
f 2762 2763 2761
f 2762 2764 2763
f 2765 2758 2761
f 2766 2757 2758
f 2765 2766 2758
f 2767 2761 2763
f 2767 2765 2761
f 2764 2768 2763
f 2769 2763 2768
f 2769 2767 2763
f 2764 2769 2768
f 2764 2770 2769
f 2764 2771 2770
f 2772 2771 2764
f 2769 2773 2767
f 2770 2773 2769
f 2767 2774 2765
f 2773 2774 2767
f 2775 2766 2765
f 2775 2765 2774
f 2771 2772 2776
f 2771 2776 2770
f 2772 2777 2776
f 2777 2772 2778
f 2776 2777 2779
f 2777 2778 2779
f 2780 2774 2773
f 2770 2780 2773
f 2781 2774 2780
f 2781 2775 2774
f 2775 2782 2766
f 2766 2782 2757
f 2783 2782 2775
f 2783 2775 2781
f 2784 2781 2780
f 2784 2780 2770
f 2785 2781 2784
f 2785 2783 2781
f 2782 2783 2786
f 2782 2786 2757
f 2787 2784 2770
f 2787 2785 2784
f 2787 2770 2788
f 2785 2787 2788
f 2788 2770 2789
f 2783 2785 2790
f 2783 2790 2786
f 2785 2788 2790
f 2791 2788 2789
f 2790 2788 2791
f 2791 2789 2792
f 2786 2790 2793
f 2757 2786 2793
f 2793 2790 2791
f 2792 2757 2794
f 2757 2793 2794
f 2794 2791 2792
f 2793 2791 2794
f 2795 2796 2797
f 2795 2797 2798
f 2798 2797 2799
f 2800 2795 2798
f 2798 2799 2801
f 2800 2798 2802
f 2802 2798 2801
f 2803 2800 2802
f 2802 2801 2804
f 2803 2802 2805
f 2805 2802 2804
f 2806 2803 2805
f 2804 2807 2805
f 2806 2805 2808
f 2807 2808 2805
f 2807 2806 2808
f 2809 2806 2807
f 2809 2807 2810
f 2806 2809 2811
f 2811 2809 2810
f 2812 2813 2814
f 2813 2815 2814
f 2813 2816 2815
f 2816 2817 2815
f 2817 2818 2815
f 2817 2819 2818
f 2819 2820 2818
f 2819 2821 2820
f 2822 2815 2818
f 2823 2814 2815
f 2822 2823 2815
f 2824 2818 2820
f 2824 2822 2818
f 2821 2825 2820
f 2826 2820 2825
f 2826 2824 2820
f 2821 2826 2825
f 2821 2827 2826
f 2821 2828 2827
f 2829 2828 2821
f 2826 2830 2824
f 2827 2830 2826
f 2824 2831 2822
f 2830 2831 2824
f 2832 2823 2822
f 2832 2822 2831
f 2828 2829 2833
f 2828 2833 2827
f 2829 2834 2833
f 2834 2829 2835
f 2833 2834 2836
f 2834 2835 2836
f 2837 2831 2830
f 2827 2837 2830
f 2838 2831 2837
f 2838 2832 2831
f 2832 2839 2823
f 2823 2839 2814
f 2840 2839 2832
f 2840 2832 2838
f 2841 2838 2837
f 2841 2837 2827
f 2842 2838 2841
f 2842 2840 2838
f 2839 2840 2843
f 2839 2843 2814
f 2844 2841 2827
f 2844 2842 2841
f 2844 2827 2845
f 2842 2844 2845
f 2845 2827 2846
f 2840 2842 2847
f 2840 2847 2843
f 2842 2845 2847
f 2848 2845 2846
f 2847 2845 2848
f 2848 2846 2849
f 2843 2847 2850
f 2814 2843 2850
f 2850 2847 2848
f 2849 2814 2851
f 2814 2850 2851
f 2851 2848 2849
f 2850 2848 2851
f 2852 2853 2854
f 2852 2854 2855
f 2855 2854 2856
f 2857 2852 2855
f 2855 2856 2858
f 2857 2855 2859
f 2859 2855 2858
f 2860 2857 2859
f 2859 2858 2861
f 2860 2859 2862
f 2862 2859 2861
f 2863 2860 2862
f 2861 2864 2862
f 2863 2862 2865
f 2864 2865 2862
f 2864 2863 2865
f 2866 2863 2864
f 2866 2864 2867
f 2863 2866 2868
f 2868 2866 2867
f 2869 2870 2871
f 2870 2872 2871
f 2870 2873 2872
f 2873 2874 2872
f 2874 2875 2872
f 2874 2876 2875
f 2876 2877 2875
f 2876 2878 2877
f 2879 2872 2875
f 2880 2871 2872
f 2879 2880 2872
f 2881 2875 2877
f 2881 2879 2875
f 2878 2882 2877
f 2883 2877 2882
f 2883 2881 2877
f 2878 2883 2882
f 2878 2884 2883
f 2878 2885 2884
f 2886 2885 2878
f 2883 2887 2881
f 2884 2887 2883
f 2881 2888 2879
f 2887 2888 2881
f 2889 2880 2879
f 2889 2879 2888
f 2885 2886 2890
f 2885 2890 2884
f 2886 2891 2890
f 2891 2886 2892
f 2890 2891 2893
f 2891 2892 2893
f 2894 2888 2887
f 2884 2894 2887
f 2895 2888 2894
f 2895 2889 2888
f 2889 2896 2880
f 2880 2896 2871
f 2897 2896 2889
f 2897 2889 2895
f 2898 2895 2894
f 2898 2894 2884
f 2899 2895 2898
f 2899 2897 2895
f 2896 2897 2900
f 2896 2900 2871
f 2901 2898 2884
f 2901 2899 2898
f 2901 2884 2902
f 2899 2901 2902
f 2902 2884 2903
f 2897 2899 2904
f 2897 2904 2900
f 2899 2902 2904
f 2905 2902 2903
f 2904 2902 2905
f 2905 2903 2906
f 2900 2904 2907
f 2871 2900 2907
f 2907 2904 2905
f 2906 2871 2908
f 2871 2907 2908
f 2908 2905 2906
f 2907 2905 2908
f 2909 2910 2911
f 2909 2911 2912
f 2912 2911 2913
f 2914 2909 2912
f 2912 2913 2915
f 2914 2912 2916
f 2916 2912 2915
f 2917 2914 2916
f 2916 2915 2918
f 2917 2916 2919
f 2919 2916 2918
f 2920 2917 2919
f 2918 2921 2919
f 2920 2919 2922
f 2921 2922 2919
f 2921 2920 2922
f 2923 2920 2921
f 2923 2921 2924
f 2920 2923 2925
f 2925 2923 2924
f 2926 2927 2928
f 2926 2928 2929
f 2927 2926 2930
f 2930 2926 2929
f 2931 2932 2933
f 2931 2933 2934
f 2932 2931 2935
f 2935 2931 2934
f 2936 2937 2938
f 2936 2938 2939
f 2937 2936 2940
f 2940 2936 2939
f 2941 2942 2943
f 2941 2943 2944
f 2942 2941 2945
f 2945 2941 2944
f 2946 2947 2948
f 2946 2948 2949
f 2947 2946 2950
f 2950 2946 2949
f 2951 2952 2953
f 2951 2953 2954
f 2952 2951 2955
f 2955 2951 2954
f 2956 2957 2958
f 2956 2958 2959
f 2957 2956 2960
f 2960 2956 2959
f 2961 2962 2963
f 2961 2963 2964
f 2962 2961 2965
f 2965 2961 2964
f 2966 2967 2968
f 2966 2968 2969
f 2967 2966 2970
f 2970 2966 2969
f 2971 2972 2973
f 2971 2973 2974
f 2972 2971 2975
f 2975 2971 2974
f 2976 2977 2978
f 2976 2978 2979
f 2977 2976 2980
f 2980 2976 2979
f 2981 2982 2983
f 2981 2983 2984
f 2982 2981 2985
f 2985 2981 2984
f 2986 2987 2988
f 2986 2988 2989
f 2987 2986 2990
f 2990 2986 2989
f 2991 2992 2993
f 2991 2993 2994
f 2992 2991 2995
f 2995 2991 2994
f 2996 2997 2998
f 2996 2998 2999
f 2997 2996 3000
f 3000 2996 2999
f 3001 3002 3003
f 3001 3003 3004
f 3002 3001 3005
f 3005 3001 3004
f 3006 3007 3008
f 3006 3008 3009
f 3007 3006 3010
f 3010 3006 3009
f 3011 3012 3013
f 3011 3013 3014
f 3012 3011 3015
f 3015 3011 3014
f 3016 3017 3018
f 3016 3018 3019
f 3017 3016 3020
f 3020 3016 3019
f 3021 3022 3023
f 3021 3023 3024
f 3022 3021 3025
f 3025 3021 3024
f 3026 3027 3028
f 3026 3028 3029
f 3027 3026 3030
f 3030 3026 3029
f 3031 3032 3033
f 3031 3033 3034
f 3032 3031 3035
f 3035 3031 3034
f 3036 3037 3038
f 3036 3038 3039
f 3037 3036 3040
f 3040 3036 3039
f 3041 3042 3043
f 3041 3043 3044
f 3042 3041 3045
f 3045 3041 3044
f 3046 3047 3048
f 3046 3048 3049
f 3047 3046 3050
f 3050 3046 3049
f 3051 3052 3053
f 3051 3053 3054
f 3052 3051 3055
f 3055 3051 3054
f 3056 3057 3058
f 3056 3058 3059
f 3057 3056 3060
f 3060 3056 3059
f 3061 3062 3063
f 3061 3063 3064
f 3062 3061 3065
f 3065 3061 3064
f 3066 3067 3068
f 3066 3068 3069
f 3067 3066 3070
f 3070 3066 3069
f 3071 3072 3073
f 3071 3073 3074
f 3072 3071 3075
f 3075 3071 3074
f 3076 3077 3078
f 3076 3078 3079
f 3077 3076 3080
f 3080 3076 3079
f 3081 3082 3083
f 3081 3083 3084
f 3082 3081 3085
f 3085 3081 3084
f 3086 3087 3088
f 3086 3088 3089
f 3087 3086 3090
f 3090 3086 3089
f 3091 3092 3093
f 3091 3093 3094
f 3092 3091 3095
f 3095 3091 3094
f 3096 3097 3098
f 3096 3098 3099
f 3097 3096 3100
f 3100 3096 3099
f 3101 3102 3103
f 3101 3103 3104
f 3102 3101 3105
f 3105 3101 3104
f 3106 3107 3108
f 3106 3108 3109
f 3107 3106 3110
f 3110 3106 3109
f 3111 3112 3113
f 3111 3113 3114
f 3112 3111 3115
f 3115 3111 3114
f 3116 3117 3118
f 3116 3118 3119
f 3117 3116 3120
f 3120 3116 3119
f 3121 3122 3123
f 3121 3123 3124
f 3122 3121 3125
f 3125 3121 3124
f 3126 3127 3128
f 3126 3128 3129
f 3127 3126 3130
f 3130 3126 3129
f 3131 3132 3133
f 3131 3133 3134
f 3132 3131 3135
f 3135 3131 3134
f 3136 3137 3138
f 3136 3138 3139
f 3137 3136 3140
f 3140 3136 3139
f 3141 3142 3143
f 3141 3143 3144
f 3142 3141 3145
f 3145 3141 3144
f 3146 3147 3148
f 3146 3148 3149
f 3147 3146 3150
f 3150 3146 3149
f 3151 3152 3153
f 3151 3153 3154
f 3152 3151 3155
f 3155 3151 3154
f 3156 3157 3158
f 3156 3158 3159
f 3157 3156 3160
f 3160 3156 3159
f 3161 3162 3163
f 3161 3163 3164
f 3162 3161 3165
f 3165 3161 3164
f 3166 3167 3168
f 3166 3168 3169
f 3167 3166 3170
f 3170 3166 3169
f 3171 3172 3173
f 3171 3173 3174
f 3172 3171 3175
f 3175 3171 3174
f 3176 3177 3178
f 3176 3178 3179
f 3177 3176 3180
f 3180 3176 3179
f 3181 3182 3183
f 3181 3183 3184
f 3182 3181 3185
f 3185 3181 3184
f 3186 3187 3188
f 3186 3188 3189
f 3187 3186 3190
f 3190 3186 3189
f 3191 3192 3193
f 3191 3193 3194
f 3192 3191 3195
f 3195 3191 3194
f 3196 3197 3198
f 3196 3198 3199
f 3197 3196 3200
f 3200 3196 3199
f 3201 3202 3203
f 3201 3203 3204
f 3202 3201 3205
f 3205 3201 3204
f 3206 3207 3208
f 3206 3208 3209
f 3207 3206 3210
f 3210 3206 3209
f 3211 3212 3213
f 3211 3213 3214
f 3212 3211 3215
f 3215 3211 3214
f 3216 3217 3218
f 3216 3218 3219
f 3217 3216 3220
f 3220 3216 3219
f 3221 3222 3223
f 3221 3223 3224
f 3222 3221 3225
f 3225 3221 3224
f 3226 3227 3228
f 3226 3228 3229
f 3227 3226 3230
f 3230 3226 3229
f 3231 3232 3233
f 3231 3233 3234
f 3232 3231 3235
f 3235 3231 3234
f 3236 3237 3238
f 3236 3238 3239
f 3237 3236 3240
f 3240 3236 3239
f 3241 3242 3243
f 3241 3243 3244
f 3242 3241 3245
f 3245 3241 3244
f 3246 3247 3248
f 3246 3248 3249
f 3247 3246 3250
f 3250 3246 3249
f 3251 3252 3253
f 3251 3253 3254
f 3252 3251 3255
f 3255 3251 3254
f 3256 3257 3258
f 3256 3258 3259
f 3257 3256 3260
f 3260 3256 3259
f 3261 3262 3263
f 3261 3263 3264
f 3262 3261 3265
f 3265 3261 3264
f 3266 3267 3268
f 3266 3268 3269
f 3267 3266 3270
f 3270 3266 3269
f 3271 3272 3273
f 3271 3273 3274
f 3272 3271 3275
f 3275 3271 3274
f 3276 3277 3278
f 3276 3278 3279
f 3277 3276 3280
f 3280 3276 3279
f 3281 3282 3283
f 3281 3283 3284
f 3282 3281 3285
f 3285 3281 3284
f 3286 3287 3288
f 3286 3288 3289
f 3287 3286 3290
f 3290 3286 3289
f 3291 3292 3293
f 3291 3293 3294
f 3292 3291 3295
f 3295 3291 3294
f 3296 3297 3298
f 3296 3298 3299
f 3297 3296 3300
f 3300 3296 3299
f 3301 3302 3303
f 3301 3303 3304
f 3302 3301 3305
f 3305 3301 3304
f 3306 3307 3308
f 3306 3308 3309
f 3307 3306 3310
f 3310 3306 3309
f 3311 3312 3313
f 3311 3313 3314
f 3312 3311 3315
f 3315 3311 3314
f 3316 3317 3318
f 3316 3318 3319
f 3317 3316 3320
f 3320 3316 3319
f 3321 3322 3323
f 3321 3323 3324
f 3322 3321 3325
f 3325 3321 3324
f 3326 3327 3328
f 3326 3328 3329
f 3327 3326 3330
f 3330 3326 3329
f 3331 3332 3333
f 3331 3333 3334
f 3332 3331 3335
f 3335 3331 3334
f 3336 3337 3338
f 3336 3338 3339
f 3337 3336 3340
f 3340 3336 3339
f 3341 3342 3343
f 3344 3342 3341
f 3342 3345 3343
f 3342 3344 3345
f 3346 3347 3348
f 3346 3348 3349
f 3347 3346 3350
f 3350 3346 3349
f 3351 3352 3353
f 3354 3352 3351
f 3352 3355 3353
f 3352 3354 3355
f 3356 3357 3358
f 3356 3358 3359
f 3357 3356 3360
f 3360 3356 3359
f 3361 3362 3363
f 3364 3361 3363
f 3361 3365 3362
f 3365 3361 3364
f 3366 3367 3368
f 3366 3368 3369
f 3367 3366 3370
f 3370 3366 3369
f 3371 3372 3373
f 3371 3373 3374
f 3372 3371 3375
f 3375 3371 3374
f 3376 3377 3378
f 3376 3378 3379
f 3377 3376 3380
f 3380 3376 3379
f 3381 3382 3383
f 3384 3381 3383
f 3381 3385 3382
f 3385 3381 3384
f 3386 3387 3388
f 3386 3388 3389
f 3387 3386 3390
f 3390 3386 3389
f 3391 3392 3393
f 3394 3391 3393
f 3391 3395 3392
f 3395 3391 3394
f 3396 3397 3398
f 3399 3396 3398
f 3396 3400 3397
f 3400 3396 3399
f 3401 3402 3403
f 3401 3403 3404
f 3402 3401 3405
f 3405 3401 3404
f 3406 3407 3408
f 3409 3406 3408
f 3406 3410 3407
f 3410 3406 3409
f 3411 3412 3413
f 3411 3413 3414
f 3412 3411 3415
f 3415 3411 3414
f 3416 3417 3418
f 3419 3416 3418
f 3416 3420 3417
f 3420 3416 3419
f 3421 3422 3423
f 3424 3421 3423
f 3421 3425 3422
f 3425 3421 3424
f 3426 3427 3428
f 3426 3428 3429
f 3427 3426 3430
f 3430 3426 3429
f 3431 3432 3433
f 3434 3431 3433
f 3431 3435 3432
f 3435 3431 3434
f 3436 3437 3438
f 3436 3438 3439
f 3437 3436 3440
f 3440 3436 3439
f 3441 3442 3443
f 3444 3441 3443
f 3441 3445 3442
f 3445 3441 3444
f 3446 3447 3448
f 3449 3446 3448
f 3446 3450 3447
f 3450 3446 3449
f 3451 3452 3453
f 3451 3453 3454
f 3452 3451 3455
f 3455 3451 3454
f 3456 3457 3458
f 3459 3456 3458
f 3456 3460 3457
f 3460 3456 3459
f 3461 3462 3463
f 3461 3463 3464
f 3462 3461 3465
f 3465 3461 3464
f 3466 3467 3468
f 3469 3466 3468
f 3466 3470 3467
f 3470 3466 3469
f 3471 3472 3473
f 3474 3471 3473
f 3471 3475 3472
f 3475 3471 3474
f 3476 3477 3478
f 3476 3478 3479
f 3477 3476 3480
f 3480 3476 3479
f 3481 3482 3483
f 3484 3481 3483
f 3481 3485 3482
f 3485 3481 3484
f 3486 3487 3488
f 3486 3488 3489
f 3487 3486 3490
f 3490 3486 3489
f 3491 3492 3493
f 3494 3491 3493
f 3491 3495 3492
f 3495 3491 3494
f 3496 3497 3498
f 3499 3496 3498
f 3496 3500 3497
f 3500 3496 3499
f 3501 3502 3503
f 3501 3503 3504
f 3502 3501 3505
f 3505 3501 3504
f 3506 3507 3508
f 3509 3506 3508
f 3506 3510 3507
f 3510 3506 3509
f 3511 3512 3513
f 3511 3513 3514
f 3512 3511 3515
f 3515 3511 3514
f 3516 3517 3518
f 3519 3516 3518
f 3516 3520 3517
f 3520 3516 3519
f 3521 3522 3523
f 3524 3521 3523
f 3521 3525 3522
f 3525 3521 3524
f 3526 3527 3528
f 3526 3528 3529
f 3527 3526 3530
f 3530 3526 3529
f 3531 3532 3533
f 3534 3531 3533
f 3531 3535 3532
f 3535 3531 3534
f 3536 3537 3538
f 3536 3538 3539
f 3537 3536 3540
f 3540 3536 3539
f 3541 3542 3543
f 3544 3541 3543
f 3541 3545 3542
f 3545 3541 3544
f 3546 3547 3548
f 3549 3546 3548
f 3546 3550 3547
f 3550 3546 3549
f 3551 3552 3553
f 3551 3553 3554
f 3552 3551 3555
f 3555 3551 3554
f 3556 3557 3558
f 3559 3556 3558
f 3556 3560 3557
f 3560 3556 3559
f 3561 3562 3563
f 3561 3563 3564
f 3562 3561 3565
f 3565 3561 3564
f 3566 3567 3568
f 3569 3566 3568
f 3566 3570 3567
f 3570 3566 3569
f 3571 3572 3573
f 3574 3571 3573
f 3571 3575 3572
f 3575 3571 3574
f 3576 3577 3578
f 3576 3578 3579
f 3577 3576 3580
f 3580 3576 3579
f 3581 3582 3583
f 3584 3581 3583
f 3581 3585 3582
f 3585 3581 3584
f 3586 3587 3588
f 3586 3588 3589
f 3587 3586 3590
f 3590 3586 3589
f 3591 3592 3593
f 3594 3591 3593
f 3591 3595 3592
f 3595 3591 3594
f 3596 3597 3598
f 3599 3596 3598
f 3596 3600 3597
f 3600 3596 3599
f 3601 3602 3603
f 3601 3603 3604
f 3602 3601 3605
f 3605 3601 3604
f 3606 3607 3608
f 3609 3606 3608
f 3606 3610 3607
f 3610 3606 3609
f 3611 3612 3613
f 3611 3613 3614
f 3612 3611 3615
f 3615 3611 3614
f 3616 3617 3618
f 3619 3616 3618
f 3616 3620 3617
f 3620 3616 3619
f 3621 3622 3623
f 3624 3621 3623
f 3621 3625 3622
f 3625 3621 3624
f 3626 3627 3628
f 3626 3628 3629
f 3627 3626 3630
f 3630 3626 3629
f 3631 3632 3633
f 3634 3631 3633
f 3631 3635 3632
f 3635 3631 3634
f 3636 3637 3638
f 3636 3638 3639
f 3637 3636 3640
f 3640 3636 3639
f 3641 3642 3643
f 3644 3641 3643
f 3641 3645 3642
f 3645 3641 3644
f 3646 3647 3648
f 3649 3646 3648
f 3646 3650 3647
f 3650 3646 3649
f 3651 3652 3653
f 3651 3653 3654
f 3652 3651 3655
f 3655 3651 3654
f 3656 3657 3658
f 3659 3656 3658
f 3656 3660 3657
f 3660 3656 3659
f 3661 3662 3663
f 3661 3663 3664
f 3662 3661 3665
f 3665 3661 3664
f 3666 3667 3668
f 3669 3666 3668
f 3666 3670 3667
f 3670 3666 3669
f 3671 3672 3673
f 3674 3671 3673
f 3671 3675 3672
f 3675 3671 3674
f 3676 3677 3678
f 3676 3678 3679
f 3677 3676 3680
f 3680 3676 3679
f 3681 3682 3683
f 3684 3681 3683
f 3681 3685 3682
f 3685 3681 3684
f 3686 3687 3688
f 3686 3688 3689
f 3687 3686 3690
f 3690 3686 3689
f 3691 3692 3693
f 3694 3691 3693
f 3691 3695 3692
f 3695 3691 3694
f 3696 3697 3698
f 3699 3696 3698
f 3696 3700 3697
f 3700 3696 3699
f 3701 3702 3703
f 3701 3703 3704
f 3702 3701 3705
f 3705 3701 3704
f 3706 3707 3708
f 3709 3706 3708
f 3706 3710 3707
f 3710 3706 3709
f 3711 3712 3713
f 3711 3713 3714
f 3712 3711 3715
f 3715 3711 3714
f 3716 3717 3718
f 3719 3716 3718
f 3716 3720 3717
f 3720 3716 3719
f 3721 3722 3723
f 3724 3721 3723
f 3721 3725 3722
f 3725 3721 3724
f 3726 3727 3728
f 3726 3728 3729
f 3727 3726 3730
f 3730 3726 3729
f 3731 3732 3733
f 3734 3731 3733
f 3731 3735 3732
f 3735 3731 3734
f 3736 3737 3738
f 3736 3738 3739
f 3737 3736 3740
f 3740 3736 3739
f 3741 3742 3743
f 3744 3741 3743
f 3741 3745 3742
f 3745 3741 3744
f 3746 3747 3748
f 3749 3746 3748
f 3746 3750 3747
f 3750 3746 3749
f 3751 3752 3753
f 3751 3753 3754
f 3752 3751 3755
f 3755 3751 3754
f 3756 3757 3758
f 3759 3756 3758
f 3756 3760 3757
f 3760 3756 3759
f 3761 3762 3763
f 3761 3763 3764
f 3762 3761 3765
f 3765 3761 3764
f 3766 3767 3768
f 3769 3766 3768
f 3766 3770 3767
f 3770 3766 3769
f 3771 3772 3773
f 3774 3771 3773
f 3771 3775 3772
f 3775 3771 3774
f 3776 3777 3778
f 3776 3778 3779
f 3777 3776 3780
f 3780 3776 3779
f 3781 3782 3783
f 3784 3781 3783
f 3781 3785 3782
f 3785 3781 3784
f 3786 3787 3788
f 3786 3788 3789
f 3787 3786 3790
f 3790 3786 3789
f 3791 3792 3793
f 3794 3791 3793
f 3791 3795 3792
f 3795 3791 3794
f 3796 3797 3798
f 3799 3796 3798
f 3796 3800 3797
f 3800 3796 3799
f 3801 3802 3803
f 3801 3803 3804
f 3802 3801 3805
f 3805 3801 3804
f 3806 3807 3808
f 3809 3806 3808
f 3806 3810 3807
f 3810 3806 3809
f 3811 3812 3813
f 3811 3813 3814
f 3812 3811 3815
f 3815 3811 3814
f 3816 3817 3818
f 3819 3816 3818
f 3816 3820 3817
f 3820 3816 3819
f 3821 3822 3823
f 3824 3821 3823
f 3821 3825 3822
f 3825 3821 3824
f 3826 3827 3828
f 3826 3828 3829
f 3827 3826 3830
f 3830 3826 3829
f 3831 3832 3833
f 3834 3831 3833
f 3831 3835 3832
f 3835 3831 3834
f 3836 3837 3838
f 3836 3838 3839
f 3837 3836 3840
f 3840 3836 3839
f 3841 3842 3843
f 3844 3841 3843
f 3841 3845 3842
f 3845 3841 3844
f 3846 3847 3848
f 3849 3846 3848
f 3846 3850 3847
f 3850 3846 3849
f 3851 3852 3853
f 3851 3853 3854
f 3852 3851 3855
f 3855 3851 3854
f 3856 3857 3858
f 3859 3857 3856
f 3857 3860 3858
f 3857 3859 3860
f 3861 3862 3863
f 3864 3862 3861
f 3862 3865 3863
f 3862 3864 3865
f 3866 3867 3868
f 3869 3867 3866
f 3867 3870 3868
f 3867 3869 3870
f 3871 3872 3873
f 3874 3872 3871
f 3872 3875 3873
f 3872 3874 3875
