# ROS coordinates: X forward, Y left, Z up; units are metres.
o mesh
v -0.0352960266 -0.07335104 -1.1102231E-18
v -0.0352960266 -0.07335104 0.00250000018
v -0.0357037932 -0.0729846656 0.00250000018
v -0.03576961 -0.07293698 0.00125000009
v -0.0357037932 -0.0729846656 -1.1102231E-18
v -0.0362010822 -0.0726842 0.00250000018
v -0.0362010822 -0.0726842 -1.1102231E-18
v -0.0363575034 -0.0726147145 0.00125000009
v -0.0367704965 -0.07247925 0.00250000018
v -0.0367704965 -0.07247925 -1.1102231E-18
v -0.0370296054 -0.0724266246 0.00125000009
v -0.0373823568 -0.07239223 0.00250000018
v -0.0373823568 -0.07239223 -1.1102231E-18
v -0.0377366953 -0.07239968 0.00125000009
v -0.03799906 -0.072432436 0.00250000018
v -0.03799906 -0.072432436 -1.1102231E-18
v -0.0384211652 -0.07253609 0.00125000009
v -0.0385824144 -0.07259346 0.00250000018
v -0.0385824144 -0.07259346 -1.1102231E-18
v -0.03903187 -0.07281268 0.00125000009
v -0.039101135 -0.07285522 0.00250000018
v -0.0395355932 -0.0731895044 0.00125000009
v -0.039101135 -0.07285522 -1.1102231E-18
v -0.0395355932 -0.0731895044 0.00250000018
v -0.0395355932 -0.0731895044 -1.1102231E-18
v -0.03990197 -0.07359727 0.00250000018
v -0.03990197 -0.07359727 -1.1102231E-18
v -0.03994966 -0.0736630857 0.00125000009
v -0.04020244 -0.07409456 0.00250000018
v -0.04020244 -0.07409456 -1.1102231E-18
v -0.04020244 -0.07409456 0.00125000009
v -0.04038493 -0.074579224 0.00125000009
v -0.0404073857 -0.07466397 0.00250000018
v -0.0404073857 -0.07466397 -1.1102231E-18
v -0.04048241 -0.0750988 0.00125000009
v -0.0404944047 -0.07527582 0.00250000018
v -0.0404944047 -0.07527582 -1.1102231E-18
v -0.0404869579 -0.07563017 0.00125000009
v -0.0404542 -0.07589254 0.00250000018
v -0.0404542 -0.07589254 -1.1102231E-18
v -0.0403990746 -0.07614869 0.00125000009
v -0.04029318 -0.0764758959 0.00250000018
v -0.04029318 -0.0764758959 -1.1102231E-18
v -0.0402275324 -0.07663179 0.00125000009
v -0.0400314219 -0.0769946054 0.00250000018
v -0.0400314219 -0.0769946054 -1.1102231E-18
v -0.0399873964 -0.07706213 0.00125000009
v -0.039697133 -0.07742907 0.00250000018
v -0.039697133 -0.07742907 -1.1102231E-18
v -0.0392893665 -0.0777954459 0.00250000018
v -0.039223548 -0.07784313 0.00125000009
v -0.0392893665 -0.0777954459 -1.1102231E-18
v -0.0387920775 -0.07809591 0.00250000018
v -0.0387920775 -0.07809591 -1.1102231E-18
v -0.03863566 -0.0781654 0.00125000009
v -0.0382226631 -0.07830086 0.00250000018
v -0.0382226631 -0.07830086 -1.1102231E-18
v -0.0379635543 -0.0783534944 0.00125000009
v -0.0376108065 -0.07838788 0.00250000018
v -0.0376108065 -0.07838788 -1.1102231E-18
v -0.0372564644 -0.0783804357 0.00125000009
v -0.0369941033 -0.0783476755 0.00250000018
v -0.0369941033 -0.0783476755 -1.1102231E-18
v -0.0365719944 -0.07824402 0.00125000009
v -0.0364107452 -0.07818665 0.00250000018
v -0.0364107452 -0.07818665 -1.1102231E-18
v -0.03596129 -0.0779674351 0.00125000009
v -0.03589203 -0.07792489 0.00250000018
v -0.03545757 -0.07759061 0.00125000009
v -0.03589203 -0.07792489 -1.1102231E-18
v -0.03545757 -0.07759061 0.00250000018
v -0.03545757 -0.07759061 -1.1102231E-18
v -0.03509119 -0.0771828443 0.00250000018
v -0.03509119 -0.0771828443 -1.1102231E-18
v -0.0350435041 -0.07711702 0.00125000009
v -0.03479072 -0.0766855553 0.00250000018
v -0.03479072 -0.0766855553 -1.1102231E-18
v -0.03479072 -0.0766855553 0.00125000009
v -0.03460823 -0.07620089 0.00125000009
v -0.0345857739 -0.0761161447 0.00250000018
v -0.0345857739 -0.0761161447 -1.1102231E-18
v -0.034510754 -0.0756813139 0.00125000009
v -0.0344987549 -0.07550428 0.00250000018
v -0.0344987549 -0.07550428 -1.1102231E-18
v -0.0345062055 -0.07514994 0.00125000009
v -0.0345389619 -0.07488757 0.00250000018
v -0.0345389619 -0.07488757 -1.1102231E-18
v -0.0345940851 -0.07463142 0.00125000009
v -0.03469998 -0.0743042156 0.00250000018
v -0.03469998 -0.0743042156 -1.1102231E-18
v -0.03476563 -0.07414832 0.00125000009
v -0.0349617377 -0.0737855062 0.00250000018
v -0.0349617377 -0.0737855062 -1.1102231E-18
v -0.0350057632 -0.07371798 0.00125000009
v -0.0352960266 -0.07335104 0.00250000018
v -0.0352960266 -0.07335104 -1.1102231E-18
v -0.05730155 -0.09374116 -1.1102231E-18
v -0.05730155 -0.09374116 0.00250000018
v -0.0577093177 -0.09337478 0.00250000018
v -0.0577751361 -0.0933271 0.00125000009
v -0.0577093177 -0.09337478 -1.1102231E-18
v -0.0582066067 -0.0930743143 0.00250000018
v -0.0582066067 -0.0930743143 -1.1102231E-18
v -0.0583630279 -0.09300484 0.00125000009
v -0.05877602 -0.09286937 0.00250000018
v -0.05877602 -0.09286937 -1.1102231E-18
v -0.05903513 -0.09281674 0.00125000009
v -0.05938788 -0.09278235 0.00250000018
v -0.05938788 -0.09278235 -1.1102231E-18
v -0.05974222 -0.0927898 0.00125000009
v -0.0600045845 -0.09282255 0.00250000018
v -0.0600045845 -0.09282255 -1.1102231E-18
v -0.06042669 -0.0929262042 0.00125000009
v -0.06058794 -0.09298358 0.00250000018
v -0.06058794 -0.09298358 -1.1102231E-18
v -0.0610374 -0.0932028 0.00125000009
v -0.06110666 -0.0932453349 0.00250000018
v -0.0615411177 -0.09357962 0.00125000009
v -0.06110666 -0.0932453349 -1.1102231E-18
v -0.0615411177 -0.09357962 0.00250000018
v -0.0615411177 -0.09357962 -1.1102231E-18
v -0.0619074963 -0.09398738 0.00250000018
v -0.0619074963 -0.09398738 -1.1102231E-18
v -0.0619551837 -0.09405321 0.00125000009
v -0.0622079633 -0.09448468 0.00250000018
v -0.0622079633 -0.09448468 -1.1102231E-18
v -0.0622079633 -0.09448468 0.00125000009
v -0.0623904541 -0.09496934 0.00125000009
v -0.06241291 -0.09505409 0.00250000018
v -0.06241291 -0.09505409 -1.1102231E-18
v -0.0624879338 -0.09548891 0.00125000009
v -0.0624999329 -0.09566595 0.00250000018
v -0.0624999329 -0.09566595 -1.1102231E-18
v -0.0624924824 -0.09602029 0.00125000009
v -0.0624597259 -0.09628265 0.00250000018
v -0.0624597259 -0.09628265 -1.1102231E-18
v -0.0624046 -0.0965388045 0.00125000009
v -0.0622987039 -0.09686601 0.00250000018
v -0.0622987039 -0.09686601 -1.1102231E-18
v -0.0622330569 -0.09702191 0.00125000009
v -0.0620369464 -0.09738472 0.00250000018
v -0.0620369464 -0.09738472 -1.1102231E-18
v -0.06199292 -0.0974522457 0.00125000009
v -0.0617026575 -0.09781919 0.00250000018
v -0.0617026575 -0.09781919 -1.1102231E-18
v -0.0612948947 -0.09818556 0.00250000018
v -0.0612290725 -0.09823325 0.00125000009
v -0.0612948947 -0.09818556 -1.1102231E-18
v -0.0607976019 -0.0984860361 0.00250000018
v -0.0607976019 -0.0984860361 -1.1102231E-18
v -0.0606411844 -0.09855551 0.00125000009
v -0.0602281876 -0.09869098 0.00250000018
v -0.0602281876 -0.09869098 -1.1102231E-18
v -0.0599690825 -0.09874361 0.00125000009
v -0.0596163347 -0.0987779945 0.00250000018
v -0.0596163347 -0.0987779945 -1.1102231E-18
v -0.05926199 -0.09877055 0.00125000009
v -0.0589996278 -0.09873779 0.00250000018
v -0.0589996278 -0.09873779 -1.1102231E-18
v -0.0585775226 -0.09863414 0.00125000009
v -0.05841627 -0.09857677 0.00250000018
v -0.05841627 -0.09857677 -1.1102231E-18
v -0.0579668134 -0.09835755 0.00125000009
v -0.0578975528 -0.0983150154 0.00250000018
v -0.0574630946 -0.09798072 0.00125000009
v -0.0578975528 -0.0983150154 -1.1102231E-18
v -0.0574630946 -0.09798072 0.00250000018
v -0.0574630946 -0.09798072 -1.1102231E-18
v -0.057096716 -0.09757297 0.00250000018
v -0.057096716 -0.09757297 -1.1102231E-18
v -0.05704903 -0.09750714 0.00125000009
v -0.0567962453 -0.09707567 0.00250000018
v -0.0567962453 -0.09707567 -1.1102231E-18
v -0.0567962453 -0.09707567 0.00125000009
v -0.05661376 -0.09659101 0.00125000009
v -0.0565913 -0.09650626 0.00250000018
v -0.0565913 -0.09650626 -1.1102231E-18
v -0.05651628 -0.09607144 0.00125000009
v -0.0565042831 -0.0958944038 0.00250000018
v -0.0565042831 -0.0958944038 -1.1102231E-18
v -0.05651173 -0.09554006 0.00125000009
v -0.0565444864 -0.0952777 0.00250000018
v -0.0565444864 -0.0952777 -1.1102231E-18
v -0.0565996133 -0.0950215459 0.00125000009
v -0.05670551 -0.09469433 0.00250000018
v -0.05670551 -0.09469433 -1.1102231E-18
v -0.0567711554 -0.0945384353 0.00125000009
v -0.0569672659 -0.09417562 0.00250000018
v -0.0569672659 -0.09417562 -1.1102231E-18
v -0.0570112877 -0.0941081047 0.00125000009
v -0.05730155 -0.09374116 0.00250000018
v -0.05730155 -0.09374116 -1.1102231E-18
v -0.001312498 -0.110026918 -1.1102231E-18
v -0.001312498 -0.110026918 0.00250000018
v -0.00172026083 -0.109660544 0.00250000018
v -0.00178608112 -0.109612852 0.00125000009
v -0.00172026083 -0.109660544 -1.1102231E-18
v -0.00221755169 -0.109360069 0.00250000018
v -0.00221755169 -0.109360069 -1.1102231E-18
v -0.002373973 -0.109290592 0.00125000009
v -0.002786968 -0.109155126 0.00250000018
v -0.002786968 -0.109155126 -1.1102231E-18
v -0.00304607488 -0.109102495 0.00125000009
v -0.00339882262 -0.109068111 0.00250000018
v -0.00339882262 -0.109068111 -1.1102231E-18
v -0.00375316665 -0.109075554 0.00125000009
v -0.00401552767 -0.109108314 0.00250000018
v -0.00401552767 -0.109108314 -1.1102231E-18
v -0.00443763472 -0.109211966 0.00125000009
v -0.004598886 -0.109269336 0.00250000018
v -0.004598886 -0.109269336 -1.1102231E-18
v -0.005048342 -0.109488554 0.00125000009
v -0.00511760265 -0.10953109 0.00250000018
v -0.005552061 -0.109865382 0.00125000009
v -0.00511760265 -0.10953109 -1.1102231E-18
v -0.005552061 -0.109865382 0.00250000018
v -0.005552061 -0.109865382 -1.1102231E-18
v -0.00591843948 -0.110273138 0.00250000018
v -0.00591843948 -0.110273138 -1.1102231E-18
v -0.005966127 -0.110338964 0.00125000009
v -0.00621891 -0.110770434 0.00250000018
v -0.00621891 -0.110770434 -1.1102231E-18
v -0.00621891 -0.110770434 0.00125000009
v -0.00640139729 -0.111255094 0.00125000009
v -0.006423857 -0.111339845 0.00250000018
v -0.006423857 -0.111339845 -1.1102231E-18
v -0.006498877 -0.111774668 0.00125000009
v -0.00651087239 -0.1119517 0.00250000018
v -0.00651087239 -0.1119517 -1.1102231E-18
v -0.00650342554 -0.112306044 0.00125000009
v -0.006470669 -0.112568408 0.00250000018
v -0.006470669 -0.112568408 -1.1102231E-18
v -0.006415542 -0.112824559 0.00125000009
v -0.006309647 -0.113151774 0.00250000018
v -0.006309647 -0.113151774 -1.1102231E-18
v -0.006244 -0.11330767 0.00125000009
v -0.00604789145 -0.113670483 0.00250000018
v -0.00604789145 -0.113670483 -1.1102231E-18
v -0.006003868 -0.113738 0.00125000009
v -0.00571360439 -0.114104941 0.00250000018
v -0.00571360439 -0.114104941 -1.1102231E-18
v -0.005305838 -0.114471324 0.00250000018
v -0.00524001941 -0.114519008 0.00125000009
v -0.005305838 -0.114471324 -1.1102231E-18
v -0.004808549 -0.114771791 0.00250000018
v -0.004808549 -0.114771791 -1.1102231E-18
v -0.00465212762 -0.114841267 0.00125000009
v -0.00423913449 -0.114976734 0.00250000018
v -0.00423913449 -0.114976734 -1.1102231E-18
v -0.003980024 -0.115029365 0.00125000009
v -0.00362727419 -0.115063757 0.00250000018
v -0.00362727419 -0.115063757 -1.1102231E-18
v -0.00327293575 -0.115056306 0.00125000009
v -0.003010571 -0.115023553 0.00250000018
v -0.003010571 -0.115023553 -1.1102231E-18
v -0.00258846581 -0.1149199 0.00125000009
v -0.00242721662 -0.114862524 0.00250000018
v -0.00242721662 -0.114862524 -1.1102231E-18
v -0.00197775848 -0.114643306 0.00125000009
v -0.001908496 -0.11460077 0.00250000018
v -0.00147403963 -0.114266485 0.00125000009
v -0.001908496 -0.11460077 -1.1102231E-18
v -0.00147403963 -0.114266485 0.00250000018
v -0.00147403963 -0.114266485 -1.1102231E-18
v -0.00110765919 -0.113858722 0.00250000018
v -0.00110765919 -0.113858722 -1.1102231E-18
v -0.00105997175 -0.113792896 0.00125000009
v -0.0008071922 -0.113361426 0.00250000018
v -0.0008071922 -0.113361426 -1.1102231E-18
v -0.0008071922 -0.113361426 0.00125000009
v -0.0006247014 -0.112876765 0.00125000009
v -0.000602245331 -0.112792015 0.00250000018
v -0.000602245331 -0.112792015 -1.1102231E-18
v -0.0005272217 -0.112357192 0.00125000009
v -0.0005152244 -0.112180158 0.00250000018
v -0.0005152244 -0.112180158 -1.1102231E-18
v -0.00052267313 -0.111825816 0.00125000009
v -0.0005554296 -0.111563452 0.00250000018
v -0.0005554296 -0.111563452 -1.1102231E-18
v -0.000610556453 -0.1113073 0.00125000009
v -0.000716451555 -0.110980093 0.00250000018
v -0.000716451555 -0.110980093 -1.1102231E-18
v -0.0007820986 -0.1108242 0.00125000009
v -0.0009782091 -0.110461384 0.00250000018
v -0.0009782091 -0.110461384 -1.1102231E-18
v -0.00102223456 -0.110393859 0.00125000009
v -0.001312498 -0.110026918 0.00250000018
v -0.001312498 -0.110026918 -1.1102231E-18
v -0.0233180225 -0.130417034 -1.1102231E-18
v -0.0233180225 -0.130417034 0.00250000018
v -0.023725789 -0.130050659 0.00250000018
v -0.0237916075 -0.130002975 0.00125000009
v -0.023725789 -0.130050659 -1.1102231E-18
v -0.024223078 -0.129750192 0.00250000018
v -0.024223078 -0.129750192 -1.1102231E-18
v -0.0243794955 -0.129680708 0.00125000009
v -0.0247924924 -0.129545242 0.00250000018
v -0.0247924924 -0.129545242 -1.1102231E-18
v -0.0250516012 -0.129492611 0.00125000009
v -0.025404349 -0.129458219 0.00250000018
v -0.025404349 -0.129458219 -1.1102231E-18
v -0.0257586911 -0.129465669 0.00125000009
v -0.0260210522 -0.129498422 0.00250000018
v -0.0260210522 -0.129498422 -1.1102231E-18
v -0.0264431611 -0.129602075 0.00125000009
v -0.02660441 -0.129659444 0.00250000018
v -0.02660441 -0.129659444 -1.1102231E-18
v -0.0270538665 -0.12987867 0.00125000009
v -0.0271231271 -0.129921213 0.00250000018
v -0.0275575854 -0.130255491 0.00125000009
v -0.0271231271 -0.129921213 -1.1102231E-18
v -0.0275575854 -0.130255491 0.00250000018
v -0.0275575854 -0.130255491 -1.1102231E-18
v -0.027923964 -0.130663261 0.00250000018
v -0.027923964 -0.130663261 -1.1102231E-18
v -0.0279716514 -0.130729079 0.00125000009
v -0.0282244347 -0.131160557 0.00250000018
v -0.0282244347 -0.131160557 -1.1102231E-18
v -0.0282244347 -0.131160557 0.00125000009
v -0.0284069255 -0.131645218 0.00125000009
v -0.0284293815 -0.13172996 0.00250000018
v -0.0284293815 -0.13172996 -1.1102231E-18
v -0.0285044014 -0.132164791 0.00125000009
v -0.0285164 -0.132341817 0.00250000018
v -0.0285164 -0.132341817 -1.1102231E-18
v -0.02850895 -0.132696167 0.00125000009
v -0.0284761935 -0.132958531 0.00250000018
v -0.0284761935 -0.132958531 -1.1102231E-18
v -0.02842107 -0.133214682 0.00125000009
v -0.0283151753 -0.133541882 0.00250000018
v -0.0283151753 -0.133541882 -1.1102231E-18
v -0.0282495245 -0.1336978 0.00125000009
v -0.0280534178 -0.1340606 0.00250000018
v -0.0280534178 -0.1340606 -1.1102231E-18
v -0.0280093923 -0.134128124 0.00125000009
v -0.0277191289 -0.134495065 0.00250000018
v -0.0277191289 -0.134495065 -1.1102231E-18
v -0.0273113623 -0.134861439 0.00250000018
v -0.0272455439 -0.134909123 0.00125000009
v -0.0273113623 -0.134861439 -1.1102231E-18
v -0.0268140733 -0.1351619 0.00250000018
v -0.0268140733 -0.1351619 -1.1102231E-18
v -0.0266576521 -0.135231391 0.00125000009
v -0.026244659 -0.135366857 0.00250000018
v -0.026244659 -0.135366857 -1.1102231E-18
v -0.02598555 -0.135419488 0.00125000009
v -0.0256327987 -0.13545388 0.00250000018
v -0.0256327987 -0.13545388 -1.1102231E-18
v -0.02527846 -0.135446429 0.00125000009
v -0.0250160955 -0.135413677 0.00250000018
v -0.0250160955 -0.135413677 -1.1102231E-18
v -0.02459399 -0.135310024 0.00125000009
v -0.0244327411 -0.135252655 0.00250000018
v -0.0244327411 -0.135252655 -1.1102231E-18
v -0.0239832848 -0.135033429 0.00125000009
v -0.02391402 -0.134990886 0.00250000018
v -0.0234795623 -0.134656608 0.00125000009
v -0.02391402 -0.134990886 -1.1102231E-18
v -0.0234795623 -0.134656608 0.00250000018
v -0.0234795623 -0.134656608 -1.1102231E-18
v -0.0231131837 -0.134248838 0.00250000018
v -0.0231131837 -0.134248838 -1.1102231E-18
v -0.0230654962 -0.134183019 0.00125000009
v -0.0228127167 -0.133751541 0.00250000018
v -0.0228127167 -0.133751541 -1.1102231E-18
v -0.0228127167 -0.133751541 0.00125000009
v -0.0226302259 -0.133266881 0.00125000009
v -0.02260777 -0.133182138 0.00250000018
v -0.02260777 -0.133182138 -1.1102231E-18
v -0.0225327462 -0.1327473 0.00125000009
v -0.02252075 -0.132570282 0.00250000018
v -0.02252075 -0.132570282 -1.1102231E-18
v -0.0225281976 -0.132215932 0.00125000009
v -0.0225609541 -0.131953567 0.00250000018
v -0.0225609541 -0.131953567 -1.1102231E-18
v -0.0226160809 -0.131697416 0.00125000009
v -0.022721976 -0.131370217 0.00250000018
v -0.022721976 -0.131370217 -1.1102231E-18
v -0.0227876231 -0.131214321 0.00125000009
v -0.0229837336 -0.130851492 0.00250000018
v -0.0229837336 -0.130851492 -1.1102231E-18
v -0.023027759 -0.130783975 0.00125000009
v -0.0233180225 -0.130417034 0.00250000018
v -0.0233180225 -0.130417034 -1.1102231E-18
v -0.004000671 -0.0784354061 0.0005
v -0.00436743163 -0.07877524 -1.1102231E-18
v -0.006736856 -0.0764383 -1.1102231E-18
v -0.006934285 -0.07592813 0.00025
v -0.00640211627 -0.07606688 0.0005
v -0.009396501 -0.07425657 -1.1102231E-18
v -0.009097699 -0.07385567 0.0005
v -0.0100644007 -0.07346402 0.00025
v -0.0123346951 -0.07227814 -1.1102231E-18
v -0.012075603 -0.07185051 0.0005
v -0.013553692 -0.07128534 0.00025
v -0.0155297611 -0.07055077 -1.1102231E-18
v -0.0153138451 -0.0700997859 0.0005
v -0.0173640158 -0.06946261 0.00025
v -0.0189496744 -0.06911933 -1.1102231E-18
v -0.0187799726 -0.06864901 0.0005
v -0.0214397013 -0.0680594146 0.00025
v -0.0225525238 -0.06802309 -1.1102231E-18
v -0.0224315077 -0.06753796 0.0005
v -0.02570932 -0.06712709 0.00025
v -0.0262878574 -0.0672930852 -1.1102231E-18
v -0.0300892666 -0.06670006 0.00025
v -0.02621732 -0.06679808 0.0005
v -0.0300987847 -0.06694988 -1.1102231E-18
v -0.0300797448 -0.0664502457 0.0005
v -0.0339247771 -0.0670020953 -1.1102231E-18
v -0.0339574441 -0.06650317 0.0005
v -0.03448901 -0.0667925552 0.00025
v -0.03770483 -0.06744574 -1.1102231E-18
v -0.0377885774 -0.06695281 0.0005
v -0.0388171934 -0.06739728 0.00025
v -0.041380655 -0.06826463 -1.1102231E-18
v -0.0415140726 -0.06778277 0.0005
v -0.04298784 -0.06848626 0.00025
v -0.0448995754 -0.0694316849 -1.1102231E-18
v -0.04508055 -0.068965584 0.0005
v -0.046925813 -0.0700137541 0.00025
v -0.04821682 -0.0709109157 -1.1102231E-18
v -0.0484426245 -0.0704648048 0.0005
v -0.05057078 -0.0719206 0.00025
v -0.05129705 -0.07266003 -1.1102231E-18
v -0.0515644774 -0.07223755 0.0005
v -0.0538793243 -0.07413937 0.00025
v -0.054115 -0.07463305 -1.1102231E-18
v -0.05682531 -0.07659952 0.00025
v -0.05442051 -0.0742372349 0.0005
v -0.05665539 -0.0767829046 -1.1102231E-18
v -0.0569952242 -0.07641615 0.0005
v -0.05899233 -0.07915233 -1.1102231E-18
v -0.0593637452 -0.07881759 0.0005
v -0.0595025 -0.0793497562 0.00025
v -0.06117406 -0.08181197 -1.1102231E-18
v -0.06157496 -0.0815131739 0.0005
v -0.0619666129 -0.08247988 0.00025
v -0.06315249 -0.0847501755 -1.1102231E-18
v -0.0635801256 -0.0844910741 0.0005
v -0.06363132 -0.08506495 0.00025
v -0.0648798645 -0.08794524 -1.1102231E-18
v -0.06533084 -0.08772932 0.0005
v -0.06510535 -0.08783728 0.00025
v -0.0663604 -0.09077608 0.00025
v -0.0663113 -0.09136514 -1.1102231E-18
v -0.0667816252 -0.09119545 0.0005
v -0.06737122 -0.09385517 0.00025
v -0.06740753 -0.094968 -1.1102231E-18
v -0.06789267 -0.0948469862 0.0005
v -0.0681168139 -0.09704362 0.00025
v -0.06813754 -0.09870333 -1.1102231E-18
v -0.06863254 -0.0986328 0.0005
v -0.06858161 -0.100306533 0.00025
v -0.068480745 -0.10251426 -1.1102231E-18
v -0.06898038 -0.102495223 0.0005
v -0.06875624 -0.103606425 0.00025
v -0.06842853 -0.106340252 -1.1102231E-18
v -0.06892747 -0.106372923 0.0005
v -0.06863807 -0.106904484 0.00025
v -0.0679848939 -0.110120304 -1.1102231E-18
v -0.0684778243 -0.110204048 0.0005
v -0.06823136 -0.110162184 0.00025
v -0.0675469041 -0.11334268 0.00025
v -0.06716599 -0.11379613 -1.1102231E-18
v -0.06764786 -0.113929547 0.0005
v -0.066601485 -0.116412252 0.00025
v -0.06599894 -0.117315054 -1.1102231E-18
v -0.06646505 -0.117496021 0.0005
v -0.06541687 -0.119341291 0.00025
v -0.06451972 -0.1206323 -1.1102231E-18
v -0.06496583 -0.1208581 0.0005
v -0.06401871 -0.122105151 0.00025
v -0.0627706051 -0.123712525 -1.1102231E-18
v -0.0631930754 -0.123979956 0.0005
v -0.06243524 -0.124684609 0.00025
v -0.0607975833 -0.126530483 -1.1102231E-18
v -0.0611933954 -0.126835987 0.0005
v -0.0606960878 -0.127065942 0.00025
v -0.058647722 -0.129070863 -9.714453E-19
v -0.0590144843 -0.1294107 0.0005
v -0.0562783 -0.1314078 -1.1102231E-18
v -0.05608087 -0.131917983 0.00025
v -0.05661304 -0.131779224 0.0005
v -0.0536186546 -0.133589536 -1.1102231E-18
v -0.0539174564 -0.133990437 0.0005
v -0.0529507548 -0.134382084 0.00025
v -0.05068046 -0.135567963 -1.1102231E-18
v -0.0509395525 -0.1359956 0.0005
v -0.04946146 -0.136560768 0.00025
v -0.0474853963 -0.137295336 -1.1102231E-18
v -0.04770131 -0.137746319 0.0005
v -0.0456511378 -0.1383835 0.00025
v -0.0440654829 -0.138726771 -1.1102231E-18
v -0.0442351848 -0.1391971 0.0005
v -0.0415754542 -0.13978669 0.00025
v -0.04046263 -0.13982302 -1.1102231E-18
v -0.0405836478 -0.140308142 0.0005
v -0.0373058356 -0.140719011 0.00025
v -0.0367272981 -0.140553027 -1.1102231E-18
v -0.03292589 -0.141146034 0.00025
v -0.0367978364 -0.141048014 0.0005
v -0.03291637 -0.140896231 -1.1102231E-18
v -0.03293541 -0.141395867 0.0005
v -0.0290903784 -0.140844017 -1.1102231E-18
v -0.0290577114 -0.141342938 0.0005
v -0.028526146 -0.141053557 0.00025
v -0.0253103264 -0.140400365 -1.1102231E-18
v -0.0252265781 -0.1408933 0.0005
v -0.0241979621 -0.140448824 0.00025
v -0.0216345 -0.139581472 -1.1102231E-18
v -0.0215010829 -0.140063345 0.0005
v -0.0200273171 -0.139359847 0.00025
v -0.01811558 -0.138414413 -1.1102231E-18
v -0.0179346055 -0.138880521 0.0005
v -0.0160893425 -0.137832344 0.00025
v -0.0147983357 -0.136935189 -1.1102231E-18
v -0.014572531 -0.1373813 0.0005
v -0.0124443769 -0.1359255 0.00025
v -0.0117181055 -0.135186076 -1.1102231E-18
v -0.0114506781 -0.135608554 0.0005
v -0.009135831 -0.133706734 0.00025
v -0.008900154 -0.133213058 -1.1102231E-18
v -0.0061898455 -0.131246582 0.00025
v -0.008594647 -0.133608878 0.0005
v -0.006359767 -0.1310632 -1.1102231E-18
v -0.00601993129 -0.131429955 0.0005
v -0.00402282551 -0.128693774 -1.1102231E-18
v -0.00365141034 -0.129028514 0.0005
v -0.00351265445 -0.128496349 0.00025
v -0.00184109434 -0.126034141 -1.1102231E-18
v -0.00144019723 -0.126332939 0.0005
v -0.00104854256 -0.125366226 0.00025
v 0.000137332827 -0.12309593 -1.1102231E-18
v 0.0005649701 -0.123355031 0.0005
v 0.000616163 -0.122781157 0.00025
v 0.001864709 -0.119900867 -1.1102231E-18
v 0.00231568515 -0.120116785 0.0005
v 0.002090197 -0.120008826 0.00025
v 0.00334524736 -0.117070027 0.00025
v 0.003296148 -0.116480961 -1.1102231E-18
v 0.003766466 -0.116650656 0.0005
v 0.00435606 -0.113990933 0.00025
v 0.00439238176 -0.112878107 -1.1102231E-18
v 0.004877515 -0.112999119 0.0005
v 0.00510165468 -0.110802487 0.00025
v 0.00512238964 -0.109142773 -1.1102231E-18
v 0.00561739132 -0.109213307 0.0005
v 0.0055664517 -0.107539572 0.00025
v 0.005465593 -0.105331846 -1.1102231E-18
v 0.005965229 -0.105350882 0.0005
v 0.00574107841 -0.10423968 0.00025
v 0.00541337952 -0.101505853 -1.1102231E-18
v 0.00591231138 -0.101473182 0.0005
v 0.00562291965 -0.100941621 0.00025
v 0.0049697347 -0.0977258 -1.1102231E-18
v 0.005462665 -0.09764206 0.0005
v 0.0052162 -0.09768392 0.00025
v 0.00453174859 -0.0945034251 0.00025
v 0.00415083766 -0.0940499753 -1.1102231E-18
v 0.00463270769 -0.09391656 0.0005
v 0.00358633325 -0.09143385 0.00025
v 0.00298379 -0.09053105 -1.1102231E-18
v 0.00344989076 -0.090350084 0.0005
v 0.00240172073 -0.08850481 0.00025
v 0.00150455907 -0.08721381 -1.1102231E-18
v 0.00195067 -0.086988 0.0005
v 0.00100355223 -0.08574095 0.00025
v -0.000244554132 -0.08413358 -1.1102231E-18
v 0.000177919865 -0.08386615 0.0005
v -0.000579915941 -0.0831614956 0.00025
v -0.00221757218 -0.08131563 -1.1102231E-18
v -0.00182176009 -0.08101012 0.0005
v -0.00231906585 -0.08078016 0.00025
v -0.00436743163 -0.07877524 -1.1102231E-18
v -0.004000671 -0.0784354061 0.0005
v -0.004000671 -0.0784354061 0.00196026312
v -0.004000671 -0.0784354061 0.0005
v -0.00640211627 -0.07606688 0.0005
v -0.006769363 -0.07574024 0.0012301316
v -0.00640211627 -0.07606688 0.00196026312
v -0.009097699 -0.07385567 0.0005
v -0.009097699 -0.07385567 0.00196026312
v -0.009920483 -0.07325959 0.0012301316
v -0.012075603 -0.07185051 0.0005
v -0.012075603 -0.07185051 0.00196026312
v -0.0134331975 -0.07106629 0.0012301316
v -0.0153138451 -0.0700997859 0.0005
v -0.0153138451 -0.0700997859 0.00196026312
v -0.0172690954 -0.06923133 0.0012301316
v -0.0187799726 -0.06864901 0.0005
v -0.0187799726 -0.06864901 0.00196026312
v -0.0213721357 -0.06781872 0.0012301316
v -0.0224315077 -0.06753796 0.0005
v -0.0224315077 -0.06753796 0.00196026312
v -0.0256704018 -0.06688014 0.0012301316
v -0.02621732 -0.06679808 0.0005
v -0.0300797448 -0.0664502457 0.0012301316
v -0.02621732 -0.06679808 0.00196026312
v -0.0300797448 -0.0664502457 0.0005
v -0.0300797448 -0.0664502457 0.00196026312
v -0.0339574441 -0.06650317 0.0005
v -0.0339574441 -0.06650317 0.00196026312
v -0.0345090181 -0.0665433556 0.0012301316
v -0.0377885774 -0.06695281 0.0005
v -0.0377885774 -0.06695281 0.00196026312
v -0.0388662443 -0.06715214 0.0012301316
v -0.0415140726 -0.06778277 0.0005
v -0.0415140726 -0.06778277 0.00196026312
v -0.04306488 -0.06824843 0.0012301316
v -0.04508055 -0.068965584 0.0005
v -0.04508055 -0.068965584 0.00196026312
v -0.04702929 -0.0697861761 0.0012301316
v -0.0484426245 -0.0704648048 0.0005
v -0.0484426245 -0.0704648048 0.00196026312
v -0.05069872 -0.07170582 0.0012301316
v -0.0515644774 -0.07223755 0.0005
v -0.0515644774 -0.07223755 0.00196026312
v -0.0540294759 -0.07393949 0.0012301316
v -0.05442051 -0.0742372349 0.0005
v -0.0569952242 -0.07641615 0.0012301316
v -0.05442051 -0.0742372349 0.00196026312
v -0.0569952242 -0.07641615 0.0005
v -0.0569952242 -0.07641615 0.00196026312
v -0.0593637452 -0.07881759 0.0005
v -0.0593637452 -0.07881759 0.00196026312
v -0.05969039 -0.07918484 0.0012301316
v -0.06157496 -0.0815131739 0.0005
v -0.06157496 -0.0815131739 0.00196026312
v -0.0621710345 -0.08233596 0.0012301316
v -0.0635801256 -0.0844910741 0.0005
v -0.0635801256 -0.0844910741 0.00196026312
v -0.063846916 -0.08493839 0.0012301316
v -0.06533084 -0.08772932 0.0005
v -0.06533084 -0.08772932 0.00196026312
v -0.06533084 -0.08772932 0.0012301316
v -0.06659432 -0.09068784 0.0012301316
v -0.0667816252 -0.09119545 0.0005
v -0.0667816252 -0.09119545 0.00196026312
v -0.0676119 -0.09378761 0.0012301316
v -0.06789267 -0.0948469862 0.0005
v -0.06789267 -0.0948469862 0.00196026312
v -0.0683625042 -0.09699744 0.0012301316
v -0.06863254 -0.0986328 0.0005
v -0.06863254 -0.0986328 0.00196026312
v -0.06883043 -0.100282267 0.0012301316
v -0.06898038 -0.102495223 0.0005
v -0.06898038 -0.102495223 0.00196026312
v -0.06900622 -0.1036043 0.0012301316
v -0.06892747 -0.106372923 0.0005
v -0.06892747 -0.106372923 0.00196026312
v -0.06888727 -0.106924489 0.0012301316
v -0.0684778243 -0.110204048 0.0005
v -0.0684778243 -0.110204048 0.00196026312
v -0.0684778243 -0.110204048 0.0012301316
v -0.06778878 -0.113405906 0.0012301316
v -0.06764786 -0.113929547 0.0005
v -0.06764786 -0.113929547 0.00196026312
v -0.06683701 -0.116496071 0.0012301316
v -0.06646505 -0.117496021 0.0005
v -0.06646505 -0.117496021 0.00196026312
v -0.06564446 -0.119444765 0.0012301316
v -0.06496583 -0.1208581 0.0005
v -0.06496583 -0.1208581 0.00196026312
v -0.06423691 -0.122227177 0.0012301316
v -0.0631930754 -0.123979956 0.0005
v -0.0631930754 -0.123979956 0.00196026312
v -0.0626428053 -0.124823943 0.0012301316
v -0.0611933954 -0.126835987 0.0005
v -0.0611933954 -0.126835987 0.00196026312
v -0.06089199 -0.127221271 0.0012301316
v -0.0590144843 -0.1294107 0.0005
v -0.0590144843 -0.1294107 0.00196026312
v -0.05661304 -0.131779224 0.0005
v -0.0562457927 -0.132105872 0.0012301316
v -0.05661304 -0.131779224 0.00196026312
v -0.0539174564 -0.133990437 0.0005
v -0.0539174564 -0.133990437 0.00196026312
v -0.05309467 -0.134586513 0.0012301316
v -0.0509395525 -0.1359956 0.0005
v -0.0509395525 -0.1359956 0.00196026312
v -0.04958196 -0.136779815 0.0012301316
v -0.04770131 -0.137746319 0.0005
v -0.04770131 -0.137746319 0.00196026312
v -0.04574606 -0.138614774 0.0012301316
v -0.0442351848 -0.1391971 0.0005
v -0.0442351848 -0.1391971 0.00196026312
v -0.04164302 -0.140027374 0.0012301316
v -0.0405836478 -0.140308142 0.0005
v -0.0405836478 -0.140308142 0.00196026312
v -0.0373447537 -0.140965968 0.0012301316
v -0.0367978364 -0.141048014 0.0005
v -0.03293541 -0.141395867 0.0012301316
v -0.0367978364 -0.141048014 0.00196026312
v -0.03293541 -0.141395867 0.0005
v -0.03293541 -0.141395867 0.00196026312
v -0.0290577114 -0.141342938 0.0005
v -0.0290577114 -0.141342938 0.00196026312
v -0.0285061374 -0.14130275 0.0012301316
v -0.0252265781 -0.1408933 0.0005
v -0.0252265781 -0.1408933 0.00196026312
v -0.0241489112 -0.140693963 0.0012301316
v -0.0215010829 -0.140063345 0.0005
v -0.0215010829 -0.140063345 0.00196026312
v -0.0199502744 -0.139597684 0.0012301316
v -0.0179346055 -0.138880521 0.0005
v -0.0179346055 -0.138880521 0.00196026312
v -0.0159858651 -0.138059929 0.0012301316
v -0.014572531 -0.1373813 0.0005
v -0.014572531 -0.1373813 0.00196026312
v -0.0123164356 -0.136140287 0.0012301316
v -0.0114506781 -0.135608554 0.0005
v -0.0114506781 -0.135608554 0.00196026312
v -0.00898568 -0.133906618 0.0012301316
v -0.008594647 -0.133608878 0.0005
v -0.00601993129 -0.131429955 0.0012301316
v -0.008594647 -0.133608878 0.00196026312
v -0.00601993129 -0.131429955 0.0005
v -0.00601993129 -0.131429955 0.00196026312
v -0.00365141034 -0.129028514 0.0005
v -0.00365141034 -0.129028514 0.00196026312
v -0.00332476571 -0.128661275 0.0012301316
v -0.00144019723 -0.126332939 0.0005
v -0.00144019723 -0.126332939 0.00196026312
v -0.000844121 -0.125510141 0.0012301316
v 0.0005649701 -0.123355031 0.0005
v 0.0005649701 -0.123355031 0.00196026312
v 0.000831756741 -0.122907713 0.0012301316
v 0.00231568515 -0.120116785 0.0005
v 0.00231568515 -0.120116785 0.00196026312
v 0.00231568515 -0.120116785 0.0012301316
v 0.00357915834 -0.117158264 0.0012301316
v 0.003766466 -0.116650656 0.0005
v 0.003766466 -0.116650656 0.00196026312
v 0.004596751 -0.114058495 0.0012301316
v 0.004877515 -0.112999119 0.0005
v 0.004877515 -0.112999119 0.00196026312
v 0.00534735247 -0.110848665 0.0012301316
v 0.00561739132 -0.109213307 0.0005
v 0.00561739132 -0.109213307 0.00196026312
v 0.00581527129 -0.107563838 0.0012301316
v 0.005965229 -0.105350882 0.0005
v 0.005965229 -0.105350882 0.00196026312
v 0.00599106774 -0.1042418 0.0012301316
v 0.00591231138 -0.101473182 0.0005
v 0.00591231138 -0.101473182 0.00196026312
v 0.00587211549 -0.100921616 0.0012301316
v 0.005462665 -0.09764206 0.0005
v 0.005462665 -0.09764206 0.00196026312
v 0.005462665 -0.09764206 0.0012301316
v 0.00477362424 -0.0944402 0.0012301316
v 0.00463270769 -0.09391656 0.0005
v 0.00463270769 -0.09391656 0.00196026312
v 0.003821861 -0.0913500339 0.0012301316
v 0.00344989076 -0.090350084 0.0005
v 0.00344989076 -0.090350084 0.00196026312
v 0.00262929872 -0.08840134 0.0012301316
v 0.00195067 -0.086988 0.0005
v 0.00195067 -0.086988 0.00196026312
v 0.00122174993 -0.08561893 0.0012301316
v 0.000177919865 -0.08386615 0.0005
v 0.000177919865 -0.08386615 0.00196026312
v -0.000372348353 -0.08302216 0.0012301316
v -0.00182176009 -0.08101012 0.0005
v -0.00182176009 -0.08101012 0.00196026312
v -0.00212316588 -0.08062484 0.0012301316
v -0.004000671 -0.0784354061 0.0005
v -0.004000671 -0.0784354061 0.00196026312
v -0.03680374 -0.112920314 0.00500000035
v -0.0167534612 -0.13455908 0.00500000035
v -0.03680374 -0.112920314 0.002
v -0.0167534612 -0.13455908 0.0005
v -0.0408817641 -0.108519204 0.002
v -0.0609320439 -0.0868804455 0.0005
v -0.0609320439 -0.0868804455 0.00500000035
v -0.0408817641 -0.108519204 0.00500000035
v -0.048138503 -0.1104717 0.00500000035
v -0.048138503 -0.1104717 0.00250000018
v -0.04832236 -0.110232748 0.00250000018
v -0.04834576 -0.110194653 0.00375000015
v -0.04832236 -0.110232748 0.00500000035
v -0.04846633 -0.109947458 0.00250000018
v -0.04846633 -0.109947458 0.00500000035
v -0.04849788 -0.109858766 0.00375000015
v -0.04855489 -0.109626614 0.00250000018
v -0.04855489 -0.109626614 0.00500000035
v -0.0485729054 -0.109482311 0.00375000015
v -0.0485770032 -0.109287426 0.00250000018
v -0.0485770032 -0.109287426 0.00500000035
v -0.0485580862 -0.109093413 0.00375000015
v -0.04852914 -0.1089509 0.00250000018
v -0.04852914 -0.1089509 0.00500000035
v -0.0484546348 -0.108723752 0.00375000015
v -0.04841642 -0.10863772 0.00250000018
v -0.04841642 -0.10863772 0.00500000035
v -0.048277393 -0.108400419 0.00375000015
v -0.0482511669 -0.108364217 0.00250000018
v -0.0480496548 -0.108139947 0.00375000015
v -0.0482511669 -0.108364217 0.00500000035
v -0.0480496548 -0.108139947 0.00250000018
v -0.0480496548 -0.108139947 0.00500000035
v -0.0478107035 -0.107956082 0.00250000018
v -0.0478107035 -0.107956082 0.00500000035
v -0.04777261 -0.107932687 0.00375000015
v -0.04752541 -0.107812122 0.00250000018
v -0.04752541 -0.107812122 0.00500000035
v -0.04752541 -0.107812122 0.00375000015
v -0.04725198 -0.107732326 0.00375000015
v -0.04720456 -0.107723556 0.00250000018
v -0.04720456 -0.107723556 0.00500000035
v -0.0469629653 -0.107700616 0.00375000015
v -0.0468653738 -0.107701443 0.00250000018
v -0.0468653738 -0.107701443 0.00500000035
v -0.0466713645 -0.10772036 0.00375000015
v -0.0465288535 -0.107749306 0.00250000018
v -0.0465288535 -0.107749306 0.00500000035
v -0.0463906862 -0.107790254 0.00375000015
v -0.0462156758 -0.107862025 0.00250000018
v -0.0462156758 -0.107862025 0.00500000035
v -0.0461329259 -0.107904553 0.00375000015
v -0.045942165 -0.108027279 0.00250000018
v -0.045942165 -0.108027279 0.00500000035
v -0.04590698 -0.10805425 0.00375000015
v -0.045717895 -0.108228795 0.00250000018
v -0.045717895 -0.108228795 0.00500000035
v -0.0455340371 -0.108467743 0.00250000018
v -0.0455106422 -0.108505838 0.00375000015
v -0.0455340371 -0.108467743 0.00500000035
v -0.04539007 -0.108753033 0.00250000018
v -0.04539007 -0.108753033 0.00500000035
v -0.0453585163 -0.108841725 0.00375000015
v -0.04530151 -0.109073885 0.00250000018
v -0.04530151 -0.109073885 0.00500000035
v -0.0452834927 -0.109218188 0.00375000015
v -0.0452793948 -0.109413072 0.00250000018
v -0.0452793948 -0.109413072 0.00500000035
v -0.0452983081 -0.109607086 0.00375000015
v -0.0453272536 -0.109749593 0.00250000018
v -0.0453272536 -0.109749593 0.00500000035
v -0.0454017632 -0.109976739 0.00375000015
v -0.0454399772 -0.110062771 0.00250000018
v -0.0454399772 -0.110062771 0.00500000035
v -0.04557901 -0.110300079 0.00375000015
v -0.0456052348 -0.110336281 0.00250000018
v -0.0458067432 -0.110560551 0.00375000015
v -0.0456052348 -0.110336281 0.00500000035
v -0.0458067432 -0.110560551 0.00250000018
v -0.0458067432 -0.110560551 0.00500000035
v -0.0460457 -0.110744409 0.00250000018
v -0.0460457 -0.110744409 0.00500000035
v -0.04608379 -0.110767804 0.00375000015
v -0.04633099 -0.110888377 0.00250000018
v -0.04633099 -0.110888377 0.00500000035
v -0.04633099 -0.110888377 0.00375000015
v -0.0466044173 -0.110968165 0.00375000015
v -0.0466518328 -0.110976934 0.00250000018
v -0.0466518328 -0.110976934 0.00500000035
v -0.0468934327 -0.110999882 0.00375000015
v -0.0469910242 -0.110999055 0.00250000018
v -0.0469910242 -0.110999055 0.00500000035
v -0.0471850336 -0.110980138 0.00375000015
v -0.04732755 -0.110951193 0.00250000018
v -0.04732755 -0.110951193 0.00500000035
v -0.04746571 -0.110910244 0.00375000015
v -0.0476407222 -0.110838473 0.00250000018
v -0.0476407222 -0.110838473 0.00500000035
v -0.0477234721 -0.110795945 0.00375000015
v -0.0479142331 -0.110673212 0.00250000018
v -0.0479142331 -0.110673212 0.00500000035
v -0.04794942 -0.110646248 0.00375000015
v -0.048138503 -0.1104717 0.00250000018
v -0.048138503 -0.1104717 0.00500000035
v -0.0261329766 -0.09008159 0.00500000035
v -0.0261329766 -0.09008159 0.00250000018
v -0.0263168365 -0.08984263 0.00250000018
v -0.0263402313 -0.08980454 0.00375000015
v -0.0263168365 -0.08984263 0.00500000035
v -0.026460804 -0.08955734 0.00250000018
v -0.026460804 -0.08955734 0.00500000035
v -0.0264923554 -0.08946865 0.00375000015
v -0.0265493654 -0.0892365 0.00250000018
v -0.0265493654 -0.0892365 0.00500000035
v -0.02656738 -0.089092195 0.00375000015
v -0.0265714787 -0.0888973 0.00250000018
v -0.0265714787 -0.0888973 0.00500000035
v -0.0265525635 -0.08870329 0.00375000015
v -0.0265236162 -0.08856078 0.00250000018
v -0.0265236162 -0.08856078 0.00500000035
v -0.02644911 -0.08833364 0.00375000015
v -0.0264108963 -0.0882476047 0.00250000018
v -0.0264108963 -0.0882476047 0.00500000035
v -0.0262718685 -0.0880102962 0.00375000015
v -0.0262456387 -0.0879740939 0.00250000018
v -0.02604413 -0.0877498239 0.00375000015
v -0.0262456387 -0.0879740939 0.00500000035
v -0.02604413 -0.0877498239 0.00250000018
v -0.02604413 -0.0877498239 0.00500000035
v -0.025805179 -0.087565966 0.00250000018
v -0.025805179 -0.087565966 0.00500000035
v -0.0257670842 -0.08754257 0.00375000015
v -0.0255198851 -0.087422 0.00250000018
v -0.0255198851 -0.087422 0.00500000035
v -0.0255198851 -0.087422 0.00375000015
v -0.0252464563 -0.08734221 0.00375000015
v -0.025199037 -0.08733344 0.00250000018
v -0.025199037 -0.08733344 0.00500000035
v -0.02495744 -0.08731049 0.00375000015
v -0.02485985 -0.08731133 0.00250000018
v -0.02485985 -0.08731133 0.00500000035
v -0.02466584 -0.08733024 0.00375000015
v -0.0245233253 -0.08735918 0.00250000018
v -0.0245233253 -0.08735918 0.00500000035
v -0.0243851617 -0.08740014 0.00375000015
v -0.0242101513 -0.0874719 0.00250000018
v -0.0242101513 -0.0874719 0.00500000035
v -0.0241274014 -0.08751443 0.00375000015
v -0.02393664 -0.08763717 0.00250000018
v -0.02393664 -0.08763717 0.00500000035
v -0.0239014551 -0.08766413 0.00375000015
v -0.02371237 -0.08783867 0.00250000018
v -0.02371237 -0.08783867 0.00500000035
v -0.0235285126 -0.08807763 0.00250000018
v -0.023505114 -0.08811572 0.00375000015
v -0.0235285126 -0.08807763 0.00500000035
v -0.023384545 -0.08836292 0.00250000018
v -0.023384545 -0.08836292 0.00500000035
v -0.0233529918 -0.08845161 0.00375000015
v -0.0232959837 -0.08868377 0.00250000018
v -0.0232959837 -0.08868377 0.00500000035
v -0.0232779682 -0.0888280645 0.00375000015
v -0.02327387 -0.08902295 0.00250000018
v -0.02327387 -0.08902295 0.00500000035
v -0.0232927855 -0.08921696 0.00375000015
v -0.0233217329 -0.08935948 0.00250000018
v -0.0233217329 -0.08935948 0.00500000035
v -0.0233962387 -0.08958662 0.00375000015
v -0.0234344527 -0.0896726549 0.00250000018
v -0.0234344527 -0.0896726549 0.00500000035
v -0.0235734824 -0.08990996 0.00375000015
v -0.0235997085 -0.0899461657 0.00250000018
v -0.0238012187 -0.0901704356 0.00375000015
v -0.0235997085 -0.0899461657 0.00500000035
v -0.0238012187 -0.0901704356 0.00250000018
v -0.0238012187 -0.0901704356 0.00500000035
v -0.02404017 -0.09035429 0.00250000018
v -0.02404017 -0.09035429 0.00500000035
v -0.0240782648 -0.09037769 0.00375000015
v -0.0243254639 -0.09049825 0.00250000018
v -0.0243254639 -0.09049825 0.00500000035
v -0.0243254639 -0.09049825 0.00375000015
v -0.0245988928 -0.09057805 0.00375000015
v -0.02464631 -0.09058682 0.00250000018
v -0.02464631 -0.09058682 0.00500000035
v -0.0248879083 -0.09060977 0.00375000015
v -0.0249855 -0.09060893 0.00250000018
v -0.0249855 -0.09060893 0.00500000035
v -0.02517951 -0.0905900151 0.00375000015
v -0.02532202 -0.09056108 0.00250000018
v -0.02532202 -0.09056108 0.00500000035
v -0.0254601873 -0.09052012 0.00375000015
v -0.0256351978 -0.09044835 0.00250000018
v -0.0256351978 -0.09044835 0.00500000035
v -0.0257179476 -0.09040582 0.00375000015
v -0.0259087086 -0.0902830958 0.00250000018
v -0.0259087086 -0.0902830958 0.00500000035
v -0.0259438939 -0.0902561247 0.00375000015
v -0.0261329766 -0.09008159 0.00250000018
v -0.0261329766 -0.09008159 0.00500000035
v -0.0393027849 -0.120007433 0.00500000035
v -0.0393027849 -0.120007433 0.00250000018
v -0.0394866429 -0.119768478 0.00250000018
v -0.03951004 -0.119730383 0.00375000015
v -0.0394866429 -0.119768478 0.00500000035
v -0.03963061 -0.119483188 0.00250000018
v -0.03963061 -0.119483188 0.00500000035
v -0.0396621637 -0.119394496 0.00375000015
v -0.03971917 -0.119162336 0.00250000018
v -0.03971917 -0.119162336 0.00500000035
v -0.0397371873 -0.119018041 0.00375000015
v -0.0397412851 -0.118823156 0.00250000018
v -0.0397412851 -0.118823156 0.00500000035
v -0.0397223681 -0.118629143 0.00375000015
v -0.0396934226 -0.118486628 0.00250000018
v -0.0396934226 -0.118486628 0.00500000035
v -0.0396189168 -0.118259482 0.00375000015
v -0.0395807028 -0.11817345 0.00250000018
v -0.0395807028 -0.11817345 0.00500000035
v -0.0394416749 -0.117936142 0.00375000015
v -0.03941545 -0.117899939 0.00250000018
v -0.0392139368 -0.117675669 0.00375000015
v -0.03941545 -0.117899939 0.00500000035
v -0.0392139368 -0.117675669 0.00250000018
v -0.0392139368 -0.117675669 0.00500000035
v -0.0389749855 -0.117491812 0.00250000018
v -0.0389749855 -0.117491812 0.00500000035
v -0.03893689 -0.117468417 0.00375000015
v -0.03868969 -0.117347851 0.00250000018
v -0.03868969 -0.117347851 0.00500000035
v -0.03868969 -0.117347851 0.00375000015
v -0.0384162627 -0.117268056 0.00375000015
v -0.0383688435 -0.117259286 0.00250000018
v -0.0383688435 -0.117259286 0.00500000035
v -0.0381272472 -0.117236339 0.00375000015
v -0.0380296558 -0.117237173 0.00250000018
v -0.0380296558 -0.117237173 0.00500000035
v -0.0378356464 -0.11725609 0.00375000015
v -0.0376931354 -0.117285028 0.00250000018
v -0.0376931354 -0.117285028 0.00500000035
v -0.03755497 -0.117325984 0.00375000015
v -0.0373799577 -0.117397755 0.00250000018
v -0.0373799577 -0.117397755 0.00500000035
v -0.0372972079 -0.117440283 0.00375000015
v -0.0371064469 -0.117563009 0.00250000018
v -0.0371064469 -0.117563009 0.00500000035
v -0.03707126 -0.11758998 0.00375000015
v -0.036882177 -0.117764518 0.00250000018
v -0.036882177 -0.117764518 0.00500000035
v -0.03669832 -0.118003473 0.00250000018
v -0.0366749242 -0.118041568 0.00375000015
v -0.03669832 -0.118003473 0.00500000035
v -0.03655435 -0.118288763 0.00250000018
v -0.03655435 -0.118288763 0.00500000035
v -0.0365228 -0.118377455 0.00375000015
v -0.03646579 -0.118609607 0.00250000018
v -0.03646579 -0.118609607 0.00500000035
v -0.0364477746 -0.11875391 0.00375000015
v -0.0364436768 -0.1189488 0.00250000018
v -0.0364436768 -0.1189488 0.00500000035
v -0.03646259 -0.119142815 0.00375000015
v -0.03649154 -0.119285323 0.00250000018
v -0.03649154 -0.119285323 0.00500000035
v -0.0365660451 -0.119512469 0.00375000015
v -0.03660426 -0.1195985 0.00250000018
v -0.03660426 -0.1195985 0.00500000035
v -0.036743287 -0.119835809 0.00375000015
v -0.0367695168 -0.119872011 0.00250000018
v -0.0369710252 -0.120096281 0.00375000015
v -0.0367695168 -0.119872011 0.00500000035
v -0.0369710252 -0.120096281 0.00250000018
v -0.0369710252 -0.120096281 0.00500000035
v -0.0372099765 -0.120280139 0.00250000018
v -0.0372099765 -0.120280139 0.00500000035
v -0.03724807 -0.120303534 0.00375000015
v -0.03749527 -0.120424107 0.00250000018
v -0.03749527 -0.120424107 0.00500000035
v -0.03749527 -0.120424107 0.00375000015
v -0.0377687 -0.120503895 0.00375000015
v -0.03781612 -0.120512664 0.00250000018
v -0.03781612 -0.120512664 0.00500000035
v -0.0380577147 -0.120535612 0.00375000015
v -0.0381553061 -0.120534778 0.00250000018
v -0.0381553061 -0.120534778 0.00500000035
v -0.0383493155 -0.120515868 0.00375000015
v -0.03849183 -0.120486923 0.00250000018
v -0.03849183 -0.120486923 0.00500000035
v -0.0386299938 -0.120445967 0.00375000015
v -0.0388050042 -0.1203742 0.00250000018
v -0.0388050042 -0.1203742 0.00500000035
v -0.0388877541 -0.120331675 0.00375000015
v -0.039078515 -0.120208934 0.00250000018
v -0.039078515 -0.120208934 0.00500000035
v -0.0391137 -0.120181978 0.00375000015
v -0.0393027849 -0.120007433 0.00250000018
v -0.0393027849 -0.120007433 0.00500000035
v -0.01729726 -0.09961731 0.00500000035
v -0.01729726 -0.09961731 0.00250000018
v -0.0174811184 -0.09937836 0.00250000018
v -0.0175045133 -0.09934027 0.00375000015
v -0.0174811184 -0.09937836 0.00500000035
v -0.017625086 -0.09909307 0.00250000018
v -0.017625086 -0.09909307 0.00500000035
v -0.01765664 -0.09900438 0.00375000015
v -0.0177136473 -0.09877222 0.00250000018
v -0.0177136473 -0.09877222 0.00500000035
v -0.0177316628 -0.09862792 0.00375000015
v -0.01773576 -0.09843303 0.00250000018
v -0.01773576 -0.09843303 0.00500000035
v -0.0177168455 -0.09823902 0.00375000015
v -0.0176879 -0.09809651 0.00250000018
v -0.0176879 -0.09809651 0.00500000035
v -0.0176133923 -0.09786937 0.00375000015
v -0.0175751783 -0.0977833346 0.00250000018
v -0.0175751783 -0.0977833346 0.00500000035
v -0.0174361486 -0.0975460261 0.00375000015
v -0.01740992 -0.0975098237 0.00250000018
v -0.0172084123 -0.0972855538 0.00375000015
v -0.01740992 -0.0975098237 0.00500000035
v -0.0172084123 -0.0972855538 0.00250000018
v -0.0172084123 -0.0972855538 0.00500000035
v -0.01696946 -0.0971016958 0.00250000018
v -0.01696946 -0.0971016958 0.00500000035
v -0.0169313662 -0.0970783 0.00375000015
v -0.0166841671 -0.09695773 0.00250000018
v -0.0166841671 -0.09695773 0.00500000035
v -0.0166841671 -0.09695773 0.00375000015
v -0.0164107382 -0.09687794 0.00375000015
v -0.01636332 -0.09686917 0.00250000018
v -0.01636332 -0.09686917 0.00500000035
v -0.01612172 -0.09684622 0.00375000015
v -0.0160241313 -0.09684705 0.00250000018
v -0.0160241313 -0.09684705 0.00500000035
v -0.01583012 -0.09686597 0.00375000015
v -0.0156876072 -0.09689491 0.00250000018
v -0.0156876072 -0.09689491 0.00500000035
v -0.0155494437 -0.09693586 0.00375000015
v -0.0153744332 -0.09700763 0.00250000018
v -0.0153744332 -0.09700763 0.00500000035
v -0.0152916834 -0.09705016 0.00375000015
v -0.0151009224 -0.09717289 0.00250000018
v -0.0151009224 -0.09717289 0.00500000035
v -0.0150657371 -0.09719986 0.00375000015
v -0.0148766525 -0.0973744 0.00250000018
v -0.0148766525 -0.0973744 0.00500000035
v -0.0146927945 -0.09761336 0.00250000018
v -0.014669396 -0.09765145 0.00375000015
v -0.0146927945 -0.09761336 0.00500000035
v -0.014548827 -0.09789865 0.00250000018
v -0.014548827 -0.09789865 0.00500000035
v -0.0145172738 -0.09798734 0.00375000015
v -0.0144602656 -0.09821949 0.00250000018
v -0.0144602656 -0.09821949 0.00500000035
v -0.01444225 -0.0983637944 0.00375000015
v -0.0144381523 -0.09855868 0.00250000018
v -0.0144381523 -0.09855868 0.00500000035
v -0.0144570675 -0.09875269 0.00375000015
v -0.014486013 -0.09889521 0.00250000018
v -0.014486013 -0.09889521 0.00500000035
v -0.0145605206 -0.09912235 0.00375000015
v -0.0145987328 -0.0992083848 0.00250000018
v -0.0145987328 -0.0992083848 0.00500000035
v -0.0147377644 -0.0994456857 0.00375000015
v -0.01476399 -0.09948189 0.00250000018
v -0.0149655007 -0.09970616 0.00375000015
v -0.01476399 -0.09948189 0.00500000035
v -0.0149655007 -0.09970616 0.00250000018
v -0.0149655007 -0.09970616 0.00500000035
v -0.015204452 -0.09989002 0.00250000018
v -0.015204452 -0.09989002 0.00500000035
v -0.0152425468 -0.09991342 0.00375000015
v -0.0154897459 -0.100033984 0.00250000018
v -0.0154897459 -0.100033984 0.00500000035
v -0.0154897459 -0.100033984 0.00375000015
v -0.0157631747 -0.100113779 0.00375000015
v -0.0158105921 -0.100122549 0.00250000018
v -0.0158105921 -0.100122549 0.00500000035
v -0.01605219 -0.100145489 0.00375000015
v -0.0161497816 -0.100144662 0.00250000018
v -0.0161497816 -0.100144662 0.00500000035
v -0.016343791 -0.100125745 0.00375000015
v -0.016486302 -0.1000968 0.00250000018
v -0.016486302 -0.1000968 0.00500000035
v -0.01662447 -0.100055851 0.00375000015
v -0.01679948 -0.09998408 0.00250000018
v -0.01679948 -0.09998408 0.00500000035
v -0.01688223 -0.09994155 0.00375000015
v -0.01707299 -0.0998188257 0.00250000018
v -0.01707299 -0.0998188257 0.00500000035
v -0.0171081759 -0.0997918546 0.00375000015
v -0.01729726 -0.09961731 0.00250000018
v -0.01729726 -0.09961731 0.00500000035
v -0.004723355 -0.113187388 0.00500000035
v -0.004723355 -0.113187388 0.00250000018
v -0.004907213 -0.112948433 0.00250000018
v -0.00493061 -0.112910338 0.00375000015
v -0.004907213 -0.112948433 0.00500000035
v -0.005051179 -0.112663142 0.00250000018
v -0.005051179 -0.112663142 0.00500000035
v -0.005082732 -0.112574451 0.00375000015
v -0.005139742 -0.1123423 0.00250000018
v -0.005139742 -0.1123423 0.00500000035
v -0.00515775569 -0.112197995 0.00375000015
v -0.00516185164 -0.11200311 0.00250000018
v -0.00516185164 -0.11200311 0.00500000035
v -0.005142942 -0.11180909 0.00375000015
v -0.0051139947 -0.111666583 0.00250000018
v -0.0051139947 -0.111666583 0.00500000035
v -0.005039485 -0.111439437 0.00375000015
v -0.005001273 -0.111353405 0.00250000018
v -0.005001273 -0.111353405 0.00500000035
v -0.004862245 -0.1111161 0.00375000015
v -0.00483601168 -0.1110799 0.00250000018
v -0.004634509 -0.110855624 0.00375000015
v -0.00483601168 -0.1110799 0.00500000035
v -0.004634509 -0.110855624 0.00250000018
v -0.004634509 -0.110855624 0.00500000035
v -0.00439555 -0.110671774 0.00250000018
v -0.00439555 -0.110671774 0.00500000035
v -0.004357461 -0.110648371 0.00375000015
v -0.004110262 -0.110527806 0.00250000018
v -0.004110262 -0.110527806 0.00500000035
v -0.004110262 -0.110527806 0.00375000015
v -0.003836833 -0.11044801 0.00375000015
v -0.00378941558 -0.110439241 0.00250000018
v -0.00378941558 -0.110439241 0.00500000035
v -0.00354781374 -0.110416293 0.00375000015
v -0.00345022231 -0.110417128 0.00250000018
v -0.00345022231 -0.110417128 0.00500000035
v -0.003256213 -0.110436045 0.00375000015
v -0.0031137038 -0.11046499 0.00250000018
v -0.0031137038 -0.11046499 0.00500000035
v -0.00297553465 -0.110505939 0.00375000015
v -0.002800526 -0.1105777 0.00250000018
v -0.002800526 -0.1105777 0.00500000035
v -0.002717778 -0.11062023 0.00375000015
v -0.00252701715 -0.110742971 0.00250000018
v -0.00252701715 -0.110742971 0.00500000035
v -0.00249183178 -0.110769935 0.00375000015
v -0.00230274722 -0.11094448 0.00250000018
v -0.00230274722 -0.11094448 0.00500000035
v -0.00211888924 -0.111183427 0.00250000018
v -0.00209549069 -0.111221522 0.00375000015
v -0.00211888924 -0.111183427 0.00500000035
v -0.00197492167 -0.111468717 0.00250000018
v -0.00197492167 -0.111468717 0.00500000035
v -0.00194336846 -0.111557409 0.00375000015
v -0.00188636035 -0.111789569 0.00250000018
v -0.00188636035 -0.111789569 0.00500000035
v -0.00186834484 -0.111933865 0.00375000015
v -0.001864247 -0.112128749 0.00250000018
v -0.001864247 -0.112128749 0.00500000035
v -0.00188316032 -0.112322763 0.00375000015
v -0.00191210583 -0.112465277 0.00250000018
v -0.00191210583 -0.112465277 0.00500000035
v -0.00198661536 -0.112692423 0.00375000015
v -0.00202482939 -0.112778455 0.00250000018
v -0.00202482939 -0.112778455 0.00500000035
v -0.00216385722 -0.113015763 0.00375000015
v -0.002190087 -0.113051966 0.00250000018
v -0.00239159353 -0.113276236 0.00375000015
v -0.002190087 -0.113051966 0.00500000035
v -0.00239159353 -0.113276236 0.00250000018
v -0.00239159353 -0.113276236 0.00500000035
v -0.00263054855 -0.113460094 0.00250000018
v -0.00263054855 -0.113460094 0.00500000035
v -0.00266864151 -0.113483489 0.00375000015
v -0.0029158406 -0.113604061 0.00250000018
v -0.0029158406 -0.113604061 0.00500000035
v -0.0029158406 -0.113604061 0.00375000015
v -0.00318926945 -0.11368385 0.00375000015
v -0.003236685 -0.113692619 0.00250000018
v -0.003236685 -0.113692619 0.00500000035
v -0.003478285 -0.113715567 0.00375000015
v -0.00357587636 -0.113714732 0.00250000018
v -0.00357587636 -0.113714732 0.00500000035
v -0.00376988761 -0.113695815 0.00375000015
v -0.00391239859 -0.113666877 0.00250000018
v -0.00391239859 -0.113666877 0.00500000035
v -0.004050564 -0.113625929 0.00375000015
v -0.00422557443 -0.113554157 0.00250000018
v -0.00422557443 -0.113554157 0.00500000035
v -0.00430832058 -0.113511629 0.00375000015
v -0.00449908525 -0.113388896 0.00250000018
v -0.00449908525 -0.113388896 0.00500000035
v -0.00453427061 -0.113361925 0.00375000015
v -0.004723355 -0.113187388 0.00250000018
v -0.004723355 -0.113187388 0.00500000035
v -0.0387068838 -0.07651151 0.00500000035
v -0.0387068838 -0.07651151 0.00250000018
v -0.03889074 -0.07627256 0.00250000018
v -0.03891414 -0.07623447 0.00375000015
v -0.03889074 -0.07627256 0.00500000035
v -0.03903471 -0.0759872645 0.00250000018
v -0.03903471 -0.0759872645 0.00500000035
v -0.0390662625 -0.07589857 0.00375000015
v -0.0391232669 -0.07566642 0.00250000018
v -0.0391232669 -0.07566642 0.00500000035
v -0.0391412862 -0.0755221248 0.00375000015
v -0.03914538 -0.07532723 0.00250000018
v -0.03914538 -0.07532723 0.00500000035
v -0.03912647 -0.07513322 0.00375000015
v -0.0390975252 -0.0749907047 0.00250000018
v -0.0390975252 -0.0749907047 0.00500000035
v -0.0390230156 -0.0747635663 0.00375000015
v -0.0389848 -0.07467753 0.00250000018
v -0.0389848 -0.07467753 0.00500000035
v -0.0388457738 -0.074440226 0.00375000015
v -0.038819544 -0.07440402 0.00250000018
v -0.03861804 -0.07417975 0.00375000015
v -0.038819544 -0.07440402 0.00500000035
v -0.03861804 -0.07417975 0.00250000018
v -0.03861804 -0.07417975 0.00500000035
v -0.03837908 -0.0739958957 0.00250000018
v -0.03837908 -0.0739958957 0.00500000035
v -0.03834099 -0.07397249 0.00375000015
v -0.03809379 -0.07385193 0.00250000018
v -0.03809379 -0.07385193 0.00500000035
v -0.03809379 -0.07385193 0.00375000015
v -0.03782036 -0.07377214 0.00375000015
v -0.0377729461 -0.07376336 0.00250000018
v -0.0377729461 -0.07376336 0.00500000035
v -0.0375313461 -0.07374042 0.00375000015
v -0.03743375 -0.07374126 0.00250000018
v -0.03743375 -0.07374126 0.00500000035
v -0.03723974 -0.07376017 0.00375000015
v -0.03709723 -0.07378911 0.00250000018
v -0.03709723 -0.07378911 0.00500000035
v -0.036959067 -0.07383006 0.00375000015
v -0.0367840566 -0.07390183 0.00250000018
v -0.0367840566 -0.07390183 0.00500000035
v -0.03670131 -0.07394436 0.00375000015
v -0.0365105458 -0.07406709 0.00250000018
v -0.0365105458 -0.07406709 0.00500000035
v -0.03647536 -0.07409406 0.00375000015
v -0.0362862758 -0.0742685944 0.00250000018
v -0.0362862758 -0.0742685944 0.00500000035
v -0.0361024179 -0.07450755 0.00250000018
v -0.03607902 -0.0745456442 0.00375000015
v -0.0361024179 -0.07450755 0.00500000035
v -0.03595845 -0.07479285 0.00250000018
v -0.03595845 -0.07479285 0.00500000035
v -0.0359268971 -0.07488154 0.00375000015
v -0.0358698852 -0.07511369 0.00250000018
v -0.0358698852 -0.07511369 0.00500000035
v -0.0358518735 -0.0752579942 0.00375000015
v -0.0358477756 -0.07545288 0.00250000018
v -0.0358477756 -0.07545288 0.00500000035
v -0.03586669 -0.07564689 0.00375000015
v -0.0358956344 -0.07578941 0.00250000018
v -0.0358956344 -0.07578941 0.00500000035
v -0.035970144 -0.07601655 0.00375000015
v -0.036008358 -0.0761025846 0.00250000018
v -0.036008358 -0.0761025846 0.00500000035
v -0.0361473858 -0.0763398856 0.00375000015
v -0.03617362 -0.07637609 0.00250000018
v -0.03637512 -0.07660036 0.00375000015
v -0.03617362 -0.07637609 0.00500000035
v -0.03637512 -0.07660036 0.00250000018
v -0.03637512 -0.07660036 0.00500000035
v -0.03661408 -0.0767842159 0.00250000018
v -0.03661408 -0.0767842159 0.00500000035
v -0.03665217 -0.07680762 0.00375000015
v -0.03689937 -0.07692818 0.00250000018
v -0.03689937 -0.07692818 0.00500000035
v -0.03689937 -0.07692818 0.00375000015
v -0.0371727981 -0.07700798 0.00375000015
v -0.0372202136 -0.07701674 0.00250000018
v -0.0372202136 -0.07701674 0.00500000035
v -0.0374618173 -0.07703969 0.00375000015
v -0.037559405 -0.0770388544 0.00250000018
v -0.037559405 -0.0770388544 0.00500000035
v -0.0377534181 -0.0770199448 0.00375000015
v -0.0378959253 -0.076991 0.00250000018
v -0.0378959253 -0.076991 0.00500000035
v -0.0380340964 -0.07695004 0.00375000015
v -0.0382091068 -0.07687828 0.00250000018
v -0.0382091068 -0.07687828 0.00500000035
v -0.0382918529 -0.07683575 0.00375000015
v -0.0384826139 -0.0767130256 0.00250000018
v -0.0384826139 -0.0767130256 0.00500000035
v -0.0385178 -0.0766860545 0.00375000015
v -0.0387068838 -0.07651151 0.00250000018
v -0.0387068838 -0.07651151 0.00500000035
v -0.02672888 -0.133577511 0.00500000035
v -0.02672888 -0.133577511 0.00250000018
v -0.0269127376 -0.133338556 0.00250000018
v -0.0269361362 -0.133300453 0.00375000015
v -0.0269127376 -0.133338556 0.00500000035
v -0.0270567052 -0.133053258 0.00250000018
v -0.0270567052 -0.133053258 0.00500000035
v -0.0270882584 -0.132964566 0.00375000015
v -0.02714527 -0.132732421 0.00250000018
v -0.02714527 -0.132732421 0.00500000035
v -0.027163282 -0.132588118 0.00375000015
v -0.02716738 -0.132393226 0.00250000018
v -0.02716738 -0.132393226 0.00500000035
v -0.0271484666 -0.132199213 0.00375000015
v -0.0271195211 -0.1320567 0.00250000018
v -0.0271195211 -0.1320567 0.00500000035
v -0.0270450115 -0.13182956 0.00375000015
v -0.0270067975 -0.13174352 0.00250000018
v -0.0270067975 -0.13174352 0.00500000035
v -0.02686777 -0.13150622 0.00375000015
v -0.0268415362 -0.131470025 0.00250000018
v -0.0266400352 -0.131245747 0.00375000015
v -0.0268415362 -0.131470025 0.00500000035
v -0.0266400352 -0.131245747 0.00250000018
v -0.0266400352 -0.131245747 0.00500000035
v -0.0264010765 -0.131061882 0.00250000018
v -0.0264010765 -0.131061882 0.00500000035
v -0.0263629854 -0.131038487 0.00375000015
v -0.0261157863 -0.130917922 0.00250000018
v -0.0261157863 -0.130917922 0.00500000035
v -0.0261157863 -0.130917922 0.00375000015
v -0.0258423574 -0.130838126 0.00375000015
v -0.0257949419 -0.130829364 0.00250000018
v -0.0257949419 -0.130829364 0.00500000035
v -0.0255533382 -0.130806416 0.00375000015
v -0.02545575 -0.130807251 0.00250000018
v -0.02545575 -0.130807251 0.00500000035
v -0.0252617374 -0.13082616 0.00375000015
v -0.02511923 -0.130855113 0.00250000018
v -0.02511923 -0.130855113 0.00500000035
v -0.02498106 -0.130896062 0.00375000015
v -0.0248060487 -0.130967826 0.00250000018
v -0.0248060487 -0.130967826 0.00500000035
v -0.0247233026 -0.131010354 0.00375000015
v -0.0245325416 -0.13113308 0.00250000018
v -0.0245325416 -0.13113308 0.00500000035
v -0.0244973563 -0.131160051 0.00375000015
v -0.0243082717 -0.1313346 0.00250000018
v -0.0243082717 -0.1313346 0.00500000035
v -0.0241244137 -0.131573543 0.00250000018
v -0.0241010152 -0.131611645 0.00375000015
v -0.0241244137 -0.131573543 0.00500000035
v -0.0239804462 -0.131858841 0.00250000018
v -0.0239804462 -0.131858841 0.00500000035
v -0.023948893 -0.131947532 0.00375000015
v -0.0238918886 -0.132179677 0.00250000018
v -0.0238918886 -0.132179677 0.00500000035
v -0.02387387 -0.13232398 0.00375000015
v -0.0238697752 -0.132518873 0.00250000018
v -0.0238697752 -0.132518873 0.00500000035
v -0.0238886848 -0.132712886 0.00375000015
v -0.02391763 -0.1328554 0.00250000018
v -0.02391763 -0.1328554 0.00500000035
v -0.02399214 -0.133082539 0.00375000015
v -0.0240303539 -0.133168578 0.00250000018
v -0.0240303539 -0.133168578 0.00500000035
v -0.0241693817 -0.133405879 0.00375000015
v -0.0241956115 -0.133442074 0.00250000018
v -0.0243971162 -0.133666351 0.00375000015
v -0.0241956115 -0.133442074 0.00500000035
v -0.0243971162 -0.133666351 0.00250000018
v -0.0243971162 -0.133666351 0.00500000035
v -0.0246360749 -0.133850217 0.00250000018
v -0.0246360749 -0.133850217 0.00500000035
v -0.024674166 -0.133873612 0.00375000015
v -0.0249213651 -0.133994177 0.00250000018
v -0.0249213651 -0.133994177 0.00500000035
v -0.0249213651 -0.133994177 0.00375000015
v -0.0251947939 -0.134073973 0.00375000015
v -0.02524221 -0.134082735 0.00250000018
v -0.02524221 -0.134082735 0.00500000035
v -0.02548381 -0.134105682 0.00375000015
v -0.0255814046 -0.134104848 0.00250000018
v -0.0255814046 -0.134104848 0.00500000035
v -0.025775414 -0.134085938 0.00375000015
v -0.0259179249 -0.134056985 0.00250000018
v -0.0259179249 -0.134056985 0.00500000035
v -0.0260560885 -0.134016037 0.00375000015
v -0.0262310989 -0.133944273 0.00250000018
v -0.0262310989 -0.133944273 0.00500000035
v -0.0263138451 -0.133901745 0.00375000015
v -0.02650461 -0.133779019 0.00250000018
v -0.02650461 -0.133779019 0.00500000035
v -0.0265397951 -0.133752048 0.00375000015
v -0.02672888 -0.133577511 0.00250000018
v -0.02672888 -0.133577511 0.00500000035
v -0.06071241 -0.0969016254 0.00500000035
v -0.06071241 -0.0969016254 0.00250000018
v -0.0608962663 -0.09666268 0.00250000018
v -0.0609196648 -0.09662458 0.00375000015
v -0.0608962663 -0.09666268 0.00500000035
v -0.0610402338 -0.09637739 0.00250000018
v -0.0610402338 -0.09637739 0.00500000035
v -0.061071787 -0.0962886959 0.00375000015
v -0.0611287951 -0.0960565358 0.00250000018
v -0.0611287951 -0.0960565358 0.00500000035
v -0.06114681 -0.09591224 0.00375000015
v -0.06115091 -0.0957173556 0.00250000018
v -0.06115091 -0.0957173556 0.00500000035
v -0.0611319952 -0.09552334 0.00375000015
v -0.06110305 -0.09538083 0.00250000018
v -0.06110305 -0.09538083 0.00500000035
v -0.06102854 -0.09515368 0.00375000015
v -0.0609903261 -0.09506765 0.00250000018
v -0.0609903261 -0.09506765 0.00500000035
v -0.0608513 -0.09483034 0.00375000015
v -0.06082507 -0.09479414 0.00250000018
v -0.0606235638 -0.09456987 0.00375000015
v -0.06082507 -0.09479414 0.00500000035
v -0.0606235638 -0.09456987 0.00250000018
v -0.0606235638 -0.09456987 0.00500000035
v -0.06038461 -0.09438601 0.00250000018
v -0.06038461 -0.09438601 0.00500000035
v -0.060346514 -0.09436262 0.00375000015
v -0.0600993149 -0.0942420438 0.00250000018
v -0.0600993149 -0.0942420438 0.00500000035
v -0.0600993149 -0.0942420438 0.00375000015
v -0.059825886 -0.0941622555 0.00375000015
v -0.05977847 -0.0941534862 0.00250000018
v -0.05977847 -0.0941534862 0.00500000035
v -0.05953687 -0.09413054 0.00375000015
v -0.05943928 -0.09413137 0.00250000018
v -0.05943928 -0.09413137 0.00500000035
v -0.059245266 -0.09415029 0.00375000015
v -0.05910276 -0.09417923 0.00250000018
v -0.05910276 -0.09417923 0.00500000035
v -0.05896459 -0.09422018 0.00375000015
v -0.05878958 -0.09429195 0.00250000018
v -0.05878958 -0.09429195 0.00500000035
v -0.0587068349 -0.0943344757 0.00375000015
v -0.05851607 -0.09445721 0.00250000018
v -0.05851607 -0.09445721 0.00500000035
v -0.0584808849 -0.09448418 0.00375000015
v -0.0582918 -0.09465872 0.00250000018
v -0.0582918 -0.09465872 0.00500000035
v -0.0581079423 -0.09489767 0.00250000018
v -0.0580845475 -0.09493577 0.00375000015
v -0.0581079423 -0.09489767 0.00500000035
v -0.0579639748 -0.09518296 0.00250000018
v -0.0579639748 -0.09518296 0.00500000035
v -0.05793242 -0.0952716544 0.00375000015
v -0.0578754134 -0.09550381 0.00250000018
v -0.0578754134 -0.09550381 0.00500000035
v -0.0578574 -0.09564811 0.00375000015
v -0.0578533038 -0.0958429947 0.00250000018
v -0.0578533038 -0.0958429947 0.00500000035
v -0.0578722134 -0.0960370153 0.00375000015
v -0.05790116 -0.09617952 0.00250000018
v -0.05790116 -0.09617952 0.00500000035
v -0.0579756722 -0.09640667 0.00375000015
v -0.0580138825 -0.0964927 0.00250000018
v -0.0580138825 -0.0964927 0.00500000035
v -0.05815291 -0.09673001 0.00375000015
v -0.0581791438 -0.0967662 0.00250000018
v -0.05838065 -0.09699048 0.00375000015
v -0.0581791438 -0.0967662 0.00500000035
v -0.05838065 -0.09699048 0.00250000018
v -0.05838065 -0.09699048 0.00500000035
v -0.0586196035 -0.09717433 0.00250000018
v -0.0586196035 -0.09717433 0.00500000035
v -0.0586576946 -0.0971977338 0.00375000015
v -0.0589048937 -0.0973183 0.00250000018
v -0.0589048937 -0.0973183 0.00500000035
v -0.0589048937 -0.0973183 0.00375000015
v -0.0591783226 -0.0973980948 0.00375000015
v -0.059225738 -0.0974068642 0.00250000018
v -0.059225738 -0.0974068642 0.00500000035
v -0.05946734 -0.09742981 0.00375000015
v -0.0595649332 -0.09742898 0.00250000018
v -0.0595649332 -0.09742898 0.00500000035
v -0.0597589426 -0.09741006 0.00375000015
v -0.0599014536 -0.097381115 0.00250000018
v -0.0599014536 -0.097381115 0.00500000035
v -0.06003962 -0.09734017 0.00375000015
v -0.06021463 -0.0972684 0.00250000018
v -0.06021463 -0.0972684 0.00500000035
v -0.0602973774 -0.0972258747 0.00375000015
v -0.06048814 -0.0971031338 0.00250000018
v -0.06048814 -0.0971031338 0.00500000035
v -0.0605233237 -0.09707617 0.00375000015
v -0.06071241 -0.0969016254 0.00250000018
v -0.06071241 -0.0969016254 0.00500000035
v -0.0115200579 -0.105852209 0.00500000035
v -0.0115200579 -0.105852209 0.00250000018
v -0.01170392 -0.105613261 0.00250000018
v -0.0117273144 -0.105575167 0.00375000015
v -0.01170392 -0.105613261 0.00500000035
v -0.0118478835 -0.105327964 0.00250000018
v -0.0118478835 -0.105327964 0.00500000035
v -0.0118794385 -0.10523928 0.00375000015
v -0.0119364448 -0.105007119 0.00250000018
v -0.0119364448 -0.105007119 0.00500000035
v -0.0119544622 -0.104862817 0.00375000015
v -0.01195856 -0.104667932 0.00250000018
v -0.01195856 -0.104667932 0.00500000035
v -0.0119396448 -0.104473919 0.00375000015
v -0.0119106993 -0.104331411 0.00250000018
v -0.0119106993 -0.104331411 0.00500000035
v -0.01183619 -0.104104266 0.00375000015
v -0.0117979795 -0.104018234 0.00250000018
v -0.0117979795 -0.104018234 0.00500000035
v -0.0116589479 -0.103780925 0.00375000015
v -0.0116327219 -0.103744723 0.00250000018
v -0.0114312135 -0.103520453 0.00375000015
v -0.0116327219 -0.103744723 0.00500000035
v -0.0114312135 -0.103520453 0.00250000018
v -0.0114312135 -0.103520453 0.00500000035
v -0.0111922584 -0.103336595 0.00250000018
v -0.0111922584 -0.103336595 0.00500000035
v -0.0111541655 -0.1033132 0.00375000015
v -0.0109069683 -0.103192627 0.00250000018
v -0.0109069683 -0.103192627 0.00500000035
v -0.0109069683 -0.103192627 0.00375000015
v -0.0106335394 -0.103112839 0.00375000015
v -0.01058612 -0.10310407 0.00250000018
v -0.01058612 -0.10310407 0.00500000035
v -0.01034452 -0.103081122 0.00375000015
v -0.0102469306 -0.103081949 0.00250000018
v -0.0102469306 -0.103081949 0.00500000035
v -0.0100529194 -0.103100866 0.00375000015
v -0.009910408 -0.103129812 0.00250000018
v -0.009910408 -0.103129812 0.00500000035
v -0.009772243 -0.10317076 0.00375000015
v -0.009597231 -0.103242531 0.00250000018
v -0.009597231 -0.103242531 0.00500000035
v -0.009514485 -0.103285059 0.00375000015
v -0.009323724 -0.103407793 0.00250000018
v -0.009323724 -0.103407793 0.00500000035
v -0.00928853452 -0.103434756 0.00375000015
v -0.009099452 -0.1036093 0.00250000018
v -0.009099452 -0.1036093 0.00500000035
v -0.008915594 -0.103848256 0.00250000018
v -0.008892197 -0.103886344 0.00375000015
v -0.008915594 -0.103848256 0.00500000035
v -0.008771628 -0.104133546 0.00250000018
v -0.008771628 -0.104133546 0.00500000035
v -0.008740073 -0.104222238 0.00375000015
v -0.008683065 -0.104454391 0.00250000018
v -0.008683065 -0.104454391 0.00500000035
v -0.008665048 -0.104598694 0.00375000015
v -0.00866095 -0.104793578 0.00250000018
v -0.00866095 -0.104793578 0.00500000035
v -0.008679867 -0.104987592 0.00375000015
v -0.008708812 -0.105130106 0.00250000018
v -0.008708812 -0.105130106 0.00500000035
v -0.008783322 -0.105357252 0.00375000015
v -0.008821532 -0.105443284 0.00250000018
v -0.008821532 -0.105443284 0.00500000035
v -0.008960564 -0.105680585 0.00375000015
v -0.008986792 -0.105716787 0.00250000018
v -0.0091883 -0.105941057 0.00375000015
v -0.008986792 -0.105716787 0.00500000035
v -0.0091883 -0.105941057 0.00250000018
v -0.0091883 -0.105941057 0.00500000035
v -0.009427253 -0.106124915 0.00250000018
v -0.009427253 -0.106124915 0.00500000035
v -0.009465348 -0.106148317 0.00375000015
v -0.009712545 -0.106268883 0.00250000018
v -0.009712545 -0.106268883 0.00500000035
v -0.009712545 -0.106268883 0.00375000015
v -0.009985976 -0.106348678 0.00375000015
v -0.0100333914 -0.106357448 0.00250000018
v -0.0100333914 -0.106357448 0.00500000035
v -0.0102749914 -0.106380388 0.00375000015
v -0.0103725791 -0.106379561 0.00250000018
v -0.0103725791 -0.106379561 0.00500000035
v -0.01056659 -0.106360644 0.00375000015
v -0.0107091032 -0.1063317 0.00250000018
v -0.0107091032 -0.1063317 0.00500000035
v -0.0108472705 -0.10629075 0.00375000015
v -0.0110222809 -0.106218979 0.00250000018
v -0.0110222809 -0.106218979 0.00500000035
v -0.011105027 -0.106176451 0.00375000015
v -0.01129579 -0.106053725 0.00250000018
v -0.01129579 -0.106053725 0.00500000035
v -0.0113309771 -0.106026754 0.00375000015
v -0.0115200579 -0.105852209 0.00250000018
v -0.0115200579 -0.105852209 0.00500000035
v -0.03191018 -0.08384669 0.00500000035
v -0.03191018 -0.08384669 0.00250000018
v -0.03209404 -0.08360773 0.00250000018
v -0.0321174338 -0.08356964 0.00375000015
v -0.03209404 -0.08360773 0.00500000035
v -0.032238 -0.08332244 0.00250000018
v -0.032238 -0.08332244 0.00500000035
v -0.0322695561 -0.08323375 0.00375000015
v -0.0323265642 -0.0830016 0.00250000018
v -0.0323265642 -0.0830016 0.00500000035
v -0.03234458 -0.0828572959 0.00375000015
v -0.0323486775 -0.0826624 0.00250000018
v -0.0323486775 -0.0826624 0.00500000035
v -0.03232976 -0.08246839 0.00375000015
v -0.03230082 -0.08232588 0.00250000018
v -0.03230082 -0.08232588 0.00500000035
v -0.03222631 -0.08209874 0.00375000015
v -0.0321880952 -0.0820127055 0.00250000018
v -0.0321880952 -0.0820127055 0.00500000035
v -0.0320490673 -0.0817754 0.00375000015
v -0.0320228375 -0.0817392 0.00250000018
v -0.0318213329 -0.0815149248 0.00375000015
v -0.0320228375 -0.0817392 0.00500000035
v -0.0318213329 -0.0815149248 0.00250000018
v -0.0318213329 -0.0815149248 0.00500000035
v -0.0315823779 -0.08133107 0.00250000018
v -0.0315823779 -0.08133107 0.00500000035
v -0.031544283 -0.08130767 0.00375000015
v -0.0312970839 -0.0811871 0.00250000018
v -0.0312970839 -0.0811871 0.00500000035
v -0.0312970839 -0.0811871 0.00375000015
v -0.0310236569 -0.08110731 0.00375000015
v -0.03097624 -0.08109854 0.00250000018
v -0.03097624 -0.08109854 0.00500000035
v -0.03073464 -0.0810755938 0.00375000015
v -0.0306370482 -0.08107643 0.00250000018
v -0.0306370482 -0.08107643 0.00500000035
v -0.0304430388 -0.08109534 0.00375000015
v -0.0303005259 -0.08112429 0.00250000018
v -0.0303005259 -0.08112429 0.00500000035
v -0.03016236 -0.08116524 0.00375000015
v -0.0299873482 -0.081237 0.00250000018
v -0.0299873482 -0.081237 0.00500000035
v -0.0299046021 -0.08127953 0.00375000015
v -0.0297138412 -0.0814022645 0.00250000018
v -0.0297138412 -0.0814022645 0.00500000035
v -0.0296786539 -0.0814292356 0.00375000015
v -0.0294895712 -0.08160377 0.00250000018
v -0.0294895712 -0.08160377 0.00500000035
v -0.0293057133 -0.08184273 0.00250000018
v -0.0292823166 -0.08188082 0.00375000015
v -0.0293057133 -0.08184273 0.00500000035
v -0.0291617475 -0.08212802 0.00250000018
v -0.0291617475 -0.08212802 0.00500000035
v -0.02913019 -0.08221671 0.00375000015
v -0.0290731825 -0.08244887 0.00250000018
v -0.0290731825 -0.08244887 0.00500000035
v -0.029055167 -0.08259317 0.00375000015
v -0.02905107 -0.08278805 0.00250000018
v -0.02905107 -0.08278805 0.00500000035
v -0.0290699862 -0.08298206 0.00375000015
v -0.02909893 -0.08312458 0.00250000018
v -0.02909893 -0.08312458 0.00500000035
v -0.0291734412 -0.0833517238 0.00375000015
v -0.02921165 -0.0834377557 0.00250000018
v -0.02921165 -0.0834377557 0.00500000035
v -0.0293506831 -0.08367506 0.00375000015
v -0.02937691 -0.08371127 0.00250000018
v -0.02957842 -0.08393553 0.00375000015
v -0.02937691 -0.08371127 0.00500000035
v -0.02957842 -0.08393553 0.00250000018
v -0.02957842 -0.08393553 0.00500000035
v -0.0298173688 -0.0841193944 0.00250000018
v -0.0298173688 -0.0841193944 0.00500000035
v -0.0298554655 -0.08414279 0.00375000015
v -0.0301026627 -0.0842633545 0.00250000018
v -0.0301026627 -0.0842633545 0.00500000035
v -0.0301026627 -0.0842633545 0.00375000015
v -0.0303760916 -0.08434315 0.00375000015
v -0.030423509 -0.08435192 0.00250000018
v -0.030423509 -0.08435192 0.00500000035
v -0.0306651089 -0.08437486 0.00375000015
v -0.0307626985 -0.08437403 0.00250000018
v -0.0307626985 -0.08437403 0.00500000035
v -0.03095671 -0.0843551159 0.00375000015
v -0.0310992226 -0.08432618 0.00250000018
v -0.0310992226 -0.08432618 0.00500000035
v -0.031237388 -0.08428523 0.00375000015
v -0.0314124 -0.08421345 0.00250000018
v -0.0314124 -0.08421345 0.00500000035
v -0.0314951465 -0.08417092 0.00375000015
v -0.03168591 -0.0840482 0.00250000018
v -0.03168591 -0.0840482 0.00500000035
v -0.0317210965 -0.0840212256 0.00375000015
v -0.03191018 -0.08384669 0.00250000018
v -0.03191018 -0.08384669 0.00500000035
v -0.0335255861 -0.126242325 0.00500000035
v -0.0335255861 -0.126242325 0.00250000018
v -0.0337094441 -0.126003385 0.00250000018
v -0.03373284 -0.125965282 0.00375000015
v -0.0337094441 -0.126003385 0.00500000035
v -0.0338534079 -0.125718087 0.00250000018
v -0.0338534079 -0.125718087 0.00500000035
v -0.0338849649 -0.1256294 0.00375000015
v -0.033941973 -0.125397235 0.00250000018
v -0.033941973 -0.125397235 0.00500000035
v -0.03395999 -0.125252932 0.00375000015
v -0.0339640863 -0.125058055 0.00250000018
v -0.0339640863 -0.125058055 0.00500000035
v -0.03394517 -0.124864042 0.00375000015
v -0.0339162275 -0.124721527 0.00250000018
v -0.0339162275 -0.124721527 0.00500000035
v -0.0338417143 -0.124494381 0.00375000015
v -0.0338035077 -0.124408349 0.00250000018
v -0.0338035077 -0.124408349 0.00500000035
v -0.0336644724 -0.124171048 0.00375000015
v -0.0336382464 -0.124134839 0.00250000018
v -0.033436738 -0.123910576 0.00375000015
v -0.0336382464 -0.124134839 0.00500000035
v -0.033436738 -0.123910576 0.00250000018
v -0.033436738 -0.123910576 0.00500000035
v -0.0331977867 -0.123726711 0.00250000018
v -0.0331977867 -0.123726711 0.00500000035
v -0.0331596881 -0.123703316 0.00375000015
v -0.0329124928 -0.123582751 0.00250000018
v -0.0329124928 -0.123582751 0.00500000035
v -0.0329124928 -0.123582751 0.00375000015
v -0.0326390639 -0.123502955 0.00375000015
v -0.03259165 -0.123494186 0.00250000018
v -0.03259165 -0.123494186 0.00500000035
v -0.03235005 -0.123471245 0.00375000015
v -0.032252457 -0.123472072 0.00250000018
v -0.032252457 -0.123472072 0.00500000035
v -0.0320584476 -0.123490989 0.00375000015
v -0.0319159329 -0.123519927 0.00250000018
v -0.0319159329 -0.123519927 0.00500000035
v -0.03177777 -0.123560876 0.00375000015
v -0.0316027552 -0.123632655 0.00250000018
v -0.0316027552 -0.123632655 0.00500000035
v -0.03152001 -0.123675182 0.00375000015
v -0.0313292444 -0.123797908 0.00250000018
v -0.0313292444 -0.123797908 0.00500000035
v -0.03129406 -0.12382488 0.00375000015
v -0.0311049763 -0.123999417 0.00250000018
v -0.0311049763 -0.123999417 0.00500000035
v -0.0309211183 -0.124238372 0.00250000018
v -0.0308977216 -0.124276467 0.00375000015
v -0.0309211183 -0.124238372 0.00500000035
v -0.0307771545 -0.124523662 0.00250000018
v -0.0307771545 -0.124523662 0.00500000035
v -0.0307456 -0.124612354 0.00375000015
v -0.0306885913 -0.124844506 0.00250000018
v -0.0306885913 -0.124844506 0.00500000035
v -0.0306705739 -0.124988809 0.00375000015
v -0.030666478 -0.1251837 0.00250000018
v -0.030666478 -0.1251837 0.00500000035
v -0.0306853931 -0.125377715 0.00375000015
v -0.0307143368 -0.125520229 0.00250000018
v -0.0307143368 -0.125520229 0.00500000035
v -0.0307888463 -0.125747368 0.00375000015
v -0.0308270585 -0.125833392 0.00250000018
v -0.0308270585 -0.125833392 0.00500000035
v -0.03096609 -0.126070708 0.00375000015
v -0.0309923179 -0.1261069 0.00250000018
v -0.0311938245 -0.12633118 0.00375000015
v -0.0309923179 -0.1261069 0.00500000035
v -0.0311938245 -0.12633118 0.00250000018
v -0.0311938245 -0.12633118 0.00500000035
v -0.0314327776 -0.126515031 0.00250000018
v -0.0314327776 -0.126515031 0.00500000035
v -0.0314708725 -0.126538426 0.00375000015
v -0.03171807 -0.126659 0.00250000018
v -0.03171807 -0.126659 0.00500000035
v -0.03171807 -0.126659 0.00375000015
v -0.0319914967 -0.126738787 0.00375000015
v -0.0320389159 -0.126747563 0.00250000018
v -0.0320389159 -0.126747563 0.00500000035
v -0.0322805159 -0.126770511 0.00375000015
v -0.0323781073 -0.126769677 0.00250000018
v -0.0323781073 -0.126769677 0.00500000035
v -0.0325721167 -0.126750767 0.00375000015
v -0.0327146277 -0.126721814 0.00250000018
v -0.0327146277 -0.126721814 0.00500000035
v -0.032852795 -0.126680866 0.00375000015
v -0.0330278054 -0.1266091 0.00250000018
v -0.0330278054 -0.1266091 0.00500000035
v -0.03311055 -0.126566574 0.00375000015
v -0.0333013162 -0.126443833 0.00250000018
v -0.0333013162 -0.126443833 0.00500000035
v -0.0333365 -0.126416877 0.00375000015
v -0.0335255861 -0.126242325 0.00250000018
v -0.0335255861 -0.126242325 0.00500000035
v -0.0539157 -0.104236804 0.00500000035
v -0.0539157 -0.104236804 0.00250000018
v -0.05409956 -0.103997849 0.00250000018
v -0.05412296 -0.103959762 0.00375000015
v -0.05409956 -0.103997849 0.00500000035
v -0.0542435274 -0.103712559 0.00250000018
v -0.0542435274 -0.103712559 0.00500000035
v -0.05427508 -0.103623867 0.00375000015
v -0.0543320924 -0.103391714 0.00250000018
v -0.0543320924 -0.103391714 0.00500000035
v -0.0543501079 -0.103247412 0.00375000015
v -0.0543542057 -0.103052527 0.00250000018
v -0.0543542057 -0.103052527 0.00500000035
v -0.05433529 -0.102858514 0.00375000015
v -0.0543063432 -0.102716 0.00250000018
v -0.0543063432 -0.102716 0.00500000035
v -0.0542318337 -0.102488853 0.00375000015
v -0.0541936234 -0.102402821 0.00250000018
v -0.0541936234 -0.102402821 0.00500000035
v -0.05405459 -0.10216552 0.00375000015
v -0.054028362 -0.102129318 0.00250000018
v -0.0538268536 -0.101905048 0.00375000015
v -0.054028362 -0.102129318 0.00500000035
v -0.0538268536 -0.101905048 0.00250000018
v -0.0538268536 -0.101905048 0.00500000035
v -0.0535879023 -0.10172119 0.00250000018
v -0.0535879023 -0.10172119 0.00500000035
v -0.0535498075 -0.101697788 0.00375000015
v -0.05330261 -0.101577222 0.00250000018
v -0.05330261 -0.101577222 0.00500000035
v -0.05330261 -0.101577222 0.00375000015
v -0.05302918 -0.101497427 0.00375000015
v -0.0529817641 -0.101488657 0.00250000018
v -0.0529817641 -0.101488657 0.00500000035
v -0.0527401641 -0.101465717 0.00375000015
v -0.0526425764 -0.101466544 0.00250000018
v -0.0526425764 -0.101466544 0.00500000035
v -0.0524485633 -0.101485461 0.00375000015
v -0.0523060523 -0.101514407 0.00250000018
v -0.0523060523 -0.101514407 0.00500000035
v -0.052167885 -0.101555355 0.00375000015
v -0.0519928746 -0.101627126 0.00250000018
v -0.0519928746 -0.101627126 0.00500000035
v -0.05191013 -0.101669654 0.00375000015
v -0.0517193675 -0.10179238 0.00250000018
v -0.0517193675 -0.10179238 0.00500000035
v -0.05168418 -0.101819351 0.00375000015
v -0.0514950976 -0.101993896 0.00250000018
v -0.0514950976 -0.101993896 0.00500000035
v -0.0513112359 -0.102232844 0.00250000018
v -0.05128784 -0.102270938 0.00375000015
v -0.0513112359 -0.102232844 0.00500000035
v -0.051167272 -0.102518141 0.00250000018
v -0.051167272 -0.102518141 0.00500000035
v -0.05113572 -0.102606826 0.00375000015
v -0.05107871 -0.102838986 0.00250000018
v -0.05107871 -0.102838986 0.00500000035
v -0.05106069 -0.102983288 0.00375000015
v -0.0510565937 -0.103178173 0.00250000018
v -0.0510565937 -0.103178173 0.00500000035
v -0.05107551 -0.103372186 0.00375000015
v -0.0511044562 -0.103514694 0.00250000018
v -0.0511044562 -0.103514694 0.00500000035
v -0.0511789657 -0.10374184 0.00375000015
v -0.051217176 -0.103827871 0.00250000018
v -0.051217176 -0.103827871 0.00500000035
v -0.0513562076 -0.10406518 0.00375000015
v -0.0513824336 -0.104101382 0.00250000018
v -0.051583942 -0.104325652 0.00375000015
v -0.0513824336 -0.104101382 0.00500000035
v -0.051583942 -0.104325652 0.00250000018
v -0.051583942 -0.104325652 0.00500000035
v -0.051822897 -0.10450951 0.00250000018
v -0.051822897 -0.10450951 0.00500000035
v -0.05186099 -0.104532905 0.00375000015
v -0.0521081872 -0.104653478 0.00250000018
v -0.0521081872 -0.104653478 0.00500000035
v -0.0521081872 -0.104653478 0.00375000015
v -0.0523816161 -0.104733266 0.00375000015
v -0.0524290353 -0.104742035 0.00250000018
v -0.0524290353 -0.104742035 0.00500000035
v -0.0526706353 -0.104764983 0.00375000015
v -0.052768223 -0.104764156 0.00250000018
v -0.052768223 -0.104764156 0.00500000035
v -0.0529622361 -0.104745239 0.00375000015
v -0.0531047471 -0.104716294 0.00250000018
v -0.0531047471 -0.104716294 0.00500000035
v -0.0532429144 -0.104675345 0.00375000015
v -0.0534179248 -0.104603574 0.00250000018
v -0.0534179248 -0.104603574 0.00500000035
v -0.05350067 -0.104561046 0.00375000015
v -0.0536914319 -0.104438312 0.00250000018
v -0.0536914319 -0.104438312 0.00500000035
v -0.05372662 -0.104411349 0.00375000015
v -0.0539157 -0.104236804 0.00250000018
v -0.0539157 -0.104236804 0.00500000035
v -0.0221333914 -0.0993269 0.00500000035
v -0.0221333914 -0.0993269 0.002
v -0.00208311155 -0.12096566 0.00500000035
v -0.00208311155 -0.12096566 0.0005
v -0.0462616943 -0.0732870251 0.0005
v -0.0262114145 -0.09492579 0.002
v -0.0462616943 -0.0732870251 0.00500000035
v -0.0262114145 -0.09492579 0.00500000035
v -0.0569947 -0.127539188 0.004469805
v -0.0569606349 -0.127507627 0.00500000035
v -0.0589768551 -0.125125155 0.00500000035
v -0.0592895 -0.1247912 0.004469805
v -0.0571031347 -0.127639651 0.00392888254
v -0.0608272254 -0.122482374 0.00500000035
v -0.0594077 -0.124879986 0.00392888254
v -0.0572903343 -0.127813116 0.0034063356
v -0.0613591522 -0.121705018 0.004469805
v -0.06246761 -0.119593613 0.00500000035
v -0.0596117564 -0.125033259 0.0034063356
v -0.05755235 -0.1280559 0.002933602
v -0.0631378442 -0.118305027 0.004469805
v -0.06385489 -0.116482571 0.00500000035
v -0.0614861622 -0.121780679 0.00392888254
v -0.0598973632 -0.125247791 0.002933602
v -0.057876464 -0.128356218 0.00253885332
v -0.06456267 -0.114631727 0.004469805
v -0.06494939 -0.113182396 0.00500000035
v -0.06327242 -0.118366219 0.00392888254
v -0.0617054142 -0.12191128 0.0034063356
v -0.06025066 -0.125513166 0.00253885332
v -0.0582431257 -0.128695965 0.00224167388
v -0.06557846 -0.110741392 0.004469805
v -0.0657173842 -0.109735072 0.00500000035
v -0.0647033 -0.114677288 0.00392888254
v -0.06350473 -0.118471853 0.0034063356
v -0.0620122962 -0.12209408 0.002933602
v -0.0606503338 -0.12581338 0.00224167388
v -0.0586296767 -0.129054144 0.00205000234
v -0.0661425442 -0.1067041 0.004469805
v -0.0661334544 -0.106189996 0.00500000035
v -0.06572342 -0.1107704 0.00392888254
v -0.06494609 -0.114755936 0.0034063356
v -0.0638299 -0.11861971 0.002933602
v -0.0623919144 -0.122320212 0.00253885332
v -0.0610716939 -0.126129881 0.00205000234
v -0.0590144843 -0.1294107 0.00196026312
v -0.0611933954 -0.126835987 0.00196026312
v -0.0631930754 -0.123979956 0.00196026312
v -0.06282136 -0.122576028 0.00224167388
v -0.0632741153 -0.122845724 0.00205000234
v -0.06496583 -0.1208581 0.00196026312
v -0.06423214 -0.1188026 0.00253885332
v -0.0652859062 -0.114866026 0.002933602
v -0.0651669 -0.119227625 0.00205000234
v -0.06646505 -0.117496021 0.00196026312
v -0.06468718 -0.1190095 0.00224167388
v -0.06668313 -0.115318678 0.00205000234
v -0.06764786 -0.113929547 0.00196026312
v -0.06570626 -0.115002207 0.00253885332
v -0.0661817938 -0.115156263 0.00224167388
v -0.06597367 -0.11082048 0.0034063356
v -0.06776409 -0.111178778 0.00205000234
v -0.0684778243 -0.110204048 0.00196026312
v -0.067247346 -0.111075372 0.00224167388
v -0.0667571947 -0.110977277 0.00253885332
v -0.06632392 -0.110890575 0.002933602
v -0.0662899 -0.106715932 0.00392888254
v -0.06836435 -0.106882505 0.00205000234
v -0.06892747 -0.106372923 0.00196026312
v -0.0678390563 -0.106840327 0.00224167388
v -0.06734079 -0.106800318 0.00253885332
v -0.06690034 -0.10676495 0.002933602
v -0.06654428 -0.106736362 0.0034063356
v -0.06622882 -0.102600068 0.004469805
v -0.06618242 -0.102601834 0.00500000035
v -0.0658605546 -0.099027805 0.00500000035
v -0.06637655 -0.102594435 0.00392888254
v -0.0658305 -0.09851449 0.004469805
v -0.06517592 -0.09552467 0.00500000035
v -0.06663156 -0.10258472 0.0034063356
v -0.06698851 -0.102571115 0.002933602
v -0.06496083 -0.0945318341 0.004469805
v -0.06414783 -0.09214577 0.00500000035
v -0.0659765154 -0.098491475 0.00392888254
v -0.06365194 -0.09073007 0.004469805
v -0.06280537 -0.08893845 0.00500000035
v -0.06622861 -0.09845175 0.0034063356
v -0.06510316 -0.0944918841 0.00392888254
v -0.06743005 -0.102554291 0.00253885332
v -0.06195172 -0.0871758461 0.004469805
v -0.0611853749 -0.085942 0.00500000035
v -0.0637887 -0.0906739458 0.00392888254
v -0.06534886 -0.09442291 0.0034063356
v -0.06658146 -0.09839615 0.002933602
v -0.06792955 -0.102535263 0.00224167388
v -0.0599194653 -0.08392107 0.004469805
v -0.059329927 -0.08318645 0.00500000035
v -0.0620812476 -0.08710459 0.00392888254
v -0.0640248 -0.09057704 0.0034063356
v -0.065692775 -0.09432636 0.002933602
v -0.06701794 -0.09832737 0.00253885332
v -0.06845616 -0.1025152 0.00205000234
v -0.06898038 -0.102495223 0.00196026312
v -0.05762097 -0.08100133 0.004469805
v -0.05728382 -0.0806921348 0.00500000035
v -0.06751172 -0.09824956 0.00224167388
v -0.06803228 -0.09816754 0.00205000234
v -0.06863254 -0.0986328 0.00196026312
v -0.06789267 -0.0948469862 0.00196026312
v -0.0661181957 -0.09420694 0.00253885332
v -0.06710683 -0.0939293951 0.00205000234
v -0.0667816252 -0.09119545 0.00196026312
v -0.06659946 -0.09407183 0.00224167388
v -0.0643552542 -0.09044142 0.002933602
v -0.06571399 -0.08988376 0.00205000234
v -0.06533084 -0.08772932 0.00196026312
v -0.0652264655 -0.090083845 0.00224167388
v -0.06476402 -0.09027365 0.00253885332
v -0.0623048544 -0.08698159 0.0034063356
v -0.06390469 -0.08610152 0.00205000234
v -0.0635801256 -0.0844910741 0.00196026312
v -0.06344296 -0.08635552 0.00224167388
v -0.0630049855 -0.08659645 0.00253885332
v -0.06261783 -0.08680942 0.002933602
v -0.0600403473 -0.08383597 0.00392888254
v -0.0617420673 -0.08263795 0.00205000234
v -0.06157496 -0.0815131739 0.00196026312
v -0.0613111556 -0.0829413161 0.00224167388
v -0.0609024167 -0.0832290649 0.00253885332
v -0.06054111 -0.08348343 0.002933602
v -0.0602490269 -0.08368905 0.0034063356
v -0.05773207 -0.0809038 0.00392888254
v -0.0592961237 -0.07953091 0.00205000234
v -0.0593637452 -0.07881759 0.00196026312
v -0.0589000732 -0.0798785537 0.00224167388
v -0.0585244 -0.08020832 0.00253885332
v -0.0581923239 -0.0804998055 0.002933602
v -0.057923872 -0.080735445 0.0034063356
v -0.05512371 -0.0784359351 0.004469805
v -0.05509215 -0.07846999 0.00500000035
v -0.0527096763 -0.0764537752 0.00500000035
v -0.0552241839 -0.0783275 0.00392888254
v -0.0523757227 -0.0761411339 0.004469805
v -0.0500668958 -0.07460341 0.00500000035
v -0.0553976446 -0.078140296 0.0034063356
v -0.0556404255 -0.07787828 0.002933602
v -0.0492895432 -0.0740714744 0.004469805
v -0.04717814 -0.07296302 0.00500000035
v -0.05246451 -0.07602293 0.00392888254
v -0.0467670336 -0.0727066547 0.004469805
v -0.044067096 -0.07157574 0.00500000035
v -0.0526177846 -0.0758188739 0.0034063356
v -0.0493652 -0.07394447 0.00392888254
v -0.0559407473 -0.07755417 0.00253885332
v -0.0528323166 -0.07553327 0.002933602
v -0.0494958051 -0.0737252161 0.0034063356
v -0.046831958 -0.07257384 0.00392888254
v -0.0440839045 -0.07153246 0.004469805
v -0.05628049 -0.07718751 0.00224167388
v -0.0530976877 -0.07517997 0.00253885332
v -0.04967861 -0.0734183341 0.002933602
v -0.04126149 -0.07057375 0.004469805
v -0.0407669246 -0.07048124 0.00500000035
v -0.0441374145 -0.0713946447 0.00392888254
v -0.04694404 -0.07234456 0.0034063356
v -0.05663867 -0.07680095 0.00205000234
v -0.0569952242 -0.07641615 0.00196026312
v -0.0533979 -0.0747803 0.00224167388
v -0.053714402 -0.07435894 0.00205000234
v -0.05442051 -0.0742372349 0.00196026312
v -0.0515644774 -0.07223755 0.00196026312
v -0.0499047376 -0.07303872 0.00253885332
v -0.0471009128 -0.072023645 0.002933602
v -0.0442297831 -0.07115674 0.0034063356
v -0.0504302457 -0.07215652 0.00205000234
v -0.0484426245 -0.0704648048 0.00196026312
v -0.05016055 -0.07260927 0.00224167388
v -0.04729496 -0.07162667 0.00253885332
v -0.04774592 -0.07070414 0.00205000234
v -0.04508055 -0.068965584 0.00196026312
v -0.0475144833 -0.07117759 0.00224167388
v -0.044359073 -0.07082376 0.002933602
v -0.0413029864 -0.07043186 0.00392888254
v -0.0445190072 -0.07041185 0.00253885332
v -0.0446999334 -0.06994587 0.00224167388
v -0.04489067 -0.06945462 0.00205000234
v -0.04137463 -0.07018691 0.0034063356
v -0.0383259133 -0.0698521659 0.004469805
v -0.0373195931 -0.06971325 0.00500000035
v -0.0414749 -0.0698440745 0.002933602
v -0.0418871939 -0.06843442 0.00205000234
v -0.0415140726 -0.06778277 0.00196026312
v -0.04173926 -0.06894021 0.00224167388
v -0.04159894 -0.06941998 0.00253885332
v -0.0383549221 -0.06970721 0.00392888254
v -0.03530747 -0.06938502 0.004469805
v -0.0337745175 -0.06929718 0.00500000035
v -0.038763307 -0.0676665455 0.00205000234
v -0.0377885774 -0.06695281 0.00196026312
v -0.038405 -0.0694569647 0.0034063356
v -0.0386598967 -0.06818328 0.00224167388
v -0.0385618024 -0.06867343 0.00253885332
v -0.0384751 -0.0691067055 0.002933602
v -0.0322396755 -0.06918433 0.004469805
v -0.0301863588 -0.0692482144 0.00500000035
v -0.03532363 -0.0692380741 0.00392888254
v -0.0353515446 -0.0689844042 0.0034063356
v -0.035390608 -0.06862934 0.002933602
v -0.0354389325 -0.06819013 0.00253885332
v -0.0291581079 -0.06925614 0.004469805
v -0.02661233 -0.06957008 0.00500000035
v -0.0322427936 -0.06903653 0.00392888254
v -0.0322481729 -0.0687813759 0.0034063356
v -0.026099015 -0.0696001351 0.004469805
v -0.0231091939 -0.07025471 0.00500000035
v -0.02914811 -0.06910865 0.00392888254
v -0.0322556943 -0.0684242547 0.002933602
v -0.0354936 -0.06769325 0.00224167388
v -0.0291308574 -0.06885402 0.0034063356
v -0.0260760039 -0.06945411 0.00392888254
v -0.023097951 -0.07020965 0.004469805
v -0.03226501 -0.06798249 0.00253885332
v -0.0355512276 -0.06716943 0.00205000234
v -0.0339574441 -0.06650317 0.00196026312
v -0.0291066989 -0.06849764 0.002933602
v -0.0201883949 -0.07107201 0.004469805
v -0.019730296 -0.071282804 0.00500000035
v -0.0260362774 -0.06920201 0.0034063356
v -0.0230621733 -0.07006622 0.00392888254
v -0.03227554 -0.06748273 0.00224167388
v -0.032286644 -0.0669558644 0.00205000234
v -0.0300797448 -0.0664502457 0.00196026312
v -0.0174005385 -0.0721692145 0.004469805
v -0.0165229775 -0.07262526 0.00500000035
v -0.0290768258 -0.0680567846 0.00253885332
v -0.0201402344 -0.07093224 0.00392888254
v -0.0259806775 -0.06884917 0.002933602
v -0.0230004 -0.0698186 0.0034063356
v -0.0290430188 -0.0675580651 0.00224167388
v -0.02900739 -0.06703228 0.00205000234
v -0.02621732 -0.06679808 0.00196026312
v -0.0259118937 -0.06841269 0.00253885332
v -0.0229139514 -0.0694720149 0.002933602
v -0.0200570934 -0.07069096 0.0034063356
v -0.0258340873 -0.06791891 0.00224167388
v -0.0257520638 -0.06739835 0.00205000234
v -0.0224315077 -0.06753796 0.00196026312
v -0.02280701 -0.06904329 0.00253885332
v -0.022686027 -0.06855828 0.00224167388
v -0.02255848 -0.06804697 0.00205000234
v -0.019940732 -0.07035324 0.002933602
v -0.0173405167 -0.07203411 0.00392888254
v -0.0194622744 -0.0689646453 0.00205000234
v -0.0187799726 -0.06864901 0.00196026312
v -0.0197967868 -0.0699354857 0.00253885332
v -0.0196339451 -0.06946288 0.00224167388
v -0.0172369014 -0.07180089 0.0034063356
v -0.0147603713 -0.07347891 0.004469805
v -0.0135265253 -0.07424525 0.00500000035
v -0.01649558 -0.0701322258 0.00205000234
v -0.0153138451 -0.0700997859 0.00196026312
v -0.01709188 -0.07147445 0.002933602
v -0.0169124827 -0.07107064 0.00253885332
v -0.0167095382 -0.0706138238 0.00224167388
v -0.0146891177 -0.07334939 0.00392888254
v -0.01228898 -0.0749755055 0.004469805
v -0.0107709691 -0.07610071 0.00500000035
v -0.01456611 -0.07312578 0.0034063356
v -0.0143939443 -0.0728127956 0.002933602
v -0.0141809769 -0.07242565 0.00253885332
v -0.0139400475 -0.07198767 0.00224167388
v -0.0100022629 -0.07663137 0.004469805
v -0.00827666 -0.0781468153 0.00500000035
v -0.01220721 -0.07485235 0.00392888254
v -0.0120660551 -0.07463973 0.0034063356
v -0.0118684806 -0.07434214 0.002933602
v -0.007910866 -0.07841795 0.004469805
v -0.00605452061 -0.08033848 0.00500000035
v -0.009910768 -0.07651525 0.00392888254
v -0.00602045842 -0.08030692 0.004469805
v -0.00403830037 -0.08272095 0.00500000035
v -0.009752814 -0.07631479 0.0034063356
v -0.0078104753 -0.07830944 0.00392888254
v -0.0116240885 -0.07397403 0.00253885332
v -0.00372565538 -0.08305491 0.004469805
v -0.00218793 -0.08536373 0.00500000035
v -0.00591202267 -0.08020645 0.00392888254
v -0.00763716 -0.07812211 0.0034063356
v -0.009531736 -0.07603423 0.002933602
v -0.0016560033 -0.08614109 0.004469805
v -0.0005475469 -0.08825249 0.00500000035
v -0.00360745564 -0.08296612 0.00392888254
v -0.00572482124 -0.08003299 0.0034063356
v -0.00739458 -0.07785991 0.002933602
v -0.009258252 -0.07568717 0.00253885332
v 0.000122684985 -0.08954108 0.004469805
v 0.0008397363 -0.0913635343 0.00500000035
v -0.00152899325 -0.08606543 0.00392888254
v -0.00340339914 -0.0828128457 0.0034063356
v -0.00546280667 -0.0797902048 0.002933602
v 0.00154751539 -0.09321438 0.004469805
v 0.001934234 -0.09466371 0.00500000035
v 0.000257257372 -0.089479886 0.00392888254
v -0.00130974129 -0.0859348252 0.0034063356
v 0.002563309 -0.09710471 0.004469805
v 0.002702225 -0.09811103 0.00500000035
v 0.00168814883 -0.09316882 0.00392888254
v 0.00312738866 -0.101142004 0.004469805
v 0.00311829522 -0.101656109 0.00500000035
v -0.007094506 -0.07753557 0.00253885332
v -0.00311779417 -0.08259831 0.002933602
v 0.000489577651 -0.08937425 0.0034063356
v 0.00270826742 -0.09707571 0.00392888254
v 0.00321366265 -0.105246037 0.004469805
v 0.00316726044 -0.105244271 0.00500000035
v 0.00284539536 -0.1088183 0.00500000035
v -0.00513869151 -0.07948989 0.00253885332
v -0.00100285932 -0.0857520252 0.002933602
v 0.00193093717 -0.09309017 0.0034063356
v 0.00327474251 -0.101130173 0.00392888254
v 0.00281533971 -0.109331615 0.004469805
v 0.00216076151 -0.112321436 0.00500000035
v -0.002764497 -0.08233294 0.00253885332
v 0.000814747065 -0.0892263949 0.002933602
v 0.00295851 -0.0970256254 0.0034063356
v 0.00336139277 -0.10525167 0.00392888254
v 0.00194567442 -0.113314271 0.004469805
v 0.00113267079 -0.115700334 0.00500000035
v -0.00062324293 -0.08552589 0.00253885332
v 0.002270747 -0.09298008 0.002933602
v 0.00352912769 -0.101109743 0.0034063356
v 0.00296136364 -0.10935463 0.00392888254
v 0.0006367862 -0.117116034 0.004469805
v -0.000209782273 -0.118907653 0.00500000035
v 0.00121698156 -0.0890435055 0.00253885332
v 0.00330876932 -0.09695553 0.002933602
v 0.00361640751 -0.105261385 0.0034063356
v 0.00208800659 -0.113354221 0.00392888254
v -0.00106343627 -0.120670259 0.004469805
v -0.00182977878 -0.121904105 0.00500000035
v 0.002691105 -0.0928439 0.00253885332
v 0.00388518348 -0.101081155 0.002933602
v 0.00321346149 -0.109394357 0.0034063356
v 0.000773545355 -0.117172159 0.00392888254
v -0.00309569016 -0.123925038 0.004469805
v -0.00368522853 -0.124659657 0.00500000035
v 0.0037420392 -0.09686883 0.00253885332
v 0.00397335365 -0.10527499 0.002933602
v 0.00233371183 -0.1134232 0.0034063356
v -0.0009339079 -0.120741516 0.00392888254
v -0.005394187 -0.126844779 0.004469805
v -0.005731337 -0.127153978 0.00500000035
v 0.004325632 -0.101045787 0.00253885332
v 0.003566306 -0.109449953 0.002933602
v 0.00100964308 -0.117269062 0.0034063356
v -0.00297480822 -0.124010138 0.00392888254
v -0.007891446 -0.129410177 0.004469805
v -0.007923007 -0.129376113 0.00500000035
v -0.0103054792 -0.13139233 0.00500000035
v 0.00441489741 -0.105291814 0.00253885332
v 0.00267761946 -0.113519743 0.002933602
v -0.000710302964 -0.120864518 0.0034063356
v -0.00528308377 -0.1269423 0.00392888254
v -0.0106394328 -0.131704971 0.004469805
v -0.01294826 -0.1332427 0.00500000035
v 0.00400278345 -0.109518737 0.00253885332
v 0.001340095 -0.117404684 0.002933602
v -0.00276612863 -0.124157056 0.0034063356
v -0.00779097155 -0.129518613 0.00392888254
v -0.0137256123 -0.133774623 0.004469805
v -0.0158370137 -0.134883076 0.00500000035
v 0.00310303643 -0.113639168 0.00253885332
v -0.000397324562 -0.121036686 0.002933602
v -0.00509128347 -0.12711066 0.0034063356
v -0.0105506442 -0.131823182 0.00392888254
v -0.0162481219 -0.13513945 0.004469805
v -0.01894806 -0.136270374 0.00500000035
v 0.00174887106 -0.117572457 0.00253885332
v -0.00247404724 -0.124362677 0.002933602
v -0.007617511 -0.129705817 0.0034063356
v -0.0136499554 -0.133901641 0.00392888254
v -1.01737678E-05 -0.121249653 0.00253885332
v -0.0048228316 -0.1273463 0.002933602
v -0.0103973709 -0.132027239 0.0034063356
v -0.002112737 -0.12461704 0.00253885332
v -0.00737473 -0.129967824 0.002933602
v -0.0044907555 -0.127637789 0.00253885332
v -0.0161831975 -0.135272264 0.00392888254
v -0.01351935 -0.134120882 0.0034063356
v -0.0101828389 -0.132312834 0.002933602
v -0.00707440823 -0.130291939 0.00253885332
v -0.018931251 -0.136313647 0.004469805
v -0.0217536651 -0.137272358 0.004469805
v -0.02224823 -0.137364864 0.00500000035
v -0.0188777409 -0.136451453 0.00392888254
v -0.0160711147 -0.135501549 0.0034063356
v -0.0133365467 -0.134427771 0.002933602
v -0.0246892422 -0.137993932 0.004469805
v -0.0256955624 -0.138132855 0.00500000035
v -0.0217121691 -0.137414247 0.00392888254
v -0.0187853724 -0.136689365 0.0034063356
v -0.0277076848 -0.138461083 0.004469805
v -0.029240638 -0.138548926 0.00500000035
v -0.0246602334 -0.13813889 0.00392888254
v -0.03077548 -0.138661772 0.004469805
v -0.0328287967 -0.138597891 0.00500000035
v -0.009917468 -0.132666141 0.00253885332
v -0.0159142427 -0.13582246 0.002933602
v -0.0216405243 -0.137659192 0.0034063356
v -0.0276915245 -0.138608038 0.00392888254
v -0.0338570476 -0.138589963 0.004469805
v -0.0364028253 -0.138276026 0.00500000035
v -0.0131104179 -0.1348074 0.00253885332
v -0.0186560825 -0.137022346 0.002933602
v -0.0246101543 -0.13838914 0.0034063356
v -0.0307723619 -0.138809577 0.00392888254
v -0.03691614 -0.13824597 0.004469805
v -0.03990596 -0.137591392 0.00500000035
v -0.0157201961 -0.136219442 0.00253885332
v -0.0215402544 -0.138002038 0.002933602
v -0.02766361 -0.1388617 0.0034063356
v -0.0338670462 -0.138737455 0.00392888254
v -0.0184961483 -0.137434244 0.00253885332
v -0.0245400555 -0.1387394 0.002933602
v -0.0307669826 -0.139064729 0.0034063356
v -0.0214162171 -0.138426125 0.00253885332
v -0.0276245475 -0.139216766 0.002933602
v -0.0244533531 -0.139172673 0.00253885332
v -0.03693915 -0.138392 0.00392888254
v -0.0338842981 -0.138992086 0.0034063356
v -0.0307594612 -0.13942185 0.002933602
v -0.027576223 -0.139655977 0.00253885332
v -0.0399172045 -0.137636453 0.004469805
v -0.04282676 -0.1367741 0.004469805
v -0.04328486 -0.1365633 0.00500000035
v -0.0399529822 -0.137779891 0.00392888254
v -0.0369788781 -0.1386441 0.0034063356
v -0.0339084566 -0.139348462 0.002933602
v -0.0456146151 -0.135676891 0.004469805
v -0.046492178 -0.135220855 0.00500000035
v -0.04287492 -0.136913866 0.00392888254
v -0.040014755 -0.1380275 0.0034063356
v -0.0482547842 -0.1343672 0.004469805
v -0.04948863 -0.133600846 0.00500000035
v -0.045674637 -0.135811985 0.00392888254
v -0.0507261753 -0.1328706 0.004469805
v -0.0522441864 -0.1317454 0.00500000035
v -0.0307501443 -0.13986361 0.00253885332
v -0.037034478 -0.138996929 0.002933602
v -0.0429580621 -0.137155145 0.0034063356
v -0.0483260378 -0.134496719 0.00392888254
v -0.0530128926 -0.131214738 0.004469805
v -0.0547384955 -0.12969929 0.00500000035
v -0.03393833 -0.139789313 0.00253885332
v -0.0401012041 -0.13837409 0.002933602
v -0.0457782522 -0.136045218 0.0034063356
v -0.0508079454 -0.132993758 0.00392888254
v -0.05510429 -0.129428148 0.004469805
v -0.0569606349 -0.127507627 0.00500000035
v -0.0569947 -0.127539188 0.004469805
v -0.0531043857 -0.131330848 0.00392888254
v -0.0552046821 -0.129536659 0.00392888254
v -0.0571031347 -0.127639651 0.00392888254
v -0.0484490469 -0.134720325 0.0034063356
v -0.04307442 -0.137492865 0.002933602
v -0.0509491 -0.133206382 0.0034063356
v -0.05326234 -0.131531313 0.0034063356
v -0.0553779975 -0.129724 0.0034063356
v -0.0572903343 -0.127813116 0.0034063356
v -0.0459232777 -0.136371657 0.002933602
v -0.04862121 -0.135033309 0.002933602
v -0.0511466749 -0.133503959 0.002933602
v -0.05348342 -0.131811872 0.002933602
v -0.0556205735 -0.1299862 0.002933602
v -0.05755235 -0.1280559 0.002933602
v -0.05592065 -0.130310535 0.00253885332
v -0.057876464 -0.128356218 0.00253885332
v -0.0537569039 -0.132158935 0.00253885332
v -0.0513910651 -0.133872077 0.00253885332
v -0.04883418 -0.135420457 0.00253885332
v -0.0461026728 -0.136775464 0.00253885332
v -0.0562601164 -0.130677462 0.00224167388
v -0.0582431257 -0.128695965 0.00224167388
v -0.0540662855 -0.132551566 0.00224167388
v -0.0516675524 -0.134288535 0.00224167388
v -0.049075108 -0.135858431 0.00224167388
v -0.0566179976 -0.131064281 0.00205000234
v -0.0586296767 -0.129054144 0.00205000234
v -0.0590144843 -0.1294107 0.00196026312
v -0.05661304 -0.131779224 0.00196026312
v -0.0543924421 -0.132965475 0.00205000234
v -0.0539174564 -0.133990437 0.00196026312
v -0.05195903 -0.134727567 0.00205000234
v -0.0509395525 -0.1359956 0.00196026312
v -0.04932911 -0.136320174 0.00205000234
v -0.04770131 -0.137746319 0.00196026312
v -0.0465195775 -0.137713879 0.00205000234
v -0.0442351848 -0.1391971 0.00196026312
v -0.04630562 -0.137232274 0.00224167388
v -0.043552883 -0.13888146 0.00205000234
v -0.0405836478 -0.140308142 0.00196026312
v -0.04338121 -0.138383225 0.00224167388
v -0.040456675 -0.139799133 0.00205000234
v -0.0432183668 -0.137910619 0.00253885332
v -0.03726309 -0.140447766 0.00205000234
v -0.0367978364 -0.141048014 0.00196026312
v -0.04032913 -0.139287829 0.00224167388
v -0.040208146 -0.138802812 0.00253885332
v -0.0340077654 -0.140813828 0.00205000234
v -0.03293541 -0.141395867 0.00196026312
v -0.03718107 -0.1399272 0.00224167388
v -0.03710326 -0.139433414 0.00253885332
v -0.0339721367 -0.14028804 0.00224167388
v -0.0307285115 -0.140890241 0.00205000234
v -0.0290577114 -0.141342938 0.00196026312
v -0.0307396166 -0.140363365 0.00224167388
v -0.0274639279 -0.140676677 0.00205000234
v -0.0252265781 -0.1408933 0.00196026312
v -0.0275215544 -0.140152857 0.00224167388
v -0.0242518485 -0.14017956 0.00205000234
v -0.0215010829 -0.140063345 0.00196026312
v -0.0243552588 -0.139662832 0.00224167388
v -0.0211279616 -0.139411688 0.00205000234
v -0.0179346055 -0.138880521 0.00196026312
v -0.0212758966 -0.1389059 0.00224167388
v -0.0181244873 -0.1383915 0.00205000234
v -0.0183152221 -0.137900233 0.00224167388
v -0.0152692348 -0.137141973 0.00205000234
v -0.014572531 -0.1373813 0.00196026312
v -0.0155006722 -0.136668518 0.00224167388
v -0.01258491 -0.135689586 0.00205000234
v -0.0114506781 -0.135608554 0.00196026312
v -0.0128546059 -0.13523683 0.00224167388
v -0.00930075347 -0.133487165 0.00205000234
v -0.008594647 -0.133608878 0.00196026312
v -0.00601993129 -0.131429955 0.00196026312
v -0.009617254 -0.1330658 0.00224167388
v -0.00637648627 -0.131045148 0.00205000234
v -0.00365141034 -0.129028514 0.00196026312
v -0.00673466548 -0.1306586 0.00224167388
v -0.00371903181 -0.1283152 0.00205000234
v -0.00144019723 -0.126332939 0.00196026312
v -0.00411508232 -0.127967551 0.00224167388
v -0.00127308816 -0.125208154 0.00205000234
v 0.0005649701 -0.123355031 0.00196026312
v -0.00170399994 -0.124904789 0.00224167388
v 0.000889536 -0.121744588 0.00205000234
v 0.00231568515 -0.120116785 0.00196026312
v 0.000427801162 -0.121490583 0.00224167388
v 0.00269882753 -0.117962345 0.00205000234
v 0.003766466 -0.116650656 0.00196026312
v 0.00221130624 -0.11776226 0.00224167388
v 0.00409167632 -0.11391671 0.00205000234
v 0.004877515 -0.112999119 0.00196026312
v 0.003584303 -0.113774277 0.00224167388
v 0.005017128 -0.109678566 0.00205000234
v 0.00561739132 -0.109213307 0.00196026312
v 0.005965229 -0.105350882 0.00196026312
v 0.004496563 -0.109596543 0.00224167388
v 0.00544100627 -0.105330907 0.00205000234
v 0.00591231138 -0.101473182 0.00196026312
v 0.00491439924 -0.105310842 0.00224167388
v 0.005349193 -0.1009636 0.00205000234
v 0.005462665 -0.09764206 0.00196026312
v 0.004823897 -0.101005778 0.00224167388
v 0.00474892929 -0.09666733 0.00205000234
v 0.00463270769 -0.09391656 0.00196026312
v 0.00423219427 -0.09677073 0.00224167388
v 0.003667973 -0.09252743 0.00205000234
v 0.00344989076 -0.090350084 0.00196026312
v 0.003166642 -0.09268984 0.00224167388
v 0.00215174258 -0.08861848 0.00205000234
v 0.00195067 -0.086988 0.00196026312
v 0.00167201832 -0.0888366 0.00224167388
v 0.0002589561 -0.08500038 0.00205000234
v 0.000177919865 -0.08386615 0.00196026312
v -0.000193793327 -0.08527008 0.00224167388
v -0.00194346346 -0.0817162246 0.00205000234
v -0.00182176009 -0.08101012 0.00196026312
v -0.004000671 -0.0784354061 0.00196026312
v -0.00236482173 -0.0820327252 0.00224167388
v -0.004385477 -0.07879196 0.00205000234
v -0.00477203168 -0.07915014 0.00224167388
v -0.006397158 -0.07678182 0.00205000234
v -0.00640211627 -0.07606688 0.00196026312
v -0.006755039 -0.07716864 0.00224167388
v -0.008622713 -0.07488062 0.00205000234
v -0.009097699 -0.07385567 0.00196026312
v -0.008948872 -0.07529454 0.00224167388
v -0.0110561252 -0.0731185451 0.00205000234
v -0.012075603 -0.07185051 0.00196026312
v -0.0113476031 -0.07355758 0.00224167388
v -0.013686046 -0.07152594 0.00205000234
v -0.0425103381 -0.114118114 0.002
v -0.0441389158 -0.119717017 0.002
v -0.03680374 -0.112920314 0.002
v -0.0408817641 -0.108519204 0.002
v -0.04821694 -0.115315914 0.002
v -0.0205048155 -0.09372799 0.002
v -0.01887624 -0.08812909 0.002
v -0.0262114145 -0.09492579 0.002
v -0.0221333914 -0.0993269 0.002
v -0.0147982147 -0.09253019 0.002
v -0.04047133 -0.116318665 0.0035
v -0.0441389158 -0.119717017 0.002
v -0.0441389158 -0.119717017 0.00500000035
v -0.03680374 -0.112920314 0.00500000035
v -0.03680374 -0.112920314 0.002
v -0.0184658039 -0.09592854 0.0035
v -0.0221333914 -0.0993269 0.00500000035
v -0.0147982147 -0.09253019 0.00500000035
v -0.0147982147 -0.09253019 0.002
v -0.0221333914 -0.0993269 0.002
v -0.009418286 -0.127762377 0.00275000022
v -0.0167534612 -0.13455908 0.0005
v -0.0167534612 -0.13455908 0.00500000035
v -0.00208311155 -0.12096566 0.00500000035
v -0.00208311155 -0.12096566 0.0005
v -0.0168372281 -0.09032964 0.0035
v -0.0147982147 -0.09253019 0.00500000035
v -0.01887624 -0.08812909 0.00500000035
v -0.01887624 -0.08812909 0.002
v -0.0147982147 -0.09253019 0.002
v -0.0239890236 -0.09695643 0.00025
v -0.0462616943 -0.0732870251 0.0005
v -0.0462347753 -0.07258043 -1.1102231E-18
v -0.00137651339 -0.120992586 -1.1102231E-18
v -0.00208311155 -0.12096566 0.0005
v -0.05376679 -0.0799003541 0.00025
v -0.0609320439 -0.0868804455 0.0005
v -0.0616386421 -0.08685352 -1.1102231E-18
v -0.0462347753 -0.07258043 -1.1102231E-18
v -0.0462616943 -0.0732870251 0.0005
v -0.009248365 -0.127945751 0.00025
v -0.01678038 -0.135265678 -1.1102231E-18
v -0.0167534612 -0.13455908 0.0005
v -0.00208311155 -0.12096566 0.0005
v -0.00137651339 -0.120992586 -1.1102231E-18
v -0.0390261337 -0.110889673 0.00025
v -0.01678038 -0.135265678 -1.1102231E-18
v -0.0616386421 -0.08685352 -1.1102231E-18
v -0.0609320439 -0.0868804455 0.0005
v -0.0167534612 -0.13455908 0.0005
v -0.02916269 -0.124403588 -1.1102231E-18
v -0.024223078 -0.129750192 -1.1102231E-18
v -0.0247924924 -0.129545242 -1.1102231E-18
v -0.025404349 -0.129458219 -1.1102231E-18
v -0.0260210522 -0.129498422 -1.1102231E-18
v -0.023725789 -0.130050659 -1.1102231E-18
v -0.02660441 -0.129659444 -1.1102231E-18
v -0.01678038 -0.135265678 -1.1102231E-18
v -0.0233180225 -0.130417034 -1.1102231E-18
v -0.0229837336 -0.130851492 -1.1102231E-18
v -0.022721976 -0.131370217 -1.1102231E-18
v -0.0225609541 -0.131953567 -1.1102231E-18
v -0.02252075 -0.132570282 -1.1102231E-18
v -0.02260777 -0.133182138 -1.1102231E-18
v -0.0228127167 -0.133751541 -1.1102231E-18
v -0.0301177967 -0.127492458 -1.1102231E-18
v -0.0271231271 -0.129921213 -1.1102231E-18
v -0.0275575854 -0.130255491 -1.1102231E-18
v -0.027923964 -0.130663261 -1.1102231E-18
v -0.0282244347 -0.131160557 -1.1102231E-18
v -0.03327039 -0.12820974 -1.1102231E-18
v -0.0284293815 -0.13172996 -1.1102231E-18
v -0.0285164 -0.132341817 -1.1102231E-18
v -0.03136017 -0.122032 -1.1102231E-18
v -0.0284761935 -0.132958531 -1.1102231E-18
v -0.01811558 -0.138414413 -1.1102231E-18
v -0.0147983357 -0.136935189 -1.1102231E-18
v -0.0117181055 -0.135186076 -1.1102231E-18
v -0.0231131837 -0.134248838 -1.1102231E-18
v -0.008900154 -0.133213058 -1.1102231E-18
v -0.0216345 -0.139581472 -1.1102231E-18
v -0.0234795623 -0.134656608 -1.1102231E-18
v -0.02391402 -0.134990886 -1.1102231E-18
v -0.0244327411 -0.135252655 -1.1102231E-18
v -0.0253103264 -0.140400365 -1.1102231E-18
v -0.0250160955 -0.135413677 -1.1102231E-18
v -0.0256327987 -0.13545388 -1.1102231E-18
v -0.026244659 -0.135366857 -1.1102231E-18
v -0.0290903784 -0.140844017 -1.1102231E-18
v -0.0268140733 -0.1351619 -1.1102231E-18
v -0.0273113623 -0.134861439 -1.1102231E-18
v -0.0277191289 -0.134495065 -1.1102231E-18
v -0.03291637 -0.140896231 -1.1102231E-18
v -0.0280534178 -0.1340606 -1.1102231E-18
v -0.0283151753 -0.133541882 -1.1102231E-18
v -0.0367272981 -0.140553027 -1.1102231E-18
v -0.04046263 -0.13982302 -1.1102231E-18
v -0.0440654829 -0.138726771 -1.1102231E-18
v -0.03546787 -0.125838161 -1.1102231E-18
v -0.0474853963 -0.137295336 -1.1102231E-18
v -0.0390475877 -0.121974841 -1.1102231E-18
v -0.05068046 -0.135567963 -1.1102231E-18
v -0.0358949974 -0.121257558 -1.1102231E-18
v -0.0345127657 -0.1227493 -1.1102231E-18
v -0.0349398926 -0.118168689 -1.1102231E-18
v -0.0412450731 -0.119603261 -1.1102231E-18
v -0.0536186546 -0.133589536 -1.1102231E-18
v -0.0562783 -0.1314078 -1.1102231E-18
v -0.058647722 -0.129070863 -9.714453E-19
v -0.0371373743 -0.11579711 -1.1102231E-18
v -0.0478833057 -0.112439111 -1.1102231E-18
v -0.0607975833 -0.126530483 -1.1102231E-18
v -0.0627706051 -0.123712525 -1.1102231E-18
v -0.0402899645 -0.1165144 -1.1102231E-18
v -0.06451972 -0.1206323 -1.1102231E-18
v -0.0447307155 -0.111721829 -1.1102231E-18
v -0.05008079 -0.110067531 -1.1102231E-18
v -0.0437756069 -0.108632959 -1.1102231E-18
v -0.06599894 -0.117315054 -1.1102231E-18
v -0.0616386421 -0.08685352 -1.1102231E-18
v -0.0459730923 -0.10626138 -1.1102231E-18
v -0.04955281 -0.10239806 -1.1102231E-18
v -0.05175029 -0.100026481 -1.1102231E-18
v -0.0505079143 -0.105486929 -1.1102231E-18
v -0.0491256826 -0.10697867 -1.1102231E-18
v -0.0536605045 -0.106204212 -1.1102231E-18
v -0.06716599 -0.11379613 -1.1102231E-18
v -0.05585799 -0.103832632 -1.1102231E-18
v -0.0679848939 -0.110120304 -1.1102231E-18
v -0.06842853 -0.106340252 -1.1102231E-18
v -0.0602281876 -0.09869098 -1.1102231E-18
v -0.0607976019 -0.0984860361 -1.1102231E-18
v -0.0596163347 -0.0987779945 -1.1102231E-18
v -0.0589996278 -0.09873779 -1.1102231E-18
v -0.05841627 -0.09857677 -1.1102231E-18
v -0.068480745 -0.10251426 -1.1102231E-18
v -0.0612948947 -0.09818556 -1.1102231E-18
v -0.0617026575 -0.09781919 -1.1102231E-18
v -0.05490288 -0.100743771 -1.1102231E-18
v -0.06813754 -0.09870333 -1.1102231E-18
v -0.0578975528 -0.0983150154 -1.1102231E-18
v -0.0620369464 -0.09738472 -1.1102231E-18
v -0.0622987039 -0.09686601 -1.1102231E-18
v -0.0624597259 -0.09628265 -1.1102231E-18
v -0.0574630946 -0.09798072 -1.1102231E-18
v -0.057096716 -0.09757297 -1.1102231E-18
v -0.0567962453 -0.09707567 -1.1102231E-18
v -0.06740753 -0.094968 -1.1102231E-18
v -0.0624999329 -0.09566595 -1.1102231E-18
v -0.06241291 -0.09505409 -1.1102231E-18
v -0.0622079633 -0.09448468 -1.1102231E-18
v -0.0565913 -0.09650626 -1.1102231E-18
v -0.0663113 -0.09136514 -1.1102231E-18
v -0.0565042831 -0.0958944038 -1.1102231E-18
v -0.0619074963 -0.09398738 -1.1102231E-18
v -0.0615411177 -0.09357962 -1.1102231E-18
v -0.06110666 -0.0932453349 -1.1102231E-18
v -0.0565444864 -0.0952777 -1.1102231E-18
v -0.05670551 -0.09469433 -1.1102231E-18
v -0.0569672659 -0.09417562 -1.1102231E-18
v -0.0648798645 -0.08794524 -1.1102231E-18
v -0.05730155 -0.09374116 -1.1102231E-18
v -0.0577093177 -0.09337478 -1.1102231E-18
v -0.0582066067 -0.0930743143 -1.1102231E-18
v -0.05877602 -0.09286937 -1.1102231E-18
v -0.05938788 -0.09278235 -1.1102231E-18
v -0.0600045845 -0.09282255 -1.1102231E-18
v -0.06058794 -0.09298358 -1.1102231E-18
v -0.06315249 -0.0847501755 -1.1102231E-18
v -0.06117406 -0.08181197 -1.1102231E-18
v -0.05899233 -0.07915233 -1.1102231E-18
v -0.05665539 -0.0767829046 -1.1102231E-18
v -0.0462347753 -0.07258043 -1.1102231E-18
v -0.054115 -0.07463305 -1.1102231E-18
v -0.05129705 -0.07266003 -1.1102231E-18
v -0.04821682 -0.0709109157 -1.1102231E-18
v -0.0448995754 -0.0694316849 -1.1102231E-18
v -0.04020244 -0.07409456 -1.1102231E-18
v -0.03990197 -0.07359727 -1.1102231E-18
v -0.0404073857 -0.07466397 -1.1102231E-18
v -0.0404944047 -0.07527582 -1.1102231E-18
v -0.0404542 -0.07589254 -1.1102231E-18
v -0.04029318 -0.0764758959 -1.1102231E-18
v -0.0400314219 -0.0769946054 -1.1102231E-18
v -0.041380655 -0.06826463 -1.1102231E-18
v -0.039697133 -0.07742907 -1.1102231E-18
v -0.0395355932 -0.0731895044 -1.1102231E-18
v -0.039101135 -0.07285522 -1.1102231E-18
v -0.0385824144 -0.07259346 -1.1102231E-18
v -0.03770483 -0.06744574 -1.1102231E-18
v -0.03799906 -0.072432436 -1.1102231E-18
v -0.0373823568 -0.07239223 -1.1102231E-18
v -0.0367704965 -0.07247925 -1.1102231E-18
v -0.0339247771 -0.0670020953 -1.1102231E-18
v -0.0362010822 -0.0726842 -1.1102231E-18
v -0.0357037932 -0.0729846656 -1.1102231E-18
v -0.0352960266 -0.07335104 -1.1102231E-18
v -0.0300987847 -0.06694988 -1.1102231E-18
v -0.0349617377 -0.0737855062 -1.1102231E-18
v -0.03469998 -0.0743042156 -1.1102231E-18
v -0.0262878574 -0.0672930852 -1.1102231E-18
v -0.0345389619 -0.07488757 -1.1102231E-18
v -0.0297447667 -0.0796363652 -1.1102231E-18
v -0.0225525238 -0.06802309 -1.1102231E-18
v -0.0344987549 -0.07550428 -1.1102231E-18
v -0.0345857739 -0.0761161447 -1.1102231E-18
v -0.0189496744 -0.06911933 -1.1102231E-18
v -0.03479072 -0.0766855553 -1.1102231E-18
v -0.0275472831 -0.0820079446 -1.1102231E-18
v -0.03289736 -0.08035365 -1.1102231E-18
v -0.03509119 -0.0771828443 -1.1102231E-18
v -0.03545757 -0.07759061 -1.1102231E-18
v -0.03589203 -0.07792489 -1.1102231E-18
v -0.0364107452 -0.07818665 -1.1102231E-18
v -0.0338524655 -0.08344252 -1.1102231E-18
v -0.0369941033 -0.0783476755 -1.1102231E-18
v -0.0376108065 -0.07838788 -1.1102231E-18
v -0.0382226631 -0.07830086 -1.1102231E-18
v -0.0387920775 -0.07809591 -1.1102231E-18
v -0.0155297611 -0.07055077 -1.1102231E-18
v -0.0392893665 -0.0777954459 -1.1102231E-18
v -0.0239675678 -0.0858712643 -1.1102231E-18
v -0.0123346951 -0.07227814 -1.1102231E-18
v -0.02850239 -0.08509681 -1.1102231E-18
v -0.02712016 -0.08658855 -1.1102231E-18
v -0.0217700843 -0.0882428437 -1.1102231E-18
v -0.0280752629 -0.0896774158 -1.1102231E-18
v -0.009396501 -0.07425657 -1.1102231E-18
v -0.006736856 -0.0764383 -1.1102231E-18
v -0.0316549838 -0.0858141 -1.1102231E-18
v -0.00436743163 -0.07877524 -1.1102231E-18
v -0.0258777812 -0.0920489952 -1.1102231E-18
v -0.00137651339 -0.120992586 -1.1102231E-18
v -0.0192395486 -0.0992131457 -1.1102231E-18
v -0.0170420632 -0.101584725 -1.1102231E-18
v -0.013462346 -0.105448045 -1.1102231E-18
v -0.0112648644 -0.107819624 -1.1102231E-18
v -0.01828444 -0.09612428 -1.1102231E-18
v -0.022725191 -0.0913317055 -1.1102231E-18
v -0.0138894729 -0.100867435 -1.1102231E-18
v -0.0125072412 -0.102359176 -1.1102231E-18
v -0.01513185 -0.0954069942 -1.1102231E-18
v -0.009354651 -0.101641893 -1.1102231E-18
v -0.00221757218 -0.08131563 -1.1102231E-18
v -0.000244554132 -0.08413358 -1.1102231E-18
v 0.00150455907 -0.08721381 -1.1102231E-18
v -0.0129343662 -0.09777857 -1.1102231E-18
v 0.00298379 -0.09053105 -1.1102231E-18
v 0.00415083766 -0.0940499753 -1.1102231E-18
v -0.00715716556 -0.104013473 -1.1102231E-18
v 0.0049697347 -0.0977258 -1.1102231E-18
v 0.00541337952 -0.101505853 -1.1102231E-18
v -0.002786968 -0.109155126 -1.1102231E-18
v -0.00221755169 -0.109360069 -1.1102231E-18
v -0.00339882262 -0.109068111 -1.1102231E-18
v -0.00401552767 -0.109108314 -1.1102231E-18
v -0.004598886 -0.109269336 -1.1102231E-18
v 0.005465593 -0.105331846 -1.1102231E-18
v -0.00172026083 -0.109660544 -1.1102231E-18
v -0.001312498 -0.110026918 -1.1102231E-18
v -0.008112272 -0.107102334 -1.1102231E-18
v 0.00512238964 -0.109142773 -1.1102231E-18
v -0.00511760265 -0.10953109 -1.1102231E-18
v -0.0009782091 -0.110461384 -1.1102231E-18
v -0.000716451555 -0.110980093 -1.1102231E-18
v -0.0005554296 -0.111563452 -1.1102231E-18
v -0.005552061 -0.109865382 -1.1102231E-18
v -0.00591843948 -0.110273138 -1.1102231E-18
v -0.00621891 -0.110770434 -1.1102231E-18
v 0.00439238176 -0.112878107 -1.1102231E-18
v -0.0005152244 -0.112180158 -1.1102231E-18
v -0.000602245331 -0.112792015 -1.1102231E-18
v -0.0008071922 -0.113361426 -1.1102231E-18
v -0.006423857 -0.111339845 -1.1102231E-18
v 0.003296148 -0.116480961 -1.1102231E-18
v -0.00651087239 -0.1119517 -1.1102231E-18
v -0.00110765919 -0.113858722 -1.1102231E-18
v -0.00147403963 -0.114266485 -1.1102231E-18
v -0.001908496 -0.11460077 -1.1102231E-18
v -0.006470669 -0.112568408 -1.1102231E-18
v -0.006309647 -0.113151774 -1.1102231E-18
v -0.00604789145 -0.113670483 -1.1102231E-18
v 0.001864709 -0.119900867 -1.1102231E-18
v -0.00571360439 -0.114104941 -1.1102231E-18
v -0.005305838 -0.114471324 -1.1102231E-18
v -0.004808549 -0.114771791 -1.1102231E-18
v -0.00423913449 -0.114976734 -1.1102231E-18
v -0.00362727419 -0.115063757 -1.1102231E-18
v -0.003010571 -0.115023553 -1.1102231E-18
v -0.00242721662 -0.114862524 -1.1102231E-18
v 0.000137332827 -0.12309593 -1.1102231E-18
v -0.00184109434 -0.126034141 -1.1102231E-18
v -0.00402282551 -0.128693774 -1.1102231E-18
v -0.006359767 -0.1310632 -1.1102231E-18
v -0.0225438271 -0.09152744 0.0035
v -0.01887624 -0.08812909 0.00500000035
v -0.0262114145 -0.09492579 0.00500000035
v -0.0262114145 -0.09492579 0.002
v -0.01887624 -0.08812909 0.002
v -0.05359687 -0.0800837353 0.00275000022
v -0.0462616943 -0.0732870251 0.00500000035
v -0.0609320439 -0.0868804455 0.00500000035
v -0.0609320439 -0.0868804455 0.0005
v -0.0462616943 -0.0732870251 0.0005
v -0.0445493534 -0.111917563 0.0035
v -0.0408817641 -0.108519204 0.00500000035
v -0.04821694 -0.115315914 0.00500000035
v -0.04821694 -0.115315914 0.002
v -0.0408817641 -0.108519204 0.002
v -0.0461779274 -0.117516465 0.0035
v -0.04821694 -0.115315914 0.00500000035
v -0.0441389158 -0.119717017 0.00500000035
v -0.0441389158 -0.119717017 0.002
v -0.04821694 -0.115315914 0.002
v -0.04821694 -0.115315914 0.00500000035
v -0.0460457 -0.110744409 0.00500000035
v -0.04633099 -0.110888377 0.00500000035
v -0.0466518328 -0.110976934 0.00500000035
v -0.0469910242 -0.110999055 0.00500000035
v -0.04732755 -0.110951193 0.00500000035
v -0.0476407222 -0.110838473 0.00500000035
v -0.0479142331 -0.110673212 0.00500000035
v -0.048138503 -0.1104717 0.00500000035
v -0.04832236 -0.110232748 0.00500000035
v -0.0458067432 -0.110560551 0.00500000035
v -0.04846633 -0.109947458 0.00500000035
v -0.0408817641 -0.108519204 0.00500000035
v -0.0456052348 -0.110336281 0.00500000035
v -0.0454399772 -0.110062771 0.00500000035
v -0.0453272536 -0.109749593 0.00500000035
v -0.0452793948 -0.109413072 0.00500000035
v -0.04530151 -0.109073885 0.00500000035
v -0.04539007 -0.108753033 0.00500000035
v -0.0455340371 -0.108467743 0.00500000035
v -0.045717895 -0.108228795 0.00500000035
v -0.045942165 -0.108027279 0.00500000035
v -0.0462156758 -0.107862025 0.00500000035
v -0.051167272 -0.102518141 0.00500000035
v -0.0465288535 -0.107749306 0.00500000035
v -0.0513112359 -0.102232844 0.00500000035
v -0.05107871 -0.102838986 0.00500000035
v -0.0514950976 -0.101993896 0.00500000035
v -0.0468653738 -0.107701443 0.00500000035
v -0.0510565937 -0.103178173 0.00500000035
v -0.0511044562 -0.103514694 0.00500000035
v -0.04720456 -0.107723556 0.00500000035
v -0.051217176 -0.103827871 0.00500000035
v -0.04752541 -0.107812122 0.00500000035
v -0.0513824336 -0.104101382 0.00500000035
v -0.0478107035 -0.107956082 0.00500000035
v -0.0609320439 -0.0868804455 0.00500000035
v -0.051583942 -0.104325652 0.00500000035
v -0.0480496548 -0.108139947 0.00500000035
v -0.0482511669 -0.108364217 0.00500000035
v -0.051822897 -0.10450951 0.00500000035
v -0.04841642 -0.10863772 0.00500000035
v -0.0521081872 -0.104653478 0.00500000035
v -0.04852914 -0.1089509 0.00500000035
v -0.0524290353 -0.104742035 0.00500000035
v -0.0485770032 -0.109287426 0.00500000035
v -0.052768223 -0.104764156 0.00500000035
v -0.04855489 -0.109626614 0.00500000035
v -0.0531047471 -0.104716294 0.00500000035
v -0.0534179248 -0.104603574 0.00500000035
v -0.06385489 -0.116482571 0.00500000035
v -0.06494939 -0.113182396 0.00500000035
v -0.0536914319 -0.104438312 0.00500000035
v -0.06246761 -0.119593613 0.00500000035
v -0.0657173842 -0.109735072 0.00500000035
v -0.0539157 -0.104236804 0.00500000035
v -0.05409956 -0.103997849 0.00500000035
v -0.0608272254 -0.122482374 0.00500000035
v -0.0589768551 -0.125125155 0.00500000035
v -0.0569606349 -0.127507627 0.00500000035
v -0.0441389158 -0.119717017 0.00500000035
v -0.0547384955 -0.12969929 0.00500000035
v -0.0661334544 -0.106189996 0.00500000035
v -0.0542435274 -0.103712559 0.00500000035
v -0.0543320924 -0.103391714 0.00500000035
v -0.0522441864 -0.1317454 0.00500000035
v -0.06618242 -0.102601834 0.00500000035
v -0.04948863 -0.133600846 0.00500000035
v -0.0543542057 -0.103052527 0.00500000035
v -0.046492178 -0.135220855 0.00500000035
v -0.0595649332 -0.09742898 0.00500000035
v -0.059225738 -0.0974068642 0.00500000035
v -0.0599014536 -0.097381115 0.00500000035
v -0.0543063432 -0.102716 0.00500000035
v -0.06021463 -0.0972684 0.00500000035
v -0.0589048937 -0.0973183 0.00500000035
v -0.0541936234 -0.102402821 0.00500000035
v -0.0586196035 -0.09717433 0.00500000035
v -0.054028362 -0.102129318 0.00500000035
v -0.0658605546 -0.099027805 0.00500000035
v -0.05838065 -0.09699048 0.00500000035
v -0.0538268536 -0.101905048 0.00500000035
v -0.0535879023 -0.10172119 0.00500000035
v -0.0581791438 -0.0967662 0.00500000035
v -0.05330261 -0.101577222 0.00500000035
v -0.0580138825 -0.0964927 0.00500000035
v -0.0529817641 -0.101488657 0.00500000035
v -0.05790116 -0.09617952 0.00500000035
v -0.0526425764 -0.101466544 0.00500000035
v -0.0578533038 -0.0958429947 0.00500000035
v -0.0523060523 -0.101514407 0.00500000035
v -0.0578754134 -0.09550381 0.00500000035
v -0.0519928746 -0.101627126 0.00500000035
v -0.0579639748 -0.09518296 0.00500000035
v -0.0517193675 -0.10179238 0.00500000035
v -0.0581079423 -0.09489767 0.00500000035
v -0.0582918 -0.09465872 0.00500000035
v -0.05851607 -0.09445721 0.00500000035
v -0.05878958 -0.09429195 0.00500000035
v -0.05910276 -0.09417923 0.00500000035
v -0.05943928 -0.09413137 0.00500000035
v -0.06280537 -0.08893845 0.00500000035
v -0.05977847 -0.0941534862 0.00500000035
v -0.0600993149 -0.0942420438 0.00500000035
v -0.0611853749 -0.085942 0.00500000035
v -0.06414783 -0.09214577 0.00500000035
v -0.059329927 -0.08318645 0.00500000035
v -0.05728382 -0.0806921348 0.00500000035
v -0.05509215 -0.07846999 0.00500000035
v -0.06038461 -0.09438601 0.00500000035
v -0.0462616943 -0.0732870251 0.00500000035
v -0.0606235638 -0.09456987 0.00500000035
v -0.06082507 -0.09479414 0.00500000035
v -0.0609903261 -0.09506765 0.00500000035
v -0.0527096763 -0.0764537752 0.00500000035
v -0.06517592 -0.09552467 0.00500000035
v -0.0500668958 -0.07460341 0.00500000035
v -0.04717814 -0.07296302 0.00500000035
v -0.06110305 -0.09538083 0.00500000035
v -0.044067096 -0.07157574 0.00500000035
v -0.06115091 -0.0957173556 0.00500000035
v -0.0611287951 -0.0960565358 0.00500000035
v -0.0610402338 -0.09637739 0.00500000035
v -0.0608962663 -0.09666268 0.00500000035
v -0.06071241 -0.0969016254 0.00500000035
v -0.06048814 -0.0971031338 0.00500000035
v -0.03914538 -0.07532723 0.00500000035
v -0.0391232669 -0.07566642 0.00500000035
v -0.0390975252 -0.0749907047 0.00500000035
v -0.0389848 -0.07467753 0.00500000035
v -0.03903471 -0.0759872645 0.00500000035
v -0.0407669246 -0.07048124 0.00500000035
v -0.03889074 -0.07627256 0.00500000035
v -0.038819544 -0.07440402 0.00500000035
v -0.0387068838 -0.07651151 0.00500000035
v -0.03861804 -0.07417975 0.00500000035
v -0.03837908 -0.0739958957 0.00500000035
v -0.03809379 -0.07385193 0.00500000035
v -0.0373195931 -0.06971325 0.00500000035
v -0.0377729461 -0.07376336 0.00500000035
v -0.03743375 -0.07374126 0.00500000035
v -0.03709723 -0.07378911 0.00500000035
v -0.0367840566 -0.07390183 0.00500000035
v -0.0337745175 -0.06929718 0.00500000035
v -0.0365105458 -0.07406709 0.00500000035
v -0.0362862758 -0.0742685944 0.00500000035
v -0.0361024179 -0.07450755 0.00500000035
v -0.03595845 -0.07479285 0.00500000035
v -0.0301863588 -0.0692482144 0.00500000035
v -0.0358698852 -0.07511369 0.00500000035
v -0.0358477756 -0.07545288 0.00500000035
v -0.0306370482 -0.08107643 0.00500000035
v -0.0358956344 -0.07578941 0.00500000035
v -0.0303005259 -0.08112429 0.00500000035
v -0.03097624 -0.08109854 0.00500000035
v -0.036008358 -0.0761025846 0.00500000035
v -0.0312970839 -0.0811871 0.00500000035
v -0.03617362 -0.07637609 0.00500000035
v -0.0315823779 -0.08133107 0.00500000035
v -0.02661233 -0.06957008 0.00500000035
v -0.0299873482 -0.081237 0.00500000035
v -0.0297138412 -0.0814022645 0.00500000035
v -0.03637512 -0.07660036 0.00500000035
v -0.0318213329 -0.0815149248 0.00500000035
v -0.0320228375 -0.0817392 0.00500000035
v -0.03661408 -0.0767842159 0.00500000035
v -0.0321880952 -0.0820127055 0.00500000035
v -0.03689937 -0.07692818 0.00500000035
v -0.03230082 -0.08232588 0.00500000035
v -0.0372202136 -0.07701674 0.00500000035
v -0.0323486775 -0.0826624 0.00500000035
v -0.037559405 -0.0770388544 0.00500000035
v -0.0323265642 -0.0830016 0.00500000035
v -0.0378959253 -0.076991 0.00500000035
v -0.032238 -0.08332244 0.00500000035
v -0.0382091068 -0.07687828 0.00500000035
v -0.03209404 -0.08360773 0.00500000035
v -0.0384826139 -0.0767130256 0.00500000035
v -0.03191018 -0.08384669 0.00500000035
v -0.0262114145 -0.09492579 0.00500000035
v -0.03168591 -0.0840482 0.00500000035
v -0.0314124 -0.08421345 0.00500000035
v -0.026460804 -0.08955734 0.00500000035
v -0.0265493654 -0.0892365 0.00500000035
v -0.0263168365 -0.08984263 0.00500000035
v -0.0261329766 -0.09008159 0.00500000035
v -0.0259087086 -0.0902830958 0.00500000035
v -0.0256351978 -0.09044835 0.00500000035
v -0.0310992226 -0.08432618 0.00500000035
v -0.02532202 -0.09056108 0.00500000035
v -0.0265714787 -0.0888973 0.00500000035
v -0.0307626985 -0.08437403 0.00500000035
v -0.030423509 -0.08435192 0.00500000035
v -0.0265236162 -0.08856078 0.00500000035
v -0.0301026627 -0.0842633545 0.00500000035
v -0.0264108963 -0.0882476047 0.00500000035
v -0.0298173688 -0.0841193944 0.00500000035
v -0.0262456387 -0.0879740939 0.00500000035
v -0.0249855 -0.09060893 0.00500000035
v -0.02957842 -0.08393553 0.00500000035
v -0.02604413 -0.0877498239 0.00500000035
v -0.025805179 -0.087565966 0.00500000035
v -0.02937691 -0.08371127 0.00500000035
v -0.0255198851 -0.087422 0.00500000035
v -0.02921165 -0.0834377557 0.00500000035
v -0.025199037 -0.08733344 0.00500000035
v -0.02909893 -0.08312458 0.00500000035
v -0.02485985 -0.08731133 0.00500000035
v -0.02905107 -0.08278805 0.00500000035
v -0.02464631 -0.09058682 0.00500000035
v -0.0245233253 -0.08735918 0.00500000035
v -0.0290731825 -0.08244887 0.00500000035
v -0.0243254639 -0.09049825 0.00500000035
v -0.02404017 -0.09035429 0.00500000035
v -0.0238012187 -0.0901704356 0.00500000035
v -0.01887624 -0.08812909 0.00500000035
v -0.0235997085 -0.0899461657 0.00500000035
v -0.0291617475 -0.08212802 0.00500000035
v -0.0234344527 -0.0896726549 0.00500000035
v -0.0233217329 -0.08935948 0.00500000035
v -0.02327387 -0.08902295 0.00500000035
v -0.0232959837 -0.08868377 0.00500000035
v -0.023384545 -0.08836292 0.00500000035
v -0.0235285126 -0.08807763 0.00500000035
v -0.02371237 -0.08783867 0.00500000035
v -0.02393664 -0.08763717 0.00500000035
v -0.0242101513 -0.0874719 0.00500000035
v -0.0165229775 -0.07262526 0.00500000035
v -0.019730296 -0.071282804 0.00500000035
v -0.0293057133 -0.08184273 0.00500000035
v -0.0135265253 -0.07424525 0.00500000035
v -0.0231091939 -0.07025471 0.00500000035
v -0.0294895712 -0.08160377 0.00500000035
v -0.0107709691 -0.07610071 0.00500000035
v -0.00827666 -0.0781468153 0.00500000035
v -0.00605452061 -0.08033848 0.00500000035
v -0.0147982147 -0.09253019 0.00500000035
v -0.00403830037 -0.08272095 0.00500000035
v -0.00218793 -0.08536373 0.00500000035
v -0.0005475469 -0.08825249 0.00500000035
v 0.0008397363 -0.0913635343 0.00500000035
v -0.014548827 -0.09789865 0.00500000035
v -0.0146927945 -0.09761336 0.00500000035
v -0.0148766525 -0.0973744 0.00500000035
v -0.0151009224 -0.09717289 0.00500000035
v -0.0153744332 -0.09700763 0.00500000035
v -0.0156876072 -0.09689491 0.00500000035
v -0.0160241313 -0.09684705 0.00500000035
v -0.01636332 -0.09686917 0.00500000035
v -0.0166841671 -0.09695773 0.00500000035
v -0.01696946 -0.0971016958 0.00500000035
v -0.0172084123 -0.0972855538 0.00500000035
v -0.0221333914 -0.0993269 0.00500000035
v -0.01740992 -0.0975098237 0.00500000035
v -0.0175751783 -0.0977833346 0.00500000035
v -0.0176879 -0.09809651 0.00500000035
v -0.01773576 -0.09843303 0.00500000035
v -0.0177136473 -0.09877222 0.00500000035
v -0.017625086 -0.09909307 0.00500000035
v -0.0174811184 -0.09937836 0.00500000035
v -0.01729726 -0.09961731 0.00500000035
v -0.01707299 -0.0998188257 0.00500000035
v -0.01679948 -0.09998408 0.00500000035
v -0.0118478835 -0.105327964 0.00500000035
v -0.016486302 -0.1000968 0.00500000035
v -0.01170392 -0.105613261 0.00500000035
v -0.0119364448 -0.105007119 0.00500000035
v -0.0115200579 -0.105852209 0.00500000035
v -0.0161497816 -0.100144662 0.00500000035
v -0.01195856 -0.104667932 0.00500000035
v -0.0158105921 -0.100122549 0.00500000035
v -0.0119106993 -0.104331411 0.00500000035
v -0.0154897459 -0.100033984 0.00500000035
v -0.0117979795 -0.104018234 0.00500000035
v -0.015204452 -0.09989002 0.00500000035
v -0.0116327219 -0.103744723 0.00500000035
v -0.00208311155 -0.12096566 0.00500000035
v -0.0149655007 -0.09970616 0.00500000035
v -0.0114312135 -0.103520453 0.00500000035
v -0.0111922584 -0.103336595 0.00500000035
v -0.01476399 -0.09948189 0.00500000035
v -0.0109069683 -0.103192627 0.00500000035
v -0.0145987328 -0.0992083848 0.00500000035
v -0.01058612 -0.10310407 0.00500000035
v -0.014486013 -0.09889521 0.00500000035
v -0.0102469306 -0.103081949 0.00500000035
v -0.0144381523 -0.09855868 0.00500000035
v -0.009910408 -0.103129812 0.00500000035
v -0.0144602656 -0.09821949 0.00500000035
v -0.009597231 -0.103242531 0.00500000035
v 0.001934234 -0.09466371 0.00500000035
v -0.009323724 -0.103407793 0.00500000035
v 0.002702225 -0.09811103 0.00500000035
v -0.009099452 -0.1036093 0.00500000035
v -0.008915594 -0.103848256 0.00500000035
v 0.00311829522 -0.101656109 0.00500000035
v -0.008771628 -0.104133546 0.00500000035
v -0.008683065 -0.104454391 0.00500000035
v 0.00316726044 -0.105244271 0.00500000035
v -0.00866095 -0.104793578 0.00500000035
v -0.00345022231 -0.110417128 0.00500000035
v -0.008708812 -0.105130106 0.00500000035
v -0.0031137038 -0.11046499 0.00500000035
v -0.00378941558 -0.110439241 0.00500000035
v -0.002800526 -0.1105777 0.00500000035
v -0.008821532 -0.105443284 0.00500000035
v -0.004110262 -0.110527806 0.00500000035
v -0.008986792 -0.105716787 0.00500000035
v -0.00439555 -0.110671774 0.00500000035
v 0.00284539536 -0.1088183 0.00500000035
v -0.0091883 -0.105941057 0.00500000035
v -0.004634509 -0.110855624 0.00500000035
v -0.00483601168 -0.1110799 0.00500000035
v -0.009427253 -0.106124915 0.00500000035
v -0.005001273 -0.111353405 0.00500000035
v -0.009712545 -0.106268883 0.00500000035
v -0.0051139947 -0.111666583 0.00500000035
v -0.0100333914 -0.106357448 0.00500000035
v -0.00516185164 -0.11200311 0.00500000035
v -0.0103725791 -0.106379561 0.00500000035
v -0.005139742 -0.1123423 0.00500000035
v -0.0107091032 -0.1063317 0.00500000035
v -0.005051179 -0.112663142 0.00500000035
v -0.0110222809 -0.106218979 0.00500000035
v -0.01129579 -0.106053725 0.00500000035
v -0.004907213 -0.112948433 0.00500000035
v -0.004723355 -0.113187388 0.00500000035
v -0.00449908525 -0.113388896 0.00500000035
v -0.00422557443 -0.113554157 0.00500000035
v -0.00391239859 -0.113666877 0.00500000035
v -0.00357587636 -0.113714732 0.00500000035
v -0.000209782273 -0.118907653 0.00500000035
v -0.003236685 -0.113692619 0.00500000035
v -0.0029158406 -0.113604061 0.00500000035
v -0.00182977878 -0.121904105 0.00500000035
v 0.00113267079 -0.115700334 0.00500000035
v -0.00368522853 -0.124659657 0.00500000035
v -0.005731337 -0.127153978 0.00500000035
v -0.007923007 -0.129376113 0.00500000035
v -0.00263054855 -0.113460094 0.00500000035
v -0.0167534612 -0.13455908 0.00500000035
v -0.00239159353 -0.113276236 0.00500000035
v -0.002190087 -0.113051966 0.00500000035
v -0.00202482939 -0.112778455 0.00500000035
v -0.0103054792 -0.13139233 0.00500000035
v 0.00216076151 -0.112321436 0.00500000035
v -0.01294826 -0.1332427 0.00500000035
v -0.0158370137 -0.134883076 0.00500000035
v -0.00191210583 -0.112465277 0.00500000035
v -0.01894806 -0.136270374 0.00500000035
v -0.001864247 -0.112128749 0.00500000035
v -0.00188636035 -0.111789569 0.00500000035
v -0.00197492167 -0.111468717 0.00500000035
v -0.00211888924 -0.111183427 0.00500000035
v -0.00230274722 -0.11094448 0.00500000035
v -0.00252701715 -0.110742971 0.00500000035
v -0.0238697752 -0.132518873 0.00500000035
v -0.0238918886 -0.132179677 0.00500000035
v -0.02391763 -0.1328554 0.00500000035
v -0.0240303539 -0.133168578 0.00500000035
v -0.0239804462 -0.131858841 0.00500000035
v -0.02224823 -0.137364864 0.00500000035
v -0.0241244137 -0.131573543 0.00500000035
v -0.0241956115 -0.133442074 0.00500000035
v -0.0243082717 -0.1313346 0.00500000035
v -0.0243971162 -0.133666351 0.00500000035
v -0.0246360749 -0.133850217 0.00500000035
v -0.0249213651 -0.133994177 0.00500000035
v -0.0256955624 -0.138132855 0.00500000035
v -0.02524221 -0.134082735 0.00500000035
v -0.0255814046 -0.134104848 0.00500000035
v -0.0259179249 -0.134056985 0.00500000035
v -0.0262310989 -0.133944273 0.00500000035
v -0.029240638 -0.138548926 0.00500000035
v -0.02650461 -0.133779019 0.00500000035
v -0.02672888 -0.133577511 0.00500000035
v -0.0269127376 -0.133338556 0.00500000035
v -0.0270567052 -0.133053258 0.00500000035
v -0.0328287967 -0.138597891 0.00500000035
v -0.02714527 -0.132732421 0.00500000035
v -0.02716738 -0.132393226 0.00500000035
v -0.0323781073 -0.126769677 0.00500000035
v -0.0320389159 -0.126747563 0.00500000035
v -0.0327146277 -0.126721814 0.00500000035
v -0.0271195211 -0.1320567 0.00500000035
v -0.03171807 -0.126659 0.00500000035
v -0.0270067975 -0.13174352 0.00500000035
v -0.0314327776 -0.126515031 0.00500000035
v -0.0268415362 -0.131470025 0.00500000035
v -0.0364028253 -0.138276026 0.00500000035
v -0.0330278054 -0.1266091 0.00500000035
v -0.0333013162 -0.126443833 0.00500000035
v -0.0311938245 -0.12633118 0.00500000035
v -0.0266400352 -0.131245747 0.00500000035
v -0.0264010765 -0.131061882 0.00500000035
v -0.0309923179 -0.1261069 0.00500000035
v -0.0261157863 -0.130917922 0.00500000035
v -0.0308270585 -0.125833392 0.00500000035
v -0.0257949419 -0.130829364 0.00500000035
v -0.0307143368 -0.125520229 0.00500000035
v -0.02545575 -0.130807251 0.00500000035
v -0.030666478 -0.1251837 0.00500000035
v -0.02511923 -0.130855113 0.00500000035
v -0.0306885913 -0.124844506 0.00500000035
v -0.03990596 -0.137591392 0.00500000035
v -0.0335255861 -0.126242325 0.00500000035
v -0.0337094441 -0.126003385 0.00500000035
v -0.04328486 -0.1365633 0.00500000035
v -0.0248060487 -0.130967826 0.00500000035
v -0.0307771545 -0.124523662 0.00500000035
v -0.0338534079 -0.125718087 0.00500000035
v -0.0309211183 -0.124238372 0.00500000035
v -0.0245325416 -0.13113308 0.00500000035
v -0.0311049763 -0.123999417 0.00500000035
v -0.03680374 -0.112920314 0.00500000035
v -0.0313292444 -0.123797908 0.00500000035
v -0.0316027552 -0.123632655 0.00500000035
v -0.0388050042 -0.1203742 0.00500000035
v -0.03849183 -0.120486923 0.00500000035
v -0.039078515 -0.120208934 0.00500000035
v -0.0393027849 -0.120007433 0.00500000035
v -0.0394866429 -0.119768478 0.00500000035
v -0.03963061 -0.119483188 0.00500000035
v -0.033941973 -0.125397235 0.00500000035
v -0.0381553061 -0.120534778 0.00500000035
v -0.0339640863 -0.125058055 0.00500000035
v -0.03781612 -0.120512664 0.00500000035
v -0.0339162275 -0.124721527 0.00500000035
v -0.03749527 -0.120424107 0.00500000035
v -0.0338035077 -0.124408349 0.00500000035
v -0.0372099765 -0.120280139 0.00500000035
v -0.0336382464 -0.124134839 0.00500000035
v -0.03971917 -0.119162336 0.00500000035
v -0.0369710252 -0.120096281 0.00500000035
v -0.033436738 -0.123910576 0.00500000035
v -0.0331977867 -0.123726711 0.00500000035
v -0.0367695168 -0.119872011 0.00500000035
v -0.0329124928 -0.123582751 0.00500000035
v -0.03660426 -0.1195985 0.00500000035
v -0.03259165 -0.123494186 0.00500000035
v -0.03649154 -0.119285323 0.00500000035
v -0.032252457 -0.123472072 0.00500000035
v -0.0364436768 -0.1189488 0.00500000035
v -0.0319159329 -0.123519927 0.00500000035
v -0.03646579 -0.118609607 0.00500000035
v -0.03655435 -0.118288763 0.00500000035
v -0.03669832 -0.118003473 0.00500000035
v -0.036882177 -0.117764518 0.00500000035
v -0.0371064469 -0.117563009 0.00500000035
v -0.0373799577 -0.117397755 0.00500000035
v -0.0376931354 -0.117285028 0.00500000035
v -0.0380296558 -0.117237173 0.00500000035
v -0.0383688435 -0.117259286 0.00500000035
v -0.03868969 -0.117347851 0.00500000035
v -0.0389749855 -0.117491812 0.00500000035
v -0.0392139368 -0.117675669 0.00500000035
v -0.03941545 -0.117899939 0.00500000035
v -0.0395807028 -0.11817345 0.00500000035
v -0.0396934226 -0.118486628 0.00500000035
v -0.0397412851 -0.118823156 0.00500000035
v -0.0264010765 -0.131061882 0.00250000018
v -0.0271231271 -0.129921213 0.00250000018
v -0.02660441 -0.129659444 0.00250000018
v -0.0275575854 -0.130255491 0.00250000018
v -0.0261157863 -0.130917922 0.00250000018
v -0.0266400352 -0.131245747 0.00250000018
v -0.0260210522 -0.129498422 0.00250000018
v -0.027923964 -0.130663261 0.00250000018
v -0.0257949419 -0.130829364 0.00250000018
v -0.0268415362 -0.131470025 0.00250000018
v -0.025404349 -0.129458219 0.00250000018
v -0.0282244347 -0.131160557 0.00250000018
v -0.02545575 -0.130807251 0.00250000018
v -0.0270067975 -0.13174352 0.00250000018
v -0.0247924924 -0.129545242 0.00250000018
v -0.0284293815 -0.13172996 0.00250000018
v -0.02511923 -0.130855113 0.00250000018
v -0.0271195211 -0.1320567 0.00250000018
v -0.024223078 -0.129750192 0.00250000018
v -0.0285164 -0.132341817 0.00250000018
v -0.0248060487 -0.130967826 0.00250000018
v -0.02716738 -0.132393226 0.00250000018
v -0.023725789 -0.130050659 0.00250000018
v -0.0284761935 -0.132958531 0.00250000018
v -0.0245325416 -0.13113308 0.00250000018
v -0.02714527 -0.132732421 0.00250000018
v -0.0283151753 -0.133541882 0.00250000018
v -0.0270567052 -0.133053258 0.00250000018
v -0.0233180225 -0.130417034 0.00250000018
v -0.0243082717 -0.1313346 0.00250000018
v -0.0241244137 -0.131573543 0.00250000018
v -0.0229837336 -0.130851492 0.00250000018
v -0.0239804462 -0.131858841 0.00250000018
v -0.022721976 -0.131370217 0.00250000018
v -0.0238918886 -0.132179677 0.00250000018
v -0.0225609541 -0.131953567 0.00250000018
v -0.0238697752 -0.132518873 0.00250000018
v -0.02252075 -0.132570282 0.00250000018
v -0.02391763 -0.1328554 0.00250000018
v -0.02260777 -0.133182138 0.00250000018
v -0.0240303539 -0.133168578 0.00250000018
v -0.0228127167 -0.133751541 0.00250000018
v -0.0241956115 -0.133442074 0.00250000018
v -0.0231131837 -0.134248838 0.00250000018
v -0.0243971162 -0.133666351 0.00250000018
v -0.0234795623 -0.134656608 0.00250000018
v -0.02391402 -0.134990886 0.00250000018
v -0.0246360749 -0.133850217 0.00250000018
v -0.0244327411 -0.135252655 0.00250000018
v -0.0249213651 -0.133994177 0.00250000018
v -0.0250160955 -0.135413677 0.00250000018
v -0.02524221 -0.134082735 0.00250000018
v -0.0256327987 -0.13545388 0.00250000018
v -0.0255814046 -0.134104848 0.00250000018
v -0.026244659 -0.135366857 0.00250000018
v -0.0259179249 -0.134056985 0.00250000018
v -0.0268140733 -0.1351619 0.00250000018
v -0.0262310989 -0.133944273 0.00250000018
v -0.0273113623 -0.134861439 0.00250000018
v -0.02650461 -0.133779019 0.00250000018
v -0.0277191289 -0.134495065 0.00250000018
v -0.02672888 -0.133577511 0.00250000018
v -0.0280534178 -0.1340606 0.00250000018
v -0.0269127376 -0.133338556 0.00250000018
v -0.03327039 -0.12820974 0.00250000018
v -0.0333013162 -0.126443833 0.00250000018
v -0.0330278054 -0.1266091 0.00250000018
v -0.0327146277 -0.126721814 0.00250000018
v -0.0323781073 -0.126769677 0.00250000018
v -0.0335255861 -0.126242325 0.00250000018
v -0.0320389159 -0.126747563 0.00250000018
v -0.0301177967 -0.127492458 0.00250000018
v -0.03546787 -0.125838161 0.00250000018
v -0.03171807 -0.126659 0.00250000018
v -0.0337094441 -0.126003385 0.00250000018
v -0.0314327776 -0.126515031 0.00250000018
v -0.0338534079 -0.125718087 0.00250000018
v -0.0311938245 -0.12633118 0.00250000018
v -0.033941973 -0.125397235 0.00250000018
v -0.0339640863 -0.125058055 0.00250000018
v -0.0339162275 -0.124721527 0.00250000018
v -0.0345127657 -0.1227493 0.00250000018
v -0.0309923179 -0.1261069 0.00250000018
v -0.0308270585 -0.125833392 0.00250000018
v -0.0307143368 -0.125520229 0.00250000018
v -0.0338035077 -0.124408349 0.00250000018
v -0.02916269 -0.124403588 0.00250000018
v -0.0336382464 -0.124134839 0.00250000018
v -0.030666478 -0.1251837 0.00250000018
v -0.033436738 -0.123910576 0.00250000018
v -0.0306885913 -0.124844506 0.00250000018
v -0.0331977867 -0.123726711 0.00250000018
v -0.0329124928 -0.123582751 0.00250000018
v -0.03259165 -0.123494186 0.00250000018
v -0.0307771545 -0.124523662 0.00250000018
v -0.0309211183 -0.124238372 0.00250000018
v -0.0311049763 -0.123999417 0.00250000018
v -0.03136017 -0.122032 0.00250000018
v -0.032252457 -0.123472072 0.00250000018
v -0.0313292444 -0.123797908 0.00250000018
v -0.0319159329 -0.123519927 0.00250000018
v -0.0316027552 -0.123632655 0.00250000018
v -0.034369126 -0.12702395 0.00125000009
v -0.03327039 -0.12820974 0.00250000018
v -0.03327039 -0.12820974 -1.1102231E-18
v -0.03546787 -0.125838161 -1.1102231E-18
v -0.03546787 -0.125838161 0.00250000018
v -0.0345127657 -0.1227493 0.00250000018
v -0.0349903181 -0.12429373 0.00125000009
v -0.0345127657 -0.1227493 -1.1102231E-18
v -0.03546787 -0.125838161 0.00250000018
v -0.03546787 -0.125838161 -1.1102231E-18
v -0.03136017 -0.122032 0.00250000018
v -0.03293647 -0.12239065 0.00125000009
v -0.03136017 -0.122032 -1.1102231E-18
v -0.0345127657 -0.1227493 0.00250000018
v -0.0345127657 -0.1227493 -1.1102231E-18
v -0.02916269 -0.124403588 0.00250000018
v -0.0302614328 -0.123217791 0.00125000009
v -0.02916269 -0.124403588 -1.1102231E-18
v -0.03136017 -0.122032 0.00250000018
v -0.03136017 -0.122032 -1.1102231E-18
v -0.0301177967 -0.127492458 0.00250000018
v -0.0296402425 -0.125948012 0.00125000009
v -0.0301177967 -0.127492458 -1.1102231E-18
v -0.02916269 -0.124403588 0.00250000018
v -0.02916269 -0.124403588 -1.1102231E-18
v -0.0316549838 -0.0858141 0.00250000018
v -0.03168591 -0.0840482 0.00250000018
v -0.0314124 -0.08421345 0.00250000018
v -0.0310992226 -0.08432618 0.00250000018
v -0.0307626985 -0.08437403 0.00250000018
v -0.03191018 -0.08384669 0.00250000018
v -0.030423509 -0.08435192 0.00250000018
v -0.02850239 -0.08509681 0.00250000018
v -0.0338524655 -0.08344252 0.00250000018
v -0.0301026627 -0.0842633545 0.00250000018
v -0.03209404 -0.08360773 0.00250000018
v -0.0298173688 -0.0841193944 0.00250000018
v -0.032238 -0.08332244 0.00250000018
v -0.02957842 -0.08393553 0.00250000018
v -0.0323265642 -0.0830016 0.00250000018
v -0.0323486775 -0.0826624 0.00250000018
v -0.03230082 -0.08232588 0.00250000018
v -0.03289736 -0.08035365 0.00250000018
v -0.02937691 -0.08371127 0.00250000018
v -0.02921165 -0.0834377557 0.00250000018
v -0.02909893 -0.08312458 0.00250000018
v -0.0321880952 -0.0820127055 0.00250000018
v -0.0275472831 -0.0820079446 0.00250000018
v -0.0320228375 -0.0817392 0.00250000018
v -0.02905107 -0.08278805 0.00250000018
v -0.0318213329 -0.0815149248 0.00250000018
v -0.0290731825 -0.08244887 0.00250000018
v -0.0315823779 -0.08133107 0.00250000018
v -0.0312970839 -0.0811871 0.00250000018
v -0.03097624 -0.08109854 0.00250000018
v -0.0291617475 -0.08212802 0.00250000018
v -0.0293057133 -0.08184273 0.00250000018
v -0.0294895712 -0.08160377 0.00250000018
v -0.0297447667 -0.0796363652 0.00250000018
v -0.0306370482 -0.08107643 0.00250000018
v -0.0297138412 -0.0814022645 0.00250000018
v -0.0303005259 -0.08112429 0.00250000018
v -0.0299873482 -0.081237 0.00250000018
v -0.0286460277 -0.0808221549 0.00125000009
v -0.0297447667 -0.0796363652 0.00250000018
v -0.0297447667 -0.0796363652 -1.1102231E-18
v -0.0275472831 -0.0820079446 -1.1102231E-18
v -0.0275472831 -0.0820079446 0.00250000018
v -0.02850239 -0.08509681 0.00250000018
v -0.0280248355 -0.0835523754 0.00125000009
v -0.02850239 -0.08509681 -1.1102231E-18
v -0.0275472831 -0.0820079446 0.00250000018
v -0.0275472831 -0.0820079446 -1.1102231E-18
v -0.0316549838 -0.0858141 0.00250000018
v -0.0300786849 -0.0854554549 0.00125000009
v -0.0316549838 -0.0858141 -1.1102231E-18
v -0.02850239 -0.08509681 0.00250000018
v -0.02850239 -0.08509681 -1.1102231E-18
v -0.0338524655 -0.08344252 0.00250000018
v -0.03275372 -0.0846283138 0.00125000009
v -0.0338524655 -0.08344252 -1.1102231E-18
v -0.0316549838 -0.0858141 0.00250000018
v -0.0316549838 -0.0858141 -1.1102231E-18
v -0.03289736 -0.08035365 0.00250000018
v -0.033374913 -0.0818980858 0.00125000009
v -0.03289736 -0.08035365 -1.1102231E-18
v -0.0338524655 -0.08344252 0.00250000018
v -0.0338524655 -0.08344252 -1.1102231E-18
v -0.0112648644 -0.107819624 0.00250000018
v -0.01129579 -0.106053725 0.00250000018
v -0.0110222809 -0.106218979 0.00250000018
v -0.0107091032 -0.1063317 0.00250000018
v -0.0103725791 -0.106379561 0.00250000018
v -0.0115200579 -0.105852209 0.00250000018
v -0.0100333914 -0.106357448 0.00250000018
v -0.008112272 -0.107102334 0.00250000018
v -0.013462346 -0.105448045 0.00250000018
v -0.009712545 -0.106268883 0.00250000018
v -0.01170392 -0.105613261 0.00250000018
v -0.009427253 -0.106124915 0.00250000018
v -0.0118478835 -0.105327964 0.00250000018
v -0.0091883 -0.105941057 0.00250000018
v -0.0119364448 -0.105007119 0.00250000018
v -0.01195856 -0.104667932 0.00250000018
v -0.0119106993 -0.104331411 0.00250000018
v -0.0125072412 -0.102359176 0.00250000018
v -0.008986792 -0.105716787 0.00250000018
v -0.008821532 -0.105443284 0.00250000018
v -0.008708812 -0.105130106 0.00250000018
v -0.0117979795 -0.104018234 0.00250000018
v -0.00715716556 -0.104013473 0.00250000018
v -0.0116327219 -0.103744723 0.00250000018
v -0.00866095 -0.104793578 0.00250000018
v -0.0114312135 -0.103520453 0.00250000018
v -0.008683065 -0.104454391 0.00250000018
v -0.0111922584 -0.103336595 0.00250000018
v -0.0109069683 -0.103192627 0.00250000018
v -0.01058612 -0.10310407 0.00250000018
v -0.008771628 -0.104133546 0.00250000018
v -0.008915594 -0.103848256 0.00250000018
v -0.009099452 -0.1036093 0.00250000018
v -0.009354651 -0.101641893 0.00250000018
v -0.0102469306 -0.103081949 0.00250000018
v -0.009323724 -0.103407793 0.00250000018
v -0.009910408 -0.103129812 0.00250000018
v -0.009597231 -0.103242531 0.00250000018
v -0.0123636052 -0.106633835 0.00125000009
v -0.0112648644 -0.107819624 0.00250000018
v -0.0112648644 -0.107819624 -1.1102231E-18
v -0.013462346 -0.105448045 -1.1102231E-18
v -0.013462346 -0.105448045 0.00250000018
v -0.0125072412 -0.102359176 0.00250000018
v -0.0129847936 -0.103903607 0.00125000009
v -0.0125072412 -0.102359176 -1.1102231E-18
v -0.013462346 -0.105448045 0.00250000018
v -0.013462346 -0.105448045 -1.1102231E-18
v -0.009354651 -0.101641893 0.00250000018
v -0.0109309461 -0.102000535 0.00125000009
v -0.009354651 -0.101641893 -1.1102231E-18
v -0.0125072412 -0.102359176 0.00250000018
v -0.0125072412 -0.102359176 -1.1102231E-18
v -0.00715716556 -0.104013473 0.00250000018
v -0.008255906 -0.102827683 0.00125000009
v -0.00715716556 -0.104013473 -1.1102231E-18
v -0.009354651 -0.101641893 0.00250000018
v -0.009354651 -0.101641893 -1.1102231E-18
v -0.008112272 -0.107102334 0.00250000018
v -0.007634718 -0.1055579 0.00125000009
v -0.008112272 -0.107102334 -1.1102231E-18
v -0.00715716556 -0.104013473 0.00250000018
v -0.00715716556 -0.104013473 -1.1102231E-18
v -0.0536605045 -0.106204212 0.00250000018
v -0.0536914319 -0.104438312 0.00250000018
v -0.0534179248 -0.104603574 0.00250000018
v -0.0531047471 -0.104716294 0.00250000018
v -0.052768223 -0.104764156 0.00250000018
v -0.0539157 -0.104236804 0.00250000018
v -0.0524290353 -0.104742035 0.00250000018
v -0.0505079143 -0.105486929 0.00250000018
v -0.05585799 -0.103832632 0.00250000018
v -0.0521081872 -0.104653478 0.00250000018
v -0.05409956 -0.103997849 0.00250000018
v -0.051822897 -0.10450951 0.00250000018
v -0.0542435274 -0.103712559 0.00250000018
v -0.051583942 -0.104325652 0.00250000018
v -0.0543320924 -0.103391714 0.00250000018
v -0.0543542057 -0.103052527 0.00250000018
v -0.0543063432 -0.102716 0.00250000018
v -0.05490288 -0.100743771 0.00250000018
v -0.0513824336 -0.104101382 0.00250000018
v -0.051217176 -0.103827871 0.00250000018
v -0.0511044562 -0.103514694 0.00250000018
v -0.0541936234 -0.102402821 0.00250000018
v -0.04955281 -0.10239806 0.00250000018
v -0.054028362 -0.102129318 0.00250000018
v -0.0510565937 -0.103178173 0.00250000018
v -0.0538268536 -0.101905048 0.00250000018
v -0.05107871 -0.102838986 0.00250000018
v -0.0535879023 -0.10172119 0.00250000018
v -0.05330261 -0.101577222 0.00250000018
v -0.0529817641 -0.101488657 0.00250000018
v -0.051167272 -0.102518141 0.00250000018
v -0.0513112359 -0.102232844 0.00250000018
v -0.0514950976 -0.101993896 0.00250000018
v -0.05175029 -0.100026481 0.00250000018
v -0.0526425764 -0.101466544 0.00250000018
v -0.0517193675 -0.10179238 0.00250000018
v -0.0523060523 -0.101514407 0.00250000018
v -0.0519928746 -0.101627126 0.00250000018
v -0.05475925 -0.105018422 0.00125000009
v -0.0536605045 -0.106204212 0.00250000018
v -0.0536605045 -0.106204212 -1.1102231E-18
v -0.05585799 -0.103832632 -1.1102231E-18
v -0.05585799 -0.103832632 0.00250000018
v -0.05490288 -0.100743771 0.00250000018
v -0.0553804375 -0.1022882 0.00125000009
v -0.05490288 -0.100743771 -1.1102231E-18
v -0.05585799 -0.103832632 0.00250000018
v -0.05585799 -0.103832632 -1.1102231E-18
v -0.05175029 -0.100026481 0.00250000018
v -0.0533265881 -0.100385122 0.00125000009
v -0.05175029 -0.100026481 -1.1102231E-18
v -0.05490288 -0.100743771 0.00250000018
v -0.05490288 -0.100743771 -1.1102231E-18
v -0.04955281 -0.10239806 0.00250000018
v -0.05065155 -0.101212271 0.00125000009
v -0.04955281 -0.10239806 -1.1102231E-18
v -0.05175029 -0.100026481 0.00250000018
v -0.05175029 -0.100026481 -1.1102231E-18
v -0.0505079143 -0.105486929 0.00250000018
v -0.05003036 -0.1039425 0.00125000009
v -0.0505079143 -0.105486929 -1.1102231E-18
v -0.04955281 -0.10239806 0.00250000018
v -0.04955281 -0.10239806 -1.1102231E-18
v -0.00439555 -0.110671774 0.00250000018
v -0.00511760265 -0.10953109 0.00250000018
v -0.004598886 -0.109269336 0.00250000018
v -0.005552061 -0.109865382 0.00250000018
v -0.004110262 -0.110527806 0.00250000018
v -0.004634509 -0.110855624 0.00250000018
v -0.00401552767 -0.109108314 0.00250000018
v -0.00591843948 -0.110273138 0.00250000018
v -0.00378941558 -0.110439241 0.00250000018
v -0.00483601168 -0.1110799 0.00250000018
v -0.00339882262 -0.109068111 0.00250000018
v -0.00621891 -0.110770434 0.00250000018
v -0.00345022231 -0.110417128 0.00250000018
v -0.005001273 -0.111353405 0.00250000018
v -0.002786968 -0.109155126 0.00250000018
v -0.006423857 -0.111339845 0.00250000018
v -0.0031137038 -0.11046499 0.00250000018
v -0.0051139947 -0.111666583 0.00250000018
v -0.00221755169 -0.109360069 0.00250000018
v -0.00651087239 -0.1119517 0.00250000018
v -0.002800526 -0.1105777 0.00250000018
v -0.00516185164 -0.11200311 0.00250000018
v -0.00172026083 -0.109660544 0.00250000018
v -0.006470669 -0.112568408 0.00250000018
v -0.00252701715 -0.110742971 0.00250000018
v -0.005139742 -0.1123423 0.00250000018
v -0.006309647 -0.113151774 0.00250000018
v -0.005051179 -0.112663142 0.00250000018
v -0.001312498 -0.110026918 0.00250000018
v -0.00230274722 -0.11094448 0.00250000018
v -0.00211888924 -0.111183427 0.00250000018
v -0.0009782091 -0.110461384 0.00250000018
v -0.00197492167 -0.111468717 0.00250000018
v -0.000716451555 -0.110980093 0.00250000018
v -0.00188636035 -0.111789569 0.00250000018
v -0.0005554296 -0.111563452 0.00250000018
v -0.001864247 -0.112128749 0.00250000018
v -0.0005152244 -0.112180158 0.00250000018
v -0.00191210583 -0.112465277 0.00250000018
v -0.000602245331 -0.112792015 0.00250000018
v -0.00202482939 -0.112778455 0.00250000018
v -0.0008071922 -0.113361426 0.00250000018
v -0.002190087 -0.113051966 0.00250000018
v -0.00110765919 -0.113858722 0.00250000018
v -0.00239159353 -0.113276236 0.00250000018
v -0.00147403963 -0.114266485 0.00250000018
v -0.001908496 -0.11460077 0.00250000018
v -0.00263054855 -0.113460094 0.00250000018
v -0.00242721662 -0.114862524 0.00250000018
v -0.0029158406 -0.113604061 0.00250000018
v -0.003010571 -0.115023553 0.00250000018
v -0.003236685 -0.113692619 0.00250000018
v -0.00362727419 -0.115063757 0.00250000018
v -0.00357587636 -0.113714732 0.00250000018
v -0.00423913449 -0.114976734 0.00250000018
v -0.00391239859 -0.113666877 0.00250000018
v -0.004808549 -0.114771791 0.00250000018
v -0.00422557443 -0.113554157 0.00250000018
v -0.005305838 -0.114471324 0.00250000018
v -0.00449908525 -0.113388896 0.00250000018
v -0.00571360439 -0.114104941 0.00250000018
v -0.004723355 -0.113187388 0.00250000018
v -0.00604789145 -0.113670483 0.00250000018
v -0.004907213 -0.112948433 0.00250000018
v -0.06038461 -0.09438601 0.00250000018
v -0.06110666 -0.0932453349 0.00250000018
v -0.06058794 -0.09298358 0.00250000018
v -0.0615411177 -0.09357962 0.00250000018
v -0.0600993149 -0.0942420438 0.00250000018
v -0.0606235638 -0.09456987 0.00250000018
v -0.0600045845 -0.09282255 0.00250000018
v -0.0619074963 -0.09398738 0.00250000018
v -0.05977847 -0.0941534862 0.00250000018
v -0.06082507 -0.09479414 0.00250000018
v -0.05938788 -0.09278235 0.00250000018
v -0.0622079633 -0.09448468 0.00250000018
v -0.05943928 -0.09413137 0.00250000018
v -0.0609903261 -0.09506765 0.00250000018
v -0.05877602 -0.09286937 0.00250000018
v -0.06241291 -0.09505409 0.00250000018
v -0.05910276 -0.09417923 0.00250000018
v -0.06110305 -0.09538083 0.00250000018
v -0.0582066067 -0.0930743143 0.00250000018
v -0.0624999329 -0.09566595 0.00250000018
v -0.05878958 -0.09429195 0.00250000018
v -0.06115091 -0.0957173556 0.00250000018
v -0.0577093177 -0.09337478 0.00250000018
v -0.0624597259 -0.09628265 0.00250000018
v -0.05851607 -0.09445721 0.00250000018
v -0.0611287951 -0.0960565358 0.00250000018
v -0.0622987039 -0.09686601 0.00250000018
v -0.0610402338 -0.09637739 0.00250000018
v -0.05730155 -0.09374116 0.00250000018
v -0.0582918 -0.09465872 0.00250000018
v -0.0581079423 -0.09489767 0.00250000018
v -0.0569672659 -0.09417562 0.00250000018
v -0.0579639748 -0.09518296 0.00250000018
v -0.05670551 -0.09469433 0.00250000018
v -0.0578754134 -0.09550381 0.00250000018
v -0.0565444864 -0.0952777 0.00250000018
v -0.0578533038 -0.0958429947 0.00250000018
v -0.0565042831 -0.0958944038 0.00250000018
v -0.05790116 -0.09617952 0.00250000018
v -0.0565913 -0.09650626 0.00250000018
v -0.0580138825 -0.0964927 0.00250000018
v -0.0567962453 -0.09707567 0.00250000018
v -0.0581791438 -0.0967662 0.00250000018
v -0.057096716 -0.09757297 0.00250000018
v -0.05838065 -0.09699048 0.00250000018
v -0.0574630946 -0.09798072 0.00250000018
v -0.0578975528 -0.0983150154 0.00250000018
v -0.0586196035 -0.09717433 0.00250000018
v -0.05841627 -0.09857677 0.00250000018
v -0.0589048937 -0.0973183 0.00250000018
v -0.0589996278 -0.09873779 0.00250000018
v -0.059225738 -0.0974068642 0.00250000018
v -0.0596163347 -0.0987779945 0.00250000018
v -0.0595649332 -0.09742898 0.00250000018
v -0.0602281876 -0.09869098 0.00250000018
v -0.0599014536 -0.097381115 0.00250000018
v -0.0607976019 -0.0984860361 0.00250000018
v -0.06021463 -0.0972684 0.00250000018
v -0.0612948947 -0.09818556 0.00250000018
v -0.06048814 -0.0971031338 0.00250000018
v -0.0617026575 -0.09781919 0.00250000018
v -0.06071241 -0.0969016254 0.00250000018
v -0.0620369464 -0.09738472 0.00250000018
v -0.0608962663 -0.09666268 0.00250000018
v -0.0390475877 -0.121974841 0.00250000018
v -0.039078515 -0.120208934 0.00250000018
v -0.0388050042 -0.1203742 0.00250000018
v -0.03849183 -0.120486923 0.00250000018
v -0.0381553061 -0.120534778 0.00250000018
v -0.0393027849 -0.120007433 0.00250000018
v -0.03781612 -0.120512664 0.00250000018
v -0.0358949974 -0.121257558 0.00250000018
v -0.0412450731 -0.119603261 0.00250000018
v -0.03749527 -0.120424107 0.00250000018
v -0.0394866429 -0.119768478 0.00250000018
v -0.0372099765 -0.120280139 0.00250000018
v -0.03963061 -0.119483188 0.00250000018
v -0.0369710252 -0.120096281 0.00250000018
v -0.03971917 -0.119162336 0.00250000018
v -0.0397412851 -0.118823156 0.00250000018
v -0.0396934226 -0.118486628 0.00250000018
v -0.0402899645 -0.1165144 0.00250000018
v -0.0367695168 -0.119872011 0.00250000018
v -0.03660426 -0.1195985 0.00250000018
v -0.03649154 -0.119285323 0.00250000018
v -0.0395807028 -0.11817345 0.00250000018
v -0.0349398926 -0.118168689 0.00250000018
v -0.03941545 -0.117899939 0.00250000018
v -0.0364436768 -0.1189488 0.00250000018
v -0.0392139368 -0.117675669 0.00250000018
v -0.03646579 -0.118609607 0.00250000018
v -0.0389749855 -0.117491812 0.00250000018
v -0.03868969 -0.117347851 0.00250000018
v -0.0383688435 -0.117259286 0.00250000018
v -0.03655435 -0.118288763 0.00250000018
v -0.03669832 -0.118003473 0.00250000018
v -0.036882177 -0.117764518 0.00250000018
v -0.0371373743 -0.11579711 0.00250000018
v -0.0380296558 -0.117237173 0.00250000018
v -0.0371064469 -0.117563009 0.00250000018
v -0.0376931354 -0.117285028 0.00250000018
v -0.0373799577 -0.117397755 0.00250000018
v -0.03747129 -0.1216162 0.00125000009
v -0.0358949974 -0.121257558 0.00250000018
v -0.0358949974 -0.121257558 -1.1102231E-18
v -0.0390475877 -0.121974841 -1.1102231E-18
v -0.0390475877 -0.121974841 0.00250000018
v -0.0412450731 -0.119603261 0.00250000018
v -0.04014633 -0.120789051 0.00125000009
v -0.0412450731 -0.119603261 -1.1102231E-18
v -0.0390475877 -0.121974841 0.00250000018
v -0.0390475877 -0.121974841 -1.1102231E-18
v -0.0402899645 -0.1165144 0.00250000018
v -0.04076752 -0.11805883 0.00125000009
v -0.0402899645 -0.1165144 -1.1102231E-18
v -0.0412450731 -0.119603261 0.00250000018
v -0.0412450731 -0.119603261 -1.1102231E-18
v -0.0371373743 -0.11579711 0.00250000018
v -0.03871367 -0.116155751 0.00125000009
v -0.0371373743 -0.11579711 -1.1102231E-18
v -0.0402899645 -0.1165144 0.00250000018
v -0.0402899645 -0.1165144 -1.1102231E-18
v -0.0349398926 -0.118168689 0.00250000018
v -0.0360386334 -0.1169829 0.00125000009
v -0.0349398926 -0.118168689 -1.1102231E-18
v -0.0371373743 -0.11579711 0.00250000018
v -0.0371373743 -0.11579711 -1.1102231E-18
v -0.0258777812 -0.0920489952 0.00250000018
v -0.0259087086 -0.0902830958 0.00250000018
v -0.0256351978 -0.09044835 0.00250000018
v -0.02532202 -0.09056108 0.00250000018
v -0.0249855 -0.09060893 0.00250000018
v -0.0261329766 -0.09008159 0.00250000018
v -0.02464631 -0.09058682 0.00250000018
v -0.022725191 -0.0913317055 0.00250000018
v -0.0280752629 -0.0896774158 0.00250000018
v -0.0243254639 -0.09049825 0.00250000018
v -0.0263168365 -0.08984263 0.00250000018
v -0.02404017 -0.09035429 0.00250000018
v -0.026460804 -0.08955734 0.00250000018
v -0.0238012187 -0.0901704356 0.00250000018
v -0.0265493654 -0.0892365 0.00250000018
v -0.0265714787 -0.0888973 0.00250000018
v -0.0265236162 -0.08856078 0.00250000018
v -0.02712016 -0.08658855 0.00250000018
v -0.0235997085 -0.0899461657 0.00250000018
v -0.0234344527 -0.0896726549 0.00250000018
v -0.0233217329 -0.08935948 0.00250000018
v -0.0264108963 -0.0882476047 0.00250000018
v -0.0217700843 -0.0882428437 0.00250000018
v -0.0262456387 -0.0879740939 0.00250000018
v -0.02327387 -0.08902295 0.00250000018
v -0.02604413 -0.0877498239 0.00250000018
v -0.0232959837 -0.08868377 0.00250000018
v -0.025805179 -0.087565966 0.00250000018
v -0.0255198851 -0.087422 0.00250000018
v -0.025199037 -0.08733344 0.00250000018
v -0.023384545 -0.08836292 0.00250000018
v -0.0235285126 -0.08807763 0.00250000018
v -0.02371237 -0.08783867 0.00250000018
v -0.0239675678 -0.0858712643 0.00250000018
v -0.02485985 -0.08731133 0.00250000018
v -0.02393664 -0.08763717 0.00250000018
v -0.0245233253 -0.08735918 0.00250000018
v -0.0242101513 -0.0874719 0.00250000018
v -0.0228688251 -0.087057054 0.00125000009
v -0.0239675678 -0.0858712643 0.00250000018
v -0.0239675678 -0.0858712643 -1.1102231E-18
v -0.0217700843 -0.0882428437 -1.1102231E-18
v -0.0217700843 -0.0882428437 0.00250000018
v -0.022725191 -0.0913317055 0.00250000018
v -0.0222476348 -0.0897872746 0.00125000009
v -0.022725191 -0.0913317055 -1.1102231E-18
v -0.0217700843 -0.0882428437 0.00250000018
v -0.0217700843 -0.0882428437 -1.1102231E-18
v -0.0258777812 -0.0920489952 0.00250000018
v -0.0243014842 -0.091690354 0.00125000009
v -0.0258777812 -0.0920489952 -1.1102231E-18
v -0.022725191 -0.0913317055 0.00250000018
v -0.022725191 -0.0913317055 -1.1102231E-18
v -0.0280752629 -0.0896774158 0.00250000018
v -0.0269765221 -0.0908632055 0.00125000009
v -0.0280752629 -0.0896774158 -1.1102231E-18
v -0.0258777812 -0.0920489952 0.00250000018
v -0.0258777812 -0.0920489952 -1.1102231E-18
v -0.02712016 -0.08658855 0.00250000018
v -0.02759771 -0.0881329849 0.00125000009
v -0.02712016 -0.08658855 -1.1102231E-18
v -0.0280752629 -0.0896774158 0.00250000018
v -0.0280752629 -0.0896774158 -1.1102231E-18
v -0.0170420632 -0.101584725 0.00250000018
v -0.01707299 -0.0998188257 0.00250000018
v -0.01679948 -0.09998408 0.00250000018
v -0.016486302 -0.1000968 0.00250000018
v -0.0161497816 -0.100144662 0.00250000018
v -0.01729726 -0.09961731 0.00250000018
v -0.0158105921 -0.100122549 0.00250000018
v -0.0138894729 -0.100867435 0.00250000018
v -0.0192395486 -0.0992131457 0.00250000018
v -0.0154897459 -0.100033984 0.00250000018
v -0.0174811184 -0.09937836 0.00250000018
v -0.015204452 -0.09989002 0.00250000018
v -0.017625086 -0.09909307 0.00250000018
v -0.0149655007 -0.09970616 0.00250000018
v -0.0177136473 -0.09877222 0.00250000018
v -0.01773576 -0.09843303 0.00250000018
v -0.0176879 -0.09809651 0.00250000018
v -0.01828444 -0.09612428 0.00250000018
v -0.01476399 -0.09948189 0.00250000018
v -0.0145987328 -0.0992083848 0.00250000018
v -0.014486013 -0.09889521 0.00250000018
v -0.0175751783 -0.0977833346 0.00250000018
v -0.0129343662 -0.09777857 0.00250000018
v -0.01740992 -0.0975098237 0.00250000018
v -0.0144381523 -0.09855868 0.00250000018
v -0.0172084123 -0.0972855538 0.00250000018
v -0.0144602656 -0.09821949 0.00250000018
v -0.01696946 -0.0971016958 0.00250000018
v -0.0166841671 -0.09695773 0.00250000018
v -0.01636332 -0.09686917 0.00250000018
v -0.014548827 -0.09789865 0.00250000018
v -0.0146927945 -0.09761336 0.00250000018
v -0.0148766525 -0.0973744 0.00250000018
v -0.01513185 -0.0954069942 0.00250000018
v -0.0160241313 -0.09684705 0.00250000018
v -0.0151009224 -0.09717289 0.00250000018
v -0.0156876072 -0.09689491 0.00250000018
v -0.0153744332 -0.09700763 0.00250000018
v -0.0140331089 -0.0965927839 0.00125000009
v -0.01513185 -0.0954069942 0.00250000018
v -0.01513185 -0.0954069942 -1.1102231E-18
v -0.0129343662 -0.09777857 -1.1102231E-18
v -0.0129343662 -0.09777857 0.00250000018
v -0.0138894729 -0.100867435 0.00250000018
v -0.0134119168 -0.0993230045 0.00125000009
v -0.0138894729 -0.100867435 -1.1102231E-18
v -0.0129343662 -0.09777857 0.00250000018
v -0.0129343662 -0.09777857 -1.1102231E-18
v -0.0170420632 -0.101584725 0.00250000018
v -0.0154657662 -0.101226084 0.00125000009
v -0.0170420632 -0.101584725 -1.1102231E-18
v -0.0138894729 -0.100867435 0.00250000018
v -0.0138894729 -0.100867435 -1.1102231E-18
v -0.0192395486 -0.0992131457 0.00250000018
v -0.018140804 -0.100398935 0.00125000009
v -0.0192395486 -0.0992131457 -1.1102231E-18
v -0.0170420632 -0.101584725 0.00250000018
v -0.0170420632 -0.101584725 -1.1102231E-18
v -0.01828444 -0.09612428 0.00250000018
v -0.0187619943 -0.09766871 0.00125000009
v -0.01828444 -0.09612428 -1.1102231E-18
v -0.0192395486 -0.0992131457 0.00250000018
v -0.0192395486 -0.0992131457 -1.1102231E-18
v -0.0478833057 -0.112439111 0.00250000018
v -0.0479142331 -0.110673212 0.00250000018
v -0.0476407222 -0.110838473 0.00250000018
v -0.04732755 -0.110951193 0.00250000018
v -0.0469910242 -0.110999055 0.00250000018
v -0.048138503 -0.1104717 0.00250000018
v -0.0466518328 -0.110976934 0.00250000018
v -0.0447307155 -0.111721829 0.00250000018
v -0.05008079 -0.110067531 0.00250000018
v -0.04633099 -0.110888377 0.00250000018
v -0.04832236 -0.110232748 0.00250000018
v -0.0460457 -0.110744409 0.00250000018
v -0.04846633 -0.109947458 0.00250000018
v -0.0458067432 -0.110560551 0.00250000018
v -0.04855489 -0.109626614 0.00250000018
v -0.0485770032 -0.109287426 0.00250000018
v -0.04852914 -0.1089509 0.00250000018
v -0.0491256826 -0.10697867 0.00250000018
v -0.0456052348 -0.110336281 0.00250000018
v -0.0454399772 -0.110062771 0.00250000018
v -0.0453272536 -0.109749593 0.00250000018
v -0.04841642 -0.10863772 0.00250000018
v -0.0437756069 -0.108632959 0.00250000018
v -0.0482511669 -0.108364217 0.00250000018
v -0.0452793948 -0.109413072 0.00250000018
v -0.0480496548 -0.108139947 0.00250000018
v -0.04530151 -0.109073885 0.00250000018
v -0.0478107035 -0.107956082 0.00250000018
v -0.04752541 -0.107812122 0.00250000018
v -0.04720456 -0.107723556 0.00250000018
v -0.04539007 -0.108753033 0.00250000018
v -0.0455340371 -0.108467743 0.00250000018
v -0.045717895 -0.108228795 0.00250000018
v -0.0459730923 -0.10626138 0.00250000018
v -0.0468653738 -0.107701443 0.00250000018
v -0.045942165 -0.108027279 0.00250000018
v -0.0465288535 -0.107749306 0.00250000018
v -0.0462156758 -0.107862025 0.00250000018
v -0.04630701 -0.11208047 0.00125000009
v -0.0447307155 -0.111721829 0.00250000018
v -0.0447307155 -0.111721829 -1.1102231E-18
v -0.0478833057 -0.112439111 -1.1102231E-18
v -0.0478833057 -0.112439111 0.00250000018
v -0.05008079 -0.110067531 0.00250000018
v -0.0489820465 -0.111253321 0.00125000009
v -0.05008079 -0.110067531 -1.1102231E-18
v -0.0478833057 -0.112439111 0.00250000018
v -0.0478833057 -0.112439111 -1.1102231E-18
v -0.0491256826 -0.10697867 0.00250000018
v -0.04960324 -0.1085231 0.00125000009
v -0.0491256826 -0.10697867 -1.1102231E-18
v -0.05008079 -0.110067531 0.00250000018
v -0.05008079 -0.110067531 -1.1102231E-18
v -0.0459730923 -0.10626138 0.00250000018
v -0.04754939 -0.106620021 0.00125000009
v -0.0459730923 -0.10626138 -1.1102231E-18
v -0.0491256826 -0.10697867 0.00250000018
v -0.0491256826 -0.10697867 -1.1102231E-18
v -0.0437756069 -0.108632959 0.00250000018
v -0.04487435 -0.10744717 0.00125000009
v -0.0437756069 -0.108632959 -1.1102231E-18
v -0.0459730923 -0.10626138 0.00250000018
v -0.0459730923 -0.10626138 -1.1102231E-18
v -0.03837908 -0.0739958957 0.00250000018
v -0.039101135 -0.07285522 0.00250000018
v -0.0385824144 -0.07259346 0.00250000018
v -0.0395355932 -0.0731895044 0.00250000018
v -0.03809379 -0.07385193 0.00250000018
v -0.03861804 -0.07417975 0.00250000018
v -0.03799906 -0.072432436 0.00250000018
v -0.03990197 -0.07359727 0.00250000018
v -0.0377729461 -0.07376336 0.00250000018
v -0.038819544 -0.07440402 0.00250000018
v -0.0373823568 -0.07239223 0.00250000018
v -0.04020244 -0.07409456 0.00250000018
v -0.03743375 -0.07374126 0.00250000018
v -0.0389848 -0.07467753 0.00250000018
v -0.0367704965 -0.07247925 0.00250000018
v -0.0404073857 -0.07466397 0.00250000018
v -0.03709723 -0.07378911 0.00250000018
v -0.0390975252 -0.0749907047 0.00250000018
v -0.0362010822 -0.0726842 0.00250000018
v -0.0404944047 -0.07527582 0.00250000018
v -0.0367840566 -0.07390183 0.00250000018
v -0.03914538 -0.07532723 0.00250000018
v -0.0357037932 -0.0729846656 0.00250000018
v -0.0404542 -0.07589254 0.00250000018
v -0.0365105458 -0.07406709 0.00250000018
v -0.0391232669 -0.07566642 0.00250000018
v -0.04029318 -0.0764758959 0.00250000018
v -0.03903471 -0.0759872645 0.00250000018
v -0.0352960266 -0.07335104 0.00250000018
v -0.0362862758 -0.0742685944 0.00250000018
v -0.0361024179 -0.07450755 0.00250000018
v -0.0349617377 -0.0737855062 0.00250000018
v -0.03595845 -0.07479285 0.00250000018
v -0.03469998 -0.0743042156 0.00250000018
v -0.0358698852 -0.07511369 0.00250000018
v -0.0345389619 -0.07488757 0.00250000018
v -0.0358477756 -0.07545288 0.00250000018
v -0.0344987549 -0.07550428 0.00250000018
v -0.0358956344 -0.07578941 0.00250000018
v -0.0345857739 -0.0761161447 0.00250000018
v -0.036008358 -0.0761025846 0.00250000018
v -0.03479072 -0.0766855553 0.00250000018
v -0.03617362 -0.07637609 0.00250000018
v -0.03509119 -0.0771828443 0.00250000018
v -0.03637512 -0.07660036 0.00250000018
v -0.03545757 -0.07759061 0.00250000018
v -0.03589203 -0.07792489 0.00250000018
v -0.03661408 -0.0767842159 0.00250000018
v -0.0364107452 -0.07818665 0.00250000018
v -0.03689937 -0.07692818 0.00250000018
v -0.0369941033 -0.0783476755 0.00250000018
v -0.0372202136 -0.07701674 0.00250000018
v -0.0376108065 -0.07838788 0.00250000018
v -0.037559405 -0.0770388544 0.00250000018
v -0.0382226631 -0.07830086 0.00250000018
v -0.0378959253 -0.076991 0.00250000018
v -0.0387920775 -0.07809591 0.00250000018
v -0.0382091068 -0.07687828 0.00250000018
v -0.0392893665 -0.0777954459 0.00250000018
v -0.0384826139 -0.0767130256 0.00250000018
v -0.039697133 -0.07742907 0.00250000018
v -0.0387068838 -0.07651151 0.00250000018
v -0.0400314219 -0.0769946054 0.00250000018
v -0.03889074 -0.07627256 0.00250000018
v -0.03327039 -0.12820974 0.00250000018
v -0.03169409 -0.1278511 0.00125000009
v -0.03327039 -0.12820974 -1.1102231E-18
v -0.0301177967 -0.127492458 0.00250000018
v -0.0301177967 -0.127492458 -1.1102231E-18
v -0.0297447667 -0.0796363652 0.00250000018
v -0.0313210636 -0.07999501 0.00125000009
v -0.0297447667 -0.0796363652 -1.1102231E-18
v -0.03289736 -0.08035365 0.00250000018
v -0.03289736 -0.08035365 -1.1102231E-18
v -0.0112648644 -0.107819624 0.00250000018
v -0.009688567 -0.107460983 0.00125000009
v -0.0112648644 -0.107819624 -1.1102231E-18
v -0.008112272 -0.107102334 0.00250000018
v -0.008112272 -0.107102334 -1.1102231E-18
v -0.0536605045 -0.106204212 0.00250000018
v -0.0520842075 -0.105845571 0.00125000009
v -0.0536605045 -0.106204212 -1.1102231E-18
v -0.0505079143 -0.105486929 0.00250000018
v -0.0505079143 -0.105486929 -1.1102231E-18
v -0.0358949974 -0.121257558 0.00250000018
v -0.035417445 -0.11971312 0.00125000009
v -0.0358949974 -0.121257558 -1.1102231E-18
v -0.0349398926 -0.118168689 0.00250000018
v -0.0349398926 -0.118168689 -1.1102231E-18
v -0.0239675678 -0.0858712643 0.00250000018
v -0.0255438648 -0.0862299055 0.00125000009
v -0.0239675678 -0.0858712643 -1.1102231E-18
v -0.02712016 -0.08658855 0.00250000018
v -0.02712016 -0.08658855 -1.1102231E-18
v -0.01513185 -0.0954069942 0.00250000018
v -0.0167081468 -0.0957656354 0.00125000009
v -0.01513185 -0.0954069942 -1.1102231E-18
v -0.01828444 -0.09612428 0.00250000018
v -0.01828444 -0.09612428 -1.1102231E-18
v -0.0447307155 -0.111721829 0.00250000018
v -0.044253163 -0.1101774 0.00125000009
v -0.0447307155 -0.111721829 -1.1102231E-18
v -0.0437756069 -0.108632959 0.00250000018
v -0.0437756069 -0.108632959 -1.1102231E-18
f 1 2 3
f 1 3 4
f 5 1 4
f 4 3 6
f 7 5 4
f 8 4 6
f 7 4 8
f 8 6 9
f 10 7 8
f 11 8 9
f 10 8 11
f 11 9 12
f 13 10 11
f 14 11 12
f 13 11 14
f 14 12 15
f 16 13 14
f 17 14 15
f 16 14 17
f 17 15 18
f 19 16 17
f 20 17 18
f 19 17 20
f 20 18 21
f 22 20 21
f 23 19 20
f 23 20 22
f 22 21 24
f 25 23 22
f 26 22 24
f 27 25 22
f 28 22 26
f 27 22 28
f 29 28 26
f 30 27 28
f 31 28 29
f 31 30 28
f 32 31 29
f 31 32 30
f 32 29 33
f 32 34 30
f 35 32 33
f 32 35 34
f 35 33 36
f 35 37 34
f 38 35 36
f 35 38 37
f 38 36 39
f 38 40 37
f 41 38 39
f 38 41 40
f 41 39 42
f 41 43 40
f 44 41 42
f 41 44 43
f 44 42 45
f 44 46 43
f 47 44 45
f 44 47 46
f 47 45 48
f 46 47 49
f 47 48 49
f 48 50 49
f 50 51 49
f 49 51 52
f 50 53 51
f 51 54 52
f 53 55 51
f 51 55 54
f 53 56 55
f 55 57 54
f 56 58 55
f 55 58 57
f 56 59 58
f 58 60 57
f 59 61 58
f 58 61 60
f 59 62 61
f 61 63 60
f 62 64 61
f 61 64 63
f 62 65 64
f 64 66 63
f 65 67 64
f 64 67 66
f 65 68 67
f 68 69 67
f 67 70 66
f 67 69 70
f 68 71 69
f 69 72 70
f 71 73 69
f 69 74 72
f 73 75 69
f 69 75 74
f 73 76 75
f 75 77 74
f 76 78 75
f 75 78 77
f 76 79 78
f 79 77 78
f 80 79 76
f 79 81 77
f 82 79 80
f 79 82 81
f 83 82 80
f 82 84 81
f 85 82 83
f 82 85 84
f 86 85 83
f 85 87 84
f 88 85 86
f 85 88 87
f 89 88 86
f 88 90 87
f 91 88 89
f 88 91 90
f 92 91 89
f 91 93 90
f 94 91 92
f 91 94 93
f 95 94 92
f 94 96 93
f 94 95 96
f 97 98 99
f 97 99 100
f 101 97 100
f 100 99 102
f 103 101 100
f 104 100 102
f 103 100 104
f 104 102 105
f 106 103 104
f 107 104 105
f 106 104 107
f 107 105 108
f 109 106 107
f 110 107 108
f 109 107 110
f 110 108 111
f 112 109 110
f 113 110 111
f 112 110 113
f 113 111 114
f 115 112 113
f 116 113 114
f 115 113 116
f 116 114 117
f 118 116 117
f 119 115 116
f 119 116 118
f 118 117 120
f 121 119 118
f 122 118 120
f 123 121 118
f 124 118 122
f 123 118 124
f 125 124 122
f 126 123 124
f 127 124 125
f 127 126 124
f 128 127 125
f 127 128 126
f 128 125 129
f 128 130 126
f 131 128 129
f 128 131 130
f 131 129 132
f 131 133 130
f 134 131 132
f 131 134 133
f 134 132 135
f 134 136 133
f 137 134 135
f 134 137 136
f 137 135 138
f 137 139 136
f 140 137 138
f 137 140 139
f 140 138 141
f 140 142 139
f 143 140 141
f 140 143 142
f 143 141 144
f 142 143 145
f 143 144 145
f 144 146 145
f 146 147 145
f 145 147 148
f 146 149 147
f 147 150 148
f 149 151 147
f 147 151 150
f 149 152 151
f 151 153 150
f 152 154 151
f 151 154 153
f 152 155 154
f 154 156 153
f 155 157 154
f 154 157 156
f 155 158 157
f 157 159 156
f 158 160 157
f 157 160 159
f 158 161 160
f 160 162 159
f 161 163 160
f 160 163 162
f 161 164 163
f 164 165 163
f 163 166 162
f 163 165 166
f 164 167 165
f 165 168 166
f 167 169 165
f 165 170 168
f 169 171 165
f 165 171 170
f 169 172 171
f 171 173 170
f 172 174 171
f 171 174 173
f 172 175 174
f 175 173 174
f 176 175 172
f 175 177 173
f 178 175 176
f 175 178 177
f 179 178 176
f 178 180 177
f 181 178 179
f 178 181 180
f 182 181 179
f 181 183 180
f 184 181 182
f 181 184 183
f 185 184 182
f 184 186 183
f 187 184 185
f 184 187 186
f 188 187 185
f 187 189 186
f 190 187 188
f 187 190 189
f 191 190 188
f 190 192 189
f 190 191 192
f 193 194 195
f 193 195 196
f 197 193 196
f 196 195 198
f 199 197 196
f 200 196 198
f 199 196 200
f 200 198 201
f 202 199 200
f 203 200 201
f 202 200 203
f 203 201 204
f 205 202 203
f 206 203 204
f 205 203 206
f 206 204 207
f 208 205 206
f 209 206 207
f 208 206 209
f 209 207 210
f 211 208 209
f 212 209 210
f 211 209 212
f 212 210 213
f 214 212 213
f 215 211 212
f 215 212 214
f 214 213 216
f 217 215 214
f 218 214 216
f 219 217 214
f 220 214 218
f 219 214 220
f 221 220 218
f 222 219 220
f 223 220 221
f 223 222 220
f 224 223 221
f 223 224 222
f 224 221 225
f 224 226 222
f 227 224 225
f 224 227 226
f 227 225 228
f 227 229 226
f 230 227 228
f 227 230 229
f 230 228 231
f 230 232 229
f 233 230 231
f 230 233 232
f 233 231 234
f 233 235 232
f 236 233 234
f 233 236 235
f 236 234 237
f 236 238 235
f 239 236 237
f 236 239 238
f 239 237 240
f 238 239 241
f 239 240 241
f 240 242 241
f 242 243 241
f 241 243 244
f 242 245 243
f 243 246 244
f 245 247 243
f 243 247 246
f 245 248 247
f 247 249 246
f 248 250 247
f 247 250 249
f 248 251 250
f 250 252 249
f 251 253 250
f 250 253 252
f 251 254 253
f 253 255 252
f 254 256 253
f 253 256 255
f 254 257 256
f 256 258 255
f 257 259 256
f 256 259 258
f 257 260 259
f 260 261 259
f 259 262 258
f 259 261 262
f 260 263 261
f 261 264 262
f 263 265 261
f 261 266 264
f 265 267 261
f 261 267 266
f 265 268 267
f 267 269 266
f 268 270 267
f 267 270 269
f 268 271 270
f 271 269 270
f 272 271 268
f 271 273 269
f 274 271 272
f 271 274 273
f 275 274 272
f 274 276 273
f 277 274 275
f 274 277 276
f 278 277 275
f 277 279 276
f 280 277 278
f 277 280 279
f 281 280 278
f 280 282 279
f 283 280 281
f 280 283 282
f 284 283 281
f 283 285 282
f 286 283 284
f 283 286 285
f 287 286 284
f 286 288 285
f 286 287 288
f 289 290 291
f 289 291 292
f 293 289 292
f 292 291 294
f 295 293 292
f 296 292 294
f 295 292 296
f 296 294 297
f 298 295 296
f 299 296 297
f 298 296 299
f 299 297 300
f 301 298 299
f 302 299 300
f 301 299 302
f 302 300 303
f 304 301 302
f 305 302 303
f 304 302 305
f 305 303 306
f 307 304 305
f 308 305 306
f 307 305 308
f 308 306 309
f 310 308 309
f 311 307 308
f 311 308 310
f 310 309 312
f 313 311 310
f 314 310 312
f 315 313 310
f 316 310 314
f 315 310 316
f 317 316 314
f 318 315 316
f 319 316 317
f 319 318 316
f 320 319 317
f 319 320 318
f 320 317 321
f 320 322 318
f 323 320 321
f 320 323 322
f 323 321 324
f 323 325 322
f 326 323 324
f 323 326 325
f 326 324 327
f 326 328 325
f 329 326 327
f 326 329 328
f 329 327 330
f 329 331 328
f 332 329 330
f 329 332 331
f 332 330 333
f 332 334 331
f 335 332 333
f 332 335 334
f 335 333 336
f 334 335 337
f 335 336 337
f 336 338 337
f 338 339 337
f 337 339 340
f 338 341 339
f 339 342 340
f 341 343 339
f 339 343 342
f 341 344 343
f 343 345 342
f 344 346 343
f 343 346 345
f 344 347 346
f 346 348 345
f 347 349 346
f 346 349 348
f 347 350 349
f 349 351 348
f 350 352 349
f 349 352 351
f 350 353 352
f 352 354 351
f 353 355 352
f 352 355 354
f 353 356 355
f 356 357 355
f 355 358 354
f 355 357 358
f 356 359 357
f 357 360 358
f 359 361 357
f 357 362 360
f 361 363 357
f 357 363 362
f 361 364 363
f 363 365 362
f 364 366 363
f 363 366 365
f 364 367 366
f 367 365 366
f 368 367 364
f 367 369 365
f 370 367 368
f 367 370 369
f 371 370 368
f 370 372 369
f 373 370 371
f 370 373 372
f 374 373 371
f 373 375 372
f 376 373 374
f 373 376 375
f 377 376 374
f 376 378 375
f 379 376 377
f 376 379 378
f 380 379 377
f 379 381 378
f 382 379 380
f 379 382 381
f 383 382 380
f 382 384 381
f 382 383 384
f 385 386 387
f 388 385 387
f 385 388 389
f 388 387 390
f 388 391 389
f 392 388 390
f 388 392 391
f 392 390 393
f 392 394 391
f 395 392 393
f 392 395 394
f 395 393 396
f 395 397 394
f 398 395 396
f 395 398 397
f 398 396 399
f 398 400 397
f 401 398 399
f 398 401 400
f 401 399 402
f 401 403 400
f 404 401 402
f 401 404 403
f 404 402 405
f 406 404 405
f 404 407 403
f 404 406 407
f 406 405 408
f 406 409 407
f 406 408 410
f 406 411 409
f 412 406 410
f 406 412 411
f 412 410 413
f 412 414 411
f 415 412 413
f 412 415 414
f 415 413 416
f 415 417 414
f 418 415 416
f 415 418 417
f 418 416 419
f 418 420 417
f 421 418 419
f 418 421 420
f 421 419 422
f 421 423 420
f 424 421 422
f 421 424 423
f 424 422 425
f 424 426 423
f 427 424 425
f 424 427 426
f 427 425 428
f 429 427 428
f 427 430 426
f 427 429 430
f 429 428 431
f 429 432 430
f 429 431 433
f 429 434 432
f 435 429 433
f 429 435 434
f 435 433 436
f 435 437 434
f 438 435 436
f 435 438 437
f 438 436 439
f 438 440 437
f 441 438 439
f 438 441 440
f 441 439 442
f 441 443 440
f 441 442 444
f 443 441 444
f 445 444 442
f 443 444 445
f 446 445 442
f 447 443 445
f 448 445 446
f 447 445 448
f 449 448 446
f 450 447 448
f 451 448 449
f 450 448 451
f 452 451 449
f 453 450 451
f 454 451 452
f 453 451 454
f 455 454 452
f 456 453 454
f 457 454 455
f 456 454 457
f 458 457 455
f 459 456 457
f 460 457 458
f 459 457 460
f 461 460 458
f 462 459 460
f 463 460 461
f 463 462 460
f 464 463 461
f 463 464 462
f 464 461 465
f 464 466 462
f 467 464 465
f 464 467 466
f 467 465 468
f 467 469 466
f 470 467 468
f 467 470 469
f 470 468 471
f 470 472 469
f 473 470 471
f 470 473 472
f 473 471 474
f 473 475 472
f 476 473 474
f 473 476 475
f 476 474 477
f 476 478 475
f 479 476 477
f 476 479 478
f 479 477 480
f 478 479 481
f 479 480 481
f 480 482 481
f 482 483 481
f 481 483 484
f 482 485 483
f 483 486 484
f 485 487 483
f 483 487 486
f 485 488 487
f 487 489 486
f 488 490 487
f 487 490 489
f 488 491 490
f 490 492 489
f 491 493 490
f 490 493 492
f 491 494 493
f 493 495 492
f 494 496 493
f 493 496 495
f 494 497 496
f 496 498 495
f 497 499 496
f 496 499 498
f 497 500 499
f 500 501 499
f 499 502 498
f 499 501 502
f 500 503 501
f 501 504 502
f 503 505 501
f 501 506 504
f 505 507 501
f 501 507 506
f 505 508 507
f 507 509 506
f 508 510 507
f 507 510 509
f 508 511 510
f 510 512 509
f 511 513 510
f 510 513 512
f 511 514 513
f 513 515 512
f 514 516 513
f 513 516 515
f 514 517 516
f 516 518 515
f 517 519 516
f 516 519 518
f 517 520 519
f 519 521 518
f 520 522 519
f 519 522 521
f 520 523 522
f 523 524 522
f 522 525 521
f 522 524 525
f 523 526 524
f 524 527 525
f 526 528 524
f 524 529 527
f 528 530 524
f 524 530 529
f 528 531 530
f 530 532 529
f 531 533 530
f 530 533 532
f 531 534 533
f 533 535 532
f 534 536 533
f 533 536 535
f 534 537 536
f 536 538 535
f 537 539 536
f 536 539 538
f 537 540 539
f 540 538 539
f 540 537 541
f 540 542 538
f 543 540 541
f 540 543 542
f 543 541 544
f 543 545 542
f 546 543 544
f 543 546 545
f 546 544 547
f 546 548 545
f 549 546 547
f 546 549 548
f 549 547 550
f 549 551 548
f 552 549 550
f 549 552 551
f 552 550 553
f 552 554 551
f 555 552 553
f 552 555 554
f 555 553 556
f 555 557 554
f 558 555 556
f 555 558 557
f 558 556 559
f 558 559 557
f 556 560 559
f 561 557 559
f 560 562 559
f 561 559 562
f 560 563 562
f 564 561 562
f 563 565 562
f 564 562 565
f 563 566 565
f 567 564 565
f 566 568 565
f 567 565 568
f 566 569 568
f 570 567 568
f 569 571 568
f 570 568 571
f 569 572 571
f 573 570 571
f 572 574 571
f 573 571 574
f 572 575 574
f 576 573 574
f 575 576 574
f 577 578 579
f 580 577 579
f 577 580 581
f 580 579 582
f 580 583 581
f 584 580 582
f 580 584 583
f 584 582 585
f 584 586 583
f 587 584 585
f 584 587 586
f 587 585 588
f 587 589 586
f 590 587 588
f 587 590 589
f 590 588 591
f 590 592 589
f 593 590 591
f 590 593 592
f 593 591 594
f 593 595 592
f 596 593 594
f 593 596 595
f 596 594 597
f 598 596 597
f 596 599 595
f 596 598 599
f 598 597 600
f 598 601 599
f 598 600 602
f 598 603 601
f 604 598 602
f 598 604 603
f 604 602 605
f 604 606 603
f 607 604 605
f 604 607 606
f 607 605 608
f 607 609 606
f 610 607 608
f 607 610 609
f 610 608 611
f 610 612 609
f 613 610 611
f 610 613 612
f 613 611 614
f 613 615 612
f 616 613 614
f 613 616 615
f 616 614 617
f 616 618 615
f 619 616 617
f 616 619 618
f 619 617 620
f 621 619 620
f 619 622 618
f 619 621 622
f 621 620 623
f 621 624 622
f 621 623 625
f 621 626 624
f 627 621 625
f 621 627 626
f 627 625 628
f 627 629 626
f 630 627 628
f 627 630 629
f 630 628 631
f 630 632 629
f 633 630 631
f 630 633 632
f 633 631 634
f 633 635 632
f 633 634 636
f 635 633 636
f 637 636 634
f 635 636 637
f 638 637 634
f 639 635 637
f 640 637 638
f 639 637 640
f 641 640 638
f 642 639 640
f 643 640 641
f 642 640 643
f 644 643 641
f 645 642 643
f 646 643 644
f 645 643 646
f 647 646 644
f 648 645 646
f 649 646 647
f 648 646 649
f 650 649 647
f 651 648 649
f 652 649 650
f 651 649 652
f 653 652 650
f 654 651 652
f 655 652 653
f 655 654 652
f 656 655 653
f 655 656 654
f 656 653 657
f 656 658 654
f 659 656 657
f 656 659 658
f 659 657 660
f 659 661 658
f 662 659 660
f 659 662 661
f 662 660 663
f 662 664 661
f 665 662 663
f 662 665 664
f 665 663 666
f 665 667 664
f 668 665 666
f 665 668 667
f 668 666 669
f 668 670 667
f 671 668 669
f 668 671 670
f 671 669 672
f 670 671 673
f 671 672 673
f 672 674 673
f 674 675 673
f 673 675 676
f 674 677 675
f 675 678 676
f 677 679 675
f 675 679 678
f 677 680 679
f 679 681 678
f 680 682 679
f 679 682 681
f 680 683 682
f 682 684 681
f 683 685 682
f 682 685 684
f 683 686 685
f 685 687 684
f 686 688 685
f 685 688 687
f 686 689 688
f 688 690 687
f 689 691 688
f 688 691 690
f 689 692 691
f 692 693 691
f 691 694 690
f 691 693 694
f 692 695 693
f 693 696 694
f 695 697 693
f 693 698 696
f 697 699 693
f 693 699 698
f 697 700 699
f 699 701 698
f 700 702 699
f 699 702 701
f 700 703 702
f 702 704 701
f 703 705 702
f 702 705 704
f 703 706 705
f 705 707 704
f 706 708 705
f 705 708 707
f 706 709 708
f 708 710 707
f 709 711 708
f 708 711 710
f 709 712 711
f 711 713 710
f 712 714 711
f 711 714 713
f 712 715 714
f 715 716 714
f 714 717 713
f 714 716 717
f 715 718 716
f 716 719 717
f 718 720 716
f 716 721 719
f 720 722 716
f 716 722 721
f 720 723 722
f 722 724 721
f 723 725 722
f 722 725 724
f 723 726 725
f 725 727 724
f 726 728 725
f 725 728 727
f 726 729 728
f 728 730 727
f 729 731 728
f 728 731 730
f 729 732 731
f 732 730 731
f 732 729 733
f 732 734 730
f 735 732 733
f 732 735 734
f 735 733 736
f 735 737 734
f 738 735 736
f 735 738 737
f 738 736 739
f 738 740 737
f 741 738 739
f 738 741 740
f 741 739 742
f 741 743 740
f 744 741 742
f 741 744 743
f 744 742 745
f 744 746 743
f 747 744 745
f 744 747 746
f 747 745 748
f 747 749 746
f 750 747 748
f 747 750 749
f 750 748 751
f 750 751 749
f 748 752 751
f 753 749 751
f 752 754 751
f 753 751 754
f 752 755 754
f 756 753 754
f 755 757 754
f 756 754 757
f 755 758 757
f 759 756 757
f 758 760 757
f 759 757 760
f 758 761 760
f 762 759 760
f 761 763 760
f 762 760 763
f 761 764 763
f 765 762 763
f 764 766 763
f 765 763 766
f 764 767 766
f 768 765 766
f 767 768 766
f 769 770 771
f 770 772 771
f 772 773 771
f 772 774 773
f 774 775 773
f 775 776 773
f 777 778 779
f 777 779 780
f 781 777 780
f 780 779 782
f 783 781 780
f 784 780 782
f 783 780 784
f 784 782 785
f 786 783 784
f 787 784 785
f 786 784 787
f 787 785 788
f 789 786 787
f 790 787 788
f 789 787 790
f 790 788 791
f 792 789 790
f 793 790 791
f 792 790 793
f 793 791 794
f 795 792 793
f 796 793 794
f 795 793 796
f 796 794 797
f 798 796 797
f 799 795 796
f 799 796 798
f 798 797 800
f 801 799 798
f 802 798 800
f 803 801 798
f 804 798 802
f 803 798 804
f 805 804 802
f 806 803 804
f 807 804 805
f 807 806 804
f 808 807 805
f 807 808 806
f 808 805 809
f 808 810 806
f 811 808 809
f 808 811 810
f 811 809 812
f 811 813 810
f 814 811 812
f 811 814 813
f 814 812 815
f 814 816 813
f 817 814 815
f 814 817 816
f 817 815 818
f 817 819 816
f 820 817 818
f 817 820 819
f 820 818 821
f 820 822 819
f 823 820 821
f 820 823 822
f 823 821 824
f 822 823 825
f 823 824 825
f 824 826 825
f 826 827 825
f 825 827 828
f 826 829 827
f 827 830 828
f 829 831 827
f 827 831 830
f 829 832 831
f 831 833 830
f 832 834 831
f 831 834 833
f 832 835 834
f 834 836 833
f 835 837 834
f 834 837 836
f 835 838 837
f 837 839 836
f 838 840 837
f 837 840 839
f 838 841 840
f 840 842 839
f 841 843 840
f 840 843 842
f 841 844 843
f 844 845 843
f 843 846 842
f 843 845 846
f 844 847 845
f 845 848 846
f 847 849 845
f 845 850 848
f 849 851 845
f 845 851 850
f 849 852 851
f 851 853 850
f 852 854 851
f 851 854 853
f 852 855 854
f 855 853 854
f 856 855 852
f 855 857 853
f 858 855 856
f 855 858 857
f 859 858 856
f 858 860 857
f 861 858 859
f 858 861 860
f 862 861 859
f 861 863 860
f 864 861 862
f 861 864 863
f 865 864 862
f 864 866 863
f 867 864 865
f 864 867 866
f 868 867 865
f 867 869 866
f 870 867 868
f 867 870 869
f 871 870 868
f 870 872 869
f 870 871 872
f 873 874 875
f 873 875 876
f 877 873 876
f 876 875 878
f 879 877 876
f 880 876 878
f 879 876 880
f 880 878 881
f 882 879 880
f 883 880 881
f 882 880 883
f 883 881 884
f 885 882 883
f 886 883 884
f 885 883 886
f 886 884 887
f 888 885 886
f 889 886 887
f 888 886 889
f 889 887 890
f 891 888 889
f 892 889 890
f 891 889 892
f 892 890 893
f 894 892 893
f 895 891 892
f 895 892 894
f 894 893 896
f 897 895 894
f 898 894 896
f 899 897 894
f 900 894 898
f 899 894 900
f 901 900 898
f 902 899 900
f 903 900 901
f 903 902 900
f 904 903 901
f 903 904 902
f 904 901 905
f 904 906 902
f 907 904 905
f 904 907 906
f 907 905 908
f 907 909 906
f 910 907 908
f 907 910 909
f 910 908 911
f 910 912 909
f 913 910 911
f 910 913 912
f 913 911 914
f 913 915 912
f 916 913 914
f 913 916 915
f 916 914 917
f 916 918 915
f 919 916 917
f 916 919 918
f 919 917 920
f 918 919 921
f 919 920 921
f 920 922 921
f 922 923 921
f 921 923 924
f 922 925 923
f 923 926 924
f 925 927 923
f 923 927 926
f 925 928 927
f 927 929 926
f 928 930 927
f 927 930 929
f 928 931 930
f 930 932 929
f 931 933 930
f 930 933 932
f 931 934 933
f 933 935 932
f 934 936 933
f 933 936 935
f 934 937 936
f 936 938 935
f 937 939 936
f 936 939 938
f 937 940 939
f 940 941 939
f 939 942 938
f 939 941 942
f 940 943 941
f 941 944 942
f 943 945 941
f 941 946 944
f 945 947 941
f 941 947 946
f 945 948 947
f 947 949 946
f 948 950 947
f 947 950 949
f 948 951 950
f 951 949 950
f 952 951 948
f 951 953 949
f 954 951 952
f 951 954 953
f 955 954 952
f 954 956 953
f 957 954 955
f 954 957 956
f 958 957 955
f 957 959 956
f 960 957 958
f 957 960 959
f 961 960 958
f 960 962 959
f 963 960 961
f 960 963 962
f 964 963 961
f 963 965 962
f 966 963 964
f 963 966 965
f 967 966 964
f 966 968 965
f 966 967 968
f 969 970 971
f 969 971 972
f 973 969 972
f 972 971 974
f 975 973 972
f 976 972 974
f 975 972 976
f 976 974 977
f 978 975 976
f 979 976 977
f 978 976 979
f 979 977 980
f 981 978 979
f 982 979 980
f 981 979 982
f 982 980 983
f 984 981 982
f 985 982 983
f 984 982 985
f 985 983 986
f 987 984 985
f 988 985 986
f 987 985 988
f 988 986 989
f 990 988 989
f 991 987 988
f 991 988 990
f 990 989 992
f 993 991 990
f 994 990 992
f 995 993 990
f 996 990 994
f 995 990 996
f 997 996 994
f 998 995 996
f 999 996 997
f 999 998 996
f 1000 999 997
f 999 1000 998
f 1000 997 1001
f 1000 1002 998
f 1003 1000 1001
f 1000 1003 1002
f 1003 1001 1004
f 1003 1005 1002
f 1006 1003 1004
f 1003 1006 1005
f 1006 1004 1007
f 1006 1008 1005
f 1009 1006 1007
f 1006 1009 1008
f 1009 1007 1010
f 1009 1011 1008
f 1012 1009 1010
f 1009 1012 1011
f 1012 1010 1013
f 1012 1014 1011
f 1015 1012 1013
f 1012 1015 1014
f 1015 1013 1016
f 1014 1015 1017
f 1015 1016 1017
f 1016 1018 1017
f 1018 1019 1017
f 1017 1019 1020
f 1018 1021 1019
f 1019 1022 1020
f 1021 1023 1019
f 1019 1023 1022
f 1021 1024 1023
f 1023 1025 1022
f 1024 1026 1023
f 1023 1026 1025
f 1024 1027 1026
f 1026 1028 1025
f 1027 1029 1026
f 1026 1029 1028
f 1027 1030 1029
f 1029 1031 1028
f 1030 1032 1029
f 1029 1032 1031
f 1030 1033 1032
f 1032 1034 1031
f 1033 1035 1032
f 1032 1035 1034
f 1033 1036 1035
f 1036 1037 1035
f 1035 1038 1034
f 1035 1037 1038
f 1036 1039 1037
f 1037 1040 1038
f 1039 1041 1037
f 1037 1042 1040
f 1041 1043 1037
f 1037 1043 1042
f 1041 1044 1043
f 1043 1045 1042
f 1044 1046 1043
f 1043 1046 1045
f 1044 1047 1046
f 1047 1045 1046
f 1048 1047 1044
f 1047 1049 1045
f 1050 1047 1048
f 1047 1050 1049
f 1051 1050 1048
f 1050 1052 1049
f 1053 1050 1051
f 1050 1053 1052
f 1054 1053 1051
f 1053 1055 1052
f 1056 1053 1054
f 1053 1056 1055
f 1057 1056 1054
f 1056 1058 1055
f 1059 1056 1057
f 1056 1059 1058
f 1060 1059 1057
f 1059 1061 1058
f 1062 1059 1060
f 1059 1062 1061
f 1063 1062 1060
f 1062 1064 1061
f 1062 1063 1064
f 1065 1066 1067
f 1065 1067 1068
f 1069 1065 1068
f 1068 1067 1070
f 1071 1069 1068
f 1072 1068 1070
f 1071 1068 1072
f 1072 1070 1073
f 1074 1071 1072
f 1075 1072 1073
f 1074 1072 1075
f 1075 1073 1076
f 1077 1074 1075
f 1078 1075 1076
f 1077 1075 1078
f 1078 1076 1079
f 1080 1077 1078
f 1081 1078 1079
f 1080 1078 1081
f 1081 1079 1082
f 1083 1080 1081
f 1084 1081 1082
f 1083 1081 1084
f 1084 1082 1085
f 1086 1084 1085
f 1087 1083 1084
f 1087 1084 1086
f 1086 1085 1088
f 1089 1087 1086
f 1090 1086 1088
f 1091 1089 1086
f 1092 1086 1090
f 1091 1086 1092
f 1093 1092 1090
f 1094 1091 1092
f 1095 1092 1093
f 1095 1094 1092
f 1096 1095 1093
f 1095 1096 1094
f 1096 1093 1097
f 1096 1098 1094
f 1099 1096 1097
f 1096 1099 1098
f 1099 1097 1100
f 1099 1101 1098
f 1102 1099 1100
f 1099 1102 1101
f 1102 1100 1103
f 1102 1104 1101
f 1105 1102 1103
f 1102 1105 1104
f 1105 1103 1106
f 1105 1107 1104
f 1108 1105 1106
f 1105 1108 1107
f 1108 1106 1109
f 1108 1110 1107
f 1111 1108 1109
f 1108 1111 1110
f 1111 1109 1112
f 1110 1111 1113
f 1111 1112 1113
f 1112 1114 1113
f 1114 1115 1113
f 1113 1115 1116
f 1114 1117 1115
f 1115 1118 1116
f 1117 1119 1115
f 1115 1119 1118
f 1117 1120 1119
f 1119 1121 1118
f 1120 1122 1119
f 1119 1122 1121
f 1120 1123 1122
f 1122 1124 1121
f 1123 1125 1122
f 1122 1125 1124
f 1123 1126 1125
f 1125 1127 1124
f 1126 1128 1125
f 1125 1128 1127
f 1126 1129 1128
f 1128 1130 1127
f 1129 1131 1128
f 1128 1131 1130
f 1129 1132 1131
f 1132 1133 1131
f 1131 1134 1130
f 1131 1133 1134
f 1132 1135 1133
f 1133 1136 1134
f 1135 1137 1133
f 1133 1138 1136
f 1137 1139 1133
f 1133 1139 1138
f 1137 1140 1139
f 1139 1141 1138
f 1140 1142 1139
f 1139 1142 1141
f 1140 1143 1142
f 1143 1141 1142
f 1144 1143 1140
f 1143 1145 1141
f 1146 1143 1144
f 1143 1146 1145
f 1147 1146 1144
f 1146 1148 1145
f 1149 1146 1147
f 1146 1149 1148
f 1150 1149 1147
f 1149 1151 1148
f 1152 1149 1150
f 1149 1152 1151
f 1153 1152 1150
f 1152 1154 1151
f 1155 1152 1153
f 1152 1155 1154
f 1156 1155 1153
f 1155 1157 1154
f 1158 1155 1156
f 1155 1158 1157
f 1159 1158 1156
f 1158 1160 1157
f 1158 1159 1160
f 1161 1162 1163
f 1161 1163 1164
f 1165 1161 1164
f 1164 1163 1166
f 1167 1165 1164
f 1168 1164 1166
f 1167 1164 1168
f 1168 1166 1169
f 1170 1167 1168
f 1171 1168 1169
f 1170 1168 1171
f 1171 1169 1172
f 1173 1170 1171
f 1174 1171 1172
f 1173 1171 1174
f 1174 1172 1175
f 1176 1173 1174
f 1177 1174 1175
f 1176 1174 1177
f 1177 1175 1178
f 1179 1176 1177
f 1180 1177 1178
f 1179 1177 1180
f 1180 1178 1181
f 1182 1180 1181
f 1183 1179 1180
f 1183 1180 1182
f 1182 1181 1184
f 1185 1183 1182
f 1186 1182 1184
f 1187 1185 1182
f 1188 1182 1186
f 1187 1182 1188
f 1189 1188 1186
f 1190 1187 1188
f 1191 1188 1189
f 1191 1190 1188
f 1192 1191 1189
f 1191 1192 1190
f 1192 1189 1193
f 1192 1194 1190
f 1195 1192 1193
f 1192 1195 1194
f 1195 1193 1196
f 1195 1197 1194
f 1198 1195 1196
f 1195 1198 1197
f 1198 1196 1199
f 1198 1200 1197
f 1201 1198 1199
f 1198 1201 1200
f 1201 1199 1202
f 1201 1203 1200
f 1204 1201 1202
f 1201 1204 1203
f 1204 1202 1205
f 1204 1206 1203
f 1207 1204 1205
f 1204 1207 1206
f 1207 1205 1208
f 1206 1207 1209
f 1207 1208 1209
f 1208 1210 1209
f 1210 1211 1209
f 1209 1211 1212
f 1210 1213 1211
f 1211 1214 1212
f 1213 1215 1211
f 1211 1215 1214
f 1213 1216 1215
f 1215 1217 1214
f 1216 1218 1215
f 1215 1218 1217
f 1216 1219 1218
f 1218 1220 1217
f 1219 1221 1218
f 1218 1221 1220
f 1219 1222 1221
f 1221 1223 1220
f 1222 1224 1221
f 1221 1224 1223
f 1222 1225 1224
f 1224 1226 1223
f 1225 1227 1224
f 1224 1227 1226
f 1225 1228 1227
f 1228 1229 1227
f 1227 1230 1226
f 1227 1229 1230
f 1228 1231 1229
f 1229 1232 1230
f 1231 1233 1229
f 1229 1234 1232
f 1233 1235 1229
f 1229 1235 1234
f 1233 1236 1235
f 1235 1237 1234
f 1236 1238 1235
f 1235 1238 1237
f 1236 1239 1238
f 1239 1237 1238
f 1240 1239 1236
f 1239 1241 1237
f 1242 1239 1240
f 1239 1242 1241
f 1243 1242 1240
f 1242 1244 1241
f 1245 1242 1243
f 1242 1245 1244
f 1246 1245 1243
f 1245 1247 1244
f 1248 1245 1246
f 1245 1248 1247
f 1249 1248 1246
f 1248 1250 1247
f 1251 1248 1249
f 1248 1251 1250
f 1252 1251 1249
f 1251 1253 1250
f 1254 1251 1252
f 1251 1254 1253
f 1255 1254 1252
f 1254 1256 1253
f 1254 1255 1256
f 1257 1258 1259
f 1257 1259 1260
f 1261 1257 1260
f 1260 1259 1262
f 1263 1261 1260
f 1264 1260 1262
f 1263 1260 1264
f 1264 1262 1265
f 1266 1263 1264
f 1267 1264 1265
f 1266 1264 1267
f 1267 1265 1268
f 1269 1266 1267
f 1270 1267 1268
f 1269 1267 1270
f 1270 1268 1271
f 1272 1269 1270
f 1273 1270 1271
f 1272 1270 1273
f 1273 1271 1274
f 1275 1272 1273
f 1276 1273 1274
f 1275 1273 1276
f 1276 1274 1277
f 1278 1276 1277
f 1279 1275 1276
f 1279 1276 1278
f 1278 1277 1280
f 1281 1279 1278
f 1282 1278 1280
f 1283 1281 1278
f 1284 1278 1282
f 1283 1278 1284
f 1285 1284 1282
f 1286 1283 1284
f 1287 1284 1285
f 1287 1286 1284
f 1288 1287 1285
f 1287 1288 1286
f 1288 1285 1289
f 1288 1290 1286
f 1291 1288 1289
f 1288 1291 1290
f 1291 1289 1292
f 1291 1293 1290
f 1294 1291 1292
f 1291 1294 1293
f 1294 1292 1295
f 1294 1296 1293
f 1297 1294 1295
f 1294 1297 1296
f 1297 1295 1298
f 1297 1299 1296
f 1300 1297 1298
f 1297 1300 1299
f 1300 1298 1301
f 1300 1302 1299
f 1303 1300 1301
f 1300 1303 1302
f 1303 1301 1304
f 1302 1303 1305
f 1303 1304 1305
f 1304 1306 1305
f 1306 1307 1305
f 1305 1307 1308
f 1306 1309 1307
f 1307 1310 1308
f 1309 1311 1307
f 1307 1311 1310
f 1309 1312 1311
f 1311 1313 1310
f 1312 1314 1311
f 1311 1314 1313
f 1312 1315 1314
f 1314 1316 1313
f 1315 1317 1314
f 1314 1317 1316
f 1315 1318 1317
f 1317 1319 1316
f 1318 1320 1317
f 1317 1320 1319
f 1318 1321 1320
f 1320 1322 1319
f 1321 1323 1320
f 1320 1323 1322
f 1321 1324 1323
f 1324 1325 1323
f 1323 1326 1322
f 1323 1325 1326
f 1324 1327 1325
f 1325 1328 1326
f 1327 1329 1325
f 1325 1330 1328
f 1329 1331 1325
f 1325 1331 1330
f 1329 1332 1331
f 1331 1333 1330
f 1332 1334 1331
f 1331 1334 1333
f 1332 1335 1334
f 1335 1333 1334
f 1336 1335 1332
f 1335 1337 1333
f 1338 1335 1336
f 1335 1338 1337
f 1339 1338 1336
f 1338 1340 1337
f 1341 1338 1339
f 1338 1341 1340
f 1342 1341 1339
f 1341 1343 1340
f 1344 1341 1342
f 1341 1344 1343
f 1345 1344 1342
f 1344 1346 1343
f 1347 1344 1345
f 1344 1347 1346
f 1348 1347 1345
f 1347 1349 1346
f 1350 1347 1348
f 1347 1350 1349
f 1351 1350 1348
f 1350 1352 1349
f 1350 1351 1352
f 1353 1354 1355
f 1353 1355 1356
f 1357 1353 1356
f 1356 1355 1358
f 1359 1357 1356
f 1360 1356 1358
f 1359 1356 1360
f 1360 1358 1361
f 1362 1359 1360
f 1363 1360 1361
f 1362 1360 1363
f 1363 1361 1364
f 1365 1362 1363
f 1366 1363 1364
f 1365 1363 1366
f 1366 1364 1367
f 1368 1365 1366
f 1369 1366 1367
f 1368 1366 1369
f 1369 1367 1370
f 1371 1368 1369
f 1372 1369 1370
f 1371 1369 1372
f 1372 1370 1373
f 1374 1372 1373
f 1375 1371 1372
f 1375 1372 1374
f 1374 1373 1376
f 1377 1375 1374
f 1378 1374 1376
f 1379 1377 1374
f 1380 1374 1378
f 1379 1374 1380
f 1381 1380 1378
f 1382 1379 1380
f 1383 1380 1381
f 1383 1382 1380
f 1384 1383 1381
f 1383 1384 1382
f 1384 1381 1385
f 1384 1386 1382
f 1387 1384 1385
f 1384 1387 1386
f 1387 1385 1388
f 1387 1389 1386
f 1390 1387 1388
f 1387 1390 1389
f 1390 1388 1391
f 1390 1392 1389
f 1393 1390 1391
f 1390 1393 1392
f 1393 1391 1394
f 1393 1395 1392
f 1396 1393 1394
f 1393 1396 1395
f 1396 1394 1397
f 1396 1398 1395
f 1399 1396 1397
f 1396 1399 1398
f 1399 1397 1400
f 1398 1399 1401
f 1399 1400 1401
f 1400 1402 1401
f 1402 1403 1401
f 1401 1403 1404
f 1402 1405 1403
f 1403 1406 1404
f 1405 1407 1403
f 1403 1407 1406
f 1405 1408 1407
f 1407 1409 1406
f 1408 1410 1407
f 1407 1410 1409
f 1408 1411 1410
f 1410 1412 1409
f 1411 1413 1410
f 1410 1413 1412
f 1411 1414 1413
f 1413 1415 1412
f 1414 1416 1413
f 1413 1416 1415
f 1414 1417 1416
f 1416 1418 1415
f 1417 1419 1416
f 1416 1419 1418
f 1417 1420 1419
f 1420 1421 1419
f 1419 1422 1418
f 1419 1421 1422
f 1420 1423 1421
f 1421 1424 1422
f 1423 1425 1421
f 1421 1426 1424
f 1425 1427 1421
f 1421 1427 1426
f 1425 1428 1427
f 1427 1429 1426
f 1428 1430 1427
f 1427 1430 1429
f 1428 1431 1430
f 1431 1429 1430
f 1432 1431 1428
f 1431 1433 1429
f 1434 1431 1432
f 1431 1434 1433
f 1435 1434 1432
f 1434 1436 1433
f 1437 1434 1435
f 1434 1437 1436
f 1438 1437 1435
f 1437 1439 1436
f 1440 1437 1438
f 1437 1440 1439
f 1441 1440 1438
f 1440 1442 1439
f 1443 1440 1441
f 1440 1443 1442
f 1444 1443 1441
f 1443 1445 1442
f 1446 1443 1444
f 1443 1446 1445
f 1447 1446 1444
f 1446 1448 1445
f 1446 1447 1448
f 1449 1450 1451
f 1449 1451 1452
f 1453 1449 1452
f 1452 1451 1454
f 1455 1453 1452
f 1456 1452 1454
f 1455 1452 1456
f 1456 1454 1457
f 1458 1455 1456
f 1459 1456 1457
f 1458 1456 1459
f 1459 1457 1460
f 1461 1458 1459
f 1462 1459 1460
f 1461 1459 1462
f 1462 1460 1463
f 1464 1461 1462
f 1465 1462 1463
f 1464 1462 1465
f 1465 1463 1466
f 1467 1464 1465
f 1468 1465 1466
f 1467 1465 1468
f 1468 1466 1469
f 1470 1468 1469
f 1471 1467 1468
f 1471 1468 1470
f 1470 1469 1472
f 1473 1471 1470
f 1474 1470 1472
f 1475 1473 1470
f 1476 1470 1474
f 1475 1470 1476
f 1477 1476 1474
f 1478 1475 1476
f 1479 1476 1477
f 1479 1478 1476
f 1480 1479 1477
f 1479 1480 1478
f 1480 1477 1481
f 1480 1482 1478
f 1483 1480 1481
f 1480 1483 1482
f 1483 1481 1484
f 1483 1485 1482
f 1486 1483 1484
f 1483 1486 1485
f 1486 1484 1487
f 1486 1488 1485
f 1489 1486 1487
f 1486 1489 1488
f 1489 1487 1490
f 1489 1491 1488
f 1492 1489 1490
f 1489 1492 1491
f 1492 1490 1493
f 1492 1494 1491
f 1495 1492 1493
f 1492 1495 1494
f 1495 1493 1496
f 1494 1495 1497
f 1495 1496 1497
f 1496 1498 1497
f 1498 1499 1497
f 1497 1499 1500
f 1498 1501 1499
f 1499 1502 1500
f 1501 1503 1499
f 1499 1503 1502
f 1501 1504 1503
f 1503 1505 1502
f 1504 1506 1503
f 1503 1506 1505
f 1504 1507 1506
f 1506 1508 1505
f 1507 1509 1506
f 1506 1509 1508
f 1507 1510 1509
f 1509 1511 1508
f 1510 1512 1509
f 1509 1512 1511
f 1510 1513 1512
f 1512 1514 1511
f 1513 1515 1512
f 1512 1515 1514
f 1513 1516 1515
f 1516 1517 1515
f 1515 1518 1514
f 1515 1517 1518
f 1516 1519 1517
f 1517 1520 1518
f 1519 1521 1517
f 1517 1522 1520
f 1521 1523 1517
f 1517 1523 1522
f 1521 1524 1523
f 1523 1525 1522
f 1524 1526 1523
f 1523 1526 1525
f 1524 1527 1526
f 1527 1525 1526
f 1528 1527 1524
f 1527 1529 1525
f 1530 1527 1528
f 1527 1530 1529
f 1531 1530 1528
f 1530 1532 1529
f 1533 1530 1531
f 1530 1533 1532
f 1534 1533 1531
f 1533 1535 1532
f 1536 1533 1534
f 1533 1536 1535
f 1537 1536 1534
f 1536 1538 1535
f 1539 1536 1537
f 1536 1539 1538
f 1540 1539 1537
f 1539 1541 1538
f 1542 1539 1540
f 1539 1542 1541
f 1543 1542 1540
f 1542 1544 1541
f 1542 1543 1544
f 1545 1546 1547
f 1545 1547 1548
f 1549 1545 1548
f 1548 1547 1550
f 1551 1549 1548
f 1552 1548 1550
f 1551 1548 1552
f 1552 1550 1553
f 1554 1551 1552
f 1555 1552 1553
f 1554 1552 1555
f 1555 1553 1556
f 1557 1554 1555
f 1558 1555 1556
f 1557 1555 1558
f 1558 1556 1559
f 1560 1557 1558
f 1561 1558 1559
f 1560 1558 1561
f 1561 1559 1562
f 1563 1560 1561
f 1564 1561 1562
f 1563 1561 1564
f 1564 1562 1565
f 1566 1564 1565
f 1567 1563 1564
f 1567 1564 1566
f 1566 1565 1568
f 1569 1567 1566
f 1570 1566 1568
f 1571 1569 1566
f 1572 1566 1570
f 1571 1566 1572
f 1573 1572 1570
f 1574 1571 1572
f 1575 1572 1573
f 1575 1574 1572
f 1576 1575 1573
f 1575 1576 1574
f 1576 1573 1577
f 1576 1578 1574
f 1579 1576 1577
f 1576 1579 1578
f 1579 1577 1580
f 1579 1581 1578
f 1582 1579 1580
f 1579 1582 1581
f 1582 1580 1583
f 1582 1584 1581
f 1585 1582 1583
f 1582 1585 1584
f 1585 1583 1586
f 1585 1587 1584
f 1588 1585 1586
f 1585 1588 1587
f 1588 1586 1589
f 1588 1590 1587
f 1591 1588 1589
f 1588 1591 1590
f 1591 1589 1592
f 1590 1591 1593
f 1591 1592 1593
f 1592 1594 1593
f 1594 1595 1593
f 1593 1595 1596
f 1594 1597 1595
f 1595 1598 1596
f 1597 1599 1595
f 1595 1599 1598
f 1597 1600 1599
f 1599 1601 1598
f 1600 1602 1599
f 1599 1602 1601
f 1600 1603 1602
f 1602 1604 1601
f 1603 1605 1602
f 1602 1605 1604
f 1603 1606 1605
f 1605 1607 1604
f 1606 1608 1605
f 1605 1608 1607
f 1606 1609 1608
f 1608 1610 1607
f 1609 1611 1608
f 1608 1611 1610
f 1609 1612 1611
f 1612 1613 1611
f 1611 1614 1610
f 1611 1613 1614
f 1612 1615 1613
f 1613 1616 1614
f 1615 1617 1613
f 1613 1618 1616
f 1617 1619 1613
f 1613 1619 1618
f 1617 1620 1619
f 1619 1621 1618
f 1620 1622 1619
f 1619 1622 1621
f 1620 1623 1622
f 1623 1621 1622
f 1624 1623 1620
f 1623 1625 1621
f 1626 1623 1624
f 1623 1626 1625
f 1627 1626 1624
f 1626 1628 1625
f 1629 1626 1627
f 1626 1629 1628
f 1630 1629 1627
f 1629 1631 1628
f 1632 1629 1630
f 1629 1632 1631
f 1633 1632 1630
f 1632 1634 1631
f 1635 1632 1633
f 1632 1635 1634
f 1636 1635 1633
f 1635 1637 1634
f 1638 1635 1636
f 1635 1638 1637
f 1639 1638 1636
f 1638 1640 1637
f 1638 1639 1640
f 1641 1642 1643
f 1641 1643 1644
f 1645 1641 1644
f 1644 1643 1646
f 1647 1645 1644
f 1648 1644 1646
f 1647 1644 1648
f 1648 1646 1649
f 1650 1647 1648
f 1651 1648 1649
f 1650 1648 1651
f 1651 1649 1652
f 1653 1650 1651
f 1654 1651 1652
f 1653 1651 1654
f 1654 1652 1655
f 1656 1653 1654
f 1657 1654 1655
f 1656 1654 1657
f 1657 1655 1658
f 1659 1656 1657
f 1660 1657 1658
f 1659 1657 1660
f 1660 1658 1661
f 1662 1660 1661
f 1663 1659 1660
f 1663 1660 1662
f 1662 1661 1664
f 1665 1663 1662
f 1666 1662 1664
f 1667 1665 1662
f 1668 1662 1666
f 1667 1662 1668
f 1669 1668 1666
f 1670 1667 1668
f 1671 1668 1669
f 1671 1670 1668
f 1672 1671 1669
f 1671 1672 1670
f 1672 1669 1673
f 1672 1674 1670
f 1675 1672 1673
f 1672 1675 1674
f 1675 1673 1676
f 1675 1677 1674
f 1678 1675 1676
f 1675 1678 1677
f 1678 1676 1679
f 1678 1680 1677
f 1681 1678 1679
f 1678 1681 1680
f 1681 1679 1682
f 1681 1683 1680
f 1684 1681 1682
f 1681 1684 1683
f 1684 1682 1685
f 1684 1686 1683
f 1687 1684 1685
f 1684 1687 1686
f 1687 1685 1688
f 1686 1687 1689
f 1687 1688 1689
f 1688 1690 1689
f 1690 1691 1689
f 1689 1691 1692
f 1690 1693 1691
f 1691 1694 1692
f 1693 1695 1691
f 1691 1695 1694
f 1693 1696 1695
f 1695 1697 1694
f 1696 1698 1695
f 1695 1698 1697
f 1696 1699 1698
f 1698 1700 1697
f 1699 1701 1698
f 1698 1701 1700
f 1699 1702 1701
f 1701 1703 1700
f 1702 1704 1701
f 1701 1704 1703
f 1702 1705 1704
f 1704 1706 1703
f 1705 1707 1704
f 1704 1707 1706
f 1705 1708 1707
f 1708 1709 1707
f 1707 1710 1706
f 1707 1709 1710
f 1708 1711 1709
f 1709 1712 1710
f 1711 1713 1709
f 1709 1714 1712
f 1713 1715 1709
f 1709 1715 1714
f 1713 1716 1715
f 1715 1717 1714
f 1716 1718 1715
f 1715 1718 1717
f 1716 1719 1718
f 1719 1717 1718
f 1720 1719 1716
f 1719 1721 1717
f 1722 1719 1720
f 1719 1722 1721
f 1723 1722 1720
f 1722 1724 1721
f 1725 1722 1723
f 1722 1725 1724
f 1726 1725 1723
f 1725 1727 1724
f 1728 1725 1726
f 1725 1728 1727
f 1729 1728 1726
f 1728 1730 1727
f 1731 1728 1729
f 1728 1731 1730
f 1732 1731 1729
f 1731 1733 1730
f 1734 1731 1732
f 1731 1734 1733
f 1735 1734 1732
f 1734 1736 1733
f 1734 1735 1736
f 1737 1738 1739
f 1737 1739 1740
f 1741 1737 1740
f 1740 1739 1742
f 1743 1741 1740
f 1744 1740 1742
f 1743 1740 1744
f 1744 1742 1745
f 1746 1743 1744
f 1747 1744 1745
f 1746 1744 1747
f 1747 1745 1748
f 1749 1746 1747
f 1750 1747 1748
f 1749 1747 1750
f 1750 1748 1751
f 1752 1749 1750
f 1753 1750 1751
f 1752 1750 1753
f 1753 1751 1754
f 1755 1752 1753
f 1756 1753 1754
f 1755 1753 1756
f 1756 1754 1757
f 1758 1756 1757
f 1759 1755 1756
f 1759 1756 1758
f 1758 1757 1760
f 1761 1759 1758
f 1762 1758 1760
f 1763 1761 1758
f 1764 1758 1762
f 1763 1758 1764
f 1765 1764 1762
f 1766 1763 1764
f 1767 1764 1765
f 1767 1766 1764
f 1768 1767 1765
f 1767 1768 1766
f 1768 1765 1769
f 1768 1770 1766
f 1771 1768 1769
f 1768 1771 1770
f 1771 1769 1772
f 1771 1773 1770
f 1774 1771 1772
f 1771 1774 1773
f 1774 1772 1775
f 1774 1776 1773
f 1777 1774 1775
f 1774 1777 1776
f 1777 1775 1778
f 1777 1779 1776
f 1780 1777 1778
f 1777 1780 1779
f 1780 1778 1781
f 1780 1782 1779
f 1783 1780 1781
f 1780 1783 1782
f 1783 1781 1784
f 1782 1783 1785
f 1783 1784 1785
f 1784 1786 1785
f 1786 1787 1785
f 1785 1787 1788
f 1786 1789 1787
f 1787 1790 1788
f 1789 1791 1787
f 1787 1791 1790
f 1789 1792 1791
f 1791 1793 1790
f 1792 1794 1791
f 1791 1794 1793
f 1792 1795 1794
f 1794 1796 1793
f 1795 1797 1794
f 1794 1797 1796
f 1795 1798 1797
f 1797 1799 1796
f 1798 1800 1797
f 1797 1800 1799
f 1798 1801 1800
f 1800 1802 1799
f 1801 1803 1800
f 1800 1803 1802
f 1801 1804 1803
f 1804 1805 1803
f 1803 1806 1802
f 1803 1805 1806
f 1804 1807 1805
f 1805 1808 1806
f 1807 1809 1805
f 1805 1810 1808
f 1809 1811 1805
f 1805 1811 1810
f 1809 1812 1811
f 1811 1813 1810
f 1812 1814 1811
f 1811 1814 1813
f 1812 1815 1814
f 1815 1813 1814
f 1816 1815 1812
f 1815 1817 1813
f 1818 1815 1816
f 1815 1818 1817
f 1819 1818 1816
f 1818 1820 1817
f 1821 1818 1819
f 1818 1821 1820
f 1822 1821 1819
f 1821 1823 1820
f 1824 1821 1822
f 1821 1824 1823
f 1825 1824 1822
f 1824 1826 1823
f 1827 1824 1825
f 1824 1827 1826
f 1828 1827 1825
f 1827 1829 1826
f 1830 1827 1828
f 1827 1830 1829
f 1831 1830 1828
f 1830 1832 1829
f 1830 1831 1832
f 1833 1834 1835
f 1833 1835 1836
f 1837 1833 1836
f 1836 1835 1838
f 1839 1837 1836
f 1840 1836 1838
f 1839 1836 1840
f 1840 1838 1841
f 1842 1839 1840
f 1843 1840 1841
f 1842 1840 1843
f 1843 1841 1844
f 1845 1842 1843
f 1846 1843 1844
f 1845 1843 1846
f 1846 1844 1847
f 1848 1845 1846
f 1849 1846 1847
f 1848 1846 1849
f 1849 1847 1850
f 1851 1848 1849
f 1852 1849 1850
f 1851 1849 1852
f 1852 1850 1853
f 1854 1852 1853
f 1855 1851 1852
f 1855 1852 1854
f 1854 1853 1856
f 1857 1855 1854
f 1858 1854 1856
f 1859 1857 1854
f 1860 1854 1858
f 1859 1854 1860
f 1861 1860 1858
f 1862 1859 1860
f 1863 1860 1861
f 1863 1862 1860
f 1864 1863 1861
f 1863 1864 1862
f 1864 1861 1865
f 1864 1866 1862
f 1867 1864 1865
f 1864 1867 1866
f 1867 1865 1868
f 1867 1869 1866
f 1870 1867 1868
f 1867 1870 1869
f 1870 1868 1871
f 1870 1872 1869
f 1873 1870 1871
f 1870 1873 1872
f 1873 1871 1874
f 1873 1875 1872
f 1876 1873 1874
f 1873 1876 1875
f 1876 1874 1877
f 1876 1878 1875
f 1879 1876 1877
f 1876 1879 1878
f 1879 1877 1880
f 1878 1879 1881
f 1879 1880 1881
f 1880 1882 1881
f 1882 1883 1881
f 1881 1883 1884
f 1882 1885 1883
f 1883 1886 1884
f 1885 1887 1883
f 1883 1887 1886
f 1885 1888 1887
f 1887 1889 1886
f 1888 1890 1887
f 1887 1890 1889
f 1888 1891 1890
f 1890 1892 1889
f 1891 1893 1890
f 1890 1893 1892
f 1891 1894 1893
f 1893 1895 1892
f 1894 1896 1893
f 1893 1896 1895
f 1894 1897 1896
f 1896 1898 1895
f 1897 1899 1896
f 1896 1899 1898
f 1897 1900 1899
f 1900 1901 1899
f 1899 1902 1898
f 1899 1901 1902
f 1900 1903 1901
f 1901 1904 1902
f 1903 1905 1901
f 1901 1906 1904
f 1905 1907 1901
f 1901 1907 1906
f 1905 1908 1907
f 1907 1909 1906
f 1908 1910 1907
f 1907 1910 1909
f 1908 1911 1910
f 1911 1909 1910
f 1912 1911 1908
f 1911 1913 1909
f 1914 1911 1912
f 1911 1914 1913
f 1915 1914 1912
f 1914 1916 1913
f 1917 1914 1915
f 1914 1917 1916
f 1918 1917 1915
f 1917 1919 1916
f 1920 1917 1918
f 1917 1920 1919
f 1921 1920 1918
f 1920 1922 1919
f 1923 1920 1921
f 1920 1923 1922
f 1924 1923 1921
f 1923 1925 1922
f 1926 1923 1924
f 1923 1926 1925
f 1927 1926 1924
f 1926 1928 1925
f 1926 1927 1928
f 1929 1930 1931
f 1930 1932 1931
f 1930 1933 1932
f 1930 1934 1933
f 1934 1935 1933
f 1934 1936 1935
f 1937 1938 1939
f 1937 1939 1940
f 1941 1937 1940
f 1940 1939 1942
f 1941 1940 1943
f 1944 1941 1943
f 1945 1940 1942
f 1940 1945 1943
f 1945 1942 1946
f 1944 1943 1947
f 1948 1944 1947
f 1949 1945 1946
f 1949 1946 1950
f 1951 1943 1945
f 1951 1947 1943
f 1949 1951 1945
f 1948 1947 1952
f 1953 1948 1952
f 1954 1949 1950
f 1954 1950 1955
f 1956 1951 1949
f 1954 1956 1949
f 1957 1947 1951
f 1957 1952 1947
f 1956 1957 1951
f 1953 1952 1958
f 1959 1953 1958
f 1960 1954 1955
f 1960 1955 1961
f 1962 1956 1954
f 1960 1962 1954
f 1963 1957 1956
f 1962 1963 1956
f 1964 1952 1957
f 1964 1958 1952
f 1963 1964 1957
f 1959 1958 1965
f 1966 1959 1965
f 1967 1960 1961
f 1967 1961 1968
f 1969 1962 1960
f 1967 1969 1960
f 1970 1963 1962
f 1969 1970 1962
f 1971 1964 1963
f 1970 1971 1963
f 1972 1958 1964
f 1972 1965 1958
f 1971 1972 1964
f 1966 1965 1973
f 1974 1966 1973
f 1975 1974 1973
f 1976 1975 1973
f 1977 1965 1972
f 1977 1973 1965
f 1976 1973 1978
f 1978 1973 1977
f 1979 1976 1978
f 1980 1972 1971
f 1980 1977 1972
f 1981 1971 1970
f 1981 1980 1971
f 1979 1978 1982
f 1983 1979 1982
f 1984 1978 1977
f 1984 1977 1980
f 1982 1978 1984
f 1983 1982 1985
f 1986 1983 1985
f 1987 1984 1980
f 1987 1980 1981
f 1988 1982 1984
f 1985 1982 1988
f 1988 1984 1987
f 1989 1981 1970
f 1989 1970 1969
f 1986 1985 1990
f 1991 1986 1990
f 1992 1985 1988
f 1990 1985 1992
f 1993 1988 1987
f 1992 1988 1993
f 1994 1987 1981
f 1994 1981 1989
f 1993 1987 1994
f 1995 1989 1969
f 1995 1969 1967
f 1991 1990 1996
f 1997 1991 1996
f 1998 1990 1992
f 1996 1990 1998
f 1999 1992 1993
f 1998 1992 1999
f 2000 1993 1994
f 1999 1993 2000
f 2001 1994 1989
f 2001 1989 1995
f 2000 1994 2001
f 2002 1995 1967
f 2002 1967 1968
f 2002 1968 2003
f 2002 2003 2004
f 2005 2001 1995
f 2005 1995 2002
f 2006 2002 2004
f 2006 2005 2002
f 2006 2004 2007
f 2008 2000 2001
f 2008 2001 2005
f 2009 1999 2000
f 2009 2000 2008
f 2010 2006 2007
f 2010 2007 2011
f 2012 2005 2006
f 2012 2008 2005
f 2010 2012 2006
f 2013 2010 2011
f 2013 2011 2014
f 2015 2008 2012
f 2015 2009 2008
f 2016 2012 2010
f 2013 2016 2010
f 2016 2015 2012
f 2017 1999 2009
f 2017 1998 1999
f 2018 2013 2014
f 2018 2014 2019
f 2020 2016 2013
f 2018 2020 2013
f 2021 2015 2016
f 2020 2021 2016
f 2022 2009 2015
f 2022 2017 2009
f 2021 2022 2015
f 2023 1998 2017
f 2023 1996 1998
f 2024 2018 2019
f 2024 2019 2025
f 2026 2020 2018
f 2024 2026 2018
f 2027 2021 2020
f 2026 2027 2020
f 2028 2022 2021
f 2027 2028 2021
f 2029 2017 2022
f 2029 2023 2017
f 2028 2029 2022
f 2030 1996 2023
f 1997 1996 2030
f 2031 1997 2030
f 2032 2024 2025
f 2032 2025 2033
f 2034 2023 2029
f 2034 2030 2023
f 2031 2030 2035
f 2035 2030 2034
f 2036 2031 2035
f 2037 2036 2035
f 2038 2029 2028
f 2038 2034 2029
f 2037 2035 2039
f 2040 2037 2039
f 2041 2035 2034
f 2041 2034 2038
f 2039 2035 2041
f 2042 2038 2028
f 2042 2028 2027
f 2040 2039 2043
f 2044 2040 2043
f 2045 2039 2041
f 2043 2039 2045
f 2046 2041 2038
f 2046 2038 2042
f 2045 2041 2046
f 2047 2042 2027
f 2047 2027 2026
f 2044 2043 2048
f 2049 2044 2048
f 2050 2043 2045
f 2048 2043 2050
f 2051 2045 2046
f 2050 2045 2051
f 2052 2046 2042
f 2052 2042 2047
f 2051 2046 2052
f 2053 2047 2026
f 2053 2026 2024
f 2032 2053 2024
f 2049 2048 2054
f 2055 2049 2054
f 2056 2048 2050
f 2054 2048 2056
f 2057 2050 2051
f 2056 2050 2057
f 2058 2051 2052
f 2057 2051 2058
f 2059 2052 2047
f 2059 2047 2053
f 2058 2052 2059
f 2060 2053 2032
f 2060 2059 2053
f 2055 2054 2061
f 2062 2055 2061
f 2063 2054 2056
f 2061 2054 2063
f 2064 2056 2057
f 2063 2056 2064
f 2065 2057 2058
f 2064 2057 2065
f 2066 2058 2059
f 2066 2059 2060
f 2065 2058 2066
f 2067 2060 2032
f 2067 2032 2033
f 2067 2033 2068
f 2067 2068 2069
f 2070 2066 2060
f 2070 2060 2067
f 2071 2067 2069
f 2071 2070 2067
f 2071 2069 2072
f 2073 2065 2066
f 2073 2066 2070
f 2074 2064 2065
f 2074 2065 2073
f 2075 2071 2072
f 2075 2072 2076
f 2077 2070 2071
f 2077 2073 2070
f 2075 2077 2071
f 2078 2075 2076
f 2078 2076 2079
f 2080 2073 2077
f 2080 2074 2073
f 2081 2077 2075
f 2078 2081 2075
f 2081 2080 2077
f 2082 2064 2074
f 2082 2063 2064
f 2083 2074 2080
f 2083 2082 2074
f 2084 2080 2081
f 2084 2083 2080
f 2085 2081 2078
f 2085 2084 2081
f 2086 2078 2079
f 2086 2085 2078
f 2087 2063 2082
f 2087 2061 2063
f 2088 2082 2083
f 2088 2087 2082
f 2089 2083 2084
f 2089 2088 2083
f 2090 2086 2079
f 2091 2090 2079
f 2092 2085 2086
f 2090 2092 2086
f 2093 2084 2085
f 2093 2089 2084
f 2092 2093 2085
f 2094 2061 2087
f 2062 2061 2094
f 2095 2062 2094
f 2096 2087 2088
f 2096 2094 2087
f 2095 2094 2097
f 2097 2094 2096
f 2098 2095 2097
f 2099 2098 2097
f 2100 2088 2089
f 2100 2096 2088
f 2101 2089 2093
f 2101 2100 2089
f 2102 2093 2092
f 2102 2101 2093
f 2099 2097 2103
f 2104 2099 2103
f 2105 2097 2096
f 2105 2096 2100
f 2103 2097 2105
f 2106 2100 2101
f 2106 2105 2100
f 2104 2103 2107
f 2108 2104 2107
f 2109 2103 2105
f 2109 2105 2106
f 2107 2103 2109
f 2110 2106 2101
f 2110 2101 2102
f 2111 2102 2092
f 2111 2092 2090
f 2112 2109 2106
f 2112 2106 2110
f 2113 2107 2109
f 2113 2109 2112
f 2108 2107 2114
f 2114 2107 2113
f 2115 2110 2102
f 2115 2102 2111
f 2116 2111 2090
f 2116 2090 2091
f 2117 2116 2091
f 2118 2112 2110
f 2118 2110 2115
f 2119 2108 2114
f 2108 2119 2120
f 2121 2114 2113
f 2119 2114 2121
f 2122 2113 2112
f 2122 2112 2118
f 2121 2113 2122
f 2123 2111 2116
f 2123 2115 2111
f 2124 2116 2117
f 2124 2123 2116
f 2125 2124 2117
f 2119 2126 2120
f 2120 2126 2127
f 2128 2118 2115
f 2128 2115 2123
f 2129 2119 2121
f 2119 2129 2126
f 2130 2121 2122
f 2129 2121 2130
f 2131 2122 2118
f 2131 2118 2128
f 2130 2122 2131
f 2132 2124 2125
f 2133 2132 2125
f 2134 2123 2124
f 2134 2128 2123
f 2132 2134 2124
f 2135 2131 2128
f 2135 2128 2134
f 2136 2130 2131
f 2136 2131 2135
f 2137 2129 2130
f 2137 2130 2136
f 2138 2132 2133
f 2139 2138 2133
f 2140 2134 2132
f 2140 2135 2134
f 2138 2140 2132
f 2141 2136 2135
f 2141 2135 2140
f 2142 2138 2139
f 2143 2142 2139
f 2144 2140 2138
f 2144 2141 2140
f 2142 2144 2138
f 2145 2136 2141
f 2145 2137 2136
f 2129 2137 2146
f 2129 2146 2126
f 2147 2141 2144
f 2147 2145 2141
f 2148 2144 2142
f 2148 2147 2144
f 2149 2142 2143
f 2149 2148 2142
f 2137 2145 2150
f 2137 2150 2146
f 2126 2146 2151
f 2126 2151 2127
f 2127 2151 2152
f 2145 2147 2153
f 2145 2153 2150
f 2154 2149 2143
f 2154 2143 2155
f 2147 2148 2156
f 2147 2156 2153
f 2148 2149 2157
f 2149 2154 2157
f 2148 2157 2156
f 2146 2158 2151
f 2146 2150 2158
f 2151 2159 2152
f 2151 2158 2159
f 2152 2159 2160
f 2161 2154 2155
f 2161 2155 2162
f 2150 2153 2163
f 2150 2163 2158
f 2157 2154 2164
f 2154 2161 2164
f 2153 2156 2165
f 2153 2165 2163
f 2156 2157 2166
f 2157 2164 2166
f 2156 2166 2165
f 2158 2167 2159
f 2158 2163 2167
f 2159 2168 2160
f 2159 2167 2168
f 2160 2168 2169
f 2163 2165 2170
f 2163 2170 2167
f 2165 2166 2171
f 2165 2171 2170
f 2166 2164 2172
f 2166 2172 2171
f 2167 2173 2168
f 2167 2170 2173
f 2168 2174 2169
f 2168 2173 2174
f 2169 2174 2175
f 2170 2171 2176
f 2170 2176 2173
f 2173 2177 2174
f 2173 2176 2177
f 2174 2178 2175
f 2174 2177 2178
f 2171 2179 2176
f 2171 2172 2179
f 2164 2180 2172
f 2164 2161 2180
f 2178 2181 2175
f 2181 2182 2175
f 2176 2183 2177
f 2176 2179 2183
f 2177 2184 2178
f 2178 2184 2181
f 2177 2183 2184
f 2172 2185 2179
f 2172 2180 2185
f 2161 2186 2180
f 2186 2161 2162
f 2186 2162 2187
f 2181 2188 2182
f 2188 2189 2182
f 2179 2190 2183
f 2179 2185 2190
f 2183 2191 2184
f 2183 2190 2191
f 2181 2184 2192
f 2181 2192 2188
f 2184 2191 2192
f 2180 2193 2185
f 2180 2186 2193
f 2194 2186 2187
f 2186 2194 2193
f 2194 2187 2195
f 2185 2196 2190
f 2185 2193 2196
f 2190 2197 2191
f 2190 2196 2197
f 2198 2192 2191
f 2197 2198 2191
f 2199 2188 2192
f 2198 2199 2192
f 2200 2194 2195
f 2200 2195 2201
f 2193 2194 2202
f 2193 2202 2196
f 2194 2200 2202
f 2196 2203 2197
f 2196 2202 2203
f 2204 2198 2197
f 2203 2204 2197
f 2205 2200 2201
f 2205 2201 2206
f 2202 2200 2207
f 2202 2207 2203
f 2200 2205 2207
f 2205 2206 2208
f 2206 2209 2208
f 2207 2210 2203
f 2210 2204 2203
f 2205 2211 2207
f 2211 2205 2208
f 2211 2210 2207
f 2204 2212 2198
f 2212 2199 2198
f 2209 2213 2208
f 2209 2214 2213
f 2211 2208 2215
f 2208 2213 2215
f 2211 2216 2210
f 2216 2211 2215
f 2210 2217 2204
f 2217 2212 2204
f 2216 2217 2210
f 2214 2218 2213
f 2214 2219 2218
f 2213 2220 2215
f 2213 2218 2220
f 2216 2215 2221
f 2215 2220 2221
f 2216 2222 2217
f 2222 2216 2221
f 2217 2223 2212
f 2222 2223 2217
f 2219 2224 2218
f 2219 2225 2224
f 2218 2226 2220
f 2218 2224 2226
f 2220 2227 2221
f 2220 2226 2227
f 2222 2221 2228
f 2221 2227 2228
f 2225 2229 2224
f 2225 2230 2229
f 2224 2231 2226
f 2224 2229 2231
f 2226 2232 2227
f 2226 2231 2232
f 2230 2233 2229
f 2230 2234 2233
f 2229 2235 2231
f 2229 2233 2235
f 2234 2236 2233
f 2234 2237 2236
f 2238 2222 2228
f 2222 2238 2223
f 2227 2239 2228
f 2227 2232 2239
f 2231 2240 2232
f 2231 2235 2240
f 2233 2241 2235
f 2233 2236 2241
f 2237 2242 2236
f 2237 2243 2242
f 2243 2244 2242
f 2238 2228 2245
f 2228 2239 2245
f 2232 2246 2239
f 2232 2240 2246
f 2235 2247 2240
f 2235 2241 2247
f 2236 2248 2241
f 2236 2242 2248
f 2244 2249 2242
f 2244 2250 2249
f 2239 2251 2245
f 2239 2246 2251
f 2240 2252 2246
f 2240 2247 2252
f 2241 2253 2247
f 2241 2248 2253
f 2242 2254 2248
f 2242 2249 2254
f 2250 2255 2249
f 2250 2256 2255
f 2246 2257 2251
f 2246 2252 2257
f 2247 2258 2252
f 2247 2253 2258
f 2248 2259 2253
f 2248 2254 2259
f 2249 2260 2254
f 2249 2255 2260
f 2256 2261 2255
f 2256 2262 2261
f 2252 2263 2257
f 2252 2258 2263
f 2253 2264 2258
f 2253 2259 2264
f 2254 2265 2259
f 2254 2260 2265
f 2255 2266 2260
f 2255 2261 2266
f 2262 2267 2261
f 2262 2268 2267
f 2258 2269 2263
f 2258 2264 2269
f 2259 2270 2264
f 2259 2265 2270
f 2260 2271 2265
f 2260 2266 2271
f 2261 2272 2266
f 2261 2267 2272
f 2268 2273 2267
f 2268 2274 2273
f 2264 2275 2269
f 2264 2270 2275
f 2265 2276 2270
f 2265 2271 2276
f 2266 2277 2271
f 2266 2272 2277
f 2267 2278 2272
f 2267 2273 2278
f 2274 2279 2273
f 2274 2280 2279
f 2270 2281 2275
f 2270 2276 2281
f 2271 2282 2276
f 2271 2277 2282
f 2272 2283 2277
f 2272 2278 2283
f 2273 2284 2278
f 2273 2279 2284
f 2280 2285 2279
f 2280 2286 2285
f 2286 2287 2285
f 2276 2288 2281
f 2276 2282 2288
f 2277 2289 2282
f 2277 2283 2289
f 2278 2290 2283
f 2278 2284 2290
f 2279 2291 2284
f 2279 2285 2291
f 2287 2292 2285
f 2287 2293 2292
f 2282 2294 2288
f 2282 2289 2294
f 2283 2295 2289
f 2283 2290 2295
f 2284 2296 2290
f 2284 2291 2296
f 2285 2297 2291
f 2285 2292 2297
f 2293 2298 2292
f 2293 2299 2298
f 2289 2300 2294
f 2289 2295 2300
f 2290 2301 2295
f 2290 2296 2301
f 2291 2302 2296
f 2291 2297 2302
f 2292 2303 2297
f 2292 2298 2303
f 2299 2304 2298
f 2299 2305 2304
f 2295 2306 2300
f 2295 2301 2306
f 2296 2307 2301
f 2296 2302 2307
f 2297 2308 2302
f 2297 2303 2308
f 2298 2309 2303
f 2298 2304 2309
f 2301 2310 2306
f 2301 2307 2310
f 2302 2311 2307
f 2302 2308 2311
f 2303 2312 2308
f 2303 2309 2312
f 2307 2313 2310
f 2307 2311 2313
f 2308 2314 2311
f 2308 2312 2314
f 2311 2315 2313
f 2311 2314 2315
f 2304 2316 2309
f 2309 2317 2312
f 2309 2316 2317
f 2312 2318 2314
f 2312 2317 2318
f 2314 2319 2315
f 2314 2318 2319
f 2304 2320 2316
f 2305 2320 2304
f 2305 2321 2320
f 2321 2305 2322
f 2320 2323 2316
f 2321 2323 2320
f 2316 2324 2317
f 2316 2323 2324
f 2317 2325 2318
f 2317 2324 2325
f 2326 2321 2322
f 2326 2322 2327
f 2321 2328 2323
f 2328 2321 2326
f 2323 2329 2324
f 2328 2329 2323
f 2330 2326 2327
f 2330 2327 2331
f 2328 2326 2332
f 2332 2326 2330
f 2333 2330 2331
f 2333 2331 2334
f 2318 2325 2335
f 2318 2335 2319
f 2324 2336 2325
f 2324 2329 2336
f 2328 2337 2329
f 2337 2328 2332
f 2332 2330 2338
f 2338 2330 2333
f 2339 2333 2334
f 2339 2334 2340
f 2325 2341 2335
f 2325 2336 2341
f 2329 2342 2336
f 2337 2342 2329
f 2337 2332 2343
f 2343 2332 2338
f 2338 2333 2344
f 2344 2333 2339
f 2345 2339 2340
f 2345 2340 2346
f 2336 2347 2341
f 2336 2342 2347
f 2337 2348 2342
f 2348 2337 2343
f 2343 2338 2349
f 2349 2338 2344
f 2344 2339 2350
f 2345 2350 2339
f 2342 2351 2347
f 2348 2351 2342
f 2348 2343 2352
f 2352 2343 2349
f 2349 2344 2353
f 2353 2344 2350
f 2348 2354 2351
f 2354 2348 2352
f 2352 2349 2355
f 2355 2349 2353
f 2354 2352 2356
f 2356 2352 2355
f 2345 2357 2350
f 2353 2350 2358
f 2357 2358 2350
f 2355 2353 2359
f 2359 2353 2358
f 2356 2355 2360
f 2360 2355 2359
f 2361 2357 2345
f 2361 2345 2346
f 2362 2361 2346
f 2363 2362 2346
f 2364 2357 2361
f 2362 2364 2361
f 2365 2358 2357
f 2364 2365 2357
f 2366 2359 2358
f 2365 2366 2358
f 2367 2362 2363
f 2368 2367 2363
f 2369 2364 2362
f 2367 2369 2362
f 2370 2365 2364
f 2369 2370 2364
f 2371 2367 2368
f 2372 2371 2368
f 2373 2369 2367
f 2371 2373 2367
f 2374 2371 2372
f 2375 2374 2372
f 2366 2376 2359
f 2376 2360 2359
f 2377 2366 2365
f 2370 2377 2365
f 2378 2370 2369
f 2373 2378 2369
f 2379 2373 2371
f 2374 2379 2371
f 2380 2374 2375
f 2381 2380 2375
f 2382 2376 2366
f 2377 2382 2366
f 2383 2377 2370
f 2378 2383 2370
f 2384 2378 2373
f 2379 2384 2373
f 2385 2379 2374
f 2380 2385 2374
f 2386 2380 2381
f 2387 2386 2381
f 2386 2387 2388
f 2386 2389 2380
f 2389 2385 2380
f 2386 2388 2390
f 2389 2386 2390
f 2390 2388 2391
f 2385 2392 2379
f 2392 2384 2379
f 2384 2393 2378
f 2393 2383 2378
f 2389 2394 2385
f 2394 2392 2385
f 2389 2390 2395
f 2394 2389 2395
f 2390 2391 2396
f 2395 2390 2396
f 2396 2391 2397
f 2392 2398 2384
f 2398 2393 2384
f 2394 2399 2392
f 2399 2398 2392
f 2394 2395 2400
f 2399 2394 2400
f 2395 2396 2401
f 2400 2395 2401
f 2396 2397 2402
f 2401 2396 2402
f 2402 2397 2403
f 2402 2403 2404
f 2404 2403 2405
f 2401 2402 2406
f 2406 2402 2404
f 2400 2401 2407
f 2407 2401 2406
f 2399 2400 2408
f 2408 2400 2407
f 2399 2409 2398
f 2409 2399 2408
f 2404 2405 2410
f 2410 2405 2411
f 2406 2404 2412
f 2412 2404 2410
f 2407 2406 2413
f 2413 2406 2412
f 2408 2407 2414
f 2414 2407 2413
f 2410 2411 2415
f 2415 2411 2416
f 2415 2416 2417
f 2418 2415 2417
f 2419 2410 2415
f 2419 2415 2418
f 2412 2410 2419
f 2420 2419 2418
f 2421 2412 2419
f 2421 2419 2420
f 2413 2412 2421
f 2422 2421 2420
f 2423 2413 2421
f 2423 2421 2422
f 2414 2413 2423
f 2424 2423 2422
f 2425 2423 2424
f 2425 2414 2423
f 2426 2425 2424
f 2427 2414 2425
f 2427 2408 2414
f 2409 2408 2427
f 2428 2425 2426
f 2428 2427 2425
f 2429 2428 2426
f 2430 2409 2427
f 2430 2427 2428
f 2431 2428 2429
f 2431 2430 2428
f 2409 2430 2432
f 2409 2432 2398
f 2398 2432 2393
f 2433 2431 2429
f 2433 2429 2434
f 2430 2431 2435
f 2430 2435 2432
f 2431 2433 2435
f 2432 2436 2393
f 2432 2435 2436
f 2393 2436 2383
f 2437 2433 2434
f 2437 2434 2438
f 2435 2433 2439
f 2435 2439 2436
f 2433 2437 2439
f 2436 2440 2383
f 2436 2439 2440
f 2383 2440 2377
f 2440 2382 2377
f 2439 2441 2440
f 2439 2437 2441
f 2440 2441 2382
f 2442 2437 2438
f 2437 2442 2441
f 2442 2438 2443
f 2441 2444 2382
f 2441 2442 2444
f 2382 2444 2376
f 2445 2442 2443
f 2442 2445 2444
f 2445 2443 2446
f 2444 2447 2376
f 2444 2445 2447
f 2376 2447 2360
f 2448 2445 2446
f 2445 2448 2447
f 2448 2446 2449
f 2447 2450 2360
f 2447 2448 2450
f 2450 2356 2360
f 2451 2448 2449
f 2448 2451 2450
f 2451 2449 2452
f 2453 2356 2450
f 2451 2453 2450
f 2453 2354 2356
f 2451 2452 2454
f 2453 2451 2454
f 2354 2453 2455
f 2453 2454 2455
f 2354 2455 2351
f 2456 2454 2452
f 2455 2454 2456
f 2456 2452 2457
f 2351 2455 2458
f 2458 2455 2456
f 2347 2351 2458
f 2459 2456 2457
f 2458 2456 2459
f 2459 2457 2460
f 2347 2458 2461
f 2461 2458 2459
f 2341 2347 2461
f 2462 2459 2460
f 2461 2459 2462
f 2462 2460 2463
f 2462 2463 2464
f 2341 2461 2465
f 2465 2461 2462
f 2335 2341 2465
f 2466 2462 2464
f 2465 2462 2466
f 2466 2464 2467
f 2335 2465 2468
f 2468 2465 2466
f 2319 2335 2468
f 2469 2466 2467
f 2468 2466 2469
f 2469 2467 2470
f 2319 2468 2471
f 2471 2468 2469
f 2315 2319 2471
f 2472 2469 2470
f 2471 2469 2472
f 2472 2470 2473
f 2315 2471 2474
f 2474 2471 2472
f 2313 2315 2474
f 2475 2472 2473
f 2474 2472 2475
f 2475 2473 2476
f 2313 2474 2477
f 2477 2474 2475
f 2310 2313 2477
f 2478 2475 2476
f 2477 2475 2478
f 2478 2476 2479
f 2310 2477 2480
f 2480 2477 2478
f 2306 2310 2480
f 2481 2478 2479
f 2480 2478 2481
f 2481 2479 2482
f 2306 2480 2483
f 2483 2480 2481
f 2300 2306 2483
f 2484 2481 2482
f 2483 2481 2484
f 2484 2482 2485
f 2484 2485 2486
f 2300 2483 2487
f 2487 2483 2484
f 2294 2300 2487
f 2488 2484 2486
f 2487 2484 2488
f 2488 2486 2489
f 2294 2487 2490
f 2490 2487 2488
f 2288 2294 2490
f 2491 2488 2489
f 2490 2488 2491
f 2491 2489 2492
f 2288 2490 2493
f 2493 2490 2491
f 2281 2288 2493
f 2494 2491 2492
f 2493 2491 2494
f 2494 2492 2495
f 2281 2493 2496
f 2496 2493 2494
f 2275 2281 2496
f 2497 2494 2495
f 2496 2494 2497
f 2497 2495 2498
f 2275 2496 2499
f 2499 2496 2497
f 2269 2275 2499
f 2500 2497 2498
f 2499 2497 2500
f 2500 2498 2501
f 2269 2499 2502
f 2502 2499 2500
f 2263 2269 2502
f 2503 2500 2501
f 2502 2500 2503
f 2503 2501 2504
f 2263 2502 2505
f 2505 2502 2503
f 2257 2263 2505
f 2506 2503 2504
f 2505 2503 2506
f 2506 2504 2507
f 2506 2507 2508
f 2257 2505 2509
f 2509 2505 2506
f 2251 2257 2509
f 2510 2506 2508
f 2509 2506 2510
f 2251 2509 2511
f 2511 2509 2510
f 2245 2251 2511
f 2512 2510 2508
f 2512 2511 2510
f 2513 2512 2508
f 2514 2245 2511
f 2512 2514 2511
f 2514 2238 2245
f 2515 2512 2513
f 2514 2512 2515
f 2515 2513 2516
f 2238 2514 2517
f 2514 2515 2517
f 2238 2517 2223
f 2518 2515 2516
f 2517 2515 2518
f 2518 2516 2519
f 2223 2517 2520
f 2517 2518 2520
f 2223 2520 2212
f 2212 2520 2199
f 2521 2518 2519
f 2520 2518 2521
f 2520 2521 2199
f 2521 2519 2189
f 2199 2521 2188
f 2188 2521 2189
f 2522 2523 2524
f 2522 2524 2525
f 2523 2522 2526
f 2526 2522 2525
f 2527 2528 2529
f 2527 2529 2530
f 2528 2527 2531
f 2531 2527 2530
f 2532 2533 2534
f 2532 2534 2535
f 2533 2532 2536
f 2536 2532 2535
f 2537 2538 2539
f 2540 2537 2539
f 2537 2541 2538
f 2541 2537 2540
f 2542 2543 2544
f 2542 2544 2545
f 2543 2542 2546
f 2546 2542 2545
f 2547 2548 2549
f 2550 2547 2549
f 2547 2551 2548
f 2551 2547 2550
f 2552 2553 2554
f 2552 2554 2555
f 2553 2552 2556
f 2556 2552 2555
f 2557 2558 2559
f 2557 2559 2560
f 2558 2557 2561
f 2561 2557 2560
f 2562 2563 2564
f 2562 2564 2565
f 2563 2562 2566
f 2566 2562 2565
f 2567 2568 2569
f 2570 2567 2569
f 2567 2571 2568
f 2571 2567 2570
f 2572 2573 2574
f 2575 2572 2574
f 2572 2575 2576
f 2572 2577 2573
f 2572 2576 2578
f 2579 2577 2572
f 2579 2580 2577
f 2580 2579 2581
f 2579 2582 2581
f 2579 2583 2582
f 2583 2579 2584
f 2579 2585 2584
f 2579 2586 2585
f 2587 2572 2578
f 2587 2578 2588
f 2589 2587 2588
f 2587 2589 2590
f 2587 2590 2591
f 2592 2587 2591
f 2593 2592 2591
f 2592 2593 2594
f 2595 2579 2572
f 2592 2594 2596
f 2597 2586 2579
f 2598 2597 2579
f 2598 2579 2599
f 2597 2600 2586
f 2579 2601 2599
f 2597 2602 2600
f 2602 2603 2600
f 2602 2604 2603
f 2604 2602 2605
f 2602 2606 2605
f 2606 2607 2605
f 2606 2608 2607
f 2608 2606 2609
f 2606 2610 2609
f 2610 2611 2609
f 2610 2612 2611
f 2612 2610 2613
f 2610 2614 2613
f 2614 2615 2613
f 2614 2616 2615
f 2614 2617 2616
f 2617 2596 2616
f 2617 2592 2596
f 2592 2617 2618
f 2592 2618 2619
f 2620 2592 2619
f 2620 2619 2621
f 2622 2620 2621
f 2622 2621 2623
f 2622 2624 2620
f 2624 2625 2620
f 2624 2595 2625
f 2624 2626 2595
f 2627 2622 2623
f 2626 2579 2595
f 2627 2623 2628
f 2629 2627 2628
f 2629 2630 2627
f 2626 2631 2579
f 2630 2632 2627
f 2630 2633 2632
f 2633 2634 2632
f 2635 2627 2632
f 2634 2636 2632
f 2635 2632 2637
f 2631 2635 2637
f 2636 2638 2632
f 2637 2639 2631
f 2639 2579 2631
f 2636 2640 2638
f 2639 2641 2579
f 2639 2642 2641
f 2642 2643 2641
f 2644 2641 2643
f 2642 2645 2643
f 2645 2642 2646
f 2645 2646 2638
f 2647 2645 2638
f 2640 2647 2638
f 2640 2648 2647
f 2648 2649 2647
f 2648 2650 2649
f 2650 2651 2649
f 2651 2652 2649
f 2651 2653 2652
f 2654 2649 2652
f 2649 2654 2655
f 2649 2655 2656
f 2653 2651 2657
f 2658 2653 2657
f 2659 2658 2657
f 2660 2649 2656
f 2659 2657 2661
f 2660 2656 2662
f 2663 2659 2661
f 2664 2663 2661
f 2665 2664 2661
f 2666 2660 2662
f 2660 2666 2667
f 2660 2667 2668
f 2665 2661 2669
f 2644 2660 2668
f 2670 2665 2669
f 2671 2670 2669
f 2672 2671 2669
f 2644 2668 2673
f 2672 2669 2674
f 2644 2673 2675
f 2676 2672 2674
f 2677 2676 2674
f 2678 2677 2674
f 2679 2644 2675
f 2644 2679 2680
f 2644 2680 2681
f 2678 2674 2682
f 2641 2644 2681
f 2641 2681 2683
f 2684 2641 2683
f 2641 2684 2685
f 2686 2641 2685
f 2641 2686 2687
f 2641 2687 2688
f 2689 2678 2682
f 2689 2641 2688
f 2641 2689 2682
f 2641 2682 2690
f 2691 2641 2690
f 2641 2691 2692
f 2641 2692 2693
f 2694 2641 2693
f 2694 2693 2695
f 2694 2695 2696
f 2697 2694 2696
f 2697 2698 2694
f 2698 2699 2694
f 2698 2700 2699
f 2694 2699 2701
f 2702 2694 2701
f 2694 2702 2703
f 2694 2703 2704
f 2705 2694 2704
f 2698 2706 2700
f 2694 2705 2707
f 2706 2708 2700
f 2706 2709 2708
f 2709 2706 2710
f 2706 2711 2710
f 2711 2712 2710
f 2711 2713 2712
f 2713 2711 2714
f 2711 2715 2714
f 2715 2716 2714
f 2715 2717 2716
f 2717 2715 2718
f 2715 2719 2718
f 2719 2720 2718
f 2719 2721 2720
f 2719 2722 2721
f 2722 2723 2721
f 2722 2724 2723
f 2724 2722 2725
f 2724 2726 2723
f 2724 2727 2726
f 2724 2725 2728
f 2727 2724 2729
f 2730 2724 2728
f 2724 2731 2729
f 2731 2732 2729
f 2731 2733 2732
f 2733 2731 2734
f 2731 2735 2734
f 2731 2736 2735
f 2736 2737 2735
f 2736 2738 2737
f 2738 2736 2739
f 2736 2740 2739
f 2730 2728 2741
f 2736 2742 2740
f 2743 2730 2741
f 2743 2741 2744
f 2745 2730 2743
f 2745 2743 2746
f 2747 2743 2744
f 2748 2745 2746
f 2747 2744 2749
f 2747 2749 2750
f 2751 2745 2748
f 2752 2747 2750
f 2736 2694 2742
f 2751 2694 2736
f 2694 2751 2748
f 2694 2707 2742
f 2694 2748 2753
f 2754 2694 2753
f 2754 2753 2755
f 2754 2755 2756
f 2757 2754 2756
f 2758 2754 2757
f 2753 2759 2755
f 2759 2753 2760
f 2759 2760 2747
f 2757 2756 2761
f 2762 2757 2761
f 2763 2759 2747
f 2764 2762 2761
f 2763 2747 2752
f 2765 2763 2752
f 2763 2765 2766
f 2763 2766 2767
f 2768 2763 2767
f 2768 2764 2761
f 2768 2767 2769
f 2764 2768 2769
f 2764 2769 2770
f 2771 2764 2770
f 2771 2770 2772
f 2773 2771 2772
f 2774 2771 2773
f 2775 2774 2773
f 2774 2776 2771
f 2776 2777 2771
f 2777 2778 2771
f 2775 2773 2779
f 2780 2775 2779
f 2781 2780 2779
f 2778 2782 2771
f 2781 2779 2783
f 2778 2784 2782
f 2785 2781 2783
f 2786 2785 2783
f 2787 2786 2783
f 2784 2788 2782
f 2788 2789 2782
f 2789 2790 2782
f 2787 2783 2791
f 2790 2758 2782
f 2792 2787 2791
f 2793 2792 2791
f 2794 2793 2791
f 2790 2795 2758
f 2794 2791 2796
f 2795 2797 2758
f 2798 2794 2796
f 2799 2798 2796
f 2800 2799 2796
f 2797 2801 2758
f 2801 2802 2758
f 2802 2803 2758
f 2800 2796 2804
f 2803 2754 2758
f 2803 2805 2754
f 2805 2806 2754
f 2806 2807 2754
f 2807 2808 2754
f 2808 2809 2754
f 2809 2810 2754
f 2811 2800 2804
f 2810 2811 2754
f 2754 2811 2804
f 2754 2804 2812
f 2813 2754 2812
f 2754 2813 2814
f 2754 2814 2815
f 2579 2754 2815
f 2579 2815 2601
f 2816 2817 2818
f 2819 2816 2818
f 2816 2820 2817
f 2820 2816 2819
f 2821 2822 2823
f 2824 2821 2823
f 2821 2825 2822
f 2825 2821 2824
f 2826 2827 2828
f 2829 2826 2828
f 2826 2830 2827
f 2830 2826 2829
f 2831 2832 2833
f 2834 2831 2833
f 2831 2835 2832
f 2835 2831 2834
f 2836 2837 2838
f 2836 2838 2839
f 2840 2836 2839
f 2836 2840 2841
f 2836 2841 2842
f 2843 2836 2842
f 2836 2843 2844
f 2836 2844 2845
f 2837 2836 2846
f 2847 2836 2845
f 2836 2848 2846
f 2848 2849 2846
f 2848 2850 2849
f 2851 2850 2848
f 2852 2851 2848
f 2853 2852 2848
f 2854 2853 2848
f 2855 2854 2848
f 2856 2855 2848
f 2857 2856 2848
f 2858 2857 2848
f 2858 2848 2859
f 2860 2858 2859
f 2859 2848 2861
f 2860 2859 2862
f 2848 2863 2861
f 2864 2860 2862
f 2864 2862 2865
f 2864 2865 2866
f 2867 2864 2866
f 2867 2866 2868
f 2869 2867 2868
f 2869 2868 2870
f 2871 2869 2870
f 2848 2872 2863
f 2871 2870 2873
f 2874 2871 2873
f 2875 2874 2873
f 2875 2873 2876
f 2877 2875 2876
f 2877 2876 2878
f 2879 2877 2878
f 2879 2878 2880
f 2881 2879 2880
f 2881 2880 2882
f 2883 2881 2882
f 2883 2882 2884
f 2847 2883 2884
f 2847 2884 2885
f 2847 2885 2886
f 2836 2847 2886
f 2886 2885 2887
f 2885 2888 2887
f 2836 2886 2889
f 2888 2890 2887
f 2888 2891 2890
f 2891 2892 2890
f 2893 2836 2889
f 2836 2893 2894
f 2836 2894 2895
f 2896 2836 2895
f 2897 2896 2895
f 2892 2898 2890
f 2892 2899 2898
f 2899 2900 2898
f 2896 2897 2901
f 2900 2902 2898
f 2896 2901 2903
f 2900 2904 2902
f 2905 2896 2903
f 2904 2906 2902
f 2904 2907 2906
f 2902 2906 2908
f 2907 2904 2909
f 2902 2908 2910
f 2911 2907 2909
f 2911 2909 2912
f 2913 2911 2912
f 2913 2912 2914
f 2915 2902 2910
f 2916 2913 2914
f 2916 2914 2917
f 2916 2917 2918
f 2919 2916 2918
f 2919 2918 2920
f 2921 2919 2920
f 2921 2920 2922
f 2923 2921 2922
f 2923 2922 2924
f 2925 2923 2924
f 2925 2924 2926
f 2927 2925 2926
f 2927 2926 2928
f 2929 2927 2928
f 2929 2928 2930
f 2931 2929 2930
f 2872 2931 2930
f 2872 2930 2863
f 2931 2872 2932
f 2872 2933 2932
f 2872 2934 2933
f 2934 2872 2935
f 2872 2936 2935
f 2937 2936 2872
f 2937 2938 2936
f 2938 2937 2939
f 2940 2937 2872
f 2937 2941 2939
f 2940 2872 2942
f 2872 2943 2942
f 2872 2944 2943
f 2941 2945 2939
f 2872 2946 2944
f 2941 2947 2945
f 2947 2941 2948
f 2941 2949 2948
f 2946 2950 2944
f 2941 2951 2949
f 2946 2952 2950
f 2952 2946 2953
f 2951 2954 2949
f 2946 2955 2953
f 2951 2956 2954
f 2956 2951 2957
f 2951 2958 2957
f 2951 2915 2958
f 2915 2959 2958
f 2915 2960 2959
f 2960 2915 2961
f 2915 2910 2961
f 2946 2962 2955
f 2963 2962 2946
f 2962 2964 2955
f 2964 2965 2955
f 2966 2963 2946
f 2965 2967 2955
f 2968 2966 2946
f 2965 2969 2967
f 2970 2968 2946
f 2969 2971 2967
f 2971 2972 2967
f 2972 2973 2967
f 2973 2974 2967
f 2973 2975 2974
f 2975 2976 2974
f 2976 2977 2974
f 2977 2978 2974
f 2978 2979 2974
f 2978 2980 2979
f 2980 2981 2979
f 2981 2982 2979
f 2982 2983 2979
f 2983 2984 2979
f 2983 2985 2984
f 2985 2986 2984
f 2986 2987 2984
f 2986 2988 2987
f 2987 2989 2984
f 2988 2990 2987
f 2988 2991 2990
f 2991 2992 2990
f 2991 2993 2992
f 2993 2994 2992
f 2989 2995 2984
f 2989 2996 2995
f 2996 2997 2995
f 2993 2998 2994
f 2998 2999 2994
f 2998 3000 2999
f 2998 3001 3000
f 3001 3002 3000
f 3001 3003 3002
f 3003 3004 3002
f 3003 3005 3004
f 3005 3006 3004
f 3005 3007 3006
f 3007 3008 3006
f 3007 3009 3008
f 3009 3010 3008
f 3009 3011 3010
f 3011 3012 3010
f 3011 3013 3012
f 3013 2946 3012
f 3013 2970 2946
f 3012 2946 3014
f 2946 3015 3014
f 3015 3016 3014
f 3015 3017 3016
f 3017 3015 3018
f 3017 3018 3019
f 3015 3020 3018
f 3015 3021 3020
f 3021 3015 3022
f 3015 3023 3022
f 3024 3017 3019
f 3015 3025 3023
f 3019 3026 3024
f 3026 3027 3024
f 3026 3028 3027
f 3026 3029 3028
f 3029 3030 3028
f 3029 3031 3030
f 3031 3032 3030
f 3031 3033 3032
f 3025 3015 3034
f 3033 3035 3032
f 3035 3033 3036
f 3035 3036 3037
f 3038 3035 3037
f 3038 3037 3039
f 3040 3038 3039
f 3040 3039 3041
f 3042 3040 3041
f 3042 3041 3043
f 3044 3042 3043
f 3015 3045 3034
f 3044 3043 3046
f 3047 3044 3046
f 3015 3048 3045
f 3048 3015 3049
f 3015 3050 3049
f 3015 3051 3050
f 3051 3052 3050
f 3053 3047 3046
f 3051 3054 3052
f 3054 3051 3055
f 3051 3056 3055
f 3051 3057 3056
f 3057 3051 3058
f 3051 3059 3058
f 3059 3051 3060
f 3051 3061 3060
f 3053 3046 3062
f 3051 3062 3061
f 3063 3053 3062
f 3063 3062 3051
f 3053 3063 3064
f 3065 3053 3064
f 3066 3063 3051
f 3065 3064 3067
f 3068 3065 3067
f 2997 3068 3067
f 2997 3067 2995
f 3069 3066 3051
f 3070 3069 3051
f 3071 3070 3051
f 3071 3051 3072
f 3073 3071 3072
f 3073 3072 3074
f 3072 3075 3074
f 3072 3076 3075
f 3076 3072 3077
f 3072 3078 3077
f 3072 3079 3078
f 3079 3072 3080
f 3072 3081 3080
f 3072 3082 3081
f 3082 3072 3083
f 3072 3084 3083
f 3072 3085 3084
f 3085 3072 3086
f 3072 3087 3086
f 3072 3088 3087
f 3088 3089 3087
f 3088 3090 3089
f 3091 3090 3088
f 3092 3091 3088
f 3093 3092 3088
f 3094 3093 3088
f 3095 3094 3088
f 3096 3095 3088
f 3097 3096 3088
f 3098 3097 3088
f 3098 3088 3099
f 3100 3098 3099
f 3099 3088 3101
f 3100 3099 3102
f 3088 3103 3101
f 3104 3100 3102
f 3104 3102 3105
f 3106 3104 3105
f 3106 3105 3107
f 3108 3106 3107
f 3108 3107 3109
f 3110 3108 3109
f 3110 3109 3111
f 3088 3112 3103
f 3113 3110 3111
f 3113 3111 3114
f 3113 3114 3115
f 3116 3113 3115
f 3116 3115 3117
f 3118 3116 3117
f 3118 3117 3119
f 3120 3118 3119
f 3120 3119 3121
f 3122 3120 3121
f 3122 3121 3123
f 3124 3122 3123
f 3077 3124 3123
f 3125 3077 3123
f 3076 3077 3125
f 3126 3076 3125
f 3125 3127 3126
f 3127 3128 3126
f 3127 3129 3128
f 3129 3130 3128
f 3130 3131 3128
f 3130 3132 3131
f 3132 3133 3131
f 3133 3134 3131
f 3133 3135 3134
f 3135 3136 3134
f 3135 3137 3136
f 3134 3136 3138
f 3137 3139 3136
f 3134 3138 3140
f 3137 3141 3139
f 3141 3142 3139
f 3141 3143 3142
f 3143 3144 3142
f 3145 3134 3140
f 3143 3146 3144
f 3146 3147 3144
f 3146 3148 3147
f 3148 3146 3149
f 3150 3148 3149
f 3150 3149 3151
f 3152 3150 3151
f 3152 3151 3153
f 3154 3152 3153
f 3154 3153 3155
f 3156 3154 3155
f 3156 3155 3157
f 3158 3156 3157
f 3158 3157 3159
f 3158 3159 3160
f 3161 3158 3160
f 3112 3161 3160
f 3112 3160 3103
f 3161 3112 3162
f 3112 3163 3162
f 3112 3164 3163
f 3164 3112 3165
f 3112 3166 3165
f 3167 3166 3112
f 3167 3168 3166
f 3168 3167 3169
f 3170 3167 3112
f 3167 3171 3169
f 3170 3112 3172
f 3112 3173 3172
f 3112 3174 3173
f 3171 3175 3169
f 3112 3176 3174
f 3171 3177 3175
f 3177 3171 3178
f 3171 3179 3178
f 3176 3180 3174
f 3171 3181 3179
f 3176 3182 3180
f 3182 3176 3183
f 3181 3184 3179
f 3176 3185 3183
f 3181 3186 3184
f 3186 3181 3187
f 3181 3188 3187
f 3181 3145 3188
f 3145 3189 3188
f 3145 3190 3189
f 3190 3145 3191
f 3145 3140 3191
f 3176 3192 3185
f 3192 3176 3193
f 3192 3194 3185
f 3194 3195 3185
f 3176 3196 3193
f 3195 3197 3185
f 3176 3198 3196
f 3195 3199 3197
f 3198 3176 3200
f 3199 3201 3197
f 3201 3202 3197
f 3202 3203 3197
f 3203 3204 3197
f 3203 3205 3204
f 3205 3206 3204
f 3206 3207 3204
f 3207 3208 3204
f 3208 3209 3204
f 3208 3210 3209
f 3210 3211 3209
f 3211 3212 3209
f 3212 3213 3209
f 3213 3214 3209
f 3213 3215 3214
f 3215 3216 3214
f 3216 3217 3214
f 3216 3218 3217
f 3217 3219 3214
f 3216 3220 3218
f 3220 3221 3218
f 3220 3222 3221
f 3222 3223 3221
f 3222 3224 3223
f 3219 3225 3214
f 3219 3226 3225
f 3226 3227 3225
f 3224 3228 3223
f 3224 3229 3228
f 3229 3230 3228
f 3230 3231 3228
f 3230 3232 3231
f 3232 3233 3231
f 3232 3234 3233
f 3234 3235 3233
f 3234 3236 3235
f 3236 3237 3235
f 3236 3238 3237
f 3238 3239 3237
f 3227 3240 3225
f 3227 3241 3240
f 3241 3242 3240
f 3242 3243 3240
f 3238 3244 3239
f 3244 3245 3239
f 3242 3246 3243
f 3244 3247 3245
f 3247 3244 3248
f 3246 2905 3243
f 3247 3248 3176
f 3176 3248 3200
f 3249 3247 3176
f 3176 3250 3249
f 3250 3251 3249
f 3250 3252 3251
f 3246 3253 2905
f 3253 2896 2905
f 3254 3253 3246
f 3253 3255 2896
f 3255 3256 2896
f 3256 3257 2896
f 3257 3258 2896
f 3254 3246 3259
f 3260 3254 3259
f 3260 3259 3261
f 3262 3260 3261
f 3262 3261 3263
f 3264 3262 3263
f 3264 3263 3265
f 3266 3264 3265
f 3266 3265 3267
f 3258 3268 2896
f 3269 3266 3267
f 3269 3267 3270
f 3269 3270 3271
f 3272 3269 3271
f 3272 3271 3273
f 3274 3272 3273
f 3274 3273 3275
f 3276 3274 3275
f 3276 3275 3277
f 3278 3276 3277
f 3278 3277 3279
f 3280 3278 3279
f 3280 3279 3252
f 3281 3280 3252
f 3281 3252 3250
f 3282 3281 3250
f 3283 3282 3250
f 3284 3283 3250
f 3285 3284 3250
f 3286 3285 3250
f 3287 3286 3250
f 3288 3287 3250
f 3289 3288 3250
f 3290 3289 3250
f 3291 3290 3250
f 3291 3250 2896
f 3292 3291 2896
f 3293 3292 2896
f 3294 3293 2896
f 3295 3294 2896
f 3268 3295 2896
f 3296 3297 3298
f 3296 3299 3297
f 3300 3296 3298
f 3296 3301 3299
f 3300 3298 3302
f 3301 3303 3299
f 3304 3300 3302
f 3301 3305 3303
f 3304 3302 3306
f 3305 3307 3303
f 3308 3304 3306
f 3305 3309 3307
f 3308 3306 3310
f 3309 3311 3307
f 3312 3308 3310
f 3309 3313 3311
f 3312 3310 3314
f 3313 3315 3311
f 3316 3312 3314
f 3313 3317 3315
f 3316 3314 3318
f 3317 3319 3315
f 3320 3316 3318
f 3317 3321 3319
f 3321 3322 3319
f 3321 3323 3322
f 3320 3318 3324
f 3325 3320 3324
f 3326 3325 3324
f 3326 3324 3327
f 3328 3326 3327
f 3328 3327 3329
f 3330 3328 3329
f 3330 3329 3331
f 3332 3330 3331
f 3332 3331 3333
f 3334 3332 3333
f 3334 3333 3335
f 3336 3334 3335
f 3336 3335 3337
f 3338 3336 3337
f 3338 3337 3339
f 3340 3338 3339
f 3340 3339 3341
f 3340 3341 3342
f 3343 3340 3342
f 3343 3342 3344
f 3345 3343 3344
f 3345 3344 3346
f 3347 3345 3346
f 3347 3346 3348
f 3349 3347 3348
f 3349 3348 3350
f 3351 3349 3350
f 3351 3350 3352
f 3353 3351 3352
f 3353 3352 3354
f 3355 3353 3354
f 3354 3356 3355
f 3356 3357 3355
f 3356 3358 3357
f 3358 3359 3357
f 3358 3323 3359
f 3323 3358 3322
f 3360 3361 3362
f 3363 3360 3362
f 3360 3363 3364
f 3360 3365 3361
f 3360 3364 3366
f 3367 3360 3366
f 3360 3368 3365
f 3369 3367 3366
f 3368 3370 3365
f 3367 3369 3371
f 3368 3372 3370
f 3367 3371 3373
f 3372 3368 3374
f 3368 3375 3374
f 3368 3376 3375
f 3368 3377 3376
f 3378 3367 3373
f 3367 3378 3379
f 3367 3379 3380
f 3377 3381 3376
f 3382 3367 3380
f 3377 3383 3381
f 3382 3380 3384
f 3383 3377 3385
f 3382 3384 3386
f 3377 3387 3385
f 3377 3388 3387
f 3388 3377 3389
f 3390 3382 3386
f 3382 3390 3391
f 3382 3391 3392
f 3377 3393 3389
f 3393 3382 3392
f 3393 3394 3389
f 3393 3392 3395
f 3393 3396 3394
f 3393 3395 3397
f 3396 3393 3397
f 3398 3399 3400
f 3398 3400 3401
f 3399 3398 3402
f 3402 3398 3401
f 3403 3404 3405
f 3406 3404 3403
f 3404 3407 3405
f 3404 3406 3407
f 3408 3409 3410
f 3411 3409 3408
f 3409 3412 3410
f 3409 3411 3412
f 3413 3414 3415
f 3416 3414 3413
f 3414 3417 3415
f 3414 3416 3417
f 3418 3419 3420
f 3421 3419 3418
f 3419 3422 3420
f 3419 3421 3422
f 3423 3424 3425
f 3426 3423 3425
f 3423 3426 3427
f 3423 3428 3424
f 3423 3427 3429
f 3430 3423 3429
f 3423 3431 3428
f 3432 3430 3429
f 3431 3433 3428
f 3430 3432 3434
f 3431 3435 3433
f 3430 3434 3436
f 3435 3431 3437
f 3431 3438 3437
f 3431 3439 3438
f 3431 3440 3439
f 3441 3430 3436
f 3430 3441 3442
f 3430 3442 3443
f 3440 3444 3439
f 3445 3430 3443
f 3440 3446 3444
f 3445 3443 3447
f 3446 3440 3448
f 3445 3447 3449
f 3440 3450 3448
f 3440 3451 3450
f 3451 3440 3452
f 3453 3445 3449
f 3445 3453 3454
f 3445 3454 3455
f 3440 3456 3452
f 3456 3445 3455
f 3456 3457 3452
f 3456 3455 3458
f 3456 3459 3457
f 3456 3458 3460
f 3459 3456 3460
f 3461 3462 3463
f 3461 3463 3464
f 3462 3461 3465
f 3465 3461 3464
f 3466 3467 3468
f 3469 3467 3466
f 3467 3470 3468
f 3467 3469 3470
f 3471 3472 3473
f 3474 3472 3471
f 3472 3475 3473
f 3472 3474 3475
f 3476 3477 3478
f 3479 3477 3476
f 3477 3480 3478
f 3477 3479 3480
f 3481 3482 3483
f 3484 3482 3481
f 3482 3485 3483
f 3482 3484 3485
f 3486 3487 3488
f 3489 3486 3488
f 3486 3489 3490
f 3486 3491 3487
f 3486 3490 3492
f 3493 3486 3492
f 3486 3494 3491
f 3495 3493 3492
f 3494 3496 3491
f 3493 3495 3497
f 3494 3498 3496
f 3493 3497 3499
f 3498 3494 3500
f 3494 3501 3500
f 3494 3502 3501
f 3494 3503 3502
f 3504 3493 3499
f 3493 3504 3505
f 3493 3505 3506
f 3503 3507 3502
f 3508 3493 3506
f 3503 3509 3507
f 3508 3506 3510
f 3509 3503 3511
f 3508 3510 3512
f 3503 3513 3511
f 3503 3514 3513
f 3514 3503 3515
f 3516 3508 3512
f 3508 3516 3517
f 3508 3517 3518
f 3503 3519 3515
f 3519 3508 3518
f 3519 3520 3515
f 3519 3518 3521
f 3519 3522 3520
f 3519 3521 3523
f 3522 3519 3523
f 3524 3525 3526
f 3524 3526 3527
f 3525 3524 3528
f 3528 3524 3527
f 3529 3530 3531
f 3532 3530 3529
f 3530 3533 3531
f 3530 3532 3533
f 3534 3535 3536
f 3537 3535 3534
f 3535 3538 3536
f 3535 3537 3538
f 3539 3540 3541
f 3542 3540 3539
f 3540 3543 3541
f 3540 3542 3543
f 3544 3545 3546
f 3547 3545 3544
f 3545 3548 3546
f 3545 3547 3548
f 3549 3550 3551
f 3552 3549 3551
f 3549 3552 3553
f 3549 3554 3550
f 3549 3553 3555
f 3556 3549 3555
f 3549 3557 3554
f 3558 3556 3555
f 3557 3559 3554
f 3556 3558 3560
f 3557 3561 3559
f 3556 3560 3562
f 3561 3557 3563
f 3557 3564 3563
f 3557 3565 3564
f 3557 3566 3565
f 3567 3556 3562
f 3556 3567 3568
f 3556 3568 3569
f 3566 3570 3565
f 3571 3556 3569
f 3566 3572 3570
f 3571 3569 3573
f 3572 3566 3574
f 3571 3573 3575
f 3566 3576 3574
f 3566 3577 3576
f 3577 3566 3578
f 3579 3571 3575
f 3571 3579 3580
f 3571 3580 3581
f 3566 3582 3578
f 3582 3571 3581
f 3582 3583 3578
f 3582 3581 3584
f 3582 3585 3583
f 3582 3584 3586
f 3585 3582 3586
f 3587 3588 3589
f 3587 3589 3590
f 3588 3587 3591
f 3591 3587 3590
f 3592 3593 3594
f 3595 3593 3592
f 3593 3596 3594
f 3593 3595 3596
f 3597 3598 3599
f 3600 3598 3597
f 3598 3601 3599
f 3598 3600 3601
f 3602 3603 3604
f 3605 3603 3602
f 3603 3606 3604
f 3603 3605 3606
f 3607 3608 3609
f 3610 3608 3607
f 3608 3611 3609
f 3608 3610 3611
f 3612 3613 3614
f 3612 3615 3613
f 3616 3612 3614
f 3612 3617 3615
f 3616 3614 3618
f 3617 3619 3615
f 3620 3616 3618
f 3617 3621 3619
f 3620 3618 3622
f 3621 3623 3619
f 3624 3620 3622
f 3621 3625 3623
f 3624 3622 3626
f 3625 3627 3623
f 3628 3624 3626
f 3625 3629 3627
f 3628 3626 3630
f 3629 3631 3627
f 3632 3628 3630
f 3629 3633 3631
f 3632 3630 3634
f 3633 3635 3631
f 3636 3632 3634
f 3633 3637 3635
f 3637 3638 3635
f 3637 3639 3638
f 3636 3634 3640
f 3641 3636 3640
f 3642 3641 3640
f 3642 3640 3643
f 3644 3642 3643
f 3644 3643 3645
f 3646 3644 3645
f 3646 3645 3647
f 3648 3646 3647
f 3648 3647 3649
f 3650 3648 3649
f 3650 3649 3651
f 3652 3650 3651
f 3652 3651 3653
f 3654 3652 3653
f 3654 3653 3655
f 3656 3654 3655
f 3656 3655 3657
f 3656 3657 3658
f 3659 3656 3658
f 3659 3658 3660
f 3661 3659 3660
f 3661 3660 3662
f 3663 3661 3662
f 3663 3662 3664
f 3665 3663 3664
f 3665 3664 3666
f 3667 3665 3666
f 3667 3666 3668
f 3669 3667 3668
f 3669 3668 3670
f 3671 3669 3670
f 3670 3672 3671
f 3672 3673 3671
f 3672 3674 3673
f 3674 3675 3673
f 3674 3639 3675
f 3639 3674 3638
f 3676 3677 3678
f 3676 3679 3677
f 3680 3676 3678
f 3676 3681 3679
f 3680 3678 3682
f 3681 3683 3679
f 3684 3680 3682
f 3681 3685 3683
f 3684 3682 3686
f 3685 3687 3683
f 3688 3684 3686
f 3685 3689 3687
f 3688 3686 3690
f 3689 3691 3687
f 3692 3688 3690
f 3689 3693 3691
f 3692 3690 3694
f 3693 3695 3691
f 3696 3692 3694
f 3693 3697 3695
f 3696 3694 3698
f 3697 3699 3695
f 3700 3696 3698
f 3697 3701 3699
f 3701 3702 3699
f 3701 3703 3702
f 3700 3698 3704
f 3705 3700 3704
f 3706 3705 3704
f 3706 3704 3707
f 3708 3706 3707
f 3708 3707 3709
f 3710 3708 3709
f 3710 3709 3711
f 3712 3710 3711
f 3712 3711 3713
f 3714 3712 3713
f 3714 3713 3715
f 3716 3714 3715
f 3716 3715 3717
f 3718 3716 3717
f 3718 3717 3719
f 3720 3718 3719
f 3720 3719 3721
f 3720 3721 3722
f 3723 3720 3722
f 3723 3722 3724
f 3725 3723 3724
f 3725 3724 3726
f 3727 3725 3726
f 3727 3726 3728
f 3729 3727 3728
f 3729 3728 3730
f 3731 3729 3730
f 3731 3730 3732
f 3733 3731 3732
f 3733 3732 3734
f 3735 3733 3734
f 3734 3736 3735
f 3736 3737 3735
f 3736 3738 3737
f 3738 3739 3737
f 3738 3703 3739
f 3703 3738 3702
f 3740 3741 3742
f 3743 3740 3742
f 3740 3743 3744
f 3740 3745 3741
f 3740 3744 3746
f 3747 3740 3746
f 3740 3748 3745
f 3749 3747 3746
f 3748 3750 3745
f 3747 3749 3751
f 3748 3752 3750
f 3747 3751 3753
f 3752 3748 3754
f 3748 3755 3754
f 3748 3756 3755
f 3748 3757 3756
f 3758 3747 3753
f 3747 3758 3759
f 3747 3759 3760
f 3757 3761 3756
f 3762 3747 3760
f 3757 3763 3761
f 3762 3760 3764
f 3763 3757 3765
f 3762 3764 3766
f 3757 3767 3765
f 3757 3768 3767
f 3768 3757 3769
f 3770 3762 3766
f 3762 3770 3771
f 3762 3771 3772
f 3757 3773 3769
f 3773 3762 3772
f 3773 3774 3769
f 3773 3772 3775
f 3773 3776 3774
f 3773 3775 3777
f 3776 3773 3777
f 3778 3779 3780
f 3778 3780 3781
f 3779 3778 3782
f 3782 3778 3781
f 3783 3784 3785
f 3786 3784 3783
f 3784 3787 3785
f 3784 3786 3787
f 3788 3789 3790
f 3791 3789 3788
f 3789 3792 3790
f 3789 3791 3792
f 3793 3794 3795
f 3796 3794 3793
f 3794 3797 3795
f 3794 3796 3797
f 3798 3799 3800
f 3801 3799 3798
f 3799 3802 3800
f 3799 3801 3802
f 3803 3804 3805
f 3806 3803 3805
f 3803 3806 3807
f 3803 3808 3804
f 3803 3807 3809
f 3810 3803 3809
f 3803 3811 3808
f 3812 3810 3809
f 3811 3813 3808
f 3810 3812 3814
f 3811 3815 3813
f 3810 3814 3816
f 3815 3811 3817
f 3811 3818 3817
f 3811 3819 3818
f 3811 3820 3819
f 3821 3810 3816
f 3810 3821 3822
f 3810 3822 3823
f 3820 3824 3819
f 3825 3810 3823
f 3820 3826 3824
f 3825 3823 3827
f 3826 3820 3828
f 3825 3827 3829
f 3820 3830 3828
f 3820 3831 3830
f 3831 3820 3832
f 3833 3825 3829
f 3825 3833 3834
f 3825 3834 3835
f 3820 3836 3832
f 3836 3825 3835
f 3836 3837 3832
f 3836 3835 3838
f 3836 3839 3837
f 3836 3838 3840
f 3839 3836 3840
f 3841 3842 3843
f 3841 3843 3844
f 3842 3841 3845
f 3845 3841 3844
f 3846 3847 3848
f 3849 3847 3846
f 3847 3850 3848
f 3847 3849 3850
f 3851 3852 3853
f 3854 3852 3851
f 3852 3855 3853
f 3852 3854 3855
f 3856 3857 3858
f 3859 3857 3856
f 3857 3860 3858
f 3857 3859 3860
f 3861 3862 3863
f 3864 3862 3861
f 3862 3865 3863
f 3862 3864 3865
f 3866 3867 3868
f 3869 3866 3868
f 3866 3869 3870
f 3866 3871 3867
f 3866 3870 3872
f 3873 3866 3872
f 3866 3874 3871
f 3875 3873 3872
f 3874 3876 3871
f 3873 3875 3877
f 3874 3878 3876
f 3873 3877 3879
f 3878 3874 3880
f 3874 3881 3880
f 3874 3882 3881
f 3874 3883 3882
f 3884 3873 3879
f 3873 3884 3885
f 3873 3885 3886
f 3883 3887 3882
f 3888 3873 3886
f 3883 3889 3887
f 3888 3886 3890
f 3889 3883 3891
f 3888 3890 3892
f 3883 3893 3891
f 3883 3894 3893
f 3894 3883 3895
f 3896 3888 3892
f 3888 3896 3897
f 3888 3897 3898
f 3883 3899 3895
f 3899 3888 3898
f 3899 3900 3895
f 3899 3898 3901
f 3899 3902 3900
f 3899 3901 3903
f 3902 3899 3903
f 3904 3905 3906
f 3904 3906 3907
f 3905 3904 3908
f 3908 3904 3907
f 3909 3910 3911
f 3912 3910 3909
f 3910 3913 3911
f 3910 3912 3913
f 3914 3915 3916
f 3917 3915 3914
f 3915 3918 3916
f 3915 3917 3918
f 3919 3920 3921
f 3922 3920 3919
f 3920 3923 3921
f 3920 3922 3923
f 3924 3925 3926
f 3927 3925 3924
f 3925 3928 3926
f 3925 3927 3928
f 3929 3930 3931
f 3932 3929 3931
f 3929 3932 3933
f 3929 3934 3930
f 3929 3933 3935
f 3936 3929 3935
f 3929 3937 3934
f 3938 3936 3935
f 3937 3939 3934
f 3936 3938 3940
f 3937 3941 3939
f 3936 3940 3942
f 3941 3937 3943
f 3937 3944 3943
f 3937 3945 3944
f 3937 3946 3945
f 3947 3936 3942
f 3936 3947 3948
f 3936 3948 3949
f 3946 3950 3945
f 3951 3936 3949
f 3946 3952 3950
f 3951 3949 3953
f 3952 3946 3954
f 3951 3953 3955
f 3946 3956 3954
f 3946 3957 3956
f 3957 3946 3958
f 3959 3951 3955
f 3951 3959 3960
f 3951 3960 3961
f 3946 3962 3958
f 3962 3951 3961
f 3962 3963 3958
f 3962 3961 3964
f 3962 3965 3963
f 3962 3964 3966
f 3965 3962 3966
f 3967 3968 3969
f 3967 3969 3970
f 3968 3967 3971
f 3971 3967 3970
f 3972 3973 3974
f 3975 3973 3972
f 3973 3976 3974
f 3973 3975 3976
f 3977 3978 3979
f 3980 3978 3977
f 3978 3981 3979
f 3978 3980 3981
f 3982 3983 3984
f 3985 3983 3982
f 3983 3986 3984
f 3983 3985 3986
f 3987 3988 3989
f 3990 3988 3987
f 3988 3991 3989
f 3988 3990 3991
f 3992 3993 3994
f 3992 3995 3993
f 3996 3992 3994
f 3992 3997 3995
f 3996 3994 3998
f 3997 3999 3995
f 4000 3996 3998
f 3997 4001 3999
f 4000 3998 4002
f 4001 4003 3999
f 4004 4000 4002
f 4001 4005 4003
f 4004 4002 4006
f 4005 4007 4003
f 4008 4004 4006
f 4005 4009 4007
f 4008 4006 4010
f 4009 4011 4007
f 4012 4008 4010
f 4009 4013 4011
f 4012 4010 4014
f 4013 4015 4011
f 4016 4012 4014
f 4013 4017 4015
f 4017 4018 4015
f 4017 4019 4018
f 4016 4014 4020
f 4021 4016 4020
f 4022 4021 4020
f 4022 4020 4023
f 4024 4022 4023
f 4024 4023 4025
f 4026 4024 4025
f 4026 4025 4027
f 4028 4026 4027
f 4028 4027 4029
f 4030 4028 4029
f 4030 4029 4031
f 4032 4030 4031
f 4032 4031 4033
f 4034 4032 4033
f 4034 4033 4035
f 4036 4034 4035
f 4036 4035 4037
f 4036 4037 4038
f 4039 4036 4038
f 4039 4038 4040
f 4041 4039 4040
f 4041 4040 4042
f 4043 4041 4042
f 4043 4042 4044
f 4045 4043 4044
f 4045 4044 4046
f 4047 4045 4046
f 4047 4046 4048
f 4049 4047 4048
f 4049 4048 4050
f 4051 4049 4050
f 4050 4052 4051
f 4052 4053 4051
f 4052 4054 4053
f 4054 4055 4053
f 4054 4019 4055
f 4019 4054 4018
f 4056 4057 4058
f 4059 4057 4056
f 4057 4060 4058
f 4057 4059 4060
f 4061 4062 4063
f 4064 4062 4061
f 4062 4065 4063
f 4062 4064 4065
f 4066 4067 4068
f 4069 4067 4066
f 4067 4070 4068
f 4067 4069 4070
f 4071 4072 4073
f 4074 4072 4071
f 4072 4075 4073
f 4072 4074 4075
f 4076 4077 4078
f 4079 4077 4076
f 4077 4080 4078
f 4077 4079 4080
f 4081 4082 4083
f 4084 4082 4081
f 4082 4085 4083
f 4082 4084 4085
f 4086 4087 4088
f 4089 4087 4086
f 4087 4090 4088
f 4087 4089 4090
f 4091 4092 4093
f 4094 4092 4091
f 4092 4095 4093
f 4092 4094 4095
