# ROS coordinates: X forward, Y left, Z up; units are metres.
o mesh
v -0.0315075777 0.06592305 0.009500001
v -0.0315075777 0.06592305 0.008039737
v -0.0315080024 0.06592305 0.008039737
v -0.0374158472 0.06638517 0.008769869
v -0.038614165 0.0665935054 0.008039744
v -0.0384221748 0.0665574446 0.009500001
v -0.0434815139 0.0678588748 0.008769869
v -0.04547163 0.06858178 0.00803975
v -0.04549518 0.0685910955 0.009500001
v -0.0494470522 0.07042417 0.008769869
v -0.0489607751 0.07016826 0.009500001
v -0.05126268 0.0714617744 0.008039756
v -0.05230155 0.0721172243 0.009500001
v -0.0550212339 0.0740716159 0.008769869
v -0.0554589033 0.07442163 0.009500001
v -0.0564764775 0.07527774 0.00803976
v -0.05837764 0.0770529956 0.009500001
v -0.0599192381 0.0786886 0.008769869
v -0.06097646 0.07993172 0.008039764
v -0.061009 0.0799717158 0.009500001
v -0.0639074743 0.0840674 0.008769869
v -0.0633134 0.08312909 0.009500001
v -0.064613536 0.08526842 0.008039767
v -0.06526238 0.08646986 0.009500001
v -0.06683954 0.0899354443 0.008769869
v -0.0673000142 0.0911597759 0.008039771
v -0.06683954 0.0899354443 0.009500001
v -0.06867214 0.09599871 0.008769869
v -0.068944566 0.0974060744 0.008039772
v -0.06887318 0.09700846 0.009500001
v -0.06930587 0.100012861 0.008769869
v -0.06950752 0.103852861 0.00803977251
v -0.06950758 0.103923045 0.009500001
v -0.06950758 0.103923045 0.008769869
v -0.06930587 0.107833251 0.008769869
v -0.06896964 0.110294312 0.008039772
v -0.06887318 0.110837653 0.009500001
v -0.06867214 0.111847386 0.008769869
v -0.06734783 0.116551436 0.008039771
v -0.06757176 0.115896992 0.008769869
v -0.06683954 0.117910653 0.009500001
v -0.065984346 0.119902819 0.008769869
v -0.06468534 0.122449659 0.008039767
v -0.06526238 0.121376254 0.009500001
v -0.0639074743 0.123778716 0.008769869
v -0.0633134 0.124717019 0.009500001
v -0.0610683262 0.12780112 0.008039764
v -0.0613590144 0.127436712 0.008769869
v -0.061009 0.127874374 0.009500001
v -0.05837764 0.13079311 0.008769869
v -0.05837764 0.13079311 0.009500001
v -0.0565853119 0.132473126 0.00803976
v -0.0554589033 0.133424476 0.009500001
v -0.0550212339 0.133774489 0.008769869
v -0.05230155 0.135728881 0.009500001
v -0.0513885 0.136307448 0.008039756
v -0.05137587 0.1363152 0.008769869
v -0.0489607751 0.137677848 0.009500001
v -0.04748734 0.13839981 0.008769869
v -0.0456029922 0.139212146 0.00803975
v -0.04549518 0.139255 0.009500001
v -0.0434815139 0.13998723 0.008769869
v -0.03942084 0.141089961 0.008039745
v -0.0384221748 0.141288653 0.009500001
v -0.03942638 0.1410888 0.008769869
v -0.0354177728 0.141721338 0.008769869
v -0.0330033 0.14189361 0.008039738
v -0.0315080024 0.141923055 0.008039737
v -0.0315075777 0.141923055 0.009500001
v -0.0315075777 0.141923055 0.008039737
v -0.02559931 0.141460925 0.008769851
v -0.02489336 0.141342983 0.00803973153
v -0.02459298 0.141288653 0.009500001
v -0.0195336416 0.13998723 0.008769851
v -0.01847575 0.13961859 0.008039725
v -0.0175199769 0.139255 0.009500001
v -0.0135681033 0.137421936 0.008769851
v -0.0140543832 0.137677848 0.009500001
v -0.0125051439 0.1368306 0.00803972
v -0.0107136071 0.135728881 0.009500001
v -0.00799392 0.133774489 0.008769851
v -0.00755624752 0.133424476 0.009500001
v -0.007110513 0.133056939 0.008039715
v -0.00463751843 0.13079311 0.009500001
v -0.0030959188 0.129157513 0.008769851
v -0.00244070822 0.128399909 0.00803971
v -0.002006155 0.127874374 0.009500001
v 0.0008923169 0.123778716 0.008769851
v 0.0002982535 0.124717019 0.009500001
v 0.00134621235 0.123018295 0.008039707
v 0.00224721641 0.121376254 0.009500001
v 0.00382437953 0.117910653 0.008769851
v 0.004154776 0.117045425 0.00803970452
v 0.00382437953 0.117910653 0.009500001
v 0.00565698929 0.111847386 0.008769851
v 0.00588789023 0.110674292 0.008039704
v 0.00585802831 0.110837653 0.009500001
v 0.0062907096 0.107833251 0.008769851
v 0.00649200846 0.104100734 0.008039703
v 0.00649242429 0.103923045 0.009500001
v 0.00649242429 0.103923045 0.008769851
v 0.0062907096 0.100012861 0.008769851
v 0.00595122855 0.09753269 0.008039703
v 0.00585802831 0.09700846 0.009500001
v 0.00565698929 0.09599871 0.008769851
v 0.00428625662 0.09116368 0.00803970452
v 0.0045566014 0.09194911 0.008769851
v 0.00382437953 0.0899354443 0.009500001
v 0.00296918652 0.08794329 0.008769851
v 0.00154088042 0.08516676 0.008039706
v 0.00224721641 0.08646986 0.009500001
v 0.0008923169 0.0840674 0.008769851
v 0.0002982535 0.08312909 0.009500001
v -0.0021903743 0.07974659 0.00803971
v -0.00165614428 0.08040939 0.008769851
v -0.002006155 0.0799717158 0.009500001
v -0.00463751843 0.0770529956 0.008769851
v -0.00463751843 0.0770529956 0.009500001
v -0.00681353966 0.07504046 0.008039715
v -0.00755624752 0.07442163 0.009500001
v -0.00799392 0.0740716159 0.008769851
v -0.0107136071 0.0721172243 0.009500001
v -0.0121666249 0.07121332 0.00803971849
v -0.0116519248 0.07152316 0.008769851
v -0.0140543832 0.07016826 0.009500001
v -0.0155278128 0.06944629 0.008769851
v -0.01811342 0.0683618858 0.008039725
v -0.0175199769 0.0685910955 0.009500001
v -0.0195336416 0.0678588748 0.008769851
v -0.0244522579 0.06658378 0.008039731
v -0.02459298 0.0665574446 0.009500001
v -0.0235832389 0.06675848 0.008769851
v -0.02759738 0.06612477 0.008769851
v -0.0310088433 0.06592633 0.008039736
v -0.0315075777 0.06592305 0.009500001
v -0.0315075777 0.06592305 0.008039737
v 0.00611996232 0.138923049 0.009500001
v 0.00601719832 0.139423043 0.0100000007
v 0.00611996232 0.138923049 0.00500000035
v 0.005994145 0.139497355 0.0075000003
v 0.006016576 0.139425159 0.00500000035
v 0.00585365156 0.139851779 0.0100000007
v 0.00581746548 0.1399258 0.00500000035
v 0.00574244466 0.140064836 0.0075000003
v 0.005616415 0.140265584 0.0100000007
v 0.00552047044 0.140397891 0.00500000035
v 0.00536485948 0.140584469 0.0075000003
v 0.005307667 0.140645921 0.0100000007
v 0.00513373176 0.140813529 0.00500000035
v 0.004879155 0.141016215 0.0075000003
v 0.00493574655 0.140974954 0.0100000007
v 0.00467561372 0.141148865 0.00500000035
v 0.004514641 0.141238153 0.0100000007
v 0.00431883056 0.141330257 0.0075000003
v 0.00417195 0.141388446 0.00500000035
v 0.004062299 0.1414262 0.0100000007
v 0.0037257513 0.141513675 0.0075000003
v 0.0036514143 0.141527489 0.00500000035
v 0.00314065674 0.1415713 0.0075000003
v 0.00359817222 0.141536191 0.0100000007
v 0.00314065674 0.1415713 0.00500000035
v 0.00314065674 0.1415713 0.0100000007
v 0.00262989872 0.141527489 0.00500000035
v 0.00268314057 0.141536191 0.0100000007
v 0.00255556125 0.141513675 0.0075000003
v 0.00221901387 0.1414262 0.0100000007
v 0.00210936274 0.141388446 0.00500000035
v 0.00210936274 0.141388446 0.0075000003
v 0.00176667213 0.141238153 0.0100000007
v 0.00167552475 0.141189188 0.0075000003
v 0.00160569919 0.141148865 0.00500000035
v 0.00134556624 0.140974954 0.0100000007
v 0.00127221341 0.140918389 0.0075000003
v 0.00114758126 0.140813529 0.00500000035
v 0.000973645831 0.140645921 0.0100000007
v 0.000916453544 0.140584469 0.0075000003
v 0.000760842231 0.140397891 0.00500000035
v 0.000664898253 0.140265584 0.0100000007
v 0.000621846935 0.140200883 0.0075000003
v 0.000463847537 0.1399258 0.00500000035
v 0.00042766158 0.139851779 0.0100000007
v 0.00039688393 0.139784425 0.0075000003
v 0.000264737027 0.139425159 0.00500000035
v 0.0002641147 0.139423043 0.0100000007
v 0.00024427264 0.139352933 0.0075000003
v 0.000161351141 0.138923049 0.00500000035
v 0.000161351141 0.138923049 0.009500001
v -0.00467476 0.139423043 0.0100000007
v 0.0002641147 0.139423043 0.0100000007
v 0.00042766158 0.139851779 0.0100000007
v 0.000664898253 0.140265584 0.0100000007
v 0.000973645831 0.140645921 0.0100000007
v 0.00134556624 0.140974954 0.0100000007
v 0.00176667213 0.141238153 0.0100000007
v -0.0315075777 0.148423061 0.0100000007
v 0.00732569862 0.14508979 0.0100000007
v 0.00758952834 0.145304084 0.0100000007
v 0.007885069 0.145457208 0.0100000007
v 0.00221901387 0.1414262 0.0100000007
v 0.00711138174 0.14482595 0.0100000007
v 0.006958274 0.1445304 0.0100000007
v 0.00268314057 0.141536191 0.0100000007
v 0.00686997036 0.1442233 0.0100000007
v 0.008192185 0.145545512 0.0100000007
v 0.00314065674 0.1415713 0.0100000007
v 0.00684242463 0.143923044 0.0100000007
v 0.00686997036 0.143622816 0.0100000007
v 0.00359817222 0.141536191 0.0100000007
v 0.006958274 0.1433157 0.0100000007
v 0.004062299 0.1414262 0.0100000007
v 0.00711138174 0.143020168 0.0100000007
v 0.00732569862 0.142756328 0.0100000007
v 0.004514641 0.141238153 0.0100000007
v 0.00758952834 0.142542 0.0100000007
v 0.00493574655 0.140974954 0.0100000007
v 0.007885069 0.14238891 0.0100000007
v 0.005307667 0.140645921 0.0100000007
v 0.008192185 0.1423006 0.0100000007
v 0.005616415 0.140265584 0.0100000007
v 0.008492424 0.142273054 0.0100000007
v 0.00585365156 0.139851779 0.0100000007
v 0.008792664 0.1423006 0.0100000007
v 0.00601719832 0.139423043 0.0100000007
v 0.009099781 0.14238891 0.0100000007
v 0.0178850684 0.14238891 0.0100000007
v 0.009395321 0.142542 0.0100000007
v 0.0175895281 0.142542 0.0100000007
v 0.018192187 0.1423006 0.0100000007
v 0.0184924249 0.142273054 0.0100000007
v 0.0187926628 0.1423006 0.0100000007
v 0.009659151 0.142756328 0.0100000007
v 0.0173257 0.142756328 0.0100000007
v 0.0171113815 0.143020168 0.0100000007
v 0.0098734675 0.143020168 0.0100000007
v 0.0169582739 0.1433157 0.0100000007
v 0.010026576 0.1433157 0.0100000007
v 0.0168699715 0.143622816 0.0100000007
v 0.0101148793 0.143622816 0.0100000007
v 0.0429924242 0.139423043 0.0100000007
v 0.0168424249 0.143923044 0.0100000007
v 0.0101424241 0.143923044 0.0100000007
v 0.0101148793 0.1442233 0.0100000007
v 0.0168699715 0.1442233 0.0100000007
v 0.010026576 0.1445304 0.0100000007
v 0.0169582739 0.1445304 0.0100000007
v 0.0098734675 0.14482595 0.0100000007
v 0.0171113815 0.14482595 0.0100000007
v 0.009659151 0.14508979 0.0100000007
v 0.0173257 0.14508979 0.0100000007
v 0.009395321 0.145304084 0.0100000007
v 0.0175895281 0.145304084 0.0100000007
v 0.009099781 0.145457208 0.0100000007
v 0.0178850684 0.145457208 0.0100000007
v 0.008792664 0.145545512 0.0100000007
v 0.018192187 0.145545512 0.0100000007
v 0.008492424 0.14557305 0.0100000007
v 0.0184924249 0.14557305 0.0100000007
v 0.0429924242 0.148423061 0.0100000007
v 0.0187926628 0.145545512 0.0100000007
v 0.0190997813 0.145457208 0.0100000007
v 0.03788507 0.145457208 0.0100000007
v 0.0375895277 0.145304084 0.0100000007
v 0.0381921865 0.145545512 0.0100000007
v 0.0384924263 0.14557305 0.0100000007
v 0.038792666 0.145545512 0.0100000007
v 0.0390997827 0.145457208 0.0100000007
v 0.0193953216 0.145304084 0.0100000007
v 0.0373257 0.14508979 0.0100000007
v 0.01965915 0.14508979 0.0100000007
v 0.0371113829 0.14482595 0.0100000007
v 0.0198734663 0.14482595 0.0100000007
v 0.0369582735 0.1445304 0.0100000007
v 0.0200265758 0.1445304 0.0100000007
v 0.0368699729 0.1442233 0.0100000007
v 0.0201148763 0.1442233 0.0100000007
v 0.03939532 0.145304084 0.0100000007
v 0.03684243 0.143923044 0.0100000007
v 0.0201424249 0.143923044 0.0100000007
v 0.0201148763 0.143622816 0.0100000007
v 0.0368699729 0.143622816 0.0100000007
v 0.0200265758 0.1433157 0.0100000007
v 0.0369582735 0.1433157 0.0100000007
v 0.0198734663 0.143020168 0.0100000007
v 0.0371113829 0.143020168 0.0100000007
v 0.01965915 0.142756328 0.0100000007
v 0.0373257 0.142756328 0.0100000007
v 0.0193953216 0.142542 0.0100000007
v 0.0375895277 0.142542 0.0100000007
v 0.0190997813 0.14238891 0.0100000007
v 0.03788507 0.14238891 0.0100000007
v 0.0381921865 0.1423006 0.0100000007
v 0.0384924263 0.142273054 0.0100000007
v 0.038792666 0.1423006 0.0100000007
v 0.0390997827 0.14238891 0.0100000007
v 0.03939532 0.142542 0.0100000007
v 0.03965915 0.142756328 0.0100000007
v 0.0398734659 0.143020168 0.0100000007
v 0.0400265753 0.1433157 0.0100000007
v 0.04011488 0.143622816 0.0100000007
v 0.0401424244 0.143923044 0.0100000007
v 0.04011488 0.1442233 0.0100000007
v 0.0400265753 0.1445304 0.0100000007
v 0.0398734659 0.14482595 0.0100000007
v 0.03965915 0.14508979 0.0100000007
v -0.07861054 0.103060693 0.0100000007
v -0.07861054 0.103060693 0.00500000035
v -0.0783102959 0.103033155 0.00500000035
v -0.07826645 0.103024423 0.0075000003
v -0.0783102959 0.103033155 0.0100000007
v -0.0780031756 0.102944851 0.00500000035
v -0.0780031756 0.102944851 0.0100000007
v -0.0779166743 0.102907717 0.0075000003
v -0.07770763 0.102791741 0.00500000035
v -0.07770763 0.102791741 0.0100000007
v -0.07758954 0.102706879 0.0075000003
v -0.0774438 0.102577426 0.00500000035
v -0.0774438 0.102577426 0.0100000007
v -0.0773143545 0.102431685 0.0075000003
v -0.07722949 0.102313593 0.00500000035
v -0.07722949 0.102313593 0.0100000007
v -0.07711352 0.102104552 0.0075000003
v -0.07707638 0.102018051 0.00500000035
v -0.07707638 0.102018051 0.0100000007
v -0.0769968 0.101754785 0.0075000003
v -0.07698807 0.10171093 0.00500000035
v -0.0769605339 0.1014107 0.0075000003
v -0.07698807 0.10171093 0.0100000007
v -0.0769605339 0.1014107 0.00500000035
v -0.0769605339 0.1014107 0.0100000007
v -0.07698807 0.101110458 0.00500000035
v -0.07698807 0.101110458 0.0100000007
v -0.0769968 0.101066612 0.0075000003
v -0.07707638 0.100803338 0.00500000035
v -0.07707638 0.100803338 0.0100000007
v -0.07707638 0.100803338 0.0075000003
v -0.07720369 0.10054855 0.0075000003
v -0.07722949 0.1005078 0.00500000035
v -0.07722949 0.1005078 0.0100000007
v -0.0773768649 0.10031499 0.0075000003
v -0.0774438 0.100243978 0.00500000035
v -0.0774438 0.100243978 0.0100000007
v -0.07758954 0.100114524 0.0075000003
v -0.07770763 0.100029647 0.00500000035
v -0.07770763 0.100029647 0.0100000007
v -0.07783158 0.09995614 0.0075000003
v -0.0780031756 0.09987655 0.00500000035
v -0.0780031756 0.09987655 0.0100000007
v -0.07809061 0.0998447537 0.0075000003
v -0.0783102959 0.09978824 0.00500000035
v -0.0783102959 0.09978824 0.0100000007
v -0.07835399 0.09978077 0.0075000003
v -0.07861054 0.0997607037 0.00500000035
v -0.07861054 0.0997607037 0.0100000007
v -0.07891077 0.09978824 0.00500000035
v -0.0789546147 0.09979698 0.0075000003
v -0.07891077 0.09978824 0.0100000007
v -0.07921789 0.09987655 0.00500000035
v -0.07921789 0.09987655 0.0100000007
v -0.07930439 0.09991369 0.0075000003
v -0.07951342 0.100029647 0.00500000035
v -0.07951342 0.100029647 0.0100000007
v -0.0796315148 0.100114524 0.0075000003
v -0.0797772557 0.100243978 0.00500000035
v -0.0797772557 0.100243978 0.0100000007
v -0.07990672 0.100389712 0.0075000003
v -0.07999158 0.1005078 0.00500000035
v -0.07999158 0.1005078 0.0100000007
v -0.0801075548 0.100716844 0.0075000003
v -0.08014469 0.100803338 0.00500000035
v -0.08014469 0.100803338 0.0100000007
v -0.08022426 0.101066612 0.0075000003
v -0.0802329853 0.101110458 0.00500000035
v -0.08026053 0.1014107 0.0075000003
v -0.0802329853 0.101110458 0.0100000007
v -0.08026053 0.1014107 0.00500000035
v -0.08026053 0.1014107 0.0100000007
v -0.0802329853 0.10171093 0.00500000035
v -0.0802329853 0.10171093 0.0100000007
v -0.08022426 0.101754785 0.0075000003
v -0.08014469 0.102018051 0.00500000035
v -0.08014469 0.102018051 0.0100000007
v -0.08014469 0.102018051 0.0075000003
v -0.08001737 0.102272853 0.0075000003
v -0.07999158 0.102313593 0.00500000035
v -0.07999158 0.102313593 0.0100000007
v -0.07984419 0.1025064 0.0075000003
v -0.0797772557 0.102577426 0.00500000035
v -0.0797772557 0.102577426 0.0100000007
v -0.0796315148 0.102706879 0.0075000003
v -0.07951342 0.102791741 0.00500000035
v -0.07951342 0.102791741 0.0100000007
v -0.07938948 0.102865249 0.0075000003
v -0.07921789 0.102944851 0.00500000035
v -0.07921789 0.102944851 0.0100000007
v -0.0791304559 0.102976643 0.0075000003
v -0.07891077 0.103033155 0.00500000035
v -0.07891077 0.103033155 0.0100000007
v -0.07886708 0.103040636 0.0075000003
v -0.07861054 0.103060693 0.00500000035
v -0.07861054 0.103060693 0.0100000007
v 0.0384924263 0.14557305 0.0100000007
v 0.0384924263 0.14557305 0.00500000035
v 0.038792666 0.145545512 0.00500000035
v 0.03883651 0.14553678 0.0075000003
v 0.038792666 0.145545512 0.0100000007
v 0.0390997827 0.145457208 0.00500000035
v 0.0390997827 0.145457208 0.0100000007
v 0.0391862839 0.145420074 0.0075000003
v 0.03939532 0.145304084 0.00500000035
v 0.03939532 0.145304084 0.0100000007
v 0.0395134129 0.145219237 0.0075000003
v 0.03965915 0.14508979 0.00500000035
v 0.03965915 0.14508979 0.0100000007
v 0.0397886038 0.144944042 0.0075000003
v 0.0398734659 0.14482595 0.00500000035
v 0.0398734659 0.14482595 0.0100000007
v 0.03998944 0.144616917 0.0075000003
v 0.0400265753 0.1445304 0.00500000035
v 0.0400265753 0.1445304 0.0100000007
v 0.0401061475 0.144267142 0.0075000003
v 0.04011488 0.1442233 0.00500000035
v 0.0401424244 0.143923044 0.0075000003
v 0.04011488 0.1442233 0.0100000007
v 0.0401424244 0.143923044 0.00500000035
v 0.0401424244 0.143923044 0.0100000007
v 0.04011488 0.143622816 0.00500000035
v 0.04011488 0.143622816 0.0100000007
v 0.0401061475 0.143578976 0.0075000003
v 0.0400265753 0.1433157 0.00500000035
v 0.0400265753 0.1433157 0.0100000007
v 0.0400265753 0.1433157 0.0075000003
v 0.03989926 0.1430609 0.0075000003
v 0.0398734659 0.143020168 0.00500000035
v 0.0398734659 0.143020168 0.0100000007
v 0.03972609 0.142827347 0.0075000003
v 0.03965915 0.142756328 0.00500000035
v 0.03965915 0.142756328 0.0100000007
v 0.0395134129 0.142626882 0.0075000003
v 0.03939532 0.142542 0.00500000035
v 0.03939532 0.142542 0.0100000007
v 0.039271377 0.1424685 0.0075000003
v 0.0390997827 0.14238891 0.00500000035
v 0.0390997827 0.14238891 0.0100000007
v 0.0390123464 0.142357111 0.0075000003
v 0.038792666 0.1423006 0.00500000035
v 0.038792666 0.1423006 0.0100000007
v 0.0387489721 0.14229311 0.0075000003
v 0.0384924263 0.142273054 0.00500000035
v 0.0384924263 0.142273054 0.0100000007
v 0.0381921865 0.1423006 0.00500000035
v 0.0381483436 0.142309338 0.0075000003
v 0.0381921865 0.1423006 0.0100000007
v 0.03788507 0.14238891 0.00500000035
v 0.03788507 0.14238891 0.0100000007
v 0.03779857 0.142426044 0.0075000003
v 0.0375895277 0.142542 0.00500000035
v 0.0375895277 0.142542 0.0100000007
v 0.03747144 0.142626882 0.0075000003
v 0.0373257 0.142756328 0.00500000035
v 0.0373257 0.142756328 0.0100000007
v 0.037196245 0.142902076 0.0075000003
v 0.0371113829 0.143020168 0.00500000035
v 0.0371113829 0.143020168 0.0100000007
v 0.0369954072 0.1432292 0.0075000003
v 0.0369582735 0.1433157 0.00500000035
v 0.0369582735 0.1433157 0.0100000007
v 0.0368787 0.143578976 0.0075000003
v 0.0368699729 0.143622816 0.00500000035
v 0.03684243 0.143923044 0.0075000003
v 0.0368699729 0.143622816 0.0100000007
v 0.03684243 0.143923044 0.00500000035
v 0.03684243 0.143923044 0.0100000007
v 0.0368699729 0.1442233 0.00500000035
v 0.0368699729 0.1442233 0.0100000007
v 0.0368787 0.144267142 0.0075000003
v 0.0369582735 0.1445304 0.00500000035
v 0.0369582735 0.1445304 0.0100000007
v 0.0369582735 0.1445304 0.0075000003
v 0.0370855853 0.14478521 0.0075000003
v 0.0371113829 0.14482595 0.00500000035
v 0.0371113829 0.14482595 0.0100000007
v 0.0372587629 0.145018756 0.0075000003
v 0.0373257 0.14508979 0.00500000035
v 0.0373257 0.14508979 0.0100000007
v 0.03747144 0.145219237 0.0075000003
v 0.0375895277 0.145304084 0.00500000035
v 0.0375895277 0.145304084 0.0100000007
v 0.0377134755 0.1453776 0.0075000003
v 0.03788507 0.145457208 0.00500000035
v 0.03788507 0.145457208 0.0100000007
v 0.0379725061 0.145489 0.0075000003
v 0.0381921865 0.145545512 0.00500000035
v 0.0381921865 0.145545512 0.0100000007
v 0.0382358842 0.145553 0.0075000003
v 0.0384924263 0.14557305 0.00500000035
v 0.0384924263 0.14557305 0.0100000007
v 0.008492424 0.06165 0.0100000007
v 0.008492424 0.06165 0.00500000035
v 0.008792664 0.0616224557 0.00500000035
v 0.008836508 0.06161373 0.0075000003
v 0.008792664 0.0616224557 0.0100000007
v 0.009099781 0.0615341552 0.00500000035
v 0.009099781 0.0615341552 0.0100000007
v 0.009186283 0.0614970177 0.0075000003
v 0.009395321 0.06138105 0.00500000035
v 0.009395321 0.06138105 0.0100000007
v 0.009513412 0.0612961836 0.0075000003
v 0.009659151 0.06116673 0.00500000035
v 0.009659151 0.06116673 0.0100000007
v 0.009788605 0.0610209927 0.0075000003
v 0.0098734675 0.0609029 0.00500000035
v 0.0098734675 0.0609029 0.0100000007
v 0.009989441 0.0606938638 0.0075000003
v 0.010026576 0.06060736 0.00500000035
v 0.010026576 0.06060736 0.0100000007
v 0.0101061491 0.06034408 0.0075000003
v 0.0101148793 0.0603002459 0.00500000035
v 0.0101424241 0.0600000024 0.0075000003
v 0.0101148793 0.0603002459 0.0100000007
v 0.0101424241 0.0600000024 0.00500000035
v 0.0101424241 0.0600000024 0.0100000007
v 0.0101148793 0.05969976 0.00500000035
v 0.0101148793 0.05969976 0.0100000007
v 0.0101061491 0.0596559234 0.0075000003
v 0.010026576 0.059392646 0.00500000035
v 0.010026576 0.059392646 0.0100000007
v 0.010026576 0.059392646 0.0075000003
v 0.009899261 0.0591378473 0.0075000003
v 0.0098734675 0.0590971075 0.00500000035
v 0.0098734675 0.0590971075 0.0100000007
v 0.00972608849 0.0589042976 0.0075000003
v 0.009659151 0.05883328 0.00500000035
v 0.009659151 0.05883328 0.0100000007
v 0.009513412 0.0587038249 0.0075000003
v 0.009395321 0.0586189553 0.00500000035
v 0.009395321 0.0586189553 0.0100000007
v 0.009271376 0.05854544 0.0075000003
v 0.009099781 0.0584658533 0.00500000035
v 0.009099781 0.0584658533 0.0100000007
v 0.009012345 0.05843406 0.0075000003
v 0.008792664 0.05837755 0.00500000035
v 0.008792664 0.05837755 0.0100000007
v 0.008748967 0.05837007 0.0075000003
v 0.008492424 0.0583500043 0.00500000035
v 0.008492424 0.0583500043 0.0100000007
v 0.008192185 0.05837755 0.00500000035
v 0.008148341 0.0583862737 0.0075000003
v 0.008192185 0.05837755 0.0100000007
v 0.007885069 0.0584658533 0.00500000035
v 0.007885069 0.0584658533 0.0100000007
v 0.00779856555 0.058502987 0.0075000003
v 0.00758952834 0.0586189553 0.00500000035
v 0.00758952834 0.0586189553 0.0100000007
v 0.00747143663 0.0587038249 0.0075000003
v 0.00732569862 0.05883328 0.00500000035
v 0.00732569862 0.05883328 0.0100000007
v 0.007196244 0.0589790158 0.0075000003
v 0.00711138174 0.0590971075 0.00500000035
v 0.00711138174 0.0590971075 0.0100000007
v 0.006995407 0.05930614 0.0075000003
v 0.006958274 0.059392646 0.00500000035
v 0.006958274 0.059392646 0.0100000007
v 0.0068787 0.0596559234 0.0075000003
v 0.00686997036 0.05969976 0.00500000035
v 0.00684242463 0.0600000024 0.0075000003
v 0.00686997036 0.05969976 0.0100000007
v 0.00684242463 0.0600000024 0.00500000035
v 0.00684242463 0.0600000024 0.0100000007
v 0.00686997036 0.0603002459 0.00500000035
v 0.00686997036 0.0603002459 0.0100000007
v 0.0068787 0.06034408 0.0075000003
v 0.006958274 0.06060736 0.00500000035
v 0.006958274 0.06060736 0.0100000007
v 0.006958274 0.06060736 0.0075000003
v 0.007085587 0.0608621575 0.0075000003
v 0.00711138174 0.0609029 0.00500000035
v 0.00711138174 0.0609029 0.0100000007
v 0.00725876028 0.0610957071 0.0075000003
v 0.00732569862 0.06116673 0.00500000035
v 0.00732569862 0.06116673 0.0100000007
v 0.00747143663 0.0612961836 0.0075000003
v 0.00758952834 0.06138105 0.00500000035
v 0.00758952834 0.06138105 0.0100000007
v 0.007713474 0.0614545643 0.0075000003
v 0.007885069 0.0615341552 0.00500000035
v 0.007885069 0.0615341552 0.0100000007
v 0.007972504 0.0615659431 0.0075000003
v 0.008192185 0.0616224557 0.00500000035
v 0.008192185 0.0616224557 0.0100000007
v 0.008235881 0.0616299361 0.0075000003
v 0.008492424 0.06165 0.00500000035
v 0.008492424 0.06165 0.0100000007
v -0.101519763 0.06165 0.0100000007
v -0.101519763 0.06165 0.00500000035
v -0.101219535 0.0616224557 0.00500000035
v -0.101175681 0.06161373 0.0075000003
v -0.101219535 0.0616224557 0.0100000007
v -0.100912414 0.0615341552 0.00500000035
v -0.100912414 0.0615341552 0.0100000007
v -0.100825913 0.0614970177 0.0075000003
v -0.100616872 0.06138105 0.00500000035
v -0.100616872 0.06138105 0.0100000007
v -0.100498788 0.0612961836 0.0075000003
v -0.100353047 0.06116673 0.00500000035
v -0.100353047 0.06116673 0.0100000007
v -0.100223586 0.0610209927 0.0075000003
v -0.100138724 0.0609029 0.00500000035
v -0.100138724 0.0609029 0.0100000007
v -0.100022748 0.0606938638 0.0075000003
v -0.09998563 0.06060736 0.00500000035
v -0.09998563 0.06060736 0.0100000007
v -0.09990604 0.06034408 0.0075000003
v -0.09989731 0.0603002459 0.00500000035
v -0.09986977 0.0600000024 0.0075000003
v -0.09989731 0.0603002459 0.0100000007
v -0.09986977 0.0600000024 0.00500000035
v -0.09986977 0.0600000024 0.0100000007
v -0.09989731 0.05969976 0.00500000035
v -0.09989731 0.05969976 0.0100000007
v -0.09990604 0.0596559234 0.0075000003
v -0.09998563 0.059392646 0.00500000035
v -0.09998563 0.059392646 0.0100000007
v -0.09998563 0.059392646 0.0075000003
v -0.10011293 0.0591378473 0.0075000003
v -0.100138724 0.0590971075 0.00500000035
v -0.100138724 0.0590971075 0.0100000007
v -0.100286111 0.0589042976 0.0075000003
v -0.100353047 0.05883328 0.00500000035
v -0.100353047 0.05883328 0.0100000007
v -0.100498788 0.0587038249 0.0075000003
v -0.100616872 0.0586189553 0.00500000035
v -0.100616872 0.0586189553 0.0100000007
v -0.10074082 0.05854544 0.0075000003
v -0.100912414 0.0584658533 0.00500000035
v -0.100912414 0.0584658533 0.0100000007
v -0.100999847 0.05843406 0.0075000003
v -0.101219535 0.05837755 0.00500000035
v -0.101219535 0.05837755 0.0100000007
v -0.101263225 0.05837007 0.0075000003
v -0.101519763 0.0583500043 0.00500000035
v -0.101519763 0.0583500043 0.0100000007
v -0.101820007 0.05837755 0.00500000035
v -0.101863854 0.0583862737 0.0075000003
v -0.101820007 0.05837755 0.0100000007
v -0.102127127 0.0584658533 0.00500000035
v -0.102127127 0.0584658533 0.0100000007
v -0.102213629 0.058502987 0.0075000003
v -0.10242267 0.0586189553 0.00500000035
v -0.10242267 0.0586189553 0.0100000007
v -0.102540761 0.0587038249 0.0075000003
v -0.1026865 0.05883328 0.00500000035
v -0.1026865 0.05883328 0.0100000007
v -0.102815941 0.0589790158 0.0075000003
v -0.102900818 0.0590971075 0.00500000035
v -0.102900818 0.0590971075 0.0100000007
v -0.103016794 0.05930614 0.0075000003
v -0.103053913 0.059392646 0.00500000035
v -0.103053913 0.059392646 0.0100000007
v -0.103133485 0.0596559234 0.0075000003
v -0.103142224 0.05969976 0.00500000035
v -0.103169769 0.0600000024 0.0075000003
v -0.103142224 0.05969976 0.0100000007
v -0.103169769 0.0600000024 0.00500000035
v -0.103169769 0.0600000024 0.0100000007
v -0.103142224 0.0603002459 0.00500000035
v -0.103142224 0.0603002459 0.0100000007
v -0.103133485 0.06034408 0.0075000003
v -0.103053913 0.06060736 0.00500000035
v -0.103053913 0.06060736 0.0100000007
v -0.103053913 0.06060736 0.0075000003
v -0.102926612 0.0608621575 0.0075000003
v -0.102900818 0.0609029 0.00500000035
v -0.102900818 0.0609029 0.0100000007
v -0.102753431 0.0610957071 0.0075000003
v -0.1026865 0.06116673 0.00500000035
v -0.1026865 0.06116673 0.0100000007
v -0.102540761 0.0612961836 0.0075000003
v -0.10242267 0.06138105 0.00500000035
v -0.10242267 0.06138105 0.0100000007
v -0.102298722 0.0614545643 0.0075000003
v -0.102127127 0.0615341552 0.00500000035
v -0.102127127 0.0615341552 0.0100000007
v -0.102039695 0.0615659431 0.0075000003
v -0.101820007 0.0616224557 0.00500000035
v -0.101820007 0.0616224557 0.0100000007
v -0.101776309 0.0616299361 0.0075000003
v -0.101519763 0.06165 0.00500000035
v -0.101519763 0.06165 0.0100000007
v 0.008492424 0.14557305 0.0100000007
v 0.008492424 0.14557305 0.00500000035
v 0.008792664 0.145545512 0.00500000035
v 0.008836508 0.14553678 0.0075000003
v 0.008792664 0.145545512 0.0100000007
v 0.009099781 0.145457208 0.00500000035
v 0.009099781 0.145457208 0.0100000007
v 0.009186283 0.145420074 0.0075000003
v 0.009395321 0.145304084 0.00500000035
v 0.009395321 0.145304084 0.0100000007
v 0.009513412 0.145219237 0.0075000003
v 0.009659151 0.14508979 0.00500000035
v 0.009659151 0.14508979 0.0100000007
v 0.009788605 0.144944042 0.0075000003
v 0.0098734675 0.14482595 0.00500000035
v 0.0098734675 0.14482595 0.0100000007
v 0.009989441 0.144616917 0.0075000003
v 0.010026576 0.1445304 0.00500000035
v 0.010026576 0.1445304 0.0100000007
v 0.0101061491 0.144267142 0.0075000003
v 0.0101148793 0.1442233 0.00500000035
v 0.0101424241 0.143923044 0.0075000003
v 0.0101148793 0.1442233 0.0100000007
v 0.0101424241 0.143923044 0.00500000035
v 0.0101424241 0.143923044 0.0100000007
v 0.0101148793 0.143622816 0.00500000035
v 0.0101148793 0.143622816 0.0100000007
v 0.0101061491 0.143578976 0.0075000003
v 0.010026576 0.1433157 0.00500000035
v 0.010026576 0.1433157 0.0100000007
v 0.010026576 0.1433157 0.0075000003
v 0.009899261 0.1430609 0.0075000003
v 0.0098734675 0.143020168 0.00500000035
v 0.0098734675 0.143020168 0.0100000007
v 0.00972608849 0.142827347 0.0075000003
v 0.009659151 0.142756328 0.00500000035
v 0.009659151 0.142756328 0.0100000007
v 0.009513412 0.142626882 0.0075000003
v 0.009395321 0.142542 0.00500000035
v 0.009395321 0.142542 0.0100000007
v 0.009271376 0.1424685 0.0075000003
v 0.009099781 0.14238891 0.00500000035
v 0.009099781 0.14238891 0.0100000007
v 0.009012345 0.142357111 0.0075000003
v 0.008792664 0.1423006 0.00500000035
v 0.008792664 0.1423006 0.0100000007
v 0.008748967 0.14229311 0.0075000003
v 0.008492424 0.142273054 0.00500000035
v 0.008492424 0.142273054 0.0100000007
v 0.008192185 0.1423006 0.00500000035
v 0.008148341 0.142309338 0.0075000003
v 0.008192185 0.1423006 0.0100000007
v 0.007885069 0.14238891 0.00500000035
v 0.007885069 0.14238891 0.0100000007
v 0.00779856555 0.142426044 0.0075000003
v 0.00758952834 0.142542 0.00500000035
v 0.00758952834 0.142542 0.0100000007
v 0.00747143663 0.142626882 0.0075000003
v 0.00732569862 0.142756328 0.00500000035
v 0.00732569862 0.142756328 0.0100000007
v 0.007196244 0.142902076 0.0075000003
v 0.00711138174 0.143020168 0.00500000035
v 0.00711138174 0.143020168 0.0100000007
v 0.006995407 0.1432292 0.0075000003
v 0.006958274 0.1433157 0.00500000035
v 0.006958274 0.1433157 0.0100000007
v 0.0068787 0.143578976 0.0075000003
v 0.00686997036 0.143622816 0.00500000035
v 0.00684242463 0.143923044 0.0075000003
v 0.00686997036 0.143622816 0.0100000007
v 0.00684242463 0.143923044 0.00500000035
v 0.00684242463 0.143923044 0.0100000007
v 0.00686997036 0.1442233 0.00500000035
v 0.00686997036 0.1442233 0.0100000007
v 0.0068787 0.144267142 0.0075000003
v 0.006958274 0.1445304 0.00500000035
v 0.006958274 0.1445304 0.0100000007
v 0.006958274 0.1445304 0.0075000003
v 0.007085587 0.14478521 0.0075000003
v 0.00711138174 0.14482595 0.00500000035
v 0.00711138174 0.14482595 0.0100000007
v 0.00725876028 0.145018756 0.0075000003
v 0.00732569862 0.14508979 0.00500000035
v 0.00732569862 0.14508979 0.0100000007
v 0.00747143663 0.145219237 0.0075000003
v 0.00758952834 0.145304084 0.00500000035
v 0.00758952834 0.145304084 0.0100000007
v 0.007713474 0.1453776 0.0075000003
v 0.007885069 0.145457208 0.00500000035
v 0.007885069 0.145457208 0.0100000007
v 0.007972504 0.145489 0.0075000003
v 0.008192185 0.145545512 0.00500000035
v 0.008192185 0.145545512 0.0100000007
v 0.008235881 0.145553 0.0075000003
v 0.008492424 0.14557305 0.00500000035
v 0.008492424 0.14557305 0.0100000007
v 0.0184924249 0.14557305 0.0100000007
v 0.0184924249 0.14557305 0.00500000035
v 0.0187926628 0.145545512 0.00500000035
v 0.0188365076 0.14553678 0.0075000003
v 0.0187926628 0.145545512 0.0100000007
v 0.0190997813 0.145457208 0.00500000035
v 0.0190997813 0.145457208 0.0100000007
v 0.0191862844 0.145420074 0.0075000003
v 0.0193953216 0.145304084 0.00500000035
v 0.0193953216 0.145304084 0.0100000007
v 0.0195134133 0.145219237 0.0075000003
v 0.01965915 0.14508979 0.00500000035
v 0.01965915 0.14508979 0.0100000007
v 0.019788608 0.144944042 0.0075000003
v 0.0198734663 0.14482595 0.00500000035
v 0.0198734663 0.14482595 0.0100000007
v 0.0199894421 0.144616917 0.0075000003
v 0.0200265758 0.1445304 0.00500000035
v 0.0200265758 0.1445304 0.0100000007
v 0.0201061517 0.144267142 0.0075000003
v 0.0201148763 0.1442233 0.00500000035
v 0.0201424249 0.143923044 0.0075000003
v 0.0201148763 0.1442233 0.0100000007
v 0.0201424249 0.143923044 0.00500000035
v 0.0201424249 0.143923044 0.0100000007
v 0.0201148763 0.143622816 0.00500000035
v 0.0201148763 0.143622816 0.0100000007
v 0.0201061517 0.143578976 0.0075000003
v 0.0200265758 0.1433157 0.00500000035
v 0.0200265758 0.1433157 0.0100000007
v 0.0200265758 0.1433157 0.0075000003
v 0.0198992621 0.1430609 0.0075000003
v 0.0198734663 0.143020168 0.00500000035
v 0.0198734663 0.143020168 0.0100000007
v 0.01972609 0.142827347 0.0075000003
v 0.01965915 0.142756328 0.00500000035
v 0.01965915 0.142756328 0.0100000007
v 0.0195134133 0.142626882 0.0075000003
v 0.0193953216 0.142542 0.00500000035
v 0.0193953216 0.142542 0.0100000007
v 0.0192713756 0.1424685 0.0075000003
v 0.0190997813 0.14238891 0.00500000035
v 0.0190997813 0.14238891 0.0100000007
v 0.0190123469 0.142357111 0.0075000003
v 0.0187926628 0.1423006 0.00500000035
v 0.0187926628 0.1423006 0.0100000007
v 0.0187489688 0.14229311 0.0075000003
v 0.0184924249 0.142273054 0.00500000035
v 0.0184924249 0.142273054 0.0100000007
v 0.018192187 0.1423006 0.00500000035
v 0.0181483421 0.142309338 0.0075000003
v 0.018192187 0.1423006 0.0100000007
v 0.0178850684 0.14238891 0.00500000035
v 0.0178850684 0.14238891 0.0100000007
v 0.0177985653 0.142426044 0.0075000003
v 0.0175895281 0.142542 0.00500000035
v 0.0175895281 0.142542 0.0100000007
v 0.0174714364 0.142626882 0.0075000003
v 0.0173257 0.142756328 0.00500000035
v 0.0173257 0.142756328 0.0100000007
v 0.0171962455 0.142902076 0.0075000003
v 0.0171113815 0.143020168 0.00500000035
v 0.0171113815 0.143020168 0.0100000007
v 0.0169954058 0.1432292 0.0075000003
v 0.0169582739 0.1433157 0.00500000035
v 0.0169582739 0.1433157 0.0100000007
v 0.0168787 0.143578976 0.0075000003
v 0.0168699715 0.143622816 0.00500000035
v 0.0168424249 0.143923044 0.0075000003
v 0.0168699715 0.143622816 0.0100000007
v 0.0168424249 0.143923044 0.00500000035
v 0.0168424249 0.143923044 0.0100000007
v 0.0168699715 0.1442233 0.00500000035
v 0.0168699715 0.1442233 0.0100000007
v 0.0168787 0.144267142 0.0075000003
v 0.0169582739 0.1445304 0.00500000035
v 0.0169582739 0.1445304 0.0100000007
v 0.0169582739 0.1445304 0.0075000003
v 0.0170855876 0.14478521 0.0075000003
v 0.0171113815 0.14482595 0.00500000035
v 0.0171113815 0.14482595 0.0100000007
v 0.01725876 0.145018756 0.0075000003
v 0.0173257 0.14508979 0.00500000035
v 0.0173257 0.14508979 0.0100000007
v 0.0174714364 0.145219237 0.0075000003
v 0.0175895281 0.145304084 0.00500000035
v 0.0175895281 0.145304084 0.0100000007
v 0.0177134741 0.1453776 0.0075000003
v 0.0178850684 0.145457208 0.00500000035
v 0.0178850684 0.145457208 0.0100000007
v 0.0179725029 0.145489 0.0075000003
v 0.018192187 0.145545512 0.00500000035
v 0.018192187 0.145545512 0.0100000007
v 0.0182358827 0.145553 0.0075000003
v 0.0184924249 0.14557305 0.00500000035
v 0.0184924249 0.14557305 0.0100000007
v 0.000161351141 0.138923049 0.00500000035
v -0.00322330487 0.138923049 0.00500000035
v 0.000264737027 0.139425159 0.00500000035
v 0.000463847537 0.1399258 0.00500000035
v 0.000760842231 0.140397891 0.00500000035
v 0.00114758126 0.140813529 0.00500000035
v -0.0127687817 0.140165046 0.00500000035
v 0.00160569919 0.141148865 0.00500000035
v -0.009181843 0.138072461 0.00500000035
v -0.005791837 0.135598272 0.00500000035
v 0.0004151557 0.1356396 0.00500000035
v -0.00265804329 0.132773012 0.00500000035
v 0.0037325 0.131907642 0.00500000035
v 0.000167210063 0.129639223 0.00500000035
v 0.006649688 0.127777264 0.00500000035
v 0.00264141685 0.126249209 0.00500000035
v -0.0164897367 0.141858429 0.00500000035
v 0.009099026 0.123316459 0.00500000035
v 0.00473398762 0.122662269 0.00500000035
v 0.00642736256 0.118941322 0.00500000035
v 0.0110290386 0.11860761 0.00500000035
v 0.007717078 0.115149513 0.00500000035
v 0.0124079883 0.113742582 0.00500000035
v 0.00861085951 0.111347146 0.00500000035
v 0.0132255424 0.108816758 0.00500000035
v 0.009292 0.103923045 0.00500000035
v 0.013492425 0.103923045 0.00500000035
v 0.00861085951 0.09649896 0.00500000035
v 0.007717078 0.09269659 0.00500000035
v 0.00210936274 0.141388446 0.00500000035
v 0.010026576 0.06060736 0.00500000035
v 0.013492425 0.0550000034 0.00500000035
v 0.0098734675 0.0609029 0.00500000035
v 0.0101148793 0.0603002459 0.00500000035
v 0.0101424241 0.0600000024 0.00500000035
v 0.0101148793 0.05969976 0.00500000035
v 0.010026576 0.059392646 0.00500000035
v 0.00642736256 0.08890479 0.00500000035
v 0.0098734675 0.0590971075 0.00500000035
v 0.009659151 0.06116673 0.00500000035
v 0.009659151 0.05883328 0.00500000035
v 0.009395321 0.0586189553 0.00500000035
v 0.009099781 0.0584658533 0.00500000035
v 0.008792664 0.05837755 0.00500000035
v 0.008492424 0.0583500043 0.00500000035
v 0.0034924245 0.0550000034 0.00500000035
v 0.008192185 0.05837755 0.00500000035
v 0.007885069 0.0584658533 0.00500000035
v 0.00758952834 0.0586189553 0.00500000035
v 0.00732569862 0.05883328 0.00500000035
v 0.00711138174 0.0590971075 0.00500000035
v 0.006958274 0.059392646 0.00500000035
v 0.00686997036 0.05969976 0.00500000035
v 0.00684242463 0.0600000024 0.00500000035
v 0.00686997036 0.0603002459 0.00500000035
v 0.006958274 0.06060736 0.00500000035
v 0.0034924245 0.07563878 0.00500000035
v 0.00711138174 0.0609029 0.00500000035
v 0.00732569862 0.06116673 0.00500000035
v 0.00758952834 0.06138105 0.00500000035
v 0.007885069 0.0615341552 0.00500000035
v 0.008192185 0.0616224557 0.00500000035
v 0.008492424 0.06165 0.00500000035
v 0.008792664 0.0616224557 0.00500000035
v 0.009099781 0.0615341552 0.00500000035
v 0.009395321 0.06138105 0.00500000035
v 0.00473398762 0.08518384 0.00500000035
v 0.00264141685 0.0815968961 0.00500000035
v 0.000167210063 0.07820689 0.00500000035
v -0.00265804329 0.07507309 0.00500000035
v -0.00072567584 0.07109814 0.00500000035
v -0.005791837 0.07224784 0.00500000035
v -0.00568635669 0.0670684054 0.00500000035
v -0.009181843 0.06977364 0.00500000035
v -0.0127687817 0.06768107 0.00500000035
v -0.0112895388 0.06372067 0.00500000035
v -0.0164897367 0.06598769 0.00500000035
v -0.017384842 0.0611966141 0.00500000035
v -0.020281544 0.06469797 0.00500000035
v -0.0240839086 0.0638041943 0.00500000035
v -0.0237836856 0.05959088 0.00500000035
v -0.0315080024 0.06312305 0.00500000035
v -0.03027823 0.0589398481 0.00500000035
v -0.0366632864 0.0592193753 0.00500000035
v -0.0389320925 0.0638041943 0.00500000035
v -0.0427565277 0.06035172 0.00500000035
v -0.04273446 0.06469797 0.00500000035
v -0.0486364029 0.0623105131 0.00500000035
v -0.0465262681 0.06598769 0.00500000035
v -0.0543587878 0.0651568 0.00500000035
v -0.0502472222 0.06768107 0.00500000035
v -0.0538341627 0.06977364 0.00500000035
v -0.0597265139 0.06887035 0.00500000035
v -0.0572241656 0.07224784 0.00500000035
v -0.06454834 0.07337297 0.00500000035
v -0.0603579581 0.07507309 0.00500000035
v -0.06318322 0.07820689 0.00500000035
v -0.06866003 0.078532204 0.00500000035
v -0.0656574145 0.0815968961 0.00500000035
v -0.0719423741 0.08417393 0.00500000035
v -0.06774999 0.08518384 0.00500000035
v -0.06944337 0.08890479 0.00500000035
v -0.0743323639 0.09010142 0.00500000035
v -0.07073308 0.09269659 0.00500000035
v -0.07582527 0.09611648 0.00500000035
v -0.0716268644 0.09649896 0.00500000035
v -0.072733596 0.101017267 0.00500000035
v -0.0723080039 0.103923045 0.00500000035
v -0.07770763 0.100029647 0.00500000035
v -0.0774438 0.100243978 0.00500000035
v -0.0780031756 0.09987655 0.00500000035
v -0.0783102959 0.09978824 0.00500000035
v -0.07722949 0.1005078 0.00500000035
v -0.07861054 0.0997607037 0.00500000035
v -0.07707638 0.100803338 0.00500000035
v -0.07891077 0.09978824 0.00500000035
v -0.07698807 0.101110458 0.00500000035
v -0.07921789 0.09987655 0.00500000035
v -0.0769605339 0.1014107 0.00500000035
v -0.07698807 0.10171093 0.00500000035
v -0.07707638 0.102018051 0.00500000035
v -0.07951342 0.100029647 0.00500000035
v -0.07722949 0.102313593 0.00500000035
v -0.0774438 0.102577426 0.00500000035
v -0.07770763 0.102791741 0.00500000035
v -0.0780031756 0.102944851 0.00500000035
v -0.0783102959 0.103033155 0.00500000035
v -0.0716268644 0.111347146 0.00500000035
v -0.07861054 0.103060693 0.00500000035
v -0.07891077 0.103033155 0.00500000035
v -0.07921789 0.102944851 0.00500000035
v -0.07951342 0.102791741 0.00500000035
v -0.0797772557 0.100243978 0.00500000035
v -0.07073308 0.115149513 0.00500000035
v -0.07088363 0.125706688 0.00500000035
v -0.06944337 0.118941322 0.00500000035
v -0.0797772557 0.102577426 0.00500000035
v -0.06774999 0.122662269 0.00500000035
v -0.07999158 0.102313593 0.00500000035
v -0.0656574145 0.126249209 0.00500000035
v -0.08014469 0.102018051 0.00500000035
v -0.101820007 0.0616224557 0.00500000035
v -0.101519763 0.06165 0.00500000035
v -0.101219535 0.0616224557 0.00500000035
v -0.07999158 0.1005078 0.00500000035
v -0.102127127 0.0615341552 0.00500000035
v -0.08014469 0.100803338 0.00500000035
v -0.100912414 0.0615341552 0.00500000035
v -0.10242267 0.06138105 0.00500000035
v -0.0802329853 0.101110458 0.00500000035
v -0.08026053 0.1014107 0.00500000035
v -0.100616872 0.06138105 0.00500000035
v -0.1026865 0.06116673 0.00500000035
v -0.100353047 0.06116673 0.00500000035
v -0.100138724 0.0609029 0.00500000035
v -0.09998563 0.06060736 0.00500000035
v -0.09989731 0.0603002459 0.00500000035
v -0.09857173 0.0550000034 0.00500000035
v -0.09986977 0.0600000024 0.00500000035
v -0.09989731 0.05969976 0.00500000035
v -0.09998563 0.059392646 0.00500000035
v -0.100138724 0.0590971075 0.00500000035
v -0.100353047 0.05883328 0.00500000035
v -0.100616872 0.0586189553 0.00500000035
v -0.100912414 0.0584658533 0.00500000035
v -0.101219535 0.05837755 0.00500000035
v -0.101519763 0.0583500043 0.00500000035
v -0.101820007 0.05837755 0.00500000035
v -0.110000007 0.0550000034 0.00500000035
v -0.102127127 0.0584658533 0.00500000035
v -0.10242267 0.0586189553 0.00500000035
v -0.1026865 0.05883328 0.00500000035
v -0.102900818 0.0590971075 0.00500000035
v -0.103053913 0.059392646 0.00500000035
v -0.103142224 0.05969976 0.00500000035
v -0.103169769 0.0600000024 0.00500000035
v -0.103142224 0.0603002459 0.00500000035
v -0.103053913 0.06060736 0.00500000035
v -0.102900818 0.0609029 0.00500000035
v -0.0802329853 0.10171093 0.00500000035
v -0.06775326 0.130592331 0.00500000035
v -0.06318322 0.129639223 0.00500000035
v -0.0603579581 0.132773012 0.00500000035
v -0.06391135 0.135147989 0.00500000035
v -0.0572241656 0.135598272 0.00500000035
v -0.0594152 0.139224112 0.00500000035
v -0.0538341627 0.138072461 0.00500000035
v -0.0543629564 0.142686844 0.00500000035
v -0.0502472222 0.140165046 0.00500000035
v -0.0465262681 0.141858429 0.00500000035
v -0.0488872863 0.145431444 0.00500000035
v -0.04273446 0.143148139 0.00500000035
v -0.0431440771 0.147392482 0.00500000035
v -0.0389320925 0.144041911 0.00500000035
v -0.0372979753 0.148548961 0.00500000035
v -0.0315080024 0.144723058 0.00500000035
v -0.0315075777 0.148923054 0.00500000035
v -0.0240839086 0.144041911 0.00500000035
v -0.020281544 0.143148139 0.00500000035
v 0.007885069 0.145457208 0.00500000035
v 0.00758952834 0.145304084 0.00500000035
v 0.008192185 0.145545512 0.00500000035
v 0.00732569862 0.14508979 0.00500000035
v 0.008492424 0.14557305 0.00500000035
v 0.0434924252 0.148923054 0.00500000035
v 0.00711138174 0.14482595 0.00500000035
v 0.006958274 0.1445304 0.00500000035
v 0.00262989872 0.141527489 0.00500000035
v 0.00686997036 0.1442233 0.00500000035
v 0.00314065674 0.1415713 0.00500000035
v 0.00684242463 0.143923044 0.00500000035
v 0.00686997036 0.143622816 0.00500000035
v 0.0036514143 0.141527489 0.00500000035
v 0.006958274 0.1433157 0.00500000035
v 0.00711138174 0.143020168 0.00500000035
v 0.00417195 0.141388446 0.00500000035
v 0.00732569862 0.142756328 0.00500000035
v 0.00467561372 0.141148865 0.00500000035
v 0.00758952834 0.142542 0.00500000035
v 0.00513373176 0.140813529 0.00500000035
v 0.007885069 0.14238891 0.00500000035
v 0.00552047044 0.140397891 0.00500000035
v 0.008192185 0.1423006 0.00500000035
v 0.008492424 0.142273054 0.00500000035
v 0.00581746548 0.1399258 0.00500000035
v 0.008792664 0.1423006 0.00500000035
v 0.006016576 0.139425159 0.00500000035
v 0.00611996232 0.138923049 0.00500000035
v 0.009099781 0.14238891 0.00500000035
v 0.0178850684 0.14238891 0.00500000035
v 0.009395321 0.142542 0.00500000035
v 0.0175895281 0.142542 0.00500000035
v 0.018192187 0.1423006 0.00500000035
v 0.0184924249 0.142273054 0.00500000035
v 0.0187926628 0.1423006 0.00500000035
v 0.009659151 0.142756328 0.00500000035
v 0.0173257 0.142756328 0.00500000035
v 0.0171113815 0.143020168 0.00500000035
v 0.0098734675 0.143020168 0.00500000035
v 0.0169582739 0.1433157 0.00500000035
v 0.010026576 0.1433157 0.00500000035
v 0.0168699715 0.143622816 0.00500000035
v 0.0101148793 0.143622816 0.00500000035
v 0.0434924252 0.138923049 0.00500000035
v 0.0168424249 0.143923044 0.00500000035
v 0.0101424241 0.143923044 0.00500000035
v 0.0101148793 0.1442233 0.00500000035
v 0.0168699715 0.1442233 0.00500000035
v 0.010026576 0.1445304 0.00500000035
v 0.0169582739 0.1445304 0.00500000035
v 0.0098734675 0.14482595 0.00500000035
v 0.0171113815 0.14482595 0.00500000035
v 0.009659151 0.14508979 0.00500000035
v 0.0173257 0.14508979 0.00500000035
v 0.009395321 0.145304084 0.00500000035
v 0.0175895281 0.145304084 0.00500000035
v 0.009099781 0.145457208 0.00500000035
v 0.0178850684 0.145457208 0.00500000035
v 0.008792664 0.145545512 0.00500000035
v 0.018192187 0.145545512 0.00500000035
v 0.0184924249 0.14557305 0.00500000035
v 0.0187926628 0.145545512 0.00500000035
v 0.0190997813 0.145457208 0.00500000035
v 0.03788507 0.145457208 0.00500000035
v 0.0375895277 0.145304084 0.00500000035
v 0.0381921865 0.145545512 0.00500000035
v 0.0384924263 0.14557305 0.00500000035
v 0.038792666 0.145545512 0.00500000035
v 0.0390997827 0.145457208 0.00500000035
v 0.0193953216 0.145304084 0.00500000035
v 0.0373257 0.14508979 0.00500000035
v 0.01965915 0.14508979 0.00500000035
v 0.0371113829 0.14482595 0.00500000035
v 0.0198734663 0.14482595 0.00500000035
v 0.0369582735 0.1445304 0.00500000035
v 0.0200265758 0.1445304 0.00500000035
v 0.0368699729 0.1442233 0.00500000035
v 0.0201148763 0.1442233 0.00500000035
v 0.03939532 0.145304084 0.00500000035
v 0.03684243 0.143923044 0.00500000035
v 0.0201424249 0.143923044 0.00500000035
v 0.0201148763 0.143622816 0.00500000035
v 0.0368699729 0.143622816 0.00500000035
v 0.0200265758 0.1433157 0.00500000035
v 0.0369582735 0.1433157 0.00500000035
v 0.0198734663 0.143020168 0.00500000035
v 0.0371113829 0.143020168 0.00500000035
v 0.01965915 0.142756328 0.00500000035
v 0.0373257 0.142756328 0.00500000035
v 0.0193953216 0.142542 0.00500000035
v 0.0375895277 0.142542 0.00500000035
v 0.03965915 0.14508979 0.00500000035
v 0.0190997813 0.14238891 0.00500000035
v 0.0398734659 0.14482595 0.00500000035
v 0.0400265753 0.1445304 0.00500000035
v 0.04011488 0.1442233 0.00500000035
v 0.0401424244 0.143923044 0.00500000035
v 0.04011488 0.143622816 0.00500000035
v 0.0400265753 0.1433157 0.00500000035
v 0.0398734659 0.143020168 0.00500000035
v 0.03965915 0.142756328 0.00500000035
v 0.03939532 0.142542 0.00500000035
v 0.0390997827 0.14238891 0.00500000035
v 0.038792666 0.1423006 0.00500000035
v 0.0384924263 0.142273054 0.00500000035
v 0.0381921865 0.1423006 0.00500000035
v 0.03788507 0.14238891 0.00500000035
v -0.07582527 0.09611648 0.009500001
v -0.07582527 0.09611648 0.00500000035
v -0.0743323639 0.09010142 0.00500000035
v -0.07404636 0.08924476 0.00725000072
v -0.0743323639 0.09010142 0.009500001
v -0.0719423741 0.08417393 0.00500000035
v -0.0719423741 0.08417393 0.009500001
v -0.07109397 0.08252404 0.00725000072
v -0.06866003 0.078532204 0.00500000035
v -0.06866003 0.078532204 0.009500001
v -0.06699368 0.07625111 0.00725000072
v -0.06454834 0.07337297 0.00500000035
v -0.06454834 0.07337297 0.009500001
v -0.0618702769 0.07071 0.00725000072
v -0.0597265139 0.06887035 0.00500000035
v -0.0597265139 0.06887035 0.009500001
v -0.0559372678 0.066131644 0.00725000072
v -0.0543587878 0.0651568 0.00500000035
v -0.0543587878 0.0651568 0.009500001
v -0.0494680554 0.0626626462 0.00725000072
v -0.0486364029 0.0623105131 0.00500000035
v -0.0427565277 0.06035172 0.00725000072
v -0.0486364029 0.0623105131 0.009500001
v -0.0427565277 0.06035172 0.00500000035
v -0.0427565277 0.06035172 0.009500001
v -0.0366632864 0.0592193753 0.00500000035
v -0.0366632864 0.0592193753 0.009500001
v -0.035765104 0.05912491 0.00725000072
v -0.03027823 0.0589398481 0.00500000035
v -0.03027823 0.0589398481 0.009500001
v -0.03027823 0.0589398481 0.00725000072
v -0.024710536 0.0594393462 0.00725000072
v -0.0237836856 0.05959088 0.00500000035
v -0.0237836856 0.05959088 0.009500001
v -0.0191910211 0.06064139 0.00725000072
v -0.017384842 0.0611966141 0.00500000035
v -0.017384842 0.0611966141 0.009500001
v -0.0138518577 0.0625313148 0.00725000072
v -0.0112895388 0.06372067 0.00500000035
v -0.0112895388 0.06372067 0.009500001
v -0.008818098 0.06506192 0.00725000072
v -0.00568635669 0.0670684054 0.00500000035
v -0.00568635669 0.0670684054 0.009500001
v -0.00419807434 0.06815727 0.00725000072
v -0.00072567584 0.07109814 0.00500000035
v -0.00072567584 0.07109814 0.009500001
v -7.596909E-05 0.07171973 0.00725000072
v 0.0034924245 0.07563878 0.00500000035
v 0.0034924245 0.07563878 0.009500001
v -0.0315075777 0.06592305 0.008039737
v -0.0315080024 0.06539845 0.007949999
v -0.0315080024 0.06592305 0.008039737
v -0.0310088433 0.06592633 0.008039736
v -0.0275438242 0.06560294 0.007949999
v -0.0315080024 0.06487146 0.00775832636
v -0.0244522579 0.06658378 0.008039731
v -0.027489597 0.06507876 0.00775832636
v -0.0315080024 0.06437159 0.007461147
v -0.0234742649 0.0662454143 0.007949999
v -0.02743816 0.06458154 0.007461147
v -0.0315080024 0.06392972 0.007066398
v -0.01936876 0.067361 0.007949999
v -0.01811342 0.0683618858 0.008039725
v -0.02336437 0.06573002 0.00775832636
v -0.027392691 0.064142026 0.007066398
v -0.0315080024 0.063572526 0.00659366557
v -0.0153076295 0.06897033 0.007949999
v -0.0121666249 0.07121332 0.00803971849
v -0.0192027055 0.0668608546 0.00775832636
v -0.0232601315 0.0652411357 0.007461147
v -0.0273559354 0.06378672 0.00659366557
v -0.0315080024 0.06331732 0.00607111864
v -0.0231679864 0.06480899 0.007066398
v -0.0190451946 0.0663864538 0.007461147
v -0.0150860213 0.068492204 0.00775832636
v -0.0113782333 0.0710758641 0.007949999
v -0.0273296759 0.06353287 0.00607111864
v -0.0315080024 0.06316949 0.005530196
v -0.0230934955 0.06445964 0.00659366557
v -0.0189059619 0.0659671 0.007066398
v -0.007669729 0.07365951 0.007949999
v -0.00681353966 0.07504046 0.008039715
v -0.0111028738 0.07062654 0.00775832636
v -0.0148758162 0.06803868 0.007461147
v -0.0273144636 0.06338582 0.005530196
v -0.0315080024 0.06312305 0.00500000035
v -0.0240839086 0.0638041943 0.00500000035
v -0.023040276 0.06421004 0.00607111864
v -0.02300945 0.0640654638 0.005530196
v -0.020281544 0.06469797 0.00500000035
v -0.018793406 0.0656281 0.00659366557
v -0.0146900034 0.06763778 0.007066398
v -0.0108416835 0.07020035 0.007461147
v -0.0186664071 0.06524558 0.005530196
v -0.0164897367 0.06598769 0.00500000035
v -0.01871299 0.0653858855 0.00607111864
v -0.0145397931 0.0673137 0.00659366557
v -0.0143703073 0.06694803 0.005530196
v -0.0127687817 0.06768107 0.00500000035
v -0.014432474 0.06708215 0.00607111864
v -0.0106108012 0.06982359 0.007066398
v -0.007343641 0.07324553 0.00775832636
v -0.0102135642 0.06917539 0.005530196
v -0.009181843 0.06977364 0.00500000035
v -0.010290808 0.0693014339 0.00607111864
v -0.0104241576 0.06951903 0.00659366557
v -0.007034331 0.07285285 0.007461147
v -0.004266991 0.07668204 0.007949999
v -0.0021903743 0.07974659 0.00803971
v -0.0062904926 0.07190852 0.005530196
v -0.005791837 0.07224784 0.00500000035
v -0.00638196757 0.07202465 0.00607111864
v -0.006539885 0.07222513 0.00659366557
v -0.006760915 0.0725057349 0.007066398
v -0.003894356 0.07630941 0.00775832636
v -0.00124445767 0.0800847858 0.007949999
v -0.0026908794 0.0751059353 0.005530196
v -0.00265804329 0.07507309 0.00500000035
v 0.000167210063 0.07820689 0.00500000035
v -0.003540895 0.07595595 0.007461147
v -0.00322845019 0.0756435 0.007066398
v 0.0013391861 0.08379328 0.007949999
v 0.00154088042 0.08516676 0.008039706
v -0.000830477162 0.07975869 0.00775832636
v 0.003444728 0.08772268 0.007949999
v 0.00428625662 0.09116368 0.00803970452
v -0.000437797426 0.07944938 0.007461147
v 0.00178850885 0.083517924 0.00775832636
v -0.00297587 0.07539092 0.00659366557
v -9.068527E-05 0.07917597 0.007066398
v 0.002214712 0.08325674 0.007461147
v 0.003922852 0.08750107 0.00775832636
v 0.00505405758 0.0917838141 0.007949999
v -0.00279541151 0.07521047 0.00607111864
v 0.00018991984 0.0789549351 0.00659366557
v 0.00259145768 0.08302585 0.007066398
v 0.00616963673 0.095889315 0.007949999
v 0.00595122855 0.09753269 0.008039703
v 0.00555419642 0.09161776 0.00775832636
v 0.004376376 0.08729087 0.007461147
v 0.000390401052 0.07879703 0.00607111864
v 0.00681210542 0.09995887 0.007949999
v 0.00649200846 0.104100734 0.008039703
v 0.00289601879 0.0828392059 0.00659366557
v 0.00668503623 0.09577942 0.00775832636
v 0.006028602 0.09146026 0.007461147
v 0.0047772713 0.08710505 0.007066398
v 0.000506531855 0.07870554 0.005530196
v 0.00264141685 0.0815968961 0.00500000035
v 0.003113615 0.08270587 0.00607111864
v 0.00323966029 0.0826286152 0.005530196
v 0.00473398762 0.08518384 0.00500000035
v 0.005101355 0.08695484 0.00659366557
v 0.006447956 0.0913210139 0.007066398
v 0.00533289928 0.08684753 0.00607111864
v 0.005467024 0.08678536 0.005530196
v 0.00642736256 0.08890479 0.00500000035
v 0.006786961 0.09120846 0.00659366557
v 0.00717391632 0.0956751853 0.007461147
v 0.00702916645 0.0911280438 0.00607111864
v 0.00716946647 0.0910814553 0.005530196
v 0.007717078 0.09269659 0.00500000035
v 0.007606065 0.09558304 0.007066398
v 0.00733629335 0.09990465 0.00775832636
v 0.007955414 0.09550855 0.00659366557
v 0.00820501 0.09545533 0.00607111864
v 0.008349592 0.0954245 0.005530196
v 0.00861085951 0.09649896 0.00500000035
v 0.00783351 0.09985321 0.007461147
v 0.007016605 0.103923045 0.007949999
v 0.008273028 0.09980775 0.007066398
v 0.008628333 0.0997709855 0.00659366557
v 0.008882185 0.09974472 0.00607111864
v 0.009029232 0.0997295156 0.005530196
v 0.009292 0.103923045 0.00500000035
v 0.007543591 0.103923045 0.00775832636
v 0.00681210542 0.107887238 0.007949999
v 0.00588789023 0.110674292 0.008039704
v 0.00804346 0.103923045 0.007461147
v 0.008485324 0.103923045 0.007066398
v 0.008842526 0.103923045 0.00659366557
v 0.009097733 0.103923045 0.00607111864
v 0.009245563 0.103923045 0.005530196
v 0.00616963673 0.11195679 0.007949999
v 0.004154776 0.117045425 0.00803970452
v 0.00733629335 0.107941464 0.00775832636
v 0.00783351 0.107992895 0.007461147
v 0.008273028 0.108038366 0.007066398
v 0.009029232 0.1081166 0.005530196
v 0.00861085951 0.111347146 0.00500000035
v 0.008628333 0.108075112 0.00659366557
v 0.008882185 0.108101383 0.00607111864
v 0.00668503623 0.112066686 0.00775832636
v 0.008349592 0.1124216 0.005530196
v 0.007717078 0.115149513 0.00500000035
v 0.00717391632 0.11217092 0.007461147
v 0.007606065 0.112263069 0.007066398
v 0.007955414 0.112337552 0.00659366557
v 0.00820501 0.112390779 0.00607111864
v 0.00431172736 0.118103758 0.007949999
v 0.00134621235 0.123018295 0.008039707
v 0.004801712 0.118297741 0.00775832636
v 0.0013391861 0.12405283 0.007949999
v -0.00244070822 0.128399909 0.00803971
v 0.005266485 0.11848174 0.007461147
v 0.00567732472 0.118644387 0.007066398
v 0.006009447 0.118775874 0.00659366557
v -0.0027041086 0.129505873 0.007949999
v -0.007110513 0.133056939 0.008039715
v 0.00178850885 0.124328181 0.00775832636
v 0.002214712 0.124589369 0.007461147
v -0.007669729 0.1341866 0.007949999
v -0.0125051439 0.1368306 0.00803972
v -0.002310095 0.129855841 0.00775832636
v 0.00259145768 0.124820255 0.007066398
v 0.006246735 0.118869804 0.00607111864
v -0.0133208651 0.137884408 0.007949999
v -0.01847575 0.13961859 0.008039725
v -0.007343641 0.13460058 0.00775832636
v -0.00193635467 0.13018778 0.007461147
v 0.00289601879 0.1250069 0.00659366557
v 0.00638418645 0.118924223 0.005530196
v 0.00642736256 0.118941322 0.00500000035
v 0.00473398762 0.122662269 0.00500000035
v -0.01936876 0.140485108 0.007949999
v -0.02489336 0.141342983 0.00803973153
v -0.00160598417 0.1304812 0.007066398
v -0.01307208 0.138348967 0.00775832636
v -0.007034331 0.134993255 0.007461147
v 0.00323966029 0.1252175 0.005530196
v 0.00264141685 0.126249209 0.00500000035
v 0.000167210063 0.129639223 0.00500000035
v -0.0255181659 0.141979158 0.007949999
v -0.0315075777 0.141923055 0.008039737
v -0.0315080024 0.142447665 0.007949999
v -0.0315080024 0.141923055 0.008039737
v -0.0330033 0.14189361 0.008039738
v -0.0192027055 0.14098525 0.00775832636
v -0.0128360949 0.138789624 0.007461147
v -0.02543623 0.142499745 0.00775832636
v -0.00103757158 0.130986065 0.005530196
v -0.00265804329 0.132773012 0.00500000035
v -0.0354721434 0.142242789 0.007950095
v -0.03942084 0.141089961 0.008039745
v -0.006760915 0.135340378 0.007066398
v -0.0190451946 0.141459659 0.007461147
v -0.0062904926 0.135937586 0.005530196
v -0.005791837 0.135598272 0.00500000035
v -0.009181843 0.138072461 0.00500000035
v -0.0126274964 0.13917914 0.007066398
v -0.001338913 0.13071841 0.00659366557
v -0.0122685926 0.13984935 0.005530196
v -0.0127687817 0.140165046 0.00500000035
v -0.0164897367 0.141858429 0.00500000035
v -0.006539885 0.135620967 0.00659366557
v 0.003113615 0.125140235 0.00607111864
v -0.00114810129 0.1308879 0.00607111864
v -0.00638196757 0.135821462 0.00607111864
v -0.0124588646 0.139494047 0.00659366557
v -0.0123383831 0.139719024 0.00607111864
v -0.0189059619 0.141879 0.007066398
v -0.018793406 0.142218009 0.00659366557
v -0.01871299 0.142460227 0.00607111864
v -0.025358513 0.142993525 0.007461147
v -0.0252898075 0.143430024 0.007066398
v -0.0315080024 0.142974645 0.00775832636
v -0.0186664071 0.142600521 0.005530196
v -0.020281544 0.143148139 0.00500000035
v -0.02523427 0.143782869 0.00659366557
v -0.0315080024 0.143474519 0.007461147
v -0.0355263762 0.142767042 0.00775846839
v -0.0251716077 0.144181013 0.005530196
v -0.0240839086 0.144041911 0.00500000035
v -0.0315080024 0.144723058 0.00500000035
v -0.0251945928 0.144034982 0.00607111864
v -0.0315080024 0.143916368 0.007066398
v -0.0355778225 0.143264353 0.00746130943
v -0.0395314768 0.141602486 0.007950095
v -0.0315080024 0.144273579 0.00659366557
v -0.0315080024 0.144528776 0.00607111864
v -0.0356232971 0.143703938 0.00706655532
v -0.03964272 0.142117679 0.00775846839
v -0.0436471254 0.14048475 0.007950095
v -0.0456029922 0.139212146 0.00803975
v -0.03566006 0.144059315 0.00659379549
v -0.03974836 0.142606333 0.00746130943
v -0.04770822 0.13887544 0.007950095
v -0.0513885 0.136307448 0.008039756
v -0.0438132063 0.140984967 0.00775846839
v -0.0398419462 0.143038273 0.00706655532
v -0.0356863253 0.144313216 0.00607120758
v -0.0439707376 0.141459435 0.00746130943
v -0.03991792 0.143387362 0.00659379549
v -0.0479298532 0.139353633 0.00775846839
v -0.0441099927 0.141878873 0.00706655532
v -0.0481400974 0.139807224 0.00746130943
v -0.03570154 0.144460276 0.005530238
v -0.0399726555 0.143636674 0.00607120758
v -0.04422257 0.142217934 0.00659379549
v -0.0483259372 0.140208185 0.00706655532
v -0.0315080024 0.144676611 0.005530196
v -0.0389320925 0.144041911 0.00500000035
v -0.0400050133 0.143780962 0.005530238
v -0.04273446 0.143148139 0.00500000035
v -0.0443030074 0.1424602 0.00607120758
v -0.04434959 0.142600521 0.005530238
v -0.0465262681 0.141858429 0.00500000035
v -0.04847618 0.140532345 0.00659379549
v -0.0486456938 0.140898064 0.005530238
v -0.0502472222 0.140165046 0.00500000035
v -0.048583515 0.140763938 0.00607120758
v -0.0528057851 0.138668656 0.005530238
v -0.0538341627 0.138072461 0.00500000035
v -0.05273185 0.138540551 0.00607120758
v -0.056725502 0.135937586 0.005530238
v -0.0572241656 0.135598272 0.00500000035
v -0.0526017472 0.138320908 0.00659379549
v -0.06032512 0.13274017 0.005530238
v -0.0603579581 0.132773012 0.00500000035
v -0.06318322 0.129639223 0.00500000035
v -0.0566340163 0.135821417 0.00607120758
v -0.05241826 0.138014331 0.00706655532
v -0.0635225251 0.129140556 0.005530238
v -0.0656574145 0.126249209 0.00500000035
v -0.06022057 0.132635623 0.00607120758
v -0.05647607 0.135620922 0.00659379549
v -0.0521904454 0.137635618 0.00746130943
v -0.06625566 0.1252175 0.005530238
v -0.06774999 0.122662269 0.00500000035
v -0.06340638 0.129049063 0.00607120758
v -0.0600400753 0.132455125 0.00659379549
v -0.0562549978 0.135340258 0.00706655532
v -0.0519322157 0.137207508 0.00775846839
v -0.0684830248 0.121060744 0.005530238
v -0.06944337 0.118941322 0.00500000035
v -0.06320586 0.128891125 0.00659379549
v -0.0597874522 0.132202491 0.00706655532
v -0.0559815355 0.134993076 0.00746130943
v -0.0516597219 0.136756331 0.007950095
v -0.0556721762 0.134600341 0.00775846839
v -0.0553460419 0.134186313 0.007950095
v -0.0565853119 0.132473126 0.00803976
v -0.0587487519 0.1311638 0.007950095
v -0.0610683262 0.12780112 0.008039764
v -0.0594749525 0.131890014 0.00746130943
v -0.0591214374 0.131536484 0.00775846839
v -0.061771255 0.1277611 0.007950095
v -0.0621852875 0.128087237 0.00775846839
v -0.06435487 0.124052621 0.007950095
v -0.06468534 0.122449659 0.008039767
v -0.06257803 0.128396586 0.00746130943
v -0.06646039 0.120123267 0.007950095
v -0.06734783 0.116551436 0.008039771
v -0.064804256 0.124328025 0.00775846839
v -0.0629252046 0.128670052 0.00706655532
v -0.065230526 0.124589264 0.00746130943
v -0.06693859 0.120344907 0.00775846839
v -0.06806971 0.116062179 0.007950095
v -0.06560734 0.12482018 0.00706655532
v -0.06918528 0.111956716 0.007950095
v -0.06896964 0.110294312 0.008039772
v -0.06739218 0.120555155 0.00746130943
v -0.06856991 0.116228253 0.00775846839
v -0.06591195 0.125006855 0.00659379549
v -0.06982774 0.1078872 0.007950095
v -0.06950752 0.103852861 0.00803977251
v -0.06970075 0.112066612 0.00775846839
v -0.0677931458 0.120740987 0.00706655532
v -0.06904439 0.116385788 0.00746130943
v -0.06612959 0.125140235 0.00607120758
v -0.06811728 0.120891221 0.00659379549
v -0.06834888 0.120998561 0.00607120758
v -0.06946382 0.116525039 0.00706655532
v -0.0701897 0.112170883 0.00746130943
v -0.06980289 0.116637632 0.00659379549
v -0.0700451359 0.116718054 0.00607120758
v -0.07062193 0.112263039 0.00706655532
v -0.070352 0.107941434 0.00775846839
v -0.07018547 0.116764642 0.005530238
v -0.07073308 0.115149513 0.00500000035
v -0.07097134 0.112337537 0.00659379549
v -0.07084929 0.10799288 0.00746130943
v -0.07003224 0.103923045 0.007950095
v -0.07136559 0.1124216 0.005530238
v -0.0716268644 0.111347146 0.00500000035
v -0.07122098 0.112390772 0.00607120758
v -0.07128888 0.108038343 0.00706655532
v -0.07055929 0.103923045 0.00775846839
v -0.06982774 0.09995891 0.007950095
v -0.068944566 0.0974060744 0.008039772
v -0.07204523 0.1081166 0.005530238
v -0.0723080039 0.103923045 0.00500000035
v -0.0718981549 0.108101375 0.00607120758
v -0.071644254 0.108075105 0.00659379549
v -0.07105924 0.103923045 0.00746130943
v -0.06918528 0.09588939 0.007950095
v -0.0673000142 0.0911597759 0.008039771
v -0.070352 0.09990468 0.00775846839
v -0.07150118 0.103923045 0.00706655532
v -0.07185845 0.103923045 0.00659379549
v -0.06732738 0.08974248 0.007950095
v -0.064613536 0.08526842 0.008039767
v -0.06970075 0.09577948 0.00775846839
v -0.07084929 0.09985323 0.00746130943
v -0.06435487 0.08379348 0.007950095
v -0.06097646 0.07993172 0.008039764
v -0.07128888 0.09980776 0.00706655532
v -0.07211371 0.103923045 0.00607120758
v -0.0678174347 0.08954848 0.00775846839
v -0.0701897 0.09567522 0.00746130943
v -0.0603116155 0.07834047 0.007950095
v -0.0564764775 0.07527774 0.00803976
v -0.071644254 0.09977099 0.00659379549
v -0.07226156 0.103923045 0.005530238
v -0.064804256 0.08351809 0.00775846839
v -0.0682822838 0.08936444 0.00746130943
v -0.07062193 0.09558307 0.00706655532
v -0.0553460419 0.0736598 0.007950095
v -0.05126268 0.0714617744 0.008039756
v -0.0718981549 0.09974473 0.00607120758
v -0.07204523 0.0997295156 0.005530238
v -0.0716268644 0.09649896 0.00500000035
v -0.07097134 0.09550856 0.00659379549
v -0.06869319 0.08920178 0.00706655532
v -0.07136559 0.0954245 0.005530238
v -0.07073308 0.09269659 0.00500000035
v -0.07122098 0.09545534 0.00607120758
v -0.0694001839 0.08892189 0.005530238
v -0.06944337 0.08890479 0.00500000035
v -0.06774999 0.08518384 0.00500000035
v -0.0690253749 0.08907027 0.00659379549
v -0.0692627057 0.0889763162 0.00607120758
v -0.065230526 0.08325685 0.00746130943
v -0.06625566 0.0826286152 0.005530238
v -0.0656574145 0.0815968961 0.00500000035
v -0.06318322 0.07820689 0.00500000035
v -0.06560734 0.0830259249 0.00706655532
v -0.06591195 0.08283925 0.00659379549
v -0.06612959 0.08270588 0.00607120758
v -0.0607056841 0.07799047 0.00775846839
v -0.0619784221 0.0768600553 0.005530238
v -0.0603579581 0.07507309 0.00500000035
v -0.0610794835 0.0776584744 0.00746130943
v -0.061409913 0.0773649961 0.00706655532
v -0.0616770275 0.07712775 0.00659379549
v -0.0618678778 0.07695825 0.00607120758
v -0.0556721762 0.0732457638 0.00775846839
v -0.056725502 0.0719085261 0.005530238
v -0.0572241656 0.07224784 0.00500000035
v -0.0538341627 0.06977364 0.00500000035
v -0.0559815355 0.07285303 0.00746130943
v -0.0562549978 0.0725058541 0.00706655532
v -0.05647607 0.07222519 0.00659379549
v -0.0566340163 0.07202468 0.00607120758
v -0.0496949628 0.0699620247 0.007950095
v -0.04547163 0.06858178 0.00803975
v -0.0499437824 0.06949741 0.00775846839
v -0.0436471254 0.06736135 0.007950095
v -0.038614165 0.0665935054 0.008039744
v -0.0501798056 0.06905667 0.00746130943
v -0.05038844 0.06866708 0.00706655532
v -0.050557103 0.06835213 0.00659379549
v -0.0374977775 0.06586731 0.007950095
v -0.0315080024 0.06592305 0.008039737
v -0.0315080024 0.06539845 0.007949999
v -0.0438132063 0.0668611452 0.00775846839
v -0.0375797264 0.0653466657 0.00775846839
v -0.0315080024 0.06487146 0.00775832636
v -0.0439707376 0.06638666 0.00746130943
v -0.03765746 0.0648528 0.00746130943
v -0.0315080024 0.06437159 0.007461147
v -0.0441099927 0.06596723 0.00706655532
v -0.03772617 0.06441624 0.00706655532
v -0.0315080024 0.06392972 0.007066398
v -0.04422257 0.06562816 0.00659379549
v -0.03778172 0.06406331 0.00659379549
v -0.0315080024 0.063572526 0.00659366557
v -0.0506776 0.06812712 0.00607120758
v -0.0378214046 0.06381116 0.00607120758
v -0.0315080024 0.06331732 0.00607111864
v -0.0443030074 0.0653859153 0.00607120758
v -0.05074741 0.06799677 0.005530238
v -0.0502472222 0.06768107 0.00500000035
v -0.0465262681 0.06598769 0.00500000035
v -0.04434959 0.06524559 0.005530238
v -0.04273446 0.06469797 0.00500000035
v -0.0378443971 0.06366511 0.005530238
v -0.0315080024 0.06316949 0.005530196
v -0.0389320925 0.0638041943 0.00500000035
v -0.0315080024 0.06312305 0.00500000035
v 0.013492425 0.0550000034 0.0100000007
v 0.013492425 0.103923023 0.0100000007
v 0.012853724 0.09636824 0.0100000007
v 0.0109188268 0.0889230445 0.0100000007
v 0.0101148793 0.0603002459 0.0100000007
v 0.0101424241 0.0600000024 0.0100000007
v 0.0101148793 0.05969976 0.0100000007
v 0.010026576 0.059392646 0.0100000007
v 0.0098734675 0.0590971075 0.0100000007
v 0.009659151 0.05883328 0.0100000007
v 0.009395321 0.0586189553 0.0100000007
v 0.009099781 0.0584658533 0.0100000007
v 0.008792664 0.05837755 0.0100000007
v 0.008492424 0.0583500043 0.0100000007
v 0.0034924245 0.0550000034 0.0100000007
v 0.008192185 0.05837755 0.0100000007
v 0.007885069 0.0584658533 0.0100000007
v 0.00758952834 0.0586189553 0.0100000007
v 0.00732569862 0.05883328 0.0100000007
v 0.00711138174 0.0590971075 0.0100000007
v 0.006958274 0.059392646 0.0100000007
v 0.00686997036 0.05969976 0.0100000007
v 0.00684242463 0.0600000024 0.0100000007
v 0.00686997036 0.0603002459 0.0100000007
v 0.0034924245 0.07563878 0.0100000007
v 0.006958274 0.06060736 0.0100000007
v 0.00774414046 0.08191617 0.0100000007
v 0.00711138174 0.0609029 0.0100000007
v 0.00732569862 0.06116673 0.0100000007
v 0.008492424 0.0794615149 0.0100000007
v 0.00758952834 0.06138105 0.0100000007
v 0.007885069 0.0615341552 0.0100000007
v 0.008192185 0.0616224557 0.0100000007
v 0.008492424 0.06165 0.0100000007
v 0.008792664 0.0616224557 0.0100000007
v 0.009099781 0.0615341552 0.0100000007
v 0.009395321 0.06138105 0.0100000007
v 0.009659151 0.06116673 0.0100000007
v 0.0098734675 0.0609029 0.0100000007
v 0.010026576 0.06060736 0.0100000007
v -0.00322330487 0.138923049 0.009500001
v -0.00467476 0.139423043 0.0100000007
v -0.000740931951 0.1360737 0.0100000007
v 0.000134161179 0.135567367 0.009750001
v 0.0004151566 0.1356396 0.009500001
v 0.00288675074 0.1321592 0.0100000007
v 0.0037325013 0.131907642 0.009500001
v 0.004329851 0.130723089 0.009750001
v 0.006094337 0.127721086 0.0100000007
v 0.00664968975 0.127777264 0.009500001
v 0.007875228 0.125172943 0.009750001
v 0.008775912 0.12283048 0.0100000007
v 0.009099029 0.123316452 0.009500001
v 0.0106054163 0.119057737 0.009750001
v 0.01102904 0.11860761 0.009500001
v 0.0108430805 0.117585845 0.0100000007
v 0.01240799 0.113742575 0.009500001
v 0.0123997871 0.112566322 0.009750001
v 0.0122333933 0.112107038 0.0100000007
v 0.0132255433 0.108816735 0.009500001
v 0.0129162073 0.106526405 0.0100000007
v 0.0131979771 0.105917081 0.009750001
v 0.013492425 0.103923038 0.009500001
v 0.0128948865 0.10097833 0.0100000007
v 0.013006499 0.09933398 0.009750001
v 0.0128537249 0.09636825 0.009500001
v 0.0122050177 0.09558883 0.0100000007
v 0.0118945083 0.09302252 0.009750001
v 0.0109091764 0.09046686 0.0100000007
v 0.0109188305 0.08892305 0.009500001
v 0.0106561 0.08893016 0.009750001
v 0.009080458 0.08567856 0.0100000007
v 0.009069199 0.0850527659 0.009750001
v 0.00774414232 0.08191617 0.009500001
v 0.00666142674 0.08104561 0.0100000007
v 0.007077669 0.08125719 0.009750001
v 0.004668051 0.07758132 0.009750001
v 0.0034924245 0.07563878 0.009500001
v 0.00361731718 0.07660104 0.0100000007
v 0.00184865179 0.07409145 0.009750001
v -3.14296776E-05 0.0724667 0.0100000007
v -0.00072567584 0.07109814 0.009500001
v -0.001358459 0.07085353 0.009750001
v -0.004233184 0.06876118 0.0100000007
v -0.004917339 0.06792969 0.009750001
v -0.00568635669 0.0670684054 0.009500001
v -0.008906147 0.0655899644 0.0100000007
v -0.008779174 0.06537461 0.009750001
v -0.0112895388 0.06372067 0.009500001
v -0.012433636 0.06344161 0.009750001
v -0.0139431208 0.06303614 0.0100000007
v -0.0162343588 0.0618601069 0.009750001
v -0.017384842 0.0611966141 0.009500001
v -0.0240714848 0.0597952 0.009750001
v -0.0192195289 0.0611532778 0.0100000007
v -0.0237836856 0.05959088 0.009500001
v -0.0246034674 0.0599618964 0.0100000007
v -0.03027823 0.0589398481 0.009500001
v -0.02996616 0.0594497547 0.0100000007
v -0.0318898037 0.0591746867 0.009750001
v -0.0366632864 0.0592193753 0.009500001
v -0.0351911038 0.0595757663 0.0100000007
v -0.0393841565 0.0598716959 0.009750001
v -0.0402662233 0.06029352 0.0100000007
v -0.0427565277 0.06035172 0.009500001
v -0.045375362 0.061639078 0.0100000007
v -0.0468493477 0.06188506 0.009750001
v -0.0486364029 0.0623105131 0.009500001
v -0.0504252538 0.06364438 0.0100000007
v -0.0541154258 0.06530379 0.009750001
v -0.0543587878 0.0651568 0.009500001
v -0.0552902743 0.06631144 0.0100000007
v -0.0575513467 0.06753233 0.009750001
v -0.0597265139 0.06887035 0.009500001
v -0.0598429181 0.0696103945 0.0100000007
v -0.06079115 0.07008469 0.009750001
v -0.06454834 0.07337297 0.009500001
v -0.06396398 0.07347913 0.0100000007
v -0.06379034 0.07293296 0.009750001
v -0.06651008 0.0760413855 0.009750001
v -0.06866003 0.078532204 0.009500001
v -0.06755247 0.07782678 0.0100000007
v -0.06999902 0.08109824 0.009750001
v -0.0719423741 0.08417393 0.009500001
v -0.07053377 0.08254067 0.0100000007
v -0.07272028 0.08648528 0.009750001
v -0.0743323639 0.09010142 0.009500001
v -0.0728645 0.08749579 0.0100000007
v -0.07464999 0.09203629 0.009750001
v -0.07582527 0.09611648 0.009500001
v -0.07453368 0.09256503 0.0100000007
v -0.07556015 0.09762858 0.0100000007
v -0.08979905 0.0904823244 0.0100000007
v -0.07044612 0.125464648 0.0100000007
v -0.07088363 0.125706688 0.009500001
v -0.09022306 0.09042841 0.009655078
v -0.110000007 0.0550000034 0.009500001
v -0.109151974 0.0555000044 0.0100000007
v -0.0134500787 0.137642324 0.009750001
v -0.0140543832 0.137677848 0.009500001
v -0.0107136071 0.135728881 0.009500001
v -0.007839225 0.133970872 0.009750001
v -0.00755624752 0.133424476 0.009500001
v -0.0175199769 0.139255 0.009500001
v -0.00463751843 0.13079311 0.009500001
v -0.0194548648 0.140224487 0.009750001
v -0.02459298 0.141288653 0.009500001
v -0.0029089998 0.129323527 0.009750001
v -0.002006155 0.127874374 0.009500001
v 0.00110547419 0.123909339 0.009750001
v 0.0002982535 0.124717019 0.009500001
v 0.00224721641 0.121376254 0.009500001
v -0.0255604368 0.1417079 0.009750001
v -0.0315075777 0.141923055 0.009500001
v 0.0040568267 0.118002675 0.009750001
v 0.00382437953 0.117910653 0.009500001
v 0.005901493 0.111899525 0.009750001
v 0.00585802831 0.110837653 0.009500001
v 0.006539383 0.107858986 0.009750001
v 0.00649242429 0.103923045 0.009500001
v -0.024502 0.141780317 0.0100000007
v -0.01733593 0.1397199 0.0100000007
v -0.0315075777 0.142423049 0.0100000007
v -0.0138247348 0.138121992 0.0100000007
v -0.01044 0.13614738 0.0100000007
v -0.00724109868 0.133812651 0.0100000007
v -0.004283965 0.131146669 0.0100000007
v -0.00161797833 0.128189534 0.0100000007
v 0.0007167512 0.124990635 0.0100000007
v 0.00269135833 0.1216059 0.0100000007
v 0.004289274 0.1180947 0.0100000007
v 0.006349681 0.110928632 0.0100000007
v 0.006992425 0.103923045 0.0100000007
v 0.006742424 0.103923045 0.009750001
v 0.006539383 0.09998713 0.009750001
v 0.006349681 0.0969174653 0.0100000007
v 0.00585802831 0.09700846 0.009500001
v 0.005901493 0.09594658 0.009750001
v 0.00479386561 0.0918703452 0.009750001
v 0.004289274 0.08975141 0.0100000007
v 0.00382437953 0.0899354443 0.009500001
v 0.003196007 0.08783816 0.009750001
v 0.00269135833 0.08624021 0.0100000007
v 0.00224721641 0.08646986 0.009500001
v 0.00110547419 0.0839367658 0.009750001
v 0.0007167512 0.08285548 0.0100000007
v 0.0002982535 0.08312909 0.009500001
v -0.00145975337 0.0802547038 0.009750001
v -0.00161797833 0.07965658 0.0100000007
v -0.00446074177 0.0768762156 0.009750001
v -0.002006155 0.0799717158 0.009500001
v -0.004283965 0.07669944 0.0100000007
v -0.00463751843 0.0770529956 0.009500001
v -0.00724109868 0.0740334541 0.0100000007
v -0.00755624752 0.07442163 0.009500001
v -0.007839225 0.07387523 0.009750001
v -0.01044 0.0716987252 0.0100000007
v -0.0107136071 0.0721172243 0.009500001
v -0.0115212947 0.0713100061 0.009750001
v -0.0138247348 0.06972412 0.0100000007
v -0.0140543832 0.07016826 0.009500001
v -0.0154226823 0.06921947 0.009750001
v -0.01733593 0.0681262 0.0100000007
v -0.0175199769 0.0685910955 0.009500001
v -0.0194548648 0.06762161 0.009750001
v -0.024502 0.0660657957 0.0100000007
v -0.02459298 0.0665574446 0.009500001
v -0.0235311054 0.0665139854 0.009750001
v -0.0275716558 0.06587609 0.009750001
v -0.0315075777 0.06542306 0.0100000007
v -0.0315075777 0.06592305 0.009500001
v -0.0354435 0.141970009 0.009750001
v -0.0385131538 0.141780317 0.0100000007
v -0.0384221748 0.141288653 0.009500001
v -0.03948405 0.141332135 0.009750001
v -0.04356029 0.140224487 0.009750001
v -0.0456792265 0.1397199 0.0100000007
v -0.04549518 0.139255 0.009500001
v -0.04759247 0.138626635 0.009750001
v -0.0491904169 0.138121992 0.0100000007
v -0.0489607751 0.137677848 0.009500001
v -0.0514938645 0.1365361 0.009750001
v -0.0525751524 0.13614738 0.0100000007
v -0.05230155 0.135728881 0.009500001
v -0.05517593 0.133970872 0.009750001
v -0.05577406 0.133812651 0.0100000007
v -0.0585544147 0.1309699 0.009750001
v -0.0554589033 0.133424476 0.009500001
v -0.05873119 0.131146669 0.0100000007
v -0.05837764 0.13079311 0.009500001
v -0.06139718 0.128189534 0.0100000007
v -0.061009 0.127874374 0.009500001
v -0.0615554 0.1275914 0.009750001
v -0.06373191 0.124990635 0.0100000007
v -0.0633134 0.124717019 0.009500001
v -0.06412063 0.123909339 0.009750001
v -0.0657065138 0.1216059 0.0100000007
v -0.06526238 0.121376254 0.009500001
v -0.06621116 0.120007947 0.009750001
v -0.06730443 0.1180947 0.0100000007
v -0.06683954 0.117910653 0.009500001
v -0.06780902 0.115975767 0.009750001
v -0.06936484 0.110928632 0.0100000007
v -0.06887318 0.110837653 0.009500001
v -0.06891665 0.111899525 0.009750001
v -0.06955454 0.107858986 0.009750001
v -0.07000758 0.103923045 0.0100000007
v -0.06950758 0.103923045 0.009500001
v -0.06975758 0.103923045 0.009750001
v -0.06955454 0.09998713 0.009750001
v -0.06936484 0.0969174653 0.0100000007
v -0.06887318 0.09700846 0.009500001
v -0.06891665 0.09594658 0.009750001
v -0.06730443 0.08975141 0.0100000007
v -0.06683954 0.0899354443 0.009500001
v -0.06707198 0.08984343 0.009750001
v -0.0657065138 0.08624021 0.0100000007
v -0.06412063 0.0839367658 0.009750001
v -0.06526238 0.08646986 0.009500001
v -0.06373191 0.08285548 0.0100000007
v -0.0633134 0.08312909 0.009500001
v -0.06139718 0.07965658 0.0100000007
v -0.061009 0.0799717158 0.009500001
v -0.06010616 0.07852258 0.009750001
v -0.05873119 0.07669944 0.0100000007
v -0.05517593 0.07387523 0.009750001
v -0.05837764 0.0770529956 0.009500001
v -0.05577406 0.0740334541 0.0100000007
v -0.0554589033 0.07442163 0.009500001
v -0.0525751524 0.0716987252 0.0100000007
v -0.0495650768 0.07020378 0.009750001
v -0.05230155 0.0721172243 0.009500001
v -0.0491904169 0.06972412 0.0100000007
v -0.0489607751 0.07016826 0.009500001
v -0.0456792265 0.0681262 0.0100000007
v -0.04549518 0.0685910955 0.009500001
v -0.04356029 0.06762161 0.009750001
v -0.0385131538 0.0660657957 0.0100000007
v -0.0384221748 0.0665574446 0.009500001
v -0.0374547169 0.0661382154 0.009750001
v -0.0315075777 0.06542306 0.0100000007
v -0.0315075777 0.06592305 0.009500001
v 0.0434924252 0.143923044 0.00725000072
v 0.0434924252 0.138923049 0.009500001
v 0.0434924252 0.138923049 0.00500000035
v 0.0434924252 0.148923054 0.00500000035
v 0.0434924252 0.148923054 0.009500001
v -0.08721335 0.07626371 0.009854494
v -0.09886654 0.0555000044 0.0100000007
v -0.09857173 0.0550000034 0.009500001
v -0.07582527 0.09611648 0.009500001
v -0.07556015 0.09762858 0.0100000007
v -0.104285881 0.0552500039 0.009750001
v -0.109151974 0.0555000044 0.0100000007
v -0.110000007 0.0550000034 0.009500001
v -0.09857173 0.0550000034 0.009500001
v -0.09886654 0.0555000044 0.0100000007
v 0.00599242374 0.148673058 0.009750001
v -0.0315075777 0.148923054 0.009500001
v -0.0315075777 0.148423061 0.0100000007
v 0.0429924242 0.148423061 0.0100000007
v 0.0434924252 0.148923054 0.009500001
v -0.07044612 0.125464648 0.0100000007
v -0.0675519 0.130444169 0.009750001
v -0.07088363 0.125706688 0.009500001
v -0.06735054 0.130296 0.0100000007
v -0.06775326 0.130592331 0.009500001
v -0.06355131 0.13480103 0.0100000007
v -0.06373133 0.134974509 0.009750001
v -0.06391135 0.135147989 0.009500001
v -0.0591051131 0.138831884 0.0100000007
v -0.05926016 0.139028 0.009750001
v -0.0594152 0.139224112 0.009500001
v -0.0541090071 0.142256141 0.0100000007
v -0.05423598 0.142471492 0.009750001
v -0.0543629564 0.142686844 0.009500001
v -0.04869418 0.144970238 0.0100000007
v -0.04879073 0.145200834 0.009750001
v -0.0488872863 0.145431444 0.009500001
v -0.04301478 0.1469095 0.0100000007
v -0.04307943 0.147151 0.009750001
v -0.0431440771 0.147392482 0.009500001
v -0.03723364 0.148053125 0.0100000007
v -0.0372658074 0.148301035 0.009750001
v -0.0372979753 0.148548961 0.009500001
v -0.0315075777 0.148423061 0.0100000007
v -0.0315075777 0.148923054 0.009500001
v 0.04324243 0.143923044 0.009750001
v 0.0434924252 0.148923054 0.009500001
v 0.0429924242 0.148423061 0.0100000007
v 0.0429924242 0.139423043 0.0100000007
v 0.0434924252 0.138923049 0.009500001
v 0.0132255424 0.108816743 0.00725000072
v 0.013492425 0.103923038 0.009500001
v 0.013492425 0.103923045 0.00500000035
v 0.0132255433 0.108816735 0.009500001
v 0.0132255424 0.108816758 0.00500000035
v 0.01240799 0.113742575 0.009500001
v 0.01240799 0.113742582 0.00725000072
v 0.0124079883 0.113742582 0.00500000035
v 0.01102904 0.11860761 0.009500001
v 0.0110290395 0.11860761 0.00725000072
v 0.0110290386 0.11860761 0.00500000035
v 0.009099029 0.123316452 0.009500001
v 0.009099027 0.123316452 0.00725000072
v 0.009099026 0.123316459 0.00500000035
v 0.00664968975 0.127777264 0.009500001
v 0.006649689 0.127777264 0.00725000072
v 0.006649688 0.127777264 0.00500000035
v 0.0037325013 0.131907642 0.009500001
v 0.0037325006 0.131907642 0.00725000072
v 0.0037325 0.131907642 0.00500000035
v 0.0004151566 0.1356396 0.009500001
v 0.00041515613 0.1356396 0.00725000072
v 0.0004151557 0.1356396 0.00500000035
v -0.00322330487 0.138923049 0.009500001
v -0.00322330487 0.138923049 0.00500000035
v 0.008492424 0.0550000034 0.0075000003
v 0.0034924245 0.0550000034 0.0100000007
v 0.0034924245 0.0550000034 0.00500000035
v 0.013492425 0.0550000034 0.00500000035
v 0.013492425 0.0550000034 0.0100000007
v 0.0034924245 0.07563878 0.009500001
v 0.0034924245 0.0653194 0.0075000003
v 0.0034924245 0.07563878 0.0100000007
v 0.0034924245 0.07563878 0.00500000035
v 0.0034924245 0.0550000034 0.0100000007
v 0.0034924245 0.0550000034 0.00500000035
v 0.013492425 0.0550000034 0.0100000007
v 0.013492425 0.07946152 0.0075000003
v 0.013492425 0.103923023 0.0100000007
v 0.013492425 0.0550000034 0.00500000035
v 0.013492425 0.103923038 0.009500001
v 0.013492425 0.103923045 0.00500000035
v 0.0034924245 0.07563878 0.0100000007
v 0.007744141 0.08191617 0.009750001
v 0.0034924245 0.07563878 0.009500001
v 0.00774414046 0.08191617 0.0100000007
v 0.00774414232 0.08191617 0.009500001
v 0.0109188268 0.0889230445 0.0100000007
v 0.0109188277 0.08892305 0.009750001
v 0.0109188305 0.08892305 0.009500001
v 0.012853724 0.09636824 0.0100000007
v 0.012853724 0.09636825 0.009750001
v 0.0128537249 0.09636825 0.009500001
v 0.013492425 0.103923023 0.0100000007
v 0.013492425 0.103923038 0.009500001
v 0.00599242374 0.148923054 0.00725000072
v 0.0434924252 0.148923054 0.00500000035
v -0.0315075777 0.148923054 0.00500000035
v -0.0315075777 0.148923054 0.009500001
v 0.0434924252 0.148923054 0.009500001
v -0.0372979753 0.148548961 0.00725000072
v -0.0315075777 0.148923054 0.00500000035
v -0.0372979753 0.148548961 0.00500000035
v -0.0315075777 0.148923054 0.009500001
v -0.0431440771 0.147392482 0.00500000035
v -0.0372979753 0.148548961 0.009500001
v -0.0431440771 0.147392482 0.00725000072
v -0.0488872863 0.145431444 0.00500000035
v -0.0431440771 0.147392482 0.009500001
v -0.0488872863 0.145431444 0.00725000072
v -0.0543629564 0.142686844 0.00500000035
v -0.0488872863 0.145431444 0.009500001
v -0.0543629564 0.142686844 0.00725000072
v -0.0594152 0.139224112 0.00500000035
v -0.0543629564 0.142686844 0.009500001
v -0.0594152 0.139224112 0.00725000072
v -0.06391135 0.135147989 0.00500000035
v -0.0594152 0.139224112 0.009500001
v -0.06391135 0.135147989 0.00725000072
v -0.06775326 0.130592331 0.00500000035
v -0.06391135 0.135147989 0.009500001
v -0.06775326 0.130592331 0.00725000072
v -0.07088363 0.125706688 0.00500000035
v -0.06775326 0.130592331 0.009500001
v -0.07088363 0.125706688 0.009500001
v -0.0904418156 0.09035334 0.00725000072
v -0.07088363 0.125706688 0.00500000035
v -0.110000007 0.0550000034 0.00500000035
v -0.110000007 0.0550000034 0.009500001
v -0.07088363 0.125706688 0.009500001
v -0.104285881 0.0550000034 0.00725000072
v -0.110000007 0.0550000034 0.00500000035
v -0.09857173 0.0550000034 0.00500000035
v -0.09857173 0.0550000034 0.009500001
v -0.110000007 0.0550000034 0.009500001
v -0.0871985 0.0755582452 0.00725000072
v -0.09857173 0.0550000034 0.00500000035
v -0.07582527 0.09611648 0.00500000035
v -0.07582527 0.09611648 0.009500001
v -0.09857173 0.0550000034 0.009500001
v 0.0247548129 0.139173061 0.009750001
v 0.0429924242 0.139423043 0.0100000007
v 0.00601719832 0.139423043 0.0100000007
v 0.00611996232 0.138923049 0.009500001
v 0.0434924252 0.138923049 0.009500001
v -0.002205323 0.139173061 0.009750001
v -0.00322330487 0.138923049 0.009500001
v 0.000161351141 0.138923049 0.009500001
v 0.0002641147 0.139423043 0.0100000007
v -0.00467476 0.139423043 0.0100000007
v -0.07556015 0.09762858 0.0100000007
v -0.07861054 0.0997607037 0.0100000007
v -0.07891077 0.09978824 0.0100000007
v -0.0783102959 0.09978824 0.0100000007
v -0.0780031756 0.09987655 0.0100000007
v -0.07770763 0.100029647 0.0100000007
v -0.0774438 0.100243978 0.0100000007
v -0.07722949 0.1005078 0.0100000007
v -0.07921789 0.09987655 0.0100000007
v -0.07707638 0.100803338 0.0100000007
v -0.08979905 0.0904823244 0.0100000007
v -0.07951342 0.100029647 0.0100000007
v -0.0797772557 0.100243978 0.0100000007
v -0.07999158 0.1005078 0.0100000007
v -0.08014469 0.100803338 0.0100000007
v -0.0802329853 0.101110458 0.0100000007
v -0.08026053 0.1014107 0.0100000007
v -0.0802329853 0.10171093 0.0100000007
v -0.08014469 0.102018051 0.0100000007
v -0.07999158 0.102313593 0.0100000007
v -0.07044612 0.125464648 0.0100000007
v -0.0797772557 0.102577426 0.0100000007
v -0.07951342 0.102791741 0.0100000007
v -0.07921789 0.102944851 0.0100000007
v -0.06730443 0.1180947 0.0100000007
v -0.0657065138 0.1216059 0.0100000007
v -0.06373191 0.124990635 0.0100000007
v -0.06936484 0.110928632 0.0100000007
v -0.06735054 0.130296 0.0100000007
v -0.06139718 0.128189534 0.0100000007
v -0.05873119 0.131146669 0.0100000007
v -0.06355131 0.13480103 0.0100000007
v -0.05577406 0.133812651 0.0100000007
v -0.0591051131 0.138831884 0.0100000007
v -0.0525751524 0.13614738 0.0100000007
v -0.07891077 0.103033155 0.0100000007
v -0.07861054 0.103060693 0.0100000007
v -0.0783102959 0.103033155 0.0100000007
v -0.0541090071 0.142256141 0.0100000007
v -0.0491904169 0.138121992 0.0100000007
v -0.0456792265 0.1397199 0.0100000007
v -0.04869418 0.144970238 0.0100000007
v -0.07000758 0.103923045 0.0100000007
v -0.0780031756 0.102944851 0.0100000007
v -0.07770763 0.102791741 0.0100000007
v -0.0774438 0.102577426 0.0100000007
v -0.07722949 0.102313593 0.0100000007
v -0.0385131538 0.141780317 0.0100000007
v -0.04301478 0.1469095 0.0100000007
v -0.03723364 0.148053125 0.0100000007
v -0.0315075777 0.142423049 0.0100000007
v -0.07707638 0.102018051 0.0100000007
v -0.024502 0.141780317 0.0100000007
v -0.01733593 0.1397199 0.0100000007
v -0.07698807 0.10171093 0.0100000007
v -0.0769605339 0.1014107 0.0100000007
v -0.0138247348 0.138121992 0.0100000007
v -0.01044 0.13614738 0.0100000007
v -0.00724109868 0.133812651 0.0100000007
v -0.000740931951 0.1360737 0.0100000007
v -0.004283965 0.131146669 0.0100000007
v 0.00288675074 0.1321592 0.0100000007
v -0.00161797833 0.128189534 0.0100000007
v 0.006094337 0.127721086 0.0100000007
v 0.0007167512 0.124990635 0.0100000007
v -0.07698807 0.101110458 0.0100000007
v 0.008775912 0.12283048 0.0100000007
v 0.00269135833 0.1216059 0.0100000007
v 0.004289274 0.1180947 0.0100000007
v 0.0108430805 0.117585845 0.0100000007
v 0.006349681 0.110928632 0.0100000007
v 0.0122333933 0.112107038 0.0100000007
v 0.0129162073 0.106526405 0.0100000007
v 0.006992425 0.103923045 0.0100000007
v 0.0128948865 0.10097833 0.0100000007
v 0.006349681 0.0969174653 0.0100000007
v 0.0122050177 0.09558883 0.0100000007
v 0.0109091764 0.09046686 0.0100000007
v 0.004289274 0.08975141 0.0100000007
v 0.009080458 0.08567856 0.0100000007
v 0.00269135833 0.08624021 0.0100000007
v 0.00666142674 0.08104561 0.0100000007
v 0.0007167512 0.08285548 0.0100000007
v -0.00161797833 0.07965658 0.0100000007
v 0.00361731718 0.07660104 0.0100000007
v -0.004283965 0.07669944 0.0100000007
v -3.14296776E-05 0.0724667 0.0100000007
v -0.00724109868 0.0740334541 0.0100000007
v -0.004233184 0.06876118 0.0100000007
v -0.01044 0.0716987252 0.0100000007
v -0.0138247348 0.06972412 0.0100000007
v -0.008906147 0.0655899644 0.0100000007
v -0.01733593 0.0681262 0.0100000007
v -0.0139431208 0.06303614 0.0100000007
v -0.024502 0.0660657957 0.0100000007
v -0.0192195289 0.0611532778 0.0100000007
v -0.0246034674 0.0599618964 0.0100000007
v -0.0315075777 0.06542306 0.0100000007
v -0.02996616 0.0594497547 0.0100000007
v -0.0351911038 0.0595757663 0.0100000007
v -0.0385131538 0.0660657957 0.0100000007
v -0.0402662233 0.06029352 0.0100000007
v -0.045375362 0.061639078 0.0100000007
v -0.0456792265 0.0681262 0.0100000007
v -0.0504252538 0.06364438 0.0100000007
v -0.0491904169 0.06972412 0.0100000007
v -0.0552902743 0.06631144 0.0100000007
v -0.0525751524 0.0716987252 0.0100000007
v -0.0598429181 0.0696103945 0.0100000007
v -0.05577406 0.0740334541 0.0100000007
v -0.06396398 0.07347913 0.0100000007
v -0.05873119 0.07669944 0.0100000007
v -0.06755247 0.07782678 0.0100000007
v -0.06139718 0.07965658 0.0100000007
v -0.06373191 0.08285548 0.0100000007
v -0.07053377 0.08254067 0.0100000007
v -0.0657065138 0.08624021 0.0100000007
v -0.0728645 0.08749579 0.0100000007
v -0.06730443 0.08975141 0.0100000007
v -0.07453368 0.09256503 0.0100000007
v -0.06936484 0.0969174653 0.0100000007
v -0.09998563 0.06060736 0.0100000007
v -0.09989731 0.0603002459 0.0100000007
v -0.09886654 0.0555000044 0.0100000007
v -0.09986977 0.0600000024 0.0100000007
v -0.09989731 0.05969976 0.0100000007
v -0.09998563 0.059392646 0.0100000007
v -0.100138724 0.0590971075 0.0100000007
v -0.100138724 0.0609029 0.0100000007
v -0.100353047 0.06116673 0.0100000007
v -0.100616872 0.06138105 0.0100000007
v -0.100912414 0.0615341552 0.0100000007
v -0.100353047 0.05883328 0.0100000007
v -0.101219535 0.0616224557 0.0100000007
v -0.100616872 0.0586189553 0.0100000007
v -0.101519763 0.06165 0.0100000007
v -0.100912414 0.0584658533 0.0100000007
v -0.101820007 0.0616224557 0.0100000007
v -0.101219535 0.05837755 0.0100000007
v -0.101519763 0.0583500043 0.0100000007
v -0.101820007 0.05837755 0.0100000007
v -0.102127127 0.0615341552 0.0100000007
v -0.10242267 0.06138105 0.0100000007
v -0.1026865 0.06116673 0.0100000007
v -0.109151974 0.0555000044 0.0100000007
v -0.102127127 0.0584658533 0.0100000007
v -0.102900818 0.0609029 0.0100000007
v -0.10242267 0.0586189553 0.0100000007
v -0.103053913 0.06060736 0.0100000007
v -0.1026865 0.05883328 0.0100000007
v -0.103142224 0.0603002459 0.0100000007
v -0.102900818 0.0590971075 0.0100000007
v -0.103169769 0.0600000024 0.0100000007
v -0.103053913 0.059392646 0.0100000007
v -0.103142224 0.05969976 0.0100000007
v 0.024806194 0.138923049 0.00725000072
v 0.00611996232 0.138923049 0.009500001
v 0.00611996232 0.138923049 0.00500000035
v 0.0434924252 0.138923049 0.00500000035
v 0.0434924252 0.138923049 0.009500001
v -0.00153097685 0.138923049 0.00725000072
v 0.000161351141 0.138923049 0.00500000035
v 0.000161351141 0.138923049 0.009500001
v -0.00322330487 0.138923049 0.009500001
v -0.00322330487 0.138923049 0.00500000035
f 1 2 3
f 4 1 3
f 4 3 5
f 1 4 6
f 7 4 5
f 4 7 6
f 7 5 8
f 6 7 9
f 10 7 8
f 7 10 9
f 9 10 11
f 10 8 12
f 10 13 11
f 14 10 12
f 10 14 13
f 14 15 13
f 14 12 16
f 14 17 15
f 18 14 16
f 14 18 17
f 18 16 19
f 18 20 17
f 21 18 19
f 18 21 20
f 21 22 20
f 21 19 23
f 21 24 22
f 25 21 23
f 21 25 24
f 25 23 26
f 25 27 24
f 28 25 26
f 25 28 27
f 28 26 29
f 28 30 27
f 31 28 29
f 28 31 30
f 29 32 31
f 31 33 30
f 32 34 31
f 31 34 33
f 32 35 34
f 35 33 34
f 35 32 36
f 35 37 33
f 35 36 38
f 37 35 38
f 38 36 39
f 37 38 40
f 40 38 39
f 41 37 40
f 42 40 39
f 41 40 42
f 43 42 39
f 44 41 42
f 45 42 43
f 44 42 45
f 46 44 45
f 47 45 43
f 46 45 48
f 48 45 47
f 49 46 48
f 50 48 47
f 49 48 50
f 51 49 50
f 50 47 52
f 53 51 50
f 54 50 52
f 53 50 54
f 55 53 54
f 54 52 56
f 55 54 57
f 57 54 56
f 58 55 57
f 59 57 56
f 58 57 59
f 60 59 56
f 61 58 59
f 62 59 60
f 61 59 62
f 63 62 60
f 64 61 62
f 65 62 63
f 65 64 62
f 66 65 63
f 65 66 64
f 66 63 67
f 68 66 67
f 64 66 69
f 66 68 70
f 66 70 69
f 71 69 70
f 72 71 70
f 71 73 69
f 74 71 72
f 71 74 73
f 74 72 75
f 74 76 73
f 77 74 75
f 74 77 76
f 77 78 76
f 77 75 79
f 77 80 78
f 81 77 79
f 77 81 80
f 81 82 80
f 81 79 83
f 81 84 82
f 85 81 83
f 81 85 84
f 85 83 86
f 85 87 84
f 88 85 86
f 85 88 87
f 88 89 87
f 88 86 90
f 88 91 89
f 92 88 90
f 88 92 91
f 92 90 93
f 92 94 91
f 95 92 93
f 92 95 94
f 95 93 96
f 95 97 94
f 98 95 96
f 95 98 97
f 98 96 99
f 98 100 97
f 101 98 99
f 98 101 100
f 101 99 102
f 101 102 100
f 99 103 102
f 100 102 104
f 103 105 102
f 102 105 104
f 103 106 105
f 105 107 104
f 106 107 105
f 107 108 104
f 106 109 107
f 109 108 107
f 109 106 110
f 109 111 108
f 112 109 110
f 109 112 111
f 112 113 111
f 112 110 114
f 112 115 113
f 115 112 114
f 115 116 113
f 117 115 114
f 115 117 116
f 117 118 116
f 119 117 114
f 117 120 118
f 121 117 119
f 117 121 120
f 121 122 120
f 123 121 119
f 121 124 122
f 124 121 123
f 124 125 122
f 126 124 123
f 124 126 125
f 126 123 127
f 126 128 125
f 129 126 127
f 126 129 128
f 129 127 130
f 129 131 128
f 132 129 130
f 129 132 131
f 132 130 133
f 132 133 131
f 130 134 133
f 135 131 133
f 134 136 133
f 136 135 133
f 137 138 139
f 138 140 139
f 139 140 141
f 138 142 140
f 140 143 141
f 142 144 140
f 140 144 143
f 142 145 144
f 144 146 143
f 145 147 144
f 144 147 146
f 145 148 147
f 147 149 146
f 148 150 147
f 147 150 149
f 148 151 150
f 150 152 149
f 151 153 150
f 150 154 152
f 153 154 150
f 154 155 152
f 153 156 154
f 154 157 155
f 156 157 154
f 157 158 155
f 157 159 158
f 156 160 157
f 160 159 157
f 159 161 158
f 160 162 159
f 159 163 161
f 162 164 159
f 159 165 163
f 164 165 159
f 164 166 165
f 165 167 163
f 166 168 165
f 167 165 168
f 166 169 168
f 167 168 170
f 169 170 168
f 171 167 170
f 169 172 170
f 171 170 173
f 172 173 170
f 174 171 173
f 172 175 173
f 174 173 176
f 175 176 173
f 177 174 176
f 175 178 176
f 177 176 179
f 178 179 176
f 180 177 179
f 178 181 179
f 180 179 182
f 181 182 179
f 183 180 182
f 181 184 182
f 183 182 185
f 184 185 182
f 186 183 185
f 184 187 185
f 187 186 185
f 188 189 190
f 191 188 190
f 188 191 192
f 188 192 193
f 194 188 193
f 195 188 194
f 196 195 194
f 195 196 197
f 198 195 197
f 196 194 199
f 200 196 199
f 201 200 199
f 201 199 202
f 203 201 202
f 195 198 204
f 203 202 205
f 206 203 205
f 207 206 205
f 207 205 208
f 209 207 208
f 209 208 210
f 211 209 210
f 212 211 210
f 212 210 213
f 214 212 213
f 214 213 215
f 216 214 215
f 216 215 217
f 218 216 217
f 218 217 219
f 220 218 219
f 220 219 221
f 222 220 221
f 221 223 222
f 223 224 222
f 223 225 224
f 225 226 224
f 225 227 226
f 225 223 228
f 223 229 228
f 223 230 229
f 227 231 226
f 227 232 231
f 232 233 231
f 233 234 231
f 233 235 234
f 235 236 234
f 235 237 236
f 237 238 236
f 223 239 230
f 237 240 238
f 240 241 238
f 240 242 241
f 242 240 243
f 244 242 243
f 244 243 245
f 246 244 245
f 246 245 247
f 248 246 247
f 248 247 249
f 250 248 249
f 250 249 251
f 252 250 251
f 252 251 253
f 254 252 253
f 254 253 255
f 256 254 255
f 255 257 256
f 257 258 256
f 257 259 258
f 259 260 258
f 258 195 256
f 195 204 256
f 260 261 258
f 260 262 261
f 258 261 263
f 258 263 264
f 265 258 264
f 258 265 266
f 262 260 267
f 268 262 267
f 268 267 269
f 270 268 269
f 270 269 271
f 272 270 271
f 272 271 273
f 274 272 273
f 274 273 275
f 276 258 266
f 277 274 275
f 277 275 278
f 277 278 279
f 280 277 279
f 280 279 281
f 282 280 281
f 282 281 283
f 284 282 283
f 284 283 285
f 286 284 285
f 286 285 287
f 288 286 287
f 288 287 289
f 290 288 289
f 239 290 289
f 239 289 230
f 290 239 291
f 239 292 291
f 239 293 292
f 293 239 294
f 239 295 294
f 239 296 295
f 296 239 297
f 239 298 297
f 239 299 298
f 299 239 300
f 239 258 300
f 258 301 300
f 258 302 301
f 302 258 303
f 258 304 303
f 258 276 304
f 305 306 307
f 305 307 308
f 309 305 308
f 308 307 310
f 311 309 308
f 312 308 310
f 311 308 312
f 312 310 313
f 314 311 312
f 315 312 313
f 314 312 315
f 315 313 316
f 317 314 315
f 318 315 316
f 317 315 318
f 318 316 319
f 320 317 318
f 321 318 319
f 320 318 321
f 321 319 322
f 323 320 321
f 324 321 322
f 323 321 324
f 324 322 325
f 326 324 325
f 327 323 324
f 327 324 326
f 326 325 328
f 329 327 326
f 330 326 328
f 331 329 326
f 332 326 330
f 331 326 332
f 333 332 330
f 334 331 332
f 335 332 333
f 335 334 332
f 336 335 333
f 335 336 334
f 336 333 337
f 336 338 334
f 339 336 337
f 336 339 338
f 339 337 340
f 339 341 338
f 342 339 340
f 339 342 341
f 342 340 343
f 342 344 341
f 345 342 343
f 342 345 344
f 345 343 346
f 345 347 344
f 348 345 346
f 345 348 347
f 348 346 349
f 348 350 347
f 351 348 349
f 348 351 350
f 351 349 352
f 350 351 353
f 351 352 353
f 352 354 353
f 354 355 353
f 353 355 356
f 354 357 355
f 355 358 356
f 357 359 355
f 355 359 358
f 357 360 359
f 359 361 358
f 360 362 359
f 359 362 361
f 360 363 362
f 362 364 361
f 363 365 362
f 362 365 364
f 363 366 365
f 365 367 364
f 366 368 365
f 365 368 367
f 366 369 368
f 368 370 367
f 369 371 368
f 368 371 370
f 369 372 371
f 372 373 371
f 371 374 370
f 371 373 374
f 372 375 373
f 373 376 374
f 375 377 373
f 373 378 376
f 377 379 373
f 373 379 378
f 377 380 379
f 379 381 378
f 380 382 379
f 379 382 381
f 380 383 382
f 383 381 382
f 384 383 380
f 383 385 381
f 386 383 384
f 383 386 385
f 387 386 384
f 386 388 385
f 389 386 387
f 386 389 388
f 390 389 387
f 389 391 388
f 392 389 390
f 389 392 391
f 393 392 390
f 392 394 391
f 395 392 393
f 392 395 394
f 396 395 393
f 395 397 394
f 398 395 396
f 395 398 397
f 399 398 396
f 398 400 397
f 398 399 400
f 401 402 403
f 401 403 404
f 405 401 404
f 404 403 406
f 407 405 404
f 408 404 406
f 407 404 408
f 408 406 409
f 410 407 408
f 411 408 409
f 410 408 411
f 411 409 412
f 413 410 411
f 414 411 412
f 413 411 414
f 414 412 415
f 416 413 414
f 417 414 415
f 416 414 417
f 417 415 418
f 419 416 417
f 420 417 418
f 419 417 420
f 420 418 421
f 422 420 421
f 423 419 420
f 423 420 422
f 422 421 424
f 425 423 422
f 426 422 424
f 427 425 422
f 428 422 426
f 427 422 428
f 429 428 426
f 430 427 428
f 431 428 429
f 431 430 428
f 432 431 429
f 431 432 430
f 432 429 433
f 432 434 430
f 435 432 433
f 432 435 434
f 435 433 436
f 435 437 434
f 438 435 436
f 435 438 437
f 438 436 439
f 438 440 437
f 441 438 439
f 438 441 440
f 441 439 442
f 441 443 440
f 444 441 442
f 441 444 443
f 444 442 445
f 444 446 443
f 447 444 445
f 444 447 446
f 447 445 448
f 446 447 449
f 447 448 449
f 448 450 449
f 450 451 449
f 449 451 452
f 450 453 451
f 451 454 452
f 453 455 451
f 451 455 454
f 453 456 455
f 455 457 454
f 456 458 455
f 455 458 457
f 456 459 458
f 458 460 457
f 459 461 458
f 458 461 460
f 459 462 461
f 461 463 460
f 462 464 461
f 461 464 463
f 462 465 464
f 464 466 463
f 465 467 464
f 464 467 466
f 465 468 467
f 468 469 467
f 467 470 466
f 467 469 470
f 468 471 469
f 469 472 470
f 471 473 469
f 469 474 472
f 473 475 469
f 469 475 474
f 473 476 475
f 475 477 474
f 476 478 475
f 475 478 477
f 476 479 478
f 479 477 478
f 480 479 476
f 479 481 477
f 482 479 480
f 479 482 481
f 483 482 480
f 482 484 481
f 485 482 483
f 482 485 484
f 486 485 483
f 485 487 484
f 488 485 486
f 485 488 487
f 489 488 486
f 488 490 487
f 491 488 489
f 488 491 490
f 492 491 489
f 491 493 490
f 494 491 492
f 491 494 493
f 495 494 492
f 494 496 493
f 494 495 496
f 497 498 499
f 497 499 500
f 501 497 500
f 500 499 502
f 503 501 500
f 504 500 502
f 503 500 504
f 504 502 505
f 506 503 504
f 507 504 505
f 506 504 507
f 507 505 508
f 509 506 507
f 510 507 508
f 509 507 510
f 510 508 511
f 512 509 510
f 513 510 511
f 512 510 513
f 513 511 514
f 515 512 513
f 516 513 514
f 515 513 516
f 516 514 517
f 518 516 517
f 519 515 516
f 519 516 518
f 518 517 520
f 521 519 518
f 522 518 520
f 523 521 518
f 524 518 522
f 523 518 524
f 525 524 522
f 526 523 524
f 527 524 525
f 527 526 524
f 528 527 525
f 527 528 526
f 528 525 529
f 528 530 526
f 531 528 529
f 528 531 530
f 531 529 532
f 531 533 530
f 534 531 532
f 531 534 533
f 534 532 535
f 534 536 533
f 537 534 535
f 534 537 536
f 537 535 538
f 537 539 536
f 540 537 538
f 537 540 539
f 540 538 541
f 540 542 539
f 543 540 541
f 540 543 542
f 543 541 544
f 542 543 545
f 543 544 545
f 544 546 545
f 546 547 545
f 545 547 548
f 546 549 547
f 547 550 548
f 549 551 547
f 547 551 550
f 549 552 551
f 551 553 550
f 552 554 551
f 551 554 553
f 552 555 554
f 554 556 553
f 555 557 554
f 554 557 556
f 555 558 557
f 557 559 556
f 558 560 557
f 557 560 559
f 558 561 560
f 560 562 559
f 561 563 560
f 560 563 562
f 561 564 563
f 564 565 563
f 563 566 562
f 563 565 566
f 564 567 565
f 565 568 566
f 567 569 565
f 565 570 568
f 569 571 565
f 565 571 570
f 569 572 571
f 571 573 570
f 572 574 571
f 571 574 573
f 572 575 574
f 575 573 574
f 576 575 572
f 575 577 573
f 578 575 576
f 575 578 577
f 579 578 576
f 578 580 577
f 581 578 579
f 578 581 580
f 582 581 579
f 581 583 580
f 584 581 582
f 581 584 583
f 585 584 582
f 584 586 583
f 587 584 585
f 584 587 586
f 588 587 585
f 587 589 586
f 590 587 588
f 587 590 589
f 591 590 588
f 590 592 589
f 590 591 592
f 593 594 595
f 593 595 596
f 597 593 596
f 596 595 598
f 599 597 596
f 600 596 598
f 599 596 600
f 600 598 601
f 602 599 600
f 603 600 601
f 602 600 603
f 603 601 604
f 605 602 603
f 606 603 604
f 605 603 606
f 606 604 607
f 608 605 606
f 609 606 607
f 608 606 609
f 609 607 610
f 611 608 609
f 612 609 610
f 611 609 612
f 612 610 613
f 614 612 613
f 615 611 612
f 615 612 614
f 614 613 616
f 617 615 614
f 618 614 616
f 619 617 614
f 620 614 618
f 619 614 620
f 621 620 618
f 622 619 620
f 623 620 621
f 623 622 620
f 624 623 621
f 623 624 622
f 624 621 625
f 624 626 622
f 627 624 625
f 624 627 626
f 627 625 628
f 627 629 626
f 630 627 628
f 627 630 629
f 630 628 631
f 630 632 629
f 633 630 631
f 630 633 632
f 633 631 634
f 633 635 632
f 636 633 634
f 633 636 635
f 636 634 637
f 636 638 635
f 639 636 637
f 636 639 638
f 639 637 640
f 638 639 641
f 639 640 641
f 640 642 641
f 642 643 641
f 641 643 644
f 642 645 643
f 643 646 644
f 645 647 643
f 643 647 646
f 645 648 647
f 647 649 646
f 648 650 647
f 647 650 649
f 648 651 650
f 650 652 649
f 651 653 650
f 650 653 652
f 651 654 653
f 653 655 652
f 654 656 653
f 653 656 655
f 654 657 656
f 656 658 655
f 657 659 656
f 656 659 658
f 657 660 659
f 660 661 659
f 659 662 658
f 659 661 662
f 660 663 661
f 661 664 662
f 663 665 661
f 661 666 664
f 665 667 661
f 661 667 666
f 665 668 667
f 667 669 666
f 668 670 667
f 667 670 669
f 668 671 670
f 671 669 670
f 672 671 668
f 671 673 669
f 674 671 672
f 671 674 673
f 675 674 672
f 674 676 673
f 677 674 675
f 674 677 676
f 678 677 675
f 677 679 676
f 680 677 678
f 677 680 679
f 681 680 678
f 680 682 679
f 683 680 681
f 680 683 682
f 684 683 681
f 683 685 682
f 686 683 684
f 683 686 685
f 687 686 684
f 686 688 685
f 686 687 688
f 689 690 691
f 689 691 692
f 693 689 692
f 692 691 694
f 695 693 692
f 696 692 694
f 695 692 696
f 696 694 697
f 698 695 696
f 699 696 697
f 698 696 699
f 699 697 700
f 701 698 699
f 702 699 700
f 701 699 702
f 702 700 703
f 704 701 702
f 705 702 703
f 704 702 705
f 705 703 706
f 707 704 705
f 708 705 706
f 707 705 708
f 708 706 709
f 710 708 709
f 711 707 708
f 711 708 710
f 710 709 712
f 713 711 710
f 714 710 712
f 715 713 710
f 716 710 714
f 715 710 716
f 717 716 714
f 718 715 716
f 719 716 717
f 719 718 716
f 720 719 717
f 719 720 718
f 720 717 721
f 720 722 718
f 723 720 721
f 720 723 722
f 723 721 724
f 723 725 722
f 726 723 724
f 723 726 725
f 726 724 727
f 726 728 725
f 729 726 727
f 726 729 728
f 729 727 730
f 729 731 728
f 732 729 730
f 729 732 731
f 732 730 733
f 732 734 731
f 735 732 733
f 732 735 734
f 735 733 736
f 734 735 737
f 735 736 737
f 736 738 737
f 738 739 737
f 737 739 740
f 738 741 739
f 739 742 740
f 741 743 739
f 739 743 742
f 741 744 743
f 743 745 742
f 744 746 743
f 743 746 745
f 744 747 746
f 746 748 745
f 747 749 746
f 746 749 748
f 747 750 749
f 749 751 748
f 750 752 749
f 749 752 751
f 750 753 752
f 752 754 751
f 753 755 752
f 752 755 754
f 753 756 755
f 756 757 755
f 755 758 754
f 755 757 758
f 756 759 757
f 757 760 758
f 759 761 757
f 757 762 760
f 761 763 757
f 757 763 762
f 761 764 763
f 763 765 762
f 764 766 763
f 763 766 765
f 764 767 766
f 767 765 766
f 768 767 764
f 767 769 765
f 770 767 768
f 767 770 769
f 771 770 768
f 770 772 769
f 773 770 771
f 770 773 772
f 774 773 771
f 773 775 772
f 776 773 774
f 773 776 775
f 777 776 774
f 776 778 775
f 779 776 777
f 776 779 778
f 780 779 777
f 779 781 778
f 782 779 780
f 779 782 781
f 783 782 780
f 782 784 781
f 782 783 784
f 785 786 787
f 785 787 788
f 789 785 788
f 788 787 790
f 791 789 788
f 792 788 790
f 791 788 792
f 792 790 793
f 794 791 792
f 795 792 793
f 794 792 795
f 795 793 796
f 797 794 795
f 798 795 796
f 797 795 798
f 798 796 799
f 800 797 798
f 801 798 799
f 800 798 801
f 801 799 802
f 803 800 801
f 804 801 802
f 803 801 804
f 804 802 805
f 806 804 805
f 807 803 804
f 807 804 806
f 806 805 808
f 809 807 806
f 810 806 808
f 811 809 806
f 812 806 810
f 811 806 812
f 813 812 810
f 814 811 812
f 815 812 813
f 815 814 812
f 816 815 813
f 815 816 814
f 816 813 817
f 816 818 814
f 819 816 817
f 816 819 818
f 819 817 820
f 819 821 818
f 822 819 820
f 819 822 821
f 822 820 823
f 822 824 821
f 825 822 823
f 822 825 824
f 825 823 826
f 825 827 824
f 828 825 826
f 825 828 827
f 828 826 829
f 828 830 827
f 831 828 829
f 828 831 830
f 831 829 832
f 830 831 833
f 831 832 833
f 832 834 833
f 834 835 833
f 833 835 836
f 834 837 835
f 835 838 836
f 837 839 835
f 835 839 838
f 837 840 839
f 839 841 838
f 840 842 839
f 839 842 841
f 840 843 842
f 842 844 841
f 843 845 842
f 842 845 844
f 843 846 845
f 845 847 844
f 846 848 845
f 845 848 847
f 846 849 848
f 848 850 847
f 849 851 848
f 848 851 850
f 849 852 851
f 852 853 851
f 851 854 850
f 851 853 854
f 852 855 853
f 853 856 854
f 855 857 853
f 853 858 856
f 857 859 853
f 853 859 858
f 857 860 859
f 859 861 858
f 860 862 859
f 859 862 861
f 860 863 862
f 863 861 862
f 864 863 860
f 863 865 861
f 866 863 864
f 863 866 865
f 867 866 864
f 866 868 865
f 869 866 867
f 866 869 868
f 870 869 867
f 869 871 868
f 872 869 870
f 869 872 871
f 873 872 870
f 872 874 871
f 875 872 873
f 872 875 874
f 876 875 873
f 875 877 874
f 878 875 876
f 875 878 877
f 879 878 876
f 878 880 877
f 878 879 880
f 881 882 883
f 882 884 883
f 882 885 884
f 885 882 886
f 882 887 886
f 886 887 888
f 882 889 887
f 890 889 882
f 890 882 891
f 892 890 891
f 892 891 893
f 894 892 893
f 894 893 895
f 896 894 895
f 887 897 888
f 896 895 898
f 899 896 898
f 900 899 898
f 900 898 901
f 902 900 901
f 902 901 903
f 904 902 903
f 904 903 905
f 906 904 905
f 905 907 906
f 907 908 906
f 907 909 908
f 897 910 888
f 909 907 911
f 907 912 911
f 909 911 913
f 912 914 911
f 912 915 914
f 915 912 916
f 912 917 916
f 918 909 913
f 912 919 917
f 918 913 920
f 919 912 921
f 912 922 921
f 912 923 922
f 923 912 924
f 912 925 924
f 912 926 925
f 926 927 925
f 926 928 927
f 928 926 929
f 926 930 929
f 926 931 930
f 931 926 932
f 926 933 932
f 926 934 933
f 934 926 935
f 926 936 935
f 926 937 936
f 937 938 936
f 937 939 938
f 939 937 940
f 937 941 940
f 937 942 941
f 942 937 943
f 937 944 943
f 937 945 944
f 945 937 946
f 937 920 946
f 947 920 937
f 947 918 920
f 948 947 937
f 949 948 937
f 950 949 937
f 950 937 951
f 952 950 951
f 952 951 953
f 954 952 953
f 955 954 953
f 955 953 956
f 957 955 956
f 957 956 958
f 959 957 958
f 960 959 958
f 960 958 961
f 962 960 961
f 962 961 963
f 962 963 964
f 965 962 964
f 965 964 966
f 967 965 966
f 967 966 968
f 969 967 968
f 969 968 970
f 971 969 970
f 972 971 970
f 972 970 973
f 974 972 973
f 974 973 975
f 976 974 975
f 977 976 975
f 977 975 978
f 979 977 978
f 979 978 980
f 981 979 980
f 982 981 980
f 982 980 983
f 984 982 983
f 983 985 984
f 985 986 984
f 985 987 986
f 987 988 986
f 987 985 989
f 990 987 989
f 989 985 991
f 985 992 991
f 987 990 993
f 985 994 992
f 987 993 995
f 994 985 996
f 997 987 995
f 985 998 996
f 987 997 999
f 987 999 1000
f 1001 987 1000
f 985 1002 998
f 987 1001 988
f 1001 1003 988
f 1003 1004 988
f 1004 1005 988
f 1005 1006 988
f 1006 1007 988
f 1007 1008 988
f 1007 1009 1008
f 1009 1010 1008
f 1008 1010 1011
f 1008 1011 1012
f 1002 985 1013
f 1014 1008 1012
f 1014 1012 1015
f 1016 1014 1015
f 1017 1015 1012
f 1018 1016 1015
f 1015 1017 1019
f 1020 1018 1015
f 1015 1019 1021
f 985 1022 1013
f 985 1023 1022
f 1023 985 1024
f 1013 1022 1025
f 1022 1026 1025
f 1026 1027 1025
f 985 1028 1024
f 1026 1029 1027
f 1029 1030 1027
f 1029 1031 1030
f 985 1032 1028
f 1029 1033 1031
f 1032 985 1034
f 985 1035 1034
f 985 1036 1035
f 1036 985 1037
f 985 1038 1037
f 1038 1039 1037
f 1038 1040 1039
f 1040 1038 1041
f 1038 1042 1041
f 1038 1043 1042
f 1043 1038 1044
f 1038 1045 1044
f 1038 1046 1045
f 1046 1038 1047
f 1038 1048 1047
f 1038 1049 1048
f 1049 1050 1048
f 1049 1051 1050
f 1051 1049 1052
f 1049 1053 1052
f 1049 1054 1053
f 1054 1049 1055
f 1049 1056 1055
f 1049 1057 1056
f 1057 1049 1058
f 1049 1059 1058
f 1049 1033 1059
f 1033 1049 1060
f 1033 1060 1031
f 1049 1021 1060
f 1049 1015 1021
f 1020 1015 1061
f 1062 1020 1061
f 1063 1062 1061
f 1063 1061 1064
f 1065 1063 1064
f 1065 1064 1066
f 1067 1065 1066
f 1067 1066 1068
f 1069 1067 1068
f 1070 1069 1068
f 1070 1068 1071
f 1072 1070 1071
f 1072 1071 1073
f 1074 1072 1073
f 1074 1073 1075
f 1076 1074 1075
f 1075 1077 1076
f 1077 1078 1076
f 1077 1079 1078
f 1079 1077 1080
f 1079 1080 1081
f 1077 1082 1080
f 897 1079 1081
f 1083 897 1081
f 1077 1084 1082
f 1077 1085 1084
f 897 1083 910
f 1083 1086 910
f 1086 1087 910
f 1087 1088 910
f 1087 1089 1088
f 1089 1090 1088
f 1089 1091 1090
f 1091 1092 1090
f 1092 1093 1090
f 1092 1094 1093
f 1094 1095 1093
f 1095 1096 1093
f 1095 1097 1096
f 1097 1098 1096
f 1097 1099 1098
f 1099 1100 1098
f 1099 1101 1100
f 1101 1102 1100
f 1101 1103 1102
f 1103 1104 1102
f 1104 1105 1102
f 1104 1106 1105
f 1106 1107 1105
f 1106 1108 1107
f 1108 1106 1109
f 1110 1108 1109
f 1110 1109 1111
f 1112 1110 1111
f 1113 1108 1110
f 1108 1113 1114
f 1108 1114 1115
f 1112 1111 1116
f 1117 1112 1116
f 1118 1117 1116
f 1118 1116 1119
f 1120 1118 1119
f 1120 1119 1121
f 1122 1120 1121
f 1122 1121 1123
f 1124 1108 1115
f 1125 1122 1123
f 1125 1123 1126
f 1125 1126 1127
f 1128 1125 1127
f 1128 1127 1129
f 1130 1128 1129
f 1130 1129 1131
f 1132 1130 1131
f 1132 1131 1133
f 1134 1132 1133
f 1134 1133 1135
f 1136 1134 1135
f 1136 1135 1137
f 1138 1136 1137
f 1138 1137 1139
f 1140 1138 1139
f 1140 1139 1084
f 1141 1140 1084
f 1085 1141 1084
f 1085 1142 1141
f 1142 1085 1143
f 1143 1085 1144
f 1143 1144 1145
f 1085 1146 1144
f 1146 1085 1147
f 1085 1148 1147
f 1085 1149 1148
f 1150 1143 1145
f 1150 1145 1151
f 1152 1150 1151
f 1152 1151 1153
f 1154 1152 1153
f 1154 1153 1155
f 1156 1154 1155
f 1156 1155 1157
f 1158 1156 1157
f 1149 1085 1159
f 1158 1157 1160
f 1161 1158 1160
f 1162 1161 1160
f 1162 1160 1163
f 1164 1162 1163
f 1164 1163 1165
f 1166 1164 1165
f 1166 1165 1167
f 1168 1166 1167
f 1168 1167 1169
f 1170 1168 1169
f 1170 1169 1171
f 1085 1172 1159
f 1173 1170 1171
f 1085 1174 1172
f 1174 1085 1175
f 1085 1176 1175
f 1085 1177 1176
f 1085 1124 1177
f 1124 1178 1177
f 1124 1179 1178
f 1179 1124 1180
f 1124 1181 1180
f 1124 1182 1181
f 1182 1124 1183
f 1124 1184 1183
f 1124 1185 1184
f 1185 1124 1186
f 1124 1187 1186
f 1124 1173 1187
f 1173 1124 1115
f 1173 1171 1187
f 1188 1189 1190
f 1188 1190 1191
f 1192 1188 1191
f 1191 1190 1193
f 1194 1192 1191
f 1195 1191 1193
f 1194 1191 1195
f 1195 1193 1196
f 1197 1194 1195
f 1198 1195 1196
f 1197 1195 1198
f 1198 1196 1199
f 1200 1197 1198
f 1201 1198 1199
f 1200 1198 1201
f 1201 1199 1202
f 1203 1200 1201
f 1204 1201 1202
f 1203 1201 1204
f 1204 1202 1205
f 1206 1203 1204
f 1207 1204 1205
f 1206 1204 1207
f 1207 1205 1208
f 1209 1207 1208
f 1210 1206 1207
f 1210 1207 1209
f 1209 1208 1211
f 1212 1210 1209
f 1213 1209 1211
f 1214 1212 1209
f 1215 1209 1213
f 1214 1209 1215
f 1216 1215 1213
f 1217 1214 1215
f 1218 1215 1216
f 1218 1217 1215
f 1219 1218 1216
f 1218 1219 1217
f 1219 1216 1220
f 1219 1221 1217
f 1222 1219 1220
f 1219 1222 1221
f 1222 1220 1223
f 1222 1224 1221
f 1225 1222 1223
f 1222 1225 1224
f 1225 1223 1226
f 1225 1227 1224
f 1228 1225 1226
f 1225 1228 1227
f 1228 1226 1229
f 1228 1230 1227
f 1231 1228 1229
f 1228 1231 1230
f 1231 1229 1232
f 1231 1233 1230
f 1234 1231 1232
f 1231 1234 1233
f 1234 1232 1235
f 1234 1236 1233
f 1236 1234 1235
f 1237 1238 1239
f 1238 1237 1240
f 1238 1240 1241
f 1242 1238 1241
f 1243 1241 1240
f 1242 1241 1244
f 1245 1242 1244
f 1246 1241 1243
f 1246 1244 1241
f 1245 1244 1247
f 1248 1245 1247
f 1249 1246 1243
f 1249 1243 1250
f 1246 1251 1244
f 1251 1247 1244
f 1249 1251 1246
f 1248 1247 1252
f 1253 1248 1252
f 1254 1249 1250
f 1254 1250 1255
f 1256 1251 1249
f 1254 1256 1249
f 1257 1247 1251
f 1257 1252 1247
f 1256 1257 1251
f 1253 1252 1258
f 1259 1253 1258
f 1260 1252 1257
f 1260 1258 1252
f 1261 1257 1256
f 1261 1260 1257
f 1262 1256 1254
f 1262 1261 1256
f 1263 1254 1255
f 1263 1262 1254
f 1259 1258 1264
f 1265 1259 1264
f 1266 1258 1260
f 1266 1264 1258
f 1267 1260 1261
f 1267 1266 1260
f 1268 1263 1255
f 1269 1268 1255
f 1270 1262 1263
f 1268 1270 1263
f 1271 1261 1262
f 1271 1267 1261
f 1270 1271 1262
f 1265 1264 1272
f 1273 1265 1272
f 1274 1273 1272
f 1275 1264 1266
f 1275 1272 1264
f 1274 1272 1276
f 1276 1272 1275
f 1277 1274 1276
f 1278 1266 1267
f 1278 1275 1266
f 1279 1267 1271
f 1279 1278 1267
f 1280 1271 1270
f 1280 1279 1271
f 1277 1276 1281
f 1282 1277 1281
f 1283 1276 1275
f 1283 1275 1278
f 1281 1276 1283
f 1284 1278 1279
f 1284 1283 1278
f 1282 1281 1285
f 1286 1282 1285
f 1287 1281 1283
f 1287 1283 1284
f 1285 1281 1287
f 1288 1284 1279
f 1288 1279 1280
f 1289 1280 1270
f 1289 1270 1268
f 1286 1285 1290
f 1291 1286 1290
f 1292 1285 1287
f 1290 1285 1292
f 1293 1287 1284
f 1293 1284 1288
f 1292 1287 1293
f 1294 1288 1280
f 1294 1280 1289
f 1295 1289 1268
f 1295 1268 1269
f 1296 1295 1269
f 1291 1290 1297
f 1298 1291 1297
f 1299 1290 1292
f 1297 1290 1299
f 1300 1292 1293
f 1299 1292 1300
f 1293 1288 1301
f 1300 1293 1301
f 1288 1294 1301
f 1302 1289 1295
f 1302 1294 1289
f 1303 1295 1296
f 1303 1302 1295
f 1298 1297 1304
f 1305 1298 1304
f 1306 1305 1304
f 1301 1294 1307
f 1294 1302 1307
f 1308 1300 1301
f 1308 1301 1307
f 1309 1303 1296
f 1309 1296 1310
f 1303 1311 1302
f 1311 1307 1302
f 1309 1311 1303
f 1312 1309 1310
f 1312 1310 1313
f 1314 1307 1311
f 1314 1308 1307
f 1315 1311 1309
f 1312 1315 1309
f 1315 1314 1311
f 1316 1300 1308
f 1316 1299 1300
f 1317 1308 1314
f 1317 1316 1308
f 1318 1314 1315
f 1318 1317 1314
f 1319 1315 1312
f 1319 1318 1315
f 1320 1312 1313
f 1320 1319 1312
f 1321 1299 1316
f 1321 1297 1299
f 1304 1297 1321
f 1322 1316 1317
f 1322 1321 1316
f 1323 1317 1318
f 1323 1322 1317
f 1324 1320 1313
f 1325 1324 1313
f 1326 1319 1320
f 1324 1326 1320
f 1327 1318 1319
f 1327 1323 1318
f 1326 1327 1319
f 1328 1304 1321
f 1328 1321 1322
f 1329 1324 1325
f 1330 1329 1325
f 1331 1322 1323
f 1331 1328 1322
f 1332 1326 1324
f 1329 1332 1324
f 1333 1327 1326
f 1332 1333 1326
f 1334 1323 1327
f 1334 1331 1323
f 1333 1334 1327
f 1335 1304 1328
f 1335 1306 1304
f 1306 1335 1336
f 1337 1328 1331
f 1337 1335 1328
f 1335 1338 1336
f 1335 1337 1338
f 1336 1338 1339
f 1340 1331 1334
f 1340 1337 1331
f 1341 1334 1333
f 1341 1340 1334
f 1337 1342 1338
f 1337 1340 1342
f 1338 1343 1339
f 1338 1342 1343
f 1339 1343 1344
f 1340 1345 1342
f 1340 1341 1345
f 1346 1341 1333
f 1346 1333 1332
f 1342 1347 1343
f 1342 1345 1347
f 1343 1348 1344
f 1343 1347 1348
f 1344 1348 1349
f 1341 1350 1345
f 1341 1346 1350
f 1351 1346 1332
f 1351 1332 1329
f 1345 1352 1347
f 1345 1350 1352
f 1347 1353 1348
f 1347 1352 1353
f 1348 1354 1349
f 1348 1353 1354
f 1349 1354 1355
f 1346 1356 1350
f 1346 1351 1356
f 1357 1351 1329
f 1357 1329 1330
f 1350 1358 1352
f 1350 1356 1358
f 1352 1359 1353
f 1352 1358 1359
f 1353 1360 1354
f 1353 1359 1360
f 1354 1361 1355
f 1354 1360 1361
f 1355 1361 1362
f 1351 1363 1356
f 1351 1357 1363
f 1364 1357 1330
f 1357 1364 1363
f 1364 1330 1365
f 1356 1366 1358
f 1356 1363 1366
f 1358 1367 1359
f 1358 1366 1367
f 1359 1368 1360
f 1359 1367 1368
f 1360 1369 1361
f 1360 1368 1369
f 1361 1370 1362
f 1361 1369 1370
f 1371 1364 1365
f 1371 1365 1372
f 1363 1364 1373
f 1363 1373 1366
f 1364 1371 1373
f 1366 1374 1367
f 1366 1373 1374
f 1367 1375 1368
f 1367 1374 1375
f 1370 1376 1362
f 1376 1377 1362
f 1368 1378 1369
f 1368 1375 1378
f 1369 1379 1370
f 1370 1379 1376
f 1369 1378 1379
f 1373 1371 1380
f 1373 1380 1374
f 1376 1381 1377
f 1381 1382 1377
f 1374 1383 1375
f 1374 1380 1383
f 1375 1384 1378
f 1375 1383 1384
f 1378 1385 1379
f 1378 1384 1385
f 1376 1379 1386
f 1376 1386 1381
f 1386 1379 1385
f 1371 1387 1380
f 1387 1371 1372
f 1387 1372 1388
f 1380 1389 1383
f 1380 1387 1389
f 1390 1387 1388
f 1387 1390 1389
f 1390 1388 1391
f 1383 1392 1384
f 1383 1389 1392
f 1384 1393 1385
f 1384 1392 1393
f 1386 1385 1394
f 1394 1385 1393
f 1395 1390 1391
f 1395 1391 1396
f 1389 1390 1397
f 1389 1397 1392
f 1390 1395 1397
f 1392 1398 1393
f 1392 1397 1398
f 1399 1395 1396
f 1399 1396 1400
f 1397 1395 1401
f 1397 1401 1398
f 1395 1399 1401
f 1402 1393 1398
f 1394 1393 1402
f 1403 1386 1394
f 1381 1386 1403
f 1404 1399 1400
f 1404 1400 1405
f 1406 1401 1399
f 1406 1399 1404
f 1407 1398 1401
f 1402 1398 1407
f 1407 1401 1406
f 1408 1394 1402
f 1403 1394 1408
f 1381 1403 1409
f 1381 1409 1382
f 1409 1410 1382
f 1409 1411 1410
f 1412 1404 1405
f 1412 1405 1413
f 1414 1402 1407
f 1408 1402 1414
f 1415 1406 1404
f 1415 1404 1412
f 1416 1407 1406
f 1414 1407 1416
f 1416 1406 1415
f 1409 1417 1411
f 1417 1418 1411
f 1417 1419 1418
f 1420 1412 1413
f 1420 1413 1421
f 1420 1421 1422
f 1422 1421 1423
f 1423 1424 1422
f 1425 1415 1412
f 1425 1412 1420
f 1426 1416 1415
f 1426 1415 1425
f 1427 1425 1420
f 1427 1420 1422
f 1417 1428 1419
f 1428 1429 1419
f 1424 1430 1422
f 1424 1431 1430
f 1432 1416 1426
f 1432 1414 1416
f 1433 1426 1425
f 1433 1425 1427
f 1428 1434 1429
f 1434 1435 1429
f 1434 1436 1435
f 1437 1432 1426
f 1437 1426 1433
f 1438 1414 1432
f 1438 1408 1414
f 1434 1439 1436
f 1439 1440 1436
f 1439 1441 1440
f 1442 1432 1437
f 1442 1438 1432
f 1443 1408 1438
f 1443 1403 1408
f 1409 1403 1443
f 1409 1443 1417
f 1444 1443 1438
f 1417 1443 1444
f 1444 1438 1442
f 1417 1444 1428
f 1428 1444 1445
f 1445 1444 1442
f 1428 1445 1434
f 1446 1442 1437
f 1445 1442 1446
f 1434 1445 1447
f 1447 1445 1446
f 1434 1447 1439
f 1446 1437 1448
f 1448 1437 1433
f 1447 1446 1449
f 1449 1446 1448
f 1439 1447 1450
f 1450 1447 1449
f 1448 1433 1451
f 1451 1433 1427
f 1449 1448 1452
f 1452 1448 1451
f 1451 1427 1453
f 1427 1422 1453
f 1439 1450 1454
f 1439 1454 1441
f 1454 1455 1441
f 1450 1449 1456
f 1456 1449 1452
f 1452 1451 1457
f 1451 1453 1457
f 1458 1453 1422
f 1430 1458 1422
f 1454 1459 1455
f 1459 1460 1455
f 1460 1459 1461
f 1450 1462 1454
f 1462 1450 1456
f 1454 1462 1459
f 1456 1452 1463
f 1452 1457 1463
f 1464 1457 1453
f 1458 1464 1453
f 1458 1430 1465
f 1431 1465 1430
f 1462 1456 1466
f 1456 1463 1466
f 1459 1462 1467
f 1462 1466 1467
f 1468 1463 1457
f 1464 1468 1457
f 1464 1458 1469
f 1458 1465 1469
f 1431 1470 1465
f 1470 1469 1465
f 1471 1470 1431
f 1472 1466 1463
f 1468 1472 1463
f 1468 1464 1473
f 1464 1469 1473
f 1474 1470 1471
f 1475 1474 1471
f 1470 1476 1469
f 1476 1473 1469
f 1474 1476 1470
f 1468 1473 1477
f 1472 1468 1477
f 1472 1478 1466
f 1478 1467 1466
f 1476 1479 1473
f 1479 1477 1473
f 1472 1477 1480
f 1478 1472 1480
f 1476 1474 1481
f 1479 1476 1481
f 1479 1482 1477
f 1482 1480 1477
f 1479 1481 1483
f 1482 1479 1483
f 1478 1484 1467
f 1478 1480 1485
f 1484 1478 1485
f 1482 1486 1480
f 1486 1485 1480
f 1487 1482 1483
f 1487 1486 1482
f 1484 1488 1467
f 1459 1467 1488
f 1459 1488 1461
f 1484 1461 1488
f 1461 1484 1489
f 1484 1490 1489
f 1484 1485 1490
f 1489 1490 1491
f 1486 1492 1485
f 1492 1490 1485
f 1493 1491 1490
f 1492 1493 1490
f 1493 1494 1491
f 1495 1492 1486
f 1495 1486 1487
f 1493 1496 1494
f 1496 1497 1494
f 1498 1493 1492
f 1493 1498 1496
f 1498 1492 1495
f 1496 1499 1497
f 1498 1499 1496
f 1499 1500 1497
f 1501 1498 1495
f 1498 1501 1499
f 1499 1502 1500
f 1501 1502 1499
f 1502 1503 1500
f 1504 1495 1487
f 1501 1495 1504
f 1502 1505 1503
f 1505 1506 1503
f 1505 1507 1506
f 1501 1508 1502
f 1508 1501 1504
f 1504 1487 1509
f 1509 1487 1483
f 1505 1510 1507
f 1510 1511 1507
f 1502 1512 1505
f 1508 1512 1502
f 1508 1504 1513
f 1513 1504 1509
f 1509 1483 1514
f 1514 1483 1481
f 1510 1515 1511
f 1515 1516 1511
f 1505 1517 1510
f 1512 1517 1505
f 1508 1518 1512
f 1518 1508 1513
f 1513 1509 1519
f 1519 1509 1514
f 1520 1514 1481
f 1520 1481 1474
f 1515 1521 1516
f 1521 1522 1516
f 1512 1523 1517
f 1518 1523 1512
f 1518 1513 1524
f 1524 1513 1519
f 1519 1514 1525
f 1514 1520 1525
f 1526 1520 1474
f 1526 1474 1475
f 1520 1526 1527
f 1520 1527 1525
f 1528 1526 1475
f 1526 1528 1527
f 1528 1475 1529
f 1530 1528 1529
f 1530 1527 1528
f 1530 1529 1531
f 1532 1519 1525
f 1524 1519 1532
f 1533 1525 1527
f 1530 1533 1527
f 1532 1525 1533
f 1534 1530 1531
f 1534 1533 1530
f 1535 1532 1533
f 1535 1533 1534
f 1536 1534 1531
f 1536 1535 1534
f 1537 1536 1531
f 1538 1524 1532
f 1538 1532 1535
f 1539 1536 1537
f 1540 1539 1537
f 1541 1535 1536
f 1541 1538 1535
f 1539 1541 1536
f 1542 1524 1538
f 1542 1518 1524
f 1518 1542 1523
f 1543 1538 1541
f 1543 1542 1538
f 1544 1541 1539
f 1544 1543 1541
f 1545 1539 1540
f 1545 1544 1539
f 1542 1546 1523
f 1542 1543 1546
f 1547 1545 1540
f 1547 1540 1548
f 1543 1544 1549
f 1543 1549 1546
f 1544 1545 1550
f 1545 1547 1550
f 1544 1550 1549
f 1523 1546 1551
f 1523 1551 1517
f 1552 1547 1548
f 1552 1548 1553
f 1550 1547 1554
f 1547 1552 1554
f 1546 1549 1555
f 1546 1555 1551
f 1549 1550 1556
f 1550 1554 1556
f 1549 1556 1555
f 1517 1551 1557
f 1517 1557 1510
f 1515 1510 1557
f 1551 1555 1558
f 1551 1558 1557
f 1559 1515 1557
f 1559 1557 1558
f 1521 1515 1559
f 1555 1556 1560
f 1555 1560 1558
f 1556 1554 1561
f 1556 1561 1560
f 1562 1559 1558
f 1562 1558 1560
f 1563 1521 1559
f 1563 1559 1562
f 1564 1562 1560
f 1564 1560 1561
f 1554 1565 1561
f 1554 1552 1565
f 1566 1521 1563
f 1521 1566 1522
f 1566 1567 1522
f 1568 1563 1562
f 1568 1562 1564
f 1569 1564 1561
f 1569 1561 1565
f 1552 1570 1565
f 1570 1552 1553
f 1566 1571 1567
f 1571 1572 1567
f 1573 1566 1563
f 1573 1563 1568
f 1571 1566 1573
f 1574 1568 1564
f 1574 1564 1569
f 1575 1565 1570
f 1575 1569 1565
f 1576 1570 1553
f 1576 1575 1570
f 1577 1576 1553
f 1571 1578 1572
f 1578 1579 1572
f 1580 1571 1573
f 1578 1571 1580
f 1581 1573 1568
f 1580 1573 1581
f 1581 1568 1574
f 1582 1569 1575
f 1582 1574 1569
f 1583 1576 1577
f 1584 1583 1577
f 1585 1575 1576
f 1585 1582 1575
f 1583 1585 1576
f 1586 1581 1574
f 1586 1574 1582
f 1587 1580 1581
f 1587 1581 1586
f 1588 1583 1584
f 1589 1588 1584
f 1590 1585 1583
f 1588 1590 1583
f 1591 1582 1585
f 1591 1586 1582
f 1590 1591 1585
f 1592 1588 1589
f 1593 1592 1589
f 1594 1586 1591
f 1594 1587 1586
f 1595 1580 1587
f 1595 1578 1580
f 1596 1590 1588
f 1592 1596 1588
f 1597 1591 1590
f 1597 1594 1591
f 1596 1597 1590
f 1598 1592 1593
f 1599 1598 1593
f 1600 1587 1594
f 1600 1595 1587
f 1601 1578 1595
f 1578 1601 1579
f 1602 1596 1592
f 1598 1602 1592
f 1603 1597 1596
f 1602 1603 1596
f 1604 1594 1597
f 1604 1600 1594
f 1603 1604 1597
f 1605 1598 1599
f 1606 1605 1599
f 1607 1595 1600
f 1607 1601 1595
f 1601 1608 1579
f 1601 1607 1608
f 1609 1579 1608
f 1610 1600 1604
f 1610 1607 1600
f 1611 1604 1603
f 1611 1610 1604
f 1609 1608 1612
f 1613 1609 1612
f 1607 1614 1608
f 1607 1610 1614
f 1608 1614 1612
f 1613 1612 1615
f 1616 1613 1615
f 1617 1616 1615
f 1610 1618 1614
f 1610 1611 1618
f 1614 1619 1612
f 1612 1619 1615
f 1614 1618 1619
f 1620 1611 1603
f 1620 1603 1602
f 1617 1615 1621
f 1622 1617 1621
f 1623 1622 1621
f 1611 1624 1618
f 1611 1620 1624
f 1618 1625 1619
f 1618 1624 1625
f 1619 1626 1615
f 1615 1626 1621
f 1619 1625 1626
f 1627 1620 1602
f 1627 1602 1598
f 1605 1627 1598
f 1623 1621 1628
f 1629 1623 1628
f 1620 1630 1624
f 1620 1627 1630
f 1624 1631 1625
f 1624 1630 1631
f 1625 1632 1626
f 1625 1631 1632
f 1626 1633 1621
f 1621 1633 1628
f 1626 1632 1633
f 1627 1605 1634
f 1627 1634 1630
f 1629 1628 1635
f 1636 1629 1635
f 1637 1636 1635
f 1630 1638 1631
f 1630 1634 1638
f 1631 1639 1632
f 1631 1638 1639
f 1632 1640 1633
f 1632 1639 1640
f 1633 1641 1628
f 1628 1641 1635
f 1633 1640 1641
f 1605 1642 1634
f 1605 1606 1642
f 1606 1643 1642
f 1634 1644 1638
f 1634 1642 1644
f 1643 1645 1642
f 1642 1645 1644
f 1643 1646 1645
f 1638 1647 1639
f 1638 1644 1647
f 1639 1648 1640
f 1639 1647 1648
f 1640 1649 1641
f 1640 1648 1649
f 1646 1650 1645
f 1646 1651 1650
f 1651 1652 1650
f 1644 1645 1653
f 1644 1653 1647
f 1645 1650 1653
f 1652 1654 1650
f 1653 1650 1654
f 1652 1655 1654
f 1647 1653 1656
f 1647 1656 1648
f 1653 1654 1656
f 1655 1657 1654
f 1656 1654 1657
f 1655 1658 1657
f 1648 1656 1659
f 1656 1657 1659
f 1648 1659 1649
f 1658 1660 1657
f 1659 1657 1660
f 1658 1661 1660
f 1649 1659 1662
f 1659 1660 1662
f 1661 1663 1660
f 1662 1660 1663
f 1661 1664 1663
f 1649 1662 1665
f 1641 1649 1665
f 1641 1665 1635
f 1664 1666 1663
f 1664 1667 1666
f 1662 1663 1668
f 1665 1662 1668
f 1668 1663 1666
f 1635 1665 1669
f 1665 1668 1669
f 1637 1635 1669
f 1670 1637 1669
f 1671 1670 1669
f 1669 1668 1672
f 1671 1669 1672
f 1668 1666 1672
f 1673 1671 1672
f 1667 1674 1666
f 1674 1672 1666
f 1673 1672 1674
f 1667 1675 1674
f 1676 1673 1674
f 1675 1677 1674
f 1677 1676 1674
f 1678 1679 1680
f 1681 1678 1680
f 1682 1678 1681
f 1682 1683 1678
f 1683 1684 1678
f 1684 1685 1678
f 1685 1686 1678
f 1686 1687 1678
f 1687 1688 1678
f 1688 1689 1678
f 1678 1689 1690
f 1678 1690 1691
f 1692 1678 1691
f 1693 1692 1691
f 1692 1693 1694
f 1692 1694 1695
f 1696 1692 1695
f 1692 1696 1697
f 1692 1697 1698
f 1699 1692 1698
f 1692 1699 1700
f 1692 1700 1701
f 1702 1692 1701
f 1701 1703 1702
f 1703 1704 1702
f 1703 1705 1704
f 1705 1706 1704
f 1706 1707 1704
f 1706 1708 1707
f 1708 1709 1707
f 1709 1710 1707
f 1710 1711 1707
f 1711 1712 1707
f 1712 1713 1707
f 1713 1714 1707
f 1714 1715 1707
f 1715 1716 1707
f 1704 1707 1681
f 1716 1717 1707
f 1717 1681 1707
f 1717 1682 1681
f 1718 1719 1720
f 1721 1718 1720
f 1718 1721 1722
f 1721 1720 1723
f 1721 1724 1722
f 1725 1721 1723
f 1721 1725 1724
f 1725 1723 1726
f 1725 1727 1724
f 1728 1725 1726
f 1725 1728 1727
f 1728 1726 1729
f 1728 1730 1727
f 1731 1728 1729
f 1728 1731 1730
f 1731 1732 1730
f 1731 1729 1733
f 1731 1734 1732
f 1735 1731 1733
f 1731 1735 1734
f 1735 1733 1736
f 1735 1737 1734
f 1735 1736 1738
f 1735 1739 1737
f 1739 1735 1738
f 1739 1740 1737
f 1739 1738 1741
f 1739 1742 1740
f 1742 1739 1741
f 1742 1743 1740
f 1742 1741 1744
f 1742 1745 1743
f 1745 1742 1744
f 1745 1744 1746
f 1745 1747 1743
f 1745 1746 1748
f 1747 1745 1748
f 1749 1748 1746
f 1747 1748 1750
f 1750 1748 1749
f 1751 1747 1750
f 1752 1750 1749
f 1753 1751 1750
f 1753 1750 1752
f 1753 1754 1751
f 1754 1753 1752
f 1754 1755 1751
f 1754 1752 1756
f 1754 1757 1755
f 1757 1754 1756
f 1757 1756 1758
f 1757 1759 1755
f 1760 1757 1758
f 1757 1760 1759
f 1760 1758 1761
f 1760 1762 1759
f 1762 1760 1761
f 1759 1762 1763
f 1762 1761 1764
f 1762 1765 1763
f 1765 1762 1764
f 1763 1765 1766
f 1765 1764 1767
f 1766 1765 1767
f 1767 1764 1768
f 1766 1767 1769
f 1769 1767 1768
f 1770 1766 1769
f 1770 1769 1771
f 1769 1768 1772
f 1771 1769 1772
f 1773 1770 1771
f 1771 1772 1774
f 1775 1773 1771
f 1771 1774 1776
f 1775 1771 1777
f 1777 1771 1776
f 1778 1775 1777
f 1777 1776 1779
f 1778 1777 1780
f 1780 1777 1779
f 1780 1779 1781
f 1782 1778 1780
f 1783 1780 1781
f 1782 1780 1784
f 1784 1780 1783
f 1785 1782 1784
f 1786 1784 1783
f 1785 1784 1787
f 1787 1784 1786
f 1788 1785 1787
f 1789 1787 1786
f 1788 1787 1790
f 1790 1787 1789
f 1791 1788 1790
f 1792 1790 1789
f 1791 1790 1793
f 1793 1790 1792
f 1794 1791 1793
f 1795 1793 1792
f 1796 1794 1793
f 1796 1793 1795
f 1796 1797 1794
f 1797 1796 1795
f 1797 1798 1794
f 1797 1795 1799
f 1797 1800 1798
f 1800 1797 1799
f 1800 1801 1798
f 1800 1799 1802
f 1800 1803 1801
f 1803 1800 1802
f 1803 1804 1801
f 1803 1802 1805
f 1803 1806 1804
f 1806 1803 1805
f 1806 1807 1804
f 1806 1805 1808
f 1807 1806 1809
f 1806 1808 1809
f 1810 1811 1812
f 1813 1810 1812
f 1813 1812 1814
f 1810 1813 1815
f 1815 1813 1814
f 1816 1817 1818
f 1819 1816 1818
f 1819 1818 1820
f 1816 1821 1817
f 1819 1820 1822
f 1816 1823 1821
f 1823 1824 1821
f 1825 1819 1822
f 1825 1822 1826
f 1827 1825 1826
f 1827 1826 1828
f 1827 1828 1829
f 1823 1830 1824
f 1824 1830 1831
f 1832 1827 1829
f 1832 1829 1833
f 1834 1832 1833
f 1834 1833 1835
f 1836 1834 1835
f 1836 1835 1837
f 1830 1823 1838
f 1823 1839 1838
f 1830 1838 1840
f 1830 1840 1831
f 1823 1816 1839
f 1816 1841 1839
f 1816 1842 1841
f 1816 1819 1842
f 1819 1843 1842
f 1819 1844 1843
f 1819 1825 1844
f 1825 1845 1844
f 1825 1827 1845
f 1827 1846 1845
f 1827 1847 1846
f 1827 1832 1847
f 1832 1848 1847
f 1832 1834 1848
f 1834 1849 1848
f 1834 1836 1849
f 1836 1850 1849
f 1836 1851 1850
f 1851 1836 1837
f 1851 1852 1850
f 1851 1837 1852
f 1850 1852 1853
f 1837 1854 1852
f 1852 1855 1853
f 1854 1855 1852
f 1856 1853 1855
f 1854 1856 1855
f 1856 1857 1853
f 1856 1854 1858
f 1856 1859 1857
f 1859 1856 1858
f 1859 1860 1857
f 1859 1858 1861
f 1859 1862 1860
f 1862 1859 1861
f 1862 1863 1860
f 1862 1861 1864
f 1862 1865 1863
f 1865 1862 1864
f 1865 1866 1863
f 1865 1867 1866
f 1865 1864 1868
f 1867 1865 1868
f 1867 1869 1866
f 1867 1868 1870
f 1867 1871 1869
f 1867 1870 1872
f 1867 1873 1871
f 1873 1867 1872
f 1873 1874 1871
f 1873 1872 1875
f 1873 1876 1874
f 1876 1873 1875
f 1876 1877 1874
f 1876 1875 1878
f 1876 1879 1877
f 1879 1876 1878
f 1879 1880 1877
f 1879 1878 1881
f 1879 1882 1880
f 1882 1879 1881
f 1882 1883 1880
f 1882 1881 1884
f 1882 1885 1883
f 1885 1882 1884
f 1885 1886 1883
f 1885 1884 1886
f 1887 1883 1886
f 1884 1888 1886
f 1888 1887 1886
f 1889 1831 1840
f 1890 1889 1840
f 1889 1891 1831
f 1889 1890 1892
f 1891 1889 1892
f 1893 1892 1890
f 1891 1892 1893
f 1893 1890 1894
f 1895 1891 1893
f 1896 1893 1894
f 1893 1896 1895
f 1896 1894 1897
f 1896 1898 1895
f 1899 1896 1897
f 1896 1899 1898
f 1899 1897 1900
f 1899 1901 1898
f 1902 1899 1900
f 1899 1902 1901
f 1902 1900 1903
f 1904 1902 1903
f 1902 1905 1901
f 1902 1904 1905
f 1904 1903 1906
f 1904 1907 1905
f 1904 1906 1908
f 1904 1909 1907
f 1910 1904 1908
f 1904 1910 1909
f 1910 1908 1911
f 1910 1912 1909
f 1913 1910 1911
f 1910 1913 1912
f 1913 1911 1914
f 1913 1915 1912
f 1916 1913 1914
f 1913 1916 1915
f 1916 1914 1917
f 1916 1918 1915
f 1919 1916 1917
f 1916 1919 1918
f 1919 1917 1920
f 1919 1921 1918
f 1922 1919 1920
f 1919 1922 1921
f 1922 1920 1923
f 1922 1923 1921
f 1920 1924 1923
f 1921 1923 1925
f 1924 1926 1923
f 1923 1926 1925
f 1924 1927 1926
f 1927 1925 1926
f 1927 1924 1928
f 1927 1929 1925
f 1930 1927 1928
f 1927 1930 1929
f 1930 1928 1931
f 1930 1932 1929
f 1933 1930 1931
f 1930 1933 1932
f 1933 1931 1934
f 1935 1933 1934
f 1933 1936 1932
f 1933 1935 1936
f 1935 1934 1937
f 1935 1938 1936
f 1935 1937 1939
f 1935 1940 1938
f 1941 1935 1939
f 1935 1941 1940
f 1941 1939 1942
f 1943 1941 1942
f 1941 1944 1940
f 1941 1943 1944
f 1943 1942 1945
f 1943 1946 1944
f 1943 1945 1947
f 1948 1943 1947
f 1943 1949 1946
f 1943 1948 1949
f 1948 1947 1950
f 1948 1951 1949
f 1952 1948 1950
f 1948 1953 1951
f 1954 1948 1952
f 1948 1954 1953
f 1955 1954 1952
f 1954 1956 1953
f 1957 1954 1955
f 1954 1957 1956
f 1958 1957 1955
f 1957 1959 1956
f 1957 1958 1959
f 1960 1961 1962
f 1960 1962 1963
f 1961 1960 1964
f 1964 1960 1963
f 1965 1966 1967
f 1965 1967 1968
f 1966 1965 1969
f 1969 1965 1968
f 1970 1971 1972
f 1970 1972 1973
f 1971 1970 1974
f 1974 1970 1973
f 1975 1976 1977
f 1975 1977 1978
f 1976 1975 1979
f 1979 1975 1978
f 1980 1981 1982
f 1981 1980 1983
f 1981 1984 1982
f 1981 1983 1985
f 1981 1986 1984
f 1986 1981 1985
f 1986 1987 1984
f 1986 1985 1988
f 1986 1989 1987
f 1989 1986 1988
f 1989 1990 1987
f 1989 1988 1991
f 1989 1992 1990
f 1992 1989 1991
f 1992 1993 1990
f 1992 1991 1994
f 1992 1995 1993
f 1995 1992 1994
f 1995 1996 1993
f 1995 1994 1997
f 1995 1998 1996
f 1998 1995 1997
f 1998 1999 1996
f 1998 1997 2000
f 1998 2001 1999
f 2001 1998 2000
f 2001 2002 1999
f 2001 2000 2003
f 2002 2001 2004
f 2001 2003 2004
f 2005 2006 2007
f 2005 2007 2008
f 2006 2005 2009
f 2009 2005 2008
f 2010 2011 2012
f 2011 2010 2013
f 2010 2012 2014
f 2010 2015 2013
f 2016 2010 2014
f 2010 2016 2015
f 2016 2014 2017
f 2016 2018 2015
f 2019 2016 2017
f 2016 2019 2018
f 2019 2017 2020
f 2019 2021 2018
f 2022 2019 2020
f 2019 2022 2021
f 2022 2020 2023
f 2022 2024 2021
f 2025 2022 2023
f 2022 2025 2024
f 2025 2023 2026
f 2025 2027 2024
f 2028 2025 2026
f 2025 2028 2027
f 2028 2026 2029
f 2028 2030 2027
f 2031 2028 2029
f 2028 2031 2030
f 2031 2029 2032
f 2031 2033 2030
f 2031 2032 2034
f 2033 2031 2034
f 2035 2036 2037
f 2035 2037 2038
f 2036 2035 2039
f 2039 2035 2038
f 2040 2041 2042
f 2041 2040 2043
f 2041 2044 2042
f 2041 2043 2045
f 2044 2041 2045
f 2046 2047 2048
f 2047 2046 2049
f 2047 2050 2048
f 2047 2049 2051
f 2050 2047 2051
f 2052 2053 2054
f 2053 2052 2055
f 2053 2056 2054
f 2053 2055 2057
f 2053 2058 2056
f 2058 2053 2057
f 2058 2059 2056
f 2058 2057 2060
f 2058 2061 2059
f 2061 2058 2060
f 2061 2062 2059
f 2061 2060 2063
f 2061 2064 2062
f 2064 2061 2063
f 2065 2066 2067
f 2068 2065 2067
f 2065 2069 2066
f 2069 2065 2068
f 2070 2071 2072
f 2071 2070 2073
f 2070 2072 2074
f 2070 2075 2073
f 2076 2070 2074
f 2070 2076 2075
f 2076 2074 2077
f 2076 2078 2075
f 2079 2076 2077
f 2076 2079 2078
f 2079 2077 2080
f 2079 2081 2078
f 2082 2079 2080
f 2079 2082 2081
f 2082 2080 2083
f 2082 2084 2081
f 2085 2082 2083
f 2082 2085 2084
f 2085 2083 2086
f 2085 2087 2084
f 2088 2085 2086
f 2085 2088 2087
f 2088 2086 2089
f 2088 2090 2087
f 2091 2088 2089
f 2088 2091 2090
f 2091 2089 2092
f 2091 2093 2090
f 2094 2091 2092
f 2091 2094 2093
f 2095 2096 2097
f 2098 2095 2097
f 2095 2099 2096
f 2099 2095 2098
f 2100 2101 2102
f 2103 2100 2102
f 2100 2104 2101
f 2104 2100 2103
f 2105 2106 2107
f 2108 2105 2107
f 2105 2109 2106
f 2109 2105 2108
f 2110 2111 2112
f 2110 2112 2113
f 2111 2110 2114
f 2114 2110 2113
f 2115 2116 2117
f 2115 2117 2118
f 2116 2115 2119
f 2119 2115 2118
f 2120 2121 2122
f 2120 2123 2121
f 2123 2120 2124
f 2120 2125 2124
f 2120 2126 2125
f 2126 2120 2127
f 2128 2120 2122
f 2120 2129 2127
f 2130 2120 2128
f 2131 2130 2128
f 2130 2131 2132
f 2130 2132 2133
f 2134 2130 2133
f 2130 2134 2135
f 2130 2135 2136
f 2137 2130 2136
f 2130 2137 2138
f 2130 2138 2139
f 2140 2130 2139
f 2140 2139 2141
f 2140 2141 2142
f 2143 2140 2142
f 2140 2143 2144
f 2140 2144 2145
f 2140 2145 2146
f 2143 2147 2144
f 2148 2140 2146
f 2148 2146 2149
f 2148 2149 2150
f 2151 2148 2150
f 2150 2152 2151
f 2152 2153 2151
f 2152 2154 2153
f 2143 2155 2147
f 2155 2156 2147
f 2156 2157 2147
f 2154 2158 2153
f 2154 2159 2158
f 2159 2160 2158
f 2160 2161 2158
f 2157 2162 2147
f 2157 2163 2162
f 2163 2164 2162
f 2164 2165 2162
f 2165 2166 2162
f 2160 2167 2161
f 2167 2168 2161
f 2167 2169 2168
f 2167 2170 2169
f 2166 2171 2162
f 2170 195 2169
f 2170 2172 195
f 2172 2173 195
f 2171 2174 2162
f 195 2173 188
f 2174 2175 2162
f 2173 2176 188
f 2176 2177 188
f 2177 2178 188
f 2178 2179 188
f 2178 2180 2179
f 2180 2181 2179
f 2180 2182 2181
f 2182 2183 2181
f 2182 2184 2183
f 2175 2185 2162
f 2162 2185 2129
f 2184 2186 2183
f 2184 2187 2186
f 2187 2188 2186
f 2188 2189 2186
f 2162 2129 2120
f 2188 2190 2189
f 2190 2191 2189
f 2190 2192 2191
f 2190 2193 2192
f 2193 2194 2192
f 2193 2195 2194
f 2195 2196 2194
f 2195 2197 2196
f 2195 2198 2197
f 2198 2199 2197
f 2198 2200 2199
f 2200 2201 2199
f 2200 2202 2201
f 2202 2203 2201
f 2203 2204 2201
f 2203 2205 2204
f 2205 2206 2204
f 2205 2207 2206
f 2207 2208 2206
f 2207 2209 2208
f 2209 2210 2208
f 2210 2211 2208
f 2210 2212 2211
f 2212 2213 2211
f 2212 2214 2213
f 2214 2215 2213
f 2214 2216 2215
f 2214 2217 2216
f 2217 2218 2216
f 2217 2219 2218
f 2217 2220 2219
f 2220 2221 2219
f 2220 2222 2221
f 2220 2223 2222
f 2223 2224 2222
f 2223 2225 2224
f 2225 2226 2224
f 2225 2227 2226
f 2227 2228 2226
f 2227 2229 2228
f 2229 2230 2228
f 2229 2231 2230
f 2231 2232 2230
f 2231 2233 2232
f 2233 2234 2232
f 2234 2235 2232
f 2234 2236 2235
f 2236 2237 2235
f 2236 2238 2237
f 2238 2239 2237
f 2238 2240 2239
f 2240 2120 2239
f 2240 2162 2120
f 2120 2241 2242
f 2243 2120 2242
f 2243 2242 2244
f 2245 2243 2244
f 2243 2245 2246
f 2243 2246 2247
f 2120 2130 2241
f 2130 2248 2241
f 2130 2249 2248
f 2249 2130 2250
f 2130 2251 2250
f 2252 2243 2247
f 2130 2253 2251
f 2243 2252 2254
f 2253 2130 2255
f 2243 2254 2256
f 2130 2257 2255
f 2258 2243 2256
f 2243 2258 2259
f 2243 2259 2260
f 2130 2261 2257
f 2261 2130 2262
f 2130 2263 2262
f 2264 2243 2260
f 2130 2264 2263
f 2264 2260 2265
f 2264 2266 2263
f 2264 2265 2267
f 2264 2268 2266
f 2269 2264 2267
f 2268 2264 2270
f 2264 2269 2271
f 2264 2272 2270
f 2264 2271 2273
f 2264 2274 2272
f 2274 2264 2273
f 2275 2276 2277
f 2278 2275 2277
f 2275 2279 2276
f 2279 2275 2278
f 2280 2281 2282
f 2283 2280 2282
f 2280 2284 2281
f 2284 2280 2283
