# ROS coordinates: X forward, Y left, Z up; units are metres.
o mesh
v 0.000161351141 -0.138923049 0.0005
v 0.000161351141 -0.138923049 0.00500000035
v 0.000264737027 -0.139425159 0.00500000035
v 0.0002871687 -0.139497355 0.00250000018
v 0.0002641147 -0.139423043 0
v 0.000463847537 -0.1399258 0.00500000035
v 0.00042766158 -0.139851779 0
v 0.000538868 -0.140064836 0.00250000018
v 0.000760842231 -0.140397891 0.00500000035
v 0.000664898253 -0.140265584 0
v 0.000916453544 -0.140584469 0.00250000018
v 0.00114758126 -0.140813529 0.00500000035
v 0.000973645831 -0.140645921 0
v 0.00140215782 -0.141016215 0.00250000018
v 0.00134556624 -0.140974954 0
v 0.00160569919 -0.141148865 0.00500000035
v 0.00176667213 -0.141238153 0
v 0.00196248246 -0.141330257 0.00250000018
v 0.00210936274 -0.141388446 0.00500000035
v 0.00221901387 -0.1414262 0
v 0.00255556125 -0.141513675 0.00250000018
v 0.00262989872 -0.141527489 0.00500000035
v 0.00314065674 -0.1415713 0.00250000018
v 0.00268314057 -0.141536191 0
v 0.00314065674 -0.1415713 0.00500000035
v 0.00314065674 -0.1415713 0
v 0.0036514143 -0.141527489 0.00500000035
v 0.00359817222 -0.141536191 0
v 0.0037257513 -0.141513675 0.00250000018
v 0.004062299 -0.1414262 0
v 0.00417195 -0.141388446 0.00500000035
v 0.00417195 -0.141388446 0.00250000018
v 0.004514641 -0.141238153 0
v 0.00460578827 -0.141189188 0.00250000018
v 0.00467561372 -0.141148865 0.00500000035
v 0.00493574655 -0.140974954 0
v 0.00500909938 -0.140918389 0.00250000018
v 0.00513373176 -0.140813529 0.00500000035
v 0.005307667 -0.140645921 0
v 0.00536485948 -0.140584469 0.00250000018
v 0.00552047044 -0.140397891 0.00500000035
v 0.005616415 -0.140265584 0
v 0.005659466 -0.140200883 0.00250000018
v 0.00581746548 -0.1399258 0.00500000035
v 0.00585365156 -0.139851779 0
v 0.005884429 -0.139784425 0.00250000018
v 0.006016576 -0.139425159 0.00500000035
v 0.00601719832 -0.139423043 0
v 0.00603704 -0.139352933 0.00250000018
v 0.00611996232 -0.138923049 0.00500000035
v 0.00611996232 -0.138923049 0.0005
v -0.00467476 -0.139423043 0
v 0.0002641147 -0.139423043 0
v 0.00042766158 -0.139851779 0
v 0.000664898253 -0.140265584 0
v 0.000973645831 -0.140645921 0
v 0.00134556624 -0.140974954 0
v 0.00176667213 -0.141238153 0
v -0.0315075777 -0.148423061 0
v 0.00732569862 -0.14508979 0
v 0.00758952834 -0.145304084 0
v 0.007885069 -0.145457208 0
v 0.00221901387 -0.1414262 0
v 0.00711138174 -0.14482595 0
v 0.006958274 -0.1445304 0
v 0.00268314057 -0.141536191 0
v 0.00686997036 -0.1442233 0
v 0.008192185 -0.145545512 0
v 0.00314065674 -0.1415713 0
v 0.00684242463 -0.143923044 0
v 0.00686997036 -0.143622816 0
v 0.00359817222 -0.141536191 0
v 0.006958274 -0.1433157 0
v 0.004062299 -0.1414262 0
v 0.00711138174 -0.143020168 0
v 0.00732569862 -0.142756328 0
v 0.004514641 -0.141238153 0
v 0.00758952834 -0.142542 0
v 0.00493574655 -0.140974954 0
v 0.007885069 -0.14238891 0
v 0.005307667 -0.140645921 0
v 0.008192185 -0.1423006 0
v 0.005616415 -0.140265584 0
v 0.008492424 -0.142273054 0
v 0.00585365156 -0.139851779 0
v 0.008792664 -0.1423006 0
v 0.00601719832 -0.139423043 0
v 0.009099781 -0.14238891 0
v 0.0178850684 -0.14238891 0
v 0.009395321 -0.142542 0
v 0.0175895281 -0.142542 0
v 0.018192187 -0.1423006 0
v 0.0184924249 -0.142273054 0
v 0.0187926628 -0.1423006 0
v 0.009659151 -0.142756328 0
v 0.0173257 -0.142756328 0
v 0.0171113815 -0.143020168 0
v 0.0098734675 -0.143020168 0
v 0.0169582739 -0.1433157 0
v 0.010026576 -0.1433157 0
v 0.0168699715 -0.143622816 0
v 0.0101148793 -0.143622816 0
v 0.0429924242 -0.139423043 0
v 0.0168424249 -0.143923044 0
v 0.0101424241 -0.143923044 0
v 0.0101148793 -0.1442233 0
v 0.0168699715 -0.1442233 0
v 0.010026576 -0.1445304 0
v 0.0169582739 -0.1445304 0
v 0.0098734675 -0.14482595 0
v 0.0171113815 -0.14482595 0
v 0.009659151 -0.14508979 0
v 0.0173257 -0.14508979 0
v 0.009395321 -0.145304084 0
v 0.0175895281 -0.145304084 0
v 0.009099781 -0.145457208 0
v 0.0178850684 -0.145457208 0
v 0.008792664 -0.145545512 0
v 0.018192187 -0.145545512 0
v 0.008492424 -0.14557305 0
v 0.0184924249 -0.14557305 0
v 0.0429924242 -0.148423061 0
v 0.0187926628 -0.145545512 0
v 0.0190997813 -0.145457208 0
v 0.03788507 -0.145457208 0
v 0.0381921865 -0.145545512 0
v 0.0384924263 -0.14557305 0
v 0.038792666 -0.145545512 0
v 0.0390997827 -0.145457208 0
v 0.0375895277 -0.145304084 0
v 0.0193953216 -0.145304084 0
v 0.0373257 -0.14508979 0
v 0.01965915 -0.14508979 0
v 0.0371113829 -0.14482595 0
v 0.0198734663 -0.14482595 0
v 0.0369582735 -0.1445304 0
v 0.0200265758 -0.1445304 0
v 0.0368699729 -0.1442233 0
v 0.0201148763 -0.1442233 0
v 0.03939532 -0.145304084 0
v 0.03684243 -0.143923044 0
v 0.0201424249 -0.143923044 0
v 0.0201148763 -0.143622816 0
v 0.0368699729 -0.143622816 0
v 0.0200265758 -0.1433157 0
v 0.0369582735 -0.1433157 0
v 0.0198734663 -0.143020168 0
v 0.0371113829 -0.143020168 0
v 0.01965915 -0.142756328 0
v 0.0373257 -0.142756328 0
v 0.0193953216 -0.142542 0
v 0.0375895277 -0.142542 0
v 0.0190997813 -0.14238891 0
v 0.03788507 -0.14238891 0
v 0.0381921865 -0.1423006 0
v 0.0384924263 -0.142273054 0
v 0.038792666 -0.1423006 0
v 0.0390997827 -0.14238891 0
v 0.03939532 -0.142542 0
v 0.03965915 -0.142756328 0
v 0.0398734659 -0.143020168 0
v 0.0400265753 -0.1433157 0
v 0.04011488 -0.143622816 0
v 0.0401424244 -0.143923044 0
v 0.04011488 -0.1442233 0
v 0.0400265753 -0.1445304 0
v 0.0398734659 -0.14482595 0
v 0.03965915 -0.14508979 0
v 0.0184924249 -0.142273054 0.00500000035
v 0.0184924249 -0.142273054 0
v 0.0187926628 -0.1423006 0
v 0.0188365076 -0.142309338 0.00250000018
v 0.0187926628 -0.1423006 0.00500000035
v 0.0190997813 -0.14238891 0
v 0.0190997813 -0.14238891 0.00500000035
v 0.0191862844 -0.142426044 0.00250000018
v 0.0193953216 -0.142542 0
v 0.0193953216 -0.142542 0.00500000035
v 0.0195134133 -0.142626882 0.00250000018
v 0.01965915 -0.142756328 0
v 0.01965915 -0.142756328 0.00500000035
v 0.019788608 -0.142902076 0.00250000018
v 0.0198734663 -0.143020168 0
v 0.0198734663 -0.143020168 0.00500000035
v 0.0199894421 -0.1432292 0.00250000018
v 0.0200265758 -0.1433157 0
v 0.0200265758 -0.1433157 0.00500000035
v 0.0201061517 -0.143578976 0.00250000018
v 0.0201148763 -0.143622816 0
v 0.0201424249 -0.143923044 0.00250000018
v 0.0201148763 -0.143622816 0.00500000035
v 0.0201424249 -0.143923044 0
v 0.0201424249 -0.143923044 0.00500000035
v 0.0201148763 -0.1442233 0
v 0.0201148763 -0.1442233 0.00500000035
v 0.0201061517 -0.144267142 0.00250000018
v 0.0200265758 -0.1445304 0
v 0.0200265758 -0.1445304 0.00500000035
v 0.0200265758 -0.1445304 0.00250000018
v 0.0198992621 -0.14478521 0.00250000018
v 0.0198734663 -0.14482595 0
v 0.0198734663 -0.14482595 0.00500000035
v 0.01972609 -0.145018756 0.00250000018
v 0.01965915 -0.14508979 0
v 0.01965915 -0.14508979 0.00500000035
v 0.0195134133 -0.145219237 0.00250000018
v 0.0193953216 -0.145304084 0
v 0.0193953216 -0.145304084 0.00500000035
v 0.0192713756 -0.1453776 0.00250000018
v 0.0190997813 -0.145457208 0
v 0.0190997813 -0.145457208 0.00500000035
v 0.0190123469 -0.145489 0.00250000018
v 0.0187926628 -0.145545512 0
v 0.0187926628 -0.145545512 0.00500000035
v 0.0187489688 -0.145553 0.00250000018
v 0.0184924249 -0.14557305 0
v 0.0184924249 -0.14557305 0.00500000035
v 0.018192187 -0.145545512 0
v 0.0181483421 -0.14553678 0.00250000018
v 0.018192187 -0.145545512 0.00500000035
v 0.0178850684 -0.145457208 0
v 0.0178850684 -0.145457208 0.00500000035
v 0.0177985653 -0.145420074 0.00250000018
v 0.0175895281 -0.145304084 0
v 0.0175895281 -0.145304084 0.00500000035
v 0.0174714364 -0.145219237 0.00250000018
v 0.0173257 -0.14508979 0
v 0.0173257 -0.14508979 0.00500000035
v 0.0171962455 -0.144944042 0.00250000018
v 0.0171113815 -0.14482595 0
v 0.0171113815 -0.14482595 0.00500000035
v 0.0169954058 -0.144616917 0.00250000018
v 0.0169582739 -0.1445304 0
v 0.0169582739 -0.1445304 0.00500000035
v 0.0168787 -0.144267142 0.00250000018
v 0.0168699715 -0.1442233 0
v 0.0168424249 -0.143923044 0.00250000018
v 0.0168699715 -0.1442233 0.00500000035
v 0.0168424249 -0.143923044 0
v 0.0168424249 -0.143923044 0.00500000035
v 0.0168699715 -0.143622816 0
v 0.0168699715 -0.143622816 0.00500000035
v 0.0168787 -0.143578976 0.00250000018
v 0.0169582739 -0.1433157 0
v 0.0169582739 -0.1433157 0.00500000035
v 0.0169582739 -0.1433157 0.00250000018
v 0.0170855876 -0.1430609 0.00250000018
v 0.0171113815 -0.143020168 0
v 0.0171113815 -0.143020168 0.00500000035
v 0.01725876 -0.142827347 0.00250000018
v 0.0173257 -0.142756328 0
v 0.0173257 -0.142756328 0.00500000035
v 0.0174714364 -0.142626882 0.00250000018
v 0.0175895281 -0.142542 0
v 0.0175895281 -0.142542 0.00500000035
v 0.0177134741 -0.1424685 0.00250000018
v 0.0178850684 -0.14238891 0
v 0.0178850684 -0.14238891 0.00500000035
v 0.0179725029 -0.142357111 0.00250000018
v 0.018192187 -0.1423006 0
v 0.018192187 -0.1423006 0.00500000035
v 0.0182358827 -0.14229311 0.00250000018
v 0.0184924249 -0.142273054 0
v 0.0184924249 -0.142273054 0.00500000035
v 0.008492424 -0.0583500043 0.00500000035
v 0.008492424 -0.0583500043 0
v 0.008792664 -0.05837755 0
v 0.008836508 -0.0583862737 0.00250000018
v 0.008792664 -0.05837755 0.00500000035
v 0.009099781 -0.0584658533 0
v 0.009099781 -0.0584658533 0.00500000035
v 0.009186283 -0.058502987 0.00250000018
v 0.009395321 -0.0586189553 0
v 0.009395321 -0.0586189553 0.00500000035
v 0.009513412 -0.0587038249 0.00250000018
v 0.009659151 -0.05883328 0
v 0.009659151 -0.05883328 0.00500000035
v 0.009788605 -0.0589790158 0.00250000018
v 0.0098734675 -0.0590971075 0
v 0.0098734675 -0.0590971075 0.00500000035
v 0.009989441 -0.05930614 0.00250000018
v 0.010026576 -0.059392646 0
v 0.010026576 -0.059392646 0.00500000035
v 0.0101061491 -0.0596559234 0.00250000018
v 0.0101148793 -0.05969976 0
v 0.0101424241 -0.0600000024 0.00250000018
v 0.0101148793 -0.05969976 0.00500000035
v 0.0101424241 -0.0600000024 0
v 0.0101424241 -0.0600000024 0.00500000035
v 0.0101148793 -0.0603002459 0
v 0.0101148793 -0.0603002459 0.00500000035
v 0.0101061491 -0.06034408 0.00250000018
v 0.010026576 -0.06060736 0
v 0.010026576 -0.06060736 0.00500000035
v 0.010026576 -0.06060736 0.00250000018
v 0.009899261 -0.0608621575 0.00250000018
v 0.0098734675 -0.0609029 0
v 0.0098734675 -0.0609029 0.00500000035
v 0.00972608849 -0.0610957071 0.00250000018
v 0.009659151 -0.06116673 0
v 0.009659151 -0.06116673 0.00500000035
v 0.009513412 -0.0612961836 0.00250000018
v 0.009395321 -0.06138105 0
v 0.009395321 -0.06138105 0.00500000035
v 0.009271376 -0.0614545643 0.00250000018
v 0.009099781 -0.0615341552 0
v 0.009099781 -0.0615341552 0.00500000035
v 0.009012345 -0.0615659431 0.00250000018
v 0.008792664 -0.0616224557 0
v 0.008792664 -0.0616224557 0.00500000035
v 0.008748967 -0.0616299361 0.00250000018
v 0.008492424 -0.06165 0
v 0.008492424 -0.06165 0.00500000035
v 0.008192185 -0.0616224557 0
v 0.008148341 -0.06161373 0.00250000018
v 0.008192185 -0.0616224557 0.00500000035
v 0.007885069 -0.0615341552 0
v 0.007885069 -0.0615341552 0.00500000035
v 0.00779856555 -0.0614970177 0.00250000018
v 0.00758952834 -0.06138105 0
v 0.00758952834 -0.06138105 0.00500000035
v 0.00747143663 -0.0612961836 0.00250000018
v 0.00732569862 -0.06116673 0
v 0.00732569862 -0.06116673 0.00500000035
v 0.007196244 -0.0610209927 0.00250000018
v 0.00711138174 -0.0609029 0
v 0.00711138174 -0.0609029 0.00500000035
v 0.006995407 -0.0606938638 0.00250000018
v 0.006958274 -0.06060736 0
v 0.006958274 -0.06060736 0.00500000035
v 0.0068787 -0.06034408 0.00250000018
v 0.00686997036 -0.0603002459 0
v 0.00684242463 -0.0600000024 0.00250000018
v 0.00686997036 -0.0603002459 0.00500000035
v 0.00684242463 -0.0600000024 0
v 0.00684242463 -0.0600000024 0.00500000035
v 0.00686997036 -0.05969976 0
v 0.00686997036 -0.05969976 0.00500000035
v 0.0068787 -0.0596559234 0.00250000018
v 0.006958274 -0.059392646 0
v 0.006958274 -0.059392646 0.00500000035
v 0.006958274 -0.059392646 0.00250000018
v 0.007085587 -0.0591378473 0.00250000018
v 0.00711138174 -0.0590971075 0
v 0.00711138174 -0.0590971075 0.00500000035
v 0.00725876028 -0.0589042976 0.00250000018
v 0.00732569862 -0.05883328 0
v 0.00732569862 -0.05883328 0.00500000035
v 0.00747143663 -0.0587038249 0.00250000018
v 0.00758952834 -0.0586189553 0
v 0.00758952834 -0.0586189553 0.00500000035
v 0.007713474 -0.05854544 0.00250000018
v 0.007885069 -0.0584658533 0
v 0.007885069 -0.0584658533 0.00500000035
v 0.007972504 -0.05843406 0.00250000018
v 0.008192185 -0.05837755 0
v 0.008192185 -0.05837755 0.00500000035
v 0.008235881 -0.05837007 0.00250000018
v 0.008492424 -0.0583500043 0
v 0.008492424 -0.0583500043 0.00500000035
v 0.008492424 -0.142273054 0.00500000035
v 0.008492424 -0.142273054 0
v 0.008792664 -0.1423006 0
v 0.008836508 -0.142309338 0.00250000018
v 0.008792664 -0.1423006 0.00500000035
v 0.009099781 -0.14238891 0
v 0.009099781 -0.14238891 0.00500000035
v 0.009186283 -0.142426044 0.00250000018
v 0.009395321 -0.142542 0
v 0.009395321 -0.142542 0.00500000035
v 0.009513412 -0.142626882 0.00250000018
v 0.009659151 -0.142756328 0
v 0.009659151 -0.142756328 0.00500000035
v 0.009788605 -0.142902076 0.00250000018
v 0.0098734675 -0.143020168 0
v 0.0098734675 -0.143020168 0.00500000035
v 0.009989441 -0.1432292 0.00250000018
v 0.010026576 -0.1433157 0
v 0.010026576 -0.1433157 0.00500000035
v 0.0101061491 -0.143578976 0.00250000018
v 0.0101148793 -0.143622816 0
v 0.0101424241 -0.143923044 0.00250000018
v 0.0101148793 -0.143622816 0.00500000035
v 0.0101424241 -0.143923044 0
v 0.0101424241 -0.143923044 0.00500000035
v 0.0101148793 -0.1442233 0
v 0.0101148793 -0.1442233 0.00500000035
v 0.0101061491 -0.144267142 0.00250000018
v 0.010026576 -0.1445304 0
v 0.010026576 -0.1445304 0.00500000035
v 0.010026576 -0.1445304 0.00250000018
v 0.009899261 -0.14478521 0.00250000018
v 0.0098734675 -0.14482595 0
v 0.0098734675 -0.14482595 0.00500000035
v 0.00972608849 -0.145018756 0.00250000018
v 0.009659151 -0.14508979 0
v 0.009659151 -0.14508979 0.00500000035
v 0.009513412 -0.145219237 0.00250000018
v 0.009395321 -0.145304084 0
v 0.009395321 -0.145304084 0.00500000035
v 0.009271376 -0.1453776 0.00250000018
v 0.009099781 -0.145457208 0
v 0.009099781 -0.145457208 0.00500000035
v 0.009012345 -0.145489 0.00250000018
v 0.008792664 -0.145545512 0
v 0.008792664 -0.145545512 0.00500000035
v 0.008748967 -0.145553 0.00250000018
v 0.008492424 -0.14557305 0
v 0.008492424 -0.14557305 0.00500000035
v 0.008192185 -0.145545512 0
v 0.008148341 -0.14553678 0.00250000018
v 0.008192185 -0.145545512 0.00500000035
v 0.007885069 -0.145457208 0
v 0.007885069 -0.145457208 0.00500000035
v 0.00779856555 -0.145420074 0.00250000018
v 0.00758952834 -0.145304084 0
v 0.00758952834 -0.145304084 0.00500000035
v 0.00747143663 -0.145219237 0.00250000018
v 0.00732569862 -0.14508979 0
v 0.00732569862 -0.14508979 0.00500000035
v 0.007196244 -0.144944042 0.00250000018
v 0.00711138174 -0.14482595 0
v 0.00711138174 -0.14482595 0.00500000035
v 0.006995407 -0.144616917 0.00250000018
v 0.006958274 -0.1445304 0
v 0.006958274 -0.1445304 0.00500000035
v 0.0068787 -0.144267142 0.00250000018
v 0.00686997036 -0.1442233 0
v 0.00684242463 -0.143923044 0.00250000018
v 0.00686997036 -0.1442233 0.00500000035
v 0.00684242463 -0.143923044 0
v 0.00684242463 -0.143923044 0.00500000035
v 0.00686997036 -0.143622816 0
v 0.00686997036 -0.143622816 0.00500000035
v 0.0068787 -0.143578976 0.00250000018
v 0.006958274 -0.1433157 0
v 0.006958274 -0.1433157 0.00500000035
v 0.006958274 -0.1433157 0.00250000018
v 0.007085587 -0.1430609 0.00250000018
v 0.00711138174 -0.143020168 0
v 0.00711138174 -0.143020168 0.00500000035
v 0.00725876028 -0.142827347 0.00250000018
v 0.00732569862 -0.142756328 0
v 0.00732569862 -0.142756328 0.00500000035
v 0.00747143663 -0.142626882 0.00250000018
v 0.00758952834 -0.142542 0
v 0.00758952834 -0.142542 0.00500000035
v 0.007713474 -0.1424685 0.00250000018
v 0.007885069 -0.14238891 0
v 0.007885069 -0.14238891 0.00500000035
v 0.007972504 -0.142357111 0.00250000018
v 0.008192185 -0.1423006 0
v 0.008192185 -0.1423006 0.00500000035
v 0.008235881 -0.14229311 0.00250000018
v 0.008492424 -0.142273054 0
v 0.008492424 -0.142273054 0.00500000035
v -0.07861054 -0.0997607037 0.00500000035
v -0.07861054 -0.0997607037 0
v -0.0783102959 -0.09978824 0
v -0.07826645 -0.09979698 0.00250000018
v -0.0783102959 -0.09978824 0.00500000035
v -0.0780031756 -0.09987655 0
v -0.0780031756 -0.09987655 0.00500000035
v -0.0779166743 -0.09991369 0.00250000018
v -0.07770763 -0.100029647 0
v -0.07770763 -0.100029647 0.00500000035
v -0.07758954 -0.100114524 0.00250000018
v -0.0774438 -0.100243978 0
v -0.0774438 -0.100243978 0.00500000035
v -0.0773143545 -0.100389712 0.00250000018
v -0.07722949 -0.1005078 0
v -0.07722949 -0.1005078 0.00500000035
v -0.07711352 -0.100716844 0.00250000018
v -0.07707638 -0.100803338 0
v -0.07707638 -0.100803338 0.00500000035
v -0.0769968 -0.101066612 0.00250000018
v -0.07698807 -0.101110458 0
v -0.0769605339 -0.1014107 0.00250000018
v -0.07698807 -0.101110458 0.00500000035
v -0.0769605339 -0.1014107 0
v -0.0769605339 -0.1014107 0.00500000035
v -0.07698807 -0.10171093 0
v -0.07698807 -0.10171093 0.00500000035
v -0.0769968 -0.101754785 0.00250000018
v -0.07707638 -0.102018051 0
v -0.07707638 -0.102018051 0.00500000035
v -0.07707638 -0.102018051 0.00250000018
v -0.07720369 -0.102272853 0.00250000018
v -0.07722949 -0.102313593 0
v -0.07722949 -0.102313593 0.00500000035
v -0.0773768649 -0.1025064 0.00250000018
v -0.0774438 -0.102577426 0
v -0.0774438 -0.102577426 0.00500000035
v -0.07758954 -0.102706879 0.00250000018
v -0.07770763 -0.102791741 0
v -0.07770763 -0.102791741 0.00500000035
v -0.07783158 -0.102865249 0.00250000018
v -0.0780031756 -0.102944851 0
v -0.0780031756 -0.102944851 0.00500000035
v -0.07809061 -0.102976643 0.00250000018
v -0.0783102959 -0.103033155 0
v -0.0783102959 -0.103033155 0.00500000035
v -0.07835399 -0.103040636 0.00250000018
v -0.07861054 -0.103060693 0
v -0.07861054 -0.103060693 0.00500000035
v -0.07891077 -0.103033155 0
v -0.0789546147 -0.103024423 0.00250000018
v -0.07891077 -0.103033155 0.00500000035
v -0.07921789 -0.102944851 0
v -0.07921789 -0.102944851 0.00500000035
v -0.07930439 -0.102907717 0.00250000018
v -0.07951342 -0.102791741 0
v -0.07951342 -0.102791741 0.00500000035
v -0.0796315148 -0.102706879 0.00250000018
v -0.0797772557 -0.102577426 0
v -0.0797772557 -0.102577426 0.00500000035
v -0.07990672 -0.102431685 0.00250000018
v -0.07999158 -0.102313593 0
v -0.07999158 -0.102313593 0.00500000035
v -0.0801075548 -0.102104552 0.00250000018
v -0.08014469 -0.102018051 0
v -0.08014469 -0.102018051 0.00500000035
v -0.08022426 -0.101754785 0.00250000018
v -0.0802329853 -0.10171093 0
v -0.08026053 -0.1014107 0.00250000018
v -0.0802329853 -0.10171093 0.00500000035
v -0.08026053 -0.1014107 0
v -0.08026053 -0.1014107 0.00500000035
v -0.0802329853 -0.101110458 0
v -0.0802329853 -0.101110458 0.00500000035
v -0.08022426 -0.101066612 0.00250000018
v -0.08014469 -0.100803338 0
v -0.08014469 -0.100803338 0.00500000035
v -0.08014469 -0.100803338 0.00250000018
v -0.08001737 -0.10054855 0.00250000018
v -0.07999158 -0.1005078 0
v -0.07999158 -0.1005078 0.00500000035
v -0.07984419 -0.10031499 0.00250000018
v -0.0797772557 -0.100243978 0
v -0.0797772557 -0.100243978 0.00500000035
v -0.0796315148 -0.100114524 0.00250000018
v -0.07951342 -0.100029647 0
v -0.07951342 -0.100029647 0.00500000035
v -0.07938948 -0.09995614 0.00250000018
v -0.07921789 -0.09987655 0
v -0.07921789 -0.09987655 0.00500000035
v -0.0791304559 -0.0998447537 0.00250000018
v -0.07891077 -0.09978824 0
v -0.07891077 -0.09978824 0.00500000035
v -0.07886708 -0.09978077 0.00250000018
v -0.07861054 -0.0997607037 0
v -0.07861054 -0.0997607037 0.00500000035
v -0.101519763 -0.0583500043 0.00500000035
v -0.101519763 -0.0583500043 0
v -0.101219535 -0.05837755 0
v -0.101175681 -0.0583862737 0.00250000018
v -0.101219535 -0.05837755 0.00500000035
v -0.100912414 -0.0584658533 0
v -0.100912414 -0.0584658533 0.00500000035
v -0.100825913 -0.058502987 0.00250000018
v -0.100616872 -0.0586189553 0
v -0.100616872 -0.0586189553 0.00500000035
v -0.100498788 -0.0587038249 0.00250000018
v -0.100353047 -0.05883328 0
v -0.100353047 -0.05883328 0.00500000035
v -0.100223586 -0.0589790158 0.00250000018
v -0.100138724 -0.0590971075 0
v -0.100138724 -0.0590971075 0.00500000035
v -0.100022748 -0.05930614 0.00250000018
v -0.09998563 -0.059392646 0
v -0.09998563 -0.059392646 0.00500000035
v -0.09990604 -0.0596559234 0.00250000018
v -0.09989731 -0.05969976 0
v -0.09986977 -0.0600000024 0.00250000018
v -0.09989731 -0.05969976 0.00500000035
v -0.09986977 -0.0600000024 0
v -0.09986977 -0.0600000024 0.00500000035
v -0.09989731 -0.0603002459 0
v -0.09989731 -0.0603002459 0.00500000035
v -0.09990604 -0.06034408 0.00250000018
v -0.09998563 -0.06060736 0
v -0.09998563 -0.06060736 0.00500000035
v -0.09998563 -0.06060736 0.00250000018
v -0.10011293 -0.0608621575 0.00250000018
v -0.100138724 -0.0609029 0
v -0.100138724 -0.0609029 0.00500000035
v -0.100286111 -0.0610957071 0.00250000018
v -0.100353047 -0.06116673 0
v -0.100353047 -0.06116673 0.00500000035
v -0.100498788 -0.0612961836 0.00250000018
v -0.100616872 -0.06138105 0
v -0.100616872 -0.06138105 0.00500000035
v -0.10074082 -0.0614545643 0.00250000018
v -0.100912414 -0.0615341552 0
v -0.100912414 -0.0615341552 0.00500000035
v -0.100999847 -0.0615659431 0.00250000018
v -0.101219535 -0.0616224557 0
v -0.101219535 -0.0616224557 0.00500000035
v -0.101263225 -0.0616299361 0.00250000018
v -0.101519763 -0.06165 0
v -0.101519763 -0.06165 0.00500000035
v -0.101820007 -0.0616224557 0
v -0.101863854 -0.06161373 0.00250000018
v -0.101820007 -0.0616224557 0.00500000035
v -0.102127127 -0.0615341552 0
v -0.102127127 -0.0615341552 0.00500000035
v -0.102213629 -0.0614970177 0.00250000018
v -0.10242267 -0.06138105 0
v -0.10242267 -0.06138105 0.00500000035
v -0.102540761 -0.0612961836 0.00250000018
v -0.1026865 -0.06116673 0
v -0.1026865 -0.06116673 0.00500000035
v -0.102815941 -0.0610209927 0.00250000018
v -0.102900818 -0.0609029 0
v -0.102900818 -0.0609029 0.00500000035
v -0.103016794 -0.0606938638 0.00250000018
v -0.103053913 -0.06060736 0
v -0.103053913 -0.06060736 0.00500000035
v -0.103133485 -0.06034408 0.00250000018
v -0.103142224 -0.0603002459 0
v -0.103169769 -0.0600000024 0.00250000018
v -0.103142224 -0.0603002459 0.00500000035
v -0.103169769 -0.0600000024 0
v -0.103169769 -0.0600000024 0.00500000035
v -0.103142224 -0.05969976 0
v -0.103142224 -0.05969976 0.00500000035
v -0.103133485 -0.0596559234 0.00250000018
v -0.103053913 -0.059392646 0
v -0.103053913 -0.059392646 0.00500000035
v -0.103053913 -0.059392646 0.00250000018
v -0.102926612 -0.0591378473 0.00250000018
v -0.102900818 -0.0590971075 0
v -0.102900818 -0.0590971075 0.00500000035
v -0.102753431 -0.0589042976 0.00250000018
v -0.1026865 -0.05883328 0
v -0.1026865 -0.05883328 0.00500000035
v -0.102540761 -0.0587038249 0.00250000018
v -0.10242267 -0.0586189553 0
v -0.10242267 -0.0586189553 0.00500000035
v -0.102298722 -0.05854544 0.00250000018
v -0.102127127 -0.0584658533 0
v -0.102127127 -0.0584658533 0.00500000035
v -0.102039695 -0.05843406 0.00250000018
v -0.101820007 -0.05837755 0
v -0.101820007 -0.05837755 0.00500000035
v -0.101776309 -0.05837007 0.00250000018
v -0.101519763 -0.0583500043 0
v -0.101519763 -0.0583500043 0.00500000035
v 0.0384924263 -0.142273054 0.00500000035
v 0.0384924263 -0.142273054 0
v 0.038792666 -0.1423006 0
v 0.03883651 -0.142309338 0.00250000018
v 0.038792666 -0.1423006 0.00500000035
v 0.0390997827 -0.14238891 0
v 0.0390997827 -0.14238891 0.00500000035
v 0.0391862839 -0.142426044 0.00250000018
v 0.03939532 -0.142542 0
v 0.03939532 -0.142542 0.00500000035
v 0.0395134129 -0.142626882 0.00250000018
v 0.03965915 -0.142756328 0
v 0.03965915 -0.142756328 0.00500000035
v 0.0397886038 -0.142902076 0.00250000018
v 0.0398734659 -0.143020168 0
v 0.0398734659 -0.143020168 0.00500000035
v 0.03998944 -0.1432292 0.00250000018
v 0.0400265753 -0.1433157 0
v 0.0400265753 -0.1433157 0.00500000035
v 0.0401061475 -0.143578976 0.00250000018
v 0.04011488 -0.143622816 0
v 0.0401424244 -0.143923044 0.00250000018
v 0.04011488 -0.143622816 0.00500000035
v 0.0401424244 -0.143923044 0
v 0.0401424244 -0.143923044 0.00500000035
v 0.04011488 -0.1442233 0
v 0.04011488 -0.1442233 0.00500000035
v 0.0401061475 -0.144267142 0.00250000018
v 0.0400265753 -0.1445304 0
v 0.0400265753 -0.1445304 0.00500000035
v 0.0400265753 -0.1445304 0.00250000018
v 0.03989926 -0.14478521 0.00250000018
v 0.0398734659 -0.14482595 0
v 0.0398734659 -0.14482595 0.00500000035
v 0.03972609 -0.145018756 0.00250000018
v 0.03965915 -0.14508979 0
v 0.03965915 -0.14508979 0.00500000035
v 0.0395134129 -0.145219237 0.00250000018
v 0.03939532 -0.145304084 0
v 0.03939532 -0.145304084 0.00500000035
v 0.039271377 -0.1453776 0.00250000018
v 0.0390997827 -0.145457208 0
v 0.0390997827 -0.145457208 0.00500000035
v 0.0390123464 -0.145489 0.00250000018
v 0.038792666 -0.145545512 0
v 0.038792666 -0.145545512 0.00500000035
v 0.0387489721 -0.145553 0.00250000018
v 0.0384924263 -0.14557305 0
v 0.0384924263 -0.14557305 0.00500000035
v 0.0381921865 -0.145545512 0
v 0.0381483436 -0.14553678 0.00250000018
v 0.0381921865 -0.145545512 0.00500000035
v 0.03788507 -0.145457208 0
v 0.03788507 -0.145457208 0.00500000035
v 0.03779857 -0.145420074 0.00250000018
v 0.0375895277 -0.145304084 0
v 0.0375895277 -0.145304084 0.00500000035
v 0.03747144 -0.145219237 0.00250000018
v 0.0373257 -0.14508979 0
v 0.0373257 -0.14508979 0.00500000035
v 0.037196245 -0.144944042 0.00250000018
v 0.0371113829 -0.14482595 0
v 0.0371113829 -0.14482595 0.00500000035
v 0.0369954072 -0.144616917 0.00250000018
v 0.0369582735 -0.1445304 0
v 0.0369582735 -0.1445304 0.00500000035
v 0.0368787 -0.144267142 0.00250000018
v 0.0368699729 -0.1442233 0
v 0.03684243 -0.143923044 0.00250000018
v 0.0368699729 -0.1442233 0.00500000035
v 0.03684243 -0.143923044 0
v 0.03684243 -0.143923044 0.00500000035
v 0.0368699729 -0.143622816 0
v 0.0368699729 -0.143622816 0.00500000035
v 0.0368787 -0.143578976 0.00250000018
v 0.0369582735 -0.1433157 0
v 0.0369582735 -0.1433157 0.00500000035
v 0.0369582735 -0.1433157 0.00250000018
v 0.0370855853 -0.1430609 0.00250000018
v 0.0371113829 -0.143020168 0
v 0.0371113829 -0.143020168 0.00500000035
v 0.0372587629 -0.142827347 0.00250000018
v 0.0373257 -0.142756328 0
v 0.0373257 -0.142756328 0.00500000035
v 0.03747144 -0.142626882 0.00250000018
v 0.0375895277 -0.142542 0
v 0.0375895277 -0.142542 0.00500000035
v 0.0377134755 -0.1424685 0.00250000018
v 0.03788507 -0.14238891 0
v 0.03788507 -0.14238891 0.00500000035
v 0.0379725061 -0.142357111 0.00250000018
v 0.0381921865 -0.1423006 0
v 0.0381921865 -0.1423006 0.00500000035
v 0.0382358842 -0.14229311 0.00250000018
v 0.0384924263 -0.142273054 0
v 0.0384924263 -0.142273054 0.00500000035
v -0.00322330487 -0.138923049 0.0005
v -0.00467476 -0.139423043 0
v -0.000740931951 -0.1360737 0
v 0.000134161179 -0.135567367 0.00025
v 0.0004151557 -0.1356396 0.0005
v 0.00288675074 -0.1321592 0
v 0.0037325 -0.131907642 0.0005
v 0.004329851 -0.130723089 0.00025
v 0.006094337 -0.127721086 0
v 0.006649688 -0.127777264 0.0005
v 0.007875228 -0.125172943 0.00025
v 0.008775912 -0.12283048 0
v 0.009099026 -0.123316459 0.0005
v 0.0106054163 -0.119057737 0.00025
v 0.0110290386 -0.11860761 0.0005
v 0.0108430805 -0.117585845 0
v 0.0124079883 -0.113742582 0.0005
v 0.0123997871 -0.112566322 0.00025
v 0.0122333933 -0.112107038 0
v 0.0132255424 -0.108816758 0.0005
v 0.0129162073 -0.106526405 0
v 0.0131979771 -0.105917081 0.00025
v 0.013492425 -0.103923045 0.0005
v 0.0128948865 -0.10097833 0
v 0.013006499 -0.09933398 0.00025
v 0.0128537267 -0.09636826 0.0005
v 0.0122050177 -0.09558883 0
v 0.0118945083 -0.09302252 0.00025
v 0.0109091764 -0.09046686 0
v 0.0109188315 -0.08892305 0.0005
v 0.0106561 -0.08893016 0.00025
v 0.009080458 -0.08567856 0
v 0.009069199 -0.0850527659 0.00025
v 0.00774414325 -0.08191617 0.0005
v 0.00666142674 -0.08104561 0
v 0.007077669 -0.08125719 0.00025
v 0.004668051 -0.07758132 0.00025
v 0.0034924245 -0.07563878 0.0005
v 0.00361731718 -0.07660104 0
v 0.00184865179 -0.07409145 0.00025
v -3.14296776E-05 -0.0724667 0
v -0.00072567584 -0.07109814 0.0005
v -0.001358459 -0.07085353 0.00025
v -0.004233184 -0.06876118 0
v -0.004917339 -0.06792969 0.00025
v -0.00568635669 -0.0670684054 0.0005
v -0.008906147 -0.0655899644 0
v -0.008779174 -0.06537461 0.00025
v -0.0112895388 -0.06372067 0.0005
v -0.012433636 -0.06344161 0.00025
v -0.0139431208 -0.06303614 0
v -0.0162343588 -0.0618601069 0.00025
v -0.017384842 -0.0611966141 0.0005
v -0.0240714848 -0.0597952 0.00025
v -0.0192195289 -0.0611532778 0
v -0.0237836856 -0.05959088 0.0005
v -0.0246034674 -0.0599618964 0
v -0.03027823 -0.0589398481 0.0005
v -0.02996616 -0.0594497547 0
v -0.0318898037 -0.0591746867 0.00025
v -0.0366632864 -0.0592193753 0.0005
v -0.0351911038 -0.0595757663 0
v -0.0393841565 -0.0598716959 0.00025
v -0.0402662233 -0.06029352 0
v -0.0427565277 -0.06035172 0.0005
v -0.045375362 -0.061639078 0
v -0.0468493477 -0.06188506 0.00025
v -0.0486364029 -0.0623105131 0.0005
v -0.0504252538 -0.06364438 0
v -0.0541154258 -0.06530379 0.00025
v -0.0543587878 -0.0651568 0.0005
v -0.0552902743 -0.06631144 0
v -0.0575513467 -0.06753233 0.00025
v -0.0597265139 -0.06887035 0.0005
v -0.0598429181 -0.0696103945 0
v -0.06079115 -0.07008469 0.00025
v -0.06454834 -0.07337297 0.0005
v -0.06396398 -0.07347913 0
v -0.06379034 -0.07293296 0.00025
v -0.06651008 -0.0760413855 0.00025
v -0.06866003 -0.078532204 0.0005
v -0.06755247 -0.07782678 0
v -0.06999902 -0.08109824 0.00025
v -0.0719423741 -0.08417393 0.0005
v -0.07053377 -0.08254067 0
v -0.07272028 -0.08648528 0.00025
v -0.0743323639 -0.09010142 0.0005
v -0.0728645 -0.08749579 0
v -0.07464999 -0.09203629 0.00025
v -0.07582527 -0.09611648 0.0005
v -0.07453368 -0.09256503 0
v -0.07556015 -0.09762858 0
v -0.08979905 -0.0904823244 0
v -0.07044612 -0.125464648 0
v -0.07088363 -0.125706688 0.0005
v -0.09022306 -0.09042841 0.000344923319
v -0.110000007 -0.0550000034 0.0005
v -0.109151974 -0.0555000044 0
v 0.0034924245 -0.07563878 0.00500000035
v 0.0034924245 -0.07563878 0.0005
v -0.00072567584 -0.07109814 0.0005
v -0.00139062887 -0.070487 0.00275000022
v -0.00072567584 -0.07109814 0.00500000035
v -0.00568635669 -0.0670684054 0.0005
v -0.00568635669 -0.0670684054 0.00500000035
v -0.00722741 -0.0660354048 0.00275000022
v -0.0112895388 -0.06372067 0.0005
v -0.0112895388 -0.06372067 0.00500000035
v -0.0138518577 -0.0625313148 0.00275000022
v -0.017384842 -0.0611966141 0.0005
v -0.017384842 -0.0611966141 0.00500000035
v -0.0210172981 -0.06016286 0.00275000022
v -0.0237836856 -0.05959088 0.0005
v -0.0237836856 -0.05959088 0.00500000035
v -0.0284251161 -0.05902875 0.00275000022
v -0.03027823 -0.0589398481 0.0005
v -0.03027823 -0.0589398481 0.00500000035
v -0.035765104 -0.05912491 0.00275000022
v -0.0366632864 -0.0592193753 0.0005
v -0.0427565277 -0.06035172 0.00275000022
v -0.0366632864 -0.0592193753 0.00500000035
v -0.0427565277 -0.06035172 0.0005
v -0.0427565277 -0.06035172 0.00500000035
v -0.0486364029 -0.0623105131 0.0005
v -0.0486364029 -0.0623105131 0.00500000035
v -0.0494680554 -0.0626626462 0.00275000022
v -0.0543587878 -0.0651568 0.0005
v -0.0543587878 -0.0651568 0.00500000035
v -0.0543587878 -0.0651568 0.00275000022
v -0.0589888543 -0.0682890862 0.00275000022
v -0.0597265139 -0.06887035 0.0005
v -0.0597265139 -0.06887035 0.00500000035
v -0.06323667 -0.07201279 0.00275000022
v -0.06454834 -0.07337297 0.0005
v -0.06454834 -0.07337297 0.00500000035
v -0.06699368 -0.07625111 0.00275000022
v -0.06866003 -0.078532204 0.0005
v -0.06866003 -0.078532204 0.00500000035
v -0.07017333 -0.08090219 0.00275000022
v -0.0719423741 -0.08417393 0.0005
v -0.0719423741 -0.08417393 0.00500000035
v -0.0727175549 -0.08584716 0.00275000022
v -0.0743323639 -0.09010142 0.0005
v -0.0743323639 -0.09010142 0.00500000035
v -0.0745999739 -0.0909598246 0.00275000022
v -0.07582527 -0.09611648 0.0005
v -0.07582527 -0.09611648 0.00500000035
v 0.013492425 -0.103923045 0
v 0.0128537267 -0.09636826 0
v 0.013492425 -0.0550000034 0
v 0.0109188315 -0.08892305 0
v 0.0101148793 -0.0603002459 0
v 0.0101424241 -0.0600000024 0
v 0.0101148793 -0.05969976 0
v 0.010026576 -0.059392646 0
v 0.0098734675 -0.0590971075 0
v 0.009659151 -0.05883328 0
v 0.009395321 -0.0586189553 0
v 0.009099781 -0.0584658533 0
v 0.008792664 -0.05837755 0
v 0.008492424 -0.0583500043 0
v 0.0034924245 -0.0550000034 0
v 0.008192185 -0.05837755 0
v 0.007885069 -0.0584658533 0
v 0.00758952834 -0.0586189553 0
v 0.00732569862 -0.05883328 0
v 0.00711138174 -0.0590971075 0
v 0.006958274 -0.059392646 0
v 0.00686997036 -0.05969976 0
v 0.00684242463 -0.0600000024 0
v 0.00686997036 -0.0603002459 0
v 0.0034924245 -0.07563878 0
v 0.006958274 -0.06060736 0
v 0.00774414325 -0.08191617 0
v 0.00711138174 -0.0609029 0
v 0.00732569862 -0.06116673 0
v 0.008492424 -0.07946152 0
v 0.00758952834 -0.06138105 0
v 0.007885069 -0.0615341552 0
v 0.008192185 -0.0616224557 0
v 0.008492424 -0.06165 0
v 0.008792664 -0.0616224557 0
v 0.009099781 -0.0615341552 0
v 0.009395321 -0.06138105 0
v 0.009659151 -0.06116673 0
v 0.0098734675 -0.0609029 0
v 0.010026576 -0.06060736 0
v 0.000161351141 -0.138923049 0.00500000035
v -0.00322330487 -0.138923049 0.00500000035
v 0.000264737027 -0.139425159 0.00500000035
v 0.000463847537 -0.1399258 0.00500000035
v 0.000760842231 -0.140397891 0.00500000035
v 0.00114758126 -0.140813529 0.00500000035
v -0.0127683571 -0.140165046 0.00500000035
v 0.00160569919 -0.141148865 0.00500000035
v -0.00918141752 -0.138072461 0.00500000035
v -0.005791413 -0.135598272 0.00500000035
v 0.0004151557 -0.1356396 0.00500000035
v -0.00265761954 -0.132773012 0.00500000035
v 0.0037325 -0.131907642 0.00500000035
v 0.0001676341 -0.129639223 0.00500000035
v 0.006649688 -0.127777264 0.00500000035
v 0.002641841 -0.126249209 0.00500000035
v -0.0164893121 -0.141858429 0.00500000035
v 0.009099026 -0.123316459 0.00500000035
v 0.004734412 -0.122662269 0.00500000035
v 0.00642778724 -0.118941322 0.00500000035
v 0.0110290386 -0.11860761 0.00500000035
v 0.007717502 -0.115149513 0.00500000035
v 0.0124079883 -0.113742582 0.00500000035
v 0.008611284 -0.111347146 0.00500000035
v 0.0132255424 -0.108816758 0.00500000035
v 0.009292425 -0.103923045 0.00500000035
v 0.013492425 -0.103923045 0.00500000035
v 0.008611284 -0.09649896 0.00500000035
v 0.007717502 -0.09269659 0.00500000035
v 0.00210936274 -0.141388446 0.00500000035
v 0.010026576 -0.06060736 0.00500000035
v 0.013492425 -0.0550000034 0.00500000035
v 0.0098734675 -0.0609029 0.00500000035
v 0.0101148793 -0.0603002459 0.00500000035
v 0.0101424241 -0.0600000024 0.00500000035
v 0.0101148793 -0.05969976 0.00500000035
v 0.010026576 -0.059392646 0.00500000035
v 0.00642778724 -0.08890479 0.00500000035
v 0.0098734675 -0.0590971075 0.00500000035
v 0.009659151 -0.06116673 0.00500000035
v 0.009659151 -0.05883328 0.00500000035
v 0.009395321 -0.0586189553 0.00500000035
v 0.009099781 -0.0584658533 0.00500000035
v 0.008792664 -0.05837755 0.00500000035
v 0.008492424 -0.0583500043 0.00500000035
v 0.0034924245 -0.0550000034 0.00500000035
v 0.008192185 -0.05837755 0.00500000035
v 0.007885069 -0.0584658533 0.00500000035
v 0.00758952834 -0.0586189553 0.00500000035
v 0.00732569862 -0.05883328 0.00500000035
v 0.00711138174 -0.0590971075 0.00500000035
v 0.006958274 -0.059392646 0.00500000035
v 0.00686997036 -0.05969976 0.00500000035
v 0.00684242463 -0.0600000024 0.00500000035
v 0.00686997036 -0.0603002459 0.00500000035
v 0.006958274 -0.06060736 0.00500000035
v 0.0034924245 -0.07563878 0.00500000035
v 0.00711138174 -0.0609029 0.00500000035
v 0.00732569862 -0.06116673 0.00500000035
v 0.00758952834 -0.06138105 0.00500000035
v 0.007885069 -0.0615341552 0.00500000035
v 0.008192185 -0.0616224557 0.00500000035
v 0.008492424 -0.06165 0.00500000035
v 0.008792664 -0.0616224557 0.00500000035
v 0.009099781 -0.0615341552 0.00500000035
v 0.009395321 -0.06138105 0.00500000035
v 0.004734412 -0.08518384 0.00500000035
v 0.002641841 -0.0815968961 0.00500000035
v 0.0001676341 -0.07820689 0.00500000035
v -0.00265761954 -0.07507309 0.00500000035
v -0.00072567584 -0.07109814 0.00500000035
v -0.005791413 -0.07224784 0.00500000035
v -0.00568635669 -0.0670684054 0.00500000035
v -0.00918141752 -0.06977364 0.00500000035
v -0.0127683571 -0.06768107 0.00500000035
v -0.0112895388 -0.06372067 0.00500000035
v -0.0164893121 -0.06598769 0.00500000035
v -0.017384842 -0.0611966141 0.00500000035
v -0.020281123 -0.06469797 0.00500000035
v -0.024083484 -0.0638041943 0.00500000035
v -0.0237836856 -0.05959088 0.00500000035
v -0.0315075777 -0.06312305 0.00500000035
v -0.03027823 -0.0589398481 0.00500000035
v -0.0366632864 -0.0592193753 0.00500000035
v -0.03893167 -0.0638041943 0.00500000035
v -0.0427565277 -0.06035172 0.00500000035
v -0.0427340344 -0.06469797 0.00500000035
v -0.0486364029 -0.0623105131 0.00500000035
v -0.0465258434 -0.06598769 0.00500000035
v -0.0543587878 -0.0651568 0.00500000035
v -0.0502467975 -0.06768107 0.00500000035
v -0.053833738 -0.06977364 0.00500000035
v -0.0597265139 -0.06887035 0.00500000035
v -0.05722374 -0.07224784 0.00500000035
v -0.06454834 -0.07337297 0.00500000035
v -0.0603575334 -0.07507309 0.00500000035
v -0.06318279 -0.07820689 0.00500000035
v -0.06866003 -0.078532204 0.00500000035
v -0.06565699 -0.0815968961 0.00500000035
v -0.0719423741 -0.08417393 0.00500000035
v -0.06774956 -0.08518384 0.00500000035
v -0.06944294 -0.08890479 0.00500000035
v -0.0743323639 -0.09010142 0.00500000035
v -0.07073266 -0.09269659 0.00500000035
v -0.07582527 -0.09611648 0.00500000035
v -0.07162644 -0.09649896 0.00500000035
v -0.07273325 -0.101017267 0.00500000035
v -0.07230758 -0.103923045 0.00500000035
v -0.07770763 -0.100029647 0.00500000035
v -0.0774438 -0.100243978 0.00500000035
v -0.0780031756 -0.09987655 0.00500000035
v -0.0783102959 -0.09978824 0.00500000035
v -0.07861054 -0.0997607037 0.00500000035
v -0.07722949 -0.1005078 0.00500000035
v -0.07891077 -0.09978824 0.00500000035
v -0.07707638 -0.100803338 0.00500000035
v -0.07698807 -0.101110458 0.00500000035
v -0.0769605339 -0.1014107 0.00500000035
v -0.07698807 -0.10171093 0.00500000035
v -0.07707638 -0.102018051 0.00500000035
v -0.07722949 -0.102313593 0.00500000035
v -0.0774438 -0.102577426 0.00500000035
v -0.07770763 -0.102791741 0.00500000035
v -0.0780031756 -0.102944851 0.00500000035
v -0.0783102959 -0.103033155 0.00500000035
v -0.07162644 -0.111347146 0.00500000035
v -0.07861054 -0.103060693 0.00500000035
v -0.07891077 -0.103033155 0.00500000035
v -0.07921789 -0.102944851 0.00500000035
v -0.07951342 -0.102791741 0.00500000035
v -0.07073266 -0.115149513 0.00500000035
v -0.07088363 -0.125706688 0.00500000035
v -0.06944294 -0.118941322 0.00500000035
v -0.0797772557 -0.102577426 0.00500000035
v -0.06774956 -0.122662269 0.00500000035
v -0.07999158 -0.102313593 0.00500000035
v -0.06565699 -0.126249209 0.00500000035
v -0.0904418156 -0.09035334 0.00500000035
v -0.06775326 -0.130592331 0.00500000035
v -0.06318279 -0.129639223 0.00500000035
v -0.0603575334 -0.132773012 0.00500000035
v -0.06391135 -0.135147989 0.00500000035
v -0.05722374 -0.135598272 0.00500000035
v -0.0594152 -0.139224112 0.00500000035
v -0.053833738 -0.138072461 0.00500000035
v -0.08014469 -0.102018051 0.00500000035
v -0.0543629564 -0.142686844 0.00500000035
v -0.0502467975 -0.140165046 0.00500000035
v -0.0465258434 -0.141858429 0.00500000035
v -0.0488872863 -0.145431444 0.00500000035
v -0.0427340344 -0.143148139 0.00500000035
v -0.0431440771 -0.147392482 0.00500000035
v -0.03893167 -0.144041911 0.00500000035
v -0.0372979753 -0.148548961 0.00500000035
v -0.0315075777 -0.144723058 0.00500000035
v -0.0802329853 -0.10171093 0.00500000035
v -0.08026053 -0.1014107 0.00500000035
v -0.0802329853 -0.101110458 0.00500000035
v -0.08014469 -0.100803338 0.00500000035
v -0.07999158 -0.1005078 0.00500000035
v -0.0315075777 -0.148923054 0.00500000035
v -0.0797772557 -0.100243978 0.00500000035
v -0.024083484 -0.144041911 0.00500000035
v -0.07951342 -0.100029647 0.00500000035
v -0.07921789 -0.09987655 0.00500000035
v -0.020281123 -0.143148139 0.00500000035
v 0.007885069 -0.145457208 0.00500000035
v 0.00758952834 -0.145304084 0.00500000035
v 0.008192185 -0.145545512 0.00500000035
v 0.00732569862 -0.14508979 0.00500000035
v 0.008492424 -0.14557305 0.00500000035
v 0.0434924252 -0.148923054 0.00500000035
v 0.00711138174 -0.14482595 0.00500000035
v 0.006958274 -0.1445304 0.00500000035
v 0.00262989872 -0.141527489 0.00500000035
v 0.00686997036 -0.1442233 0.00500000035
v 0.00314065674 -0.1415713 0.00500000035
v 0.00684242463 -0.143923044 0.00500000035
v 0.00686997036 -0.143622816 0.00500000035
v 0.0036514143 -0.141527489 0.00500000035
v 0.006958274 -0.1433157 0.00500000035
v 0.00711138174 -0.143020168 0.00500000035
v 0.00417195 -0.141388446 0.00500000035
v 0.00732569862 -0.142756328 0.00500000035
v 0.00467561372 -0.141148865 0.00500000035
v 0.00758952834 -0.142542 0.00500000035
v 0.00513373176 -0.140813529 0.00500000035
v 0.007885069 -0.14238891 0.00500000035
v 0.00552047044 -0.140397891 0.00500000035
v 0.008192185 -0.1423006 0.00500000035
v 0.008492424 -0.142273054 0.00500000035
v 0.00581746548 -0.1399258 0.00500000035
v 0.008792664 -0.1423006 0.00500000035
v 0.006016576 -0.139425159 0.00500000035
v 0.00611996232 -0.138923049 0.00500000035
v 0.009099781 -0.14238891 0.00500000035
v 0.0178850684 -0.14238891 0.00500000035
v 0.009395321 -0.142542 0.00500000035
v 0.0175895281 -0.142542 0.00500000035
v 0.018192187 -0.1423006 0.00500000035
v 0.0184924249 -0.142273054 0.00500000035
v 0.0187926628 -0.1423006 0.00500000035
v 0.009659151 -0.142756328 0.00500000035
v 0.0173257 -0.142756328 0.00500000035
v 0.0171113815 -0.143020168 0.00500000035
v 0.0098734675 -0.143020168 0.00500000035
v 0.0169582739 -0.1433157 0.00500000035
v 0.010026576 -0.1433157 0.00500000035
v 0.0168699715 -0.143622816 0.00500000035
v 0.0101148793 -0.143622816 0.00500000035
v 0.0434924252 -0.138923049 0.00500000035
v 0.0168424249 -0.143923044 0.00500000035
v 0.0101424241 -0.143923044 0.00500000035
v 0.0101148793 -0.1442233 0.00500000035
v 0.0168699715 -0.1442233 0.00500000035
v 0.010026576 -0.1445304 0.00500000035
v 0.0169582739 -0.1445304 0.00500000035
v 0.0098734675 -0.14482595 0.00500000035
v 0.0171113815 -0.14482595 0.00500000035
v 0.009659151 -0.14508979 0.00500000035
v 0.0173257 -0.14508979 0.00500000035
v 0.009395321 -0.145304084 0.00500000035
v 0.0175895281 -0.145304084 0.00500000035
v 0.009099781 -0.145457208 0.00500000035
v 0.0178850684 -0.145457208 0.00500000035
v 0.008792664 -0.145545512 0.00500000035
v 0.018192187 -0.145545512 0.00500000035
v 0.0184924249 -0.14557305 0.00500000035
v 0.0187926628 -0.145545512 0.00500000035
v 0.0190997813 -0.145457208 0.00500000035
v 0.03788507 -0.145457208 0.00500000035
v 0.0381921865 -0.145545512 0.00500000035
v 0.0384924263 -0.14557305 0.00500000035
v 0.038792666 -0.145545512 0.00500000035
v 0.0390997827 -0.145457208 0.00500000035
v 0.0375895277 -0.145304084 0.00500000035
v 0.0193953216 -0.145304084 0.00500000035
v 0.0373257 -0.14508979 0.00500000035
v 0.01965915 -0.14508979 0.00500000035
v 0.0371113829 -0.14482595 0.00500000035
v 0.0198734663 -0.14482595 0.00500000035
v 0.0369582735 -0.1445304 0.00500000035
v 0.0200265758 -0.1445304 0.00500000035
v 0.0368699729 -0.1442233 0.00500000035
v 0.0201148763 -0.1442233 0.00500000035
v 0.03939532 -0.145304084 0.00500000035
v 0.03684243 -0.143923044 0.00500000035
v 0.0201424249 -0.143923044 0.00500000035
v 0.0201148763 -0.143622816 0.00500000035
v 0.0368699729 -0.143622816 0.00500000035
v 0.0200265758 -0.1433157 0.00500000035
v 0.0369582735 -0.1433157 0.00500000035
v 0.0198734663 -0.143020168 0.00500000035
v 0.0371113829 -0.143020168 0.00500000035
v 0.01965915 -0.142756328 0.00500000035
v 0.0373257 -0.142756328 0.00500000035
v 0.0193953216 -0.142542 0.00500000035
v 0.0375895277 -0.142542 0.00500000035
v 0.03965915 -0.14508979 0.00500000035
v 0.0190997813 -0.14238891 0.00500000035
v 0.0398734659 -0.14482595 0.00500000035
v 0.0400265753 -0.1445304 0.00500000035
v 0.04011488 -0.1442233 0.00500000035
v 0.0401424244 -0.143923044 0.00500000035
v 0.04011488 -0.143622816 0.00500000035
v 0.0400265753 -0.1433157 0.00500000035
v 0.0398734659 -0.143020168 0.00500000035
v 0.03965915 -0.142756328 0.00500000035
v 0.03939532 -0.142542 0.00500000035
v 0.0390997827 -0.14238891 0.00500000035
v 0.038792666 -0.1423006 0.00500000035
v 0.0384924263 -0.142273054 0.00500000035
v 0.0381921865 -0.1423006 0.00500000035
v 0.03788507 -0.14238891 0.00500000035
v -0.09857173 -0.0550000034 0.00500000035
v -0.100912414 -0.0584658533 0.00500000035
v -0.100616872 -0.0586189553 0.00500000035
v -0.100353047 -0.05883328 0.00500000035
v -0.101219535 -0.05837755 0.00500000035
v -0.100138724 -0.0590971075 0.00500000035
v -0.101519763 -0.0583500043 0.00500000035
v -0.09998563 -0.059392646 0.00500000035
v -0.09989731 -0.05969976 0.00500000035
v -0.09986977 -0.0600000024 0.00500000035
v -0.101820007 -0.05837755 0.00500000035
v -0.09989731 -0.0603002459 0.00500000035
v -0.110000007 -0.0550000034 0.00500000035
v -0.09998563 -0.06060736 0.00500000035
v -0.100138724 -0.0609029 0.00500000035
v -0.100353047 -0.06116673 0.00500000035
v -0.100616872 -0.06138105 0.00500000035
v -0.100912414 -0.0615341552 0.00500000035
v -0.102127127 -0.0584658533 0.00500000035
v -0.10242267 -0.0586189553 0.00500000035
v -0.1026865 -0.05883328 0.00500000035
v -0.102900818 -0.0590971075 0.00500000035
v -0.103053913 -0.059392646 0.00500000035
v -0.101219535 -0.0616224557 0.00500000035
v -0.103142224 -0.05969976 0.00500000035
v -0.101519763 -0.06165 0.00500000035
v -0.103169769 -0.0600000024 0.00500000035
v -0.101820007 -0.0616224557 0.00500000035
v -0.103142224 -0.0603002459 0.00500000035
v -0.102127127 -0.0615341552 0.00500000035
v -0.10242267 -0.06138105 0.00500000035
v -0.1026865 -0.06116673 0.00500000035
v -0.103053913 -0.06060736 0.00500000035
v -0.102900818 -0.0609029 0.00500000035
v -0.0871985 -0.0755582452 0.00275000022
v -0.09857173 -0.0550000034 0.0005
v -0.09857173 -0.0550000034 0.00500000035
v -0.07582527 -0.09611648 0.00500000035
v -0.07582527 -0.09611648 0.0005
v -0.104285881 -0.0550000034 0.00275000022
v -0.110000007 -0.0550000034 0.0005
v -0.110000007 -0.0550000034 0.00500000035
v -0.09857173 -0.0550000034 0.00500000035
v -0.09857173 -0.0550000034 0.0005
v -0.07088363 -0.125706688 0.00500000035
v -0.0904418156 -0.09035334 0.00275000022
v -0.07088363 -0.125706688 0.0005
v -0.0904418156 -0.09035334 0.00500000035
v -0.110000007 -0.0550000034 0.0005
v -0.110000007 -0.0550000034 0.00500000035
v -0.06775326 -0.130592331 0.00275000022
v -0.06775326 -0.130592331 0.0005
v -0.06391135 -0.135147989 0.0005
v -0.07088363 -0.125706688 0.0005
v -0.07088363 -0.125706688 0.00500000035
v -0.06775326 -0.130592331 0.00500000035
v -0.06391135 -0.135147989 0.00275000022
v -0.0594152 -0.139224112 0.0005
v -0.06391135 -0.135147989 0.00500000035
v -0.0594152 -0.139224112 0.00275000022
v -0.0543629564 -0.142686844 0.0005
v -0.0594152 -0.139224112 0.00500000035
v -0.0543629564 -0.142686844 0.00275000022
v -0.0488872863 -0.145431444 0.0005
v -0.0543629564 -0.142686844 0.00500000035
v -0.0488872863 -0.145431444 0.00275000022
v -0.0431440771 -0.147392482 0.0005
v -0.0488872863 -0.145431444 0.00500000035
v -0.0431440771 -0.147392482 0.00275000022
v -0.0372979753 -0.148548961 0.0005
v -0.0431440771 -0.147392482 0.00500000035
v -0.0372979753 -0.148548961 0.00275000022
v -0.0315075777 -0.148923054 0.0005
v -0.0372979753 -0.148548961 0.00500000035
v -0.0315075777 -0.148923054 0.00500000035
v 0.00599242374 -0.148923054 0.00275000022
v 0.0434924252 -0.148923054 0.0005
v 0.0434924252 -0.148923054 0.00500000035
v -0.0315075777 -0.148923054 0.00500000035
v -0.0315075777 -0.148923054 0.0005
v 0.0434924252 -0.143923044 0.00275000022
v 0.0434924252 -0.138923049 0.0005
v 0.0434924252 -0.138923049 0.00500000035
v 0.0434924252 -0.148923054 0.00500000035
v 0.0434924252 -0.148923054 0.0005
v -0.01332044 -0.0699617043 0.00205000234
v -0.0140543832 -0.07016826 0.00196026312
v -0.0107136071 -0.0721172243 0.00196026312
v -0.0175199769 -0.0685910955 0.00196026312
v -0.00766930543 -0.07365951 0.00205000234
v -0.00755624752 -0.07442163 0.00196026312
v -0.00463751843 -0.0770529956 0.00196026312
v -0.0193683356 -0.067361 0.00205000234
v -0.02459298 -0.0665574446 0.00196026312
v -0.00270368485 -0.07834023 0.00205000234
v -0.002006155 -0.0799717158 0.00196026312
v -0.0255177449 -0.06586695 0.00205000234
v -0.0315075777 -0.06592305 0.00196026312
v 0.00133961032 -0.08379328 0.00205000234
v 0.0002982535 -0.08312909 0.00196026312
v 0.00224721641 -0.08646986 0.00196026312
v 0.004312151 -0.08974235 0.00205000234
v 0.00382437953 -0.0899354443 0.00196026312
v 0.006170061 -0.095889315 0.00205000234
v 0.00585802831 -0.09700846 0.00196026312
v 0.00681252964 -0.09995887 0.00205000234
v 0.00649242429 -0.103923045 0.00196026312
v -0.002309671 -0.07799028 0.00224167388
v 0.00178893271 -0.083517924 0.00224167388
v 0.00480213575 -0.08954837 0.00224167388
v 0.00668546 -0.09577942 0.00224167388
v -0.00734321726 -0.07324553 0.00224167388
v -0.0130716562 -0.06949714 0.00224167388
v -0.01920228 -0.0668608546 0.00224167388
v -0.0254358072 -0.0653463751 0.00224167388
v 0.00221513631 -0.08325674 0.00253885332
v -0.00193593069 -0.0776583254 0.00253885332
v -0.007033907 -0.07285285 0.00253885332
v -0.0128356721 -0.06905647 0.00253885332
v -0.0190447718 -0.0663864538 0.00253885332
v -0.0253580865 -0.06485258 0.00253885332
v 0.00526690856 -0.0893643647 0.00253885332
v -0.00160556007 -0.0773649 0.002933602
v -0.00676049 -0.0725057349 0.002933602
v -0.0126270717 -0.06866695 0.002933602
v -0.0189055391 -0.0659671 0.002933602
v -0.0252893865 -0.06441609 0.002933602
v 0.002591882 -0.08302585 0.002933602
v 0.00717434054 -0.0956751853 0.00253885332
v 0.00567774847 -0.08920172 0.002933602
v 0.00733671756 -0.09990465 0.00224167388
v 0.007017029 -0.103923045 0.00205000234
v 0.00681252964 -0.107887238 0.00205000234
v 0.00585802831 -0.110837653 0.00196026312
v 0.0075440146 -0.103923045 0.00224167388
v 0.007833933 -0.09985321 0.00253885332
v 0.007606489 -0.09558304 0.002933602
v -0.00133848889 -0.0771276951 0.0034063356
v 0.00289644254 -0.0828392059 0.0034063356
v 0.006009871 -0.08907024 0.0034063356
v -0.00653946074 -0.07222513 0.0034063356
v -0.01245844 -0.068352066 0.0034063356
v -0.0187929813 -0.0656281 0.0034063356
v -0.025233848 -0.06406323 0.0034063356
v 0.008273452 -0.09980775 0.002933602
v 0.007955838 -0.09550855 0.0034063356
v 0.008043884 -0.103923045 0.00253885332
v 0.00733671756 -0.107941464 0.00224167388
v 0.006170061 -0.11195679 0.00205000234
v 0.00505448133 -0.1160623 0.00205000234
v 0.00382437953 -0.117910653 0.00196026312
v 0.00668546 -0.112066686 0.00224167388
v 0.007833933 -0.107992895 0.00253885332
v 0.0084857475 -0.103923045 0.002933602
v 0.003445152 -0.120123416 0.00205000234
v 0.00224721641 -0.121376254 0.00196026312
v 0.00555462 -0.11622835 0.00224167388
v 0.00717434054 -0.11217092 0.00253885332
v 0.00133961032 -0.12405283 0.00205000234
v 0.0002982535 -0.124717019 0.00196026312
v 0.00392327644 -0.120345041 0.00224167388
v -0.00124403369 -0.127761334 0.00205000234
v -0.002006155 -0.127874374 0.00196026312
v 0.008628758 -0.0997709855 0.0034063356
v 0.008273452 -0.108038366 0.002933602
v 0.00602902565 -0.116385855 0.00253885332
v 0.00178893271 -0.124328181 0.00224167388
v -0.0042665666 -0.131164059 0.00205000234
v -0.00463751843 -0.13079311 0.00196026312
v -0.00755624752 -0.133424476 0.00196026312
v 0.008842951 -0.103923045 0.0034063356
v 0.007606489 -0.112263069 0.002933602
v 0.0043768 -0.120555237 0.00253885332
v -0.0008300531 -0.128087416 0.00224167388
v -0.00766930543 -0.1341866 0.00205000234
v -0.0107136071 -0.135728881 0.00196026312
v 0.008628758 -0.108075112 0.0034063356
v 0.00644837972 -0.1165251 0.002933602
v 0.00221513631 -0.124589369 0.00253885332
v -0.00389393186 -0.1315367 0.00224167388
v -0.0113778086 -0.136770248 0.00205000234
v -0.0140543832 -0.137677848 0.00196026312
v 0.007955838 -0.112337552 0.0034063356
v 0.00477769552 -0.120741047 0.002933602
v -0.000437373383 -0.128396735 0.00253885332
v -0.00734321726 -0.13460058 0.00224167388
v -0.0153072048 -0.138875782 0.00205000234
v -0.0175199769 -0.139255 0.00196026312
v 0.00678738533 -0.116637647 0.0034063356
v 0.002591882 -0.124820255 0.002933602
v -0.00354047073 -0.131890163 0.00253885332
v -0.01110245 -0.137219563 0.00224167388
v -0.0193683356 -0.140485108 0.00205000234
v -0.02459298 -0.141288653 0.00196026312
v 0.00510177854 -0.120891258 0.0034063356
v -9.026122E-05 -0.128670141 0.002933602
v -0.007033907 -0.134993255 0.00253885332
v -0.0150855985 -0.1393539 0.00224167388
v 0.00289644254 -0.1250069 0.0034063356
v -0.00322802574 -0.1322026 0.002933602
v -0.01084126 -0.137645766 0.00253885332
v 0.000190343912 -0.12889117 0.0034063356
v -0.00676049 -0.135340378 0.002933602
v -0.00297544571 -0.132455185 0.0034063356
v -0.01920228 -0.14098525 0.00224167388
v -0.0148753924 -0.139807433 0.00253885332
v -0.0106103793 -0.138022512 0.002933602
v -0.00653946074 -0.135620967 0.0034063356
v -0.02347384 -0.1416007 0.00205000234
v -0.0275433976 -0.142243162 0.00205000234
v -0.0315075777 -0.141923055 0.00196026312
v -0.0315075777 -0.142447665 0.00205000234
v -0.0233639479 -0.142116085 0.00224167388
v -0.0274891742 -0.142767355 0.00224167388
v -0.0315075777 -0.142974645 0.00224167388
v -0.0190447718 -0.141459659 0.00253885332
v -0.01468958 -0.140208334 0.002933602
v -0.0274377353 -0.143264562 0.00253885332
v -0.0315075777 -0.143474519 0.00253885332
v -0.0232597049 -0.142604977 0.00253885332
v -0.0273922663 -0.143704087 0.002933602
v -0.0315075777 -0.143916368 0.002933602
v -0.0189055391 -0.141879 0.002933602
v -0.0231675617 -0.143037111 0.002933602
v -0.0104237339 -0.138327062 0.0034063356
v -0.0273555126 -0.14405939 0.0034063356
v -0.0315075777 -0.144273579 0.0034063356
v -0.0230930727 -0.143386468 0.0034063356
v -0.0187929813 -0.142218009 0.0034063356
v -0.0145393694 -0.140532419 0.0034063356
v -0.0273292512 -0.144313246 0.00392888254
v -0.0315075777 -0.144528776 0.00392888254
v -0.0230398513 -0.143636063 0.00392888254
v -0.0187125653 -0.142460227 0.00392888254
v -0.0144320494 -0.140763953 0.00392888254
v -0.0102903834 -0.138544679 0.00392888254
v -0.02731404 -0.144460291 0.004469805
v -0.0315075777 -0.144676611 0.004469805
v -0.0315075777 -0.144723058 0.00500000035
v -0.024083484 -0.144041911 0.00500000035
v -0.0230090246 -0.143780649 0.004469805
v -0.020281123 -0.143148139 0.00500000035
v -0.0186659843 -0.142600521 0.004469805
v -0.0164893121 -0.141858429 0.00500000035
v -0.0143698845 -0.140898079 0.004469805
v -0.0127683571 -0.140165046 0.00500000035
v -0.0102131395 -0.138670713 0.004469805
v -0.00918141752 -0.138072461 0.00500000035
v -0.006290069 -0.135937586 0.004469805
v -0.005791413 -0.135598272 0.00500000035
v -0.006381544 -0.135821462 0.00392888254
v -0.002690455 -0.13274017 0.004469805
v -0.00265761954 -0.132773012 0.00500000035
v 0.0001676341 -0.129639223 0.00500000035
v -0.00279498752 -0.132635653 0.00392888254
v 0.000506955956 -0.129140571 0.004469805
v 0.002641841 -0.126249209 0.00500000035
v 0.000390825124 -0.129049093 0.00392888254
v 0.00324008428 -0.1252175 0.004469805
v 0.004734412 -0.122662269 0.00500000035
v 0.003114039 -0.125140235 0.00392888254
v 0.00546744838 -0.121060751 0.004469805
v 0.00642778724 -0.118941322 0.00500000035
v 0.0053333235 -0.120998576 0.00392888254
v 0.007169891 -0.116764642 0.004469805
v 0.007717502 -0.115149513 0.00500000035
v 0.00702959 -0.116718069 0.00392888254
v 0.008350016 -0.1124216 0.004469805
v 0.008611284 -0.111347146 0.00500000035
v 0.008205434 -0.112390779 0.00392888254
v 0.009029657 -0.1081166 0.004469805
v 0.009292425 -0.103923045 0.00500000035
v 0.00888261 -0.108101383 0.00392888254
v 0.009245988 -0.103923045 0.004469805
v 0.009098156 -0.103923045 0.00392888254
v 0.009029657 -0.0997295156 0.004469805
v 0.008611284 -0.09649896 0.00500000035
v 0.00888261 -0.09974472 0.00392888254
v 0.008350016 -0.0954245 0.004469805
v 0.007717502 -0.09269659 0.00500000035
v 0.008205434 -0.09545533 0.00392888254
v 0.006384611 -0.08892189 0.004469805
v 0.00642778724 -0.08890479 0.00500000035
v 0.004734412 -0.08518384 0.00500000035
v 0.00624715863 -0.08897631 0.00392888254
v 0.00324008428 -0.0826286152 0.004469805
v 0.002641841 -0.0815968961 0.00500000035
v 0.0001676341 -0.07820689 0.00500000035
v 0.003114039 -0.08270587 0.00392888254
v -0.00103714759 -0.0768600553 0.004469805
v -0.00265761954 -0.07507309 0.00500000035
v -0.00114767719 -0.0769582242 0.00392888254
v -0.006290069 -0.07190852 0.004469805
v -0.005791413 -0.07224784 0.00500000035
v -0.00918141752 -0.06977364 0.00500000035
v -0.006381544 -0.07202465 0.00392888254
v -0.0122681689 -0.06799676 0.004469805
v -0.0127683571 -0.06768107 0.00500000035
v -0.0164893121 -0.06598769 0.00500000035
v -0.0123379584 -0.06812709 0.00392888254
v -0.0186659843 -0.06524558 0.004469805
v -0.020281123 -0.06469797 0.00500000035
v -0.0187125653 -0.0653858855 0.00392888254
v -0.025171183 -0.0636651 0.004469805
v -0.024083484 -0.0638041943 0.00500000035
v -0.0315075777 -0.06312305 0.00500000035
v -0.0251941662 -0.06381113 0.00392888254
v -0.0315075777 -0.06316949 0.004469805
v -0.0315075777 -0.06331732 0.00392888254
v -0.0357011147 -0.06338582 0.004469805
v -0.03893167 -0.0638041943 0.00500000035
v -0.0315075777 -0.063572526 0.0034063356
v -0.04000613 -0.0640654638 0.004469805
v -0.0427340344 -0.06469797 0.00500000035
v -0.0356859043 -0.06353287 0.00392888254
v -0.0315075777 -0.06392972 0.002933602
v -0.04434917 -0.06524558 0.004469805
v -0.0465258434 -0.06598769 0.00500000035
v -0.03565964 -0.06378672 0.0034063356
v -0.0399753042 -0.06421004 0.00392888254
v -0.0315075777 -0.06437159 0.00253885332
v -0.04864527 -0.06694803 0.004469805
v -0.0502467975 -0.06768107 0.00500000035
v -0.0356228873 -0.064142026 0.002933602
v -0.03992208 -0.06445964 0.0034063356
v -0.04430259 -0.0653858855 0.00392888254
v -0.0315075777 -0.06487146 0.00224167388
v -0.05280202 -0.06917539 0.004469805
v -0.053833738 -0.06977364 0.00500000035
v -0.03557742 -0.06458154 0.00253885332
v -0.03984759 -0.06480899 0.002933602
v -0.0442221723 -0.0656281 0.0034063356
v -0.0485831052 -0.06708215 0.00392888254
v -0.0315075777 -0.06539845 0.00205000234
v -0.0567250848 -0.07190852 0.004469805
v -0.05722374 -0.07224784 0.00500000035
v -0.03552598 -0.06507876 0.00224167388
v -0.035471756 -0.06560294 0.00205000234
v -0.0384221748 -0.0665574446 0.00196026312
v -0.05272477 -0.0693014339 0.00392888254
v -0.048475787 -0.0673137 0.0034063356
v -0.0603247024 -0.0751059353 0.004469805
v -0.0603575334 -0.07507309 0.00500000035
v -0.06318279 -0.07820689 0.00500000035
v -0.05663361 -0.07202465 0.00392888254
v -0.0635221153 -0.07870554 0.004469805
v -0.06565699 -0.0815968961 0.00500000035
v -0.0441096164 -0.0659671 0.002933602
v -0.05259142 -0.06951903 0.0034063356
v -0.06022017 -0.07521047 0.00392888254
v -0.06625524 -0.0826286152 0.004469805
v -0.06774956 -0.08518384 0.00500000035
v -0.03975545 -0.0652411357 0.00253885332
v -0.0483255759 -0.06763778 0.002933602
v -0.0564756952 -0.07222513 0.0034063356
v -0.0634059757 -0.07879703 0.00392888254
v -0.0684826 -0.08678536 0.004469805
v -0.06944294 -0.08890479 0.00500000035
v -0.0396512076 -0.06573002 0.00224167388
v -0.0524047762 -0.06982359 0.002933602
v -0.0600397065 -0.07539092 0.0034063356
v -0.0661292 -0.08270587 0.00392888254
v -0.07018505 -0.0910814553 0.004469805
v -0.07073266 -0.09269659 0.00500000035
v -0.03954131 -0.0662454143 0.00205000234
v -0.04364682 -0.067361 0.00205000234
v -0.04549518 -0.0685910955 0.00196026312
v -0.0438128747 -0.0668608546 0.00224167388
v -0.04770795 -0.06897033 0.00205000234
v -0.0489607751 -0.07016826 0.00196026312
v -0.0632054955 -0.0789549351 0.0034063356
v -0.07136517 -0.0954245 0.004469805
v -0.07162644 -0.09649896 0.00500000035
v -0.0439703837 -0.0663864538 0.00253885332
v -0.0481397621 -0.06803868 0.00253885332
v -0.0479295552 -0.068492204 0.00224167388
v -0.05217389 -0.07020035 0.00253885332
v -0.0519127063 -0.07062654 0.00224167388
v -0.05625467 -0.0725057349 0.002933602
v -0.0559812449 -0.07285285 0.00253885332
v -0.0597871281 -0.0756435 0.002933602
v -0.0516373478 -0.0710758641 0.00205000234
v -0.05230155 -0.0721172243 0.00196026312
v -0.0556719378 -0.07324553 0.00224167388
v -0.05534585 -0.07365951 0.00205000234
v -0.0554589033 -0.07442163 0.00196026312
v -0.0594746843 -0.07595595 0.00253885332
v -0.06292489 -0.07917597 0.002933602
v -0.058748588 -0.07668204 0.00205000234
v -0.05837764 -0.0770529956 0.00196026312
v -0.061009 -0.0799717158 0.00196026312
v -0.0591212176 -0.07630941 0.00224167388
v -0.06177112 -0.0800847858 0.00205000234
v -0.0633134 -0.08312909 0.00196026312
v -0.0625777841 -0.07944938 0.00253885332
v -0.0621850975 -0.07975869 0.00224167388
v -0.0659116 -0.0828392059 0.0034063356
v -0.06435477 -0.08379328 0.00205000234
v -0.06526238 -0.08646986 0.00196026312
v -0.06480409 -0.083517924 0.00224167388
v -0.06523029 -0.08325674 0.00253885332
v -0.06560704 -0.08302585 0.002933602
v -0.06834848 -0.08684753 0.00392888254
v -0.066460304 -0.08772268 0.00205000234
v -0.06683954 -0.0899354443 0.00196026312
v -0.06693843 -0.08750107 0.00224167388
v -0.0673919544 -0.08729087 0.00253885332
v -0.06779285 -0.08710505 0.002933602
v -0.06811693 -0.08695484 0.0034063356
v -0.07004474 -0.0911280438 0.00392888254
v -0.06806964 -0.0917838141 0.00205000234
v -0.06887318 -0.09700846 0.00196026312
v -0.06856977 -0.09161776 0.00224167388
v -0.06904417 -0.09146026 0.00253885332
v -0.0694635361 -0.0913210139 0.002933602
v -0.06980254 -0.09120846 0.0034063356
v -0.07122059 -0.09545533 0.00392888254
v -0.07097099 -0.09550855 0.0034063356
v -0.07062165 -0.09558304 0.002933602
v -0.07018949 -0.0956751853 0.00253885332
v -0.06970061 -0.09577942 0.00224167388
v -0.07204481 -0.0997295156 0.004469805
v -0.07230758 -0.103923045 0.00500000035
v -0.07189776 -0.09974472 0.00392888254
v -0.07164391 -0.0997709855 0.0034063356
v -0.07128861 -0.09980775 0.002933602
v -0.07226114 -0.103923045 0.004469805
v -0.07211331 -0.103923045 0.00392888254
v -0.07204481 -0.1081166 0.004469805
v -0.07162644 -0.111347146 0.00500000035
v -0.0718581 -0.103923045 0.0034063356
v -0.07084909 -0.09985321 0.00253885332
v -0.07136517 -0.1124216 0.004469805
v -0.07073266 -0.115149513 0.00500000035
v -0.07189776 -0.108101383 0.00392888254
v -0.0715009049 -0.103923045 0.002933602
v -0.06939977 -0.118924223 0.004469805
v -0.06944294 -0.118941322 0.00500000035
v -0.06774956 -0.122662269 0.00500000035
v -0.07164391 -0.108075112 0.0034063356
v -0.07122059 -0.112390779 0.00392888254
v -0.06625524 -0.1252175 0.004469805
v -0.06565699 -0.126249209 0.00500000035
v -0.06318279 -0.129639223 0.00500000035
v -0.06926231 -0.118869804 0.00392888254
v -0.07097099 -0.112337552 0.0034063356
v -0.07128861 -0.108038366 0.002933602
v -0.06197801 -0.130986065 0.004469805
v -0.0603575334 -0.132773012 0.00500000035
v -0.0661292 -0.125140235 0.00392888254
v -0.0690250248 -0.118775874 0.0034063356
v -0.0567250848 -0.135937586 0.004469805
v -0.05722374 -0.135598272 0.00500000035
v -0.053833738 -0.138072461 0.00500000035
v -0.06186748 -0.1308879 0.00392888254
v -0.0507469848 -0.13984935 0.004469805
v -0.0502467975 -0.140165046 0.00500000035
v -0.0465258434 -0.141858429 0.00500000035
v -0.07062165 -0.112263069 0.002933602
v -0.0659116 -0.1250069 0.0034063356
v -0.05663361 -0.135821462 0.00392888254
v -0.04434917 -0.142600521 0.004469805
v -0.0427340344 -0.143148139 0.00500000035
v -0.0686929 -0.118644387 0.002933602
v -0.0616766661 -0.13071841 0.0034063356
v -0.0506771952 -0.139719024 0.00392888254
v -0.0378439724 -0.144181013 0.004469805
v -0.03893167 -0.144041911 0.00500000035
v -0.0315075777 -0.144723058 0.00500000035
v -0.0315075777 -0.144676611 0.004469805
v -0.04430259 -0.142460227 0.00392888254
v -0.0378209874 -0.144034982 0.00392888254
v -0.0315075777 -0.144528776 0.00392888254
v -0.0564756952 -0.135620967 0.0034063356
v -0.06560704 -0.124820255 0.002933602
v -0.0505567156 -0.139494047 0.0034063356
v -0.0377813056 -0.143782869 0.0034063356
v -0.0315075777 -0.144273579 0.0034063356
v -0.0442221723 -0.142218009 0.0034063356
v -0.0614095926 -0.1304812 0.002933602
v -0.03772577 -0.143430024 0.002933602
v -0.0315075777 -0.143916368 0.002933602
v -0.05625467 -0.135340378 0.002933602
v -0.0503880829 -0.13917914 0.002933602
v -0.0441096164 -0.141879 0.002933602
v -0.0376570672 -0.142993525 0.00253885332
v -0.0315075777 -0.143474519 0.00253885332
v -0.0439703837 -0.141459659 0.00253885332
v -0.05017948 -0.138789624 0.00253885332
v -0.0559812449 -0.134993255 0.00253885332
v -0.0610792227 -0.13018778 0.00253885332
v -0.0375793464 -0.142499745 0.00224167388
v -0.0315075777 -0.142974645 0.00224167388
v -0.0438128747 -0.14098525 0.00224167388
v -0.0499434955 -0.138348967 0.00224167388
v -0.0556719378 -0.13460058 0.00224167388
v -0.0374974124 -0.141979158 0.00205000234
v -0.0315075777 -0.142447665 0.00205000234
v -0.0315075777 -0.141923055 0.00196026312
v -0.0384221748 -0.141288653 0.00196026312
v -0.04364682 -0.140485108 0.00205000234
v -0.04549518 -0.139255 0.00196026312
v -0.04969471 -0.137884408 0.00205000234
v -0.0489607751 -0.137677848 0.00196026312
v -0.05230155 -0.135728881 0.00196026312
v -0.05534585 -0.1341866 0.00205000234
v -0.0554589033 -0.133424476 0.00196026312
v -0.05837764 -0.13079311 0.00196026312
v -0.0603114665 -0.129505873 0.00205000234
v -0.061009 -0.127874374 0.00196026312
v -0.060705483 -0.129855841 0.00224167388
v -0.06435477 -0.12405283 0.00205000234
v -0.0633134 -0.124717019 0.00196026312
v -0.06526238 -0.121376254 0.00196026312
v -0.06480409 -0.124328181 0.00224167388
v -0.0673273057 -0.118103758 0.00205000234
v -0.06683954 -0.117910653 0.00196026312
v -0.06523029 -0.124589369 0.00253885332
v -0.06918521 -0.11195679 0.00205000234
v -0.06887318 -0.110837653 0.00196026312
v -0.0678172857 -0.118297741 0.00224167388
v -0.06828207 -0.11848174 0.00253885332
v -0.06982768 -0.107887238 0.00205000234
v -0.06950758 -0.103923045 0.00196026312
v -0.06970061 -0.112066686 0.00224167388
v -0.07018949 -0.11217092 0.00253885332
v -0.07035187 -0.107941464 0.00224167388
v -0.07084909 -0.107992895 0.00253885332
v -0.07003219 -0.103923045 0.00205000234
v -0.07105904 -0.103923045 0.00253885332
v -0.0705591738 -0.103923045 0.00224167388
v -0.06982768 -0.09995887 0.00205000234
v -0.07035187 -0.09990465 0.00224167388
v -0.06918521 -0.095889315 0.00205000234
v 0.00774414325 -0.08191617 0.00025
v 0.00774414325 -0.08191617 0
v 0.0109188315 -0.08892305 0
v 0.0034924245 -0.07563878 0
v 0.0034924245 -0.07563878 0.0005
v 0.00774414325 -0.08191617 0.0005
v 0.0109188315 -0.08892305 0.00025
v 0.0128537267 -0.09636826 0
v 0.0109188315 -0.08892305 0.0005
v 0.0128537267 -0.09636826 0.00025
v 0.013492425 -0.103923045 0
v 0.0128537267 -0.09636826 0.0005
v 0.013492425 -0.103923045 0.0005
v 0.008492424 -0.0550000034 0.00250000018
v 0.0034924245 -0.0550000034 0
v 0.0034924245 -0.0550000034 0.00500000035
v 0.013492425 -0.0550000034 0.00500000035
v 0.013492425 -0.0550000034 0
v 0.0034924245 -0.07563878 0.0005
v 0.0034924245 -0.0653194 0.00250000018
v 0.0034924245 -0.07563878 0
v 0.0034924245 -0.07563878 0.00500000035
v 0.0034924245 -0.0550000034 0
v 0.0034924245 -0.0550000034 0.00500000035
v 0.013492425 -0.0550000034 0
v 0.013492425 -0.07946152 0.00250000018
v 0.013492425 -0.103923045 0
v 0.013492425 -0.0550000034 0.00500000035
v 0.013492425 -0.103923045 0.0005
v 0.013492425 -0.103923045 0.00500000035
v 0.0004151557 -0.1356396 0.00275000022
v 0.0004151557 -0.1356396 0.0005
v 0.0037325 -0.131907642 0.0005
v -0.00322330487 -0.138923049 0.0005
v -0.00322330487 -0.138923049 0.00500000035
v 0.0004151557 -0.1356396 0.00500000035
v 0.0037325 -0.131907642 0.00275000022
v 0.006649688 -0.127777264 0.0005
v 0.0037325 -0.131907642 0.00500000035
v 0.006649688 -0.127777264 0.00275000022
v 0.009099026 -0.123316459 0.0005
v 0.006649688 -0.127777264 0.00500000035
v 0.009099026 -0.123316459 0.00275000022
v 0.0110290386 -0.11860761 0.0005
v 0.009099026 -0.123316459 0.00500000035
v 0.0110290386 -0.11860761 0.00275000022
v 0.0124079883 -0.113742582 0.0005
v 0.0110290386 -0.11860761 0.00500000035
v 0.0124079883 -0.113742582 0.00275000022
v 0.0132255424 -0.108816758 0.0005
v 0.0124079883 -0.113742582 0.00500000035
v 0.0132255424 -0.108816758 0.00275000022
v 0.013492425 -0.103923045 0.0005
v 0.0132255424 -0.108816758 0.00500000035
v 0.013492425 -0.103923045 0.00500000035
v 0.04324243 -0.143923044 0.00025
v 0.0434924252 -0.148923054 0.0005
v 0.0429924242 -0.148423061 0
v 0.0429924242 -0.139423043 0
v 0.0434924252 -0.138923049 0.0005
v -0.0315075777 -0.148923054 0.0005
v -0.0372658074 -0.148301035 0.00025
v -0.0315075777 -0.148423061 0
v -0.0372979753 -0.148548961 0.0005
v -0.03723364 -0.148053125 0
v -0.0431440771 -0.147392482 0.0005
v -0.04307943 -0.147151 0.00025
v -0.04301478 -0.1469095 0
v -0.0488872863 -0.145431444 0.0005
v -0.04879073 -0.145200834 0.00025
v -0.04869418 -0.144970238 0
v -0.0543629564 -0.142686844 0.0005
v -0.05423598 -0.142471492 0.00025
v -0.0541090071 -0.142256141 0
v -0.0594152 -0.139224112 0.0005
v -0.05926016 -0.139028 0.00025
v -0.0591051131 -0.138831884 0
v -0.06391135 -0.135147989 0.0005
v -0.06373133 -0.134974509 0.00025
v -0.06355131 -0.13480103 0
v -0.06775326 -0.130592331 0.0005
v -0.0675519 -0.130444169 0.00025
v -0.06735054 -0.130296 0
v -0.07088363 -0.125706688 0.0005
v -0.07044612 -0.125464648 0
v 0.00599242374 -0.148673058 0.00025
v -0.0315075777 -0.148423061 0
v 0.0429924242 -0.148423061 0
v 0.0434924252 -0.148923054 0.0005
v -0.0315075777 -0.148923054 0.0005
v -0.104285881 -0.0552500039 0.00025
v -0.109151974 -0.0555000044 0
v -0.110000007 -0.0550000034 0.0005
v -0.09857173 -0.0550000034 0.0005
v -0.09886654 -0.0555000044 0
v -0.08721335 -0.07626371 0.000145506565
v -0.09886654 -0.0555000044 0
v -0.09857173 -0.0550000034 0.0005
v -0.07582527 -0.09611648 0.0005
v -0.07556015 -0.09762858 0
v -0.0495650768 -0.07020378 0.00025
v -0.0489607751 -0.07016826 0.0005
v -0.05230155 -0.0721172243 0.0005
v -0.05517593 -0.07387523 0.00025
v -0.0554589033 -0.07442163 0.0005
v -0.04549518 -0.0685910955 0.0005
v -0.05837764 -0.0770529956 0.0005
v -0.04356029 -0.06762161 0.00025
v -0.0384221748 -0.0665574446 0.0005
v -0.06010616 -0.07852258 0.00025
v -0.061009 -0.0799717158 0.0005
v -0.06412063 -0.0839367658 0.00025
v -0.0633134 -0.08312909 0.0005
v -0.06526238 -0.08646986 0.0005
v -0.0374547169 -0.0661382154 0.00025
v -0.0315075777 -0.06592305 0.0005
v -0.06707198 -0.08984343 0.00025
v -0.06683954 -0.0899354443 0.0005
v -0.06891665 -0.09594658 0.00025
v -0.06887318 -0.09700846 0.0005
v -0.06955454 -0.09998713 0.00025
v -0.06950758 -0.103923045 0.0005
v -0.0385131538 -0.0660657957 0
v -0.0456792265 -0.0681262 0
v -0.0315075777 -0.06542306 -3.157197E-18
v -0.0491904169 -0.06972412 0
v -0.0525751524 -0.0716987252 0
v -0.05577406 -0.0740334541 0
v -0.05873119 -0.07669944 0
v -0.06139718 -0.07965658 0
v -0.06373191 -0.08285548 0
v -0.0657065138 -0.08624021 0
v -0.06730443 -0.08975141 0
v -0.06936484 -0.0969174653 0
v -0.07000758 -0.103923045 0
v -0.06975758 -0.103923045 0.00025
v -0.06955454 -0.107858986 0.00025
v -0.06936484 -0.110928632 0
v -0.06887318 -0.110837653 0.0005
v -0.06891665 -0.111899525 0.00025
v -0.06780902 -0.115975767 0.00025
v -0.06730443 -0.1180947 0
v -0.06683954 -0.117910653 0.0005
v -0.06621116 -0.120007947 0.00025
v -0.0657065138 -0.1216059 0
v -0.06526238 -0.121376254 0.0005
v -0.06412063 -0.123909339 0.00025
v -0.06373191 -0.124990635 0
v -0.0633134 -0.124717019 0.0005
v -0.0615554 -0.1275914 0.00025
v -0.06139718 -0.128189534 0
v -0.0585544147 -0.1309699 0.00025
v -0.061009 -0.127874374 0.0005
v -0.05873119 -0.131146669 0
v -0.05837764 -0.13079311 0.0005
v -0.05577406 -0.133812651 0
v -0.0554589033 -0.133424476 0.0005
v -0.05517593 -0.133970872 0.00025
v -0.0525751524 -0.13614738 0
v -0.05230155 -0.135728881 0.0005
v -0.0514938645 -0.1365361 0.00025
v -0.0491904169 -0.138121992 0
v -0.0489607751 -0.137677848 0.0005
v -0.04759247 -0.138626635 0.00025
v -0.0456792265 -0.1397199 0
v -0.04549518 -0.139255 0.0005
v -0.04356029 -0.140224487 0.00025
v -0.0385131538 -0.141780317 0
v -0.0384221748 -0.141288653 0.0005
v -0.03948405 -0.141332135 0.00025
v -0.0354435 -0.141970009 0.00025
v -0.0315075777 -0.142423049 0
v -0.0315075777 -0.141923055 0.0005
v -0.0275716558 -0.06587609 0.00025
v -0.024502 -0.0660657957 0
v -0.02459298 -0.0665574446 0.0005
v -0.0235311054 -0.0665139854 0.00025
v -0.0194548648 -0.06762161 0.00025
v -0.01733593 -0.0681262 0
v -0.0175199769 -0.0685910955 0.0005
v -0.0154226823 -0.06921947 0.00025
v -0.0138247348 -0.06972412 0
v -0.0140543832 -0.07016826 0.0005
v -0.0115212947 -0.0713100061 0.00025
v -0.01044 -0.0716987252 0
v -0.0107136071 -0.0721172243 0.0005
v -0.007839225 -0.07387523 0.00025
v -0.00724109868 -0.0740334541 0
v -0.00446074177 -0.0768762156 0.00025
v -0.00755624752 -0.07442163 0.0005
v -0.004283965 -0.07669944 0
v -0.00463751843 -0.0770529956 0.0005
v -0.00161797833 -0.07965658 0
v -0.002006155 -0.0799717158 0.0005
v -0.00145975337 -0.0802547038 0.00025
v 0.0007167512 -0.08285548 0
v 0.0002982535 -0.08312909 0.0005
v 0.00110547419 -0.0839367658 0.00025
v 0.00269135833 -0.08624021 0
v 0.00224721641 -0.08646986 0.0005
v 0.003196007 -0.08783816 0.00025
v 0.004289274 -0.08975141 0
v 0.00382437953 -0.0899354443 0.0005
v 0.00479386561 -0.0918703452 0.00025
v 0.006349681 -0.0969174653 0
v 0.00585802831 -0.09700846 0.0005
v 0.005901493 -0.09594658 0.00025
v 0.006539383 -0.09998713 0.00025
v 0.006992425 -0.103923045 0
v 0.00649242429 -0.103923045 0.0005
v 0.006742424 -0.103923045 0.00025
v 0.006539383 -0.107858986 0.00025
v 0.006349681 -0.110928632 0
v 0.00585802831 -0.110837653 0.0005
v 0.005901493 -0.111899525 0.00025
v 0.004289274 -0.1180947 0
v 0.00382437953 -0.117910653 0.0005
v 0.0040568267 -0.118002675 0.00025
v 0.00269135833 -0.1216059 0
v 0.00110547419 -0.123909339 0.00025
v 0.00224721641 -0.121376254 0.0005
v 0.0007167512 -0.124990635 0
v 0.0002982535 -0.124717019 0.0005
v -0.00161797833 -0.128189534 0
v -0.002006155 -0.127874374 0.0005
v -0.0029089998 -0.129323527 0.00025
v -0.004283965 -0.131146669 0
v -0.007839225 -0.133970872 0.00025
v -0.00463751843 -0.13079311 0.0005
v -0.00724109868 -0.133812651 0
v -0.00755624752 -0.133424476 0.0005
v -0.01044 -0.13614738 0
v -0.0134500787 -0.137642324 0.00025
v -0.0107136071 -0.135728881 0.0005
v -0.0138247348 -0.138121992 0
v -0.0140543832 -0.137677848 0.0005
v -0.01733593 -0.1397199 0
v -0.0175199769 -0.139255 0.0005
v -0.0194548648 -0.140224487 0.00025
v -0.024502 -0.141780317 0
v -0.02459298 -0.141288653 0.0005
v -0.0255604368 -0.1417079 0.00025
v -0.0315075777 -0.142423049 0
v -0.0315075777 -0.141923055 0.0005
v -0.0135681033 -0.07042417 0.0012301316
v -0.0140543832 -0.07016826 0.0005
v -0.0107136071 -0.0721172243 0.0005
v -0.00799392 -0.0740716159 0.0012301316
v -0.00755624752 -0.07442163 0.0005
v -0.0175199769 -0.0685910955 0.0005
v -0.00463751843 -0.0770529956 0.0005
v -0.0195336416 -0.0678588748 0.0012301316
v -0.02459298 -0.0665574446 0.0005
v -0.0030959188 -0.0786886 0.0012301316
v -0.002006155 -0.0799717158 0.0005
v 0.0008923169 -0.0840674 0.0012301316
v 0.0002982535 -0.08312909 0.0005
v 0.00224721641 -0.08646986 0.0005
v -0.02559931 -0.06638517 0.0012301316
v -0.0315075777 -0.06592305 0.0005
v 0.00382437953 -0.0899354443 0.0012301316
v 0.00382437953 -0.0899354443 0.0005
v 0.00565698929 -0.09599871 0.0012301316
v 0.00585802831 -0.09700846 0.0005
v 0.0062907096 -0.100012861 0.0012301316
v 0.00649242429 -0.103923045 0.0005
v -0.02459298 -0.0665574446 0.00196026312
v -0.0175199769 -0.0685910955 0.00196026312
v -0.0315075777 -0.06592305 0.00196026312
v -0.0140543832 -0.07016826 0.00196026312
v -0.0107136071 -0.0721172243 0.00196026312
v -0.00755624752 -0.07442163 0.00196026312
v -0.00463751843 -0.0770529956 0.00196026312
v -0.002006155 -0.0799717158 0.00196026312
v 0.0002982535 -0.08312909 0.00196026312
v 0.00224721641 -0.08646986 0.00196026312
v 0.00382437953 -0.0899354443 0.00196026312
v 0.00585802831 -0.09700846 0.00196026312
v 0.00649242429 -0.103923045 0.00196026312
v 0.00649242429 -0.103923045 0.0012301316
v 0.0062907096 -0.107833251 0.0012301316
v 0.00585802831 -0.110837653 0.00196026312
v 0.00585802831 -0.110837653 0.0005
v 0.00565698929 -0.111847386 0.0012301316
v 0.0045566014 -0.115896992 0.0012301316
v 0.00382437953 -0.117910653 0.00196026312
v 0.00382437953 -0.117910653 0.0005
v 0.00296918652 -0.119902819 0.0012301316
v 0.00224721641 -0.121376254 0.00196026312
v 0.00224721641 -0.121376254 0.0005
v 0.0008923169 -0.123778716 0.0012301316
v 0.0002982535 -0.124717019 0.00196026312
v 0.0002982535 -0.124717019 0.0005
v -0.00165614428 -0.127436712 0.0012301316
v -0.002006155 -0.127874374 0.00196026312
v -0.00463751843 -0.13079311 0.0012301316
v -0.002006155 -0.127874374 0.0005
v -0.00463751843 -0.13079311 0.00196026312
v -0.00463751843 -0.13079311 0.0005
v -0.00755624752 -0.133424476 0.00196026312
v -0.00755624752 -0.133424476 0.0005
v -0.00799392 -0.133774489 0.0012301316
v -0.0107136071 -0.135728881 0.00196026312
v -0.0107136071 -0.135728881 0.0005
v -0.0116519248 -0.136322945 0.0012301316
v -0.0140543832 -0.137677848 0.00196026312
v -0.0140543832 -0.137677848 0.0005
v -0.0155278128 -0.13839981 0.0012301316
v -0.0175199769 -0.139255 0.00196026312
v -0.0175199769 -0.139255 0.0005
v -0.0195336416 -0.13998723 0.0012301316
v -0.02459298 -0.141288653 0.00196026312
v -0.02459298 -0.141288653 0.0005
v -0.0235832389 -0.141087621 0.0012301316
v -0.02759738 -0.141721338 0.0012301316
v -0.0315075777 -0.141923055 0.00196026312
v -0.0315075777 -0.141923055 0.0005
v -0.0354177728 -0.06612477 0.0012301316
v -0.0384221748 -0.0665574446 0.00196026312
v -0.0384221748 -0.0665574446 0.0005
v -0.0394319147 -0.06675848 0.0012301316
v -0.0434815139 -0.0678588748 0.0012301316
v -0.04549518 -0.0685910955 0.00196026312
v -0.04549518 -0.0685910955 0.0005
v -0.04748734 -0.06944629 0.0012301316
v -0.0489607751 -0.07016826 0.00196026312
v -0.0489607751 -0.07016826 0.0005
v -0.05136323 -0.07152316 0.0012301316
v -0.05230155 -0.0721172243 0.00196026312
v -0.05230155 -0.0721172243 0.0005
v -0.0550212339 -0.0740716159 0.0012301316
v -0.0554589033 -0.07442163 0.00196026312
v -0.05837764 -0.0770529956 0.0012301316
v -0.0554589033 -0.07442163 0.0005
v -0.05837764 -0.0770529956 0.00196026312
v -0.05837764 -0.0770529956 0.0005
v -0.061009 -0.0799717158 0.00196026312
v -0.061009 -0.0799717158 0.0005
v -0.0613590144 -0.08040939 0.0012301316
v -0.0633134 -0.08312909 0.00196026312
v -0.0633134 -0.08312909 0.0005
v -0.0639074743 -0.0840674 0.0012301316
v -0.06526238 -0.08646986 0.00196026312
v -0.06526238 -0.08646986 0.0005
v -0.065984346 -0.08794329 0.0012301316
v -0.06683954 -0.0899354443 0.00196026312
v -0.06683954 -0.0899354443 0.0005
v -0.06757176 -0.09194911 0.0012301316
v -0.06887318 -0.09700846 0.00196026312
v -0.06887318 -0.09700846 0.0005
v -0.06867214 -0.09599871 0.0012301316
v -0.06930587 -0.100012861 0.0012301316
v -0.06950758 -0.103923045 0.00196026312
v -0.06950758 -0.103923045 0.0005
v -0.06950758 -0.103923045 0.0012301316
v -0.06930587 -0.107833251 0.0012301316
v -0.06887318 -0.110837653 0.00196026312
v -0.06887318 -0.110837653 0.0005
v -0.06867214 -0.111847386 0.0012301316
v -0.06683954 -0.117910653 0.00196026312
v -0.06683954 -0.117910653 0.0005
v -0.06683954 -0.117910653 0.0012301316
v -0.06526238 -0.121376254 0.00196026312
v -0.0639074743 -0.123778716 0.0012301316
v -0.06526238 -0.121376254 0.0005
v -0.0633134 -0.124717019 0.00196026312
v -0.0633134 -0.124717019 0.0005
v -0.061009 -0.127874374 0.00196026312
v -0.061009 -0.127874374 0.0005
v -0.0599192381 -0.129157513 0.0012301316
v -0.05837764 -0.13079311 0.00196026312
v -0.0550212339 -0.133774489 0.0012301316
v -0.05837764 -0.13079311 0.0005
v -0.0554589033 -0.133424476 0.00196026312
v -0.0554589033 -0.133424476 0.0005
v -0.05230155 -0.135728881 0.00196026312
v -0.0494470522 -0.137421936 0.0012301316
v -0.05230155 -0.135728881 0.0005
v -0.0489607751 -0.137677848 0.00196026312
v -0.0489607751 -0.137677848 0.0005
v -0.04549518 -0.139255 0.00196026312
v -0.04549518 -0.139255 0.0005
v -0.0434815139 -0.13998723 0.0012301316
v -0.0384221748 -0.141288653 0.00196026312
v -0.0384221748 -0.141288653 0.0005
v -0.0374158472 -0.141460925 0.0012301316
v -0.0315075777 -0.141923055 0.00196026312
v -0.0315075777 -0.141923055 0.0005
v -0.08979905 -0.0904823244 0
v -0.07951342 -0.100029647 0
v -0.0797772557 -0.100243978 0
v -0.07999158 -0.1005078 0
v -0.08014469 -0.100803338 0
v -0.0802329853 -0.101110458 0
v -0.08026053 -0.1014107 0
v -0.0802329853 -0.10171093 0
v -0.08014469 -0.102018051 0
v -0.07921789 -0.09987655 0
v -0.07999158 -0.102313593 0
v -0.07044612 -0.125464648 0
v -0.0797772557 -0.102577426 0
v -0.07951342 -0.102791741 0
v -0.07921789 -0.102944851 0
v -0.07556015 -0.09762858 0
v -0.07891077 -0.09978824 0
v -0.07861054 -0.0997607037 0
v -0.0783102959 -0.09978824 0
v -0.0780031756 -0.09987655 0
v -0.07770763 -0.100029647 0
v -0.0774438 -0.100243978 0
v -0.07722949 -0.1005078 0
v -0.07707638 -0.100803338 0
v -0.07000758 -0.103923045 0
v -0.07698807 -0.101110458 0
v -0.0769605339 -0.1014107 0
v -0.07698807 -0.10171093 0
v -0.07707638 -0.102018051 0
v -0.07722949 -0.102313593 0
v -0.0774438 -0.102577426 0
v -0.07770763 -0.102791741 0
v -0.0780031756 -0.102944851 0
v -0.0783102959 -0.103033155 0
v -0.06936484 -0.110928632 0
v -0.07861054 -0.103060693 0
v -0.07891077 -0.103033155 0
v -0.06730443 -0.1180947 0
v -0.0657065138 -0.1216059 0
v -0.06373191 -0.124990635 0
v -0.06735054 -0.130296 0
v -0.06139718 -0.128189534 0
v -0.05873119 -0.131146669 0
v -0.06355131 -0.13480103 0
v -0.05577406 -0.133812651 0
v -0.0591051131 -0.138831884 0
v -0.0525751524 -0.13614738 0
v -0.0541090071 -0.142256141 0
v -0.0491904169 -0.138121992 0
v -0.0456792265 -0.1397199 0
v -0.04869418 -0.144970238 0
v -0.0385131538 -0.141780317 0
v -0.04301478 -0.1469095 0
v -0.03723364 -0.148053125 0
v -0.0315075777 -0.142423049 0
v -0.024502 -0.141780317 0
v -0.01733593 -0.1397199 0
v -0.0138247348 -0.138121992 0
v -0.01044 -0.13614738 0
v -0.00724109868 -0.133812651 0
v -0.000740931951 -0.1360737 0
v -0.004283965 -0.131146669 0
v 0.00288675074 -0.1321592 0
v -0.00161797833 -0.128189534 0
v 0.006094337 -0.127721086 0
v 0.0007167512 -0.124990635 0
v 0.008775912 -0.12283048 0
v 0.00269135833 -0.1216059 0
v 0.004289274 -0.1180947 0
v 0.0108430805 -0.117585845 0
v 0.006349681 -0.110928632 0
v 0.0122333933 -0.112107038 0
v 0.0129162073 -0.106526405 0
v 0.006992425 -0.103923045 0
v 0.0128948865 -0.10097833 0
v 0.006349681 -0.0969174653 0
v 0.0122050177 -0.09558883 0
v 0.0109091764 -0.09046686 0
v 0.004289274 -0.08975141 0
v 0.009080458 -0.08567856 0
v 0.00269135833 -0.08624021 0
v 0.00666142674 -0.08104561 0
v 0.0007167512 -0.08285548 0
v -0.00161797833 -0.07965658 0
v 0.00361731718 -0.07660104 0
v -0.004283965 -0.07669944 0
v -3.14296776E-05 -0.0724667 0
v -0.00724109868 -0.0740334541 0
v -0.004233184 -0.06876118 0
v -0.01044 -0.0716987252 0
v -0.0138247348 -0.06972412 0
v -0.008906147 -0.0655899644 0
v -0.01733593 -0.0681262 0
v -0.0139431208 -0.06303614 0
v -0.024502 -0.0660657957 0
v -0.0192195289 -0.0611532778 0
v -0.0246034674 -0.0599618964 0
v -0.0315075777 -0.06542306 -3.157197E-18
v -0.02996616 -0.0594497547 0
v -0.0351911038 -0.0595757663 0
v -0.0385131538 -0.0660657957 0
v -0.0402662233 -0.06029352 0
v -0.045375362 -0.061639078 0
v -0.0456792265 -0.0681262 0
v -0.0504252538 -0.06364438 0
v -0.0491904169 -0.06972412 0
v -0.0552902743 -0.06631144 0
v -0.0525751524 -0.0716987252 0
v -0.0598429181 -0.0696103945 0
v -0.05577406 -0.0740334541 0
v -0.06396398 -0.07347913 0
v -0.05873119 -0.07669944 0
v -0.06755247 -0.07782678 0
v -0.06139718 -0.07965658 0
v -0.06373191 -0.08285548 0
v -0.07053377 -0.08254067 0
v -0.0657065138 -0.08624021 0
v -0.0728645 -0.08749579 0
v -0.06730443 -0.08975141 0
v -0.07453368 -0.09256503 0
v -0.06936484 -0.0969174653 0
v -0.09998563 -0.06060736 0
v -0.09989731 -0.0603002459 0
v -0.09886654 -0.0555000044 0
v -0.09986977 -0.0600000024 0
v -0.09989731 -0.05969976 0
v -0.09998563 -0.059392646 0
v -0.100138724 -0.0590971075 0
v -0.100138724 -0.0609029 0
v -0.100353047 -0.06116673 0
v -0.100616872 -0.06138105 0
v -0.100912414 -0.0615341552 0
v -0.100353047 -0.05883328 0
v -0.101219535 -0.0616224557 0
v -0.100616872 -0.0586189553 0
v -0.101519763 -0.06165 0
v -0.100912414 -0.0584658533 0
v -0.101820007 -0.0616224557 0
v -0.101219535 -0.05837755 0
v -0.101519763 -0.0583500043 0
v -0.101820007 -0.05837755 0
v -0.102127127 -0.0615341552 0
v -0.10242267 -0.06138105 0
v -0.1026865 -0.06116673 0
v -0.109151974 -0.0555000044 0
v -0.102127127 -0.0584658533 0
v -0.102900818 -0.0609029 0
v -0.10242267 -0.0586189553 0
v -0.103053913 -0.06060736 0
v -0.1026865 -0.05883328 0
v -0.103142224 -0.0603002459 0
v -0.102900818 -0.0590971075 0
v -0.103169769 -0.0600000024 0
v -0.103053913 -0.059392646 0
v -0.103142224 -0.05969976 0
v 0.0247548129 -0.139173061 0.00025
v 0.00601719832 -0.139423043 0
v 0.00611996232 -0.138923049 0.0005
v 0.0434924252 -0.138923049 0.0005
v 0.0429924242 -0.139423043 0
v -0.002205323 -0.139173061 0.00025
v -0.00322330487 -0.138923049 0.0005
v 0.000161351141 -0.138923049 0.0005
v 0.0002641147 -0.139423043 0
v -0.00467476 -0.139423043 0
v 0.024806194 -0.138923049 0.00275000022
v 0.00611996232 -0.138923049 0.0005
v 0.00611996232 -0.138923049 0.00500000035
v 0.0434924252 -0.138923049 0.00500000035
v 0.0434924252 -0.138923049 0.0005
v -0.00153097685 -0.138923049 0.00275000022
v 0.000161351141 -0.138923049 0.00500000035
v 0.000161351141 -0.138923049 0.0005
v -0.00322330487 -0.138923049 0.0005
v -0.00322330487 -0.138923049 0.00500000035
f 1 2 3
f 1 3 4
f 5 1 4
f 4 3 6
f 7 5 4
f 8 4 6
f 7 4 8
f 8 6 9
f 10 7 8
f 11 8 9
f 10 8 11
f 11 9 12
f 13 10 11
f 14 11 12
f 13 11 14
f 15 13 14
f 14 12 16
f 17 15 14
f 18 14 16
f 17 14 18
f 18 16 19
f 20 17 18
f 21 18 19
f 20 18 21
f 21 19 22
f 23 21 22
f 24 20 21
f 24 21 23
f 23 22 25
f 26 24 23
f 27 23 25
f 28 26 23
f 29 23 27
f 28 23 29
f 30 28 29
f 31 29 27
f 30 29 32
f 32 29 31
f 33 30 32
f 34 32 31
f 33 32 34
f 34 31 35
f 36 33 34
f 37 34 35
f 36 34 37
f 37 35 38
f 39 36 37
f 40 37 38
f 39 37 40
f 40 38 41
f 42 39 40
f 43 40 41
f 42 40 43
f 43 41 44
f 45 42 43
f 46 43 44
f 45 43 46
f 46 44 47
f 48 45 46
f 49 46 47
f 48 46 49
f 49 47 50
f 51 48 49
f 51 49 50
f 52 53 54
f 55 52 54
f 52 55 56
f 52 56 57
f 58 52 57
f 59 52 58
f 60 59 58
f 59 60 61
f 62 59 61
f 60 58 63
f 64 60 63
f 65 64 63
f 65 63 66
f 67 65 66
f 59 62 68
f 67 66 69
f 70 67 69
f 71 70 69
f 71 69 72
f 73 71 72
f 73 72 74
f 75 73 74
f 76 75 74
f 76 74 77
f 78 76 77
f 78 77 79
f 80 78 79
f 80 79 81
f 82 80 81
f 82 81 83
f 84 82 83
f 84 83 85
f 86 84 85
f 85 87 86
f 87 88 86
f 87 89 88
f 89 90 88
f 89 91 90
f 89 87 92
f 92 87 93
f 87 94 93
f 91 95 90
f 91 96 95
f 96 97 95
f 97 98 95
f 97 99 98
f 99 100 98
f 99 101 100
f 101 102 100
f 87 103 94
f 101 104 102
f 104 105 102
f 104 106 105
f 104 107 106
f 107 108 106
f 107 109 108
f 109 110 108
f 109 111 110
f 111 112 110
f 111 113 112
f 113 114 112
f 113 115 114
f 115 116 114
f 115 117 116
f 117 118 116
f 117 119 118
f 119 120 118
f 119 121 120
f 121 122 120
f 121 123 122
f 123 124 122
f 122 59 120
f 59 68 120
f 122 124 125
f 122 125 126
f 127 122 126
f 122 127 128
f 122 128 129
f 124 130 125
f 124 131 130
f 131 132 130
f 131 133 132
f 133 134 132
f 133 135 134
f 135 136 134
f 135 137 136
f 137 138 136
f 137 139 138
f 140 122 129
f 139 141 138
f 141 139 142
f 141 142 143
f 144 141 143
f 144 143 145
f 146 144 145
f 146 145 147
f 148 146 147
f 148 147 149
f 150 148 149
f 150 149 151
f 152 150 151
f 152 151 153
f 154 152 153
f 103 154 153
f 103 153 94
f 154 103 155
f 155 103 156
f 103 157 156
f 103 158 157
f 158 103 159
f 103 160 159
f 103 161 160
f 161 103 162
f 103 163 162
f 103 164 163
f 103 122 164
f 122 165 164
f 122 166 165
f 166 122 167
f 122 168 167
f 122 140 168
f 169 170 171
f 169 171 172
f 173 169 172
f 172 171 174
f 175 173 172
f 176 172 174
f 175 172 176
f 176 174 177
f 178 175 176
f 179 176 177
f 178 176 179
f 179 177 180
f 181 178 179
f 182 179 180
f 181 179 182
f 182 180 183
f 184 181 182
f 185 182 183
f 184 182 185
f 185 183 186
f 187 184 185
f 188 185 186
f 187 185 188
f 188 186 189
f 190 188 189
f 191 187 188
f 191 188 190
f 190 189 192
f 193 191 190
f 194 190 192
f 195 193 190
f 196 190 194
f 195 190 196
f 197 196 194
f 198 195 196
f 199 196 197
f 199 198 196
f 200 199 197
f 199 200 198
f 200 197 201
f 200 202 198
f 203 200 201
f 200 203 202
f 203 201 204
f 203 205 202
f 206 203 204
f 203 206 205
f 206 204 207
f 206 208 205
f 209 206 207
f 206 209 208
f 209 207 210
f 209 211 208
f 212 209 210
f 209 212 211
f 212 210 213
f 212 214 211
f 215 212 213
f 212 215 214
f 215 213 216
f 214 215 217
f 215 216 217
f 216 218 217
f 218 219 217
f 217 219 220
f 218 221 219
f 219 222 220
f 221 223 219
f 219 223 222
f 221 224 223
f 223 225 222
f 224 226 223
f 223 226 225
f 224 227 226
f 226 228 225
f 227 229 226
f 226 229 228
f 227 230 229
f 229 231 228
f 230 232 229
f 229 232 231
f 230 233 232
f 232 234 231
f 233 235 232
f 232 235 234
f 233 236 235
f 236 237 235
f 235 238 234
f 235 237 238
f 236 239 237
f 237 240 238
f 239 241 237
f 237 242 240
f 241 243 237
f 237 243 242
f 241 244 243
f 243 245 242
f 244 246 243
f 243 246 245
f 244 247 246
f 247 245 246
f 248 247 244
f 247 249 245
f 250 247 248
f 247 250 249
f 251 250 248
f 250 252 249
f 253 250 251
f 250 253 252
f 254 253 251
f 253 255 252
f 256 253 254
f 253 256 255
f 257 256 254
f 256 258 255
f 259 256 257
f 256 259 258
f 260 259 257
f 259 261 258
f 262 259 260
f 259 262 261
f 263 262 260
f 262 264 261
f 262 263 264
f 265 266 267
f 265 267 268
f 269 265 268
f 268 267 270
f 271 269 268
f 272 268 270
f 271 268 272
f 272 270 273
f 274 271 272
f 275 272 273
f 274 272 275
f 275 273 276
f 277 274 275
f 278 275 276
f 277 275 278
f 278 276 279
f 280 277 278
f 281 278 279
f 280 278 281
f 281 279 282
f 283 280 281
f 284 281 282
f 283 281 284
f 284 282 285
f 286 284 285
f 287 283 284
f 287 284 286
f 286 285 288
f 289 287 286
f 290 286 288
f 291 289 286
f 292 286 290
f 291 286 292
f 293 292 290
f 294 291 292
f 295 292 293
f 295 294 292
f 296 295 293
f 295 296 294
f 296 293 297
f 296 298 294
f 299 296 297
f 296 299 298
f 299 297 300
f 299 301 298
f 302 299 300
f 299 302 301
f 302 300 303
f 302 304 301
f 305 302 303
f 302 305 304
f 305 303 306
f 305 307 304
f 308 305 306
f 305 308 307
f 308 306 309
f 308 310 307
f 311 308 309
f 308 311 310
f 311 309 312
f 310 311 313
f 311 312 313
f 312 314 313
f 314 315 313
f 313 315 316
f 314 317 315
f 315 318 316
f 317 319 315
f 315 319 318
f 317 320 319
f 319 321 318
f 320 322 319
f 319 322 321
f 320 323 322
f 322 324 321
f 323 325 322
f 322 325 324
f 323 326 325
f 325 327 324
f 326 328 325
f 325 328 327
f 326 329 328
f 328 330 327
f 329 331 328
f 328 331 330
f 329 332 331
f 332 333 331
f 331 334 330
f 331 333 334
f 332 335 333
f 333 336 334
f 335 337 333
f 333 338 336
f 337 339 333
f 333 339 338
f 337 340 339
f 339 341 338
f 340 342 339
f 339 342 341
f 340 343 342
f 343 341 342
f 344 343 340
f 343 345 341
f 346 343 344
f 343 346 345
f 347 346 344
f 346 348 345
f 349 346 347
f 346 349 348
f 350 349 347
f 349 351 348
f 352 349 350
f 349 352 351
f 353 352 350
f 352 354 351
f 355 352 353
f 352 355 354
f 356 355 353
f 355 357 354
f 358 355 356
f 355 358 357
f 359 358 356
f 358 360 357
f 358 359 360
f 361 362 363
f 361 363 364
f 365 361 364
f 364 363 366
f 367 365 364
f 368 364 366
f 367 364 368
f 368 366 369
f 370 367 368
f 371 368 369
f 370 368 371
f 371 369 372
f 373 370 371
f 374 371 372
f 373 371 374
f 374 372 375
f 376 373 374
f 377 374 375
f 376 374 377
f 377 375 378
f 379 376 377
f 380 377 378
f 379 377 380
f 380 378 381
f 382 380 381
f 383 379 380
f 383 380 382
f 382 381 384
f 385 383 382
f 386 382 384
f 387 385 382
f 388 382 386
f 387 382 388
f 389 388 386
f 390 387 388
f 391 388 389
f 391 390 388
f 392 391 389
f 391 392 390
f 392 389 393
f 392 394 390
f 395 392 393
f 392 395 394
f 395 393 396
f 395 397 394
f 398 395 396
f 395 398 397
f 398 396 399
f 398 400 397
f 401 398 399
f 398 401 400
f 401 399 402
f 401 403 400
f 404 401 402
f 401 404 403
f 404 402 405
f 404 406 403
f 407 404 405
f 404 407 406
f 407 405 408
f 406 407 409
f 407 408 409
f 408 410 409
f 410 411 409
f 409 411 412
f 410 413 411
f 411 414 412
f 413 415 411
f 411 415 414
f 413 416 415
f 415 417 414
f 416 418 415
f 415 418 417
f 416 419 418
f 418 420 417
f 419 421 418
f 418 421 420
f 419 422 421
f 421 423 420
f 422 424 421
f 421 424 423
f 422 425 424
f 424 426 423
f 425 427 424
f 424 427 426
f 425 428 427
f 428 429 427
f 427 430 426
f 427 429 430
f 428 431 429
f 429 432 430
f 431 433 429
f 429 434 432
f 433 435 429
f 429 435 434
f 433 436 435
f 435 437 434
f 436 438 435
f 435 438 437
f 436 439 438
f 439 437 438
f 440 439 436
f 439 441 437
f 442 439 440
f 439 442 441
f 443 442 440
f 442 444 441
f 445 442 443
f 442 445 444
f 446 445 443
f 445 447 444
f 448 445 446
f 445 448 447
f 449 448 446
f 448 450 447
f 451 448 449
f 448 451 450
f 452 451 449
f 451 453 450
f 454 451 452
f 451 454 453
f 455 454 452
f 454 456 453
f 454 455 456
f 457 458 459
f 457 459 460
f 461 457 460
f 460 459 462
f 463 461 460
f 464 460 462
f 463 460 464
f 464 462 465
f 466 463 464
f 467 464 465
f 466 464 467
f 467 465 468
f 469 466 467
f 470 467 468
f 469 467 470
f 470 468 471
f 472 469 470
f 473 470 471
f 472 470 473
f 473 471 474
f 475 472 473
f 476 473 474
f 475 473 476
f 476 474 477
f 478 476 477
f 479 475 476
f 479 476 478
f 478 477 480
f 481 479 478
f 482 478 480
f 483 481 478
f 484 478 482
f 483 478 484
f 485 484 482
f 486 483 484
f 487 484 485
f 487 486 484
f 488 487 485
f 487 488 486
f 488 485 489
f 488 490 486
f 491 488 489
f 488 491 490
f 491 489 492
f 491 493 490
f 494 491 492
f 491 494 493
f 494 492 495
f 494 496 493
f 497 494 495
f 494 497 496
f 497 495 498
f 497 499 496
f 500 497 498
f 497 500 499
f 500 498 501
f 500 502 499
f 503 500 501
f 500 503 502
f 503 501 504
f 502 503 505
f 503 504 505
f 504 506 505
f 506 507 505
f 505 507 508
f 506 509 507
f 507 510 508
f 509 511 507
f 507 511 510
f 509 512 511
f 511 513 510
f 512 514 511
f 511 514 513
f 512 515 514
f 514 516 513
f 515 517 514
f 514 517 516
f 515 518 517
f 517 519 516
f 518 520 517
f 517 520 519
f 518 521 520
f 520 522 519
f 521 523 520
f 520 523 522
f 521 524 523
f 524 525 523
f 523 526 522
f 523 525 526
f 524 527 525
f 525 528 526
f 527 529 525
f 525 530 528
f 529 531 525
f 525 531 530
f 529 532 531
f 531 533 530
f 532 534 531
f 531 534 533
f 532 535 534
f 535 533 534
f 536 535 532
f 535 537 533
f 538 535 536
f 535 538 537
f 539 538 536
f 538 540 537
f 541 538 539
f 538 541 540
f 542 541 539
f 541 543 540
f 544 541 542
f 541 544 543
f 545 544 542
f 544 546 543
f 547 544 545
f 544 547 546
f 548 547 545
f 547 549 546
f 550 547 548
f 547 550 549
f 551 550 548
f 550 552 549
f 550 551 552
f 553 554 555
f 553 555 556
f 557 553 556
f 556 555 558
f 559 557 556
f 560 556 558
f 559 556 560
f 560 558 561
f 562 559 560
f 563 560 561
f 562 560 563
f 563 561 564
f 565 562 563
f 566 563 564
f 565 563 566
f 566 564 567
f 568 565 566
f 569 566 567
f 568 566 569
f 569 567 570
f 571 568 569
f 572 569 570
f 571 569 572
f 572 570 573
f 574 572 573
f 575 571 572
f 575 572 574
f 574 573 576
f 577 575 574
f 578 574 576
f 579 577 574
f 580 574 578
f 579 574 580
f 581 580 578
f 582 579 580
f 583 580 581
f 583 582 580
f 584 583 581
f 583 584 582
f 584 581 585
f 584 586 582
f 587 584 585
f 584 587 586
f 587 585 588
f 587 589 586
f 590 587 588
f 587 590 589
f 590 588 591
f 590 592 589
f 593 590 591
f 590 593 592
f 593 591 594
f 593 595 592
f 596 593 594
f 593 596 595
f 596 594 597
f 596 598 595
f 599 596 597
f 596 599 598
f 599 597 600
f 598 599 601
f 599 600 601
f 600 602 601
f 602 603 601
f 601 603 604
f 602 605 603
f 603 606 604
f 605 607 603
f 603 607 606
f 605 608 607
f 607 609 606
f 608 610 607
f 607 610 609
f 608 611 610
f 610 612 609
f 611 613 610
f 610 613 612
f 611 614 613
f 613 615 612
f 614 616 613
f 613 616 615
f 614 617 616
f 616 618 615
f 617 619 616
f 616 619 618
f 617 620 619
f 620 621 619
f 619 622 618
f 619 621 622
f 620 623 621
f 621 624 622
f 623 625 621
f 621 626 624
f 625 627 621
f 621 627 626
f 625 628 627
f 627 629 626
f 628 630 627
f 627 630 629
f 628 631 630
f 631 629 630
f 632 631 628
f 631 633 629
f 634 631 632
f 631 634 633
f 635 634 632
f 634 636 633
f 637 634 635
f 634 637 636
f 638 637 635
f 637 639 636
f 640 637 638
f 637 640 639
f 641 640 638
f 640 642 639
f 643 640 641
f 640 643 642
f 644 643 641
f 643 645 642
f 646 643 644
f 643 646 645
f 647 646 644
f 646 648 645
f 646 647 648
f 649 650 651
f 649 651 652
f 653 649 652
f 652 651 654
f 655 653 652
f 656 652 654
f 655 652 656
f 656 654 657
f 658 655 656
f 659 656 657
f 658 656 659
f 659 657 660
f 661 658 659
f 662 659 660
f 661 659 662
f 662 660 663
f 664 661 662
f 665 662 663
f 664 662 665
f 665 663 666
f 667 664 665
f 668 665 666
f 667 665 668
f 668 666 669
f 670 668 669
f 671 667 668
f 671 668 670
f 670 669 672
f 673 671 670
f 674 670 672
f 675 673 670
f 676 670 674
f 675 670 676
f 677 676 674
f 678 675 676
f 679 676 677
f 679 678 676
f 680 679 677
f 679 680 678
f 680 677 681
f 680 682 678
f 683 680 681
f 680 683 682
f 683 681 684
f 683 685 682
f 686 683 684
f 683 686 685
f 686 684 687
f 686 688 685
f 689 686 687
f 686 689 688
f 689 687 690
f 689 691 688
f 692 689 690
f 689 692 691
f 692 690 693
f 692 694 691
f 695 692 693
f 692 695 694
f 695 693 696
f 694 695 697
f 695 696 697
f 696 698 697
f 698 699 697
f 697 699 700
f 698 701 699
f 699 702 700
f 701 703 699
f 699 703 702
f 701 704 703
f 703 705 702
f 704 706 703
f 703 706 705
f 704 707 706
f 706 708 705
f 707 709 706
f 706 709 708
f 707 710 709
f 709 711 708
f 710 712 709
f 709 712 711
f 710 713 712
f 712 714 711
f 713 715 712
f 712 715 714
f 713 716 715
f 716 717 715
f 715 718 714
f 715 717 718
f 716 719 717
f 717 720 718
f 719 721 717
f 717 722 720
f 721 723 717
f 717 723 722
f 721 724 723
f 723 725 722
f 724 726 723
f 723 726 725
f 724 727 726
f 727 725 726
f 728 727 724
f 727 729 725
f 730 727 728
f 727 730 729
f 731 730 728
f 730 732 729
f 733 730 731
f 730 733 732
f 734 733 731
f 733 735 732
f 736 733 734
f 733 736 735
f 737 736 734
f 736 738 735
f 739 736 737
f 736 739 738
f 740 739 737
f 739 741 738
f 742 739 740
f 739 742 741
f 743 742 740
f 742 744 741
f 742 743 744
f 745 746 747
f 745 747 748
f 749 745 748
f 750 748 747
f 749 748 751
f 748 750 752
f 748 752 751
f 750 753 752
f 751 752 754
f 753 755 752
f 752 755 754
f 753 756 755
f 754 755 757
f 756 758 755
f 755 758 757
f 757 758 759
f 756 760 758
f 758 761 759
f 760 762 758
f 758 762 761
f 760 763 762
f 762 764 761
f 763 765 762
f 762 766 764
f 765 766 762
f 766 767 764
f 765 768 766
f 766 769 767
f 768 769 766
f 769 770 767
f 768 771 769
f 769 772 770
f 771 772 769
f 771 773 772
f 772 774 770
f 773 775 772
f 772 775 774
f 773 776 775
f 775 777 774
f 776 777 775
f 774 777 778
f 776 779 777
f 777 780 778
f 779 780 777
f 781 778 780
f 779 781 780
f 781 782 778
f 783 781 779
f 781 784 782
f 784 781 783
f 785 784 783
f 784 786 782
f 787 784 785
f 784 787 786
f 788 787 785
f 787 789 786
f 787 788 789
f 786 789 790
f 788 791 789
f 789 792 790
f 791 792 789
f 790 792 793
f 791 794 792
f 794 793 792
f 794 791 795
f 794 796 793
f 796 794 795
f 796 797 793
f 796 798 797
f 796 795 799
f 798 796 799
f 798 800 797
f 798 799 801
f 798 802 800
f 798 801 803
f 798 804 802
f 804 798 803
f 804 805 802
f 804 803 806
f 804 807 805
f 807 804 806
f 807 806 808
f 807 809 805
f 807 808 810
f 807 811 809
f 811 807 810
f 811 812 809
f 811 810 813
f 811 814 812
f 814 811 813
f 814 815 812
f 814 813 816
f 814 817 815
f 817 814 816
f 817 818 815
f 817 816 819
f 817 820 818
f 820 817 819
f 820 821 818
f 820 819 822
f 820 823 821
f 823 820 822
f 823 824 821
f 823 822 824
f 825 821 824
f 822 826 824
f 825 824 827
f 826 827 824
f 828 825 827
f 826 829 827
f 828 827 830
f 829 830 827
f 831 828 830
f 829 832 830
f 831 830 833
f 832 833 830
f 834 831 833
f 832 835 833
f 836 834 833
f 835 836 833
f 837 838 839
f 840 837 839
f 840 839 841
f 837 840 842
f 842 840 841
f 843 844 845
f 843 845 846
f 847 843 846
f 848 846 845
f 847 846 849
f 846 848 850
f 846 850 849
f 848 851 850
f 849 850 852
f 851 853 850
f 850 853 852
f 851 854 853
f 852 853 855
f 854 856 853
f 853 856 855
f 854 857 856
f 855 856 858
f 857 859 856
f 856 859 858
f 857 860 859
f 858 859 861
f 860 862 859
f 859 862 861
f 860 863 862
f 863 864 862
f 861 862 865
f 862 864 865
f 863 866 864
f 865 864 867
f 866 868 864
f 864 869 867
f 868 870 864
f 864 870 869
f 868 871 870
f 870 872 869
f 871 873 870
f 870 873 872
f 871 874 873
f 874 872 873
f 875 874 871
f 874 876 872
f 877 874 875
f 874 877 876
f 878 877 875
f 877 879 876
f 880 877 878
f 877 880 879
f 881 880 878
f 880 882 879
f 883 880 881
f 880 883 882
f 884 883 881
f 883 885 882
f 886 883 884
f 883 886 885
f 887 886 884
f 886 888 885
f 889 886 887
f 886 889 888
f 890 889 887
f 889 891 888
f 889 890 891
f 892 893 894
f 893 895 894
f 895 896 894
f 897 894 896
f 894 897 898
f 894 898 899
f 900 894 899
f 894 900 901
f 894 901 902
f 903 894 902
f 894 903 904
f 894 904 905
f 906 894 905
f 907 906 905
f 906 907 908
f 906 908 909
f 910 906 909
f 906 910 911
f 906 911 912
f 913 906 912
f 906 913 914
f 906 914 915
f 916 906 915
f 915 917 916
f 917 918 916
f 917 919 918
f 919 920 918
f 920 921 918
f 920 922 921
f 922 923 921
f 923 924 921
f 924 925 921
f 925 926 921
f 926 927 921
f 927 928 921
f 928 929 921
f 929 930 921
f 918 921 895
f 930 931 921
f 931 895 921
f 895 931 896
f 932 933 934
f 933 935 934
f 933 936 935
f 936 933 937
f 933 938 937
f 937 938 939
f 933 940 938
f 941 940 933
f 941 933 942
f 943 941 942
f 943 942 944
f 945 943 944
f 945 944 946
f 947 945 946
f 938 948 939
f 947 946 949
f 950 947 949
f 951 950 949
f 951 949 952
f 953 951 952
f 953 952 954
f 955 953 954
f 955 954 956
f 957 955 956
f 956 958 957
f 958 959 957
f 958 960 959
f 948 961 939
f 960 958 962
f 958 963 962
f 960 962 964
f 963 965 962
f 963 966 965
f 966 963 967
f 963 968 967
f 969 960 964
f 963 970 968
f 969 964 971
f 970 963 972
f 963 973 972
f 963 974 973
f 974 963 975
f 963 976 975
f 963 977 976
f 977 978 976
f 977 979 978
f 979 977 980
f 977 981 980
f 977 982 981
f 982 977 983
f 977 984 983
f 977 985 984
f 985 977 986
f 977 987 986
f 977 988 987
f 988 989 987
f 988 990 989
f 990 988 991
f 988 992 991
f 988 993 992
f 993 988 994
f 988 995 994
f 988 996 995
f 996 988 997
f 988 971 997
f 998 971 988
f 998 969 971
f 999 998 988
f 1000 999 988
f 1001 1000 988
f 1001 988 1002
f 1003 1001 1002
f 1003 1002 1004
f 1005 1003 1004
f 1006 1005 1004
f 1006 1004 1007
f 1008 1006 1007
f 1008 1007 1009
f 1010 1008 1009
f 1011 1010 1009
f 1011 1009 1012
f 1013 1011 1012
f 1013 1012 1014
f 1013 1014 1015
f 1016 1013 1015
f 1016 1015 1017
f 1018 1016 1017
f 1018 1017 1019
f 1020 1018 1019
f 1020 1019 1021
f 1022 1020 1021
f 1023 1022 1021
f 1023 1021 1024
f 1025 1023 1024
f 1025 1024 1026
f 1027 1025 1026
f 1028 1027 1026
f 1028 1026 1029
f 1030 1028 1029
f 1030 1029 1031
f 1032 1030 1031
f 1033 1032 1031
f 1033 1031 1034
f 1035 1033 1034
f 1034 1036 1035
f 1036 1037 1035
f 1036 1038 1037
f 1038 1039 1037
f 1038 1036 1040
f 1041 1038 1040
f 1040 1036 1042
f 1036 1043 1042
f 1043 1036 1044
f 1038 1041 1045
f 1036 1046 1044
f 1038 1045 1047
f 1048 1038 1047
f 1038 1048 1049
f 1038 1049 1050
f 1051 1038 1050
f 1038 1051 1039
f 1051 1052 1039
f 1052 1053 1039
f 1053 1054 1039
f 1054 1055 1039
f 1055 1056 1039
f 1056 1057 1039
f 1056 1058 1057
f 1058 1059 1057
f 1057 1059 1060
f 1057 1060 1061
f 1062 1057 1061
f 1062 1061 1063
f 1064 1062 1063
f 1063 1061 1065
f 1066 1064 1063
f 1063 1065 1067
f 1068 1066 1063
f 1069 1063 1067
f 1068 1063 1070
f 1071 1068 1070
f 1072 1071 1070
f 1072 1070 1073
f 1074 1072 1073
f 1074 1073 1075
f 1076 1074 1075
f 1077 1069 1067
f 1076 1075 1078
f 1079 1076 1078
f 1080 1079 1078
f 1080 1078 1081
f 1082 1080 1081
f 1082 1081 1083
f 1084 1082 1083
f 1084 1083 1085
f 1086 1084 1085
f 1069 1077 1087
f 1069 1087 1088
f 1089 1069 1088
f 1069 1089 1090
f 1069 1090 1091
f 1085 1092 1086
f 1093 1069 1091
f 1092 1094 1086
f 1069 1093 1095
f 1069 1095 1096
f 1092 1097 1094
f 1036 1069 1096
f 1036 1096 1046
f 1097 1092 1098
f 1097 1098 1099
f 1092 1100 1098
f 948 1097 1099
f 1101 948 1099
f 1092 1102 1100
f 1092 1103 1102
f 948 1101 961
f 1101 1104 961
f 1104 1105 961
f 1105 1106 961
f 1105 1107 1106
f 1107 1108 1106
f 1107 1109 1108
f 1109 1110 1108
f 1110 1111 1108
f 1110 1112 1111
f 1112 1113 1111
f 1113 1114 1111
f 1113 1115 1114
f 1115 1116 1114
f 1115 1117 1116
f 1117 1118 1116
f 1117 1119 1118
f 1119 1120 1118
f 1119 1121 1120
f 1121 1122 1120
f 1122 1123 1120
f 1122 1124 1123
f 1124 1125 1123
f 1124 1126 1125
f 1126 1124 1127
f 1126 1127 1128
f 1127 1129 1128
f 1129 1130 1128
f 1131 1126 1128
f 1126 1131 1132
f 1126 1132 1133
f 1129 1134 1130
f 1134 1135 1130
f 1134 1136 1135
f 1134 1137 1136
f 1137 1138 1136
f 1137 1139 1138
f 1139 1140 1138
f 1139 1141 1140
f 1142 1126 1133
f 1141 1143 1140
f 1141 1144 1143
f 1144 1145 1143
f 1145 1146 1143
f 1145 1147 1146
f 1147 1148 1146
f 1147 1149 1148
f 1149 1150 1148
f 1149 1151 1150
f 1151 1152 1150
f 1151 1153 1152
f 1153 1154 1152
f 1153 1155 1154
f 1155 1156 1154
f 1155 1157 1156
f 1157 1158 1156
f 1157 1102 1158
f 1102 1159 1158
f 1103 1159 1102
f 1103 1160 1159
f 1160 1103 1161
f 1103 1162 1161
f 1103 1163 1162
f 1163 1103 1164
f 1103 1165 1164
f 1103 1166 1165
f 1162 1167 1161
f 1167 1168 1161
f 1167 1169 1168
f 1169 1170 1168
f 1169 1171 1170
f 1171 1172 1170
f 1171 1173 1172
f 1173 1174 1172
f 1173 1175 1174
f 1175 1176 1174
f 1166 1103 1177
f 1175 1178 1176
f 1178 1179 1176
f 1178 1180 1179
f 1178 1181 1180
f 1181 1182 1180
f 1181 1183 1182
f 1183 1184 1182
f 1183 1185 1184
f 1185 1186 1184
f 1185 1187 1186
f 1187 1188 1186
f 1187 1189 1188
f 1103 1190 1177
f 1189 1191 1188
f 1103 1192 1190
f 1192 1103 1193
f 1103 1194 1193
f 1103 1195 1194
f 1103 1142 1195
f 1142 1196 1195
f 1142 1197 1196
f 1198 1197 1142
f 1199 1198 1142
f 1200 1199 1142
f 1201 1200 1142
f 1202 1201 1142
f 1203 1202 1142
f 1204 1203 1142
f 1205 1204 1142
f 1205 1142 1191
f 1189 1205 1191
f 1191 1142 1133
f 1206 1207 1208
f 1209 1206 1208
f 1206 1210 1207
f 1206 1209 1211
f 1210 1206 1212
f 1206 1211 1213
f 1214 1206 1213
f 1206 1214 1215
f 1206 1216 1212
f 1206 1215 1217
f 1206 1218 1216
f 1036 1206 1217
f 1036 1217 1219
f 1220 1036 1219
f 1069 1036 1220
f 1221 1069 1220
f 1069 1221 1222
f 1069 1222 1223
f 1218 1224 1216
f 1218 1225 1224
f 1225 1218 1226
f 1218 1227 1226
f 1218 1228 1227
f 1229 1069 1223
f 1228 1218 1230
f 1069 1229 1231
f 1218 1232 1230
f 1069 1231 1233
f 1218 1234 1232
f 1235 1069 1233
f 1069 1235 1236
f 1069 1236 1237
f 1218 1069 1237
f 1234 1218 1238
f 1218 1237 1239
f 1218 1239 1238
f 1240 1241 1242
f 1240 1242 1243
f 1241 1240 1244
f 1244 1240 1243
f 1245 1246 1247
f 1245 1247 1248
f 1246 1245 1249
f 1249 1245 1248
f 1250 1251 1252
f 1251 1250 1253
f 1251 1254 1252
f 1251 1253 1255
f 1254 1251 1255
f 1256 1257 1258
f 1256 1259 1257
f 1259 1256 1260
f 1256 1261 1260
f 1262 1256 1258
f 1256 1262 1261
f 1262 1258 1263
f 1262 1264 1261
f 1265 1262 1263
f 1262 1265 1264
f 1265 1263 1266
f 1265 1267 1264
f 1268 1265 1266
f 1265 1268 1267
f 1268 1266 1269
f 1268 1270 1267
f 1271 1268 1269
f 1268 1271 1270
f 1271 1269 1272
f 1271 1273 1270
f 1274 1271 1272
f 1271 1274 1273
f 1274 1272 1275
f 1274 1276 1273
f 1277 1274 1275
f 1274 1277 1276
f 1277 1275 1278
f 1277 1279 1276
f 1280 1277 1278
f 1277 1280 1279
f 1281 1282 1283
f 1281 1283 1284
f 1282 1281 1285
f 1285 1281 1284
f 1286 1287 1288
f 1286 1288 1289
f 1287 1286 1290
f 1290 1286 1289
f 1291 1292 1293
f 1291 1294 1292
f 1295 1291 1293
f 1295 1293 1296
f 1295 1296 1297
f 1291 1298 1294
f 1298 1299 1294
f 1300 1295 1297
f 1300 1297 1301
f 1298 1302 1299
f 1299 1302 1303
f 1304 1300 1301
f 1304 1301 1305
f 1306 1304 1305
f 1307 1304 1306
f 1308 1307 1306
f 1307 1308 1309
f 1308 1310 1309
f 1310 1311 1309
f 1310 1312 1311
f 1304 1313 1300
f 1307 1314 1304
f 1314 1313 1304
f 1307 1309 1315
f 1314 1307 1315
f 1309 1311 1316
f 1315 1309 1316
f 1300 1313 1317
f 1300 1317 1295
f 1318 1295 1317
f 1318 1291 1295
f 1319 1291 1318
f 1319 1298 1291
f 1320 1298 1319
f 1320 1302 1298
f 1314 1315 1321
f 1314 1322 1313
f 1322 1314 1321
f 1313 1323 1317
f 1322 1323 1313
f 1324 1318 1317
f 1324 1317 1323
f 1325 1319 1318
f 1325 1318 1324
f 1326 1320 1319
f 1326 1319 1325
f 1321 1315 1327
f 1315 1316 1327
f 1322 1321 1328
f 1322 1329 1323
f 1329 1322 1328
f 1330 1324 1323
f 1329 1330 1323
f 1331 1325 1324
f 1331 1324 1330
f 1332 1326 1325
f 1332 1325 1331
f 1321 1327 1333
f 1328 1321 1333
f 1327 1316 1334
f 1333 1327 1335
f 1327 1334 1335
f 1316 1336 1334
f 1316 1311 1336
f 1311 1337 1336
f 1312 1337 1311
f 1312 1338 1337
f 1339 1338 1312
f 1336 1337 1340
f 1338 1340 1337
f 1334 1336 1341
f 1336 1340 1341
f 1335 1334 1342
f 1334 1341 1342
f 1328 1333 1343
f 1333 1335 1344
f 1343 1333 1344
f 1335 1342 1345
f 1344 1335 1345
f 1346 1328 1343
f 1329 1328 1346
f 1347 1329 1346
f 1329 1347 1330
f 1347 1348 1330
f 1348 1331 1330
f 1349 1331 1348
f 1349 1332 1331
f 1342 1341 1350
f 1345 1342 1351
f 1342 1350 1351
f 1341 1352 1350
f 1341 1340 1352
f 1353 1352 1340
f 1338 1353 1340
f 1353 1338 1354
f 1354 1338 1339
f 1355 1354 1339
f 1355 1339 1356
f 1357 1353 1354
f 1357 1354 1355
f 1353 1358 1352
f 1358 1353 1357
f 1350 1352 1359
f 1358 1359 1352
f 1360 1355 1356
f 1360 1356 1361
f 1362 1357 1355
f 1362 1355 1360
f 1363 1358 1357
f 1363 1357 1362
f 1364 1360 1361
f 1364 1361 1365
f 1366 1362 1360
f 1366 1360 1364
f 1367 1364 1365
f 1367 1365 1368
f 1350 1359 1369
f 1351 1350 1369
f 1358 1370 1359
f 1370 1358 1363
f 1371 1363 1362
f 1371 1362 1366
f 1372 1366 1364
f 1372 1364 1367
f 1373 1367 1368
f 1373 1368 1374
f 1375 1373 1374
f 1369 1359 1376
f 1370 1376 1359
f 1377 1370 1363
f 1377 1363 1371
f 1378 1371 1366
f 1378 1366 1372
f 1379 1372 1367
f 1379 1367 1373
f 1380 1373 1375
f 1381 1380 1375
f 1370 1382 1376
f 1382 1370 1377
f 1383 1377 1371
f 1383 1371 1378
f 1384 1378 1372
f 1384 1372 1379
f 1385 1379 1373
f 1385 1373 1380
f 1386 1380 1381
f 1387 1386 1381
f 1388 1382 1377
f 1388 1377 1383
f 1389 1383 1378
f 1389 1378 1384
f 1390 1384 1379
f 1390 1379 1385
f 1391 1385 1380
f 1391 1380 1386
f 1392 1386 1387
f 1393 1392 1387
f 1394 1388 1383
f 1394 1383 1389
f 1395 1389 1384
f 1395 1384 1390
f 1396 1390 1385
f 1396 1385 1391
f 1397 1391 1386
f 1397 1386 1392
f 1398 1392 1393
f 1399 1398 1393
f 1400 1394 1389
f 1400 1389 1395
f 1401 1395 1390
f 1401 1390 1396
f 1402 1396 1391
f 1402 1391 1397
f 1403 1397 1392
f 1403 1392 1398
f 1404 1400 1395
f 1404 1395 1401
f 1405 1401 1396
f 1405 1396 1402
f 1406 1402 1397
f 1406 1397 1403
f 1407 1404 1401
f 1407 1401 1405
f 1408 1405 1402
f 1408 1402 1406
f 1409 1407 1405
f 1409 1405 1408
f 1410 1403 1398
f 1411 1406 1403
f 1411 1403 1410
f 1412 1408 1406
f 1412 1406 1411
f 1413 1409 1408
f 1413 1408 1412
f 1410 1398 1414
f 1414 1398 1399
f 1415 1414 1399
f 1415 1399 1416
f 1417 1415 1416
f 1418 1410 1414
f 1418 1414 1415
f 1419 1415 1417
f 1419 1418 1415
f 1420 1419 1417
f 1421 1411 1410
f 1421 1410 1418
f 1422 1412 1411
f 1422 1411 1421
f 1423 1419 1420
f 1424 1423 1420
f 1425 1418 1419
f 1425 1421 1418
f 1423 1425 1419
f 1426 1423 1424
f 1427 1426 1424
f 1428 1421 1425
f 1428 1422 1421
f 1429 1425 1423
f 1426 1429 1423
f 1429 1428 1425
f 1430 1412 1422
f 1430 1413 1412
f 1431 1426 1427
f 1432 1431 1427
f 1433 1429 1426
f 1431 1433 1426
f 1434 1428 1429
f 1433 1434 1429
f 1435 1422 1428
f 1435 1430 1422
f 1434 1435 1428
f 1436 1431 1432
f 1437 1436 1432
f 1438 1433 1431
f 1436 1438 1431
f 1439 1434 1433
f 1438 1439 1433
f 1440 1435 1434
f 1439 1440 1434
f 1441 1430 1435
f 1440 1441 1435
f 1442 1436 1437
f 1443 1442 1437
f 1442 1443 1444
f 1442 1444 1445
f 1442 1446 1436
f 1446 1442 1445
f 1446 1438 1436
f 1446 1445 1447
f 1446 1448 1438
f 1448 1446 1447
f 1448 1439 1438
f 1448 1447 1449
f 1448 1450 1439
f 1450 1448 1449
f 1450 1440 1439
f 1450 1449 1451
f 1450 1452 1440
f 1452 1450 1451
f 1452 1451 1453
f 1452 1441 1440
f 1454 1452 1453
f 1452 1454 1441
f 1454 1453 1455
f 1454 1456 1441
f 1441 1456 1430
f 1456 1413 1430
f 1457 1454 1455
f 1454 1457 1456
f 1457 1455 1458
f 1457 1458 1459
f 1456 1460 1413
f 1457 1460 1456
f 1460 1409 1413
f 1461 1457 1459
f 1457 1461 1460
f 1461 1459 1462
f 1460 1463 1409
f 1461 1463 1460
f 1463 1407 1409
f 1464 1461 1462
f 1461 1464 1463
f 1464 1462 1465
f 1463 1466 1407
f 1464 1466 1463
f 1466 1404 1407
f 1467 1464 1465
f 1464 1467 1466
f 1467 1465 1468
f 1466 1469 1404
f 1467 1469 1466
f 1469 1400 1404
f 1470 1467 1468
f 1467 1470 1469
f 1470 1468 1471
f 1469 1472 1400
f 1470 1472 1469
f 1472 1394 1400
f 1473 1470 1471
f 1470 1473 1472
f 1473 1471 1474
f 1472 1475 1394
f 1473 1475 1472
f 1475 1388 1394
f 1476 1473 1474
f 1473 1476 1475
f 1476 1474 1477
f 1475 1478 1388
f 1476 1478 1475
f 1478 1382 1388
f 1476 1477 1479
f 1478 1476 1479
f 1382 1478 1480
f 1478 1479 1480
f 1382 1480 1376
f 1481 1479 1477
f 1479 1481 1480
f 1481 1477 1482
f 1483 1376 1480
f 1483 1480 1481
f 1369 1376 1483
f 1484 1481 1482
f 1484 1483 1481
f 1484 1482 1485
f 1486 1369 1483
f 1486 1483 1484
f 1351 1369 1486
f 1487 1484 1485
f 1487 1486 1484
f 1487 1485 1488
f 1487 1488 1489
f 1490 1351 1486
f 1490 1486 1487
f 1345 1351 1490
f 1491 1487 1489
f 1491 1490 1487
f 1491 1489 1492
f 1491 1492 1493
f 1494 1345 1490
f 1494 1490 1491
f 1344 1345 1494
f 1495 1491 1493
f 1495 1494 1491
f 1495 1493 1496
f 1497 1344 1494
f 1497 1494 1495
f 1343 1344 1497
f 1498 1495 1496
f 1498 1497 1495
f 1498 1496 1499
f 1498 1499 1500
f 1501 1343 1497
f 1501 1497 1498
f 1346 1343 1501
f 1502 1498 1500
f 1502 1501 1498
f 1502 1500 1503
f 1504 1502 1503
f 1505 1346 1501
f 1505 1501 1502
f 1347 1346 1505
f 1506 1502 1504
f 1506 1505 1502
f 1507 1506 1504
f 1508 1347 1505
f 1508 1505 1506
f 1347 1508 1348
f 1509 1506 1507
f 1509 1508 1506
f 1510 1509 1507
f 1509 1510 1511
f 1508 1512 1348
f 1508 1509 1512
f 1512 1349 1348
f 1509 1511 1513
f 1512 1509 1513
f 1349 1512 1514
f 1512 1513 1514
f 1515 1513 1511
f 1515 1514 1513
f 1516 1515 1511
f 1349 1514 1517
f 1332 1349 1517
f 1515 1516 1518
f 1518 1516 1519
f 1515 1520 1514
f 1520 1517 1514
f 1520 1515 1518
f 1332 1517 1521
f 1326 1332 1521
f 1522 1518 1519
f 1522 1519 1523
f 1520 1524 1517
f 1524 1521 1517
f 1520 1518 1525
f 1525 1518 1522
f 1524 1520 1525
f 1326 1521 1526
f 1320 1326 1526
f 1527 1522 1523
f 1527 1523 1528
f 1524 1529 1521
f 1529 1526 1521
f 1524 1525 1530
f 1529 1524 1530
f 1525 1522 1531
f 1522 1527 1531
f 1530 1525 1531
f 1320 1526 1532
f 1302 1320 1532
f 1533 1527 1528
f 1533 1528 1534
f 1529 1535 1526
f 1535 1532 1526
f 1529 1530 1536
f 1535 1529 1536
f 1530 1531 1537
f 1536 1530 1537
f 1527 1538 1531
f 1527 1533 1538
f 1531 1538 1537
f 1302 1532 1539
f 1302 1539 1303
f 1540 1533 1534
f 1540 1534 1541
f 1535 1542 1532
f 1542 1539 1532
f 1543 1303 1539
f 1542 1543 1539
f 1543 1544 1303
f 1533 1545 1538
f 1533 1540 1545
f 1538 1546 1537
f 1538 1545 1546
f 1547 1540 1541
f 1547 1541 1548
f 1549 1547 1548
f 1540 1550 1545
f 1540 1547 1550
f 1551 1547 1549
f 1552 1551 1549
f 1537 1546 1553
f 1536 1537 1553
f 1545 1554 1546
f 1545 1550 1554
f 1555 1550 1547
f 1551 1555 1547
f 1556 1551 1552
f 1557 1556 1552
f 1558 1536 1553
f 1535 1536 1558
f 1542 1535 1558
f 1546 1559 1553
f 1546 1554 1559
f 1560 1554 1550
f 1555 1560 1550
f 1561 1555 1551
f 1556 1561 1551
f 1562 1556 1557
f 1563 1562 1557
f 1542 1558 1564
f 1543 1542 1564
f 1565 1559 1554
f 1560 1565 1554
f 1566 1560 1555
f 1561 1566 1555
f 1567 1561 1556
f 1562 1567 1556
f 1568 1562 1563
f 1569 1568 1563
f 1543 1564 1570
f 1544 1543 1570
f 1544 1570 1571
f 1572 1544 1571
f 1573 1570 1564
f 1571 1570 1573
f 1571 1574 1572
f 1574 1575 1572
f 1567 1576 1561
f 1576 1566 1561
f 1577 1568 1569
f 1578 1577 1569
f 1573 1564 1579
f 1564 1558 1579
f 1558 1553 1579
f 1553 1559 1579
f 1580 1579 1559
f 1580 1573 1579
f 1565 1580 1559
f 1581 1573 1580
f 1581 1571 1573
f 1574 1571 1581
f 1582 1580 1565
f 1582 1581 1580
f 1583 1574 1581
f 1583 1581 1582
f 1584 1582 1565
f 1584 1565 1560
f 1566 1584 1560
f 1585 1582 1584
f 1585 1583 1582
f 1586 1584 1566
f 1586 1585 1584
f 1576 1586 1566
f 1587 1574 1583
f 1574 1587 1575
f 1587 1588 1575
f 1589 1583 1585
f 1589 1587 1583
f 1587 1590 1588
f 1590 1587 1589
f 1590 1591 1588
f 1592 1585 1586
f 1592 1589 1585
f 1593 1586 1576
f 1593 1592 1586
f 1590 1594 1591
f 1594 1595 1591
f 1594 1596 1595
f 1597 1590 1589
f 1597 1589 1592
f 1594 1590 1597
f 1594 1598 1596
f 1598 1599 1596
f 1600 1597 1592
f 1600 1592 1593
f 1601 1594 1597
f 1598 1594 1601
f 1601 1597 1600
f 1602 1593 1576
f 1602 1576 1567
f 1598 1603 1599
f 1603 1604 1599
f 1605 1598 1601
f 1598 1605 1603
f 1606 1601 1600
f 1605 1601 1606
f 1607 1600 1593
f 1607 1593 1602
f 1606 1600 1607
f 1608 1602 1567
f 1608 1567 1562
f 1568 1608 1562
f 1603 1609 1604
f 1609 1610 1604
f 1605 1611 1603
f 1603 1611 1609
f 1612 1605 1606
f 1605 1612 1611
f 1613 1606 1607
f 1612 1606 1613
f 1614 1607 1602
f 1614 1602 1608
f 1613 1607 1614
f 1615 1608 1568
f 1615 1614 1608
f 1577 1615 1568
f 1609 1616 1610
f 1616 1617 1610
f 1611 1618 1609
f 1609 1618 1616
f 1612 1619 1611
f 1611 1619 1618
f 1620 1612 1613
f 1612 1620 1619
f 1621 1613 1614
f 1621 1614 1615
f 1620 1613 1621
f 1622 1615 1577
f 1622 1621 1615
f 1623 1620 1621
f 1623 1621 1622
f 1620 1624 1619
f 1620 1623 1624
f 1619 1625 1618
f 1619 1624 1625
f 1618 1626 1616
f 1618 1625 1626
f 1627 1622 1577
f 1627 1577 1578
f 1628 1627 1578
f 1629 1623 1622
f 1629 1622 1627
f 1623 1630 1624
f 1623 1629 1630
f 1624 1631 1625
f 1624 1630 1631
f 1632 1627 1628
f 1632 1629 1627
f 1629 1633 1630
f 1629 1632 1633
f 1634 1632 1628
f 1632 1634 1633
f 1634 1628 1635
f 1630 1633 1636
f 1630 1636 1631
f 1625 1631 1637
f 1625 1637 1626
f 1638 1634 1635
f 1638 1635 1639
f 1633 1634 1640
f 1633 1640 1636
f 1634 1638 1640
f 1631 1636 1641
f 1631 1641 1637
f 1642 1638 1639
f 1642 1639 1643
f 1642 1643 1644
f 1636 1640 1645
f 1636 1645 1641
f 1640 1638 1646
f 1638 1642 1646
f 1640 1646 1645
f 1647 1642 1644
f 1647 1644 1648
f 1649 1647 1648
f 1646 1642 1650
f 1642 1647 1650
f 1645 1646 1651
f 1646 1650 1651
f 1641 1645 1652
f 1645 1651 1652
f 1647 1649 1653
f 1649 1654 1653
f 1650 1647 1655
f 1647 1653 1655
f 1651 1650 1656
f 1650 1655 1656
f 1654 1657 1653
f 1654 1658 1657
f 1658 1659 1657
f 1655 1653 1660
f 1653 1657 1660
f 1659 1661 1657
f 1659 1662 1661
f 1662 1663 1661
f 1652 1651 1664
f 1651 1656 1664
f 1656 1655 1665
f 1655 1660 1665
f 1660 1657 1666
f 1657 1661 1666
f 1663 1667 1661
f 1663 1668 1667
f 1664 1656 1669
f 1656 1665 1669
f 1665 1660 1670
f 1660 1666 1670
f 1666 1661 1671
f 1661 1667 1671
f 1668 1672 1667
f 1668 1673 1672
f 1673 1674 1672
f 1674 1675 1672
f 1667 1672 1676
f 1671 1667 1676
f 1675 1677 1672
f 1677 1676 1672
f 1675 1678 1677
f 1666 1671 1679
f 1670 1666 1679
f 1665 1670 1680
f 1669 1665 1680
f 1671 1676 1681
f 1679 1671 1681
f 1678 1682 1677
f 1678 1683 1682
f 1684 1676 1677
f 1676 1684 1681
f 1682 1684 1677
f 1670 1679 1685
f 1680 1670 1685
f 1683 1686 1682
f 1683 1687 1686
f 1679 1681 1688
f 1679 1688 1685
f 1681 1684 1689
f 1681 1689 1688
f 1684 1682 1690
f 1682 1686 1690
f 1684 1690 1689
f 1687 1691 1686
f 1687 1692 1691
f 1690 1686 1693
f 1686 1691 1693
f 1689 1690 1694
f 1690 1693 1694
f 1688 1689 1695
f 1689 1694 1695
f 1685 1688 1696
f 1688 1695 1696
f 1692 1697 1691
f 1692 1698 1697
f 1693 1691 1699
f 1691 1697 1699
f 1694 1693 1700
f 1693 1699 1700
f 1695 1694 1701
f 1694 1700 1701
f 1698 1702 1697
f 1698 1703 1702
f 1703 1704 1702
f 1704 1705 1702
f 1697 1702 1706
f 1705 1706 1702
f 1699 1697 1706
f 1705 1707 1706
f 1699 1706 1708
f 1707 1708 1706
f 1700 1699 1708
f 1707 1709 1708
f 1709 1710 1708
f 1700 1708 1711
f 1710 1711 1708
f 1701 1700 1711
f 1710 1712 1711
f 1712 1713 1711
f 1713 1714 1711
f 1701 1711 1714
f 1713 1715 1714
f 1716 1701 1714
f 1695 1701 1716
f 1696 1695 1716
f 1715 1717 1714
f 1716 1714 1717
f 1715 1718 1717
f 1718 1719 1717
f 1696 1716 1720
f 1720 1716 1717
f 1719 1721 1717
f 1720 1717 1721
f 1719 1722 1721
f 1723 1696 1720
f 1685 1696 1723
f 1680 1685 1723
f 1722 1724 1721
f 1722 1725 1724
f 1726 1720 1721
f 1723 1720 1726
f 1726 1721 1724
f 1723 1727 1680
f 1727 1723 1726
f 1727 1669 1680
f 1725 1728 1724
f 1725 1729 1728
f 1730 1726 1724
f 1727 1726 1730
f 1730 1724 1728
f 1727 1731 1669
f 1731 1727 1730
f 1664 1669 1731
f 1732 1730 1728
f 1731 1730 1732
f 1733 1664 1731
f 1733 1731 1732
f 1652 1664 1733
f 1729 1734 1728
f 1732 1728 1734
f 1735 1652 1733
f 1641 1652 1735
f 1641 1735 1637
f 1736 1733 1732
f 1736 1732 1734
f 1735 1733 1736
f 1729 1737 1734
f 1737 1736 1734
f 1617 1737 1729
f 1735 1738 1637
f 1738 1735 1736
f 1738 1736 1737
f 1626 1637 1738
f 1739 1737 1617
f 1739 1738 1737
f 1739 1626 1738
f 1616 1739 1617
f 1616 1626 1739
f 1740 1741 1742
f 1740 1743 1741
f 1743 1740 1744
f 1740 1745 1744
f 1746 1740 1742
f 1740 1746 1745
f 1746 1742 1747
f 1746 1748 1745
f 1749 1746 1747
f 1746 1749 1748
f 1749 1747 1750
f 1749 1751 1748
f 1752 1749 1750
f 1749 1752 1751
f 1753 1754 1755
f 1753 1755 1756
f 1754 1753 1757
f 1757 1753 1756
f 1758 1759 1760
f 1759 1758 1761
f 1759 1762 1760
f 1759 1761 1763
f 1762 1759 1763
f 1764 1765 1766
f 1765 1764 1767
f 1765 1768 1766
f 1765 1767 1769
f 1768 1765 1769
f 1770 1771 1772
f 1770 1773 1771
f 1773 1770 1774
f 1770 1775 1774
f 1776 1770 1772
f 1770 1776 1775
f 1776 1772 1777
f 1776 1778 1775
f 1779 1776 1777
f 1776 1779 1778
f 1779 1777 1780
f 1779 1781 1778
f 1782 1779 1780
f 1779 1782 1781
f 1782 1780 1783
f 1782 1784 1781
f 1785 1782 1783
f 1782 1785 1784
f 1785 1783 1786
f 1785 1787 1784
f 1788 1785 1786
f 1785 1788 1787
f 1788 1786 1789
f 1788 1790 1787
f 1791 1788 1789
f 1788 1791 1790
f 1791 1789 1792
f 1791 1793 1790
f 1794 1791 1792
f 1791 1794 1793
f 1795 1796 1797
f 1795 1797 1798
f 1796 1795 1799
f 1799 1795 1798
f 1800 1801 1802
f 1801 1800 1803
f 1801 1804 1802
f 1801 1803 1805
f 1801 1806 1804
f 1806 1801 1805
f 1806 1807 1804
f 1806 1805 1808
f 1806 1809 1807
f 1809 1806 1808
f 1809 1810 1807
f 1809 1808 1811
f 1809 1812 1810
f 1812 1809 1811
f 1812 1813 1810
f 1812 1811 1814
f 1812 1815 1813
f 1815 1812 1814
f 1815 1816 1813
f 1815 1814 1817
f 1815 1818 1816
f 1818 1815 1817
f 1818 1819 1816
f 1818 1817 1820
f 1818 1821 1819
f 1821 1818 1820
f 1821 1822 1819
f 1821 1820 1823
f 1822 1821 1824
f 1821 1823 1824
f 1825 1826 1827
f 1828 1825 1827
f 1825 1829 1826
f 1829 1825 1828
f 1830 1831 1832
f 1830 1832 1833
f 1831 1830 1834
f 1834 1830 1833
f 1835 1836 1837
f 1835 1837 1838
f 1836 1835 1839
f 1839 1835 1838
f 1840 1841 1842
f 1843 1840 1842
f 1843 1842 1844
f 1840 1845 1841
f 1843 1844 1846
f 1840 1847 1845
f 1847 1848 1845
f 1849 1843 1846
f 1849 1846 1850
f 1851 1849 1850
f 1851 1850 1852
f 1851 1852 1853
f 1847 1854 1848
f 1848 1854 1855
f 1856 1851 1853
f 1856 1853 1857
f 1858 1856 1857
f 1858 1857 1859
f 1860 1858 1859
f 1860 1859 1861
f 1854 1847 1862
f 1847 1863 1862
f 1854 1862 1864
f 1854 1864 1855
f 1847 1840 1863
f 1840 1865 1863
f 1840 1866 1865
f 1840 1843 1866
f 1843 1867 1866
f 1843 1868 1867
f 1843 1849 1868
f 1849 1869 1868
f 1849 1851 1869
f 1851 1870 1869
f 1851 1871 1870
f 1851 1856 1871
f 1856 1872 1871
f 1856 1858 1872
f 1858 1873 1872
f 1858 1860 1873
f 1860 1874 1873
f 1860 1875 1874
f 1875 1860 1861
f 1875 1876 1874
f 1875 1861 1876
f 1874 1876 1877
f 1861 1878 1876
f 1876 1879 1877
f 1878 1879 1876
f 1880 1877 1879
f 1878 1880 1879
f 1880 1881 1877
f 1880 1878 1882
f 1880 1883 1881
f 1883 1880 1882
f 1883 1884 1881
f 1883 1882 1885
f 1883 1886 1884
f 1886 1883 1885
f 1886 1887 1884
f 1886 1885 1888
f 1886 1889 1887
f 1889 1886 1888
f 1889 1890 1887
f 1889 1891 1890
f 1889 1888 1892
f 1891 1889 1892
f 1891 1893 1890
f 1891 1892 1894
f 1891 1895 1893
f 1891 1894 1896
f 1891 1897 1895
f 1897 1891 1896
f 1897 1898 1895
f 1897 1896 1899
f 1897 1900 1898
f 1900 1897 1899
f 1900 1901 1898
f 1900 1899 1902
f 1900 1903 1901
f 1903 1900 1902
f 1903 1904 1901
f 1903 1902 1905
f 1903 1906 1904
f 1906 1903 1905
f 1906 1907 1904
f 1906 1905 1908
f 1906 1909 1907
f 1909 1906 1908
f 1909 1910 1907
f 1909 1908 1910
f 1911 1907 1910
f 1908 1912 1910
f 1912 1911 1910
f 1913 1855 1864
f 1914 1913 1864
f 1913 1915 1855
f 1913 1914 1916
f 1915 1913 1916
f 1917 1916 1914
f 1915 1916 1917
f 1917 1914 1918
f 1919 1915 1917
f 1920 1917 1918
f 1917 1920 1919
f 1920 1918 1921
f 1920 1922 1919
f 1923 1920 1921
f 1920 1923 1922
f 1923 1921 1924
f 1923 1925 1922
f 1926 1923 1924
f 1923 1926 1925
f 1926 1924 1927
f 1928 1926 1927
f 1926 1929 1925
f 1926 1928 1929
f 1928 1927 1930
f 1928 1931 1929
f 1928 1930 1932
f 1928 1933 1931
f 1934 1928 1932
f 1928 1934 1933
f 1934 1932 1935
f 1934 1936 1933
f 1937 1934 1935
f 1934 1937 1936
f 1937 1935 1938
f 1937 1939 1936
f 1940 1937 1938
f 1937 1940 1939
f 1940 1938 1941
f 1940 1942 1939
f 1943 1940 1941
f 1940 1943 1942
f 1943 1941 1944
f 1943 1945 1942
f 1946 1943 1944
f 1943 1946 1945
f 1946 1944 1947
f 1946 1947 1945
f 1944 1948 1947
f 1945 1947 1949
f 1948 1950 1947
f 1947 1950 1949
f 1948 1951 1950
f 1951 1949 1950
f 1951 1948 1952
f 1951 1953 1949
f 1954 1951 1952
f 1951 1954 1953
f 1954 1952 1955
f 1954 1956 1953
f 1957 1954 1955
f 1954 1957 1956
f 1957 1955 1958
f 1959 1957 1958
f 1957 1960 1956
f 1957 1959 1960
f 1959 1958 1961
f 1959 1962 1960
f 1959 1961 1963
f 1959 1964 1962
f 1965 1959 1963
f 1959 1965 1964
f 1965 1963 1966
f 1967 1965 1966
f 1965 1968 1964
f 1965 1967 1968
f 1967 1966 1969
f 1967 1970 1968
f 1967 1969 1971
f 1972 1967 1971
f 1967 1973 1970
f 1967 1972 1973
f 1972 1971 1974
f 1972 1975 1973
f 1976 1972 1974
f 1972 1977 1975
f 1978 1972 1976
f 1972 1978 1977
f 1979 1978 1976
f 1978 1980 1977
f 1981 1978 1979
f 1978 1981 1980
f 1982 1981 1979
f 1981 1983 1980
f 1981 1982 1983
f 1984 1985 1986
f 1987 1984 1986
f 1987 1986 1988
f 1984 1989 1985
f 1987 1988 1990
f 1984 1991 1989
f 1991 1992 1989
f 1993 1987 1990
f 1993 1990 1994
f 1995 1993 1994
f 1995 1994 1996
f 1995 1996 1997
f 1991 1998 1992
f 1992 1998 1999
f 2000 1995 1997
f 2000 1997 2001
f 2002 2000 2001
f 2002 2001 2003
f 2004 2002 2003
f 2004 2003 2005
f 1998 1991 2006
f 1991 2007 2006
f 1998 2006 2008
f 1998 2008 1999
f 1991 1984 2007
f 1984 2009 2007
f 1984 2010 2009
f 1984 1987 2010
f 1987 2011 2010
f 1987 2012 2011
f 1987 1993 2012
f 1993 2013 2012
f 1993 1995 2013
f 1995 2014 2013
f 1995 2015 2014
f 1995 2000 2015
f 2000 2016 2015
f 2000 2002 2016
f 2002 2017 2016
f 2002 2004 2017
f 2004 2018 2017
f 2004 2019 2018
f 2019 2004 2005
f 2019 2020 2018
f 2019 2005 2020
f 2018 2020 2021
f 2005 2022 2020
f 2020 2023 2021
f 2022 2023 2020
f 2024 2021 2023
f 2022 2024 2023
f 2024 2025 2021
f 2024 2022 2026
f 2024 2027 2025
f 2027 2024 2026
f 2027 2028 2025
f 2027 2026 2029
f 2027 2030 2028
f 2030 2027 2029
f 2030 2031 2028
f 2030 2029 2032
f 2030 2033 2031
f 2033 2030 2032
f 2033 2034 2031
f 2033 2035 2034
f 2033 2032 2036
f 2035 2033 2036
f 2035 2037 2034
f 2035 2036 2038
f 2035 2039 2037
f 2035 2038 2040
f 2035 2041 2039
f 2041 2035 2040
f 2041 2042 2039
f 2041 2040 2043
f 2041 2044 2042
f 2044 2041 2043
f 2044 2045 2042
f 2044 2043 2046
f 2044 2047 2045
f 2047 2044 2046
f 2047 2048 2045
f 2047 2046 2049
f 2047 2050 2048
f 2050 2047 2049
f 2050 2051 2048
f 2050 2049 2052
f 2050 2053 2051
f 2053 2050 2052
f 2053 2054 2051
f 2053 2052 2054
f 2055 2051 2054
f 2052 2056 2054
f 2056 2055 2054
f 2057 1999 2008
f 2058 2057 2008
f 2057 2059 1999
f 2057 2058 2060
f 2059 2057 2060
f 2061 2060 2058
f 2059 2060 2061
f 2061 2058 2062
f 2063 2059 2061
f 2064 2061 2062
f 2061 2064 2063
f 2064 2062 2065
f 2064 2066 2063
f 2067 2064 2065
f 2064 2067 2066
f 2067 2065 2068
f 2067 2069 2066
f 2070 2067 2068
f 2067 2070 2069
f 2070 2068 2071
f 2072 2070 2071
f 2070 2073 2069
f 2070 2072 2073
f 2072 2071 2074
f 2072 2075 2073
f 2072 2074 2076
f 2072 2077 2075
f 2078 2072 2076
f 2072 2078 2077
f 2078 2076 2079
f 2078 2080 2077
f 2081 2078 2079
f 2078 2081 2080
f 2081 2079 2082
f 2081 2083 2080
f 2084 2081 2082
f 2081 2084 2083
f 2084 2082 2085
f 2084 2086 2083
f 2087 2084 2085
f 2084 2087 2086
f 2087 2085 2088
f 2087 2089 2086
f 2090 2087 2088
f 2087 2090 2089
f 2090 2088 2091
f 2090 2091 2089
f 2088 2092 2091
f 2089 2091 2093
f 2092 2094 2091
f 2091 2094 2093
f 2092 2095 2094
f 2095 2093 2094
f 2095 2092 2096
f 2095 2097 2093
f 2098 2095 2096
f 2095 2098 2097
f 2098 2096 2099
f 2098 2100 2097
f 2101 2098 2099
f 2098 2101 2100
f 2101 2099 2102
f 2103 2101 2102
f 2101 2104 2100
f 2101 2103 2104
f 2103 2102 2105
f 2103 2106 2104
f 2103 2105 2107
f 2103 2108 2106
f 2109 2103 2107
f 2103 2109 2108
f 2109 2107 2110
f 2111 2109 2110
f 2109 2112 2108
f 2109 2111 2112
f 2111 2110 2113
f 2111 2114 2112
f 2111 2113 2115
f 2116 2111 2115
f 2111 2117 2114
f 2111 2116 2117
f 2116 2115 2118
f 2116 2119 2117
f 2120 2116 2118
f 2116 2121 2119
f 2122 2116 2120
f 2116 2122 2121
f 2123 2122 2120
f 2122 2124 2121
f 2125 2122 2123
f 2122 2125 2124
f 2126 2125 2123
f 2125 2127 2124
f 2125 2126 2127
f 2128 2129 2130
f 2128 2130 2131
f 2132 2128 2131
f 2128 2132 2133
f 2128 2133 2134
f 2135 2128 2134
f 2128 2135 2136
f 2129 2128 2137
f 2128 2136 2138
f 2139 2128 2138
f 2139 2138 2140
f 2139 2140 2141
f 2142 2139 2141
f 2128 2143 2137
f 2137 2143 2144
f 2144 2143 2145
f 2143 2146 2145
f 2143 2147 2146
f 2147 2143 2148
f 2143 2149 2148
f 2143 2150 2149
f 2150 2143 2151
f 2152 2151 2143
f 2152 2153 2151
f 2154 2153 2152
f 2155 2154 2152
f 2156 2155 2152
f 2157 2156 2152
f 2158 2157 2152
f 2159 2158 2152
f 2160 2159 2152
f 2161 2160 2152
f 2161 2152 2162
f 2163 2161 2162
f 2164 2163 2162
f 2142 2164 2162
f 2142 2162 2165
f 2139 2142 2165
f 2139 2165 2166
f 2139 2166 2167
f 2168 2139 2167
f 2168 2167 2169
f 2168 2169 2170
f 2171 2168 2170
f 2170 2172 2171
f 2172 2173 2171
f 2172 2174 2173
f 2174 2175 2173
f 2174 2176 2175
f 2176 2177 2175
f 2177 2178 2175
f 2177 2179 2178
f 2179 2180 2178
f 2179 2181 2180
f 2179 2182 2181
f 2182 59 2181
f 2182 2183 59
f 2183 2184 59
f 59 2184 52
f 2184 2185 52
f 2185 2186 52
f 2186 2187 52
f 2187 2188 52
f 2187 2189 2188
f 2189 2190 2188
f 2189 2191 2190
f 2191 2192 2190
f 2191 2193 2192
f 2193 2194 2192
f 2193 2195 2194
f 2195 2196 2194
f 2196 2197 2194
f 2196 2198 2197
f 2198 2199 2197
f 2198 2200 2199
f 2198 2201 2200
f 2201 2202 2200
f 2201 2203 2202
f 2203 2204 2202
f 2203 2205 2204
f 2203 2206 2205
f 2206 2207 2205
f 2206 2208 2207
f 2208 2209 2207
f 2208 2210 2209
f 2210 2211 2209
f 2211 2212 2209
f 2211 2213 2212
f 2213 2214 2212
f 2213 2215 2214
f 2215 2216 2214
f 2215 2217 2216
f 2217 2218 2216
f 2218 2219 2216
f 2218 2220 2219
f 2220 2221 2219
f 2220 2222 2221
f 2222 2223 2221
f 2222 2224 2223
f 2222 2225 2224
f 2225 2226 2224
f 2225 2227 2226
f 2225 2228 2227
f 2228 2229 2227
f 2228 2230 2229
f 2228 2231 2230
f 2231 2232 2230
f 2231 2233 2232
f 2233 2234 2232
f 2233 2235 2234
f 2235 2236 2234
f 2235 2237 2236
f 2237 2238 2236
f 2237 2239 2238
f 2239 2240 2238
f 2239 2241 2240
f 2241 2242 2240
f 2242 2243 2240
f 2242 2244 2243
f 2244 2245 2243
f 2244 2246 2245
f 2246 2247 2245
f 2246 2248 2247
f 2248 2143 2247
f 2248 2152 2143
f 2143 2249 2250
f 2251 2143 2250
f 2251 2250 2252
f 2253 2251 2252
f 2251 2253 2254
f 2251 2254 2255
f 2143 2128 2249
f 2128 2256 2249
f 2128 2257 2256
f 2257 2128 2258
f 2128 2259 2258
f 2260 2251 2255
f 2128 2261 2259
f 2251 2260 2262
f 2261 2128 2263
f 2251 2262 2264
f 2128 2265 2263
f 2266 2251 2264
f 2251 2266 2267
f 2251 2267 2268
f 2128 2269 2265
f 2269 2128 2270
f 2128 2271 2270
f 2272 2251 2268
f 2128 2272 2271
f 2272 2268 2273
f 2272 2274 2271
f 2272 2273 2275
f 2272 2276 2274
f 2277 2272 2275
f 2276 2272 2278
f 2272 2277 2279
f 2272 2280 2278
f 2272 2279 2281
f 2272 2282 2280
f 2282 2272 2281
f 2283 2284 2285
f 2286 2283 2285
f 2283 2287 2284
f 2287 2283 2286
f 2288 2289 2290
f 2288 2290 2291
f 2289 2288 2292
f 2292 2288 2291
f 2293 2294 2295
f 2296 2293 2295
f 2293 2297 2294
f 2297 2293 2296
f 2298 2299 2300
f 2301 2298 2300
f 2298 2302 2299
f 2302 2298 2301
