# ROS coordinates: X forward, Y left, Z up; units are metres.
o mesh
v -0.07861054 0.1035607 0
v -0.07861054 0.103060693 -0.0005
v -0.0783102959 0.103033155 -0.0005
v -0.07801183 0.103213906 -0.00025
v -0.07821932 0.103524804 0
v -0.0780031756 0.102944851 -0.0005
v -0.0778191239 0.103409745 0
v -0.07770763 0.102791741 -0.0005
v -0.0774340257 0.103210241 0
v -0.0774348453 0.102903262 -0.00025
v -0.0774438 0.102577426 -0.0005
v -0.07699054 0.102403477 -0.00025
v -0.0770902559 0.102930978 0
v -0.07722949 0.102313593 -0.0005
v -0.07681099 0.1025872 0
v -0.07707638 0.102018051 -0.0005
v -0.07661148 0.10220211 0
v -0.076752305 0.101806909 -0.00025
v -0.07698807 0.10171093 -0.0005
v -0.07671054 0.1014107 -0.00025
v -0.07649642 0.10180191 0
v -0.0769605339 0.1014107 -0.0005
v -0.07646053 0.1014107 0
v -0.07698807 0.101110458 -0.0005
v -0.07649642 0.101019472 0
v -0.076752305 0.101014487 -0.00025
v -0.07707638 0.100803338 -0.0005
v -0.07661148 0.100619286 0
v -0.07688669 0.100611709 -0.00025
v -0.07722949 0.1005078 -0.0005
v -0.07681099 0.100234196 0
v -0.0771179646 0.100235015 -0.00025
v -0.0774438 0.100243978 -0.0005
v -0.0770902559 0.09989042 0
v -0.0774348453 0.09991813 -0.00025
v -0.07770763 0.100029647 -0.0005
v -0.0774340257 0.09961115 0
v -0.07781155 0.09968686 -0.00025
v -0.0780031756 0.09987655 -0.0005
v -0.0778191239 0.09941165 0
v -0.07821432 0.09955247 -0.00025
v -0.0783102959 0.09978824 -0.0005
v -0.07821932 0.0992966 0
v -0.07861054 0.0997607037 -0.0005
v -0.07861054 0.0992606953 2.08166825E-19
v -0.07891077 0.09978824 -0.0005
v -0.07920922 0.09960749 -0.00025
v -0.07921789 0.09987655 -0.0005
v -0.07900175 0.0992966 0
v -0.07940194 0.09941165 0
v -0.07951342 0.100029647 -0.0005
v -0.07978704 0.09961115 0
v -0.07978621 0.09991813 -0.00025
v -0.0797772557 0.100243978 -0.0005
v -0.08023053 0.100417912 -0.00025
v -0.08013081 0.09989042 0
v -0.07999158 0.1005078 -0.0005
v -0.08041008 0.100234196 0
v -0.08014469 0.100803338 -0.0005
v -0.0806095749 0.100619286 0
v -0.08046877 0.101014487 -0.00025
v -0.0802329853 0.101110458 -0.0005
v -0.0805105343 0.1014107 -0.00025
v -0.08072464 0.101019472 0
v -0.08026053 0.1014107 -0.0005
v -0.08076053 0.1014107 0
v -0.0802329853 0.10171093 -0.0005
v -0.08072464 0.10180191 0
v -0.08046877 0.101806909 -0.00025
v -0.08014469 0.102018051 -0.0005
v -0.0806095749 0.10220211 0
v -0.0803343654 0.102209687 -0.00025
v -0.07999158 0.102313593 -0.0005
v -0.08041008 0.1025872 0
v -0.0801031 0.102586381 -0.00025
v -0.0797772557 0.102577426 -0.0005
v -0.08013081 0.102930978 0
v -0.07978621 0.102903262 -0.00025
v -0.07951342 0.102791741 -0.0005
v -0.07978704 0.103210241 0
v -0.0794095248 0.103134528 -0.00025
v -0.07921789 0.102944851 -0.0005
v -0.07940194 0.103409745 0
v -0.07900675 0.103268921 -0.00025
v -0.07891077 0.103033155 -0.0005
v -0.07900175 0.103524804 0
v -0.07861054 0.103060693 -0.0005
v -0.07861054 0.1035607 0
v 0.008492424 0.05785 5.03069825E-18
v 0.008883645 0.0578859 0
v 0.008492424 0.0583500043 -0.0005
v 0.008888641 0.0581417754 -0.00025
v 0.008792664 0.05837755 -0.0005
v 0.009283828 0.05800096 0
v 0.009099781 0.0584658533 -0.0005
v 0.009291412 0.0582761653 -0.00025
v 0.009668925 0.0582004637 0
v 0.009395321 0.0586189553 -0.0005
v 0.009668107 0.05850743 -0.00025
v 0.0100127049 0.0584797226 0
v 0.009659151 0.05883328 -0.0005
v 0.009984996 0.0588243157 -0.00025
v 0.0102919638 0.0588235036 0
v 0.0098734675 0.0590971075 -0.0005
v 0.0102162631 0.0592010133 -0.00025
v 0.01049147 0.0592086 0
v 0.010026576 0.059392646 -0.0005
v 0.010350653 0.0596037842 -0.00025
v 0.0106065311 0.05960878 0
v 0.0103924247 0.0600000024 -0.00025
v 0.0101148793 0.05969976 -0.0005
v 0.0106424242 0.0600000024 0
v 0.0101424241 0.0600000024 -0.0005
v 0.0106065311 0.0603912249 0
v 0.0101148793 0.0603002459 -0.0005
v 0.010350653 0.0603962243 -0.00025
v 0.01049147 0.0607914068 0
v 0.01011242 0.0609927848 -0.00025
v 0.010026576 0.06060736 -0.0005
v 0.0102919638 0.0611765 0
v 0.0098734675 0.0609029 -0.0005
v 0.0100127049 0.0615202822 0
v 0.009659151 0.06116673 -0.0005
v 0.009668107 0.0614925772 -0.00025
v 0.009668925 0.0617995448 0
v 0.009091122 0.0618032068 -0.00025
v 0.009395321 0.06138105 -0.0005
v 0.009283828 0.0619990453 0
v 0.009099781 0.0615341552 -0.0005
v 0.008883645 0.06211411 0
v 0.008792664 0.0616224557 -0.0005
v 0.008492424 0.0621500053 0
v 0.008492424 0.06165 -0.0005
v -0.101519763 0.05785 5.516421E-18
v -0.101128548 0.0578859 0
v -0.101519763 0.0583500043 -0.0005
v -0.101123556 0.0581417754 -0.00025
v -0.101219535 0.05837755 -0.0005
v -0.100728363 0.05800096 0
v -0.100912414 0.0584658533 -0.0005
v -0.100720786 0.0582761653 -0.00025
v -0.100343272 0.0582004637 0
v -0.100616872 0.0586189553 -0.0005
v -0.100344092 0.05850743 -0.00025
v -0.09999949 0.0584797226 0
v -0.100353047 0.05883328 -0.0005
v -0.100027189 0.0588243157 -0.00025
v -0.0997202247 0.0588235036 0
v -0.100138724 0.0590971075 -0.0005
v -0.09979592 0.0592010133 -0.00025
v -0.09952073 0.0592086 0
v -0.09998563 0.059392646 -0.0005
v -0.099661544 0.0596037842 -0.00025
v -0.09940566 0.05960878 0
v -0.09961977 0.0600000024 -0.00025
v -0.09989731 0.05969976 -0.0005
v -0.09936977 0.0600000024 0
v -0.09986977 0.0600000024 -0.0005
v -0.09940566 0.0603912249 0
v -0.09989731 0.0603002459 -0.0005
v -0.099661544 0.0603962243 -0.00025
v -0.09952073 0.0607914068 0
v -0.09989978 0.0609927848 -0.00025
v -0.09998563 0.06060736 -0.0005
v -0.0997202247 0.0611765 0
v -0.100138724 0.0609029 -0.0005
v -0.09999949 0.0615202822 0
v -0.100353047 0.06116673 -0.0005
v -0.100344092 0.0614925772 -0.00025
v -0.100343272 0.0617995448 0
v -0.10092108 0.0618032068 -0.00025
v -0.100616872 0.06138105 -0.0005
v -0.100728363 0.0619990453 0
v -0.100912414 0.0615341552 -0.0005
v -0.101128548 0.06211411 0
v -0.101219535 0.0616224557 -0.0005
v -0.101519763 0.0621500053 0
v -0.101519763 0.06165 -0.0005
v 0.008492424 0.14177306 2.08166825E-19
v 0.008883645 0.141808957 0
v 0.008492424 0.142273054 -0.0005
v 0.008888641 0.142064825 -0.00025
v 0.008792664 0.1423006 -0.0005
v 0.009283828 0.141924009 0
v 0.009099781 0.14238891 -0.0005
v 0.009291412 0.142199218 -0.00025
v 0.009668925 0.14212352 0
v 0.009395321 0.142542 -0.0005
v 0.009668107 0.142430484 -0.00025
v 0.0100127049 0.142402783 0
v 0.009659151 0.142756328 -0.0005
v 0.009984996 0.142747372 -0.00025
v 0.0102919638 0.142746553 0
v 0.0098734675 0.143020168 -0.0005
v 0.0102162631 0.143124059 -0.00025
v 0.01049147 0.143131644 0
v 0.010026576 0.1433157 -0.0005
v 0.010350653 0.143526837 -0.00025
v 0.0106065311 0.143531829 0
v 0.0103924247 0.143923044 -0.00025
v 0.0101148793 0.143622816 -0.0005
v 0.0106424242 0.143923044 0
v 0.0101424241 0.143923044 -0.0005
v 0.0106065311 0.144314274 0
v 0.0101148793 0.1442233 -0.0005
v 0.010350653 0.144319266 -0.00025
v 0.01049147 0.14471446 0
v 0.01011242 0.144915834 -0.00025
v 0.010026576 0.1445304 -0.0005
v 0.0102919638 0.145099565 0
v 0.0098734675 0.14482595 -0.0005
v 0.0100127049 0.145443335 0
v 0.009659151 0.14508979 -0.0005
v 0.009668107 0.145415634 -0.00025
v 0.009668925 0.1457226 0
v 0.009091122 0.145726264 -0.00025
v 0.009395321 0.145304084 -0.0005
v 0.009283828 0.1459221 0
v 0.009099781 0.145457208 -0.0005
v 0.008883645 0.146037161 0
v 0.008792664 0.145545512 -0.0005
v 0.008492424 0.146073058 0
v 0.008492424 0.14557305 -0.0005
v 0.008492424 0.0478499979 5.03069825E-18
v 0.008883645 0.0478858948 0
v 0.008492424 0.0483500026 -0.0005
v 0.008888641 0.0481417738 -0.00025
v 0.008792664 0.04837755 -0.0005
v 0.009283828 0.0480009578 0
v 0.009099781 0.048465848 -0.0005
v 0.009291412 0.0482761636 -0.00025
v 0.009668925 0.04820046 0
v 0.009395321 0.0486189574 -0.0005
v 0.009668107 0.04850743 -0.00025
v 0.0100127049 0.04847972 0
v 0.009659151 0.0488332734 -0.0005
v 0.009984996 0.0488243178 -0.00025
v 0.0102919638 0.0488235019 0
v 0.0098734675 0.0490971059 -0.0005
v 0.0102162631 0.04920101 -0.00025
v 0.01049147 0.0492085963 0
v 0.010026576 0.049392648 -0.0005
v 0.010350653 0.0496037863 -0.00025
v 0.0106065311 0.0496087819 0
v 0.0103924247 0.0500000045 -0.00025
v 0.0101148793 0.0496997647 -0.0005
v 0.0106424242 0.0500000045 0
v 0.0101424241 0.0500000045 -0.0005
v 0.0106065311 0.0503912233 0
v 0.0101148793 0.0503002442 -0.0005
v 0.010350653 0.05039622 -0.00025
v 0.01049147 0.0507914051 0
v 0.01011242 0.0509927869 -0.00025
v 0.010026576 0.05060736 -0.0005
v 0.0102919638 0.0511765033 0
v 0.0098734675 0.0509028956 -0.0005
v 0.0100127049 0.0515202843 0
v 0.009659151 0.05116673 -0.0005
v 0.009668107 0.05149257 -0.00025
v 0.009668925 0.0517995432 0
v 0.009091122 0.0518032126 -0.00025
v 0.009395321 0.0513810478 -0.0005
v 0.009283828 0.0519990474 0
v 0.009099781 0.0515341535 -0.0005
v 0.008883645 0.0521141067 0
v 0.008792664 0.0516224578 -0.0005
v 0.008492424 0.0521500036 0
v 0.008492424 0.05165 -0.0005
v -0.105000004 0.0478499979 5.516421E-18
v -0.104608789 0.0478858948 0
v -0.105000004 0.0483500026 -0.0005
v -0.1046038 0.0481417738 -0.00025
v -0.104699768 0.04837755 -0.0005
v -0.104208596 0.0480009578 0
v -0.104392648 0.048465848 -0.0005
v -0.104201019 0.0482761636 -0.00025
v -0.103823505 0.04820046 0
v -0.1040971 0.0486189574 -0.0005
v -0.103824325 0.04850743 -0.00025
v -0.103479728 0.04847972 0
v -0.103833288 0.0488332734 -0.0005
v -0.103507444 0.0488243178 -0.00025
v -0.103200465 0.0488235019 0
v -0.103618957 0.0490971059 -0.0005
v -0.103276156 0.04920101 -0.00025
v -0.103000961 0.0492085963 0
v -0.103465855 0.049392648 -0.0005
v -0.103141777 0.0496037863 -0.00025
v -0.102885894 0.0496087819 0
v -0.103100009 0.0500000045 -0.00025
v -0.103377551 0.0496997647 -0.0005
v -0.102850005 0.0500000045 0
v -0.10335 0.0500000045 -0.0005
v -0.102885894 0.0503912233 0
v -0.103377551 0.0503002442 -0.0005
v -0.103141777 0.05039622 -0.00025
v -0.103000961 0.0507914051 0
v -0.10338001 0.0509927869 -0.00025
v -0.103465855 0.05060736 -0.0005
v -0.103200465 0.0511765033 0
v -0.103618957 0.0509028956 -0.0005
v -0.103479728 0.0515202843 0
v -0.103833288 0.05116673 -0.0005
v -0.103824325 0.05149257 -0.00025
v -0.103823505 0.0517995432 0
v -0.104401305 0.0518032126 -0.00025
v -0.1040971 0.0513810478 -0.0005
v -0.104208596 0.0519990474 0
v -0.104392648 0.0515341535 -0.0005
v -0.104608789 0.0521141067 0
v -0.104699768 0.0516224578 -0.0005
v -0.105000004 0.0521500036 0
v -0.105000004 0.05165 -0.0005
v -0.105000004 0.0521500036 -0.003
v -0.105000004 0.05165 -0.00250000018
v -0.10530024 0.0516224578 -0.00250000018
v -0.1055987 0.0518032126 -0.00275000022
v -0.105391219 0.0521141067 -0.003
v -0.105607361 0.0515341535 -0.00250000018
v -0.105791405 0.0519990474 -0.003
v -0.10590291 0.0513810478 -0.00250000018
v -0.1061765 0.0517995432 -0.003
v -0.106175683 0.05149257 -0.00275000022
v -0.106166735 0.05116673 -0.00250000018
v -0.106620006 0.0509927869 -0.00275000022
v -0.106520288 0.0515202843 -0.003
v -0.106381044 0.0509028956 -0.00250000018
v -0.106799535 0.0511765033 -0.003
v -0.106534153 0.05060736 -0.00250000018
v -0.106999047 0.0507914051 -0.003
v -0.106858231 0.05039622 -0.00275000022
v -0.106622465 0.0503002442 -0.00250000018
v -0.1069 0.0500000045 -0.00275000022
v -0.107114106 0.0503912233 -0.003
v -0.10665 0.0500000045 -0.00250000018
v -0.10715 0.0500000045 -0.003
v -0.106622465 0.0496997647 -0.00250000018
v -0.107114106 0.0496087819 -0.003
v -0.106858231 0.0496037863 -0.00275000022
v -0.106534153 0.049392648 -0.00250000018
v -0.106999047 0.0492085963 -0.003
v -0.106723845 0.04920101 -0.00275000022
v -0.106381044 0.0490971059 -0.00250000018
v -0.106799535 0.0488235019 -0.003
v -0.106492572 0.0488243178 -0.00275000022
v -0.106166735 0.0488332734 -0.00250000018
v -0.106520288 0.04847972 -0.003
v -0.106175683 0.04850743 -0.00275000022
v -0.10590291 0.0486189574 -0.00250000018
v -0.1061765 0.04820046 -0.003
v -0.10579899 0.0482761636 -0.00275000022
v -0.105607361 0.048465848 -0.00250000018
v -0.105791405 0.0480009578 -0.003
v -0.105396219 0.0481417738 -0.00275000022
v -0.10530024 0.04837755 -0.00250000018
v -0.105391219 0.0478858948 -0.003
v -0.105000004 0.0483500026 -0.00250000018
v -0.105000004 0.0478499979 -0.003
v -0.104699768 0.04837755 -0.00250000018
v -0.104401305 0.0481967963 -0.00275000022
v -0.104392648 0.048465848 -0.00250000018
v -0.104608789 0.0478858948 -0.003
v -0.104208596 0.0480009578 -0.003
v -0.1040971 0.0486189574 -0.00250000018
v -0.103823505 0.04820046 -0.003
v -0.103824325 0.04850743 -0.00275000022
v -0.103833288 0.0488332734 -0.00250000018
v -0.10338001 0.04900722 -0.00275000022
v -0.103479728 0.04847972 -0.003
v -0.103618957 0.0490971059 -0.00250000018
v -0.103200465 0.0488235019 -0.003
v -0.103465855 0.049392648 -0.00250000018
v -0.103000961 0.0492085963 -0.003
v -0.103141777 0.0496037863 -0.00275000022
v -0.103377551 0.0496997647 -0.00250000018
v -0.103100009 0.0500000045 -0.00275000022
v -0.102885894 0.0496087819 -0.003
v -0.10335 0.0500000045 -0.00250000018
v -0.102850005 0.0500000045 -0.003
v -0.103377551 0.0503002442 -0.00250000018
v -0.102885894 0.0503912233 -0.003
v -0.103141777 0.05039622 -0.00275000022
v -0.103465855 0.05060736 -0.00250000018
v -0.103000961 0.0507914051 -0.003
v -0.103276156 0.05079899 -0.00275000022
v -0.103618957 0.0509028956 -0.00250000018
v -0.103200465 0.0511765033 -0.003
v -0.103507444 0.0511756875 -0.00275000022
v -0.103833288 0.05116673 -0.00250000018
v -0.103479728 0.0515202843 -0.003
v -0.103824325 0.05149257 -0.00275000022
v -0.1040971 0.0513810478 -0.00250000018
v -0.103823505 0.0517995432 -0.003
v -0.104201019 0.0517238379 -0.00275000022
v -0.104392648 0.0515341535 -0.00250000018
v -0.104208596 0.0519990474 -0.003
v -0.1046038 0.0518582352 -0.00275000022
v -0.104699768 0.0516224578 -0.00250000018
v -0.104608789 0.0521141067 -0.003
v -0.105000004 0.05165 -0.00250000018
v -0.105000004 0.0521500036 -0.003
v -0.07746952 0.05496111 -0.003
v -0.07746952 0.05496111 0
v -0.07692363 0.0550111942 0
v -0.07684392 0.0550270677 -0.0015
v -0.07692363 0.0550111942 -0.003
v -0.07636524 0.055171743 0
v -0.07636524 0.055171743 -0.003
v -0.07620796 0.05523926 -0.0015
v -0.0758279 0.0554501228 0
v -0.0758279 0.0554501228 -0.003
v -0.07561318 0.05560442 -0.0015
v -0.0753482 0.05583979 0
v -0.0753482 0.05583979 -0.003
v -0.07511283 0.0561047681 -0.0015
v -0.07495853 0.0563194826 0
v -0.07495853 0.0563194826 -0.003
v -0.07474767 0.05669955 -0.0015
v -0.07468016 0.0568568259 0
v -0.07468016 0.0568568259 -0.003
v -0.0745354742 0.0573355034 -0.0015
v -0.0745196044 0.05741522 0
v -0.07446952 0.0579611063 -0.0015
v -0.0745196044 0.05741522 -0.003
v -0.07446952 0.0579611063 0
v -0.07446952 0.0579611063 -0.003
v -0.0745196044 0.0585070029 0
v -0.0745196044 0.0585070029 -0.003
v -0.0745354742 0.0585867129 -0.0015
v -0.07468016 0.05906539 0
v -0.07468016 0.05906539 -0.003
v -0.07468016 0.05906539 -0.0015
v -0.07491163 0.0595286638 -0.0015
v -0.07495853 0.05960274 0
v -0.07495853 0.05960274 -0.003
v -0.07522649 0.0599533021 -0.0015
v -0.0753482 0.06008243 0
v -0.0753482 0.06008243 -0.003
v -0.07561318 0.0603178 -0.0015
v -0.0758279 0.0604720972 0
v -0.0758279 0.0604720972 -0.003
v -0.07605325 0.0606057569 -0.0015
v -0.07636524 0.060750477 0
v -0.07636524 0.060750477 -0.003
v -0.07652421 0.0608082861 -0.0015
v -0.07692363 0.06091103 0
v -0.07692363 0.06091103 -0.003
v -0.07700308 0.0609246269 -0.0015
v -0.07746952 0.0609611124 0
v -0.07746952 0.0609611124 -0.003
v -0.07801541 0.06091103 0
v -0.07809512 0.0608951561 -0.0015
v -0.07801541 0.06091103 -0.003
v -0.07857381 0.060750477 0
v -0.07857381 0.060750477 -0.003
v -0.07873109 0.0606829636 -0.0015
v -0.07911115 0.0604720972 0
v -0.07911115 0.0604720972 -0.003
v -0.0793258548 0.0603178 -0.0015
v -0.0795908347 0.06008243 0
v -0.0795908347 0.06008243 -0.003
v -0.079826206 0.059817452 -0.0015
v -0.0799805 0.05960274 0
v -0.0799805 0.05960274 -0.003
v -0.0801913738 0.0592226721 -0.0015
v -0.08025889 0.05906539 0
v -0.08025889 0.05906539 -0.003
v -0.08040357 0.0585867129 -0.0015
v -0.08041944 0.0585070029 0
v -0.08046952 0.0579611063 -0.0015
v -0.08041944 0.0585070029 -0.003
v -0.08046952 0.0579611063 0
v -0.08046952 0.0579611063 -0.003
v -0.08041944 0.05741522 0
v -0.08041944 0.05741522 -0.003
v -0.08040357 0.0573355034 -0.0015
v -0.08025889 0.0568568259 0
v -0.08025889 0.0568568259 -0.003
v -0.08025889 0.0568568259 -0.0015
v -0.0800274 0.05639356 -0.0015
v -0.0799805 0.0563194826 0
v -0.0799805 0.0563194826 -0.003
v -0.0797125548 0.0559689142 -0.0015
v -0.0795908347 0.05583979 0
v -0.0795908347 0.05583979 -0.003
v -0.0793258548 0.05560442 -0.0015
v -0.07911115 0.0554501228 0
v -0.07911115 0.0554501228 -0.003
v -0.0788857862 0.05531646 -0.0015
v -0.07857381 0.055171743 0
v -0.07857381 0.055171743 -0.003
v -0.07841483 0.0551139377 -0.0015
v -0.07801541 0.0550111942 0
v -0.07801541 0.0550111942 -0.003
v -0.0779359639 0.0549975969 -0.0015
v -0.07746952 0.05496111 0
v -0.07746952 0.05496111 -0.003
v 0.00314065674 0.135571286 -0.003
v 0.00314065674 0.135571286 0
v 0.00368654542 0.135621369 0
v 0.003766262 0.135637239 -0.0015
v 0.00368654542 0.135621369 -0.003
v 0.004244941 0.135781929 0
v 0.004244941 0.135781929 -0.003
v 0.004402217 0.135849431 -0.0015
v 0.004782286 0.1360603 0
v 0.004782286 0.1360603 -0.003
v 0.004996998 0.1362146 -0.0015
v 0.005261977 0.136449963 0
v 0.005261977 0.136449963 -0.003
v 0.00549734849 0.136714935 -0.0015
v 0.005651643 0.136929661 0
v 0.005651643 0.136929661 -0.003
v 0.005862506 0.13730973 -0.0015
v 0.005930022 0.137467 0
v 0.005930022 0.137467 -0.003
v 0.006074701 0.137945682 -0.0015
v 0.00609057257 0.1380254 0
v 0.006140657 0.138571292 -0.0015
v 0.00609057257 0.1380254 -0.003
v 0.006140657 0.138571292 0
v 0.006140657 0.138571292 -0.003
v 0.00609057257 0.139117181 0
v 0.00609057257 0.139117181 -0.003
v 0.006074701 0.139196888 -0.0015
v 0.005930022 0.139675573 0
v 0.005930022 0.139675573 -0.003
v 0.005930022 0.139675573 -0.0015
v 0.005698543 0.14013885 -0.0015
v 0.005651643 0.140212908 0
v 0.005651643 0.140212908 -0.003
v 0.005383682 0.140563488 -0.0015
v 0.005261977 0.1406926 0
v 0.005261977 0.1406926 -0.003
v 0.004996998 0.140927985 -0.0015
v 0.004782286 0.141082272 0
v 0.004782286 0.141082272 -0.003
v 0.00455693062 0.141215935 -0.0015
v 0.004244941 0.141360641 0
v 0.004244941 0.141360641 -0.003
v 0.00408596732 0.141418457 -0.0015
v 0.00368654542 0.1415212 0
v 0.00368654542 0.1415212 -0.003
v 0.00360709871 0.1415348 -0.0015
v 0.00314065674 0.1415713 0
v 0.00314065674 0.1415713 -0.003
v 0.00259476737 0.1415212 0
v 0.00251505082 0.141505331 -0.0015
v 0.00259476737 0.1415212 -0.003
v 0.0020363722 0.141360641 0
v 0.0020363722 0.141360641 -0.003
v 0.001879096 0.141293138 -0.0015
v 0.00149902713 0.141082272 0
v 0.00149902713 0.141082272 -0.003
v 0.001284315 0.140927985 -0.0015
v 0.001019336 0.1406926 0
v 0.001019336 0.1406926 -0.003
v 0.000783964351 0.140427619 -0.0015
v 0.0006296698 0.140212908 0
v 0.0006296698 0.140212908 -0.003
v 0.0004188067 0.139832854 -0.0015
v 0.0003512914 0.139675573 0
v 0.0003512914 0.139675573 -0.003
v 0.000206611745 0.139196888 -0.0015
v 0.000190740233 0.139117181 0
v 0.000140656324 0.138571292 -0.0015
v 0.000190740233 0.139117181 -0.003
v 0.000140656324 0.138571292 0
v 0.000140656324 0.138571292 -0.003
v 0.000190740233 0.1380254 0
v 0.000190740233 0.1380254 -0.003
v 0.000206611745 0.137945682 -0.0015
v 0.0003512914 0.137467 0
v 0.0003512914 0.137467 -0.003
v 0.0003512914 0.137467 -0.0015
v 0.000582770037 0.137003735 -0.0015
v 0.0006296698 0.136929661 0
v 0.0006296698 0.136929661 -0.003
v 0.0008976308 0.1365791 -0.0015
v 0.001019336 0.136449963 0
v 0.001019336 0.136449963 -0.003
v 0.001284315 0.1362146 -0.0015
v 0.00149902713 0.1360603 0
v 0.00149902713 0.1360603 -0.003
v 0.00172438216 0.135926634 -0.0015
v 0.0020363722 0.135781929 0
v 0.0020363722 0.135781929 -0.003
v 0.0021953457 0.135724112 -0.0015
v 0.00259476737 0.135621369 0
v 0.00259476737 0.135621369 -0.003
v 0.002674214 0.135607779 -0.0015
v 0.00314065674 0.135571286 0
v 0.00314065674 0.135571286 -0.003
v -0.105000004 0.05165 -0.0005
v -0.105000004 0.05165 -0.00250000018
v -0.104699768 0.0516224578 -0.00250000018
v -0.104655921 0.05161373 -0.0015
v -0.104699768 0.0516224578 -0.0005
v -0.104392648 0.0515341535 -0.00250000018
v -0.104392648 0.0515341535 -0.0005
v -0.104306154 0.0514970161 -0.0015
v -0.1040971 0.0513810478 -0.00250000018
v -0.1040971 0.0513810478 -0.0005
v -0.103979021 0.0512961857 -0.0015
v -0.103833288 0.05116673 -0.00250000018
v -0.103833288 0.05116673 -0.0005
v -0.103703827 0.0510209948 -0.0015
v -0.103618957 0.0509028956 -0.00250000018
v -0.103618957 0.0509028956 -0.0005
v -0.103502981 0.0506938621 -0.0015
v -0.103465855 0.05060736 -0.00250000018
v -0.103465855 0.05060736 -0.0005
v -0.103386283 0.0503440872 -0.0015
v -0.103377551 0.0503002442 -0.00250000018
v -0.10335 0.0500000045 -0.0015
v -0.103377551 0.0503002442 -0.0005
v -0.10335 0.0500000045 -0.00250000018
v -0.10335 0.0500000045 -0.0005
v -0.103377551 0.0496997647 -0.00250000018
v -0.103377551 0.0496997647 -0.0005
v -0.103386283 0.04965592 -0.0015
v -0.103465855 0.049392648 -0.00250000018
v -0.103465855 0.049392648 -0.0005
v -0.103465855 0.049392648 -0.0015
v -0.103593163 0.0491378456 -0.0015
v -0.103618957 0.0490971059 -0.00250000018
v -0.103618957 0.0490971059 -0.0005
v -0.103766337 0.0489043 -0.0015
v -0.103833288 0.0488332734 -0.00250000018
v -0.103833288 0.0488332734 -0.0005
v -0.103979021 0.04870382 -0.0015
v -0.1040971 0.0486189574 -0.00250000018
v -0.1040971 0.0486189574 -0.0005
v -0.104221046 0.0485454462 -0.0015
v -0.104392648 0.048465848 -0.00250000018
v -0.104392648 0.048465848 -0.0005
v -0.10448008 0.04843406 -0.0015
v -0.104699768 0.04837755 -0.00250000018
v -0.104699768 0.04837755 -0.0005
v -0.104743458 0.048370067 -0.0015
v -0.105000004 0.0483500026 -0.00250000018
v -0.105000004 0.0483500026 -0.0005
v -0.10530024 0.04837755 -0.00250000018
v -0.105344094 0.0483862758 -0.0015
v -0.10530024 0.04837755 -0.0005
v -0.105607361 0.048465848 -0.00250000018
v -0.105607361 0.048465848 -0.0005
v -0.105693862 0.0485029854 -0.0015
v -0.10590291 0.0486189574 -0.00250000018
v -0.10590291 0.0486189574 -0.0005
v -0.106020987 0.04870382 -0.0015
v -0.106166735 0.0488332734 -0.00250000018
v -0.106166735 0.0488332734 -0.0005
v -0.106296182 0.0489790142 -0.0015
v -0.106381044 0.0490971059 -0.00250000018
v -0.106381044 0.0490971059 -0.0005
v -0.106497027 0.04930614 -0.0015
v -0.106534153 0.049392648 -0.00250000018
v -0.106534153 0.049392648 -0.0005
v -0.106613725 0.04965592 -0.0015
v -0.106622465 0.0496997647 -0.00250000018
v -0.10665 0.0500000045 -0.0015
v -0.106622465 0.0496997647 -0.0005
v -0.10665 0.0500000045 -0.00250000018
v -0.10665 0.0500000045 -0.0005
v -0.106622465 0.0503002442 -0.00250000018
v -0.106622465 0.0503002442 -0.0005
v -0.106613725 0.0503440872 -0.0015
v -0.106534153 0.05060736 -0.00250000018
v -0.106534153 0.05060736 -0.0005
v -0.106534153 0.05060736 -0.0015
v -0.106406845 0.0508621559 -0.0015
v -0.106381044 0.0509028956 -0.00250000018
v -0.106381044 0.0509028956 -0.0005
v -0.106233664 0.05109571 -0.0015
v -0.106166735 0.05116673 -0.00250000018
v -0.106166735 0.05116673 -0.0005
v -0.106020987 0.0512961857 -0.0015
v -0.10590291 0.0513810478 -0.00250000018
v -0.10590291 0.0513810478 -0.0005
v -0.105778955 0.0514545627 -0.0015
v -0.105607361 0.0515341535 -0.00250000018
v -0.105607361 0.0515341535 -0.0005
v -0.105519928 0.0515659451 -0.0015
v -0.10530024 0.0516224578 -0.00250000018
v -0.10530024 0.0516224578 -0.0005
v -0.10525655 0.0516299345 -0.0015
v -0.105000004 0.05165 -0.00250000018
v -0.105000004 0.05165 -0.0005
v -0.08997306 0.09016778 0
v -0.07044612 0.125464648 0
v -0.07088363 0.125706688 -0.0005
v -0.09022306 0.09027808 -0.0002721491
v -0.110000007 0.0550000034 -0.0005
v -0.1095 0.05487092 0
v -0.105000004 0.0483500026 -0.0005
v -0.10530024 0.04837755 -0.0005
v -0.105000004 0.0478499979 5.516421E-18
v -0.1055987 0.0481967963 -0.00025
v -0.105607361 0.048465848 -0.0005
v -0.105391219 0.0478858948 0
v -0.105791405 0.0480009578 0
v -0.10590291 0.0486189574 -0.0005
v -0.1061765 0.04820046 0
v -0.106175683 0.04850743 -0.00025
v -0.106166735 0.0488332734 -0.0005
v -0.106620006 0.04900722 -0.00025
v -0.106520288 0.04847972 0
v -0.106381044 0.0490971059 -0.0005
v -0.106799535 0.0488235019 0
v -0.106534153 0.049392648 -0.0005
v -0.106999047 0.0492085963 0
v -0.106858231 0.0496037863 -0.00025
v -0.106622465 0.0496997647 -0.0005
v -0.1069 0.0500000045 -0.00025
v -0.107114106 0.0496087819 0
v -0.10665 0.0500000045 -0.0005
v -0.10715 0.0500000045 0
v -0.106622465 0.0503002442 -0.0005
v -0.107114106 0.0503912233 0
v -0.106858231 0.05039622 -0.00025
v -0.106534153 0.05060736 -0.0005
v -0.106999047 0.0507914051 0
v -0.106723845 0.05079899 -0.00025
v -0.106381044 0.0509028956 -0.0005
v -0.106799535 0.0511765033 0
v -0.106492572 0.0511756875 -0.00025
v -0.106166735 0.05116673 -0.0005
v -0.106520288 0.0515202843 0
v -0.106175683 0.05149257 -0.00025
v -0.10590291 0.0513810478 -0.0005
v -0.1061765 0.0517995432 0
v -0.10579899 0.0517238379 -0.00025
v -0.105607361 0.0515341535 -0.0005
v -0.105791405 0.0519990474 0
v -0.105396219 0.0518582352 -0.00025
v -0.10530024 0.0516224578 -0.0005
v -0.105391219 0.0521141067 0
v -0.105000004 0.05165 -0.0005
v -0.105000004 0.0521500036 0
v 0.008492424 0.0483500026 -0.0005
v 0.008192185 0.04837755 -0.0005
v 0.008492424 0.0478499979 5.03069825E-18
v 0.007893728 0.0481967963 -0.00025
v 0.007885069 0.048465848 -0.0005
v 0.00810120348 0.0478858948 0
v 0.00770102069 0.0480009578 0
v 0.00758952834 0.0486189574 -0.0005
v 0.00731592346 0.04820046 0
v 0.007316742 0.04850743 -0.00025
v 0.00732569862 0.0488332734 -0.0005
v 0.00687242951 0.04900722 -0.00025
v 0.00697214436 0.04847972 0
v 0.00711138174 0.0490971059 -0.0005
v 0.00669288449 0.0488235019 0
v 0.006958274 0.049392648 -0.0005
v 0.00649338029 0.0492085963 0
v 0.00663419673 0.0496037863 -0.00025
v 0.00686997036 0.0496997647 -0.0005
v 0.00659242459 0.0500000045 -0.00025
v 0.006378318 0.0496087819 0
v 0.00684242463 0.0500000045 -0.0005
v 0.006342424 0.0500000045 0
v 0.00686997036 0.0503002442 -0.0005
v 0.006378318 0.0503912233 0
v 0.00663419673 0.05039622 -0.00025
v 0.006958274 0.05060736 -0.0005
v 0.00649338029 0.0507914051 0
v 0.00676858658 0.05079899 -0.00025
v 0.00711138174 0.0509028956 -0.0005
v 0.00669288449 0.0511765033 0
v 0.006999853 0.0511756875 -0.00025
v 0.00732569862 0.05116673 -0.0005
v 0.00697214436 0.0515202843 0
v 0.007316742 0.05149257 -0.00025
v 0.00758952834 0.0513810478 -0.0005
v 0.00731592346 0.0517995432 0
v 0.007693436 0.0517238379 -0.00025
v 0.007885069 0.0515341535 -0.0005
v 0.00770102069 0.0519990474 0
v 0.008096208 0.0518582352 -0.00025
v 0.008192185 0.0516224578 -0.0005
v 0.00810120348 0.0521141067 0
v 0.008492424 0.05165 -0.0005
v 0.008492424 0.0521500036 0
v 0.008492424 0.142273054 -0.0005
v 0.008192185 0.1423006 -0.0005
v 0.008492424 0.14177306 2.08166825E-19
v 0.007893728 0.14211984 -0.00025
v 0.007885069 0.14238891 -0.0005
v 0.00810120348 0.141808957 0
v 0.00770102069 0.141924009 0
v 0.00758952834 0.142542 -0.0005
v 0.00731592346 0.14212352 0
v 0.007316742 0.142430484 -0.00025
v 0.00732569862 0.142756328 -0.0005
v 0.00687242951 0.142930284 -0.00025
v 0.00697214436 0.142402783 0
v 0.00711138174 0.143020168 -0.0005
v 0.00669288449 0.142746553 0
v 0.006958274 0.1433157 -0.0005
v 0.00649338029 0.143131644 0
v 0.00663419673 0.143526837 -0.00025
v 0.00686997036 0.143622816 -0.0005
v 0.00659242459 0.143923044 -0.00025
v 0.006378318 0.143531829 0
v 0.00684242463 0.143923044 -0.0005
v 0.006342424 0.143923044 0
v 0.00686997036 0.1442233 -0.0005
v 0.006378318 0.144314274 0
v 0.00663419673 0.144319266 -0.00025
v 0.006958274 0.1445304 -0.0005
v 0.00649338029 0.14471446 0
v 0.00676858658 0.144722044 -0.00025
v 0.00711138174 0.14482595 -0.0005
v 0.00669288449 0.145099565 0
v 0.006999853 0.145098746 -0.00025
v 0.00732569862 0.14508979 -0.0005
v 0.00697214436 0.145443335 0
v 0.007316742 0.145415634 -0.00025
v 0.00758952834 0.145304084 -0.0005
v 0.00731592346 0.1457226 0
v 0.007693436 0.1456469 -0.00025
v 0.007885069 0.145457208 -0.0005
v 0.00770102069 0.1459221 0
v 0.008096208 0.145781279 -0.00025
v 0.008192185 0.145545512 -0.0005
v 0.00810120348 0.146037161 0
v 0.008492424 0.14557305 -0.0005
v 0.008492424 0.146073058 0
v -0.101519763 0.0583500043 -0.0005
v -0.101820007 0.05837755 -0.0005
v -0.101519763 0.05785 5.516421E-18
v -0.10211847 0.058196798 -0.00025
v -0.102127127 0.0584658533 -0.0005
v -0.101910986 0.0578859 0
v -0.102311179 0.05800096 0
v -0.10242267 0.0586189553 -0.0005
v -0.10269627 0.0582004637 0
v -0.10269545 0.05850743 -0.00025
v -0.1026865 0.05883328 -0.0005
v -0.103139766 0.05900722 -0.00025
v -0.103040047 0.0584797226 0
v -0.102900818 0.0590971075 -0.0005
v -0.1033193 0.0588235036 0
v -0.103053913 0.059392646 -0.0005
v -0.103518814 0.0592086 0
v -0.103378 0.0596037842 -0.00025
v -0.103142224 0.05969976 -0.0005
v -0.103419766 0.0600000024 -0.00025
v -0.103633881 0.05960878 0
v -0.103169769 0.0600000024 -0.0005
v -0.10366977 0.0600000024 0
v -0.103142224 0.0603002459 -0.0005
v -0.103633881 0.0603912249 0
v -0.103378 0.0603962243 -0.00025
v -0.103053913 0.06060736 -0.0005
v -0.103518814 0.0607914068 0
v -0.103243604 0.06079899 -0.00025
v -0.102900818 0.0609029 -0.0005
v -0.1033193 0.0611765 0
v -0.103012338 0.06117569 -0.00025
v -0.1026865 0.06116673 -0.0005
v -0.103040047 0.0615202822 0
v -0.10269545 0.0614925772 -0.00025
v -0.10242267 0.06138105 -0.0005
v -0.10269627 0.0617995448 0
v -0.102318756 0.0617238432 -0.00025
v -0.102127127 0.0615341552 -0.0005
v -0.102311179 0.0619990453 0
v -0.101915978 0.06185823 -0.00025
v -0.101820007 0.0616224557 -0.0005
v -0.101910986 0.06211411 0
v -0.101519763 0.06165 -0.0005
v -0.101519763 0.0621500053 0
v 0.008492424 0.0583500043 -0.0005
v 0.008192185 0.05837755 -0.0005
v 0.008492424 0.05785 5.03069825E-18
v 0.007893728 0.058196798 -0.00025
v 0.007885069 0.0584658533 -0.0005
v 0.00810120348 0.0578859 0
v 0.00770102069 0.05800096 0
v 0.00758952834 0.0586189553 -0.0005
v 0.00731592346 0.0582004637 0
v 0.007316742 0.05850743 -0.00025
v 0.00732569862 0.05883328 -0.0005
v 0.00687242951 0.05900722 -0.00025
v 0.00697214436 0.0584797226 0
v 0.00711138174 0.0590971075 -0.0005
v 0.00669288449 0.0588235036 0
v 0.006958274 0.059392646 -0.0005
v 0.00649338029 0.0592086 0
v 0.00663419673 0.0596037842 -0.00025
v 0.00686997036 0.05969976 -0.0005
v 0.00659242459 0.0600000024 -0.00025
v 0.006378318 0.05960878 0
v 0.00684242463 0.0600000024 -0.0005
v 0.006342424 0.0600000024 0
v 0.00686997036 0.0603002459 -0.0005
v 0.006378318 0.0603912249 0
v 0.00663419673 0.0603962243 -0.00025
v 0.006958274 0.06060736 -0.0005
v 0.00649338029 0.0607914068 0
v 0.00676858658 0.06079899 -0.00025
v 0.00711138174 0.0609029 -0.0005
v 0.00669288449 0.0611765 0
v 0.006999853 0.06117569 -0.00025
v 0.00732569862 0.06116673 -0.0005
v 0.00697214436 0.0615202822 0
v 0.007316742 0.0614925772 -0.00025
v 0.00758952834 0.06138105 -0.0005
v 0.00731592346 0.0617995448 0
v 0.007693436 0.0617238432 -0.00025
v 0.007885069 0.0615341552 -0.0005
v 0.00770102069 0.0619990453 0
v 0.008096208 0.06185823 -0.00025
v 0.008192185 0.0616224557 -0.0005
v 0.00810120348 0.06211411 0
v 0.008492424 0.06165 -0.0005
v 0.008492424 0.0621500053 0
v 0.013492425 0.09696153 -0.0015
v 0.013492425 0.045 -0.0005
v 0.013492425 0.045 -0.00250000018
v 0.013492425 0.148923054 -0.00250000018
v 0.013492425 0.148923054 -0.0005
v -0.110000007 0.0500000045 -0.0015
v -0.110000007 0.0550000034 -0.0005
v -0.110000007 0.0550000034 -0.00250000018
v -0.110000007 0.045 -0.00250000018
v -0.110000007 0.045 -0.0005
v -0.0482537933 0.045 -0.0015
v -0.110000007 0.045 -0.0005
v -0.110000007 0.045 -0.00250000018
v 0.013492425 0.045 -0.00250000018
v 0.013492425 0.045 -0.0005
v -0.00755624752 0.07442163 -0.0005
v -0.00446074177 0.0768762156 -0.00025
v -0.00463751843 0.0770529956 -0.0005
v -0.002006155 0.0799717158 -0.0005
v -0.007839225 0.07387523 -0.00025
v -0.0107136071 0.0721172243 -0.0005
v -0.00145975337 0.0802547038 -0.00025
v 0.0002982535 0.08312909 -0.0005
v -0.0115212947 0.0713100061 -0.00025
v -0.0140543832 0.07016826 -0.0005
v 0.00110547419 0.0839367658 -0.00025
v 0.00224721641 0.08646986 -0.0005
v -0.0154226823 0.06921947 -0.00025
v -0.0175199769 0.0685910955 -0.0005
v 0.003196007 0.08783816 -0.00025
v 0.00382437953 0.0899354443 -0.0005
v -0.0194548648 0.06762161 -0.00025
v -0.0210515633 0.06738989 -0.0005
v 0.00479386561 0.0918703452 -0.00025
v 0.00502558472 0.09346704 -0.0005
v -0.0235311054 0.0665139854 -0.00025
v -0.02459298 0.0665574446 -0.0005
v 0.005901493 0.09594658 -0.00025
v 0.00585802831 0.09700846 -0.0005
v -0.0275716558 0.06587609 -0.00025
v -0.0315075777 0.06592305 -0.0005
v -0.0315075777 0.06542306 0
v -0.024502 0.0660657957 0
v -0.0209139846 0.066909194 0
v -0.01733593 0.0681262 0
v -0.0138247348 0.06972412 0
v -0.01044 0.0716987252 0
v -0.00724109868 0.0740334541 0
v -0.004283965 0.07669944 0
v -0.00161797833 0.07965658 0
v 0.0007167512 0.08285548 0
v 0.00269135833 0.08624021 0
v 0.004289274 0.08975141 0
v 0.00550628453 0.09332947 0
v 0.006349681 0.0969174653 0
v 0.006539383 0.09998713 -0.00025
v 0.006992425 0.103923045 0
v 0.00649242429 0.103923045 -0.0005
v 0.006742424 0.103923045 -0.00025
v 0.006539383 0.107858986 -0.00025
v 0.006349681 0.110928632 0
v 0.00585802831 0.110837653 -0.0005
v 0.005901493 0.111899525 -0.00025
v 0.00550628453 0.114516646 0
v 0.0040568267 0.118002675 -0.00025
v 0.00502558472 0.114379071 -0.0005
v 0.004289274 0.1180947 0
v 0.00382437953 0.117910653 -0.0005
v 0.00269135833 0.1216059 0
v 0.00110547419 0.123909339 -0.00025
v 0.00224721641 0.121376254 -0.0005
v 0.0007167512 0.124990635 0
v 0.0002982535 0.124717019 -0.0005
v -0.00161797833 0.128189534 0
v -0.002006155 0.127874374 -0.0005
v -0.0029089998 0.129323527 -0.00025
v -0.004283965 0.131146669 0
v -0.007839225 0.133970872 -0.00025
v -0.00463751843 0.13079311 -0.0005
v -0.00724109868 0.133812651 0
v -0.00755624752 0.133424476 -0.0005
v -0.01044 0.13614738 0
v -0.0134500787 0.137642324 -0.00025
v -0.0107136071 0.135728881 -0.0005
v -0.0138247348 0.138121992 0
v -0.0140543832 0.137677848 -0.0005
v -0.01733593 0.1397199 0
v -0.0175199769 0.139255 -0.0005
v -0.0194548648 0.140224487 -0.00025
v -0.0209139846 0.140936911 0
v -0.0210515633 0.140456215 -0.0005
v -0.0255604368 0.1417079 -0.00025
v -0.024502 0.141780317 0
v -0.02459298 0.141288653 -0.0005
v -0.0315075777 0.142423049 3.157197E-18
v -0.0315075777 0.141923055 -0.0005
v -0.0354435 0.141970009 -0.00025
v -0.0385131538 0.141780317 0
v -0.0384221748 0.141288653 -0.0005
v -0.03948405 0.141332135 -0.00025
v -0.0421011746 0.140936911 0
v -0.04196359 0.140456215 -0.0005
v -0.04356029 0.140224487 -0.00025
v -0.0456792265 0.1397199 0
v -0.04549518 0.139255 -0.0005
v -0.04759247 0.138626635 -0.00025
v -0.0491904169 0.138121992 0
v -0.0489607751 0.137677848 -0.0005
v -0.0514938645 0.1365361 -0.00025
v -0.0525751524 0.13614738 0
v -0.05230155 0.135728881 -0.0005
v -0.05517593 0.133970872 -0.00025
v -0.05577406 0.133812651 0
v -0.0585544147 0.1309699 -0.00025
v -0.0554589033 0.133424476 -0.0005
v -0.05873119 0.131146669 0
v -0.05837764 0.13079311 -0.0005
v -0.06139718 0.128189534 0
v -0.061009 0.127874374 -0.0005
v -0.0615554 0.1275914 -0.00025
v -0.06373191 0.124990635 0
v -0.0633134 0.124717019 -0.0005
v -0.06412063 0.123909339 -0.00025
v -0.0657065138 0.1216059 0
v -0.06526238 0.121376254 -0.0005
v -0.06621116 0.120007947 -0.00025
v -0.06730443 0.1180947 0
v -0.06683954 0.117910653 -0.0005
v -0.06780902 0.115975767 -0.00025
v -0.06852144 0.114516646 0
v -0.06804074 0.114379071 -0.0005
v -0.06891665 0.111899525 -0.00025
v -0.06936484 0.110928632 0
v -0.06887318 0.110837653 -0.0005
v -0.06955454 0.107858986 -0.00025
v -0.07000758 0.103923045 0
v -0.06950758 0.103923045 -0.0005
v -0.06975758 0.103923045 -0.00025
v -0.06955454 0.09998713 -0.00025
v -0.06936484 0.0969174653 0
v -0.06887318 0.09700846 -0.0005
v -0.06891665 0.09594658 -0.00025
v -0.06852144 0.09332947 0
v -0.06707198 0.08984343 -0.00025
v -0.06804074 0.09346704 -0.0005
v -0.06730443 0.08975141 0
v -0.06683954 0.0899354443 -0.0005
v -0.0657065138 0.08624021 0
v -0.06412063 0.0839367658 -0.00025
v -0.06526238 0.08646986 -0.0005
v -0.06373191 0.08285548 0
v -0.0633134 0.08312909 -0.0005
v -0.06139718 0.07965658 0
v -0.061009 0.0799717158 -0.0005
v -0.06010616 0.07852258 -0.00025
v -0.05873119 0.07669944 0
v -0.05517593 0.07387523 -0.00025
v -0.05837764 0.0770529956 -0.0005
v -0.05577406 0.0740334541 0
v -0.0554589033 0.07442163 -0.0005
v -0.0525751524 0.0716987252 0
v -0.0495650768 0.07020378 -0.00025
v -0.05230155 0.0721172243 -0.0005
v -0.0491904169 0.06972412 0
v -0.0489607751 0.07016826 -0.0005
v -0.0456792265 0.0681262 0
v -0.04549518 0.0685910955 -0.0005
v -0.04356029 0.06762161 -0.00025
v -0.0421011746 0.066909194 0
v -0.04196359 0.06738989 -0.0005
v -0.0374547169 0.0661382154 -0.00025
v -0.0385131538 0.0660657957 0
v -0.0384221748 0.0665574446 -0.0005
v -0.0315075777 0.06542306 0
v -0.0315075777 0.06592305 -0.0005
v -0.1095 0.0455000028 0
v -0.104608789 0.0478858948 0
v -0.105000004 0.0478499979 5.516421E-18
v -0.105391219 0.0478858948 0
v -0.105791405 0.0480009578 0
v -0.1061765 0.04820046 0
v -0.106520288 0.04847972 0
v -0.106799535 0.0488235019 0
v -0.106999047 0.0492085963 0
v -0.107114106 0.0496087819 0
v -0.10715 0.0500000045 0
v -0.104208596 0.0480009578 0
v -0.1095 0.05487092 0
v -0.107114106 0.0503912233 0
v -0.106999047 0.0507914051 0
v -0.106799535 0.0511765033 0
v -0.106520288 0.0515202843 0
v -0.1061765 0.0517995432 0
v -0.105791405 0.0519990474 0
v -0.105391219 0.0521141067 0
v -0.105000004 0.0521500036 0
v -0.07692363 0.0550111942 0
v 0.0129924249 0.0455000028 0
v 0.00770102069 0.0480009578 0
v 0.00810120348 0.0478858948 0
v 0.008492424 0.0478499979 5.03069825E-18
v 0.008883645 0.0478858948 0
v 0.009283828 0.0480009578 0
v 0.009668925 0.04820046 0
v 0.0100127049 0.04847972 0
v 0.0102919638 0.0488235019 0
v 0.01049147 0.0492085963 0
v 0.0106065311 0.0496087819 0
v 0.0106424242 0.0500000045 0
v 0.0106065311 0.0503912233 0
v -0.07746952 0.05496111 0
v -0.07636524 0.055171743 0
v -0.103823505 0.04820046 0
v 0.00731592346 0.04820046 0
v -0.07801541 0.0550111942 0
v -0.103479728 0.04847972 0
v -0.07857381 0.055171743 0
v -0.103200465 0.0488235019 0
v -0.0758279 0.0554501228 0
v -0.07911115 0.0554501228 0
v -0.103000961 0.0492085963 0
v -0.102885894 0.0496087819 0
v -0.0795908347 0.05583979 0
v -0.102850005 0.0500000045 0
v -0.0799805 0.0563194826 0
v 0.00697214436 0.04847972 0
v -0.102885894 0.0503912233 0
v -0.0315075777 0.06542306 0
v 0.00669288449 0.0488235019 0
v 0.00649338029 0.0492085963 0
v -0.0385131538 0.0660657957 0
v -0.024502 0.0660657957 0
v -0.0753482 0.05583979 0
v 0.006378318 0.0496087819 0
v -0.0421011746 0.066909194 0
v -0.07495853 0.0563194826 0
v -0.07468016 0.0568568259 0
v -0.0456792265 0.0681262 0
v -0.0745196044 0.05741522 0
v -0.0209139846 0.066909194 0
v 0.006342424 0.0500000045 0
v 0.006378318 0.0503912233 0
v -0.0491904169 0.06972412 0
v -0.07446952 0.0579611063 0
v -0.0745196044 0.0585070029 0
v -0.01733593 0.0681262 0
v -0.0525751524 0.0716987252 0
v -0.07468016 0.05906539 0
v -0.07495853 0.05960274 0
v -0.05577406 0.0740334541 0
v -0.0753482 0.06008243 0
v -0.05873119 0.07669944 0
v -0.0758279 0.0604720972 0
v -0.07636524 0.060750477 0
v -0.06139718 0.07965658 0
v -0.07692363 0.06091103 0
v -0.07746952 0.0609611124 0
v -0.06373191 0.08285548 0
v -0.07801541 0.06091103 0
v -0.08997306 0.09016778 0
v -0.0657065138 0.08624021 0
v -0.07857381 0.060750477 0
v -0.07911115 0.0604720972 0
v -0.0795908347 0.06008243 0
v -0.0799805 0.05960274 0
v -0.08025889 0.05906539 0
v -0.06730443 0.08975141 0
v -0.0805975646 0.09696153 0
v -0.100343272 0.0617995448 0
v -0.06852144 0.09332947 0
v -0.06936484 0.0969174653 0
v -0.09999949 0.0615202822 0
v -0.100728363 0.0619990453 0
v -0.0997202247 0.0611765 0
v -0.101128548 0.06211411 0
v -0.09952073 0.0607914068 0
v -0.09940566 0.0603912249 0
v -0.09936977 0.0600000024 0
v -0.08041944 0.0585070029 0
v -0.09940566 0.05960878 0
v -0.08046952 0.0579611063 0
v -0.09952073 0.0592086 0
v -0.08041944 0.05741522 0
v -0.0997202247 0.0588235036 0
v -0.08025889 0.0568568259 0
v -0.101519763 0.0621500053 0
v -0.09999949 0.0584797226 0
v -0.101910986 0.06211411 0
v -0.102311179 0.0619990453 0
v -0.10269627 0.0617995448 0
v -0.103040047 0.0615202822 0
v -0.100343272 0.0582004637 0
v -0.103000961 0.0507914051 0
v -0.103200465 0.0511765033 0
v -0.100728363 0.05800096 0
v -0.103479728 0.0515202843 0
v -0.101128548 0.0578859 0
v -0.103823505 0.0517995432 0
v -0.101519763 0.05785 5.516421E-18
v -0.101910986 0.0578859 0
v -0.102311179 0.05800096 0
v -0.1033193 0.0611765 0
v -0.10269627 0.0582004637 0
v -0.103518814 0.0607914068 0
v -0.103633881 0.0603912249 0
v -0.103040047 0.0584797226 0
v -0.10366977 0.0600000024 0
v -0.1033193 0.0588235036 0
v -0.103518814 0.0592086 0
v -0.103633881 0.05960878 0
v -0.104608789 0.0521141067 0
v -0.104208596 0.0519990474 0
v 0.00649338029 0.0507914051 0
v 0.00649338029 0.0592086 0
v 0.00669288449 0.0511765033 0
v 0.006378318 0.05960878 0
v 0.00669288449 0.0588235036 0
v 0.00697214436 0.0515202843 0
v 0.00697214436 0.0584797226 0
v 0.00731592346 0.0517995432 0
v 0.00731592346 0.0582004637 0
v 0.00770102069 0.0519990474 0
v 0.00770102069 0.05800096 0
v 0.00810120348 0.0521141067 0
v 0.00810120348 0.0578859 0
v 0.008492424 0.0521500036 0
v 0.008492424 0.05785 5.03069825E-18
v 0.008883645 0.0521141067 0
v 0.008883645 0.0578859 0
v 0.009283828 0.0519990474 0
v 0.009283828 0.05800096 0
v 0.009668925 0.0517995432 0
v 0.009668925 0.0582004637 0
v 0.0100127049 0.0515202843 0
v 0.0100127049 0.0584797226 0
v 0.0102919638 0.0511765033 0
v 0.0102919638 0.0588235036 0
v 0.01049147 0.0507914051 0
v 0.01049147 0.0592086 0
v 0.0106065311 0.05960878 0
v 0.0106424242 0.0600000024 0
v 0.0106065311 0.0603912249 0
v 0.0129924249 0.148423061 0
v 0.006992425 0.103923045 0
v 0.01049147 0.0607914068 0
v 0.006349681 0.0969174653 0
v 0.0102919638 0.0611765 0
v 0.00550628453 0.09332947 0
v 0.004289274 0.08975141 0
v 0.0100127049 0.0615202822 0
v 0.00269135833 0.08624021 0
v 0.009668925 0.0617995448 0
v 0.009283828 0.0619990453 0
v 0.0007167512 0.08285548 0
v 0.008883645 0.06211411 0
v -0.00161797833 0.07965658 0
v 0.008492424 0.0621500053 0
v 0.00810120348 0.06211411 0
v -0.004283965 0.07669944 0
v 0.00770102069 0.0619990453 0
v 0.00731592346 0.0617995448 0
v -0.00724109868 0.0740334541 0
v 0.00697214436 0.0615202822 0
v 0.00669288449 0.0611765 0
v -0.01044 0.0716987252 0
v 0.00649338029 0.0607914068 0
v 0.006378318 0.0603912249 0
v -0.0138247348 0.06972412 0
v 0.006342424 0.0600000024 0
v 0.006349681 0.110928632 0
v 0.01049147 0.143131644 0
v 0.0102919638 0.142746553 0
v 0.00550628453 0.114516646 0
v 0.0106065311 0.143531829 0
v 0.0100127049 0.142402783 0
v 0.0106424242 0.143923044 0
v 0.0106065311 0.144314274 0
v 0.01049147 0.14471446 0
v 0.0102919638 0.145099565 0
v 0.0100127049 0.145443335 0
v 0.009668925 0.1457226 0
v 0.009283828 0.1459221 0
v 0.008883645 0.146037161 0
v 0.008492424 0.146073058 0
v 0.00810120348 0.146037161 0
v 0.00770102069 0.1459221 0
v -0.0315075777 0.148423061 0
v 0.00731592346 0.1457226 0
v 0.00697214436 0.145443335 0
v -0.0209139846 0.140936911 0
v -0.024502 0.141780317 0
v -0.0315075777 0.142423049 3.157197E-18
v -0.03723364 0.148053125 0
v -0.0385131538 0.141780317 0
v -0.04301478 0.1469095 0
v -0.0421011746 0.140936911 0
v -0.04869418 0.144970238 0
v -0.0456792265 0.1397199 0
v -0.0491904169 0.138121992 0
v -0.0541090071 0.142256141 0
v -0.0525751524 0.13614738 0
v -0.0591051131 0.138831884 0
v -0.05577406 0.133812651 0
v -0.06355131 0.13480103 0
v -0.05873119 0.131146669 0
v -0.06139718 0.128189534 0
v -0.06735054 0.130296 0
v -0.06373191 0.124990635 0
v -0.07044612 0.125464648 0
v -0.0657065138 0.1216059 0
v -0.06730443 0.1180947 0
v -0.06852144 0.114516646 0
v -0.07940194 0.103409745 0
v -0.07900175 0.103524804 0
v -0.07978704 0.103210241 0
v -0.08013081 0.102930978 0
v -0.08041008 0.1025872 0
v -0.06936484 0.110928632 0
v -0.07861054 0.1035607 0
v -0.0806095749 0.10220211 0
v -0.07821932 0.103524804 0
v -0.0778191239 0.103409745 0
v -0.0774340257 0.103210241 0
v -0.07000758 0.103923045 0
v -0.08072464 0.10180191 0
v -0.0770902559 0.102930978 0
v -0.08076053 0.1014107 0
v -0.08072464 0.101019472 0
v -0.0806095749 0.100619286 0
v -0.08041008 0.100234196 0
v -0.08013081 0.09989042 0
v -0.07681099 0.1025872 0
v -0.07978704 0.09961115 0
v -0.07661148 0.10220211 0
v -0.07940194 0.09941165 0
v -0.07649642 0.10180191 0
v -0.07646053 0.1014107 0
v -0.07649642 0.101019472 0
v -0.07900175 0.0992966 0
v -0.07861054 0.0992606953 2.08166825E-19
v -0.07821932 0.0992966 0
v -0.0778191239 0.09941165 0
v -0.07661148 0.100619286 0
v -0.0774340257 0.09961115 0
v -0.07681099 0.100234196 0
v -0.0770902559 0.09989042 0
v 0.004289274 0.1180947 0
v 0.005651643 0.136929661 0
v 0.00269135833 0.1216059 0
v 0.005930022 0.137467 0
v 0.005261977 0.136449963 0
v 0.009668925 0.14212352 0
v 0.004782286 0.1360603 0
v 0.00609057257 0.1380254 0
v 0.009283828 0.141924009 0
v 0.006140657 0.138571292 0
v 0.008883645 0.141808957 0
v 0.00609057257 0.139117181 0
v 0.008492424 0.14177306 2.08166825E-19
v 0.0007167512 0.124990635 0
v 0.004244941 0.135781929 0
v 0.00368654542 0.135621369 0
v 0.005930022 0.139675573 0
v 0.00810120348 0.141808957 0
v 0.00770102069 0.141924009 0
v 0.005651643 0.140212908 0
v 0.00731592346 0.14212352 0
v 0.005261977 0.1406926 0
v 0.00697214436 0.142402783 0
v 0.004782286 0.141082272 0
v 0.00669288449 0.142746553 0
v 0.004244941 0.141360641 0
v 0.00649338029 0.143131644 0
v -0.00161797833 0.128189534 0
v 0.00368654542 0.1415212 0
v 0.006378318 0.143531829 0
v 0.006342424 0.143923044 0
v 0.00314065674 0.1415713 0
v 0.006378318 0.144314274 0
v 0.00259476737 0.1415212 0
v 0.00649338029 0.14471446 0
v 0.00314065674 0.135571286 0
v 0.00259476737 0.135621369 0
v 0.0020363722 0.135781929 0
v 0.0020363722 0.141360641 0
v 0.00669288449 0.145099565 0
v -0.004283965 0.131146669 0
v 0.00149902713 0.1360603 0
v 0.001019336 0.136449963 0
v 0.0006296698 0.136929661 0
v -0.00724109868 0.133812651 0
v 0.0003512914 0.137467 0
v 0.000190740233 0.1380254 0
v 0.000140656324 0.138571292 0
v -0.01044 0.13614738 0
v 0.000190740233 0.139117181 0
v 0.0003512914 0.139675573 0
v 0.0006296698 0.140212908 0
v -0.0138247348 0.138121992 0
v 0.001019336 0.1406926 0
v -0.01733593 0.1397199 0
v 0.00149902713 0.141082272 0
v -0.10975 0.0500000045 -0.00025
v -0.1095 0.05487092 0
v -0.110000007 0.0550000034 -0.0005
v -0.110000007 0.045 -0.0005
v -0.1095 0.0455000028 0
v -0.0482537933 0.0452500023 -0.00025
v 0.013492425 0.045 -0.0005
v 0.0129924249 0.0455000028 0
v -0.1095 0.0455000028 0
v -0.110000007 0.045 -0.0005
v 0.0129924249 0.148423061 0
v 0.0132424245 0.09696153 -0.00025
v 0.013492425 0.148923054 -0.0005
v 0.0129924249 0.0455000028 0
v 0.013492425 0.045 -0.0005
v -0.009007577 0.148673058 -0.00025
v -0.0315075777 0.148923054 -0.0005
v -0.0315075777 0.148423061 0
v 0.0129924249 0.148423061 0
v 0.013492425 0.148923054 -0.0005
v -0.07044612 0.125464648 0
v -0.0675519 0.130444169 -0.00025
v -0.07088363 0.125706688 -0.0005
v -0.06735054 0.130296 0
v -0.06775326 0.130592331 -0.0005
v -0.06355131 0.13480103 0
v -0.06373133 0.134974509 -0.00025
v -0.06391135 0.135147989 -0.0005
v -0.0591051131 0.138831884 0
v -0.05926016 0.139028 -0.00025
v -0.0594152 0.139224112 -0.0005
v -0.0541090071 0.142256141 0
v -0.05423598 0.142471492 -0.00025
v -0.0543629564 0.142686844 -0.0005
v -0.04869418 0.144970238 0
v -0.04879073 0.145200834 -0.00025
v -0.0488872863 0.145431444 -0.0005
v -0.04301478 0.1469095 0
v -0.04307943 0.147151 -0.00025
v -0.0431440771 0.147392482 -0.0005
v -0.03723364 0.148053125 0
v -0.0372658074 0.148301035 -0.00025
v -0.0372979753 0.148548961 -0.0005
v -0.0315075777 0.148423061 0
v -0.0315075777 0.148923054 -0.0005
v -0.0554589033 0.07442163 -0.0005
v -0.05837764 0.0770529956 -0.0015
v -0.05837764 0.0770529956 -0.0005
v -0.061009 0.0799717158 -0.0005
v -0.0550212339 0.0740716159 -0.0015
v -0.05230155 0.0721172243 -0.0005
v -0.0613590144 0.08040939 -0.0015
v -0.0633134 0.08312909 -0.0005
v -0.05136323 0.07152316 -0.0015
v -0.0489607751 0.07016826 -0.0005
v -0.0639074743 0.0840674 -0.0015
v -0.06526238 0.08646986 -0.0005
v -0.04748734 0.06944629 -0.0015
v -0.04549518 0.0685910955 -0.0005
v -0.065984346 0.08794329 -0.0015
v -0.06683954 0.0899354443 -0.0005
v -0.0434815139 0.0678588748 -0.0015
v -0.04196359 0.06738989 -0.0005
v -0.06757176 0.09194911 -0.0015
v -0.06804074 0.09346704 -0.0005
v -0.0394319147 0.06675848 -0.0015
v -0.0384221748 0.0665574446 -0.0005
v -0.06867214 0.09599871 -0.0015
v -0.06887318 0.09700846 -0.0005
v -0.0354177728 0.06612477 -0.0015
v -0.0315075777 0.06592305 -0.0005
v -0.0315075777 0.06592305 -0.00250000018
v -0.0384221748 0.0665574446 -0.00250000018
v -0.04196359 0.06738989 -0.00250000018
v -0.04549518 0.0685910955 -0.00250000018
v -0.0489607751 0.07016826 -0.00250000018
v -0.05230155 0.0721172243 -0.00250000018
v -0.0554589033 0.07442163 -0.00250000018
v -0.05837764 0.0770529956 -0.00250000018
v -0.061009 0.0799717158 -0.00250000018
v -0.0633134 0.08312909 -0.00250000018
v -0.06526238 0.08646986 -0.00250000018
v -0.06683954 0.0899354443 -0.00250000018
v -0.06804074 0.09346704 -0.00250000018
v -0.06887318 0.09700846 -0.00250000018
v -0.06930587 0.100012861 -0.0015
v -0.06950758 0.103923045 -0.00250000018
v -0.06950758 0.103923045 -0.0005
v -0.06950758 0.103923045 -0.0015
v -0.06930587 0.107833251 -0.0015
v -0.06887318 0.110837653 -0.00250000018
v -0.06887318 0.110837653 -0.0005
v -0.06867214 0.111847386 -0.0015
v -0.06804074 0.114379071 -0.00250000018
v -0.06683954 0.117910653 -0.0015
v -0.06804074 0.114379071 -0.0005
v -0.06683954 0.117910653 -0.00250000018
v -0.06683954 0.117910653 -0.0005
v -0.06526238 0.121376254 -0.00250000018
v -0.0639074743 0.123778716 -0.0015
v -0.06526238 0.121376254 -0.0005
v -0.0633134 0.124717019 -0.00250000018
v -0.0633134 0.124717019 -0.0005
v -0.061009 0.127874374 -0.00250000018
v -0.061009 0.127874374 -0.0005
v -0.0599192381 0.129157513 -0.0015
v -0.05837764 0.13079311 -0.00250000018
v -0.0550212339 0.133774489 -0.0015
v -0.05837764 0.13079311 -0.0005
v -0.0554589033 0.133424476 -0.00250000018
v -0.0554589033 0.133424476 -0.0005
v -0.05230155 0.135728881 -0.00250000018
v -0.0494470522 0.137421936 -0.0015
v -0.05230155 0.135728881 -0.0005
v -0.0489607751 0.137677848 -0.00250000018
v -0.0489607751 0.137677848 -0.0005
v -0.04549518 0.139255 -0.00250000018
v -0.04549518 0.139255 -0.0005
v -0.0434815139 0.13998723 -0.0015
v -0.04196359 0.140456215 -0.00250000018
v -0.04196359 0.140456215 -0.0005
v -0.0374158472 0.141460925 -0.0015
v -0.0384221748 0.141288653 -0.00250000018
v -0.0384221748 0.141288653 -0.0005
v -0.0315075777 0.141923055 -0.00250000018
v -0.0315075777 0.141923055 -0.0005
v -0.02759738 0.141721338 -0.0015
v -0.02459298 0.141288653 -0.00250000018
v -0.02459298 0.141288653 -0.0005
v -0.0235832389 0.141087621 -0.0015
v -0.0210515633 0.140456215 -0.00250000018
v -0.0210515633 0.140456215 -0.0005
v -0.0195336416 0.13998723 -0.0015
v -0.0175199769 0.139255 -0.00250000018
v -0.0175199769 0.139255 -0.0005
v -0.0155278128 0.13839981 -0.0015
v -0.0140543832 0.137677848 -0.00250000018
v -0.0140543832 0.137677848 -0.0005
v -0.0116519248 0.136322945 -0.0015
v -0.0107136071 0.135728881 -0.00250000018
v -0.0107136071 0.135728881 -0.0005
v -0.00799392 0.133774489 -0.0015
v -0.00755624752 0.133424476 -0.00250000018
v -0.00463751843 0.13079311 -0.0015
v -0.00755624752 0.133424476 -0.0005
v -0.00463751843 0.13079311 -0.00250000018
v -0.00463751843 0.13079311 -0.0005
v -0.002006155 0.127874374 -0.00250000018
v -0.002006155 0.127874374 -0.0005
v -0.00165614428 0.127436712 -0.0015
v 0.0002982535 0.124717019 -0.00250000018
v 0.0002982535 0.124717019 -0.0005
v 0.0008923169 0.123778716 -0.0015
v 0.00224721641 0.121376254 -0.00250000018
v 0.00224721641 0.121376254 -0.0005
v 0.00296918652 0.119902819 -0.0015
v 0.00382437953 0.117910653 -0.00250000018
v 0.00382437953 0.117910653 -0.0005
v 0.0045566014 0.115896992 -0.0015
v 0.00502558472 0.114379071 -0.00250000018
v 0.00502558472 0.114379071 -0.0005
v 0.00565698929 0.111847386 -0.0015
v 0.00585802831 0.110837653 -0.00250000018
v 0.00585802831 0.110837653 -0.0005
v 0.0062907096 0.107833251 -0.0015
v 0.00649242429 0.103923045 -0.00250000018
v 0.00649242429 0.103923045 -0.0005
v 0.00649242429 0.103923045 -0.0015
v 0.0062907096 0.100012861 -0.0015
v 0.00585802831 0.09700846 -0.00250000018
v 0.00585802831 0.09700846 -0.0005
v 0.00565698929 0.09599871 -0.0015
v 0.00502558472 0.09346704 -0.00250000018
v 0.00382437953 0.0899354443 -0.0015
v 0.00502558472 0.09346704 -0.0005
v 0.00382437953 0.0899354443 -0.00250000018
v 0.00382437953 0.0899354443 -0.0005
v 0.00224721641 0.08646986 -0.00250000018
v 0.0008923169 0.0840674 -0.0015
v 0.00224721641 0.08646986 -0.0005
v 0.0002982535 0.08312909 -0.00250000018
v 0.0002982535 0.08312909 -0.0005
v -0.002006155 0.0799717158 -0.00250000018
v -0.002006155 0.0799717158 -0.0005
v -0.0030959188 0.0786886 -0.0015
v -0.00463751843 0.0770529956 -0.00250000018
v -0.00799392 0.0740716159 -0.0015
v -0.00463751843 0.0770529956 -0.0005
v -0.00755624752 0.07442163 -0.00250000018
v -0.00755624752 0.07442163 -0.0005
v -0.0107136071 0.0721172243 -0.00250000018
v -0.0135681033 0.07042417 -0.0015
v -0.0107136071 0.0721172243 -0.0005
v -0.0140543832 0.07016826 -0.00250000018
v -0.0140543832 0.07016826 -0.0005
v -0.0175199769 0.0685910955 -0.00250000018
v -0.0175199769 0.0685910955 -0.0005
v -0.0195336416 0.0678588748 -0.0015
v -0.0210515633 0.06738989 -0.00250000018
v -0.0210515633 0.06738989 -0.0005
v -0.02559931 0.06638517 -0.0015
v -0.02459298 0.0665574446 -0.00250000018
v -0.02459298 0.0665574446 -0.0005
v -0.0315075777 0.06592305 -0.00250000018
v -0.0315075777 0.06592305 -0.0005
v -0.0354435 0.06587609 -0.00275000022
v -0.0315075777 0.06592305 -0.00250000018
v -0.0315075777 0.06542306 -0.003
v -0.0385131538 0.0660657957 -0.003
v -0.0384221748 0.0665574446 -0.00250000018
v -0.03948405 0.0665139854 -0.00275000022
v -0.0421011746 0.066909194 -0.003
v -0.04196359 0.06738989 -0.00250000018
v -0.04356029 0.06762161 -0.00275000022
v -0.0456792265 0.0681262 -0.003
v -0.04549518 0.0685910955 -0.00250000018
v -0.04759247 0.06921947 -0.00275000022
v -0.0491904169 0.06972412 -0.003
v -0.0489607751 0.07016826 -0.00250000018
v -0.0514938645 0.0713100061 -0.00275000022
v -0.0525751524 0.0716987252 -0.003
v -0.05230155 0.0721172243 -0.00250000018
v -0.05517593 0.07387523 -0.00275000022
v -0.05577406 0.0740334541 -0.003
v -0.0585544147 0.0768762156 -0.00275000022
v -0.0554589033 0.07442163 -0.00250000018
v -0.05873119 0.07669944 -0.003
v -0.05837764 0.0770529956 -0.00250000018
v -0.06139718 0.07965658 -0.003
v -0.061009 0.0799717158 -0.00250000018
v -0.0615554 0.0802547038 -0.00275000022
v -0.06373191 0.08285548 -0.003
v -0.0633134 0.08312909 -0.00250000018
v -0.06412063 0.0839367658 -0.00275000022
v -0.0657065138 0.08624021 -0.003
v -0.06526238 0.08646986 -0.00250000018
v -0.06621116 0.08783816 -0.00275000022
v -0.06730443 0.08975141 -0.003
v -0.06683954 0.0899354443 -0.00250000018
v -0.06780902 0.0918703452 -0.00275000022
v -0.06852144 0.09332947 -0.003
v -0.06804074 0.09346704 -0.00250000018
v -0.06891665 0.09594658 -0.00275000022
v -0.06936484 0.0969174653 -0.003
v -0.06887318 0.09700846 -0.00250000018
v -0.06955454 0.09998713 -0.00275000022
v -0.07000758 0.103923045 -0.003
v -0.06950758 0.103923045 -0.00250000018
v -0.06975758 0.103923045 -0.00275000022
v -0.06955454 0.107858986 -0.00275000022
v -0.06936484 0.110928632 -0.003
v -0.06887318 0.110837653 -0.00250000018
v -0.06891665 0.111899525 -0.00275000022
v -0.06852144 0.114516646 -0.003
v -0.06707198 0.118002675 -0.00275000022
v -0.06804074 0.114379071 -0.00250000018
v -0.06730443 0.1180947 -0.003
v -0.06683954 0.117910653 -0.00250000018
v -0.0657065138 0.1216059 -0.003
v -0.06412063 0.123909339 -0.00275000022
v -0.06526238 0.121376254 -0.00250000018
v -0.06373191 0.124990635 -0.003
v -0.0633134 0.124717019 -0.00250000018
v -0.06139718 0.128189534 -0.003
v -0.061009 0.127874374 -0.00250000018
v -0.06010616 0.129323527 -0.00275000022
v -0.05873119 0.131146669 -0.003
v -0.05517593 0.133970872 -0.00275000022
v -0.05837764 0.13079311 -0.00250000018
v -0.05577406 0.133812651 -0.003
v -0.0554589033 0.133424476 -0.00250000018
v -0.0525751524 0.13614738 -0.003
v -0.0495650768 0.137642324 -0.00275000022
v -0.05230155 0.135728881 -0.00250000018
v -0.0491904169 0.138121992 -0.003
v -0.0489607751 0.137677848 -0.00250000018
v -0.0456792265 0.1397199 -0.003
v -0.04549518 0.139255 -0.00250000018
v -0.04356029 0.140224487 -0.00275000022
v -0.0421011746 0.140936911 -0.003
v -0.04196359 0.140456215 -0.00250000018
v -0.0374547169 0.1417079 -0.00275000022
v -0.0385131538 0.141780317 -0.003
v -0.0384221748 0.141288653 -0.00250000018
v -0.0315075777 0.142423049 -0.003
v -0.0315075777 0.141923055 -0.00250000018
v -0.0275716558 0.141970009 -0.00275000022
v -0.024502 0.141780317 -0.003
v -0.02459298 0.141288653 -0.00250000018
v -0.0235311054 0.141332135 -0.00275000022
v -0.0209139846 0.140936911 -0.003
v -0.0210515633 0.140456215 -0.00250000018
v -0.0194548648 0.140224487 -0.00275000022
v -0.01733593 0.1397199 -0.003
v -0.0175199769 0.139255 -0.00250000018
v -0.0154226823 0.138626635 -0.00275000022
v -0.0138247348 0.138121992 -0.003
v -0.0140543832 0.137677848 -0.00250000018
v -0.0115212947 0.1365361 -0.00275000022
v -0.01044 0.13614738 -0.003
v -0.0107136071 0.135728881 -0.00250000018
v -0.007839225 0.133970872 -0.00275000022
v -0.00724109868 0.133812651 -0.003
v -0.00446074177 0.1309699 -0.00275000022
v -0.00755624752 0.133424476 -0.00250000018
v -0.004283965 0.131146669 -0.003
v -0.00463751843 0.13079311 -0.00250000018
v -0.00161797833 0.128189534 -0.003
v -0.002006155 0.127874374 -0.00250000018
v -0.00145975337 0.1275914 -0.00275000022
v 0.0007167512 0.124990635 -0.003
v 0.0002982535 0.124717019 -0.00250000018
v 0.00110547419 0.123909339 -0.00275000022
v 0.00269135833 0.1216059 -0.003
v 0.00224721641 0.121376254 -0.00250000018
v 0.003196007 0.120007947 -0.00275000022
v 0.004289274 0.1180947 -0.003
v 0.00382437953 0.117910653 -0.00250000018
v 0.00479386561 0.115975767 -0.00275000022
v 0.00550628453 0.114516646 -0.003
v 0.00502558472 0.114379071 -0.00250000018
v 0.005901493 0.111899525 -0.00275000022
v 0.006349681 0.110928632 -0.003
v 0.00585802831 0.110837653 -0.00250000018
v 0.006539383 0.107858986 -0.00275000022
v 0.006992425 0.103923045 -0.003
v 0.00649242429 0.103923045 -0.00250000018
v 0.006742424 0.103923045 -0.00275000022
v 0.006539383 0.09998713 -0.00275000022
v 0.006349681 0.0969174653 -0.003
v 0.00585802831 0.09700846 -0.00250000018
v 0.005901493 0.09594658 -0.00275000022
v 0.00550628453 0.09332947 -0.003
v 0.0040568267 0.08984343 -0.00275000022
v 0.00502558472 0.09346704 -0.00250000018
v 0.004289274 0.08975141 -0.003
v 0.00382437953 0.0899354443 -0.00250000018
v 0.00269135833 0.08624021 -0.003
v 0.00110547419 0.0839367658 -0.00275000022
v 0.00224721641 0.08646986 -0.00250000018
v 0.0007167512 0.08285548 -0.003
v 0.0002982535 0.08312909 -0.00250000018
v -0.00161797833 0.07965658 -0.003
v -0.002006155 0.0799717158 -0.00250000018
v -0.0029089998 0.07852258 -0.00275000022
v -0.004283965 0.07669944 -0.003
v -0.007839225 0.07387523 -0.00275000022
v -0.00463751843 0.0770529956 -0.00250000018
v -0.00724109868 0.0740334541 -0.003
v -0.00755624752 0.07442163 -0.00250000018
v -0.01044 0.0716987252 -0.003
v -0.0134500787 0.07020378 -0.00275000022
v -0.0107136071 0.0721172243 -0.00250000018
v -0.0138247348 0.06972412 -0.003
v -0.0140543832 0.07016826 -0.00250000018
v -0.01733593 0.0681262 -0.003
v -0.0175199769 0.0685910955 -0.00250000018
v -0.0194548648 0.06762161 -0.00275000022
v -0.0209139846 0.066909194 -0.003
v -0.0210515633 0.06738989 -0.00250000018
v -0.0255604368 0.0661382154 -0.00275000022
v -0.024502 0.0660657957 -0.003
v -0.02459298 0.0665574446 -0.00250000018
v -0.0315075777 0.06542306 -0.003
v -0.0315075777 0.06592305 -0.00250000018
v -0.1061765 0.0517995432 -0.003
v -0.1095 0.05487092 -0.003
v -0.105791405 0.0519990474 -0.003
v -0.106520288 0.0515202843 -0.003
v -0.106799535 0.0511765033 -0.003
v -0.106999047 0.0507914051 -0.003
v -0.107114106 0.0503912233 -0.003
v -0.105391219 0.0521141067 -0.003
v -0.10715 0.0500000045 -0.003
v -0.104319766 0.05838342 -0.003
v -0.105000004 0.0521500036 -0.003
v -0.101519763 0.0567668378 -0.003
v -0.104608789 0.0521141067 -0.003
v -0.104208596 0.0519990474 -0.003
v -0.103823505 0.0517995432 -0.003
v -0.103479728 0.0515202843 -0.003
v -0.103200465 0.0511765033 -0.003
v -0.103000961 0.0507914051 -0.003
v -0.0987197757 0.05838342 -0.003
v -0.102885894 0.0503912233 -0.003
v -0.104319766 0.0616165847 -0.003
v -0.102850005 0.0500000045 -0.003
v -0.1095 0.0455000028 -0.003
v -0.107114106 0.0496087819 -0.003
v -0.106999047 0.0492085963 -0.003
v -0.106799535 0.0488235019 -0.003
v -0.106520288 0.04847972 -0.003
v -0.1061765 0.04820046 -0.003
v -0.105791405 0.0480009578 -0.003
v -0.105391219 0.0478858948 -0.003
v -0.105000004 0.0478499979 -0.003
v -0.104608789 0.0478858948 -0.003
v -0.104208596 0.0480009578 -0.003
v -0.0799805 0.0563194826 -0.003
v -0.0795908347 0.05583979 -0.003
v -0.102885894 0.0496087819 -0.003
v -0.08025889 0.0568568259 -0.003
v -0.07911115 0.0554501228 -0.003
v -0.103000961 0.0492085963 -0.003
v -0.103200465 0.0488235019 -0.003
v -0.07857381 0.055171743 -0.003
v -0.103479728 0.04847972 -0.003
v -0.07801541 0.0550111942 -0.003
v -0.103823505 0.04820046 -0.003
v -0.07746952 0.05496111 -0.003
v -0.08041944 0.05741522 -0.003
v -0.08046952 0.0579611063 -0.003
v -0.08041944 0.0585070029 -0.003
v -0.07692363 0.0550111942 -0.003
v -0.0987197757 0.0616165847 -0.003
v -0.08025889 0.05906539 -0.003
v -0.0799805 0.05960274 -0.003
v -0.0795908347 0.06008243 -0.003
v -0.07911115 0.0604720972 -0.003
v -0.07857381 0.060750477 -0.003
v -0.101519763 0.06323317 -0.003
v 0.008492424 0.0467668436 -0.003
v -0.07636524 0.055171743 -0.003
v 0.0129924249 0.0455000028 -0.003
v 0.00569242472 0.04838342 -0.003
v 0.011292425 0.04838342 -0.003
v 0.011292425 0.051616583 -0.003
v -0.0758279 0.0554501228 -0.003
v -0.0657065138 0.08624021 -0.003
v -0.08134681 0.09696153 -0.003
v -0.07801541 0.06091103 -0.003
v -0.06373191 0.08285548 -0.003
v -0.07746952 0.0609611124 -0.003
v -0.06730443 0.08975141 -0.003
v -0.06139718 0.07965658 -0.003
v -0.07692363 0.06091103 -0.003
v -0.07636524 0.060750477 -0.003
v -0.06852144 0.09332947 -0.003
v -0.05873119 0.07669944 -0.003
v -0.0758279 0.0604720972 -0.003
v -0.0753482 0.06008243 -0.003
v -0.05577406 0.0740334541 -0.003
v -0.07495853 0.05960274 -0.003
v -0.0525751524 0.0716987252 -0.003
v -0.07468016 0.05906539 -0.003
v -0.0745196044 0.0585070029 -0.003
v -0.0491904169 0.06972412 -0.003
v -0.07446952 0.0579611063 -0.003
v -0.0745196044 0.05741522 -0.003
v -0.0456792265 0.0681262 -0.003
v -0.07468016 0.0568568259 -0.003
v -0.0421011746 0.066909194 -0.003
v -0.07495853 0.0563194826 -0.003
v -0.0753482 0.05583979 -0.003
v -0.0385131538 0.0660657957 -0.003
v -0.0315075777 0.06542306 -0.003
v -0.024502 0.0660657957 -0.003
v -0.0209139846 0.066909194 -0.003
v 0.00569242472 0.051616583 -0.003
v -0.01733593 0.0681262 -0.003
v 0.00569242472 0.05838342 -0.003
v -0.0138247348 0.06972412 -0.003
v 0.008492424 0.0567668378 -0.003
v 0.008492424 0.0532331653 -0.003
v 0.00569242472 0.0616165847 -0.003
v -0.01044 0.0716987252 -0.003
v -0.00724109868 0.0740334541 -0.003
v 0.011292425 0.05838342 -0.003
v 0.011292425 0.0616165847 -0.003
v 0.008492424 0.06323317 -0.003
v -0.004283965 0.07669944 -0.003
v -0.00161797833 0.07965658 -0.003
v 0.0007167512 0.08285548 -0.003
v 0.00269135833 0.08624021 -0.003
v 0.004289274 0.08975141 -0.003
v 0.00550628453 0.09332947 -0.003
v 0.006349681 0.0969174653 -0.003
v 0.0129924249 0.148423061 -0.003
v 0.006992425 0.103923045 -0.003
v 0.011292425 0.142306477 -0.003
v 0.006349681 0.110928632 -0.003
v 0.00550628453 0.114516646 -0.003
v 0.004289274 0.1180947 -0.003
v 0.011292425 0.145539626 -0.003
v 0.008492424 0.147156209 -0.003
v -0.0315075777 0.148423061 -0.003
v 0.00569242472 0.145539626 -0.003
v 0.005651643 0.136929661 -0.003
v 0.00269135833 0.1216059 -0.003
v 0.005930022 0.137467 -0.003
v 0.008492424 0.1406899 -0.003
v 0.005261977 0.136449963 -0.003
v 0.004782286 0.1360603 -0.003
v 0.00609057257 0.1380254 -0.003
v 0.0007167512 0.124990635 -0.003
v 0.004244941 0.135781929 -0.003
v 0.00368654542 0.135621369 -0.003
v 0.006140657 0.138571292 -0.003
v -0.00161797833 0.128189534 -0.003
v 0.00609057257 0.139117181 -0.003
v 0.00314065674 0.135571286 -0.003
v 0.00259476737 0.135621369 -0.003
v 0.0020363722 0.135781929 -0.003
v 0.005930022 0.139675573 -0.003
v 0.005651643 0.140212908 -0.003
v 0.005261977 0.1406926 -0.003
v -0.004283965 0.131146669 -0.003
v 0.00569242472 0.142306477 -0.003
v 0.00149902713 0.1360603 -0.003
v 0.001019336 0.136449963 -0.003
v 0.0006296698 0.136929661 -0.003
v 0.004782286 0.141082272 -0.003
v -0.00724109868 0.133812651 -0.003
v 0.004244941 0.141360641 -0.003
v 0.00368654542 0.1415212 -0.003
v 0.00314065674 0.1415713 -0.003
v 0.0003512914 0.137467 -0.003
v 0.000190740233 0.1380254 -0.003
v 0.000140656324 0.138571292 -0.003
v -0.01044 0.13614738 -0.003
v 0.00259476737 0.1415212 -0.003
v 0.000190740233 0.139117181 -0.003
v 0.0003512914 0.139675573 -0.003
v 0.0006296698 0.140212908 -0.003
v -0.0138247348 0.138121992 -0.003
v 0.001019336 0.1406926 -0.003
v 0.0020363722 0.141360641 -0.003
v -0.01733593 0.1397199 -0.003
v 0.00149902713 0.141082272 -0.003
v -0.0209139846 0.140936911 -0.003
v -0.024502 0.141780317 -0.003
v -0.0315075777 0.142423049 -0.003
v -0.03723364 0.148053125 -0.003
v -0.0385131538 0.141780317 -0.003
v -0.04301478 0.1469095 -0.003
v -0.0421011746 0.140936911 -0.003
v -0.04869418 0.144970238 -0.003
v -0.0456792265 0.1397199 -0.003
v -0.0491904169 0.138121992 -0.003
v -0.0541090071 0.142256141 -0.003
v -0.0525751524 0.13614738 -0.003
v -0.0591051131 0.138831884 -0.003
v -0.05577406 0.133812651 -0.003
v -0.06355131 0.13480103 -0.003
v -0.05873119 0.131146669 -0.003
v -0.06139718 0.128189534 -0.003
v -0.06735054 0.130296 -0.003
v -0.06373191 0.124990635 -0.003
v -0.07044612 0.125464648 -0.003
v -0.0657065138 0.1216059 -0.003
v -0.06730443 0.1180947 -0.003
v -0.06852144 0.114516646 -0.003
v -0.07861054 0.104643852 -0.003
v -0.06936484 0.110928632 -0.003
v -0.07581054 0.103027284 -0.003
v -0.07000758 0.103923045 -0.003
v -0.07581054 0.09979412 -0.003
v -0.08141054 0.103027284 -0.003
v -0.08141054 0.09979412 -0.003
v -0.06936484 0.0969174653 -0.003
v -0.07861054 0.09817753 -0.003
v -0.009007577 0.148923054 -0.0015
v 0.013492425 0.148923054 -0.00250000018
v -0.0315075777 0.148923054 -0.00250000018
v -0.0315075777 0.148923054 -0.0005
v 0.013492425 0.148923054 -0.0005
v -0.0372979753 0.148548961 -0.0015
v -0.0315075777 0.148923054 -0.00250000018
v -0.0372979753 0.148548961 -0.00250000018
v -0.0315075777 0.148923054 -0.0005
v -0.0431440771 0.147392482 -0.00250000018
v -0.0372979753 0.148548961 -0.0005
v -0.0431440771 0.147392482 -0.0015
v -0.0488872863 0.145431444 -0.00250000018
v -0.0431440771 0.147392482 -0.0005
v -0.0488872863 0.145431444 -0.0015
v -0.0543629564 0.142686844 -0.00250000018
v -0.0488872863 0.145431444 -0.0005
v -0.0543629564 0.142686844 -0.0015
v -0.0594152 0.139224112 -0.00250000018
v -0.0543629564 0.142686844 -0.0005
v -0.0594152 0.139224112 -0.0015
v -0.06391135 0.135147989 -0.00250000018
v -0.0594152 0.139224112 -0.0005
v -0.06391135 0.135147989 -0.0015
v -0.06775326 0.130592331 -0.00250000018
v -0.06391135 0.135147989 -0.0005
v -0.06775326 0.130592331 -0.0015
v -0.07088363 0.125706688 -0.00250000018
v -0.06775326 0.130592331 -0.0005
v -0.07088363 0.125706688 -0.0005
v -0.0904418156 0.09035334 -0.0015
v -0.07088363 0.125706688 -0.00250000018
v -0.110000007 0.0550000034 -0.00250000018
v -0.110000007 0.0550000034 -0.0005
v -0.07088363 0.125706688 -0.0005
v -0.09022306 0.09027808 -0.002727851
v -0.07088363 0.125706688 -0.00250000018
v -0.07044612 0.125464648 -0.003
v -0.1095 0.05487092 -0.003
v -0.110000007 0.0550000034 -0.00250000018
v -0.0315075777 0.148423061 -0.003
v -0.0372658074 0.148301035 -0.00275000022
v -0.0315075777 0.148923054 -0.00250000018
v -0.03723364 0.148053125 -0.003
v -0.0372979753 0.148548961 -0.00250000018
v -0.04301478 0.1469095 -0.003
v -0.04307943 0.147151 -0.00275000022
v -0.0431440771 0.147392482 -0.00250000018
v -0.04869418 0.144970238 -0.003
v -0.04879073 0.145200834 -0.00275000022
v -0.0488872863 0.145431444 -0.00250000018
v -0.0541090071 0.142256141 -0.003
v -0.05423598 0.142471492 -0.00275000022
v -0.0543629564 0.142686844 -0.00250000018
v -0.0591051131 0.138831884 -0.003
v -0.05926016 0.139028 -0.00275000022
v -0.0594152 0.139224112 -0.00250000018
v -0.06355131 0.13480103 -0.003
v -0.06373133 0.134974509 -0.00275000022
v -0.06391135 0.135147989 -0.00250000018
v -0.06735054 0.130296 -0.003
v -0.0675519 0.130444169 -0.00275000022
v -0.06775326 0.130592331 -0.00250000018
v -0.07044612 0.125464648 -0.003
v -0.07088363 0.125706688 -0.00250000018
v -0.0482537933 0.0452500023 -0.00275000022
v 0.0129924249 0.0455000028 -0.003
v 0.013492425 0.045 -0.00250000018
v -0.110000007 0.045 -0.00250000018
v -0.1095 0.0455000028 -0.003
v 0.013492425 0.148923054 -0.00250000018
v 0.0132424245 0.09696153 -0.00275000022
v 0.0129924249 0.148423061 -0.003
v 0.013492425 0.045 -0.00250000018
v 0.0129924249 0.0455000028 -0.003
v 0.011292425 0.05838342 -0.0005
v 0.009659151 0.05883328 -0.0005
v 0.0098734675 0.0590971075 -0.0005
v 0.010026576 0.059392646 -0.0005
v 0.0101148793 0.05969976 -0.0005
v 0.009395321 0.0586189553 -0.0005
v 0.008492424 0.0567668378 -0.0005
v 0.0101424241 0.0600000024 -0.0005
v 0.009099781 0.0584658533 -0.0005
v 0.011292425 0.0616165847 -0.0005
v 0.008792664 0.05837755 -0.0005
v 0.0101148793 0.0603002459 -0.0005
v 0.008492424 0.0583500043 -0.0005
v 0.010026576 0.06060736 -0.0005
v 0.008192185 0.05837755 -0.0005
v 0.007885069 0.0584658533 -0.0005
v 0.00758952834 0.0586189553 -0.0005
v 0.0098734675 0.0609029 -0.0005
v 0.009659151 0.06116673 -0.0005
v 0.009395321 0.06138105 -0.0005
v 0.008492424 0.06323317 -0.0005
v 0.00569242472 0.05838342 -0.0005
v 0.009099781 0.0615341552 -0.0005
v 0.00732569862 0.05883328 -0.0005
v 0.008792664 0.0616224557 -0.0005
v 0.00711138174 0.0590971075 -0.0005
v 0.008492424 0.06165 -0.0005
v 0.006958274 0.059392646 -0.0005
v 0.00686997036 0.05969976 -0.0005
v 0.00684242463 0.0600000024 -0.0005
v 0.008192185 0.0616224557 -0.0005
v 0.007885069 0.0615341552 -0.0005
v 0.00758952834 0.06138105 -0.0005
v 0.00569242472 0.0616165847 -0.0005
v 0.00686997036 0.0603002459 -0.0005
v 0.00732569862 0.06116673 -0.0005
v 0.006958274 0.06060736 -0.0005
v 0.00711138174 0.0609029 -0.0005
v 0.00569242472 0.0600000024 -0.00175
v 0.00569242472 0.05838342 -0.0005
v 0.00569242472 0.05838342 -0.003
v 0.00569242472 0.0616165847 -0.003
v 0.00569242472 0.0616165847 -0.0005
v 0.008492424 0.06323317 -0.0005
v 0.007092424 0.0624248721 -0.00175
v 0.008492424 0.06323317 -0.003
v 0.00569242472 0.0616165847 -0.0005
v 0.00569242472 0.0616165847 -0.003
v 0.011292425 0.0616165847 -0.0005
v 0.009892425 0.0624248721 -0.00175
v 0.011292425 0.0616165847 -0.003
v 0.008492424 0.06323317 -0.0005
v 0.008492424 0.06323317 -0.003
v 0.011292425 0.05838342 -0.0005
v 0.011292425 0.0600000024 -0.00175
v 0.011292425 0.05838342 -0.003
v 0.011292425 0.0616165847 -0.0005
v 0.011292425 0.0616165847 -0.003
v 0.008492424 0.0567668378 -0.0005
v 0.009892425 0.0575751364 -0.00175
v 0.008492424 0.0567668378 -0.003
v 0.011292425 0.05838342 -0.0005
v 0.011292425 0.05838342 -0.003
v 0.011292425 0.04838342 -0.0005
v 0.009659151 0.0488332734 -0.0005
v 0.0098734675 0.0490971059 -0.0005
v 0.010026576 0.049392648 -0.0005
v 0.0101148793 0.0496997647 -0.0005
v 0.009395321 0.0486189574 -0.0005
v 0.008492424 0.0467668436 -0.0005
v 0.0101424241 0.0500000045 -0.0005
v 0.009099781 0.048465848 -0.0005
v 0.011292425 0.051616583 -0.0005
v 0.008792664 0.04837755 -0.0005
v 0.0101148793 0.0503002442 -0.0005
v 0.008492424 0.0483500026 -0.0005
v 0.010026576 0.05060736 -0.0005
v 0.008192185 0.04837755 -0.0005
v 0.007885069 0.048465848 -0.0005
v 0.00758952834 0.0486189574 -0.0005
v 0.0098734675 0.0509028956 -0.0005
v 0.009659151 0.05116673 -0.0005
v 0.009395321 0.0513810478 -0.0005
v 0.008492424 0.0532331653 -0.0005
v 0.00569242472 0.04838342 -0.0005
v 0.009099781 0.0515341535 -0.0005
v 0.00732569862 0.0488332734 -0.0005
v 0.008792664 0.0516224578 -0.0005
v 0.00711138174 0.0490971059 -0.0005
v 0.008492424 0.05165 -0.0005
v 0.006958274 0.049392648 -0.0005
v 0.00686997036 0.0496997647 -0.0005
v 0.00684242463 0.0500000045 -0.0005
v 0.008192185 0.0516224578 -0.0005
v 0.007885069 0.0515341535 -0.0005
v 0.00758952834 0.0513810478 -0.0005
v 0.00569242472 0.051616583 -0.0005
v 0.00686997036 0.0503002442 -0.0005
v 0.00732569862 0.05116673 -0.0005
v 0.006958274 0.05060736 -0.0005
v 0.00711138174 0.0509028956 -0.0005
v 0.00569242472 0.0500000045 -0.00175
v 0.00569242472 0.04838342 -0.0005
v 0.00569242472 0.04838342 -0.003
v 0.00569242472 0.051616583 -0.003
v 0.00569242472 0.051616583 -0.0005
v 0.008492424 0.0532331653 -0.0005
v 0.007092424 0.0524248742 -0.00175
v 0.008492424 0.0532331653 -0.003
v 0.00569242472 0.051616583 -0.0005
v 0.00569242472 0.051616583 -0.003
v 0.011292425 0.051616583 -0.0005
v 0.009892425 0.0524248742 -0.00175
v 0.011292425 0.051616583 -0.003
v 0.008492424 0.0532331653 -0.0005
v 0.008492424 0.0532331653 -0.003
v 0.011292425 0.04838342 -0.0005
v 0.011292425 0.0500000045 -0.00175
v 0.011292425 0.04838342 -0.003
v 0.011292425 0.051616583 -0.0005
v 0.011292425 0.051616583 -0.003
v 0.008492424 0.0467668436 -0.0005
v 0.009892425 0.04757513 -0.00175
v 0.008492424 0.0467668436 -0.003
v 0.011292425 0.04838342 -0.0005
v 0.011292425 0.04838342 -0.003
v -0.0987197757 0.05838342 -0.0005
v -0.100353047 0.05883328 -0.0005
v -0.100138724 0.0590971075 -0.0005
v -0.09998563 0.059392646 -0.0005
v -0.09989731 0.05969976 -0.0005
v -0.100616872 0.0586189553 -0.0005
v -0.101519763 0.0567668378 -0.0005
v -0.09986977 0.0600000024 -0.0005
v -0.100912414 0.0584658533 -0.0005
v -0.0987197757 0.0616165847 -0.0005
v -0.101219535 0.05837755 -0.0005
v -0.09989731 0.0603002459 -0.0005
v -0.101519763 0.0583500043 -0.0005
v -0.09998563 0.06060736 -0.0005
v -0.101820007 0.05837755 -0.0005
v -0.102127127 0.0584658533 -0.0005
v -0.10242267 0.0586189553 -0.0005
v -0.100138724 0.0609029 -0.0005
v -0.100353047 0.06116673 -0.0005
v -0.100616872 0.06138105 -0.0005
v -0.101519763 0.06323317 -0.0005
v -0.104319766 0.05838342 -0.0005
v -0.100912414 0.0615341552 -0.0005
v -0.1026865 0.05883328 -0.0005
v -0.101219535 0.0616224557 -0.0005
v -0.102900818 0.0590971075 -0.0005
v -0.101519763 0.06165 -0.0005
v -0.103053913 0.059392646 -0.0005
v -0.103142224 0.05969976 -0.0005
v -0.103169769 0.0600000024 -0.0005
v -0.101820007 0.0616224557 -0.0005
v -0.102127127 0.0615341552 -0.0005
v -0.10242267 0.06138105 -0.0005
v -0.104319766 0.0616165847 -0.0005
v -0.103142224 0.0603002459 -0.0005
v -0.1026865 0.06116673 -0.0005
v -0.103053913 0.06060736 -0.0005
v -0.102900818 0.0609029 -0.0005
v -0.104319766 0.0600000024 -0.00175
v -0.104319766 0.05838342 -0.0005
v -0.104319766 0.05838342 -0.003
v -0.104319766 0.0616165847 -0.003
v -0.104319766 0.0616165847 -0.0005
v -0.101519763 0.06323317 -0.0005
v -0.10291978 0.0624248721 -0.00175
v -0.101519763 0.06323317 -0.003
v -0.104319766 0.0616165847 -0.0005
v -0.104319766 0.0616165847 -0.003
v -0.0987197757 0.0616165847 -0.0005
v -0.10011977 0.0624248721 -0.00175
v -0.0987197757 0.0616165847 -0.003
v -0.101519763 0.06323317 -0.0005
v -0.101519763 0.06323317 -0.003
v -0.0987197757 0.05838342 -0.0005
v -0.0987197757 0.0600000024 -0.00175
v -0.0987197757 0.05838342 -0.003
v -0.0987197757 0.0616165847 -0.0005
v -0.0987197757 0.0616165847 -0.003
v -0.101519763 0.0567668378 -0.0005
v -0.10011977 0.0575751364 -0.00175
v -0.101519763 0.0567668378 -0.003
v -0.0987197757 0.05838342 -0.0005
v -0.0987197757 0.05838342 -0.003
v 0.011292425 0.142306477 -0.0005
v 0.009659151 0.142756328 -0.0005
v 0.0098734675 0.143020168 -0.0005
v 0.010026576 0.1433157 -0.0005
v 0.0101148793 0.143622816 -0.0005
v 0.009395321 0.142542 -0.0005
v 0.008492424 0.1406899 -0.0005
v 0.0101424241 0.143923044 -0.0005
v 0.009099781 0.14238891 -0.0005
v 0.011292425 0.145539626 -0.0005
v 0.008792664 0.1423006 -0.0005
v 0.0101148793 0.1442233 -0.0005
v 0.008492424 0.142273054 -0.0005
v 0.010026576 0.1445304 -0.0005
v 0.008192185 0.1423006 -0.0005
v 0.007885069 0.14238891 -0.0005
v 0.00758952834 0.142542 -0.0005
v 0.0098734675 0.14482595 -0.0005
v 0.009659151 0.14508979 -0.0005
v 0.009395321 0.145304084 -0.0005
v 0.008492424 0.147156209 -0.0005
v 0.00569242472 0.142306477 -0.0005
v 0.009099781 0.145457208 -0.0005
v 0.00732569862 0.142756328 -0.0005
v 0.008792664 0.145545512 -0.0005
v 0.00711138174 0.143020168 -0.0005
v 0.008492424 0.14557305 -0.0005
v 0.006958274 0.1433157 -0.0005
v 0.00686997036 0.143622816 -0.0005
v 0.00684242463 0.143923044 -0.0005
v 0.008192185 0.145545512 -0.0005
v 0.007885069 0.145457208 -0.0005
v 0.00758952834 0.145304084 -0.0005
v 0.00569242472 0.145539626 -0.0005
v 0.00686997036 0.1442233 -0.0005
v 0.00732569862 0.14508979 -0.0005
v 0.006958274 0.1445304 -0.0005
v 0.00711138174 0.14482595 -0.0005
v 0.00569242472 0.143923044 -0.00175
v 0.00569242472 0.142306477 -0.0005
v 0.00569242472 0.142306477 -0.003
v 0.00569242472 0.145539626 -0.003
v 0.00569242472 0.145539626 -0.0005
v 0.008492424 0.147156209 -0.0005
v 0.007092424 0.146347925 -0.00175
v 0.008492424 0.147156209 -0.003
v 0.00569242472 0.145539626 -0.0005
v 0.00569242472 0.145539626 -0.003
v 0.011292425 0.145539626 -0.0005
v 0.009892425 0.146347925 -0.00175
v 0.011292425 0.145539626 -0.003
v 0.008492424 0.147156209 -0.0005
v 0.008492424 0.147156209 -0.003
v 0.011292425 0.142306477 -0.0005
v 0.011292425 0.143923044 -0.00175
v 0.011292425 0.142306477 -0.003
v 0.011292425 0.145539626 -0.0005
v 0.011292425 0.145539626 -0.003
v 0.008492424 0.1406899 -0.0005
v 0.009892425 0.141498178 -0.00175
v 0.008492424 0.1406899 -0.003
v 0.011292425 0.142306477 -0.0005
v 0.011292425 0.142306477 -0.003
v -0.07581054 0.09979412 -0.0005
v -0.0774438 0.100243978 -0.0005
v -0.07722949 0.1005078 -0.0005
v -0.07707638 0.100803338 -0.0005
v -0.07698807 0.101110458 -0.0005
v -0.07770763 0.100029647 -0.0005
v -0.07861054 0.09817753 -0.0005
v -0.0769605339 0.1014107 -0.0005
v -0.0780031756 0.09987655 -0.0005
v -0.07581054 0.103027284 -0.0005
v -0.0783102959 0.09978824 -0.0005
v -0.07698807 0.10171093 -0.0005
v -0.07861054 0.0997607037 -0.0005
v -0.07707638 0.102018051 -0.0005
v -0.07891077 0.09978824 -0.0005
v -0.07921789 0.09987655 -0.0005
v -0.07951342 0.100029647 -0.0005
v -0.07722949 0.102313593 -0.0005
v -0.0774438 0.102577426 -0.0005
v -0.07770763 0.102791741 -0.0005
v -0.07861054 0.104643852 -0.0005
v -0.08141054 0.09979412 -0.0005
v -0.0780031756 0.102944851 -0.0005
v -0.0797772557 0.100243978 -0.0005
v -0.0783102959 0.103033155 -0.0005
v -0.07999158 0.1005078 -0.0005
v -0.07861054 0.103060693 -0.0005
v -0.08014469 0.100803338 -0.0005
v -0.0802329853 0.101110458 -0.0005
v -0.08026053 0.1014107 -0.0005
v -0.07891077 0.103033155 -0.0005
v -0.07921789 0.102944851 -0.0005
v -0.07951342 0.102791741 -0.0005
v -0.08141054 0.103027284 -0.0005
v -0.0802329853 0.10171093 -0.0005
v -0.0797772557 0.102577426 -0.0005
v -0.08014469 0.102018051 -0.0005
v -0.07999158 0.102313593 -0.0005
v -0.08141054 0.1014107 -0.00175
v -0.08141054 0.09979412 -0.0005
v -0.08141054 0.09979412 -0.003
v -0.08141054 0.103027284 -0.003
v -0.08141054 0.103027284 -0.0005
v -0.07861054 0.104643852 -0.0005
v -0.0800105259 0.103835568 -0.00175
v -0.07861054 0.104643852 -0.003
v -0.08141054 0.103027284 -0.0005
v -0.08141054 0.103027284 -0.003
v -0.07581054 0.103027284 -0.0005
v -0.07721053 0.103835568 -0.00175
v -0.07581054 0.103027284 -0.003
v -0.07861054 0.104643852 -0.0005
v -0.07861054 0.104643852 -0.003
v -0.07581054 0.09979412 -0.0005
v -0.07581054 0.1014107 -0.00175
v -0.07581054 0.09979412 -0.003
v -0.07581054 0.103027284 -0.0005
v -0.07581054 0.103027284 -0.003
v -0.07861054 0.09817753 -0.0005
v -0.07721053 0.09898582 -0.00175
v -0.07861054 0.09817753 -0.003
v -0.07581054 0.09979412 -0.0005
v -0.07581054 0.09979412 -0.003
v 0.0129924249 0.148423061 -0.003
v -0.009007577 0.148673058 -0.00275000022
v 0.013492425 0.148923054 -0.00250000018
v -0.0315075777 0.148423061 -0.003
v -0.0315075777 0.148923054 -0.00250000018
v -0.110000007 0.045 -0.00250000018
v -0.10975 0.0500000045 -0.00275000022
v -0.1095 0.0455000028 -0.003
v -0.110000007 0.0550000034 -0.00250000018
v -0.1095 0.05487092 -0.003
v 0.00569242472 0.05838342 -0.0005
v 0.007092424 0.0575751364 -0.00175
v 0.00569242472 0.05838342 -0.003
v 0.008492424 0.0567668378 -0.0005
v 0.008492424 0.0567668378 -0.003
v 0.00569242472 0.04838342 -0.0005
v 0.007092424 0.04757513 -0.00175
v 0.00569242472 0.04838342 -0.003
v 0.008492424 0.0467668436 -0.0005
v 0.008492424 0.0467668436 -0.003
v -0.104319766 0.05838342 -0.0005
v -0.10291978 0.0575751364 -0.00175
v -0.104319766 0.05838342 -0.003
v -0.101519763 0.0567668378 -0.0005
v -0.101519763 0.0567668378 -0.003
v 0.00569242472 0.142306477 -0.0005
v 0.007092424 0.141498178 -0.00175
v 0.00569242472 0.142306477 -0.003
v 0.008492424 0.1406899 -0.0005
v 0.008492424 0.1406899 -0.003
v -0.08141054 0.09979412 -0.0005
v -0.0800105259 0.09898582 -0.00175
v -0.08141054 0.09979412 -0.003
v -0.07861054 0.09817753 -0.0005
v -0.07861054 0.09817753 -0.003
f 1 2 3
f 1 3 4
f 5 1 4
f 4 3 6
f 7 5 4
f 4 6 8
f 9 7 4
f 10 4 8
f 9 4 10
f 10 8 11
f 12 10 11
f 13 9 10
f 13 10 12
f 12 11 14
f 15 13 12
f 12 14 16
f 17 15 12
f 18 12 16
f 17 12 18
f 18 16 19
f 20 18 19
f 21 17 18
f 21 18 20
f 20 19 22
f 23 21 20
f 20 22 24
f 25 23 20
f 26 20 24
f 25 20 26
f 26 24 27
f 28 25 26
f 29 26 27
f 28 26 29
f 29 27 30
f 31 28 29
f 32 29 30
f 31 29 32
f 32 30 33
f 34 31 32
f 35 32 33
f 34 32 35
f 35 33 36
f 37 34 35
f 38 35 36
f 37 35 38
f 38 36 39
f 40 37 38
f 41 38 39
f 40 38 41
f 41 39 42
f 43 40 41
f 44 41 42
f 43 41 44
f 45 43 44
f 44 46 45
f 46 47 45
f 46 48 47
f 45 47 49
f 47 50 49
f 48 51 47
f 47 52 50
f 51 53 47
f 47 53 52
f 51 54 53
f 54 55 53
f 53 56 52
f 53 55 56
f 54 57 55
f 55 58 56
f 57 59 55
f 55 60 58
f 59 61 55
f 55 61 60
f 59 62 61
f 62 63 61
f 61 64 60
f 61 63 64
f 62 65 63
f 63 66 64
f 65 67 63
f 63 68 66
f 67 69 63
f 63 69 68
f 67 70 69
f 69 71 68
f 70 72 69
f 69 72 71
f 70 73 72
f 72 74 71
f 73 75 72
f 72 75 74
f 73 76 75
f 75 77 74
f 76 78 75
f 75 78 77
f 76 79 78
f 78 80 77
f 79 81 78
f 78 81 80
f 79 82 81
f 81 83 80
f 82 84 81
f 81 84 83
f 82 85 84
f 84 86 83
f 85 87 84
f 87 86 84
f 87 88 86
f 89 90 91
f 90 92 91
f 91 92 93
f 90 94 92
f 92 95 93
f 94 96 92
f 92 96 95
f 94 97 96
f 96 98 95
f 97 99 96
f 96 99 98
f 97 100 99
f 99 101 98
f 100 102 99
f 99 102 101
f 100 103 102
f 102 104 101
f 103 105 102
f 102 105 104
f 103 106 105
f 105 107 104
f 106 108 105
f 105 108 107
f 106 109 108
f 109 110 108
f 108 111 107
f 108 110 111
f 109 112 110
f 110 113 111
f 112 114 110
f 110 115 113
f 114 116 110
f 110 116 115
f 114 117 116
f 117 118 116
f 116 119 115
f 116 118 119
f 117 120 118
f 118 121 119
f 120 122 118
f 118 123 121
f 122 124 118
f 118 124 123
f 122 125 124
f 125 126 124
f 124 127 123
f 124 126 127
f 125 128 126
f 126 129 127
f 128 130 126
f 126 131 129
f 130 132 126
f 132 131 126
f 132 133 131
f 134 135 136
f 135 137 136
f 136 137 138
f 135 139 137
f 137 140 138
f 139 141 137
f 137 141 140
f 139 142 141
f 141 143 140
f 142 144 141
f 141 144 143
f 142 145 144
f 144 146 143
f 145 147 144
f 144 147 146
f 145 148 147
f 147 149 146
f 148 150 147
f 147 150 149
f 148 151 150
f 150 152 149
f 151 153 150
f 150 153 152
f 151 154 153
f 154 155 153
f 153 156 152
f 153 155 156
f 154 157 155
f 155 158 156
f 157 159 155
f 155 160 158
f 159 161 155
f 155 161 160
f 159 162 161
f 162 163 161
f 161 164 160
f 161 163 164
f 162 165 163
f 163 166 164
f 165 167 163
f 163 168 166
f 167 169 163
f 163 169 168
f 167 170 169
f 170 171 169
f 169 172 168
f 169 171 172
f 170 173 171
f 171 174 172
f 173 175 171
f 171 176 174
f 175 177 171
f 177 176 171
f 177 178 176
f 179 180 181
f 180 182 181
f 181 182 183
f 180 184 182
f 182 185 183
f 184 186 182
f 182 186 185
f 184 187 186
f 186 188 185
f 187 189 186
f 186 189 188
f 187 190 189
f 189 191 188
f 190 192 189
f 189 192 191
f 190 193 192
f 192 194 191
f 193 195 192
f 192 195 194
f 193 196 195
f 195 197 194
f 196 198 195
f 195 198 197
f 196 199 198
f 199 200 198
f 198 201 197
f 198 200 201
f 199 202 200
f 200 203 201
f 202 204 200
f 200 205 203
f 204 206 200
f 200 206 205
f 204 207 206
f 207 208 206
f 206 209 205
f 206 208 209
f 207 210 208
f 208 211 209
f 210 212 208
f 208 213 211
f 212 214 208
f 208 214 213
f 212 215 214
f 215 216 214
f 214 217 213
f 214 216 217
f 215 218 216
f 216 219 217
f 218 220 216
f 216 221 219
f 220 222 216
f 222 221 216
f 222 223 221
f 224 225 226
f 225 227 226
f 226 227 228
f 225 229 227
f 227 230 228
f 229 231 227
f 227 231 230
f 229 232 231
f 231 233 230
f 232 234 231
f 231 234 233
f 232 235 234
f 234 236 233
f 235 237 234
f 234 237 236
f 235 238 237
f 237 239 236
f 238 240 237
f 237 240 239
f 238 241 240
f 240 242 239
f 241 243 240
f 240 243 242
f 241 244 243
f 244 245 243
f 243 246 242
f 243 245 246
f 244 247 245
f 245 248 246
f 247 249 245
f 245 250 248
f 249 251 245
f 245 251 250
f 249 252 251
f 252 253 251
f 251 254 250
f 251 253 254
f 252 255 253
f 253 256 254
f 255 257 253
f 253 258 256
f 257 259 253
f 253 259 258
f 257 260 259
f 260 261 259
f 259 262 258
f 259 261 262
f 260 263 261
f 261 264 262
f 263 265 261
f 261 266 264
f 265 267 261
f 267 266 261
f 267 268 266
f 269 270 271
f 270 272 271
f 271 272 273
f 270 274 272
f 272 275 273
f 274 276 272
f 272 276 275
f 274 277 276
f 276 278 275
f 277 279 276
f 276 279 278
f 277 280 279
f 279 281 278
f 280 282 279
f 279 282 281
f 280 283 282
f 282 284 281
f 283 285 282
f 282 285 284
f 283 286 285
f 285 287 284
f 286 288 285
f 285 288 287
f 286 289 288
f 289 290 288
f 288 291 287
f 288 290 291
f 289 292 290
f 290 293 291
f 292 294 290
f 290 295 293
f 294 296 290
f 290 296 295
f 294 297 296
f 297 298 296
f 296 299 295
f 296 298 299
f 297 300 298
f 298 301 299
f 300 302 298
f 298 303 301
f 302 304 298
f 298 304 303
f 302 305 304
f 305 306 304
f 304 307 303
f 304 306 307
f 305 308 306
f 306 309 307
f 308 310 306
f 306 311 309
f 310 312 306
f 312 311 306
f 312 313 311
f 314 315 316
f 314 316 317
f 318 314 317
f 317 316 319
f 320 318 317
f 317 319 321
f 322 320 317
f 323 317 321
f 322 317 323
f 323 321 324
f 325 323 324
f 326 322 323
f 326 323 325
f 325 324 327
f 328 326 325
f 325 327 329
f 330 328 325
f 331 325 329
f 330 325 331
f 331 329 332
f 333 331 332
f 334 330 331
f 334 331 333
f 333 332 335
f 336 334 333
f 333 335 337
f 338 336 333
f 339 333 337
f 338 333 339
f 339 337 340
f 341 338 339
f 342 339 340
f 341 339 342
f 342 340 343
f 344 341 342
f 345 342 343
f 344 342 345
f 345 343 346
f 347 344 345
f 348 345 346
f 347 345 348
f 348 346 349
f 350 347 348
f 351 348 349
f 350 348 351
f 351 349 352
f 353 350 351
f 354 351 352
f 353 351 354
f 354 352 355
f 356 353 354
f 357 354 355
f 356 354 357
f 358 356 357
f 357 359 358
f 359 360 358
f 359 361 360
f 358 360 362
f 360 363 362
f 361 364 360
f 360 365 363
f 364 366 360
f 360 366 365
f 364 367 366
f 367 368 366
f 366 369 365
f 366 368 369
f 367 370 368
f 368 371 369
f 370 372 368
f 368 373 371
f 372 374 368
f 368 374 373
f 372 375 374
f 375 376 374
f 374 377 373
f 374 376 377
f 375 378 376
f 376 379 377
f 378 380 376
f 376 381 379
f 380 382 376
f 376 382 381
f 380 383 382
f 382 384 381
f 383 385 382
f 382 385 384
f 383 386 385
f 385 387 384
f 386 388 385
f 385 388 387
f 386 389 388
f 388 390 387
f 389 391 388
f 388 391 390
f 389 392 391
f 391 393 390
f 392 394 391
f 391 394 393
f 392 395 394
f 394 396 393
f 395 397 394
f 394 397 396
f 395 398 397
f 397 399 396
f 398 400 397
f 400 399 397
f 400 401 399
f 402 403 404
f 402 404 405
f 406 402 405
f 405 404 407
f 408 406 405
f 409 405 407
f 408 405 409
f 409 407 410
f 411 408 409
f 412 409 410
f 411 409 412
f 412 410 413
f 414 411 412
f 415 412 413
f 414 412 415
f 415 413 416
f 417 414 415
f 418 415 416
f 417 415 418
f 418 416 419
f 420 417 418
f 421 418 419
f 420 418 421
f 421 419 422
f 423 421 422
f 424 420 421
f 424 421 423
f 423 422 425
f 426 424 423
f 427 423 425
f 428 426 423
f 429 423 427
f 428 423 429
f 430 429 427
f 431 428 429
f 432 429 430
f 432 431 429
f 433 432 430
f 432 433 431
f 433 430 434
f 433 435 431
f 436 433 434
f 433 436 435
f 436 434 437
f 436 438 435
f 439 436 437
f 436 439 438
f 439 437 440
f 439 441 438
f 442 439 440
f 439 442 441
f 442 440 443
f 442 444 441
f 445 442 443
f 442 445 444
f 445 443 446
f 445 447 444
f 448 445 446
f 445 448 447
f 448 446 449
f 447 448 450
f 448 449 450
f 449 451 450
f 451 452 450
f 450 452 453
f 451 454 452
f 452 455 453
f 454 456 452
f 452 456 455
f 454 457 456
f 456 458 455
f 457 459 456
f 456 459 458
f 457 460 459
f 459 461 458
f 460 462 459
f 459 462 461
f 460 463 462
f 462 464 461
f 463 465 462
f 462 465 464
f 463 466 465
f 465 467 464
f 466 468 465
f 465 468 467
f 466 469 468
f 469 470 468
f 468 471 467
f 468 470 471
f 469 472 470
f 470 473 471
f 472 474 470
f 470 475 473
f 474 476 470
f 470 476 475
f 474 477 476
f 476 478 475
f 477 479 476
f 476 479 478
f 477 480 479
f 480 478 479
f 481 480 477
f 480 482 478
f 483 480 481
f 480 483 482
f 484 483 481
f 483 485 482
f 486 483 484
f 483 486 485
f 487 486 484
f 486 488 485
f 489 486 487
f 486 489 488
f 490 489 487
f 489 491 488
f 492 489 490
f 489 492 491
f 493 492 490
f 492 494 491
f 495 492 493
f 492 495 494
f 496 495 493
f 495 497 494
f 495 496 497
f 498 499 500
f 498 500 501
f 502 498 501
f 501 500 503
f 504 502 501
f 505 501 503
f 504 501 505
f 505 503 506
f 507 504 505
f 508 505 506
f 507 505 508
f 508 506 509
f 510 507 508
f 511 508 509
f 510 508 511
f 511 509 512
f 513 510 511
f 514 511 512
f 513 511 514
f 514 512 515
f 516 513 514
f 517 514 515
f 516 514 517
f 517 515 518
f 519 517 518
f 520 516 517
f 520 517 519
f 519 518 521
f 522 520 519
f 523 519 521
f 524 522 519
f 525 519 523
f 524 519 525
f 526 525 523
f 527 524 525
f 528 525 526
f 528 527 525
f 529 528 526
f 528 529 527
f 529 526 530
f 529 531 527
f 532 529 530
f 529 532 531
f 532 530 533
f 532 534 531
f 535 532 533
f 532 535 534
f 535 533 536
f 535 537 534
f 538 535 536
f 535 538 537
f 538 536 539
f 538 540 537
f 541 538 539
f 538 541 540
f 541 539 542
f 541 543 540
f 544 541 542
f 541 544 543
f 544 542 545
f 543 544 546
f 544 545 546
f 545 547 546
f 547 548 546
f 546 548 549
f 547 550 548
f 548 551 549
f 550 552 548
f 548 552 551
f 550 553 552
f 552 554 551
f 553 555 552
f 552 555 554
f 553 556 555
f 555 557 554
f 556 558 555
f 555 558 557
f 556 559 558
f 558 560 557
f 559 561 558
f 558 561 560
f 559 562 561
f 561 563 560
f 562 564 561
f 561 564 563
f 562 565 564
f 565 566 564
f 564 567 563
f 564 566 567
f 565 568 566
f 566 569 567
f 568 570 566
f 566 571 569
f 570 572 566
f 566 572 571
f 570 573 572
f 572 574 571
f 573 575 572
f 572 575 574
f 573 576 575
f 576 574 575
f 577 576 573
f 576 578 574
f 579 576 577
f 576 579 578
f 580 579 577
f 579 581 578
f 582 579 580
f 579 582 581
f 583 582 580
f 582 584 581
f 585 582 583
f 582 585 584
f 586 585 583
f 585 587 584
f 588 585 586
f 585 588 587
f 589 588 586
f 588 590 587
f 591 588 589
f 588 591 590
f 592 591 589
f 591 593 590
f 591 592 593
f 594 595 596
f 594 596 597
f 598 594 597
f 597 596 599
f 600 598 597
f 601 597 599
f 600 597 601
f 601 599 602
f 603 600 601
f 604 601 602
f 603 601 604
f 604 602 605
f 606 603 604
f 607 604 605
f 606 604 607
f 607 605 608
f 609 606 607
f 610 607 608
f 609 607 610
f 610 608 611
f 612 609 610
f 613 610 611
f 612 610 613
f 613 611 614
f 615 613 614
f 616 612 613
f 616 613 615
f 615 614 617
f 618 616 615
f 619 615 617
f 620 618 615
f 621 615 619
f 620 615 621
f 622 621 619
f 623 620 621
f 624 621 622
f 624 623 621
f 625 624 622
f 624 625 623
f 625 622 626
f 625 627 623
f 628 625 626
f 625 628 627
f 628 626 629
f 628 630 627
f 631 628 629
f 628 631 630
f 631 629 632
f 631 633 630
f 634 631 632
f 631 634 633
f 634 632 635
f 634 636 633
f 637 634 635
f 634 637 636
f 637 635 638
f 637 639 636
f 640 637 638
f 637 640 639
f 640 638 641
f 639 640 642
f 640 641 642
f 641 643 642
f 643 644 642
f 642 644 645
f 643 646 644
f 644 647 645
f 646 648 644
f 644 648 647
f 646 649 648
f 648 650 647
f 649 651 648
f 648 651 650
f 649 652 651
f 651 653 650
f 652 654 651
f 651 654 653
f 652 655 654
f 654 656 653
f 655 657 654
f 654 657 656
f 655 658 657
f 657 659 656
f 658 660 657
f 657 660 659
f 658 661 660
f 661 662 660
f 660 663 659
f 660 662 663
f 661 664 662
f 662 665 663
f 664 666 662
f 662 667 665
f 666 668 662
f 662 668 667
f 666 669 668
f 668 670 667
f 669 671 668
f 668 671 670
f 669 672 671
f 672 670 671
f 673 672 669
f 672 674 670
f 675 672 673
f 672 675 674
f 676 675 673
f 675 677 674
f 678 675 676
f 675 678 677
f 679 678 676
f 678 680 677
f 681 678 679
f 678 681 680
f 682 681 679
f 681 683 680
f 684 681 682
f 681 684 683
f 685 684 682
f 684 686 683
f 687 684 685
f 684 687 686
f 688 687 685
f 687 689 686
f 687 688 689
f 690 691 692
f 693 690 692
f 693 692 694
f 690 693 695
f 695 693 694
f 696 697 698
f 697 699 698
f 697 700 699
f 698 699 701
f 699 702 701
f 700 703 699
f 699 704 702
f 703 705 699
f 699 705 704
f 703 706 705
f 706 707 705
f 705 708 704
f 705 707 708
f 706 709 707
f 707 710 708
f 709 711 707
f 707 712 710
f 711 713 707
f 707 713 712
f 711 714 713
f 714 715 713
f 713 716 712
f 713 715 716
f 714 717 715
f 715 718 716
f 717 719 715
f 715 720 718
f 719 721 715
f 715 721 720
f 719 722 721
f 721 723 720
f 722 724 721
f 721 724 723
f 722 725 724
f 724 726 723
f 725 727 724
f 724 727 726
f 725 728 727
f 727 729 726
f 728 730 727
f 727 730 729
f 728 731 730
f 730 732 729
f 731 733 730
f 730 733 732
f 731 734 733
f 733 735 732
f 734 736 733
f 733 736 735
f 734 737 736
f 736 738 735
f 737 739 736
f 739 738 736
f 739 740 738
f 741 742 743
f 742 744 743
f 742 745 744
f 743 744 746
f 744 747 746
f 745 748 744
f 744 749 747
f 748 750 744
f 744 750 749
f 748 751 750
f 751 752 750
f 750 753 749
f 750 752 753
f 751 754 752
f 752 755 753
f 754 756 752
f 752 757 755
f 756 758 752
f 752 758 757
f 756 759 758
f 759 760 758
f 758 761 757
f 758 760 761
f 759 762 760
f 760 763 761
f 762 764 760
f 760 765 763
f 764 766 760
f 760 766 765
f 764 767 766
f 766 768 765
f 767 769 766
f 766 769 768
f 767 770 769
f 769 771 768
f 770 772 769
f 769 772 771
f 770 773 772
f 772 774 771
f 773 775 772
f 772 775 774
f 773 776 775
f 775 777 774
f 776 778 775
f 775 778 777
f 776 779 778
f 778 780 777
f 779 781 778
f 778 781 780
f 779 782 781
f 781 783 780
f 782 784 781
f 784 783 781
f 784 785 783
f 786 787 788
f 787 789 788
f 787 790 789
f 788 789 791
f 789 792 791
f 790 793 789
f 789 794 792
f 793 795 789
f 789 795 794
f 793 796 795
f 796 797 795
f 795 798 794
f 795 797 798
f 796 799 797
f 797 800 798
f 799 801 797
f 797 802 800
f 801 803 797
f 797 803 802
f 801 804 803
f 804 805 803
f 803 806 802
f 803 805 806
f 804 807 805
f 805 808 806
f 807 809 805
f 805 810 808
f 809 811 805
f 805 811 810
f 809 812 811
f 811 813 810
f 812 814 811
f 811 814 813
f 812 815 814
f 814 816 813
f 815 817 814
f 814 817 816
f 815 818 817
f 817 819 816
f 818 820 817
f 817 820 819
f 818 821 820
f 820 822 819
f 821 823 820
f 820 823 822
f 821 824 823
f 823 825 822
f 824 826 823
f 823 826 825
f 824 827 826
f 826 828 825
f 827 829 826
f 829 828 826
f 829 830 828
f 831 832 833
f 832 834 833
f 832 835 834
f 833 834 836
f 834 837 836
f 835 838 834
f 834 839 837
f 838 840 834
f 834 840 839
f 838 841 840
f 841 842 840
f 840 843 839
f 840 842 843
f 841 844 842
f 842 845 843
f 844 846 842
f 842 847 845
f 846 848 842
f 842 848 847
f 846 849 848
f 849 850 848
f 848 851 847
f 848 850 851
f 849 852 850
f 850 853 851
f 852 854 850
f 850 855 853
f 854 856 850
f 850 856 855
f 854 857 856
f 856 858 855
f 857 859 856
f 856 859 858
f 857 860 859
f 859 861 858
f 860 862 859
f 859 862 861
f 860 863 862
f 862 864 861
f 863 865 862
f 862 865 864
f 863 866 865
f 865 867 864
f 866 868 865
f 865 868 867
f 866 869 868
f 868 870 867
f 869 871 868
f 868 871 870
f 869 872 871
f 871 873 870
f 872 874 871
f 874 873 871
f 874 875 873
f 876 877 878
f 877 879 878
f 877 880 879
f 878 879 881
f 879 882 881
f 880 883 879
f 879 884 882
f 883 885 879
f 879 885 884
f 883 886 885
f 886 887 885
f 885 888 884
f 885 887 888
f 886 889 887
f 887 890 888
f 889 891 887
f 887 892 890
f 891 893 887
f 887 893 892
f 891 894 893
f 894 895 893
f 893 896 892
f 893 895 896
f 894 897 895
f 895 898 896
f 897 899 895
f 895 900 898
f 899 901 895
f 895 901 900
f 899 902 901
f 901 903 900
f 902 904 901
f 901 904 903
f 902 905 904
f 904 906 903
f 905 907 904
f 904 907 906
f 905 908 907
f 907 909 906
f 908 910 907
f 907 910 909
f 908 911 910
f 910 912 909
f 911 913 910
f 910 913 912
f 911 914 913
f 913 915 912
f 914 916 913
f 913 916 915
f 914 917 916
f 916 918 915
f 917 919 916
f 919 918 916
f 919 920 918
f 921 922 923
f 921 923 924
f 922 921 925
f 925 921 924
f 926 927 928
f 926 928 929
f 927 926 930
f 930 926 929
f 931 932 933
f 931 933 934
f 932 931 935
f 935 931 934
f 936 937 938
f 937 939 938
f 940 937 936
f 941 940 936
f 937 942 939
f 942 943 939
f 944 940 941
f 945 944 941
f 942 946 943
f 946 947 943
f 948 944 945
f 949 948 945
f 946 950 947
f 950 951 947
f 952 948 949
f 953 952 949
f 950 954 951
f 954 955 951
f 956 952 953
f 957 956 953
f 954 958 955
f 958 959 955
f 960 956 957
f 961 960 957
f 960 961 962
f 960 962 963
f 956 960 963
f 956 963 964
f 952 956 964
f 952 964 965
f 948 952 965
f 948 965 966
f 944 948 966
f 944 966 967
f 940 944 967
f 940 967 968
f 937 940 968
f 937 968 969
f 937 969 970
f 942 937 970
f 942 970 971
f 946 942 971
f 946 971 972
f 950 946 972
f 950 972 973
f 954 950 973
f 954 973 974
f 958 954 974
f 958 974 975
f 976 958 975
f 958 976 959
f 976 975 977
f 976 978 959
f 976 977 979
f 978 976 979
f 980 979 977
f 978 979 980
f 980 977 981
f 982 978 980
f 983 980 981
f 982 980 983
f 983 981 984
f 985 983 984
f 986 982 983
f 986 983 985
f 985 984 987
f 988 986 985
f 985 987 989
f 990 985 989
f 991 988 985
f 991 985 990
f 990 989 992
f 993 991 990
f 990 992 994
f 995 993 990
f 996 990 994
f 995 990 996
f 996 994 997
f 998 996 997
f 999 995 996
f 999 996 998
f 998 997 1000
f 1001 999 998
f 998 1000 1002
f 1003 998 1002
f 1004 1001 998
f 1004 998 1003
f 1003 1002 1005
f 1006 1004 1003
f 1007 1003 1005
f 1008 1006 1003
f 1009 1003 1007
f 1008 1003 1009
f 1010 1009 1007
f 1011 1008 1009
f 1012 1009 1010
f 1012 1011 1009
f 1013 1012 1010
f 1011 1012 1014
f 1012 1013 1015
f 1014 1012 1016
f 1012 1015 1016
f 1017 1016 1015
f 1018 1017 1015
f 1017 1019 1016
f 1020 1017 1018
f 1017 1020 1019
f 1020 1018 1021
f 1020 1022 1019
f 1023 1020 1021
f 1020 1023 1022
f 1023 1021 1024
f 1023 1025 1022
f 1026 1023 1024
f 1023 1026 1025
f 1026 1024 1027
f 1026 1028 1025
f 1029 1026 1027
f 1026 1029 1028
f 1029 1027 1030
f 1029 1031 1028
f 1032 1029 1030
f 1029 1032 1031
f 1032 1030 1033
f 1034 1032 1033
f 1032 1035 1031
f 1032 1034 1035
f 1034 1033 1036
f 1034 1037 1035
f 1034 1036 1038
f 1034 1039 1037
f 1040 1034 1038
f 1034 1040 1039
f 1040 1038 1041
f 1040 1042 1039
f 1043 1040 1041
f 1040 1043 1042
f 1043 1041 1044
f 1043 1045 1042
f 1046 1043 1044
f 1043 1046 1045
f 1046 1044 1047
f 1046 1048 1045
f 1049 1046 1047
f 1046 1049 1048
f 1049 1047 1050
f 1049 1051 1048
f 1052 1049 1050
f 1049 1052 1051
f 1052 1050 1053
f 1052 1054 1051
f 1055 1052 1053
f 1052 1055 1054
f 1055 1053 1056
f 1055 1057 1054
f 1058 1055 1056
f 1055 1058 1057
f 1058 1056 1059
f 1058 1059 1057
f 1056 1060 1059
f 1061 1057 1059
f 1060 1062 1059
f 1061 1059 1062
f 1060 1063 1062
f 1063 1064 1062
f 1065 1061 1062
f 1065 1062 1064
f 1063 1066 1064
f 1067 1065 1064
f 1066 1068 1064
f 1068 1069 1064
f 1070 1067 1064
f 1070 1064 1069
f 1068 1071 1069
f 1072 1070 1069
f 1071 1073 1069
f 1074 1072 1069
f 1073 1075 1069
f 1074 1069 1075
f 1073 1076 1075
f 1076 1077 1075
f 1078 1074 1075
f 1078 1075 1077
f 1076 1079 1077
f 1080 1078 1077
f 1079 1081 1077
f 1081 1082 1077
f 1083 1080 1077
f 1083 1077 1082
f 1081 1084 1082
f 1085 1083 1082
f 1084 1086 1082
f 1087 1085 1082
f 1086 1088 1082
f 1087 1082 1088
f 1086 1089 1088
f 1090 1087 1088
f 1089 1091 1088
f 1090 1088 1091
f 1089 1092 1091
f 1093 1090 1091
f 1092 1094 1091
f 1095 1093 1091
f 1094 1095 1091
f 1096 1097 1098
f 1099 1096 1098
f 1096 1099 1100
f 1101 1096 1100
f 1096 1101 1102
f 1096 1102 1103
f 1104 1096 1103
f 1096 1104 1105
f 1096 1105 1106
f 1096 1107 1097
f 1108 1096 1106
f 1108 1106 1109
f 1110 1108 1109
f 1108 1110 1111
f 1108 1111 1112
f 1113 1108 1112
f 1108 1113 1114
f 1108 1114 1115
f 1116 1108 1115
f 1096 1117 1107
f 1096 1118 1117
f 1118 1119 1117
f 1118 1120 1119
f 1121 1120 1118
f 1122 1121 1118
f 1123 1122 1118
f 1124 1123 1118
f 1125 1124 1118
f 1126 1125 1118
f 1127 1126 1118
f 1128 1127 1118
f 1129 1128 1118
f 1130 1129 1118
f 1117 1131 1107
f 1117 1119 1132
f 1131 1133 1107
f 1119 1134 1132
f 1131 1135 1133
f 1135 1136 1133
f 1135 1137 1136
f 1137 1138 1136
f 1134 1139 1132
f 1137 1140 1138
f 1140 1141 1138
f 1140 1142 1141
f 1142 1140 1143
f 1144 1142 1143
f 1144 1143 1145
f 1134 1146 1139
f 1147 1144 1145
f 1146 1148 1139
f 1146 1149 1148
f 1149 1150 1148
f 1148 1151 1139
f 1150 1152 1148
f 1151 1153 1139
f 1150 1154 1152
f 1151 1155 1153
f 1155 1156 1153
f 1155 1157 1156
f 1155 1158 1157
f 1158 1159 1157
f 1154 1160 1152
f 1154 1161 1160
f 1161 1162 1160
f 1158 1163 1159
f 1163 1164 1159
f 1163 1165 1164
f 1162 1166 1160
f 1163 1167 1165
f 1167 1168 1165
f 1167 1169 1168
f 1167 1170 1169
f 1170 1171 1169
f 1170 1172 1171
f 1172 1173 1171
f 1172 1174 1173
f 1172 1175 1174
f 1175 1176 1174
f 1175 1177 1176
f 1175 1178 1177
f 1178 1179 1177
f 1178 1180 1179
f 1180 1178 1181
f 1180 1182 1179
f 1180 1183 1182
f 1183 1180 1184
f 1180 1185 1184
f 1180 1186 1185
f 1180 1181 1187
f 1188 1180 1187
f 1186 1180 1189
f 1188 1187 1190
f 1191 1188 1190
f 1186 1189 1192
f 1180 1193 1189
f 1186 1192 1194
f 1180 1195 1193
f 1196 1186 1194
f 1186 1196 1197
f 1186 1197 1198
f 1199 1186 1198
f 1198 1200 1199
f 1200 1201 1199
f 1200 1202 1201
f 1202 1203 1201
f 1202 1204 1203
f 1204 1205 1203
f 1195 1180 1206
f 1204 1207 1205
f 1207 1145 1205
f 1207 1147 1145
f 1180 1208 1206
f 1180 1209 1208
f 1209 1180 1210
f 1180 1211 1210
f 1180 1108 1211
f 1147 1207 1212
f 1213 1147 1212
f 1214 1213 1212
f 1214 1212 1215
f 1216 1214 1215
f 1216 1215 1217
f 1218 1216 1217
f 1218 1217 1219
f 1220 1218 1219
f 1218 1220 1221
f 1108 1222 1211
f 1223 1218 1221
f 1108 1224 1222
f 1224 1108 1225
f 1218 1223 1226
f 1108 1227 1225
f 1218 1226 1228
f 1108 1116 1227
f 1229 1218 1228
f 1218 1229 1230
f 1218 1230 1227
f 1116 1231 1227
f 1232 1218 1227
f 1231 1232 1227
f 1162 1233 1166
f 1233 1234 1166
f 1233 1235 1234
f 1234 1236 1166
f 1235 1237 1234
f 1235 1238 1237
f 1238 1239 1237
f 1238 1240 1239
f 1240 1241 1239
f 1240 1242 1241
f 1242 1243 1241
f 1242 1244 1243
f 1244 1245 1243
f 1244 1246 1245
f 1246 1247 1245
f 1246 1248 1247
f 1248 1249 1247
f 1248 1250 1249
f 1250 1251 1249
f 1250 1252 1251
f 1252 1253 1251
f 1252 1254 1253
f 1254 1255 1253
f 1254 1256 1255
f 1256 1257 1255
f 1256 1258 1257
f 1258 1259 1257
f 1258 1130 1259
f 1130 1118 1259
f 1259 1118 1260
f 1118 1261 1260
f 1118 1262 1261
f 1118 1263 1262
f 1263 1264 1262
f 1265 1262 1264
f 1265 1264 1266
f 1267 1265 1266
f 1267 1266 1268
f 1267 1268 1269
f 1270 1267 1269
f 1270 1269 1271
f 1272 1270 1271
f 1273 1272 1271
f 1273 1271 1274
f 1275 1273 1274
f 1275 1274 1276
f 1277 1275 1276
f 1278 1277 1276
f 1278 1276 1279
f 1280 1278 1279
f 1281 1280 1279
f 1281 1279 1282
f 1283 1281 1282
f 1284 1283 1282
f 1284 1282 1285
f 1286 1284 1285
f 1287 1286 1285
f 1287 1285 1288
f 1289 1287 1288
f 1236 1289 1288
f 1236 1288 1166
f 1263 1290 1264
f 1290 1263 1291
f 1290 1291 1292
f 1293 1290 1292
f 1263 1294 1291
f 1292 1295 1293
f 1263 1296 1294
f 1296 1263 1297
f 1263 1298 1297
f 1263 1299 1298
f 1299 1263 1300
f 1263 1301 1300
f 1263 1302 1301
f 1302 1263 1303
f 1263 1304 1303
f 1263 1305 1304
f 1305 1263 1306
f 1263 1307 1306
f 1307 1308 1306
f 1307 1309 1308
f 1310 1309 1307
f 1311 1310 1307
f 1312 1311 1307
f 1312 1307 1313
f 1314 1312 1313
f 1314 1313 1315
f 1316 1314 1315
f 1316 1315 1317
f 1318 1316 1317
f 1319 1318 1317
f 1319 1317 1320
f 1321 1319 1320
f 1321 1320 1322
f 1323 1321 1322
f 1323 1322 1324
f 1325 1323 1324
f 1326 1325 1324
f 1326 1324 1327
f 1328 1326 1327
f 1327 1329 1328
f 1329 1330 1328
f 1329 1331 1330
f 1331 1329 1332
f 1329 1333 1332
f 1333 1334 1332
f 1329 1335 1333
f 1335 1329 1336
f 1329 1337 1336
f 1334 1338 1332
f 1329 1180 1337
f 1334 1339 1338
f 1180 1340 1337
f 1339 1341 1338
f 1341 1342 1338
f 1342 1343 1338
f 1343 1344 1338
f 1180 1345 1340
f 1343 1346 1344
f 1347 1345 1180
f 1348 1347 1180
f 1349 1348 1180
f 1349 1180 1188
f 1350 1349 1188
f 1351 1350 1188
f 1346 1352 1344
f 1353 1351 1188
f 1352 1354 1344
f 1355 1353 1188
f 1354 1356 1344
f 1356 1357 1344
f 1357 1358 1344
f 1359 1355 1188
f 1358 1191 1344
f 1360 1359 1188
f 1361 1360 1188
f 1362 1361 1188
f 1362 1188 1191
f 1358 1363 1191
f 1364 1362 1191
f 1363 1365 1191
f 1366 1364 1191
f 1365 1366 1191
f 1295 1367 1293
f 1368 1367 1295
f 1368 1369 1367
f 1370 1368 1295
f 1369 1368 1371
f 1295 1372 1370
f 1369 1371 1373
f 1372 1374 1370
f 1372 1375 1374
f 1375 1376 1374
f 1375 1377 1376
f 1377 1378 1376
f 1377 1379 1378
f 1380 1369 1373
f 1380 1373 1381
f 1380 1381 1382
f 1379 1383 1378
f 1379 1384 1383
f 1384 1385 1383
f 1385 1386 1383
f 1385 1387 1386
f 1387 1388 1386
f 1387 1389 1388
f 1389 1390 1388
f 1389 1391 1390
f 1391 1392 1390
f 1391 1393 1392
f 1394 1380 1382
f 1393 1395 1392
f 1393 1396 1395
f 1396 1397 1395
f 1397 1398 1395
f 1397 1399 1398
f 1399 1400 1398
f 1399 1401 1400
f 1394 1382 1402
f 1403 1394 1402
f 1394 1403 1404
f 1401 1405 1400
f 1401 1406 1405
f 1407 1394 1404
f 1406 1309 1405
f 1408 1407 1404
f 1407 1408 1409
f 1407 1409 1410
f 1411 1407 1410
f 1412 1411 1410
f 1411 1412 1413
f 1411 1413 1414
f 1415 1411 1414
f 1416 1415 1414
f 1415 1416 1417
f 1415 1417 1418
f 1419 1415 1418
f 1419 1418 1420
f 1421 1419 1420
f 1421 1420 1422
f 1421 1422 1309
f 1310 1421 1309
f 1309 1422 1405
f 1423 1424 1425
f 1423 1425 1426
f 1424 1423 1427
f 1427 1423 1426
f 1428 1429 1430
f 1428 1430 1431
f 1429 1428 1432
f 1432 1428 1431
f 1433 1434 1435
f 1436 1434 1433
f 1434 1437 1435
f 1434 1436 1437
f 1438 1439 1440
f 1438 1440 1441
f 1439 1438 1442
f 1442 1438 1441
f 1443 1444 1445
f 1444 1443 1446
f 1444 1447 1445
f 1444 1446 1448
f 1444 1449 1447
f 1449 1444 1448
f 1449 1450 1447
f 1449 1448 1451
f 1449 1452 1450
f 1452 1449 1451
f 1452 1453 1450
f 1452 1451 1454
f 1452 1455 1453
f 1455 1452 1454
f 1455 1456 1453
f 1455 1454 1457
f 1455 1458 1456
f 1458 1455 1457
f 1458 1459 1456
f 1458 1457 1460
f 1458 1461 1459
f 1461 1458 1460
f 1461 1462 1459
f 1461 1460 1463
f 1461 1464 1462
f 1464 1461 1463
f 1464 1465 1462
f 1464 1463 1466
f 1465 1464 1467
f 1464 1466 1467
f 1468 1469 1470
f 1469 1471 1470
f 1472 1469 1468
f 1473 1472 1468
f 1469 1474 1471
f 1474 1475 1471
f 1476 1472 1473
f 1477 1476 1473
f 1474 1478 1475
f 1478 1479 1475
f 1480 1476 1477
f 1481 1480 1477
f 1478 1482 1479
f 1482 1483 1479
f 1484 1480 1481
f 1485 1484 1481
f 1482 1486 1483
f 1486 1487 1483
f 1488 1484 1485
f 1489 1488 1485
f 1486 1490 1487
f 1490 1491 1487
f 1492 1488 1489
f 1493 1492 1489
f 1492 1493 1494
f 1492 1494 1495
f 1488 1492 1495
f 1488 1495 1496
f 1484 1488 1496
f 1484 1496 1497
f 1480 1484 1497
f 1480 1497 1498
f 1476 1480 1498
f 1476 1498 1499
f 1472 1476 1499
f 1472 1499 1500
f 1469 1472 1500
f 1469 1500 1501
f 1469 1501 1502
f 1474 1469 1502
f 1474 1502 1503
f 1478 1474 1503
f 1478 1503 1504
f 1482 1478 1504
f 1482 1504 1505
f 1486 1482 1505
f 1486 1505 1506
f 1490 1486 1506
f 1490 1506 1507
f 1508 1490 1507
f 1490 1508 1491
f 1508 1507 1509
f 1508 1510 1491
f 1508 1509 1511
f 1510 1508 1511
f 1512 1511 1509
f 1510 1511 1512
f 1512 1509 1513
f 1514 1510 1512
f 1515 1512 1513
f 1514 1512 1515
f 1515 1513 1516
f 1517 1515 1516
f 1518 1514 1515
f 1518 1515 1517
f 1517 1516 1519
f 1520 1518 1517
f 1517 1519 1521
f 1522 1517 1521
f 1523 1520 1517
f 1523 1517 1522
f 1522 1521 1524
f 1525 1523 1522
f 1522 1524 1526
f 1527 1525 1522
f 1528 1522 1526
f 1527 1522 1528
f 1528 1526 1529
f 1530 1528 1529
f 1531 1527 1528
f 1531 1528 1530
f 1530 1529 1532
f 1533 1531 1530
f 1530 1532 1534
f 1535 1530 1534
f 1536 1533 1530
f 1536 1530 1535
f 1535 1534 1537
f 1538 1536 1535
f 1539 1535 1537
f 1540 1538 1535
f 1541 1535 1539
f 1540 1535 1541
f 1542 1541 1539
f 1543 1540 1541
f 1544 1541 1542
f 1544 1543 1541
f 1545 1544 1542
f 1543 1544 1546
f 1544 1545 1547
f 1546 1544 1548
f 1544 1547 1548
f 1549 1548 1547
f 1550 1549 1547
f 1549 1551 1548
f 1552 1549 1550
f 1549 1552 1551
f 1552 1550 1553
f 1552 1554 1551
f 1555 1552 1553
f 1552 1555 1554
f 1555 1553 1556
f 1555 1557 1554
f 1558 1555 1556
f 1555 1558 1557
f 1558 1556 1559
f 1558 1560 1557
f 1561 1558 1559
f 1558 1561 1560
f 1561 1559 1562
f 1561 1563 1560
f 1564 1561 1562
f 1561 1564 1563
f 1564 1562 1565
f 1566 1564 1565
f 1564 1567 1563
f 1564 1566 1567
f 1566 1565 1568
f 1566 1569 1567
f 1566 1568 1570
f 1566 1571 1569
f 1572 1566 1570
f 1566 1572 1571
f 1572 1570 1573
f 1572 1574 1571
f 1575 1572 1573
f 1572 1575 1574
f 1575 1573 1576
f 1575 1577 1574
f 1578 1575 1576
f 1575 1578 1577
f 1578 1576 1579
f 1578 1580 1577
f 1581 1578 1579
f 1578 1581 1580
f 1581 1579 1582
f 1581 1583 1580
f 1584 1581 1582
f 1581 1584 1583
f 1584 1582 1585
f 1584 1586 1583
f 1587 1584 1585
f 1584 1587 1586
f 1587 1585 1588
f 1587 1589 1586
f 1590 1587 1588
f 1587 1590 1589
f 1590 1588 1591
f 1590 1591 1589
f 1588 1592 1591
f 1593 1589 1591
f 1592 1594 1591
f 1593 1591 1594
f 1592 1595 1594
f 1595 1596 1594
f 1597 1593 1594
f 1597 1594 1596
f 1595 1598 1596
f 1599 1597 1596
f 1598 1600 1596
f 1600 1601 1596
f 1602 1599 1596
f 1602 1596 1601
f 1600 1603 1601
f 1604 1602 1601
f 1603 1605 1601
f 1606 1604 1601
f 1605 1607 1601
f 1606 1601 1607
f 1605 1608 1607
f 1608 1609 1607
f 1610 1606 1607
f 1610 1607 1609
f 1608 1611 1609
f 1612 1610 1609
f 1611 1613 1609
f 1613 1614 1609
f 1615 1612 1609
f 1615 1609 1614
f 1613 1616 1614
f 1617 1615 1614
f 1616 1618 1614
f 1619 1617 1614
f 1618 1620 1614
f 1619 1614 1620
f 1618 1621 1620
f 1622 1619 1620
f 1621 1623 1620
f 1622 1620 1623
f 1621 1624 1623
f 1625 1622 1623
f 1624 1626 1623
f 1627 1625 1623
f 1626 1627 1623
f 1628 1629 1630
f 1628 1630 1631
f 1629 1628 1632
f 1633 1628 1631
f 1628 1633 1632
f 1633 1631 1634
f 1632 1633 1635
f 1636 1633 1634
f 1633 1636 1635
f 1636 1634 1637
f 1635 1636 1638
f 1639 1636 1637
f 1636 1639 1638
f 1639 1637 1640
f 1638 1639 1641
f 1642 1639 1640
f 1639 1642 1641
f 1642 1640 1643
f 1641 1642 1644
f 1645 1642 1643
f 1642 1645 1644
f 1645 1643 1646
f 1647 1645 1646
f 1644 1645 1648
f 1645 1647 1648
f 1647 1646 1649
f 1648 1647 1650
f 1647 1649 1651
f 1647 1652 1650
f 1653 1647 1651
f 1647 1653 1652
f 1653 1651 1654
f 1653 1655 1652
f 1656 1653 1654
f 1653 1656 1655
f 1656 1654 1657
f 1656 1658 1655
f 1659 1656 1657
f 1656 1659 1658
f 1659 1657 1660
f 1659 1661 1658
f 1662 1659 1660
f 1659 1662 1661
f 1662 1660 1663
f 1662 1664 1661
f 1665 1662 1663
f 1662 1665 1664
f 1665 1663 1666
f 1665 1667 1664
f 1668 1665 1666
f 1665 1668 1667
f 1668 1666 1669
f 1668 1670 1667
f 1668 1669 1671
f 1670 1668 1671
f 1672 1671 1669
f 1670 1671 1672
f 1672 1669 1673
f 1674 1670 1672
f 1675 1672 1673
f 1674 1672 1675
f 1675 1673 1676
f 1677 1675 1676
f 1678 1674 1675
f 1678 1675 1677
f 1677 1676 1679
f 1680 1678 1677
f 1677 1679 1681
f 1682 1677 1681
f 1683 1680 1677
f 1683 1677 1682
f 1682 1681 1684
f 1685 1683 1682
f 1682 1684 1686
f 1687 1685 1682
f 1688 1682 1686
f 1687 1682 1688
f 1688 1686 1689
f 1690 1688 1689
f 1691 1687 1688
f 1691 1688 1690
f 1690 1689 1692
f 1693 1691 1690
f 1690 1692 1694
f 1695 1690 1694
f 1696 1693 1690
f 1696 1690 1695
f 1695 1694 1697
f 1698 1696 1695
f 1699 1695 1697
f 1700 1698 1695
f 1701 1695 1699
f 1700 1695 1701
f 1702 1701 1699
f 1703 1700 1701
f 1704 1701 1702
f 1704 1703 1701
f 1705 1704 1702
f 1703 1704 1706
f 1704 1705 1707
f 1706 1704 1708
f 1704 1707 1708
f 1709 1708 1707
f 1710 1709 1707
f 1709 1711 1708
f 1712 1709 1710
f 1709 1712 1711
f 1712 1710 1713
f 1712 1714 1711
f 1715 1712 1713
f 1712 1715 1714
f 1715 1713 1716
f 1715 1717 1714
f 1718 1715 1716
f 1715 1718 1717
f 1718 1716 1719
f 1718 1720 1717
f 1721 1718 1719
f 1718 1721 1720
f 1721 1719 1722
f 1721 1723 1720
f 1724 1721 1722
f 1721 1724 1723
f 1724 1722 1725
f 1726 1724 1725
f 1724 1727 1723
f 1724 1726 1727
f 1726 1725 1728
f 1726 1729 1727
f 1726 1728 1730
f 1726 1731 1729
f 1732 1726 1730
f 1726 1732 1731
f 1732 1730 1733
f 1732 1734 1731
f 1735 1732 1733
f 1732 1735 1734
f 1735 1733 1736
f 1735 1737 1734
f 1738 1735 1736
f 1735 1738 1737
f 1738 1736 1739
f 1738 1740 1737
f 1741 1738 1739
f 1738 1741 1740
f 1741 1739 1742
f 1741 1743 1740
f 1744 1741 1742
f 1741 1744 1743
f 1744 1742 1745
f 1744 1746 1743
f 1747 1744 1745
f 1744 1747 1746
f 1747 1745 1748
f 1747 1749 1746
f 1750 1747 1748
f 1747 1750 1749
f 1750 1748 1751
f 1750 1751 1749
f 1748 1752 1751
f 1753 1749 1751
f 1752 1754 1751
f 1753 1751 1754
f 1752 1755 1754
f 1755 1756 1754
f 1757 1753 1754
f 1757 1754 1756
f 1755 1758 1756
f 1759 1757 1756
f 1758 1760 1756
f 1760 1761 1756
f 1762 1759 1756
f 1762 1756 1761
f 1760 1763 1761
f 1764 1762 1761
f 1763 1765 1761
f 1766 1764 1761
f 1765 1767 1761
f 1766 1761 1767
f 1765 1768 1767
f 1768 1769 1767
f 1770 1766 1767
f 1770 1767 1769
f 1768 1771 1769
f 1772 1770 1769
f 1771 1773 1769
f 1773 1774 1769
f 1775 1772 1769
f 1775 1769 1774
f 1773 1776 1774
f 1777 1775 1774
f 1776 1778 1774
f 1779 1777 1774
f 1778 1780 1774
f 1779 1774 1780
f 1778 1781 1780
f 1782 1779 1780
f 1781 1783 1780
f 1782 1780 1783
f 1781 1784 1783
f 1785 1782 1783
f 1784 1786 1783
f 1787 1785 1783
f 1786 1787 1783
f 1788 1789 1790
f 1789 1788 1791
f 1789 1791 1792
f 1793 1789 1792
f 1789 1793 1794
f 1789 1795 1790
f 1789 1794 1796
f 1797 1795 1789
f 1797 1798 1795
f 1797 1799 1798
f 1799 1800 1798
f 1799 1801 1800
f 1801 1799 1802
f 1799 1803 1802
f 1799 1804 1803
f 1804 1799 1805
f 1799 1806 1805
f 1806 1807 1805
f 1808 1797 1789
f 1806 1809 1807
f 1810 1789 1796
f 1810 1796 1811
f 1810 1811 1812
f 1813 1810 1812
f 1810 1813 1814
f 1810 1814 1815
f 1816 1810 1815
f 1810 1816 1817
f 1810 1817 1818
f 1819 1810 1818
f 1820 1810 1819
f 1809 1806 1821
f 1809 1821 1822
f 1823 1809 1822
f 1806 1824 1821
f 1823 1822 1825
f 1826 1823 1825
f 1827 1826 1825
f 1827 1825 1828
f 1829 1827 1828
f 1829 1828 1830
f 1831 1829 1830
f 1831 1830 1832
f 1820 1831 1832
f 1806 1833 1824
f 1834 1833 1806
f 1835 1834 1806
f 1820 1832 1836
f 1835 1806 1837
f 1838 1835 1837
f 1839 1838 1837
f 1840 1839 1837
f 1841 1840 1837
f 1842 1841 1837
f 1810 1820 1836
f 1842 1837 1843
f 1810 1836 1844
f 1836 1845 1844
f 1846 1810 1844
f 1845 1847 1844
f 1846 1844 1848
f 1849 1846 1848
f 1845 1850 1847
f 1851 1842 1843
f 1852 1851 1843
f 1842 1851 1853
f 1808 1852 1843
f 1851 1854 1853
f 1854 1855 1853
f 1852 1856 1851
f 1854 1857 1855
f 1857 1858 1855
f 1857 1859 1858
f 1856 1852 1860
f 1857 1861 1859
f 1861 1862 1859
f 1861 1863 1862
f 1861 1864 1863
f 1864 1865 1863
f 1864 1866 1865
f 1866 1867 1865
f 1866 1868 1867
f 1866 1869 1868
f 1869 1870 1868
f 1869 1871 1870
f 1869 1872 1871
f 1872 1873 1871
f 1872 1874 1873
f 1874 1875 1873
f 1874 1876 1875
f 1874 1877 1876
f 1877 1850 1876
f 1850 1877 1878
f 1850 1878 1847
f 1847 1878 1879
f 1847 1879 1880
f 1881 1847 1880
f 1882 1881 1880
f 1881 1882 1883
f 1882 1884 1883
f 1881 1883 1885
f 1886 1881 1885
f 1884 1887 1883
f 1884 1888 1887
f 1888 1889 1887
f 1886 1885 1890
f 1849 1886 1890
f 1846 1849 1890
f 1846 1890 1891
f 1889 1892 1887
f 1889 1893 1892
f 1893 1894 1892
f 1894 1895 1892
f 1895 1896 1892
f 1896 1891 1892
f 1896 1897 1891
f 1897 1898 1891
f 1898 1899 1891
f 1900 1846 1891
f 1899 1901 1891
f 1901 1900 1891
f 1901 1902 1900
f 1902 1901 1903
f 1902 1903 1904
f 1905 1902 1904
f 1900 1902 1906
f 1900 1906 1907
f 1908 1900 1907
f 1907 1909 1908
f 1902 1905 1910
f 1905 1911 1910
f 1902 1910 1912
f 1913 1902 1912
f 1911 1914 1910
f 1911 1915 1914
f 1916 1913 1912
f 1911 1917 1915
f 1917 1918 1915
f 1917 1919 1918
f 1913 1916 1920
f 1917 1921 1919
f 1913 1920 1922
f 1919 1921 1923
f 1921 1924 1923
f 1921 1925 1924
f 1926 1913 1922
f 1913 1926 1927
f 1913 1927 1928
f 1921 1929 1925
f 1930 1913 1928
f 1929 1931 1925
f 1929 1932 1931
f 1932 1929 1933
f 1930 1928 1934
f 1929 1935 1933
f 1936 1930 1934
f 1930 1936 1937
f 1930 1937 1938
f 1935 1939 1933
f 1935 1940 1939
f 1940 1935 1941
f 1909 1930 1938
f 1935 1942 1941
f 1943 1909 1938
f 1942 1944 1941
f 1942 1945 1944
f 1945 1942 1946
f 1942 1947 1946
f 1947 1948 1946
f 1909 1943 1949
f 1947 1950 1948
f 1950 1951 1948
f 1909 1949 1951
f 1950 1909 1951
f 1909 1950 1952
f 1909 1952 1908
f 1908 1952 1953
f 1908 1953 1954
f 1955 1908 1954
f 1954 1956 1955
f 1956 1957 1955
f 1956 1958 1957
f 1958 1959 1957
f 1958 1960 1959
f 1960 1961 1959
f 1961 1962 1959
f 1961 1963 1962
f 1963 1964 1962
f 1963 1965 1964
f 1965 1966 1964
f 1965 1967 1966
f 1967 1968 1966
f 1968 1969 1966
f 1968 1970 1969
f 1970 1971 1969
f 1970 1972 1971
f 1972 1973 1971
f 1973 1974 1971
f 1974 1975 1971
f 1974 1976 1975
f 1976 1977 1975
f 1976 1978 1977
f 1978 1979 1977
f 1971 1975 1980
f 1789 1971 1980
f 1808 1789 1980
f 1808 1980 1981
f 1978 1982 1979
f 1852 1808 1981
f 1982 1983 1979
f 1852 1981 1983
f 1982 1852 1983
f 1852 1982 1860
f 1984 1985 1986
f 1987 1984 1986
f 1984 1988 1985
f 1988 1984 1987
f 1989 1990 1991
f 1990 1989 1992
f 1989 1991 1993
f 1989 1994 1992
f 1995 1989 1993
f 1989 1995 1994
f 1995 1993 1996
f 1995 1997 1994
f 1998 1995 1996
f 1995 1998 1997
f 1998 1996 1999
f 1998 2000 1997
f 2001 1998 1999
f 1998 2001 2000
f 2001 1999 2002
f 2001 2003 2000
f 2004 2001 2002
f 2001 2004 2003
f 2004 2002 2005
f 2004 2006 2003
f 2007 2004 2005
f 2004 2007 2006
f 2007 2005 2008
f 2007 2009 2006
f 2010 2007 2008
f 2007 2010 2009
f 2010 2008 2011
f 2010 2012 2009
f 2013 2010 2011
f 2010 2013 2012
f 2014 2015 2016
f 2017 2014 2016
f 2014 2018 2015
f 2018 2014 2017
f 2019 2020 2021
f 2019 2021 2022
f 2020 2019 2023
f 2023 2019 2022
f 2024 2025 2026
f 2025 2024 2027
f 2025 2028 2026
f 2025 2027 2029
f 2025 2030 2028
f 2030 2025 2029
f 2030 2031 2028
f 2030 2029 2032
f 2030 2033 2031
f 2033 2030 2032
f 2033 2034 2031
f 2033 2032 2035
f 2033 2036 2034
f 2036 2033 2035
f 2036 2037 2034
f 2036 2035 2038
f 2036 2039 2037
f 2039 2036 2038
f 2039 2040 2037
f 2039 2038 2041
f 2039 2042 2040
f 2042 2039 2041
f 2042 2043 2040
f 2042 2041 2044
f 2042 2045 2043
f 2045 2042 2044
f 2045 2046 2043
f 2045 2044 2047
f 2046 2045 2048
f 2045 2047 2048
f 2049 2050 2051
f 2049 2051 2052
f 2050 2049 2053
f 2053 2049 2052
f 2054 2055 2056
f 2057 2055 2054
f 2055 2058 2056
f 2055 2057 2058
f 2059 2060 2061
f 2062 2059 2061
f 2059 2062 2063
f 2059 2064 2060
f 2059 2065 2064
f 2059 2063 2066
f 2065 2067 2064
f 2068 2059 2066
f 2065 2069 2067
f 2068 2066 2070
f 2069 2065 2071
f 2068 2070 2072
f 2065 2073 2071
f 2065 2074 2073
f 2074 2065 2075
f 2076 2068 2072
f 2068 2076 2077
f 2068 2077 2078
f 2079 2068 2078
f 2065 2080 2075
f 2081 2079 2078
f 2080 2082 2075
f 2079 2081 2083
f 2080 2084 2082
f 2079 2083 2085
f 2084 2080 2086
f 2080 2087 2086
f 2080 2088 2087
f 2089 2079 2085
f 2079 2089 2090
f 2079 2090 2091
f 2080 2092 2088
f 2092 2079 2091
f 2092 2093 2088
f 2092 2091 2094
f 2092 2095 2093
f 2092 2094 2096
f 2095 2092 2096
f 2097 2098 2099
f 2097 2099 2100
f 2098 2097 2101
f 2101 2097 2100
f 2102 2103 2104
f 2105 2103 2102
f 2103 2106 2104
f 2103 2105 2106
f 2107 2108 2109
f 2110 2108 2107
f 2108 2111 2109
f 2108 2110 2111
f 2112 2113 2114
f 2115 2113 2112
f 2113 2116 2114
f 2113 2115 2116
f 2117 2118 2119
f 2120 2118 2117
f 2118 2121 2119
f 2118 2120 2121
f 2122 2123 2124
f 2125 2122 2124
f 2122 2125 2126
f 2122 2127 2123
f 2122 2128 2127
f 2122 2126 2129
f 2128 2130 2127
f 2131 2122 2129
f 2128 2132 2130
f 2131 2129 2133
f 2132 2128 2134
f 2131 2133 2135
f 2128 2136 2134
f 2128 2137 2136
f 2137 2128 2138
f 2139 2131 2135
f 2131 2139 2140
f 2131 2140 2141
f 2142 2131 2141
f 2128 2143 2138
f 2144 2142 2141
f 2143 2145 2138
f 2142 2144 2146
f 2143 2147 2145
f 2142 2146 2148
f 2147 2143 2149
f 2143 2150 2149
f 2143 2151 2150
f 2152 2142 2148
f 2142 2152 2153
f 2142 2153 2154
f 2143 2155 2151
f 2155 2142 2154
f 2155 2156 2151
f 2155 2154 2157
f 2155 2158 2156
f 2155 2157 2159
f 2158 2155 2159
f 2160 2161 2162
f 2160 2162 2163
f 2161 2160 2164
f 2164 2160 2163
f 2165 2166 2167
f 2168 2166 2165
f 2166 2169 2167
f 2166 2168 2169
f 2170 2171 2172
f 2173 2171 2170
f 2171 2174 2172
f 2171 2173 2174
f 2175 2176 2177
f 2178 2176 2175
f 2176 2179 2177
f 2176 2178 2179
f 2180 2181 2182
f 2183 2181 2180
f 2181 2184 2182
f 2181 2183 2184
f 2185 2186 2187
f 2188 2185 2187
f 2185 2188 2189
f 2185 2190 2186
f 2185 2191 2190
f 2185 2189 2192
f 2191 2193 2190
f 2194 2185 2192
f 2191 2195 2193
f 2194 2192 2196
f 2195 2191 2197
f 2194 2196 2198
f 2191 2199 2197
f 2191 2200 2199
f 2200 2191 2201
f 2202 2194 2198
f 2194 2202 2203
f 2194 2203 2204
f 2205 2194 2204
f 2191 2206 2201
f 2207 2205 2204
f 2206 2208 2201
f 2205 2207 2209
f 2206 2210 2208
f 2205 2209 2211
f 2210 2206 2212
f 2206 2213 2212
f 2206 2214 2213
f 2215 2205 2211
f 2205 2215 2216
f 2205 2216 2217
f 2206 2218 2214
f 2218 2205 2217
f 2218 2219 2214
f 2218 2217 2220
f 2218 2221 2219
f 2218 2220 2222
f 2221 2218 2222
f 2223 2224 2225
f 2223 2225 2226
f 2224 2223 2227
f 2227 2223 2226
f 2228 2229 2230
f 2231 2229 2228
f 2229 2232 2230
f 2229 2231 2232
f 2233 2234 2235
f 2236 2234 2233
f 2234 2237 2235
f 2234 2236 2237
f 2238 2239 2240
f 2241 2239 2238
f 2239 2242 2240
f 2239 2241 2242
f 2243 2244 2245
f 2246 2244 2243
f 2244 2247 2245
f 2244 2246 2247
f 2248 2249 2250
f 2251 2248 2250
f 2248 2251 2252
f 2248 2253 2249
f 2248 2254 2253
f 2248 2252 2255
f 2254 2256 2253
f 2257 2248 2255
f 2254 2258 2256
f 2257 2255 2259
f 2258 2254 2260
f 2257 2259 2261
f 2254 2262 2260
f 2254 2263 2262
f 2263 2254 2264
f 2265 2257 2261
f 2257 2265 2266
f 2257 2266 2267
f 2268 2257 2267
f 2254 2269 2264
f 2270 2268 2267
f 2269 2271 2264
f 2268 2270 2272
f 2269 2273 2271
f 2268 2272 2274
f 2273 2269 2275
f 2269 2276 2275
f 2269 2277 2276
f 2278 2268 2274
f 2268 2278 2279
f 2268 2279 2280
f 2269 2281 2277
f 2281 2268 2280
f 2281 2282 2277
f 2281 2280 2283
f 2281 2284 2282
f 2281 2283 2285
f 2284 2281 2285
f 2286 2287 2288
f 2286 2288 2289
f 2287 2286 2290
f 2290 2286 2289
f 2291 2292 2293
f 2294 2292 2291
f 2292 2295 2293
f 2292 2294 2295
f 2296 2297 2298
f 2299 2297 2296
f 2297 2300 2298
f 2297 2299 2300
f 2301 2302 2303
f 2304 2302 2301
f 2302 2305 2303
f 2302 2304 2305
f 2306 2307 2308
f 2309 2307 2306
f 2307 2310 2308
f 2307 2309 2310
f 2311 2312 2313
f 2314 2311 2313
f 2311 2314 2315
f 2311 2316 2312
f 2311 2317 2316
f 2311 2315 2318
f 2317 2319 2316
f 2320 2311 2318
f 2317 2321 2319
f 2320 2318 2322
f 2321 2317 2323
f 2320 2322 2324
f 2317 2325 2323
f 2317 2326 2325
f 2326 2317 2327
f 2328 2320 2324
f 2320 2328 2329
f 2320 2329 2330
f 2331 2320 2330
f 2317 2332 2327
f 2333 2331 2330
f 2332 2334 2327
f 2331 2333 2335
f 2332 2336 2334
f 2331 2335 2337
f 2336 2332 2338
f 2332 2339 2338
f 2332 2340 2339
f 2341 2331 2337
f 2331 2341 2342
f 2331 2342 2343
f 2332 2344 2340
f 2344 2331 2343
f 2344 2345 2340
f 2344 2343 2346
f 2344 2347 2345
f 2344 2346 2348
f 2347 2344 2348
f 2349 2350 2351
f 2349 2351 2352
f 2350 2349 2353
f 2353 2349 2352
f 2354 2355 2356
f 2357 2355 2354
f 2355 2358 2356
f 2355 2357 2358
f 2359 2360 2361
f 2362 2360 2359
f 2360 2363 2361
f 2360 2362 2363
f 2364 2365 2366
f 2367 2365 2364
f 2365 2368 2366
f 2365 2367 2368
f 2369 2370 2371
f 2372 2370 2369
f 2370 2373 2371
f 2370 2372 2373
f 2374 2375 2376
f 2377 2375 2374
f 2375 2378 2376
f 2375 2377 2378
f 2379 2380 2381
f 2382 2380 2379
f 2380 2383 2381
f 2380 2382 2383
f 2384 2385 2386
f 2387 2385 2384
f 2385 2388 2386
f 2385 2387 2388
f 2389 2390 2391
f 2392 2390 2389
f 2390 2393 2391
f 2390 2392 2393
f 2394 2395 2396
f 2397 2395 2394
f 2395 2398 2396
f 2395 2397 2398
f 2399 2400 2401
f 2402 2400 2399
f 2400 2403 2401
f 2400 2402 2403
f 2404 2405 2406
f 2407 2405 2404
f 2405 2408 2406
f 2405 2407 2408
