# ROS coordinates: X forward, Y left, Z up; units are metres.
o mesh
v -0.05239965 0.007847027 0.125390008
v -0.0524513 0.00791177 0.125390008
v -0.0524544641 0.00791177 0.125390008
v -0.05244465 0.00776561 0.125390008
v -0.0523333922 0.007797282 0.125390008
v -0.0524075665 0.00762413256 0.125390008
v -0.0522568524 0.00776561024 0.125390008
v -0.0521746762 0.00775519526 0.125390008
v -0.0523733981 0.00755938236 0.125390008
v -0.052018512 0.0075753 0.125390008
v -0.0523510538 0.007530336 0.125390008
v -0.0519993529 0.00764610432 0.125390008
v -0.05210215 0.00776260626 0.125390008
v -0.0520330742 0.007785813 0.125390008
v -0.05184351 0.0076346593 0.125390008
v -0.0520346165 0.00754229864 0.125390008
v -0.0523245558 0.00750503736 0.125390008
v -0.0522941574 0.007484596 0.125390008
v -0.0519711748 0.007824263 0.125390008
v -0.0520560965 0.00751251541 0.125390008
v -0.05191855 0.007874741 0.125390008
v -0.0522605442 0.00747003 0.125390008
v -0.0518769361 0.007934611 0.125390008
v -0.0522248633 0.00746169453 0.125390008
v -0.0521883145 0.007459091 0.125390008
v -0.0521517023 0.007461915 0.125390008
v -0.05208371 0.007488355 0.125390008
v -0.0521162264 0.00747134071 0.125390008
v -0.0518484935 0.008001765 0.125390008
v -0.0501500033 0.007814103 0.125390008
v -0.0518326946 0.00807298 0.125390008
v -0.0501500033 0.00772435963 0.125390008
v -0.0518550836 0.007573321 0.125390008
v -0.0501500033 0.007307492 0.125390008
v -0.0497691929 0.00772435963 0.125390008
v -0.0518752821 0.00751428865 0.125390008
v -0.05190587 0.00745994924 0.125390008
v -0.0501500033 0.0071794875 0.125390008
v -0.05189026 0.00675000064 0.125390008
v -0.051947657 0.00741369836 0.125390008
v -0.0519987158 0.007377889 0.125390008
v -0.05205576 0.00735271256 0.125390008
v -0.052116558 0.007338706 0.125390008
v -0.05230666 0.00675000064 0.125390008
v -0.052178815 0.007334416 0.125390008
v -0.05228678 0.00734693 0.125390008
v -0.0525445044 0.00672856625 0.125390008
v -0.0523385629 0.00736372033 0.125390008
v -0.052387096 0.00738837337 0.125390008
v -0.05189026 0.00555000035 0.125390008
v -0.0531681851 0.00735000055 0.125390008
v -0.0524310134 0.00742053334 0.125390008
v -0.0524695776 0.007458961 0.125390008
v -0.0525295734 0.00754958 0.125390008
v -0.05256848 0.007651185 0.125390008
v -0.05260077 0.00670829229 0.125390008
v -0.0525918156 0.00775751844 0.125390008
v -0.05326601 0.00672120973 0.125390008
v -0.0526535735 0.006680171 0.125390008
v -0.05319921 0.00668290444 0.125390008
v -0.0527016558 0.00664459355 0.125390008
v -0.05314261 0.00663064 0.125390008
v -0.05274393 0.006602266 0.125390008
v -0.0530976653 0.00656810449 0.125390008
v -0.05281122 0.00650357269 0.125390008
v -0.0530662537 0.006497751 0.125390008
v -0.0530488864 0.006422677 0.125390008
v -0.0528570861 0.006393167 0.125390008
v -0.053043507 0.00634577964 0.125390008
v -0.0528810434 0.006276031 0.125390008
v -0.05304828 0.006272979 0.125390008
v -0.0530640781 0.00620176457 0.125390008
v -0.0528876632 0.006156575 0.125390008
v -0.05309252 0.00613461155 0.125390008
v -0.0531341359 0.006074741 0.125390008
v -0.0528580174 0.005922065 0.125390008
v -0.05318676 0.006024262 0.125390008
v -0.0530590937 0.00583465956 0.125390008
v -0.05324866 0.00598581275 0.125390008
v -0.0528160073 0.005811381 0.125390008
v -0.0530706681 0.005773321 0.125390008
v -0.0532149374 0.005846104 0.125390008
v -0.0533177331 0.00596260652 0.125390008
v -0.0527534932 0.00571090262 0.125390008
v -0.0530908667 0.005714289 0.125390008
v -0.053121455 0.005659949 0.125390008
v -0.0527128056 0.005667896 0.125390008
v -0.05316324 0.005613698 0.125390008
v -0.05266584 0.005631847 0.125390008
v -0.05339026 0.005955195 0.125390008
v -0.0532143 0.00557788927 0.125390008
v -0.0526138656 0.00560345 0.125390008
v -0.05255865 0.0055819964 0.125390008
v -0.0532713458 0.005552713 0.125390008
v -0.0524429157 0.00555714825 0.125390008
v -0.0533321425 0.00553870574 0.125390008
v -0.05232468 0.00555000035 0.125390008
v -0.0532340966 0.0057753 0.125390008
v -0.04875 0.00125 0.125390008
v -0.0533944 0.005534416 0.125390008
v -0.04915 0.00714102574 0.125390008
v -0.04875 0.01125 0.125390008
v -0.05423791 0.00555000035 0.125390008
v -0.04915 0.00726061733 0.125390008
v -0.0497012846 0.007670874 0.125390008
v -0.0535023659 0.00554693 0.125390008
v -0.0535541475 0.00556372 0.125390008
v -0.05360268 0.005588373 0.125390008
v -0.053646598 0.005620533 0.125390008
v -0.0536851622 0.005658961 0.125390008
v -0.053745158 0.00574958045 0.125390008
v -0.0537840649 0.005851185 0.125390008
v -0.0538074 0.00595751824 0.125390008
v -0.05382273 0.006174594 0.125390008
v -0.0538080558 0.006372688 0.125390008
v -0.05391624 0.00675000064 0.125390008
v -0.05378542 0.00646944158 0.125390008
v -0.0537463054 0.006560673 0.125390008
v -0.0537184365 0.006601831 0.125390008
v -0.05368494 0.006638526 0.125390008
v -0.0536063462 0.00669910852 0.125390008
v -0.0535619929 0.00672151335 0.125390008
v -0.0535149239 0.006737466 0.125390008
v -0.05376039 0.00735000055 0.125390008
v -0.05341656 0.00675000064 0.125390008
v -0.054194808 0.00735000055 0.125390008
v -0.0540789 0.00675000064 0.125390008
v -0.054313045 0.00735714845 0.125390008
v -0.05332403 0.00735000055 0.125390008
v -0.05333981 0.006743259 0.125390008
v -0.05376039 0.008550001 0.125390008
v -0.054609742 0.00675000064 0.125390008
v -0.05442878 0.007381996 0.125390008
v -0.0542649366 0.00596298743 0.125390008
v -0.0544839948 0.00740345 0.125390008
v -0.05437086 0.00594107155 0.125390008
v -0.0542781763 0.00590643566 0.125390008
v -0.0543569326 0.00588956 0.125390008
v -0.0542909577 0.00584977865 0.125390008
v -0.05434427 0.005837721 0.125390008
v -0.05430246 0.0057928497 0.125390008
v -0.0543322451 0.00578573067 0.125390008
v -0.0543119349 0.005735552 0.125390008
v -0.054320354 0.00573371025 0.125390008
v -0.05431241 0.005731296 0.125390008
v -0.0543186963 0.00572610926 0.125390008
v -0.0543128662 0.005727037 0.125390008
v -0.0543132722 0.005722774 0.125390008
v -0.05431705 0.005718507 0.125390008
v -0.0543136373 0.005718507 0.125390008
v -0.0531681851 0.008300649 0.125390008
v -0.05310104 0.008246922 0.125390008
v -0.0530281179 0.00820134 0.125390008
v -0.0529514775 0.008162312 0.125390008
v -0.05287208 0.00812922 0.125390008
v -0.0526071452 0.007974595 0.125390008
v -0.05259247 0.008172687 0.125390008
v -0.05287208 0.008269481 0.125390008
v -0.0525698364 0.008269441 0.125390008
v -0.05253072 0.008360673 0.125390008
v -0.0529772863 0.008323381 0.125390008
v -0.0525028519 0.008401832 0.125390008
v -0.0530754551 0.008389188 0.125390008
v -0.0524693541 0.008438526 0.125390008
v -0.05316225 0.008469304 0.125390008
v -0.05323052 0.008565584 0.125390008
v -0.05239076 0.008499108 0.125390008
v -0.05234641 0.008521513 0.125390008
v -0.05229934 0.008537466 0.125390008
v -0.0522009768 0.008550001 0.125390008
v -0.0501500033 0.0101474365 0.125390008
v -0.05332403 0.008565584 0.125390008
v -0.05417679 0.008550001 0.125390008
v -0.05491364 0.008534417 0.125390008
v -0.0544146337 0.008528566 0.125390008
v -0.0544709 0.008508293 0.125390008
v -0.0545237027 0.008480171 0.125390008
v -0.054571785 0.008444594 0.125390008
v -0.05461406 0.008402266 0.125390008
v -0.05491364 0.008394156 0.125390008
v -0.0546813533 0.008303573 0.125390008
v -0.05472722 0.008193167 0.125390008
v -0.05569286 0.008534417 0.125390008
v -0.05533631 0.00816232 0.125390008
v -0.0555034131 0.008394156 0.125390008
v -0.0547511727 0.008076031 0.125390008
v -0.0552110523 0.007905316 0.125390008
v -0.0547577962 0.007956576 0.125390008
v -0.0547281466 0.00772206532 0.125390008
v -0.05512354 0.007633075 0.125390008
v -0.0546861365 0.00761138136 0.125390008
v -0.0550850667 0.00735000055 0.125390008
v -0.0546236224 0.007510903 0.125390008
v -0.05458294 0.007467896 0.125390008
v -0.05453597 0.007431847 0.125390008
v -0.05480333 0.00675000064 0.125390008
v -0.0553139634 0.00675000064 0.125390008
v -0.05496867 0.00614391267 0.125390008
v -0.0552409142 0.00735000055 0.125390008
v -0.055120375 0.005979546 0.125390008
v -0.0549961552 0.00603867043 0.125390008
v -0.0550205633 0.00593267567 0.125390008
v -0.0551043972 0.00591458334 0.125390008
v -0.05508895 0.005849491 0.125390008
v -0.0550414324 0.00582592469 0.125390008
v -0.0550746247 0.00578414276 0.125390008
v -0.055058524 0.005718507 0.125390008
v -0.05506169 0.005718507 0.125390008
v -0.0554746762 0.00675000064 0.125390008
v -0.0556305237 0.00675000064 0.125390008
v -0.0560201332 0.00735000055 0.125390008
v -0.05528516 0.00764247449 0.125390008
v -0.0556305237 0.00555000035 0.125390008
v -0.055148866 0.00555000035 0.125390008
v -0.0557863675 0.00675000064 0.125390008
v -0.0557863675 0.00555000035 0.125390008
v -0.05498377 0.00555000035 0.125390008
v -0.056058608 0.007633075 0.125390008
v -0.05537968 0.007922789 0.125390008
v -0.0561461151 0.007905316 0.125390008
v -0.0555157438 0.008185569 0.125390008
v -0.0562713742 0.00816232 0.125390008
v -0.0558487028 0.008394156 0.125390008
v -0.0564384758 0.008394156 0.125390008
v -0.05569286 0.008422403 0.125390008
v -0.0558487028 0.008534417 0.125390008
v -0.0632500052 0.01125 0.125390008
v -0.0566279255 0.008534417 0.125390008
v -0.0578279272 0.00675000064 0.125390008
v -0.0566279255 0.008422403 0.125390008
v -0.05645081 0.008185569 0.125390008
v -0.0632500052 0.00125 0.125390008
v -0.05766624 0.00675000064 0.125390008
v -0.057371106 0.00555000035 0.125390008
v -0.0563147441 0.007922789 0.125390008
v -0.0562202223 0.00764247449 0.125390008
v -0.05718312 0.00555000035 0.125390008
v -0.056175977 0.00735000055 0.125390008
v -0.05004744 0.0101474365 0.125390008
v -0.04916703 0.0101352166 0.125390008
v -0.05004744 0.009683894 0.125390008
v -0.04912436 0.0100576933 0.125390008
v -0.0565655865 0.00555000035 0.125390008
v -0.05672143 0.00675000064 0.125390008
v -0.0564097427 0.00555000035 0.125390008
v -0.0565655865 0.00675000064 0.125390008
v -0.0564097427 0.00675000064 0.125390008
v -0.05689359 0.00675000064 0.125390008
v -0.0564097427 0.006251299 0.125390008
v -0.0557863675 0.006251299 0.125390008
v -0.0573404245 0.005878734 0.125390008
v -0.0572113656 0.005878734 0.125390008
v -0.05723024 0.005830891 0.125390008
v -0.0573229566 0.00583043229 0.125390008
v -0.057246875 0.005782221 0.125390008
v -0.05730647 0.00578181725 0.125390008
v -0.0572615825 0.00573293725 0.125390008
v -0.0572916456 0.005732671 0.125390008
v -0.0572746769 0.00568319857 0.125390008
v -0.0572778434 0.00568319857 0.125390008
v -0.0533672869 0.00566191459 0.125390008
v -0.05333181 0.005671341 0.125390008
v -0.0532992929 0.005688355 0.125390008
v -0.05327168 0.005712515 0.125390008
v -0.0534039 0.00565909129 0.125390008
v -0.0534404479 0.00566169433 0.125390008
v -0.05347613 0.00567002967 0.125390008
v -0.053509742 0.00568459649 0.125390008
v -0.0532502 0.00574229844 0.125390008
v -0.05354014 0.005705037 0.125390008
v -0.0535666421 0.0057303356 0.125390008
v -0.0535889827 0.00575938262 0.125390008
v -0.05362315 0.005824133 0.125390008
v -0.053472437 0.00596561 0.125390008
v -0.0535489768 0.00599728245 0.125390008
v -0.0536602363 0.00596560957 0.125390008
v -0.0536152348 0.00604702672 0.125390008
v -0.05367005 0.00611177 0.125390008
v -0.0536668859 0.00611177 0.125390008
v -0.0497435033 0.008131115 0.125390008
v -0.04966213 0.008112443 0.125390008
v -0.0497070923 0.008186899 0.125390008
v -0.0497912169 0.008084707 0.125390008
v -0.0496344268 0.008078892 0.125390008
v -0.0496027768 0.008049054 0.125390008
v -0.04981964 0.00806729 0.125390008
v -0.0498504452 0.00805452652 0.125390008
v -0.0495666079 0.008024907 0.125390008
v -0.0498829633 0.008047182 0.125390008
v -0.0495268479 0.008007302 0.125390008
v -0.0499162264 0.008044872 0.125390008
v -0.0499691144 0.00805098 0.125390008
v -0.050019335 0.008068734 0.125390008
v -0.0500649177 0.008096304 0.125390008
v -0.0501038171 0.008132683 0.125390008
v -0.04948465 0.007996795 0.125390008
v -0.0501349419 0.008175905 0.125390008
v -0.04915 0.007814103 0.125390008
v -0.0494412668 0.00799359 0.125390008
v -0.0493851975 0.007998259 0.125390008
v -0.0501575656 0.008224145 0.125390008
v -0.0518279225 0.008145779 0.125390008
v -0.050171338 0.008275619 0.125390008
v -0.0518333 0.008222677 0.125390008
v -0.0501756445 0.00832872652 0.125390008
v -0.05185067 0.008297751 0.125390008
v -0.05017144 0.008382436 0.125390008
v -0.0493308 0.00801258 0.125390008
v -0.05188208 0.008368105 0.125390008
v -0.04928 0.008036733 0.125390008
v -0.0492341369 0.008069311 0.125390008
v -0.0491838157 0.008123706 0.125390008
v -0.0491490066 0.008189108 0.125390008
v -0.0491299257 0.008260751 0.125390008
v -0.04915 0.00772435963 0.125390008
v -0.0501584075 0.008434741 0.125390008
v -0.04912436 0.008334735 0.125390008
v -0.0501500033 0.008762822 0.125390008
v -0.0501364246 0.008483923 0.125390008
v -0.0519270264 0.008430639 0.125390008
v -0.05010625 0.008528549 0.125390008
v -0.050067883 0.008566346 0.125390008
v -0.0500226319 0.008595549 0.125390008
v -0.0499724224 0.008615037 0.125390008
v -0.04991903 0.008621795 0.125390008
v -0.0519836247 0.008482905 0.125390008
v -0.0498852246 0.008619212 0.125390008
v -0.0496325754 0.00772435963 0.125390008
v -0.04912436 0.009288462 0.125390008
v -0.0491282977 0.008398717 0.125390008
v -0.0491416752 0.008461379 0.125390008
v -0.04916686 0.00852023251 0.125390008
v -0.0492048636 0.008571733 0.125390008
v -0.04925344 0.008613499 0.125390008
v -0.0493087322 0.008645834 0.125390008
v -0.0493693948 0.008666242 0.125390008
v -0.0494330563 0.008673077 0.125390008
v -0.0494775958 0.00866960548 0.125390008
v -0.04916703 0.009365987 0.125390008
v -0.0495210141 0.008659124 0.125390008
v -0.0501500033 0.009532051 0.125390008
v -0.0495619737 0.008641291 0.125390008
v -0.0498523377 0.008610884 0.125390008
v -0.04959935 0.00861681253 0.125390008
v -0.0498211458 0.008597607 0.125390008
v -0.0497922823 0.008579781 0.125390008
v -0.0496322028 0.008586528 0.125390008
v -0.04976623 0.008558074 0.125390008
v -0.0496606752 0.008552073 0.125390008
v -0.0497434251 0.008532956 0.125390008
v -0.0497070923 0.008475762 0.125390008
v -0.05004744 0.009378206 0.125390008
v -0.05004744 0.008914664 0.125390008
v -0.0501500033 0.009378206 0.125390008
v -0.0521242246 0.00854325853 0.125390008
v -0.0520504266 0.00852121 0.125390008
v -0.0546998419 0.0066053574 0.125390008
v -0.05470325 0.0066053574 0.125390008
v -0.05470831 0.006577435 0.125390008
v -0.0546650179 0.00646290649 0.125390008
v -0.0547146723 0.006549774 0.125390008
v -0.05472158 0.0065222485 0.125390008
v -0.0547288172 0.006494805 0.125390008
v -0.0543993525 0.00555000035 0.125390008
v -0.056 0.00555000035 0.125390008
v -0.0564097427 0.00611103931 0.125390008
v -0.0557863675 0.00611103931 0.125390008
v -0.04943846 0.008333534 0.125390008
v -0.0492534637 0.008464782 0.125390008
v -0.0492762 0.008503463 0.125390008
v -0.04930665 0.00853638351 0.125390008
v -0.0492380969 0.008422619 0.125390008
v -0.0493437722 0.008561581 0.125390008
v -0.0492269248 0.008333735 0.125390008
v -0.0493855476 0.008577872 0.125390008
v -0.0492388643 0.008243133 0.125390008
v -0.04943005 0.008583333 0.125390008
v -0.0492557064 0.00820057653 0.125390008
v -0.0494764037 0.00857785251 0.125390008
v -0.0492807 0.008162237 0.125390008
v -0.0495200045 0.008561196 0.125390008
v -0.0493130721 0.008129854 0.125390008
v -0.0495585427 0.008534845 0.125390008
v -0.0493511558 0.008104494 0.125390008
v -0.0495912619 0.008501498 0.125390008
v -0.0493940152 0.008088505 0.125390008
v -0.0496175475 0.008462891 0.125390008
v -0.0494394638 0.008083334 0.125390008
v -0.0496362336 0.0084200725 0.125390008
v -0.049483683 0.008088734 0.125390008
v -0.0496466644 0.008374531 0.125390008
v -0.04952501 0.00810531 0.125390008
v -0.0496500023 0.008327926 0.125390008
v -0.04956159 0.008130752 0.125390008
v -0.0496466868 0.008283455 0.125390008
v -0.0495926663 0.008162724 0.125390008
v -0.0496361069 0.008240145 0.125390008
v -0.04961801 0.008199396 0.125390008
v -0.04991282 0.008333534 0.125390008
v -0.04976359 0.00840071 0.125390008
v -0.04977777 0.008433625 0.125390008
v -0.0497973636 0.008463614 0.125390008
v -0.0497552268 0.008365866 0.125390008
v -0.04982136 0.008490238 0.125390008
v -0.049752567 0.008330129 0.125390008
v -0.0498496257 0.008512208 0.125390008
v -0.0497553274 0.008294761 0.125390008
v -0.0498822369 0.008526925 0.125390008
v -0.0497639924 0.0082603395 0.125390008
v -0.04991763 0.008532051 0.125390008
v -0.04977817 0.008227815 0.125390008
v -0.0499522 0.008527422 0.125390008
v -0.0497974381 0.008198023 0.125390008
v -0.04996874 0.008521756 0.125390008
v -0.04982234 0.008172777 0.125390008
v -0.0499842875 0.008513762 0.125390008
v -0.04985177 0.008152993 0.125390008
v -0.05001194 0.008492444 0.125390008
v -0.0498845242 0.008139392 0.125390008
v -0.0500347242 0.00846594 0.125390008
v -0.0499196351 0.008134617 0.125390008
v -0.0500523746 0.008435771 0.125390008
v -0.04995419 0.008139525 0.125390008
v -0.05006435 0.008402949 0.125390008
v -0.04998615 0.008153611 0.125390008
v -0.05007308 0.008333735 0.125390008
v -0.0500140674 0.008174641 0.125390008
v -0.05006554 0.008264288 0.125390008
v -0.0500374623 0.008200614 0.125390008
v -0.0500545651 0.008231092 0.125390008
v -0.0535639226 0.006575379 0.125390008
v -0.0534253269 0.00636039 0.125390008
v -0.0535242744 0.006603204 0.125390008
v -0.05359637 0.006539326 0.125390008
v -0.0534788519 0.006620018 0.125390008
v -0.053621348 0.006497765 0.125390008
v -0.0534306839 0.006625325 0.125390008
v -0.0536385253 0.00645242445 0.125390008
v -0.0533806756 0.006619434 0.125390008
v -0.0536513031 0.00635649357 0.125390008
v -0.0533337668 0.006601167 0.125390008
v -0.0536482334 0.006308353 0.125390008
v -0.05329291 0.00657171942 0.125390008
v -0.0536386743 0.006261075 0.125390008
v -0.0532591119 0.0065343217 0.125390008
v -0.05362111 0.00621617259 0.125390008
v -0.05323233 0.00649160333 0.125390008
v -0.05359564 0.006175231 0.125390008
v -0.05321351 0.00644485 0.125390008
v -0.0535623655 0.006140376 0.125390008
v -0.0532026365 0.006395614 0.125390008
v -0.0535429046 0.00612610858 0.125390008
v -0.05319935 0.00634529255 0.125390008
v -0.0535216071 0.006114769 0.125390008
v -0.0532026663 0.00629811827 0.125390008
v -0.0534757674 0.006099942 0.125390008
v -0.05321355 0.006252108 0.125390008
v -0.0534277633 0.006095455 0.125390008
v -0.0532327741 0.006208913 0.125390008
v -0.05338072 0.006099944 0.125390008
v -0.0532605052 0.00617064442 0.125390008
v -0.05333574 0.00611436833 0.125390008
v -0.0532950833 0.00613841228 0.125390008
v -0.05256651 0.00655932538 0.125390008
v -0.0523889624 0.00615000026 0.125390008
v -0.05252629 0.00657982659 0.125390008
v -0.05260282 0.006532557 0.125390008
v -0.0524837747 0.00659495639 0.125390008
v -0.0526340343 0.00649995 0.125390008
v -0.0523042232 0.00660974067 0.125390008
v -0.05268289 0.0064242 0.125390008
v -0.0520461053 0.00660974067 0.125390008
v -0.05271313 0.00633927435 0.125390008
v -0.0520461053 0.00569026 0.125390008
v -0.05273182 0.006159984 0.125390008
v -0.0523093343 0.00569026 0.125390008
v -0.0527146719 0.00597752864 0.125390008
v -0.05240103 0.00569396 0.125390008
v -0.0526865274 0.00589031167 0.125390008
v -0.05249139 0.005709101 0.125390008
v -0.0526407063 0.00581098255 0.125390008
v -0.05253396 0.0057262145 0.125390008
v -0.0526102334 0.00577671966 0.125390008
v -0.0525739752 0.00574866729 0.125390008
v -0.05443664 0.008359325 0.125390008
v -0.05425909 0.00795 0.125390008
v -0.05439642 0.008379826 0.125390008
v -0.0544729531 0.008332556 0.125390008
v -0.054353904 0.008394957 0.125390008
v -0.0545041636 0.00829995051 0.125390008
v -0.0541743524 0.00840974 0.125390008
v -0.05455302 0.0082242 0.125390008
v -0.05391624 0.00840974 0.125390008
v -0.05458326 0.008139274 0.125390008
v -0.05391624 0.00749026 0.125390008
v -0.0546019524 0.007959984 0.125390008
v -0.0541794673 0.00749026 0.125390008
v -0.0545848 0.007777529 0.125390008
v -0.0542711578 0.00749396 0.125390008
v -0.0545566566 0.00769031141 0.125390008
v -0.05436152 0.007509101 0.125390008
v -0.0545108356 0.00761098275 0.125390008
v -0.0544040948 0.0075262147 0.125390008
v -0.0544803627 0.00757672 0.125390008
v -0.0544441044 0.00754866749 0.125390008
v -0.0523483381 0.008375379 0.125390008
v -0.0522097424 0.00816039 0.125390008
v -0.05230869 0.008403204 0.125390008
v -0.0523807853 0.008339326 0.125390008
v -0.0522632673 0.00842001848 0.125390008
v -0.0524057634 0.008297766 0.125390008
v -0.0522151 0.008425325 0.125390008
v -0.05242294 0.008252425 0.125390008
v -0.05216509 0.008419434 0.125390008
v -0.05243572 0.008156493 0.125390008
v -0.0521181822 0.008401167 0.125390008
v -0.05243265 0.008108353 0.125390008
v -0.0520773269 0.00837172 0.125390008
v -0.05242309 0.008061076 0.125390008
v -0.0520435274 0.008334322 0.125390008
v -0.05240552 0.008016173 0.125390008
v -0.0520167463 0.008291604 0.125390008
v -0.0523800552 0.007975231 0.125390008
v -0.0519979261 0.00824485 0.125390008
v -0.05234678 0.007940376 0.125390008
v -0.051987052 0.008195614 0.125390008
v -0.05232732 0.007926108 0.125390008
v -0.0519837663 0.008145293 0.125390008
v -0.0523060225 0.00791476853 0.125390008
v -0.05198708 0.008098118 0.125390008
v -0.0522601828 0.007899942 0.125390008
v -0.0519979671 0.008052109 0.125390008
v -0.05221218 0.007895455 0.125390008
v -0.05201719 0.008008912 0.125390008
v -0.052165132 0.007899944 0.125390008
v -0.05204492 0.007970644 0.125390008
v -0.0521201566 0.007914368 0.125390008
v -0.0520795 0.007938413 0.125390008
v -0.056 0.00625000056 0.12459
v -0.0632500052 0.00125 0.12459
v -0.0632500052 0.01125 0.12459
v -0.04875 0.01125 0.124590009
v -0.04875 0.00125 0.124590009
v -0.0632500052 0.00625000056 0.12499
v -0.0632500052 0.01125 0.125390008
v -0.0632500052 0.01125 0.12459
v -0.0632500052 0.00125 0.12459
v -0.0632500052 0.00125 0.125390008
v -0.056 0.00125 0.12499
v -0.0632500052 0.00125 0.125390008
v -0.0632500052 0.00125 0.12459
v -0.04875 0.00125 0.124590009
v -0.04875 0.00125 0.125390008
v -0.04875 0.00625000056 0.12499
v -0.04875 0.00125 0.125390008
v -0.04875 0.00125 0.124590009
v -0.04875 0.01125 0.124590009
v -0.04875 0.01125 0.125390008
v -0.056 0.01125 0.12499
v -0.04875 0.01125 0.125390008
v -0.04875 0.01125 0.124590009
v -0.0632500052 0.01125 0.12459
v -0.0632500052 0.01125 0.125390008
v -0.0518279225 0.008145779 0.125390008
v -0.0518279225 0.008145779 0.125380009
v -0.0518326946 0.00807298 0.125390008
v -0.05183418 0.008063225 0.1253872
v -0.0518326946 0.00807298 0.125380009
v -0.0518484935 0.008001765 0.125390008
v -0.0518484935 0.008001765 0.125380009
v -0.05184834 0.008002241 0.1253872
v -0.051871866 0.007944219 0.1253872
v -0.0518769361 0.007934611 0.125390008
v -0.0518769361 0.007934611 0.125380009
v -0.0519052222 0.007891254 0.1253872
v -0.05191855 0.007874741 0.125390008
v -0.05191855 0.007874741 0.125380009
v -0.05194722 0.00784483552 0.1253872
v -0.0519711748 0.007824263 0.125390008
v -0.0519711748 0.007824263 0.125380009
v -0.05199641 0.00780611346 0.1253872
v -0.0520330742 0.007785813 0.125390008
v -0.0520330742 0.007785813 0.125380009
v -0.0520520955 0.007777567 0.1253872
v -0.05210215 0.00776260626 0.125390008
v -0.05210215 0.00776260626 0.125380009
v -0.052112326 0.007760616 0.1253872
v -0.0521746762 0.00775519526 0.125390008
v -0.0521746762 0.00775519526 0.125380009
v -0.052178815 0.007334416 0.125390008
v -0.052178815 0.007334416 0.125380009
v -0.05228678 0.00734693 0.125390008
v -0.0522959754 0.00734931976 0.1253872
v -0.05228678 0.00734693 0.125380009
v -0.0523385629 0.00736372033 0.125390008
v -0.0523385629 0.00736372033 0.125380009
v -0.0523516275 0.007369399 0.1253872
v -0.052387096 0.00738837337 0.125390008
v -0.052387096 0.00738837337 0.125380009
v -0.05240298 0.0073987823 0.1253872
v -0.0524310134 0.00742053334 0.125390008
v -0.0524310134 0.00742053334 0.125380009
v -0.0524485037 0.007436584 0.1253872
v -0.0524695776 0.007458961 0.125390008
v -0.0524695776 0.007458961 0.125380009
v -0.0524874628 0.007481127 0.1253872
v -0.0525295734 0.00754958 0.125390008
v -0.0525295734 0.00754958 0.125380009
v -0.05254527 0.0075841574 0.1253872
v -0.05256848 0.007651185 0.125390008
v -0.05256848 0.007651185 0.125380009
v -0.05259464 0.00777629158 0.1253872
v -0.0525918156 0.00775751844 0.125380009
v -0.0525918156 0.00775751844 0.125390008
v -0.0526071452 0.007974595 0.125380009
v -0.0526071452 0.007974595 0.125390008
v -0.052116558 0.007338706 0.125380009
v -0.052178815 0.007334416 0.125380009
v -0.052178815 0.007334416 0.125390008
v -0.052116558 0.007338706 0.125390008
v -0.05206449 0.0073500257 0.1253872
v -0.05205576 0.00735271256 0.125390008
v -0.05205576 0.00735271256 0.125380009
v -0.0520107672 0.007371378 0.1253872
v -0.0519987158 0.007377889 0.125390008
v -0.0519987158 0.007377889 0.125380009
v -0.0519618243 0.007402175 0.1253872
v -0.051947657 0.00741369836 0.125390008
v -0.051947657 0.00741369836 0.125380009
v -0.0519198775 0.007441921 0.1253872
v -0.05190587 0.00745994924 0.125390008
v -0.05190587 0.00745994924 0.125380009
v -0.0518873334 0.00748968869 0.1253872
v -0.0518752821 0.00751428865 0.125390008
v -0.0518752821 0.00751428865 0.125380009
v -0.0518642142 0.007542695 0.1253872
v -0.0518550836 0.007573321 0.125390008
v -0.0518550836 0.007573321 0.125380009
v -0.0518494546 0.00759862456 0.1253872
v -0.05184351 0.0076346593 0.125390008
v -0.05184351 0.0076346593 0.125380009
v -0.0518550836 0.007573321 0.125380009
v -0.05184351 0.0076346593 0.125380009
v -0.0519993529 0.00764610432 0.125380009
v -0.0518752821 0.00751428865 0.125380009
v -0.052018512 0.0075753 0.125380009
v -0.05190587 0.00745994924 0.125380009
v -0.051947657 0.00741369836 0.125380009
v -0.0520346165 0.00754229864 0.125380009
v -0.0519987158 0.007377889 0.125380009
v -0.0520560965 0.00751251541 0.125380009
v -0.05205576 0.00735271256 0.125380009
v -0.05208371 0.007488355 0.125380009
v -0.0521162264 0.00747134071 0.125380009
v -0.052116558 0.007338706 0.125380009
v -0.0521517023 0.007461915 0.125380009
v -0.052178815 0.007334416 0.125380009
v -0.0521883145 0.007459091 0.125380009
v -0.0522175357 0.007459078 0.125380009
v -0.0522248633 0.00746169453 0.125380009
v -0.05228678 0.00734693 0.125380009
v -0.0522605442 0.00747003 0.125380009
v -0.0522941574 0.007484596 0.125380009
v -0.0523385629 0.00736372033 0.125380009
v -0.0523245558 0.00750503736 0.125380009
v -0.052387096 0.00738837337 0.125380009
v -0.0523510538 0.007530336 0.125380009
v -0.0524310134 0.00742053334 0.125380009
v -0.0523733981 0.00755938236 0.125380009
v -0.0524695776 0.007458961 0.125380009
v -0.0524075665 0.00762413256 0.125380009
v -0.0525295734 0.00754958 0.125380009
v -0.05244465 0.00776561 0.125380009
v -0.05256848 0.007651185 0.125380009
v -0.0525918156 0.00775751844 0.125380009
v -0.0524544641 0.00791177 0.125380009
v -0.0526071452 0.007974595 0.125380009
v -0.05242309 0.008061076 0.125380009
v -0.05240552 0.008016173 0.125380009
v -0.05243265 0.008108353 0.125380009
v -0.0524513 0.00791177 0.125380009
v -0.05259247 0.008172687 0.125380009
v -0.0523800552 0.007975231 0.125380009
v -0.05243572 0.008156493 0.125380009
v -0.0525698364 0.008269441 0.125380009
v -0.05239965 0.007847027 0.125380009
v -0.05234678 0.007940376 0.125380009
v -0.05232732 0.007926108 0.125380009
v -0.05242294 0.008252425 0.125380009
v -0.05253072 0.008360673 0.125380009
v -0.0525028519 0.008401832 0.125380009
v -0.0524057634 0.008297766 0.125380009
v -0.0524693541 0.008438526 0.125380009
v -0.0523807853 0.008339326 0.125380009
v -0.05239076 0.008499108 0.125380009
v -0.0523483381 0.008375379 0.125380009
v -0.05234641 0.008521513 0.125380009
v -0.05230869 0.008403204 0.125380009
v -0.05229934 0.008537466 0.125380009
v -0.0522632673 0.00842001848 0.125380009
v -0.0522009768 0.008550001 0.125380009
v -0.0522151 0.008425325 0.125380009
v -0.05216509 0.008419434 0.125380009
v -0.0521242246 0.00854325853 0.125380009
v -0.0521181822 0.008401167 0.125380009
v -0.0520504266 0.00852121 0.125380009
v -0.0520773269 0.00837172 0.125380009
v -0.0519836247 0.008482905 0.125380009
v -0.0520435274 0.008334322 0.125380009
v -0.0519270264 0.008430639 0.125380009
v -0.0520167463 0.008291604 0.125380009
v -0.0519979261 0.00824485 0.125380009
v -0.05188208 0.008368105 0.125380009
v -0.05185067 0.008297751 0.125380009
v -0.051987052 0.008195614 0.125380009
v -0.0518333 0.008222677 0.125380009
v -0.0519837663 0.008145293 0.125380009
v -0.0518279225 0.008145779 0.125380009
v -0.0518326946 0.00807298 0.125380009
v -0.05198708 0.008098118 0.125380009
v -0.0518484935 0.008001765 0.125380009
v -0.0519979671 0.008052109 0.125380009
v -0.0518769361 0.007934611 0.125380009
v -0.05191855 0.007874741 0.125380009
v -0.05201719 0.008008912 0.125380009
v -0.0519711748 0.007824263 0.125380009
v -0.05204492 0.007970644 0.125380009
v -0.0520330742 0.007785813 0.125380009
v -0.0520795 0.007938413 0.125380009
v -0.05210215 0.00776260626 0.125380009
v -0.0521201566 0.007914368 0.125380009
v -0.052165132 0.007899944 0.125380009
v -0.0521746762 0.00775519526 0.125380009
v -0.05221218 0.007895455 0.125380009
v -0.0522568524 0.00776561024 0.125380009
v -0.0522601828 0.007899942 0.125380009
v -0.0523333922 0.007797282 0.125380009
v -0.0523060225 0.00791476853 0.125380009
v -0.05216509 0.008419434 0.125380009
v -0.0522151 0.008425325 0.125380009
v -0.0522151 0.008425325 0.125390008
v -0.0521615967 0.008418541 0.1253872
v -0.05216509 0.008419434 0.125390008
v -0.05213602 0.008409837 0.1253872
v -0.0521181822 0.008401167 0.125380009
v -0.0521181822 0.008401167 0.125390008
v -0.0521119349 0.008397579 0.1253872
v -0.0520773269 0.00837172 0.125380009
v -0.0520773269 0.00837172 0.125390008
v -0.052069515 0.008364247 0.1253872
v -0.0520435274 0.008334322 0.125380009
v -0.0520435274 0.008334322 0.125390008
v -0.0520351641 0.008322589 0.1253872
v -0.0520167463 0.008291604 0.125380009
v -0.0520167463 0.008291604 0.125390008
v -0.0520150363 0.008288268 0.1253872
v -0.0520000048 0.008251449 0.1253872
v -0.0519979261 0.00824485 0.125380009
v -0.0519979261 0.00824485 0.125390008
v -0.051987052 0.008195614 0.125380009
v -0.051987052 0.008195614 0.125390008
v -0.0519847274 0.008173514 0.1253872
v -0.0519837663 0.008145293 0.125380009
v -0.0519837663 0.008145293 0.125390008
v -0.0531681851 0.00735000055 0.125380009
v -0.0531681851 0.008300649 0.125380009
v -0.05332403 0.00735000055 0.125380009
v -0.05332403 0.008565584 0.125380009
v -0.05323052 0.008565584 0.125380009
v -0.05316225 0.008469304 0.125380009
v -0.0530754551 0.008389188 0.125380009
v -0.05310104 0.008246922 0.125380009
v -0.0530281179 0.00820134 0.125380009
v -0.0529772863 0.008323381 0.125380009
v -0.05295148 0.008162312 0.125380009
v -0.05287208 0.008269481 0.125380009
v -0.05287208 0.00812922 0.125380009
v -0.0547577962 0.007956576 0.125390008
v -0.0547577962 0.007956576 0.125380009
v -0.0547511727 0.008076031 0.125390008
v -0.05475021 0.008083789 0.1253872
v -0.0547511727 0.008076031 0.125380009
v -0.05472722 0.008193167 0.125390008
v -0.05472722 0.008193167 0.125380009
v -0.0547248162 0.008200806 0.1253872
v -0.0546813533 0.008303573 0.125390008
v -0.0546813533 0.008303573 0.125380009
v -0.0546774939 0.008310801 0.1253872
v -0.05461406 0.008402266 0.125390008
v -0.05461406 0.008402266 0.125380009
v -0.054608494 0.00840853248 0.1253872
v -0.054571785 0.008444594 0.125390008
v -0.054571785 0.008444594 0.125380009
v -0.05456532 0.00845008 0.1253872
v -0.0545237027 0.008480171 0.125390008
v -0.0545237027 0.008480171 0.125380009
v -0.0545163937 0.008484648 0.1253872
v -0.0544709 0.008508293 0.125390008
v -0.0544709 0.008508293 0.125380009
v -0.0544231758 0.00852613 0.1253872
v -0.0544146337 0.008528566 0.125390008
v -0.0544146337 0.008528566 0.125380009
v -0.05432262 0.008543789 0.1253872
v -0.05417679 0.008550001 0.125390008
v -0.05417679 0.008550001 0.125380009
v -0.0542711578 0.00749396 0.125380009
v -0.0541794673 0.00749026 0.125380009
v -0.0541794673 0.00749026 0.125390008
v -0.0542897359 0.00749578048 0.1253872
v -0.0542711578 0.00749396 0.125390008
v -0.05436152 0.007509101 0.125380009
v -0.05436152 0.007509101 0.125390008
v -0.0543614663 0.00750908442 0.1253872
v -0.0544040948 0.0075262147 0.125380009
v -0.0544040948 0.0075262147 0.125390008
v -0.054428082 0.007538867 0.1253872
v -0.05444411 0.00754866749 0.125380009
v -0.0544441044 0.00754866749 0.125390008
v -0.054458756 0.007558721 0.1253872
v -0.0544803627 0.00757672 0.125380009
v -0.0544803627 0.00757672 0.125390008
v -0.0544863679 0.0075825965 0.1253872
v -0.0545108356 0.00761098275 0.125380009
v -0.0545108356 0.00761098275 0.125390008
v -0.05453072 0.00764046842 0.1253872
v -0.0545566566 0.00769031141 0.125380009
v -0.0545566566 0.00769031141 0.125390008
v -0.0545631722 0.007705858 0.1253872
v -0.0545848 0.007777529 0.125380009
v -0.0545848 0.007777529 0.125390008
v -0.0545844026 0.007775706 0.1253872
v -0.05460124 0.007920684 0.1253872
v -0.0546019524 0.007959984 0.125380009
v -0.0546019524 0.007959984 0.125390008
v -0.0552409142 0.00735000055 0.125390008
v -0.0552409142 0.00735000055 0.125380009
v -0.05528516 0.00764247449 0.125390008
v -0.05530799 0.007726279 0.1253872
v -0.05528516 0.00764247449 0.125380009
v -0.05537968 0.007922789 0.125390008
v -0.05537968 0.007922789 0.125380009
v -0.0554549545 0.008079328 0.1253872
v -0.0555157438 0.008185569 0.125390008
v -0.0555157438 0.008185569 0.125380009
v -0.05569286 0.008422403 0.125390008
v -0.05569286 0.008422403 0.125380009
v -0.0555034131 0.008394156 0.125390008
v -0.0555034131 0.008394156 0.125380009
v -0.05533631 0.00816232 0.125390008
v -0.0552951321 0.008088789 0.1253872
v -0.05533631 0.00816232 0.125380009
v -0.0552110523 0.007905316 0.125390008
v -0.0552110523 0.007905316 0.125380009
v -0.05515471 0.00774648646 0.1253872
v -0.05512354 0.007633075 0.125390008
v -0.05512354 0.007633075 0.125380009
v -0.0550850667 0.00735000055 0.125390008
v -0.0550850667 0.00735000055 0.125380009
v -0.05491364 0.008534417 0.125380009
v -0.0555034131 0.008394156 0.125380009
v -0.05491364 0.008394156 0.125380009
v -0.05569286 0.008534417 0.125380009
v -0.05569286 0.008422403 0.125380009
v -0.0555157438 0.008185569 0.125380009
v -0.05533631 0.00816232 0.125380009
v -0.05537968 0.007922789 0.125380009
v -0.05530325 0.007942208 0.125380009
v -0.0552110523 0.007905316 0.125380009
v -0.05528516 0.00764247449 0.125380009
v -0.05512354 0.007633075 0.125380009
v -0.0552409142 0.00735000055 0.125380009
v -0.0550850667 0.00735000055 0.125380009
v -0.056175977 0.00735000055 0.125390008
v -0.056175977 0.00735000055 0.125380009
v -0.0562202223 0.00764247449 0.125390008
v -0.05624306 0.007726279 0.1253872
v -0.0562202223 0.00764247449 0.125380009
v -0.0563147441 0.007922789 0.125390008
v -0.0563147441 0.007922789 0.125380009
v -0.0563900173 0.008079328 0.1253872
v -0.05645081 0.008185569 0.125390008
v -0.05645081 0.008185569 0.125380009
v -0.0566279255 0.008422403 0.125390008
v -0.0566279255 0.008422403 0.125380009
v -0.0564384758 0.008394156 0.125390008
v -0.0564384758 0.008394156 0.125380009
v -0.0562713742 0.00816232 0.125390008
v -0.0562301949 0.008088789 0.1253872
v -0.0562713742 0.00816232 0.125380009
v -0.0561461151 0.007905316 0.125390008
v -0.05614612 0.007905316 0.125380009
v -0.0560897775 0.00774648646 0.1253872
v -0.056058608 0.007633075 0.125390008
v -0.056058608 0.007633075 0.125380009
v -0.0560201332 0.00735000055 0.125390008
v -0.0560201332 0.00735000055 0.125380009
v -0.0558487028 0.008534417 0.125380009
v -0.0564384758 0.008394156 0.125380009
v -0.0558487028 0.008394156 0.125380009
v -0.0566279255 0.008534417 0.125380009
v -0.0566279255 0.008422403 0.125380009
v -0.05645081 0.008185569 0.125380009
v -0.0562713742 0.00816232 0.125380009
v -0.0563147441 0.007922789 0.125380009
v -0.056238316 0.007942208 0.125380009
v -0.05614612 0.007905316 0.125380009
v -0.0562202223 0.00764247449 0.125380009
v -0.056058608 0.007633075 0.125380009
v -0.056175977 0.00735000055 0.125380009
v -0.0560201332 0.00735000055 0.125380009
v -0.0528876632 0.006156575 0.125390008
v -0.0528876632 0.006156575 0.125380009
v -0.0528810434 0.006276031 0.125390008
v -0.05288008 0.006283789 0.1253872
v -0.0528810434 0.006276031 0.125380009
v -0.0528570861 0.006393167 0.125390008
v -0.0528570861 0.006393167 0.125380009
v -0.052854687 0.006400805 0.1253872
v -0.05281122 0.00650357269 0.125390008
v -0.052811224 0.00650357269 0.125380009
v -0.0528073646 0.006510801 0.1253872
v -0.05274393 0.006602266 0.125390008
v -0.05274393 0.006602266 0.125380009
v -0.05273836 0.00660853228 0.1253872
v -0.0527016558 0.00664459355 0.125390008
v -0.0527016558 0.00664459355 0.125380009
v -0.0526951924 0.006650079 0.1253872
v -0.0526535735 0.006680171 0.125390008
v -0.0526535735 0.006680171 0.125380009
v -0.0526462644 0.00668464741 0.1253872
v -0.05260077 0.00670829229 0.125390008
v -0.05260077 0.00670829229 0.125380009
v -0.0525530465 0.006726129 0.1253872
v -0.0525445044 0.00672856625 0.125390008
v -0.0525445044 0.00672856625 0.125380009
v -0.05245249 0.006743789 0.1253872
v -0.05230666 0.00675000064 0.125390008
v -0.05230666 0.00675000064 0.125380009
v -0.05240103 0.00569396 0.125380009
v -0.0523093343 0.00569026 0.125380009
v -0.0523093343 0.00569026 0.125390008
v -0.05241961 0.00569578074 0.1253872
v -0.05240103 0.00569396 0.125390008
v -0.05249139 0.005709101 0.125380009
v -0.05249139 0.005709101 0.125390008
v -0.0524913371 0.005709084 0.1253872
v -0.05253396 0.0057262145 0.125380009
v -0.05253396 0.0057262145 0.125390008
v -0.0525579527 0.005738867 0.1253872
v -0.0525739752 0.00574866729 0.125380009
v -0.0525739752 0.00574866729 0.125390008
v -0.0525886267 0.00575872138 0.1253872
v -0.0526102334 0.00577671966 0.125380009
v -0.0526102334 0.00577671966 0.125390008
v -0.05261624 0.00578259677 0.1253872
v -0.0526407063 0.00581098255 0.125380009
v -0.0526407063 0.00581098255 0.125390008
v -0.0526605919 0.005840468 0.1253872
v -0.0526865274 0.00589031167 0.125380009
v -0.0526865274 0.00589031167 0.125390008
v -0.0526930429 0.005905858 0.1253872
v -0.0527146719 0.00597752864 0.125380009
v -0.0527146719 0.00597752864 0.125390008
v -0.0527142733 0.00597570557 0.1253872
v -0.0527311079 0.00612068363 0.1253872
v -0.05273182 0.006159984 0.125380009
v -0.05273182 0.006159984 0.125390008
v -0.053043507 0.00634577964 0.125390008
v -0.053043507 0.00634577964 0.125380009
v -0.05304828 0.006272979 0.125390008
v -0.05304976 0.00626322441 0.1253872
v -0.05304828 0.006272979 0.125380009
v -0.0530640781 0.00620176457 0.125390008
v -0.0530640781 0.00620176457 0.125380009
v -0.0530639254 0.006202241 0.1253872
v -0.05308745 0.006144218 0.1253872
v -0.05309252 0.00613461155 0.125390008
v -0.05309252 0.00613461155 0.125380009
v -0.0531208068 0.006091254 0.1253872
v -0.0531341359 0.006074741 0.125390008
v -0.0531341359 0.006074741 0.125380009
v -0.0531628057 0.006044836 0.1253872
v -0.05318676 0.006024262 0.125390008
v -0.05318676 0.006024262 0.125380009
v -0.0532119945 0.00600611325 0.1253872
v -0.05324866 0.00598581275 0.125390008
v -0.05324866 0.00598581275 0.125380009
v -0.05326768 0.005977567 0.1253872
v -0.0533177331 0.00596260652 0.125390008
v -0.0533177331 0.00596260652 0.125380009
v -0.05332791 0.00596061628 0.1253872
v -0.05339026 0.005955195 0.125390008
v -0.05339026 0.005955195 0.125380009
v -0.0533944 0.005534416 0.125390008
v -0.0533944033 0.005534416 0.125380009
v -0.0535023659 0.00554693 0.125390008
v -0.05351156 0.00554931955 0.1253872
v -0.0535023659 0.00554693 0.125380009
v -0.0535541475 0.00556372 0.125390008
v -0.0535541475 0.00556372 0.125380009
v -0.0535672121 0.005569399 0.1253872
v -0.05360268 0.005588373 0.125390008
v -0.05360268 0.005588373 0.125380009
v -0.0536185652 0.00559878256 0.1253872
v -0.053646598 0.005620533 0.125390008
v -0.053646598 0.005620533 0.125380009
v -0.05366409 0.005636584 0.1253872
v -0.0536851622 0.005658961 0.125390008
v -0.0536851622 0.005658961 0.125380009
v -0.0537030473 0.00568112731 0.1253872
v -0.053745158 0.00574958045 0.125390008
v -0.053745158 0.00574958045 0.125380009
v -0.0537608564 0.00578415766 0.1253872
v -0.0537840649 0.005851185 0.125390008
v -0.0537840649 0.005851185 0.125380009
v -0.0538102239 0.00597629137 0.1253872
v -0.0538074 0.00595751824 0.125380009
v -0.0538074 0.00595751824 0.125390008
v -0.05382273 0.006174594 0.125380009
v -0.05382273 0.006174594 0.125390008
v -0.0533321425 0.00553870574 0.125380009
v -0.0533944033 0.005534416 0.125380009
v -0.0533944 0.005534416 0.125390008
v -0.0533321425 0.00553870574 0.125390008
v -0.0532800741 0.0055500255 0.1253872
v -0.0532713458 0.005552713 0.125390008
v -0.0532713458 0.005552713 0.125380009
v -0.05322635 0.005571378 0.1253872
v -0.0532143 0.00557788927 0.125390008
v -0.0532143 0.00557788927 0.125380009
v -0.05317741 0.00560217537 0.1253872
v -0.05316324 0.005613698 0.125390008
v -0.05316324 0.005613698 0.125380009
v -0.0531354621 0.005641921 0.1253872
v -0.053121455 0.005659949 0.125390008
v -0.053121455 0.005659949 0.125380009
v -0.053102918 0.005689688 0.1253872
v -0.0530908667 0.005714289 0.125390008
v -0.0530908667 0.005714289 0.125380009
v -0.0530797951 0.00574269472 0.1253872
v -0.0530706681 0.005773321 0.125390008
v -0.0530706681 0.005773321 0.125380009
v -0.05306504 0.005798625 0.1253872
v -0.0530590937 0.00583465956 0.125390008
v -0.0530590937 0.00583465956 0.125380009
v -0.0530706681 0.005773321 0.125380009
v -0.0530590937 0.00583465956 0.125380009
v -0.0532149374 0.005846104 0.125380009
v -0.0530908667 0.005714289 0.125380009
v -0.0532340966 0.0057753 0.125380009
v -0.053121455 0.005659949 0.125380009
v -0.05316324 0.005613698 0.125380009
v -0.0532502 0.00574229844 0.125380009
v -0.0532143 0.00557788927 0.125380009
v -0.05327168 0.005712515 0.125380009
v -0.0532713458 0.005552713 0.125380009
v -0.0532992929 0.005688355 0.125380009
v -0.05333181 0.005671341 0.125380009
v -0.0533321425 0.00553870574 0.125380009
v -0.0533672869 0.00566191459 0.125380009
v -0.0533944033 0.005534416 0.125380009
v -0.0534039 0.00565909129 0.125380009
v -0.05343312 0.005659078 0.125380009
v -0.0534404479 0.00566169433 0.125380009
v -0.0535023659 0.00554693 0.125380009
v -0.05347613 0.00567002967 0.125380009
v -0.053509742 0.00568459649 0.125380009
v -0.0535541475 0.00556372 0.125380009
v -0.05354014 0.005705037 0.125380009
v -0.05360268 0.005588373 0.125380009
v -0.0535666421 0.0057303356 0.125380009
v -0.053646598 0.005620533 0.125380009
v -0.0535889827 0.00575938262 0.125380009
v -0.0536851622 0.005658961 0.125380009
v -0.05362315 0.005824133 0.125380009
v -0.053745158 0.00574958045 0.125380009
v -0.0536602363 0.00596560957 0.125380009
v -0.0537840649 0.005851185 0.125380009
v -0.0538074 0.00595751824 0.125380009
v -0.0536700524 0.00611177 0.125380009
v -0.05382273 0.006174594 0.125380009
v -0.053638678 0.006261075 0.125380009
v -0.05362111 0.00621617259 0.125380009
v -0.0536482371 0.006308353 0.125380009
v -0.0536668859 0.00611177 0.125380009
v -0.0538080558 0.006372688 0.125380009
v -0.0535956435 0.006175231 0.125380009
v -0.0536513031 0.00635649357 0.125380009
v -0.05378542 0.00646944158 0.125380009
v -0.05361524 0.00604702672 0.125380009
v -0.0535623655 0.006140376 0.125380009
v -0.0535429046 0.00612610858 0.125380009
v -0.0536385253 0.00645242445 0.125380009
v -0.05374631 0.006560673 0.125380009
v -0.0537184365 0.006601831 0.125380009
v -0.053621348 0.006497765 0.125380009
v -0.05368494 0.006638526 0.125380009
v -0.05359637 0.006539326 0.125380009
v -0.0536063462 0.00669910852 0.125380009
v -0.0535639226 0.006575379 0.125380009
v -0.0535619967 0.00672151335 0.125380009
v -0.0535242744 0.006603204 0.125380009
v -0.0535149239 0.006737466 0.125380009
v -0.0534788519 0.006620018 0.125380009
v -0.05341656 0.00675000064 0.125380009
v -0.0534306839 0.006625325 0.125380009
v -0.0533806756 0.006619434 0.125380009
v -0.05333981 0.006743259 0.125380009
v -0.05333377 0.006601167 0.125380009
v -0.05326601 0.00672120973 0.125380009
v -0.05329291 0.00657171942 0.125380009
v -0.05319921 0.00668290444 0.125380009
v -0.0532591119 0.0065343217 0.125380009
v -0.05314261 0.00663064 0.125380009
v -0.05323233 0.00649160333 0.125380009
v -0.05321351 0.00644485 0.125380009
v -0.0530976653 0.00656810449 0.125380009
v -0.0530662537 0.006497751 0.125380009
v -0.0532026365 0.006395614 0.125380009
v -0.0530488864 0.006422677 0.125380009
v -0.0531993546 0.00634529255 0.125380009
v -0.053043507 0.00634577964 0.125380009
v -0.05304828 0.006272979 0.125380009
v -0.0532026663 0.00629811827 0.125380009
v -0.0530640781 0.00620176457 0.125380009
v -0.05321355 0.006252108 0.125380009
v -0.05309252 0.00613461155 0.125380009
v -0.0531341359 0.006074741 0.125380009
v -0.0532327741 0.006208913 0.125380009
v -0.05318676 0.006024262 0.125380009
v -0.0532605052 0.00617064442 0.125380009
v -0.05324866 0.00598581275 0.125380009
v -0.0532950833 0.00613841228 0.125380009
v -0.0533177331 0.00596260652 0.125380009
v -0.05333574 0.00611436833 0.125380009
v -0.05338072 0.006099944 0.125380009
v -0.05339026 0.005955195 0.125380009
v -0.0534277633 0.006095455 0.125380009
v -0.053472437 0.00596561 0.125380009
v -0.0534757674 0.006099942 0.125380009
v -0.0535489768 0.00599728245 0.125380009
v -0.0535216071 0.006114769 0.125380009
v -0.0533806756 0.006619434 0.125380009
v -0.0534306839 0.006625325 0.125380009
v -0.0534306839 0.006625325 0.125390008
v -0.05337718 0.006618541 0.1253872
v -0.0533806756 0.006619434 0.125390008
v -0.0533516034 0.00660983659 0.1253872
v -0.05333377 0.006601167 0.125380009
v -0.0533337668 0.006601167 0.125390008
v -0.05332752 0.006597579 0.1253872
v -0.05329291 0.00657171942 0.125380009
v -0.05329291 0.00657171942 0.125390008
v -0.0532851033 0.00656424742 0.1253872
v -0.0532591119 0.0065343217 0.125380009
v -0.0532591119 0.0065343217 0.125390008
v -0.05325075 0.006522589 0.1253872
v -0.05323233 0.00649160333 0.125380009
v -0.05323233 0.00649160333 0.125390008
v -0.05323062 0.00648826826 0.1253872
v -0.05321559 0.00645144843 0.1253872
v -0.05321351 0.00644485 0.125380009
v -0.05321351 0.00644485 0.125390008
v -0.0532026365 0.006395614 0.125380009
v -0.0532026365 0.006395614 0.125390008
v -0.05320031 0.00637351349 0.1253872
v -0.0531993546 0.00634529255 0.125380009
v -0.05319935 0.00634529255 0.125390008
v -0.05470325 0.0066053574 0.125390008
v -0.05470325 0.0066053574 0.125380009
v -0.05470831 0.006577435 0.125390008
v -0.0547083132 0.006577435 0.125380009
v -0.0547146723 0.006549774 0.125390008
v -0.0547146723 0.006549774 0.125380009
v -0.05472578 0.006506241 0.1253872
v -0.0547215827 0.0065222485 0.125380009
v -0.05472158 0.0065222485 0.125390008
v -0.0547288172 0.006494805 0.125380009
v -0.0547288172 0.006494805 0.125390008
v -0.0543119349 0.005735552 0.125390008
v -0.0543119349 0.005735552 0.125380009
v -0.05430246 0.0057928497 0.125390008
v -0.05430246 0.0057928497 0.125380009
v -0.05428884 0.00585944252 0.1253872
v -0.0542909577 0.00584977865 0.125380009
v -0.0542909577 0.00584977865 0.125390008
v -0.0542781763 0.00590643566 0.125380009
v -0.0542781763 0.00590643566 0.125390008
v -0.0542678721 0.005950571 0.1253872
v -0.0542649366 0.00596298743 0.125380009
v -0.0542649366 0.00596298743 0.125390008
v -0.0543136373 0.005718507 0.125390008
v -0.0543136373 0.005718507 0.125380009
v -0.0543132722 0.005722774 0.125390008
v -0.0543132722 0.005722774 0.125380009
v -0.0543128662 0.005727037 0.125390008
v -0.0543123633 0.00573173957 0.1253872
v -0.0543128662 0.005727037 0.125380009
v -0.05431241 0.005731296 0.125390008
v -0.05431241 0.005731296 0.125380009
v -0.0543119349 0.005735552 0.125390008
v -0.0543119349 0.005735552 0.125380009
v -0.055120375 0.005979546 0.125390008
v -0.055120375 0.005979546 0.125380009
v -0.0551043972 0.00591458334 0.125390008
v -0.0551043972 0.00591458334 0.125380009
v -0.0550930351 0.00586681766 0.1253872
v -0.05508895 0.005849491 0.125380009
v -0.05508895 0.005849491 0.125390008
v -0.0550746247 0.00578414276 0.125380009
v -0.0550746247 0.00578414276 0.125390008
v -0.0550667 0.005744566 0.1253872
v -0.05506169 0.005718507 0.125380009
v -0.05506169 0.005718507 0.125390008
v -0.0550633222 0.00572694745 0.1253872
v -0.0553139634 0.00675000064 0.125380009
v -0.05547468 0.00675000064 0.125380009
v -0.055120375 0.005979546 0.125380009
v -0.055148866 0.00555000035 0.125380009
v -0.0551043972 0.00591458334 0.125380009
v -0.05508895 0.005849491 0.125380009
v -0.0550746247 0.00578414276 0.125380009
v -0.05506169 0.005718507 0.125380009
v -0.05498377 0.00555000035 0.125380009
v -0.055058524 0.005718507 0.125380009
v -0.0550414324 0.00582592469 0.125380009
v -0.0550205633 0.00593267567 0.125380009
v -0.0549961552 0.00603867043 0.125380009
v -0.0547288172 0.006494805 0.125380009
v -0.05496867 0.00614391267 0.125380009
v -0.05480333 0.00675000064 0.125380009
v -0.0547215827 0.0065222485 0.125380009
v -0.0547146723 0.006549774 0.125380009
v -0.0547083132 0.006577435 0.125380009
v -0.05470325 0.0066053574 0.125380009
v -0.054609742 0.00675000064 0.125380009
v -0.0546998419 0.0066053574 0.125380009
v -0.0546650179 0.00646290649 0.125380009
v -0.05437086 0.00594107155 0.125380009
v -0.0543993525 0.00555000035 0.125380009
v -0.0543569326 0.00588956 0.125380009
v -0.05434427 0.005837721 0.125380009
v -0.0543322451 0.00578573067 0.125380009
v -0.054320354 0.00573371025 0.125380009
v -0.0543186963 0.00572610926 0.125380009
v -0.05431705 0.005718507 0.125380009
v -0.05423791 0.00555000035 0.125380009
v -0.0543136373 0.005718507 0.125380009
v -0.0543132722 0.005722774 0.125380009
v -0.0543128662 0.005727037 0.125380009
v -0.05431241 0.005731296 0.125380009
v -0.0543119349 0.005735552 0.125380009
v -0.05430246 0.0057928497 0.125380009
v -0.0542909577 0.00584977865 0.125380009
v -0.0542781763 0.00590643566 0.125380009
v -0.0542649366 0.00596298743 0.125380009
v -0.05391624 0.00675000064 0.125380009
v -0.0540789 0.00675000064 0.125380009
v -0.0564097427 0.00555000035 0.125380009
v -0.0564097427 0.00611103931 0.125380009
v -0.0565655865 0.00555000035 0.125380009
v -0.0565655865 0.00675000064 0.125380009
v -0.0564097427 0.006251299 0.125380009
v -0.0564097427 0.00675000064 0.125380009
v -0.0560980551 0.00615000026 0.125380009
v -0.0557863675 0.00611103931 0.125380009
v -0.0557863675 0.006251299 0.125380009
v -0.0556305237 0.00675000064 0.125380009
v -0.0557863675 0.00675000064 0.125380009
v -0.0556305237 0.00555000035 0.125380009
v -0.0557863675 0.00555000035 0.125380009
v -0.0572746769 0.00568319857 0.125390008
v -0.0572746769 0.00568319857 0.125380009
v -0.0572615825 0.00573293725 0.125390008
v -0.0572606027 0.00573646743 0.1253872
v -0.0572615825 0.00573293725 0.125380009
v -0.057246875 0.005782221 0.125390008
v -0.057246875 0.005782221 0.125380009
v -0.05723024 0.005830891 0.125390008
v -0.0572172478 0.00586425047 0.1253872
v -0.05723024 0.005830891 0.125380009
v -0.0572113656 0.005878734 0.125390008
v -0.0572113656 0.005878734 0.125380009
v -0.0573404245 0.005878734 0.125390008
v -0.0573404245 0.005878734 0.125380009
v -0.0573229566 0.00583043229 0.125390008
v -0.0573229566 0.00583043229 0.125380009
v -0.05730647 0.00578181725 0.125390008
v -0.05730647 0.00578181725 0.125380009
v -0.0572868 0.00571554247 0.1253872
v -0.0572916456 0.005732671 0.125380009
v -0.0572916456 0.005732671 0.125390008
v -0.0572778434 0.00568319857 0.125380009
v -0.0572778434 0.00568319857 0.125390008
v -0.05766624 0.00675000064 0.125380009
v -0.0578279272 0.00675000064 0.125380009
v -0.0573404245 0.005878734 0.125380009
v -0.057371106 0.00555000035 0.125380009
v -0.0573229566 0.00583043229 0.125380009
v -0.05730647 0.00578181725 0.125380009
v -0.0572916456 0.005732671 0.125380009
v -0.0572778434 0.00568319857 0.125380009
v -0.05718312 0.00555000035 0.125380009
v -0.0572746769 0.00568319857 0.125380009
v -0.0572615825 0.00573293725 0.125380009
v -0.057246875 0.005782221 0.125380009
v -0.05723024 0.005830891 0.125380009
v -0.0572113656 0.005878734 0.125380009
v -0.05672143 0.00675000064 0.125380009
v -0.05689359 0.00675000064 0.125380009
v -0.0501500033 0.007814103 0.125380009
v -0.0501500033 0.00772435963 0.125380009
v -0.0497691929 0.00772435963 0.125380009
v -0.0496325754 0.00772435963 0.125380009
v -0.04915 0.007814103 0.125380009
v -0.04915 0.00772435963 0.125380009
v -0.0497012846 0.007670874 0.125380009
v -0.0501500033 0.007307492 0.125380009
v -0.0501500033 0.0071794875 0.125380009
v -0.04915 0.00726061733 0.125380009
v -0.04915 0.00714102574 0.125380009
v -0.0494330563 0.008673077 0.125380009
v -0.0494330563 0.008673077 0.125390008
v -0.0494775958 0.00866960548 0.125380009
v -0.0495015047 0.008664815 0.1253872
v -0.0494775958 0.00866960548 0.125390008
v -0.0495210141 0.008659124 0.125380009
v -0.0495210141 0.008659124 0.125390008
v -0.0495343432 0.00865416 0.1253872
v -0.0495619737 0.008641291 0.125380009
v -0.0495619737 0.008641291 0.125390008
v -0.04956553 0.008639334 0.1253872
v -0.04959935 0.00861681253 0.125380009
v -0.04959935 0.00861681253 0.125390008
v -0.0496207252 0.008598058 0.1253872
v -0.0496322028 0.008586528 0.125380009
v -0.0496322028 0.008586528 0.125390008
v -0.0496654734 0.008545527 0.1253872
v -0.0496606752 0.008552073 0.125380009
v -0.0496606752 0.008552073 0.125390008
v -0.0496939123 0.008500582 0.1253872
v -0.0497070923 0.008475762 0.125380009
v -0.0497070923 0.008475762 0.125390008
v -0.0496500023 0.008327926 0.125390008
v -0.0496500023 0.008327926 0.125380009
v -0.0496466868 0.008283455 0.125390008
v -0.04964602 0.008279396 0.1253872
v -0.0496466868 0.008283455 0.125380009
v -0.0496361069 0.008240145 0.125390008
v -0.0496361069 0.008240145 0.125380009
v -0.049636744 0.008242022 0.1253872
v -0.0496217981 0.008206526 0.1253872
v -0.04961801 0.008199396 0.125390008
v -0.04961801 0.008199396 0.125380009
v -0.0496014133 0.008173868 0.1253872
v -0.0495926663 0.008162724 0.125390008
v -0.0495926663 0.008162724 0.125380009
v -0.0495763719 0.008144603 0.1253872
v -0.04956159 0.008130752 0.125390008
v -0.04956159 0.008130752 0.125380009
v -0.0495472662 0.008119395 0.1253872
v -0.04952501 0.00810531 0.125390008
v -0.04952501 0.00810531 0.125380009
v -0.04951414 0.00809979253 0.1253872
v -0.049483683 0.008088734 0.125390008
v -0.049483683 0.008088734 0.125380009
v -0.0494777448 0.008087348 0.1253872
v -0.0494394638 0.008083334 0.125390008
v -0.0494394638 0.008083334 0.125380009
v -0.05004744 0.009378206 0.125380009
v -0.0501500033 0.009378206 0.125380009
v -0.05004744 0.008914664 0.125380009
v -0.0501500033 0.008762822 0.125380009
v -0.04963718 0.009070514 0.125380009
v -0.04912436 0.009288462 0.125380009
v -0.04916703 0.009365987 0.125380009
v -0.05004744 0.0101474365 0.125380009
v -0.0501500033 0.0101474365 0.125380009
v -0.05004744 0.009683894 0.125380009
v -0.0501500033 0.009532051 0.125380009
v -0.04963718 0.009839743 0.125380009
v -0.04912436 0.0100576933 0.125380009
v -0.04916703 0.0101352166 0.125380009
v -0.05004744 0.009915665 0.125385
v -0.05004744 0.009683894 0.125380009
v -0.05004744 0.009683894 0.125390008
v -0.05004744 0.0101474365 0.125390008
v -0.05004744 0.0101474365 0.125380009
v -0.0496072322 0.009909555 0.125385
v -0.04916703 0.0101352166 0.125380009
v -0.04916703 0.0101352166 0.125390008
v -0.05004744 0.009683894 0.125390008
v -0.05004744 0.009683894 0.125380009
v -0.0491457 0.010096455 0.125385
v -0.04912436 0.0100576933 0.125380009
v -0.04912436 0.0100576933 0.125390008
v -0.04916703 0.0101352166 0.125390008
v -0.04916703 0.0101352166 0.125380009
v -0.0496371835 0.009794872 0.125385
v -0.0501500033 0.009532051 0.125380009
v -0.0501500033 0.009532051 0.125390008
v -0.04912436 0.0100576933 0.125390008
v -0.04912436 0.0100576933 0.125380009
v -0.0501500033 0.009839743 0.125385
v -0.0501500033 0.0101474365 0.125380009
v -0.0501500033 0.0101474365 0.125390008
v -0.0501500033 0.009532051 0.125390008
v -0.0501500033 0.009532051 0.125380009
v -0.05009872 0.0101474365 0.125385
v -0.05004744 0.0101474365 0.125390008
v -0.0501500033 0.0101474365 0.125390008
v -0.0501500033 0.0101474365 0.125380009
v -0.05004744 0.0101474365 0.125380009
v -0.05004744 0.009146435 0.125385
v -0.05004744 0.008914664 0.125380009
v -0.05004744 0.008914664 0.125390008
v -0.05004744 0.009378206 0.125390008
v -0.05004744 0.009378206 0.125380009
v -0.0496072322 0.009140326 0.125385
v -0.04916703 0.009365987 0.125380009
v -0.04916703 0.009365987 0.125390008
v -0.05004744 0.008914664 0.125390008
v -0.05004744 0.008914664 0.125380009
v -0.0491457 0.00932722352 0.125385
v -0.04912436 0.009288462 0.125380009
v -0.04912436 0.009288462 0.125390008
v -0.04916703 0.009365987 0.125390008
v -0.04916703 0.009365987 0.125380009
v -0.0496371835 0.009025642 0.125385
v -0.0501500033 0.008762822 0.125380009
v -0.0501500033 0.008762822 0.125390008
v -0.04912436 0.009288462 0.125390008
v -0.04912436 0.009288462 0.125380009
v -0.0501500033 0.009070514 0.125385
v -0.0501500033 0.009378206 0.125380009
v -0.0501500033 0.009378206 0.125390008
v -0.0501500033 0.008762822 0.125390008
v -0.0501500033 0.008762822 0.125380009
v -0.05009872 0.009378206 0.125385
v -0.05004744 0.009378206 0.125390008
v -0.0501500033 0.009378206 0.125390008
v -0.0501500033 0.009378206 0.125380009
v -0.05004744 0.009378206 0.125380009
v -0.0496470556 0.00837186351 0.1253872
v -0.0496500023 0.008327926 0.125380009
v -0.0496500023 0.008327926 0.125390008
v -0.0496466644 0.008374531 0.125390008
v -0.0496466644 0.008374531 0.125380009
v -0.04963786 0.008414934 0.1253872
v -0.0496362336 0.0084200725 0.125390008
v -0.0496362336 0.0084200725 0.125380009
v -0.0496213064 0.008455735 0.1253872
v -0.0496175475 0.008462891 0.125390008
v -0.0496175475 0.008462891 0.125380009
v -0.0495979637 0.00849305652 0.1253872
v -0.0495912619 0.008501498 0.125390008
v -0.0495912619 0.008501498 0.125380009
v -0.0495685562 0.00852583349 0.1253872
v -0.0495585427 0.008534845 0.125390008
v -0.0495585427 0.008534845 0.125380009
v -0.04953398 0.008553078 0.1253872
v -0.0495200045 0.008561196 0.125390008
v -0.0495200045 0.008561196 0.125380009
v -0.0494944528 0.008572389 0.1253872
v -0.0494764037 0.00857785251 0.125390008
v -0.0494764037 0.00857785251 0.125380009
v -0.0494515672 0.008582143 0.1253872
v -0.04943005 0.008583333 0.125390008
v -0.04943005 0.008583333 0.125380009
v -0.04939806 0.00858053751 0.1253872
v -0.04943005 0.008583333 0.125380009
v -0.04943005 0.008583333 0.125390008
v -0.0493855476 0.008577872 0.125390008
v -0.0493855476 0.008577872 0.125380009
v -0.0493670627 0.008572102 0.1253872
v -0.0493437722 0.008561581 0.125380009
v -0.0493437722 0.008561581 0.125390008
v -0.0493380353 0.008558385 0.1253872
v -0.04930665 0.00853638351 0.125380009
v -0.04931146 0.008540334 0.1253872
v -0.04930665 0.00853638351 0.125390008
v -0.04928814 0.008518254 0.1253872
v -0.0492762 0.008503463 0.125380009
v -0.0492762 0.008503463 0.125390008
v -0.0492687672 0.008492635 0.1253872
v -0.0492534637 0.008464782 0.125380009
v -0.0492534637 0.008464782 0.125390008
v -0.0492416359 0.008434545 0.1253872
v -0.0492380969 0.008422619 0.125390008
v -0.0492380969 0.008422619 0.125380009
v -0.0492284819 0.008369038 0.1253872
v -0.0492269248 0.008333735 0.125390008
v -0.0492269248 0.008333735 0.125380009
v -0.0492269248 0.008333735 0.125380009
v -0.0492388643 0.008243133 0.1253872
v -0.0492388643 0.008243133 0.125380009
v -0.0492269248 0.008333735 0.125390008
v -0.0492557064 0.00820057653 0.125380009
v -0.0492388643 0.008243133 0.125390008
v -0.0492557064 0.00820057653 0.1253872
v -0.0492807 0.008162237 0.125380009
v -0.0492557064 0.00820057653 0.125390008
v -0.0492807031 0.008162237 0.1253872
v -0.0493130721 0.008129854 0.125380009
v -0.0492807 0.008162237 0.125390008
v -0.0493130758 0.008129854 0.1253872
v -0.0493511558 0.008104494 0.125380009
v -0.0493130721 0.008129854 0.125390008
v -0.0493511558 0.008104494 0.1253872
v -0.0493940152 0.008088505 0.125380009
v -0.0493511558 0.008104494 0.125390008
v -0.04939402 0.008088505 0.1253872
v -0.0494394638 0.008083334 0.125380009
v -0.0493940152 0.008088505 0.125390008
v -0.0494394638 0.008083334 0.125390008
v -0.05007308 0.008333735 0.125380009
v -0.05007308 0.008333735 0.125390008
v -0.0500679538 0.008388011 0.1253872
v -0.05006435 0.008402949 0.125380009
v -0.05006435 0.008402949 0.125390008
v -0.050060913 0.00841437653 0.1253872
v -0.0500523746 0.008435771 0.125380009
v -0.0500523746 0.008435771 0.125390008
v -0.0500504822 0.008439577 0.1253872
v -0.0500347242 0.00846594 0.125380009
v -0.0500347242 0.00846594 0.125390008
v -0.05003669 0.008463122 0.1253872
v -0.050019674 0.008484447 0.1253872
v -0.05001194 0.008492444 0.125380009
v -0.05001194 0.008492444 0.125390008
v -0.04999979 0.008503114 0.1253872
v -0.0499842875 0.008513762 0.125380009
v -0.0499842875 0.008513762 0.125390008
v -0.0499768928 0.008517943 0.1253872
v -0.04996874 0.008521756 0.125380009
v -0.04996874 0.008521756 0.125390008
v -0.0499555841 0.008526454 0.1253872
v -0.0499522 0.008527422 0.125380009
v -0.0499522 0.008527422 0.125390008
v -0.0499331355 0.008531263 0.1253872
v -0.04991763 0.008532051 0.125380009
v -0.04991763 0.008532051 0.125390008
v -0.0497766435 0.00843144 0.1253872
v -0.04977777 0.008433625 0.125380009
v -0.0497973636 0.008463614 0.125380009
v -0.04976359 0.00840071 0.125380009
v -0.0498000979 0.008467061 0.1253872
v -0.04982136 0.008490238 0.125380009
v -0.0497608557 0.008391803 0.1253872
v -0.0497552268 0.008365866 0.125380009
v -0.0498296767 0.008497817 0.1253872
v -0.0498496257 0.008512208 0.125380009
v -0.0497533567 0.008349804 0.1253872
v -0.049752567 0.008330129 0.125380009
v -0.049752567 0.008330129 0.125390008
v -0.0497552268 0.008365866 0.125390008
v -0.04976359 0.00840071 0.125390008
v -0.04977777 0.008433625 0.125390008
v -0.0497973636 0.008463614 0.125390008
v -0.04982136 0.008490238 0.125390008
v -0.0498496257 0.008512208 0.125390008
v -0.04984918 0.0085119335 0.1253872
v -0.0498706326 0.008522831 0.1253872
v -0.0498822369 0.008526925 0.125380009
v -0.0498822369 0.008526925 0.125390008
v -0.0498936772 0.008529758 0.1253872
v -0.04991763 0.008532051 0.125380009
v -0.04991763 0.008532051 0.125390008
v -0.04975493 0.008297289 0.1253872
v -0.049752567 0.008330129 0.125380009
v -0.049752567 0.008330129 0.125390008
v -0.0497553274 0.008294761 0.125390008
v -0.0497553274 0.008294761 0.125380009
v -0.0497624055 0.008265205 0.1253872
v -0.0497639924 0.0082603395 0.125390008
v -0.0497639924 0.0082603395 0.125380009
v -0.04977467 0.008234648 0.1253872
v -0.04977817 0.008227815 0.125390008
v -0.04977817 0.008227815 0.125380009
v -0.0497913361 0.008206246 0.1253872
v -0.0497974381 0.008198023 0.125390008
v -0.0497974381 0.008198023 0.125380009
v -0.0498127565 0.008181263 0.1253872
v -0.04982234 0.008172777 0.125390008
v -0.04982234 0.008172777 0.125380009
v -0.04983856 0.00816081 0.1253872
v -0.04985177 0.008152993 0.125390008
v -0.04985177 0.008152993 0.125380009
v -0.0498676449 0.008145373 0.1253872
v -0.0498845242 0.008139392 0.125390008
v -0.0498845242 0.008139392 0.125380009
v -0.0498992354 0.008136243 0.1253872
v -0.0499196351 0.008134617 0.125390008
v -0.0499196351 0.008134617 0.125380009
v -0.0499196351 0.008134617 0.125390008
v -0.0499390624 0.008136112 0.1253872
v -0.0499196351 0.008134617 0.125380009
v -0.04995419 0.008139525 0.125390008
v -0.04995419 0.008139525 0.125380009
v -0.049958013 0.0081407 0.1253872
v -0.0499760136 0.008148162 0.1253872
v -0.04998615 0.008153611 0.125390008
v -0.04998615 0.008153611 0.125380009
v -0.0499928966 0.008157894 0.1253872
v -0.0500140674 0.008174641 0.125390008
v -0.0500140674 0.008174641 0.125380009
v -0.0500226542 0.008183012 0.1253872
v -0.0500374623 0.008200614 0.125390008
v -0.0500374623 0.008200614 0.125380009
v -0.0500461049 0.008214064 0.1253872
v -0.0500545651 0.008231092 0.125390008
v -0.0500545651 0.008231092 0.125380009
v -0.05005695 0.00823682 0.1253872
v -0.05006554 0.008264288 0.125390008
v -0.05006554 0.008264288 0.125380009
v -0.050064683 0.008260809 0.1253872
v -0.05007231 0.008310597 0.1253872
v -0.05007308 0.008333735 0.125390008
v -0.05007308 0.008333735 0.125380009
v -0.04952501 0.00810531 0.125380009
v -0.0496027768 0.008049054 0.125380009
v -0.0495666079 0.008024907 0.125380009
v -0.0496344268 0.008078892 0.125380009
v -0.04956159 0.008130752 0.125380009
v -0.04966213 0.008112443 0.125380009
v -0.0495926663 0.008162724 0.125380009
v -0.049483683 0.008088734 0.125380009
v -0.0495268479 0.008007302 0.125380009
v -0.04948465 0.007996795 0.125380009
v -0.0497070923 0.008186899 0.125380009
v -0.0494394638 0.008083334 0.125380009
v -0.0494412668 0.00799359 0.125380009
v -0.0493851975 0.007998259 0.125380009
v -0.04961801 0.008199396 0.125380009
v -0.0493940152 0.008088505 0.125380009
v -0.0493308 0.00801258 0.125380009
v -0.04928 0.008036733 0.125380009
v -0.0493511558 0.008104494 0.125380009
v -0.0492341369 0.008069311 0.125380009
v -0.0493130721 0.008129854 0.125380009
v -0.0491838157 0.008123706 0.125380009
v -0.0492807 0.008162237 0.125380009
v -0.0492557064 0.00820057653 0.125380009
v -0.0491490066 0.008189108 0.125380009
v -0.0492388643 0.008243133 0.125380009
v -0.0491299257 0.008260751 0.125380009
v -0.0492269248 0.008333735 0.125380009
v -0.04912436 0.008334735 0.125380009
v -0.0491282977 0.008398717 0.125380009
v -0.0492380969 0.008422619 0.125380009
v -0.0491416752 0.008461379 0.125380009
v -0.0492534637 0.008464782 0.125380009
v -0.04916686 0.00852023251 0.125380009
v -0.0492762 0.008503463 0.125380009
v -0.0492048636 0.008571733 0.125380009
v -0.04930665 0.00853638351 0.125380009
v -0.04925344 0.008613499 0.125380009
v -0.0493437722 0.008561581 0.125380009
v -0.0493087322 0.008645834 0.125380009
v -0.0493855476 0.008577872 0.125380009
v -0.0493693948 0.008666242 0.125380009
v -0.04943005 0.008583333 0.125380009
v -0.0494330563 0.008673077 0.125380009
v -0.0494775958 0.00866960548 0.125380009
v -0.0494764037 0.00857785251 0.125380009
v -0.0495210141 0.008659124 0.125380009
v -0.0495619737 0.008641291 0.125380009
v -0.0495200045 0.008561196 0.125380009
v -0.04959935 0.00861681253 0.125380009
v -0.0496322028 0.008586528 0.125380009
v -0.0495585427 0.008534845 0.125380009
v -0.0496606752 0.008552073 0.125380009
v -0.0495912619 0.008501498 0.125380009
v -0.0497070923 0.008475762 0.125380009
v -0.0496175475 0.008462891 0.125380009
v -0.0496362336 0.0084200725 0.125380009
v -0.04977777 0.008433625 0.125380009
v -0.04976359 0.00840071 0.125380009
v -0.0497973636 0.008463614 0.125380009
v -0.0496466644 0.008374531 0.125380009
v -0.0497552268 0.008365866 0.125380009
v -0.0497434251 0.008532956 0.125380009
v -0.04982136 0.008490238 0.125380009
v -0.0496500023 0.008327926 0.125380009
v -0.049752567 0.008330129 0.125380009
v -0.0497553274 0.008294761 0.125380009
v -0.0496466868 0.008283455 0.125380009
v -0.0497639924 0.0082603395 0.125380009
v -0.0498496257 0.008512208 0.125380009
v -0.04976623 0.008558074 0.125380009
v -0.0497922823 0.008579781 0.125380009
v -0.0496361069 0.008240145 0.125380009
v -0.0498822369 0.008526925 0.125380009
v -0.0498211458 0.008597607 0.125380009
v -0.0498523377 0.008610884 0.125380009
v -0.04991763 0.008532051 0.125380009
v -0.0498852246 0.008619212 0.125380009
v -0.04991903 0.008621795 0.125380009
v -0.0499724224 0.008615037 0.125380009
v -0.0499522 0.008527422 0.125380009
v -0.0500226319 0.008595549 0.125380009
v -0.04996874 0.008521756 0.125380009
v -0.050067883 0.008566346 0.125380009
v -0.0499842875 0.008513762 0.125380009
v -0.05010625 0.008528549 0.125380009
v -0.05001194 0.008492444 0.125380009
v -0.0500347242 0.00846594 0.125380009
v -0.0501364246 0.008483923 0.125380009
v -0.0500523746 0.008435771 0.125380009
v -0.0501584075 0.008434741 0.125380009
v -0.05006435 0.008402949 0.125380009
v -0.05017144 0.008382436 0.125380009
v -0.05007308 0.008333735 0.125380009
v -0.0501756445 0.00832872652 0.125380009
v -0.050171338 0.008275619 0.125380009
v -0.05006554 0.008264288 0.125380009
v -0.0501575656 0.008224145 0.125380009
v -0.0500545651 0.008231092 0.125380009
v -0.0501349419 0.008175905 0.125380009
v -0.0500374623 0.008200614 0.125380009
v -0.0500140674 0.008174641 0.125380009
v -0.0501038171 0.008132683 0.125380009
v -0.04998615 0.008153611 0.125380009
v -0.0500649177 0.008096304 0.125380009
v -0.04995419 0.008139525 0.125380009
v -0.050019335 0.008068734 0.125380009
v -0.0499691144 0.00805098 0.125380009
v -0.0499196351 0.008134617 0.125380009
v -0.0499162264 0.008044872 0.125380009
v -0.0498829633 0.008047182 0.125380009
v -0.0498504452 0.00805452652 0.125380009
v -0.0498845242 0.008139392 0.125380009
v -0.04981964 0.00806729 0.125380009
v -0.0497912169 0.008084707 0.125380009
v -0.04985177 0.008152993 0.125380009
v -0.0497435033 0.008131115 0.125380009
v -0.04982234 0.008172777 0.125380009
v -0.0497974381 0.008198023 0.125380009
v -0.04977817 0.008227815 0.125380009
v -0.050172 0.008279706 0.1253872
v -0.0501756445 0.00832872652 0.125380009
v -0.0501756445 0.00832872652 0.125390008
v -0.050171338 0.008275619 0.125390008
v -0.050171338 0.008275619 0.125380009
v -0.0501603074 0.008231955 0.1253872
v -0.0501575656 0.008224145 0.125390008
v -0.0501575656 0.008224145 0.125380009
v -0.05014097 0.008186767 0.1253872
v -0.0501349419 0.008175905 0.125390008
v -0.0501349419 0.008175905 0.125380009
v -0.05011438 0.008145437 0.1253872
v -0.0501038171 0.008132683 0.125390008
v -0.0501038171 0.008132683 0.125380009
v -0.0500808954 0.00810944848 0.1253872
v -0.0500649177 0.008096304 0.125390008
v -0.0500649177 0.008096304 0.125380009
v -0.0500412323 0.0080804415 0.1253872
v -0.050019335 0.008068734 0.125390008
v -0.050019335 0.008068734 0.125380009
v -0.0499968678 0.008059328 0.1253872
v -0.0499691144 0.00805098 0.125390008
v -0.0499691144 0.00805098 0.125380009
v -0.0499492362 0.00804727 0.1253872
v -0.0499162264 0.008044872 0.125390008
v -0.0499162264 0.008044872 0.125380009
v -0.04991903 0.008621795 0.125380009
v -0.04991903 0.008621795 0.125390008
v -0.0499583781 0.00861818 0.1253872
v -0.0499724224 0.008615037 0.125380009
v -0.0499724224 0.008615037 0.125390008
v -0.04999637 0.00860727951 0.1253872
v -0.0500226319 0.008595549 0.125380009
v -0.0500226319 0.008595549 0.125390008
v -0.0500321425 0.008590466 0.1253872
v -0.050067883 0.008566346 0.125380009
v -0.050067883 0.008566346 0.125390008
v -0.0500650555 0.008568585 0.1253872
v -0.05009433 0.008542027 0.1253872
v -0.05010625 0.008528549 0.125380009
v -0.05010625 0.008528549 0.125390008
v -0.0501193 0.008511387 0.1253872
v -0.0501364246 0.008483923 0.125380009
v -0.050156 0.008441538 0.1253872
v -0.0501364246 0.008483923 0.125390008
v -0.0501584075 0.008434741 0.125380009
v -0.0501584075 0.008434741 0.125390008
v -0.05017144 0.008382436 0.125380009
v -0.05017144 0.008382436 0.125390008
v -0.0501734763 0.008367429 0.1253872
v -0.0501756445 0.00832872652 0.125380009
v -0.0501756445 0.00832872652 0.125390008
v -0.0497134663 0.008487327 0.1253872
v -0.0497070923 0.008475762 0.125380009
v -0.0497070923 0.008475762 0.125390008
v -0.0497434251 0.008532956 0.125390008
v -0.0497434251 0.008532956 0.125380009
v -0.0497497469 0.008540584 0.1253872
v -0.04976623 0.008558074 0.125390008
v -0.04976623 0.008558074 0.125380009
v -0.04977227 0.00856369548 0.1253872
v -0.0497922823 0.008579781 0.125390008
v -0.0497922823 0.008579781 0.125380009
v -0.0497977 0.008583564 0.1253872
v -0.0498211458 0.008597607 0.125390008
v -0.0498211458 0.008597607 0.125380009
v -0.049825564 0.008599844 0.1253872
v -0.0498523377 0.008610884 0.125390008
v -0.0498523377 0.008610884 0.125380009
v -0.0498554744 0.008611923 0.1253872
v -0.0498852246 0.008619212 0.125390008
v -0.0498852246 0.008619212 0.125380009
v -0.0498868525 0.008619459 0.1253872
v -0.04991903 0.008621795 0.125390008
v -0.04991903 0.008621795 0.125380009
v -0.0491283 0.008398717 0.1253872
v -0.04912436 0.008334735 0.125380009
v -0.04912436 0.008334735 0.125390008
v -0.0491282977 0.008398717 0.125380009
v -0.0491282977 0.008398717 0.125390008
v -0.0491416752 0.008461379 0.125380009
v -0.0491416752 0.008461379 0.1253872
v -0.0491416752 0.008461379 0.125390008
v -0.04916686 0.00852023251 0.125380009
v -0.04916686 0.00852023251 0.1253872
v -0.04916686 0.00852023251 0.125390008
v -0.0492048636 0.008571733 0.125380009
v -0.0492048636 0.008571733 0.1253872
v -0.0492048636 0.008571733 0.125390008
v -0.04925344 0.008613499 0.125380009
v -0.04925344 0.008613499 0.1253872
v -0.04925344 0.008613499 0.125390008
v -0.0493087322 0.008645834 0.125380009
v -0.0493087322 0.008645834 0.1253872
v -0.0493087322 0.008645834 0.125390008
v -0.0493693948 0.008666242 0.125380009
v -0.0493693948 0.008666242 0.1253872
v -0.0493693948 0.008666242 0.125390008
v -0.0494330563 0.008673077 0.125380009
v -0.0494330563 0.008673077 0.125390008
v -0.0492341369 0.008069311 0.125380009
v -0.0492341369 0.008069311 0.125390008
v -0.04922542 0.008077286 0.1253872
v -0.0491838157 0.008123706 0.125380009
v -0.0491838157 0.008123706 0.125390008
v -0.0491846576 0.00812253 0.1253872
v -0.049154602 0.008175513 0.1253872
v -0.0491490066 0.008189108 0.125380009
v -0.0491490066 0.008189108 0.125390008
v -0.0491353571 0.008233331 0.1253872
v -0.0491299257 0.008260751 0.125380009
v -0.0491299257 0.008260751 0.125390008
v -0.04912611 0.008293577 0.1253872
v -0.04912436 0.008334735 0.125380009
v -0.04912436 0.008334735 0.125390008
v -0.0494412668 0.00799359 0.125380009
v -0.0494412668 0.00799359 0.125390008
v -0.04943164 0.007993829 0.1253872
v -0.0493851975 0.007998259 0.125380009
v -0.0493851975 0.007998259 0.125390008
v -0.0493851677 0.007998263 0.1253872
v -0.0493398272 0.00800940953 0.1253872
v -0.0493308 0.00801258 0.125380009
v -0.0493308 0.00801258 0.125390008
v -0.0492967628 0.008027457 0.1253872
v -0.04928 0.008036733 0.125380009
v -0.04928 0.008036733 0.125390008
v -0.0492567867 0.008051615 0.1253872
v -0.0492341369 0.008069311 0.125380009
v -0.0492341369 0.008069311 0.125390008
v -0.0496621355 0.008112443 0.1253872
v -0.0497070923 0.008186899 0.125380009
v -0.0497070923 0.008186899 0.125390008
v -0.04966213 0.008112443 0.125380009
v -0.04966213 0.008112443 0.125390008
v -0.0496344268 0.008078892 0.125380009
v -0.0496344268 0.008078892 0.1253872
v -0.0496344268 0.008078892 0.125390008
v -0.0496027768 0.008049054 0.125380009
v -0.0496027768 0.008049054 0.1253872
v -0.0496027768 0.008049054 0.125390008
v -0.0495666079 0.008024907 0.125380009
v -0.04956661 0.008024907 0.1253872
v -0.0495666079 0.008024907 0.125390008
v -0.0495268479 0.008007302 0.125380009
v -0.0495268479 0.008007302 0.1253872
v -0.0495268479 0.008007302 0.125390008
v -0.04948465 0.007996795 0.125380009
v -0.0494846553 0.007996795 0.1253872
v -0.04948465 0.007996795 0.125390008
v -0.0494412668 0.00799359 0.125380009
v -0.0494412668 0.00799359 0.125390008
v -0.0499053821 0.00804532 0.1253872
v -0.0499162264 0.008044872 0.125390008
v -0.0498829633 0.008047182 0.125390008
v -0.04985172 0.008054122 0.1253872
v -0.0499162264 0.008044872 0.125380009
v -0.0498829633 0.008047182 0.125380009
v -0.0498504452 0.00805452652 0.125390008
v -0.0498504452 0.00805452652 0.125380009
v -0.04981964 0.00806729 0.125390008
v -0.04981964 0.00806729 0.125380009
v -0.0498023927 0.008077091 0.1253872
v -0.0497912169 0.008084707 0.125390008
v -0.0497912169 0.008084707 0.125380009
v -0.0497604944 0.008111821 0.1253872
v -0.0497435033 0.008131115 0.125390008
v -0.0497435033 0.008131115 0.125380009
v -0.04972646 0.008154353 0.1253872
v -0.0497070923 0.008186899 0.125390008
v -0.0497070923 0.008186899 0.125380009
v -0.049150005 0.007769231 0.125385
v -0.04915 0.00772435963 0.125380009
v -0.04915 0.00772435963 0.125390008
v -0.04915 0.007814103 0.125390008
v -0.04915 0.007814103 0.125380009
v -0.04939129 0.00772435963 0.125385
v -0.0496325754 0.00772435963 0.125380009
v -0.0496325754 0.00772435963 0.125390008
v -0.04915 0.00772435963 0.125390008
v -0.04915 0.00772435963 0.125380009
v -0.04939129 0.00749248825 0.125385
v -0.04915 0.00726061733 0.125380009
v -0.04915 0.00726061733 0.125390008
v -0.0496325754 0.00772435963 0.125390008
v -0.0496325754 0.00772435963 0.125380009
v -0.049150005 0.007200822 0.125385
v -0.04915 0.00714102574 0.125380009
v -0.04915 0.00714102574 0.125390008
v -0.04915 0.00726061733 0.125390008
v -0.04915 0.00726061733 0.125380009
v -0.0494256429 0.00740594976 0.125385
v -0.0497012846 0.007670874 0.125380009
v -0.0497012846 0.007670874 0.125390008
v -0.04915 0.00714102574 0.125390008
v -0.04915 0.00714102574 0.125380009
v -0.049925644 0.00742518064 0.125385
v -0.0501500033 0.0071794875 0.125380009
v -0.0501500033 0.0071794875 0.125390008
v -0.0497012846 0.007670874 0.125390008
v -0.0497012846 0.007670874 0.125380009
v -0.0501500033 0.00724349 0.125385
v -0.0501500033 0.007307492 0.125380009
v -0.0501500033 0.007307492 0.125390008
v -0.0501500033 0.0071794875 0.125390008
v -0.0501500033 0.0071794875 0.125380009
v -0.0499596 0.007515926 0.125385
v -0.0497691929 0.00772435963 0.125380009
v -0.0497691929 0.00772435963 0.125390008
v -0.0501500033 0.007307492 0.125390008
v -0.0501500033 0.007307492 0.125380009
v -0.0499596 0.00772435963 0.125385
v -0.0501500033 0.00772435963 0.125380009
v -0.0501500033 0.00772435963 0.125390008
v -0.0497691929 0.00772435963 0.125390008
v -0.0497691929 0.00772435963 0.125380009
v -0.0501500033 0.007769231 0.125385
v -0.0501500033 0.007814103 0.125380009
v -0.0501500033 0.007814103 0.125390008
v -0.0501500033 0.00772435963 0.125390008
v -0.0501500033 0.00772435963 0.125380009
v -0.0496500023 0.007814103 0.125385
v -0.04915 0.007814103 0.125390008
v -0.0501500033 0.007814103 0.125390008
v -0.0501500033 0.007814103 0.125380009
v -0.04915 0.007814103 0.125380009
v -0.05750333 0.006314367 0.125385
v -0.0573404245 0.005878734 0.125380009
v -0.0573404245 0.005878734 0.125390008
v -0.05766624 0.00675000064 0.125390008
v -0.05766624 0.00675000064 0.125380009
v -0.05727626 0.00568319857 0.125385
v -0.0572746769 0.00568319857 0.125380009
v -0.0572746769 0.00568319857 0.125390008
v -0.0572778434 0.00568319857 0.125390008
v -0.0572778434 0.00568319857 0.125380009
v -0.05705248 0.006314367 0.125385
v -0.05689359 0.00675000064 0.125380009
v -0.05689359 0.00675000064 0.125390008
v -0.0572113656 0.005878734 0.125390008
v -0.0572113656 0.005878734 0.125380009
v -0.05680751 0.00675000064 0.125385
v -0.05672143 0.00675000064 0.125380009
v -0.05672143 0.00675000064 0.125390008
v -0.05689359 0.00675000064 0.125390008
v -0.05689359 0.00675000064 0.125380009
v -0.0569522753 0.00615000026 0.125385
v -0.05718312 0.00555000035 0.125380009
v -0.05718312 0.00555000035 0.125390008
v -0.05672143 0.00675000064 0.125390008
v -0.05672143 0.00675000064 0.125380009
v -0.0572771132 0.00555000035 0.125385
v -0.057371106 0.00555000035 0.125380009
v -0.057371106 0.00555000035 0.125390008
v -0.05718312 0.00555000035 0.125390008
v -0.05718312 0.00555000035 0.125380009
v -0.0575995147 0.00615000026 0.125385
v -0.0578279272 0.00675000064 0.125380009
v -0.0578279272 0.00675000064 0.125390008
v -0.057371106 0.00555000035 0.125390008
v -0.057371106 0.00555000035 0.125380009
v -0.05774708 0.00675000064 0.125385
v -0.05766624 0.00675000064 0.125390008
v -0.0578279272 0.00675000064 0.125390008
v -0.0578279272 0.00675000064 0.125380009
v -0.05766624 0.00675000064 0.125380009
v -0.0564876646 0.00675000064 0.125385
v -0.0564097427 0.00675000064 0.125380009
v -0.0564097427 0.00675000064 0.125390008
v -0.0565655865 0.00675000064 0.125390008
v -0.0565655865 0.00675000064 0.125380009
v -0.0564097427 0.00650064973 0.125385
v -0.0564097427 0.006251299 0.125380009
v -0.0564097427 0.006251299 0.125390008
v -0.0564097427 0.00675000064 0.125390008
v -0.0564097427 0.00675000064 0.125380009
v -0.0560980551 0.006251299 0.125385
v -0.0557863675 0.006251299 0.125380009
v -0.0557863675 0.006251299 0.125390008
v -0.0564097427 0.006251299 0.125390008
v -0.0564097427 0.006251299 0.125380009
v -0.0557863675 0.00650064973 0.125385
v -0.0557863675 0.00675000064 0.125380009
v -0.0557863675 0.00675000064 0.125390008
v -0.0557863675 0.006251299 0.125390008
v -0.0557863675 0.006251299 0.125380009
v -0.0557084456 0.00675000064 0.125385
v -0.0556305237 0.00675000064 0.125380009
v -0.0556305237 0.00675000064 0.125390008
v -0.0557863675 0.00675000064 0.125390008
v -0.0557863675 0.00675000064 0.125380009
v -0.0556305237 0.00615000026 0.125385
v -0.0556305237 0.00555000035 0.125380009
v -0.0556305237 0.00555000035 0.125390008
v -0.0556305237 0.00675000064 0.125390008
v -0.0556305237 0.00675000064 0.125380009
v -0.0557084456 0.00555000035 0.125385
v -0.0557863675 0.00555000035 0.125380009
v -0.0557863675 0.00555000035 0.125390008
v -0.0556305237 0.00555000035 0.125390008
v -0.0556305237 0.00555000035 0.125380009
v -0.0557863675 0.00583052 0.125385
v -0.0557863675 0.00611103931 0.125380009
v -0.0557863675 0.00611103931 0.125390008
v -0.0557863675 0.00555000035 0.125390008
v -0.0557863675 0.00555000035 0.125380009
v -0.0560980551 0.00611103931 0.125385
v -0.0564097427 0.00611103931 0.125380009
v -0.0564097427 0.00611103931 0.125390008
v -0.0557863675 0.00611103931 0.125390008
v -0.0557863675 0.00611103931 0.125380009
v -0.0564097427 0.00583052 0.125385
v -0.0564097427 0.00555000035 0.125380009
v -0.0564097427 0.00555000035 0.125390008
v -0.0564097427 0.00611103931 0.125390008
v -0.0564097427 0.00611103931 0.125380009
v -0.0564876646 0.00555000035 0.125385
v -0.0565655865 0.00555000035 0.125380009
v -0.0565655865 0.00555000035 0.125390008
v -0.0564097427 0.00555000035 0.125390008
v -0.0564097427 0.00555000035 0.125380009
v -0.0565655865 0.00615000026 0.125385
v -0.0565655865 0.00675000064 0.125390008
v -0.0565655865 0.00555000035 0.125390008
v -0.0565655865 0.00555000035 0.125380009
v -0.0565655865 0.00675000064 0.125380009
v -0.05521717 0.006364773 0.125385
v -0.055120375 0.005979546 0.125380009
v -0.055120375 0.005979546 0.125390008
v -0.0553139634 0.00675000064 0.125390008
v -0.0553139634 0.00675000064 0.125380009
v -0.0550601073 0.005718507 0.125385
v -0.055058524 0.005718507 0.125380009
v -0.055058524 0.005718507 0.125390008
v -0.05506169 0.005718507 0.125390008
v -0.05506169 0.005718507 0.125380009
v -0.0549785458 0.00610687351 0.1253872
v -0.05496867 0.00614391267 0.125380009
v -0.05496867 0.00614391267 0.125390008
v -0.0549961552 0.00603867043 0.125380009
v -0.0549961552 0.00603867043 0.125390008
v -0.0550205633 0.00593267567 0.125380009
v -0.0550205633 0.00593267567 0.125390008
v -0.05504223 0.00582133466 0.1253872
v -0.0550414324 0.00582592469 0.125390008
v -0.0550414324 0.00582592469 0.125380009
v -0.055058524 0.005718507 0.125390008
v -0.055058524 0.005718507 0.125380009
v -0.0548860021 0.00644695666 0.125385
v -0.05480333 0.00675000064 0.125380009
v -0.05480333 0.00675000064 0.125390008
v -0.05496867 0.00614391267 0.125390008
v -0.05496867 0.00614391267 0.125380009
v -0.0547065362 0.00675000064 0.125385
v -0.054609742 0.00675000064 0.125380009
v -0.054609742 0.00675000064 0.125390008
v -0.05480333 0.00675000064 0.125390008
v -0.05480333 0.00675000064 0.125380009
v -0.0544903 0.006345536 0.125385
v -0.05437086 0.00594107155 0.125380009
v -0.05437086 0.00594107155 0.125390008
v -0.054609742 0.00675000064 0.125390008
v -0.054609742 0.00675000064 0.125380009
v -0.0543197654 0.0057310164 0.1253872
v -0.05431705 0.005718507 0.125380009
v -0.05431705 0.005718507 0.125390008
v -0.0543186963 0.00572610926 0.125390008
v -0.0543186963 0.00572610926 0.125380009
v -0.054320354 0.00573371025 0.125390008
v -0.054320354 0.00573371025 0.125380009
v -0.0543322451 0.00578573067 0.125380009
v -0.0543322451 0.00578573067 0.125390008
v -0.05434427 0.005837721 0.125380009
v -0.05434427 0.005837721 0.125390008
v -0.0543569326 0.00588956 0.125390008
v -0.054365512 0.00592193659 0.1253872
v -0.05437086 0.00594107155 0.125390008
v -0.0543569326 0.00588956 0.125380009
v -0.05437086 0.00594107155 0.125380009
v -0.0543153435 0.005718507 0.125385
v -0.0543136373 0.005718507 0.125380009
v -0.0543136373 0.005718507 0.125390008
v -0.05431705 0.005718507 0.125390008
v -0.05431705 0.005718507 0.125380009
v -0.05417192 0.00635649357 0.125385
v -0.0540789 0.00675000064 0.125380009
v -0.0540789 0.00675000064 0.125390008
v -0.0542649366 0.00596298743 0.125390008
v -0.0542649366 0.00596298743 0.125380009
v -0.05399757 0.00675000064 0.125385
v -0.05391624 0.00675000064 0.125380009
v -0.05391624 0.00675000064 0.125390008
v -0.0540789 0.00675000064 0.125390008
v -0.0540789 0.00675000064 0.125380009
v -0.0540770739 0.00615000026 0.125385
v -0.05423791 0.00555000035 0.125380009
v -0.05423791 0.00555000035 0.125390008
v -0.05391624 0.00675000064 0.125390008
v -0.05391624 0.00675000064 0.125380009
v -0.05431863 0.00555000035 0.125385
v -0.0543993525 0.00555000035 0.125380009
v -0.0543993525 0.00555000035 0.125390008
v -0.05423791 0.00555000035 0.125390008
v -0.05423791 0.00555000035 0.125380009
v -0.0545321852 0.006006453 0.125385
v -0.0546650179 0.00646290649 0.125380009
v -0.0546650179 0.00646290649 0.125390008
v -0.0543993525 0.00555000035 0.125390008
v -0.0543993525 0.00555000035 0.125380009
v -0.05468243 0.00653413171 0.125385
v -0.0546998419 0.0066053574 0.125380009
v -0.0546998419 0.0066053574 0.125390008
v -0.0546650179 0.00646290649 0.125390008
v -0.0546650179 0.00646290649 0.125380009
v -0.0547015443 0.0066053574 0.125385
v -0.05470325 0.0066053574 0.125380009
v -0.05470325 0.0066053574 0.125390008
v -0.0546998419 0.0066053574 0.125390008
v -0.0546998419 0.0066053574 0.125380009
v -0.0548562929 0.006022403 0.125385
v -0.05498377 0.00555000035 0.125380009
v -0.05498377 0.00555000035 0.125390008
v -0.0547288172 0.006494805 0.125390008
v -0.0547288172 0.006494805 0.125380009
v -0.0550663173 0.00555000035 0.125385
v -0.055148866 0.00555000035 0.125380009
v -0.055148866 0.00555000035 0.125390008
v -0.05498377 0.00555000035 0.125390008
v -0.05498377 0.00555000035 0.125380009
v -0.055311773 0.00615000026 0.125385
v -0.05547468 0.00675000064 0.125380009
v -0.0554746762 0.00675000064 0.125390008
v -0.055148866 0.00555000035 0.125390008
v -0.055148866 0.00555000035 0.125380009
v -0.05539432 0.00675000064 0.125385
v -0.0553139634 0.00675000064 0.125390008
v -0.0554746762 0.00675000064 0.125390008
v -0.05547468 0.00675000064 0.125380009
v -0.0553139634 0.00675000064 0.125380009
v -0.0534757674 0.006099942 0.125380009
v -0.0535153374 0.0061120363 0.1253872
v -0.0535216071 0.006114769 0.125380009
v -0.0535429046 0.00612610858 0.125380009
v -0.0534724072 0.00609930325 0.1253872
v -0.0534277633 0.006095455 0.125380009
v -0.0534277633 0.006095455 0.125390008
v -0.0534757674 0.006099942 0.125390008
v -0.0535216071 0.006114769 0.125390008
v -0.0535429046 0.00612610858 0.125390008
v -0.0535543337 0.006133996 0.1253872
v -0.0535623655 0.006140376 0.125380009
v -0.0535623655 0.006140376 0.125390008
v -0.05358702 0.00616462436 0.1253872
v -0.0535956435 0.006175231 0.125380009
v -0.05359564 0.006175231 0.125390008
v -0.05361296 0.006201154 0.1253872
v -0.05362111 0.00621617259 0.125380009
v -0.05362111 0.00621617259 0.125390008
v -0.0536322147 0.006241615 0.1253872
v -0.053638678 0.006261075 0.125380009
v -0.0536386743 0.006261075 0.125390008
v -0.05364438 0.00628474 0.1253872
v -0.0536482371 0.006308353 0.125380009
v -0.0536482334 0.006308353 0.125390008
v -0.0536503568 0.006329172 0.1253872
v -0.0536513031 0.00635649357 0.125380009
v -0.0536513031 0.00635649357 0.125390008
v -0.0536513031 0.00635649357 0.125380009
v -0.0536385253 0.00645242445 0.1253872
v -0.0536385253 0.00645242445 0.125380009
v -0.0536513031 0.00635649357 0.125390008
v -0.053621348 0.006497765 0.125380009
v -0.0536385253 0.00645242445 0.125390008
v -0.053621348 0.006497765 0.1253872
v -0.05359637 0.006539326 0.125380009
v -0.053621348 0.006497765 0.125390008
v -0.05359637 0.006539326 0.1253872
v -0.0535639226 0.006575379 0.125380009
v -0.05359637 0.006539326 0.125390008
v -0.0535639226 0.006575379 0.1253872
v -0.0535242744 0.006603204 0.125380009
v -0.0535639226 0.006575379 0.125390008
v -0.0535242744 0.006603204 0.1253872
v -0.0534788519 0.006620018 0.125380009
v -0.0535242744 0.006603204 0.125390008
v -0.0534788519 0.006620018 0.1253872
v -0.0534306839 0.006625325 0.125380009
v -0.0534788519 0.006620018 0.125390008
v -0.0534306839 0.006625325 0.125390008
v -0.05320224 0.00630102353 0.1253872
v -0.0531993546 0.00634529255 0.125380009
v -0.05319935 0.00634529255 0.125390008
v -0.0532026663 0.00629811827 0.125390008
v -0.0532026663 0.00629811827 0.125380009
v -0.0532117337 0.00625769049 0.1253872
v -0.05321355 0.006252108 0.125390008
v -0.05321355 0.006252108 0.125380009
v -0.05322858 0.006216657 0.1253872
v -0.0532327741 0.006208913 0.125390008
v -0.0532327741 0.006208913 0.125380009
v -0.05325292 0.00617960561 0.1253872
v -0.0532605052 0.00617064442 0.125390008
v -0.0532605052 0.00617064442 0.125380009
v -0.0532836951 0.00614766963 0.1253872
v -0.0532950833 0.00613841228 0.125390008
v -0.0532950833 0.00613841228 0.125380009
v -0.05331995 0.006122156 0.1253872
v -0.05333574 0.00611436833 0.125390008
v -0.05333574 0.00611436833 0.125380009
v -0.0533607677 0.006104832 0.1253872
v -0.05338072 0.006099944 0.125390008
v -0.05338072 0.006099944 0.125380009
v -0.05340431 0.00609641429 0.1253872
v -0.0534277633 0.006095455 0.125390008
v -0.0534277633 0.006095455 0.125380009
v -0.0534039 0.00565909129 0.125380009
v -0.0534039 0.00565909129 0.125390008
v -0.05343882 0.005661472 0.1253872
v -0.0534404479 0.00566169433 0.125380009
v -0.0534404479 0.00566169433 0.125390008
v -0.0534729958 0.005669023 0.1253872
v -0.05347613 0.00567002967 0.125380009
v -0.05347613 0.00567002967 0.125390008
v -0.05350538 0.005682285 0.1253872
v -0.053509742 0.00568459649 0.125380009
v -0.053509742 0.00568459649 0.125390008
v -0.0535349622 0.00570097752 0.1253872
v -0.05354014 0.005705037 0.125380009
v -0.05354014 0.005705037 0.125390008
v -0.0535610653 0.005724295 0.1253872
v -0.0535666421 0.0057303356 0.125380009
v -0.0535666421 0.0057303356 0.125390008
v -0.0535833575 0.005751279 0.1253872
v -0.0535889827 0.00575938262 0.125380009
v -0.0535889827 0.00575938262 0.125390008
v -0.05361794 0.00581206055 0.1253872
v -0.05362315 0.005824133 0.125380009
v -0.05362315 0.005824133 0.125390008
v -0.0536445566 0.00588805461 0.1253872
v -0.0536602363 0.00596560957 0.125380009
v -0.0536602363 0.00596560957 0.125390008
v -0.0536604337 0.005967017 0.1253872
v -0.0536691174 0.00606132625 0.1253872
v -0.0536700524 0.00611177 0.125380009
v -0.05367005 0.00611177 0.125390008
v -0.0532179251 0.00583140738 0.1253872
v -0.0532149374 0.005846104 0.125380009
v -0.0532149374 0.005846104 0.125390008
v -0.0532340966 0.0057753 0.125390008
v -0.0532340966 0.0057753 0.125380009
v -0.0532385 0.005764947 0.1253872
v -0.0532502 0.00574229844 0.125390008
v -0.0532502 0.00574229844 0.125380009
v -0.0532551371 0.005734327 0.1253872
v -0.05327168 0.005712515 0.125390008
v -0.05327168 0.005712515 0.125380009
v -0.05327681 0.005707043 0.1253872
v -0.0532992929 0.005688355 0.125390008
v -0.0532992929 0.005688355 0.125380009
v -0.053304 0.00568527263 0.1253872
v -0.05333181 0.005671341 0.125390008
v -0.05333181 0.005671341 0.125380009
v -0.0533353277 0.00567002455 0.1253872
v -0.0533672869 0.00566191459 0.125390008
v -0.0533672869 0.00566191459 0.125380009
v -0.0533691421 0.00566164544 0.1253872
v -0.0534039 0.00565909129 0.125390008
v -0.0534039 0.00565909129 0.125380009
v -0.0531370156 0.00584038161 0.125385
v -0.0530590937 0.00583465956 0.125380009
v -0.0530590937 0.00583465956 0.125390008
v -0.0532149374 0.005846104 0.125390008
v -0.0532149374 0.005846104 0.125380009
v -0.05341656 0.00675000064 0.125380009
v -0.05341656 0.00675000064 0.125390008
v -0.05348183 0.00674479362 0.1253872
v -0.0535149239 0.006737466 0.125380009
v -0.0535149239 0.006737466 0.125390008
v -0.05354512 0.006728011 0.1253872
v -0.0535619967 0.00672151335 0.125380009
v -0.0535619929 0.00672151335 0.125390008
v -0.0536043979 0.006700254 0.1253872
v -0.0536063462 0.00669910852 0.125380009
v -0.0536063462 0.00669910852 0.125390008
v -0.0536579639 0.00666261557 0.1253872
v -0.05368494 0.006638526 0.125380009
v -0.05368494 0.006638526 0.125390008
v -0.0537053756 0.006617422 0.1253872
v -0.0537184365 0.006601831 0.125380009
v -0.0537184365 0.006601831 0.125390008
v -0.0537440181 0.006564567 0.1253872
v -0.05374631 0.006560673 0.125380009
v -0.0537463054 0.006560673 0.125390008
v -0.0537726767 0.00650567748 0.1253872
v -0.05378542 0.00646944158 0.125380009
v -0.05378542 0.00646944158 0.125390008
v -0.05379294 0.006443375 0.1253872
v -0.0538080558 0.006372688 0.125380009
v -0.0538080558 0.006372688 0.125390008
v -0.0538208745 0.00624909438 0.1253872
v -0.05382273 0.006174594 0.125390008
v -0.05382273 0.006174594 0.125380009
v -0.0530482 0.00641776249 0.1253872
v -0.053043507 0.00634577964 0.125380009
v -0.053043507 0.00634577964 0.125390008
v -0.0530488864 0.006422677 0.125390008
v -0.0530488864 0.006422677 0.125380009
v -0.0530632325 0.006488299 0.1253872
v -0.0530662537 0.006497751 0.125390008
v -0.0530662537 0.006497751 0.125380009
v -0.0530905947 0.006555008 0.1253872
v -0.0530976653 0.00656810449 0.125390008
v -0.0530976653 0.00656810449 0.125380009
v -0.0531297736 0.006615505 0.1253872
v -0.05314261 0.00663064 0.125390008
v -0.05314261 0.00663064 0.125380009
v -0.05317988 0.00666735834 0.1253872
v -0.05319921 0.00668290444 0.125390008
v -0.05319921 0.00668290444 0.125380009
v -0.05323924 0.006708204 0.1253872
v -0.05326601 0.00672120973 0.125390008
v -0.05326601 0.00672120973 0.125380009
v -0.0533060357 0.006735215 0.1253872
v -0.05333981 0.006743259 0.125390008
v -0.05333981 0.006743259 0.125380009
v -0.0533769168 0.00674834 0.1253872
v -0.05341656 0.00675000064 0.125390008
v -0.05341656 0.00675000064 0.125380009
v -0.0536668859 0.00611177 0.125380009
v -0.0536668859 0.00611177 0.125390008
v -0.0536594354 0.006100455 0.1253872
v -0.05361524 0.00604702672 0.125380009
v -0.0536152348 0.00604702672 0.125390008
v -0.0536155254 0.00604730472 0.1253872
v -0.05356125 0.006004697 0.1253872
v -0.0535489768 0.00599728245 0.125380009
v -0.0535489768 0.00599728245 0.125390008
v -0.053499382 0.00597418938 0.1253872
v -0.053472437 0.00596561 0.125380009
v -0.053472437 0.00596561 0.125390008
v -0.05343238 0.00595784374 0.1253872
v -0.05339026 0.005955195 0.125380009
v -0.05339026 0.005955195 0.125390008
v -0.05366847 0.00611177 0.125385
v -0.05367005 0.00611177 0.125390008
v -0.0536668859 0.00611177 0.125390008
v -0.0536668859 0.00611177 0.125380009
v -0.0536700524 0.00611177 0.125380009
v -0.05217772 0.00569026 0.125385
v -0.0520461053 0.00569026 0.125380009
v -0.0520461053 0.00569026 0.125390008
v -0.0523093343 0.00569026 0.125390008
v -0.0523093343 0.00569026 0.125380009
v -0.0525655374 0.006559906 0.1253872
v -0.05256651 0.00655932538 0.125380009
v -0.05260282 0.006532557 0.125380009
v -0.05252629 0.00657982659 0.125380009
v -0.0526083 0.006527522 0.1253872
v -0.0526340343 0.00649995 0.125380009
v -0.052517347 0.006583576 0.1253872
v -0.0524837747 0.00659495639 0.125380009
v -0.05260282 0.006532557 0.125390008
v -0.05256651 0.00655932538 0.125390008
v -0.05252629 0.00657982659 0.125390008
v -0.0526340343 0.00649995 0.125390008
v -0.0524837747 0.00659495639 0.125390008
v -0.05264164 0.006490469 0.1253872
v -0.0526695028 0.00644912664 0.1253872
v -0.05268289 0.0064242 0.125380009
v -0.05268289 0.0064242 0.125390008
v -0.0527083874 0.006357533 0.1253872
v -0.05271313 0.00633927435 0.125380009
v -0.05271313 0.00633927435 0.125390008
v -0.0527263843 0.006259525 0.1253872
v -0.05273182 0.006159984 0.125380009
v -0.05273182 0.006159984 0.125390008
v -0.0524660125 0.00659922231 0.1253872
v -0.05241278 0.00660618255 0.1253872
v -0.0523042232 0.00660974067 0.125390008
v -0.0523042232 0.00660974067 0.125380009
v -0.0523433536 0.00660928059 0.1253872
v -0.0521751642 0.00660974067 0.125385
v -0.0523042232 0.00660974067 0.125380009
v -0.0523042232 0.00660974067 0.125390008
v -0.0520461053 0.00660974067 0.125390008
v -0.0520461053 0.00660974067 0.125380009
v -0.0520461053 0.00615000026 0.125385
v -0.0520461053 0.00660974067 0.125380009
v -0.0520461053 0.00660974067 0.125390008
v -0.0520461053 0.00569026 0.125390008
v -0.0520461053 0.00569026 0.125380009
v -0.05271313 0.00633927435 0.125380009
v -0.0528570861 0.006393167 0.125380009
v -0.0528810434 0.006276031 0.125380009
v -0.052811224 0.00650357269 0.125380009
v -0.05273182 0.006159984 0.125380009
v -0.05268289 0.0064242 0.125380009
v -0.0528876632 0.006156575 0.125380009
v -0.05274393 0.006602266 0.125380009
v -0.0526340343 0.00649995 0.125380009
v -0.0527016558 0.00664459355 0.125380009
v -0.05260282 0.006532557 0.125380009
v -0.0526535735 0.006680171 0.125380009
v -0.05256651 0.00655932538 0.125380009
v -0.05260077 0.00670829229 0.125380009
v -0.05252629 0.00657982659 0.125380009
v -0.0525445044 0.00672856625 0.125380009
v -0.0524837747 0.00659495639 0.125380009
v -0.0527146719 0.00597752864 0.125380009
v -0.0528580174 0.005922065 0.125380009
v -0.0528160073 0.005811381 0.125380009
v -0.0526865274 0.00589031167 0.125380009
v -0.0527534932 0.00571090262 0.125380009
v -0.0526407063 0.00581098255 0.125380009
v -0.05271281 0.005667896 0.125380009
v -0.0526102334 0.00577671966 0.125380009
v -0.05266584 0.005631847 0.125380009
v -0.0525739752 0.00574866729 0.125380009
v -0.0526138656 0.00560345 0.125380009
v -0.05253396 0.0057262145 0.125380009
v -0.05255865 0.0055819964 0.125380009
v -0.05249139 0.005709101 0.125380009
v -0.0524429157 0.00555714825 0.125380009
v -0.05240103 0.00569396 0.125380009
v -0.05232468 0.00555000035 0.125380009
v -0.0523093343 0.00569026 0.125380009
v -0.0520461053 0.00569026 0.125380009
v -0.05189026 0.00555000035 0.125380009
v -0.0520461053 0.00660974067 0.125380009
v -0.05189026 0.00675000064 0.125380009
v -0.05230666 0.00675000064 0.125380009
v -0.0523042232 0.00660974067 0.125380009
v -0.05210747 0.00555000035 0.125385
v -0.05232468 0.00555000035 0.125380009
v -0.05232468 0.00555000035 0.125390008
v -0.05189026 0.00555000035 0.125390008
v -0.05189026 0.00555000035 0.125380009
v -0.0528604835 0.00593111943 0.1253872
v -0.0528876632 0.006156575 0.125380009
v -0.0528876632 0.006156575 0.125390008
v -0.0528580174 0.005922065 0.125390008
v -0.0528580174 0.005922065 0.125380009
v -0.05282208 0.00582408346 0.1253872
v -0.0528160073 0.005811381 0.125390008
v -0.0528160073 0.005811381 0.125380009
v -0.05276485 0.005725842 0.1253872
v -0.0527534932 0.00571090262 0.125390008
v -0.0527534932 0.00571090262 0.125380009
v -0.052728124 0.005682417 0.1253872
v -0.0527128056 0.005667896 0.125390008
v -0.05271281 0.005667896 0.125380009
v -0.05268518 0.00564511865 0.1253872
v -0.05266584 0.005631847 0.125390008
v -0.05266584 0.005631847 0.125380009
v -0.0526369661 0.005614938 0.1253872
v -0.0526138656 0.00560345 0.125390008
v -0.0526138656 0.00560345 0.125380009
v -0.0525851846 0.005591362 0.1253872
v -0.05255865 0.0055819964 0.125390008
v -0.05255865 0.0055819964 0.125380009
v -0.0524754077 0.00556189 0.1253872
v -0.0524429157 0.00555714825 0.125390008
v -0.0524429157 0.00555714825 0.125380009
v -0.0523621924 0.00555071561 0.1253872
v -0.05232468 0.00555000035 0.125390008
v -0.05232468 0.00555000035 0.125380009
v -0.05209846 0.00675000064 0.125385
v -0.05189026 0.00675000064 0.125380009
v -0.05189026 0.00675000064 0.125390008
v -0.05230666 0.00675000064 0.125390008
v -0.05230666 0.00675000064 0.125380009
v -0.05189026 0.00615000026 0.125385
v -0.05189026 0.00555000035 0.125390008
v -0.05189026 0.00675000064 0.125390008
v -0.05189026 0.00675000064 0.125380009
v -0.05189026 0.00555000035 0.125380009
v -0.056238316 0.008534417 0.125385
v -0.0558487028 0.008534417 0.125380009
v -0.0558487028 0.008534417 0.125390008
v -0.0566279255 0.008534417 0.125390008
v -0.0566279255 0.008534417 0.125380009
v -0.0558487028 0.008464286 0.125385
v -0.0558487028 0.008394156 0.125380009
v -0.0558487028 0.008394156 0.125390008
v -0.0558487028 0.008534417 0.125390008
v -0.0558487028 0.008534417 0.125380009
v -0.05614359 0.008394156 0.125385
v -0.0564384758 0.008394156 0.125380009
v -0.0564384758 0.008394156 0.125390008
v -0.0558487028 0.008394156 0.125390008
v -0.0558487028 0.008394156 0.125380009
v -0.0560980551 0.00735000055 0.125385
v -0.056175977 0.00735000055 0.125380009
v -0.056175977 0.00735000055 0.125390008
v -0.0560201332 0.00735000055 0.125390008
v -0.0560201332 0.00735000055 0.125380009
v -0.0566279255 0.008478409 0.125385
v -0.0566279255 0.008534417 0.125390008
v -0.0566279255 0.008422403 0.125390008
v -0.0566279255 0.008422403 0.125380009
v -0.0566279255 0.008534417 0.125380009
v -0.05530325 0.008534417 0.125385
v -0.05491364 0.008534417 0.125380009
v -0.05491364 0.008534417 0.125390008
v -0.05569286 0.008534417 0.125390008
v -0.05569286 0.008534417 0.125380009
v -0.05491364 0.008464286 0.125385
v -0.05491364 0.008394156 0.125380009
v -0.05491364 0.008394156 0.125390008
v -0.05491364 0.008534417 0.125390008
v -0.05491364 0.008534417 0.125380009
v -0.0552085266 0.008394156 0.125385
v -0.0555034131 0.008394156 0.125380009
v -0.0555034131 0.008394156 0.125390008
v -0.05491364 0.008394156 0.125390008
v -0.05491364 0.008394156 0.125380009
v -0.05516299 0.00735000055 0.125385
v -0.0552409142 0.00735000055 0.125380009
v -0.0552409142 0.00735000055 0.125390008
v -0.0550850667 0.00735000055 0.125390008
v -0.0550850667 0.00735000055 0.125380009
v -0.05569286 0.008478409 0.125385
v -0.05569286 0.008534417 0.125390008
v -0.05569286 0.008422403 0.125390008
v -0.05569286 0.008422403 0.125380009
v -0.05569286 0.008534417 0.125380009
v -0.0540478528 0.00749026 0.125385
v -0.05391624 0.00749026 0.125380009
v -0.05391624 0.00749026 0.125390008
v -0.0541794673 0.00749026 0.125390008
v -0.0541794673 0.00749026 0.125380009
v -0.0544356667 0.008359905 0.1253872
v -0.05443664 0.008359325 0.125380009
v -0.0544729531 0.008332556 0.125380009
v -0.05439642 0.008379826 0.125380009
v -0.05447843 0.008327521 0.1253872
v -0.0545041673 0.00829995051 0.125380009
v -0.0543874763 0.008383576 0.1253872
v -0.054353904 0.008394957 0.125380009
v -0.0544729531 0.008332556 0.125390008
v -0.05443664 0.008359325 0.125390008
v -0.05439642 0.008379826 0.125390008
v -0.0545041636 0.00829995051 0.125390008
v -0.054353904 0.008394957 0.125390008
v -0.05451177 0.00829047 0.1253872
v -0.0545396321 0.008249126 0.1253872
v -0.05455302 0.0082242 0.125380009
v -0.05455302 0.0082242 0.125390008
v -0.0545785166 0.008157533 0.1253872
v -0.05458326 0.008139274 0.125380009
v -0.05458326 0.008139274 0.125390008
v -0.0545965135 0.008059526 0.1253872
v -0.0546019524 0.007959984 0.125380009
v -0.0546019524 0.007959984 0.125390008
v -0.05433614 0.008399222 0.1253872
v -0.0542829074 0.008406183 0.1253872
v -0.0541743524 0.00840974 0.125390008
v -0.0541743524 0.00840974 0.125380009
v -0.0542134829 0.00840928 0.1253872
v -0.0540452935 0.00840974 0.125385
v -0.0541743524 0.00840974 0.125380009
v -0.0541743524 0.00840974 0.125390008
v -0.05391624 0.00840974 0.125390008
v -0.05391624 0.00840974 0.125380009
v -0.05391624 0.00795 0.125385
v -0.05391624 0.00840974 0.125380009
v -0.05391624 0.00840974 0.125390008
v -0.05391624 0.00749026 0.125390008
v -0.05391624 0.00749026 0.125380009
v -0.05458326 0.008139274 0.125380009
v -0.05472722 0.008193167 0.125380009
v -0.0547511727 0.008076031 0.125380009
v -0.0546813533 0.008303573 0.125380009
v -0.0546019524 0.007959984 0.125380009
v -0.05455302 0.0082242 0.125380009
v -0.0547577962 0.007956576 0.125380009
v -0.05461406 0.008402266 0.125380009
v -0.0545041673 0.00829995051 0.125380009
v -0.054571785 0.008444594 0.125380009
v -0.0544729531 0.008332556 0.125380009
v -0.0545237027 0.008480171 0.125380009
v -0.05443664 0.008359325 0.125380009
v -0.0544709 0.008508293 0.125380009
v -0.05439642 0.008379826 0.125380009
v -0.0544146337 0.008528566 0.125380009
v -0.054353904 0.008394957 0.125380009
v -0.0545848 0.007777529 0.125380009
v -0.0547281466 0.00772206532 0.125380009
v -0.0546861365 0.00761138136 0.125380009
v -0.0545566566 0.00769031141 0.125380009
v -0.0546236224 0.007510903 0.125380009
v -0.0545108356 0.00761098275 0.125380009
v -0.05458294 0.007467896 0.125380009
v -0.0544803627 0.00757672 0.125380009
v -0.0545359738 0.007431847 0.125380009
v -0.05444411 0.00754866749 0.125380009
v -0.0544839948 0.00740345 0.125380009
v -0.0544040948 0.0075262147 0.125380009
v -0.05442878 0.007381996 0.125380009
v -0.05436152 0.007509101 0.125380009
v -0.054313045 0.00735714845 0.125380009
v -0.0542711578 0.00749396 0.125380009
v -0.054194808 0.00735000055 0.125380009
v -0.0541794673 0.00749026 0.125380009
v -0.05391624 0.00749026 0.125380009
v -0.05376039 0.00735000055 0.125380009
v -0.05391624 0.00840974 0.125380009
v -0.05376039 0.008550001 0.125380009
v -0.05417679 0.008550001 0.125380009
v -0.0541743524 0.00840974 0.125380009
v -0.0539776 0.00735000055 0.125385
v -0.054194808 0.00735000055 0.125380009
v -0.054194808 0.00735000055 0.125390008
v -0.05376039 0.00735000055 0.125390008
v -0.05376039 0.00735000055 0.125380009
v -0.0547306165 0.007731119 0.1253872
v -0.0547577962 0.007956576 0.125380009
v -0.0547577962 0.007956576 0.125390008
v -0.0547281466 0.00772206532 0.125390008
v -0.0547281466 0.00772206532 0.125380009
v -0.05469221 0.007624083 0.1253872
v -0.0546861365 0.00761138136 0.125390008
v -0.0546861365 0.00761138136 0.125380009
v -0.05463498 0.007525842 0.1253872
v -0.0546236224 0.007510903 0.125390008
v -0.0546236224 0.007510903 0.125380009
v -0.0545982569 0.00748241739 0.1253872
v -0.05458294 0.007467896 0.125390008
v -0.05458294 0.007467896 0.125380009
v -0.0545553081 0.007445119 0.1253872
v -0.05453597 0.007431847 0.125390008
v -0.0545359738 0.007431847 0.125380009
v -0.05450709 0.00741493842 0.1253872
v -0.0544839948 0.00740345 0.125390008
v -0.0544839948 0.00740345 0.125380009
v -0.0544553176 0.007391362 0.1253872
v -0.05442878 0.007381996 0.125390008
v -0.05442878 0.007381996 0.125380009
v -0.054345537 0.00736189 0.1253872
v -0.054313045 0.00735714845 0.125390008
v -0.054313045 0.00735714845 0.125380009
v -0.05423232 0.007350716 0.1253872
v -0.054194808 0.00735000055 0.125390008
v -0.054194808 0.00735000055 0.125380009
v -0.05396859 0.008550001 0.125385
v -0.05376039 0.008550001 0.125380009
v -0.05376039 0.008550001 0.125390008
v -0.05417679 0.008550001 0.125390008
v -0.05417679 0.008550001 0.125380009
v -0.05376039 0.00795 0.125385
v -0.05376039 0.00735000055 0.125390008
v -0.05376039 0.008550001 0.125390008
v -0.05376039 0.008550001 0.125380009
v -0.05376039 0.00735000055 0.125380009
v -0.0532772765 0.008565584 0.125385
v -0.05323052 0.008565584 0.125380009
v -0.05323052 0.008565584 0.125390008
v -0.05332403 0.008565584 0.125390008
v -0.05332403 0.008565584 0.125380009
v -0.05287208 0.008269481 0.125390008
v -0.05289322 0.008279473 0.1253872
v -0.05287208 0.008269481 0.125380009
v -0.0529772863 0.008323381 0.125390008
v -0.0529772863 0.008323381 0.125380009
v -0.0530846268 0.008396439 0.1253872
v -0.0530754551 0.008389188 0.125390008
v -0.0530754551 0.008389188 0.125380009
v -0.05316225 0.008469304 0.125390008
v -0.05316225 0.008469304 0.125380009
v -0.0531661324 0.008473678 0.1253872
v -0.05323052 0.008565584 0.125390008
v -0.05323052 0.008565584 0.125380009
v -0.05287208 0.008199351 0.125385
v -0.05287208 0.00812922 0.125380009
v -0.05287208 0.00812922 0.125390008
v -0.05287208 0.008269481 0.125390008
v -0.05287208 0.008269481 0.125380009
v -0.05315861 0.008292267 0.1253872
v -0.0531681851 0.008300649 0.125380009
v -0.0531681851 0.008300649 0.125390008
v -0.05310104 0.008246922 0.125390008
v -0.05310104 0.008246922 0.125380009
v -0.05307423 0.008228772 0.1253872
v -0.0530281179 0.00820134 0.125380009
v -0.0530281179 0.00820134 0.125390008
v -0.05295148 0.008162312 0.125380009
v -0.0529166237 0.008147029 0.1253872
v -0.0529514775 0.008162312 0.125390008
v -0.05287208 0.00812922 0.125380009
v -0.05287208 0.00812922 0.125390008
v -0.0531681851 0.007825325 0.125385
v -0.0531681851 0.00735000055 0.125380009
v -0.0531681851 0.00735000055 0.125390008
v -0.0531681851 0.008300649 0.125390008
v -0.0531681851 0.008300649 0.125380009
v -0.053246107 0.00735000055 0.125385
v -0.05332403 0.00735000055 0.125380009
v -0.05332403 0.00735000055 0.125390008
v -0.0531681851 0.00735000055 0.125390008
v -0.0531681851 0.00735000055 0.125380009
v -0.05332403 0.007957793 0.125385
v -0.05332403 0.008565584 0.125390008
v -0.05332403 0.00735000055 0.125390008
v -0.05332403 0.00735000055 0.125380009
v -0.05332403 0.008565584 0.125380009
v -0.0522601828 0.007899942 0.125380009
v -0.0522997528 0.007912036 0.1253872
v -0.0523060225 0.00791476853 0.125380009
v -0.05232732 0.007926108 0.125380009
v -0.0522568226 0.007899303 0.1253872
v -0.05221218 0.007895455 0.125380009
v -0.05221218 0.007895455 0.125390008
v -0.0522601828 0.007899942 0.125390008
v -0.0523060225 0.00791476853 0.125390008
v -0.05232732 0.007926108 0.125390008
v -0.05233875 0.007933997 0.1253872
v -0.05234678 0.007940376 0.125380009
v -0.05234678 0.007940376 0.125390008
v -0.0523714349 0.007964624 0.1253872
v -0.0523800552 0.007975231 0.125380009
v -0.0523800552 0.007975231 0.125390008
v -0.0523973778 0.008001154 0.1253872
v -0.05240552 0.008016173 0.125380009
v -0.05240552 0.008016173 0.125390008
v -0.05241663 0.008041615 0.1253872
v -0.05242309 0.008061076 0.125380009
v -0.05242309 0.008061076 0.125390008
v -0.0524287969 0.00808474 0.1253872
v -0.05243265 0.008108353 0.125380009
v -0.05243265 0.008108353 0.125390008
v -0.0524347723 0.008129172 0.1253872
v -0.05243572 0.008156493 0.125380009
v -0.05243572 0.008156493 0.125390008
v -0.05243572 0.008156493 0.125380009
v -0.05242294 0.008252425 0.1253872
v -0.05242294 0.008252425 0.125380009
v -0.05243572 0.008156493 0.125390008
v -0.0524057634 0.008297766 0.125380009
v -0.05242294 0.008252425 0.125390008
v -0.0524057634 0.008297766 0.1253872
v -0.0523807853 0.008339326 0.125380009
v -0.0524057634 0.008297766 0.125390008
v -0.0523807853 0.008339326 0.1253872
v -0.0523483381 0.008375379 0.125380009
v -0.0523807853 0.008339326 0.125390008
v -0.0523483381 0.008375379 0.1253872
v -0.05230869 0.008403204 0.125380009
v -0.0523483381 0.008375379 0.125390008
v -0.05230869 0.008403204 0.1253872
v -0.0522632673 0.00842001848 0.125380009
v -0.05230869 0.008403204 0.125390008
v -0.0522632673 0.00842001848 0.1253872
v -0.0522151 0.008425325 0.125380009
v -0.0522632673 0.00842001848 0.125390008
v -0.0522151 0.008425325 0.125390008
v -0.0519866571 0.008101024 0.1253872
v -0.0519837663 0.008145293 0.125380009
v -0.0519837663 0.008145293 0.125390008
v -0.05198708 0.008098118 0.125390008
v -0.05198708 0.008098118 0.125380009
v -0.05199615 0.008057691 0.1253872
v -0.0519979671 0.008052109 0.125390008
v -0.0519979671 0.008052109 0.125380009
v -0.0520129949 0.008016657 0.1253872
v -0.05201719 0.008008912 0.125390008
v -0.05201719 0.008008912 0.125380009
v -0.0520373359 0.007979605 0.1253872
v -0.05204492 0.007970644 0.125390008
v -0.05204492 0.007970644 0.125380009
v -0.0520681143 0.00794767 0.1253872
v -0.0520795 0.007938413 0.125390008
v -0.0520795 0.007938413 0.125380009
v -0.0521043651 0.007922156 0.1253872
v -0.0521201566 0.007914368 0.125390008
v -0.0521201566 0.007914368 0.125380009
v -0.0521451831 0.007904832 0.1253872
v -0.052165132 0.007899944 0.125390008
v -0.052165132 0.007899944 0.125380009
v -0.0521887243 0.007896414 0.1253872
v -0.05221218 0.007895455 0.125390008
v -0.05221218 0.007895455 0.125380009
v -0.0521883145 0.007459091 0.125380009
v -0.0521883145 0.007459091 0.125390008
v -0.0522232354 0.00746147241 0.1253872
v -0.0522248633 0.00746169453 0.125380009
v -0.0522248633 0.00746169453 0.125390008
v -0.05225741 0.00746902358 0.1253872
v -0.0522605442 0.00747003 0.125380009
v -0.0522605442 0.00747003 0.125390008
v -0.0522898 0.00748228561 0.1253872
v -0.0522941574 0.007484596 0.125380009
v -0.0522941574 0.007484596 0.125390008
v -0.0523193777 0.00750097726 0.1253872
v -0.0523245558 0.00750503736 0.125380009
v -0.0523245558 0.00750503736 0.125390008
v -0.05234548 0.00752429524 0.1253872
v -0.0523510538 0.007530336 0.125380009
v -0.0523510538 0.007530336 0.125390008
v -0.0523677766 0.007551279 0.1253872
v -0.0523733981 0.00755938236 0.125380009
v -0.0523733981 0.00755938236 0.125390008
v -0.0524023548 0.00761206076 0.1253872
v -0.0524075665 0.00762413256 0.125380009
v -0.0524075665 0.00762413256 0.125390008
v -0.05242897 0.007688055 0.1253872
v -0.05244465 0.00776561 0.125380009
v -0.05244465 0.00776561 0.125390008
v -0.0524448454 0.007767017 0.1253872
v -0.0524535328 0.007861326 0.1253872
v -0.0524544641 0.00791177 0.125380009
v -0.0524544641 0.00791177 0.125390008
v -0.05200234 0.007631407 0.1253872
v -0.0519993529 0.00764610432 0.125380009
v -0.0519993529 0.00764610432 0.125390008
v -0.052018512 0.0075753 0.125390008
v -0.052018512 0.0075753 0.125380009
v -0.05202292 0.007564947 0.1253872
v -0.0520346165 0.00754229864 0.125390008
v -0.0520346165 0.00754229864 0.125380009
v -0.0520395525 0.007534327 0.1253872
v -0.0520560965 0.00751251541 0.125390008
v -0.0520560965 0.00751251541 0.125380009
v -0.0520612262 0.007507043 0.1253872
v -0.05208371 0.007488355 0.125390008
v -0.05208371 0.007488355 0.125380009
v -0.0520884171 0.007485273 0.1253872
v -0.0521162264 0.00747134071 0.125390008
v -0.0521162264 0.00747134071 0.125380009
v -0.0521197431 0.00747002475 0.1253872
v -0.0521517023 0.007461915 0.125390008
v -0.0521517023 0.007461915 0.125380009
v -0.0521535575 0.00746164564 0.1253872
v -0.0521883145 0.007459091 0.125390008
v -0.0521883145 0.007459091 0.125380009
v -0.05192143 0.007640382 0.125385
v -0.05184351 0.0076346593 0.125380009
v -0.05184351 0.0076346593 0.125390008
v -0.0519993529 0.00764610432 0.125390008
v -0.0519993529 0.00764610432 0.125380009
v -0.0522009768 0.008550001 0.125380009
v -0.0522009768 0.008550001 0.125390008
v -0.0522662438 0.008544793 0.1253872
v -0.05229934 0.008537466 0.125380009
v -0.05229934 0.008537466 0.125390008
v -0.05232954 0.008528011 0.1253872
v -0.05234641 0.008521513 0.125380009
v -0.05234641 0.008521513 0.125390008
v -0.0523888171 0.008500254 0.1253872
v -0.05239076 0.008499108 0.125380009
v -0.05239076 0.008499108 0.125390008
v -0.05244238 0.008462615 0.1253872
v -0.0524693541 0.008438526 0.125380009
v -0.0524693541 0.008438526 0.125390008
v -0.05248979 0.008417422 0.1253872
v -0.0525028519 0.008401832 0.125380009
v -0.0525028519 0.008401832 0.125390008
v -0.0525284335 0.00836456753 0.1253872
v -0.05253072 0.008360673 0.125380009
v -0.05253072 0.008360673 0.125390008
v -0.0525570922 0.008305678 0.1253872
v -0.0525698364 0.008269441 0.125380009
v -0.0525698364 0.008269441 0.125390008
v -0.052577354 0.00824337453 0.1253872
v -0.05259247 0.008172687 0.125380009
v -0.05259247 0.008172687 0.125390008
v -0.05260529 0.008049095 0.1253872
v -0.0526071452 0.007974595 0.125390008
v -0.0526071452 0.007974595 0.125380009
v -0.0518326163 0.008217763 0.1253872
v -0.0518279225 0.008145779 0.125380009
v -0.0518279225 0.008145779 0.125390008
v -0.0518333 0.008222677 0.125390008
v -0.0518333 0.008222677 0.125380009
v -0.0518476442 0.0082883 0.1253872
v -0.05185067 0.008297751 0.125390008
v -0.05185067 0.008297751 0.125380009
v -0.05187501 0.008355008 0.1253872
v -0.05188208 0.008368105 0.125390008
v -0.05188208 0.008368105 0.125380009
v -0.0519141927 0.008415505 0.1253872
v -0.0519270264 0.008430639 0.125390008
v -0.0519270264 0.008430639 0.125380009
v -0.0519642942 0.008467358 0.1253872
v -0.0519836247 0.008482905 0.125390008
v -0.0519836247 0.008482905 0.125380009
v -0.0520236567 0.008508204 0.1253872
v -0.0520504266 0.00852121 0.125390008
v -0.0520504266 0.00852121 0.125380009
v -0.05209045 0.008535216 0.1253872
v -0.0521242246 0.00854325853 0.125390008
v -0.0521242246 0.00854325853 0.125380009
v -0.0521613322 0.00854834 0.1253872
v -0.0522009768 0.008550001 0.125390008
v -0.0522009768 0.008550001 0.125380009
v -0.0524513 0.00791177 0.125380009
v -0.0524513 0.00791177 0.125390008
v -0.05244385 0.007900455 0.1253872
v -0.05239965 0.007847027 0.125380009
v -0.05239965 0.007847027 0.125390008
v -0.05239994 0.007847304 0.1253872
v -0.05234567 0.00780469738 0.1253872
v -0.0523333922 0.007797282 0.125380009
v -0.0523333922 0.007797282 0.125390008
v -0.0522837974 0.007774189 0.1253872
v -0.0522568524 0.00776561024 0.125380009
v -0.0522568524 0.00776561024 0.125390008
v -0.0522167981 0.007757844 0.1253872
v -0.0521746762 0.00775519526 0.125380009
v -0.0521746762 0.00775519526 0.125390008
v -0.0524528846 0.00791177 0.125385
v -0.0524544641 0.00791177 0.125390008
v -0.0524513 0.00791177 0.125390008
v -0.0524513 0.00791177 0.125380009
v -0.0524544641 0.00791177 0.125380009
f 1 2 3
f 1 3 4
f 5 1 4
f 5 4 6
f 7 5 6
f 8 7 6
f 8 6 9
f 10 8 9
f 10 9 11
f 10 12 8
f 12 13 8
f 12 14 13
f 12 15 14
f 16 10 11
f 16 11 17
f 16 17 18
f 15 19 14
f 20 16 18
f 15 21 19
f 22 20 18
f 21 15 23
f 20 22 24
f 20 24 25
f 26 20 25
f 20 26 27
f 26 28 27
f 15 29 23
f 15 30 29
f 30 31 29
f 32 30 15
f 32 15 33
f 34 32 33
f 32 34 35
f 34 33 36
f 34 36 37
f 38 34 37
f 39 38 37
f 39 37 40
f 41 39 40
f 39 41 42
f 39 42 43
f 44 39 43
f 44 43 45
f 44 45 46
f 47 44 46
f 47 46 48
f 47 48 49
f 39 50 38
f 51 47 49
f 51 49 52
f 51 52 53
f 54 51 53
f 51 54 55
f 47 51 56
f 51 55 57
f 58 56 51
f 58 59 56
f 58 60 59
f 60 61 59
f 60 62 61
f 62 63 61
f 62 64 63
f 64 65 63
f 64 66 65
f 66 67 65
f 67 68 65
f 67 69 68
f 69 70 68
f 69 71 70
f 71 72 70
f 72 73 70
f 72 74 73
f 74 75 73
f 75 76 73
f 75 77 76
f 77 78 76
f 77 79 78
f 76 78 80
f 78 81 80
f 79 82 78
f 79 83 82
f 81 84 80
f 84 81 85
f 84 85 86
f 87 84 86
f 87 86 88
f 89 87 88
f 83 90 82
f 89 88 91
f 92 89 91
f 93 92 91
f 93 91 94
f 95 93 94
f 95 94 96
f 97 95 96
f 90 98 82
f 97 96 99
f 50 97 99
f 99 96 100
f 50 99 101
f 99 102 101
f 99 100 103
f 102 104 101
f 50 101 38
f 38 101 105
f 103 100 106
f 107 103 106
f 103 107 108
f 103 108 109
f 110 103 109
f 103 110 111
f 103 111 112
f 113 103 112
f 103 113 114
f 103 114 115
f 116 103 115
f 117 116 115
f 116 117 118
f 116 118 119
f 120 116 119
f 116 120 121
f 116 121 122
f 123 116 122
f 116 123 124
f 124 123 125
f 116 124 126
f 127 116 126
f 127 126 128
f 124 125 129
f 125 130 129
f 131 124 129
f 127 128 132
f 132 128 133
f 134 127 132
f 132 133 135
f 132 136 134
f 136 137 134
f 136 138 137
f 138 139 137
f 138 140 139
f 140 141 139
f 140 142 141
f 142 143 141
f 142 144 143
f 144 145 143
f 144 146 145
f 146 147 145
f 146 148 147
f 148 146 149
f 150 148 149
f 151 51 152
f 51 153 152
f 51 154 153
f 154 51 155
f 155 51 57
f 155 57 156
f 155 156 157
f 158 155 157
f 158 157 159
f 158 159 160
f 161 158 160
f 161 160 162
f 163 161 162
f 163 162 164
f 165 163 164
f 166 165 164
f 167 166 164
f 166 167 168
f 166 168 169
f 170 166 169
f 171 166 170
f 171 172 166
f 171 131 172
f 131 171 173
f 174 173 171
f 131 129 172
f 174 175 173
f 176 175 174
f 177 176 174
f 178 177 174
f 179 178 174
f 179 174 180
f 181 179 180
f 182 181 180
f 183 174 171
f 182 180 184
f 184 180 185
f 186 182 184
f 186 184 187
f 188 186 187
f 189 188 187
f 189 187 190
f 191 189 190
f 190 192 191
f 192 193 191
f 192 194 193
f 194 192 195
f 192 135 195
f 196 135 192
f 196 132 135
f 197 196 192
f 196 197 198
f 197 192 199
f 197 200 198
f 200 201 198
f 200 202 201
f 202 200 203
f 202 203 204
f 205 202 204
f 204 206 205
f 206 207 205
f 206 208 207
f 209 197 199
f 210 209 199
f 210 199 211
f 199 212 211
f 210 213 209
f 213 214 209
f 215 210 211
f 213 99 214
f 99 213 216
f 99 217 214
f 212 218 211
f 212 219 218
f 219 220 218
f 219 221 220
f 221 222 220
f 221 223 222
f 223 224 222
f 221 225 223
f 225 226 223
f 225 183 226
f 183 171 226
f 227 226 171
f 227 228 226
f 227 229 228
f 229 230 228
f 229 231 230
f 102 227 171
f 227 232 229
f 229 233 231
f 232 234 229
f 233 235 231
f 233 236 235
f 232 237 234
f 238 236 233
f 239 102 171
f 240 102 239
f 241 240 239
f 240 242 102
f 232 243 237
f 243 244 237
f 243 232 245
f 243 246 244
f 246 238 244
f 246 247 238
f 244 238 248
f 238 233 248
f 247 211 238
f 247 215 211
f 215 247 249
f 250 215 249
f 233 251 248
f 251 252 248
f 251 253 252
f 251 254 253
f 254 255 253
f 254 256 255
f 256 257 255
f 256 258 257
f 258 259 257
f 258 260 259
f 261 262 263
f 261 263 264
f 265 261 264
f 266 265 264
f 267 266 264
f 268 267 264
f 268 264 269
f 270 268 269
f 271 270 269
f 271 269 98
f 272 271 98
f 90 272 98
f 272 90 273
f 90 274 273
f 274 275 273
f 275 276 273
f 275 277 276
f 277 278 276
f 277 279 278
f 280 281 282
f 280 283 281
f 283 284 281
f 283 285 284
f 285 283 286
f 285 286 287
f 288 285 287
f 288 287 289
f 288 289 30
f 290 288 30
f 30 289 291
f 30 291 292
f 293 30 292
f 30 293 294
f 30 294 295
f 296 290 30
f 297 30 295
f 296 30 298
f 299 296 298
f 300 299 298
f 30 297 31
f 297 301 31
f 301 302 31
f 301 303 302
f 303 304 302
f 303 305 304
f 305 306 304
f 305 307 306
f 308 300 298
f 307 309 306
f 310 308 298
f 311 310 298
f 312 311 298
f 313 312 298
f 314 313 298
f 314 298 315
f 307 316 309
f 317 314 315
f 316 318 309
f 316 319 318
f 309 318 320
f 319 321 318
f 321 322 318
f 322 323 318
f 323 324 318
f 324 325 318
f 318 326 320
f 325 327 318
f 317 315 104
f 104 315 328
f 102 317 104
f 102 329 317
f 329 330 317
f 329 331 330
f 331 329 332
f 329 333 332
f 329 334 333
f 334 329 335
f 329 336 335
f 329 337 336
f 102 242 329
f 337 329 338
f 242 339 329
f 329 318 338
f 318 340 338
f 339 242 341
f 327 340 318
f 327 342 340
f 327 343 342
f 343 344 342
f 343 345 344
f 345 346 344
f 346 347 344
f 346 348 347
f 348 349 347
f 348 350 349
f 350 351 349
f 339 341 352
f 353 339 352
f 352 341 354
f 354 341 355
f 341 170 355
f 341 171 170
f 354 355 356
f 354 356 326
f 318 354 326
f 357 358 359
f 360 357 359
f 360 359 361
f 362 360 361
f 360 362 363
f 360 363 217
f 364 360 217
f 99 364 217
f 364 99 103
f 232 99 365
f 232 365 245
f 99 216 365
f 245 365 366
f 365 216 367
f 365 367 366
f 130 58 51
f 130 51 129
f 368 369 370
f 371 368 370
f 368 372 369
f 368 371 373
f 372 368 374
f 368 373 375
f 368 376 374
f 377 368 375
f 368 378 376
f 368 377 379
f 378 368 380
f 368 379 381
f 368 382 380
f 383 368 381
f 368 384 382
f 368 383 385
f 384 368 386
f 368 385 387
f 368 388 386
f 389 368 387
f 368 390 388
f 368 389 391
f 390 368 392
f 368 391 393
f 368 394 392
f 395 368 393
f 368 396 394
f 368 395 397
f 396 368 398
f 368 397 398
f 399 400 401
f 399 401 402
f 400 399 403
f 404 399 402
f 403 399 405
f 399 404 406
f 399 407 405
f 399 406 408
f 399 409 407
f 410 399 408
f 409 399 411
f 399 410 412
f 399 413 411
f 399 412 414
f 399 415 413
f 416 399 414
f 415 399 417
f 399 416 418
f 399 419 417
f 399 418 420
f 399 421 419
f 422 399 420
f 421 399 423
f 399 422 424
f 399 425 423
f 399 424 426
f 399 427 425
f 428 399 426
f 427 399 429
f 399 428 430
f 399 430 429
f 431 432 433
f 432 431 434
f 432 435 433
f 432 434 436
f 435 432 437
f 438 432 436
f 432 439 437
f 432 438 440
f 432 441 439
f 432 440 442
f 441 432 443
f 444 432 442
f 432 445 443
f 432 444 446
f 432 447 445
f 432 446 448
f 447 432 449
f 450 432 448
f 432 451 449
f 432 450 452
f 432 453 451
f 432 452 454
f 453 432 455
f 456 432 454
f 432 457 455
f 432 456 458
f 432 459 457
f 432 458 460
f 459 432 461
f 462 432 460
f 432 463 461
f 432 462 463
f 464 465 466
f 465 464 467
f 465 468 466
f 465 467 469
f 468 465 470
f 471 465 469
f 465 472 470
f 465 471 473
f 465 474 472
f 465 473 475
f 474 465 476
f 477 465 475
f 465 478 476
f 465 477 479
f 465 480 478
f 465 479 481
f 480 465 482
f 483 465 481
f 465 484 482
f 465 483 484
f 485 486 487
f 486 485 488
f 486 489 487
f 486 488 490
f 489 486 491
f 492 486 490
f 486 493 491
f 486 492 494
f 486 495 493
f 486 494 496
f 495 486 497
f 498 486 496
f 486 499 497
f 486 498 500
f 486 501 499
f 486 500 502
f 501 486 503
f 504 486 502
f 486 505 503
f 486 504 505
f 506 507 508
f 507 506 509
f 507 510 508
f 507 509 511
f 510 507 512
f 513 507 511
f 507 514 512
f 507 513 515
f 507 516 514
f 507 515 517
f 516 507 518
f 519 507 517
f 507 520 518
f 507 519 521
f 507 522 520
f 507 521 523
f 522 507 524
f 525 507 523
f 507 526 524
f 507 525 527
f 507 528 526
f 507 527 529
f 528 507 530
f 531 507 529
f 507 532 530
f 507 531 533
f 507 534 532
f 507 533 535
f 534 507 536
f 537 507 535
f 507 538 536
f 507 537 538
f 539 540 541
f 539 541 542
f 540 539 543
f 543 539 542
f 544 545 546
f 544 546 547
f 545 544 548
f 548 544 547
f 549 550 551
f 549 551 552
f 550 549 553
f 553 549 552
f 554 555 556
f 554 556 557
f 555 554 558
f 558 554 557
f 559 560 561
f 559 561 562
f 560 559 563
f 563 559 562
f 564 565 566
f 565 567 566
f 565 568 567
f 566 567 569
f 568 570 567
f 567 571 569
f 570 571 567
f 572 569 571
f 570 572 571
f 572 573 569
f 574 572 570
f 572 575 573
f 575 572 574
f 575 576 573
f 577 575 574
f 575 578 576
f 578 575 577
f 578 579 576
f 580 578 577
f 578 581 579
f 581 578 580
f 581 582 579
f 583 581 580
f 581 584 582
f 584 581 583
f 584 585 582
f 586 584 583
f 584 587 585
f 587 584 586
f 587 588 585
f 589 587 586
f 587 589 588
f 590 591 592
f 591 593 592
f 591 594 593
f 592 593 595
f 594 596 593
f 593 597 595
f 596 597 593
f 595 597 598
f 596 599 597
f 597 600 598
f 599 600 597
f 598 600 601
f 599 602 600
f 600 603 601
f 602 603 600
f 601 603 604
f 602 605 603
f 603 606 604
f 605 606 603
f 604 606 607
f 605 608 606
f 606 609 607
f 608 609 606
f 607 609 610
f 608 611 609
f 611 610 609
f 611 612 610
f 612 611 613
f 612 614 610
f 612 613 615
f 612 616 614
f 616 612 615
f 617 618 619
f 617 619 620
f 621 617 620
f 621 620 622
f 617 621 623
f 624 621 622
f 621 624 623
f 624 622 625
f 623 624 626
f 627 624 625
f 624 627 626
f 627 625 628
f 626 627 629
f 630 627 628
f 627 630 629
f 630 628 631
f 629 630 632
f 633 630 631
f 630 633 632
f 633 631 634
f 632 633 635
f 636 633 634
f 633 636 635
f 636 634 637
f 635 636 638
f 639 636 637
f 636 639 638
f 639 637 640
f 638 639 641
f 641 639 640
f 642 643 644
f 645 642 644
f 645 644 646
f 647 645 646
f 648 647 646
f 648 646 649
f 650 648 649
f 650 649 651
f 652 650 651
f 652 651 653
f 652 653 654
f 655 652 654
f 655 654 656
f 657 655 656
f 657 656 658
f 659 657 658
f 659 658 660
f 657 659 661
f 661 659 660
f 661 660 662
f 661 662 663
f 664 661 663
f 664 663 665
f 666 664 665
f 666 665 667
f 668 666 667
f 668 667 669
f 670 668 669
f 670 669 671
f 672 670 671
f 671 673 672
f 673 674 672
f 673 675 674
f 673 676 675
f 676 677 675
f 676 678 677
f 678 676 679
f 678 680 677
f 676 681 679
f 680 682 677
f 681 683 679
f 680 684 682
f 684 685 682
f 681 686 683
f 686 687 683
f 686 688 687
f 684 689 685
f 689 690 685
f 689 691 690
f 689 692 691
f 692 693 691
f 692 694 693
f 694 695 693
f 694 696 695
f 696 697 695
f 696 698 697
f 698 699 697
f 698 700 699
f 700 701 699
f 700 702 701
f 702 703 701
f 703 704 701
f 703 705 704
f 705 706 704
f 705 707 706
f 707 708 706
f 707 709 708
f 709 710 708
f 709 711 710
f 711 712 710
f 712 713 710
f 712 714 713
f 712 715 714
f 715 716 714
f 715 717 716
f 717 718 716
f 717 719 718
f 717 720 719
f 720 721 719
f 720 722 721
f 722 723 721
f 722 724 723
f 722 725 724
f 725 726 724
f 725 727 726
f 727 728 726
f 727 729 728
f 729 730 728
f 729 731 730
f 731 732 730
f 732 733 730
f 732 734 733
f 734 735 733
f 734 736 735
f 736 737 735
f 736 738 737
f 738 688 737
f 688 686 737
f 739 740 741
f 742 739 741
f 742 741 743
f 742 744 739
f 744 742 743
f 744 745 739
f 744 743 746
f 744 747 745
f 747 744 746
f 747 748 745
f 747 746 749
f 747 750 748
f 750 747 749
f 750 751 748
f 750 749 752
f 750 753 751
f 753 750 752
f 753 754 751
f 752 755 753
f 753 756 754
f 755 756 753
f 757 754 756
f 755 757 756
f 757 758 754
f 757 755 759
f 758 757 760
f 757 759 761
f 757 762 760
f 762 757 761
f 760 762 763
f 762 761 764
f 763 762 764
f 765 766 767
f 766 768 767
f 766 769 768
f 769 766 770
f 766 771 770
f 766 772 771
f 772 773 771
f 773 774 771
f 773 775 774
f 775 776 774
f 775 777 776
f 778 779 780
f 779 781 780
f 779 782 781
f 783 780 781
f 782 784 781
f 783 781 785
f 784 785 781
f 786 783 785
f 784 787 785
f 786 785 788
f 787 788 785
f 789 786 788
f 787 790 788
f 789 788 791
f 790 791 788
f 792 789 791
f 790 793 791
f 792 791 794
f 793 794 791
f 795 792 794
f 793 796 794
f 795 794 797
f 796 797 794
f 798 795 797
f 796 799 797
f 798 797 800
f 799 800 797
f 801 798 800
f 799 802 800
f 801 800 803
f 802 803 800
f 804 801 803
f 802 805 803
f 805 804 803
f 806 807 808
f 806 808 809
f 809 808 810
f 811 806 809
f 812 809 810
f 811 809 813
f 813 809 812
f 814 811 813
f 815 813 812
f 814 813 816
f 816 813 815
f 817 814 816
f 818 816 815
f 817 816 819
f 819 816 818
f 820 817 819
f 821 819 818
f 820 819 822
f 822 819 821
f 823 820 822
f 824 822 821
f 823 822 825
f 825 822 824
f 826 823 825
f 827 825 824
f 826 825 828
f 828 825 827
f 829 826 828
f 830 828 827
f 831 829 828
f 831 828 830
f 831 832 829
f 832 831 830
f 832 833 829
f 832 830 834
f 833 832 834
f 835 836 837
f 836 838 837
f 836 839 838
f 837 838 840
f 839 841 838
f 838 842 840
f 841 842 838
f 840 842 843
f 841 844 842
f 842 845 843
f 844 845 842
f 844 846 845
f 847 848 849
f 848 850 849
f 848 851 850
f 849 850 852
f 851 853 850
f 850 854 852
f 853 854 850
f 852 854 855
f 853 856 854
f 854 857 855
f 856 857 854
f 856 858 857
f 859 860 861
f 860 859 862
f 860 862 863
f 864 860 863
f 860 864 865
f 864 866 865
f 866 867 865
f 865 867 868
f 866 869 867
f 869 868 867
f 869 870 868
f 870 869 871
f 872 870 871
f 873 874 875
f 874 876 875
f 874 877 876
f 875 876 878
f 877 879 876
f 876 880 878
f 879 880 876
f 878 880 881
f 879 882 880
f 880 883 881
f 882 883 880
f 882 884 883
f 885 886 887
f 886 888 887
f 886 889 888
f 887 888 890
f 889 891 888
f 888 892 890
f 891 892 888
f 890 892 893
f 891 894 892
f 892 895 893
f 894 895 892
f 894 896 895
f 897 898 899
f 898 897 900
f 898 900 901
f 902 898 901
f 898 902 903
f 902 904 903
f 904 905 903
f 903 905 906
f 904 907 905
f 907 906 905
f 907 908 906
f 908 907 909
f 910 908 909
f 911 912 913
f 912 914 913
f 912 915 914
f 916 913 914
f 915 917 914
f 916 914 918
f 917 918 914
f 919 916 918
f 917 920 918
f 919 918 921
f 920 921 918
f 922 919 921
f 920 923 921
f 922 921 924
f 923 924 921
f 925 922 924
f 923 926 924
f 925 924 927
f 926 927 924
f 928 925 927
f 926 929 927
f 928 927 930
f 929 930 927
f 931 928 930
f 929 932 930
f 931 930 933
f 932 933 930
f 934 931 933
f 932 935 933
f 934 933 936
f 935 936 933
f 937 934 936
f 935 938 936
f 938 937 936
f 939 940 941
f 939 941 942
f 942 941 943
f 944 939 942
f 945 942 943
f 944 942 946
f 946 942 945
f 947 944 946
f 948 946 945
f 947 946 949
f 949 946 948
f 950 947 949
f 951 949 948
f 950 949 952
f 952 949 951
f 953 950 952
f 954 952 951
f 953 952 955
f 955 952 954
f 956 953 955
f 957 955 954
f 956 955 958
f 958 955 957
f 959 956 958
f 960 958 957
f 959 958 961
f 961 958 960
f 962 959 961
f 963 961 960
f 964 962 961
f 964 961 963
f 964 965 962
f 965 964 963
f 965 966 962
f 965 963 967
f 966 965 967
f 968 969 970
f 969 971 970
f 969 972 971
f 970 971 973
f 972 974 971
f 971 975 973
f 974 975 971
f 976 973 975
f 974 976 975
f 976 977 973
f 978 976 974
f 976 979 977
f 979 976 978
f 979 980 977
f 981 979 978
f 979 982 980
f 982 979 981
f 982 983 980
f 984 982 981
f 982 985 983
f 985 982 984
f 985 986 983
f 987 985 984
f 985 988 986
f 988 985 987
f 988 989 986
f 990 988 987
f 988 991 989
f 991 988 990
f 991 992 989
f 993 991 990
f 991 993 992
f 994 995 996
f 995 997 996
f 995 998 997
f 996 997 999
f 998 1000 997
f 997 1001 999
f 1000 1001 997
f 999 1001 1002
f 1000 1003 1001
f 1001 1004 1002
f 1003 1004 1001
f 1002 1004 1005
f 1003 1006 1004
f 1004 1007 1005
f 1006 1007 1004
f 1005 1007 1008
f 1006 1009 1007
f 1007 1010 1008
f 1009 1010 1007
f 1008 1010 1011
f 1009 1012 1010
f 1010 1013 1011
f 1012 1013 1010
f 1011 1013 1014
f 1012 1015 1013
f 1015 1014 1013
f 1015 1016 1014
f 1016 1015 1017
f 1016 1018 1014
f 1016 1017 1019
f 1016 1020 1018
f 1020 1016 1019
f 1021 1022 1023
f 1021 1023 1024
f 1025 1021 1024
f 1025 1024 1026
f 1021 1025 1027
f 1028 1025 1026
f 1025 1028 1027
f 1028 1026 1029
f 1027 1028 1030
f 1031 1028 1029
f 1028 1031 1030
f 1031 1029 1032
f 1030 1031 1033
f 1034 1031 1032
f 1031 1034 1033
f 1034 1032 1035
f 1033 1034 1036
f 1037 1034 1035
f 1034 1037 1036
f 1037 1035 1038
f 1036 1037 1039
f 1040 1037 1038
f 1037 1040 1039
f 1040 1038 1041
f 1039 1040 1042
f 1043 1040 1041
f 1040 1043 1042
f 1043 1041 1044
f 1042 1043 1045
f 1045 1043 1044
f 1046 1047 1048
f 1049 1046 1048
f 1049 1048 1050
f 1051 1049 1050
f 1052 1051 1050
f 1052 1050 1053
f 1054 1052 1053
f 1054 1053 1055
f 1056 1054 1055
f 1056 1055 1057
f 1056 1057 1058
f 1059 1056 1058
f 1059 1058 1060
f 1061 1059 1060
f 1061 1060 1062
f 1063 1061 1062
f 1063 1062 1064
f 1061 1063 1065
f 1065 1063 1064
f 1065 1064 1066
f 1065 1066 1067
f 1068 1065 1067
f 1068 1067 1069
f 1070 1068 1069
f 1070 1069 1071
f 1072 1070 1071
f 1072 1071 1073
f 1074 1072 1073
f 1074 1073 1075
f 1076 1074 1075
f 1075 1077 1076
f 1077 1078 1076
f 1077 1079 1078
f 1077 1080 1079
f 1080 1081 1079
f 1080 1082 1081
f 1082 1080 1083
f 1082 1084 1081
f 1080 1085 1083
f 1084 1086 1081
f 1085 1087 1083
f 1084 1088 1086
f 1088 1089 1086
f 1085 1090 1087
f 1090 1091 1087
f 1090 1092 1091
f 1088 1093 1089
f 1093 1094 1089
f 1093 1095 1094
f 1093 1096 1095
f 1096 1097 1095
f 1096 1098 1097
f 1098 1099 1097
f 1098 1100 1099
f 1100 1101 1099
f 1100 1102 1101
f 1102 1103 1101
f 1102 1104 1103
f 1104 1105 1103
f 1104 1106 1105
f 1106 1107 1105
f 1107 1108 1105
f 1107 1109 1108
f 1109 1110 1108
f 1109 1111 1110
f 1111 1112 1110
f 1111 1113 1112
f 1113 1114 1112
f 1113 1115 1114
f 1115 1116 1114
f 1116 1117 1114
f 1116 1118 1117
f 1116 1119 1118
f 1119 1120 1118
f 1119 1121 1120
f 1121 1122 1120
f 1121 1123 1122
f 1121 1124 1123
f 1124 1125 1123
f 1124 1126 1125
f 1126 1127 1125
f 1126 1128 1127
f 1126 1129 1128
f 1129 1130 1128
f 1129 1131 1130
f 1131 1132 1130
f 1131 1133 1132
f 1133 1134 1132
f 1133 1135 1134
f 1135 1136 1134
f 1136 1137 1134
f 1136 1138 1137
f 1138 1139 1137
f 1138 1140 1139
f 1140 1141 1139
f 1140 1142 1141
f 1142 1092 1141
f 1092 1090 1141
f 1143 1144 1145
f 1146 1143 1145
f 1146 1145 1147
f 1146 1148 1143
f 1148 1146 1147
f 1148 1149 1143
f 1148 1147 1150
f 1148 1151 1149
f 1151 1148 1150
f 1151 1152 1149
f 1151 1150 1153
f 1151 1154 1152
f 1154 1151 1153
f 1154 1155 1152
f 1154 1153 1156
f 1154 1157 1155
f 1157 1154 1156
f 1157 1158 1155
f 1156 1159 1157
f 1157 1160 1158
f 1159 1160 1157
f 1161 1158 1160
f 1159 1161 1160
f 1161 1162 1158
f 1161 1159 1163
f 1162 1161 1164
f 1161 1163 1165
f 1161 1166 1164
f 1166 1161 1165
f 1164 1166 1167
f 1166 1165 1168
f 1167 1166 1168
f 1169 1170 1171
f 1170 1172 1171
f 1172 1173 1171
f 1172 1174 1173
f 1174 1175 1173
f 1174 1176 1175
f 1177 1173 1175
f 1176 1178 1175
f 1179 1177 1175
f 1178 1179 1175
f 1180 1181 1182
f 1181 1183 1182
f 1183 1184 1182
f 1183 1185 1184
f 1186 1182 1184
f 1185 1187 1184
f 1188 1186 1184
f 1187 1189 1184
f 1188 1184 1189
f 1187 1190 1189
f 1191 1188 1189
f 1190 1191 1189
f 1192 1193 1194
f 1193 1195 1194
f 1195 1196 1194
f 1195 1197 1196
f 1198 1197 1195
f 1197 1199 1196
f 1197 1198 1200
f 1197 1201 1199
f 1197 1200 1202
f 1201 1197 1202
f 1203 1204 1205
f 1204 1206 1205
f 1206 1207 1205
f 1206 1208 1207
f 1209 1205 1207
f 1208 1210 1207
f 1211 1209 1207
f 1210 1212 1207
f 1211 1207 1212
f 1210 1213 1212
f 1214 1211 1212
f 1213 1215 1212
f 1213 1214 1215
f 1214 1212 1215
f 1216 1217 1218
f 1217 1219 1218
f 1219 1220 1218
f 1219 1221 1220
f 1221 1219 1222
f 1219 1223 1222
f 1219 1224 1223
f 1224 1225 1223
f 1224 1226 1225
f 1226 1224 1227
f 1224 1228 1227
f 1224 1229 1228
f 1229 1230 1228
f 1229 1231 1230
f 1231 1229 1232
f 1233 1231 1232
f 1231 1233 1234
f 1231 1234 1235
f 1236 1231 1235
f 1236 1235 1237
f 1236 1237 1238
f 1239 1236 1238
f 1238 1240 1239
f 1240 1241 1239
f 1240 1242 1241
f 1242 1240 1243
f 1240 1244 1243
f 1240 1245 1244
f 1245 1240 1246
f 1240 1247 1246
f 1247 1248 1246
f 1247 1249 1248
f 1249 1247 1250
f 1247 1251 1250
f 1247 1252 1251
f 1252 1247 1253
f 1247 1254 1253
f 1247 1255 1254
f 1255 1247 1256
f 1247 1257 1256
f 1257 1258 1256
f 1259 1260 1261
f 1260 1262 1261
f 1260 1263 1262
f 1263 1264 1262
f 1260 1265 1263
f 1266 1265 1260
f 1265 1267 1263
f 1265 1266 1267
f 1266 1268 1267
f 1267 1268 1269
f 1266 1270 1268
f 1270 1266 1271
f 1272 1273 1274
f 1273 1275 1274
f 1273 1276 1275
f 1274 1275 1277
f 1276 1278 1275
f 1278 1277 1275
f 1278 1279 1277
f 1278 1280 1279
f 1280 1278 1281
f 1280 1282 1279
f 1283 1280 1281
f 1280 1283 1282
f 1284 1285 1286
f 1285 1287 1286
f 1287 1288 1286
f 1287 1289 1288
f 1289 1290 1288
f 1289 1291 1290
f 1292 1288 1290
f 1291 1293 1290
f 1294 1292 1290
f 1293 1294 1290
f 1295 1296 1297
f 1296 1298 1297
f 1298 1299 1297
f 1298 1300 1299
f 1300 1298 1301
f 1298 1302 1301
f 1298 1303 1302
f 1303 1304 1302
f 1303 1305 1304
f 1305 1303 1306
f 1303 1307 1306
f 1303 1308 1307
f 1308 1303 1309
f 1310 1308 1309
f 1311 1312 1313
f 1311 1313 1314
f 1315 1311 1314
f 1315 1314 1316
f 1313 1317 1314
f 1317 1313 1318
f 1319 1317 1318
f 1317 1320 1314
f 1317 1321 1320
f 1322 1323 1324
f 1323 1325 1324
f 1325 1323 1326
f 1324 1325 1327
f 1325 1326 1328
f 1325 1329 1327
f 1329 1325 1328
f 1327 1329 1330
f 1329 1328 1331
f 1329 1332 1330
f 1332 1329 1331
f 1330 1332 1333
f 1332 1331 1334
f 1332 1335 1333
f 1335 1332 1334
f 1333 1335 1336
f 1335 1334 1337
f 1335 1338 1336
f 1338 1335 1337
f 1336 1338 1339
f 1338 1337 1340
f 1338 1341 1339
f 1341 1338 1340
f 1339 1341 1342
f 1341 1340 1343
f 1342 1341 1343
f 1344 1345 1346
f 1345 1347 1346
f 1345 1348 1347
f 1346 1347 1349
f 1348 1350 1347
f 1347 1351 1349
f 1350 1351 1347
f 1352 1349 1351
f 1350 1352 1351
f 1352 1353 1349
f 1354 1352 1350
f 1352 1355 1353
f 1355 1352 1354
f 1355 1356 1353
f 1357 1355 1354
f 1355 1358 1356
f 1358 1355 1357
f 1358 1359 1356
f 1360 1358 1357
f 1358 1361 1359
f 1361 1358 1360
f 1361 1362 1359
f 1363 1361 1360
f 1361 1364 1362
f 1364 1361 1363
f 1364 1365 1362
f 1366 1364 1363
f 1364 1367 1365
f 1367 1364 1366
f 1367 1368 1365
f 1369 1367 1366
f 1367 1369 1368
f 1370 1371 1372
f 1371 1373 1372
f 1373 1374 1372
f 1373 1375 1374
f 1376 1372 1374
f 1375 1376 1374
f 1377 1378 1379
f 1378 1380 1379
f 1380 1381 1379
f 1380 1382 1381
f 1383 1379 1381
f 1382 1383 1381
f 1384 1385 1386
f 1384 1386 1387
f 1385 1384 1388
f 1388 1384 1387
f 1389 1390 1391
f 1389 1391 1392
f 1390 1389 1393
f 1393 1389 1392
f 1394 1395 1396
f 1394 1396 1397
f 1395 1394 1398
f 1398 1394 1397
f 1399 1400 1401
f 1399 1401 1402
f 1400 1399 1403
f 1403 1399 1402
f 1404 1405 1406
f 1404 1406 1407
f 1405 1404 1408
f 1408 1404 1407
f 1409 1410 1411
f 1412 1409 1411
f 1409 1413 1410
f 1413 1409 1412
f 1414 1415 1416
f 1414 1416 1417
f 1415 1414 1418
f 1418 1414 1417
f 1419 1420 1421
f 1419 1421 1422
f 1420 1419 1423
f 1423 1419 1422
f 1424 1425 1426
f 1424 1426 1427
f 1425 1424 1428
f 1428 1424 1427
f 1429 1430 1431
f 1429 1431 1432
f 1430 1429 1433
f 1433 1429 1432
f 1434 1435 1436
f 1434 1436 1437
f 1435 1434 1438
f 1438 1434 1437
f 1439 1440 1441
f 1442 1439 1441
f 1439 1443 1440
f 1443 1439 1442
f 1444 1445 1446
f 1444 1446 1447
f 1445 1444 1448
f 1449 1444 1447
f 1444 1449 1448
f 1449 1447 1450
f 1448 1449 1451
f 1452 1449 1450
f 1449 1452 1451
f 1452 1450 1453
f 1451 1452 1454
f 1455 1452 1453
f 1452 1455 1454
f 1455 1453 1456
f 1454 1455 1457
f 1458 1455 1456
f 1455 1458 1457
f 1458 1456 1459
f 1457 1458 1460
f 1461 1458 1459
f 1458 1461 1460
f 1461 1459 1462
f 1460 1461 1463
f 1464 1461 1462
f 1461 1464 1463
f 1464 1462 1465
f 1463 1464 1466
f 1467 1464 1465
f 1464 1467 1466
f 1467 1465 1468
f 1466 1467 1469
f 1469 1467 1468
f 1470 1471 1472
f 1470 1472 1473
f 1471 1470 1474
f 1475 1470 1473
f 1470 1475 1474
f 1474 1475 1476
f 1475 1473 1477
f 1475 1478 1476
f 1478 1475 1477
f 1476 1478 1479
f 1478 1477 1480
f 1479 1478 1480
f 1481 1480 1477
f 1479 1480 1482
f 1482 1480 1481
f 1483 1479 1482
f 1484 1482 1481
f 1483 1482 1485
f 1485 1482 1484
f 1486 1483 1485
f 1487 1485 1484
f 1486 1485 1487
f 1488 1486 1487
f 1488 1487 1489
f 1486 1488 1490
f 1491 1488 1489
f 1488 1491 1490
f 1491 1489 1492
f 1490 1491 1493
f 1493 1491 1492
f 1494 1495 1496
f 1495 1494 1497
f 1495 1498 1496
f 1495 1497 1499
f 1495 1500 1498
f 1500 1495 1499
f 1500 1501 1498
f 1500 1499 1502
f 1500 1503 1501
f 1503 1500 1502
f 1503 1504 1501
f 1503 1502 1505
f 1503 1506 1504
f 1506 1503 1505
f 1506 1507 1504
f 1506 1505 1508
f 1506 1509 1507
f 1509 1506 1508
f 1509 1510 1507
f 1509 1508 1511
f 1509 1512 1510
f 1512 1509 1511
f 1512 1513 1510
f 1512 1511 1514
f 1513 1512 1515
f 1512 1514 1515
f 1516 1517 1518
f 1519 1516 1518
f 1517 1520 1518
f 1519 1518 1521
f 1520 1521 1518
f 1522 1519 1521
f 1520 1523 1521
f 1522 1521 1524
f 1523 1524 1521
f 1525 1522 1524
f 1523 1526 1524
f 1527 1525 1524
f 1527 1524 1526
f 1527 1528 1525
f 1528 1527 1526
f 1528 1529 1525
f 1528 1526 1530
f 1528 1531 1529
f 1531 1528 1530
f 1531 1532 1529
f 1531 1530 1533
f 1531 1534 1532
f 1534 1531 1533
f 1534 1535 1532
f 1534 1533 1536
f 1534 1537 1535
f 1537 1534 1536
f 1537 1538 1535
f 1537 1536 1539
f 1537 1540 1538
f 1540 1537 1539
f 1540 1541 1538
f 1540 1539 1542
f 1541 1540 1542
f 1543 1544 1545
f 1543 1546 1544
f 1547 1543 1545
f 1547 1545 1548
f 1543 1549 1546
f 1549 1550 1546
f 1551 1547 1548
f 1551 1548 1552
f 1549 1553 1550
f 1553 1554 1550
f 1554 1553 1555
f 1553 1556 1555
f 1553 1549 1556
f 1549 1557 1556
f 1549 1543 1557
f 1543 1558 1557
f 1543 1559 1558
f 1543 1547 1559
f 1547 1560 1559
f 1547 1551 1560
f 1551 1561 1560
f 1562 1551 1552
f 1551 1562 1561
f 1562 1552 1563
f 1562 1563 1561
f 1552 1564 1563
f 1565 1561 1563
f 1564 1566 1563
f 1565 1563 1566
f 1564 1567 1566
f 1568 1565 1566
f 1567 1568 1566
f 1569 1570 1571
f 1569 1571 1572
f 1570 1569 1573
f 1574 1569 1572
f 1569 1574 1573
f 1574 1572 1575
f 1573 1574 1576
f 1577 1574 1575
f 1574 1577 1576
f 1577 1575 1578
f 1576 1577 1579
f 1580 1577 1578
f 1577 1580 1579
f 1580 1578 1581
f 1579 1580 1582
f 1583 1580 1581
f 1580 1583 1582
f 1583 1581 1584
f 1582 1583 1585
f 1586 1583 1584
f 1583 1586 1585
f 1586 1584 1587
f 1585 1586 1588
f 1589 1586 1587
f 1586 1589 1588
f 1589 1587 1590
f 1588 1589 1591
f 1592 1589 1590
f 1589 1592 1591
f 1592 1590 1593
f 1591 1592 1594
f 1594 1592 1593
f 1595 1596 1597
f 1596 1595 1598
f 1596 1599 1597
f 1596 1598 1600
f 1599 1596 1600
f 1601 1600 1598
f 1599 1600 1601
f 1602 1601 1598
f 1603 1599 1601
f 1604 1601 1602
f 1603 1601 1604
f 1605 1604 1602
f 1606 1603 1604
f 1607 1604 1605
f 1606 1604 1607
f 1608 1607 1605
f 1609 1606 1607
f 1610 1607 1608
f 1609 1607 1610
f 1611 1610 1608
f 1612 1609 1610
f 1613 1610 1611
f 1612 1610 1613
f 1614 1613 1611
f 1615 1612 1613
f 1616 1613 1614
f 1616 1615 1613
f 1617 1616 1614
f 1616 1617 1615
f 1617 1614 1618
f 1617 1619 1615
f 1619 1617 1618
f 1620 1621 1622
f 1620 1623 1621
f 1620 1624 1623
f 1624 1625 1623
f 1624 1626 1625
f 1627 1620 1622
f 1627 1622 1628
f 1627 1628 1629
f 1626 1630 1625
f 1631 1627 1629
f 1631 1629 1632
f 1631 1632 1633
f 1626 1634 1630
f 1635 1631 1633
f 1635 1633 1636
f 1635 1636 1637
f 1638 1635 1637
f 1638 1637 1639
f 1640 1638 1639
f 1640 1639 1641
f 1642 1640 1641
f 1643 1642 1641
f 1643 1641 1644
f 1645 1643 1644
f 1645 1644 1646
f 1647 1645 1646
f 1647 1646 1648
f 1647 1648 1649
f 1650 1647 1649
f 1650 1649 1651
f 1652 1650 1651
f 1652 1651 1653
f 1654 1652 1653
f 1654 1653 1655
f 1656 1654 1655
f 1656 1655 1657
f 1658 1656 1657
f 1658 1657 1659
f 1660 1658 1659
f 1660 1659 1661
f 1662 1660 1661
f 1662 1661 1663
f 1662 1663 1664
f 1665 1662 1664
f 1665 1664 1666
f 1665 1666 1667
f 1668 1665 1667
f 1668 1667 1669
f 1668 1669 1670
f 1671 1668 1670
f 1671 1670 1672
f 1673 1671 1672
f 1672 1674 1673
f 1674 1675 1673
f 1674 1676 1675
f 1676 1674 1677
f 1676 1677 1678
f 1674 1679 1677
f 1680 1676 1678
f 1678 1681 1680
f 1674 1682 1679
f 1682 1683 1679
f 1681 1684 1680
f 1684 1681 1685
f 1684 1685 1686
f 1687 1684 1686
f 1687 1686 1688
f 1682 1689 1683
f 1689 1682 1690
f 1689 1690 1691
f 1692 1687 1688
f 1693 1689 1691
f 1693 1691 1694
f 1693 1694 1695
f 1696 1693 1695
f 1697 1696 1695
f 1696 1697 1698
f 1696 1698 1699
f 1700 1696 1699
f 1700 1699 1701
f 1702 1700 1701
f 1702 1701 1703
f 1704 1702 1703
f 1704 1703 1705
f 1706 1704 1705
f 1707 1706 1705
f 1707 1705 1708
f 1709 1707 1708
f 1709 1708 1710
f 1711 1709 1710
f 1711 1710 1712
f 1713 1711 1712
f 1713 1712 1714
f 1713 1714 1715
f 1716 1713 1715
f 1716 1715 1717
f 1718 1716 1717
f 1718 1717 1719
f 1720 1718 1719
f 1721 1720 1719
f 1721 1719 1722
f 1723 1721 1722
f 1723 1722 1724
f 1725 1723 1724
f 1725 1724 1726
f 1725 1726 1727
f 1728 1725 1727
f 1729 1728 1727
f 1728 1729 1730
f 1728 1730 1731
f 1732 1728 1731
f 1732 1731 1733
f 1732 1733 1734
f 1735 1732 1734
f 1734 1736 1735
f 1736 1737 1735
f 1736 1738 1737
f 1736 1630 1738
f 1630 1739 1738
f 1630 1692 1739
f 1634 1692 1630
f 1692 1688 1739
f 1740 1741 1742
f 1740 1742 1743
f 1741 1740 1744
f 1745 1740 1743
f 1740 1745 1744
f 1745 1743 1746
f 1744 1745 1747
f 1748 1745 1746
f 1745 1748 1747
f 1748 1746 1749
f 1747 1748 1750
f 1751 1748 1749
f 1748 1751 1750
f 1751 1749 1752
f 1750 1751 1753
f 1754 1751 1752
f 1751 1754 1753
f 1754 1752 1755
f 1753 1754 1756
f 1757 1754 1755
f 1754 1757 1756
f 1757 1755 1758
f 1756 1757 1759
f 1760 1757 1758
f 1757 1760 1759
f 1760 1758 1761
f 1759 1760 1762
f 1763 1760 1761
f 1760 1763 1762
f 1763 1761 1764
f 1762 1763 1765
f 1765 1763 1764
f 1766 1767 1768
f 1769 1766 1768
f 1767 1770 1768
f 1769 1768 1771
f 1770 1771 1768
f 1772 1769 1771
f 1770 1773 1771
f 1772 1771 1774
f 1773 1774 1771
f 1775 1772 1774
f 1773 1776 1774
f 1777 1775 1774
f 1777 1774 1776
f 1777 1778 1775
f 1778 1777 1776
f 1778 1779 1775
f 1778 1776 1780
f 1778 1781 1779
f 1781 1778 1780
f 1781 1782 1779
f 1781 1783 1782
f 1781 1780 1784
f 1783 1781 1784
f 1783 1785 1782
f 1783 1784 1786
f 1783 1787 1785
f 1783 1786 1788
f 1783 1789 1787
f 1789 1783 1788
f 1789 1790 1787
f 1789 1788 1791
f 1790 1789 1791
f 1792 1793 1794
f 1792 1794 1795
f 1793 1792 1796
f 1797 1792 1795
f 1792 1797 1796
f 1797 1795 1798
f 1796 1797 1799
f 1800 1797 1798
f 1797 1800 1799
f 1800 1798 1801
f 1799 1800 1802
f 1803 1800 1801
f 1800 1803 1802
f 1803 1801 1804
f 1802 1803 1805
f 1806 1803 1804
f 1803 1806 1805
f 1806 1804 1807
f 1805 1806 1808
f 1809 1806 1807
f 1806 1809 1808
f 1809 1807 1810
f 1808 1809 1811
f 1812 1809 1810
f 1809 1812 1811
f 1812 1810 1813
f 1811 1812 1814
f 1814 1812 1813
f 1815 1816 1817
f 1816 1815 1818
f 1815 1817 1819
f 1815 1820 1818
f 1821 1815 1819
f 1815 1821 1820
f 1821 1819 1822
f 1821 1823 1820
f 1824 1821 1822
f 1821 1824 1823
f 1824 1822 1825
f 1824 1826 1823
f 1827 1824 1825
f 1824 1827 1826
f 1827 1825 1828
f 1827 1829 1826
f 1830 1827 1828
f 1827 1830 1829
f 1830 1828 1831
f 1830 1832 1829
f 1833 1830 1831
f 1830 1833 1832
f 1833 1831 1834
f 1833 1835 1832
f 1836 1833 1834
f 1833 1836 1835
f 1836 1834 1837
f 1836 1838 1835
f 1836 1837 1839
f 1838 1836 1839
f 1840 1841 1842
f 1843 1840 1842
f 1841 1844 1842
f 1845 1843 1842
f 1845 1842 1844
f 1845 1846 1843
f 1846 1845 1844
f 1846 1847 1843
f 1846 1844 1848
f 1846 1849 1847
f 1849 1846 1848
f 1849 1850 1847
f 1849 1848 1851
f 1849 1852 1850
f 1852 1849 1851
f 1852 1853 1850
f 1852 1851 1854
f 1853 1852 1854
f 1855 1856 1857
f 1858 1855 1857
f 1856 1859 1857
f 1860 1858 1857
f 1860 1857 1859
f 1860 1861 1858
f 1861 1860 1859
f 1861 1862 1858
f 1861 1859 1863
f 1861 1864 1862
f 1864 1861 1863
f 1864 1865 1862
f 1864 1863 1866
f 1864 1867 1865
f 1867 1864 1866
f 1867 1868 1865
f 1867 1866 1869
f 1868 1867 1869
f 1870 1871 1872
f 1871 1870 1873
f 1870 1872 1874
f 1870 1875 1873
f 1876 1870 1874
f 1870 1876 1875
f 1876 1874 1877
f 1876 1878 1875
f 1879 1876 1877
f 1876 1879 1878
f 1879 1877 1880
f 1879 1881 1878
f 1882 1879 1880
f 1879 1882 1881
f 1882 1880 1883
f 1882 1884 1881
f 1885 1882 1883
f 1882 1885 1884
f 1885 1883 1886
f 1885 1887 1884
f 1888 1885 1886
f 1885 1888 1887
f 1888 1886 1889
f 1888 1890 1887
f 1888 1889 1891
f 1890 1888 1891
f 1892 1893 1894
f 1895 1892 1894
f 1892 1896 1893
f 1896 1892 1897
f 1892 1895 1897
f 1895 1894 1898
f 1897 1895 1899
f 1895 1898 1900
f 1895 1901 1899
f 1902 1895 1900
f 1895 1902 1901
f 1902 1900 1903
f 1902 1904 1901
f 1905 1902 1903
f 1902 1905 1904
f 1905 1903 1906
f 1905 1907 1904
f 1908 1905 1906
f 1905 1908 1907
f 1908 1906 1909
f 1908 1910 1907
f 1910 1908 1909
f 1911 1912 1913
f 1911 1913 1914
f 1912 1911 1915
f 1915 1911 1914
f 1916 1917 1918
f 1916 1918 1919
f 1917 1916 1920
f 1920 1916 1919
f 1921 1922 1923
f 1921 1923 1924
f 1922 1921 1925
f 1925 1921 1924
f 1926 1927 1928
f 1926 1928 1929
f 1927 1926 1930
f 1930 1926 1929
f 1931 1932 1933
f 1931 1933 1934
f 1932 1931 1935
f 1935 1931 1934
f 1936 1937 1938
f 1936 1938 1939
f 1937 1936 1940
f 1940 1936 1939
f 1941 1942 1943
f 1941 1943 1944
f 1942 1941 1945
f 1945 1941 1944
f 1946 1947 1948
f 1946 1948 1949
f 1947 1946 1950
f 1950 1946 1949
f 1951 1952 1953
f 1951 1953 1954
f 1952 1951 1955
f 1955 1951 1954
f 1956 1957 1958
f 1956 1958 1959
f 1957 1956 1960
f 1960 1956 1959
f 1961 1962 1963
f 1964 1961 1963
f 1961 1965 1962
f 1965 1961 1964
f 1966 1967 1968
f 1966 1968 1969
f 1967 1966 1970
f 1970 1966 1969
f 1971 1972 1973
f 1971 1973 1974
f 1972 1971 1975
f 1975 1971 1974
f 1976 1977 1978
f 1976 1978 1979
f 1977 1976 1980
f 1980 1976 1979
f 1981 1982 1983
f 1981 1983 1984
f 1982 1981 1985
f 1985 1981 1984
f 1986 1987 1988
f 1986 1988 1989
f 1987 1986 1990
f 1990 1986 1989
f 1991 1992 1993
f 1991 1993 1994
f 1992 1991 1995
f 1995 1991 1994
f 1996 1997 1998
f 1996 1998 1999
f 1997 1996 2000
f 2000 1996 1999
f 2001 2002 2003
f 2004 2001 2003
f 2001 2005 2002
f 2005 2001 2004
f 2006 2007 2008
f 2006 2008 2009
f 2007 2006 2010
f 2010 2006 2009
f 2011 2012 2013
f 2011 2013 2014
f 2012 2011 2015
f 2015 2011 2014
f 2016 2017 2018
f 2016 2018 2019
f 2017 2016 2020
f 2020 2016 2019
f 2021 2022 2023
f 2021 2023 2024
f 2022 2021 2025
f 2025 2021 2024
f 2026 2027 2028
f 2026 2028 2029
f 2027 2026 2030
f 2030 2026 2029
f 2031 2032 2033
f 2031 2033 2034
f 2032 2031 2035
f 2035 2031 2034
f 2036 2037 2038
f 2036 2038 2039
f 2037 2036 2040
f 2040 2036 2039
f 2041 2042 2043
f 2041 2043 2044
f 2042 2041 2045
f 2045 2041 2044
f 2046 2047 2048
f 2046 2048 2049
f 2047 2046 2050
f 2050 2046 2049
f 2051 2052 2053
f 2051 2053 2054
f 2052 2051 2055
f 2055 2051 2054
f 2056 2057 2058
f 2056 2058 2059
f 2057 2056 2060
f 2060 2056 2059
f 2061 2062 2063
f 2064 2061 2063
f 2061 2065 2062
f 2065 2061 2064
f 2066 2067 2068
f 2066 2068 2069
f 2067 2066 2070
f 2070 2066 2069
f 2071 2072 2073
f 2071 2073 2074
f 2072 2071 2075
f 2075 2071 2074
f 2076 2077 2078
f 2077 2076 2079
f 2076 2078 2080
f 2076 2081 2079
f 2081 2076 2080
f 2081 2080 2082
f 2083 2081 2082
f 2083 2082 2084
f 2081 2083 2085
f 2083 2084 2086
f 2083 2087 2085
f 2087 2083 2086
f 2088 2089 2090
f 2088 2090 2091
f 2089 2088 2092
f 2092 2088 2091
f 2093 2094 2095
f 2093 2095 2096
f 2094 2093 2097
f 2097 2093 2096
f 2098 2099 2100
f 2098 2100 2101
f 2099 2098 2102
f 2102 2098 2101
f 2103 2104 2105
f 2103 2105 2106
f 2104 2103 2107
f 2108 2103 2106
f 2103 2109 2107
f 2103 2110 2109
f 2108 2111 2103
f 2111 2110 2103
f 2111 2112 2110
f 2112 2111 2113
f 2112 2113 2114
f 2115 2112 2114
f 2115 2114 2116
f 2112 2115 2117
f 2118 2115 2116
f 2115 2118 2117
f 2119 2120 2121
f 2119 2121 2122
f 2120 2119 2123
f 2123 2119 2122
f 2124 2125 2126
f 2124 2126 2127
f 2125 2124 2128
f 2128 2124 2127
f 2129 2130 2131
f 2129 2131 2132
f 2130 2129 2133
f 2133 2129 2132
f 2134 2135 2136
f 2134 2136 2137
f 2135 2134 2138
f 2138 2134 2137
f 2139 2140 2141
f 2139 2141 2142
f 2140 2139 2143
f 2143 2139 2142
f 2144 2145 2146
f 2144 2146 2147
f 2145 2144 2148
f 2148 2144 2147
f 2149 2150 2151
f 2149 2151 2152
f 2150 2149 2153
f 2153 2149 2152
f 2154 2155 2156
f 2154 2156 2157
f 2155 2154 2158
f 2158 2154 2157
f 2159 2160 2161
f 2159 2161 2162
f 2160 2159 2163
f 2163 2159 2162
f 2164 2165 2166
f 2164 2166 2167
f 2165 2164 2168
f 2168 2164 2167
f 2169 2170 2171
f 2169 2171 2172
f 2170 2169 2173
f 2173 2169 2172
f 2174 2175 2176
f 2177 2174 2176
f 2174 2178 2175
f 2178 2174 2177
f 2179 2180 2181
f 2180 2182 2181
f 2183 2180 2179
f 2184 2183 2179
f 2183 2184 2185
f 2183 2185 2186
f 2180 2183 2186
f 2180 2186 2187
f 2180 2187 2188
f 2180 2189 2182
f 2189 2180 2188
f 2189 2190 2182
f 2189 2188 2191
f 2189 2192 2190
f 2192 2189 2191
f 2192 2193 2190
f 2192 2191 2194
f 2192 2195 2193
f 2195 2192 2194
f 2195 2196 2193
f 2195 2194 2197
f 2195 2198 2196
f 2198 2195 2197
f 2198 2199 2196
f 2198 2197 2200
f 2198 2201 2199
f 2201 2198 2200
f 2201 2202 2199
f 2201 2200 2203
f 2201 2204 2202
f 2204 2201 2203
f 2204 2205 2202
f 2204 2203 2206
f 2205 2204 2206
f 2207 2208 2209
f 2208 2207 2210
f 2208 2211 2209
f 2208 2210 2212
f 2208 2213 2211
f 2213 2208 2212
f 2213 2214 2211
f 2213 2212 2215
f 2213 2216 2214
f 2216 2213 2215
f 2216 2217 2214
f 2216 2215 2218
f 2216 2219 2217
f 2219 2216 2218
f 2219 2220 2217
f 2219 2218 2221
f 2219 2222 2220
f 2222 2219 2221
f 2222 2223 2220
f 2222 2221 2224
f 2222 2225 2223
f 2225 2222 2224
f 2225 2226 2223
f 2225 2224 2227
f 2226 2225 2228
f 2225 2227 2228
f 2229 2230 2231
f 2229 2231 2232
f 2230 2229 2233
f 2234 2229 2232
f 2229 2234 2233
f 2234 2232 2235
f 2233 2234 2236
f 2237 2234 2235
f 2234 2237 2236
f 2237 2235 2238
f 2236 2237 2239
f 2240 2237 2238
f 2237 2240 2239
f 2240 2238 2241
f 2239 2240 2242
f 2243 2240 2241
f 2240 2243 2242
f 2243 2241 2244
f 2242 2243 2245
f 2246 2243 2244
f 2243 2246 2245
f 2246 2244 2247
f 2245 2246 2248
f 2249 2246 2247
f 2246 2249 2248
f 2249 2247 2250
f 2248 2249 2251
f 2252 2249 2250
f 2249 2252 2251
f 2252 2250 2253
f 2251 2252 2254
f 2254 2252 2253
f 2255 2256 2257
f 2258 2255 2257
f 2256 2259 2257
f 2258 2257 2260
f 2259 2260 2257
f 2261 2258 2260
f 2259 2262 2260
f 2261 2260 2263
f 2262 2263 2260
f 2264 2261 2263
f 2262 2265 2263
f 2264 2263 2266
f 2265 2266 2263
f 2267 2264 2266
f 2265 2268 2266
f 2267 2266 2269
f 2268 2269 2266
f 2270 2267 2269
f 2268 2271 2269
f 2270 2269 2272
f 2271 2272 2269
f 2273 2270 2272
f 2271 2274 2272
f 2273 2272 2275
f 2274 2275 2272
f 2276 2273 2275
f 2274 2277 2275
f 2276 2275 2278
f 2277 2278 2275
f 2279 2276 2278
f 2277 2280 2278
f 2281 2279 2278
f 2281 2278 2280
f 2281 2282 2279
f 2282 2281 2280
f 2282 2283 2279
f 2282 2280 2284
f 2283 2282 2284
f 2285 2286 2287
f 2285 2287 2288
f 2286 2285 2289
f 2290 2285 2288
f 2285 2290 2289
f 2290 2288 2291
f 2289 2290 2292
f 2293 2290 2291
f 2290 2293 2292
f 2293 2291 2294
f 2292 2293 2295
f 2296 2293 2294
f 2293 2296 2295
f 2296 2294 2297
f 2295 2296 2298
f 2299 2296 2297
f 2296 2299 2298
f 2299 2297 2300
f 2298 2299 2301
f 2302 2299 2300
f 2299 2302 2301
f 2302 2300 2303
f 2301 2302 2304
f 2305 2302 2303
f 2302 2305 2304
f 2305 2303 2306
f 2304 2305 2307
f 2307 2305 2306
f 2308 2309 2310
f 2308 2310 2311
f 2309 2308 2312
f 2312 2308 2311
f 2313 2314 2315
f 2316 2313 2315
f 2314 2317 2315
f 2316 2315 2318
f 2317 2318 2315
f 2319 2316 2318
f 2317 2320 2318
f 2319 2318 2321
f 2320 2321 2318
f 2322 2319 2321
f 2320 2323 2321
f 2322 2321 2324
f 2323 2324 2321
f 2325 2322 2324
f 2323 2326 2324
f 2325 2324 2327
f 2326 2327 2324
f 2328 2325 2327
f 2326 2329 2327
f 2328 2327 2330
f 2329 2330 2327
f 2331 2328 2330
f 2329 2332 2330
f 2331 2330 2333
f 2332 2333 2330
f 2334 2331 2333
f 2332 2335 2333
f 2334 2333 2336
f 2335 2336 2333
f 2337 2334 2336
f 2335 2338 2336
f 2337 2336 2338
f 2339 2337 2338
f 2339 2338 2340
f 2337 2339 2341
f 2341 2339 2340
f 2342 2343 2344
f 2342 2344 2345
f 2343 2342 2346
f 2347 2342 2345
f 2342 2347 2346
f 2347 2345 2348
f 2346 2347 2349
f 2350 2347 2348
f 2347 2350 2349
f 2350 2348 2351
f 2349 2350 2352
f 2353 2350 2351
f 2350 2353 2352
f 2353 2351 2354
f 2352 2353 2355
f 2356 2353 2354
f 2353 2356 2355
f 2356 2354 2357
f 2355 2356 2358
f 2359 2356 2357
f 2356 2359 2358
f 2359 2357 2360
f 2358 2359 2361
f 2362 2359 2360
f 2359 2362 2361
f 2362 2360 2363
f 2361 2362 2364
f 2365 2362 2363
f 2362 2365 2364
f 2365 2363 2366
f 2364 2365 2367
f 2367 2365 2366
f 2368 2369 2370
f 2371 2368 2370
f 2369 2372 2370
f 2373 2371 2370
f 2373 2370 2372
f 2373 2374 2371
f 2374 2373 2372
f 2374 2375 2371
f 2374 2372 2376
f 2374 2377 2375
f 2377 2374 2376
f 2377 2378 2375
f 2377 2376 2379
f 2377 2380 2378
f 2380 2377 2379
f 2380 2381 2378
f 2380 2379 2382
f 2381 2380 2382
f 2383 2384 2385
f 2386 2383 2385
f 2383 2387 2384
f 2387 2383 2386
f 2388 2389 2390
f 2388 2390 2391
f 2389 2388 2392
f 2392 2388 2391
f 2393 2394 2395
f 2393 2396 2394
f 2397 2393 2395
f 2397 2395 2398
f 2393 2399 2396
f 2399 2400 2396
f 2393 2397 2401
f 2393 2401 2402
f 2393 2402 2403
f 2399 2393 2403
f 2397 2404 2401
f 2399 2403 2405
f 2406 2397 2398
f 2397 2406 2404
f 2406 2398 2407
f 2406 2407 2404
f 2398 2408 2407
f 2409 2404 2407
f 2408 2410 2407
f 2409 2407 2410
f 2408 2411 2410
f 2412 2409 2410
f 2411 2413 2410
f 2412 2410 2413
f 2411 2414 2413
f 2415 2412 2413
f 2414 2415 2413
f 2399 2405 2416
f 2400 2399 2416
f 2417 2416 2405
f 2400 2416 2417
f 2405 2418 2417
f 2419 2400 2417
f 2418 2420 2417
f 2418 2419 2420
f 2419 2417 2420
f 2421 2422 2423
f 2421 2423 2424
f 2422 2421 2425
f 2425 2421 2424
f 2426 2427 2428
f 2426 2428 2429
f 2427 2426 2430
f 2430 2426 2429
f 2431 2432 2433
f 2431 2434 2432
f 2435 2431 2433
f 2431 2436 2434
f 2435 2433 2437
f 2436 2438 2434
f 2436 2439 2438
f 2439 2440 2438
f 2439 2441 2440
f 2441 2442 2440
f 2441 2443 2442
f 2443 2444 2442
f 2443 2445 2444
f 2445 2446 2444
f 2445 2447 2446
f 2448 2435 2437
f 2448 2437 2449
f 2448 2449 2450
f 2451 2448 2450
f 2451 2450 2452
f 2453 2451 2452
f 2453 2452 2454
f 2455 2453 2454
f 2455 2454 2456
f 2457 2455 2456
f 2457 2456 2458
f 2459 2457 2458
f 2459 2458 2460
f 2461 2459 2460
f 2461 2460 2462
f 2463 2461 2462
f 2463 2462 2464
f 2465 2463 2464
f 2466 2465 2464
f 2466 2464 2467
f 2468 2466 2467
f 2468 2467 2469
f 2470 2468 2469
f 2471 2468 2470
f 2447 2471 2470
f 2447 2470 2446
f 2472 2473 2474
f 2472 2474 2475
f 2473 2472 2476
f 2476 2472 2475
f 2477 2478 2479
f 2477 2479 2480
f 2478 2477 2481
f 2482 2477 2480
f 2477 2482 2481
f 2482 2480 2483
f 2481 2482 2484
f 2485 2482 2483
f 2482 2485 2484
f 2485 2483 2486
f 2484 2485 2487
f 2488 2485 2486
f 2485 2488 2487
f 2488 2486 2489
f 2487 2488 2490
f 2491 2488 2489
f 2488 2491 2490
f 2491 2489 2492
f 2490 2491 2493
f 2494 2491 2492
f 2491 2494 2493
f 2494 2492 2495
f 2493 2494 2496
f 2497 2494 2495
f 2494 2497 2496
f 2497 2495 2498
f 2496 2497 2499
f 2500 2497 2498
f 2497 2500 2499
f 2500 2498 2501
f 2499 2500 2502
f 2503 2500 2501
f 2500 2503 2502
f 2503 2501 2504
f 2502 2503 2505
f 2505 2503 2504
f 2506 2507 2508
f 2506 2508 2509
f 2507 2506 2510
f 2510 2506 2509
f 2511 2512 2513
f 2514 2511 2513
f 2511 2515 2512
f 2515 2511 2514
f 2516 2517 2518
f 2516 2518 2519
f 2517 2516 2520
f 2520 2516 2519
f 2521 2522 2523
f 2521 2523 2524
f 2522 2521 2525
f 2525 2521 2524
f 2526 2527 2528
f 2526 2528 2529
f 2527 2526 2530
f 2530 2526 2529
f 2531 2532 2533
f 2531 2533 2534
f 2532 2531 2535
f 2535 2531 2534
f 2536 2537 2538
f 2539 2536 2538
f 2536 2540 2537
f 2540 2536 2539
f 2541 2542 2543
f 2541 2543 2544
f 2542 2541 2545
f 2545 2541 2544
f 2546 2547 2548
f 2546 2548 2549
f 2547 2546 2550
f 2550 2546 2549
f 2551 2552 2553
f 2551 2553 2554
f 2552 2551 2555
f 2555 2551 2554
f 2556 2557 2558
f 2556 2558 2559
f 2557 2556 2560
f 2560 2556 2559
f 2561 2562 2563
f 2564 2561 2563
f 2561 2565 2562
f 2565 2561 2564
f 2566 2567 2568
f 2566 2568 2569
f 2567 2566 2570
f 2570 2566 2569
f 2571 2572 2573
f 2571 2574 2572
f 2575 2571 2573
f 2575 2573 2576
f 2571 2577 2574
f 2577 2578 2574
f 2571 2575 2579
f 2571 2579 2580
f 2571 2580 2581
f 2577 2571 2581
f 2575 2582 2579
f 2577 2581 2583
f 2584 2575 2576
f 2575 2584 2582
f 2584 2576 2585
f 2584 2585 2582
f 2576 2586 2585
f 2587 2582 2585
f 2586 2588 2585
f 2587 2585 2588
f 2586 2589 2588
f 2590 2587 2588
f 2589 2591 2588
f 2590 2588 2591
f 2589 2592 2591
f 2593 2590 2591
f 2592 2593 2591
f 2577 2583 2594
f 2578 2577 2594
f 2595 2594 2583
f 2578 2594 2595
f 2583 2596 2595
f 2597 2578 2595
f 2596 2598 2595
f 2596 2597 2598
f 2597 2595 2598
f 2599 2600 2601
f 2599 2601 2602
f 2600 2599 2603
f 2603 2599 2602
f 2604 2605 2606
f 2604 2606 2607
f 2605 2604 2608
f 2608 2604 2607
f 2609 2610 2611
f 2609 2612 2610
f 2613 2609 2611
f 2609 2614 2612
f 2613 2611 2615
f 2614 2616 2612
f 2614 2617 2616
f 2617 2618 2616
f 2617 2619 2618
f 2619 2620 2618
f 2619 2621 2620
f 2621 2622 2620
f 2621 2623 2622
f 2623 2624 2622
f 2623 2625 2624
f 2626 2613 2615
f 2626 2615 2627
f 2626 2627 2628
f 2629 2626 2628
f 2629 2628 2630
f 2631 2629 2630
f 2631 2630 2632
f 2633 2631 2632
f 2633 2632 2634
f 2635 2633 2634
f 2635 2634 2636
f 2637 2635 2636
f 2637 2636 2638
f 2639 2637 2638
f 2639 2638 2640
f 2641 2639 2640
f 2641 2640 2642
f 2643 2641 2642
f 2644 2643 2642
f 2644 2642 2645
f 2646 2644 2645
f 2646 2645 2647
f 2648 2646 2647
f 2649 2646 2648
f 2625 2649 2648
f 2625 2648 2624
f 2650 2651 2652
f 2650 2652 2653
f 2651 2650 2654
f 2654 2650 2653
f 2655 2656 2657
f 2655 2657 2658
f 2656 2655 2659
f 2660 2655 2658
f 2655 2660 2659
f 2660 2658 2661
f 2659 2660 2662
f 2663 2660 2661
f 2660 2663 2662
f 2663 2661 2664
f 2662 2663 2665
f 2666 2663 2664
f 2663 2666 2665
f 2666 2664 2667
f 2665 2666 2668
f 2669 2666 2667
f 2666 2669 2668
f 2669 2667 2670
f 2668 2669 2671
f 2672 2669 2670
f 2669 2672 2671
f 2672 2670 2673
f 2671 2672 2674
f 2675 2672 2673
f 2672 2675 2674
f 2675 2673 2676
f 2674 2675 2677
f 2678 2675 2676
f 2675 2678 2677
f 2678 2676 2679
f 2677 2678 2680
f 2681 2678 2679
f 2678 2681 2680
f 2681 2679 2682
f 2680 2681 2683
f 2683 2681 2682
f 2684 2685 2686
f 2684 2686 2687
f 2685 2684 2688
f 2688 2684 2687
f 2689 2690 2691
f 2692 2689 2691
f 2689 2693 2690
f 2693 2689 2692
f 2694 2695 2696
f 2694 2696 2697
f 2695 2694 2698
f 2698 2694 2697
f 2699 2700 2701
f 2699 2702 2700
f 2700 2703 2701
f 2702 2703 2700
f 2702 2704 2703
f 2704 2702 2705
f 2704 2706 2703
f 2704 2705 2707
f 2704 2708 2706
f 2709 2704 2707
f 2704 2709 2708
f 2709 2707 2710
f 2709 2711 2708
f 2711 2709 2710
f 2712 2713 2714
f 2712 2714 2715
f 2713 2712 2716
f 2716 2712 2715
f 2717 2718 2719
f 2717 2719 2720
f 2718 2717 2721
f 2722 2717 2720
f 2717 2722 2721
f 2721 2722 2723
f 2720 2724 2722
f 2724 2723 2722
f 2724 2725 2723
f 2724 2726 2725
f 2726 2724 2727
f 2726 2728 2725
f 2726 2727 2729
f 2728 2726 2729
f 2730 2731 2732
f 2730 2732 2733
f 2731 2730 2734
f 2734 2730 2733
f 2735 2736 2737
f 2735 2737 2738
f 2736 2735 2739
f 2739 2735 2738
f 2740 2741 2742
f 2743 2740 2742
f 2740 2744 2741
f 2744 2740 2743
f 2745 2746 2747
f 2746 2748 2747
f 2749 2746 2745
f 2750 2749 2745
f 2749 2750 2751
f 2749 2751 2752
f 2746 2749 2752
f 2746 2752 2753
f 2746 2753 2754
f 2746 2755 2748
f 2755 2746 2754
f 2755 2756 2748
f 2755 2754 2757
f 2755 2758 2756
f 2758 2755 2757
f 2758 2759 2756
f 2758 2757 2760
f 2758 2761 2759
f 2761 2758 2760
f 2761 2762 2759
f 2761 2760 2763
f 2761 2764 2762
f 2764 2761 2763
f 2764 2765 2762
f 2764 2763 2766
f 2764 2767 2765
f 2767 2764 2766
f 2767 2768 2765
f 2767 2766 2769
f 2767 2770 2768
f 2770 2767 2769
f 2770 2771 2768
f 2770 2769 2772
f 2771 2770 2772
f 2773 2774 2775
f 2774 2773 2776
f 2774 2777 2775
f 2774 2776 2778
f 2774 2779 2777
f 2779 2774 2778
f 2779 2780 2777
f 2779 2778 2781
f 2779 2782 2780
f 2782 2779 2781
f 2782 2783 2780
f 2782 2781 2784
f 2782 2785 2783
f 2785 2782 2784
f 2785 2786 2783
f 2785 2784 2787
f 2785 2788 2786
f 2788 2785 2787
f 2788 2789 2786
f 2788 2787 2790
f 2788 2791 2789
f 2791 2788 2790
f 2791 2792 2789
f 2791 2790 2793
f 2792 2791 2794
f 2791 2793 2794
f 2795 2796 2797
f 2795 2797 2798
f 2796 2795 2799
f 2800 2795 2798
f 2795 2800 2799
f 2800 2798 2801
f 2799 2800 2802
f 2803 2800 2801
f 2800 2803 2802
f 2803 2801 2804
f 2802 2803 2805
f 2806 2803 2804
f 2803 2806 2805
f 2806 2804 2807
f 2805 2806 2808
f 2809 2806 2807
f 2806 2809 2808
f 2809 2807 2810
f 2808 2809 2811
f 2812 2809 2810
f 2809 2812 2811
f 2812 2810 2813
f 2811 2812 2814
f 2815 2812 2813
f 2812 2815 2814
f 2815 2813 2816
f 2814 2815 2817
f 2818 2815 2816
f 2815 2818 2817
f 2818 2816 2819
f 2817 2818 2820
f 2820 2818 2819
f 2821 2822 2823
f 2824 2821 2823
f 2822 2825 2823
f 2824 2823 2826
f 2825 2826 2823
f 2827 2824 2826
f 2825 2828 2826
f 2827 2826 2829
f 2828 2829 2826
f 2830 2827 2829
f 2828 2831 2829
f 2830 2829 2832
f 2831 2832 2829
f 2833 2830 2832
f 2831 2834 2832
f 2833 2832 2835
f 2834 2835 2832
f 2836 2833 2835
f 2834 2837 2835
f 2836 2835 2838
f 2837 2838 2835
f 2839 2836 2838
f 2837 2840 2838
f 2839 2838 2841
f 2840 2841 2838
f 2842 2839 2841
f 2840 2843 2841
f 2842 2841 2844
f 2843 2844 2841
f 2845 2842 2844
f 2843 2846 2844
f 2847 2845 2844
f 2847 2844 2846
f 2847 2848 2845
f 2848 2847 2846
f 2848 2849 2845
f 2848 2846 2850
f 2849 2848 2850
f 2851 2852 2853
f 2851 2853 2854
f 2852 2851 2855
f 2856 2851 2854
f 2851 2856 2855
f 2856 2854 2857
f 2855 2856 2858
f 2859 2856 2857
f 2856 2859 2858
f 2859 2857 2860
f 2858 2859 2861
f 2862 2859 2860
f 2859 2862 2861
f 2862 2860 2863
f 2861 2862 2864
f 2865 2862 2863
f 2862 2865 2864
f 2865 2863 2866
f 2864 2865 2867
f 2868 2865 2866
f 2865 2868 2867
f 2868 2866 2869
f 2867 2868 2870
f 2871 2868 2869
f 2868 2871 2870
f 2871 2869 2872
f 2870 2871 2873
f 2873 2871 2872
f 2874 2875 2876
f 2874 2876 2877
f 2875 2874 2878
f 2878 2874 2877
f 2879 2880 2881
f 2882 2879 2881
f 2880 2883 2881
f 2882 2881 2884
f 2883 2884 2881
f 2885 2882 2884
f 2883 2886 2884
f 2885 2884 2887
f 2886 2887 2884
f 2888 2885 2887
f 2886 2889 2887
f 2888 2887 2890
f 2889 2890 2887
f 2891 2888 2890
f 2889 2892 2890
f 2891 2890 2893
f 2892 2893 2890
f 2894 2891 2893
f 2892 2895 2893
f 2894 2893 2896
f 2895 2896 2893
f 2897 2894 2896
f 2895 2898 2896
f 2897 2896 2899
f 2898 2899 2896
f 2900 2897 2899
f 2898 2901 2899
f 2900 2899 2902
f 2901 2902 2899
f 2903 2900 2902
f 2901 2904 2902
f 2903 2902 2904
f 2905 2903 2904
f 2905 2904 2906
f 2903 2905 2907
f 2907 2905 2906
f 2908 2909 2910
f 2908 2910 2911
f 2909 2908 2912
f 2913 2908 2911
f 2908 2913 2912
f 2913 2911 2914
f 2912 2913 2915
f 2916 2913 2914
f 2913 2916 2915
f 2916 2914 2917
f 2915 2916 2918
f 2919 2916 2917
f 2916 2919 2918
f 2919 2917 2920
f 2918 2919 2921
f 2922 2919 2920
f 2919 2922 2921
f 2922 2920 2923
f 2921 2922 2924
f 2925 2922 2923
f 2922 2925 2924
f 2925 2923 2926
f 2924 2925 2927
f 2928 2925 2926
f 2925 2928 2927
f 2928 2926 2929
f 2927 2928 2930
f 2931 2928 2929
f 2928 2931 2930
f 2931 2929 2932
f 2930 2931 2933
f 2933 2931 2932
f 2934 2935 2936
f 2937 2934 2936
f 2935 2938 2936
f 2939 2937 2936
f 2939 2936 2938
f 2939 2940 2937
f 2940 2939 2938
f 2940 2941 2937
f 2940 2938 2942
f 2940 2943 2941
f 2943 2940 2942
f 2943 2944 2941
f 2943 2942 2945
f 2943 2946 2944
f 2946 2943 2945
f 2946 2947 2944
f 2946 2945 2948
f 2947 2946 2948
f 2949 2950 2951
f 2952 2949 2951
f 2949 2953 2950
f 2953 2949 2952
