# ROS coordinates: X forward, Y left, Z up; units are metres.
o mesh
v 0.0484924279 0.0184999965 0.20737502
v 0.0487673767 0.0184999965 0.207363784
v 0.0484924279 0.0185124911 0.207375
v 0.0508789122 0.0186124928 0.201613516
v 0.0507198125 0.0184999965 0.20177263
v 0.0508789122 0.0184999965 0.201613516
v 0.0480915569 0.0174999945 0.2069731
v 0.0484924279 0.0174999945 0.207000017
v 0.0484924279 0.0184999965 0.207000017
v 0.04794654 0.0184999965 0.206949919
v 0.04769788 0.0174999945 0.206892878
v 0.0473881438 0.0184999965 0.206789374
v 0.04754588 0.0174999945 0.206846774
v 0.04769788 0.0104999952 0.206892878
v 0.04754588 0.0104999952 0.206846774
v 0.0471487753 0.0174999945 0.20668228
v 0.0468508 0.0184999965 0.206510991
v 0.0470086932 0.0174999945 0.2066074
v 0.0466513075 0.0174999945 0.20636861
v 0.0463711061 0.0184999965 0.206121325
v 0.0470761545 0.0144999959 0.206644654
v 0.0470086932 0.0104999952 0.2066074
v 0.0471487753 0.0104999952 0.20668228
v 0.0465285219 0.0174999945 0.206267849
v 0.046636086 0.0144999959 0.2063567
v 0.0466513075 0.0104999952 0.20636861
v 0.0465285219 0.0104999952 0.206267849
v 0.04622459 0.0174999945 0.20596391
v 0.046123825 0.0174999945 0.205841124
v 0.04622459 0.0104999952 0.20596391
v 0.046123825 0.0104999952 0.205841124
v 0.04598144 0.0184999965 0.205641642
v 0.04588503 0.0174999945 0.20548375
v 0.04581015 0.0174999945 0.205343664
v 0.04588503 0.0104999952 0.20548375
v 0.04581015 0.0104999952 0.205343664
v 0.0457030647 0.0184999965 0.205104291
v 0.0456456654 0.0174999945 0.204946548
v 0.0455995575 0.0174999945 0.204794556
v 0.0456456654 0.0104999952 0.204946548
v 0.0455995575 0.0104999952 0.204794556
v 0.0455425121 0.0184999965 0.2045459
v 0.0455157049 0.0174999945 0.204373
v 0.0455001369 0.0174999945 0.204214931
v 0.0455157049 0.0104999952 0.204373
v 0.0455001369 0.0104999952 0.204214931
v 0.04549243 0.0184999965 0.204000011
v 0.0455001369 0.0174999945 0.203785092
v 0.0455425121 0.0184999965 0.203454122
v 0.0455157049 0.0174999945 0.20362702
v 0.0455001369 0.0104999952 0.203785092
v 0.0455157049 0.0104999952 0.20362702
v 0.0455995575 0.0174999945 0.203205466
v 0.0457030647 0.0184999965 0.202895731
v 0.0456456654 0.0174999945 0.20305346
v 0.0455995575 0.0104999952 0.203205466
v 0.0456456654 0.0104999952 0.20305346
v 0.04581015 0.0174999945 0.202656358
v 0.04598144 0.0184999965 0.20235838
v 0.04588503 0.0174999945 0.202516273
v 0.04581015 0.0104999952 0.202656358
v 0.04588503 0.0104999952 0.202516273
v 0.046123825 0.0174999945 0.202158883
v 0.0463711061 0.0184999965 0.2018787
v 0.04622459 0.0174999945 0.202036113
v 0.0461357348 0.0144999959 0.202143669
v 0.046123825 0.0104999952 0.202158883
v 0.04622459 0.0104999952 0.202036113
v 0.0465285219 0.0174999945 0.201732174
v 0.0466513075 0.0174999945 0.201631412
v 0.0468508 0.0184999965 0.201489031
v 0.046636086 0.0144999959 0.201643318
v 0.0465285219 0.0104999952 0.201732174
v 0.0466513075 0.0104999952 0.201631412
v 0.0470086932 0.0174999945 0.2013926
v 0.0471487753 0.0174999945 0.201317728
v 0.0470086932 0.0104999952 0.2013926
v 0.0471487753 0.0104999952 0.201317728
v 0.0473881438 0.0184999965 0.201210648
v 0.04754588 0.0174999945 0.201153249
v 0.04769788 0.0174999945 0.201107144
v 0.04754588 0.0104999952 0.201153249
v 0.04769788 0.0104999952 0.201107144
v 0.04794654 0.0184999965 0.201050088
v 0.0480915569 0.0174999945 0.201026917
v 0.0484924279 0.0184999965 0.201
v 0.0484924279 0.0174999945 0.201
v 0.0488933 0.0174999945 0.201026917
v 0.0489408821 0.0184999965 0.201033711
v 0.0492869765 0.0174999945 0.201107144
v 0.0493955053 0.0184999965 0.201139152
v 0.0492869765 0.0104999952 0.201107144
v 0.0494389758 0.0174999945 0.201153249
v 0.0494389758 0.0104999952 0.201153249
v 0.04983908 0.0184999965 0.201319233
v 0.04983608 0.0174999945 0.201317728
v 0.04983608 0.0104999952 0.201317728
v 0.0499087 0.0144999959 0.201355368
v 0.0499761626 0.0104999952 0.2013926
v 0.0499761626 0.0174999945 0.2013926
v 0.0502534434 0.0184999965 0.201571256
v 0.05033355 0.0174999945 0.201631412
v 0.0504563339 0.0174999945 0.201732174
v 0.0506217852 0.0184999965 0.201886758
v 0.05034877 0.0144999959 0.201643318
v 0.05033355 0.0104999952 0.201631412
v 0.0504563339 0.0104999952 0.201732174
v 0.0507602654 0.0174999945 0.202036113
v 0.0509308241 0.0184999965 0.202252373
v 0.05086103 0.0174999945 0.202158883
v 0.0507602654 0.0104999952 0.202036113
v 0.05086103 0.0104999952 0.202158883
v 0.0510998257 0.0174999945 0.202516273
v 0.0511723645 0.0184999965 0.2026517
v 0.0510998257 0.0104999952 0.202516273
v 0.051174704 0.0174999945 0.202656358
v 0.051174704 0.0104999952 0.202656358
v 0.05133919 0.0174999945 0.20305346
v 0.0513438061 0.0184999965 0.203067452
v 0.05133919 0.0104999952 0.20305346
v 0.0513853 0.0174999945 0.203205466
v 0.0513853 0.0104999952 0.203205466
v 0.05145457 0.0184999965 0.2035249
v 0.05146915 0.0174999945 0.20362702
v 0.05148472 0.0174999945 0.203785092
v 0.05146915 0.0104999952 0.20362702
v 0.05148472 0.0104999952 0.203785092
v 0.0514924265 0.0184999965 0.204000011
v 0.05148472 0.0174999945 0.204214931
v 0.05145457 0.0184999965 0.2044751
v 0.05146915 0.0174999945 0.204373
v 0.05148472 0.0104999952 0.204214931
v 0.05146915 0.0104999952 0.204373
v 0.0513853 0.0174999945 0.204794556
v 0.0513438061 0.0184999965 0.204932556
v 0.0513853 0.0104999952 0.204794556
v 0.05133919 0.0174999945 0.204946548
v 0.05133919 0.0104999952 0.204946548
v 0.0511723645 0.0184999965 0.205348313
v 0.051174704 0.0174999945 0.205343664
v 0.051174704 0.0104999952 0.205343664
v 0.0510998257 0.0174999945 0.20548375
v 0.0510998257 0.0104999952 0.20548375
v 0.0509308241 0.0184999965 0.205747634
v 0.05086103 0.0174999945 0.205841124
v 0.0507602654 0.0174999945 0.20596391
v 0.0506217852 0.0184999965 0.206113264
v 0.05084912 0.0144999959 0.205856353
v 0.05086103 0.0104999952 0.205841124
v 0.0507602654 0.0104999952 0.20596391
v 0.0504563339 0.0174999945 0.206267849
v 0.0502534434 0.0184999965 0.206428766
v 0.05033355 0.0174999945 0.20636861
v 0.0499761626 0.0174999945 0.2066074
v 0.04983908 0.0184999965 0.206680775
v 0.0499761626 0.0104999952 0.2066074
v 0.05034877 0.0144999959 0.2063567
v 0.05033355 0.0104999952 0.20636861
v 0.0504563339 0.0104999952 0.206267849
v 0.04983608 0.0174999945 0.20668228
v 0.04983608 0.0104999952 0.20668228
v 0.0494389758 0.0174999945 0.206846774
v 0.0493955053 0.0184999965 0.206860855
v 0.0494389758 0.0104999952 0.206846774
v 0.0492869765 0.0174999945 0.206892878
v 0.0492869765 0.0104999952 0.206892878
v 0.0489408821 0.0184999965 0.206966311
v 0.0488933 0.0174999945 0.2069731
v 0.0484924279 0.0184999965 0.207000017
v 0.0484924279 0.0174999945 0.207000017
v 0.0430998355 0.0270999931 0.210077479
v 0.0425119922 0.0290999971 0.209500015
v 0.0425119922 0.0270999931 0.209500015
v 0.0434648357 0.0298499949 0.210382715
v 0.043754 0.0270999931 0.210600227
v 0.0424175672 0.0298499949 0.209395528
v 0.04164766 0.0290999971 0.208377779
v 0.0446566865 0.0298499949 0.2111626
v 0.04446644 0.0270999931 0.211057425
v 0.0452268422 0.0270999931 0.211439878
v 0.04156482 0.0298499949 0.208245456
v 0.0409624651 0.0290999971 0.207052112
v 0.04593221 0.0298499949 0.211711109
v 0.04602308 0.0270999931 0.211740673
v 0.04684186 0.0270999931 0.211955592
v 0.04722915 0.0298499949 0.212026209
v 0.0476694554 0.0270999931 0.21208322
v 0.0484924279 0.0270999931 0.212125
v 0.0484924279 0.0325999968 0.212125
v 0.04701398 0.0325999968 0.211989373
v 0.0455016568 0.0325999968 0.211554542
v 0.04404635 0.0325999968 0.2108006
v 0.0433712564 0.0325999968 0.210307881
v 0.0427471846 0.0325999968 0.209745258
v 0.0421845578 0.0325999968 0.209121183
v 0.04169184 0.0325999968 0.208446085
v 0.0409379 0.0325999968 0.206990778
v 0.0409379 0.0298499949 0.206990778
v 0.04054606 0.0298499949 0.205694363
v 0.04050307 0.0325999968 0.20547846
v 0.0405203924 0.0290999971 0.205569148
v 0.0404105559 0.0298499949 0.204836071
v 0.0403674319 0.0325999968 0.204000011
v 0.0403674319 0.0290999971 0.204000011
v 0.0403674319 0.0298499949 0.204000011
v 0.0404105559 0.0298499949 0.203163952
v 0.04050307 0.0325999968 0.202521563
v 0.0405203924 0.0290999971 0.202430874
v 0.04054606 0.0298499949 0.20230566
v 0.040781334 0.0298499949 0.2014398
v 0.0409379 0.0325999968 0.201009244
v 0.0409624651 0.0290999971 0.200947911
v 0.0411207527 0.0298499949 0.200583279
v 0.04169184 0.0325999968 0.199553937
v 0.04164766 0.0290999971 0.199622244
v 0.04156482 0.0298499949 0.199754566
v 0.04210972 0.0298499949 0.198972419
v 0.0421845578 0.0325999968 0.19887884
v 0.0427471846 0.0298499949 0.198254764
v 0.0425119922 0.0290999971 0.1985
v 0.0427471846 0.0325999968 0.198254764
v 0.0425119922 0.0270999931 0.1985
v 0.0433712564 0.0325999968 0.197692141
v 0.0430998355 0.0271 0.197922543
v 0.0434648357 0.0298499949 0.1976173
v 0.043754 0.0271 0.1973998
v 0.04404635 0.0325999968 0.197199419
v 0.0442469753 0.0298499949 0.1970724
v 0.04446644 0.0271 0.1969426
v 0.0450757 0.0298499949 0.196628332
v 0.0455016568 0.0325999968 0.19644548
v 0.0452268422 0.0271 0.196560144
v 0.04593221 0.0298499949 0.196288913
v 0.04602308 0.0271 0.19625935
v 0.04701398 0.0325999968 0.196010649
v 0.04679808 0.0298499949 0.196053639
v 0.04684186 0.0271 0.19604443
v 0.0476563647 0.0298499949 0.195918143
v 0.0476694554 0.0271 0.1959168
v 0.0484924279 0.0325999968 0.195875019
v 0.0484924279 0.0271 0.195875019
v 0.0497557074 0.0298499949 0.195973814
v 0.0499708764 0.0325999968 0.196010649
v 0.0499708764 0.0271 0.196010649
v 0.0510526448 0.0298499949 0.196288913
v 0.0514832 0.0325999968 0.19644548
v 0.0514832 0.0271 0.19644548
v 0.05232817 0.0298499949 0.196837425
v 0.052938506 0.0325999968 0.197199419
v 0.05352002 0.0298499949 0.1976173
v 0.052938506 0.0271 0.197199419
v 0.0536136 0.0325999968 0.197692141
v 0.0536136 0.0271 0.197692141
v 0.05423767 0.0325999968 0.198254764
v 0.05423767 0.0270999931 0.198254764
v 0.05456729 0.0298499949 0.1986045
v 0.0548002981 0.0325999968 0.19887884
v 0.0554200374 0.0298499949 0.199754566
v 0.0548002981 0.0270999931 0.19887884
v 0.0552930161 0.0325999968 0.199553937
v 0.0552930161 0.0270999931 0.199553937
v 0.05604696 0.0325999968 0.201009244
v 0.05604696 0.0270999931 0.201009244
v 0.05604696 0.0298499949 0.201009244
v 0.0564388 0.0298499949 0.20230566
v 0.0564817861 0.0325999968 0.202521563
v 0.0564817861 0.0270999931 0.202521563
v 0.0565743 0.0298499949 0.203163952
v 0.0566174276 0.0325999968 0.204000011
v 0.0566174276 0.0270999931 0.204000011
v 0.0566174276 0.0298499949 0.204000011
v 0.0565743 0.0298499949 0.204836071
v 0.0564817861 0.0325999968 0.20547846
v 0.0564817861 0.0270999931 0.20547846
v 0.0564388 0.0298499949 0.205694363
v 0.0562035181 0.0298499949 0.206560224
v 0.05604696 0.0325999968 0.206990778
v 0.05604696 0.0270999931 0.206990778
v 0.0558641031 0.0298499949 0.207416743
v 0.0552930161 0.0325999968 0.208446085
v 0.0552930161 0.0270999931 0.208446085
v 0.0554200374 0.0298499949 0.208245456
v 0.0548751354 0.0298499949 0.2090276
v 0.0548002981 0.0325999968 0.209121183
v 0.05423767 0.0298499949 0.209745258
v 0.0548002981 0.0270999931 0.209121183
v 0.05423767 0.0325999968 0.209745258
v 0.05423767 0.0270999931 0.209745258
v 0.0536136 0.0325999968 0.210307881
v 0.0536136 0.0270999931 0.210307881
v 0.05352002 0.0298499949 0.210382715
v 0.052938506 0.0325999968 0.2108006
v 0.052938506 0.0270999931 0.2108006
v 0.05273788 0.0298499949 0.210927621
v 0.0519091561 0.0298499949 0.21137169
v 0.0514832 0.0325999968 0.211554542
v 0.0514832 0.0270999931 0.211554542
v 0.0510526448 0.0298499949 0.211711109
v 0.0499708764 0.0325999968 0.211989373
v 0.0499708764 0.0270999931 0.211989373
v 0.0501867756 0.0298499949 0.211946383
v 0.04932849 0.0298499949 0.212081879
v 0.0484924279 0.0325999968 0.212125
v 0.0484924279 0.0270999931 0.212125
v 0.0484924279 0.0244999938 0.209375009
v 0.0476832055 0.0244999938 0.20931375
v 0.0484924279 0.0239999928 0.209375009
v 0.0475143753 0.0239999928 0.209285274
v 0.0468924269 0.0244999938 0.209131345
v 0.04651392 0.0239999928 0.208997622
v 0.046798747 0.0244999938 0.2091012
v 0.0468924269 0.0249999948 0.209131345
v 0.0461360961 0.0249999948 0.208830982
v 0.0459549353 0.0244999938 0.208738342
v 0.0455511771 0.0239999928 0.208498865
v 0.0454079248 0.0249999948 0.208401889
v 0.04516648 0.0244999938 0.208222419
v 0.04469173 0.0239999928 0.207800716
v 0.04473996 0.0249999948 0.20784834
v 0.0444736741 0.0244999938 0.207569361
v 0.0439935774 0.0239999928 0.206941262
v 0.0441628434 0.0249999948 0.207185179
v 0.04390955 0.0244999938 0.206808537
v 0.04370154 0.0249999948 0.206436813
v 0.0434948169 0.0239999928 0.205978513
v 0.0434948169 0.0244999938 0.205978513
v 0.043371927 0.0249999948 0.205634356
v 0.0432356 0.0244999938 0.205120891
v 0.04320716 0.0239999928 0.204978064
v 0.0431174263 0.0244999938 0.204000011
v 0.04317903 0.0249999948 0.204811469
v 0.0431174263 0.0239999928 0.204000011
v 0.0431174263 0.0249999948 0.204000011
v 0.04320716 0.0239999928 0.203021958
v 0.04317903 0.0249999948 0.203188553
v 0.0432356 0.0244999938 0.202879131
v 0.0434948169 0.0239999928 0.202021509
v 0.043371927 0.0249999948 0.202365667
v 0.04361578 0.0244999938 0.201739714
v 0.0439935774 0.0239999928 0.20105876
v 0.04370154 0.0249999948 0.201563209
v 0.04427002 0.0244999938 0.200674057
v 0.0441628434 0.0249999948 0.200814843
v 0.04469173 0.0239999928 0.2001993
v 0.04473996 0.0249999948 0.200151682
v 0.04516648 0.0244999938 0.1997776
v 0.0455511771 0.0239999928 0.199501157
v 0.0454079248 0.0249999948 0.199598134
v 0.0462321341 0.0244999938 0.199123353
v 0.0461360961 0.0249999948 0.19916904
v 0.04651392 0.0239999928 0.1990024
v 0.0468924269 0.0249999948 0.198868677
v 0.0468924269 0.0244999938 0.198868677
v 0.0475143753 0.0239999928 0.198714748
v 0.0476832055 0.0244999938 0.198686272
v 0.0484924279 0.0239999928 0.198625013
v 0.0484924279 0.0244999938 0.198625013
v 0.04930165 0.0244999938 0.198686272
v 0.04947048 0.0239999928 0.198714748
v 0.05009243 0.0244999938 0.198868677
v 0.050470937 0.0239999928 0.1990024
v 0.05018611 0.0244999938 0.198898822
v 0.05009243 0.0249999948 0.198868677
v 0.05084876 0.0249999948 0.19916904
v 0.05102992 0.0244999938 0.19926168
v 0.05143368 0.0239999928 0.199501157
v 0.05157693 0.0249999948 0.199598134
v 0.0518183745 0.0244999938 0.1997776
v 0.0522931255 0.0239999928 0.2001993
v 0.0522448942 0.0249999948 0.200151682
v 0.05251118 0.0244999938 0.200430661
v 0.05299128 0.0239999928 0.20105876
v 0.0528220125 0.0249999948 0.200814843
v 0.0530753061 0.0244999938 0.201191485
v 0.0532833152 0.0249999948 0.201563209
v 0.05349004 0.0239999928 0.202021509
v 0.05349004 0.0244999938 0.202021509
v 0.05361293 0.0249999948 0.202365667
v 0.0537492558 0.0244999938 0.202879131
v 0.0537776947 0.0239999928 0.203021958
v 0.05386743 0.0244999938 0.204000011
v 0.0538058244 0.0249999948 0.203188553
v 0.05386743 0.0239999928 0.204000011
v 0.05386743 0.0249999948 0.204000011
v 0.0537776947 0.0239999928 0.204978064
v 0.0538058244 0.0249999948 0.204811469
v 0.0537492558 0.0244999938 0.205120891
v 0.05349004 0.0239999928 0.205978513
v 0.05361293 0.0249999948 0.205634356
v 0.0533690751 0.0244999938 0.206260309
v 0.05299128 0.0239999928 0.206941262
v 0.0532833152 0.0249999948 0.206436813
v 0.0527148359 0.0244999938 0.207325965
v 0.0528220125 0.0249999948 0.207185179
v 0.0522931255 0.0239999928 0.207800716
v 0.0522448942 0.0249999948 0.20784834
v 0.0518183745 0.0244999938 0.208222419
v 0.05143368 0.0239999928 0.208498865
v 0.05157693 0.0249999948 0.208401889
v 0.05075272 0.0244999938 0.208876655
v 0.05084876 0.0249999948 0.208830982
v 0.050470937 0.0239999928 0.208997622
v 0.05009243 0.0249999948 0.209131345
v 0.05009243 0.0244999938 0.209131345
v 0.04947048 0.0239999928 0.209285274
v 0.04930165 0.0244999938 0.20931375
v 0.0484924279 0.0239999928 0.209375009
v 0.0484924279 0.0244999938 0.209375009
v 0.0484924279 0.0184999965 0.20737502
v 0.0484924279 0.0185124911 0.207375
v 0.04803668 0.0185334422 0.2073441
v 0.0478783026 0.0184999965 0.207318664
v 0.04752462 0.0185583867 0.207233265
v 0.0472501069 0.0184999965 0.207138047
v 0.04703602 0.0185837261 0.2070446
v 0.0466455966 0.0184999965 0.206824869
v 0.046583835 0.018608775 0.2067835
v 0.0461059436 0.0184999965 0.206386492
v 0.0461766645 0.0186330639 0.206455186
v 0.04575091 0.01866291 0.20596844
v 0.0456675664 0.0184999965 0.205846846
v 0.0454257764 0.0186937787 0.205409363
v 0.0453543924 0.0184999965 0.205242336
v 0.0452074 0.0187262185 0.2047741
v 0.04517377 0.0184999965 0.204614133
v 0.04511916 0.01875763 0.204108119
v 0.0451174267 0.0184999965 0.204000011
v 0.0451174267 0.0187562443 0.204000011
v 0.0451604463 0.0187874623 0.203462884
v 0.04517377 0.0184999965 0.20338589
v 0.045191627 0.0187562443 0.2032962
v 0.0453543924 0.0184999965 0.202757686
v 0.045324035 0.0188183 0.202837288
v 0.0454303473 0.0187562443 0.20258075
v 0.045616962 0.0188507475 0.202233
v 0.0456675664 0.0184999965 0.202153176
v 0.04584115 0.0187562443 0.201911628
v 0.0461059436 0.0184999965 0.201613516
v 0.0460237674 0.0188821666 0.201698631
v 0.0464040451 0.0187562443 0.201348722
v 0.0466455966 0.0184999965 0.201175153
v 0.0465078242 0.0189119913 0.201270178
v 0.04707317 0.0187562443 0.200937927
v 0.04706474 0.0189428 0.200941846
v 0.0472501069 0.0184999965 0.200861976
v 0.04769828 0.0189752318 0.200719774
v 0.04778862 0.0187562443 0.20069921
v 0.04836329 0.0190066732 0.200627476
v 0.0478783026 0.0184999965 0.200681359
v 0.0484924279 0.0190124922 0.200625
v 0.0484924279 0.0184999965 0.200625
v 0.049017176 0.0190062411 0.200666055
v 0.0490720347 0.0190393366 0.20067516
v 0.0491445325 0.0184999965 0.2006886
v 0.0495559 0.0190062411 0.200796932
v 0.0497839861 0.0184999965 0.200881913
v 0.0496349 0.0190672614 0.200824261
v 0.05008574 0.0190062411 0.201024771
v 0.0503728352 0.0184999965 0.201197386
v 0.05024067 0.0190996937 0.2011131
v 0.05058081 0.0190062411 0.201348722
v 0.0508789122 0.0184999965 0.201613516
v 0.05077735 0.01913115 0.2015161
v 0.0508789122 0.0186124928 0.201613516
v 0.05101583 0.0190062411 0.201758787
v 0.05129347 0.01864269 0.202117249
v 0.05120886 0.0191609524 0.201997116
v 0.05137005 0.0190062411 0.202236518
v 0.05160335 0.0186740942 0.202691272
v 0.0515408181 0.0191916861 0.202551574
v 0.0516304635 0.0190062411 0.202757686
v 0.05176708 0.0192241184 0.203183144
v 0.0518013 0.0187065341 0.2033352
v 0.05179323 0.0190062411 0.2032962
v 0.0518639572 0.01925559 0.203847021
v 0.0518674254 0.0190062411 0.2040027
v 0.0518674254 0.0187377371 0.2040055
v 0.0518313348 0.0192853771 0.204492271
v 0.0518040881 0.0187677629 0.2046508
v 0.05179323 0.0190062411 0.204703808
v 0.0516763441 0.019316081 0.20511952
v 0.05161854 0.0187989734 0.205272034
v 0.05155451 0.0190062411 0.205419272
v 0.0513921455 0.0193485059 0.205726922
v 0.0513035543 0.0188314281 0.205867678
v 0.0511437058 0.0190062411 0.2060884
v 0.05099344 0.019379992 0.2062662
v 0.05087661 0.0188626386 0.2063888
v 0.05058081 0.0190062411 0.206651285
v 0.0505158864 0.019409772 0.206701159
v 0.0503758341 0.018892657 0.20680061
v 0.0499116853 0.0190062411 0.2070621
v 0.0499641746 0.0194404386 0.20703721
v 0.0498056 0.01892386 0.207109064
v 0.0493348837 0.0194728561 0.207268178
v 0.0491962358 0.0190062411 0.207300812
v 0.0491622873 0.0189563073 0.20730786
v 0.0486723222 0.0195043646 0.207370222
v 0.0484924279 0.0189874955 0.207375
v 0.0484924279 0.0195124932 0.20737502
v 0.04849124 0.0189875476 0.207375
v 0.0484924279 0.0189874955 0.207375
v 0.0484924279 0.0195124932 0.20737502
v 0.04796768 0.0194999911 0.207333967
v 0.0478332452 0.01901817 0.20731
v 0.0479384 0.0195381083 0.207329229
v 0.0474289544 0.0194999911 0.207203075
v 0.0472004972 0.0190500133 0.207117945
v 0.0473988131 0.019564759 0.207192913
v 0.0468991175 0.0194999911 0.206975237
v 0.04661764 0.0190818422 0.206806391
v 0.0467896 0.0195971616 0.206913948
v 0.0464040451 0.0194999911 0.206651285
v 0.0461065471 0.0191124566 0.2063871
v 0.04624748 0.0196286924 0.2065201
v 0.0459690243 0.0194999911 0.20624122
v 0.045808617 0.01965845 0.206046417
v 0.0456942059 0.0191424526 0.20588696
v 0.0456148051 0.0194999911 0.2057635
v 0.0454679839 0.0196890421 0.2054978
v 0.04538504 0.0191736557 0.20531711
v 0.0453543924 0.0194999911 0.205242336
v 0.04523178 0.0197214372 0.204871088
v 0.04518532 0.0192061253 0.204673544
v 0.045191627 0.0194999911 0.204703808
v 0.04512397 0.019752983 0.204210043
v 0.0451174267 0.0194999911 0.204001546
v 0.04511743 0.0192373581 0.204003066
v 0.04514561 0.0197827257 0.203564778
v 0.0451790839 0.0192673542 0.203357846
v 0.045191627 0.0194999911 0.2032962
v 0.0452897325 0.01981328 0.2029354
v 0.04536298 0.0192985423 0.202736214
v 0.0454303473 0.0194999911 0.20258075
v 0.0455628559 0.01984566 0.202324241
v 0.0456764 0.0193310119 0.202139735
v 0.04584115 0.0194999911 0.201911628
v 0.04595125 0.0198772289 0.201778963
v 0.04610209 0.0193622522 0.20161739
v 0.0464040451 0.0194999911 0.201348722
v 0.0464206077 0.0199069716 0.201335758
v 0.0466016 0.01939224 0.2012044
v 0.04696579 0.0199374817 0.200990021
v 0.04707317 0.0194999911 0.200937927
v 0.0471709333 0.0194234215 0.20089449
v 0.04758957 0.0199698545 0.200748011
v 0.04778862 0.0194999911 0.20069921
v 0.0478141233 0.0194558986 0.200693876
v 0.04824887 0.020001445 0.200633809
v 0.0484843925 0.0194871314 0.200625017
v 0.0484924279 0.0200124942 0.200625
v 0.0484924279 0.0194874965 0.200625
v 0.04901453 0.02003659 0.200665638
v 0.0490147173 0.0199999921 0.200665668
v 0.0491335429 0.0195172988 0.200686455
v 0.04952476 0.0200616457 0.200786769
v 0.0495559 0.0199999921 0.200796932
v 0.0497514419 0.0195482932 0.200868636
v 0.05008574 0.0199999921 0.201024771
v 0.05013804 0.0200939961 0.201053381
v 0.0503483 0.0195807628 0.201181084
v 0.05058081 0.0199999921 0.201348722
v 0.0506867431 0.0201256089 0.201435715
v 0.0508712456 0.01961201 0.201605886
v 0.05101583 0.0199999921 0.201758787
v 0.05113474 0.02015533 0.201900288
v 0.05128496 0.0196419917 0.202104658
v 0.05137005 0.0199999921 0.202236518
v 0.0514861234 0.0201857649 0.202441663
v 0.0515957661 0.0196731575 0.202673391
v 0.0516304635 0.0199999921 0.202757686
v 0.0517345034 0.0202181 0.203062162
v 0.0517974123 0.0197056271 0.203316137
v 0.05179323 0.0199999921 0.2032962
v 0.0518557467 0.0202497356 0.203719467
v 0.0518674 0.0197368748 0.203986168
v 0.05186743 0.0199999921 0.204000011
v 0.05184766 0.0202794485 0.204364762
v 0.0518078431 0.0197668485 0.204631388
v 0.05179323 0.0199999921 0.204703808
v 0.05171689 0.02030984 0.204996735
v 0.05162604 0.019798 0.205253437
v 0.05155451 0.0199999921 0.205419272
v 0.0514574349 0.0203421675 0.205612272
v 0.05131473 0.019830469 0.20585075
v 0.0511437058 0.0199999921 0.2060884
v 0.0510818139 0.0203738175 0.206164658
v 0.05089097 0.0198617317 0.206374377
v 0.05058081 0.0199999921 0.206651285
v 0.0506224856 0.02040353 0.206617922
v 0.0503930636 0.0198916979 0.206788957
v 0.05008527 0.0204338841 0.20697549
v 0.04991168 0.0199999921 0.2070621
v 0.0494684465 0.02046619 0.2072308
v 0.0498250164 0.0199228413 0.207100779
v 0.0491962358 0.0199999921 0.207300812
v 0.0491828 0.019955311 0.207303643
v 0.0488134138 0.0204978622 0.207359716
v 0.0485130362 0.0199865736 0.207374945
v 0.0484924279 0.0205124952 0.207375
v 0.0484924279 0.0199874975 0.20737502
v 0.0484924279 0.0199874975 0.20737502
v 0.0484924279 0.0205124952 0.207375
v 0.0480089337 0.0205347575 0.2073402
v 0.04796768 0.0204999931 0.207333967
v 0.04753463 0.0205578841 0.207236245
v 0.04785773 0.0200169869 0.207314789
v 0.0474289544 0.0204999931 0.207203075
v 0.04724551 0.02004766 0.207136214
v 0.0469167531 0.0205901675 0.206984609
v 0.0468991175 0.0204999931 0.206975237
v 0.0466476828 0.02008013 0.20682624
v 0.0464040451 0.0204999931 0.206651285
v 0.0463604257 0.0206218623 0.206616342
v 0.04612326 0.0201114 0.206403688
v 0.0459690243 0.0204999931 0.20624122
v 0.04590142 0.0206515752 0.206162721
v 0.0457076766 0.02014136 0.205906779
v 0.0456148051 0.0204999931 0.2057635
v 0.0455371439 0.0206818469 0.20563
v 0.0453946441 0.020172473 0.205339551
v 0.0453543924 0.0204999931 0.205242336
v 0.04527438 0.0207141079 0.205017254
v 0.0451903827 0.0202049427 0.204697937
v 0.04519108 0.0204999931 0.204701245
v 0.0451371968 0.0207458176 0.204364777
v 0.04511755 0.02023622 0.2040285
v 0.0451174267 0.0204999931 0.204000011
v 0.04512911 0.0207755379 0.203719437
v 0.045174256 0.0202661715 0.203383267
v 0.045191627 0.0204999931 0.2032962
v 0.045244012 0.02080578 0.203084365
v 0.04535321 0.02029727 0.202760667
v 0.0454303473 0.0204999931 0.20258075
v 0.04548254 0.02083752 0.2024732
v 0.04566166 0.0203297324 0.202162236
v 0.04584115 0.0204999931 0.201911628
v 0.045834817 0.020868782 0.20191969
v 0.04608279 0.0203610174 0.2016369
v 0.0462865829 0.0208989568 0.201445624
v 0.0464040451 0.0204999931 0.201348722
v 0.0468213931 0.0209295861 0.201067731
v 0.04657853 0.0203909613 0.201220155
v 0.04707317 0.0204999931 0.200937927
v 0.0471448265 0.0204220451 0.200905725
v 0.0474207178 0.020961348 0.200799689
v 0.04778597 0.0204999931 0.200699776
v 0.047785718 0.0204545148 0.200699836
v 0.0480606146 0.0209926777 0.200652748
v 0.0484547764 0.0204858072 0.200625211
v 0.0484924279 0.0210124962 0.200625
v 0.0484924279 0.020487491 0.200625
v 0.049017176 0.0209999941 0.200666055
v 0.04935976 0.02105337 0.200738356
v 0.0491184369 0.0205165632 0.200683579
v 0.0495559 0.0209999941 0.200796932
v 0.0497229472 0.0205468126 0.200857326
v 0.0499752536 0.0210851468 0.2009682
v 0.05008574 0.0209999941 0.201024771
v 0.05032208 0.0205792747 0.201163992
v 0.050534565 0.0211165361 0.201312944
v 0.05058081 0.0209999941 0.201348722
v 0.05084848 0.0206105746 0.201583475
v 0.05101399 0.0211466439 0.201756716
v 0.0510145053 0.0209999941 0.2017573
v 0.0512665845 0.0206405036 0.202077866
v 0.05137005 0.0209999941 0.202236518
v 0.0513989367 0.0211771242 0.202284545
v 0.051582627 0.02067155 0.202643067
v 0.0516304635 0.0209999941 0.202757686
v 0.05167639 0.0212089159 0.202880621
v 0.0517904125 0.02070402 0.203283131
v 0.05179323 0.0209999941 0.2032962
v 0.0518330038 0.0212403648 0.20351921
v 0.0518670827 0.0207353272 0.203951746
v 0.05186743 0.0209999941 0.204000011
v 0.0518630929 0.02127045 0.204171047
v 0.0518142134 0.0207652487 0.204596967
v 0.05179323 0.0209999941 0.204703808
v 0.0517671779 0.021300856 0.20481649
v 0.05163909 0.02079628 0.205220312
v 0.05155451 0.0209999941 0.205419272
v 0.05154652 0.0213326551 0.205436379
v 0.0513345 0.0208287425 0.205820233
v 0.05120977 0.0213641636 0.206001669
v 0.0511437058 0.0209999941 0.2060884
v 0.0507743321 0.0213942267 0.206486687
v 0.0509169251 0.0208600648 0.206347868
v 0.05058081 0.0209999941 0.206651285
v 0.0502537824 0.0214245655 0.206878945
v 0.05042411 0.0208899714 0.206767544
v 0.0499116853 0.0209999941 0.2070621
v 0.0496612266 0.021456372 0.207166165
v 0.0498601645 0.02092098 0.207085446
v 0.0491962358 0.0209999941 0.207300812
v 0.0492210723 0.0209534429 0.207295418
v 0.04902417 0.02148794 0.20733285
v 0.0485529862 0.0209847726 0.207374468
v 0.0484924279 0.0215124972 0.20737502
v 0.0484924279 0.0209874921 0.20737502
v 0.0484924279 0.0239999928 0.20737502
v 0.0484924279 0.0229874961 0.20737502
v 0.0487281 0.0229768045 0.207366765
v 0.0491962358 0.0232437439 0.207300812
v 0.0491065532 0.0239999928 0.207318664
v 0.0493718162 0.0229460187 0.207258433
v 0.04973475 0.0239999928 0.207138047
v 0.0499116853 0.0232437439 0.2070621
v 0.0499826036 0.02291445 0.20702821
v 0.05033926 0.0239999928 0.206824869
v 0.05058081 0.0232437439 0.206651285
v 0.0505453758 0.0228830911 0.206678823
v 0.0508789122 0.0239999928 0.206386492
v 0.05102905 0.0228525512 0.206226259
v 0.0511437058 0.0232437439 0.2060884
v 0.05131729 0.0239999928 0.205846846
v 0.0514100119 0.0228218175 0.205696568
v 0.05155451 0.0232437439 0.205419272
v 0.0516304635 0.0239999928 0.205242336
v 0.05168193 0.0227902643 0.205103517
v 0.05179323 0.0232437439 0.204703808
v 0.0518110842 0.0239999928 0.204614133
v 0.05183613 0.0227588378 0.204458565
v 0.05186743 0.0232437439 0.204000011
v 0.05186743 0.0239999928 0.204000011
v 0.0518612526 0.02272826 0.203795955
v 0.0518110842 0.0239999928 0.20338589
v 0.05179323 0.0232437439 0.2032962
v 0.05175911 0.0226975717 0.203151837
v 0.0516304635 0.0239999928 0.202757686
v 0.0516304635 0.0232437439 0.202757686
v 0.05153501 0.02266604 0.202539414
v 0.05137005 0.0232437439 0.202236518
v 0.051190272 0.02263454 0.201972142
v 0.05131729 0.0239999928 0.202153176
v 0.05101583 0.0232437439 0.201758787
v 0.0507411957 0.0226039253 0.201483339
v 0.0508789122 0.0236124955 0.201613516
v 0.0508789122 0.0239999928 0.201613516
v 0.05033926 0.0239999928 0.201175153
v 0.0508789122 0.0231374986 0.201613516
v 0.0502408929 0.0235747062 0.201113224
v 0.0504582152 0.0231120773 0.2012566
v 0.04973475 0.0239999928 0.200861976
v 0.05021542 0.0225732811 0.20109795
v 0.0494875573 0.0235347636 0.200775057
v 0.04998501 0.0230856724 0.200972989
v 0.0491065532 0.0239999928 0.200681359
v 0.0496253967 0.02254178 0.200820863
v 0.0489951968 0.0235106684 0.200662673
v 0.04947199 0.0230589844 0.200770289
v 0.0484924279 0.0239999928 0.200625
v 0.0484924279 0.0234874971 0.200625
v 0.04906699 0.0225140937 0.200674281
v 0.0489327647 0.0230327137 0.200653851
v 0.0487128422 0.023022484 0.200632215
v 0.0484924279 0.0224874951 0.200625
v 0.0481837876 0.02347343 0.200639158
v 0.0484924279 0.0230124928 0.200625
v 0.0478783026 0.0239999928 0.200681359
v 0.0483168326 0.02247956 0.200629577
v 0.04778862 0.0234937482 0.20069921
v 0.0475412235 0.023442436 0.200761825
v 0.0472501069 0.0239999928 0.200861976
v 0.04778862 0.0224999972 0.20069921
v 0.0476724021 0.02244896 0.200726151
v 0.0476495177 0.0229728259 0.200731963
v 0.04707317 0.0234937482 0.200937927
v 0.0469344221 0.0234107859 0.201006144
v 0.0466455966 0.0239999928 0.201175153
v 0.04707317 0.0224999972 0.200937927
v 0.04705858 0.0224174745 0.200944737
v 0.0470253043 0.0229406916 0.200960577
v 0.04648724 0.0223858468 0.201285273
v 0.04645799 0.0229089074 0.201307118
v 0.0464040451 0.0234937482 0.201348722
v 0.04638205 0.023379717 0.2013662
v 0.0461059436 0.0239999928 0.201613516
v 0.04591024 0.0233493336 0.201826781
v 0.0464040451 0.0224999972 0.201348722
v 0.0459938049 0.0223551579 0.2017312
v 0.0459822044 0.0228791349 0.20174405
v 0.04584115 0.0234937482 0.201911628
v 0.0456675664 0.0239999928 0.202153176
v 0.0455396771 0.0233183913 0.202365428
v 0.04584115 0.0224999972 0.201911628
v 0.0456045046 0.0223246031 0.202253431
v 0.0455983728 0.0228490345 0.202263623
v 0.0454303473 0.0234937482 0.20258075
v 0.0453543924 0.0239999928 0.202757686
v 0.04527993 0.0232867636 0.202965364
v 0.0454303473 0.0224999972 0.20258075
v 0.045322787 0.0222931243 0.2028407
v 0.0453143343 0.02281693 0.202864081
v 0.045191627 0.0234937482 0.2032962
v 0.04517377 0.0239999928 0.20338589
v 0.04513998 0.02325562 0.20361051
v 0.045191627 0.0224999972 0.2032962
v 0.04515689 0.0222614445 0.203485429
v 0.0451533981 0.02278513 0.203508571
v 0.0451174267 0.0234937482 0.204000011
v 0.0451174267 0.0239999928 0.204000011
v 0.0451282859 0.0232252 0.204270542
v 0.04517377 0.0239999928 0.204614133
v 0.0451174267 0.0224999972 0.204000011
v 0.04512077 0.0222307183 0.20415014
v 0.04512094 0.022755336 0.20415397
v 0.045191627 0.0234937482 0.204703808
v 0.04524347 0.02319431 0.204913735
v 0.0453543924 0.0239999928 0.205242336
v 0.045191627 0.0224999972 0.204703808
v 0.04521235 0.0222002 0.204794824
v 0.0452120863 0.022725258 0.204793721
v 0.0453543924 0.0234937482 0.205242336
v 0.0454804264 0.0231626965 0.205522671
v 0.0453543924 0.0224999972 0.205242336
v 0.0454260036 0.0221687518 0.205409855
v 0.04543087 0.02269319 0.20542039
v 0.0456148051 0.0234937482 0.2057635
v 0.0456675664 0.0239999928 0.205846846
v 0.04583493 0.0231314786 0.206080467
v 0.0456148051 0.0224999972 0.2057635
v 0.04576276 0.0221370123 0.205984831
v 0.04576807 0.0226613842 0.205992132
v 0.0459690243 0.0234937482 0.20624122
v 0.0461059436 0.0239999928 0.206386492
v 0.04629132 0.02310102 0.206558481
v 0.0459690243 0.0224999972 0.20624122
v 0.04620587 0.0221062489 0.20648241
v 0.0461979061 0.02263156 0.206475049
v 0.0464040451 0.0234937482 0.206651285
v 0.0466455966 0.0239999928 0.206824869
v 0.0468252972 0.0230701827 0.206934512
v 0.0464040451 0.0224999972 0.206651285
v 0.0467249341 0.022075776 0.206875175
v 0.0467119329 0.0226015039 0.206867144
v 0.0468991175 0.02349374 0.206975237
v 0.0472501069 0.0239999928 0.207138047
v 0.04742167 0.0230385922 0.207200646
v 0.0468991175 0.0224999972 0.206975237
v 0.0473097 0.0220443346 0.20716098
v 0.0473070219 0.0225694738 0.207159981
v 0.0474289544 0.02349374 0.207203075
v 0.0478783026 0.0239999928 0.207318664
v 0.0479503721 0.0230125375 0.2073312
v 0.0474289544 0.0224999972 0.207203075
v 0.0478917249 0.0220153518 0.207321122
v 0.0479478948 0.02253766 0.2073308
v 0.04796768 0.02349374 0.207333967
v 0.0484924279 0.0239999928 0.20737502
v 0.0484924279 0.0229874961 0.20737502
v 0.04796768 0.0224999972 0.207333967
v 0.0484924279 0.0219874941 0.20737502
v 0.0484924279 0.0225125 0.20737502
v 0.0484924279 0.0219874941 0.20737502
v 0.04861993 0.02198175 0.2073726
v 0.0484924279 0.0225125 0.20737502
v 0.04923504 0.0224777646 0.207292289
v 0.0491962358 0.0219999962 0.207300812
v 0.0492647775 0.0219513066 0.207285449
v 0.0498640724 0.02244578 0.2070837
v 0.0499116853 0.0219999962 0.2070621
v 0.0498808734 0.0219198875 0.207076192
v 0.0504402258 0.0224139579 0.206756219
v 0.05045908 0.0218880437 0.2067428
v 0.05058081 0.0219999962 0.206651285
v 0.0509603322 0.02185722 0.2063022
v 0.0509305261 0.0223840661 0.206333742
v 0.0511437058 0.0219999962 0.2060884
v 0.05133117 0.02235404 0.205825433
v 0.05135616 0.0218268074 0.205785975
v 0.05155451 0.0219999962 0.205419272
v 0.05164558 0.0217954032 0.205203444
v 0.0516329557 0.0223220922 0.205236018
v 0.05179323 0.0219999962 0.204703808
v 0.05182083 0.0217635073 0.204558909
v 0.05181385 0.0222902633 0.204599008
v 0.05186743 0.0219999962 0.204000011
v 0.0518657155 0.0217326619 0.203892529
v 0.05186711 0.0222603343 0.203953564
v 0.05179323 0.0219999962 0.2032962
v 0.0517824776 0.0217022784 0.203247547
v 0.0517961048 0.022230316 0.203309834
v 0.0516304635 0.0219999962 0.202757686
v 0.0515771 0.0216708966 0.20263055
v 0.05159796 0.0221984275 0.202678531
v 0.05137005 0.0219999962 0.202236518
v 0.05124671 0.0216389485 0.2020495
v 0.0512804575 0.0221665911 0.202098027
v 0.05101583 0.0219999962 0.201758787
v 0.0508083366 0.0216080733 0.20154497
v 0.0508654937 0.0221366175 0.201600179
v 0.05058081 0.0219999962 0.201348722
v 0.0502946265 0.021577727 0.201146469
v 0.0503630228 0.0221066065 0.201190829
v 0.05008574 0.0219999962 0.201024771
v 0.04971408 0.0215463527 0.200853869
v 0.04977949 0.0220747627 0.200880051
v 0.0495559 0.0219999962 0.200796932
v 0.04911367 0.0215163417 0.20068267
v 0.04914657 0.0220429264 0.200689018
v 0.049017176 0.0219999962 0.200666055
v 0.0484924279 0.0214874931 0.200625
v 0.0484924279 0.0220124982 0.200625
v 0.0484025851 0.0214834549 0.200626209
v 0.04785533 0.02198289 0.20068568
v 0.04778862 0.0214999951 0.20069921
v 0.0477575026 0.0214531384 0.200706
v 0.04722193 0.021951098 0.200873286
v 0.0471397266 0.0214217789 0.200907946
v 0.04707317 0.0214999951 0.200937927
v 0.0466372035 0.0219192617 0.201180652
v 0.046556145 0.0213897489 0.2012357
v 0.0464040451 0.0214999951 0.201348722
v 0.0460487641 0.0213588141 0.2016721
v 0.0461317338 0.0218891837 0.201588
v 0.04584115 0.0214999951 0.201911628
v 0.0456479155 0.0213285275 0.202183589
v 0.0457136035 0.0218591727 0.2020846
v 0.0454303473 0.0214999951 0.20258075
v 0.04535254 0.0212971829 0.20276238
v 0.04539394 0.0218274333 0.20266211
v 0.0451921336 0.0214999951 0.20329383
v 0.045192793 0.0217955969 0.203290761
v 0.0451699831 0.0212651156 0.203406751
v 0.04511803 0.02176546 0.203936234
v 0.0451174267 0.0214999951 0.204000011
v 0.0451182462 0.0212341584 0.204074383
v 0.0451683477 0.0217354409 0.204584062
v 0.045191627 0.0214999951 0.204703808
v 0.04519502 0.0212038942 0.204719543
v 0.04534541 0.0217037536 0.205219388
v 0.0453543924 0.0214999951 0.205242336
v 0.04539397 0.021172557 0.205337986
v 0.0456148051 0.0214999951 0.2057635
v 0.0456426479 0.0216719322 0.205808148
v 0.0457193926 0.0211404525 0.205923781
v 0.0459690243 0.0214999951 0.20624122
v 0.0460424051 0.0216417275 0.206321225
v 0.04615407 0.021109473 0.206433684
v 0.0464040451 0.0214999951 0.206651285
v 0.0465331562 0.0216117017 0.206748083
v 0.0466831066 0.0210781284 0.206849039
v 0.0468991175 0.0214999951 0.206975237
v 0.04710455 0.021580074 0.20707643
v 0.0472839549 0.0210456662 0.207151234
v 0.0474289544 0.0214999951 0.207203075
v 0.0478780754 0.0210160054 0.207318619
v 0.0477288477 0.0215482526 0.20728749
v 0.04796768 0.0214999951 0.207333967
v 0.0484924279 0.0209874921 0.20737502
v 0.0484924279 0.0215124972 0.20737502
v 0.0392424166 0.0273999982 0.208258525
v 0.0392424166 0.0252999924 0.208258525
v 0.03937889 0.0252999924 0.208271042
v 0.03939881 0.0263499953 0.20827502
v 0.03937889 0.0273999982 0.208271042
v 0.039518483 0.0252999924 0.208311185
v 0.039518483 0.0273999982 0.208311185
v 0.0395578071 0.0263499953 0.208328068
v 0.0396528244 0.0252999924 0.208380774
v 0.0396528244 0.0273999982 0.208380774
v 0.0397065 0.0263499953 0.208419353
v 0.03977274 0.0252999924 0.2084782
v 0.03977274 0.0273999982 0.2084782
v 0.0398315862 0.0263499953 0.208544433
v 0.0398701578 0.0252999924 0.2085981
v 0.0398701578 0.0273999982 0.2085981
v 0.03992288 0.0263499953 0.208693132
v 0.0399397537 0.0252999924 0.208732456
v 0.0399397537 0.0273999982 0.208732456
v 0.0399759263 0.0263499953 0.208852112
v 0.0399798974 0.0252999924 0.20887205
v 0.0399924144 0.0263499953 0.209008515
v 0.0399798974 0.0273999982 0.20887205
v 0.0399924144 0.0252999924 0.209008515
v 0.0399924144 0.0273999982 0.209008515
v 0.0399798974 0.0252999924 0.209145
v 0.0399798974 0.0273999982 0.209145
v 0.0399759263 0.0263499953 0.209164917
v 0.0399397537 0.0252999924 0.2092846
v 0.0399397537 0.0273999982 0.2092846
v 0.0399397537 0.0263499953 0.2092846
v 0.0398818851 0.0263499953 0.209400415
v 0.0398701578 0.0252999924 0.209418923
v 0.0398701578 0.0273999982 0.209418923
v 0.03980317 0.0263499953 0.209506571
v 0.03977274 0.0252999924 0.209538847
v 0.03977274 0.0273999982 0.209538847
v 0.0397065 0.0263499953 0.209597692
v 0.0396528244 0.0252999924 0.209636271
v 0.0396528244 0.0273999982 0.209636271
v 0.0395964831 0.0263499953 0.209669679
v 0.039518483 0.0252999924 0.209705859
v 0.039518483 0.0273999982 0.209705859
v 0.03947874 0.0263499953 0.209720314
v 0.03937889 0.0252999924 0.209746
v 0.03937889 0.0273999982 0.209746
v 0.0393590257 0.0263499953 0.2097494
v 0.0392424166 0.0252999924 0.20975852
v 0.0392424166 0.0273999982 0.20975852
v 0.0391059443 0.0252999924 0.209746
v 0.039086014 0.0263499953 0.209742039
v 0.0391059443 0.0273999982 0.209746
v 0.0389663428 0.0252999924 0.209705859
v 0.0389663428 0.0273999982 0.209705859
v 0.0389270261 0.0263499953 0.209688991
v 0.03883201 0.0252999924 0.209636271
v 0.03883201 0.0273999982 0.209636271
v 0.0387783274 0.0263499953 0.209597692
v 0.0387120843 0.0252999924 0.209538847
v 0.0387120843 0.0273999982 0.209538847
v 0.03865324 0.0263499953 0.209472612
v 0.038614668 0.0252999924 0.209418923
v 0.038614668 0.0273999982 0.209418923
v 0.0385619476 0.0263499953 0.209323913
v 0.0385450721 0.0252999924 0.2092846
v 0.0385450721 0.0273999982 0.2092846
v 0.0385089 0.0263499953 0.209164917
v 0.0385049358 0.0252999924 0.209145
v 0.03849242 0.0263499953 0.209008515
v 0.0385049358 0.0273999982 0.209145
v 0.03849242 0.0252999924 0.209008515
v 0.03849242 0.0273999982 0.209008515
v 0.0385049358 0.0252999924 0.20887205
v 0.0385049358 0.0273999982 0.20887205
v 0.0385089 0.0263499953 0.208852112
v 0.0385450721 0.0252999924 0.208732456
v 0.0385450721 0.0273999982 0.208732456
v 0.0385450721 0.0263499953 0.208732456
v 0.03860294 0.0263499953 0.208616644
v 0.038614668 0.0252999924 0.2085981
v 0.038614668 0.0273999982 0.2085981
v 0.0386816561 0.0263499953 0.208510473
v 0.0387120843 0.0252999924 0.2084782
v 0.0387120843 0.0273999982 0.2084782
v 0.0387783274 0.0263499953 0.208419353
v 0.03883201 0.0252999924 0.208380774
v 0.03883201 0.0273999982 0.208380774
v 0.0388883427 0.0263499953 0.208347365
v 0.0389663428 0.0252999924 0.208311185
v 0.0389663428 0.0273999982 0.208311185
v 0.0390060842 0.0263499953 0.208296731
v 0.0391059443 0.0252999924 0.208271042
v 0.0391059443 0.0273999982 0.208271042
v 0.0391258076 0.0263499953 0.208267644
v 0.0392424166 0.0252999924 0.208258525
v 0.0392424166 0.0273999982 0.208258525
v 0.0392424166 0.0273999982 0.203258514
v 0.0392424166 0.0252999924 0.203258514
v 0.03937889 0.0252999924 0.203271046
v 0.03939881 0.0263499953 0.20327501
v 0.03937889 0.0273999982 0.203271046
v 0.039518483 0.0252999924 0.203311175
v 0.039518483 0.0273999982 0.203311175
v 0.0395578071 0.0263499953 0.203328058
v 0.0396528244 0.0252999924 0.203380778
v 0.0396528244 0.0273999982 0.203380778
v 0.0397065 0.0263499953 0.203419358
v 0.03977274 0.0252999924 0.203478187
v 0.03977274 0.0273999982 0.203478187
v 0.0398315862 0.0263499953 0.203544438
v 0.0398701578 0.0252999924 0.203598112
v 0.0398701578 0.0273999982 0.203598112
v 0.03992288 0.0263499953 0.203693137
v 0.0399397537 0.0252999924 0.203732461
v 0.0399397537 0.0273999982 0.203732461
v 0.0399759263 0.0263499953 0.203852117
v 0.0399798974 0.0252999924 0.203872055
v 0.0399924144 0.0263499953 0.20400852
v 0.0399798974 0.0273999982 0.203872055
v 0.0399924144 0.0252999924 0.20400852
v 0.0399924144 0.0273999982 0.20400852
v 0.0399798974 0.0252999924 0.204145
v 0.0399798974 0.0273999982 0.204145
v 0.0399759263 0.0263499953 0.204164922
v 0.0399397537 0.0252999924 0.2042846
v 0.0399397537 0.0273999982 0.2042846
v 0.0399397537 0.0263499953 0.2042846
v 0.0398818851 0.0263499953 0.20440042
v 0.0398701578 0.0252999924 0.204418927
v 0.0398701578 0.0273999982 0.204418927
v 0.03980317 0.0263499953 0.204506576
v 0.03977274 0.0252999924 0.204538852
v 0.03977274 0.0273999982 0.204538852
v 0.0397065 0.0263499953 0.2045977
v 0.0396528244 0.0252999924 0.204636276
v 0.0396528244 0.0273999982 0.204636276
v 0.0395964831 0.0263499953 0.204669684
v 0.039518483 0.0252999924 0.204705864
v 0.039518483 0.0273999982 0.204705864
v 0.03947874 0.0263499953 0.204720318
v 0.03937889 0.0252999924 0.204746008
v 0.03937889 0.0273999982 0.204746008
v 0.0393590257 0.0263499953 0.2047494
v 0.0392424166 0.0252999924 0.204758525
v 0.0392424166 0.0273999982 0.204758525
v 0.0391059443 0.0252999924 0.204746008
v 0.039086014 0.0263499953 0.204742029
v 0.0391059443 0.0273999982 0.204746008
v 0.0389663428 0.0252999924 0.204705864
v 0.0389663428 0.0273999982 0.204705864
v 0.0389270261 0.0263499953 0.204688981
v 0.03883201 0.0252999924 0.204636276
v 0.03883201 0.0273999982 0.204636276
v 0.0387783274 0.0263499953 0.2045977
v 0.0387120843 0.0252999924 0.204538852
v 0.0387120843 0.0273999982 0.204538852
v 0.03865324 0.0263499953 0.2044726
v 0.038614668 0.0252999924 0.204418927
v 0.038614668 0.0273999982 0.204418927
v 0.0385619476 0.0263499953 0.204323918
v 0.0385450721 0.0252999924 0.2042846
v 0.0385450721 0.0273999982 0.2042846
v 0.0385089 0.0263499953 0.204164922
v 0.0385049358 0.0252999924 0.204145
v 0.03849242 0.0263499953 0.20400852
v 0.0385049358 0.0273999982 0.204145
v 0.03849242 0.0252999924 0.20400852
v 0.03849242 0.0273999982 0.20400852
v 0.0385049358 0.0252999924 0.203872055
v 0.0385049358 0.0273999982 0.203872055
v 0.0385089 0.0263499953 0.203852117
v 0.0385450721 0.0252999924 0.203732461
v 0.0385450721 0.0273999982 0.203732461
v 0.0385450721 0.0263499953 0.203732461
v 0.03860294 0.0263499953 0.203616634
v 0.038614668 0.0252999924 0.203598112
v 0.038614668 0.0273999982 0.203598112
v 0.0386816561 0.0263499953 0.203510478
v 0.0387120843 0.0252999924 0.203478187
v 0.0387120843 0.0273999982 0.203478187
v 0.0387783274 0.0263499953 0.203419358
v 0.03883201 0.0252999924 0.203380778
v 0.03883201 0.0273999982 0.203380778
v 0.0388883427 0.0263499953 0.203347355
v 0.0389663428 0.0252999924 0.203311175
v 0.0389663428 0.0273999982 0.203311175
v 0.0390060842 0.0263499953 0.203296721
v 0.0391059443 0.0252999924 0.203271046
v 0.0391059443 0.0273999982 0.203271046
v 0.0391258076 0.0263499953 0.203267634
v 0.0392424166 0.0252999924 0.203258514
v 0.0392424166 0.0273999982 0.203258514
v 0.0392424166 0.0273999982 0.198258519
v 0.0392424166 0.0253 0.198258519
v 0.03937889 0.0253 0.198271036
v 0.03939881 0.0263499953 0.198275015
v 0.03937889 0.0273999982 0.198271036
v 0.039518483 0.0253 0.19831118
v 0.039518483 0.0273999982 0.19831118
v 0.0395578071 0.0263499953 0.198328063
v 0.0396528244 0.0253 0.198380768
v 0.0396528244 0.0273999982 0.198380768
v 0.0397065 0.0263499953 0.198419347
v 0.03977274 0.0253 0.198478192
v 0.03977274 0.0273999982 0.198478192
v 0.0398315862 0.0263499953 0.198544443
v 0.0398701578 0.0253 0.198598117
v 0.0398701578 0.0273999982 0.198598117
v 0.03992288 0.0263499953 0.198693126
v 0.0399397537 0.0253 0.198732451
v 0.0399397537 0.0273999982 0.198732451
v 0.0399759263 0.0263499953 0.198852122
v 0.0399798974 0.0253 0.198872045
v 0.0399924144 0.0263499953 0.199008524
v 0.0399798974 0.0273999982 0.19887206
v 0.0399924144 0.0253 0.199008524
v 0.0399924144 0.0273999982 0.199008524
v 0.0399798974 0.0253 0.199144989
v 0.0399798974 0.0273999982 0.199144989
v 0.0399759263 0.0263499953 0.199164927
v 0.0399397537 0.0253 0.1992846
v 0.0399397537 0.0273999982 0.1992846
v 0.0399397537 0.0263499953 0.1992846
v 0.0398818851 0.0263499953 0.19940041
v 0.0398701578 0.0253 0.199418932
v 0.0398701578 0.0273999982 0.199418932
v 0.03980317 0.0263499953 0.199506566
v 0.03977274 0.0253 0.199538857
v 0.03977274 0.0273999982 0.199538857
v 0.0397065 0.0263499953 0.199597687
v 0.0396528244 0.0253 0.199636266
v 0.0396528244 0.0273999982 0.199636266
v 0.0395964831 0.0263499953 0.199669689
v 0.039518483 0.0253 0.199705869
v 0.039518483 0.0273999982 0.199705869
v 0.03947874 0.0263499953 0.199720323
v 0.03937889 0.0253 0.199746
v 0.03937889 0.0273999982 0.199746
v 0.0393590257 0.0263499953 0.19974941
v 0.0392424166 0.0253 0.19975853
v 0.0392424166 0.0273999982 0.19975853
v 0.0391059443 0.0253 0.199746
v 0.039086014 0.0263499953 0.199742034
v 0.0391059443 0.0273999982 0.199746
v 0.0389663428 0.0253 0.199705869
v 0.0389663428 0.0273999982 0.199705869
v 0.0389270261 0.0263499953 0.199688986
v 0.03883201 0.0253 0.199636266
v 0.03883201 0.0273999982 0.199636266
v 0.0387783274 0.0263499953 0.199597687
v 0.0387120843 0.0253 0.199538857
v 0.0387120843 0.0273999982 0.199538857
v 0.03865324 0.0263499953 0.1994726
v 0.038614668 0.0253 0.199418932
v 0.038614668 0.0273999982 0.199418932
v 0.0385619476 0.0263499953 0.199323907
v 0.0385450721 0.0253 0.1992846
v 0.0385450721 0.0273999982 0.1992846
v 0.0385089 0.0263499953 0.199164927
v 0.0385049358 0.0253 0.199144989
v 0.03849242 0.0263499953 0.199008524
v 0.0385049358 0.0273999982 0.199144989
v 0.03849242 0.0253 0.199008524
v 0.03849242 0.0273999982 0.199008524
v 0.0385049358 0.0253 0.198872045
v 0.0385049358 0.0273999982 0.19887206
v 0.0385089 0.0263499953 0.198852122
v 0.0385450721 0.0253 0.198732451
v 0.0385450721 0.0273999982 0.198732451
v 0.0385450721 0.0263499953 0.198732451
v 0.03860294 0.0263499953 0.198616639
v 0.038614668 0.0253 0.198598117
v 0.038614668 0.0273999982 0.198598117
v 0.0386816561 0.0263499953 0.198510468
v 0.0387120843 0.0253 0.198478192
v 0.0387120843 0.0273999982 0.198478192
v 0.0387783274 0.0263499953 0.198419347
v 0.03883201 0.0253 0.198380768
v 0.03883201 0.0273999982 0.198380768
v 0.0388883427 0.0263499953 0.19834736
v 0.0389663428 0.0253 0.19831118
v 0.0389663428 0.0273999982 0.19831118
v 0.0390060842 0.0263499953 0.198296726
v 0.0391059443 0.0253 0.198271036
v 0.0391059443 0.0273999982 0.198271036
v 0.0391258076 0.0263499953 0.198267639
v 0.0392424166 0.0253 0.198258519
v 0.0392424166 0.0273999982 0.198258519
v 0.0392424166 0.0254999958 0.200608522
v 0.0392424166 0.0253 0.200608522
v 0.0395335555 0.0253 0.200581819
v 0.03957607 0.0253999941 0.200573355
v 0.0395335555 0.0254999958 0.200581819
v 0.0398313627 0.0253 0.200496182
v 0.0398313627 0.0254999958 0.200496182
v 0.03991525 0.0253999941 0.200460166
v 0.04011795 0.0253 0.200347722
v 0.04011795 0.0254999958 0.200347722
v 0.0402324647 0.0253999941 0.200265422
v 0.0403737873 0.0253 0.2001399
v 0.0403737873 0.0254999958 0.2001399
v 0.0404993147 0.0253999941 0.199998572
v 0.0405816063 0.0253 0.199884057
v 0.0405816063 0.0254999958 0.199884057
v 0.0406940654 0.0253999941 0.199681357
v 0.040730074 0.0253 0.199597478
v 0.040730074 0.0254999958 0.199597478
v 0.04080724 0.0253999941 0.199342176
v 0.0408157036 0.0253 0.199299663
v 0.0408424139 0.0253999941 0.199008524
v 0.0408157036 0.0254999958 0.199299663
v 0.0408424139 0.0253 0.199008524
v 0.0408424139 0.0254999958 0.199008524
v 0.0408157036 0.0253 0.198717386
v 0.0408157036 0.0254999958 0.198717386
v 0.04080724 0.0253999941 0.198674858
v 0.040730074 0.0253 0.198419571
v 0.040730074 0.0254999958 0.198419571
v 0.040730074 0.0253999941 0.198419571
v 0.0406066179 0.0253999941 0.1981725
v 0.0405816063 0.0253 0.198132992
v 0.0405816063 0.0254999958 0.198132992
v 0.0404386967 0.0253999941 0.197946012
v 0.0403737873 0.0253 0.197877154
v 0.0403737873 0.0254999958 0.197877154
v 0.0402324647 0.0253999941 0.197751611
v 0.04011795 0.0253 0.197669327
v 0.04011795 0.0254999958 0.197669327
v 0.0399977639 0.0253999941 0.19759804
v 0.0398313627 0.0253 0.197520852
v 0.0398313627 0.0254999958 0.197520852
v 0.0397465825 0.0253999941 0.197490036
v 0.0395335555 0.0253 0.19743523
v 0.0395335555 0.0254999958 0.19743523
v 0.0394911841 0.0253999941 0.197427988
v 0.0392424166 0.0253 0.197408527
v 0.0392424166 0.0254999958 0.197408527
v 0.03895127 0.0253 0.19743523
v 0.0389087573 0.0253999941 0.1974437
v 0.03895127 0.0254999958 0.19743523
v 0.0386534631 0.0253 0.197520852
v 0.0386534631 0.0254999958 0.197520852
v 0.0385695845 0.0253999941 0.197556868
v 0.0383668765 0.0253 0.197669327
v 0.0383668765 0.0254999958 0.197669327
v 0.03825237 0.0253999941 0.197751611
v 0.038111046 0.0253 0.197877154
v 0.038111046 0.0254999958 0.197877154
v 0.03798551 0.0253999941 0.198018476
v 0.03790322 0.0253 0.198132992
v 0.03790322 0.0254999958 0.198132992
v 0.03779076 0.0253999941 0.198335692
v 0.03775475 0.0253 0.198419571
v 0.03775475 0.0254999958 0.198419571
v 0.0376775935 0.0253999941 0.198674858
v 0.03766913 0.0253 0.198717386
v 0.0376424119 0.0253999941 0.199008524
v 0.03766913 0.0254999958 0.198717386
v 0.0376424119 0.0253 0.199008524
v 0.0376424119 0.0254999958 0.199008524
v 0.03766913 0.0253 0.199299663
v 0.03766913 0.0254999958 0.199299663
v 0.0376775935 0.0253999941 0.199342176
v 0.03775475 0.0253 0.199597478
v 0.03775475 0.0254999958 0.199597478
v 0.03775475 0.0253999941 0.199597478
v 0.0378782079 0.0253999941 0.199844554
v 0.03790322 0.0253 0.199884057
v 0.03790322 0.0254999958 0.199884057
v 0.0380461365 0.0253999941 0.200071022
v 0.038111046 0.0253 0.2001399
v 0.038111046 0.0254999958 0.2001399
v 0.03825237 0.0253999941 0.200265422
v 0.0383668765 0.0253 0.200347722
v 0.0383668765 0.0254999958 0.200347722
v 0.03848707 0.0253999941 0.200419009
v 0.0386534631 0.0253 0.200496182
v 0.0386534631 0.0254999958 0.200496182
v 0.03873825 0.0253999941 0.200527012
v 0.03895127 0.0253 0.200581819
v 0.03895127 0.0254999958 0.200581819
v 0.03899365 0.0253999941 0.200589061
v 0.0392424166 0.0253 0.200608522
v 0.0392424166 0.0254999958 0.200608522
v 0.0392424166 0.0254999958 0.210608527
v 0.0392424166 0.0252999924 0.210608527
v 0.0395335555 0.0252999924 0.210581809
v 0.03957607 0.0253999941 0.210573345
v 0.0395335555 0.0254999958 0.210581809
v 0.0398313627 0.0252999924 0.210496187
v 0.0398313627 0.0254999958 0.210496187
v 0.03991525 0.0253999941 0.210460186
v 0.04011795 0.0252999924 0.210347712
v 0.04011795 0.0254999958 0.210347712
v 0.0402324647 0.0253999941 0.210265428
v 0.0403737873 0.0252999924 0.2101399
v 0.0403737873 0.0254999958 0.2101399
v 0.0404993147 0.0253999941 0.209998578
v 0.0405816063 0.0252999924 0.209884062
v 0.0405816063 0.0254999958 0.209884062
v 0.0406940654 0.0253999941 0.209681362
v 0.040730074 0.0252999924 0.209597468
v 0.040730074 0.0254999958 0.209597468
v 0.04080724 0.0253999941 0.209342182
v 0.0408157036 0.0252999924 0.209299669
v 0.0408424139 0.0253999941 0.209008515
v 0.0408157036 0.0254999958 0.209299669
v 0.0408424139 0.0252999924 0.209008515
v 0.0408424139 0.0254999958 0.209008515
v 0.0408157036 0.0252999924 0.208717376
v 0.0408157036 0.0254999958 0.208717376
v 0.04080724 0.0253999941 0.208674863
v 0.040730074 0.0252999924 0.208419576
v 0.040730074 0.0254999958 0.208419576
v 0.040730074 0.0253999941 0.208419576
v 0.0406066179 0.0253999941 0.2081725
v 0.0405816063 0.0252999924 0.208132982
v 0.0405816063 0.0254999958 0.208132982
v 0.0404386967 0.0253999941 0.207946017
v 0.0403737873 0.0252999924 0.207877159
v 0.0403737873 0.0254999958 0.207877159
v 0.0402324647 0.0253999941 0.207751617
v 0.04011795 0.0252999924 0.207669333
v 0.04011795 0.0254999958 0.207669333
v 0.0399977639 0.0253999941 0.207598045
v 0.0398313627 0.0252999924 0.207520857
v 0.0398313627 0.0254999958 0.207520857
v 0.0397465825 0.0253999941 0.207490027
v 0.0395335555 0.0252999924 0.207435235
v 0.0395335555 0.0254999958 0.207435235
v 0.0394911841 0.0253999941 0.207427979
v 0.0392424166 0.0252999924 0.207408518
v 0.0392424166 0.0254999958 0.207408518
v 0.03895127 0.0252999924 0.207435235
v 0.0389087573 0.0253999941 0.2074437
v 0.03895127 0.0254999958 0.207435235
v 0.0386534631 0.0252999924 0.207520857
v 0.0386534631 0.0254999958 0.207520857
v 0.0385695845 0.0253999941 0.207556874
v 0.0383668765 0.0252999924 0.207669333
v 0.0383668765 0.0254999958 0.207669333
v 0.03825237 0.0253999941 0.207751617
v 0.038111046 0.0252999924 0.207877159
v 0.038111046 0.0254999958 0.207877159
v 0.03798551 0.0253999941 0.208018482
v 0.03790322 0.0252999924 0.208132982
v 0.03790322 0.0254999958 0.208132982
v 0.03779076 0.0253999941 0.2083357
v 0.03775475 0.0252999924 0.208419576
v 0.03775475 0.0254999958 0.208419576
v 0.0376775935 0.0253999941 0.208674863
v 0.03766913 0.0252999924 0.208717376
v 0.0376424119 0.0253999941 0.209008515
v 0.03766913 0.0254999958 0.208717376
v 0.0376424119 0.0252999924 0.209008515
v 0.0376424119 0.0254999958 0.209008515
v 0.03766913 0.0252999924 0.209299669
v 0.03766913 0.0254999958 0.209299669
v 0.0376775935 0.0253999941 0.209342182
v 0.03775475 0.0252999924 0.209597468
v 0.03775475 0.0254999958 0.209597468
v 0.03775475 0.0253999941 0.209597468
v 0.0378782079 0.0253999941 0.209844559
v 0.03790322 0.0252999924 0.209884062
v 0.03790322 0.0254999958 0.209884062
v 0.0380461365 0.0253999941 0.210071027
v 0.038111046 0.0252999924 0.2101399
v 0.038111046 0.0254999958 0.2101399
v 0.03825237 0.0253999941 0.210265428
v 0.0383668765 0.0252999924 0.210347712
v 0.0383668765 0.0254999958 0.210347712
v 0.03848707 0.0253999941 0.210419
v 0.0386534631 0.0252999924 0.210496187
v 0.0386534631 0.0254999958 0.210496187
v 0.03873825 0.0253999941 0.210527018
v 0.03895127 0.0252999924 0.210581809
v 0.03895127 0.0254999958 0.210581809
v 0.03899365 0.0253999941 0.210589066
v 0.0392424166 0.0252999924 0.210608527
v 0.0392424166 0.0254999958 0.210608527
v 0.0392424166 0.0254999958 0.205608517
v 0.0392424166 0.0252999924 0.205608517
v 0.0395335555 0.0252999924 0.205581814
v 0.03957607 0.0253999941 0.20557335
v 0.0395335555 0.0254999958 0.205581814
v 0.0398313627 0.0252999924 0.205496192
v 0.0398313627 0.0254999958 0.205496192
v 0.03991525 0.0253999941 0.205460176
v 0.04011795 0.0252999924 0.205347717
v 0.04011795 0.0254999958 0.205347717
v 0.0402324647 0.0253999941 0.205265433
v 0.0403737873 0.0252999924 0.20513989
v 0.0403737873 0.0254999958 0.20513989
v 0.0404993147 0.0253999941 0.204998568
v 0.0405816063 0.0252999924 0.204884052
v 0.0405816063 0.0254999958 0.204884052
v 0.0406940654 0.0253999941 0.204681352
v 0.040730074 0.0252999924 0.204597473
v 0.040730074 0.0254999958 0.204597473
v 0.04080724 0.0253999941 0.204342186
v 0.0408157036 0.0252999924 0.204299659
v 0.0408424139 0.0253999941 0.20400852
v 0.0408157036 0.0254999958 0.204299659
v 0.0408424139 0.0252999924 0.20400852
v 0.0408424139 0.0254999958 0.20400852
v 0.0408157036 0.0252999924 0.203717381
v 0.0408157036 0.0254999958 0.203717381
v 0.04080724 0.0253999941 0.203674868
v 0.040730074 0.0252999924 0.203419566
v 0.040730074 0.0254999958 0.203419566
v 0.040730074 0.0253999941 0.203419566
v 0.0406066179 0.0253999941 0.20317249
v 0.0405816063 0.0252999924 0.203132987
v 0.0405816063 0.0254999958 0.203132987
v 0.0404386967 0.0253999941 0.202946022
v 0.0403737873 0.0252999924 0.202877149
v 0.0403737873 0.0254999958 0.202877149
v 0.0402324647 0.0253999941 0.202751622
v 0.04011795 0.0252999924 0.202669322
v 0.04011795 0.0254999958 0.202669322
v 0.0399977639 0.0253999941 0.202598035
v 0.0398313627 0.0253 0.202520862
v 0.0398313627 0.0254999958 0.202520862
v 0.0397465825 0.0253999941 0.202490032
v 0.0395335555 0.0253 0.202435225
v 0.0395335555 0.0254999958 0.202435225
v 0.0394911841 0.0253999941 0.202427983
v 0.0392424166 0.0253 0.202408522
v 0.0392424166 0.0254999958 0.202408522
v 0.03895127 0.0253 0.202435225
v 0.0389087573 0.0253999941 0.202443689
v 0.03895127 0.0254999958 0.202435225
v 0.0386534631 0.0253 0.202520862
v 0.0386534631 0.0254999958 0.202520862
v 0.0385695845 0.0253999941 0.202556878
v 0.0383668765 0.0252999924 0.202669322
v 0.0383668765 0.0254999958 0.202669322
v 0.03825237 0.0253999941 0.202751622
v 0.038111046 0.0252999924 0.202877149
v 0.038111046 0.0254999958 0.202877149
v 0.03798551 0.0253999941 0.203018472
v 0.03790322 0.0252999924 0.203132987
v 0.03790322 0.0254999958 0.203132987
v 0.03779076 0.0253999941 0.203335688
v 0.03775475 0.0252999924 0.203419566
v 0.03775475 0.0254999958 0.203419566
v 0.0376775935 0.0253999941 0.203674868
v 0.03766913 0.0252999924 0.203717381
v 0.0376424119 0.0253999941 0.20400852
v 0.03766913 0.0254999958 0.203717381
v 0.0376424119 0.0252999924 0.20400852
v 0.0376424119 0.0254999958 0.20400852
v 0.03766913 0.0252999924 0.204299659
v 0.03766913 0.0254999958 0.204299659
v 0.0376775935 0.0253999941 0.204342186
v 0.03775475 0.0252999924 0.204597473
v 0.03775475 0.0254999958 0.204597473
v 0.03775475 0.0253999941 0.204597473
v 0.0378782079 0.0253999941 0.204844549
v 0.03790322 0.0252999924 0.204884052
v 0.03790322 0.0254999958 0.204884052
v 0.0380461365 0.0253999941 0.205071032
v 0.038111046 0.0252999924 0.20513989
v 0.038111046 0.0254999958 0.20513989
v 0.03825237 0.0253999941 0.205265433
v 0.0383668765 0.0252999924 0.205347717
v 0.0383668765 0.0254999958 0.205347717
v 0.03848707 0.0253999941 0.205419
v 0.0386534631 0.0252999924 0.205496192
v 0.0386534631 0.0254999958 0.205496192
v 0.03873825 0.0253999941 0.205527008
v 0.03895127 0.0252999924 0.205581814
v 0.03895127 0.0254999958 0.205581814
v 0.03899365 0.0253999941 0.205589056
v 0.0392424166 0.0252999924 0.205608517
v 0.0392424166 0.0254999958 0.205608517
v 0.04349243 0.0254999958 0.197280824
v 0.04349243 0.0271 0.197281331
v 0.04439795 0.0271 0.196694136
v 0.0444859453 0.0262999944 0.1966455
v 0.0443592779 0.0254999958 0.196715936
v 0.0454136953 0.0271 0.196211427
v 0.0456089377 0.0262999944 0.196137041
v 0.04584384 0.0254999958 0.196054846
v 0.0465215333 0.0271 0.195860222
v 0.04683636 0.0262999944 0.19579038
v 0.0474281274 0.0254999958 0.195692912
v 0.04769508 0.0271 0.19566305
v 0.04813181 0.0262999944 0.195632786
v 0.04852913 0.0254999958 0.1956251
v 0.0489012524 0.0271 0.195634991
v 0.04901126 0.0262999944 0.1956411
v 0.049639158 0.0254999958 0.1957039
v 0.049886588 0.0262999944 0.195741862
v 0.0501030721 0.0271 0.19578135
v 0.0507289432 0.0254999958 0.195929155
v 0.0507433638 0.0262999944 0.195933163
v 0.0512633175 0.0271 0.196096659
v 0.051567968 0.0262999944 0.196210161
v 0.0517702624 0.0254999958 0.1962931
v 0.0523482971 0.0271 0.196565434
v 0.0523482971 0.0262999944 0.196565434
v 0.0528803766 0.0254999958 0.196860254
v 0.0530743152 0.0262999944 0.196989521
v 0.0533309281 0.0271 0.197164118
v 0.05433543 0.0262999944 0.198000014
v 0.05386743 0.0254999958 0.197577387
v 0.0541926362 0.0271 0.19786419
v 0.05452235 0.0254999958 0.198187888
v 0.05492744 0.0270999931 0.198639855
v 0.0551182926 0.0254999958 0.198877648
v 0.0553478822 0.0262999944 0.199189246
v 0.0555718131 0.0270999931 0.199525312
v 0.055641558 0.0254999958 0.1996376
v 0.05615623 0.0262999944 0.200622618
v 0.0560804531 0.0254999958 0.200455651
v 0.05611312 0.0270999931 0.200526446
v 0.0564261153 0.0254999958 0.201317251
v 0.0564598069 0.0262999944 0.201419026
v 0.0565235764 0.0270999931 0.20162487
v 0.05667308 0.0254999958 0.202206254
v 0.05668378 0.0262999944 0.202255771
v 0.0567801222 0.0270999931 0.202793866
v 0.05681957 0.0254999958 0.203105956
v 0.0568211377 0.0262999944 0.203120664
v 0.0568674281 0.0254999958 0.204000011
v 0.0568674281 0.0270999931 0.204000011
v 0.0568674281 0.0262999944 0.204000011
v 0.05681957 0.0254999958 0.204894066
v 0.056809362 0.0262999944 0.204984516
v 0.0567801222 0.0270999931 0.205206156
v 0.05667308 0.0254999958 0.205793768
v 0.05663755 0.0262999944 0.205948755
v 0.0565235764 0.0270999931 0.206375152
v 0.0564261153 0.0254999958 0.206682771
v 0.05635893 0.0262999944 0.206873819
v 0.05611312 0.0270999931 0.207473576
v 0.0560804531 0.0254999958 0.207544371
v 0.05598428 0.0262999944 0.207743376
v 0.055641558 0.0254999958 0.208362415
v 0.0555718131 0.0270999931 0.208474711
v 0.05552726 0.0262999944 0.208544433
v 0.0551182926 0.0254999958 0.20912236
v 0.05500321 0.0262999944 0.20926787
v 0.05492744 0.0270999931 0.209360167
v 0.05452235 0.0254999958 0.209812135
v 0.0544230975 0.0262999944 0.209913373
v 0.0541926362 0.0270999931 0.210135832
v 0.05386743 0.0254999958 0.210422635
v 0.05376172 0.0262999944 0.210509628
v 0.0533309281 0.0270999931 0.2108359
v 0.0528721437 0.0254999958 0.21114026
v 0.0526511259 0.0262999944 0.211269528
v 0.0523482971 0.0270999931 0.211434588
v 0.0517702624 0.0254999958 0.211706921
v 0.0513881519 0.0262999944 0.211858481
v 0.0512633175 0.0270999931 0.211903349
v 0.0505353436 0.0254999958 0.212121457
v 0.05001503 0.0262999944 0.212235451
v 0.0501030721 0.0270999931 0.212218672
v 0.0492559634 0.0254999958 0.212340131
v 0.0489012524 0.0270999931 0.212365031
v 0.048587434 0.0262999944 0.212374479
v 0.0484924279 0.0254999958 0.2123749
v 0.04769508 0.0270999931 0.212336972
v 0.0474074669 0.0254999958 0.2123041
v 0.0471673831 0.0262999944 0.21226953
v 0.0465215333 0.0270999931 0.2121398
v 0.0463434868 0.0254999958 0.21209462
v 0.045814503 0.0262999944 0.211935341
v 0.0454136953 0.0270999931 0.2117886
v 0.0448524 0.0254999958 0.2115426
v 0.0445781574 0.0262999944 0.211404
v 0.04439795 0.0270999931 0.211305887
v 0.0434925072 0.0254999958 0.210718751
v 0.04349243 0.0270999931 0.210718691
v 0.04349243 0.0270999931 0.21100001
v 0.04349243 0.0270999931 0.210718691
v 0.0429924279 0.0270999931 0.211500019
v 0.0430998355 0.0270999931 0.210077479
v 0.043754 0.0270999931 0.210600227
v 0.04439795 0.0270999931 0.211305887
v 0.04446644 0.0270999931 0.211057425
v 0.0452268422 0.0270999931 0.211439878
v 0.0454136953 0.0270999931 0.2117886
v 0.04602308 0.0270999931 0.211740673
v 0.0465215333 0.0270999931 0.2121398
v 0.04684186 0.0270999931 0.211955592
v 0.04769508 0.0270999931 0.212336972
v 0.0476694554 0.0270999931 0.21208322
v 0.0484924279 0.0270999931 0.212125
v 0.0489012524 0.0270999931 0.212365031
v 0.0499708764 0.0270999931 0.211989373
v 0.0501030721 0.0270999931 0.212218672
v 0.0512633175 0.0270999931 0.211903349
v 0.0514832 0.0270999931 0.211554542
v 0.0523482971 0.0270999931 0.211434588
v 0.052938506 0.0270999931 0.2108006
v 0.0533309281 0.0270999931 0.2108359
v 0.0536136 0.0270999931 0.210307881
v 0.0541926362 0.0270999931 0.210135832
v 0.05423767 0.0270999931 0.209745258
v 0.05492744 0.0270999931 0.209360167
v 0.0548002981 0.0270999931 0.209121183
v 0.0555718131 0.0270999931 0.208474711
v 0.0552930161 0.0270999931 0.208446085
v 0.05611312 0.0270999931 0.207473576
v 0.05604696 0.0270999931 0.206990778
v 0.0565235764 0.0270999931 0.206375152
v 0.0564817861 0.0270999931 0.20547846
v 0.0567801222 0.0270999931 0.205206156
v 0.0566174276 0.0270999931 0.204000011
v 0.0568674281 0.0270999931 0.204000011
v 0.0567801222 0.0270999931 0.202793866
v 0.0564817861 0.0270999931 0.202521563
v 0.0565235764 0.0270999931 0.20162487
v 0.05604696 0.0270999931 0.201009244
v 0.05611312 0.0270999931 0.200526446
v 0.0552930161 0.0270999931 0.199553937
v 0.0555718131 0.0270999931 0.199525312
v 0.0548002981 0.0270999931 0.19887884
v 0.05492744 0.0270999931 0.198639855
v 0.05423767 0.0270999931 0.198254764
v 0.0541926362 0.0271 0.19786419
v 0.0536136 0.0271 0.197692141
v 0.0533309281 0.0271 0.197164118
v 0.052938506 0.0271 0.197199419
v 0.0523482971 0.0271 0.196565434
v 0.0514832 0.0271 0.19644548
v 0.0512633175 0.0271 0.196096659
v 0.0499708764 0.0271 0.196010649
v 0.0501030721 0.0271 0.19578135
v 0.0489012524 0.0271 0.195634991
v 0.0484924279 0.0271 0.195875019
v 0.04769508 0.0271 0.19566305
v 0.0476694554 0.0271 0.1959168
v 0.04684186 0.0271 0.19604443
v 0.0465215333 0.0271 0.195860222
v 0.04602308 0.0271 0.19625935
v 0.0454136953 0.0271 0.196211427
v 0.0452268422 0.0271 0.196560144
v 0.04439795 0.0271 0.196694136
v 0.04446644 0.0271 0.1969426
v 0.043754 0.0271 0.1973998
v 0.04349243 0.0271 0.197281331
v 0.0430998355 0.0271 0.197922543
v 0.0429924279 0.0271 0.1965
v 0.04349243 0.0271 0.197000012
v 0.04030309 0.0271 0.197939351
v 0.04049792 0.0270999931 0.1981792
v 0.0425119922 0.0270999931 0.1985
v 0.0406371132 0.0270999931 0.198447868
v 0.0407173857 0.0270999931 0.198727071
v 0.04006324 0.0271 0.197744519
v 0.0407424271 0.0270999931 0.199
v 0.03979457 0.0271 0.197605327
v 0.03951537 0.0271 0.197525054
v 0.0392424241 0.0271 0.1975
v 0.03649243 0.0271 0.1965
v 0.03649243 0.0271 0.1975
v 0.0407173857 0.0270999931 0.19927296
v 0.0406371132 0.0270999931 0.199552149
v 0.04049792 0.0270999931 0.199820817
v 0.0425119922 0.0270999931 0.204000011
v 0.04030309 0.0270999931 0.200060666
v 0.0464924276 0.0270999931 0.204000011
v 0.0464924276 0.0270999931 0.1985
v 0.0464924276 0.0270999931 0.209500015
v 0.0425119922 0.0270999931 0.209500015
v 0.04049792 0.0270999931 0.2081792
v 0.0406371132 0.0270999931 0.208447874
v 0.0407173857 0.0270999931 0.208727062
v 0.0407424271 0.0270999931 0.209
v 0.0407173857 0.0270999931 0.209272951
v 0.0406371132 0.0270999931 0.209552154
v 0.04049792 0.0270999931 0.209820822
v 0.04030309 0.0270999931 0.210060671
v 0.04006324 0.0270999931 0.2102555
v 0.03979457 0.0270999931 0.2103947
v 0.03951537 0.0270999931 0.210474968
v 0.0392424241 0.0270999931 0.210500017
v 0.03649243 0.0270999931 0.211500019
v 0.03649243 0.0270999931 0.210500017
v 0.03649243 0.0270999931 0.2055
v 0.03649243 0.0270999931 0.207500011
v 0.0392424241 0.0270999931 0.207500011
v 0.0392424241 0.0270999931 0.2055
v 0.03951537 0.0270999931 0.207525045
v 0.03951537 0.0270999931 0.205474973
v 0.03979457 0.0270999931 0.207605332
v 0.03979457 0.0270999931 0.205394685
v 0.04006324 0.0270999931 0.207744509
v 0.04006324 0.0270999931 0.205255508
v 0.04030309 0.0270999931 0.207939357
v 0.04030309 0.0270999931 0.205060676
v 0.04049792 0.0270999931 0.204820827
v 0.0406371132 0.0270999931 0.204552144
v 0.0407173857 0.0270999931 0.204272956
v 0.0407424271 0.0270999931 0.204000011
v 0.0407173857 0.0270999931 0.203727067
v 0.0406371132 0.0270999931 0.203447863
v 0.04049792 0.0270999931 0.2031792
v 0.04030309 0.0270999931 0.202939346
v 0.04006324 0.0270999931 0.2002555
v 0.04006324 0.0270999931 0.202744514
v 0.03979457 0.0270999931 0.20039469
v 0.03979457 0.0270999931 0.202605337
v 0.03951537 0.0270999931 0.200474977
v 0.03951537 0.0270999931 0.202525049
v 0.0392424241 0.0270999931 0.200500011
v 0.0392424241 0.0270999931 0.202500015
v 0.03649243 0.0270999931 0.200500011
v 0.03649243 0.0270999931 0.202500015
v 0.0475165844 0.0104999952 0.201644123
v 0.04754588 0.0104999952 0.201153249
v 0.04769788 0.0104999952 0.201107144
v 0.0477424264 0.0104999952 0.201165915
v 0.0475165844 0.0104999952 0.2063559
v 0.0477424264 0.0104999952 0.206834108
v 0.04769788 0.0104999952 0.206892878
v 0.04754588 0.0104999952 0.206846774
v 0.0470757224 0.0104999952 0.20187977
v 0.0471487753 0.0104999952 0.201317728
v 0.0470086932 0.0104999952 0.2013926
v 0.0470757224 0.0104999952 0.206120253
v 0.0471487753 0.0104999952 0.20668228
v 0.0470086932 0.0104999952 0.2066074
v 0.04662128 0.0104999952 0.204000011
v 0.0466893055 0.0104999952 0.2021969
v 0.0466893055 0.0104999952 0.205803126
v 0.04637218 0.0104999952 0.202583313
v 0.0466513075 0.0104999952 0.201631412
v 0.0465285219 0.0104999952 0.201732174
v 0.0466513075 0.0104999952 0.20636861
v 0.0465285219 0.0104999952 0.206267849
v 0.04622459 0.0104999952 0.202036113
v 0.046123825 0.0104999952 0.202158883
v 0.0461365357 0.0104999952 0.203024164
v 0.04588503 0.0104999952 0.202516273
v 0.04581015 0.0104999952 0.202656358
v 0.04637218 0.0104999952 0.205416709
v 0.04622459 0.0104999952 0.20596391
v 0.046123825 0.0104999952 0.205841124
v 0.0459914245 0.0104999952 0.203502536
v 0.0456456654 0.0104999952 0.20305346
v 0.0455995575 0.0104999952 0.203205466
v 0.0461365357 0.0104999952 0.204975843
v 0.04588503 0.0104999952 0.20548375
v 0.04581015 0.0104999952 0.205343664
v 0.0459424257 0.0104999952 0.204000011
v 0.0455157049 0.0104999952 0.20362702
v 0.0455001369 0.0104999952 0.203785092
v 0.0459914245 0.0104999952 0.204497486
v 0.0456456654 0.0104999952 0.204946548
v 0.0455995575 0.0104999952 0.204794556
v 0.0455157049 0.0104999952 0.204373
v 0.0455001369 0.0104999952 0.204214931
v 0.0511723645 0.0184999965 0.205348313
v 0.0513438061 0.0184999965 0.204932556
v 0.05120271 0.0184999965 0.2054053
v 0.0509308241 0.0184999965 0.205747634
v 0.05098627 0.0184999965 0.205848619
v 0.0506217852 0.0184999965 0.206113264
v 0.0506460369 0.0184999965 0.206314191
v 0.0502534434 0.0184999965 0.206428766
v 0.050297752 0.0184999965 0.206652462
v 0.04983908 0.0184999965 0.206680775
v 0.0495942943 0.0184999965 0.207101882
v 0.0493955053 0.0184999965 0.206860855
v 0.0491895825 0.0184999965 0.207260445
v 0.0489408821 0.0184999965 0.206966311
v 0.0487673767 0.0184999965 0.207363784
v 0.0484924279 0.0184999965 0.207000017
v 0.0484924279 0.0184999965 0.20737502
v 0.04794654 0.0184999965 0.206949919
v 0.0478783026 0.0184999965 0.207318664
v 0.0473881438 0.0184999965 0.206789374
v 0.0472501069 0.0184999965 0.207138047
v 0.0468508 0.0184999965 0.206510991
v 0.0466455966 0.0184999965 0.206824869
v 0.0463711061 0.0184999965 0.206121325
v 0.0461059436 0.0184999965 0.206386492
v 0.04598144 0.0184999965 0.205641642
v 0.0456675664 0.0184999965 0.205846846
v 0.0457030647 0.0184999965 0.205104291
v 0.0453543924 0.0184999965 0.205242336
v 0.0455425121 0.0184999965 0.2045459
v 0.04517377 0.0184999965 0.204614133
v 0.04549243 0.0184999965 0.204000011
v 0.0451174267 0.0184999965 0.204000011
v 0.04517377 0.0184999965 0.20338589
v 0.0455425121 0.0184999965 0.203454122
v 0.0453543924 0.0184999965 0.202757686
v 0.0457030647 0.0184999965 0.202895731
v 0.0456675664 0.0184999965 0.202153176
v 0.04598144 0.0184999965 0.20235838
v 0.0461059436 0.0184999965 0.201613516
v 0.0463711061 0.0184999965 0.2018787
v 0.0466455966 0.0184999965 0.201175153
v 0.0468508 0.0184999965 0.201489031
v 0.0472501069 0.0184999965 0.200861976
v 0.0473881438 0.0184999965 0.201210648
v 0.0478783026 0.0184999965 0.200681359
v 0.04794654 0.0184999965 0.201050088
v 0.0484924279 0.0184999965 0.200625
v 0.0484924279 0.0184999965 0.201
v 0.0489408821 0.0184999965 0.201033711
v 0.0491445325 0.0184999965 0.2006886
v 0.0493955053 0.0184999965 0.201139152
v 0.0497839861 0.0184999965 0.200881913
v 0.04983908 0.0184999965 0.201319233
v 0.0503728352 0.0184999965 0.201197386
v 0.0502534434 0.0184999965 0.201571256
v 0.0507198125 0.0184999965 0.20177263
v 0.0508789122 0.0184999965 0.201613516
v 0.0506217852 0.0184999965 0.201886758
v 0.0509308241 0.0184999965 0.202252373
v 0.0511102863 0.0184999965 0.202382445
v 0.0511723645 0.0184999965 0.2026517
v 0.0513438061 0.0184999965 0.203067452
v 0.0491341464 0.0244999938 0.195655376
v 0.0493497066 0.0244999938 0.195675254
v 0.0495618433 0.0244999938 0.19570075
v 0.0495646931 0.0244999938 0.195700556
v 0.04977898 0.0244999938 0.195731238
v 0.0499924272 0.0244999938 0.1957673
v 0.0509841926 0.0244999938 0.1960087
v 0.0499924272 0.0244999938 0.197067291
v 0.05009243 0.0244999938 0.198868677
v 0.04930165 0.0244999938 0.198686272
v 0.0484924279 0.0244999938 0.197266936
v 0.0484924279 0.0244999938 0.198625013
v 0.0476832055 0.0244999938 0.198686272
v 0.04699243 0.0244999938 0.197067291
v 0.0468924269 0.0244999938 0.198868677
v 0.0460006632 0.0244999938 0.1960087
v 0.04699243 0.0244999938 0.1957673
v 0.04699105 0.0244999938 0.195759743
v 0.04767821 0.0244999938 0.195665181
v 0.05009243 0.0249999948 0.198868677
v 0.05098424 0.0249999948 0.196008548
v 0.05084876 0.0249999948 0.19916904
v 0.05157693 0.0249999948 0.199598134
v 0.05251084 0.0249999948 0.196647316
v 0.0522448942 0.0249999948 0.200151682
v 0.05321471 0.0249999948 0.197076827
v 0.0528220125 0.0249999948 0.200814843
v 0.05386743 0.0249999948 0.197577387
v 0.0532833152 0.0249999948 0.201563209
v 0.05361293 0.0249999948 0.202365667
v 0.0538058244 0.0249999948 0.203188553
v 0.05386743 0.0249999948 0.204000011
v 0.05386743 0.0249999948 0.210422635
v 0.0538058244 0.0249999948 0.204811469
v 0.05361293 0.0249999948 0.205634356
v 0.0532833152 0.0249999948 0.206436813
v 0.0528220125 0.0249999948 0.207185179
v 0.0522448942 0.0249999948 0.20784834
v 0.05250454 0.0249999948 0.211352617
v 0.05157693 0.0249999948 0.208401889
v 0.05098531 0.0249999948 0.2119949
v 0.05084876 0.0249999948 0.208830982
v 0.05009243 0.0249999948 0.209131345
v 0.0468924269 0.0249999948 0.209131345
v 0.0459994748 0.0249999948 0.211995125
v 0.0461360961 0.0249999948 0.208830982
v 0.0454079248 0.0249999948 0.208401889
v 0.04447762 0.0249999948 0.2113497
v 0.04473996 0.0249999948 0.20784834
v 0.0431174263 0.0249999948 0.210422635
v 0.0441628434 0.0249999948 0.207185179
v 0.04370154 0.0249999948 0.206436813
v 0.043371927 0.0249999948 0.205634356
v 0.04317903 0.0249999948 0.204811469
v 0.0431174263 0.0249999948 0.204000011
v 0.0431174263 0.0249999948 0.197577387
v 0.04317903 0.0249999948 0.203188553
v 0.043371927 0.0249999948 0.202365667
v 0.04370154 0.0249999948 0.201563209
v 0.0441628434 0.0249999948 0.200814843
v 0.04473996 0.0249999948 0.200151682
v 0.04447619 0.0249999948 0.196650922
v 0.0454079248 0.0249999948 0.199598134
v 0.04600002 0.0249999948 0.196006536
v 0.0461360961 0.0249999948 0.19916904
v 0.0468924269 0.0249999948 0.198868677
v 0.0474281274 0.0254999958 0.195692912
v 0.04852913 0.0254999958 0.1956251
v 0.0485325046 0.0254999958 0.195628881
v 0.049639158 0.0254999958 0.1957039
v 0.0496379733 0.0254999958 0.195710421
v 0.0507289432 0.0254999958 0.195929155
v 0.0507240519 0.0254999958 0.195933253
v 0.0517702624 0.0254999958 0.1962931
v 0.0434925072 0.0254999958 0.210718751
v 0.04349243 0.0254999958 0.21100001
v 0.043396987 0.0254999958 0.210646927
v 0.0433026925 0.0254999958 0.210573509
v 0.0429924279 0.0254999958 0.211500019
v 0.0432095081 0.0254999958 0.21049875
v 0.0431174263 0.0254999958 0.210422635
v 0.0408157036 0.0254999958 0.209299669
v 0.040730074 0.0254999958 0.209597468
v 0.0408424139 0.0254999958 0.209008515
v 0.0405816063 0.0254999958 0.209884062
v 0.0403737873 0.0254999958 0.2101399
v 0.04011795 0.0254999958 0.210347712
v 0.0398313627 0.0254999958 0.210496187
v 0.0395335555 0.0254999958 0.210581809
v 0.0392424166 0.0254999958 0.210608527
v 0.03649243 0.0254999958 0.211500019
v 0.03895127 0.0254999958 0.210581809
v 0.0386534631 0.0254999958 0.210496187
v 0.0383668765 0.0254999958 0.210347712
v 0.038111046 0.0254999958 0.2101399
v 0.03790322 0.0254999958 0.209884062
v 0.03775475 0.0254999958 0.209597468
v 0.03766913 0.0254999958 0.209299669
v 0.0376424119 0.0254999958 0.209008515
v 0.03766913 0.0254999958 0.208717376
v 0.03766913 0.0254999958 0.204299659
v 0.03775475 0.0254999958 0.204597473
v 0.0376424119 0.0254999958 0.20400852
v 0.03775475 0.0254999958 0.208419576
v 0.03790322 0.0254999958 0.204884052
v 0.03790322 0.0254999958 0.208132982
v 0.038111046 0.0254999958 0.20513989
v 0.038111046 0.0254999958 0.207877159
v 0.0383668765 0.0254999958 0.205347717
v 0.0383668765 0.0254999958 0.207669333
v 0.0386534631 0.0254999958 0.205496192
v 0.0386534631 0.0254999958 0.207520857
v 0.03895127 0.0254999958 0.205581814
v 0.03895127 0.0254999958 0.207435235
v 0.0392424166 0.0254999958 0.205608517
v 0.0392424166 0.0254999958 0.207408518
v 0.0395335555 0.0254999958 0.205581814
v 0.0395335555 0.0254999958 0.207435235
v 0.0398313627 0.0254999958 0.205496192
v 0.0398313627 0.0254999958 0.207520857
v 0.04011795 0.0254999958 0.207669333
v 0.04011795 0.0254999958 0.205347717
v 0.0403737873 0.0254999958 0.20513989
v 0.0403737873 0.0254999958 0.207877159
v 0.0405816063 0.0254999958 0.204884052
v 0.0405816063 0.0254999958 0.208132982
v 0.040730074 0.0254999958 0.204597473
v 0.040730074 0.0254999958 0.208419576
v 0.0408157036 0.0254999958 0.204299659
v 0.0408157036 0.0254999958 0.208717376
v 0.0408424139 0.0254999958 0.20400852
v 0.0431174263 0.0254999958 0.197577387
v 0.0408157036 0.0254999958 0.203717381
v 0.0408157036 0.0254999958 0.199299663
v 0.040730074 0.0254999958 0.203419566
v 0.040730074 0.0254999958 0.199597478
v 0.0405816063 0.0254999958 0.203132987
v 0.0405816063 0.0254999958 0.199884057
v 0.0403737873 0.0254999958 0.202877149
v 0.0403737873 0.0254999958 0.2001399
v 0.0408424139 0.0254999958 0.199008524
v 0.04011795 0.0254999958 0.202669322
v 0.04011795 0.0254999958 0.200347722
v 0.0398313627 0.0254999958 0.200496182
v 0.0398313627 0.0254999958 0.202520862
v 0.0395335555 0.0254999958 0.202435225
v 0.0395335555 0.0254999958 0.200581819
v 0.0392424166 0.0254999958 0.202408522
v 0.0392424166 0.0254999958 0.200608522
v 0.03895127 0.0254999958 0.202435225
v 0.03895127 0.0254999958 0.200581819
v 0.0386534631 0.0254999958 0.202520862
v 0.0386534631 0.0254999958 0.200496182
v 0.0383668765 0.0254999958 0.202669322
v 0.0383668765 0.0254999958 0.200347722
v 0.038111046 0.0254999958 0.202877149
v 0.038111046 0.0254999958 0.2001399
v 0.03790322 0.0254999958 0.203132987
v 0.03790322 0.0254999958 0.199884057
v 0.03775475 0.0254999958 0.203419566
v 0.03775475 0.0254999958 0.199597478
v 0.03766913 0.0254999958 0.203717381
v 0.03766913 0.0254999958 0.199299663
v 0.03649243 0.0254999958 0.1965
v 0.0376424119 0.0254999958 0.199008524
v 0.03766913 0.0254999958 0.198717386
v 0.03775475 0.0254999958 0.198419571
v 0.03790322 0.0254999958 0.198132992
v 0.038111046 0.0254999958 0.197877154
v 0.0383668765 0.0254999958 0.197669327
v 0.0386534631 0.0254999958 0.197520852
v 0.03895127 0.0254999958 0.19743523
v 0.0392424166 0.0254999958 0.197408527
v 0.0429924279 0.0254999958 0.1965
v 0.0395335555 0.0254999958 0.19743523
v 0.0398313627 0.0254999958 0.197520852
v 0.04011795 0.0254999958 0.197669327
v 0.0403737873 0.0254999958 0.197877154
v 0.0405816063 0.0254999958 0.198132992
v 0.040730074 0.0254999958 0.198419571
v 0.0408157036 0.0254999958 0.198717386
v 0.0432095341 0.0254999958 0.197501183
v 0.0433027521 0.0254999958 0.197426334
v 0.04349243 0.0254999958 0.197000012
v 0.0433970578 0.0254999958 0.197352856
v 0.04349243 0.0254999958 0.197280824
v 0.05386743 0.0254999958 0.197577387
v 0.05452235 0.0254999958 0.198187888
v 0.05386743 0.0254999958 0.204000011
v 0.0551182926 0.0254999958 0.198877648
v 0.05536743 0.0254999958 0.204000011
v 0.055641558 0.0254999958 0.1996376
v 0.0560804531 0.0254999958 0.200455651
v 0.0564261153 0.0254999958 0.201317251
v 0.05667308 0.0254999958 0.202206254
v 0.05681957 0.0254999958 0.203105956
v 0.0568674281 0.0254999958 0.204000011
v 0.05681957 0.0254999958 0.204894066
v 0.05667308 0.0254999958 0.205793768
v 0.0564261153 0.0254999958 0.206682771
v 0.0560804531 0.0254999958 0.207544371
v 0.055641558 0.0254999958 0.208362415
v 0.0551182926 0.0254999958 0.20912236
v 0.05452235 0.0254999958 0.209812135
v 0.05386743 0.0254999958 0.210422635
v 0.0431174263 0.0254999958 0.210422635
v 0.0431174263 0.0249999948 0.210422635
v 0.0432095081 0.0254999958 0.21049875
v 0.0433026925 0.0254999958 0.210573509
v 0.043396987 0.0254999958 0.210646927
v 0.0434925072 0.0254999958 0.210718751
v 0.0439522453 0.0253599919 0.2110377
v 0.04447762 0.0249999948 0.2113497
v 0.0448524 0.0254999958 0.2115426
v 0.0448586456 0.0253599919 0.211545229
v 0.0459994748 0.0249999948 0.211995125
v 0.0460807234 0.0253599919 0.212020218
v 0.0463434868 0.0254999958 0.21209462
v 0.0472312234 0.0249999948 0.21227926
v 0.0473634861 0.0253599919 0.212298229
v 0.0474074669 0.0254999958 0.2123041
v 0.04849245 0.0249999948 0.212374792
v 0.0484924279 0.0254999958 0.2123749
v 0.0486743823 0.0253599919 0.212372869
v 0.04975314 0.0249999948 0.212279409
v 0.0492559634 0.0254999958 0.212340131
v 0.04997965 0.0253599919 0.21224162
v 0.05098531 0.0249999948 0.2119949
v 0.0505353436 0.0254999958 0.212121457
v 0.0511723161 0.0253599919 0.211934134
v 0.05250454 0.0249999948 0.211352617
v 0.0517702624 0.0254999958 0.211706921
v 0.0525905974 0.0253599919 0.211305141
v 0.05386743 0.0249999948 0.210422635
v 0.0528721437 0.0254999958 0.21114026
v 0.05386743 0.0254999958 0.210422635
v 0.0497531369 0.0244999938 0.212279409
v 0.0509852841 0.0244999938 0.211994812
v 0.05098531 0.0249999948 0.2119949
v 0.04972838 0.0248599984 0.212283149
v 0.04975314 0.0249999948 0.212279409
v 0.0492063947 0.0248599984 0.212344468
v 0.0484924465 0.0244999938 0.2123748
v 0.04849245 0.0249999948 0.212374792
v 0.0480540842 0.0248599984 0.212363154
v 0.0472312272 0.0244999938 0.21227926
v 0.0472312234 0.0249999948 0.21227926
v 0.04690989 0.0248599984 0.212224036
v 0.04599957 0.0244999938 0.211994812
v 0.0459994748 0.0249999948 0.211995125
v 0.0491341464 0.0244999938 0.195655376
v 0.04839599 0.0244999938 0.195627391
v 0.0484036244 0.0244999938 0.195628777
v 0.04767821 0.0244999938 0.195665181
v 0.04741581 0.0220059045 0.195696235
v 0.0473022051 0.0220375918 0.195712715
v 0.0472513549 0.0220619477 0.195720688
v 0.04719261 0.0220998563 0.195730388
v 0.04749243 0.0219999962 0.195686162
v 0.04699243 0.0224999972 0.1957673
v 0.0483892858 0.0237999968 0.195627421
v 0.04847397 0.0219999962 0.195627242
v 0.0494924262 0.0219999962 0.195691973
v 0.0471184 0.0221681781 0.195743352
v 0.0471396 0.0221457221 0.195739567
v 0.0470710061 0.02223092 0.195752084
v 0.0470339321 0.0223005377 0.195759147
v 0.04700255 0.0223998912 0.195765287
v 0.04699243 0.0244999938 0.1957673
v 0.04767821 0.0244999938 0.195665181
v 0.04839599 0.0244999938 0.195627391
v 0.0491341464 0.0244999938 0.195655376
v 0.0499924272 0.0224999972 0.1957673
v 0.0495618433 0.0244999938 0.19570075
v 0.0499924272 0.0244999938 0.1957673
v 0.04975235 0.02207287 0.195727631
v 0.0496826135 0.0220375769 0.19571732
v 0.0496178269 0.0220159777 0.195708215
v 0.0498450845 0.02214555 0.19574219
v 0.0498156957 0.02211855 0.195737481
v 0.0498976856 0.0222071372 0.195750877
v 0.0499396771 0.0222764574 0.19575803
v 0.0499508567 0.0223003887 0.195759967
v 0.049982287 0.0223998018 0.1957655
v 0.04730838 0.0220351033 0.197067291
v 0.0474014468 0.02200834 0.197067291
v 0.0472188219 0.0220814981 0.197067291
v 0.0471388735 0.0221464448 0.197067291
v 0.04749243 0.0219999962 0.197067291
v 0.04707393 0.02222639 0.197067291
v 0.047027532 0.0223159529 0.197067291
v 0.0470007733 0.02240901 0.197067291
v 0.04699243 0.0224999972 0.197067291
v 0.0484924279 0.023249995 0.197067291
v 0.04699243 0.0244999938 0.197067291
v 0.0499924272 0.0244999938 0.197067291
v 0.0499924272 0.0224999972 0.197067291
v 0.0494924262 0.0219999962 0.197067291
v 0.0499840826 0.02240901 0.197067291
v 0.0499573238 0.0223159529 0.197067291
v 0.0499109253 0.02222639 0.197067291
v 0.0498459823 0.0221464448 0.197067291
v 0.04958341 0.02200834 0.197067291
v 0.0497660339 0.0220814981 0.197067291
v 0.0496764742 0.0220351033 0.197067291
v 0.0508789122 0.0186124928 0.201613516
v 0.05129347 0.01864269 0.202117249
v 0.0507198125 0.0184999965 0.20177263
v 0.05123163 0.0186052285 0.202159688
v 0.05160335 0.0186740942 0.202691272
v 0.0511102863 0.0184999965 0.202382445
v 0.05154123 0.018637497 0.202737153
v 0.0518013 0.0187065341 0.2033352
v 0.0517302454 0.0186696611 0.2033624
v 0.0513438061 0.0184999965 0.203067452
v 0.05138322 0.0184999965 0.203298479
v 0.05140452 0.0184999965 0.203531876
v 0.0518674254 0.0187377371 0.2040055
v 0.05140671 0.0184999965 0.2037965
v 0.0517924242 0.0187002011 0.204004526
v 0.0518040881 0.0187677629 0.2046508
v 0.05139243 0.0184999965 0.204000011
v 0.0517304577 0.0187302716 0.204636544
v 0.05161854 0.0187989734 0.205272034
v 0.0513377823 0.0185303278 0.204560339
v 0.05154123 0.0187624954 0.20526287
v 0.0513035543 0.0188314281 0.205867678
v 0.05117168 0.018562492 0.20510979
v 0.05123277 0.01879466 0.205838636
v 0.05090061 0.0185946636 0.205615759
v 0.05087661 0.0188626386 0.2063888
v 0.0505430363 0.0186249949 0.206050619
v 0.0508239828 0.0188251175 0.206335366
v 0.0503758341 0.018892657 0.20680061
v 0.05033352 0.01885518 0.2067387
v 0.0501081869 0.0186553262 0.206408188
v 0.0498056 0.01892386 0.207109064
v 0.0497552827 0.0188874938 0.2070488
v 0.04960221 0.01868749 0.206679255
v 0.0491622873 0.0189563073 0.20730786
v 0.04913004 0.0189196654 0.207237825
v 0.0490527526 0.018719662 0.206845373
v 0.0484924279 0.0189874955 0.207375
v 0.0484924279 0.0189499967 0.2073
v 0.0484924279 0.0187499933 0.2069
v 0.04849124 0.0189875476 0.207375
v 0.0478548147 0.018980328 0.207237825
v 0.0479321033 0.0187803246 0.206845373
v 0.0478332452 0.01901817 0.20731
v 0.0473826453 0.0188124962 0.206679255
v 0.0472292639 0.0190125145 0.207048684
v 0.0472004972 0.0190500133 0.207117945
v 0.04661764 0.0190818422 0.206806391
v 0.0466538072 0.0190446638 0.20674035
v 0.04687667 0.01884466 0.206408188
v 0.0461065471 0.0191124566 0.2063871
v 0.0461594723 0.0190749653 0.206333965
v 0.04644182 0.0188749917 0.206050619
v 0.0456942059 0.0191424526 0.20588696
v 0.0457520857 0.0191053264 0.205838636
v 0.0460842475 0.018905323 0.205615759
v 0.04538504 0.0191736557 0.20531711
v 0.0454436243 0.01913749 0.20526287
v 0.0458131768 0.0189374946 0.20510979
v 0.04518532 0.0192061253 0.204673544
v 0.04525461 0.0191696621 0.204637617
v 0.0456470735 0.0189696588 0.204560339
v 0.04511743 0.0192373581 0.204003066
v 0.0451924279 0.0191998817 0.204002529
v 0.0455924273 0.0189999975 0.204000011
v 0.0451790839 0.0192673542 0.203357846
v 0.04525461 0.0192303248 0.2033624
v 0.0456470735 0.0190303288 0.203439683
v 0.04536298 0.0192985423 0.202736214
v 0.0454436243 0.0192624964 0.202737153
v 0.0458131768 0.019062493 0.202890217
v 0.0456764 0.0193310119 0.202139735
v 0.0457520857 0.01929466 0.202161387
v 0.0460842475 0.0190946646 0.202384248
v 0.04610209 0.0193622522 0.20161739
v 0.0461558029 0.01932479 0.201669738
v 0.04644182 0.0191249959 0.2019494
v 0.0466016 0.01939224 0.2012044
v 0.0466538072 0.0193553232 0.201259673
v 0.04687667 0.0191553272 0.201591834
v 0.0471709333 0.0194234215 0.20089449
v 0.0472295731 0.0193874948 0.2009512
v 0.0473826453 0.0191874988 0.201320767
v 0.0478141233 0.0194558986 0.200693876
v 0.0478548147 0.0194196589 0.2007622
v 0.0479321033 0.019219663 0.201154649
v 0.0484843925 0.0194871314 0.200625017
v 0.0484924279 0.0194499977 0.200700015
v 0.0484924279 0.0194874965 0.200625
v 0.0484924279 0.0192499943 0.2011
v 0.0491335429 0.0195172988 0.200686455
v 0.04913004 0.019480329 0.2007622
v 0.0490527526 0.0192803256 0.201154649
v 0.0497514419 0.0195482932 0.200868636
v 0.0497552827 0.0195124932 0.2009512
v 0.04960221 0.0193124972 0.201320767
v 0.0503483 0.0195807628 0.201181084
v 0.05033105 0.0195446648 0.201259673
v 0.0501081869 0.0193446614 0.201591834
v 0.0508712456 0.01961201 0.201605886
v 0.05082588 0.0195749961 0.201666564
v 0.0505430363 0.0193749927 0.2019494
v 0.05128496 0.0196419917 0.202104658
v 0.05123277 0.0196053274 0.202161387
v 0.05090061 0.019405324 0.202384248
v 0.0515957661 0.0196731575 0.202673391
v 0.05154123 0.0196374916 0.202737153
v 0.05117168 0.0194374956 0.202890217
v 0.0517974123 0.0197056271 0.203316137
v 0.0517302454 0.0196696632 0.2033624
v 0.0513377823 0.01946966 0.203439683
v 0.0518674 0.0197368748 0.203986168
v 0.0517924279 0.0196999945 0.204000011
v 0.05139243 0.0194999911 0.204000011
v 0.0518078431 0.0197668485 0.204631388
v 0.0517302454 0.0197303258 0.204637617
v 0.0513377823 0.01953033 0.204560339
v 0.05162604 0.019798 0.205253437
v 0.05154123 0.01976249 0.20526287
v 0.05117168 0.019562494 0.20510979
v 0.05131473 0.019830469 0.20585075
v 0.05123277 0.0197946616 0.205838636
v 0.05090061 0.0195946656 0.205615759
v 0.05089097 0.0198617317 0.206374377
v 0.05082588 0.0198249929 0.206333458
v 0.0505430363 0.0196249969 0.206050619
v 0.0503930636 0.0198916979 0.206788957
v 0.05033105 0.0198553242 0.20674035
v 0.0501081869 0.0196553282 0.206408188
v 0.0498250164 0.0199228413 0.207100779
v 0.0497552827 0.0198874958 0.2070488
v 0.04960221 0.0196874924 0.206679255
v 0.0491828 0.019955311 0.207303643
v 0.04913004 0.0199196674 0.207237825
v 0.0490527526 0.019719664 0.206845358
v 0.0485130362 0.0199865736 0.207374945
v 0.0484924279 0.0199499913 0.2073
v 0.0484924279 0.0199874975 0.20737502
v 0.0484924279 0.0197499953 0.2069
v 0.04785773 0.0200169869 0.207314789
v 0.0478548147 0.01998033 0.207237825
v 0.0479321033 0.0197803266 0.206845358
v 0.04724551 0.02004766 0.207136214
v 0.0472295731 0.0200124942 0.2070488
v 0.0473826453 0.0198124982 0.206679255
v 0.0466476828 0.02008013 0.20682624
v 0.0466538072 0.0200446583 0.20674035
v 0.04687667 0.0198446624 0.206408188
v 0.04612326 0.0201114 0.206403688
v 0.0461589769 0.0200749971 0.206333458
v 0.04644182 0.0198749937 0.206050619
v 0.0457076766 0.02014136 0.205906779
v 0.0457520857 0.0201053284 0.205838636
v 0.0460842475 0.019905325 0.205615759
v 0.0453946441 0.020172473 0.205339551
v 0.0454436243 0.0201374926 0.20526287
v 0.0458131768 0.0199374966 0.20510979
v 0.0451903827 0.0202049427 0.204697937
v 0.04525461 0.0201696642 0.204637617
v 0.0456470735 0.01996966 0.204560339
v 0.04511755 0.02023622 0.2040285
v 0.0451924279 0.0201999955 0.204000011
v 0.0455924273 0.0199999921 0.204000011
v 0.045174256 0.0202661715 0.203383267
v 0.04525461 0.0202303268 0.2033624
v 0.0456470735 0.0200303234 0.203439683
v 0.04535321 0.02029727 0.202760667
v 0.0454436243 0.0202624984 0.202737153
v 0.0458131768 0.020062495 0.202890232
v 0.04566166 0.0203297324 0.202162236
v 0.0457520857 0.0202946626 0.202161387
v 0.0460842475 0.02009466 0.202384248
v 0.04608279 0.0203610174 0.2016369
v 0.0461589769 0.0203249939 0.201666564
v 0.04644182 0.0201249979 0.2019494
v 0.04657853 0.0203909613 0.201220155
v 0.0466538072 0.0203553252 0.201259673
v 0.04687667 0.02015533 0.201591834
v 0.0471448265 0.0204220451 0.200905725
v 0.0472295731 0.02038749 0.2009512
v 0.0473826453 0.0201874934 0.201320767
v 0.047785718 0.0204545148 0.200699836
v 0.0478548147 0.020419661 0.2007622
v 0.0479321033 0.020219665 0.201154649
v 0.0484547764 0.0204858072 0.200625211
v 0.0484924279 0.0204499923 0.200700015
v 0.0484924279 0.020487491 0.200625
v 0.0484924279 0.0202499963 0.2011
v 0.0491184369 0.0205165632 0.200683579
v 0.04913004 0.0204803236 0.2007622
v 0.0490527526 0.0202803276 0.201154649
v 0.0497229472 0.0205468126 0.200857326
v 0.0497552827 0.0205124952 0.2009512
v 0.04960221 0.0203124918 0.201320767
v 0.05032208 0.0205792747 0.201163992
v 0.05033105 0.0205446668 0.201259673
v 0.0501081869 0.0203446634 0.201591834
v 0.05084848 0.0206105746 0.201583475
v 0.05082588 0.02057499 0.201666564
v 0.0505430363 0.0203749947 0.2019494
v 0.0512665845 0.0206405036 0.202077866
v 0.05123277 0.02060533 0.202161387
v 0.05090061 0.020405326 0.202384248
v 0.051582627 0.02067155 0.202643067
v 0.05154123 0.0206374936 0.202737153
v 0.05117168 0.0204374976 0.202890232
v 0.0517904125 0.02070402 0.203283131
v 0.0517302454 0.0206696577 0.2033624
v 0.0513377823 0.0204696618 0.203439683
v 0.0518670827 0.0207353272 0.203951746
v 0.0517924279 0.0206999965 0.204000011
v 0.05139243 0.0204999931 0.204000011
v 0.0518142134 0.0207652487 0.204596967
v 0.0517302454 0.0207303278 0.204637617
v 0.0513377823 0.0205303244 0.204560339
v 0.05163909 0.02079628 0.205220312
v 0.05154123 0.020762492 0.20526287
v 0.05117168 0.020562496 0.20510979
v 0.0513345 0.0208287425 0.205820233
v 0.05123277 0.0207946636 0.205838636
v 0.05090061 0.02059466 0.205615759
v 0.0509169251 0.0208600648 0.206347868
v 0.05082588 0.0208249949 0.206333458
v 0.0505430363 0.0206249915 0.206050619
v 0.05042411 0.0208899714 0.206767544
v 0.05033105 0.0208553262 0.20674035
v 0.0501081869 0.0206553228 0.206408188
v 0.0498601645 0.02092098 0.207085446
v 0.0497552827 0.0208874978 0.2070488
v 0.04960221 0.0206874944 0.206679255
v 0.0492210723 0.0209534429 0.207295418
v 0.04913004 0.020919662 0.207237825
v 0.0490527526 0.020719666 0.206845358
v 0.0485529862 0.0209847726 0.207374468
v 0.0484924279 0.0209499933 0.2073
v 0.0484924279 0.0209874921 0.20737502
v 0.0484924279 0.0207499973 0.2069
v 0.0478780754 0.0210160054 0.207318619
v 0.0478548147 0.0209803246 0.207237825
v 0.0479321033 0.0207803287 0.206845358
v 0.0472839549 0.0210456662 0.207151234
v 0.0472295731 0.0210124962 0.2070488
v 0.0473826453 0.0208124928 0.206679255
v 0.0466831066 0.0210781284 0.206849039
v 0.0466538072 0.02104466 0.20674035
v 0.04687667 0.0208446644 0.206408188
v 0.04615407 0.021109473 0.206433684
v 0.0461589769 0.021075 0.206333458
v 0.04644182 0.0208749957 0.206050619
v 0.0457193926 0.0211404525 0.205923781
v 0.0457520857 0.021105323 0.205838636
v 0.0460842475 0.0209053271 0.205615774
v 0.04539397 0.021172557 0.205337986
v 0.0454436243 0.0211374946 0.20526287
v 0.0458131768 0.0209374912 0.20510979
v 0.04519502 0.0212038942 0.204719543
v 0.04525461 0.0211696662 0.204637617
v 0.0456470735 0.0209696628 0.204560339
v 0.0451182462 0.0212341584 0.204074383
v 0.0451924279 0.0211999975 0.204000011
v 0.0455924273 0.0209999941 0.204000011
v 0.0451699831 0.0212651156 0.203406751
v 0.04525461 0.0212303288 0.2033624
v 0.0456470735 0.0210303254 0.203439683
v 0.04535254 0.0212971829 0.20276238
v 0.0454436243 0.021262493 0.202737153
v 0.0458131768 0.021062497 0.202890232
v 0.0456479155 0.0213285275 0.202183589
v 0.0457520857 0.0212946646 0.202161387
v 0.0460842475 0.0210946612 0.202384248
v 0.0460487641 0.0213588141 0.2016721
v 0.0461589769 0.0213249959 0.201666564
v 0.04644182 0.0211249925 0.2019494
v 0.046556145 0.0213897489 0.2012357
v 0.0466538072 0.0213553272 0.201259673
v 0.04687667 0.0211553238 0.201591834
v 0.0471397266 0.0214217789 0.200907946
v 0.0472295731 0.0213874914 0.2009512
v 0.0473826453 0.0211874954 0.201320767
v 0.0477575026 0.0214531384 0.200706
v 0.0478548147 0.021419663 0.2007622
v 0.0479321033 0.02121966 0.201154649
v 0.0484025851 0.0214834549 0.200626209
v 0.0484924279 0.0214499943 0.200700015
v 0.0484924279 0.0214874931 0.200625
v 0.0484924279 0.0212499984 0.2011
v 0.04911367 0.0215163417 0.20068267
v 0.04913004 0.0214803256 0.2007622
v 0.0490527526 0.02128033 0.201154649
v 0.04971408 0.0215463527 0.200853869
v 0.0497552827 0.0215124972 0.2009512
v 0.04960221 0.0213124938 0.201320767
v 0.0502946265 0.021577727 0.201146469
v 0.05033105 0.0215446614 0.201259673
v 0.0501081869 0.0213446654 0.201591834
v 0.0508083366 0.0216080733 0.20154497
v 0.05082588 0.0215749927 0.201666564
v 0.0505430363 0.0213749968 0.2019494
v 0.05124671 0.0216389485 0.2020495
v 0.05123277 0.0216053315 0.202161387
v 0.05090061 0.0214053281 0.202384248
v 0.0515771 0.0216708966 0.20263055
v 0.05154123 0.0216374956 0.202737153
v 0.05117168 0.0214374922 0.202890232
v 0.0517824776 0.0217022784 0.203247547
v 0.0517302454 0.02166966 0.2033624
v 0.0513377823 0.0214696638 0.203439683
v 0.0518657155 0.0217326619 0.203892529
v 0.0517924279 0.0216999985 0.204000011
v 0.05139243 0.0214999951 0.204000011
v 0.05182083 0.0217635073 0.204558909
v 0.0517302454 0.0217303224 0.204637617
v 0.0513377823 0.0215303265 0.204560339
v 0.05164558 0.0217954032 0.205203444
v 0.05154123 0.021762494 0.20526287
v 0.05117168 0.0215624981 0.20510979
v 0.05135616 0.0218268074 0.205785975
v 0.05123277 0.0217946656 0.205838636
v 0.05090061 0.0215946622 0.205615774
v 0.0509603322 0.02185722 0.2063022
v 0.05082588 0.0218249969 0.206333458
v 0.0505430363 0.0216249935 0.206050619
v 0.05045908 0.0218880437 0.2067428
v 0.05033105 0.0218553282 0.20674035
v 0.0501081869 0.0216553248 0.206408188
v 0.0498808734 0.0219198875 0.207076192
v 0.0497552827 0.0218874924 0.2070488
v 0.04960221 0.0216874965 0.206679255
v 0.0492647775 0.0219513066 0.207285449
v 0.04913004 0.021919664 0.207237825
v 0.0490527526 0.02171966 0.206845373
v 0.04861993 0.02198175 0.2073726
v 0.0484924279 0.0219499953 0.2073
v 0.0484924279 0.0219874941 0.20737502
v 0.0484924279 0.0217499919 0.206900015
v 0.0478917249 0.0220153518 0.207321122
v 0.0478548147 0.0219803266 0.207237825
v 0.0479321033 0.02178033 0.206845373
v 0.0473097 0.0220443346 0.20716098
v 0.0472295731 0.02201249 0.2070488
v 0.0473826453 0.0218124948 0.206679255
v 0.0467249341 0.022075776 0.206875175
v 0.0466538072 0.0220446624 0.20674035
v 0.04687667 0.0218446665 0.206408188
v 0.04620587 0.0221062489 0.20648241
v 0.0461589769 0.0220749937 0.206333458
v 0.04644182 0.0218749978 0.206050619
v 0.04576276 0.0221370123 0.205984831
v 0.0457520857 0.022105325 0.205838636
v 0.0460842475 0.02190533 0.205615774
v 0.0454260036 0.0221687518 0.205409855
v 0.0454436243 0.0221374966 0.20526287
v 0.0458131768 0.0219374932 0.20510979
v 0.04521235 0.0222002 0.204794824
v 0.04525461 0.02216966 0.204637617
v 0.0456470735 0.0219696648 0.204560339
v 0.04512077 0.0222307183 0.20415014
v 0.0451924279 0.0221999921 0.204000011
v 0.0455924273 0.0219999962 0.204000011
v 0.04515689 0.0222614445 0.203485429
v 0.04525461 0.02223033 0.2033624
v 0.0456470735 0.0220303275 0.203439683
v 0.045322787 0.0222931243 0.2028407
v 0.0454436243 0.022262495 0.202737153
v 0.0458131768 0.0220625 0.202890232
v 0.0456045046 0.0223246031 0.202253431
v 0.0457520857 0.0222946666 0.202161387
v 0.0460842475 0.0220946632 0.202384248
v 0.0459938049 0.0223551579 0.2017312
v 0.0461589769 0.0223249979 0.201666564
v 0.04644182 0.0221249945 0.2019494
v 0.04648724 0.0223858468 0.201285273
v 0.0466538072 0.02235533 0.201259673
v 0.04687667 0.0221553259 0.201591834
v 0.04705858 0.0224174745 0.200944737
v 0.0472295731 0.0223874934 0.2009512
v 0.0473826453 0.0221874975 0.201320767
v 0.0476724021 0.02244896 0.200726151
v 0.0478548147 0.022419665 0.2007622
v 0.0479321033 0.0222196616 0.201154649
v 0.0483168326 0.02247956 0.200629577
v 0.0484924279 0.0224499963 0.200700015
v 0.0484924279 0.0224874951 0.200625
v 0.0484924279 0.0222499929 0.2011
v 0.04906699 0.0225140937 0.200674281
v 0.04913004 0.0224803276 0.2007622
v 0.0490527526 0.0222803243 0.201154649
v 0.0496253967 0.02254178 0.200820863
v 0.0497552827 0.0225125 0.2009512
v 0.04960221 0.0223124959 0.201320767
v 0.05021542 0.0225732811 0.20109795
v 0.05033105 0.0225446634 0.201259673
v 0.0501081869 0.02234466 0.201591834
v 0.0507411957 0.0226039253 0.201483339
v 0.05082588 0.0225749947 0.201666564
v 0.0505430363 0.0223749913 0.2019494
v 0.051190272 0.02263454 0.201972142
v 0.05123277 0.022605326 0.202161387
v 0.05090061 0.02240533 0.202384248
v 0.05153501 0.02266604 0.202539414
v 0.05154123 0.0226374976 0.202737153
v 0.05117168 0.0224374942 0.202890232
v 0.05175911 0.0226975717 0.203151837
v 0.0517302454 0.0226696618 0.2033624
v 0.0513377823 0.0224696659 0.203439683
v 0.0518612526 0.02272826 0.203795955
v 0.0517924279 0.0226999931 0.204000011
v 0.05139243 0.0224999972 0.204000011
v 0.05183613 0.0227588378 0.204458565
v 0.0517302454 0.0227303244 0.204637617
v 0.0513377823 0.0225303285 0.204560339
v 0.05168193 0.0227902643 0.205103517
v 0.05154123 0.022762496 0.20526287
v 0.05117168 0.0225624926 0.20510979
v 0.0514100119 0.0228218175 0.205696568
v 0.05123277 0.0227946676 0.205838636
v 0.05090061 0.0225946642 0.205615774
v 0.05102905 0.0228525512 0.206226259
v 0.05082588 0.0228249915 0.206333458
v 0.0505430363 0.0226249956 0.206050619
v 0.0505453758 0.0228830911 0.206678823
v 0.05033105 0.02285533 0.20674035
v 0.0501081869 0.0226553269 0.206408188
v 0.0499826036 0.02291445 0.20702821
v 0.0497552827 0.0228874944 0.2070488
v 0.04960221 0.0226874985 0.206679255
v 0.0493718162 0.0229460187 0.207258433
v 0.04913004 0.0229196586 0.207237825
v 0.0490527526 0.0227196626 0.206845373
v 0.0487281 0.0229768045 0.207366765
v 0.0484924279 0.0229499973 0.2073
v 0.0484924279 0.0229874961 0.20737502
v 0.0484924279 0.022749994 0.206900015
v 0.0479503721 0.0230125375 0.2073312
v 0.0478548147 0.0229803286 0.207237825
v 0.0479321033 0.0227803253 0.206845373
v 0.04742167 0.0230385922 0.207200646
v 0.0472295731 0.0230124928 0.2070488
v 0.0473826453 0.0228124969 0.206679255
v 0.0468252972 0.0230701827 0.206934512
v 0.0466538072 0.0230446644 0.20674035
v 0.04687667 0.022844661 0.206408188
v 0.04629132 0.02310102 0.206558481
v 0.0461589769 0.0230749957 0.206333458
v 0.04644182 0.0228749923 0.206050619
v 0.04583493 0.0231314786 0.206080467
v 0.0457520857 0.023105327 0.205838636
v 0.0460842475 0.0229053237 0.205615774
v 0.0454804264 0.0231626965 0.205522671
v 0.0454436243 0.0231374986 0.20526287
v 0.0458131768 0.0229374953 0.20510979
v 0.04524347 0.02319431 0.204913735
v 0.04525461 0.0231696628 0.204637617
v 0.0456470735 0.0229696669 0.204560339
v 0.0451282859 0.0232252 0.204270542
v 0.0451924279 0.0231999941 0.204000011
v 0.0455924273 0.0229999982 0.204000011
v 0.04513998 0.02325562 0.20361051
v 0.04525461 0.0232303254 0.2033624
v 0.0456470735 0.02303033 0.203439683
v 0.04527993 0.0232867636 0.202965364
v 0.0454436243 0.023262497 0.202737153
v 0.0458131768 0.0230624937 0.202890232
v 0.0455396771 0.0233183913 0.202365428
v 0.0457520857 0.0232946612 0.202161387
v 0.0460842475 0.0230946653 0.202384248
v 0.04591024 0.0233493336 0.201826781
v 0.0461589769 0.0233249925 0.201666564
v 0.04644182 0.0231249966 0.2019494
v 0.04638205 0.023379717 0.2013662
v 0.0466538072 0.0233553238 0.201259673
v 0.04687667 0.0231553279 0.201591834
v 0.0469344221 0.0234107859 0.201006144
v 0.0472295731 0.0233874954 0.2009512
v 0.0473826453 0.023187492 0.201320767
v 0.0475412235 0.023442436 0.200761825
v 0.0478548147 0.023419667 0.2007622
v 0.0479321033 0.0232196636 0.201154649
v 0.0481837876 0.02347343 0.200639158
v 0.0484924279 0.0234499983 0.200700015
v 0.0484924279 0.0234874971 0.200625
v 0.0484924279 0.023249995 0.2011
v 0.0489951968 0.0235106684 0.200662673
v 0.04913004 0.02348033 0.2007622
v 0.0490527526 0.0232803263 0.201154649
v 0.0494875573 0.0235347636 0.200775057
v 0.0497552827 0.0235124938 0.2009512
v 0.04960221 0.0233124979 0.201320767
v 0.0502408929 0.0235747062 0.201113224
v 0.05033105 0.0235446654 0.201259673
v 0.0501081869 0.023344662 0.201591834
v 0.0508789122 0.0236124955 0.201613516
v 0.0505430363 0.0233749934 0.2019494
v 0.0508789122 0.0231374986 0.201613516
v 0.0504582152 0.0231120773 0.2012566
v 0.0505430363 0.0233749934 0.2019494
v 0.05033105 0.0231446661 0.201259673
v 0.04998501 0.0230856724 0.200972989
v 0.0501081869 0.023344662 0.201591834
v 0.0497552827 0.0231124945 0.2009512
v 0.04947199 0.0230589844 0.200770289
v 0.04960221 0.0233124979 0.201320767
v 0.04913004 0.02308033 0.2007622
v 0.0489327647 0.0230327137 0.200653851
v 0.0490527526 0.0232803263 0.201154649
v 0.0487128422 0.023022484 0.200632215
v 0.0484924279 0.023049999 0.200700015
v 0.0484924279 0.023249995 0.2011
v 0.0484924279 0.0230124928 0.200625
v 0.0478548147 0.02301966 0.2007622
v 0.0479321033 0.0232196636 0.201154649
v 0.0476495177 0.0229728259 0.200731963
v 0.0472295731 0.0229874961 0.2009512
v 0.0473826453 0.023187492 0.201320767
v 0.0470253043 0.0229406916 0.200960577
v 0.0466538072 0.0229553245 0.201259673
v 0.04687667 0.0231553279 0.201591834
v 0.04645799 0.0229089074 0.201307118
v 0.0461589769 0.0229249932 0.201666564
v 0.04644182 0.0231249966 0.2019494
v 0.0459822044 0.0228791349 0.20174405
v 0.0457520857 0.0228946619 0.202161387
v 0.0460842475 0.0230946653 0.202384248
v 0.0455983728 0.0228490345 0.202263623
v 0.0454436243 0.0228624977 0.202737153
v 0.0458131768 0.0230624937 0.202890232
v 0.0453143343 0.02281693 0.202864081
v 0.04525461 0.0228303261 0.2033624
v 0.0456470735 0.02303033 0.203439683
v 0.0451533981 0.02278513 0.203508571
v 0.0451924279 0.0227999948 0.204000011
v 0.0455924273 0.0229999982 0.204000011
v 0.04512094 0.022755336 0.20415397
v 0.04525461 0.0227696635 0.204637617
v 0.0456470735 0.0229696669 0.204560339
v 0.0452120863 0.022725258 0.204793721
v 0.0454436243 0.0227374919 0.20526287
v 0.0458131768 0.0229374953 0.20510979
v 0.04543087 0.02269319 0.20542039
v 0.0457520857 0.0227053277 0.205838636
v 0.0460842475 0.0229053237 0.205615774
v 0.04576807 0.0226613842 0.205992132
v 0.0461589769 0.0226749964 0.206333458
v 0.04644182 0.0228749923 0.206050619
v 0.0461979061 0.02263156 0.206475049
v 0.0466538072 0.0226446651 0.20674035
v 0.04687667 0.022844661 0.206408188
v 0.0467119329 0.0226015039 0.206867144
v 0.0472295731 0.0226124935 0.2070488
v 0.0473826453 0.0228124969 0.206679255
v 0.0473070219 0.0225694738 0.207159981
v 0.0478548147 0.02258033 0.207237825
v 0.0479321033 0.0227803253 0.206845373
v 0.0479478948 0.02253766 0.2073308
v 0.0484924279 0.02254999 0.2073
v 0.0484924279 0.022749994 0.206900015
v 0.0484924279 0.0225125 0.20737502
v 0.04913004 0.0225196667 0.207237825
v 0.0490527526 0.0227196626 0.206845373
v 0.04923504 0.0224777646 0.207292289
v 0.0497552827 0.0224874951 0.2070488
v 0.04960221 0.0226874985 0.206679255
v 0.0498640724 0.02244578 0.2070837
v 0.05033105 0.0224553235 0.20674035
v 0.0501081869 0.0226553269 0.206408188
v 0.0504402258 0.0224139579 0.206756219
v 0.05082588 0.0224249922 0.206333458
v 0.0505430363 0.0226249956 0.206050619
v 0.0509305261 0.0223840661 0.206333742
v 0.05123277 0.02239466 0.205838636
v 0.05090061 0.0225946642 0.205615774
v 0.05133117 0.02235404 0.205825433
v 0.05154123 0.0223624967 0.20526287
v 0.05117168 0.0225624926 0.20510979
v 0.0516329557 0.0223220922 0.205236018
v 0.0517302454 0.0223303251 0.204637617
v 0.0513377823 0.0225303285 0.204560339
v 0.05181385 0.0222902633 0.204599008
v 0.0517924279 0.0222999938 0.204000011
v 0.05139243 0.0224999972 0.204000011
v 0.05186711 0.0222603343 0.203953564
v 0.0517302454 0.0222696625 0.2033624
v 0.0513377823 0.0224696659 0.203439683
v 0.0517961048 0.022230316 0.203309834
v 0.05154123 0.0222374983 0.202737153
v 0.05117168 0.0224374942 0.202890232
v 0.05159796 0.0221984275 0.202678531
v 0.05123277 0.0222053267 0.202161387
v 0.05090061 0.02240533 0.202384248
v 0.0512804575 0.0221665911 0.202098027
v 0.05082588 0.0221749954 0.201666564
v 0.0505430363 0.0223749913 0.2019494
v 0.0508654937 0.0221366175 0.201600179
v 0.05033105 0.0221446641 0.201259673
v 0.0501081869 0.02234466 0.201591834
v 0.0503630228 0.0221066065 0.201190829
v 0.0497515835 0.0221122988 0.200949669
v 0.04960221 0.0223124959 0.201320767
v 0.04977949 0.0220747627 0.200880051
v 0.0490527526 0.0222803243 0.201154649
v 0.04913172 0.02208041 0.200762525
v 0.04914657 0.0220429264 0.200689018
v 0.0484924279 0.0220124982 0.200625
v 0.0484924279 0.022049997 0.200700015
v 0.0484924279 0.0222499929 0.2011
v 0.04785533 0.02198289 0.20068568
v 0.0478548147 0.0220196657 0.2007622
v 0.0479321033 0.0222196616 0.201154649
v 0.04722193 0.021951098 0.200873286
v 0.0472295731 0.0219874941 0.2009512
v 0.0473826453 0.0221874975 0.201320767
v 0.0466372035 0.0219192617 0.201180652
v 0.0466538072 0.02195533 0.201259673
v 0.04687667 0.0221553259 0.201591834
v 0.0461317338 0.0218891837 0.201588
v 0.0461589769 0.0219249912 0.201666564
v 0.04644182 0.0221249945 0.2019494
v 0.0457136035 0.0218591727 0.2020846
v 0.0457520857 0.0218946673 0.202161387
v 0.0460842475 0.0220946632 0.202384248
v 0.04539394 0.0218274333 0.20266211
v 0.0454436243 0.0218624957 0.202737153
v 0.0458131768 0.0220625 0.202890232
v 0.045192793 0.0217955969 0.203290761
v 0.04525461 0.0218303241 0.2033624
v 0.0456470735 0.0220303275 0.203439683
v 0.04511803 0.02176546 0.203936234
v 0.0451924279 0.0217999928 0.204000011
v 0.0455924273 0.0219999962 0.204000011
v 0.0451683477 0.0217354409 0.204584062
v 0.04525461 0.0217696615 0.204637617
v 0.0456470735 0.0219696648 0.204560339
v 0.04534541 0.0217037536 0.205219388
v 0.0454436243 0.0217374973 0.20526287
v 0.0458131768 0.0219374932 0.20510979
v 0.0456426479 0.0216719322 0.205808148
v 0.0457520857 0.0217053257 0.205838636
v 0.0460842475 0.02190533 0.205615774
v 0.0460424051 0.0216417275 0.206321225
v 0.0461589769 0.0216749944 0.206333458
v 0.04644182 0.0218749978 0.206050619
v 0.0465331562 0.0216117017 0.206748083
v 0.0466538072 0.0216446631 0.20674035
v 0.04687667 0.0218446665 0.206408188
v 0.04710455 0.021580074 0.20707643
v 0.0472295731 0.0216124989 0.2070488
v 0.0473826453 0.0218124948 0.206679255
v 0.0477288477 0.0215482526 0.20728749
v 0.0478548147 0.0215803273 0.207237825
v 0.0479321033 0.02178033 0.206845373
v 0.0484924279 0.0215124972 0.20737502
v 0.0484924279 0.021549996 0.2073
v 0.0484924279 0.0217499919 0.206900015
v 0.04902417 0.02148794 0.20733285
v 0.04913004 0.0215196647 0.207237825
v 0.0490527526 0.02171966 0.206845373
v 0.0496612266 0.021456372 0.207166165
v 0.0497552827 0.0214874931 0.2070488
v 0.04960221 0.0216874965 0.206679255
v 0.0502537824 0.0214245655 0.206878945
v 0.05033105 0.0214553289 0.20674035
v 0.0501081869 0.0216553248 0.206408188
v 0.0507743321 0.0213942267 0.206486687
v 0.05082588 0.0214249976 0.206333458
v 0.0505430363 0.0216249935 0.206050619
v 0.05120977 0.0213641636 0.206001669
v 0.05123277 0.0213946588 0.205838636
v 0.05090061 0.0215946622 0.205615774
v 0.05154652 0.0213326551 0.205436379
v 0.05154123 0.0213624947 0.20526287
v 0.05117168 0.0215624981 0.20510979
v 0.0517671779 0.021300856 0.20481649
v 0.0517302454 0.02133033 0.204637617
v 0.0513377823 0.0215303265 0.204560339
v 0.0518630929 0.02127045 0.204171047
v 0.0517924279 0.0212999918 0.204000011
v 0.05139243 0.0214999951 0.204000011
v 0.0518330038 0.0212403648 0.20351921
v 0.0517302454 0.0212696679 0.2033624
v 0.0513377823 0.0214696638 0.203439683
v 0.05167639 0.0212089159 0.202880621
v 0.05154123 0.0212374963 0.202737153
v 0.05117168 0.0214374922 0.202890232
v 0.0513989367 0.0211771242 0.202284545
v 0.05123277 0.0212053247 0.202161387
v 0.05090061 0.0214053281 0.202384248
v 0.05101399 0.0211466439 0.201756716
v 0.05082588 0.0211749934 0.201666564
v 0.0505430363 0.0213749968 0.2019494
v 0.050534565 0.0211165361 0.201312944
v 0.05033105 0.0211446621 0.201259673
v 0.0501081869 0.0213446654 0.201591834
v 0.0499752536 0.0210851468 0.2009682
v 0.0497552827 0.0211124979 0.2009512
v 0.04960221 0.0213124938 0.201320767
v 0.04935976 0.02105337 0.200738356
v 0.04913004 0.0210803263 0.2007622
v 0.0490527526 0.02128033 0.201154649
v 0.0484924279 0.0210124962 0.200625
v 0.0484924279 0.021049995 0.200700015
v 0.0484924279 0.0212499984 0.2011
v 0.0480606146 0.0209926777 0.200652748
v 0.0478548147 0.0210196637 0.2007622
v 0.0479321033 0.02121966 0.201154649
v 0.0474207178 0.020961348 0.200799689
v 0.0472295731 0.0209875 0.2009512
v 0.0473826453 0.0211874954 0.201320767
v 0.0468213931 0.0209295861 0.201067731
v 0.0466538072 0.0209553279 0.201259673
v 0.04687667 0.0211553238 0.201591834
v 0.0462865829 0.0208989568 0.201445624
v 0.0461589769 0.0209249966 0.201666564
v 0.04644182 0.0211249925 0.2019494
v 0.045834817 0.020868782 0.20191969
v 0.0457520857 0.0208946653 0.202161387
v 0.0460842475 0.0210946612 0.202384248
v 0.04548254 0.02083752 0.2024732
v 0.0454436243 0.0208624937 0.202737153
v 0.0458131768 0.021062497 0.202890232
v 0.045244012 0.02080578 0.203084365
v 0.04525461 0.02083033 0.2033624
v 0.0456470735 0.0210303254 0.203439683
v 0.04512911 0.0207755379 0.203719437
v 0.0451924279 0.0207999982 0.204000011
v 0.0455924273 0.0209999941 0.204000011
v 0.0451371968 0.0207458176 0.204364777
v 0.04525461 0.02076966 0.204637617
v 0.0456470735 0.0209696628 0.204560339
v 0.04527438 0.0207141079 0.205017254
v 0.0454436243 0.0207374953 0.20526287
v 0.0458131768 0.0209374912 0.20510979
v 0.0455371439 0.0206818469 0.20563
v 0.0457520857 0.0207053237 0.205838636
v 0.0460842475 0.0209053271 0.205615774
v 0.04590142 0.0206515752 0.206162721
v 0.0461589769 0.0206749924 0.206333458
v 0.04644182 0.0208749957 0.206050619
v 0.0463604257 0.0206218623 0.206616342
v 0.0466538072 0.020644661 0.20674035
v 0.04687667 0.0208446644 0.206408188
v 0.0469167531 0.0205901675 0.206984609
v 0.0472295731 0.0206124969 0.2070488
v 0.0473826453 0.0208124928 0.206679255
v 0.04753463 0.0205578841 0.207236245
v 0.0478548147 0.0205803253 0.207237825
v 0.0479321033 0.0207803287 0.206845358
v 0.0480089337 0.0205347575 0.2073402
v 0.0484924279 0.020549994 0.2073
v 0.0484924279 0.0205124952 0.207375
v 0.0484924279 0.0207499973 0.2069
v 0.0488134138 0.0204978622 0.207359716
v 0.04913004 0.0205196626 0.207237825
v 0.0490527526 0.020719666 0.206845358
v 0.0494684465 0.02046619 0.2072308
v 0.0497552827 0.020487491 0.2070488
v 0.04960221 0.0206874944 0.206679255
v 0.05008527 0.0204338841 0.20697549
v 0.05033105 0.0204553269 0.20674035
v 0.0501081869 0.0206553228 0.206408188
v 0.0506224856 0.02040353 0.206617922
v 0.05082588 0.0204249956 0.206333458
v 0.0505430363 0.0206249915 0.206050619
v 0.0510818139 0.0203738175 0.206164658
v 0.05123277 0.0203946643 0.205838636
v 0.05090061 0.02059466 0.205615759
v 0.0514574349 0.0203421675 0.205612272
v 0.05154123 0.0203624927 0.20526287
v 0.05117168 0.020562496 0.20510979
v 0.05171689 0.02030984 0.204996735
v 0.0517302454 0.0203303285 0.204637617
v 0.0513377823 0.0205303244 0.204560339
v 0.05184766 0.0202794485 0.204364762
v 0.0517924279 0.0202999972 0.204000011
v 0.05139243 0.0204999931 0.204000011
v 0.0518557467 0.0202497356 0.203719467
v 0.0517302454 0.0202696659 0.2033624
v 0.0513377823 0.0204696618 0.203439683
v 0.0517345034 0.0202181 0.203062162
v 0.05154123 0.0202374943 0.202737153
v 0.05117168 0.0204374976 0.202890232
v 0.0514861234 0.0201857649 0.202441663
v 0.05123277 0.0202053227 0.202161387
v 0.05090061 0.020405326 0.202384248
v 0.05113474 0.02015533 0.201900288
v 0.05082588 0.0201749988 0.201666564
v 0.0505430363 0.0203749947 0.2019494
v 0.0506867431 0.0201256089 0.201435715
v 0.05033105 0.02014466 0.201259673
v 0.0501081869 0.0203446634 0.201591834
v 0.05013804 0.0200939961 0.201053381
v 0.0497552827 0.0201124959 0.2009512
v 0.04960221 0.0203124918 0.201320767
v 0.04952476 0.0200616457 0.200786769
v 0.04913004 0.0200803243 0.2007622
v 0.0490527526 0.0202803276 0.201154649
v 0.04901453 0.02003659 0.200665638
v 0.0484924279 0.0200499929 0.200700015
v 0.0484924279 0.0200124942 0.200625
v 0.0484924279 0.0202499963 0.2011
v 0.04824887 0.020001445 0.200633809
v 0.0478548147 0.0200196616 0.2007622
v 0.0479321033 0.020219665 0.201154649
v 0.04758957 0.0199698545 0.200748011
v 0.0472295731 0.0199874975 0.2009512
v 0.0473826453 0.0201874934 0.201320767
v 0.04696579 0.0199374817 0.200990021
v 0.0466538072 0.0199553259 0.201259673
v 0.04687667 0.02015533 0.201591834
v 0.0464206077 0.0199069716 0.201335758
v 0.0461589769 0.0199249946 0.201666564
v 0.04644182 0.0201249979 0.2019494
v 0.04595125 0.0198772289 0.201778963
v 0.0457520857 0.0198946632 0.202161387
v 0.0460842475 0.02009466 0.202384248
v 0.0455628559 0.01984566 0.202324241
v 0.0454436243 0.0198624916 0.202737153
v 0.0458131768 0.020062495 0.202890232
v 0.0452897325 0.01981328 0.2029354
v 0.04525461 0.0198303275 0.2033624
v 0.0456470735 0.0200303234 0.203439683
v 0.04514561 0.0197827257 0.203564778
v 0.0451924279 0.0197999962 0.204000011
v 0.0455924273 0.0199999921 0.204000011
v 0.04512397 0.019752983 0.204210043
v 0.04525461 0.0197696649 0.204637617
v 0.0456470735 0.01996966 0.204560339
v 0.04523178 0.0197214372 0.204871088
v 0.0454436243 0.0197374932 0.20526287
v 0.0458131768 0.0199374966 0.20510979
v 0.0454679839 0.0196890421 0.2054978
v 0.0457520857 0.01970533 0.205838636
v 0.0460842475 0.019905325 0.205615759
v 0.045808617 0.01965845 0.206046417
v 0.0461589769 0.01967499 0.206333458
v 0.04644182 0.0198749937 0.206050619
v 0.04624748 0.0196286924 0.2065201
v 0.0466538072 0.0196446665 0.20674035
v 0.04687667 0.0198446624 0.206408188
v 0.0467896 0.0195971616 0.206913948
v 0.0472295731 0.0196124949 0.2070488
v 0.0473826453 0.0198124982 0.206679255
v 0.0473988131 0.019564759 0.207192913
v 0.0478548147 0.0195803232 0.207237825
v 0.0479321033 0.0197803266 0.206845358
v 0.0479384 0.0195381083 0.207329229
v 0.0484924279 0.0195499919 0.2073
v 0.0484924279 0.0195124932 0.20737502
v 0.0484924279 0.0197499953 0.2069
v 0.0486723222 0.0195043646 0.207370222
v 0.04913004 0.01951966 0.207237825
v 0.0490527526 0.019719664 0.206845358
v 0.0493348837 0.0194728561 0.207268178
v 0.0497552827 0.0194874965 0.2070488
v 0.04960221 0.0196874924 0.206679255
v 0.0499641746 0.0194404386 0.20703721
v 0.05033105 0.0194553249 0.20674035
v 0.0501081869 0.0196553282 0.206408188
v 0.0505158864 0.019409772 0.206701159
v 0.05082588 0.0194249935 0.206333458
v 0.0505430363 0.0196249969 0.206050619
v 0.05099344 0.019379992 0.2062662
v 0.05123277 0.0193946622 0.205838636
v 0.05090061 0.0195946656 0.205615759
v 0.0513921455 0.0193485059 0.205726922
v 0.05154123 0.01936249 0.20526287
v 0.05117168 0.019562494 0.20510979
v 0.0516763441 0.019316081 0.20511952
v 0.0517302454 0.0193303265 0.204637617
v 0.0513377823 0.01953033 0.204560339
v 0.0518313348 0.0192853771 0.204492271
v 0.0517924279 0.0192999952 0.204000011
v 0.05139243 0.0194999911 0.204000011
v 0.0518639572 0.01925559 0.203847021
v 0.0517302454 0.0192696638 0.2033624
v 0.0513377823 0.01946966 0.203439683
v 0.05176708 0.0192241184 0.203183144
v 0.05154123 0.0192374922 0.202737153
v 0.05117168 0.0194374956 0.202890217
v 0.0515408181 0.0191916861 0.202551574
v 0.05123277 0.0192053281 0.202161387
v 0.05090061 0.019405324 0.202384248
v 0.05120886 0.0191609524 0.201997116
v 0.05082588 0.0191749968 0.201666564
v 0.0505430363 0.0193749927 0.2019494
v 0.05077735 0.01913115 0.2015161
v 0.05033105 0.0191446654 0.201259673
v 0.0501081869 0.0193446614 0.201591834
v 0.05024067 0.0190996937 0.2011131
v 0.0497552827 0.0191124938 0.2009512
v 0.04960221 0.0193124972 0.201320767
v 0.0496349 0.0190672614 0.200824261
v 0.04913004 0.01908033 0.2007622
v 0.0490527526 0.0192803256 0.201154649
v 0.0490720347 0.0190393366 0.20067516
v 0.0484924279 0.01904999 0.200700015
v 0.0484924279 0.0190124922 0.200625
v 0.0484924279 0.0192499943 0.2011
v 0.04836329 0.0190066732 0.200627476
v 0.0478548147 0.0190196671 0.2007622
v 0.0479321033 0.019219663 0.201154649
v 0.04769828 0.0189752318 0.200719774
v 0.0472295731 0.0189874955 0.2009512
v 0.0473826453 0.0191874988 0.201320767
v 0.04706474 0.0189428 0.200941846
v 0.0466538072 0.0189553238 0.201259673
v 0.04687667 0.0191553272 0.201591834
v 0.0465078242 0.0189119913 0.201270178
v 0.0461589769 0.0189249925 0.201666564
v 0.04644182 0.0191249959 0.2019494
v 0.0460237674 0.0188821666 0.201698631
v 0.0457520857 0.0188946612 0.202161387
v 0.0460842475 0.0190946646 0.202384248
v 0.045616962 0.0188507475 0.202233
v 0.0454436243 0.0188624971 0.202737153
v 0.0458131768 0.019062493 0.202890217
v 0.045324035 0.0188183 0.202837288
v 0.04525461 0.0188303255 0.2033624
v 0.0456470735 0.0190303288 0.203439683
v 0.0451604463 0.0187874623 0.203462884
v 0.0451924279 0.0187999941 0.204000011
v 0.0455924273 0.0189999975 0.204000011
v 0.04511916 0.01875763 0.204108119
v 0.04525461 0.0187696628 0.204637617
v 0.0456470735 0.0189696588 0.204560339
v 0.0452074 0.0187262185 0.2047741
v 0.0454436243 0.0187374912 0.20526287
v 0.0458131768 0.0189374946 0.20510979
v 0.0454257764 0.0186937787 0.205409363
v 0.0457520857 0.0187053271 0.205838636
v 0.0460842475 0.018905323 0.205615759
v 0.04575091 0.01866291 0.20596844
v 0.0461589769 0.0186749958 0.206333458
v 0.04644182 0.0188749917 0.206050619
v 0.0461766645 0.0186330639 0.206455186
v 0.0466538072 0.0186446644 0.20674035
v 0.046583835 0.018608775 0.2067835
v 0.04687667 0.01884466 0.206408188
v 0.04703602 0.0185837261 0.2070446
v 0.0472295731 0.0186124928 0.2070488
v 0.0473826453 0.0188124962 0.206679255
v 0.04752462 0.0185583867 0.207233265
v 0.0478548147 0.0185803212 0.207237825
v 0.0479321033 0.0187803246 0.206845373
v 0.04803668 0.0185334422 0.2073441
v 0.0484924279 0.0185499974 0.2073
v 0.0484924279 0.0185124911 0.207375
v 0.0484924279 0.0187499933 0.2069
v 0.0487673767 0.0184999965 0.207363784
v 0.04913004 0.0185196586 0.207237825
v 0.0491895825 0.0184999965 0.207260445
v 0.0490527526 0.018719662 0.206845373
v 0.0495942943 0.0184999965 0.207101882
v 0.04960221 0.01868749 0.206679255
v 0.050297752 0.0184999965 0.206652462
v 0.0501081869 0.0186553262 0.206408188
v 0.0506460369 0.0184999965 0.206314191
v 0.0505430363 0.0186249949 0.206050619
v 0.05098627 0.0184999965 0.205848619
v 0.05090061 0.0185946636 0.205615759
v 0.05120271 0.0184999965 0.2054053
v 0.05117168 0.018562492 0.20510979
v 0.0513438061 0.0184999965 0.204932556
v 0.0513377823 0.0185303278 0.204560339
v 0.05140452 0.0184999965 0.204468191
v 0.05139243 0.0184999965 0.204000011
v 0.0513438061 0.0184999965 0.204932556
v 0.05145457 0.0184999965 0.2044751
v 0.05140452 0.0184999965 0.204468191
v 0.05139243 0.0184999965 0.204000011
v 0.0514924265 0.0184999965 0.204000011
v 0.05140671 0.0184999965 0.2037965
v 0.05145457 0.0184999965 0.2035249
v 0.05140452 0.0184999965 0.203531876
v 0.05138322 0.0184999965 0.203298479
v 0.0513438061 0.0184999965 0.203067452
v 0.0492869765 0.0104999952 0.201107144
v 0.0494389758 0.0104999952 0.201153249
v 0.04946827 0.0104999952 0.201644123
v 0.04924243 0.0104999952 0.201165915
v 0.04946827 0.0104999952 0.2063559
v 0.04924243 0.0104999952 0.206834108
v 0.0492869765 0.0104999952 0.206892878
v 0.0494389758 0.0104999952 0.206846774
v 0.0499091335 0.0104999952 0.20187977
v 0.04983608 0.0104999952 0.201317728
v 0.0499761626 0.0104999952 0.2013926
v 0.0499091335 0.0104999952 0.206120253
v 0.04983608 0.0104999952 0.20668228
v 0.0499761626 0.0104999952 0.2066074
v 0.0503635742 0.0104999952 0.204000011
v 0.05029555 0.0104999952 0.205803126
v 0.05029555 0.0104999952 0.2021969
v 0.0506126769 0.0104999952 0.205416709
v 0.05033355 0.0104999952 0.20636861
v 0.0504563339 0.0104999952 0.206267849
v 0.05033355 0.0104999952 0.201631412
v 0.0504563339 0.0104999952 0.201732174
v 0.0507602654 0.0104999952 0.20596391
v 0.05086103 0.0104999952 0.205841124
v 0.05084832 0.0104999952 0.204975843
v 0.0510998257 0.0104999952 0.20548375
v 0.051174704 0.0104999952 0.205343664
v 0.0506126769 0.0104999952 0.202583313
v 0.0507602654 0.0104999952 0.202036113
v 0.05086103 0.0104999952 0.202158883
v 0.05099343 0.0104999952 0.204497486
v 0.05133919 0.0104999952 0.204946548
v 0.0513853 0.0104999952 0.204794556
v 0.05084832 0.0104999952 0.203024164
v 0.0510998257 0.0104999952 0.202516273
v 0.051174704 0.0104999952 0.202656358
v 0.05104243 0.0104999952 0.204000011
v 0.05146915 0.0104999952 0.204373
v 0.05148472 0.0104999952 0.204214931
v 0.05099343 0.0104999952 0.203502536
v 0.05133919 0.0104999952 0.20305346
v 0.0513853 0.0104999952 0.203205466
v 0.05146915 0.0104999952 0.20362702
v 0.05148472 0.0104999952 0.203785092
v 0.0492869765 0.0174999945 0.206892878
v 0.0488933 0.0174999945 0.2069731
v 0.04924243 0.0174999945 0.206834108
v 0.0484924279 0.0174999945 0.204000011
v 0.0484924279 0.0174999945 0.207000017
v 0.04924243 0.0174999945 0.201165915
v 0.0480915569 0.0174999945 0.2069731
v 0.0488933 0.0174999945 0.201026917
v 0.0492869765 0.0174999945 0.201107144
v 0.0484924279 0.0174999945 0.201
v 0.0480915569 0.0174999945 0.201026917
v 0.0477424264 0.0174999945 0.206834108
v 0.04769788 0.0174999945 0.206892878
v 0.0477424264 0.0174999945 0.201165915
v 0.04769788 0.0174999945 0.201107144
v 0.035735704 0.0270999931 0.210500017
v 0.035735704 0.0270999931 0.209750012
v 0.03649243 0.0270999931 0.210500017
v 0.03649243 0.0270999931 0.207500011
v 0.035735704 0.0270999931 0.208250016
v 0.035735704 0.0270999931 0.207500011
v 0.03386005 0.0270999931 0.209
v 0.03172767 0.0270999931 0.209750012
v 0.03172767 0.0270999931 0.208250016
v 0.03122767 0.0270999931 0.20925
v 0.03122767 0.0270999931 0.20875001
v 0.0392424241 0.0270999931 0.207500011
v 0.0392424241 0.0273999982 0.207500011
v 0.03951537 0.0273999982 0.207525045
v 0.03955523 0.0272499956 0.207532987
v 0.03951537 0.0270999931 0.207525045
v 0.03979457 0.0273999982 0.207605332
v 0.03979457 0.0270999931 0.207605332
v 0.0398732051 0.0272499956 0.207639083
v 0.04006324 0.0273999982 0.207744509
v 0.04006324 0.0270999931 0.207744509
v 0.040170595 0.0272499956 0.207821667
v 0.04030309 0.0273999982 0.207939357
v 0.04030309 0.0270999931 0.207939357
v 0.0404207781 0.0272499956 0.208071843
v 0.04049792 0.0273999982 0.2081792
v 0.04049792 0.0270999931 0.2081792
v 0.0406033546 0.0272499956 0.208369225
v 0.0406371132 0.0273999982 0.208447874
v 0.0406371132 0.0270999931 0.208447874
v 0.04070945 0.0272499956 0.208687216
v 0.0407173857 0.0273999982 0.208727062
v 0.0407424271 0.0272499956 0.209000021
v 0.0407173857 0.0270999931 0.208727062
v 0.0407424271 0.0273999982 0.209000021
v 0.0407424271 0.0270999931 0.209
v 0.0407173857 0.0273999982 0.209272951
v 0.0407173857 0.0270999931 0.209272951
v 0.04070945 0.0272499956 0.209312811
v 0.0406371132 0.0273999982 0.209552154
v 0.0406371132 0.0270999931 0.209552154
v 0.0406371132 0.0272499956 0.209552154
v 0.04052137 0.0272499956 0.209783792
v 0.04049792 0.0273999982 0.209820822
v 0.04049792 0.0270999931 0.209820822
v 0.0403639376 0.0272499956 0.2099961
v 0.04030309 0.0273999982 0.210060671
v 0.04030309 0.0270999931 0.210060671
v 0.040170595 0.0272499956 0.21017836
v 0.04006324 0.0273999982 0.2102555
v 0.04006324 0.0270999931 0.2102555
v 0.0399505645 0.0272499956 0.210322335
v 0.03979457 0.0273999982 0.2103947
v 0.03979457 0.0270999931 0.2103947
v 0.03971508 0.0272499956 0.210423589
v 0.03951537 0.0273999982 0.210474968
v 0.03951537 0.0270999931 0.210474968
v 0.03947565 0.0272499956 0.210481763
v 0.0392424241 0.0273999982 0.2105
v 0.0392424241 0.0270999931 0.210500017
v 0.035735704 0.0273999982 0.207500011
v 0.035735704 0.0273999982 0.208250016
v 0.0392424241 0.0273999982 0.207500011
v 0.0389663428 0.0273999982 0.208311185
v 0.03883201 0.0273999982 0.208380774
v 0.0391059443 0.0273999982 0.208271042
v 0.0387120843 0.0273999982 0.2084782
v 0.038614668 0.0273999982 0.2085981
v 0.0385450721 0.0273999982 0.208732456
v 0.0392424166 0.0273999982 0.208258525
v 0.0359850526 0.0273999982 0.209000021
v 0.03172767 0.0273999982 0.208250016
v 0.0385049358 0.0273999982 0.20887205
v 0.03122767 0.0273999982 0.20875001
v 0.03849242 0.0273999982 0.209008515
v 0.03122767 0.0273999982 0.20925
v 0.0385049358 0.0273999982 0.209145
v 0.03172767 0.0273999982 0.209750012
v 0.0385450721 0.0273999982 0.2092846
v 0.035735704 0.0273999982 0.209750012
v 0.038614668 0.0273999982 0.209418923
v 0.0387120843 0.0273999982 0.209538847
v 0.03883201 0.0273999982 0.209636271
v 0.0389663428 0.0273999982 0.209705859
v 0.035735704 0.0273999982 0.2105
v 0.0392424241 0.0273999982 0.2105
v 0.0391059443 0.0273999982 0.209746
v 0.0392424166 0.0273999982 0.20975852
v 0.03979457 0.0273999982 0.2103947
v 0.03951537 0.0273999982 0.210474968
v 0.04006324 0.0273999982 0.2102555
v 0.04030309 0.0273999982 0.210060671
v 0.03937889 0.0273999982 0.209746
v 0.04049792 0.0273999982 0.209820822
v 0.039518483 0.0273999982 0.209705859
v 0.0396528244 0.0273999982 0.209636271
v 0.0406371132 0.0273999982 0.209552154
v 0.03977274 0.0273999982 0.209538847
v 0.0398701578 0.0273999982 0.209418923
v 0.0407173857 0.0273999982 0.209272951
v 0.0399397537 0.0273999982 0.2092846
v 0.0399798974 0.0273999982 0.209145
v 0.0407424271 0.0273999982 0.209000021
v 0.0399924144 0.0273999982 0.209008515
v 0.0399798974 0.0273999982 0.20887205
v 0.0407173857 0.0273999982 0.208727062
v 0.0399397537 0.0273999982 0.208732456
v 0.0398701578 0.0273999982 0.2085981
v 0.0406371132 0.0273999982 0.208447874
v 0.03977274 0.0273999982 0.2084782
v 0.0396528244 0.0273999982 0.208380774
v 0.04049792 0.0273999982 0.2081792
v 0.039518483 0.0273999982 0.208311185
v 0.03937889 0.0273999982 0.208271042
v 0.04030309 0.0273999982 0.207939357
v 0.04006324 0.0273999982 0.207744509
v 0.03979457 0.0273999982 0.207605332
v 0.03951537 0.0273999982 0.207525045
v 0.035735704 0.0270999931 0.2055
v 0.035735704 0.0270999931 0.20475
v 0.03649243 0.0270999931 0.2055
v 0.03649243 0.0270999931 0.202500015
v 0.035735704 0.0270999931 0.20325
v 0.035735704 0.0270999931 0.202500015
v 0.03386005 0.0270999931 0.204000011
v 0.03172767 0.0270999931 0.20475
v 0.03172767 0.0270999931 0.20325
v 0.03122767 0.0270999931 0.204250008
v 0.03122767 0.0270999931 0.203750014
v 0.0392424241 0.0270999931 0.202500015
v 0.0392424241 0.0273999982 0.202500015
v 0.03951537 0.0273999982 0.202525049
v 0.03955523 0.0272499956 0.202532992
v 0.03951537 0.0270999931 0.202525049
v 0.03979457 0.0273999982 0.202605337
v 0.03979457 0.0270999931 0.202605337
v 0.0398732051 0.0272499956 0.202639088
v 0.04006324 0.0273999982 0.202744514
v 0.04006324 0.0270999931 0.202744514
v 0.040170595 0.0272499956 0.202821672
v 0.04030309 0.0273999982 0.202939346
v 0.04030309 0.0270999931 0.202939346
v 0.0404207781 0.0272499956 0.203071833
v 0.04049792 0.0273999982 0.2031792
v 0.04049792 0.0270999931 0.2031792
v 0.0406033546 0.0272499956 0.20336923
v 0.0406371132 0.0273999982 0.203447863
v 0.0406371132 0.0270999931 0.203447863
v 0.04070945 0.0272499956 0.2036872
v 0.0407173857 0.0273999982 0.203727067
v 0.0407424271 0.0272499956 0.204000011
v 0.0407173857 0.0270999931 0.203727067
v 0.0407424271 0.0273999982 0.204000011
v 0.0407424271 0.0270999931 0.204000011
v 0.0407173857 0.0273999982 0.204272956
v 0.0407173857 0.0270999931 0.204272956
v 0.04070945 0.0272499956 0.204312816
v 0.0406371132 0.0273999982 0.204552144
v 0.0406371132 0.0270999931 0.204552144
v 0.0406371132 0.0272499956 0.204552144
v 0.04052137 0.0272499956 0.204783782
v 0.04049792 0.0273999982 0.204820827
v 0.04049792 0.0270999931 0.204820827
v 0.0403639376 0.0272499956 0.204996109
v 0.04030309 0.0273999982 0.205060676
v 0.04030309 0.0270999931 0.205060676
v 0.040170595 0.0272499956 0.20517835
v 0.04006324 0.0273999982 0.205255508
v 0.04006324 0.0270999931 0.205255508
v 0.0399505645 0.0272499956 0.20532234
v 0.03979457 0.0273999982 0.205394685
v 0.03979457 0.0270999931 0.205394685
v 0.03971508 0.0272499956 0.2054236
v 0.03951537 0.0273999982 0.205474973
v 0.03951537 0.0270999931 0.205474973
v 0.03947565 0.0272499956 0.205481768
v 0.0392424241 0.0273999982 0.2055
v 0.0392424241 0.0270999931 0.2055
v 0.035735704 0.0273999982 0.202500015
v 0.035735704 0.0273999982 0.20325
v 0.0392424241 0.0273999982 0.202500015
v 0.0389663428 0.0273999982 0.203311175
v 0.03883201 0.0273999982 0.203380778
v 0.0391059443 0.0273999982 0.203271046
v 0.0387120843 0.0273999982 0.203478187
v 0.038614668 0.0273999982 0.203598112
v 0.0385450721 0.0273999982 0.203732461
v 0.0392424166 0.0273999982 0.203258514
v 0.0359850526 0.0273999982 0.204000011
v 0.03172767 0.0273999982 0.20325
v 0.0385049358 0.0273999982 0.203872055
v 0.03122767 0.0273999982 0.203750014
v 0.03849242 0.0273999982 0.20400852
v 0.03122767 0.0273999982 0.204250008
v 0.0385049358 0.0273999982 0.204145
v 0.03172767 0.0273999982 0.20475
v 0.0385450721 0.0273999982 0.2042846
v 0.035735704 0.0273999982 0.20475
v 0.038614668 0.0273999982 0.204418927
v 0.0387120843 0.0273999982 0.204538852
v 0.03883201 0.0273999982 0.204636276
v 0.0389663428 0.0273999982 0.204705864
v 0.035735704 0.0273999982 0.2055
v 0.0392424241 0.0273999982 0.2055
v 0.0391059443 0.0273999982 0.204746008
v 0.0392424166 0.0273999982 0.204758525
v 0.03979457 0.0273999982 0.205394685
v 0.03951537 0.0273999982 0.205474973
v 0.04006324 0.0273999982 0.205255508
v 0.04030309 0.0273999982 0.205060676
v 0.03937889 0.0273999982 0.204746008
v 0.04049792 0.0273999982 0.204820827
v 0.039518483 0.0273999982 0.204705864
v 0.0396528244 0.0273999982 0.204636276
v 0.0406371132 0.0273999982 0.204552144
v 0.03977274 0.0273999982 0.204538852
v 0.0398701578 0.0273999982 0.204418927
v 0.0407173857 0.0273999982 0.204272956
v 0.0399397537 0.0273999982 0.2042846
v 0.0399798974 0.0273999982 0.204145
v 0.0407424271 0.0273999982 0.204000011
v 0.0399924144 0.0273999982 0.20400852
v 0.0399798974 0.0273999982 0.203872055
v 0.0407173857 0.0273999982 0.203727067
v 0.0399397537 0.0273999982 0.203732461
v 0.0398701578 0.0273999982 0.203598112
v 0.0406371132 0.0273999982 0.203447863
v 0.03977274 0.0273999982 0.203478187
v 0.0396528244 0.0273999982 0.203380778
v 0.04049792 0.0273999982 0.2031792
v 0.039518483 0.0273999982 0.203311175
v 0.03937889 0.0273999982 0.203271046
v 0.04030309 0.0273999982 0.202939346
v 0.04006324 0.0273999982 0.202744514
v 0.03979457 0.0273999982 0.202605337
v 0.03951537 0.0273999982 0.202525049
v 0.035735704 0.0270999931 0.200500011
v 0.035735704 0.0270999931 0.19975
v 0.03649243 0.0270999931 0.200500011
v 0.03649243 0.0271 0.1975
v 0.035735704 0.0270999931 0.198250011
v 0.035735704 0.0271 0.1975
v 0.03386005 0.0270999931 0.199
v 0.03172767 0.0270999931 0.19975
v 0.03172767 0.0270999931 0.198250011
v 0.03122767 0.0270999931 0.199250013
v 0.03122767 0.0270999931 0.198750019
v 0.0392424241 0.0271 0.1975
v 0.0392424241 0.0273999982 0.1975
v 0.03951537 0.0273999982 0.197525054
v 0.03955523 0.0272499956 0.197532982
v 0.03951537 0.0271 0.197525054
v 0.03979457 0.0273999982 0.197605327
v 0.03979457 0.0271 0.197605327
v 0.0398732051 0.0272499956 0.197639078
v 0.04006324 0.0273999982 0.197744519
v 0.04006324 0.0271 0.197744519
v 0.040170595 0.0272499956 0.197821662
v 0.04030309 0.0273999982 0.197939351
v 0.04030309 0.0271 0.197939351
v 0.0404207781 0.0272499956 0.198071837
v 0.04049792 0.0273999982 0.1981792
v 0.04049792 0.0270999931 0.1981792
v 0.0406033546 0.0272499956 0.198369235
v 0.0406371132 0.0273999982 0.198447868
v 0.0406371132 0.0270999931 0.198447868
v 0.04070945 0.0272499956 0.198687211
v 0.0407173857 0.0273999982 0.198727071
v 0.0407424271 0.0272499956 0.199
v 0.0407173857 0.0270999931 0.198727071
v 0.0407424271 0.0273999982 0.199
v 0.0407424271 0.0270999931 0.199
v 0.0407173857 0.0273999982 0.19927296
v 0.0407173857 0.0270999931 0.19927296
v 0.04070945 0.0272499956 0.1993128
v 0.0406371132 0.0273999982 0.199552149
v 0.0406371132 0.0270999931 0.199552149
v 0.0406371132 0.0272499956 0.199552149
v 0.04052137 0.0272499956 0.199783787
v 0.04049792 0.0273999982 0.199820817
v 0.04049792 0.0270999931 0.199820817
v 0.0403639376 0.0272499956 0.199996114
v 0.04030309 0.0273999982 0.200060666
v 0.04030309 0.0270999931 0.200060666
v 0.040170595 0.0272499956 0.200178355
v 0.04006324 0.0273999982 0.2002555
v 0.04006324 0.0270999931 0.2002555
v 0.0399505645 0.0272499956 0.20032233
v 0.03979457 0.0273999982 0.20039469
v 0.03979457 0.0270999931 0.20039469
v 0.03971508 0.0272499956 0.2004236
v 0.03951537 0.0273999982 0.200474977
v 0.03951537 0.0270999931 0.200474977
v 0.03947565 0.0272499956 0.200481772
v 0.0392424241 0.0273999982 0.200500011
v 0.0392424241 0.0270999931 0.200500011
v 0.035735704 0.0273999982 0.1975
v 0.035735704 0.0273999982 0.198250011
v 0.0392424241 0.0273999982 0.1975
v 0.0389663428 0.0273999982 0.19831118
v 0.03883201 0.0273999982 0.198380768
v 0.0391059443 0.0273999982 0.198271036
v 0.0387120843 0.0273999982 0.198478192
v 0.038614668 0.0273999982 0.198598117
v 0.0385450721 0.0273999982 0.198732451
v 0.0392424166 0.0273999982 0.198258519
v 0.0359850526 0.0273999982 0.199
v 0.03172767 0.0273999982 0.198250011
v 0.0385049358 0.0273999982 0.19887206
v 0.03122767 0.0273999982 0.198750019
v 0.03849242 0.0273999982 0.199008524
v 0.03122767 0.0273999982 0.199250013
v 0.0385049358 0.0273999982 0.199144989
v 0.03172767 0.0273999982 0.19975
v 0.0385450721 0.0273999982 0.1992846
v 0.035735704 0.0273999982 0.19975
v 0.038614668 0.0273999982 0.199418932
v 0.0387120843 0.0273999982 0.199538857
v 0.03883201 0.0273999982 0.199636266
v 0.0389663428 0.0273999982 0.199705869
v 0.035735704 0.0273999982 0.200500011
v 0.0392424241 0.0273999982 0.200500011
v 0.0391059443 0.0273999982 0.199746
v 0.0392424166 0.0273999982 0.19975853
v 0.03979457 0.0273999982 0.20039469
v 0.03951537 0.0273999982 0.200474977
v 0.04006324 0.0273999982 0.2002555
v 0.04030309 0.0273999982 0.200060666
v 0.03937889 0.0273999982 0.199746
v 0.04049792 0.0273999982 0.199820817
v 0.039518483 0.0273999982 0.199705869
v 0.0396528244 0.0273999982 0.199636266
v 0.0406371132 0.0273999982 0.199552149
v 0.03977274 0.0273999982 0.199538857
v 0.0398701578 0.0273999982 0.199418932
v 0.0407173857 0.0273999982 0.19927296
v 0.0399397537 0.0273999982 0.1992846
v 0.0399798974 0.0273999982 0.199144989
v 0.0407424271 0.0273999982 0.199
v 0.0399924144 0.0273999982 0.199008524
v 0.0399798974 0.0273999982 0.19887206
v 0.0407173857 0.0273999982 0.198727071
v 0.0399397537 0.0273999982 0.198732451
v 0.0398701578 0.0273999982 0.198598117
v 0.0406371132 0.0273999982 0.198447868
v 0.03977274 0.0273999982 0.198478192
v 0.0396528244 0.0273999982 0.198380768
v 0.04049792 0.0273999982 0.1981792
v 0.039518483 0.0273999982 0.19831118
v 0.03937889 0.0273999982 0.198271036
v 0.04030309 0.0273999982 0.197939351
v 0.04006324 0.0273999982 0.197744519
v 0.03979457 0.0273999982 0.197605327
v 0.03951537 0.0273999982 0.197525054
v 0.0314776674 0.0272499956 0.1985
v 0.03122767 0.0270999931 0.198750019
v 0.03122767 0.0273999982 0.198750019
v 0.03172767 0.0273999982 0.198250011
v 0.03172767 0.0270999931 0.198250011
v 0.0314776674 0.0272499956 0.199500009
v 0.03172767 0.0270999931 0.19975
v 0.03172767 0.0273999982 0.19975
v 0.03122767 0.0273999982 0.199250013
v 0.03122767 0.0270999931 0.199250013
v 0.0314776674 0.0272499956 0.2035
v 0.03122767 0.0270999931 0.203750014
v 0.03122767 0.0273999982 0.203750014
v 0.03172767 0.0273999982 0.20325
v 0.03172767 0.0270999931 0.20325
v 0.0314776674 0.0272499956 0.20450002
v 0.03172767 0.0270999931 0.20475
v 0.03172767 0.0273999982 0.20475
v 0.03122767 0.0273999982 0.204250008
v 0.03122767 0.0270999931 0.204250008
v 0.0314776674 0.0272499956 0.208500013
v 0.03122767 0.0270999931 0.20875001
v 0.03122767 0.0273999982 0.20875001
v 0.03172767 0.0273999982 0.208250016
v 0.03172767 0.0270999931 0.208250016
v 0.0314776674 0.0272499956 0.209500015
v 0.03172767 0.0270999931 0.209750012
v 0.03172767 0.0273999982 0.209750012
v 0.03122767 0.0273999982 0.20925
v 0.03122767 0.0270999931 0.20925
v 0.0496764742 0.0220351033 0.196379632
v 0.0496826135 0.0220375769 0.19571732
v 0.04975235 0.02207287 0.195727631
v 0.0496178269 0.0220159777 0.195708215
v 0.0497660339 0.0220814981 0.196379632
v 0.0498156957 0.02211855 0.195737481
v 0.04958341 0.02200834 0.196379632
v 0.0494924262 0.0219999962 0.195691973
v 0.0494924262 0.0219999962 0.197067291
v 0.04958341 0.02200834 0.197067291
v 0.0496764742 0.0220351033 0.197067291
v 0.0497660339 0.0220814981 0.197067291
v 0.0498459823 0.0221464448 0.196379632
v 0.0498450845 0.02214555 0.19574219
v 0.0498459823 0.0221464448 0.197067291
v 0.0498976856 0.0222071372 0.195750877
v 0.0499109253 0.02222639 0.196379632
v 0.0499109253 0.02222639 0.197067291
v 0.0499396771 0.0222764574 0.19575803
v 0.0499573238 0.0223159529 0.196379632
v 0.0499508567 0.0223003887 0.195759967
v 0.0499573238 0.0223159529 0.197067291
v 0.049982287 0.0223998018 0.1957655
v 0.0499840826 0.02240901 0.196379632
v 0.0499840826 0.02240901 0.197067291
v 0.0499924272 0.0224999972 0.1957673
v 0.0499924272 0.0224999972 0.197067291
v 0.04730838 0.0220351033 0.197067291
v 0.0474014468 0.02200834 0.196376741
v 0.0474014468 0.02200834 0.197067291
v 0.04749243 0.0219999962 0.197067291
v 0.04749243 0.0219999962 0.195686162
v 0.04741581 0.0220059045 0.195696235
v 0.0473022051 0.0220375918 0.195712715
v 0.04730838 0.0220351033 0.196376741
v 0.0472513549 0.0220619477 0.195720688
v 0.0472188219 0.0220814981 0.197067291
v 0.0472188219 0.0220814981 0.196376741
v 0.04719261 0.0220998563 0.195730388
v 0.0471392535 0.0221460648 0.196376741
v 0.0471396 0.0221457221 0.195739567
v 0.0471388735 0.0221464448 0.197067291
v 0.04707393 0.02222639 0.196376741
v 0.0471184 0.0221681781 0.195743352
v 0.04707393 0.02222639 0.197067291
v 0.0470710061 0.02223092 0.195752084
v 0.047027532 0.0223159529 0.197067291
v 0.0470339321 0.0223005377 0.195759147
v 0.047027532 0.0223159529 0.196376741
v 0.0470007733 0.02240901 0.197067291
v 0.04700255 0.0223998912 0.195765287
v 0.0470007733 0.02240901 0.196376741
v 0.04699243 0.0224999972 0.197067291
v 0.04699243 0.0224999972 0.1957673
v 0.04324243 0.0262999944 0.196750015
v 0.04349243 0.0271 0.197000012
v 0.04349243 0.0254999958 0.197000012
v 0.0429924279 0.0254999958 0.1965
v 0.0429924279 0.0271 0.1965
v 0.04324243 0.0262999944 0.21125
v 0.0429924279 0.0270999931 0.211500019
v 0.0429924279 0.0254999958 0.211500019
v 0.04349243 0.0254999958 0.21100001
v 0.04349243 0.0270999931 0.21100001
v 0.0392424241 0.0271 0.1975
v 0.037489064 0.0272499956 0.1975
v 0.0392424241 0.0273999982 0.1975
v 0.03649243 0.0271 0.1975
v 0.035735704 0.0273999982 0.1975
v 0.035735704 0.0271 0.1975
v 0.035735704 0.0272499956 0.197875008
v 0.035735704 0.0271 0.1975
v 0.035735704 0.0270999931 0.198250011
v 0.035735704 0.0273999982 0.198250011
v 0.035735704 0.0273999982 0.1975
v 0.03373169 0.0272499956 0.198250011
v 0.03172767 0.0270999931 0.198250011
v 0.03172767 0.0273999982 0.198250011
v 0.035735704 0.0273999982 0.198250011
v 0.035735704 0.0270999931 0.198250011
v 0.03122767 0.0272499956 0.199
v 0.03122767 0.0270999931 0.199250013
v 0.03122767 0.0273999982 0.199250013
v 0.03122767 0.0273999982 0.198750019
v 0.03122767 0.0270999931 0.198750019
v 0.03373169 0.0272499956 0.19975
v 0.03172767 0.0270999931 0.19975
v 0.035735704 0.0270999931 0.19975
v 0.035735704 0.0273999982 0.19975
v 0.03172767 0.0273999982 0.19975
v 0.035735704 0.0272499956 0.200125009
v 0.035735704 0.0270999931 0.19975
v 0.035735704 0.0270999931 0.200500011
v 0.035735704 0.0273999982 0.200500011
v 0.035735704 0.0273999982 0.19975
v 0.037489064 0.0272499956 0.200500011
v 0.035735704 0.0270999931 0.200500011
v 0.03649243 0.0270999931 0.200500011
v 0.0392424241 0.0270999931 0.200500011
v 0.035735704 0.0273999982 0.200500011
v 0.0392424241 0.0273999982 0.200500011
v 0.0392424241 0.0270999931 0.202500015
v 0.037489064 0.0272499956 0.202500015
v 0.0392424241 0.0273999982 0.202500015
v 0.03649243 0.0270999931 0.202500015
v 0.035735704 0.0273999982 0.202500015
v 0.035735704 0.0270999931 0.202500015
v 0.035735704 0.0272499956 0.202875018
v 0.035735704 0.0270999931 0.202500015
v 0.035735704 0.0270999931 0.20325
v 0.035735704 0.0273999982 0.20325
v 0.035735704 0.0273999982 0.202500015
v 0.03373169 0.0272499956 0.20325
v 0.03172767 0.0270999931 0.20325
v 0.03172767 0.0273999982 0.20325
v 0.035735704 0.0273999982 0.20325
v 0.035735704 0.0270999931 0.20325
v 0.03122767 0.0272499956 0.204000011
v 0.03122767 0.0270999931 0.204250008
v 0.03122767 0.0273999982 0.204250008
v 0.03122767 0.0273999982 0.203750014
v 0.03122767 0.0270999931 0.203750014
v 0.03373169 0.0272499956 0.20475
v 0.03172767 0.0270999931 0.20475
v 0.035735704 0.0270999931 0.20475
v 0.035735704 0.0273999982 0.20475
v 0.03172767 0.0273999982 0.20475
v 0.035735704 0.0272499956 0.205125
v 0.035735704 0.0270999931 0.20475
v 0.035735704 0.0270999931 0.2055
v 0.035735704 0.0273999982 0.2055
v 0.035735704 0.0273999982 0.20475
v 0.037489064 0.0272499956 0.2055
v 0.035735704 0.0270999931 0.2055
v 0.03649243 0.0270999931 0.2055
v 0.0392424241 0.0270999931 0.2055
v 0.035735704 0.0273999982 0.2055
v 0.0392424241 0.0273999982 0.2055
v 0.0392424241 0.0270999931 0.207500011
v 0.037489064 0.0272499956 0.207500011
v 0.0392424241 0.0273999982 0.207500011
v 0.03649243 0.0270999931 0.207500011
v 0.035735704 0.0273999982 0.207500011
v 0.035735704 0.0270999931 0.207500011
v 0.035735704 0.0272499956 0.207875013
v 0.035735704 0.0270999931 0.207500011
v 0.035735704 0.0270999931 0.208250016
v 0.035735704 0.0273999982 0.208250016
v 0.035735704 0.0273999982 0.207500011
v 0.03373169 0.0272499956 0.208250016
v 0.03172767 0.0270999931 0.208250016
v 0.03172767 0.0273999982 0.208250016
v 0.035735704 0.0273999982 0.208250016
v 0.035735704 0.0270999931 0.208250016
v 0.03122767 0.0272499956 0.209000021
v 0.03122767 0.0270999931 0.20925
v 0.03122767 0.0273999982 0.20925
v 0.03122767 0.0273999982 0.20875001
v 0.03122767 0.0270999931 0.20875001
v 0.03373169 0.0272499956 0.209750012
v 0.03172767 0.0270999931 0.209750012
v 0.035735704 0.0270999931 0.209750012
v 0.035735704 0.0273999982 0.209750012
v 0.03172767 0.0273999982 0.209750012
v 0.035735704 0.0272499956 0.210125014
v 0.035735704 0.0270999931 0.209750012
v 0.035735704 0.0270999931 0.210500017
v 0.035735704 0.0273999982 0.2105
v 0.035735704 0.0273999982 0.209750012
v 0.037489064 0.0272499956 0.2105
v 0.035735704 0.0270999931 0.210500017
v 0.03649243 0.0270999931 0.210500017
v 0.0392424241 0.0270999931 0.210500017
v 0.035735704 0.0273999982 0.2105
v 0.0392424241 0.0273999982 0.2105
v 0.0464924276 0.0270999931 0.204000011
v 0.0464924276 0.0280999951 0.204000011
v 0.0464924276 0.0270999931 0.1985
v 0.0464924276 0.0270999931 0.209500015
v 0.0464924276 0.0290999971 0.1985
v 0.0464924276 0.0290999971 0.209500015
v 0.04450221 0.0280999951 0.1985
v 0.0464924276 0.0270999931 0.1985
v 0.0464924276 0.0290999971 0.1985
v 0.0425119922 0.0290999971 0.1985
v 0.0425119922 0.0270999931 0.1985
v 0.04450221 0.0280999951 0.209500015
v 0.0464924276 0.0290999971 0.209500015
v 0.0464924276 0.0270999931 0.209500015
v 0.0425119922 0.0270999931 0.209500015
v 0.0425119922 0.0290999971 0.209500015
v 0.0405203924 0.0290999971 0.205569148
v 0.04197313 0.0290999971 0.204000011
v 0.0409624651 0.0290999971 0.207052112
v 0.0403674319 0.0290999971 0.204000011
v 0.04164766 0.0290999971 0.208377779
v 0.0405203924 0.0290999971 0.202430874
v 0.0425119922 0.0290999971 0.209500015
v 0.0409624651 0.0290999971 0.200947911
v 0.0464924276 0.0290999971 0.209500015
v 0.04164766 0.0290999971 0.199622244
v 0.0464924276 0.0290999971 0.1985
v 0.0425119922 0.0290999971 0.1985
v 0.0385049358 0.0253 0.198872045
v 0.03766913 0.0253 0.198717386
v 0.03775475 0.0253 0.198419571
v 0.0376424119 0.0253 0.199008524
v 0.0385450721 0.0253 0.198732451
v 0.03849242 0.0253 0.199008524
v 0.03790322 0.0253 0.198132992
v 0.03766913 0.0253 0.199299663
v 0.038614668 0.0253 0.198598117
v 0.0385049358 0.0253 0.199144989
v 0.038111046 0.0253 0.197877154
v 0.03775475 0.0253 0.199597478
v 0.0387120843 0.0253 0.198478192
v 0.0385450721 0.0253 0.1992846
v 0.0383668765 0.0253 0.197669327
v 0.03790322 0.0253 0.199884057
v 0.03883201 0.0253 0.198380768
v 0.038614668 0.0253 0.199418932
v 0.0386534631 0.0253 0.197520852
v 0.038111046 0.0253 0.2001399
v 0.0389663428 0.0253 0.19831118
v 0.0387120843 0.0253 0.199538857
v 0.03895127 0.0253 0.19743523
v 0.0383668765 0.0253 0.200347722
v 0.0391059443 0.0253 0.198271036
v 0.03883201 0.0253 0.199636266
v 0.0386534631 0.0253 0.200496182
v 0.0389663428 0.0253 0.199705869
v 0.0392424166 0.0253 0.197408527
v 0.0392424166 0.0253 0.198258519
v 0.03937889 0.0253 0.198271036
v 0.0395335555 0.0253 0.19743523
v 0.039518483 0.0253 0.19831118
v 0.0398313627 0.0253 0.197520852
v 0.0396528244 0.0253 0.198380768
v 0.04011795 0.0253 0.197669327
v 0.03977274 0.0253 0.198478192
v 0.0403737873 0.0253 0.197877154
v 0.0398701578 0.0253 0.198598117
v 0.0405816063 0.0253 0.198132992
v 0.0399397537 0.0253 0.198732451
v 0.040730074 0.0253 0.198419571
v 0.0399798974 0.0253 0.198872045
v 0.0408157036 0.0253 0.198717386
v 0.0399924144 0.0253 0.199008524
v 0.0408424139 0.0253 0.199008524
v 0.0408157036 0.0253 0.199299663
v 0.0399798974 0.0253 0.199144989
v 0.040730074 0.0253 0.199597478
v 0.0399397537 0.0253 0.1992846
v 0.0405816063 0.0253 0.199884057
v 0.0398701578 0.0253 0.199418932
v 0.0403737873 0.0253 0.2001399
v 0.03977274 0.0253 0.199538857
v 0.04011795 0.0253 0.200347722
v 0.0396528244 0.0253 0.199636266
v 0.0398313627 0.0253 0.200496182
v 0.039518483 0.0253 0.199705869
v 0.0395335555 0.0253 0.200581819
v 0.03937889 0.0253 0.199746
v 0.0392424166 0.0253 0.200608522
v 0.0392424166 0.0253 0.19975853
v 0.03895127 0.0253 0.200581819
v 0.0391059443 0.0253 0.199746
v 0.0385049358 0.0252999924 0.20887205
v 0.03766913 0.0252999924 0.208717376
v 0.03775475 0.0252999924 0.208419576
v 0.0376424119 0.0252999924 0.209008515
v 0.0385450721 0.0252999924 0.208732456
v 0.03849242 0.0252999924 0.209008515
v 0.03790322 0.0252999924 0.208132982
v 0.03766913 0.0252999924 0.209299669
v 0.038614668 0.0252999924 0.2085981
v 0.0385049358 0.0252999924 0.209145
v 0.038111046 0.0252999924 0.207877159
v 0.03775475 0.0252999924 0.209597468
v 0.0387120843 0.0252999924 0.2084782
v 0.0385450721 0.0252999924 0.2092846
v 0.0383668765 0.0252999924 0.207669333
v 0.03790322 0.0252999924 0.209884062
v 0.03883201 0.0252999924 0.208380774
v 0.038614668 0.0252999924 0.209418923
v 0.0386534631 0.0252999924 0.207520857
v 0.038111046 0.0252999924 0.2101399
v 0.0389663428 0.0252999924 0.208311185
v 0.0387120843 0.0252999924 0.209538847
v 0.03895127 0.0252999924 0.207435235
v 0.0383668765 0.0252999924 0.210347712
v 0.0391059443 0.0252999924 0.208271042
v 0.03883201 0.0252999924 0.209636271
v 0.0386534631 0.0252999924 0.210496187
v 0.0389663428 0.0252999924 0.209705859
v 0.0392424166 0.0252999924 0.207408518
v 0.0392424166 0.0252999924 0.208258525
v 0.03937889 0.0252999924 0.208271042
v 0.0395335555 0.0252999924 0.207435235
v 0.039518483 0.0252999924 0.208311185
v 0.0398313627 0.0252999924 0.207520857
v 0.0396528244 0.0252999924 0.208380774
v 0.04011795 0.0252999924 0.207669333
v 0.03977274 0.0252999924 0.2084782
v 0.0403737873 0.0252999924 0.207877159
v 0.0398701578 0.0252999924 0.2085981
v 0.0405816063 0.0252999924 0.208132982
v 0.0399397537 0.0252999924 0.208732456
v 0.040730074 0.0252999924 0.208419576
v 0.0399798974 0.0252999924 0.20887205
v 0.0408157036 0.0252999924 0.208717376
v 0.0399924144 0.0252999924 0.209008515
v 0.0408424139 0.0252999924 0.209008515
v 0.0408157036 0.0252999924 0.209299669
v 0.0399798974 0.0252999924 0.209145
v 0.040730074 0.0252999924 0.209597468
v 0.0399397537 0.0252999924 0.2092846
v 0.0405816063 0.0252999924 0.209884062
v 0.0398701578 0.0252999924 0.209418923
v 0.0403737873 0.0252999924 0.2101399
v 0.03977274 0.0252999924 0.209538847
v 0.04011795 0.0252999924 0.210347712
v 0.0396528244 0.0252999924 0.209636271
v 0.0398313627 0.0252999924 0.210496187
v 0.039518483 0.0252999924 0.209705859
v 0.0395335555 0.0252999924 0.210581809
v 0.03937889 0.0252999924 0.209746
v 0.0392424166 0.0252999924 0.210608527
v 0.0392424166 0.0252999924 0.20975852
v 0.03895127 0.0252999924 0.210581809
v 0.0391059443 0.0252999924 0.209746
v 0.0385049358 0.0252999924 0.203872055
v 0.03766913 0.0252999924 0.203717381
v 0.03775475 0.0252999924 0.203419566
v 0.0376424119 0.0252999924 0.20400852
v 0.0385450721 0.0252999924 0.203732461
v 0.03849242 0.0252999924 0.20400852
v 0.03790322 0.0252999924 0.203132987
v 0.03766913 0.0252999924 0.204299659
v 0.038614668 0.0252999924 0.203598112
v 0.0385049358 0.0252999924 0.204145
v 0.038111046 0.0252999924 0.202877149
v 0.03775475 0.0252999924 0.204597473
v 0.0387120843 0.0252999924 0.203478187
v 0.0385450721 0.0252999924 0.2042846
v 0.0383668765 0.0252999924 0.202669322
v 0.03790322 0.0252999924 0.204884052
v 0.03883201 0.0252999924 0.203380778
v 0.038614668 0.0252999924 0.204418927
v 0.0386534631 0.0253 0.202520862
v 0.038111046 0.0252999924 0.20513989
v 0.0389663428 0.0252999924 0.203311175
v 0.0387120843 0.0252999924 0.204538852
v 0.03895127 0.0253 0.202435225
v 0.0383668765 0.0252999924 0.205347717
v 0.0391059443 0.0252999924 0.203271046
v 0.03883201 0.0252999924 0.204636276
v 0.0386534631 0.0252999924 0.205496192
v 0.0389663428 0.0252999924 0.204705864
v 0.0392424166 0.0253 0.202408522
v 0.0392424166 0.0252999924 0.203258514
v 0.03937889 0.0252999924 0.203271046
v 0.0395335555 0.0253 0.202435225
v 0.039518483 0.0252999924 0.203311175
v 0.0398313627 0.0253 0.202520862
v 0.0396528244 0.0252999924 0.203380778
v 0.04011795 0.0252999924 0.202669322
v 0.03977274 0.0252999924 0.203478187
v 0.0403737873 0.0252999924 0.202877149
v 0.0398701578 0.0252999924 0.203598112
v 0.0405816063 0.0252999924 0.203132987
v 0.0399397537 0.0252999924 0.203732461
v 0.040730074 0.0252999924 0.203419566
v 0.0399798974 0.0252999924 0.203872055
v 0.0408157036 0.0252999924 0.203717381
v 0.0399924144 0.0252999924 0.20400852
v 0.0408424139 0.0252999924 0.20400852
v 0.0408157036 0.0252999924 0.204299659
v 0.0399798974 0.0252999924 0.204145
v 0.040730074 0.0252999924 0.204597473
v 0.0399397537 0.0252999924 0.2042846
v 0.0405816063 0.0252999924 0.204884052
v 0.0398701578 0.0252999924 0.204418927
v 0.0403737873 0.0252999924 0.20513989
v 0.03977274 0.0252999924 0.204538852
v 0.04011795 0.0252999924 0.205347717
v 0.0396528244 0.0252999924 0.204636276
v 0.0398313627 0.0252999924 0.205496192
v 0.039518483 0.0252999924 0.204705864
v 0.0395335555 0.0252999924 0.205581814
v 0.03937889 0.0252999924 0.204746008
v 0.0392424166 0.0252999924 0.205608517
v 0.0392424166 0.0252999924 0.204758525
v 0.03895127 0.0252999924 0.205581814
v 0.0391059443 0.0252999924 0.204746008
v 0.04924243 0.0139999948 0.204000011
v 0.04924243 0.0174999945 0.201165915
v 0.04924243 0.0104999952 0.201165915
v 0.04924243 0.0104999952 0.206834108
v 0.04924243 0.0174999945 0.206834108
v 0.0477424264 0.0139999948 0.204000011
v 0.0477424264 0.0104999952 0.201165915
v 0.0477424264 0.0174999945 0.201165915
v 0.0477424264 0.0174999945 0.206834108
v 0.0477424264 0.0104999952 0.206834108
v 0.051189363 0.0139999948 0.203354
v 0.05099343 0.0174999945 0.203502536
v 0.05099343 0.0104999952 0.203502536
v 0.0513853 0.0104999952 0.203205466
v 0.0513853 0.0174999945 0.203205466
v 0.05123129 0.0139999948 0.203564778
v 0.05099343 0.0104999952 0.203502536
v 0.05099343 0.0174999945 0.203502536
v 0.05146915 0.0174999945 0.20362702
v 0.05146915 0.0104999952 0.20362702
v 0.05123129 0.0174999945 0.203416243
v 0.0513853 0.0174999945 0.203205466
v 0.05146915 0.0174999945 0.20362702
v 0.05099343 0.0174999945 0.203502536
v 0.05101151 0.0139999948 0.202840269
v 0.05084832 0.0174999945 0.203024164
v 0.05084832 0.0104999952 0.203024164
v 0.051174704 0.0104999952 0.202656358
v 0.051174704 0.0174999945 0.202656358
v 0.0510937534 0.0139999948 0.203038812
v 0.05084832 0.0104999952 0.203024164
v 0.05084832 0.0174999945 0.203024164
v 0.05133919 0.0174999945 0.20305346
v 0.05133919 0.0104999952 0.20305346
v 0.0510937534 0.0174999945 0.2028549
v 0.051174704 0.0174999945 0.202656358
v 0.05133919 0.0174999945 0.20305346
v 0.05084832 0.0174999945 0.203024164
v 0.050736852 0.0139999948 0.202371091
v 0.0506126769 0.0174999945 0.202583313
v 0.0506126769 0.0104999952 0.202583313
v 0.05086103 0.0104999952 0.202158883
v 0.05086103 0.0174999945 0.202158883
v 0.05085625 0.0139999948 0.202549785
v 0.0506126769 0.0104999952 0.202583313
v 0.0506126769 0.0174999945 0.202583313
v 0.0510998257 0.0174999945 0.202516273
v 0.0510998257 0.0104999952 0.202516273
v 0.05085625 0.0174999945 0.202371091
v 0.05086103 0.0174999945 0.202158883
v 0.0510998257 0.0174999945 0.202516273
v 0.0506126769 0.0174999945 0.202583313
v 0.0503759421 0.0139999948 0.201964527
v 0.05029555 0.0174999945 0.2021969
v 0.05029555 0.0104999952 0.2021969
v 0.0504563339 0.0104999952 0.201732174
v 0.0504563339 0.0174999945 0.201732174
v 0.0505279079 0.0139999948 0.202116489
v 0.05029555 0.0104999952 0.2021969
v 0.05029555 0.0174999945 0.2021969
v 0.0507602654 0.0174999945 0.202036113
v 0.0507602654 0.0104999952 0.202036113
v 0.0505279079 0.0174999945 0.201964527
v 0.0504563339 0.0174999945 0.201732174
v 0.0507602654 0.0174999945 0.202036113
v 0.05029555 0.0174999945 0.2021969
v 0.0499426462 0.0139999948 0.2016362
v 0.0499091335 0.0174999945 0.20187977
v 0.0499091335 0.0104999952 0.20187977
v 0.0499761626 0.0104999952 0.2013926
v 0.0499761626 0.0174999945 0.2013926
v 0.05012134 0.0139999948 0.201755583
v 0.0499091335 0.0104999952 0.20187977
v 0.0499091335 0.0174999945 0.20187977
v 0.05033355 0.0174999945 0.201631412
v 0.05033355 0.0104999952 0.201631412
v 0.05012134 0.0174999945 0.2016362
v 0.0499761626 0.0174999945 0.2013926
v 0.05033355 0.0174999945 0.201631412
v 0.0499091335 0.0174999945 0.20187977
v 0.0494536236 0.0139999948 0.201398686
v 0.04946827 0.0174999945 0.201644123
v 0.04946827 0.0104999952 0.201644123
v 0.0494389758 0.0104999952 0.201153249
v 0.0494389758 0.0174999945 0.201153249
v 0.0496521778 0.0139999948 0.201480925
v 0.04946827 0.0104999952 0.201644123
v 0.04946827 0.0174999945 0.201644123
v 0.04983608 0.0174999945 0.201317728
v 0.04983608 0.0104999952 0.201317728
v 0.04963753 0.0174999945 0.201398686
v 0.0494389758 0.0174999945 0.201153249
v 0.04983608 0.0174999945 0.201317728
v 0.04946827 0.0174999945 0.201644123
v 0.0492647029 0.0139999948 0.201136529
v 0.04924243 0.0104999952 0.201165915
v 0.04924243 0.0174999945 0.201165915
v 0.0492869765 0.0174999945 0.201107144
v 0.0492869765 0.0104999952 0.201107144
v 0.0477201529 0.0139999948 0.201136529
v 0.0477424264 0.0174999945 0.201165915
v 0.0477424264 0.0104999952 0.201165915
v 0.04769788 0.0104999952 0.201107144
v 0.04769788 0.0174999945 0.201107144
v 0.047332678 0.0139999948 0.201480925
v 0.0475165844 0.0174999945 0.201644123
v 0.0475165844 0.0104999952 0.201644123
v 0.0471487753 0.0104999952 0.201317728
v 0.0471487753 0.0174999945 0.201317728
v 0.0475312322 0.0139999948 0.201398686
v 0.0475165844 0.0104999952 0.201644123
v 0.0475165844 0.0174999945 0.201644123
v 0.04754588 0.0174999945 0.201153249
v 0.04754588 0.0104999952 0.201153249
v 0.0473473258 0.0174999945 0.201398686
v 0.0471487753 0.0174999945 0.201317728
v 0.04754588 0.0174999945 0.201153249
v 0.0475165844 0.0174999945 0.201644123
v 0.0468635149 0.0139999948 0.201755583
v 0.0470757224 0.0174999945 0.20187977
v 0.0470757224 0.0104999952 0.20187977
v 0.0466513075 0.0104999952 0.201631412
v 0.0466513075 0.0174999945 0.201631412
v 0.04704221 0.0139999948 0.2016362
v 0.0470757224 0.0104999952 0.20187977
v 0.0470757224 0.0174999945 0.20187977
v 0.0470086932 0.0174999945 0.2013926
v 0.0470086932 0.0104999952 0.2013926
v 0.0468635149 0.0174999945 0.2016362
v 0.0466513075 0.0174999945 0.201631412
v 0.0470086932 0.0174999945 0.2013926
v 0.0470757224 0.0174999945 0.20187977
v 0.0464569479 0.0139999948 0.202116489
v 0.0466893055 0.0174999945 0.2021969
v 0.0466893055 0.0104999952 0.2021969
v 0.04622459 0.0104999952 0.202036113
v 0.04622459 0.0174999945 0.202036113
v 0.0466089137 0.0139999948 0.201964527
v 0.0466893055 0.0104999952 0.2021969
v 0.0466893055 0.0174999945 0.2021969
v 0.0465285219 0.0174999945 0.201732174
v 0.0465285219 0.0104999952 0.201732174
v 0.0464569479 0.0174999945 0.201964527
v 0.04622459 0.0174999945 0.202036113
v 0.0465285219 0.0174999945 0.201732174
v 0.0466893055 0.0174999945 0.2021969
v 0.0461286046 0.0139999948 0.202549785
v 0.04637218 0.0174999945 0.202583313
v 0.04637218 0.0104999952 0.202583313
v 0.04588503 0.0104999952 0.202516273
v 0.04588503 0.0174999945 0.202516273
v 0.0462480038 0.0139999948 0.202371091
v 0.04637218 0.0104999952 0.202583313
v 0.04637218 0.0174999945 0.202583313
v 0.046123825 0.0174999945 0.202158883
v 0.046123825 0.0104999952 0.202158883
v 0.0461286046 0.0174999945 0.202371091
v 0.04588503 0.0174999945 0.202516273
v 0.046123825 0.0174999945 0.202158883
v 0.04637218 0.0174999945 0.202583313
v 0.0458911024 0.0139999948 0.203038812
v 0.0461365357 0.0174999945 0.203024164
v 0.0461365357 0.0104999952 0.203024164
v 0.0456456654 0.0104999952 0.20305346
v 0.0456456654 0.0174999945 0.20305346
v 0.0459733456 0.0139999948 0.202840269
v 0.0461365357 0.0104999952 0.203024164
v 0.0461365357 0.0174999945 0.203024164
v 0.04581015 0.0174999945 0.202656358
v 0.04581015 0.0104999952 0.202656358
v 0.0458911024 0.0174999945 0.2028549
v 0.0456456654 0.0174999945 0.20305346
v 0.04581015 0.0174999945 0.202656358
v 0.0461365357 0.0174999945 0.203024164
v 0.0457535647 0.0139999948 0.203564778
v 0.0459914245 0.0174999945 0.203502536
v 0.0459914245 0.0104999952 0.203502536
v 0.0455157049 0.0104999952 0.20362702
v 0.0455157049 0.0174999945 0.20362702
v 0.0457954928 0.0139999948 0.203354
v 0.0459914245 0.0104999952 0.203502536
v 0.0459914245 0.0174999945 0.203502536
v 0.0455995575 0.0174999945 0.203205466
v 0.0455995575 0.0104999952 0.203205466
v 0.0457535647 0.0174999945 0.203416243
v 0.0455157049 0.0174999945 0.20362702
v 0.0455995575 0.0174999945 0.203205466
v 0.0459914245 0.0174999945 0.203502536
v 0.04572128 0.0139999948 0.204107463
v 0.0459424257 0.0174999945 0.204000011
v 0.0459424257 0.0104999952 0.204000011
v 0.0455001369 0.0104999952 0.204214931
v 0.0455001369 0.0174999945 0.204214931
v 0.04572128 0.0139999948 0.203892559
v 0.0459424257 0.0104999952 0.204000011
v 0.0459424257 0.0174999945 0.204000011
v 0.0455001369 0.0174999945 0.203785092
v 0.0455001369 0.0104999952 0.203785092
v 0.0457135625 0.0174999945 0.204000011
v 0.0455001369 0.0174999945 0.204214931
v 0.0455001369 0.0174999945 0.203785092
v 0.0459424257 0.0174999945 0.204000011
v 0.0457954928 0.0139999948 0.204646021
v 0.0459914245 0.0174999945 0.204497486
v 0.0459914245 0.0104999952 0.204497486
v 0.0455995575 0.0104999952 0.204794556
v 0.0455995575 0.0174999945 0.204794556
v 0.0457535647 0.0139999948 0.204435244
v 0.0459914245 0.0104999952 0.204497486
v 0.0459914245 0.0174999945 0.204497486
v 0.0455157049 0.0174999945 0.204373
v 0.0455157049 0.0104999952 0.204373
v 0.0457535647 0.0174999945 0.204583779
v 0.0455995575 0.0174999945 0.204794556
v 0.0455157049 0.0174999945 0.204373
v 0.0459914245 0.0174999945 0.204497486
v 0.0459733456 0.0139999948 0.205159754
v 0.0461365357 0.0174999945 0.204975843
v 0.0461365357 0.0104999952 0.204975843
v 0.04581015 0.0104999952 0.205343664
v 0.04581015 0.0174999945 0.205343664
v 0.0458911024 0.0139999948 0.20496121
v 0.0461365357 0.0104999952 0.204975843
v 0.0461365357 0.0174999945 0.204975843
v 0.0456456654 0.0174999945 0.204946548
v 0.0456456654 0.0104999952 0.204946548
v 0.0458911024 0.0174999945 0.2051451
v 0.04581015 0.0174999945 0.205343664
v 0.0456456654 0.0174999945 0.204946548
v 0.0461365357 0.0174999945 0.204975843
v 0.0462480038 0.0139999948 0.205628932
v 0.04637218 0.0174999945 0.205416709
v 0.04637218 0.0104999952 0.205416709
v 0.046123825 0.0104999952 0.205841124
v 0.046123825 0.0174999945 0.205841124
v 0.0461286046 0.0139999948 0.205450237
v 0.04637218 0.0104999952 0.205416709
v 0.04637218 0.0174999945 0.205416709
v 0.04588503 0.0174999945 0.20548375
v 0.04588503 0.0104999952 0.20548375
v 0.0461286046 0.0174999945 0.205628932
v 0.046123825 0.0174999945 0.205841124
v 0.04588503 0.0174999945 0.20548375
v 0.04637218 0.0174999945 0.205416709
v 0.0466089137 0.0139999948 0.2060355
v 0.0466893055 0.0174999945 0.205803126
v 0.0466893055 0.0104999952 0.205803126
v 0.0465285219 0.0104999952 0.206267849
v 0.0465285219 0.0174999945 0.206267849
v 0.0464569479 0.0139999948 0.205883533
v 0.0466893055 0.0104999952 0.205803126
v 0.0466893055 0.0174999945 0.205803126
v 0.04622459 0.0174999945 0.20596391
v 0.04622459 0.0104999952 0.20596391
v 0.0464569479 0.0174999945 0.2060355
v 0.0465285219 0.0174999945 0.206267849
v 0.04622459 0.0174999945 0.20596391
v 0.0466893055 0.0174999945 0.205803126
v 0.04704221 0.0139999948 0.206363827
v 0.0470757224 0.0174999945 0.206120253
v 0.0470757224 0.0104999952 0.206120253
v 0.0470086932 0.0104999952 0.2066074
v 0.0470086932 0.0174999945 0.2066074
v 0.0468635149 0.0139999948 0.206244439
v 0.0470757224 0.0104999952 0.206120253
v 0.0470757224 0.0174999945 0.206120253
v 0.0466513075 0.0174999945 0.20636861
v 0.0466513075 0.0104999952 0.20636861
v 0.0468635149 0.0174999945 0.206363827
v 0.0470086932 0.0174999945 0.2066074
v 0.0466513075 0.0174999945 0.20636861
v 0.0470757224 0.0174999945 0.206120253
v 0.0475312322 0.0139999948 0.206601337
v 0.0475165844 0.0174999945 0.2063559
v 0.0475165844 0.0104999952 0.2063559
v 0.04754588 0.0104999952 0.206846774
v 0.04754588 0.0174999945 0.206846774
v 0.047332678 0.0139999948 0.2065191
v 0.0475165844 0.0104999952 0.2063559
v 0.0475165844 0.0174999945 0.2063559
v 0.0471487753 0.0174999945 0.20668228
v 0.0471487753 0.0104999952 0.20668228
v 0.0473473258 0.0174999945 0.206601337
v 0.04754588 0.0174999945 0.206846774
v 0.0471487753 0.0174999945 0.20668228
v 0.0475165844 0.0174999945 0.2063559
v 0.0477201529 0.0139999948 0.2068635
v 0.0477424264 0.0104999952 0.206834108
v 0.0477424264 0.0174999945 0.206834108
v 0.04769788 0.0174999945 0.206892878
v 0.04769788 0.0104999952 0.206892878
v 0.0492647029 0.0139999948 0.2068635
v 0.04924243 0.0174999945 0.206834108
v 0.04924243 0.0104999952 0.206834108
v 0.0492869765 0.0104999952 0.206892878
v 0.0492869765 0.0174999945 0.206892878
v 0.0496521778 0.0139999948 0.2065191
v 0.04946827 0.0174999945 0.2063559
v 0.04946827 0.0104999952 0.2063559
v 0.04983608 0.0104999952 0.20668228
v 0.04983608 0.0174999945 0.20668228
v 0.0494536236 0.0139999948 0.206601337
v 0.04946827 0.0104999952 0.2063559
v 0.04946827 0.0174999945 0.2063559
v 0.0494389758 0.0174999945 0.206846774
v 0.0494389758 0.0104999952 0.206846774
v 0.04963753 0.0174999945 0.206601337
v 0.04983608 0.0174999945 0.20668228
v 0.0494389758 0.0174999945 0.206846774
v 0.04946827 0.0174999945 0.2063559
v 0.05012134 0.0139999948 0.206244439
v 0.0499091335 0.0174999945 0.206120253
v 0.0499091335 0.0104999952 0.206120253
v 0.05033355 0.0104999952 0.20636861
v 0.05033355 0.0174999945 0.20636861
v 0.0499426462 0.0139999948 0.206363827
v 0.0499091335 0.0104999952 0.206120253
v 0.0499091335 0.0174999945 0.206120253
v 0.0499761626 0.0174999945 0.2066074
v 0.0499761626 0.0104999952 0.2066074
v 0.05012134 0.0174999945 0.206363827
v 0.05033355 0.0174999945 0.20636861
v 0.0499761626 0.0174999945 0.2066074
v 0.0499091335 0.0174999945 0.206120253
v 0.0505279079 0.0139999948 0.205883533
v 0.05029555 0.0174999945 0.205803126
v 0.05029555 0.0104999952 0.205803126
v 0.0507602654 0.0104999952 0.20596391
v 0.0507602654 0.0174999945 0.20596391
v 0.0503759421 0.0139999948 0.2060355
v 0.05029555 0.0104999952 0.205803126
v 0.05029555 0.0174999945 0.205803126
v 0.0504563339 0.0174999945 0.206267849
v 0.0504563339 0.0104999952 0.206267849
v 0.0505279079 0.0174999945 0.2060355
v 0.0507602654 0.0174999945 0.20596391
v 0.0504563339 0.0174999945 0.206267849
v 0.05029555 0.0174999945 0.205803126
v 0.05085625 0.0139999948 0.205450237
v 0.0506126769 0.0174999945 0.205416709
v 0.0506126769 0.0104999952 0.205416709
v 0.0510998257 0.0104999952 0.20548375
v 0.0510998257 0.0174999945 0.20548375
v 0.050736852 0.0139999948 0.205628932
v 0.0506126769 0.0104999952 0.205416709
v 0.0506126769 0.0174999945 0.205416709
v 0.05086103 0.0174999945 0.205841124
v 0.05086103 0.0104999952 0.205841124
v 0.05085625 0.0174999945 0.205628932
v 0.0510998257 0.0174999945 0.20548375
v 0.05086103 0.0174999945 0.205841124
v 0.0506126769 0.0174999945 0.205416709
v 0.0510937534 0.0139999948 0.20496121
v 0.05084832 0.0174999945 0.204975843
v 0.05084832 0.0104999952 0.204975843
v 0.05133919 0.0104999952 0.204946548
v 0.05133919 0.0174999945 0.204946548
v 0.05101151 0.0139999948 0.205159754
v 0.05084832 0.0104999952 0.204975843
v 0.05084832 0.0174999945 0.204975843
v 0.051174704 0.0174999945 0.205343664
v 0.051174704 0.0104999952 0.205343664
v 0.0510937534 0.0174999945 0.2051451
v 0.05133919 0.0174999945 0.204946548
v 0.051174704 0.0174999945 0.205343664
v 0.05084832 0.0174999945 0.204975843
v 0.05123129 0.0139999948 0.204435244
v 0.05099343 0.0174999945 0.204497486
v 0.05099343 0.0104999952 0.204497486
v 0.05146915 0.0104999952 0.204373
v 0.05146915 0.0174999945 0.204373
v 0.051189363 0.0139999948 0.204646021
v 0.05099343 0.0104999952 0.204497486
v 0.05099343 0.0174999945 0.204497486
v 0.0513853 0.0174999945 0.204794556
v 0.0513853 0.0104999952 0.204794556
v 0.05123129 0.0174999945 0.204583779
v 0.05146915 0.0174999945 0.204373
v 0.0513853 0.0174999945 0.204794556
v 0.05099343 0.0174999945 0.204497486
v 0.0512635745 0.0139999948 0.203892559
v 0.05104243 0.0174999945 0.204000011
v 0.05104243 0.0104999952 0.204000011
v 0.05148472 0.0104999952 0.203785092
v 0.05148472 0.0174999945 0.203785092
v 0.0512635745 0.0139999948 0.204107463
v 0.05104243 0.0104999952 0.204000011
v 0.05104243 0.0174999945 0.204000011
v 0.05148472 0.0174999945 0.204214931
v 0.05148472 0.0104999952 0.204214931
v 0.0512712933 0.0174999945 0.204000011
v 0.05148472 0.0174999945 0.203785092
v 0.05148472 0.0174999945 0.204214931
v 0.05104243 0.0174999945 0.204000011
v 0.0507109761 0.0233749934 0.201781467
v 0.0508789122 0.0236124955 0.201613516
v 0.0508789122 0.0231374986 0.201613516
v 0.0505430363 0.0233749934 0.2019494
v 0.04749243 0.0219999962 0.195686162
v 0.0484924279 0.0219999962 0.1963161
v 0.04749243 0.0219999962 0.197067291
v 0.04847397 0.0219999962 0.195627242
v 0.0494924262 0.0219999962 0.197067291
v 0.0494924262 0.0219999962 0.195691973
v 0.0499924272 0.0235 0.1964173
v 0.0499924272 0.0224999972 0.197067291
v 0.0499924272 0.0224999972 0.1957673
v 0.0499924272 0.0244999938 0.1957673
v 0.0499924272 0.0244999938 0.197067291
v 0.04699243 0.0235 0.1964173
v 0.04699243 0.0224999972 0.1957673
v 0.04699243 0.0224999972 0.197067291
v 0.04699243 0.0244999938 0.197067291
v 0.04699243 0.0244999938 0.1957673
v 0.04517377 0.0239999928 0.20338589
v 0.04320716 0.0239999928 0.203021958
v 0.0434948169 0.0239999928 0.202021509
v 0.0431174263 0.0239999928 0.204000011
v 0.0453543924 0.0239999928 0.202757686
v 0.0451174267 0.0239999928 0.204000011
v 0.0439935774 0.0239999928 0.20105876
v 0.04320716 0.0239999928 0.204978064
v 0.0456675664 0.0239999928 0.202153176
v 0.04517377 0.0239999928 0.204614133
v 0.04469173 0.0239999928 0.2001993
v 0.0434948169 0.0239999928 0.205978513
v 0.0461059436 0.0239999928 0.201613516
v 0.0453543924 0.0239999928 0.205242336
v 0.0455511771 0.0239999928 0.199501157
v 0.0439935774 0.0239999928 0.206941262
v 0.0466455966 0.0239999928 0.201175153
v 0.0456675664 0.0239999928 0.205846846
v 0.04651392 0.0239999928 0.1990024
v 0.04469173 0.0239999928 0.207800716
v 0.0472501069 0.0239999928 0.200861976
v 0.0461059436 0.0239999928 0.206386492
v 0.0475143753 0.0239999928 0.198714748
v 0.0455511771 0.0239999928 0.208498865
v 0.0478783026 0.0239999928 0.200681359
v 0.0466455966 0.0239999928 0.206824869
v 0.04651392 0.0239999928 0.208997622
v 0.0472501069 0.0239999928 0.207138047
v 0.0484924279 0.0239999928 0.198625013
v 0.0484924279 0.0239999928 0.200625
v 0.0491065532 0.0239999928 0.200681359
v 0.04947048 0.0239999928 0.198714748
v 0.04973475 0.0239999928 0.200861976
v 0.050470937 0.0239999928 0.1990024
v 0.05033926 0.0239999928 0.201175153
v 0.05143368 0.0239999928 0.199501157
v 0.0508789122 0.0239999928 0.201613516
v 0.0522931255 0.0239999928 0.2001993
v 0.05131729 0.0239999928 0.202153176
v 0.05299128 0.0239999928 0.20105876
v 0.0516304635 0.0239999928 0.202757686
v 0.05349004 0.0239999928 0.202021509
v 0.0518110842 0.0239999928 0.20338589
v 0.0537776947 0.0239999928 0.203021958
v 0.05186743 0.0239999928 0.204000011
v 0.05386743 0.0239999928 0.204000011
v 0.0537776947 0.0239999928 0.204978064
v 0.0518110842 0.0239999928 0.204614133
v 0.05349004 0.0239999928 0.205978513
v 0.0516304635 0.0239999928 0.205242336
v 0.05299128 0.0239999928 0.206941262
v 0.05131729 0.0239999928 0.205846846
v 0.0522931255 0.0239999928 0.207800716
v 0.0508789122 0.0239999928 0.206386492
v 0.05143368 0.0239999928 0.208498865
v 0.05033926 0.0239999928 0.206824869
v 0.050470937 0.0239999928 0.208997622
v 0.04973475 0.0239999928 0.207138047
v 0.04947048 0.0239999928 0.209285274
v 0.0491065532 0.0239999928 0.207318664
v 0.0484924279 0.0239999928 0.209375009
v 0.0484924279 0.0239999928 0.20737502
v 0.0475143753 0.0239999928 0.209285274
v 0.0478783026 0.0239999928 0.207318664
v 0.04849244 0.0244999938 0.210758358
v 0.05009243 0.0244999938 0.209131345
v 0.0509852841 0.0244999938 0.211994812
v 0.0497531369 0.0244999938 0.212279409
v 0.04930165 0.0244999938 0.20931375
v 0.0484924465 0.0244999938 0.2123748
v 0.0484924279 0.0244999938 0.209375009
v 0.0472312272 0.0244999938 0.21227926
v 0.0476832055 0.0244999938 0.20931375
v 0.04599957 0.0244999938 0.211994812
v 0.0468924269 0.0244999938 0.209131345
v 0.05053832 0.024749998 0.197438657
v 0.0509841926 0.0244999938 0.1960087
v 0.05098424 0.0249999948 0.196008548
v 0.05009243 0.0249999948 0.198868677
v 0.05009243 0.0244999938 0.198868677
v 0.05053886 0.024749998 0.2105631
v 0.05009243 0.0244999938 0.209131345
v 0.05009243 0.0249999948 0.209131345
v 0.05098531 0.0249999948 0.2119949
v 0.0509852841 0.0244999938 0.211994812
v 0.046445962 0.024749998 0.2105632
v 0.0459994748 0.0249999948 0.211995125
v 0.0468924269 0.0249999948 0.209131345
v 0.0468924269 0.0244999938 0.209131345
v 0.04599957 0.0244999938 0.211994812
v 0.0464462154 0.024749998 0.197437644
v 0.0468924269 0.0244999938 0.198868677
v 0.0468924269 0.0249999948 0.198868677
v 0.04600002 0.0249999948 0.196006536
v 0.0460006632 0.0244999938 0.1960087
v 0.04977898 0.0244999938 0.195731238
v 0.0501903966 0.0248599984 0.195805669
v 0.0499924272 0.0244999938 0.1957673
v 0.0492933951 0.0248599984 0.195669532
v 0.0509841926 0.0244999938 0.1960087
v 0.05098424 0.0249999948 0.196008548
v 0.0497516431 0.0249999948 0.195726991
v 0.0495646931 0.0244999938 0.195700556
v 0.0493497066 0.0244999938 0.195675254
v 0.0491341464 0.0244999938 0.195655376
v 0.04849166 0.0249999948 0.195628643
v 0.04838706 0.0248599984 0.195628911
v 0.0484036244 0.0244999938 0.195628777
v 0.04767821 0.0244999938 0.195665181
v 0.04763375 0.0248599984 0.1956695
v 0.04723041 0.0249999948 0.195719749
v 0.04699105 0.0244999938 0.195759743
v 0.0468076952 0.0248599984 0.195795372
v 0.04600002 0.0249999948 0.196006536
v 0.0460006632 0.0244999938 0.1960087
v 0.0431174263 0.0249999948 0.210422635
v 0.0431174263 0.0252499916 0.204000011
v 0.0431174263 0.0249999948 0.204000011
v 0.0431174263 0.0254999958 0.210422635
v 0.0431174263 0.0249999948 0.197577387
v 0.0431174263 0.0254999958 0.197577387
v 0.0531783178 0.02536 0.197052062
v 0.05321471 0.0249999948 0.197076827
v 0.05251084 0.0249999948 0.196647316
v 0.05386743 0.0249999948 0.197577387
v 0.05386743 0.0254999958 0.197577387
v 0.0528803766 0.0254999958 0.196860254
v 0.052432958 0.02536 0.196605682
v 0.0517702624 0.0254999958 0.1962931
v 0.05141768 0.02536 0.196154684
v 0.05098424 0.0249999948 0.196008548
v 0.0507240519 0.0254999958 0.195933253
v 0.0503483526 0.02536 0.195839673
v 0.0497516431 0.0249999948 0.195726991
v 0.0496379733 0.0254999958 0.195710421
v 0.0492458753 0.02536 0.195665
v 0.04849166 0.0249999948 0.195628643
v 0.0485325046 0.0254999958 0.195628881
v 0.0481311344 0.02536 0.195635036
v 0.04723041 0.0249999948 0.195719749
v 0.0474281274 0.0254999958 0.195692912
v 0.046599105 0.02536 0.195841253
v 0.04600002 0.0249999948 0.196006536
v 0.04584384 0.0254999958 0.196054846
v 0.0456556939 0.02536 0.196120128
v 0.04447619 0.0249999948 0.196650922
v 0.04475262 0.02536 0.196506619
v 0.0439023674 0.02536 0.196994469
v 0.0431174263 0.0249999948 0.197577387
v 0.0443592779 0.0254999958 0.196715936
v 0.0431174263 0.0254999958 0.197577387
v 0.04349243 0.0254999958 0.197280824
v 0.0432095341 0.0254999958 0.197501183
v 0.0433970578 0.0254999958 0.197352856
v 0.0433027521 0.0254999958 0.197426334
v 0.05386743 0.0252499916 0.204000011
v 0.05386743 0.0249999948 0.204000011
v 0.05386743 0.0249999948 0.197577387
v 0.05386743 0.0254999958 0.197577387
v 0.05386743 0.0249999948 0.210422635
v 0.05386743 0.0254999958 0.204000011
v 0.05386743 0.0254999958 0.210422635
v 0.04349243 0.0262999944 0.197140664
v 0.04349243 0.0271 0.197000012
v 0.04349243 0.0271 0.197281331
v 0.04349243 0.0254999958 0.197280824
v 0.04349243 0.0254999958 0.197000012
v 0.04349243 0.0262999944 0.210859358
v 0.04349243 0.0270999931 0.21100001
v 0.04349243 0.0254999958 0.21100001
v 0.0434925072 0.0254999958 0.210718751
v 0.04349243 0.0270999931 0.210718691
v 0.0397424251 0.0262999944 0.211500019
v 0.0429924279 0.0254999958 0.211500019
v 0.0429924279 0.0270999931 0.211500019
v 0.03649243 0.0270999931 0.211500019
v 0.03649243 0.0254999958 0.211500019
v 0.03649243 0.0262999944 0.204000011
v 0.03649243 0.0254999958 0.211500019
v 0.03649243 0.0270999931 0.211500019
v 0.03649243 0.0270999931 0.210500017
v 0.03649243 0.0254999958 0.1965
v 0.03649243 0.0270999931 0.207500011
v 0.03649243 0.0271 0.1965
v 0.03649243 0.0270999931 0.2055
v 0.03649243 0.0271 0.1975
v 0.03649243 0.0270999931 0.202500015
v 0.03649243 0.0270999931 0.200500011
v 0.0397424251 0.0262999944 0.1965
v 0.0429924279 0.0271 0.1965
v 0.0429924279 0.0254999958 0.1965
v 0.03649243 0.0254999958 0.1965
v 0.03649243 0.0271 0.1965
v 0.0484924279 0.0325999968 0.204000011
v 0.0455016568 0.0325999968 0.19644548
v 0.04404635 0.0325999968 0.197199419
v 0.0433712564 0.0325999968 0.197692141
v 0.04701398 0.0325999968 0.196010649
v 0.0427471846 0.0325999968 0.198254764
v 0.0484924279 0.0325999968 0.195875019
v 0.0421845578 0.0325999968 0.19887884
v 0.0499708764 0.0325999968 0.196010649
v 0.04169184 0.0325999968 0.199553937
v 0.0514832 0.0325999968 0.19644548
v 0.0409379 0.0325999968 0.201009244
v 0.052938506 0.0325999968 0.197199419
v 0.04050307 0.0325999968 0.202521563
v 0.0536136 0.0325999968 0.197692141
v 0.0403674319 0.0325999968 0.204000011
v 0.05423767 0.0325999968 0.198254764
v 0.04050307 0.0325999968 0.20547846
v 0.0548002981 0.0325999968 0.19887884
v 0.0409379 0.0325999968 0.206990778
v 0.0552930161 0.0325999968 0.199553937
v 0.04169184 0.0325999968 0.208446085
v 0.05604696 0.0325999968 0.201009244
v 0.0421845578 0.0325999968 0.209121183
v 0.0564817861 0.0325999968 0.202521563
v 0.0427471846 0.0325999968 0.209745258
v 0.0566174276 0.0325999968 0.204000011
v 0.0433712564 0.0325999968 0.210307881
v 0.0564817861 0.0325999968 0.20547846
v 0.04404635 0.0325999968 0.2108006
v 0.05604696 0.0325999968 0.206990778
v 0.0455016568 0.0325999968 0.211554542
v 0.0552930161 0.0325999968 0.208446085
v 0.04701398 0.0325999968 0.211989373
v 0.0548002981 0.0325999968 0.209121183
v 0.0484924279 0.0325999968 0.212125
v 0.05423767 0.0325999968 0.209745258
v 0.0499708764 0.0325999968 0.211989373
v 0.0536136 0.0325999968 0.210307881
v 0.0514832 0.0325999968 0.211554542
v 0.052938506 0.0325999968 0.2108006
f 1 2 3
f 4 5 6
f 7 8 9
f 7 9 10
f 11 7 10
f 12 11 10
f 13 11 12
f 13 14 11
f 14 13 15
f 16 13 12
f 17 16 12
f 18 16 17
f 19 18 17
f 20 19 17
f 18 21 16
f 22 21 18
f 21 23 16
f 21 22 23
f 24 19 20
f 24 25 19
f 25 26 19
f 25 27 26
f 27 25 24
f 28 24 20
f 29 28 20
f 28 29 30
f 29 31 30
f 29 20 32
f 33 29 32
f 34 33 32
f 33 34 35
f 34 36 35
f 34 32 37
f 38 34 37
f 39 38 37
f 38 39 40
f 39 41 40
f 39 37 42
f 43 39 42
f 44 43 42
f 43 44 45
f 44 46 45
f 44 42 47
f 48 44 47
f 49 48 47
f 50 48 49
f 50 51 48
f 51 50 52
f 53 50 49
f 54 53 49
f 55 53 54
f 55 56 53
f 56 55 57
f 58 55 54
f 59 58 54
f 60 58 59
f 60 61 58
f 61 60 62
f 63 60 59
f 64 63 59
f 65 63 64
f 65 66 63
f 66 67 63
f 66 68 67
f 68 66 65
f 69 65 64
f 70 69 64
f 70 64 71
f 70 72 69
f 72 73 69
f 72 74 73
f 74 72 70
f 75 70 71
f 76 75 71
f 75 76 77
f 76 78 77
f 76 71 79
f 80 76 79
f 81 80 79
f 80 81 82
f 81 83 82
f 81 79 84
f 85 81 84
f 85 84 86
f 87 85 86
f 87 86 88
f 86 89 88
f 89 90 88
f 89 91 90
f 91 92 90
f 91 93 92
f 93 94 92
f 91 95 93
f 95 96 93
f 95 97 96
f 95 98 97
f 98 99 97
f 98 100 99
f 100 98 95
f 100 95 101
f 102 100 101
f 102 101 103
f 101 104 103
f 102 103 105
f 106 102 105
f 106 105 107
f 105 103 107
f 104 108 103
f 104 109 108
f 109 110 108
f 108 110 111
f 110 112 111
f 109 113 110
f 109 114 113
f 114 115 113
f 114 116 115
f 116 117 115
f 116 114 118
f 114 119 118
f 119 120 118
f 119 121 120
f 121 122 120
f 119 123 121
f 123 124 121
f 123 125 124
f 125 126 124
f 125 127 126
f 123 128 125
f 128 129 125
f 128 130 129
f 130 131 129
f 129 131 132
f 131 133 132
f 130 134 131
f 130 135 134
f 135 136 134
f 135 137 136
f 137 138 136
f 135 139 137
f 139 140 137
f 139 141 140
f 141 139 142
f 143 141 142
f 139 144 142
f 144 145 142
f 144 146 145
f 144 147 146
f 146 148 145
f 149 145 148
f 150 149 148
f 146 150 148
f 147 151 146
f 147 152 151
f 152 153 151
f 152 154 153
f 152 155 154
f 155 156 154
f 153 157 151
f 158 157 153
f 157 159 151
f 157 158 159
f 155 160 156
f 160 161 156
f 160 155 162
f 155 163 162
f 163 164 162
f 163 165 164
f 165 166 164
f 163 167 165
f 167 168 165
f 167 169 168
f 169 170 168
f 171 172 173
f 172 171 174
f 171 175 174
f 172 174 176
f 177 172 176
f 175 178 174
f 175 179 178
f 179 180 178
f 177 176 181
f 182 177 181
f 180 183 178
f 180 184 183
f 184 185 183
f 185 186 183
f 185 187 186
f 187 188 186
f 188 189 186
f 189 190 186
f 190 183 186
f 190 191 183
f 191 178 183
f 191 192 178
f 192 174 178
f 192 193 174
f 193 194 174
f 194 176 174
f 194 195 176
f 195 181 176
f 195 196 181
f 196 197 181
f 198 181 197
f 198 182 181
f 199 198 197
f 198 199 182
f 199 197 200
f 199 201 182
f 202 199 200
f 199 202 201
f 202 200 203
f 202 204 201
f 202 203 205
f 204 202 205
f 206 205 203
f 204 205 206
f 207 206 203
f 208 204 206
f 209 206 207
f 209 208 206
f 210 209 207
f 209 210 208
f 210 207 211
f 210 212 208
f 213 210 211
f 210 213 212
f 213 211 214
f 213 215 212
f 213 214 216
f 215 213 216
f 217 216 214
f 215 216 217
f 217 214 218
f 219 217 218
f 220 215 217
f 220 217 219
f 219 218 221
f 222 220 219
f 223 219 221
f 224 222 219
f 225 219 223
f 224 219 225
f 226 224 225
f 227 225 223
f 226 225 228
f 228 225 227
f 229 226 228
f 230 228 227
f 229 228 230
f 230 227 231
f 232 229 230
f 233 230 231
f 232 230 233
f 234 232 233
f 233 231 235
f 234 233 236
f 236 233 235
f 237 234 236
f 238 236 235
f 237 236 238
f 239 237 238
f 240 238 235
f 239 238 240
f 241 239 240
f 242 241 240
f 243 242 240
f 242 244 241
f 245 242 243
f 242 245 244
f 245 243 246
f 245 247 244
f 248 245 246
f 245 248 247
f 248 246 249
f 250 248 249
f 248 251 247
f 248 250 251
f 250 249 252
f 250 253 251
f 254 250 252
f 250 255 253
f 256 250 254
f 250 256 255
f 257 256 254
f 258 256 257
f 256 259 255
f 256 258 259
f 260 258 257
f 258 261 259
f 258 260 262
f 258 263 261
f 258 262 264
f 263 258 264
f 265 264 262
f 263 264 265
f 265 262 266
f 267 263 265
f 268 265 266
f 265 268 267
f 268 266 269
f 268 270 267
f 271 268 269
f 268 271 270
f 271 269 272
f 271 272 270
f 269 273 272
f 270 272 274
f 273 275 272
f 272 275 274
f 273 276 275
f 276 274 275
f 276 273 277
f 276 278 274
f 279 276 277
f 276 279 278
f 279 277 280
f 279 281 278
f 282 279 280
f 279 282 281
f 282 280 283
f 282 283 281
f 280 284 283
f 284 285 283
f 281 283 286
f 283 285 286
f 284 287 285
f 286 285 288
f 287 289 285
f 285 290 288
f 289 291 285
f 285 291 290
f 289 292 291
f 291 293 290
f 292 294 291
f 291 294 293
f 292 295 294
f 295 293 294
f 295 292 296
f 295 297 293
f 298 295 296
f 295 298 297
f 298 296 299
f 298 300 297
f 301 298 299
f 298 301 300
f 301 299 302
f 301 302 300
f 299 303 302
f 304 300 302
f 303 304 302
f 305 306 307
f 306 308 307
f 306 309 308
f 309 310 308
f 309 311 310
f 311 309 312
f 311 312 313
f 311 314 310
f 314 311 313
f 310 314 315
f 314 313 316
f 314 317 315
f 317 314 316
f 315 317 318
f 317 316 319
f 317 320 318
f 320 317 319
f 318 320 321
f 320 319 322
f 320 323 321
f 323 320 322
f 323 322 324
f 321 323 325
f 326 323 324
f 323 326 325
f 326 324 327
f 326 328 325
f 328 326 327
f 328 329 325
f 328 330 329
f 328 327 331
f 330 328 331
f 330 332 329
f 330 331 333
f 330 334 332
f 330 333 335
f 330 336 334
f 336 330 335
f 336 337 334
f 336 335 338
f 336 339 337
f 339 336 338
f 339 340 337
f 339 338 341
f 339 342 340
f 342 339 341
f 342 341 343
f 342 344 340
f 342 343 345
f 342 346 344
f 346 342 345
f 346 347 344
f 346 345 348
f 346 349 347
f 349 346 348
f 349 348 350
f 349 351 347
f 351 349 350
f 351 350 352
f 351 352 353
f 354 351 353
f 354 353 355
f 356 354 355
f 357 356 355
f 357 358 356
f 358 359 356
f 358 360 359
f 360 361 359
f 360 362 361
f 362 360 363
f 364 362 363
f 362 365 361
f 362 364 365
f 361 365 366
f 364 367 365
f 365 368 366
f 367 368 365
f 366 368 369
f 367 370 368
f 368 371 369
f 370 371 368
f 369 371 372
f 370 373 371
f 371 374 372
f 373 374 371
f 373 375 374
f 372 374 376
f 375 377 374
f 374 377 376
f 375 378 377
f 377 379 376
f 378 379 377
f 379 380 376
f 379 381 380
f 378 382 379
f 382 381 379
f 381 383 380
f 382 384 381
f 381 385 383
f 384 386 381
f 381 387 385
f 386 387 381
f 387 388 385
f 386 389 387
f 387 390 388
f 389 390 387
f 390 391 388
f 389 392 390
f 390 393 391
f 392 393 390
f 392 394 393
f 393 395 391
f 394 396 393
f 393 397 395
f 396 397 393
f 397 398 395
f 396 399 397
f 397 400 398
f 399 400 397
f 399 401 400
f 400 402 398
f 401 402 400
f 401 403 402
f 403 404 402
f 404 405 402
f 404 406 405
f 406 407 405
f 406 408 407
f 409 410 411
f 412 409 411
f 412 411 413
f 414 412 413
f 414 413 415
f 416 414 415
f 416 415 417
f 418 416 417
f 418 417 419
f 418 419 420
f 421 418 420
f 421 420 422
f 423 421 422
f 423 422 424
f 425 423 424
f 425 424 426
f 427 425 426
f 428 427 426
f 428 426 429
f 427 428 430
f 430 428 429
f 430 429 431
f 432 430 431
f 433 431 429
f 432 431 433
f 434 432 433
f 434 433 435
f 432 434 436
f 436 434 435
f 436 435 437
f 438 436 437
f 437 435 439
f 438 437 440
f 440 437 439
f 441 438 440
f 440 439 442
f 441 440 443
f 443 440 442
f 443 442 444
f 445 441 443
f 443 444 446
f 445 443 447
f 447 443 446
f 447 446 448
f 449 445 447
f 450 447 448
f 449 447 450
f 451 449 450
f 452 451 450
f 453 452 450
f 452 454 451
f 454 452 453
f 454 453 455
f 456 454 455
f 455 453 457
f 455 458 456
f 458 455 457
f 458 459 456
f 458 457 460
f 458 461 459
f 461 458 460
f 461 462 459
f 461 460 463
f 461 464 462
f 464 461 463
f 464 463 465
f 466 464 465
f 467 465 463
f 465 468 466
f 468 465 467
f 468 469 466
f 470 468 467
f 468 471 469
f 471 468 470
f 472 471 470
f 471 473 469
f 474 471 472
f 471 474 473
f 475 474 472
f 474 476 473
f 474 475 476
f 473 476 477
f 475 478 476
f 476 479 477
f 478 480 476
f 476 480 479
f 478 481 480
f 480 482 479
f 481 483 480
f 480 483 482
f 481 484 483
f 483 485 482
f 484 485 483
f 484 486 485
f 487 486 484
f 486 488 485
f 486 487 488
f 487 489 488
f 487 490 489
f 488 489 491
f 490 491 489
f 490 492 491
f 492 490 493
f 492 494 491
f 495 492 493
f 492 495 494
f 495 496 494
f 494 496 497
f 495 498 496
f 498 497 496
f 498 499 497
f 499 498 500
f 501 502 503
f 501 503 504
f 505 501 504
f 506 504 503
f 505 504 507
f 507 504 506
f 508 505 507
f 509 507 506
f 508 507 510
f 510 507 509
f 511 508 510
f 512 510 509
f 511 510 513
f 513 510 512
f 514 511 513
f 515 513 512
f 514 513 515
f 516 514 515
f 516 515 517
f 514 516 518
f 519 516 517
f 516 519 518
f 519 517 520
f 518 519 521
f 522 519 520
f 519 522 521
f 522 520 523
f 521 522 524
f 525 522 523
f 522 525 524
f 525 523 526
f 525 527 524
f 527 525 526
f 527 528 524
f 527 526 529
f 527 530 528
f 531 527 529
f 527 531 530
f 529 532 531
f 531 533 530
f 532 533 531
f 532 534 533
f 532 535 534
f 534 536 533
f 535 536 534
f 535 537 536
f 535 538 537
f 537 539 536
f 538 539 537
f 538 540 539
f 540 538 541
f 540 542 539
f 540 541 543
f 542 540 543
f 542 543 544
f 545 542 544
f 546 544 543
f 545 544 546
f 547 545 546
f 545 547 548
f 547 546 549
f 547 550 548
f 550 547 549
f 550 549 551
f 552 550 551
f 551 553 552
f 553 554 552
f 552 554 555
f 553 556 554
f 554 557 555
f 556 557 554
f 555 557 558
f 556 559 557
f 559 558 557
f 560 559 556
f 559 561 558
f 562 559 560
f 559 562 561
f 563 562 560
f 562 564 561
f 565 562 563
f 562 565 564
f 566 565 563
f 565 567 564
f 568 565 566
f 565 568 567
f 569 568 566
f 568 570 567
f 571 568 569
f 568 571 570
f 572 571 569
f 571 573 570
f 574 571 572
f 571 574 573
f 575 574 572
f 574 576 573
f 577 574 575
f 574 577 576
f 578 577 575
f 577 579 576
f 580 577 578
f 577 580 579
f 581 580 578
f 580 582 579
f 580 581 582
f 581 583 582
f 581 584 583
f 582 583 585
f 584 585 583
f 584 586 585
f 587 586 584
f 586 588 585
f 586 587 588
f 587 589 588
f 587 590 589
f 588 589 591
f 590 592 589
f 592 591 589
f 592 593 591
f 594 593 592
f 593 595 591
f 593 594 595
f 594 596 595
f 595 596 597
f 594 598 596
f 596 599 597
f 598 599 596
f 598 600 599
f 600 601 599
f 602 603 604
f 605 602 604
f 605 604 606
f 602 605 607
f 607 605 606
f 607 606 608
f 609 607 608
f 608 606 610
f 609 608 611
f 611 608 610
f 612 609 611
f 613 611 610
f 612 611 613
f 614 613 610
f 615 612 613
f 616 613 614
f 615 613 616
f 617 616 614
f 618 615 616
f 619 616 617
f 618 616 619
f 620 619 617
f 621 618 619
f 622 619 620
f 621 619 622
f 623 622 620
f 624 621 622
f 625 622 623
f 624 622 625
f 626 625 623
f 627 624 625
f 628 625 626
f 627 625 628
f 629 628 626
f 630 627 628
f 631 628 629
f 630 628 631
f 632 631 629
f 633 630 631
f 633 631 632
f 634 633 632
f 634 632 635
f 633 634 636
f 636 634 635
f 636 635 637
f 637 635 638
f 639 636 637
f 640 637 638
f 639 637 640
f 641 639 640
f 641 640 642
f 639 641 643
f 643 641 642
f 643 642 644
f 645 643 644
f 646 644 642
f 645 644 646
f 647 645 646
f 645 647 648
f 647 646 649
f 647 650 648
f 650 647 649
f 650 649 651
f 652 650 651
f 653 652 651
f 654 653 651
f 653 655 652
f 655 653 654
f 655 654 656
f 657 655 656
f 656 654 658
f 656 659 657
f 659 656 658
f 659 660 657
f 659 658 661
f 659 662 660
f 662 659 661
f 662 663 660
f 662 661 664
f 662 665 663
f 665 662 664
f 665 666 663
f 667 665 664
f 665 667 666
f 668 667 664
f 667 669 666
f 670 667 668
f 667 670 669
f 671 670 668
f 670 672 669
f 673 670 671
f 670 673 672
f 674 673 671
f 673 675 672
f 676 673 674
f 673 676 675
f 677 676 674
f 676 678 675
f 679 676 677
f 676 679 678
f 680 679 677
f 679 681 678
f 679 680 681
f 680 682 681
f 680 683 682
f 681 682 684
f 683 685 682
f 685 684 682
f 685 686 684
f 687 686 685
f 686 688 684
f 686 687 688
f 687 689 688
f 687 690 689
f 688 689 691
f 690 691 689
f 690 692 691
f 692 690 693
f 692 694 691
f 695 692 693
f 692 695 694
f 695 696 694
f 695 693 697
f 695 698 696
f 698 695 697
f 698 697 699
f 700 698 699
f 701 702 703
f 704 701 703
f 701 704 705
f 704 703 706
f 704 707 705
f 708 704 706
f 704 708 707
f 708 706 709
f 708 710 707
f 711 708 709
f 708 711 710
f 711 709 712
f 711 713 710
f 711 712 714
f 711 715 713
f 715 711 714
f 715 716 713
f 715 714 717
f 715 718 716
f 718 715 717
f 718 719 716
f 718 717 720
f 718 721 719
f 721 718 720
f 721 722 719
f 721 720 723
f 721 724 722
f 724 721 723
f 724 725 722
f 724 723 726
f 724 727 725
f 728 724 726
f 724 728 727
f 728 726 729
f 728 730 727
f 731 728 729
f 728 731 730
f 731 729 732
f 731 733 730
f 733 731 732
f 733 732 734
f 730 733 735
f 733 734 736
f 735 733 736
f 736 734 737
f 735 736 738
f 739 735 738
f 740 739 738
f 738 736 741
f 736 737 741
f 740 738 742
f 741 737 743
f 744 740 742
f 737 745 743
f 744 742 746
f 745 747 743
f 748 744 746
f 745 749 747
f 748 746 750
f 749 751 747
f 752 748 750
f 753 752 750
f 749 754 751
f 754 755 751
f 754 756 755
f 756 754 757
f 753 758 752
f 759 756 757
f 758 760 752
f 757 761 759
f 758 762 760
f 763 762 758
f 762 764 760
f 762 763 764
f 761 765 759
f 761 766 765
f 759 765 767
f 766 767 765
f 763 768 764
f 763 769 768
f 764 768 770
f 769 770 768
f 766 771 767
f 771 766 772
f 771 773 767
f 774 771 772
f 771 775 773
f 769 776 770
f 776 769 777
f 776 778 770
f 779 776 777
f 780 771 774
f 771 780 775
f 781 780 774
f 780 782 775
f 780 781 782
f 776 783 778
f 783 776 779
f 783 784 778
f 785 783 779
f 781 786 782
f 781 787 786
f 782 786 788
f 787 788 786
f 783 789 784
f 789 783 785
f 789 790 784
f 791 789 785
f 787 792 788
f 793 792 787
f 792 794 788
f 792 793 794
f 789 795 790
f 795 789 791
f 795 796 790
f 797 795 791
f 793 798 794
f 793 799 798
f 794 798 800
f 795 801 796
f 801 795 797
f 801 802 796
f 803 801 797
f 801 804 802
f 799 805 798
f 798 805 800
f 799 806 805
f 800 805 807
f 808 801 803
f 801 808 804
f 809 808 803
f 808 810 804
f 806 811 805
f 805 811 807
f 806 812 811
f 807 811 813
f 814 808 809
f 808 814 810
f 815 814 809
f 812 816 811
f 811 816 813
f 812 817 816
f 813 816 818
f 814 819 810
f 814 815 819
f 820 810 819
f 815 821 819
f 817 822 816
f 816 822 818
f 817 823 822
f 818 822 824
f 820 819 825
f 821 825 819
f 826 820 825
f 821 827 825
f 823 828 822
f 822 828 824
f 823 829 828
f 824 828 830
f 829 830 828
f 826 825 831
f 827 831 825
f 832 826 831
f 827 833 831
f 829 834 830
f 835 834 829
f 834 836 830
f 834 835 836
f 832 831 837
f 833 837 831
f 838 832 837
f 833 839 837
f 835 840 836
f 835 841 840
f 836 840 842
f 841 842 840
f 838 837 843
f 839 843 837
f 844 838 843
f 839 845 843
f 841 846 842
f 847 846 841
f 846 848 842
f 844 843 849
f 845 849 843
f 850 844 849
f 845 851 849
f 851 850 849
f 852 846 847
f 846 852 848
f 853 852 847
f 852 854 848
f 852 853 854
f 855 856 857
f 856 858 857
f 858 856 859
f 856 860 859
f 858 859 860
f 861 858 860
f 861 860 862
f 862 860 863
f 864 861 862
f 865 862 863
f 864 862 865
f 866 864 865
f 866 865 867
f 864 866 868
f 868 866 867
f 868 867 869
f 870 868 869
f 871 869 867
f 870 869 871
f 872 870 871
f 872 871 873
f 870 872 874
f 875 872 873
f 872 875 874
f 875 873 876
f 874 875 877
f 878 875 876
f 875 878 877
f 878 876 879
f 877 878 880
f 881 878 879
f 878 881 880
f 881 879 882
f 880 881 883
f 884 881 882
f 881 884 883
f 884 882 885
f 883 884 886
f 887 884 885
f 884 887 886
f 887 885 888
f 886 887 889
f 890 887 888
f 887 890 889
f 890 888 891
f 889 890 892
f 893 890 891
f 890 893 892
f 891 894 893
f 892 893 895
f 894 895 893
f 894 896 895
f 894 897 896
f 896 898 895
f 897 898 896
f 897 899 898
f 897 900 899
f 899 901 898
f 900 901 899
f 900 902 901
f 902 900 903
f 901 902 904
f 902 903 904
f 903 905 904
f 905 906 904
f 905 907 906
f 907 905 908
f 907 909 906
f 910 907 908
f 907 911 909
f 911 907 910
f 911 912 909
f 913 911 910
f 911 913 912
f 913 914 912
f 913 915 914
f 912 914 916
f 915 916 914
f 915 917 916
f 918 917 915
f 917 919 916
f 917 918 919
f 918 920 919
f 918 921 920
f 919 920 922
f 921 923 920
f 920 923 922
f 922 923 924
f 921 925 923
f 923 926 924
f 925 927 923
f 923 927 926
f 925 928 927
f 927 929 926
f 928 930 927
f 927 930 929
f 928 931 930
f 930 932 929
f 931 933 930
f 930 933 932
f 931 934 933
f 933 935 932
f 934 935 933
f 932 935 936
f 934 937 935
f 935 938 936
f 937 938 935
f 936 938 939
f 937 940 938
f 938 941 939
f 940 941 938
f 939 941 942
f 940 943 941
f 941 944 942
f 943 944 941
f 942 944 945
f 943 946 944
f 946 945 944
f 946 947 945
f 948 947 946
f 947 949 945
f 947 948 949
f 948 950 949
f 948 951 950
f 952 949 950
f 951 952 950
f 953 954 955
f 953 955 956
f 957 953 956
f 956 955 958
f 959 957 956
f 960 956 958
f 959 956 960
f 960 958 961
f 962 959 960
f 963 960 961
f 962 960 963
f 963 961 964
f 965 962 963
f 966 963 964
f 965 963 966
f 966 964 967
f 968 965 966
f 969 966 967
f 968 966 969
f 969 967 970
f 971 968 969
f 972 969 970
f 971 969 972
f 972 970 973
f 974 972 973
f 975 971 972
f 975 972 974
f 974 973 976
f 977 975 974
f 978 974 976
f 979 977 974
f 980 974 978
f 979 974 980
f 981 980 978
f 982 979 980
f 983 980 981
f 983 982 980
f 984 983 981
f 983 984 982
f 984 981 985
f 984 986 982
f 987 984 985
f 984 987 986
f 987 985 988
f 987 989 986
f 990 987 988
f 987 990 989
f 990 988 991
f 990 992 989
f 993 990 991
f 990 993 992
f 993 991 994
f 993 995 992
f 996 993 994
f 993 996 995
f 996 994 997
f 996 998 995
f 999 996 997
f 996 999 998
f 999 997 1000
f 998 999 1001
f 999 1000 1001
f 1000 1002 1001
f 1002 1003 1001
f 1001 1003 1004
f 1002 1005 1003
f 1003 1006 1004
f 1005 1007 1003
f 1003 1007 1006
f 1005 1008 1007
f 1007 1009 1006
f 1008 1010 1007
f 1007 1010 1009
f 1008 1011 1010
f 1010 1012 1009
f 1011 1013 1010
f 1010 1013 1012
f 1011 1014 1013
f 1013 1015 1012
f 1014 1016 1013
f 1013 1016 1015
f 1014 1017 1016
f 1016 1018 1015
f 1017 1019 1016
f 1016 1019 1018
f 1017 1020 1019
f 1020 1021 1019
f 1019 1022 1018
f 1019 1021 1022
f 1020 1023 1021
f 1021 1024 1022
f 1023 1025 1021
f 1021 1026 1024
f 1025 1027 1021
f 1021 1027 1026
f 1025 1028 1027
f 1027 1029 1026
f 1028 1030 1027
f 1027 1030 1029
f 1028 1031 1030
f 1031 1029 1030
f 1032 1031 1028
f 1031 1033 1029
f 1034 1031 1032
f 1031 1034 1033
f 1035 1034 1032
f 1034 1036 1033
f 1037 1034 1035
f 1034 1037 1036
f 1038 1037 1035
f 1037 1039 1036
f 1040 1037 1038
f 1037 1040 1039
f 1041 1040 1038
f 1040 1042 1039
f 1043 1040 1041
f 1040 1043 1042
f 1044 1043 1041
f 1043 1045 1042
f 1046 1043 1044
f 1043 1046 1045
f 1047 1046 1044
f 1046 1048 1045
f 1046 1047 1048
f 1049 1050 1051
f 1049 1051 1052
f 1053 1049 1052
f 1052 1051 1054
f 1055 1053 1052
f 1056 1052 1054
f 1055 1052 1056
f 1056 1054 1057
f 1058 1055 1056
f 1059 1056 1057
f 1058 1056 1059
f 1059 1057 1060
f 1061 1058 1059
f 1062 1059 1060
f 1061 1059 1062
f 1062 1060 1063
f 1064 1061 1062
f 1065 1062 1063
f 1064 1062 1065
f 1065 1063 1066
f 1067 1064 1065
f 1068 1065 1066
f 1067 1065 1068
f 1068 1066 1069
f 1070 1068 1069
f 1071 1067 1068
f 1071 1068 1070
f 1070 1069 1072
f 1073 1071 1070
f 1074 1070 1072
f 1075 1073 1070
f 1076 1070 1074
f 1075 1070 1076
f 1077 1076 1074
f 1078 1075 1076
f 1079 1076 1077
f 1079 1078 1076
f 1080 1079 1077
f 1079 1080 1078
f 1080 1077 1081
f 1080 1082 1078
f 1083 1080 1081
f 1080 1083 1082
f 1083 1081 1084
f 1083 1085 1082
f 1086 1083 1084
f 1083 1086 1085
f 1086 1084 1087
f 1086 1088 1085
f 1089 1086 1087
f 1086 1089 1088
f 1089 1087 1090
f 1089 1091 1088
f 1092 1089 1090
f 1089 1092 1091
f 1092 1090 1093
f 1092 1094 1091
f 1095 1092 1093
f 1092 1095 1094
f 1095 1093 1096
f 1094 1095 1097
f 1095 1096 1097
f 1096 1098 1097
f 1098 1099 1097
f 1097 1099 1100
f 1098 1101 1099
f 1099 1102 1100
f 1101 1103 1099
f 1099 1103 1102
f 1101 1104 1103
f 1103 1105 1102
f 1104 1106 1103
f 1103 1106 1105
f 1104 1107 1106
f 1106 1108 1105
f 1107 1109 1106
f 1106 1109 1108
f 1107 1110 1109
f 1109 1111 1108
f 1110 1112 1109
f 1109 1112 1111
f 1110 1113 1112
f 1112 1114 1111
f 1113 1115 1112
f 1112 1115 1114
f 1113 1116 1115
f 1116 1117 1115
f 1115 1118 1114
f 1115 1117 1118
f 1116 1119 1117
f 1117 1120 1118
f 1119 1121 1117
f 1117 1122 1120
f 1121 1123 1117
f 1117 1123 1122
f 1121 1124 1123
f 1123 1125 1122
f 1124 1126 1123
f 1123 1126 1125
f 1124 1127 1126
f 1127 1125 1126
f 1128 1127 1124
f 1127 1129 1125
f 1130 1127 1128
f 1127 1130 1129
f 1131 1130 1128
f 1130 1132 1129
f 1133 1130 1131
f 1130 1133 1132
f 1134 1133 1131
f 1133 1135 1132
f 1136 1133 1134
f 1133 1136 1135
f 1137 1136 1134
f 1136 1138 1135
f 1139 1136 1137
f 1136 1139 1138
f 1140 1139 1137
f 1139 1141 1138
f 1142 1139 1140
f 1139 1142 1141
f 1143 1142 1140
f 1142 1144 1141
f 1142 1143 1144
f 1145 1146 1147
f 1145 1147 1148
f 1149 1145 1148
f 1148 1147 1150
f 1151 1149 1148
f 1152 1148 1150
f 1151 1148 1152
f 1152 1150 1153
f 1154 1151 1152
f 1155 1152 1153
f 1154 1152 1155
f 1155 1153 1156
f 1157 1154 1155
f 1158 1155 1156
f 1157 1155 1158
f 1158 1156 1159
f 1160 1157 1158
f 1161 1158 1159
f 1160 1158 1161
f 1161 1159 1162
f 1163 1160 1161
f 1164 1161 1162
f 1163 1161 1164
f 1164 1162 1165
f 1166 1164 1165
f 1167 1163 1164
f 1167 1164 1166
f 1166 1165 1168
f 1169 1167 1166
f 1170 1166 1168
f 1171 1169 1166
f 1172 1166 1170
f 1171 1166 1172
f 1173 1172 1170
f 1174 1171 1172
f 1175 1172 1173
f 1175 1174 1172
f 1176 1175 1173
f 1175 1176 1174
f 1176 1173 1177
f 1176 1178 1174
f 1179 1176 1177
f 1176 1179 1178
f 1179 1177 1180
f 1179 1181 1178
f 1182 1179 1180
f 1179 1182 1181
f 1182 1180 1183
f 1182 1184 1181
f 1185 1182 1183
f 1182 1185 1184
f 1185 1183 1186
f 1185 1187 1184
f 1188 1185 1186
f 1185 1188 1187
f 1188 1186 1189
f 1188 1190 1187
f 1191 1188 1189
f 1188 1191 1190
f 1191 1189 1192
f 1190 1191 1193
f 1191 1192 1193
f 1192 1194 1193
f 1194 1195 1193
f 1193 1195 1196
f 1194 1197 1195
f 1195 1198 1196
f 1197 1199 1195
f 1195 1199 1198
f 1197 1200 1199
f 1199 1201 1198
f 1200 1202 1199
f 1199 1202 1201
f 1200 1203 1202
f 1202 1204 1201
f 1203 1205 1202
f 1202 1205 1204
f 1203 1206 1205
f 1205 1207 1204
f 1206 1208 1205
f 1205 1208 1207
f 1206 1209 1208
f 1208 1210 1207
f 1209 1211 1208
f 1208 1211 1210
f 1209 1212 1211
f 1212 1213 1211
f 1211 1214 1210
f 1211 1213 1214
f 1212 1215 1213
f 1213 1216 1214
f 1215 1217 1213
f 1213 1218 1216
f 1217 1219 1213
f 1213 1219 1218
f 1217 1220 1219
f 1219 1221 1218
f 1220 1222 1219
f 1219 1222 1221
f 1220 1223 1222
f 1223 1221 1222
f 1224 1223 1220
f 1223 1225 1221
f 1226 1223 1224
f 1223 1226 1225
f 1227 1226 1224
f 1226 1228 1225
f 1229 1226 1227
f 1226 1229 1228
f 1230 1229 1227
f 1229 1231 1228
f 1232 1229 1230
f 1229 1232 1231
f 1233 1232 1230
f 1232 1234 1231
f 1235 1232 1233
f 1232 1235 1234
f 1236 1235 1233
f 1235 1237 1234
f 1238 1235 1236
f 1235 1238 1237
f 1239 1238 1236
f 1238 1240 1237
f 1238 1239 1240
f 1241 1242 1243
f 1241 1243 1244
f 1245 1241 1244
f 1244 1243 1246
f 1247 1245 1244
f 1248 1244 1246
f 1247 1244 1248
f 1248 1246 1249
f 1250 1247 1248
f 1251 1248 1249
f 1250 1248 1251
f 1251 1249 1252
f 1253 1250 1251
f 1254 1251 1252
f 1253 1251 1254
f 1254 1252 1255
f 1256 1253 1254
f 1257 1254 1255
f 1256 1254 1257
f 1257 1255 1258
f 1259 1256 1257
f 1260 1257 1258
f 1259 1257 1260
f 1260 1258 1261
f 1262 1260 1261
f 1263 1259 1260
f 1263 1260 1262
f 1262 1261 1264
f 1265 1263 1262
f 1266 1262 1264
f 1267 1265 1262
f 1268 1262 1266
f 1267 1262 1268
f 1269 1268 1266
f 1270 1267 1268
f 1271 1268 1269
f 1271 1270 1268
f 1272 1271 1269
f 1271 1272 1270
f 1272 1269 1273
f 1272 1274 1270
f 1275 1272 1273
f 1272 1275 1274
f 1275 1273 1276
f 1275 1277 1274
f 1278 1275 1276
f 1275 1278 1277
f 1278 1276 1279
f 1278 1280 1277
f 1281 1278 1279
f 1278 1281 1280
f 1281 1279 1282
f 1281 1283 1280
f 1284 1281 1282
f 1281 1284 1283
f 1284 1282 1285
f 1284 1286 1283
f 1287 1284 1285
f 1284 1287 1286
f 1287 1285 1288
f 1286 1287 1289
f 1287 1288 1289
f 1288 1290 1289
f 1290 1291 1289
f 1289 1291 1292
f 1290 1293 1291
f 1291 1294 1292
f 1293 1295 1291
f 1291 1295 1294
f 1293 1296 1295
f 1295 1297 1294
f 1296 1298 1295
f 1295 1298 1297
f 1296 1299 1298
f 1298 1300 1297
f 1299 1301 1298
f 1298 1301 1300
f 1299 1302 1301
f 1301 1303 1300
f 1302 1304 1301
f 1301 1304 1303
f 1302 1305 1304
f 1304 1306 1303
f 1305 1307 1304
f 1304 1307 1306
f 1305 1308 1307
f 1308 1309 1307
f 1307 1310 1306
f 1307 1309 1310
f 1308 1311 1309
f 1309 1312 1310
f 1311 1313 1309
f 1309 1314 1312
f 1313 1315 1309
f 1309 1315 1314
f 1313 1316 1315
f 1315 1317 1314
f 1316 1318 1315
f 1315 1318 1317
f 1316 1319 1318
f 1319 1317 1318
f 1320 1319 1316
f 1319 1321 1317
f 1322 1319 1320
f 1319 1322 1321
f 1323 1322 1320
f 1322 1324 1321
f 1325 1322 1323
f 1322 1325 1324
f 1326 1325 1323
f 1325 1327 1324
f 1328 1325 1326
f 1325 1328 1327
f 1329 1328 1326
f 1328 1330 1327
f 1331 1328 1329
f 1328 1331 1330
f 1332 1331 1329
f 1331 1333 1330
f 1334 1331 1332
f 1331 1334 1333
f 1335 1334 1332
f 1334 1336 1333
f 1334 1335 1336
f 1337 1338 1339
f 1337 1339 1340
f 1341 1337 1340
f 1340 1339 1342
f 1343 1341 1340
f 1344 1340 1342
f 1343 1340 1344
f 1344 1342 1345
f 1346 1343 1344
f 1347 1344 1345
f 1346 1344 1347
f 1347 1345 1348
f 1349 1346 1347
f 1350 1347 1348
f 1349 1347 1350
f 1350 1348 1351
f 1352 1349 1350
f 1353 1350 1351
f 1352 1350 1353
f 1353 1351 1354
f 1355 1352 1353
f 1356 1353 1354
f 1355 1353 1356
f 1356 1354 1357
f 1358 1356 1357
f 1359 1355 1356
f 1359 1356 1358
f 1358 1357 1360
f 1361 1359 1358
f 1362 1358 1360
f 1363 1361 1358
f 1364 1358 1362
f 1363 1358 1364
f 1365 1364 1362
f 1366 1363 1364
f 1367 1364 1365
f 1367 1366 1364
f 1368 1367 1365
f 1367 1368 1366
f 1368 1365 1369
f 1368 1370 1366
f 1371 1368 1369
f 1368 1371 1370
f 1371 1369 1372
f 1371 1373 1370
f 1374 1371 1372
f 1371 1374 1373
f 1374 1372 1375
f 1374 1376 1373
f 1377 1374 1375
f 1374 1377 1376
f 1377 1375 1378
f 1377 1379 1376
f 1380 1377 1378
f 1377 1380 1379
f 1380 1378 1381
f 1380 1382 1379
f 1383 1380 1381
f 1380 1383 1382
f 1383 1381 1384
f 1382 1383 1385
f 1383 1384 1385
f 1384 1386 1385
f 1386 1387 1385
f 1385 1387 1388
f 1386 1389 1387
f 1387 1390 1388
f 1389 1391 1387
f 1387 1391 1390
f 1389 1392 1391
f 1391 1393 1390
f 1392 1394 1391
f 1391 1394 1393
f 1392 1395 1394
f 1394 1396 1393
f 1395 1397 1394
f 1394 1397 1396
f 1395 1398 1397
f 1397 1399 1396
f 1398 1400 1397
f 1397 1400 1399
f 1398 1401 1400
f 1400 1402 1399
f 1401 1403 1400
f 1400 1403 1402
f 1401 1404 1403
f 1404 1405 1403
f 1403 1406 1402
f 1403 1405 1406
f 1404 1407 1405
f 1405 1408 1406
f 1407 1409 1405
f 1405 1410 1408
f 1409 1411 1405
f 1405 1411 1410
f 1409 1412 1411
f 1411 1413 1410
f 1412 1414 1411
f 1411 1414 1413
f 1412 1415 1414
f 1415 1413 1414
f 1416 1415 1412
f 1415 1417 1413
f 1418 1415 1416
f 1415 1418 1417
f 1419 1418 1416
f 1418 1420 1417
f 1421 1418 1419
f 1418 1421 1420
f 1422 1421 1419
f 1421 1423 1420
f 1424 1421 1422
f 1421 1424 1423
f 1425 1424 1422
f 1424 1426 1423
f 1427 1424 1425
f 1424 1427 1426
f 1428 1427 1425
f 1427 1429 1426
f 1430 1427 1428
f 1427 1430 1429
f 1431 1430 1428
f 1430 1432 1429
f 1430 1431 1432
f 1433 1434 1435
f 1433 1435 1436
f 1437 1433 1436
f 1436 1435 1438
f 1439 1437 1436
f 1440 1436 1438
f 1439 1436 1440
f 1440 1438 1441
f 1442 1439 1440
f 1443 1440 1441
f 1442 1440 1443
f 1443 1441 1444
f 1445 1442 1443
f 1446 1443 1444
f 1445 1443 1446
f 1446 1444 1447
f 1448 1445 1446
f 1449 1446 1447
f 1448 1446 1449
f 1449 1447 1450
f 1451 1448 1449
f 1452 1449 1450
f 1451 1449 1452
f 1452 1450 1453
f 1454 1452 1453
f 1455 1451 1452
f 1455 1452 1454
f 1454 1453 1456
f 1457 1455 1454
f 1458 1454 1456
f 1459 1457 1454
f 1460 1454 1458
f 1459 1454 1460
f 1461 1460 1458
f 1462 1459 1460
f 1463 1460 1461
f 1463 1462 1460
f 1464 1463 1461
f 1463 1464 1462
f 1464 1461 1465
f 1464 1466 1462
f 1467 1464 1465
f 1464 1467 1466
f 1467 1465 1468
f 1467 1469 1466
f 1470 1467 1468
f 1467 1470 1469
f 1470 1468 1471
f 1470 1472 1469
f 1473 1470 1471
f 1470 1473 1472
f 1473 1471 1474
f 1473 1475 1472
f 1476 1473 1474
f 1473 1476 1475
f 1476 1474 1477
f 1476 1478 1475
f 1479 1476 1477
f 1476 1479 1478
f 1479 1477 1480
f 1478 1479 1481
f 1479 1480 1481
f 1480 1482 1481
f 1482 1483 1481
f 1481 1483 1484
f 1482 1485 1483
f 1483 1486 1484
f 1485 1487 1483
f 1483 1487 1486
f 1485 1488 1487
f 1487 1489 1486
f 1488 1490 1487
f 1487 1490 1489
f 1488 1491 1490
f 1490 1492 1489
f 1491 1493 1490
f 1490 1493 1492
f 1491 1494 1493
f 1493 1495 1492
f 1494 1496 1493
f 1493 1496 1495
f 1494 1497 1496
f 1496 1498 1495
f 1497 1499 1496
f 1496 1499 1498
f 1497 1500 1499
f 1500 1501 1499
f 1499 1502 1498
f 1499 1501 1502
f 1500 1503 1501
f 1501 1504 1502
f 1503 1505 1501
f 1501 1506 1504
f 1505 1507 1501
f 1501 1507 1506
f 1505 1508 1507
f 1507 1509 1506
f 1508 1510 1507
f 1507 1510 1509
f 1508 1511 1510
f 1511 1509 1510
f 1512 1511 1508
f 1511 1513 1509
f 1514 1511 1512
f 1511 1514 1513
f 1515 1514 1512
f 1514 1516 1513
f 1517 1514 1515
f 1514 1517 1516
f 1518 1517 1515
f 1517 1519 1516
f 1520 1517 1518
f 1517 1520 1519
f 1521 1520 1518
f 1520 1522 1519
f 1523 1520 1521
f 1520 1523 1522
f 1524 1523 1521
f 1523 1525 1522
f 1526 1523 1524
f 1523 1526 1525
f 1527 1526 1524
f 1526 1528 1525
f 1526 1527 1528
f 1529 1530 1531
f 1529 1531 1532
f 1533 1529 1532
f 1532 1531 1534
f 1532 1535 1533
f 1535 1532 1534
f 1535 1536 1533
f 1535 1534 1537
f 1535 1538 1536
f 1538 1535 1537
f 1538 1539 1536
f 1538 1537 1540
f 1538 1541 1539
f 1541 1538 1540
f 1541 1542 1539
f 1541 1540 1543
f 1541 1544 1542
f 1544 1541 1543
f 1544 1545 1542
f 1546 1544 1543
f 1544 1546 1545
f 1547 1546 1543
f 1546 1548 1545
f 1549 1546 1547
f 1546 1549 1548
f 1550 1549 1547
f 1549 1551 1548
f 1549 1550 1551
f 1548 1551 1552
f 1550 1553 1551
f 1551 1554 1552
f 1553 1554 1551
f 1552 1554 1555
f 1553 1556 1554
f 1556 1555 1554
f 1556 1553 1557
f 1558 1556 1557
f 1556 1559 1555
f 1556 1558 1559
f 1558 1557 1560
f 1558 1561 1559
f 1558 1560 1562
f 1558 1563 1561
f 1564 1558 1562
f 1558 1564 1563
f 1564 1562 1565
f 1564 1566 1563
f 1567 1564 1565
f 1564 1567 1566
f 1567 1568 1566
f 1567 1565 1569
f 1567 1570 1568
f 1571 1567 1569
f 1567 1571 1570
f 1571 1569 1572
f 1571 1573 1570
f 1574 1571 1572
f 1571 1574 1573
f 1574 1572 1575
f 1574 1576 1573
f 1577 1574 1575
f 1574 1577 1576
f 1577 1578 1576
f 1577 1575 1579
f 1577 1580 1578
f 1580 1577 1579
f 1580 1581 1578
f 1582 1580 1579
f 1580 1582 1581
f 1583 1582 1579
f 1582 1584 1581
f 1585 1582 1583
f 1582 1585 1584
f 1586 1585 1583
f 1585 1587 1584
f 1588 1585 1586
f 1585 1588 1587
f 1589 1588 1586
f 1588 1590 1587
f 1591 1588 1589
f 1588 1591 1590
f 1591 1592 1590
f 1593 1591 1589
f 1591 1594 1592
f 1594 1591 1593
f 1594 1595 1592
f 1596 1594 1593
f 1594 1596 1595
f 1596 1593 1597
f 1596 1598 1595
f 1599 1596 1597
f 1596 1599 1598
f 1599 1597 1600
f 1599 1601 1598
f 1602 1599 1600
f 1599 1602 1601
f 1602 1600 1603
f 1602 1604 1601
f 1605 1602 1603
f 1602 1605 1604
f 1605 1603 1606
f 1605 1607 1604
f 1608 1605 1606
f 1605 1608 1607
f 1608 1606 1609
f 1608 1610 1607
f 1611 1608 1609
f 1608 1611 1610
f 1611 1609 1612
f 1611 1613 1610
f 1611 1612 1614
f 1611 1615 1613
f 1615 1611 1614
f 1615 1616 1613
f 1615 1614 1617
f 1615 1618 1616
f 1619 1615 1617
f 1615 1619 1618
f 1619 1617 1620
f 1619 1621 1618
f 1622 1619 1620
f 1619 1622 1621
f 1622 1620 1623
f 1622 1624 1621
f 1625 1622 1623
f 1622 1625 1624
f 1625 1623 1626
f 1625 1627 1624
f 1628 1625 1626
f 1625 1628 1627
f 1629 1630 1631
f 1630 1632 1631
f 1630 1633 1632
f 1633 1630 1634
f 1635 1633 1634
f 1636 1635 1634
f 1636 1634 1637
f 1638 1636 1637
f 1638 1637 1639
f 1640 1638 1639
f 1640 1639 1641
f 1642 1640 1641
f 1643 1642 1641
f 1643 1641 1644
f 1645 1643 1644
f 1645 1644 1646
f 1645 1646 1647
f 1648 1645 1647
f 1648 1647 1649
f 1650 1648 1649
f 1650 1649 1651
f 1652 1650 1651
f 1652 1651 1653
f 1654 1652 1653
f 1654 1653 1655
f 1656 1654 1655
f 1656 1655 1657
f 1658 1656 1657
f 1658 1657 1659
f 1660 1658 1659
f 1660 1659 1661
f 1662 1660 1661
f 1662 1661 1663
f 1664 1662 1663
f 1664 1663 1665
f 1664 1665 1666
f 1667 1664 1666
f 1667 1666 1668
f 1669 1667 1668
f 1669 1668 1670
f 1671 1669 1670
f 1671 1670 1672
f 1673 1671 1672
f 1673 1672 1674
f 1675 1673 1674
f 1675 1674 1676
f 1677 1675 1676
f 1677 1676 1678
f 1679 1677 1678
f 1679 1678 1680
f 1681 1679 1680
f 1681 1680 1682
f 1683 1681 1682
f 1683 1682 1684
f 1683 1684 1685
f 1686 1683 1685
f 1686 1685 1687
f 1688 1686 1687
f 1689 1688 1687
f 1689 1687 1690
f 1691 1689 1690
f 1691 1690 1692
f 1693 1691 1692
f 1693 1692 1694
f 1695 1693 1694
f 1696 1695 1694
f 1696 1694 1697
f 1698 1696 1697
f 1699 1698 1697
f 1700 1699 1697
f 1698 1699 1701
f 1698 1701 1702
f 1703 1698 1702
f 1704 1703 1702
f 1703 1704 1705
f 1699 1706 1701
f 1703 1705 1707
f 1699 1708 1706
f 1708 1699 1709
f 1699 1710 1709
f 1699 1711 1710
f 1711 1712 1710
f 1713 1703 1707
f 1703 1713 1714
f 1703 1714 1715
f 1716 1703 1715
f 1716 1715 1717
f 1718 1703 1716
f 1718 1719 1703
f 1720 1718 1716
f 1721 1720 1716
f 1721 1716 1722
f 1723 1721 1722
f 1721 1723 1724
f 1721 1724 1725
f 1726 1721 1725
f 1721 1726 1727
f 1721 1727 1728
f 1632 1721 1728
f 1632 1728 1729
f 1631 1632 1729
f 1631 1729 1730
f 1731 1631 1730
f 1631 1731 1732
f 1631 1732 1733
f 1734 1631 1733
f 1734 1733 1735
f 1736 1737 1738
f 1739 1736 1738
f 1739 1738 1740
f 1741 1739 1740
f 1741 1740 1742
f 1743 1741 1742
f 1743 1742 1744
f 1745 1743 1744
f 1745 1744 1746
f 1747 1745 1746
f 1716 1747 1746
f 1722 1716 1746
f 1716 1748 1747
f 1748 1716 1749
f 1716 1750 1749
f 1716 1751 1750
f 1751 1716 1752
f 1716 1753 1752
f 1716 1754 1753
f 1754 1716 1755
f 1716 1717 1755
f 1717 1756 1755
f 1756 1757 1755
f 1756 1758 1757
f 1758 1759 1757
f 1758 1760 1759
f 1760 1761 1759
f 1760 1762 1761
f 1762 1763 1761
f 1762 1764 1763
f 1764 1765 1763
f 1766 1767 1768
f 1766 1768 1769
f 1770 1766 1769
f 1770 1769 1771
f 1772 1770 1771
f 1770 1772 1773
f 1770 1774 1766
f 1774 1775 1766
f 1774 1776 1775
f 1777 1774 1770
f 1777 1770 1778
f 1779 1777 1778
f 1774 1777 1780
f 1774 1780 1781
f 1777 1782 1780
f 1780 1783 1781
f 1784 1774 1781
f 1784 1781 1785
f 1777 1786 1782
f 1786 1787 1782
f 1783 1788 1781
f 1783 1789 1788
f 1780 1790 1783
f 1790 1791 1783
f 1790 1792 1791
f 1793 1780 1782
f 1793 1782 1794
f 1795 1793 1794
f 1780 1796 1790
f 1796 1797 1790
f 1796 1798 1797
f 1780 1793 1799
f 1793 1800 1799
f 1800 1801 1799
f 1780 1802 1796
f 1802 1803 1796
f 1802 1804 1803
f 1780 1799 1805
f 1802 1780 1805
f 1805 1799 1806
f 1807 1805 1806
f 1802 1805 1808
f 1809 1802 1808
f 1810 1811 1812
f 1813 1810 1812
f 1813 1812 1814
f 1815 1813 1814
f 1815 1814 1816
f 1817 1815 1816
f 1817 1816 1818
f 1819 1817 1818
f 1819 1818 1820
f 1821 1819 1820
f 1821 1820 1822
f 1823 1821 1822
f 1822 1824 1823
f 1824 1825 1823
f 1824 1826 1825
f 1826 1827 1825
f 1826 1828 1827
f 1828 1829 1827
f 1828 1830 1829
f 1830 1831 1829
f 1830 1832 1831
f 1832 1833 1831
f 1832 1834 1833
f 1834 1835 1833
f 1834 1836 1835
f 1836 1837 1835
f 1836 1838 1837
f 1838 1839 1837
f 1838 1840 1839
f 1840 1841 1839
f 1840 1842 1841
f 1842 1843 1841
f 1843 1844 1841
f 1843 1845 1844
f 1845 1846 1844
f 1845 1847 1846
f 1847 1848 1846
f 1847 1849 1848
f 1849 1850 1848
f 1849 1851 1850
f 1851 1852 1850
f 1851 1853 1852
f 1853 1854 1852
f 1853 1855 1854
f 1855 1856 1854
f 1855 1857 1856
f 1857 1858 1856
f 1857 1859 1858
f 1857 1860 1859
f 1860 1861 1859
f 1860 1862 1861
f 1862 1863 1861
f 1862 1864 1863
f 1864 1865 1863
f 1864 1866 1865
f 1866 1864 1867
f 1866 1868 1865
f 1866 1869 1868
f 1866 1870 1869
f 1870 1871 1869
f 1870 1872 1871
f 1873 1874 1875
f 1874 1876 1875
f 1876 1877 1875
f 1877 1878 1875
f 1879 1880 1878
f 1880 1879 1881
f 1880 1881 1882
f 1883 1880 1882
f 1883 1882 1884
f 1883 1884 1885
f 1880 1883 1886
f 1886 1883 1885
f 1886 1885 1887
f 1886 1887 1888
f 1889 1886 1888
f 1889 1888 1890
f 1891 1889 1890
f 1892 1893 1894
f 1893 1895 1894
f 1893 1896 1895
f 1896 1897 1895
f 1896 1898 1897
f 1898 1899 1897
f 1898 1900 1899
f 1900 1901 1899
f 1900 1902 1901
f 1902 1900 1903
f 1900 1904 1903
f 1904 1905 1906
f 1905 1907 1906
f 1905 1908 1907
f 1908 1905 1909
f 1905 1910 1909
f 1905 1911 1910
f 1911 1912 1910
f 1911 1913 1912
f 1913 1914 1912
f 1913 1915 1914
f 1916 1917 1918
f 1917 1919 1918
f 1917 1920 1919
f 1920 1921 1919
f 1920 1922 1921
f 1922 1923 1921
f 1922 1924 1923
f 1924 1922 1925
f 1922 1926 1925
f 1922 1927 1926
f 1927 1928 1929
f 1928 1930 1929
f 1928 1931 1930
f 1931 1928 1932
f 1928 1933 1932
f 1928 1934 1933
f 1934 1935 1933
f 1934 1936 1935
f 1936 1937 1935
f 1936 1938 1937
f 1939 1940 1941
f 1940 1942 1941
f 1942 1943 1941
f 1942 1944 1943
f 1944 1945 1943
f 1944 1946 1945
f 1947 1948 1949
f 1948 1950 1949
f 1948 1951 1950
f 1951 1952 1950
f 1951 1953 1952
f 1953 1951 1954
f 1951 1955 1954
f 1953 1954 1956
f 1951 1957 1955
f 1957 1951 1958
f 1951 1959 1958
f 1951 1960 1959
f 1960 1951 1961
f 1951 1962 1961
f 1951 1963 1962
f 1963 1964 1962
f 1963 1965 1964
f 1965 1963 1966
f 1963 1967 1966
f 1963 1968 1967
f 1968 1963 1969
f 1963 1970 1969
f 1963 1971 1970
f 1971 1963 1972
f 1972 1963 1973
f 1972 1973 1974
f 1963 1975 1973
f 1976 1972 1974
f 1976 1974 1977
f 1978 1976 1977
f 1978 1977 1979
f 1980 1978 1979
f 1980 1979 1981
f 1982 1980 1981
f 1982 1981 1983
f 1984 1982 1983
f 1984 1983 1985
f 1986 1984 1985
f 1986 1985 1987
f 1988 1986 1987
f 1988 1987 1989
f 1990 1988 1989
f 1989 1991 1990
f 1991 1992 1990
f 1991 1993 1992
f 1993 1991 1994
f 1993 1994 1995
f 1996 1993 1995
f 1996 1995 1997
f 1998 1996 1997
f 1998 1997 1999
f 2000 1998 1999
f 2000 1999 2001
f 2002 2000 2001
f 1953 2002 2001
f 2002 1953 1956
f 1953 2001 2003
f 2004 1953 2003
f 2004 2003 2005
f 2004 2005 2006
f 2005 2007 2006
f 2007 2008 2006
f 2007 2009 2008
f 2009 2010 2008
f 2009 2011 2010
f 2011 2012 2010
f 2013 2004 2006
f 2011 2014 2012
f 2014 2015 2012
f 2014 2016 2015
f 2016 2014 2017
f 2016 2017 2018
f 2019 2016 2018
f 2019 2018 2020
f 2021 2019 2020
f 2021 2020 2022
f 2023 2021 2022
f 2023 2022 2024
f 2025 2023 2024
f 2025 2024 2026
f 2027 2025 2026
f 2027 2026 2028
f 2029 2027 2028
f 2029 2028 2030
f 2031 2029 2030
f 2031 2030 2032
f 2033 2031 2032
f 2033 2032 2034
f 2035 2033 2034
f 2036 2035 2034
f 2036 2034 1975
f 1963 2036 1975
f 2035 2036 2037
f 2036 2038 2037
f 2036 2039 2038
f 2039 2036 2040
f 2036 2041 2040
f 2036 2042 2041
f 2042 2036 2043
f 2036 2044 2043
f 2036 2045 2044
f 2036 2046 2045
f 2046 2047 2045
f 2046 2048 2047
f 2048 2046 2049
f 2046 2050 2049
f 2046 2051 2050
f 2051 2046 2052
f 2046 2053 2052
f 2004 2053 2046
f 2004 2013 2053
f 2054 2004 2046
f 2054 2046 2055
f 2046 2056 2055
f 2056 2057 2055
f 2056 2058 2057
f 2059 2060 2061
f 2060 2062 2061
f 2062 2063 2061
f 2062 2064 2063
f 2064 2065 2063
f 2065 2066 2063
f 2066 2067 2063
f 2067 2068 2063
f 2068 2069 2063
f 2069 2070 2063
f 2070 2071 2063
f 2071 2072 2063
f 2072 2073 2063
f 2073 2074 2063
f 2074 2075 2063
f 2075 2061 2063
f 2075 2076 2061
f 2076 2077 2061
f 2078 2079 2080
f 2079 2081 2080
f 2079 2082 2081
f 2082 2079 2083
f 2079 2084 2083
f 2079 2085 2084
f 2083 2084 2086
f 2085 2087 2084
f 2086 2084 2087
f 2085 2088 2087
f 2086 2087 2089
f 2088 2089 2087
f 2090 2086 2089
f 2088 2091 2089
f 2090 2089 2092
f 2091 2092 2089
f 2093 2090 2092
f 2091 2094 2092
f 2095 2093 2092
f 2094 2096 2092
f 2095 2092 2096
f 2094 2097 2096
f 2098 2095 2096
f 2097 2099 2096
f 2098 2096 2099
f 2097 2100 2099
f 2101 2098 2099
f 2100 2102 2099
f 2101 2099 2102
f 2100 2103 2102
f 2104 2101 2102
f 2103 2105 2102
f 2104 2102 2105
f 2103 2106 2105
f 2107 2104 2105
f 2106 2108 2105
f 2108 2107 2105
f 2109 2110 2111
f 2112 2109 2111
f 2112 2111 2113
f 2112 2114 2109
f 2114 2112 2113
f 2114 2115 2109
f 2114 2113 2116
f 2114 2117 2115
f 2117 2114 2116
f 2117 2118 2115
f 2117 2116 2119
f 2117 2120 2118
f 2120 2117 2119
f 2120 2121 2118
f 2120 2119 2122
f 2121 2120 2122
f 2123 2124 2125
f 2124 2126 2125
f 2127 2128 2129
f 2127 2129 2130
f 2131 2127 2130
f 2131 2130 2132
f 2133 2131 2132
f 2131 2133 2134
f 2133 2135 2134
f 2136 2132 2130
f 2137 2136 2130
f 2132 2136 2138
f 2132 2138 2139
f 2140 2132 2139
f 2133 2132 2141
f 2142 2133 2141
f 2133 2142 2143
f 2133 2143 2144
f 2145 2133 2144
f 2133 2145 2135
f 2145 2144 2146
f 2147 2145 2146
f 2145 2148 2135
f 2135 2148 2149
f 2150 2135 2149
f 2145 2151 2148
f 2151 2152 2148
f 2151 2145 2153
f 2145 2154 2153
f 2145 2155 2154
f 2155 2145 2156
f 2157 2158 2159
f 2158 2160 2159
f 2158 2161 2160
f 2161 2162 2160
f 2161 2163 2162
f 2163 2161 2164
f 2161 2165 2164
f 2161 2166 2165
f 2166 2167 2165
f 2166 2168 2167
f 2168 2166 2169
f 2161 2170 2166
f 2170 2169 2166
f 2170 2171 2169
f 2171 2170 2172
f 2170 2173 2172
f 2170 2174 2173
f 2170 2175 2174
f 2175 2176 2174
f 2175 2177 2176
f 2178 2179 2180
f 2179 2181 2180
f 2179 2182 2181
f 2180 2181 2183
f 2182 2184 2181
f 2181 2184 2183
f 2182 2185 2184
f 2185 2186 2184
f 2183 2184 2187
f 2184 2186 2187
f 2187 2186 2188
f 2186 2189 2188
f 2185 2190 2186
f 2186 2191 2189
f 2190 2192 2186
f 2186 2192 2191
f 2190 2193 2192
f 2192 2194 2191
f 2193 2195 2192
f 2192 2195 2194
f 2193 2196 2195
f 2195 2197 2194
f 2196 2198 2195
f 2195 2198 2197
f 2196 2199 2198
f 2198 2200 2197
f 2199 2201 2198
f 2198 2201 2200
f 2201 2202 2200
f 2199 2203 2201
f 2201 2204 2202
f 2203 2205 2201
f 2204 2201 2205
f 2203 2206 2205
f 2204 2205 2207
f 2206 2207 2205
f 2208 2204 2207
f 2206 2209 2207
f 2207 2210 2208
f 2209 2210 2207
f 2210 2211 2208
f 2209 2212 2210
f 2210 2213 2211
f 2212 2213 2210
f 2213 2214 2211
f 2212 2215 2213
f 2213 2216 2214
f 2215 2216 2213
f 2216 2217 2214
f 2215 2218 2216
f 2216 2219 2217
f 2218 2219 2216
f 2219 2220 2217
f 2218 2221 2219
f 2219 2222 2220
f 2221 2223 2219
f 2222 2219 2223
f 2221 2224 2223
f 2224 2225 2223
f 2222 2223 2226
f 2225 2226 2223
f 2227 2222 2226
f 2225 2228 2226
f 2226 2229 2227
f 2228 2229 2226
f 2229 2230 2227
f 2228 2231 2229
f 2229 2232 2230
f 2231 2232 2229
f 2232 2233 2230
f 2231 2234 2232
f 2232 2235 2233
f 2234 2235 2232
f 2235 2236 2233
f 2234 2237 2235
f 2235 2238 2236
f 2237 2238 2235
f 2238 2239 2236
f 2237 2240 2238
f 2238 2241 2239
f 2240 2241 2238
f 2241 2242 2239
f 2240 2243 2241
f 2241 2244 2242
f 2243 2244 2241
f 2244 2245 2242
f 2243 2246 2244
f 2244 2247 2245
f 2246 2247 2244
f 2247 2248 2245
f 2246 2249 2247
f 2247 2250 2248
f 2249 2250 2247
f 2250 2251 2248
f 2249 2252 2250
f 2250 2253 2251
f 2252 2253 2250
f 2253 2254 2251
f 2252 2255 2253
f 2253 2256 2254
f 2255 2256 2253
f 2256 2257 2254
f 2255 2258 2256
f 2256 2259 2257
f 2258 2259 2256
f 2259 2260 2257
f 2258 2261 2259
f 2259 2262 2260
f 2261 2262 2259
f 2262 2263 2260
f 2261 2264 2262
f 2262 2265 2263
f 2264 2265 2262
f 2264 2266 2265
f 2265 2267 2263
f 2266 2268 2265
f 2265 2269 2267
f 2268 2269 2265
f 2269 2270 2267
f 2268 2271 2269
f 2269 2272 2270
f 2271 2272 2269
f 2272 2273 2270
f 2271 2274 2272
f 2272 2275 2273
f 2274 2275 2272
f 2275 2276 2273
f 2274 2277 2275
f 2275 2278 2276
f 2277 2278 2275
f 2278 2279 2276
f 2277 2280 2278
f 2278 2281 2279
f 2280 2281 2278
f 2281 2282 2279
f 2280 2283 2281
f 2281 2284 2282
f 2283 2284 2281
f 2284 2285 2282
f 2283 2286 2284
f 2284 2287 2285
f 2286 2287 2284
f 2287 2288 2285
f 2286 2289 2287
f 2287 2290 2288
f 2289 2290 2287
f 2290 2291 2288
f 2289 2292 2290
f 2290 2293 2291
f 2292 2293 2290
f 2293 2294 2291
f 2292 2295 2293
f 2293 2296 2294
f 2295 2296 2293
f 2296 2297 2294
f 2295 2298 2296
f 2296 2299 2297
f 2298 2299 2296
f 2299 2300 2297
f 2298 2301 2299
f 2299 2302 2300
f 2301 2302 2299
f 2302 2303 2300
f 2301 2304 2302
f 2302 2305 2303
f 2304 2305 2302
f 2305 2306 2303
f 2304 2307 2305
f 2305 2308 2306
f 2307 2308 2305
f 2308 2309 2306
f 2307 2310 2308
f 2308 2311 2309
f 2310 2311 2308
f 2311 2312 2309
f 2310 2313 2311
f 2311 2314 2312
f 2313 2314 2311
f 2313 2315 2314
f 2314 2316 2312
f 2315 2317 2314
f 2314 2318 2316
f 2317 2318 2314
f 2318 2319 2316
f 2317 2320 2318
f 2318 2321 2319
f 2320 2321 2318
f 2321 2322 2319
f 2320 2323 2321
f 2321 2324 2322
f 2323 2324 2321
f 2324 2325 2322
f 2323 2326 2324
f 2324 2327 2325
f 2326 2327 2324
f 2327 2328 2325
f 2326 2329 2327
f 2327 2330 2328
f 2329 2330 2327
f 2330 2331 2328
f 2329 2332 2330
f 2330 2333 2331
f 2332 2333 2330
f 2333 2334 2331
f 2332 2335 2333
f 2333 2336 2334
f 2335 2336 2333
f 2336 2337 2334
f 2335 2338 2336
f 2336 2339 2337
f 2338 2339 2336
f 2339 2340 2337
f 2338 2341 2339
f 2339 2342 2340
f 2341 2342 2339
f 2342 2343 2340
f 2341 2344 2342
f 2342 2345 2343
f 2344 2345 2342
f 2345 2346 2343
f 2344 2347 2345
f 2345 2348 2346
f 2347 2348 2345
f 2348 2349 2346
f 2347 2350 2348
f 2348 2351 2349
f 2350 2351 2348
f 2351 2352 2349
f 2350 2353 2351
f 2351 2354 2352
f 2353 2354 2351
f 2354 2355 2352
f 2353 2356 2354
f 2354 2357 2355
f 2356 2357 2354
f 2357 2358 2355
f 2356 2359 2357
f 2357 2360 2358
f 2359 2360 2357
f 2360 2361 2358
f 2359 2362 2360
f 2360 2363 2361
f 2362 2363 2360
f 2362 2364 2363
f 2363 2365 2361
f 2364 2366 2363
f 2363 2367 2365
f 2366 2367 2363
f 2367 2368 2365
f 2366 2369 2367
f 2367 2370 2368
f 2369 2370 2367
f 2370 2371 2368
f 2369 2372 2370
f 2370 2373 2371
f 2372 2373 2370
f 2373 2374 2371
f 2372 2375 2373
f 2373 2376 2374
f 2375 2376 2373
f 2376 2377 2374
f 2375 2378 2376
f 2376 2379 2377
f 2378 2379 2376
f 2379 2380 2377
f 2378 2381 2379
f 2379 2382 2380
f 2381 2382 2379
f 2382 2383 2380
f 2381 2384 2382
f 2382 2385 2383
f 2384 2385 2382
f 2385 2386 2383
f 2384 2387 2385
f 2385 2388 2386
f 2387 2388 2385
f 2388 2389 2386
f 2387 2390 2388
f 2388 2391 2389
f 2390 2391 2388
f 2391 2392 2389
f 2390 2393 2391
f 2391 2394 2392
f 2393 2394 2391
f 2394 2395 2392
f 2393 2396 2394
f 2394 2397 2395
f 2396 2397 2394
f 2397 2398 2395
f 2396 2399 2397
f 2397 2400 2398
f 2399 2400 2397
f 2400 2401 2398
f 2399 2402 2400
f 2400 2403 2401
f 2402 2403 2400
f 2403 2404 2401
f 2402 2405 2403
f 2403 2406 2404
f 2405 2406 2403
f 2406 2407 2404
f 2405 2408 2406
f 2406 2409 2407
f 2408 2409 2406
f 2409 2410 2407
f 2408 2411 2409
f 2409 2412 2410
f 2411 2412 2409
f 2411 2413 2412
f 2412 2414 2410
f 2413 2415 2412
f 2412 2416 2414
f 2415 2416 2412
f 2416 2417 2414
f 2415 2418 2416
f 2416 2419 2417
f 2418 2419 2416
f 2419 2420 2417
f 2418 2421 2419
f 2419 2422 2420
f 2421 2422 2419
f 2422 2423 2420
f 2421 2424 2422
f 2422 2425 2423
f 2424 2425 2422
f 2425 2426 2423
f 2424 2427 2425
f 2425 2428 2426
f 2427 2428 2425
f 2428 2429 2426
f 2427 2430 2428
f 2428 2431 2429
f 2430 2431 2428
f 2431 2432 2429
f 2430 2433 2431
f 2431 2434 2432
f 2433 2434 2431
f 2434 2435 2432
f 2433 2436 2434
f 2434 2437 2435
f 2436 2437 2434
f 2437 2438 2435
f 2436 2439 2437
f 2437 2440 2438
f 2439 2440 2437
f 2440 2441 2438
f 2439 2442 2440
f 2440 2443 2441
f 2442 2443 2440
f 2443 2444 2441
f 2442 2445 2443
f 2443 2446 2444
f 2445 2446 2443
f 2446 2447 2444
f 2445 2448 2446
f 2446 2449 2447
f 2448 2449 2446
f 2449 2450 2447
f 2448 2451 2449
f 2449 2452 2450
f 2451 2452 2449
f 2452 2453 2450
f 2451 2454 2452
f 2452 2455 2453
f 2454 2455 2452
f 2455 2456 2453
f 2454 2457 2455
f 2455 2458 2456
f 2457 2458 2455
f 2458 2459 2456
f 2457 2460 2458
f 2458 2461 2459
f 2460 2461 2458
f 2460 2462 2461
f 2461 2463 2459
f 2462 2464 2461
f 2461 2465 2463
f 2464 2465 2461
f 2465 2466 2463
f 2464 2467 2465
f 2465 2468 2466
f 2467 2468 2465
f 2468 2469 2466
f 2467 2470 2468
f 2468 2471 2469
f 2470 2471 2468
f 2471 2472 2469
f 2470 2473 2471
f 2471 2474 2472
f 2473 2474 2471
f 2474 2475 2472
f 2473 2476 2474
f 2474 2477 2475
f 2476 2477 2474
f 2477 2478 2475
f 2476 2479 2477
f 2477 2480 2478
f 2479 2480 2477
f 2480 2481 2478
f 2479 2482 2480
f 2480 2483 2481
f 2482 2483 2480
f 2483 2484 2481
f 2482 2485 2483
f 2483 2486 2484
f 2485 2486 2483
f 2486 2487 2484
f 2485 2488 2486
f 2486 2489 2487
f 2488 2489 2486
f 2489 2490 2487
f 2488 2491 2489
f 2489 2492 2490
f 2491 2492 2489
f 2492 2493 2490
f 2491 2494 2492
f 2492 2495 2493
f 2494 2495 2492
f 2495 2496 2493
f 2494 2497 2495
f 2495 2498 2496
f 2497 2498 2495
f 2498 2499 2496
f 2497 2500 2498
f 2498 2501 2499
f 2500 2501 2498
f 2501 2502 2499
f 2500 2503 2501
f 2501 2504 2502
f 2503 2504 2501
f 2504 2505 2502
f 2503 2506 2504
f 2504 2507 2505
f 2506 2507 2504
f 2507 2508 2505
f 2506 2509 2507
f 2507 2510 2508
f 2509 2510 2507
f 2509 2511 2510
f 2510 2512 2508
f 2511 2513 2510
f 2510 2514 2512
f 2513 2514 2510
f 2514 2515 2512
f 2513 2516 2514
f 2514 2517 2515
f 2516 2517 2514
f 2517 2518 2515
f 2516 2519 2517
f 2517 2520 2518
f 2519 2520 2517
f 2520 2521 2518
f 2519 2522 2520
f 2520 2523 2521
f 2522 2523 2520
f 2523 2524 2521
f 2522 2525 2523
f 2523 2526 2524
f 2525 2526 2523
f 2526 2527 2524
f 2525 2528 2526
f 2526 2529 2527
f 2528 2529 2526
f 2529 2530 2527
f 2528 2531 2529
f 2529 2532 2530
f 2531 2532 2529
f 2532 2533 2530
f 2531 2534 2532
f 2532 2535 2533
f 2534 2535 2532
f 2535 2536 2533
f 2534 2537 2535
f 2535 2538 2536
f 2537 2538 2535
f 2538 2539 2536
f 2537 2540 2538
f 2538 2541 2539
f 2540 2541 2538
f 2541 2542 2539
f 2540 2543 2541
f 2541 2544 2542
f 2543 2544 2541
f 2544 2545 2542
f 2543 2546 2544
f 2544 2547 2545
f 2546 2547 2544
f 2547 2548 2545
f 2546 2549 2547
f 2547 2550 2548
f 2549 2550 2547
f 2550 2551 2548
f 2549 2552 2550
f 2550 2553 2551
f 2552 2553 2550
f 2553 2554 2551
f 2552 2555 2553
f 2553 2556 2554
f 2555 2556 2553
f 2556 2557 2554
f 2555 2558 2556
f 2556 2559 2557
f 2558 2559 2556
f 2558 2560 2559
f 2559 2561 2557
f 2560 2562 2559
f 2559 2563 2561
f 2562 2563 2559
f 2563 2564 2561
f 2562 2565 2563
f 2563 2566 2564
f 2565 2566 2563
f 2566 2567 2564
f 2565 2568 2566
f 2566 2569 2567
f 2568 2569 2566
f 2569 2570 2567
f 2568 2571 2569
f 2569 2572 2570
f 2571 2572 2569
f 2572 2573 2570
f 2571 2574 2572
f 2572 2575 2573
f 2574 2575 2572
f 2575 2576 2573
f 2574 2577 2575
f 2575 2578 2576
f 2577 2578 2575
f 2578 2579 2576
f 2577 2580 2578
f 2578 2581 2579
f 2580 2581 2578
f 2581 2582 2579
f 2580 2583 2581
f 2581 2584 2582
f 2583 2584 2581
f 2584 2585 2582
f 2583 2586 2584
f 2584 2587 2585
f 2586 2587 2584
f 2587 2588 2585
f 2586 2589 2587
f 2587 2590 2588
f 2589 2590 2587
f 2590 2591 2588
f 2589 2592 2590
f 2590 2593 2591
f 2592 2593 2590
f 2593 2594 2591
f 2592 2595 2593
f 2593 2596 2594
f 2595 2596 2593
f 2596 2597 2594
f 2595 2598 2596
f 2596 2599 2597
f 2598 2599 2596
f 2599 2600 2597
f 2598 2601 2599
f 2599 2602 2600
f 2601 2602 2599
f 2602 2603 2600
f 2601 2604 2602
f 2602 2605 2603
f 2604 2605 2602
f 2605 2606 2603
f 2604 2607 2605
f 2605 2608 2606
f 2607 2608 2605
f 2607 2609 2608
f 2608 2610 2606
f 2609 2611 2608
f 2608 2612 2610
f 2611 2612 2608
f 2612 2613 2610
f 2611 2614 2612
f 2612 2615 2613
f 2614 2615 2612
f 2615 2616 2613
f 2614 2617 2615
f 2615 2618 2616
f 2617 2618 2615
f 2618 2619 2616
f 2617 2620 2618
f 2618 2621 2619
f 2620 2621 2618
f 2621 2622 2619
f 2620 2623 2621
f 2621 2624 2622
f 2623 2624 2621
f 2624 2625 2622
f 2623 2626 2624
f 2624 2627 2625
f 2626 2627 2624
f 2627 2628 2625
f 2626 2629 2627
f 2627 2630 2628
f 2629 2630 2627
f 2630 2631 2628
f 2629 2632 2630
f 2630 2633 2631
f 2632 2633 2630
f 2633 2634 2631
f 2632 2635 2633
f 2633 2636 2634
f 2635 2636 2633
f 2636 2637 2634
f 2635 2638 2636
f 2636 2639 2637
f 2638 2639 2636
f 2639 2640 2637
f 2638 2641 2639
f 2639 2642 2640
f 2641 2642 2639
f 2642 2643 2640
f 2641 2644 2642
f 2642 2645 2643
f 2644 2645 2642
f 2645 2646 2643
f 2644 2647 2645
f 2645 2648 2646
f 2647 2648 2645
f 2648 2649 2646
f 2647 2650 2648
f 2648 2651 2649
f 2650 2651 2648
f 2651 2652 2649
f 2650 2653 2651
f 2651 2654 2652
f 2653 2654 2651
f 2654 2655 2652
f 2653 2656 2654
f 2654 2657 2655
f 2656 2657 2654
f 2656 2658 2657
f 2657 2659 2655
f 2658 2660 2657
f 2657 2661 2659
f 2660 2661 2657
f 2661 2662 2659
f 2660 2663 2661
f 2661 2664 2662
f 2663 2664 2661
f 2664 2665 2662
f 2663 2666 2664
f 2664 2667 2665
f 2666 2667 2664
f 2667 2668 2665
f 2666 2669 2667
f 2669 2668 2667
f 2669 2670 2668
f 2671 2672 2673
f 2672 2674 2673
f 2672 2675 2674
f 2673 2674 2676
f 2675 2677 2674
f 2674 2677 2676
f 2675 2678 2677
f 2676 2677 2679
f 2678 2680 2677
f 2677 2680 2679
f 2678 2681 2680
f 2679 2680 2682
f 2681 2683 2680
f 2680 2684 2682
f 2683 2684 2680
f 2682 2684 2685
f 2683 2686 2684
f 2684 2687 2685
f 2686 2687 2684
f 2685 2687 2688
f 2686 2689 2687
f 2687 2690 2688
f 2689 2690 2687
f 2688 2690 2691
f 2689 2692 2690
f 2690 2693 2691
f 2692 2693 2690
f 2691 2693 2694
f 2692 2695 2693
f 2693 2696 2694
f 2695 2696 2693
f 2694 2696 2697
f 2695 2698 2696
f 2696 2699 2697
f 2698 2699 2696
f 2697 2699 2700
f 2698 2701 2699
f 2699 2702 2700
f 2701 2702 2699
f 2700 2702 2703
f 2701 2704 2702
f 2702 2705 2703
f 2704 2705 2702
f 2703 2705 2706
f 2704 2707 2705
f 2705 2708 2706
f 2707 2708 2705
f 2706 2708 2709
f 2707 2710 2708
f 2708 2711 2709
f 2710 2711 2708
f 2709 2711 2712
f 2710 2713 2711
f 2711 2714 2712
f 2713 2714 2711
f 2712 2714 2715
f 2713 2716 2714
f 2714 2717 2715
f 2716 2717 2714
f 2715 2717 2718
f 2716 2719 2717
f 2717 2720 2718
f 2719 2720 2717
f 2718 2720 2721
f 2719 2722 2720
f 2720 2723 2721
f 2722 2723 2720
f 2721 2723 2724
f 2722 2725 2723
f 2723 2726 2724
f 2725 2726 2723
f 2724 2726 2727
f 2725 2728 2726
f 2726 2729 2727
f 2728 2729 2726
f 2727 2729 2730
f 2728 2731 2729
f 2729 2732 2730
f 2731 2732 2729
f 2730 2732 2733
f 2731 2734 2732
f 2732 2735 2733
f 2734 2735 2732
f 2733 2735 2736
f 2734 2737 2735
f 2735 2738 2736
f 2737 2738 2735
f 2736 2738 2739
f 2737 2740 2738
f 2738 2741 2739
f 2740 2741 2738
f 2739 2741 2742
f 2740 2743 2741
f 2741 2744 2742
f 2743 2744 2741
f 2742 2744 2745
f 2743 2746 2744
f 2744 2747 2745
f 2746 2747 2744
f 2745 2747 2748
f 2746 2749 2747
f 2747 2750 2748
f 2749 2750 2747
f 2748 2750 2751
f 2749 2752 2750
f 2750 2753 2751
f 2752 2753 2750
f 2751 2753 2754
f 2752 2755 2753
f 2753 2756 2754
f 2755 2756 2753
f 2754 2756 2757
f 2755 2758 2756
f 2756 2759 2757
f 2758 2759 2756
f 2757 2759 2760
f 2758 2761 2759
f 2759 2762 2760
f 2761 2762 2759
f 2760 2762 2763
f 2761 2764 2762
f 2762 2765 2763
f 2764 2765 2762
f 2763 2765 2766
f 2764 2767 2765
f 2765 2768 2766
f 2767 2768 2765
f 2766 2768 2769
f 2767 2770 2768
f 2768 2771 2769
f 2770 2771 2768
f 2769 2771 2772
f 2770 2773 2771
f 2771 2774 2772
f 2773 2774 2771
f 2772 2774 2775
f 2773 2776 2774
f 2774 2777 2775
f 2776 2778 2774
f 2774 2778 2777
f 2776 2779 2778
f 2779 2780 2778
f 2778 2781 2777
f 2780 2781 2778
f 2777 2781 2782
f 2780 2783 2781
f 2781 2784 2782
f 2783 2784 2781
f 2782 2784 2785
f 2783 2786 2784
f 2784 2787 2785
f 2786 2787 2784
f 2785 2787 2788
f 2786 2789 2787
f 2787 2790 2788
f 2789 2790 2787
f 2788 2790 2791
f 2789 2792 2790
f 2790 2793 2791
f 2792 2793 2790
f 2791 2793 2794
f 2792 2795 2793
f 2793 2796 2794
f 2795 2796 2793
f 2794 2796 2797
f 2795 2798 2796
f 2796 2799 2797
f 2798 2799 2796
f 2797 2799 2800
f 2798 2801 2799
f 2799 2802 2800
f 2801 2802 2799
f 2800 2802 2803
f 2801 2804 2802
f 2802 2805 2803
f 2804 2805 2802
f 2803 2805 2806
f 2804 2807 2805
f 2805 2808 2806
f 2807 2808 2805
f 2806 2808 2809
f 2807 2810 2808
f 2808 2811 2809
f 2810 2811 2808
f 2809 2811 2812
f 2810 2813 2811
f 2811 2814 2812
f 2813 2814 2811
f 2812 2814 2815
f 2813 2816 2814
f 2814 2817 2815
f 2816 2817 2814
f 2815 2817 2818
f 2816 2819 2817
f 2817 2820 2818
f 2819 2820 2817
f 2818 2820 2821
f 2819 2822 2820
f 2820 2823 2821
f 2822 2823 2820
f 2821 2823 2824
f 2822 2825 2823
f 2823 2826 2824
f 2825 2826 2823
f 2824 2826 2827
f 2825 2828 2826
f 2826 2829 2827
f 2828 2829 2826
f 2827 2829 2830
f 2828 2831 2829
f 2829 2832 2830
f 2831 2832 2829
f 2830 2832 2833
f 2831 2834 2832
f 2832 2835 2833
f 2834 2835 2832
f 2833 2835 2836
f 2834 2837 2835
f 2835 2838 2836
f 2837 2838 2835
f 2836 2838 2839
f 2837 2840 2838
f 2838 2841 2839
f 2840 2841 2838
f 2839 2841 2842
f 2840 2843 2841
f 2841 2844 2842
f 2843 2844 2841
f 2842 2844 2845
f 2843 2846 2844
f 2844 2847 2845
f 2846 2847 2844
f 2845 2847 2848
f 2846 2849 2847
f 2847 2850 2848
f 2849 2850 2847
f 2848 2850 2851
f 2849 2852 2850
f 2850 2853 2851
f 2852 2853 2850
f 2851 2853 2854
f 2852 2855 2853
f 2853 2856 2854
f 2855 2856 2853
f 2854 2856 2857
f 2855 2858 2856
f 2856 2859 2857
f 2858 2859 2856
f 2857 2859 2860
f 2858 2861 2859
f 2859 2862 2860
f 2861 2862 2859
f 2860 2862 2863
f 2861 2864 2862
f 2862 2865 2863
f 2864 2865 2862
f 2863 2865 2866
f 2864 2867 2865
f 2865 2868 2866
f 2867 2868 2865
f 2866 2868 2869
f 2867 2870 2868
f 2868 2871 2869
f 2870 2871 2868
f 2869 2871 2872
f 2870 2873 2871
f 2871 2874 2872
f 2873 2874 2871
f 2872 2874 2875
f 2873 2876 2874
f 2874 2877 2875
f 2876 2877 2874
f 2875 2877 2878
f 2876 2879 2877
f 2877 2880 2878
f 2879 2880 2877
f 2878 2880 2881
f 2879 2882 2880
f 2880 2883 2881
f 2882 2883 2880
f 2881 2883 2884
f 2882 2885 2883
f 2883 2886 2884
f 2885 2886 2883
f 2884 2886 2887
f 2885 2888 2886
f 2886 2889 2887
f 2888 2889 2886
f 2887 2889 2890
f 2888 2891 2889
f 2889 2892 2890
f 2891 2892 2889
f 2890 2892 2893
f 2891 2894 2892
f 2892 2895 2893
f 2894 2895 2892
f 2893 2895 2896
f 2894 2897 2895
f 2895 2898 2896
f 2897 2898 2895
f 2896 2898 2899
f 2897 2900 2898
f 2898 2901 2899
f 2900 2901 2898
f 2899 2901 2902
f 2900 2903 2901
f 2901 2904 2902
f 2903 2904 2901
f 2902 2904 2905
f 2903 2906 2904
f 2904 2907 2905
f 2906 2907 2904
f 2905 2907 2908
f 2906 2909 2907
f 2907 2910 2908
f 2909 2910 2907
f 2908 2910 2911
f 2909 2912 2910
f 2910 2913 2911
f 2912 2913 2910
f 2911 2913 2914
f 2912 2915 2913
f 2913 2916 2914
f 2915 2916 2913
f 2914 2916 2917
f 2915 2918 2916
f 2916 2919 2917
f 2918 2919 2916
f 2917 2919 2920
f 2918 2921 2919
f 2919 2922 2920
f 2921 2922 2919
f 2920 2922 2923
f 2921 2924 2922
f 2922 2925 2923
f 2924 2925 2922
f 2924 2926 2925
f 2923 2925 2927
f 2926 2928 2925
f 2925 2929 2927
f 2928 2929 2925
f 2927 2929 2930
f 2928 2931 2929
f 2929 2932 2930
f 2931 2932 2929
f 2930 2932 2933
f 2931 2934 2932
f 2932 2935 2933
f 2934 2935 2932
f 2933 2935 2936
f 2934 2937 2935
f 2935 2938 2936
f 2937 2938 2935
f 2936 2938 2939
f 2937 2940 2938
f 2938 2941 2939
f 2940 2941 2938
f 2939 2941 2942
f 2940 2943 2941
f 2941 2944 2942
f 2943 2944 2941
f 2942 2944 2945
f 2943 2946 2944
f 2944 2947 2945
f 2946 2947 2944
f 2945 2947 2948
f 2946 2949 2947
f 2947 2950 2948
f 2949 2950 2947
f 2948 2950 2951
f 2949 2952 2950
f 2950 2953 2951
f 2952 2953 2950
f 2951 2953 2954
f 2952 2955 2953
f 2953 2956 2954
f 2955 2956 2953
f 2954 2956 2957
f 2955 2958 2956
f 2956 2959 2957
f 2958 2959 2956
f 2957 2959 2960
f 2958 2961 2959
f 2959 2962 2960
f 2961 2962 2959
f 2960 2962 2963
f 2961 2964 2962
f 2962 2965 2963
f 2964 2965 2962
f 2963 2965 2966
f 2964 2967 2965
f 2965 2968 2966
f 2967 2968 2965
f 2966 2968 2969
f 2967 2970 2968
f 2968 2971 2969
f 2970 2971 2968
f 2969 2971 2972
f 2970 2973 2971
f 2971 2974 2972
f 2973 2974 2971
f 2973 2975 2974
f 2972 2974 2976
f 2975 2977 2974
f 2974 2978 2976
f 2977 2978 2974
f 2976 2978 2979
f 2977 2980 2978
f 2978 2981 2979
f 2980 2981 2978
f 2979 2981 2982
f 2980 2983 2981
f 2981 2984 2982
f 2983 2984 2981
f 2982 2984 2985
f 2983 2986 2984
f 2984 2987 2985
f 2986 2987 2984
f 2985 2987 2988
f 2986 2989 2987
f 2987 2990 2988
f 2989 2990 2987
f 2988 2990 2991
f 2989 2992 2990
f 2990 2993 2991
f 2992 2993 2990
f 2991 2993 2994
f 2992 2995 2993
f 2993 2996 2994
f 2995 2996 2993
f 2994 2996 2997
f 2995 2998 2996
f 2996 2999 2997
f 2998 2999 2996
f 2997 2999 3000
f 2998 3001 2999
f 2999 3002 3000
f 3001 3002 2999
f 3000 3002 3003
f 3001 3004 3002
f 3002 3005 3003
f 3004 3005 3002
f 3003 3005 3006
f 3004 3007 3005
f 3005 3008 3006
f 3007 3008 3005
f 3006 3008 3009
f 3007 3010 3008
f 3008 3011 3009
f 3010 3011 3008
f 3009 3011 3012
f 3010 3013 3011
f 3011 3014 3012
f 3013 3014 3011
f 3012 3014 3015
f 3013 3016 3014
f 3014 3017 3015
f 3016 3017 3014
f 3015 3017 3018
f 3016 3019 3017
f 3017 3020 3018
f 3019 3020 3017
f 3018 3020 3021
f 3019 3022 3020
f 3020 3023 3021
f 3022 3023 3020
f 3022 3024 3023
f 3021 3023 3025
f 3024 3026 3023
f 3023 3027 3025
f 3026 3027 3023
f 3025 3027 3028
f 3026 3029 3027
f 3027 3030 3028
f 3029 3030 3027
f 3028 3030 3031
f 3029 3032 3030
f 3030 3033 3031
f 3032 3033 3030
f 3031 3033 3034
f 3032 3035 3033
f 3033 3036 3034
f 3035 3036 3033
f 3034 3036 3037
f 3035 3038 3036
f 3036 3039 3037
f 3038 3039 3036
f 3037 3039 3040
f 3038 3041 3039
f 3039 3042 3040
f 3041 3042 3039
f 3040 3042 3043
f 3041 3044 3042
f 3042 3045 3043
f 3044 3045 3042
f 3043 3045 3046
f 3044 3047 3045
f 3045 3048 3046
f 3047 3048 3045
f 3046 3048 3049
f 3047 3050 3048
f 3048 3051 3049
f 3050 3051 3048
f 3049 3051 3052
f 3050 3053 3051
f 3051 3054 3052
f 3053 3054 3051
f 3052 3054 3055
f 3053 3056 3054
f 3054 3057 3055
f 3056 3057 3054
f 3055 3057 3058
f 3056 3059 3057
f 3057 3060 3058
f 3059 3060 3057
f 3058 3060 3061
f 3059 3062 3060
f 3060 3063 3061
f 3062 3063 3060
f 3061 3063 3064
f 3062 3065 3063
f 3063 3066 3064
f 3065 3066 3063
f 3064 3066 3067
f 3065 3068 3066
f 3066 3069 3067
f 3068 3069 3066
f 3067 3069 3070
f 3068 3071 3069
f 3069 3072 3070
f 3071 3072 3069
f 3071 3073 3072
f 3070 3072 3074
f 3073 3075 3072
f 3072 3076 3074
f 3075 3076 3072
f 3074 3076 3077
f 3075 3078 3076
f 3076 3079 3077
f 3078 3079 3076
f 3077 3079 3080
f 3078 3081 3079
f 3079 3082 3080
f 3081 3082 3079
f 3080 3082 3083
f 3081 3084 3082
f 3082 3085 3083
f 3084 3085 3082
f 3083 3085 3086
f 3084 3087 3085
f 3085 3088 3086
f 3087 3088 3085
f 3086 3088 3089
f 3087 3090 3088
f 3088 3091 3089
f 3090 3091 3088
f 3089 3091 3092
f 3090 3093 3091
f 3091 3094 3092
f 3093 3094 3091
f 3092 3094 3095
f 3093 3096 3094
f 3094 3097 3095
f 3096 3097 3094
f 3095 3097 3098
f 3096 3099 3097
f 3097 3100 3098
f 3099 3100 3097
f 3098 3100 3101
f 3099 3102 3100
f 3100 3103 3101
f 3102 3103 3100
f 3101 3103 3104
f 3102 3105 3103
f 3103 3106 3104
f 3105 3106 3103
f 3104 3106 3107
f 3105 3108 3106
f 3106 3109 3107
f 3108 3109 3106
f 3107 3109 3110
f 3108 3111 3109
f 3109 3112 3110
f 3111 3112 3109
f 3111 3113 3112
f 3110 3112 3114
f 3113 3115 3112
f 3112 3116 3114
f 3115 3116 3112
f 3114 3116 3117
f 3115 3118 3116
f 3116 3119 3117
f 3118 3119 3116
f 3117 3119 3120
f 3118 3121 3119
f 3119 3122 3120
f 3121 3122 3119
f 3121 3123 3122
f 3120 3122 3124
f 3123 3125 3122
f 3122 3126 3124
f 3125 3126 3122
f 3125 3127 3126
f 3124 3126 3128
f 3127 3128 3126
f 3127 3129 3128
f 3129 3130 3128
f 3129 3131 3130
f 3131 3132 3130
f 3131 3133 3132
f 3133 3134 3132
f 3133 3135 3134
f 3135 3136 3134
f 3135 3137 3136
f 3137 3138 3136
f 3137 3139 3138
f 3139 3140 3138
f 3139 3141 3140
f 3141 3142 3140
f 3143 3144 3145
f 3144 3146 3145
f 3144 3147 3146
f 3147 3148 3146
f 3147 3149 3148
f 3149 3150 3148
f 3149 3151 3150
f 3151 3149 3152
f 3153 3154 3155
f 3156 3153 3155
f 3156 3155 3157
f 3158 3156 3157
f 3158 3157 3159
f 3157 3160 3159
f 3157 3155 3161
f 3155 3162 3161
f 3162 3163 3161
f 3157 3161 3164
f 3165 3157 3164
f 3165 3164 3166
f 3164 3161 3167
f 3164 3167 3168
f 3161 3169 3167
f 3167 3170 3168
f 3171 3164 3168
f 3171 3168 3172
f 3161 3173 3169
f 3173 3174 3169
f 3170 3175 3168
f 3170 3176 3175
f 3167 3177 3170
f 3177 3178 3170
f 3177 3179 3178
f 3180 3167 3169
f 3180 3169 3181
f 3182 3180 3181
f 3167 3183 3177
f 3183 3184 3177
f 3183 3185 3184
f 3167 3180 3186
f 3180 3187 3186
f 3187 3188 3186
f 3167 3189 3183
f 3189 3190 3183
f 3189 3191 3190
f 3167 3186 3192
f 3189 3167 3192
f 3192 3186 3193
f 3194 3192 3193
f 3189 3192 3195
f 3196 3189 3195
f 3197 3198 3199
f 3198 3200 3199
f 3198 3201 3200
f 3199 3200 3202
f 3201 3203 3200
f 3200 3204 3202
f 3202 3204 3205
f 3200 3206 3204
f 3206 3200 3207
f 3203 3208 3200
f 3203 3209 3208
f 3200 3208 3210
f 3200 3210 3207
f 3207 3210 3211
f 3212 3213 3214
f 3213 3215 3214
f 3213 3216 3215
f 3216 3217 3215
f 3218 3216 3213
f 3219 3218 3213
f 3218 3220 3216
f 3218 3219 3221
f 3220 3218 3222
f 3218 3221 3222
f 3223 3224 3225
f 3223 3225 3226
f 3227 3223 3226
f 3228 3226 3225
f 3227 3226 3229
f 3226 3228 3230
f 3226 3230 3229
f 3228 3231 3230
f 3229 3230 3232
f 3231 3233 3230
f 3230 3233 3232
f 3231 3234 3233
f 3232 3233 3235
f 3234 3236 3233
f 3233 3236 3235
f 3234 3237 3236
f 3235 3236 3238
f 3237 3239 3236
f 3236 3239 3238
f 3237 3240 3239
f 3238 3239 3241
f 3240 3242 3239
f 3239 3242 3241
f 3240 3243 3242
f 3243 3244 3242
f 3241 3242 3245
f 3242 3244 3245
f 3243 3246 3244
f 3245 3244 3247
f 3246 3248 3244
f 3244 3249 3247
f 3248 3250 3244
f 3244 3250 3249
f 3248 3251 3250
f 3250 3252 3249
f 3251 3253 3250
f 3250 3253 3252
f 3251 3254 3253
f 3254 3252 3253
f 3255 3254 3251
f 3254 3256 3252
f 3257 3254 3255
f 3254 3257 3256
f 3258 3257 3255
f 3257 3259 3256
f 3260 3257 3258
f 3257 3260 3259
f 3261 3260 3258
f 3260 3262 3259
f 3263 3260 3261
f 3260 3263 3262
f 3264 3263 3261
f 3263 3265 3262
f 3266 3263 3264
f 3263 3266 3265
f 3267 3266 3264
f 3266 3268 3265
f 3269 3266 3267
f 3266 3269 3268
f 3270 3269 3267
f 3269 3271 3268
f 3269 3270 3271
f 3272 3273 3274
f 3273 3275 3274
f 3273 3276 3275
f 3277 3274 3275
f 3276 3273 3278
f 3273 3279 3278
f 3273 3280 3279
f 3274 3277 3281
f 3282 3280 3273
f 3283 3282 3273
f 3282 3284 3280
f 3282 3283 3285
f 3284 3282 3286
f 3282 3285 3287
f 3282 3288 3286
f 3289 3282 3287
f 3282 3290 3288
f 3289 3291 3282
f 3291 3290 3282
f 3291 3292 3290
f 3293 3292 3291
f 3294 3293 3291
f 3295 3294 3291
f 3296 3295 3291
f 3296 3297 3295
f 3297 3298 3295
f 3297 3299 3298
f 3300 3299 3297
f 3301 3300 3297
f 3299 3300 3302
f 3299 3302 3303
f 3304 3299 3303
f 3304 3303 3305
f 3306 3304 3305
f 3307 3306 3305
f 3307 3305 3308
f 3309 3307 3308
f 3310 3309 3308
f 3310 3308 3311
f 3312 3310 3311
f 3313 3312 3311
f 3313 3311 3314
f 3315 3313 3314
f 3316 3315 3314
f 3316 3314 3317
f 3318 3316 3317
f 3319 3318 3317
f 3319 3317 3320
f 3321 3319 3320
f 3322 3321 3320
f 3322 3320 3323
f 3324 3322 3323
f 3325 3324 3323
f 3325 3323 3326
f 3281 3325 3326
f 3281 3326 3327
f 3328 3281 3327
f 3274 3281 3328
f 3329 3274 3328
f 3330 3331 3332
f 3331 3333 3332
f 3331 3334 3333
f 3334 3335 3333
f 3336 3334 3331
f 3337 3336 3331
f 3336 3338 3334
f 3336 3337 3339
f 3338 3336 3340
f 3336 3339 3340
f 3341 3342 3343
f 3341 3343 3344
f 3345 3341 3344
f 3346 3344 3343
f 3345 3344 3347
f 3344 3346 3348
f 3344 3348 3347
f 3346 3349 3348
f 3347 3348 3350
f 3349 3351 3348
f 3348 3351 3350
f 3349 3352 3351
f 3350 3351 3353
f 3352 3354 3351
f 3351 3354 3353
f 3352 3355 3354
f 3353 3354 3356
f 3355 3357 3354
f 3354 3357 3356
f 3355 3358 3357
f 3356 3357 3359
f 3358 3360 3357
f 3357 3360 3359
f 3358 3361 3360
f 3361 3362 3360
f 3359 3360 3363
f 3360 3362 3363
f 3361 3364 3362
f 3363 3362 3365
f 3364 3366 3362
f 3362 3367 3365
f 3366 3368 3362
f 3362 3368 3367
f 3366 3369 3368
f 3368 3370 3367
f 3369 3371 3368
f 3368 3371 3370
f 3369 3372 3371
f 3372 3370 3371
f 3373 3372 3369
f 3372 3374 3370
f 3375 3372 3373
f 3372 3375 3374
f 3376 3375 3373
f 3375 3377 3374
f 3378 3375 3376
f 3375 3378 3377
f 3379 3378 3376
f 3378 3380 3377
f 3381 3378 3379
f 3378 3381 3380
f 3382 3381 3379
f 3381 3383 3380
f 3384 3381 3382
f 3381 3384 3383
f 3385 3384 3382
f 3384 3386 3383
f 3387 3384 3385
f 3384 3387 3386
f 3388 3387 3385
f 3387 3389 3386
f 3387 3388 3389
f 3390 3391 3392
f 3391 3393 3392
f 3391 3394 3393
f 3395 3392 3393
f 3394 3391 3396
f 3391 3397 3396
f 3391 3398 3397
f 3392 3395 3399
f 3400 3398 3391
f 3401 3400 3391
f 3400 3402 3398
f 3400 3401 3403
f 3402 3400 3404
f 3400 3403 3405
f 3400 3406 3404
f 3407 3400 3405
f 3400 3408 3406
f 3407 3409 3400
f 3409 3408 3400
f 3409 3410 3408
f 3411 3410 3409
f 3412 3411 3409
f 3413 3412 3409
f 3414 3413 3409
f 3414 3415 3413
f 3415 3416 3413
f 3415 3417 3416
f 3418 3417 3415
f 3419 3418 3415
f 3417 3418 3420
f 3417 3420 3421
f 3422 3417 3421
f 3422 3421 3423
f 3424 3422 3423
f 3425 3424 3423
f 3425 3423 3426
f 3427 3425 3426
f 3428 3427 3426
f 3428 3426 3429
f 3430 3428 3429
f 3431 3430 3429
f 3431 3429 3432
f 3433 3431 3432
f 3434 3433 3432
f 3434 3432 3435
f 3436 3434 3435
f 3437 3436 3435
f 3437 3435 3438
f 3439 3437 3438
f 3440 3439 3438
f 3440 3438 3441
f 3442 3440 3441
f 3443 3442 3441
f 3443 3441 3444
f 3399 3443 3444
f 3399 3444 3445
f 3446 3399 3445
f 3392 3399 3446
f 3447 3392 3446
f 3448 3449 3450
f 3449 3451 3450
f 3449 3452 3451
f 3452 3453 3451
f 3454 3452 3449
f 3455 3454 3449
f 3454 3456 3452
f 3454 3455 3457
f 3456 3454 3458
f 3454 3457 3458
f 3459 3460 3461
f 3459 3461 3462
f 3463 3459 3462
f 3464 3462 3461
f 3463 3462 3465
f 3462 3464 3466
f 3462 3466 3465
f 3464 3467 3466
f 3465 3466 3468
f 3467 3469 3466
f 3466 3469 3468
f 3467 3470 3469
f 3468 3469 3471
f 3470 3472 3469
f 3469 3472 3471
f 3470 3473 3472
f 3471 3472 3474
f 3473 3475 3472
f 3472 3475 3474
f 3473 3476 3475
f 3474 3475 3477
f 3476 3478 3475
f 3475 3478 3477
f 3476 3479 3478
f 3479 3480 3478
f 3477 3478 3481
f 3478 3480 3481
f 3479 3482 3480
f 3481 3480 3483
f 3482 3484 3480
f 3480 3485 3483
f 3484 3486 3480
f 3480 3486 3485
f 3484 3487 3486
f 3486 3488 3485
f 3487 3489 3486
f 3486 3489 3488
f 3487 3490 3489
f 3490 3488 3489
f 3491 3490 3487
f 3490 3492 3488
f 3493 3490 3491
f 3490 3493 3492
f 3494 3493 3491
f 3493 3495 3492
f 3496 3493 3494
f 3493 3496 3495
f 3497 3496 3494
f 3496 3498 3495
f 3499 3496 3497
f 3496 3499 3498
f 3500 3499 3497
f 3499 3501 3498
f 3502 3499 3500
f 3499 3502 3501
f 3503 3502 3500
f 3502 3504 3501
f 3505 3502 3503
f 3502 3505 3504
f 3506 3505 3503
f 3505 3507 3504
f 3505 3506 3507
f 3508 3509 3510
f 3509 3511 3510
f 3509 3512 3511
f 3513 3510 3511
f 3512 3509 3514
f 3509 3515 3514
f 3509 3516 3515
f 3510 3513 3517
f 3518 3516 3509
f 3519 3518 3509
f 3518 3520 3516
f 3518 3519 3521
f 3520 3518 3522
f 3518 3521 3523
f 3518 3524 3522
f 3525 3518 3523
f 3518 3526 3524
f 3525 3527 3518
f 3527 3526 3518
f 3527 3528 3526
f 3529 3528 3527
f 3530 3529 3527
f 3531 3530 3527
f 3532 3531 3527
f 3532 3533 3531
f 3533 3534 3531
f 3533 3535 3534
f 3536 3535 3533
f 3537 3536 3533
f 3535 3536 3538
f 3535 3538 3539
f 3540 3535 3539
f 3540 3539 3541
f 3542 3540 3541
f 3543 3542 3541
f 3543 3541 3544
f 3545 3543 3544
f 3546 3545 3544
f 3546 3544 3547
f 3548 3546 3547
f 3549 3548 3547
f 3549 3547 3550
f 3551 3549 3550
f 3552 3551 3550
f 3552 3550 3553
f 3554 3552 3553
f 3555 3554 3553
f 3555 3553 3556
f 3557 3555 3556
f 3558 3557 3556
f 3558 3556 3559
f 3560 3558 3559
f 3561 3560 3559
f 3561 3559 3562
f 3517 3561 3562
f 3517 3562 3563
f 3564 3517 3563
f 3510 3517 3564
f 3565 3510 3564
f 3566 3567 3568
f 3566 3568 3569
f 3567 3566 3570
f 3570 3566 3569
f 3571 3572 3573
f 3571 3573 3574
f 3572 3571 3575
f 3575 3571 3574
f 3576 3577 3578
f 3576 3578 3579
f 3577 3576 3580
f 3580 3576 3579
f 3581 3582 3583
f 3581 3583 3584
f 3582 3581 3585
f 3585 3581 3584
f 3586 3587 3588
f 3586 3588 3589
f 3587 3586 3590
f 3590 3586 3589
f 3591 3592 3593
f 3591 3593 3594
f 3592 3591 3595
f 3595 3591 3594
f 3596 3597 3598
f 3596 3599 3597
f 3600 3596 3598
f 3600 3598 3601
f 3596 3602 3599
f 3602 3603 3599
f 3603 3602 3604
f 3602 3605 3604
f 3602 3596 3605
f 3596 3606 3605
f 3596 3600 3606
f 3600 3607 3606
f 3608 3600 3601
f 3600 3608 3607
f 3608 3601 3609
f 3608 3610 3607
f 3608 3609 3611
f 3608 3612 3610
f 3612 3608 3611
f 3612 3613 3610
f 3612 3611 3614
f 3612 3615 3613
f 3615 3612 3614
f 3615 3614 3616
f 3615 3617 3613
f 3615 3616 3618
f 3615 3619 3617
f 3619 3615 3618
f 3619 3620 3617
f 3619 3618 3621
f 3619 3622 3620
f 3622 3619 3621
f 3623 3624 3625
f 3624 3626 3625
f 3626 3624 3627
f 3624 3628 3627
f 3624 3629 3628
f 3630 3624 3623
f 3624 3630 3629
f 3630 3631 3629
f 3632 3630 3623
f 3630 3633 3631
f 3633 3630 3632
f 3633 3634 3631
f 3635 3633 3632
f 3633 3635 3634
f 3635 3636 3634
f 3635 3632 3637
f 3638 3635 3637
f 3635 3639 3636
f 3635 3638 3639
f 3638 3637 3640
f 3638 3641 3639
f 3642 3638 3640
f 3638 3643 3641
f 3644 3638 3642
f 3638 3644 3643
f 3645 3644 3642
f 3644 3646 3643
f 3647 3644 3645
f 3644 3647 3646
f 3648 3647 3645
f 3647 3649 3646
f 3647 3648 3649
f 3650 3651 3652
f 3650 3652 3653
f 3651 3650 3654
f 3654 3650 3653
f 3655 3656 3657
f 3655 3657 3658
f 3656 3655 3659
f 3659 3655 3658
f 3660 3661 3662
f 3661 3660 3663
f 3661 3664 3662
f 3661 3663 3665
f 3664 3661 3665
f 3666 3667 3668
f 3669 3666 3668
f 3666 3670 3667
f 3670 3666 3669
f 3671 3672 3673
f 3671 3673 3674
f 3672 3671 3675
f 3675 3671 3674
f 3676 3677 3678
f 3676 3678 3679
f 3677 3676 3680
f 3680 3676 3679
f 3681 3682 3683
f 3684 3681 3683
f 3681 3685 3682
f 3685 3681 3684
f 3686 3687 3688
f 3689 3686 3688
f 3686 3690 3687
f 3690 3686 3689
f 3691 3692 3693
f 3691 3693 3694
f 3692 3691 3695
f 3696 3691 3694
f 3691 3696 3695
f 3697 3698 3699
f 3698 3697 3700
f 3698 3701 3699
f 3698 3700 3702
f 3701 3698 3702
f 3703 3704 3705
f 3706 3703 3705
f 3703 3707 3704
f 3707 3703 3706
f 3708 3709 3710
f 3708 3710 3711
f 3709 3708 3712
f 3712 3708 3711
f 3713 3714 3715
f 3713 3715 3716
f 3714 3713 3717
f 3717 3713 3716
f 3718 3719 3720
f 3721 3718 3720
f 3718 3722 3719
f 3722 3718 3721
f 3723 3724 3725
f 3726 3723 3725
f 3723 3727 3724
f 3727 3723 3726
f 3728 3729 3730
f 3728 3730 3731
f 3729 3728 3732
f 3733 3728 3731
f 3728 3733 3732
f 3734 3735 3736
f 3735 3734 3737
f 3735 3738 3736
f 3735 3737 3739
f 3738 3735 3739
f 3740 3741 3742
f 3743 3740 3742
f 3740 3744 3741
f 3744 3740 3743
f 3745 3746 3747
f 3745 3747 3748
f 3746 3745 3749
f 3749 3745 3748
f 3750 3751 3752
f 3750 3752 3753
f 3751 3750 3754
f 3754 3750 3753
f 3755 3756 3757
f 3758 3755 3757
f 3755 3759 3756
f 3759 3755 3758
f 3760 3761 3762
f 3763 3760 3762
f 3760 3764 3761
f 3764 3760 3763
f 3765 3766 3767
f 3765 3767 3768
f 3766 3765 3769
f 3770 3765 3768
f 3765 3770 3769
f 3771 3772 3773
f 3772 3771 3774
f 3772 3775 3773
f 3772 3774 3776
f 3775 3772 3776
f 3777 3778 3779
f 3777 3779 3780
f 3778 3777 3781
f 3781 3777 3780
f 3782 3783 3784
f 3782 3784 3785
f 3783 3782 3786
f 3786 3782 3785
f 3787 3788 3789
f 3788 3787 3790
f 3788 3791 3789
f 3788 3790 3792
f 3791 3788 3793
f 3794 3788 3792
f 3788 3795 3793
f 3788 3794 3796
f 3788 3797 3795
f 3788 3796 3798
f 3797 3788 3798
f 3799 3800 3801
f 3799 3802 3800
f 3803 3799 3801
f 3799 3804 3802
f 3803 3801 3805
f 3804 3806 3802
f 3807 3803 3805
f 3804 3808 3806
f 3807 3805 3809
f 3808 3810 3806
f 3811 3807 3809
f 3808 3812 3810
f 3811 3809 3813
f 3812 3814 3810
f 3815 3811 3813
f 3812 3816 3814
f 3815 3813 3817
f 3816 3818 3814
f 3819 3815 3817
f 3816 3820 3818
f 3819 3817 3821
f 3820 3822 3818
f 3823 3819 3821
f 3820 3824 3822
f 3824 3825 3822
f 3824 3826 3825
f 3823 3821 3827
f 3828 3823 3827
f 3829 3828 3827
f 3829 3827 3830
f 3831 3829 3830
f 3831 3830 3832
f 3833 3831 3832
f 3833 3832 3834
f 3835 3833 3834
f 3835 3834 3836
f 3837 3835 3836
f 3837 3836 3838
f 3839 3837 3838
f 3839 3838 3840
f 3841 3839 3840
f 3841 3840 3842
f 3843 3841 3842
f 3843 3842 3844
f 3843 3844 3845
f 3846 3843 3845
f 3846 3845 3847
f 3848 3846 3847
f 3848 3847 3849
f 3850 3848 3849
f 3850 3849 3851
f 3852 3850 3851
f 3852 3851 3853
f 3854 3852 3853
f 3854 3853 3855
f 3856 3854 3855
f 3856 3855 3857
f 3858 3856 3857
f 3857 3859 3858
f 3859 3860 3858
f 3859 3861 3860
f 3861 3862 3860
f 3861 3826 3862
f 3826 3861 3825
f 3863 3864 3865
f 3863 3866 3864
f 3867 3863 3865
f 3863 3868 3866
f 3867 3865 3869
f 3868 3870 3866
f 3871 3867 3869
f 3868 3872 3870
f 3871 3869 3873
f 3872 3874 3870
f 3875 3871 3873
f 3872 3876 3874
f 3875 3873 3877
f 3876 3878 3874
f 3879 3875 3877
f 3876 3880 3878
f 3879 3877 3881
f 3880 3882 3878
f 3883 3879 3881
f 3880 3884 3882
f 3883 3881 3885
f 3884 3886 3882
f 3887 3883 3885
f 3884 3888 3886
f 3888 3889 3886
f 3888 3890 3889
f 3887 3885 3891
f 3892 3887 3891
f 3893 3892 3891
f 3893 3891 3894
f 3895 3893 3894
f 3895 3894 3896
f 3897 3895 3896
f 3897 3896 3898
f 3899 3897 3898
f 3899 3898 3900
f 3901 3899 3900
f 3901 3900 3902
f 3903 3901 3902
f 3903 3902 3904
f 3905 3903 3904
f 3905 3904 3906
f 3907 3905 3906
f 3907 3906 3908
f 3907 3908 3909
f 3910 3907 3909
f 3910 3909 3911
f 3912 3910 3911
f 3912 3911 3913
f 3914 3912 3913
f 3914 3913 3915
f 3916 3914 3915
f 3916 3915 3917
f 3918 3916 3917
f 3918 3917 3919
f 3920 3918 3919
f 3920 3919 3921
f 3922 3920 3921
f 3921 3923 3922
f 3923 3924 3922
f 3923 3925 3924
f 3925 3926 3924
f 3925 3890 3926
f 3890 3925 3889
f 3927 3928 3929
f 3927 3930 3928
f 3931 3927 3929
f 3927 3932 3930
f 3931 3929 3933
f 3932 3934 3930
f 3935 3931 3933
f 3932 3936 3934
f 3935 3933 3937
f 3936 3938 3934
f 3939 3935 3937
f 3936 3940 3938
f 3939 3937 3941
f 3940 3942 3938
f 3943 3939 3941
f 3940 3944 3942
f 3943 3941 3945
f 3944 3946 3942
f 3947 3943 3945
f 3944 3948 3946
f 3947 3945 3949
f 3948 3950 3946
f 3951 3947 3949
f 3948 3952 3950
f 3952 3953 3950
f 3952 3954 3953
f 3951 3949 3955
f 3956 3951 3955
f 3957 3956 3955
f 3957 3955 3958
f 3959 3957 3958
f 3959 3958 3960
f 3961 3959 3960
f 3961 3960 3962
f 3963 3961 3962
f 3963 3962 3964
f 3965 3963 3964
f 3965 3964 3966
f 3967 3965 3966
f 3967 3966 3968
f 3969 3967 3968
f 3969 3968 3970
f 3971 3969 3970
f 3971 3970 3972
f 3971 3972 3973
f 3974 3971 3973
f 3974 3973 3975
f 3976 3974 3975
f 3976 3975 3977
f 3978 3976 3977
f 3978 3977 3979
f 3980 3978 3979
f 3980 3979 3981
f 3982 3980 3981
f 3982 3981 3983
f 3984 3982 3983
f 3984 3983 3985
f 3986 3984 3985
f 3985 3987 3986
f 3987 3988 3986
f 3987 3989 3988
f 3989 3990 3988
f 3989 3954 3990
f 3954 3989 3953
f 3991 3992 3993
f 3991 3993 3994
f 3992 3991 3995
f 3995 3991 3994
f 3996 3997 3998
f 3996 3998 3999
f 3997 3996 4000
f 4000 3996 3999
f 4001 4002 4003
f 4001 4003 4004
f 4002 4001 4005
f 4005 4001 4004
f 4006 4007 4008
f 4006 4008 4009
f 4007 4006 4010
f 4010 4006 4009
f 4011 4012 4013
f 4014 4011 4013
f 4011 4014 4012
f 4015 4016 4017
f 4015 4017 4018
f 4016 4015 4019
f 4019 4015 4018
f 4020 4021 4022
f 4020 4022 4023
f 4021 4020 4024
f 4024 4020 4023
f 4025 4026 4027
f 4028 4025 4027
f 4025 4028 4026
f 4029 4030 4031
f 4029 4031 4032
f 4030 4029 4033
f 4033 4029 4032
f 4034 4035 4036
f 4034 4036 4037
f 4035 4034 4038
f 4038 4034 4037
f 4039 4040 4041
f 4042 4039 4041
f 4039 4042 4040
f 4043 4044 4045
f 4043 4045 4046
f 4044 4043 4047
f 4047 4043 4046
f 4048 4049 4050
f 4048 4050 4051
f 4049 4048 4052
f 4052 4048 4051
f 4053 4054 4055
f 4056 4053 4055
f 4053 4056 4054
f 4057 4058 4059
f 4057 4059 4060
f 4058 4057 4061
f 4061 4057 4060
f 4062 4063 4064
f 4062 4064 4065
f 4063 4062 4066
f 4066 4062 4065
f 4067 4068 4069
f 4070 4067 4069
f 4067 4070 4068
f 4071 4072 4073
f 4071 4073 4074
f 4072 4071 4075
f 4075 4071 4074
f 4076 4077 4078
f 4076 4078 4079
f 4077 4076 4080
f 4080 4076 4079
f 4081 4082 4083
f 4084 4081 4083
f 4081 4084 4082
f 4085 4086 4087
f 4085 4087 4088
f 4086 4085 4089
f 4089 4085 4088
f 4090 4091 4092
f 4090 4092 4093
f 4091 4090 4094
f 4094 4090 4093
f 4095 4096 4097
f 4095 4097 4098
f 4096 4095 4099
f 4099 4095 4098
f 4100 4101 4102
f 4100 4102 4103
f 4101 4100 4104
f 4104 4100 4103
f 4105 4106 4107
f 4108 4105 4107
f 4105 4108 4106
f 4109 4110 4111
f 4109 4111 4112
f 4110 4109 4113
f 4113 4109 4112
f 4114 4115 4116
f 4114 4116 4117
f 4115 4114 4118
f 4118 4114 4117
f 4119 4120 4121
f 4122 4119 4121
f 4119 4122 4120
f 4123 4124 4125
f 4123 4125 4126
f 4124 4123 4127
f 4127 4123 4126
f 4128 4129 4130
f 4128 4130 4131
f 4129 4128 4132
f 4132 4128 4131
f 4133 4134 4135
f 4136 4133 4135
f 4133 4136 4134
f 4137 4138 4139
f 4137 4139 4140
f 4138 4137 4141
f 4141 4137 4140
f 4142 4143 4144
f 4142 4144 4145
f 4143 4142 4146
f 4146 4142 4145
f 4147 4148 4149
f 4150 4147 4149
f 4147 4150 4148
f 4151 4152 4153
f 4151 4153 4154
f 4152 4151 4155
f 4155 4151 4154
f 4156 4157 4158
f 4156 4158 4159
f 4157 4156 4160
f 4160 4156 4159
f 4161 4162 4163
f 4164 4161 4163
f 4161 4164 4162
f 4165 4166 4167
f 4165 4167 4168
f 4166 4165 4169
f 4169 4165 4168
f 4170 4171 4172
f 4170 4172 4173
f 4171 4170 4174
f 4174 4170 4173
f 4175 4176 4177
f 4178 4175 4177
f 4175 4178 4176
f 4179 4180 4181
f 4179 4181 4182
f 4180 4179 4183
f 4183 4179 4182
f 4184 4185 4186
f 4184 4186 4187
f 4185 4184 4188
f 4188 4184 4187
f 4189 4190 4191
f 4192 4189 4191
f 4189 4192 4190
f 4193 4194 4195
f 4193 4195 4196
f 4194 4193 4197
f 4197 4193 4196
f 4198 4199 4200
f 4198 4200 4201
f 4199 4198 4202
f 4202 4198 4201
f 4203 4204 4205
f 4206 4203 4205
f 4203 4206 4204
f 4207 4208 4209
f 4207 4209 4210
f 4208 4207 4211
f 4211 4207 4210
f 4212 4213 4214
f 4212 4214 4215
f 4213 4212 4216
f 4216 4212 4215
f 4217 4218 4219
f 4220 4217 4219
f 4217 4220 4218
f 4221 4222 4223
f 4221 4223 4224
f 4222 4221 4225
f 4225 4221 4224
f 4226 4227 4228
f 4226 4228 4229
f 4227 4226 4230
f 4230 4226 4229
f 4231 4232 4233
f 4234 4231 4233
f 4231 4234 4232
f 4235 4236 4237
f 4235 4237 4238
f 4236 4235 4239
f 4239 4235 4238
f 4240 4241 4242
f 4240 4242 4243
f 4241 4240 4244
f 4244 4240 4243
f 4245 4246 4247
f 4248 4245 4247
f 4245 4248 4246
f 4249 4250 4251
f 4249 4251 4252
f 4250 4249 4253
f 4253 4249 4252
f 4254 4255 4256
f 4254 4256 4257
f 4255 4254 4258
f 4258 4254 4257
f 4259 4260 4261
f 4262 4259 4261
f 4259 4262 4260
f 4263 4264 4265
f 4263 4265 4266
f 4264 4263 4267
f 4267 4263 4266
f 4268 4269 4270
f 4268 4270 4271
f 4269 4268 4272
f 4272 4268 4271
f 4273 4274 4275
f 4276 4273 4275
f 4273 4276 4274
f 4277 4278 4279
f 4277 4279 4280
f 4278 4277 4281
f 4281 4277 4280
f 4282 4283 4284
f 4282 4284 4285
f 4283 4282 4286
f 4286 4282 4285
f 4287 4288 4289
f 4287 4289 4290
f 4288 4287 4291
f 4291 4287 4290
f 4292 4293 4294
f 4292 4294 4295
f 4293 4292 4296
f 4296 4292 4295
f 4297 4298 4299
f 4300 4297 4299
f 4297 4300 4298
f 4301 4302 4303
f 4301 4303 4304
f 4302 4301 4305
f 4305 4301 4304
f 4306 4307 4308
f 4306 4308 4309
f 4307 4306 4310
f 4310 4306 4309
f 4311 4312 4313
f 4314 4311 4313
f 4311 4314 4312
f 4315 4316 4317
f 4315 4317 4318
f 4316 4315 4319
f 4319 4315 4318
f 4320 4321 4322
f 4320 4322 4323
f 4321 4320 4324
f 4324 4320 4323
f 4325 4326 4327
f 4328 4325 4327
f 4325 4328 4326
f 4329 4330 4331
f 4329 4331 4332
f 4330 4329 4333
f 4333 4329 4332
f 4334 4335 4336
f 4334 4336 4337
f 4335 4334 4338
f 4338 4334 4337
f 4339 4340 4341
f 4342 4339 4341
f 4339 4342 4340
f 4343 4344 4345
f 4343 4345 4346
f 4344 4343 4347
f 4347 4343 4346
f 4348 4349 4350
f 4348 4350 4351
f 4349 4348 4352
f 4352 4348 4351
f 4353 4354 4355
f 4356 4353 4355
f 4353 4356 4354
f 4357 4358 4359
f 4357 4359 4360
f 4358 4357 4361
f 4361 4357 4360
f 4362 4363 4364
f 4362 4364 4365
f 4363 4362 4366
f 4366 4362 4365
f 4367 4368 4369
f 4370 4367 4369
f 4367 4370 4368
f 4371 4372 4373
f 4371 4373 4374
f 4372 4371 4375
f 4375 4371 4374
f 4376 4377 4378
f 4376 4378 4379
f 4377 4376 4380
f 4380 4376 4379
f 4381 4382 4383
f 4384 4381 4383
f 4381 4384 4382
f 4385 4386 4387
f 4388 4385 4387
f 4385 4388 4386
f 4389 4390 4391
f 4390 4389 4392
f 4390 4393 4391
f 4390 4392 4394
f 4393 4390 4394
f 4395 4396 4397
f 4395 4397 4398
f 4396 4395 4399
f 4399 4395 4398
f 4400 4401 4402
f 4400 4402 4403
f 4401 4400 4404
f 4404 4400 4403
f 4405 4406 4407
f 4405 4408 4406
f 4409 4405 4407
f 4405 4410 4408
f 4409 4407 4411
f 4410 4412 4408
f 4413 4409 4411
f 4410 4414 4412
f 4413 4411 4415
f 4414 4416 4412
f 4417 4413 4415
f 4414 4418 4416
f 4417 4415 4419
f 4418 4420 4416
f 4421 4417 4419
f 4418 4422 4420
f 4421 4419 4423
f 4422 4424 4420
f 4425 4421 4423
f 4422 4426 4424
f 4425 4423 4427
f 4426 4428 4424
f 4429 4425 4427
f 4426 4430 4428
f 4430 4431 4428
f 4430 4432 4431
f 4429 4427 4433
f 4434 4429 4433
f 4435 4434 4433
f 4435 4433 4436
f 4437 4435 4436
f 4437 4436 4438
f 4439 4437 4438
f 4439 4438 4440
f 4441 4439 4440
f 4441 4440 4442
f 4443 4441 4442
f 4443 4442 4444
f 4445 4443 4444
f 4445 4444 4446
f 4447 4445 4446
f 4447 4446 4448
f 4449 4447 4448
f 4449 4448 4450
f 4449 4450 4451
f 4452 4449 4451
f 4452 4451 4453
f 4454 4452 4453
f 4454 4453 4455
f 4456 4454 4455
f 4456 4455 4457
f 4458 4456 4457
f 4458 4457 4459
f 4460 4458 4459
f 4460 4459 4461
f 4462 4460 4461
f 4462 4461 4463
f 4464 4462 4463
f 4463 4465 4464
f 4465 4466 4464
f 4465 4467 4466
f 4467 4468 4466
f 4467 4432 4468
f 4432 4467 4431
f 4469 4470 4471
f 4469 4471 4472
f 4470 4469 4473
f 4474 4469 4472
f 4473 4469 4475
f 4469 4474 4476
f 4469 4477 4475
f 4469 4476 4478
f 4469 4479 4477
f 4479 4469 4478
f 4480 4481 4482
f 4480 4482 4483
f 4481 4480 4484
f 4484 4480 4483
f 4485 4486 4487
f 4485 4487 4488
f 4486 4485 4489
f 4489 4485 4488
f 4490 4491 4492
f 4493 4490 4492
f 4490 4494 4491
f 4494 4490 4493
f 4495 4496 4497
f 4495 4497 4498
f 4496 4495 4499
f 4499 4495 4498
f 4500 4501 4502
f 4503 4501 4500
f 4501 4504 4502
f 4504 4501 4505
f 4501 4506 4505
f 4501 4503 4506
f 4507 4503 4500
f 4503 4507 4508
f 4503 4508 4509
f 4503 4510 4506
f 4511 4503 4509
f 4503 4511 4510
f 4511 4509 4512
f 4513 4511 4512
f 4511 4514 4510
f 4511 4513 4514
f 4515 4510 4514
f 4513 4516 4514
f 4515 4514 4517
f 4516 4517 4514
f 4518 4515 4517
f 4516 4519 4517
f 4519 4518 4517
f 4520 4521 4522
f 4521 4520 4523
f 4521 4524 4522
f 4521 4523 4525
f 4524 4521 4525
f 4526 4527 4528
f 4526 4529 4527
f 4529 4526 4530
f 4526 4531 4530
f 4526 4532 4531
f 4532 4526 4528
f 4532 4533 4531
f 4534 4532 4528
f 4532 4534 4533
f 4535 4534 4528
f 4534 4536 4533
f 4537 4534 4535
f 4534 4537 4536
f 4538 4537 4535
f 4537 4539 4536
f 4540 4537 4538
f 4537 4540 4539
f 4541 4540 4538
f 4540 4542 4539
f 4543 4540 4541
f 4540 4543 4542
f 4544 4543 4541
f 4543 4545 4542
f 4546 4543 4544
f 4543 4546 4545
f 4547 4546 4544
f 4546 4548 4545
f 4549 4546 4547
f 4546 4549 4548
f 4550 4549 4547
f 4549 4551 4548
f 4549 4550 4551
f 4550 4552 4551
f 4550 4553 4552
f 4554 4548 4551
f 4554 4551 4552
f 4553 4555 4552
f 4556 4554 4552
f 4555 4557 4552
f 4558 4556 4552
f 4557 4559 4552
f 4559 4558 4552
f 4560 4561 4562
f 4563 4560 4562
f 4560 4564 4561
f 4560 4563 4565
f 4564 4560 4566
f 4560 4565 4566
f 4567 4568 4569
f 4567 4569 4570
f 4568 4567 4571
f 4571 4567 4570
f 4572 4573 4574
f 4572 4574 4575
f 4573 4572 4576
f 4576 4572 4575
f 4577 4578 4579
f 4577 4579 4580
f 4578 4577 4581
f 4581 4577 4580
f 4582 4583 4584
f 4582 4584 4585
f 4583 4582 4586
f 4587 4582 4585
f 4586 4582 4588
f 4582 4587 4589
f 4582 4590 4588
f 4582 4589 4591
f 4582 4592 4590
f 4592 4582 4591
f 4593 4594 4595
f 4593 4595 4596
f 4594 4593 4597
f 4597 4593 4596
f 4598 4599 4600
f 4598 4600 4601
f 4599 4598 4602
f 4603 4598 4601
f 4602 4598 4604
f 4598 4603 4605
f 4598 4606 4604
f 4598 4605 4607
f 4598 4608 4606
f 4609 4598 4607
f 4608 4598 4610
f 4598 4609 4611
f 4598 4612 4610
f 4598 4611 4613
f 4598 4614 4612
f 4615 4598 4613
f 4614 4598 4616
f 4598 4615 4617
f 4598 4618 4616
f 4598 4617 4619
f 4598 4620 4618
f 4621 4598 4619
f 4620 4598 4622
f 4598 4621 4623
f 4598 4624 4622
f 4598 4623 4625
f 4598 4626 4624
f 4627 4598 4625
f 4626 4598 4628
f 4598 4627 4629
f 4598 4630 4628
f 4598 4629 4631
f 4598 4632 4630
f 4633 4598 4631
f 4632 4598 4634
f 4598 4633 4635
f 4598 4636 4634
f 4598 4635 4637
f 4598 4638 4636
f 4638 4598 4637
