# ROS coordinates: X forward, Y left, Z up; units are metres.
o mesh
v 0.148492426 0.0530000031 0
v 0.148492426 0.0530000031 0.00500000035
v 0.149038315 0.0530500859 0.00500000035
v 0.149118036 0.0530659556 0.00250000018
v 0.149038315 0.0530500859 0
v 0.149596721 0.0532106347 0.00500000035
v 0.149596721 0.0532106347 0
v 0.149753988 0.0532781519 0.00250000018
v 0.150134057 0.05348902 0.00500000035
v 0.150134057 0.05348902 0
v 0.150348783 0.05364331 0.00250000018
v 0.150613755 0.0538786836 0.00500000035
v 0.150613755 0.0538786836 0
v 0.150849119 0.0541436635 0.00250000018
v 0.15100342 0.0543583743 0.00500000035
v 0.15100342 0.0543583743 0
v 0.151214287 0.0547384433 0.00250000018
v 0.151281789 0.05489572 0.00500000035
v 0.151281789 0.05489572 0
v 0.151426479 0.0553743951 0.00250000018
v 0.151442349 0.0554541126 0.00500000035
v 0.151492432 0.056 0.00250000018
v 0.151442349 0.0554541126 0
v 0.151492432 0.056 0.00500000035
v 0.151492432 0.056 0
v 0.151442349 0.0565458871 0.00500000035
v 0.151442349 0.0565458871 0
v 0.151426479 0.05662561 0.00250000018
v 0.151281789 0.0571042858 0.00500000035
v 0.151281789 0.0571042858 0
v 0.151281789 0.0571042858 0.00250000018
v 0.151050314 0.05756756 0.00250000018
v 0.15100342 0.0576416329 0.00500000035
v 0.15100342 0.0576416329 0
v 0.150735453 0.0579921976 0.00250000018
v 0.150613755 0.0581213236 0.00500000035
v 0.150613755 0.0581213236 0
v 0.150348783 0.05835669 0.00250000018
v 0.150134057 0.05851099 0.00500000035
v 0.150134057 0.05851099 0
v 0.149908692 0.0586446524 0.00250000018
v 0.149596721 0.058789365 0.00500000035
v 0.149596721 0.058789365 0
v 0.14943774 0.058847174 0.00250000018
v 0.149038315 0.0589499176 0.00500000035
v 0.149038315 0.0589499176 0
v 0.148958877 0.0589635223 0.00250000018
v 0.148492426 0.059 0.00500000035
v 0.148492426 0.059 0
v 0.147946537 0.0589499176 0.00500000035
v 0.14786683 0.0589340478 0.00250000018
v 0.147946537 0.0589499176 0
v 0.147388145 0.058789365 0.00500000035
v 0.147388145 0.058789365 0
v 0.147230864 0.0587218478 0.00250000018
v 0.146850809 0.05851099 0.00500000035
v 0.146850809 0.05851099 0
v 0.1466361 0.05835669 0.00250000018
v 0.146371111 0.0581213236 0.00500000035
v 0.146371111 0.0581213236 0
v 0.146135733 0.0578563437 0.00250000018
v 0.145981446 0.0576416329 0.00500000035
v 0.145981446 0.0576416329 0
v 0.14577058 0.0572615638 0.00250000018
v 0.145703062 0.0571042858 0.00500000035
v 0.145703062 0.0571042858 0
v 0.145558387 0.05662561 0.00250000018
v 0.1455425 0.0565458871 0.00500000035
v 0.14549242 0.056 0.00250000018
v 0.1455425 0.0565458871 0
v 0.14549242 0.056 0.00500000035
v 0.14549242 0.056 0
v 0.1455425 0.0554541126 0.00500000035
v 0.1455425 0.0554541126 0
v 0.145558387 0.0553743951 0.00250000018
v 0.145703062 0.05489572 0.00500000035
v 0.145703062 0.05489572 0
v 0.145703062 0.05489572 0.00250000018
v 0.145934537 0.05443245 0.00250000018
v 0.145981446 0.0543583743 0.00500000035
v 0.145981446 0.0543583743 0
v 0.1462494 0.05400781 0.00250000018
v 0.146371111 0.0538786836 0.00500000035
v 0.146371111 0.0538786836 0
v 0.1466361 0.05364331 0.00250000018
v 0.146850809 0.05348902 0.00500000035
v 0.146850809 0.05348902 0
v 0.14707616 0.0533553548 0.00250000018
v 0.147388145 0.0532106347 0.00500000035
v 0.147388145 0.0532106347 0
v 0.147547111 0.05315283 0.00250000018
v 0.147946537 0.0530500859 0.00500000035
v 0.147946537 0.0530500859 0
v 0.14802599 0.05303649 0.00250000018
v 0.148492426 0.0530000031 0.00500000035
v 0.148492426 0.0530000031 0
v 0.148492426 -0.059 0
v 0.148492426 -0.059 0.00500000035
v 0.149038315 -0.0589499176 0.00500000035
v 0.149118036 -0.0589340478 0.00250000018
v 0.149038315 -0.0589499176 0
v 0.149596721 -0.058789365 0.00500000035
v 0.149596721 -0.058789365 0
v 0.149753988 -0.0587218478 0.00250000018
v 0.150134057 -0.05851099 0.00500000035
v 0.150134057 -0.05851099 0
v 0.150348783 -0.05835669 0.00250000018
v 0.150613755 -0.0581213236 0.00500000035
v 0.150613755 -0.0581213236 0
v 0.150849119 -0.0578563437 0.00250000018
v 0.15100342 -0.0576416329 0.00500000035
v 0.15100342 -0.0576416329 0
v 0.151214287 -0.0572615638 0.00250000018
v 0.151281789 -0.0571042858 0.00500000035
v 0.151281789 -0.0571042858 0
v 0.151426479 -0.05662561 0.00250000018
v 0.151442349 -0.0565458871 0.00500000035
v 0.151492432 -0.056 0.00250000018
v 0.151442349 -0.0565458871 0
v 0.151492432 -0.056 0.00500000035
v 0.151492432 -0.056 0
v 0.151442349 -0.0554541126 0.00500000035
v 0.151442349 -0.0554541126 0
v 0.151426479 -0.0553743951 0.00250000018
v 0.151281789 -0.05489572 0.00500000035
v 0.151281789 -0.05489572 0
v 0.151281789 -0.05489572 0.00250000018
v 0.151050314 -0.05443245 0.00250000018
v 0.15100342 -0.0543583743 0.00500000035
v 0.15100342 -0.0543583743 0
v 0.150735453 -0.05400781 0.00250000018
v 0.150613755 -0.0538786836 0.00500000035
v 0.150613755 -0.0538786836 0
v 0.150348783 -0.05364331 0.00250000018
v 0.150134057 -0.05348902 0.00500000035
v 0.150134057 -0.05348902 0
v 0.149908692 -0.0533553548 0.00250000018
v 0.149596721 -0.0532106347 0.00500000035
v 0.149596721 -0.0532106347 0
v 0.14943774 -0.05315283 0.00250000018
v 0.149038315 -0.0530500859 0.00500000035
v 0.149038315 -0.0530500859 0
v 0.148958877 -0.05303649 0.00250000018
v 0.148492426 -0.0530000031 0.00500000035
v 0.148492426 -0.0530000031 0
v 0.147946537 -0.0530500859 0.00500000035
v 0.14786683 -0.0530659556 0.00250000018
v 0.147946537 -0.0530500859 0
v 0.147388145 -0.0532106347 0.00500000035
v 0.147388145 -0.0532106347 0
v 0.147230864 -0.0532781519 0.00250000018
v 0.146850809 -0.05348902 0.00500000035
v 0.146850809 -0.05348902 0
v 0.1466361 -0.05364331 0.00250000018
v 0.146371111 -0.0538786836 0.00500000035
v 0.146371111 -0.0538786836 0
v 0.146135733 -0.0541436635 0.00250000018
v 0.145981446 -0.0543583743 0.00500000035
v 0.145981446 -0.0543583743 0
v 0.14577058 -0.0547384433 0.00250000018
v 0.145703062 -0.05489572 0.00500000035
v 0.145703062 -0.05489572 0
v 0.145558387 -0.0553743951 0.00250000018
v 0.1455425 -0.0554541126 0.00500000035
v 0.14549242 -0.056 0.00250000018
v 0.1455425 -0.0554541126 0
v 0.14549242 -0.056 0.00500000035
v 0.14549242 -0.056 0
v 0.1455425 -0.0565458871 0.00500000035
v 0.1455425 -0.0565458871 0
v 0.145558387 -0.05662561 0.00250000018
v 0.145703062 -0.0571042858 0.00500000035
v 0.145703062 -0.0571042858 0
v 0.145703062 -0.0571042858 0.00250000018
v 0.145934537 -0.05756756 0.00250000018
v 0.145981446 -0.0576416329 0.00500000035
v 0.145981446 -0.0576416329 0
v 0.1462494 -0.0579921976 0.00250000018
v 0.146371111 -0.0581213236 0.00500000035
v 0.146371111 -0.0581213236 0
v 0.1466361 -0.05835669 0.00250000018
v 0.146850809 -0.05851099 0.00500000035
v 0.146850809 -0.05851099 0
v 0.14707616 -0.0586446524 0.00250000018
v 0.147388145 -0.058789365 0.00500000035
v 0.147388145 -0.058789365 0
v 0.147547111 -0.058847174 0.00250000018
v 0.147946537 -0.0589499176 0.00500000035
v 0.147946537 -0.0589499176 0
v 0.14802599 -0.0589635223 0.00250000018
v 0.148492426 -0.059 0.00500000035
v 0.148492426 -0.059 0
v 0.159099028 -0.0443119481 0.00500000035
v 0.159099028 -0.0443119481 0
v 0.159399271 -0.0443394855 0
v 0.15944311 -0.0443482175 0.00250000018
v 0.159399271 -0.0443394855 0.00500000035
v 0.1597064 -0.0444277935 0
v 0.1597064 -0.0444277935 0.00500000035
v 0.159792885 -0.0444649234 0.00250000018
v 0.160001934 -0.0445809 0
v 0.160001934 -0.0445809 0.00500000035
v 0.16012001 -0.044665765 0.00250000018
v 0.160265744 -0.0447952151 0
v 0.160265744 -0.0447952151 0.00500000035
v 0.1603952 -0.0449409559 0.00250000018
v 0.160480067 -0.0450590476 0
v 0.160480067 -0.0450590476 0.00500000035
v 0.160596058 -0.0452680849 0.00250000018
v 0.160633191 -0.04535459 0
v 0.160633191 -0.04535459 0.00500000035
v 0.160712764 -0.04561786 0.00250000018
v 0.160721481 -0.0456617028 0
v 0.160749048 -0.0459619462 0.00250000018
v 0.160721481 -0.0456617028 0.00500000035
v 0.160749048 -0.0459619462 0
v 0.160749048 -0.0459619462 0.00500000035
v 0.160721481 -0.0462621823 0
v 0.160721481 -0.0462621823 0.00500000035
v 0.160712764 -0.0463060252 0.00250000018
v 0.160633191 -0.0465692952 0
v 0.160633191 -0.0465692952 0.00500000035
v 0.160633191 -0.0465692952 0.00250000018
v 0.160505891 -0.0468240976 0.00250000018
v 0.160480067 -0.04686484 0
v 0.160480067 -0.04686484 0.00500000035
v 0.16033271 -0.0470576473 0.00250000018
v 0.160265744 -0.04712867 0
v 0.160265744 -0.04712867 0.00500000035
v 0.16012001 -0.04725812 0.00250000018
v 0.160001934 -0.0473429859 0
v 0.160001934 -0.0473429859 0.00500000035
v 0.159877986 -0.0474165 0.00250000018
v 0.1597064 -0.04749609 0
v 0.1597064 -0.04749609 0.00500000035
v 0.159618974 -0.0475278869 0.00250000018
v 0.159399271 -0.0475844 0
v 0.159399271 -0.0475844 0.00500000035
v 0.159355581 -0.04759188 0.00250000018
v 0.159099028 -0.0476119444 0
v 0.159099028 -0.0476119444 0.00500000035
v 0.158798814 -0.0475844 0
v 0.158754945 -0.0475756675 0.00250000018
v 0.158798814 -0.0475844 0.00500000035
v 0.158491671 -0.04749609 0
v 0.158491671 -0.04749609 0.00500000035
v 0.15840517 -0.04745896 0.00250000018
v 0.158196121 -0.0473429859 0
v 0.158196121 -0.0473429859 0.00500000035
v 0.15807806 -0.04725812 0.00250000018
v 0.157932311 -0.04712867 0
v 0.157932311 -0.04712867 0.00500000035
v 0.15780285 -0.04698293 0.00250000018
v 0.157717988 -0.04686484 0
v 0.157717988 -0.04686484 0.00500000035
v 0.157602012 -0.0466558 0.00250000018
v 0.157564878 -0.0465692952 0
v 0.157564878 -0.0465692952 0.00500000035
v 0.1574853 -0.0463060252 0.00250000018
v 0.157476574 -0.0462621823 0
v 0.157449037 -0.0459619462 0.00250000018
v 0.157476574 -0.0462621823 0.00500000035
v 0.157449037 -0.0459619462 0
v 0.157449037 -0.0459619462 0.00500000035
v 0.157476574 -0.0456617028 0
v 0.157476574 -0.0456617028 0.00500000035
v 0.1574853 -0.04561786 0.00250000018
v 0.157564878 -0.04535459 0
v 0.157564878 -0.04535459 0.00500000035
v 0.157564878 -0.04535459 0.00250000018
v 0.1576922 -0.0450997874 0.00250000018
v 0.157717988 -0.0450590476 0
v 0.157717988 -0.0450590476 0.00500000035
v 0.15786536 -0.0448662378 0.00250000018
v 0.157932311 -0.0447952151 0
v 0.157932311 -0.0447952151 0.00500000035
v 0.15807806 -0.044665765 0.00250000018
v 0.158196121 -0.0445809 0
v 0.158196121 -0.0445809 0.00500000035
v 0.158320084 -0.0445073843 0.00250000018
v 0.158491671 -0.0444277935 0
v 0.158491671 -0.0444277935 0.00500000035
v 0.158579111 -0.0443959981 0.00250000018
v 0.158798814 -0.0443394855 0
v 0.158798814 -0.0443394855 0.00500000035
v 0.158842489 -0.0443320125 0.00250000018
v 0.159099028 -0.0443119481 0
v 0.159099028 -0.0443119481 0.00500000035
v 0.13849242 0.0682185441 0.00500000035
v 0.13849242 0.0682185441 0
v 0.138792679 0.068191 0
v 0.138836518 0.06818227 0.00250000018
v 0.138792679 0.068191 0.00500000035
v 0.139099792 0.068102695 0
v 0.139099792 0.068102695 0.00500000035
v 0.1391863 0.06806556 0.00250000018
v 0.139395326 0.0679495856 0
v 0.139395326 0.0679495856 0.00500000035
v 0.139513433 0.06786472 0.00250000018
v 0.139659151 0.06773527 0
v 0.139659151 0.06773527 0.00500000035
v 0.139788613 0.06758954 0.00250000018
v 0.139873475 0.0674714446 0
v 0.139873475 0.0674714446 0.00500000035
v 0.139989451 0.0672624 0.00250000018
v 0.140026584 0.0671759 0
v 0.140026584 0.0671759 0.00500000035
v 0.140106142 0.06691263 0.00250000018
v 0.140114889 0.06686878 0
v 0.140142426 0.066568546 0.00250000018
v 0.140114889 0.06686878 0.00500000035
v 0.140142426 0.066568546 0
v 0.140142426 0.066568546 0.00500000035
v 0.140114889 0.06626831 0
v 0.140114889 0.06626831 0.00500000035
v 0.140106142 0.06622446 0.00250000018
v 0.140026584 0.06596119 0
v 0.140026584 0.06596119 0.00500000035
v 0.140026584 0.06596119 0.00250000018
v 0.139899269 0.0657063946 0.00250000018
v 0.139873475 0.06566565 0
v 0.139873475 0.06566565 0.00500000035
v 0.139726087 0.06547284 0.00250000018
v 0.139659151 0.06540182 0
v 0.139659151 0.06540182 0.00500000035
v 0.139513433 0.06527236 0.00250000018
v 0.139395326 0.06518751 0
v 0.139395326 0.06518751 0.00500000035
v 0.139271379 0.06511399 0.00250000018
v 0.139099792 0.06503439 0
v 0.139099792 0.06503439 0.00500000035
v 0.139012352 0.0650026 0.00250000018
v 0.138792679 0.06494609 0
v 0.138792679 0.06494609 0.00500000035
v 0.138748974 0.0649386048 0.00250000018
v 0.13849242 0.06491854 0
v 0.13849242 0.06491854 0.00500000035
v 0.138192192 0.06494609 0
v 0.138148338 0.0649548247 0.00250000018
v 0.138192192 0.06494609 0.00500000035
v 0.137885079 0.06503439 0
v 0.137885079 0.06503439 0.00500000035
v 0.137798578 0.06507152 0.00250000018
v 0.137589544 0.06518751 0
v 0.137589544 0.06518751 0.00500000035
v 0.137471437 0.06527236 0.00250000018
v 0.1373257 0.06540182 0
v 0.1373257 0.06540182 0.00500000035
v 0.137196243 0.0655475557 0.00250000018
v 0.137111381 0.06566565 0
v 0.137111381 0.06566565 0.00500000035
v 0.13699542 0.06587469 0.00250000018
v 0.136958271 0.06596119 0
v 0.136958271 0.06596119 0.00500000035
v 0.1368787 0.06622446 0.00250000018
v 0.136869982 0.06626831 0
v 0.13684243 0.066568546 0.00250000018
v 0.136869982 0.06626831 0.00500000035
v 0.13684243 0.066568546 0
v 0.13684243 0.066568546 0.00500000035
v 0.136869982 0.06686878 0
v 0.136869982 0.06686878 0.00500000035
v 0.1368787 0.06691263 0.00250000018
v 0.136958271 0.0671759 0
v 0.136958271 0.0671759 0.00500000035
v 0.136958271 0.0671759 0.00250000018
v 0.1370856 0.0674307 0.00250000018
v 0.137111381 0.0674714446 0
v 0.137111381 0.0674714446 0.00500000035
v 0.137258768 0.06766425 0.00250000018
v 0.1373257 0.06773527 0
v 0.1373257 0.06773527 0.00500000035
v 0.137471437 0.06786472 0.00250000018
v 0.137589544 0.0679495856 0
v 0.137589544 0.0679495856 0.00500000035
v 0.137713477 0.0680231 0.00250000018
v 0.137885079 0.068102695 0
v 0.137885079 0.068102695 0.00500000035
v 0.137972519 0.0681344941 0.00250000018
v 0.138192192 0.068191 0
v 0.138192192 0.068191 0.00500000035
v 0.1382359 0.06819848 0.00250000018
v 0.13849242 0.0682185441 0
v 0.13849242 0.0682185441 0.00500000035
v 0.13849242 -0.06491854 0.00500000035
v 0.13849242 -0.06491854 0
v 0.138792679 -0.06494609 0
v 0.138836518 -0.0649548247 0.00250000018
v 0.138792679 -0.06494609 0.00500000035
v 0.139099792 -0.06503439 0
v 0.139099792 -0.06503439 0.00500000035
v 0.1391863 -0.06507152 0.00250000018
v 0.139395326 -0.06518751 0
v 0.139395326 -0.06518751 0.00500000035
v 0.139513433 -0.06527236 0.00250000018
v 0.139659151 -0.06540182 0
v 0.139659151 -0.06540182 0.00500000035
v 0.139788613 -0.0655475557 0.00250000018
v 0.139873475 -0.06566565 0
v 0.139873475 -0.06566565 0.00500000035
v 0.139989451 -0.06587469 0.00250000018
v 0.140026584 -0.06596119 0
v 0.140026584 -0.06596119 0.00500000035
v 0.140106142 -0.06622446 0.00250000018
v 0.140114889 -0.06626831 0
v 0.140142426 -0.066568546 0.00250000018
v 0.140114889 -0.06626831 0.00500000035
v 0.140142426 -0.066568546 0
v 0.140142426 -0.066568546 0.00500000035
v 0.140114889 -0.06686878 0
v 0.140114889 -0.06686878 0.00500000035
v 0.140106142 -0.06691263 0.00250000018
v 0.140026584 -0.0671759 0
v 0.140026584 -0.0671759 0.00500000035
v 0.140026584 -0.0671759 0.00250000018
v 0.139899269 -0.0674307 0.00250000018
v 0.139873475 -0.0674714446 0
v 0.139873475 -0.0674714446 0.00500000035
v 0.139726087 -0.06766425 0.00250000018
v 0.139659151 -0.06773527 0
v 0.139659151 -0.06773527 0.00500000035
v 0.139513433 -0.06786472 0.00250000018
v 0.139395326 -0.0679495856 0
v 0.139395326 -0.0679495856 0.00500000035
v 0.139271379 -0.0680231 0.00250000018
v 0.139099792 -0.068102695 0
v 0.139099792 -0.068102695 0.00500000035
v 0.139012352 -0.0681344941 0.00250000018
v 0.138792679 -0.068191 0
v 0.138792679 -0.068191 0.00500000035
v 0.138748974 -0.06819848 0.00250000018
v 0.13849242 -0.0682185441 0
v 0.13849242 -0.0682185441 0.00500000035
v 0.138192192 -0.068191 0
v 0.138148338 -0.06818227 0.00250000018
v 0.138192192 -0.068191 0.00500000035
v 0.137885079 -0.068102695 0
v 0.137885079 -0.068102695 0.00500000035
v 0.137798578 -0.06806556 0.00250000018
v 0.137589544 -0.0679495856 0
v 0.137589544 -0.0679495856 0.00500000035
v 0.137471437 -0.06786472 0.00250000018
v 0.1373257 -0.06773527 0
v 0.1373257 -0.06773527 0.00500000035
v 0.137196243 -0.06758954 0.00250000018
v 0.137111381 -0.0674714446 0
v 0.137111381 -0.0674714446 0.00500000035
v 0.13699542 -0.0672624 0.00250000018
v 0.136958271 -0.0671759 0
v 0.136958271 -0.0671759 0.00500000035
v 0.1368787 -0.06691263 0.00250000018
v 0.136869982 -0.06686878 0
v 0.13684243 -0.066568546 0.00250000018
v 0.136869982 -0.06686878 0.00500000035
v 0.13684243 -0.066568546 0
v 0.13684243 -0.066568546 0.00500000035
v 0.136869982 -0.06626831 0
v 0.136869982 -0.06626831 0.00500000035
v 0.1368787 -0.06622446 0.00250000018
v 0.136958271 -0.06596119 0
v 0.136958271 -0.06596119 0.00500000035
v 0.136958271 -0.06596119 0.00250000018
v 0.1370856 -0.0657063946 0.00250000018
v 0.137111381 -0.06566565 0
v 0.137111381 -0.06566565 0.00500000035
v 0.137258768 -0.06547284 0.00250000018
v 0.1373257 -0.06540182 0
v 0.1373257 -0.06540182 0.00500000035
v 0.137471437 -0.06527236 0.00250000018
v 0.137589544 -0.06518751 0
v 0.137589544 -0.06518751 0.00500000035
v 0.137713477 -0.06511399 0.00250000018
v 0.137885079 -0.06503439 0
v 0.137885079 -0.06503439 0.00500000035
v 0.137972519 -0.0650026 0.00250000018
v 0.138192192 -0.06494609 0
v 0.138192192 -0.06494609 0.00500000035
v 0.1382359 -0.0649386048 0.00250000018
v 0.13849242 -0.06491854 0
v 0.13849242 -0.06491854 0.00500000035
v 0.159099028 0.0476119444 0.00500000035
v 0.159099028 0.0476119444 0
v 0.159399271 0.0475844 0
v 0.15944311 0.0475756675 0.00250000018
v 0.159399271 0.0475844 0.00500000035
v 0.1597064 0.04749609 0
v 0.1597064 0.04749609 0.00500000035
v 0.159792885 0.04745896 0.00250000018
v 0.160001934 0.0473429859 0
v 0.160001934 0.0473429859 0.00500000035
v 0.16012001 0.04725812 0.00250000018
v 0.160265744 0.04712867 0
v 0.160265744 0.04712867 0.00500000035
v 0.1603952 0.04698293 0.00250000018
v 0.160480067 0.04686484 0
v 0.160480067 0.04686484 0.00500000035
v 0.160596058 0.0466558 0.00250000018
v 0.160633191 0.0465692952 0
v 0.160633191 0.0465692952 0.00500000035
v 0.160712764 0.0463060252 0.00250000018
v 0.160721481 0.0462621823 0
v 0.160749048 0.0459619462 0.00250000018
v 0.160721481 0.0462621823 0.00500000035
v 0.160749048 0.0459619462 0
v 0.160749048 0.0459619462 0.00500000035
v 0.160721481 0.0456617028 0
v 0.160721481 0.0456617028 0.00500000035
v 0.160712764 0.04561786 0.00250000018
v 0.160633191 0.04535459 0
v 0.160633191 0.04535459 0.00500000035
v 0.160633191 0.04535459 0.00250000018
v 0.160505891 0.0450997874 0.00250000018
v 0.160480067 0.0450590476 0
v 0.160480067 0.0450590476 0.00500000035
v 0.16033271 0.0448662378 0.00250000018
v 0.160265744 0.0447952151 0
v 0.160265744 0.0447952151 0.00500000035
v 0.16012001 0.044665765 0.00250000018
v 0.160001934 0.0445809 0
v 0.160001934 0.0445809 0.00500000035
v 0.159877986 0.0445073843 0.00250000018
v 0.1597064 0.0444277935 0
v 0.1597064 0.0444277935 0.00500000035
v 0.159618974 0.0443959981 0.00250000018
v 0.159399271 0.0443394855 0
v 0.159399271 0.0443394855 0.00500000035
v 0.159355581 0.0443320125 0.00250000018
v 0.159099028 0.0443119481 0
v 0.159099028 0.0443119481 0.00500000035
v 0.158798814 0.0443394855 0
v 0.158754945 0.0443482175 0.00250000018
v 0.158798814 0.0443394855 0.00500000035
v 0.158491671 0.0444277935 0
v 0.158491671 0.0444277935 0.00500000035
v 0.15840517 0.0444649234 0.00250000018
v 0.158196121 0.0445809 0
v 0.158196121 0.0445809 0.00500000035
v 0.15807806 0.044665765 0.00250000018
v 0.157932311 0.0447952151 0
v 0.157932311 0.0447952151 0.00500000035
v 0.15780285 0.0449409559 0.00250000018
v 0.157717988 0.0450590476 0
v 0.157717988 0.0450590476 0.00500000035
v 0.157602012 0.0452680849 0.00250000018
v 0.157564878 0.04535459 0
v 0.157564878 0.04535459 0.00500000035
v 0.1574853 0.04561786 0.00250000018
v 0.157476574 0.0456617028 0
v 0.157449037 0.0459619462 0.00250000018
v 0.157476574 0.0456617028 0.00500000035
v 0.157449037 0.0459619462 0
v 0.157449037 0.0459619462 0.00500000035
v 0.157476574 0.0462621823 0
v 0.157476574 0.0462621823 0.00500000035
v 0.1574853 0.0463060252 0.00250000018
v 0.157564878 0.0465692952 0
v 0.157564878 0.0465692952 0.00500000035
v 0.157564878 0.0465692952 0.00250000018
v 0.1576922 0.0468240976 0.00250000018
v 0.157717988 0.04686484 0
v 0.157717988 0.04686484 0.00500000035
v 0.15786536 0.0470576473 0.00250000018
v 0.157932311 0.04712867 0
v 0.157932311 0.04712867 0.00500000035
v 0.15807806 0.04725812 0.00250000018
v 0.158196121 0.0473429859 0
v 0.158196121 0.0473429859 0.00500000035
v 0.158320084 0.0474165 0.00250000018
v 0.158491671 0.04749609 0
v 0.158491671 0.04749609 0.00500000035
v 0.158579111 0.0475278869 0.00250000018
v 0.158798814 0.0475844 0
v 0.158798814 0.0475844 0.00500000035
v 0.158842489 0.04759188 0.00250000018
v 0.159099028 0.0476119444 0
v 0.159099028 0.0476119444 0.00500000035
v 0.109992437 0.0223159157 0
v 0.103992432 0.0445 0
v 0.109992437 0.0445 0
v 0.110635169 0.007005578 0
v 0.109992437 2.01210162E-17 0
v 0.111478575 0.0105935913 0
v 0.112695575 0.0141716478 0
v 0.1142935 0.0176828429 0
v 0.103992432 -0.0445 0
v 0.113545269 0.0275489613 0
v 0.116268106 0.0210675783 0
v 0.118602827 0.0242664814 0
v 0.11795833 0.0323715769 0
v 0.121268824 0.0272236113 0
v 0.123153254 0.03658109 0
v 0.124225952 0.0298895985 0
v 0.127424866 0.0322243273 0
v 0.128989831 0.0399987362 0
v 0.13080959 0.0341989361 0
v 0.134320781 0.03579685 0
v 0.135276943 0.04249236 0
v 0.137898833 0.03701386 0
v 0.141792759 0.0439927764 0
v 0.141486853 0.0378572568 0
v 0.148492426 0.0385 6.9388944E-20
v 0.148310125 0.04449963 0
v 0.15462105 0.04407596 0
v 0.155498 0.0378572568 0
v 0.157932311 0.0447952151 0
v 0.157717988 0.0450590476 0
v 0.157564878 0.04535459 0
v 0.157476574 0.0456617028 0
v 0.158196121 0.0445809 0
v 0.159086019 0.03701386 0
v 0.157449037 0.0459619462 0
v 0.158491671 0.0444277935 0
v 0.157476574 0.0462621823 0
v 0.158798814 0.0443394855 0
v 0.159099028 0.0443119481 0
v 0.159399271 0.0443394855 0
v 0.1597064 0.0444277935 0
v 0.160001934 0.0445809 0
v 0.162664071 0.03579685 0
v 0.160265744 0.0447952151 0
v 0.160480067 0.0450590476 0
v 0.160633191 0.04535459 0
v 0.160721481 0.0456617028 0
v 0.157564878 0.0465692952 0
v 0.168467134 0.0429578163 0
v 0.166175276 0.0341989361 0
v 0.160749048 0.0459619462 0
v 0.16956 0.0322243273 0
v 0.160721481 0.0462621823 0
v 0.160633191 0.0465692952 0
v 0.1727589 0.0298895985 0
v 0.160480067 0.04686484 0
v 0.179958671 0.0314662531 0
v 0.175716043 0.0272236113 0
v 0.178382024 0.0242664814 0
v 0.182658762 0.0285115875 0
v 0.180716753 0.0210675783 0
v 0.185159057 0.02521524 0
v 0.182691365 0.0176828429 0
v 0.187402248 0.0215934236 0
v 0.184289277 0.0141716478 0
v 0.189331934 0.017674394 0
v 0.185506284 0.0105935913 0
v 0.190895677 0.01349869 0
v 0.156975552 0.05444938 0
v 0.18634969 0.007005578 0
v 0.192048177 0.009118472 0
v 0.192754477 0.004595806 0
v 0.160265744 0.04712867 0
v 0.160001934 0.0473429859 0
v 0.1597064 0.04749609 0
v 0.159399271 0.0475844 0
v 0.159099028 0.0476119444 0
v 0.186992422 2.01210162E-17 0
v 0.192992419 4.16226332E-17 0
v 0.192754477 -0.004595806 0
v 0.158798814 0.0475844 0
v 0.18634969 -0.007005578 0
v 0.192048177 -0.009118472 0
v 0.190895677 -0.01349869 0
v 0.185506284 -0.0105935913 0
v 0.189331934 -0.017674394 0
v 0.184289277 -0.0141716478 0
v 0.187402248 -0.0215934236 0
v 0.182691365 -0.0176828429 0
v 0.185159057 -0.02521524 0
v 0.180716753 -0.0210675783 0
v 0.182658762 -0.0285115875 0
v 0.178382024 -0.0242664814 0
v 0.179958671 -0.0314662531 0
v 0.175716043 -0.0272236113 0
v 0.1727589 -0.0298895985 0
v 0.16956 -0.0322243273 0
v 0.160721481 -0.0462621823 0
v 0.166175276 -0.0341989361 0
v 0.160749048 -0.0459619462 0
v 0.160721481 -0.0456617028 0
v 0.160633191 -0.0465692952 0
v 0.162664071 -0.03579685 0
v 0.160480067 -0.04686484 0
v 0.160633191 -0.04535459 0
v 0.160480067 -0.0450590476 0
v 0.160265744 -0.0447952151 0
v 0.160001934 -0.0445809 0
v 0.159086019 -0.03701386 0
v 0.1597064 -0.0444277935 0
v 0.159399271 -0.0443394855 0
v 0.159099028 -0.0443119481 0
v 0.158798814 -0.0443394855 0
v 0.158491671 -0.0444277935 0
v 0.158196121 -0.0445809 0
v 0.155498 -0.0378572568 0
v 0.157932311 -0.0447952151 0
v 0.15462105 -0.04407596 0
v 0.157717988 -0.0450590476 0
v 0.157564878 -0.04535459 0
v 0.157476574 -0.0456617028 0
v 0.157449037 -0.0459619462 0
v 0.157476574 -0.0462621823 0
v 0.157564878 -0.0465692952 0
v 0.148492426 -0.0385 0
v 0.148310125 -0.04449963 0
v 0.141792759 -0.0439927764 0
v 0.141486853 -0.0378572568 0
v 0.137898833 -0.03701386 0
v 0.135276943 -0.04249236 0
v 0.134320781 -0.03579685 0
v 0.128989831 -0.0399987362 0
v 0.13080959 -0.0341989361 0
v 0.127424866 -0.0322243273 0
v 0.123153254 -0.03658109 0
v 0.124225952 -0.0298895985 0
v 0.121268824 -0.0272236113 0
v 0.11795833 -0.0323715769 0
v 0.118602827 -0.0242664814 0
v 0.113545269 -0.0275489613 0
v 0.116268106 -0.0210675783 0
v 0.1142935 -0.0176828429 0
v 0.109992437 -0.0223159157 0
v 0.112695575 -0.0141716478 0
v 0.111478575 -0.0105935913 0
v 0.110635169 -0.007005578 0
v 0.109992437 -0.0445 0
v 0.110492423 -0.0241039433 0.0005
v 0.109992437 -0.0223159157 0
v 0.113545269 -0.0275489613 0
v 0.113348924 -0.0277037323 0.00025
v 0.114058971 -0.0289713219 0.0005
v 0.11795833 -0.0323715769 0
v 0.117786795 -0.03255344 0.00025
v 0.118376829 -0.0334372632 0.0005
v 0.123153254 -0.03658109 0
v 0.1230109 -0.0367866 0.00025
v 0.123371944 -0.0373357944 0.0005
v 0.128989831 -0.0399987362 0
v 0.128880262 -0.04022345 0.00025
v 0.128922969 -0.0405220538 0.0005
v 0.135276943 -0.04249236 0
v 0.1348699 -0.04288854 0.0005
v 0.135202691 -0.0427310877 0.00025
v 0.141792759 -0.0439927764 0
v 0.14102903 -0.0443767719 0.0005
v 0.141755134 -0.0442399271 0.00025
v 0.148310125 -0.04449963 0
v 0.147211462 -0.0449817665 0.0005
v 0.1483091 -0.044749625 0.00025
v 0.15462105 -0.04407596 0
v 0.153241172 -0.04474874 0.0005
v 0.133992434 0.0774325058 0
v 0.133492425 0.07863961 0.0005
v 0.145484 0.06594095 0
v 0.156925157 0.0549864 0.000344096276
v 0.156975552 0.05444938 0
v 0.180312246 0.0318198055 0.0005
v 0.168467134 0.0429578163 0
v 0.179958671 0.0314662531 0
v 0.15462105 0.04407596 0
v 0.153241172 0.04474874 0.0005
v 0.144306749 0.054390274 0
v 0.144056737 0.0544736 0.000117851145
v 0.133492425 0.06449748 0.0005
v 0.133992434 0.06470458 0
v 0.153241172 0.04474874 0.0005
v 0.15462105 0.04407596 0
v 0.148310125 0.04449963 0
v 0.1483091 0.044749625 0.00025
v 0.141792759 0.0439927764 0
v 0.147211462 0.0449817665 0.0005
v 0.141755134 0.0442399271 0.00025
v 0.135276943 0.04249236 0
v 0.14102903 0.0443767719 0.0005
v 0.135202691 0.0427310877 0.00025
v 0.128989831 0.0399987362 0
v 0.1348699 0.04288854 0.0005
v 0.128880262 0.04022345 0.00025
v 0.128922969 0.0405220538 0.0005
v 0.123153254 0.03658109 0
v 0.123371944 0.0373357944 0.0005
v 0.1230109 0.0367866 0.00025
v 0.11795833 0.0323715769 0
v 0.118376829 0.0334372632 0.0005
v 0.117786795 0.03255344 0.00025
v 0.113545269 0.0275489613 0
v 0.114058971 0.0289713219 0.0005
v 0.113348924 0.0277037323 0.00025
v 0.109992437 0.0223159157 0
v 0.110492423 0.0241039433 0.0005
v 0.110492423 -0.045 0.00500000035
v 0.110492423 -0.0241039433 0.00500000035
v 0.103492431 -0.045 0.00500000035
v 0.109267354 -0.0112264557 0.00500000035
v 0.108373575 -0.007424093 0.00500000035
v 0.10769242 2.49827963E-18 0.00500000035
v 0.110557072 -0.0150182648 0.00500000035
v 0.11225044 -0.01873922 0.00500000035
v 0.11434301 -0.0223261584 0.00500000035
v 0.114058971 -0.0289713219 0.00500000035
v 0.116817221 -0.0257161651 0.00500000035
v 0.103492431 0.045 0.00500000035
v 0.118376829 -0.0334372632 0.00500000035
v 0.119642474 -0.02884996 0.00500000035
v 0.122776262 -0.0316752121 0.00500000035
v 0.123371944 -0.0373357944 0.00500000035
v 0.126166269 -0.03414942 0.00500000035
v 0.108373575 0.007424093 0.00500000035
v 0.128922969 -0.0405220538 0.00500000035
v 0.129753217 -0.03624199 0.00500000035
v 0.133474156 -0.037935365 0.00500000035
v 0.1348699 -0.04288854 0.00500000035
v 0.13726598 -0.03922508 0.00500000035
v 0.14102903 -0.0443767719 0.00500000035
v 0.141068339 -0.0401188619 0.00500000035
v 0.147211462 -0.0449817665 0.00500000035
v 0.148492426 -0.0408000052 0.00500000035
v 0.153241172 -0.04474874 0.00500000035
v 0.155916527 -0.0401188619 0.00500000035
v 0.157476574 -0.0456617028 0.00500000035
v 0.157449037 -0.0459619462 0.00500000035
v 0.157564878 -0.04535459 0.00500000035
v 0.157476574 -0.0462621823 0.00500000035
v 0.157717988 -0.0450590476 0.00500000035
v 0.157932311 -0.0447952151 0.00500000035
v 0.158196121 -0.0445809 0.00500000035
v 0.158491671 -0.0444277935 0.00500000035
v 0.159718871 -0.03922508 0.00500000035
v 0.158798814 -0.0443394855 0.00500000035
v 0.159099028 -0.0443119481 0.00500000035
v 0.159399271 -0.0443394855 0.00500000035
v 0.1597064 -0.0444277935 0.00500000035
v 0.160001934 -0.0445809 0.00500000035
v 0.160265744 -0.0447952151 0.00500000035
v 0.160480067 -0.0450590476 0.00500000035
v 0.16351068 -0.037935365 0.00500000035
v 0.160633191 -0.04535459 0.00500000035
v 0.160721481 -0.0456617028 0.00500000035
v 0.160749048 -0.0459619462 0.00500000035
v 0.167231649 -0.03624199 0.00500000035
v 0.160721481 -0.0462621823 0.00500000035
v 0.160633191 -0.0465692952 0.00500000035
v 0.170818582 -0.03414942 0.00500000035
v 0.180312246 -0.0318198055 0.00500000035
v 0.1742086 -0.0316752121 0.00500000035
v 0.160480067 -0.04686484 0.00500000035
v 0.177342385 -0.02884996 0.00500000035
v 0.160265744 -0.04712867 0.00500000035
v 0.180167645 -0.0257161651 0.00500000035
v 0.18304266 -0.02883194 0.00500000035
v 0.182641864 -0.0223261584 0.00500000035
v 0.185571045 -0.0254985578 0.00500000035
v 0.184734434 -0.01873922 0.00500000035
v 0.187839434 -0.021836048 0.00500000035
v 0.1864278 -0.0150182648 0.00500000035
v 0.189790815 -0.0178729817 0.00500000035
v 0.187717512 -0.0112264557 0.00500000035
v 0.191372111 -0.0136503614 0.00500000035
v 0.188611284 -0.007424093 0.00500000035
v 0.192537591 -0.009220926 0.00500000035
v 0.193251818 -0.00464744354 0.00500000035
v 0.189292431 2.49827963E-18 0.00500000035
v 0.193492442 1.30070729E-18 0.00500000035
v 0.193251818 0.00464744354 0.00500000035
v 0.188611284 0.007424093 0.00500000035
v 0.192537591 0.009220926 0.00500000035
v 0.191372111 0.0136503614 0.00500000035
v 0.187717512 0.0112264557 0.00500000035
v 0.189790815 0.0178729817 0.00500000035
v 0.1864278 0.0150182648 0.00500000035
v 0.187839434 0.021836048 0.00500000035
v 0.184734434 0.01873922 0.00500000035
v 0.185571045 0.0254985578 0.00500000035
v 0.182641864 0.0223261584 0.00500000035
v 0.18304266 0.02883194 0.00500000035
v 0.180167645 0.0257161651 0.00500000035
v 0.180312246 0.0318198055 0.00500000035
v 0.177342385 0.02884996 0.00500000035
v 0.1742086 0.0316752121 0.00500000035
v 0.170818582 0.03414942 0.00500000035
v 0.160633191 0.0465692952 0.00500000035
v 0.167231649 0.03624199 0.00500000035
v 0.160480067 0.04686484 0.00500000035
v 0.160721481 0.0462621823 0.00500000035
v 0.160749048 0.0459619462 0.00500000035
v 0.156902343 0.05522971 0.00500000035
v 0.16351068 0.037935365 0.00500000035
v 0.160265744 0.04712867 0.00500000035
v 0.160001934 0.0473429859 0.00500000035
v 0.1597064 0.04749609 0.00500000035
v 0.159399271 0.0475844 0.00500000035
v 0.159099028 0.0476119444 0.00500000035
v 0.160721481 0.0456617028 0.00500000035
v 0.160633191 0.04535459 0.00500000035
v 0.160480067 0.0450590476 0.00500000035
v 0.159718871 0.03922508 0.00500000035
v 0.160265744 0.0447952151 0.00500000035
v 0.158798814 0.0475844 0.00500000035
v 0.160001934 0.0445809 0.00500000035
v 0.158491671 0.04749609 0.00500000035
v 0.1597064 0.0444277935 0.00500000035
v 0.158196121 0.0473429859 0.00500000035
v 0.159399271 0.0443394855 0.00500000035
v 0.157932311 0.04712867 0.00500000035
v 0.157717988 0.04686484 0.00500000035
v 0.157564878 0.0465692952 0.00500000035
v 0.153241172 0.04474874 0.00500000035
v 0.151281789 0.05489572 0.00500000035
v 0.157476574 0.0462621823 0.00500000035
v 0.159099028 0.0443119481 0.00500000035
v 0.158798814 0.0443394855 0.00500000035
v 0.158491671 0.0444277935 0.00500000035
v 0.155916527 0.0401188619 0.00500000035
v 0.157449037 0.0459619462 0.00500000035
v 0.158196121 0.0445809 0.00500000035
v 0.157932311 0.0447952151 0.00500000035
v 0.157717988 0.0450590476 0.00500000035
v 0.157564878 0.04535459 0.00500000035
v 0.157476574 0.0456617028 0.00500000035
v 0.148492426 0.0408000052 0.00500000035
v 0.147211462 0.0449817665 0.00500000035
v 0.141068339 0.0401188619 0.00500000035
v 0.14102903 0.0443767719 0.00500000035
v 0.13726598 0.03922508 0.00500000035
v 0.1348699 0.04288854 0.00500000035
v 0.133474156 0.037935365 0.00500000035
v 0.128922969 0.0405220538 0.00500000035
v 0.129753217 0.03624199 0.00500000035
v 0.126166269 0.03414942 0.00500000035
v 0.123371944 0.0373357944 0.00500000035
v 0.122776262 0.0316752121 0.00500000035
v 0.118376829 0.0334372632 0.00500000035
v 0.119642474 0.02884996 0.00500000035
v 0.116817221 0.0257161651 0.00500000035
v 0.114058971 0.0289713219 0.00500000035
v 0.11434301 0.0223261584 0.00500000035
v 0.110492423 0.0241039433 0.00500000035
v 0.11225044 0.01873922 0.00500000035
v 0.110557072 0.0150182648 0.00500000035
v 0.109267354 0.0112264557 0.00500000035
v 0.110492423 0.045 0.00500000035
v 0.158491671 0.04749609 0
v 0.158196121 0.0473429859 0
v 0.157932311 0.04712867 0
v 0.157717988 0.04686484 0
v 0.151281789 0.05489572 0
v 0.15100342 0.0543583743 0
v 0.150613755 0.0538786836 0
v 0.150134057 0.05348902 0
v 0.151442349 0.0554541126 0
v 0.149596721 0.0532106347 0
v 0.151492432 0.056 0
v 0.149038315 0.0530500859 0
v 0.151442349 0.0565458871 0
v 0.148492426 0.0530000031 0
v 0.151281789 0.0571042858 0
v 0.15100342 0.0576416329 0
v 0.150613755 0.0581213236 0
v 0.147946537 0.0530500859 0
v 0.147388145 0.0532106347 0
v 0.146850809 0.05348902 0
v 0.144306749 0.054390274 0
v 0.146371111 0.0538786836 0
v 0.145484 0.06594095 0
v 0.150134057 0.05851099 0
v 0.149596721 0.058789365 0
v 0.149038315 0.0589499176 0
v 0.148492426 0.059 0
v 0.145981446 0.0543583743 0
v 0.147946537 0.0589499176 0
v 0.145703062 0.05489572 0
v 0.147388145 0.058789365 0
v 0.1455425 0.0554541126 0
v 0.146850809 0.05851099 0
v 0.14549242 0.056 0
v 0.1455425 0.0565458871 0
v 0.146371111 0.0581213236 0
v 0.145981446 0.0576416329 0
v 0.145703062 0.0571042858 0
v 0.139873475 0.06566565 0
v 0.139659151 0.06540182 0
v 0.140026584 0.06596119 0
v 0.139395326 0.06518751 0
v 0.140114889 0.06626831 0
v 0.139099792 0.06503439 0
v 0.140142426 0.066568546 0
v 0.138792679 0.06494609 0
v 0.140114889 0.06686878 0
v 0.13849242 0.06491854 0
v 0.138192192 0.06494609 0
v 0.137885079 0.06503439 0
v 0.133992434 0.06470458 0
v 0.137589544 0.06518751 0
v 0.1373257 0.06540182 0
v 0.140026584 0.0671759 0
v 0.139873475 0.0674714446 0
v 0.139659151 0.06773527 0
v 0.137111381 0.06566565 0
v 0.133992434 0.0774325058 0
v 0.139395326 0.0679495856 0
v 0.139099792 0.068102695 0
v 0.138792679 0.068191 0
v 0.13849242 0.0682185441 0
v 0.136958271 0.06596119 0
v 0.138192192 0.068191 0
v 0.136869982 0.06626831 0
v 0.137885079 0.068102695 0
v 0.13684243 0.066568546 0
v 0.136869982 0.06686878 0
v 0.136958271 0.0671759 0
v 0.137589544 0.0679495856 0
v 0.137111381 0.0674714446 0
v 0.1373257 0.06773527 0
v 0.160265744 -0.04712867 0
v 0.15100342 -0.0576416329 0
v 0.160001934 -0.0473429859 0
v 0.150613755 -0.0581213236 0
v 0.151281789 -0.0571042858 0
v 0.1597064 -0.04749609 0
v 0.159399271 -0.0475844 0
v 0.133992434 -0.0774325058 0
v 0.151442349 -0.0565458871 0
v 0.159099028 -0.0476119444 0
v 0.158798814 -0.0475844 0
v 0.158491671 -0.04749609 0
v 0.151492432 -0.056 0
v 0.158196121 -0.0473429859 0
v 0.157932311 -0.04712867 0
v 0.151442349 -0.0554541126 0
v 0.157717988 -0.04686484 0
v 0.151281789 -0.05489572 0
v 0.15100342 -0.0543583743 0
v 0.150613755 -0.0538786836 0
v 0.150134057 -0.05348902 0
v 0.149596721 -0.0532106347 0
v 0.149038315 -0.0530500859 0
v 0.148492426 -0.0530000031 0
v 0.147946537 -0.0530500859 0
v 0.147388145 -0.0532106347 0
v 0.146850809 -0.05348902 0
v 0.146371111 -0.0538786836 0
v 0.133992434 -0.06470458 0
v 0.145981446 -0.0543583743 0
v 0.145703062 -0.05489572 0
v 0.1455425 -0.0554541126 0
v 0.138192192 -0.06494609 0
v 0.137885079 -0.06503439 0
v 0.137589544 -0.06518751 0
v 0.1373257 -0.06540182 0
v 0.13849242 -0.06491854 0
v 0.138792679 -0.06494609 0
v 0.137111381 -0.06566565 0
v 0.14549242 -0.056 0
v 0.139099792 -0.06503439 0
v 0.139395326 -0.06518751 0
v 0.136958271 -0.06596119 0
v 0.1455425 -0.0565458871 0
v 0.139659151 -0.06540182 0
v 0.139873475 -0.06566565 0
v 0.145703062 -0.0571042858 0
v 0.140026584 -0.06596119 0
v 0.145981446 -0.0576416329 0
v 0.140114889 -0.06626831 0
v 0.146371111 -0.0581213236 0
v 0.136869982 -0.06626831 0
v 0.140142426 -0.066568546 0
v 0.146850809 -0.05851099 0
v 0.147388145 -0.058789365 0
v 0.140114889 -0.06686878 0
v 0.147946537 -0.0589499176 0
v 0.13684243 -0.066568546 0
v 0.136869982 -0.06686878 0
v 0.136958271 -0.0671759 0
v 0.140026584 -0.0671759 0
v 0.148492426 -0.059 0
v 0.149038315 -0.0589499176 0
v 0.139873475 -0.0674714446 0
v 0.137111381 -0.0674714446 0
v 0.149596721 -0.058789365 0
v 0.1373257 -0.06773527 0
v 0.137589544 -0.0679495856 0
v 0.137885079 -0.068102695 0
v 0.138192192 -0.068191 0
v 0.13849242 -0.0682185441 0
v 0.138792679 -0.068191 0
v 0.139099792 -0.068102695 0
v 0.139395326 -0.0679495856 0
v 0.139659151 -0.06773527 0
v 0.150134057 -0.05851099 0
v 0.157564878 -0.0465692952 0.00500000035
v 0.151281789 -0.05489572 0.00500000035
v 0.157717988 -0.04686484 0.00500000035
v 0.15100342 -0.0543583743 0.00500000035
v 0.150613755 -0.0538786836 0.00500000035
v 0.150134057 -0.05348902 0.00500000035
v 0.149596721 -0.0532106347 0.00500000035
v 0.151442349 -0.0554541126 0.00500000035
v 0.157932311 -0.04712867 0.00500000035
v 0.149038315 -0.0530500859 0.00500000035
v 0.151492432 -0.056 0.00500000035
v 0.158196121 -0.0473429859 0.00500000035
v 0.158491671 -0.04749609 0.00500000035
v 0.148492426 -0.0530000031 0.00500000035
v 0.151442349 -0.0565458871 0.00500000035
v 0.147946537 -0.0530500859 0.00500000035
v 0.158798814 -0.0475844 0.00500000035
v 0.159099028 -0.0476119444 0.00500000035
v 0.159399271 -0.0475844 0.00500000035
v 0.147388145 -0.0532106347 0.00500000035
v 0.146850809 -0.05348902 0.00500000035
v 0.146371111 -0.0538786836 0.00500000035
v 0.151281789 -0.0571042858 0.00500000035
v 0.1597064 -0.04749609 0.00500000035
v 0.160001934 -0.0473429859 0.00500000035
v 0.133492425 -0.06449748 0.00500000035
v 0.15100342 -0.0576416329 0.00500000035
v 0.150613755 -0.0581213236 0.00500000035
v 0.145981446 -0.0543583743 0.00500000035
v 0.133492425 -0.07863961 0.00500000035
v 0.145703062 -0.05489572 0.00500000035
v 0.150134057 -0.05851099 0.00500000035
v 0.1455425 -0.0554541126 0.00500000035
v 0.139873475 -0.0674714446 0.00500000035
v 0.149596721 -0.058789365 0.00500000035
v 0.149038315 -0.0589499176 0.00500000035
v 0.139659151 -0.06773527 0.00500000035
v 0.139395326 -0.0679495856 0.00500000035
v 0.139099792 -0.068102695 0.00500000035
v 0.138792679 -0.068191 0.00500000035
v 0.13849242 -0.0682185441 0.00500000035
v 0.140026584 -0.0671759 0.00500000035
v 0.148492426 -0.059 0.00500000035
v 0.147946537 -0.0589499176 0.00500000035
v 0.140114889 -0.06686878 0.00500000035
v 0.147388145 -0.058789365 0.00500000035
v 0.138192192 -0.068191 0.00500000035
v 0.140142426 -0.066568546 0.00500000035
v 0.146850809 -0.05851099 0.00500000035
v 0.146371111 -0.0581213236 0.00500000035
v 0.140114889 -0.06626831 0.00500000035
v 0.145981446 -0.0576416329 0.00500000035
v 0.140026584 -0.06596119 0.00500000035
v 0.145703062 -0.0571042858 0.00500000035
v 0.139873475 -0.06566565 0.00500000035
v 0.137885079 -0.068102695 0.00500000035
v 0.1455425 -0.0565458871 0.00500000035
v 0.139659151 -0.06540182 0.00500000035
v 0.139395326 -0.06518751 0.00500000035
v 0.137589544 -0.0679495856 0.00500000035
v 0.14549242 -0.056 0.00500000035
v 0.139099792 -0.06503439 0.00500000035
v 0.138792679 -0.06494609 0.00500000035
v 0.1373257 -0.06773527 0.00500000035
v 0.137111381 -0.0674714446 0.00500000035
v 0.136958271 -0.0671759 0.00500000035
v 0.136869982 -0.06686878 0.00500000035
v 0.13684243 -0.066568546 0.00500000035
v 0.136869982 -0.06626831 0.00500000035
v 0.13849242 -0.06491854 0.00500000035
v 0.138192192 -0.06494609 0.00500000035
v 0.136958271 -0.06596119 0.00500000035
v 0.137885079 -0.06503439 0.00500000035
v 0.137111381 -0.06566565 0.00500000035
v 0.137589544 -0.06518751 0.00500000035
v 0.1373257 -0.06540182 0.00500000035
v 0.15100342 0.0543583743 0.00500000035
v 0.150613755 0.0538786836 0.00500000035
v 0.150134057 0.05348902 0.00500000035
v 0.149596721 0.0532106347 0.00500000035
v 0.149038315 0.0530500859 0.00500000035
v 0.148492426 0.0530000031 0.00500000035
v 0.147946537 0.0530500859 0.00500000035
v 0.147388145 0.0532106347 0.00500000035
v 0.146850809 0.05348902 0.00500000035
v 0.1433668 0.0546231121 0.00500000035
v 0.146371111 0.0538786836 0.00500000035
v 0.145981446 0.0543583743 0.00500000035
v 0.145703062 0.05489572 0.00500000035
v 0.1455425 0.0554541126 0.00500000035
v 0.14549242 0.056 0.00500000035
v 0.1455425 0.0565458871 0.00500000035
v 0.145703062 0.0571042858 0.00500000035
v 0.139873475 0.06566565 0.00500000035
v 0.139659151 0.06540182 0.00500000035
v 0.139395326 0.06518751 0.00500000035
v 0.139099792 0.06503439 0.00500000035
v 0.138792679 0.06494609 0.00500000035
v 0.13849242 0.06491854 0.00500000035
v 0.138192192 0.06494609 0.00500000035
v 0.137885079 0.06503439 0.00500000035
v 0.133492425 0.06449748 0.00500000035
v 0.137589544 0.06518751 0.00500000035
v 0.1373257 0.06540182 0.00500000035
v 0.137111381 0.06566565 0.00500000035
v 0.136958271 0.06596119 0.00500000035
v 0.136869982 0.06626831 0.00500000035
v 0.13684243 0.066568546 0.00500000035
v 0.136869982 0.06686878 0.00500000035
v 0.136958271 0.0671759 0.00500000035
v 0.133492425 0.07863961 0.00500000035
v 0.137111381 0.0674714446 0.00500000035
v 0.1373257 0.06773527 0.00500000035
v 0.137589544 0.0679495856 0.00500000035
v 0.137885079 0.068102695 0.00500000035
v 0.138192192 0.068191 0.00500000035
v 0.13849242 0.0682185441 0.00500000035
v 0.138792679 0.068191 0.00500000035
v 0.139099792 0.068102695 0.00500000035
v 0.139395326 0.0679495856 0.00500000035
v 0.145197377 0.06693466 0.00500000035
v 0.139659151 0.06773527 0.00500000035
v 0.139873475 0.0674714446 0.00500000035
v 0.140026584 0.0671759 0.00500000035
v 0.140114889 0.06686878 0.00500000035
v 0.140142426 0.066568546 0.00500000035
v 0.140114889 0.06626831 0.00500000035
v 0.140026584 0.06596119 0.00500000035
v 0.145981446 0.0576416329 0.00500000035
v 0.146371111 0.0581213236 0.00500000035
v 0.146850809 0.05851099 0.00500000035
v 0.147388145 0.058789365 0.00500000035
v 0.147946537 0.0589499176 0.00500000035
v 0.148492426 0.059 0.00500000035
v 0.149038315 0.0589499176 0.00500000035
v 0.149596721 0.058789365 0.00500000035
v 0.150134057 0.05851099 0.00500000035
v 0.150613755 0.0581213236 0.00500000035
v 0.15100342 0.0576416329 0.00500000035
v 0.151281789 0.0571042858 0.00500000035
v 0.151442349 0.0565458871 0.00500000035
v 0.151492432 0.056 0.00500000035
v 0.151442349 0.0554541126 0.00500000035
v 0.153241172 0.04474874 0.00500000035
v 0.1433668 0.0546231121 0.00275000022
v 0.153241172 0.04474874 0.0005
v 0.1433668 0.0546231121 0.00500000035
v 0.133492425 0.06449748 0.0005
v 0.133492425 0.06449748 0.00500000035
v 0.147211462 0.0449817665 0.00275000022
v 0.147211462 0.0449817665 0.0005
v 0.14102903 0.0443767719 0.0005
v 0.153241172 0.04474874 0.0005
v 0.153241172 0.04474874 0.00500000035
v 0.147211462 0.0449817665 0.00500000035
v 0.14102903 0.0443767719 0.00275000022
v 0.1348699 0.04288854 0.0005
v 0.14102903 0.0443767719 0.00500000035
v 0.1348699 0.04288854 0.00275000022
v 0.128922969 0.0405220538 0.0005
v 0.1348699 0.04288854 0.00500000035
v 0.128922969 0.0405220538 0.00275000022
v 0.123371944 0.0373357944 0.0005
v 0.128922969 0.0405220538 0.00500000035
v 0.123371944 0.0373357944 0.00275000022
v 0.118376829 0.0334372632 0.0005
v 0.123371944 0.0373357944 0.00500000035
v 0.118376829 0.0334372632 0.00275000022
v 0.114058971 0.0289713219 0.0005
v 0.118376829 0.0334372632 0.00500000035
v 0.114058971 0.0289713219 0.00275000022
v 0.110492423 0.0241039433 0.0005
v 0.114058971 0.0289713219 0.00500000035
v 0.110492423 0.0241039433 0.00500000035
v 0.110492423 0.03455197 0.00275000022
v 0.110492423 0.045 0.0005
v 0.110492423 0.045 0.00500000035
v 0.110492423 0.0241039433 0.00500000035
v 0.110492423 0.0241039433 0.0005
v 0.106992431 0.045 0.00275000022
v 0.103492431 0.045 0.0005
v 0.103492431 0.045 0.00500000035
v 0.110492423 0.045 0.00500000035
v 0.110492423 0.045 0.0005
v 0.103492431 0 0.00275000022
v 0.103492431 -0.045 0.0005
v 0.103492431 -0.045 0.00500000035
v 0.103492431 0.045 0.00500000035
v 0.103492431 0.045 0.0005
v 0.106992431 -0.045 0.00275000022
v 0.110492423 -0.045 0.0005
v 0.110492423 -0.045 0.00500000035
v 0.103492431 -0.045 0.00500000035
v 0.103492431 -0.045 0.0005
v 0.110492423 -0.03455197 0.00275000022
v 0.110492423 -0.0241039433 0.0005
v 0.110492423 -0.0241039433 0.00500000035
v 0.110492423 -0.045 0.00500000035
v 0.110492423 -0.045 0.0005
v 0.166679561 0.033961352 0.00205000234
v 0.165945619 0.0337547958 0.00196026312
v 0.169286415 0.0318058319 0.00196026312
v 0.162480041 0.035331957 0.00196026312
v 0.172330722 0.0302635431 0.00205000234
v 0.172443762 0.0295014232 0.00196026312
v 0.1753625 0.026870057 0.00196026312
v 0.160631672 0.0365620553 0.00205000234
v 0.155407026 0.0373656042 0.00196026312
v 0.177296326 0.0255828276 0.00205000234
v 0.177993864 0.0239513274 0.00196026312
v 0.15448226 0.0380561054 0.00205000234
v 0.148492426 0.0380000025 0.00196026312
v 0.1813396 0.02012977 0.00205000234
v 0.180298254 0.02079397 0.00196026312
v 0.182247236 0.0174531955 0.00196026312
v 0.184312165 0.014180704 0.00205000234
v 0.18382439 0.0139875989 0.00196026312
v 0.186170071 0.008033737 0.00205000234
v 0.185858026 0.006914596 0.00196026312
v 0.18681255 0.00396417826 0.00205000234
v 0.186492428 2.326829E-18 0.00196026312
v 0.177690357 0.02593278 0.00224167388
v 0.181788951 0.0204051267 0.00224167388
v 0.18480213 0.0143746845 0.00224167388
v 0.186685473 0.008143632 0.00224167388
v 0.172656789 0.0306775253 0.00224167388
v 0.166928351 0.0344259143 0.00224167388
v 0.160797715 0.0370621979 0.00224167388
v 0.1545642 0.03857668 0.00224167388
v 0.182215139 0.020666318 0.00253885332
v 0.178064078 0.0262647271 0.00253885332
v 0.172966108 0.0310702063 0.00253885332
v 0.167164341 0.0348665752 0.00253885332
v 0.16095525 0.0375366062 0.00253885332
v 0.154641926 0.0390704721 0.00253885332
v 0.185266912 0.014558685 0.00253885332
v 0.178394452 0.0265581533 0.002933602
v 0.173239529 0.0314173177 0.002933602
v 0.167372942 0.0352561 0.002933602
v 0.161094457 0.0379559547 0.002933602
v 0.154710621 0.0395069644 0.002933602
v 0.182591885 0.0208972 0.002933602
v 0.18717435 0.008247871 0.00253885332
v 0.185677767 0.0147213312 0.002933602
v 0.187336728 0.004018405 0.00224167388
v 0.187017024 0 0.00205000234
v 0.18681255 -0.00396417826 0.00205000234
v 0.185858026 -0.006914596 0.00196026312
v 0.187544018 0 0.00224167388
v 0.187833935 0.004069842 0.00253885332
v 0.1876065 0.008340015 0.002933602
v 0.178661525 0.0267953575 0.0034063356
v 0.182896435 0.021083843 0.0034063356
v 0.186009869 0.0148528153 0.0034063356
v 0.173460543 0.03169792 0.0034063356
v 0.167541564 0.03557099 0.0034063356
v 0.161207035 0.0382949635 0.0034063356
v 0.154766157 0.03985982 0.0034063356
v 0.18827346 0.00411530957 0.002933602
v 0.187955856 0.008414504 0.0034063356
v 0.188043877 0 0.00253885332
v 0.187336728 -0.004018405 0.00224167388
v 0.186170071 -0.008033737 0.00205000234
v 0.185054481 -0.0121392412 0.00205000234
v 0.18382439 -0.0139875989 0.00196026312
v 0.186685473 -0.008143632 0.00224167388
v 0.187833935 -0.004069842 0.00253885332
v 0.188485757 0 0.002933602
v 0.183445156 -0.0162003711 0.00205000234
v 0.182247236 -0.0174531955 0.00196026312
v 0.185554624 -0.012305296 0.00224167388
v 0.18717435 -0.008247871 0.00253885332
v 0.1813396 -0.02012977 0.00205000234
v 0.180298254 -0.02079397 0.00196026312
v 0.1839233 -0.01642198 0.00224167388
v 0.178755984 -0.0238382723 0.00205000234
v 0.177993864 -0.0239513274 0.00196026312
v 0.188628748 0.00415206561 0.0034063356
v 0.18827346 -0.00411530957 0.002933602
v 0.186029047 -0.0124628078 0.00253885332
v 0.181788951 -0.0204051267 0.00224167388
v 0.175733432 -0.02724101 0.00205000234
v 0.1753625 -0.026870057 0.00196026312
v 0.172443762 -0.0295014232 0.00196026312
v 0.188842952 0 0.0034063356
v 0.1876065 -0.008340015 0.002933602
v 0.1843768 -0.0166321844 0.00253885332
v 0.179169938 -0.02416436 0.00224167388
v 0.172330722 -0.0302635431 0.00205000234
v 0.169286415 -0.0318058319 0.00196026312
v 0.188628748 -0.00415206561 0.0034063356
v 0.1864484 -0.0126020405 0.002933602
v 0.182215139 -0.020666318 0.00253885332
v 0.17610608 -0.0276136473 0.00224167388
v 0.1686222 -0.0328471847 0.00205000234
v 0.165945619 -0.0337547958 0.00196026312
v 0.187955856 -0.008414504 0.0034063356
v 0.1847777 -0.0168179981 0.002933602
v 0.179562643 -0.02447367 0.00253885332
v 0.172656789 -0.0306775253 0.00224167388
v 0.164692819 -0.0349527262 0.00205000234
v 0.162480041 -0.035331957 0.00196026312
v 0.186787382 -0.0127145946 0.0034063356
v 0.182591885 -0.0208972 0.002933602
v 0.176459536 -0.0279671066 0.00253885332
v 0.168897569 -0.03329651 0.00224167388
v 0.160631672 -0.0365620553 0.00205000234
v 0.155407026 -0.0373656042 0.00196026312
v 0.185101777 -0.01696821 0.0034063356
v 0.179909751 -0.0247470867 0.002933602
v 0.172966108 -0.0310702063 0.00253885332
v 0.164914414 -0.035430856 0.00224167388
v 0.182896435 -0.021083843 0.0034063356
v 0.176771969 -0.0282795522 0.002933602
v 0.169158742 -0.0337227136 0.00253885332
v 0.180190355 -0.0249681175 0.0034063356
v 0.173239529 -0.0314173177 0.002933602
v 0.177024573 -0.02853213 0.0034063356
v 0.160797715 -0.0370621979 0.00224167388
v 0.16512461 -0.0358843766 0.00253885332
v 0.169389635 -0.03409946 0.002933602
v 0.173460543 -0.03169792 0.0034063356
v 0.156526148 -0.03767764 0.00205000234
v 0.1524566 -0.03832011 0.00205000234
v 0.148492426 -0.0380000025 0.00196026312
v 0.148492426 -0.0385246053 0.00205000234
v 0.156636074 -0.0381930359 0.00224167388
v 0.152510837 -0.0388442948 0.00224167388
v 0.148492426 -0.0390515924 0.00224167388
v 0.16095525 -0.0375366062 0.00253885332
v 0.165310428 -0.0362852737 0.002933602
v 0.152562276 -0.03934151 0.00253885332
v 0.148492426 -0.039551463 0.00253885332
v 0.156740308 -0.0386819169 0.00253885332
v 0.152607739 -0.03978103 0.002933602
v 0.148492426 -0.0399933234 0.002933602
v 0.161094457 -0.0379559547 0.002933602
v 0.156832457 -0.0391140655 0.002933602
v 0.169576272 -0.03440402 0.0034063356
v 0.1526445 -0.0401363336 0.0034063356
v 0.148492426 -0.0403505266 0.0034063356
v 0.156906933 -0.0394634157 0.0034063356
v 0.161207035 -0.0382949635 0.0034063356
v 0.165460631 -0.0366093554 0.0034063356
v 0.152670756 -0.04039019 0.00392888254
v 0.148492426 -0.040605735 0.00392888254
v 0.15696016 -0.0397130139 0.00392888254
v 0.161287457 -0.038537167 0.00392888254
v 0.165567964 -0.0368409 0.00392888254
v 0.169709638 -0.034621615 0.00392888254
v 0.15268597 -0.0405372344 0.004469805
v 0.148492426 -0.0407535657 0.004469805
v 0.148492426 -0.0408000052 0.00500000035
v 0.155916527 -0.0401188619 0.00500000035
v 0.156990975 -0.0398575924 0.004469805
v 0.159718871 -0.03922508 0.00500000035
v 0.161334038 -0.03867747 0.004469805
v 0.16351068 -0.037935365 0.00500000035
v 0.165630117 -0.0369750261 0.004469805
v 0.167231649 -0.03624199 0.00500000035
v 0.16978687 -0.03474766 0.004469805
v 0.170818582 -0.03414942 0.00500000035
v 0.173709929 -0.0320145339 0.004469805
v 0.1742086 -0.0316752121 0.00500000035
v 0.173618466 -0.0318984 0.00392888254
v 0.177309573 -0.0288171228 0.004469805
v 0.177342385 -0.02884996 0.00500000035
v 0.180167645 -0.0257161651 0.00500000035
v 0.177205026 -0.0287125912 0.00392888254
v 0.180506974 -0.025217507 0.004469805
v 0.182641864 -0.0223261584 0.00500000035
v 0.180390835 -0.0251260325 0.00392888254
v 0.1832401 -0.0212944373 0.004469805
v 0.184734434 -0.01873922 0.00500000035
v 0.183114037 -0.0212171953 0.00392888254
v 0.185467467 -0.0171376932 0.004469805
v 0.1864278 -0.0150182648 0.00500000035
v 0.185333341 -0.0170755275 0.00392888254
v 0.187169909 -0.0128415935 0.004469805
v 0.187717512 -0.0112264557 0.00500000035
v 0.1870296 -0.0127950115 0.00392888254
v 0.188350022 -0.008498552 0.004469805
v 0.188611284 -0.007424093 0.00500000035
v 0.188205451 -0.008467724 0.00392888254
v 0.189029664 -0.004193538 0.004469805
v 0.189292431 2.49827963E-18 0.00500000035
v 0.188882634 -0.00417832658 0.00392888254
v 0.189246 0 0.004469805
v 0.18909815 0 0.00392888254
v 0.189029664 0.004193538 0.004469805
v 0.188611284 0.007424093 0.00500000035
v 0.188882634 0.00417832658 0.00392888254
v 0.188350022 0.008498552 0.004469805
v 0.187717512 0.0112264557 0.00500000035
v 0.188205451 0.008467724 0.00392888254
v 0.186384618 0.0150011713 0.004469805
v 0.1864278 0.0150182648 0.00500000035
v 0.184734434 0.01873922 0.00500000035
v 0.18624717 0.0149467569 0.00392888254
v 0.1832401 0.0212944373 0.004469805
v 0.182641864 0.0223261584 0.00500000035
v 0.180167645 0.0257161651 0.00500000035
v 0.183114037 0.0212171953 0.00392888254
v 0.178962871 0.0270630028 0.004469805
v 0.177342385 0.02884996 0.00500000035
v 0.17885235 0.0269648284 0.00392888254
v 0.173709929 0.0320145339 0.004469805
v 0.1742086 0.0316752121 0.00500000035
v 0.170818582 0.03414942 0.00500000035
v 0.173618466 0.0318984 0.00392888254
v 0.167731851 0.03592629 0.004469805
v 0.167231649 0.03624199 0.00500000035
v 0.16351068 0.037935365 0.00500000035
v 0.167662054 0.03579597 0.00392888254
v 0.161334038 0.03867747 0.004469805
v 0.159718871 0.03922508 0.00500000035
v 0.161287457 0.038537167 0.00392888254
v 0.154828817 0.0402579531 0.004469805
v 0.155916527 0.0401188619 0.00500000035
v 0.148492426 0.0408000052 0.00500000035
v 0.154805839 0.04011192 0.00392888254
v 0.148492426 0.0407535657 0.004469805
v 0.148492426 0.040605735 0.00392888254
v 0.1442989 0.0405372344 0.004469805
v 0.141068339 0.0401188619 0.00500000035
v 0.148492426 0.0403505266 0.0034063356
v 0.139993876 0.0398575924 0.004469805
v 0.13726598 0.03922508 0.00500000035
v 0.14431411 0.04039019 0.00392888254
v 0.148492426 0.0399933234 0.002933602
v 0.135650843 0.03867747 0.004469805
v 0.133474156 0.037935365 0.00500000035
v 0.144340366 0.0401363336 0.0034063356
v 0.1400247 0.0397130139 0.00392888254
v 0.148492426 0.039551463 0.00253885332
v 0.131354749 0.0369750261 0.004469805
v 0.129753217 0.03624199 0.00500000035
v 0.144377127 0.03978103 0.002933602
v 0.140077919 0.0394634157 0.0034063356
v 0.13569741 0.038537167 0.00392888254
v 0.148492426 0.0390515924 0.00224167388
v 0.127198 0.03474766 0.004469805
v 0.126166269 0.03414942 0.00500000035
v 0.144422591 0.03934151 0.00253885332
v 0.14015241 0.0391140655 0.002933602
v 0.135777831 0.0382949635 0.0034063356
v 0.1314169 0.0368409 0.00392888254
v 0.148492426 0.0385246053 0.00205000234
v 0.123274922 0.0320145339 0.004469805
v 0.122776262 0.0316752121 0.00500000035
v 0.14447403 0.0388442948 0.00224167388
v 0.144528255 0.03832011 0.00205000234
v 0.14157784 0.0373656042 0.00196026312
v 0.127275229 0.034621615 0.00392888254
v 0.13152422 0.0366093554 0.0034063356
v 0.119675308 0.0288171228 0.004469805
v 0.119642474 0.02884996 0.00500000035
v 0.116817221 0.0257161651 0.00500000035
v 0.1233664 0.0318984 0.00392888254
v 0.1164779 0.025217507 0.004469805
v 0.11434301 0.0223261584 0.00500000035
v 0.1358904 0.0379559547 0.002933602
v 0.1274086 0.03440402 0.0034063356
v 0.11977984 0.0287125912 0.00392888254
v 0.113744773 0.0212944373 0.004469805
v 0.11225044 0.01873922 0.00500000035
v 0.140244558 0.0386819169 0.00253885332
v 0.131674424 0.0362852737 0.002933602
v 0.123524323 0.03169792 0.0034063356
v 0.116594024 0.0251260325 0.00392888254
v 0.1115174 0.0171376932 0.004469805
v 0.110557072 0.0150182648 0.00500000035
v 0.1403488 0.0381930359 0.00224167388
v 0.127595231 0.03409946 0.002933602
v 0.119960308 0.02853213 0.0034063356
v 0.113870814 0.0212171953 0.00392888254
v 0.109814964 0.0128415935 0.004469805
v 0.109267354 0.0112264557 0.00500000035
v 0.1404587 0.03767764 0.00205000234
v 0.1363532 0.0365620553 0.00205000234
v 0.134504825 0.035331957 0.00196026312
v 0.136187136 0.0370621979 0.00224167388
v 0.132292062 0.0349527262 0.00205000234
v 0.131039232 0.0337547958 0.00196026312
v 0.116794512 0.0249681175 0.0034063356
v 0.108634837 0.008498552 0.004469805
v 0.108373575 0.007424093 0.00500000035
v 0.136029616 0.0375366062 0.00253885332
v 0.131860241 0.0358843766 0.00253885332
v 0.132070452 0.035430856 0.00224167388
v 0.127826124 0.0337227136 0.00253885332
v 0.128087312 0.03329651 0.00224167388
v 0.123745345 0.0314173177 0.002933602
v 0.124018759 0.0310702063 0.00253885332
v 0.120212875 0.0282795522 0.002933602
v 0.128362656 0.0328471847 0.00205000234
v 0.127698451 0.0318058319 0.00196026312
v 0.124328062 0.0306775253 0.00224167388
v 0.124654159 0.0302635431 0.00205000234
v 0.124541104 0.0295014232 0.00196026312
v 0.12052533 0.0279671066 0.00253885332
v 0.117075115 0.0247470867 0.002933602
v 0.121251419 0.02724101 0.00205000234
v 0.121622369 0.026870057 0.00196026312
v 0.118991 0.0239513274 0.00196026312
v 0.120878786 0.0276136473 0.00224167388
v 0.118228883 0.0238382723 0.00205000234
v 0.1166866 0.02079397 0.00196026312
v 0.117422223 0.02447367 0.00253885332
v 0.117814913 0.02416436 0.00224167388
v 0.1140884 0.021083843 0.0034063356
v 0.115645237 0.02012977 0.00205000234
v 0.114737637 0.0174531955 0.00196026312
v 0.115195923 0.0204051267 0.00224167388
v 0.11476972 0.020666318 0.00253885332
v 0.114392973 0.0208972 0.002933602
v 0.111651532 0.0170755275 0.00392888254
v 0.1135397 0.0162003711 0.00205000234
v 0.113160469 0.0139875989 0.00196026312
v 0.113061577 0.01642198 0.00224167388
v 0.11260806 0.0166321844 0.00253885332
v 0.112207159 0.0168179981 0.002933602
v 0.111883074 0.01696821 0.0034063356
v 0.109955259 0.0127950115 0.00392888254
v 0.111930378 0.0121392412 0.00205000234
v 0.111126825 0.006914596 0.00196026312
v 0.111430228 0.012305296 0.00224167388
v 0.110955827 0.0124628078 0.00253885332
v 0.110536478 0.0126020405 0.002933602
v 0.110197477 0.0127145946 0.0034063356
v 0.108779415 0.008467724 0.00392888254
v 0.10902901 0.008414504 0.0034063356
v 0.10937836 0.008340015 0.002933602
v 0.109810516 0.008247871 0.00253885332
v 0.110299394 0.008143632 0.00224167388
v 0.107955195 0.004193538 0.004469805
v 0.10769242 2.49827963E-18 0.00500000035
v 0.108102247 0.00417832658 0.00392888254
v 0.1083561 0.00415206561 0.0034063356
v 0.108711407 0.00411530957 0.002933602
v 0.10773886 -1.54296829E-17 0.004469805
v 0.1078867 -1.52516968E-17 0.00392888254
v 0.107955195 -0.004193538 0.004469805
v 0.108373575 -0.007424093 0.00500000035
v 0.108141907 -4.47531E-18 0.0034063356
v 0.109150924 0.004069842 0.00253885332
v 0.108634837 -0.008498552 0.004469805
v 0.109267354 -0.0112264557 0.00500000035
v 0.108102247 -0.00417832658 0.00392888254
v 0.108499095 -4.47795465E-18 0.002933602
v 0.110600233 -0.0150011713 0.004469805
v 0.110557072 -0.0150182648 0.00500000035
v 0.11225044 -0.01873922 0.00500000035
v 0.1083561 -0.00415206561 0.0034063356
v 0.108779415 -0.008467724 0.00392888254
v 0.113744773 -0.0212944373 0.004469805
v 0.11434301 -0.0223261584 0.00500000035
v 0.116817221 -0.0257161651 0.00500000035
v 0.110737689 -0.0149467569 0.00392888254
v 0.10902901 -0.008414504 0.0034063356
v 0.108711407 -0.00411530957 0.002933602
v 0.118022 -0.0270630028 0.004469805
v 0.119642474 -0.02884996 0.00500000035
v 0.113870814 -0.0212171953 0.00392888254
v 0.110974982 -0.0148528153 0.0034063356
v 0.123274922 -0.0320145339 0.004469805
v 0.122776262 -0.0316752121 0.00500000035
v 0.126166269 -0.03414942 0.00500000035
v 0.118132532 -0.0269648284 0.00392888254
v 0.12925303 -0.03592629 0.004469805
v 0.129753217 -0.03624199 0.00500000035
v 0.133474156 -0.037935365 0.00500000035
v 0.10937836 -0.008340015 0.002933602
v 0.1140884 -0.021083843 0.0034063356
v 0.1233664 -0.0318984 0.00392888254
v 0.135650843 -0.03867747 0.004469805
v 0.13726598 -0.03922508 0.00500000035
v 0.1113071 -0.0147213312 0.002933602
v 0.118323341 -0.0267953575 0.0034063356
v 0.129322812 -0.03579597 0.00392888254
v 0.142156035 -0.0402579531 0.004469805
v 0.141068339 -0.0401188619 0.00500000035
v 0.148492426 -0.0408000052 0.00500000035
v 0.148492426 -0.0407535657 0.004469805
v 0.13569741 -0.038537167 0.00392888254
v 0.142179012 -0.04011192 0.00392888254
v 0.148492426 -0.040605735 0.00392888254
v 0.123524323 -0.03169792 0.0034063356
v 0.114392973 -0.0208972 0.002933602
v 0.129443288 -0.03557099 0.0034063356
v 0.142218709 -0.03985982 0.0034063356
v 0.148492426 -0.0403505266 0.0034063356
v 0.135777831 -0.0382949635 0.0034063356
v 0.118590415 -0.0265581533 0.002933602
v 0.142274246 -0.0395069644 0.002933602
v 0.148492426 -0.0399933234 0.002933602
v 0.123745345 -0.0314173177 0.002933602
v 0.129611924 -0.0352561 0.002933602
v 0.1358904 -0.0379559547 0.002933602
v 0.142342925 -0.0390704721 0.00253885332
v 0.148492426 -0.039551463 0.00253885332
v 0.136029616 -0.0375366062 0.00253885332
v 0.129820526 -0.0348665752 0.00253885332
v 0.124018759 -0.0310702063 0.00253885332
v 0.118920788 -0.0262647271 0.00253885332
v 0.142420664 -0.03857668 0.00224167388
v 0.148492426 -0.0390515924 0.00224167388
v 0.136187136 -0.0370621979 0.00224167388
v 0.130056515 -0.0344259143 0.00224167388
v 0.124328062 -0.0306775253 0.00224167388
v 0.1425026 -0.0380561054 0.00205000234
v 0.148492426 -0.0385246053 0.00205000234
v 0.148492426 -0.0380000025 0.00196026312
v 0.14157784 -0.0373656042 0.00196026312
v 0.1363532 -0.0365620553 0.00205000234
v 0.134504825 -0.035331957 0.00196026312
v 0.1303053 -0.033961352 0.00205000234
v 0.131039232 -0.0337547958 0.00196026312
v 0.127698451 -0.0318058319 0.00196026312
v 0.124654159 -0.0302635431 0.00205000234
v 0.124541104 -0.0295014232 0.00196026312
v 0.121622369 -0.026870057 0.00196026312
v 0.119688541 -0.0255828276 0.00205000234
v 0.118991 -0.0239513274 0.00196026312
v 0.119294524 -0.02593278 0.00224167388
v 0.115645237 -0.02012977 0.00205000234
v 0.1166866 -0.02079397 0.00196026312
v 0.114737637 -0.0174531955 0.00196026312
v 0.115195923 -0.0204051267 0.00224167388
v 0.112672709 -0.014180704 0.00205000234
v 0.113160469 -0.0139875989 0.00196026312
v 0.11476972 -0.020666318 0.00253885332
v 0.110814795 -0.008033737 0.00205000234
v 0.111126825 -0.006914596 0.00196026312
v 0.112182721 -0.0143746845 0.00224167388
v 0.111717947 -0.014558685 0.00253885332
v 0.110172324 -0.00396417826 0.00205000234
v 0.110492423 2.326829E-18 0.00196026312
v 0.110299394 -0.008143632 0.00224167388
v 0.109810516 -0.008247871 0.00253885332
v 0.109648138 -0.004018405 0.00224167388
v 0.109150924 -0.004069842 0.00253885332
v 0.109967828 1.36620806E-17 0.00205000234
v 0.108940966 0 0.00253885332
v 0.109440833 0 0.00224167388
v 0.110172324 0.00396417826 0.00205000234
v 0.109648138 0.004018405 0.00224167388
v 0.110814795 0.008033737 0.00205000234
v 0.110242434 0.0336579569 0.00025
v 0.110492423 0.0241039433 0.0005
v 0.109992437 0.0223159157 0
v 0.109992437 0.0445 0
v 0.110492423 0.045 0.0005
v 0.133742437 0.07156855 0.00025
v 0.133492425 0.07863961 0.0005
v 0.133992434 0.0774325058 0
v 0.133992434 0.06470458 0
v 0.133492425 0.06449748 0.0005
v 0.133742437 -0.07156855 0.00025
v 0.133992434 -0.0774325058 0
v 0.133492425 -0.07863961 0.0005
v 0.133492425 -0.06449748 0.0005
v 0.133992434 -0.06470458 0
v 0.156902343 -0.0549940057 0.0003333334
v 0.179958671 -0.0314662531 0
v 0.180312246 -0.0318198055 0.0005
v 0.133492425 -0.07863961 0.0005
v 0.133992434 -0.0774325058 0
v 0.180312246 0.0318198055 0.0005
v 0.182850733 0.0286717638 0.00025
v 0.179958671 0.0314662531 0
v 0.18304266 0.02883194 0.0005
v 0.182658762 0.0285115875 0
v 0.185571045 0.0254985578 0.0005
v 0.185365066 0.0253568981 0.00025
v 0.185159057 0.02521524 0
v 0.187839434 0.021836048 0.0005
v 0.187620834 0.0217147358 0.00025
v 0.187402248 0.0215934236 0
v 0.189790815 0.0178729817 0.0005
v 0.189561382 0.0177736878 0.00025
v 0.189331934 0.017674394 0
v 0.191372111 0.0136503614 0.0005
v 0.191133916 0.0135745248 0.00025
v 0.190895677 0.01349869 0
v 0.192537591 0.009220926 0.0005
v 0.192292869 0.0091697 0.00025
v 0.192048177 0.009118472 0
v 0.193251818 0.00464744354 0.0005
v 0.193003148 0.00462162448 0.00025
v 0.192754477 0.004595806 0
v 0.193492442 1.30070729E-18 0.0005
v 0.193242431 5.08088743E-18 0.00025
v 0.192992419 4.16226332E-17 0
v 0.193251818 -0.00464744354 0.0005
v 0.193003148 -0.00462162448 0.00025
v 0.192754477 -0.004595806 0
v 0.192537591 -0.009220926 0.0005
v 0.192292869 -0.0091697 0.00025
v 0.192048177 -0.009118472 0
v 0.191372111 -0.0136503614 0.0005
v 0.191133916 -0.0135745248 0.00025
v 0.190895677 -0.01349869 0
v 0.189790815 -0.0178729817 0.0005
v 0.189561382 -0.0177736878 0.00025
v 0.189331934 -0.017674394 0
v 0.187839434 -0.021836048 0.0005
v 0.187620834 -0.0217147358 0.00025
v 0.187402248 -0.0215934236 0
v 0.185571045 -0.0254985578 0.0005
v 0.185365066 -0.0253568981 0.00025
v 0.185159057 -0.02521524 0
v 0.18304266 -0.02883194 0.0005
v 0.182850733 -0.0286717638 0.00025
v 0.182658762 -0.0285115875 0
v 0.180312246 -0.0318198055 0.0005
v 0.179958671 -0.0314662531 0
v 0.144056737 -0.0544736 0.000117851145
v 0.133992434 -0.06470458 0
v 0.133492425 -0.06449748 0.0005
v 0.153241172 -0.04474874 0.0005
v 0.15462105 -0.04407596 0
v 0.110242434 -0.0336579569 0.00025
v 0.109992437 -0.0223159157 0
v 0.110492423 -0.0241039433 0.0005
v 0.110492423 -0.045 0.0005
v 0.109992437 -0.0445 0
v 0.106992431 -0.044750005 0.00025
v 0.109992437 -0.0445 0
v 0.110492423 -0.045 0.0005
v 0.103492431 -0.045 0.0005
v 0.103992432 -0.0445 0
v 0.103742436 8.881785E-18 0.00025
v 0.103992432 -0.0445 0
v 0.103492431 -0.045 0.0005
v 0.103492431 0.045 0.0005
v 0.103992432 0.0445 0
v 0.106992431 0.044750005 0.00025
v 0.103992432 0.0445 0
v 0.103492431 0.045 0.0005
v 0.110492423 0.045 0.0005
v 0.109992437 0.0445 0
v 0.133492425 0.07863961 0.0005
v 0.133492425 0.07156855 0.00275000022
v 0.133492425 0.07863961 0.00500000035
v 0.133492425 0.06449748 0.0005
v 0.133492425 0.06449748 0.00500000035
v 0.180312246 0.0318198055 0.0005
v 0.156902343 0.05522971 0.00275000022
v 0.180312246 0.0318198055 0.00500000035
v 0.133492425 0.07863961 0.0005
v 0.156902343 0.05522971 0.00500000035
v 0.133492425 0.07863961 0.00500000035
v 0.145197377 0.06693466 0.00500000035
v 0.180312246 -0.0318198055 0.0005
v 0.18304266 -0.02883194 0.00275000022
v 0.180312246 -0.0318198055 0.00500000035
v 0.18304266 -0.02883194 0.0005
v 0.18304266 -0.02883194 0.00500000035
v 0.185571045 -0.0254985578 0.0005
v 0.185571045 -0.0254985578 0.00275000022
v 0.185571045 -0.0254985578 0.00500000035
v 0.187839434 -0.021836048 0.0005
v 0.187839434 -0.021836048 0.00275000022
v 0.187839434 -0.021836048 0.00500000035
v 0.189790815 -0.0178729817 0.0005
v 0.189790815 -0.0178729817 0.00275000022
v 0.189790815 -0.0178729817 0.00500000035
v 0.191372111 -0.0136503614 0.0005
v 0.191372111 -0.0136503614 0.00275000022
v 0.191372111 -0.0136503614 0.00500000035
v 0.192537591 -0.009220926 0.0005
v 0.192537591 -0.009220926 0.00275000022
v 0.192537591 -0.009220926 0.00500000035
v 0.193251818 -0.00464744354 0.0005
v 0.193251818 -0.00464744354 0.00275000022
v 0.193251818 -0.00464744354 0.00500000035
v 0.193492442 1.30070729E-18 0.0005
v 0.193492442 2.60141454E-17 0.00275000022
v 0.193492442 1.30070729E-18 0.00500000035
v 0.193251818 0.00464744354 0.0005
v 0.193251818 0.00464744354 0.00275000022
v 0.193251818 0.00464744354 0.00500000035
v 0.192537591 0.009220926 0.0005
v 0.192537591 0.009220926 0.00275000022
v 0.192537591 0.009220926 0.00500000035
v 0.191372111 0.0136503614 0.0005
v 0.191372111 0.0136503614 0.00275000022
v 0.191372111 0.0136503614 0.00500000035
v 0.189790815 0.0178729817 0.0005
v 0.189790815 0.0178729817 0.00275000022
v 0.189790815 0.0178729817 0.00500000035
v 0.187839434 0.021836048 0.0005
v 0.187839434 0.021836048 0.00275000022
v 0.187839434 0.021836048 0.00500000035
v 0.185571045 0.0254985578 0.0005
v 0.185571045 0.0254985578 0.00275000022
v 0.185571045 0.0254985578 0.00500000035
v 0.18304266 0.02883194 0.0005
v 0.18304266 0.02883194 0.00275000022
v 0.18304266 0.02883194 0.00500000035
v 0.180312246 0.0318198055 0.0005
v 0.180312246 0.0318198055 0.00500000035
v 0.133492425 -0.07863961 0.0005
v 0.156902343 -0.05522971 0.00275000022
v 0.133492425 -0.07863961 0.00500000035
v 0.180312246 -0.0318198055 0.0005
v 0.180312246 -0.0318198055 0.00500000035
v 0.133492425 -0.06449748 0.0005
v 0.133492425 -0.07156855 0.00275000022
v 0.133492425 -0.06449748 0.00500000035
v 0.133492425 -0.07863961 0.0005
v 0.133492425 -0.07863961 0.00500000035
v 0.121445589 -0.0270468369 0.00025
v 0.121622369 -0.026870057 0.0005
v 0.124541104 -0.0295014232 0.0005
v 0.118991 -0.0239513274 0.0005
v 0.124824084 -0.0300478227 0.00025
v 0.127698451 -0.0318058319 0.0005
v 0.118444607 -0.0236683525 0.00025
v 0.1166866 -0.02079397 0.0005
v 0.128506154 -0.03261305 0.00025
v 0.131039232 -0.0337547958 0.0005
v 0.115879387 -0.019986283 0.00025
v 0.114737637 -0.0174531955 0.0005
v 0.132407531 -0.0347035825 0.00025
v 0.134504825 -0.035331957 0.0005
v 0.113788851 -0.0160848945 0.00025
v 0.113160469 -0.0139875989 0.0005
v 0.136439711 -0.03630144 0.00025
v 0.14157784 -0.0373656042 0.0005
v 0.112190984 -0.012052712 0.00025
v 0.111126825 -0.006914596 0.0005
v 0.127424866 -0.0322243273 0
v 0.124225952 -0.0298895985 0
v 0.13080959 -0.0341989361 0
v 0.134320781 -0.03579685 0
v 0.121268824 -0.0272236113 0
v 0.118602827 -0.0242664814 0
v 0.116268106 -0.0210675783 0
v 0.1142935 -0.0176828429 0
v 0.112695575 -0.0141716478 0
v 0.137898833 -0.03701386 0
v 0.111478575 -0.0105935913 0
v 0.140515968 -0.03740907 0.00025
v 0.141486853 -0.0378572568 0
v 0.111083359 -0.007976471 0.00025
v 0.110635169 -0.007005578 0
v 0.144556507 -0.03804696 0.00025
v 0.148492426 -0.0380000025 0.0005
v 0.148492426 -0.0385 0
v 0.11044547 -0.003935922 0.00025
v 0.109992437 2.01210162E-17 0
v 0.110492423 2.00903989E-17 0.0005
v 0.110242434 2.22391561E-17 0.00025
v 0.11044547 0.003935922 0.00025
v 0.110635169 0.007005578 0
v 0.111126825 0.006914596 0.0005
v 0.111083359 0.007976471 0.00025
v 0.111478575 0.0105935913 0
v 0.113160469 0.0139875989 0.0005
v 0.112928018 0.0140796239 0.00025
v 0.112695575 0.0141716478 0
v 0.114737637 0.0174531955 0.0005
v 0.115879387 0.019986283 0.00025
v 0.1142935 0.0176828429 0
v 0.1166866 0.02079397 0.0005
v 0.116268106 0.0210675783 0
v 0.118991 0.0239513274 0.0005
v 0.118602827 0.0242664814 0
v 0.119893849 0.0254004728 0.00025
v 0.121622369 0.026870057 0.0005
v 0.124824084 0.0300478227 0.00025
v 0.121268824 0.0272236113 0
v 0.124541104 0.0295014232 0.0005
v 0.124225952 0.0298895985 0
v 0.127698451 0.0318058319 0.0005
v 0.13043493 0.0337192751 0.00025
v 0.127424866 0.0322243273 0
v 0.131039232 0.0337547958 0.0005
v 0.13080959 0.0341989361 0
v 0.134504825 0.035331957 0.0005
v 0.134320781 0.03579685 0
v 0.136439711 0.03630144 0.00025
v 0.14157784 0.0373656042 0.0005
v 0.137898833 0.03701386 0
v 0.1425453 0.03778484 0.00025
v 0.141486853 0.0378572568 0
v 0.148492426 0.0380000025 0.0005
v 0.148492426 0.0385 6.9388944E-20
v 0.152428344 0.03804696 0.00025
v 0.155498 0.0378572568 0
v 0.155407026 0.0373656042 0.0005
v 0.1564689 0.03740907 0.00025
v 0.159086019 0.03701386 0
v 0.160545141 0.03630144 0.00025
v 0.162480041 0.035331957 0.0005
v 0.162664071 0.03579685 0
v 0.164577335 0.0347035825 0.00025
v 0.165945619 0.0337547958 0.0005
v 0.166175276 0.0341989361 0
v 0.168478712 0.03261305 0.00025
v 0.169286415 0.0318058319 0.0005
v 0.16956 0.0322243273 0
v 0.172160789 0.0300478227 0.00025
v 0.172443762 0.0295014232 0.0005
v 0.17553927 0.0270468369 0.00025
v 0.1727589 0.0298895985 0
v 0.1753625 0.026870057 0.0005
v 0.175716043 0.0272236113 0
v 0.177993864 0.0239513274 0.0005
v 0.178382024 0.0242664814 0
v 0.17854026 0.0236683525 0.00025
v 0.180298254 0.02079397 0.0005
v 0.180716753 0.0210675783 0
v 0.1811055 0.019986283 0.00025
v 0.182247236 0.0174531955 0.0005
v 0.182691365 0.0176828429 0
v 0.183196008 0.0160848945 0.00025
v 0.18382439 0.0139875989 0.0005
v 0.184289277 0.0141716478 0
v 0.18479389 0.012052712 0.00025
v 0.185506284 0.0105935913 0
v 0.185858026 0.006914596 0.0005
v 0.185901508 0.007976471 0.00025
v 0.18634969 0.007005578 0
v 0.186539382 0.003935922 0.00025
v 0.186492428 2.00903989E-17 0.0005
v 0.186992422 2.01210162E-17 0
v 0.186742425 1.776357E-17 0.00025
v 0.186539382 -0.003935922 0.00025
v 0.185858026 -0.006914596 0.0005
v 0.18634969 -0.007005578 0
v 0.185901508 -0.007976471 0.00025
v 0.18382439 -0.0139875989 0.0005
v 0.185506284 -0.0105935913 0
v 0.184056848 -0.0140796239 0.00025
v 0.184289277 -0.0141716478 0
v 0.182247236 -0.0174531955 0.0005
v 0.1811055 -0.019986283 0.00025
v 0.182691365 -0.0176828429 0
v 0.180298254 -0.02079397 0.0005
v 0.180716753 -0.0210675783 0
v 0.177993864 -0.0239513274 0.0005
v 0.178382024 -0.0242664814 0
v 0.177091032 -0.0254004728 0.00025
v 0.1753625 -0.026870057 0.0005
v 0.172160789 -0.0300478227 0.00025
v 0.175716043 -0.0272236113 0
v 0.172443762 -0.0295014232 0.0005
v 0.1727589 -0.0298895985 0
v 0.169286415 -0.0318058319 0.0005
v 0.166549921 -0.0337192751 0.00025
v 0.16956 -0.0322243273 0
v 0.165945619 -0.0337547958 0.0005
v 0.166175276 -0.0341989361 0
v 0.162480041 -0.035331957 0.0005
v 0.162664071 -0.03579685 0
v 0.160545141 -0.03630144 0.00025
v 0.155407026 -0.0373656042 0.0005
v 0.159086019 -0.03701386 0
v 0.154439569 -0.03778484 0.00025
v 0.148492426 -0.0380000025 0.0005
v 0.155498 -0.0378572568 0
v 0.148492426 -0.0385 0
v 0.1664319 0.033498887 0.0012301316
v 0.165945619 0.0337547958 0.0005
v 0.169286415 0.0318058319 0.0005
v 0.172006071 0.0298514329 0.0012301316
v 0.172443762 0.0295014232 0.0005
v 0.162480041 0.035331957 0.0005
v 0.1753625 0.026870057 0.0005
v 0.160466373 0.0360641778 0.0012301316
v 0.155407026 0.0373656042 0.0005
v 0.176904082 0.0252344571 0.0012301316
v 0.177993864 0.0239513274 0.0005
v 0.180892333 0.019855652 0.0012301316
v 0.180298254 0.02079397 0.0005
v 0.182247236 0.0174531955 0.0005
v 0.1544007 0.03753788 0.0012301316
v 0.148492426 0.0380000025 0.0005
v 0.18382439 0.0139875989 0.0012301316
v 0.18382439 0.0139875989 0.0005
v 0.185657 0.007924337 0.0012301316
v 0.185858026 0.006914596 0.0005
v 0.186290711 0.00391019648 0.0012301316
v 0.186492428 2.00903989E-17 0.0005
v 0.155407026 0.0373656042 0.00196026312
v 0.162480041 0.035331957 0.00196026312
v 0.148492426 0.0380000025 0.00196026312
v 0.165945619 0.0337547958 0.00196026312
v 0.169286415 0.0318058319 0.00196026312
v 0.172443762 0.0295014232 0.00196026312
v 0.1753625 0.026870057 0.00196026312
v 0.177993864 0.0239513274 0.00196026312
v 0.180298254 0.02079397 0.00196026312
v 0.182247236 0.0174531955 0.00196026312
v 0.18382439 0.0139875989 0.00196026312
v 0.185858026 0.006914596 0.00196026312
v 0.186492428 2.326829E-18 0.00196026312
v 0.186492428 1.776357E-17 0.0012301316
v 0.186290711 -0.00391019648 0.0012301316
v 0.185858026 -0.006914596 0.00196026312
v 0.185858026 -0.006914596 0.0005
v 0.185657 -0.007924337 0.0012301316
v 0.1845566 -0.0119739361 0.0012301316
v 0.18382439 -0.0139875989 0.00196026312
v 0.18382439 -0.0139875989 0.0005
v 0.1829692 -0.015979765 0.0012301316
v 0.182247236 -0.0174531955 0.00196026312
v 0.182247236 -0.0174531955 0.0005
v 0.180892333 -0.019855652 0.0012301316
v 0.180298254 -0.02079397 0.00196026312
v 0.180298254 -0.02079397 0.0005
v 0.178343862 -0.023513658 0.0012301316
v 0.177993864 -0.0239513274 0.00196026312
v 0.1753625 -0.026870057 0.0012301316
v 0.177993864 -0.0239513274 0.0005
v 0.1753625 -0.026870057 0.00196026312
v 0.1753625 -0.026870057 0.0005
v 0.172443762 -0.0295014232 0.00196026312
v 0.172443762 -0.0295014232 0.0005
v 0.172006071 -0.0298514329 0.0012301316
v 0.169286415 -0.0318058319 0.00196026312
v 0.169286415 -0.0318058319 0.0005
v 0.168348089 -0.0323998965 0.0012301316
v 0.165945619 -0.0337547958 0.00196026312
v 0.165945619 -0.0337547958 0.0005
v 0.164472178 -0.0344767645 0.0012301316
v 0.162480041 -0.035331957 0.00196026312
v 0.162480041 -0.035331957 0.0005
v 0.160466373 -0.0360641778 0.0012301316
v 0.155407026 -0.0373656042 0.00196026312
v 0.155407026 -0.0373656042 0.0005
v 0.156416759 -0.03716457 0.0012301316
v 0.152402639 -0.03779829 0.0012301316
v 0.148492426 -0.0380000025 0.00196026312
v 0.148492426 -0.0380000025 0.0005
v 0.144582227 0.03779829 0.0012301316
v 0.14157784 0.0373656042 0.00196026312
v 0.14157784 0.0373656042 0.0005
v 0.140568092 0.03716457 0.0012301316
v 0.1365185 0.0360641778 0.0012301316
v 0.134504825 0.035331957 0.00196026312
v 0.134504825 0.035331957 0.0005
v 0.132512659 0.0344767645 0.0012301316
v 0.131039232 0.0337547958 0.00196026312
v 0.131039232 0.0337547958 0.0005
v 0.128636777 0.0323998965 0.0012301316
v 0.127698451 0.0318058319 0.00196026312
v 0.127698451 0.0318058319 0.0005
v 0.124978781 0.0298514329 0.0012301316
v 0.124541104 0.0295014232 0.00196026312
v 0.121622369 0.026870057 0.0012301316
v 0.124541104 0.0295014232 0.0005
v 0.121622369 0.026870057 0.00196026312
v 0.121622369 0.026870057 0.0005
v 0.118991 0.0239513274 0.00196026312
v 0.118991 0.0239513274 0.0005
v 0.118641 0.023513658 0.0012301316
v 0.1166866 0.02079397 0.00196026312
v 0.1166866 0.02079397 0.0005
v 0.116092533 0.019855652 0.0012301316
v 0.114737637 0.0174531955 0.00196026312
v 0.114737637 0.0174531955 0.0005
v 0.114015669 0.015979765 0.0012301316
v 0.113160469 0.0139875989 0.00196026312
v 0.113160469 0.0139875989 0.0005
v 0.112428255 0.0119739361 0.0012301316
v 0.111126825 0.006914596 0.00196026312
v 0.111126825 0.006914596 0.0005
v 0.111327857 0.007924337 0.0012301316
v 0.11069414 0.00391019648 0.0012301316
v 0.110492423 2.326829E-18 0.00196026312
v 0.110492423 2.00903989E-17 0.0005
v 0.110492423 8.881785E-18 0.0012301316
v 0.11069414 -0.00391019648 0.0012301316
v 0.111126825 -0.006914596 0.00196026312
v 0.111126825 -0.006914596 0.0005
v 0.111327857 -0.007924337 0.0012301316
v 0.113160469 -0.0139875989 0.00196026312
v 0.113160469 -0.0139875989 0.0005
v 0.113160469 -0.0139875989 0.0012301316
v 0.114737637 -0.0174531955 0.00196026312
v 0.116092533 -0.019855652 0.0012301316
v 0.114737637 -0.0174531955 0.0005
v 0.1166866 -0.02079397 0.00196026312
v 0.1166866 -0.02079397 0.0005
v 0.118991 -0.0239513274 0.00196026312
v 0.118991 -0.0239513274 0.0005
v 0.120080777 -0.0252344571 0.0012301316
v 0.121622369 -0.026870057 0.00196026312
v 0.124978781 -0.0298514329 0.0012301316
v 0.121622369 -0.026870057 0.0005
v 0.124541104 -0.0295014232 0.00196026312
v 0.124541104 -0.0295014232 0.0005
v 0.127698451 -0.0318058319 0.00196026312
v 0.130552962 -0.033498887 0.0012301316
v 0.127698451 -0.0318058319 0.0005
v 0.131039232 -0.0337547958 0.00196026312
v 0.131039232 -0.0337547958 0.0005
v 0.134504825 -0.035331957 0.00196026312
v 0.134504825 -0.035331957 0.0005
v 0.1365185 -0.0360641778 0.0012301316
v 0.14157784 -0.0373656042 0.00196026312
v 0.14157784 -0.0373656042 0.0005
v 0.14258416 -0.03753788 0.0012301316
v 0.148492426 -0.0380000025 0.00196026312
v 0.148492426 -0.0380000025 0.0005
v 0.153241172 -0.04474874 0.00500000035
v 0.147211462 -0.0449817665 0.00275000022
v 0.153241172 -0.04474874 0.0005
v 0.147211462 -0.0449817665 0.00500000035
v 0.147211462 -0.0449817665 0.0005
v 0.14102903 -0.0443767719 0.00500000035
v 0.14102903 -0.0443767719 0.00275000022
v 0.14102903 -0.0443767719 0.0005
v 0.1348699 -0.04288854 0.00500000035
v 0.1348699 -0.04288854 0.00275000022
v 0.1348699 -0.04288854 0.0005
v 0.128922969 -0.0405220538 0.00500000035
v 0.128922969 -0.0405220538 0.00275000022
v 0.128922969 -0.0405220538 0.0005
v 0.123371944 -0.0373357944 0.00500000035
v 0.123371944 -0.0373357944 0.00275000022
v 0.123371944 -0.0373357944 0.0005
v 0.118376829 -0.0334372632 0.00500000035
v 0.118376829 -0.0334372632 0.00275000022
v 0.118376829 -0.0334372632 0.0005
v 0.114058971 -0.0289713219 0.00500000035
v 0.114058971 -0.0289713219 0.00275000022
v 0.114058971 -0.0289713219 0.0005
v 0.110492423 -0.0241039433 0.00500000035
v 0.110492423 -0.0241039433 0.0005
v 0.153241172 -0.04474874 0.0005
v 0.1433668 -0.0546231121 0.00275000022
v 0.153241172 -0.04474874 0.00500000035
v 0.133492425 -0.06449748 0.0005
v 0.133492425 -0.06449748 0.00500000035
f 1 2 3
f 1 3 4
f 5 1 4
f 4 3 6
f 7 5 4
f 8 4 6
f 7 4 8
f 8 6 9
f 10 7 8
f 11 8 9
f 10 8 11
f 11 9 12
f 13 10 11
f 14 11 12
f 13 11 14
f 14 12 15
f 16 13 14
f 17 14 15
f 16 14 17
f 17 15 18
f 19 16 17
f 20 17 18
f 19 17 20
f 20 18 21
f 22 20 21
f 23 19 20
f 23 20 22
f 22 21 24
f 25 23 22
f 26 22 24
f 27 25 22
f 28 22 26
f 27 22 28
f 29 28 26
f 30 27 28
f 31 28 29
f 31 30 28
f 32 31 29
f 31 32 30
f 32 29 33
f 32 34 30
f 35 32 33
f 32 35 34
f 35 33 36
f 35 37 34
f 38 35 36
f 35 38 37
f 38 36 39
f 38 40 37
f 41 38 39
f 38 41 40
f 41 39 42
f 41 43 40
f 44 41 42
f 41 44 43
f 44 42 45
f 44 46 43
f 47 44 45
f 44 47 46
f 47 45 48
f 46 47 49
f 47 48 49
f 48 50 49
f 50 51 49
f 49 51 52
f 50 53 51
f 51 54 52
f 53 55 51
f 51 55 54
f 53 56 55
f 55 57 54
f 56 58 55
f 55 58 57
f 56 59 58
f 58 60 57
f 59 61 58
f 58 61 60
f 59 62 61
f 61 63 60
f 62 64 61
f 61 64 63
f 62 65 64
f 64 66 63
f 65 67 64
f 64 67 66
f 65 68 67
f 68 69 67
f 67 70 66
f 67 69 70
f 68 71 69
f 69 72 70
f 71 73 69
f 69 74 72
f 73 75 69
f 69 75 74
f 73 76 75
f 75 77 74
f 76 78 75
f 75 78 77
f 76 79 78
f 79 77 78
f 80 79 76
f 79 81 77
f 82 79 80
f 79 82 81
f 83 82 80
f 82 84 81
f 85 82 83
f 82 85 84
f 86 85 83
f 85 87 84
f 88 85 86
f 85 88 87
f 89 88 86
f 88 90 87
f 91 88 89
f 88 91 90
f 92 91 89
f 91 93 90
f 94 91 92
f 91 94 93
f 95 94 92
f 94 96 93
f 94 95 96
f 97 98 99
f 97 99 100
f 101 97 100
f 100 99 102
f 103 101 100
f 104 100 102
f 103 100 104
f 104 102 105
f 106 103 104
f 107 104 105
f 106 104 107
f 107 105 108
f 109 106 107
f 110 107 108
f 109 107 110
f 110 108 111
f 112 109 110
f 113 110 111
f 112 110 113
f 113 111 114
f 115 112 113
f 116 113 114
f 115 113 116
f 116 114 117
f 118 116 117
f 119 115 116
f 119 116 118
f 118 117 120
f 121 119 118
f 122 118 120
f 123 121 118
f 124 118 122
f 123 118 124
f 125 124 122
f 126 123 124
f 127 124 125
f 127 126 124
f 128 127 125
f 127 128 126
f 128 125 129
f 128 130 126
f 131 128 129
f 128 131 130
f 131 129 132
f 131 133 130
f 134 131 132
f 131 134 133
f 134 132 135
f 134 136 133
f 137 134 135
f 134 137 136
f 137 135 138
f 137 139 136
f 140 137 138
f 137 140 139
f 140 138 141
f 140 142 139
f 143 140 141
f 140 143 142
f 143 141 144
f 142 143 145
f 143 144 145
f 144 146 145
f 146 147 145
f 145 147 148
f 146 149 147
f 147 150 148
f 149 151 147
f 147 151 150
f 149 152 151
f 151 153 150
f 152 154 151
f 151 154 153
f 152 155 154
f 154 156 153
f 155 157 154
f 154 157 156
f 155 158 157
f 157 159 156
f 158 160 157
f 157 160 159
f 158 161 160
f 160 162 159
f 161 163 160
f 160 163 162
f 161 164 163
f 164 165 163
f 163 166 162
f 163 165 166
f 164 167 165
f 165 168 166
f 167 169 165
f 165 170 168
f 169 171 165
f 165 171 170
f 169 172 171
f 171 173 170
f 172 174 171
f 171 174 173
f 172 175 174
f 175 173 174
f 176 175 172
f 175 177 173
f 178 175 176
f 175 178 177
f 179 178 176
f 178 180 177
f 181 178 179
f 178 181 180
f 182 181 179
f 181 183 180
f 184 181 182
f 181 184 183
f 185 184 182
f 184 186 183
f 187 184 185
f 184 187 186
f 188 187 185
f 187 189 186
f 190 187 188
f 187 190 189
f 191 190 188
f 190 192 189
f 190 191 192
f 193 194 195
f 193 195 196
f 197 193 196
f 196 195 198
f 199 197 196
f 200 196 198
f 199 196 200
f 200 198 201
f 202 199 200
f 203 200 201
f 202 200 203
f 203 201 204
f 205 202 203
f 206 203 204
f 205 203 206
f 206 204 207
f 208 205 206
f 209 206 207
f 208 206 209
f 209 207 210
f 211 208 209
f 212 209 210
f 211 209 212
f 212 210 213
f 214 212 213
f 215 211 212
f 215 212 214
f 214 213 216
f 217 215 214
f 218 214 216
f 219 217 214
f 220 214 218
f 219 214 220
f 221 220 218
f 222 219 220
f 223 220 221
f 223 222 220
f 224 223 221
f 223 224 222
f 224 221 225
f 224 226 222
f 227 224 225
f 224 227 226
f 227 225 228
f 227 229 226
f 230 227 228
f 227 230 229
f 230 228 231
f 230 232 229
f 233 230 231
f 230 233 232
f 233 231 234
f 233 235 232
f 236 233 234
f 233 236 235
f 236 234 237
f 236 238 235
f 239 236 237
f 236 239 238
f 239 237 240
f 238 239 241
f 239 240 241
f 240 242 241
f 242 243 241
f 241 243 244
f 242 245 243
f 243 246 244
f 245 247 243
f 243 247 246
f 245 248 247
f 247 249 246
f 248 250 247
f 247 250 249
f 248 251 250
f 250 252 249
f 251 253 250
f 250 253 252
f 251 254 253
f 253 255 252
f 254 256 253
f 253 256 255
f 254 257 256
f 256 258 255
f 257 259 256
f 256 259 258
f 257 260 259
f 260 261 259
f 259 262 258
f 259 261 262
f 260 263 261
f 261 264 262
f 263 265 261
f 261 266 264
f 265 267 261
f 261 267 266
f 265 268 267
f 267 269 266
f 268 270 267
f 267 270 269
f 268 271 270
f 271 269 270
f 272 271 268
f 271 273 269
f 274 271 272
f 271 274 273
f 275 274 272
f 274 276 273
f 277 274 275
f 274 277 276
f 278 277 275
f 277 279 276
f 280 277 278
f 277 280 279
f 281 280 278
f 280 282 279
f 283 280 281
f 280 283 282
f 284 283 281
f 283 285 282
f 286 283 284
f 283 286 285
f 287 286 284
f 286 288 285
f 286 287 288
f 289 290 291
f 289 291 292
f 293 289 292
f 292 291 294
f 295 293 292
f 296 292 294
f 295 292 296
f 296 294 297
f 298 295 296
f 299 296 297
f 298 296 299
f 299 297 300
f 301 298 299
f 302 299 300
f 301 299 302
f 302 300 303
f 304 301 302
f 305 302 303
f 304 302 305
f 305 303 306
f 307 304 305
f 308 305 306
f 307 305 308
f 308 306 309
f 310 308 309
f 311 307 308
f 311 308 310
f 310 309 312
f 313 311 310
f 314 310 312
f 315 313 310
f 316 310 314
f 315 310 316
f 317 316 314
f 318 315 316
f 319 316 317
f 319 318 316
f 320 319 317
f 319 320 318
f 320 317 321
f 320 322 318
f 323 320 321
f 320 323 322
f 323 321 324
f 323 325 322
f 326 323 324
f 323 326 325
f 326 324 327
f 326 328 325
f 329 326 327
f 326 329 328
f 329 327 330
f 329 331 328
f 332 329 330
f 329 332 331
f 332 330 333
f 332 334 331
f 335 332 333
f 332 335 334
f 335 333 336
f 334 335 337
f 335 336 337
f 336 338 337
f 338 339 337
f 337 339 340
f 338 341 339
f 339 342 340
f 341 343 339
f 339 343 342
f 341 344 343
f 343 345 342
f 344 346 343
f 343 346 345
f 344 347 346
f 346 348 345
f 347 349 346
f 346 349 348
f 347 350 349
f 349 351 348
f 350 352 349
f 349 352 351
f 350 353 352
f 352 354 351
f 353 355 352
f 352 355 354
f 353 356 355
f 356 357 355
f 355 358 354
f 355 357 358
f 356 359 357
f 357 360 358
f 359 361 357
f 357 362 360
f 361 363 357
f 357 363 362
f 361 364 363
f 363 365 362
f 364 366 363
f 363 366 365
f 364 367 366
f 367 365 366
f 368 367 364
f 367 369 365
f 370 367 368
f 367 370 369
f 371 370 368
f 370 372 369
f 373 370 371
f 370 373 372
f 374 373 371
f 373 375 372
f 376 373 374
f 373 376 375
f 377 376 374
f 376 378 375
f 379 376 377
f 376 379 378
f 380 379 377
f 379 381 378
f 382 379 380
f 379 382 381
f 383 382 380
f 382 384 381
f 382 383 384
f 385 386 387
f 385 387 388
f 389 385 388
f 388 387 390
f 391 389 388
f 392 388 390
f 391 388 392
f 392 390 393
f 394 391 392
f 395 392 393
f 394 392 395
f 395 393 396
f 397 394 395
f 398 395 396
f 397 395 398
f 398 396 399
f 400 397 398
f 401 398 399
f 400 398 401
f 401 399 402
f 403 400 401
f 404 401 402
f 403 401 404
f 404 402 405
f 406 404 405
f 407 403 404
f 407 404 406
f 406 405 408
f 409 407 406
f 410 406 408
f 411 409 406
f 412 406 410
f 411 406 412
f 413 412 410
f 414 411 412
f 415 412 413
f 415 414 412
f 416 415 413
f 415 416 414
f 416 413 417
f 416 418 414
f 419 416 417
f 416 419 418
f 419 417 420
f 419 421 418
f 422 419 420
f 419 422 421
f 422 420 423
f 422 424 421
f 425 422 423
f 422 425 424
f 425 423 426
f 425 427 424
f 428 425 426
f 425 428 427
f 428 426 429
f 428 430 427
f 431 428 429
f 428 431 430
f 431 429 432
f 430 431 433
f 431 432 433
f 432 434 433
f 434 435 433
f 433 435 436
f 434 437 435
f 435 438 436
f 437 439 435
f 435 439 438
f 437 440 439
f 439 441 438
f 440 442 439
f 439 442 441
f 440 443 442
f 442 444 441
f 443 445 442
f 442 445 444
f 443 446 445
f 445 447 444
f 446 448 445
f 445 448 447
f 446 449 448
f 448 450 447
f 449 451 448
f 448 451 450
f 449 452 451
f 452 453 451
f 451 454 450
f 451 453 454
f 452 455 453
f 453 456 454
f 455 457 453
f 453 458 456
f 457 459 453
f 453 459 458
f 457 460 459
f 459 461 458
f 460 462 459
f 459 462 461
f 460 463 462
f 463 461 462
f 464 463 460
f 463 465 461
f 466 463 464
f 463 466 465
f 467 466 464
f 466 468 465
f 469 466 467
f 466 469 468
f 470 469 467
f 469 471 468
f 472 469 470
f 469 472 471
f 473 472 470
f 472 474 471
f 475 472 473
f 472 475 474
f 476 475 473
f 475 477 474
f 478 475 476
f 475 478 477
f 479 478 476
f 478 480 477
f 478 479 480
f 481 482 483
f 481 483 484
f 485 481 484
f 484 483 486
f 487 485 484
f 488 484 486
f 487 484 488
f 488 486 489
f 490 487 488
f 491 488 489
f 490 488 491
f 491 489 492
f 493 490 491
f 494 491 492
f 493 491 494
f 494 492 495
f 496 493 494
f 497 494 495
f 496 494 497
f 497 495 498
f 499 496 497
f 500 497 498
f 499 497 500
f 500 498 501
f 502 500 501
f 503 499 500
f 503 500 502
f 502 501 504
f 505 503 502
f 506 502 504
f 507 505 502
f 508 502 506
f 507 502 508
f 509 508 506
f 510 507 508
f 511 508 509
f 511 510 508
f 512 511 509
f 511 512 510
f 512 509 513
f 512 514 510
f 515 512 513
f 512 515 514
f 515 513 516
f 515 517 514
f 518 515 516
f 515 518 517
f 518 516 519
f 518 520 517
f 521 518 519
f 518 521 520
f 521 519 522
f 521 523 520
f 524 521 522
f 521 524 523
f 524 522 525
f 524 526 523
f 527 524 525
f 524 527 526
f 527 525 528
f 526 527 529
f 527 528 529
f 528 530 529
f 530 531 529
f 529 531 532
f 530 533 531
f 531 534 532
f 533 535 531
f 531 535 534
f 533 536 535
f 535 537 534
f 536 538 535
f 535 538 537
f 536 539 538
f 538 540 537
f 539 541 538
f 538 541 540
f 539 542 541
f 541 543 540
f 542 544 541
f 541 544 543
f 542 545 544
f 544 546 543
f 545 547 544
f 544 547 546
f 545 548 547
f 548 549 547
f 547 550 546
f 547 549 550
f 548 551 549
f 549 552 550
f 551 553 549
f 549 554 552
f 553 555 549
f 549 555 554
f 553 556 555
f 555 557 554
f 556 558 555
f 555 558 557
f 556 559 558
f 559 557 558
f 560 559 556
f 559 561 557
f 562 559 560
f 559 562 561
f 563 562 560
f 562 564 561
f 565 562 563
f 562 565 564
f 566 565 563
f 565 567 564
f 568 565 566
f 565 568 567
f 569 568 566
f 568 570 567
f 571 568 569
f 568 571 570
f 572 571 569
f 571 573 570
f 574 571 572
f 571 574 573
f 575 574 572
f 574 576 573
f 574 575 576
f 577 578 579
f 580 578 577
f 580 581 578
f 582 580 577
f 583 582 577
f 584 583 577
f 581 585 578
f 584 577 586
f 587 584 586
f 588 587 586
f 588 586 589
f 590 588 589
f 590 589 591
f 592 590 591
f 593 592 591
f 593 591 594
f 595 593 594
f 596 595 594
f 596 594 597
f 598 596 597
f 598 597 599
f 600 598 599
f 601 600 599
f 602 601 599
f 602 603 601
f 603 604 601
f 603 605 604
f 606 605 603
f 607 606 603
f 608 607 603
f 605 609 604
f 609 610 604
f 611 608 603
f 609 612 610
f 613 611 603
f 612 614 610
f 614 615 610
f 615 616 610
f 616 617 610
f 617 618 610
f 618 619 610
f 618 620 619
f 620 621 619
f 621 622 619
f 619 622 623
f 624 613 603
f 619 623 625
f 626 619 625
f 625 623 627
f 628 626 625
f 629 625 627
f 625 629 630
f 631 628 625
f 625 630 632
f 631 625 633
f 634 631 633
f 635 634 633
f 635 633 636
f 637 635 636
f 637 636 638
f 639 637 638
f 639 638 640
f 641 639 640
f 641 640 642
f 643 641 642
f 643 642 644
f 645 625 632
f 646 643 644
f 646 644 647
f 646 647 648
f 645 632 649
f 645 649 650
f 651 645 650
f 645 651 652
f 645 652 653
f 654 646 648
f 654 648 655
f 654 655 656
f 657 645 653
f 658 654 656
f 658 656 659
f 658 659 660
f 661 658 660
f 661 660 662
f 663 661 662
f 663 662 664
f 665 663 664
f 665 664 666
f 667 665 666
f 667 666 668
f 669 667 668
f 668 670 669
f 670 671 669
f 670 672 671
f 672 670 673
f 674 673 670
f 674 675 673
f 675 674 676
f 675 676 677
f 678 674 670
f 679 675 677
f 680 678 670
f 679 677 681
f 682 679 681
f 679 682 683
f 679 683 684
f 685 679 684
f 686 685 684
f 685 686 687
f 685 687 688
f 689 685 688
f 685 689 690
f 685 690 691
f 692 685 691
f 692 691 693
f 694 692 693
f 694 693 695
f 694 695 696
f 697 694 696
f 694 697 698
f 694 698 699
f 700 694 699
f 692 694 701
f 701 694 702
f 701 702 703
f 704 701 703
f 705 704 703
f 705 703 706
f 707 705 706
f 707 706 708
f 709 707 708
f 710 709 708
f 710 708 711
f 712 710 711
f 713 712 711
f 713 711 714
f 715 713 714
f 715 714 716
f 717 715 716
f 718 717 716
f 718 716 719
f 720 718 719
f 721 720 719
f 722 721 719
f 722 719 585
f 581 722 585
f 585 719 723
f 724 725 726
f 724 726 727
f 728 724 727
f 729 727 726
f 727 730 728
f 730 727 729
f 730 731 728
f 732 730 729
f 730 733 731
f 733 730 732
f 733 734 731
f 735 733 732
f 733 736 734
f 736 733 735
f 736 737 734
f 738 736 735
f 736 739 737
f 740 736 738
f 736 740 739
f 741 740 738
f 740 742 739
f 743 740 741
f 740 743 742
f 744 743 741
f 743 745 742
f 746 743 744
f 743 746 745
f 747 746 744
f 746 748 745
f 746 747 748
f 749 750 751
f 750 752 751
f 751 752 753
f 750 754 752
f 752 755 753
f 754 755 752
f 754 756 755
f 757 758 759
f 758 760 759
f 758 761 760
f 762 759 760
f 761 762 760
f 763 764 765
f 766 763 765
f 766 765 767
f 763 766 768
f 769 766 767
f 766 769 768
f 769 767 770
f 768 769 771
f 772 769 770
f 769 772 771
f 772 770 773
f 771 772 774
f 775 772 773
f 772 775 774
f 774 775 776
f 775 773 777
f 775 778 776
f 779 775 777
f 775 779 778
f 779 777 780
f 779 781 778
f 782 779 780
f 779 782 781
f 782 780 783
f 782 784 781
f 785 782 783
f 782 785 784
f 785 783 786
f 785 787 784
f 787 785 786
f 788 789 790
f 789 791 790
f 790 791 792
f 790 792 793
f 789 794 791
f 795 794 789
f 796 795 789
f 796 789 797
f 798 796 797
f 799 790 793
f 798 797 800
f 801 798 800
f 802 801 800
f 802 800 803
f 804 802 803
f 805 799 793
f 804 803 806
f 807 804 806
f 808 807 806
f 808 806 809
f 810 808 809
f 810 809 811
f 812 810 811
f 812 811 813
f 814 812 813
f 814 813 815
f 816 814 815
f 817 816 815
f 818 817 815
f 817 819 816
f 820 818 815
f 819 821 816
f 821 822 816
f 822 823 816
f 823 824 816
f 824 825 816
f 824 826 825
f 826 827 825
f 827 828 825
f 828 829 825
f 829 830 825
f 830 831 825
f 831 832 825
f 832 833 825
f 832 834 833
f 834 835 833
f 835 836 833
f 836 837 833
f 837 836 838
f 837 838 839
f 840 837 839
f 840 839 841
f 842 840 841
f 841 839 843
f 844 842 841
f 845 841 843
f 846 844 841
f 846 841 847
f 848 846 847
f 848 847 849
f 850 848 849
f 850 849 851
f 852 850 851
f 852 851 853
f 854 852 853
f 854 853 855
f 856 854 855
f 856 855 857
f 856 857 858
f 859 856 858
f 859 858 860
f 859 860 861
f 862 859 861
f 862 861 863
f 862 863 864
f 865 862 864
f 865 864 866
f 867 865 866
f 867 866 868
f 869 867 868
f 869 868 870
f 871 869 870
f 871 870 872
f 873 871 872
f 872 874 873
f 874 875 873
f 874 876 875
f 876 874 877
f 878 877 874
f 878 879 877
f 880 878 874
f 879 878 881
f 879 881 882
f 874 883 880
f 884 879 882
f 883 885 880
f 883 886 885
f 887 886 883
f 888 887 883
f 889 888 883
f 890 884 882
f 884 890 891
f 884 891 892
f 893 884 892
f 893 892 894
f 895 889 883
f 896 893 894
f 897 895 883
f 893 896 898
f 899 897 883
f 893 898 900
f 901 899 883
f 902 901 883
f 903 902 883
f 904 903 883
f 904 883 905
f 903 904 906
f 907 893 900
f 893 907 908
f 893 908 909
f 910 893 909
f 904 911 906
f 912 910 909
f 910 912 913
f 910 913 914
f 915 910 914
f 910 915 916
f 904 916 911
f 910 916 904
f 917 910 904
f 917 904 918
f 919 917 918
f 919 918 920
f 921 919 920
f 921 920 922
f 923 921 922
f 923 922 924
f 925 923 924
f 926 925 924
f 926 924 927
f 928 926 927
f 928 927 929
f 930 928 929
f 931 930 929
f 931 929 932
f 933 931 932
f 932 934 933
f 934 935 933
f 934 936 935
f 936 934 937
f 799 937 934
f 938 799 934
f 799 805 937
f 645 657 939
f 940 645 939
f 645 940 941
f 645 941 942
f 624 645 942
f 645 624 603
f 645 603 943
f 943 603 944
f 603 945 944
f 603 946 945
f 947 645 943
f 946 603 948
f 645 947 949
f 603 950 948
f 645 949 951
f 950 603 952
f 953 645 951
f 645 953 954
f 645 954 955
f 603 956 952
f 603 957 956
f 957 603 958
f 603 959 958
f 959 960 958
f 961 645 955
f 962 961 955
f 961 962 963
f 961 963 964
f 965 961 964
f 959 966 960
f 961 965 967
f 966 959 968
f 961 967 969
f 959 970 968
f 971 961 969
f 959 972 970
f 972 959 973
f 961 971 974
f 961 974 975
f 959 976 973
f 976 961 975
f 959 977 976
f 977 961 976
f 977 959 978
f 977 979 961
f 959 980 978
f 979 981 961
f 959 982 980
f 981 983 961
f 982 959 984
f 983 985 961
f 959 986 984
f 959 987 986
f 987 959 988
f 959 989 988
f 989 990 988
f 989 991 990
f 985 992 961
f 961 992 993
f 961 993 994
f 991 989 995
f 996 961 994
f 996 994 997
f 998 996 997
f 996 998 999
f 996 999 1000
f 989 1001 995
f 1002 996 1000
f 989 1003 1001
f 996 1002 1004
f 1003 989 1005
f 989 1006 1005
f 989 1007 1006
f 989 996 1007
f 996 1004 1008
f 996 1009 1007
f 1010 996 1008
f 996 1010 1009
f 1011 680 670
f 1011 670 1012
f 1013 1011 1012
f 1012 670 1014
f 1013 1012 1015
f 1016 1013 1015
f 1017 1016 1015
f 670 1018 1014
f 1017 1015 1019
f 1020 1017 1019
f 1021 1020 1019
f 1022 1021 1019
f 1022 1019 1023
f 1024 1022 1023
f 1025 1024 1023
f 1025 1023 1026
f 1027 1025 1026
f 1027 1026 1028
f 700 1027 1028
f 694 700 1028
f 694 1028 1029
f 1030 694 1029
f 694 1030 1031
f 694 1031 1032
f 1033 694 1032
f 694 1033 1034
f 694 1034 1035
f 1036 694 1035
f 694 1036 1037
f 694 1037 1038
f 1039 694 1038
f 1039 1038 1040
f 1039 1040 1041
f 1042 1039 1041
f 1043 1039 1042
f 1043 1044 1039
f 1044 1045 1039
f 1045 1046 1039
f 1047 1043 1042
f 1048 1047 1042
f 1046 1049 1039
f 1048 1042 1050
f 1051 1048 1050
f 1052 1051 1050
f 1049 1053 1039
f 1052 1050 1054
f 1055 1052 1054
f 1056 1055 1054
f 1056 1054 1057
f 1058 1056 1057
f 1058 1057 1059
f 1060 1058 1059
f 1060 1059 1061
f 1053 1062 1039
f 1063 1060 1061
f 1063 1061 1064
f 1063 1064 1065
f 1066 1063 1065
f 1066 1065 1067
f 1062 1068 1039
f 1039 1068 1069
f 1039 1069 1070
f 1071 1066 1067
f 1071 1067 1072
f 1073 1071 1072
f 1018 1039 1070
f 1074 1071 1073
f 1018 1070 1075
f 1074 1073 1076
f 1077 1018 1075
f 1018 1077 1078
f 1018 1078 1079
f 1080 1018 1079
f 1018 1080 1081
f 1018 1081 1082
f 1083 1018 1082
f 1018 1083 1084
f 1018 1084 1085
f 1074 1018 1085
f 1074 1076 1086
f 1018 1074 1086
f 1018 1086 1014
f 1087 820 815
f 1087 815 1088
f 1089 1087 1088
f 1088 815 1090
f 815 1091 1090
f 815 1092 1091
f 1092 815 1093
f 1089 1088 1094
f 1095 1089 1094
f 815 1096 1093
f 1095 1094 1097
f 1098 1095 1097
f 1099 1098 1097
f 815 1100 1096
f 1099 1097 1101
f 1100 815 1102
f 1103 1099 1101
f 1104 1103 1101
f 1105 1104 1101
f 815 1106 1102
f 815 1107 1106
f 1107 815 1108
f 1105 1101 1109
f 1110 1105 1109
f 1111 1110 1109
f 815 1112 1108
f 1111 1109 1113
f 845 1111 1113
f 841 845 1113
f 841 1113 1114
f 1112 1115 1108
f 1116 841 1114
f 1112 1117 1115
f 1116 1114 1118
f 1117 1112 1119
f 1120 1116 1118
f 1120 1118 1121
f 1120 1121 1122
f 1116 1120 1123
f 1116 1123 1124
f 1125 1116 1124
f 1116 1125 1126
f 1116 1126 1127
f 1128 1120 1122
f 1128 1122 1129
f 1130 1128 1129
f 1131 1128 1130
f 1131 1130 1132
f 1133 1116 1127
f 1134 1131 1132
f 1134 1132 1135
f 1134 1135 1136
f 1137 1134 1136
f 1137 1136 1138
f 1139 1137 1138
f 1139 1138 1140
f 1141 1139 1140
f 1116 1133 1142
f 1140 1143 1141
f 1143 1144 1141
f 1143 1145 1144
f 1116 1142 1146
f 1143 1147 1145
f 1147 1148 1145
f 1147 1149 1148
f 1150 1116 1146
f 1116 1150 1151
f 1116 1151 1152
f 1112 1116 1152
f 1112 1152 1153
f 1154 1112 1153
f 1112 1154 1155
f 1147 1119 1149
f 1119 1156 1149
f 1119 1157 1156
f 1112 1157 1119
f 1112 1155 1158
f 1112 1159 1157
f 1160 1112 1158
f 1159 1112 1161
f 1112 1160 1162
f 1112 1162 1161
f 1163 904 905
f 904 1163 1164
f 904 1164 1165
f 1166 904 1165
f 904 1166 1167
f 904 1167 1168
f 1169 904 1168
f 904 1169 1170
f 904 1170 1171
f 1172 904 1171
f 1173 1172 1171
f 1172 1173 1174
f 1172 1174 1175
f 1176 1172 1175
f 1172 1176 1177
f 1172 1177 1178
f 1179 1172 1178
f 1180 1172 1179
f 1180 1181 1172
f 1181 1182 1172
f 1182 1183 1172
f 1183 1184 1172
f 1184 1185 1172
f 1172 1185 1186
f 1172 1186 1187
f 1188 1172 1187
f 1188 1187 1189
f 1188 1189 1190
f 1191 1188 1190
f 1188 1191 1192
f 1188 1192 1193
f 1194 1188 1193
f 1188 1194 1195
f 1188 1195 1196
f 1197 1188 1196
f 1198 1197 1196
f 1197 1198 1199
f 1197 1199 1200
f 1201 1197 1200
f 1197 1201 1202
f 1197 1202 1203
f 1204 1197 1203
f 1197 1204 1205
f 1197 1205 1206
f 1207 1197 1206
f 1208 1207 1206
f 1207 1208 1209
f 1207 1209 1210
f 1211 1207 1210
f 1207 1211 1212
f 1207 1212 1213
f 1214 1207 1213
f 1207 1214 1179
f 1214 1180 1179
f 1207 1179 1215
f 1216 1207 1215
f 1207 1216 1217
f 1207 1217 1218
f 1219 1207 1218
f 1207 1219 1220
f 1207 1220 1221
f 1222 1207 1221
f 1207 1222 1223
f 1207 1223 1224
f 883 1207 1224
f 883 1224 1225
f 883 1225 1226
f 1227 883 1226
f 883 1227 1228
f 883 1228 1229
f 905 883 1229
f 1230 1231 1232
f 1231 1230 1233
f 1231 1234 1232
f 1231 1233 1235
f 1234 1231 1235
f 1236 1237 1238
f 1236 1239 1237
f 1239 1236 1240
f 1236 1241 1240
f 1242 1236 1238
f 1236 1242 1241
f 1242 1238 1243
f 1242 1244 1241
f 1245 1242 1243
f 1242 1245 1244
f 1245 1243 1246
f 1245 1247 1244
f 1248 1245 1246
f 1245 1248 1247
f 1248 1246 1249
f 1248 1250 1247
f 1251 1248 1249
f 1248 1251 1250
f 1251 1249 1252
f 1251 1253 1250
f 1254 1251 1252
f 1251 1254 1253
f 1254 1252 1255
f 1254 1256 1253
f 1257 1254 1255
f 1254 1257 1256
f 1257 1255 1258
f 1257 1259 1256
f 1260 1257 1258
f 1257 1260 1259
f 1261 1262 1263
f 1261 1263 1264
f 1262 1261 1265
f 1265 1261 1264
f 1266 1267 1268
f 1266 1268 1269
f 1267 1266 1270
f 1270 1266 1269
f 1271 1272 1273
f 1271 1273 1274
f 1272 1271 1275
f 1275 1271 1274
f 1276 1277 1278
f 1276 1278 1279
f 1277 1276 1280
f 1280 1276 1279
f 1281 1282 1283
f 1281 1283 1284
f 1282 1281 1285
f 1285 1281 1284
f 1286 1287 1288
f 1286 1289 1287
f 1290 1286 1288
f 1290 1288 1291
f 1290 1291 1292
f 1286 1293 1289
f 1293 1294 1289
f 1295 1290 1292
f 1295 1292 1296
f 1293 1297 1294
f 1294 1297 1298
f 1299 1295 1296
f 1299 1296 1300
f 1301 1299 1300
f 1302 1299 1301
f 1303 1302 1301
f 1302 1303 1304
f 1303 1305 1304
f 1305 1306 1304
f 1305 1307 1306
f 1299 1308 1295
f 1302 1309 1299
f 1309 1308 1299
f 1302 1304 1310
f 1309 1302 1310
f 1304 1306 1311
f 1310 1304 1311
f 1295 1308 1312
f 1295 1312 1290
f 1313 1290 1312
f 1313 1286 1290
f 1314 1286 1313
f 1314 1293 1286
f 1315 1293 1314
f 1315 1297 1293
f 1309 1310 1316
f 1309 1317 1308
f 1317 1309 1316
f 1308 1318 1312
f 1317 1318 1308
f 1319 1313 1312
f 1319 1312 1318
f 1320 1314 1313
f 1320 1313 1319
f 1321 1315 1314
f 1321 1314 1320
f 1316 1310 1322
f 1310 1311 1322
f 1317 1316 1323
f 1317 1324 1318
f 1324 1317 1323
f 1325 1319 1318
f 1324 1325 1318
f 1326 1320 1319
f 1326 1319 1325
f 1327 1321 1320
f 1327 1320 1326
f 1316 1322 1328
f 1323 1316 1328
f 1322 1311 1329
f 1328 1322 1330
f 1322 1329 1330
f 1311 1331 1329
f 1311 1306 1331
f 1306 1332 1331
f 1307 1332 1306
f 1307 1333 1332
f 1334 1333 1307
f 1331 1332 1335
f 1333 1335 1332
f 1329 1331 1336
f 1331 1335 1336
f 1330 1329 1337
f 1329 1336 1337
f 1323 1328 1338
f 1328 1330 1339
f 1338 1328 1339
f 1330 1337 1340
f 1339 1330 1340
f 1341 1323 1338
f 1324 1323 1341
f 1342 1324 1341
f 1324 1342 1325
f 1342 1343 1325
f 1343 1326 1325
f 1344 1326 1343
f 1344 1327 1326
f 1337 1336 1345
f 1340 1337 1346
f 1337 1345 1346
f 1336 1347 1345
f 1336 1335 1347
f 1348 1347 1335
f 1333 1348 1335
f 1348 1333 1349
f 1349 1333 1334
f 1350 1349 1334
f 1350 1334 1351
f 1352 1348 1349
f 1352 1349 1350
f 1348 1353 1347
f 1353 1348 1352
f 1345 1347 1354
f 1353 1354 1347
f 1355 1350 1351
f 1355 1351 1356
f 1357 1352 1350
f 1357 1350 1355
f 1358 1353 1352
f 1358 1352 1357
f 1359 1355 1356
f 1359 1356 1360
f 1361 1357 1355
f 1361 1355 1359
f 1362 1359 1360
f 1362 1360 1363
f 1345 1354 1364
f 1346 1345 1364
f 1353 1365 1354
f 1365 1353 1358
f 1366 1358 1357
f 1366 1357 1361
f 1367 1361 1359
f 1367 1359 1362
f 1368 1362 1363
f 1368 1363 1369
f 1370 1368 1369
f 1364 1354 1371
f 1365 1371 1354
f 1372 1365 1358
f 1372 1358 1366
f 1373 1366 1361
f 1373 1361 1367
f 1374 1367 1362
f 1374 1362 1368
f 1375 1368 1370
f 1376 1375 1370
f 1365 1377 1371
f 1377 1365 1372
f 1378 1372 1366
f 1378 1366 1373
f 1379 1373 1367
f 1379 1367 1374
f 1380 1374 1368
f 1380 1368 1375
f 1381 1375 1376
f 1382 1381 1376
f 1383 1377 1372
f 1383 1372 1378
f 1384 1378 1373
f 1384 1373 1379
f 1385 1379 1374
f 1385 1374 1380
f 1386 1380 1375
f 1386 1375 1381
f 1387 1381 1382
f 1388 1387 1382
f 1389 1383 1378
f 1389 1378 1384
f 1390 1384 1379
f 1390 1379 1385
f 1391 1385 1380
f 1391 1380 1386
f 1392 1386 1381
f 1392 1381 1387
f 1393 1387 1388
f 1394 1393 1388
f 1395 1389 1384
f 1395 1384 1390
f 1396 1390 1385
f 1396 1385 1391
f 1397 1391 1386
f 1397 1386 1392
f 1398 1392 1387
f 1398 1387 1393
f 1399 1395 1390
f 1399 1390 1396
f 1400 1396 1391
f 1400 1391 1397
f 1401 1397 1392
f 1401 1392 1398
f 1402 1399 1396
f 1402 1396 1400
f 1403 1400 1397
f 1403 1397 1401
f 1404 1402 1400
f 1404 1400 1403
f 1405 1398 1393
f 1406 1401 1398
f 1406 1398 1405
f 1407 1403 1401
f 1407 1401 1406
f 1408 1404 1403
f 1408 1403 1407
f 1405 1393 1409
f 1409 1393 1394
f 1410 1409 1394
f 1410 1394 1411
f 1412 1410 1411
f 1413 1405 1409
f 1413 1409 1410
f 1414 1410 1412
f 1414 1413 1410
f 1415 1414 1412
f 1416 1406 1405
f 1416 1405 1413
f 1417 1407 1406
f 1417 1406 1416
f 1418 1414 1415
f 1419 1418 1415
f 1420 1413 1414
f 1420 1416 1413
f 1418 1420 1414
f 1421 1418 1419
f 1422 1421 1419
f 1423 1416 1420
f 1423 1417 1416
f 1424 1420 1418
f 1421 1424 1418
f 1424 1423 1420
f 1425 1407 1417
f 1425 1408 1407
f 1426 1421 1422
f 1427 1426 1422
f 1428 1424 1421
f 1426 1428 1421
f 1429 1423 1424
f 1428 1429 1424
f 1430 1417 1423
f 1430 1425 1417
f 1429 1430 1423
f 1431 1426 1427
f 1432 1431 1427
f 1433 1428 1426
f 1431 1433 1426
f 1434 1429 1428
f 1433 1434 1428
f 1435 1430 1429
f 1434 1435 1429
f 1436 1425 1430
f 1435 1436 1430
f 1437 1431 1432
f 1438 1437 1432
f 1437 1438 1439
f 1437 1439 1440
f 1437 1441 1431
f 1441 1437 1440
f 1441 1433 1431
f 1441 1440 1442
f 1441 1443 1433
f 1443 1441 1442
f 1443 1434 1433
f 1443 1442 1444
f 1443 1445 1434
f 1445 1443 1444
f 1445 1435 1434
f 1445 1444 1446
f 1445 1447 1435
f 1447 1445 1446
f 1447 1446 1448
f 1447 1436 1435
f 1449 1447 1448
f 1447 1449 1436
f 1449 1448 1450
f 1449 1451 1436
f 1436 1451 1425
f 1451 1408 1425
f 1452 1449 1450
f 1449 1452 1451
f 1452 1450 1453
f 1452 1453 1454
f 1451 1455 1408
f 1452 1455 1451
f 1455 1404 1408
f 1456 1452 1454
f 1452 1456 1455
f 1456 1454 1457
f 1455 1458 1404
f 1456 1458 1455
f 1458 1402 1404
f 1459 1456 1457
f 1456 1459 1458
f 1459 1457 1460
f 1458 1461 1402
f 1459 1461 1458
f 1461 1399 1402
f 1462 1459 1460
f 1459 1462 1461
f 1462 1460 1463
f 1461 1464 1399
f 1462 1464 1461
f 1464 1395 1399
f 1465 1462 1463
f 1462 1465 1464
f 1465 1463 1466
f 1464 1467 1395
f 1465 1467 1464
f 1467 1389 1395
f 1468 1465 1466
f 1465 1468 1467
f 1468 1466 1469
f 1467 1470 1389
f 1468 1470 1467
f 1470 1383 1389
f 1471 1468 1469
f 1468 1471 1470
f 1471 1469 1472
f 1470 1473 1383
f 1471 1473 1470
f 1473 1377 1383
f 1471 1472 1474
f 1473 1471 1474
f 1377 1473 1475
f 1473 1474 1475
f 1377 1475 1371
f 1476 1474 1472
f 1474 1476 1475
f 1476 1472 1477
f 1478 1371 1475
f 1478 1475 1476
f 1364 1371 1478
f 1479 1476 1477
f 1479 1478 1476
f 1479 1477 1480
f 1481 1364 1478
f 1481 1478 1479
f 1346 1364 1481
f 1482 1479 1480
f 1482 1481 1479
f 1482 1480 1483
f 1482 1483 1484
f 1485 1346 1481
f 1485 1481 1482
f 1340 1346 1485
f 1486 1482 1484
f 1486 1485 1482
f 1486 1484 1487
f 1486 1487 1488
f 1489 1340 1485
f 1489 1485 1486
f 1339 1340 1489
f 1490 1486 1488
f 1490 1489 1486
f 1490 1488 1491
f 1492 1339 1489
f 1492 1489 1490
f 1338 1339 1492
f 1493 1490 1491
f 1493 1492 1490
f 1493 1491 1494
f 1493 1494 1495
f 1496 1338 1492
f 1496 1492 1493
f 1341 1338 1496
f 1497 1493 1495
f 1497 1496 1493
f 1497 1495 1498
f 1499 1497 1498
f 1500 1341 1496
f 1500 1496 1497
f 1342 1341 1500
f 1501 1497 1499
f 1501 1500 1497
f 1502 1501 1499
f 1503 1342 1500
f 1503 1500 1501
f 1342 1503 1343
f 1504 1501 1502
f 1504 1503 1501
f 1505 1504 1502
f 1504 1505 1506
f 1503 1507 1343
f 1503 1504 1507
f 1507 1344 1343
f 1504 1506 1508
f 1507 1504 1508
f 1344 1507 1509
f 1507 1508 1509
f 1510 1508 1506
f 1510 1509 1508
f 1511 1510 1506
f 1344 1509 1512
f 1327 1344 1512
f 1510 1511 1513
f 1513 1511 1514
f 1510 1515 1509
f 1515 1512 1509
f 1515 1510 1513
f 1327 1512 1516
f 1321 1327 1516
f 1517 1513 1514
f 1517 1514 1518
f 1515 1519 1512
f 1519 1516 1512
f 1515 1513 1520
f 1520 1513 1517
f 1519 1515 1520
f 1321 1516 1521
f 1315 1321 1521
f 1522 1517 1518
f 1522 1518 1523
f 1519 1524 1516
f 1524 1521 1516
f 1519 1520 1525
f 1524 1519 1525
f 1520 1517 1526
f 1517 1522 1526
f 1525 1520 1526
f 1315 1521 1527
f 1297 1315 1527
f 1528 1522 1523
f 1528 1523 1529
f 1524 1530 1521
f 1530 1527 1521
f 1524 1525 1531
f 1530 1524 1531
f 1525 1526 1532
f 1531 1525 1532
f 1522 1533 1526
f 1522 1528 1533
f 1526 1533 1532
f 1297 1527 1534
f 1297 1534 1298
f 1535 1528 1529
f 1535 1529 1536
f 1530 1537 1527
f 1537 1534 1527
f 1538 1298 1534
f 1537 1538 1534
f 1538 1539 1298
f 1528 1540 1533
f 1528 1535 1540
f 1533 1541 1532
f 1533 1540 1541
f 1542 1535 1536
f 1542 1536 1543
f 1544 1542 1543
f 1535 1545 1540
f 1535 1542 1545
f 1546 1542 1544
f 1547 1546 1544
f 1532 1541 1548
f 1531 1532 1548
f 1540 1549 1541
f 1540 1545 1549
f 1550 1545 1542
f 1546 1550 1542
f 1551 1546 1547
f 1552 1551 1547
f 1553 1531 1548
f 1530 1531 1553
f 1537 1530 1553
f 1541 1554 1548
f 1541 1549 1554
f 1555 1549 1545
f 1550 1555 1545
f 1556 1550 1546
f 1551 1556 1546
f 1557 1551 1552
f 1558 1557 1552
f 1537 1553 1559
f 1538 1537 1559
f 1560 1554 1549
f 1555 1560 1549
f 1561 1555 1550
f 1556 1561 1550
f 1562 1556 1551
f 1557 1562 1551
f 1563 1557 1558
f 1564 1563 1558
f 1538 1559 1565
f 1539 1538 1565
f 1539 1565 1566
f 1567 1539 1566
f 1568 1565 1559
f 1566 1565 1568
f 1566 1569 1567
f 1569 1570 1567
f 1562 1571 1556
f 1571 1561 1556
f 1572 1563 1564
f 1573 1572 1564
f 1568 1559 1574
f 1559 1553 1574
f 1553 1548 1574
f 1548 1554 1574
f 1575 1574 1554
f 1575 1568 1574
f 1560 1575 1554
f 1576 1568 1575
f 1576 1566 1568
f 1569 1566 1576
f 1577 1575 1560
f 1577 1576 1575
f 1578 1569 1576
f 1578 1576 1577
f 1579 1577 1560
f 1579 1560 1555
f 1561 1579 1555
f 1580 1577 1579
f 1580 1578 1577
f 1581 1579 1561
f 1581 1580 1579
f 1571 1581 1561
f 1582 1569 1578
f 1569 1582 1570
f 1582 1583 1570
f 1584 1578 1580
f 1584 1582 1578
f 1582 1585 1583
f 1585 1582 1584
f 1585 1586 1583
f 1587 1580 1581
f 1587 1584 1580
f 1588 1581 1571
f 1588 1587 1581
f 1585 1589 1586
f 1589 1590 1586
f 1589 1591 1590
f 1592 1585 1584
f 1592 1584 1587
f 1589 1585 1592
f 1589 1593 1591
f 1593 1594 1591
f 1595 1592 1587
f 1595 1587 1588
f 1596 1589 1592
f 1593 1589 1596
f 1596 1592 1595
f 1597 1588 1571
f 1597 1571 1562
f 1593 1598 1594
f 1598 1599 1594
f 1600 1593 1596
f 1593 1600 1598
f 1601 1596 1595
f 1600 1596 1601
f 1602 1595 1588
f 1602 1588 1597
f 1601 1595 1602
f 1603 1597 1562
f 1603 1562 1557
f 1563 1603 1557
f 1598 1604 1599
f 1604 1605 1599
f 1600 1606 1598
f 1598 1606 1604
f 1607 1600 1601
f 1600 1607 1606
f 1608 1601 1602
f 1607 1601 1608
f 1609 1602 1597
f 1609 1597 1603
f 1608 1602 1609
f 1610 1603 1563
f 1610 1609 1603
f 1572 1610 1563
f 1604 1611 1605
f 1611 1612 1605
f 1606 1613 1604
f 1604 1613 1611
f 1607 1614 1606
f 1606 1614 1613
f 1615 1607 1608
f 1607 1615 1614
f 1616 1608 1609
f 1616 1609 1610
f 1615 1608 1616
f 1617 1610 1572
f 1617 1616 1610
f 1618 1615 1616
f 1618 1616 1617
f 1615 1619 1614
f 1615 1618 1619
f 1614 1620 1613
f 1614 1619 1620
f 1613 1621 1611
f 1613 1620 1621
f 1622 1617 1572
f 1622 1572 1573
f 1623 1622 1573
f 1624 1618 1617
f 1624 1617 1622
f 1618 1625 1619
f 1618 1624 1625
f 1619 1626 1620
f 1619 1625 1626
f 1627 1622 1623
f 1627 1624 1622
f 1624 1628 1625
f 1624 1627 1628
f 1629 1627 1623
f 1627 1629 1628
f 1629 1623 1630
f 1625 1628 1631
f 1625 1631 1626
f 1620 1626 1632
f 1620 1632 1621
f 1633 1629 1630
f 1633 1630 1634
f 1628 1629 1635
f 1628 1635 1631
f 1629 1633 1635
f 1626 1631 1636
f 1626 1636 1632
f 1637 1633 1634
f 1637 1634 1638
f 1637 1638 1639
f 1631 1635 1640
f 1631 1640 1636
f 1635 1633 1641
f 1633 1637 1641
f 1635 1641 1640
f 1642 1637 1639
f 1642 1639 1643
f 1644 1642 1643
f 1641 1637 1645
f 1637 1642 1645
f 1640 1641 1646
f 1641 1645 1646
f 1636 1640 1647
f 1640 1646 1647
f 1642 1644 1648
f 1644 1649 1648
f 1645 1642 1650
f 1642 1648 1650
f 1646 1645 1651
f 1645 1650 1651
f 1649 1652 1648
f 1649 1653 1652
f 1653 1654 1652
f 1650 1648 1655
f 1648 1652 1655
f 1654 1656 1652
f 1654 1657 1656
f 1657 1658 1656
f 1647 1646 1659
f 1646 1651 1659
f 1651 1650 1660
f 1650 1655 1660
f 1655 1652 1661
f 1652 1656 1661
f 1658 1662 1656
f 1658 1663 1662
f 1659 1651 1664
f 1651 1660 1664
f 1660 1655 1665
f 1655 1661 1665
f 1661 1656 1666
f 1656 1662 1666
f 1663 1667 1662
f 1663 1668 1667
f 1668 1669 1667
f 1669 1670 1667
f 1662 1667 1671
f 1666 1662 1671
f 1670 1672 1667
f 1672 1671 1667
f 1670 1673 1672
f 1661 1666 1674
f 1665 1661 1674
f 1660 1665 1675
f 1664 1660 1675
f 1666 1671 1676
f 1674 1666 1676
f 1673 1677 1672
f 1673 1678 1677
f 1679 1671 1672
f 1671 1679 1676
f 1677 1679 1672
f 1665 1674 1680
f 1675 1665 1680
f 1678 1681 1677
f 1678 1682 1681
f 1674 1676 1683
f 1674 1683 1680
f 1676 1679 1684
f 1676 1684 1683
f 1679 1677 1685
f 1677 1681 1685
f 1679 1685 1684
f 1682 1686 1681
f 1682 1687 1686
f 1685 1681 1688
f 1681 1686 1688
f 1684 1685 1689
f 1685 1688 1689
f 1683 1684 1690
f 1684 1689 1690
f 1680 1683 1691
f 1683 1690 1691
f 1687 1692 1686
f 1687 1693 1692
f 1688 1686 1694
f 1686 1692 1694
f 1689 1688 1695
f 1688 1694 1695
f 1690 1689 1696
f 1689 1695 1696
f 1693 1697 1692
f 1693 1698 1697
f 1698 1699 1697
f 1699 1700 1697
f 1692 1697 1701
f 1700 1701 1697
f 1694 1692 1701
f 1700 1702 1701
f 1694 1701 1703
f 1702 1703 1701
f 1695 1694 1703
f 1702 1704 1703
f 1704 1705 1703
f 1695 1703 1706
f 1705 1706 1703
f 1696 1695 1706
f 1705 1707 1706
f 1707 1708 1706
f 1708 1709 1706
f 1696 1706 1709
f 1708 1710 1709
f 1711 1696 1709
f 1690 1696 1711
f 1691 1690 1711
f 1710 1712 1709
f 1711 1709 1712
f 1710 1713 1712
f 1713 1714 1712
f 1691 1711 1715
f 1715 1711 1712
f 1714 1716 1712
f 1715 1712 1716
f 1714 1717 1716
f 1718 1691 1715
f 1680 1691 1718
f 1675 1680 1718
f 1717 1719 1716
f 1717 1720 1719
f 1721 1715 1716
f 1718 1715 1721
f 1721 1716 1719
f 1718 1722 1675
f 1722 1718 1721
f 1722 1664 1675
f 1720 1723 1719
f 1720 1724 1723
f 1725 1721 1719
f 1722 1721 1725
f 1725 1719 1723
f 1722 1726 1664
f 1726 1722 1725
f 1659 1664 1726
f 1727 1725 1723
f 1726 1725 1727
f 1728 1659 1726
f 1728 1726 1727
f 1647 1659 1728
f 1724 1729 1723
f 1727 1723 1729
f 1730 1647 1728
f 1636 1647 1730
f 1636 1730 1632
f 1731 1728 1727
f 1731 1727 1729
f 1730 1728 1731
f 1724 1732 1729
f 1732 1731 1729
f 1612 1732 1724
f 1730 1733 1632
f 1733 1730 1731
f 1733 1731 1732
f 1621 1632 1733
f 1734 1732 1612
f 1734 1733 1732
f 1734 1621 1733
f 1611 1734 1612
f 1611 1621 1734
f 1735 1736 1737
f 1735 1737 1738
f 1736 1735 1739
f 1739 1735 1738
f 1740 1741 1742
f 1740 1742 1743
f 1741 1740 1744
f 1744 1740 1743
f 1745 1746 1747
f 1745 1747 1748
f 1746 1745 1749
f 1749 1745 1748
f 1750 1751 1752
f 1750 1752 1753
f 1751 1750 1754
f 1754 1750 1753
f 1755 1756 1757
f 1756 1755 1758
f 1756 1759 1757
f 1756 1758 1760
f 1756 1761 1759
f 1761 1756 1760
f 1761 1762 1759
f 1761 1760 1763
f 1761 1764 1762
f 1764 1761 1763
f 1764 1765 1762
f 1764 1763 1766
f 1764 1767 1765
f 1767 1764 1766
f 1767 1768 1765
f 1767 1766 1769
f 1767 1770 1768
f 1770 1767 1769
f 1770 1771 1768
f 1770 1769 1772
f 1770 1773 1771
f 1773 1770 1772
f 1773 1774 1771
f 1773 1772 1775
f 1773 1776 1774
f 1776 1773 1775
f 1776 1777 1774
f 1776 1775 1778
f 1776 1779 1777
f 1779 1776 1778
f 1779 1780 1777
f 1779 1778 1781
f 1779 1782 1780
f 1782 1779 1781
f 1782 1783 1780
f 1782 1781 1784
f 1782 1785 1783
f 1785 1782 1784
f 1785 1786 1783
f 1785 1784 1787
f 1785 1788 1786
f 1788 1785 1787
f 1788 1789 1786
f 1788 1787 1790
f 1788 1791 1789
f 1791 1788 1790
f 1791 1792 1789
f 1791 1790 1793
f 1791 1794 1792
f 1794 1791 1793
f 1794 1795 1792
f 1794 1793 1796
f 1794 1797 1795
f 1797 1794 1796
f 1797 1798 1795
f 1797 1796 1799
f 1797 1800 1798
f 1800 1797 1799
f 1800 1801 1798
f 1800 1799 1802
f 1801 1800 1803
f 1800 1802 1803
f 1804 1805 1806
f 1804 1806 1807
f 1805 1804 1808
f 1808 1804 1807
f 1809 1810 1811
f 1809 1811 1812
f 1810 1809 1813
f 1813 1809 1812
f 1814 1815 1816
f 1814 1816 1817
f 1815 1814 1818
f 1818 1814 1817
f 1819 1820 1821
f 1819 1821 1822
f 1820 1819 1823
f 1823 1819 1822
f 1824 1825 1826
f 1824 1826 1827
f 1825 1824 1828
f 1828 1824 1827
f 1829 1830 1831
f 1832 1830 1829
f 1830 1833 1831
f 1830 1832 1833
f 1834 1835 1836
f 1835 1834 1837
f 1835 1838 1836
f 1835 1837 1839
f 1835 1840 1838
f 1840 1835 1839
f 1841 1842 1843
f 1842 1841 1844
f 1842 1845 1843
f 1842 1844 1846
f 1842 1847 1845
f 1847 1842 1846
f 1847 1848 1845
f 1847 1846 1849
f 1847 1850 1848
f 1850 1847 1849
f 1850 1851 1848
f 1850 1849 1852
f 1850 1853 1851
f 1853 1850 1852
f 1853 1854 1851
f 1853 1852 1855
f 1853 1856 1854
f 1856 1853 1855
f 1856 1857 1854
f 1856 1855 1858
f 1856 1859 1857
f 1859 1856 1858
f 1859 1860 1857
f 1859 1858 1861
f 1859 1862 1860
f 1862 1859 1861
f 1862 1863 1860
f 1862 1861 1864
f 1862 1865 1863
f 1865 1862 1864
f 1865 1866 1863
f 1865 1864 1867
f 1865 1868 1866
f 1868 1865 1867
f 1868 1869 1866
f 1868 1867 1870
f 1868 1871 1869
f 1871 1868 1870
f 1871 1872 1869
f 1871 1870 1873
f 1871 1874 1872
f 1874 1871 1873
f 1874 1875 1872
f 1874 1873 1876
f 1874 1877 1875
f 1877 1874 1876
f 1877 1878 1875
f 1877 1876 1879
f 1877 1880 1878
f 1880 1877 1879
f 1880 1881 1878
f 1880 1879 1882
f 1880 1883 1881
f 1883 1880 1882
f 1883 1884 1881
f 1883 1882 1885
f 1883 1886 1884
f 1886 1883 1885
f 1886 1887 1884
f 1886 1885 1888
f 1886 1889 1887
f 1889 1886 1888
f 1890 1891 1892
f 1893 1891 1890
f 1891 1894 1892
f 1891 1893 1894
f 1895 1896 1897
f 1898 1896 1895
f 1896 1899 1897
f 1896 1898 1899
f 1900 1901 1902
f 1900 1903 1901
f 1904 1900 1902
f 1904 1902 1905
f 1900 1906 1903
f 1906 1907 1903
f 1908 1904 1905
f 1908 1905 1909
f 1906 1910 1907
f 1910 1911 1907
f 1912 1908 1909
f 1912 1909 1913
f 1910 1914 1911
f 1914 1915 1911
f 1916 1912 1913
f 1916 1913 1917
f 1914 1918 1915
f 1918 1919 1915
f 1904 1908 1920
f 1904 1920 1921
f 1908 1922 1920
f 1908 1912 1922
f 1912 1923 1922
f 1912 1916 1923
f 1900 1904 1921
f 1900 1921 1924
f 1900 1924 1925
f 1906 1900 1925
f 1906 1925 1926
f 1910 1906 1926
f 1910 1926 1927
f 1914 1910 1927
f 1914 1927 1928
f 1918 1914 1928
f 1916 1929 1923
f 1918 1928 1930
f 1916 1931 1929
f 1931 1916 1917
f 1931 1932 1929
f 1933 1918 1930
f 1933 1930 1934
f 1918 1933 1919
f 1935 1931 1917
f 1931 1935 1932
f 1936 1935 1917
f 1935 1937 1932
f 1935 1936 1937
f 1938 1933 1934
f 1933 1938 1919
f 1938 1934 1939
f 1919 1938 1940
f 1938 1939 1941
f 1940 1938 1941
f 1942 1941 1939
f 1940 1941 1942
f 1942 1939 1943
f 1944 1940 1942
f 1945 1942 1943
f 1944 1942 1945
f 1945 1943 1946
f 1947 1944 1945
f 1948 1945 1946
f 1947 1945 1948
f 1948 1946 1949
f 1950 1947 1948
f 1950 1948 1951
f 1948 1949 1952
f 1951 1948 1952
f 1953 1950 1951
f 1951 1952 1954
f 1955 1953 1951
f 1951 1954 1956
f 1955 1951 1957
f 1957 1951 1956
f 1958 1955 1957
f 1958 1957 1959
f 1957 1956 1960
f 1959 1957 1960
f 1961 1958 1959
f 1959 1960 1962
f 1963 1961 1959
f 1963 1959 1964
f 1959 1962 1965
f 1964 1959 1965
f 1966 1963 1964
f 1964 1965 1967
f 1968 1966 1964
f 1969 1964 1967
f 1968 1964 1970
f 1970 1964 1969
f 1971 1968 1970
f 1972 1970 1969
f 1973 1971 1970
f 1973 1970 1972
f 1974 1973 1972
f 1971 1973 1975
f 1973 1974 1976
f 1973 1976 1975
f 1977 1975 1976
f 1978 1977 1976
f 1977 1979 1975
f 1977 1978 1980
f 1979 1977 1980
f 1980 1978 1981
f 1979 1980 1982
f 1982 1980 1981
f 1983 1979 1982
f 1982 1981 1984
f 1982 1985 1983
f 1985 1982 1984
f 1985 1986 1983
f 1985 1984 1987
f 1985 1988 1986
f 1988 1985 1987
f 1988 1989 1986
f 1988 1987 1990
f 1988 1991 1989
f 1991 1988 1990
f 1991 1992 1989
f 1991 1993 1992
f 1991 1990 1994
f 1993 1991 1994
f 1993 1995 1992
f 1993 1994 1996
f 1993 1997 1995
f 1998 1993 1996
f 1993 1999 1997
f 1999 1993 1998
f 1999 2000 1997
f 2001 1999 1998
f 1999 2002 2000
f 2002 1999 2001
f 2002 2003 2000
f 2004 2002 2001
f 2002 2005 2003
f 2005 2002 2004
f 2005 2006 2003
f 2007 2005 2004
f 2005 2008 2006
f 2008 2005 2007
f 2009 2008 2007
f 2008 2010 2006
f 2011 2008 2009
f 2008 2011 2010
f 2012 2011 2009
f 2011 2013 2010
f 2011 2012 2013
f 2010 2013 2014
f 2012 2015 2013
f 2013 2016 2014
f 2015 2016 2013
f 2017 2014 2016
f 2015 2017 2016
f 2017 2018 2014
f 2017 2015 2019
f 2017 2020 2018
f 2020 2017 2019
f 2020 2021 2018
f 2020 2019 2022
f 2020 2023 2021
f 2023 2020 2022
f 2023 2022 2024
f 2023 2025 2021
f 2023 2026 2025
f 2023 2024 2027
f 2026 2023 2027
f 2026 2028 2025
f 2026 2027 2029
f 2026 2030 2028
f 2026 2029 2031
f 2026 2032 2030
f 2032 2026 2031
f 2032 2033 2030
f 2032 2034 2033
f 2032 2031 2035
f 2034 2032 2035
f 2034 2036 2033
f 2034 2035 2037
f 2034 2038 2036
f 2034 2039 2038
f 2034 2037 2040
f 2039 2034 2040
f 2039 2041 2038
f 2039 2040 2042
f 2039 2043 2041
f 2039 2042 2044
f 2039 2045 2043
f 2045 2039 2044
f 2045 2046 2043
f 2045 2044 2047
f 2045 2048 2046
f 2048 2045 2047
f 2048 2049 2046
f 2048 2047 2050
f 2048 2051 2049
f 2051 2048 2050
f 2052 2053 2054
f 2055 2052 2054
f 2055 2054 2056
f 2052 2057 2053
f 2055 2056 2058
f 2052 2059 2057
f 2059 2060 2057
f 2061 2055 2058
f 2061 2058 2062
f 2063 2061 2062
f 2063 2062 2064
f 2063 2064 2065
f 2059 2066 2060
f 2060 2066 2067
f 2068 2063 2065
f 2068 2065 2069
f 2070 2068 2069
f 2070 2069 2071
f 2072 2070 2071
f 2072 2071 2073
f 2066 2059 2074
f 2059 2075 2074
f 2066 2074 2076
f 2066 2076 2067
f 2059 2052 2075
f 2052 2077 2075
f 2052 2078 2077
f 2052 2055 2078
f 2055 2079 2078
f 2055 2080 2079
f 2055 2061 2080
f 2061 2081 2080
f 2061 2063 2081
f 2063 2082 2081
f 2063 2083 2082
f 2063 2068 2083
f 2068 2084 2083
f 2068 2070 2084
f 2070 2085 2084
f 2070 2072 2085
f 2072 2086 2085
f 2072 2087 2086
f 2087 2072 2073
f 2087 2088 2086
f 2087 2073 2088
f 2086 2088 2089
f 2073 2090 2088
f 2088 2091 2089
f 2090 2091 2088
f 2092 2089 2091
f 2090 2092 2091
f 2092 2093 2089
f 2092 2090 2094
f 2092 2095 2093
f 2095 2092 2094
f 2095 2096 2093
f 2095 2094 2097
f 2095 2098 2096
f 2098 2095 2097
f 2098 2099 2096
f 2098 2097 2100
f 2098 2101 2099
f 2101 2098 2100
f 2101 2102 2099
f 2101 2103 2102
f 2101 2100 2104
f 2103 2101 2104
f 2103 2105 2102
f 2103 2104 2106
f 2103 2107 2105
f 2103 2106 2108
f 2103 2109 2107
f 2109 2103 2108
f 2109 2110 2107
f 2109 2108 2111
f 2109 2112 2110
f 2112 2109 2111
f 2112 2113 2110
f 2112 2111 2114
f 2112 2115 2113
f 2115 2112 2114
f 2115 2116 2113
f 2115 2114 2117
f 2115 2118 2116
f 2118 2115 2117
f 2118 2119 2116
f 2118 2117 2120
f 2118 2121 2119
f 2121 2118 2120
f 2121 2122 2119
f 2121 2120 2122
f 2123 2119 2122
f 2120 2124 2122
f 2124 2123 2122
f 2125 2067 2076
f 2126 2125 2076
f 2125 2127 2067
f 2125 2126 2128
f 2127 2125 2128
f 2129 2128 2126
f 2127 2128 2129
f 2129 2126 2130
f 2131 2127 2129
f 2132 2129 2130
f 2129 2132 2131
f 2132 2130 2133
f 2132 2134 2131
f 2135 2132 2133
f 2132 2135 2134
f 2135 2133 2136
f 2135 2137 2134
f 2138 2135 2136
f 2135 2138 2137
f 2138 2136 2139
f 2140 2138 2139
f 2138 2141 2137
f 2138 2140 2141
f 2140 2139 2142
f 2140 2143 2141
f 2140 2142 2144
f 2140 2145 2143
f 2146 2140 2144
f 2140 2146 2145
f 2146 2144 2147
f 2146 2148 2145
f 2149 2146 2147
f 2146 2149 2148
f 2149 2147 2150
f 2149 2151 2148
f 2152 2149 2150
f 2149 2152 2151
f 2152 2150 2153
f 2152 2154 2151
f 2155 2152 2153
f 2152 2155 2154
f 2155 2153 2156
f 2155 2157 2154
f 2158 2155 2156
f 2155 2158 2157
f 2158 2156 2159
f 2158 2159 2157
f 2156 2160 2159
f 2157 2159 2161
f 2160 2162 2159
f 2159 2162 2161
f 2160 2163 2162
f 2163 2161 2162
f 2163 2160 2164
f 2163 2165 2161
f 2166 2163 2164
f 2163 2166 2165
f 2166 2164 2167
f 2166 2168 2165
f 2169 2166 2167
f 2166 2169 2168
f 2169 2167 2170
f 2171 2169 2170
f 2169 2172 2168
f 2169 2171 2172
f 2171 2170 2173
f 2171 2174 2172
f 2171 2173 2175
f 2171 2176 2174
f 2177 2171 2175
f 2171 2177 2176
f 2177 2175 2178
f 2179 2177 2178
f 2177 2180 2176
f 2177 2179 2180
f 2179 2178 2181
f 2179 2182 2180
f 2179 2181 2183
f 2184 2179 2183
f 2179 2185 2182
f 2179 2184 2185
f 2184 2183 2186
f 2184 2187 2185
f 2188 2184 2186
f 2184 2189 2187
f 2190 2184 2188
f 2184 2190 2189
f 2191 2190 2188
f 2190 2192 2189
f 2193 2190 2191
f 2190 2193 2192
f 2194 2193 2191
f 2193 2195 2192
f 2193 2194 2195
f 2196 2197 2198
f 2197 2196 2199
f 2197 2200 2198
f 2197 2199 2201
f 2197 2202 2200
f 2202 2197 2201
f 2202 2203 2200
f 2202 2201 2204
f 2202 2205 2203
f 2205 2202 2204
f 2205 2206 2203
f 2205 2204 2207
f 2205 2208 2206
f 2208 2205 2207
f 2208 2209 2206
f 2208 2207 2210
f 2208 2211 2209
f 2211 2208 2210
f 2211 2212 2209
f 2211 2210 2213
f 2211 2214 2212
f 2214 2211 2213
f 2214 2215 2212
f 2214 2213 2216
f 2214 2217 2215
f 2217 2214 2216
f 2217 2218 2215
f 2217 2216 2219
f 2217 2220 2218
f 2220 2217 2219
f 2221 2222 2223
f 2224 2222 2221
f 2222 2225 2223
f 2222 2224 2225
