# ROS coordinates: X forward, Y left, Z up; units are metres.
o mesh
v 0.165197626 -0.0252994 0.0100000007
v 0.165168643 -0.0249076057 0.0100000007
v 0.1646977 -0.0252905563 0.009500001
v 0.164912909 -0.024898082 0.009750001
v 0.164675474 -0.0249898769 0.009500001
v 0.165060684 -0.0245054457 0.0100000007
v 0.164592609 -0.024681244 0.009500001
v 0.164785653 -0.0244929977 0.009750001
v 0.164868027 -0.0241168849 0.0100000007
v 0.164444759 -0.0243830457 0.009500001
v 0.1645611 -0.024112273 0.009750001
v 0.164594889 -0.02376822 0.0100000007
v 0.164235145 -0.0241154656 0.009500001
v 0.164249852 -0.0237898286 0.009750001
v 0.1642561 -0.02348292 0.0100000007
v 0.163975134 -0.0238965154 0.009500001
v 0.163877308 -0.0235519372 0.009750001
v 0.1638746 -0.02327664 0.0100000007
v 0.163682342 -0.0237382054 0.009500001
v 0.163476974 -0.0234104432 0.009750001
v 0.163476512 -0.0231545158 0.0100000007
v 0.163081557 -0.0233616717 0.009750001
v 0.163376838 -0.0236444846 0.009500001
v 0.163085982 -0.0231117085 0.0100000007
v 0.163077131 -0.0236116312 0.009500001
v 0.162694186 -0.0231406763 0.0100000007
v 0.162776455 -0.0236338656 0.009500001
v 0.162684664 -0.0233964287 0.009750001
v 0.162292033 -0.0232486464 0.0100000007
v 0.162083983 -0.0236240737 0.009750001
v 0.162467822 -0.0237167217 0.009500001
v 0.161903471 -0.0234413072 0.0100000007
v 0.162169635 -0.02386458 0.009500001
v 0.1615548 -0.0237144455 0.0100000007
v 0.16190204 -0.0240741968 0.009500001
v 0.1615764 -0.02405948 0.009750001
v 0.1612695 -0.0240532346 0.0100000007
v 0.161255613 -0.0246308781 0.009750001
v 0.1616831 -0.024334196 0.009500001
v 0.161063224 -0.0244347379 0.0100000007
v 0.161524788 -0.02462698 0.009500001
v 0.1609411 -0.0248328261 0.0100000007
v 0.161431074 -0.0249324888 0.009500001
v 0.1608983 -0.025223352 0.0100000007
v 0.161398217 -0.025232194 0.009500001
v 0.1660819 0.024692785 0.0100000007
v 0.166052923 0.02508458 0.0100000007
v 0.165581971 0.0247016288 0.009500001
v 0.165797174 0.0250941 0.009750001
v 0.165559739 0.0250023045 0.009500001
v 0.165944964 0.0254867338 0.0100000007
v 0.165476888 0.02531094 0.009500001
v 0.165669933 0.0254991874 0.009750001
v 0.165752292 0.0258752983 0.0100000007
v 0.165329039 0.0256091375 0.009500001
v 0.165445358 0.0258799121 0.009750001
v 0.165479153 0.02622396 0.0100000007
v 0.16511941 0.0258767158 0.009500001
v 0.165134132 0.0262023527 0.009750001
v 0.165140375 0.0265092626 0.0100000007
v 0.164859414 0.026095666 0.009500001
v 0.164761588 0.026440246 0.009750001
v 0.164758861 0.0267155431 0.0100000007
v 0.164566636 0.0262539759 0.009500001
v 0.164361253 0.0265817381 0.009750001
v 0.164360791 0.0268376656 0.0100000007
v 0.163965836 0.0266305134 0.009750001
v 0.164261118 0.0263476968 0.009500001
v 0.163970262 0.02688047 0.0100000007
v 0.163961411 0.02638055 0.009500001
v 0.163578466 0.0268515032 0.0100000007
v 0.163660735 0.0263583176 0.009500001
v 0.163568944 0.0265957527 0.009750001
v 0.163176313 0.026743535 0.0100000007
v 0.162968248 0.0263681076 0.009750001
v 0.1633521 0.02627546 0.009500001
v 0.162787735 0.026550876 0.0100000007
v 0.1630539 0.0261276029 0.009500001
v 0.162439078 0.026277734 0.0100000007
v 0.16278632 0.0259179845 0.009500001
v 0.162460685 0.025932705 0.009750001
v 0.16215378 0.02593895 0.0100000007
v 0.1621399 0.0253613032 0.009750001
v 0.162567377 0.0256579872 0.009500001
v 0.161947489 0.0255574416 0.0100000007
v 0.162409067 0.0253652036 0.009500001
v 0.161825374 0.025159359 0.0100000007
v 0.162315339 0.0250596926 0.009500001
v 0.161782563 0.0247688331 0.0100000007
v 0.1622825 0.0247599911 0.009500001
v 0.135202318 -0.0247688331 0.0100000007
v 0.135173336 -0.02437704 0.0100000007
v 0.134702384 -0.0247599911 0.009500001
v 0.134917587 -0.0243675169 0.009750001
v 0.134680152 -0.02445931 0.009500001
v 0.135065377 -0.02397488 0.0100000007
v 0.1345973 -0.0241506789 0.009500001
v 0.134790346 -0.0239624325 0.009750001
v 0.1348727 -0.0235863179 0.0100000007
v 0.134449437 -0.0238524787 0.009500001
v 0.134565771 -0.0235817079 0.009750001
v 0.134599581 -0.0232376531 0.0100000007
v 0.134239823 -0.0235848986 0.009500001
v 0.134254545 -0.0232592616 0.009750001
v 0.134260789 -0.0229523554 0.0100000007
v 0.133979827 -0.02336595 0.009500001
v 0.133882 -0.02302137 0.009750001
v 0.133879274 -0.0227460749 0.0100000007
v 0.133687034 -0.0232076384 0.009500001
v 0.133481666 -0.02287988 0.009750001
v 0.1334812 -0.0226239488 0.0100000007
v 0.133086249 -0.0228311047 0.009750001
v 0.133381531 -0.02311392 0.009500001
v 0.133090675 -0.0225811452 0.0100000007
v 0.133081824 -0.0230810642 0.009500001
v 0.132698879 -0.02261011 0.0100000007
v 0.132781148 -0.0231033 0.009500001
v 0.132689357 -0.0228658654 0.009750001
v 0.132296726 -0.0227180813 0.0100000007
v 0.132088676 -0.0230935086 0.009750001
v 0.132472515 -0.0231861547 0.009500001
v 0.131908149 -0.0229107421 0.0100000007
v 0.132174313 -0.0233340152 0.009500001
v 0.131559491 -0.0231838785 0.0100000007
v 0.131906733 -0.02354363 0.009500001
v 0.1315811 -0.0235289149 0.009750001
v 0.1312742 -0.0235226676 0.0100000007
v 0.1312603 -0.024100313 0.009750001
v 0.13168779 -0.023803629 0.009500001
v 0.131067917 -0.0239041727 0.0100000007
v 0.13152948 -0.0240964144 0.009500001
v 0.130945787 -0.024302261 0.0100000007
v 0.131435752 -0.0244019218 0.009500001
v 0.130902976 -0.024692785 0.0100000007
v 0.13140291 -0.0247016288 0.009500001
v 0.136086583 0.025223352 0.0100000007
v 0.136057615 0.0256151445 0.0100000007
v 0.135586664 0.025232194 0.009500001
v 0.135801867 0.0256246645 0.009750001
v 0.135564432 0.0255328715 0.009500001
v 0.135949656 0.0260172989 0.0100000007
v 0.135481581 0.0258415043 0.009500001
v 0.135674626 0.0260297526 0.009750001
v 0.135756984 0.0264058635 0.0100000007
v 0.135333717 0.0261397045 0.009500001
v 0.13545005 0.0264104772 0.009750001
v 0.135483861 0.0267545264 0.0100000007
v 0.1351241 0.0264072828 0.009500001
v 0.135138825 0.02673292 0.009750001
v 0.135145068 0.0270398278 0.0100000007
v 0.1348641 0.026626233 0.009500001
v 0.134766281 0.0269708112 0.009750001
v 0.134763554 0.02724611 0.0100000007
v 0.134571314 0.0267845429 0.009500001
v 0.134365946 0.0271123014 0.009750001
v 0.134365469 0.02736823 0.0100000007
v 0.133970529 0.0271610767 0.009750001
v 0.13426581 0.0268782638 0.009500001
v 0.133974954 0.0274110362 0.0100000007
v 0.1339661 0.0269111134 0.009500001
v 0.133583158 0.0273820683 0.0100000007
v 0.133665428 0.0268888846 0.009500001
v 0.133573636 0.027126316 0.009750001
v 0.133181 0.027274102 0.0100000007
v 0.132972956 0.0268986728 0.009750001
v 0.1333568 0.0268060267 0.009500001
v 0.132792428 0.0270814411 0.0100000007
v 0.1330586 0.02665817 0.009500001
v 0.132443771 0.026808301 0.0100000007
v 0.132791013 0.0264485516 0.009500001
v 0.132465377 0.02646327 0.009750001
v 0.132158473 0.0264695156 0.0100000007
v 0.132144585 0.0258918684 0.009750001
v 0.13257207 0.0261885542 0.009500001
v 0.131952181 0.0260880068 0.0100000007
v 0.13241376 0.0258957688 0.009500001
v 0.131830066 0.0256899241 0.0100000007
v 0.132320032 0.02559026 0.009500001
v 0.131787255 0.0252994 0.0100000007
v 0.132287174 0.0252905563 0.009500001
v 0.165374473 -0.0153009621 0.0100000007
v 0.1653455 -0.0149091678 0.0100000007
v 0.164874554 -0.0152921183 0.009500001
v 0.165089756 -0.0148996459 0.009750001
v 0.164852321 -0.01499144 0.009500001
v 0.165237546 -0.0145070115 0.0100000007
v 0.164769471 -0.0146828089 0.009500001
v 0.164962515 -0.0144945607 0.009750001
v 0.165044874 -0.014118446 0.0100000007
v 0.1646216 -0.0143846087 0.009500001
v 0.16473794 -0.0141138351 0.009750001
v 0.164771736 -0.0137697831 0.0100000007
v 0.164411992 -0.0141170286 0.009500001
v 0.164426714 -0.0137913926 0.009750001
v 0.164432958 -0.0134844845 0.0100000007
v 0.164152 -0.0138980793 0.009500001
v 0.164054155 -0.0135534992 0.009750001
v 0.164051443 -0.0132782022 0.0100000007
v 0.1638592 -0.0137397684 0.009500001
v 0.163653836 -0.0134120062 0.009750001
v 0.163653359 -0.0131560815 0.0100000007
v 0.163258418 -0.0133632338 0.009750001
v 0.1635537 -0.0136460466 0.009500001
v 0.163262829 -0.0131132724 0.0100000007
v 0.163254 -0.0136131961 0.009500001
v 0.162871048 -0.013142243 0.0100000007
v 0.162953317 -0.0136354268 0.009500001
v 0.162861526 -0.0133979917 0.009750001
v 0.16246888 -0.0132502094 0.0100000007
v 0.16226083 -0.0136256386 0.009750001
v 0.162644684 -0.0137182856 0.009500001
v 0.162080318 -0.0134428712 0.0100000007
v 0.162346482 -0.0138661433 0.009500001
v 0.16173166 -0.0137160085 0.0100000007
v 0.1620789 -0.01407576 0.009500001
v 0.161753267 -0.0140610421 0.009750001
v 0.161446363 -0.0140547948 0.0100000007
v 0.161432475 -0.0146324439 0.009750001
v 0.161859959 -0.014335759 0.009500001
v 0.161240071 -0.0144363036 0.0100000007
v 0.161701649 -0.0146285444 0.009500001
v 0.161117956 -0.0148343891 0.0100000007
v 0.161607921 -0.0149340518 0.009500001
v 0.161075145 -0.0152249141 0.0100000007
v 0.161575079 -0.015233756 0.009500001
v 0.165905043 0.014694347 0.0100000007
v 0.165876076 0.0150861423 0.0100000007
v 0.165405124 0.0147031909 0.009500001
v 0.165620327 0.0150956623 0.009750001
v 0.165382892 0.01500387 0.009500001
v 0.1657681 0.0154882986 0.0100000007
v 0.165300027 0.0153125 0.009500001
v 0.165493071 0.0155007485 0.009750001
v 0.165575445 0.015876865 0.0100000007
v 0.165152177 0.0156107005 0.009500001
v 0.165268511 0.0158814751 0.009750001
v 0.1653023 0.0162255261 0.0100000007
v 0.164942563 0.0158782825 0.009500001
v 0.16495727 0.0162039157 0.009750001
v 0.164963514 0.0165108237 0.0100000007
v 0.164682552 0.0160972327 0.009500001
v 0.164584726 0.016441809 0.009750001
v 0.164582014 0.016717108 0.0100000007
v 0.164389774 0.0162555426 0.009500001
v 0.164184391 0.0165833011 0.009750001
v 0.16418393 0.0168392286 0.0100000007
v 0.163788974 0.0166320764 0.009750001
v 0.164084271 0.01634926 0.009500001
v 0.1637934 0.0168820359 0.0100000007
v 0.163784564 0.0163821131 0.009500001
v 0.1634016 0.0168530662 0.0100000007
v 0.163483888 0.01635988 0.009500001
v 0.163392082 0.0165973157 0.009750001
v 0.162999451 0.0167451017 0.0100000007
v 0.1627914 0.01636967 0.009750001
v 0.163175255 0.0162770245 0.009500001
v 0.162610888 0.0165524371 0.0100000007
v 0.162877053 0.0161291678 0.009500001
v 0.162262231 0.0162793 0.0100000007
v 0.162609473 0.0159195513 0.009500001
v 0.162283838 0.015934268 0.009750001
v 0.161976919 0.0159405172 0.0100000007
v 0.161963046 0.0153628653 0.009750001
v 0.162390515 0.01565955 0.009500001
v 0.161770642 0.0155590065 0.0100000007
v 0.1622322 0.0153667647 0.009500001
v 0.161648527 0.015160921 0.0100000007
v 0.162138492 0.0150612583 0.009500001
v 0.161605716 0.0147703951 0.0100000007
v 0.162105635 0.0147615531 0.009500001
v 0.135379165 -0.0147703951 0.0100000007
v 0.1353502 -0.0143786017 0.0100000007
v 0.134879246 -0.0147615531 0.009500001
v 0.135094449 -0.0143690808 0.009750001
v 0.134857014 -0.0144608729 0.009500001
v 0.135242224 -0.0139764464 0.0100000007
v 0.134774148 -0.0141522437 0.009500001
v 0.134967208 -0.0139639955 0.009750001
v 0.135049567 -0.01358788 0.0100000007
v 0.1346263 -0.0138540417 0.009500001
v 0.134742633 -0.01358327 0.009750001
v 0.134776428 -0.0132392161 0.0100000007
v 0.134416685 -0.0135864615 0.009500001
v 0.134431392 -0.0132608255 0.009750001
v 0.13443765 -0.0129539194 0.0100000007
v 0.134156689 -0.0133675132 0.009500001
v 0.134058848 -0.0130229332 0.009750001
v 0.134056136 -0.0127476361 0.0100000007
v 0.1338639 -0.0132092023 0.009500001
v 0.133658528 -0.012881441 0.009750001
v 0.133658051 -0.0126255155 0.0100000007
v 0.133263111 -0.0128326686 0.009750001
v 0.133558393 -0.0131154805 0.009500001
v 0.133267522 -0.0125827072 0.0100000007
v 0.133258685 -0.0130826309 0.009500001
v 0.132875726 -0.0126116769 0.0100000007
v 0.13295801 -0.0131048607 0.009500001
v 0.132866219 -0.0128674265 0.009750001
v 0.132473573 -0.0127196433 0.0100000007
v 0.132265523 -0.0130950725 0.009750001
v 0.132649377 -0.0131877195 0.009500001
v 0.13208501 -0.012912306 0.0100000007
v 0.132351175 -0.0133355772 0.009500001
v 0.131736353 -0.0131854415 0.0100000007
v 0.1320836 -0.0135451928 0.009500001
v 0.13175796 -0.013530477 0.009750001
v 0.131451055 -0.0135242287 0.0100000007
v 0.131437168 -0.0141018778 0.009750001
v 0.131864637 -0.013805192 0.009500001
v 0.131244764 -0.0139057385 0.0100000007
v 0.131706327 -0.0140979793 0.009500001
v 0.131122649 -0.014303823 0.0100000007
v 0.131612614 -0.0144034848 0.009500001
v 0.131079838 -0.014694347 0.0100000007
v 0.131579757 -0.0147031909 0.009500001
v 0.135909736 0.0152249141 0.0100000007
v 0.135880768 0.0156167084 0.0100000007
v 0.1354098 0.015233756 0.009500001
v 0.13562502 0.0156262275 0.009750001
v 0.135387585 0.0155344373 0.009500001
v 0.1357728 0.0160188638 0.0100000007
v 0.135304719 0.0158430655 0.009500001
v 0.135497764 0.0160313137 0.009750001
v 0.135580137 0.01640743 0.0100000007
v 0.13515687 0.0161412675 0.009500001
v 0.1352732 0.01641204 0.009750001
v 0.135307 0.0167560931 0.0100000007
v 0.13494724 0.01640885 0.009500001
v 0.134961963 0.0167344827 0.009750001
v 0.1349682 0.0170413889 0.0100000007
v 0.134687245 0.0166277979 0.009500001
v 0.134589419 0.0169723742 0.009750001
v 0.1345867 0.0172476731 0.0100000007
v 0.134394467 0.0167861078 0.009500001
v 0.134189084 0.0171138681 0.009750001
v 0.134188622 0.0173697937 0.0100000007
v 0.133793667 0.01716264 0.009750001
v 0.134088963 0.0168798268 0.009500001
v 0.1337981 0.0174126029 0.0100000007
v 0.133789256 0.01691268 0.009500001
v 0.1334063 0.0173836313 0.0100000007
v 0.133488566 0.0168904476 0.009500001
v 0.133396775 0.0171278827 0.009750001
v 0.133004144 0.0172756668 0.0100000007
v 0.1327961 0.0169002358 0.009750001
v 0.133179933 0.01680759 0.009500001
v 0.132615581 0.0170830023 0.0100000007
v 0.132881746 0.0166597329 0.009500001
v 0.132266909 0.0168098677 0.0100000007
v 0.132614166 0.0164501183 0.009500001
v 0.13228853 0.0164648332 0.009750001
v 0.131981611 0.0164710823 0.0100000007
v 0.131967723 0.0158934314 0.009750001
v 0.132395208 0.0161901172 0.009500001
v 0.131775334 0.0160895716 0.0100000007
v 0.1322369 0.01589733 0.009500001
v 0.131653219 0.0156914871 0.0100000007
v 0.132143185 0.0155918254 0.009500001
v 0.131610408 0.0153009621 0.0100000007
v 0.132110327 0.0152921183 0.009500001
v 0.113993347 0.00372866634 0.00500000035
v 0.113797866 0.0006136894 0.00500000035
v 0.113751441 0.000614509 0.005530196
v 0.113999084 0.004186092 0.005530196
v 0.114488751 0.00691657141 0.00500000035
v 0.11385233 0.004203905 0.00607111864
v 0.113603629 0.00061712414 0.00607111864
v 0.114643365 0.007845718 0.005530196
v 0.115305975 0.0101364981 0.00500000035
v 0.113598987 0.00423465064 0.00659366557
v 0.113348462 0.000621635467 0.00659366557
v 0.11449936 0.007879102 0.00607111864
v 0.11571487 0.0115302186 0.005530196
v 0.116459727 0.0133414892 0.00500000035
v 0.113244385 0.004277682 0.007066398
v 0.112991318 0.000627953559 0.007066398
v 0.114250734 0.007936727 0.00659366557
v 0.115575418 0.0115792742 0.00607111864
v 0.117230922 0.0151668247 0.005530196
v 0.11795567 0.016480159 0.00500000035
v 0.112805739 0.00433091726 0.007461147
v 0.112549514 0.0006357692 0.007461147
v 0.113902763 0.008017382 0.007066398
v 0.115334675 0.0116639631 0.00659366557
v 0.117097922 0.0152313523 0.00607111864
v 0.119192354 0.01867672 0.005530196
v 0.119789056 0.0194988642 0.00500000035
v 0.112309508 0.00439114124 0.00775832636
v 0.112049729 0.000644609332 0.00775832636
v 0.114997707 0.0117824953 0.007066398
v 0.11686831 0.0153427524 0.00659366557
v 0.119067691 0.018756181 0.00607111864
v 0.121581405 0.021979792 0.005530196
v 0.121944 0.0223443657 0.00500000035
v 0.111786366 0.00445462763 0.007949999
v 0.111522824 0.00065393 0.007949999
v 0.111209556 0.00402953848 0.008039737
v 0.1109983 0.000663206 0.008039737
v 0.111744933 0.007474682 0.008039737
v 0.112471975 0.008349019 0.007949999
v 0.1126281 0.0109544257 0.008039737
v 0.112985358 0.008230025 0.00775832636
v 0.11361222 0.012269875 0.007949999
v 0.113874957 0.0144180367 0.008039737
v 0.113472313 0.008117155 0.007461147
v 0.115225524 0.0161397662 0.007949999
v 0.115491606 0.0178099722 0.008039737
v 0.114109337 0.012095 0.00775832636
v 0.114580885 0.0119291237 0.007461147
v 0.117312774 0.0198748168 0.007949999
v 0.117472932 0.02107226 0.008039737
v 0.115699649 0.015909737 0.00775832636
v 0.116149381 0.0156915449 0.007461147
v 0.119855084 0.0233897772 0.007949999
v 0.119801767 0.0241473671 0.008039737
v 0.117757156 0.019591555 0.00775832636
v 0.116546929 0.015498668 0.007066398
v 0.122813374 0.0266038645 0.007949999
v 0.12244904 0.0269813146 0.008039737
v 0.125374839 0.02952671 0.008039737
v 0.120263234 0.0230564177 0.00775832636
v 0.118178681 0.0193228684 0.007461147
v 0.118551277 0.0190853588 0.007066398
v 0.126130074 0.0294466354 0.007949999
v 0.128530383 0.0317453369 0.008039737
v 0.123179361 0.0262246951 0.00775832636
v 0.120650381 0.02274021 0.007461147
v 0.118852489 0.0188933574 0.00659366557
v 0.129732743 0.03186304 0.007949999
v 0.1318607 0.0336100459 0.008039737
v 0.12644878 0.0290269535 0.00775832636
v 0.123526514 0.02586504 0.007461147
v 0.1209926 0.0224607009 0.007066398
v 0.121269256 0.0222347416 0.00659366557
v 0.133539274 0.0338169 0.007949999
v 0.1353077 0.03510573 0.008039737
v 0.130000114 0.03140893 0.00775832636
v 0.12675111 0.0286288671 0.007461147
v 0.123833388 0.025547117 0.007066398
v 0.121466912 0.0220733061 0.00607111864
v 0.137463808 0.0352923349 0.007949999
v 0.138813227 0.03622931 0.008039737
v 0.133752391 0.0333349332 0.00775832636
v 0.130253717 0.0309781656 0.007461147
v 0.127018332 0.02827697 0.007066398
v 0.124081463 0.0252901074 0.00659366557
v 0.1242587 0.02510649 0.00607111864
v 0.141422525 0.0362932 0.007949999
v 0.142322034 0.0369888656 0.008039737
v 0.137620986 0.03478934 0.00775832636
v 0.13395454 0.0328777619 0.007461147
v 0.1304779 0.0305973981 0.007066398
v 0.12723437 0.0279925019 0.00659366557
v 0.124361366 0.0250001233 0.005530196
v 0.124393612 0.0249667112 0.00500000035
v 0.127100945 0.02732205 0.00500000035
v 0.127388716 0.02778926 0.00607111864
v 0.127478123 0.027671529 0.005530196
v 0.130020887 0.0293750167 0.00500000035
v 0.130659133 0.0302895848 0.00659366557
v 0.134133235 0.0324736424 0.007066398
v 0.130863622 0.0299422722 0.005530196
v 0.133102536 0.0311005 0.00500000035
v 0.130788609 0.0300696641 0.00607111864
v 0.13444069 0.03177834 0.005530196
v 0.136292145 0.0324845 0.00500000035
v 0.134277686 0.032146953 0.00659366557
v 0.1343809 0.03191355 0.00607111864
v 0.137770087 0.0343122259 0.007461147
v 0.138128638 0.0331648365 0.005530196
v 0.13791056 0.0330471471 0.00500000035
v 0.139535949 0.0335241854 0.00500000035
v 0.137901872 0.03389047 0.007066398
v 0.138008416 0.0335495248 0.00659366557
v 0.138084531 0.033305943 0.00607111864
v 0.141523287 0.0357759334 0.00775832636
v 0.141848713 0.0341053642 0.005530196
v 0.142782748 0.03422703 0.00500000035
v 0.141618878 0.03528529 0.007461147
v 0.141703352 0.03485158 0.007066398
v 0.141771659 0.0345009677 0.00659366557
v 0.141820461 0.034250468 0.00607111864
v 0.145338729 0.03684066 0.007949999
v 0.145783946 0.0374020636 0.008039737
v 0.145383686 0.03631559 0.00775832636
v 0.149146378 0.036969617 0.007949999
v 0.149155647 0.0374941379 0.008039737
v 0.152521983 0.0372828767 0.008039737
v 0.1454263 0.0358175449 0.007461147
v 0.145464 0.03537729 0.007066398
v 0.145494461 0.03502139 0.00659366557
v 0.152947068 0.03670608 0.007949999
v 0.155967116 0.036747504 0.008039737
v 0.14913705 0.0364427119 0.00775832636
v 0.149128214 0.0359429233 0.007461147
v 0.156841457 0.0360204652 0.007949999
v 0.159446865 0.0358643346 0.008039737
v 0.152883589 0.0361829326 0.00775832636
v 0.14912039 0.0355011262 0.007066398
v 0.145516232 0.0347671136 0.00607111864
v 0.1597837 0.0352091938 0.007949999
v 0.162910476 0.0346174873 0.008039737
v 0.156722471 0.0355070867 0.00775832636
v 0.152823359 0.0356867053 0.007461147
v 0.149114072 0.03514398 0.00659366557
v 0.145528838 0.03461982 0.005530196
v 0.145986184 0.0346093737 0.00500000035
v 0.152770132 0.03524806 0.007066398
v 0.1566096 0.03502013 0.007461147
v 0.159622788 0.03470738 0.00775832636
v 0.149109572 0.03488881 0.00607111864
v 0.14910695 0.0347410031 0.005530196
v 0.14910613 0.0346945748 0.00500000035
v 0.152221113 0.03449909 0.00500000035
v 0.1527271 0.0348934568 0.00659366557
v 0.156509817 0.034589678 0.007066398
v 0.152678534 0.0344933532 0.005530196
v 0.155409008 0.03400369 0.00500000035
v 0.152696341 0.03464011 0.00607111864
v 0.156338155 0.03384907 0.005530196
v 0.158628941 0.0331864655 0.00500000035
v 0.156429172 0.0342417024 0.00659366557
v 0.156371534 0.0339930877 0.00607111864
v 0.159470141 0.0342313871 0.007461147
v 0.159103051 0.0330867022 0.005530196
v 0.161833927 0.0320327133 0.00500000035
v 0.159148186 0.03322747 0.00607111864
v 0.15922612 0.0334704928 0.00659366557
v 0.1593352 0.0338106342 0.007066398
v 0.162506163 0.03364673 0.00775832636
v 0.162313968 0.0331852846 0.007461147
v 0.16214408 0.0327773839 0.007066398
v 0.162006736 0.0324476361 0.00659366557
v 0.161908627 0.03221205 0.00607111864
v 0.162708774 0.03413321 0.007949999
v 0.165581957 0.03278915 0.007949999
v 0.166302413 0.0330008343 0.008039737
v 0.1653384 0.0323218256 0.00775832636
v 0.168367252 0.0311796647 0.007949999
v 0.1695647 0.0310195088 0.008039737
v 0.165107355 0.03187855 0.007461147
v 0.164903134 0.0314867124 0.007066398
v 0.171028659 0.0293137953 0.007949999
v 0.1726398 0.0286906734 0.008039737
v 0.168084 0.030735286 0.00775832636
v 0.173531592 0.0272070114 0.007949999
v 0.17547375 0.0260433983 0.008039737
v 0.167815313 0.0303137638 0.007461147
v 0.170707464 0.02889601 0.00775832636
v 0.164738044 0.0311699547 0.00659366557
v 0.175844252 0.0248808824 0.007949999
v 0.178019151 0.0231176 0.008039737
v 0.173174709 0.0268192515 0.00775832636
v 0.1704028 0.028499715 0.007461147
v 0.1675778 0.0299411658 0.007066398
v 0.177939072 0.0223623719 0.007949999
v 0.18023777 0.0199620556 0.008039737
v 0.175454423 0.02452627 0.00775832636
v 0.172836214 0.02645144 0.007461147
v 0.170133486 0.0281494111 0.007066398
v 0.1673858 0.0296399537 0.00659366557
v 0.164620087 0.03094364 0.00607111864
v 0.161851779 0.0320755839 0.005530196
v 0.164551765 0.0308125466 0.005530196
v 0.1649726 0.0305367745 0.00500000035
v 0.167248622 0.02942475 0.00607111864
v 0.167169154 0.0293000881 0.005530196
v 0.16799131 0.0287033841 0.00500000035
v 0.16991578 0.027866222 0.00659366557
v 0.169760227 0.027663894 0.00607111864
v 0.169670135 0.0275466964 0.005530196
v 0.1708368 0.0265484378 0.00500000035
v 0.172536984 0.0261263084 0.007066398
v 0.1722951 0.0258634761 0.00659366557
v 0.17212227 0.0256756879 0.00607111864
v 0.172022164 0.0255669132 0.005530196
v 0.173459157 0.0240988266 0.00500000035
v 0.175084651 0.0241899062 0.007461147
v 0.1747578 0.023892574 0.007066398
v 0.174493566 0.0236522146 0.00659366557
v 0.174304783 0.0234804824 0.00607111864
v 0.174195424 0.023381006 0.005530196
v 0.1758145 0.0213914886 0.00500000035
v 0.1775194 0.0220436528 0.00775832636
v 0.177121311 0.0217413362 0.007461147
v 0.1767694 0.0214741025 0.007066398
v 0.176484942 0.0212580711 0.00659366557
v 0.1762817 0.0211037248 0.00607111864
v 0.176163971 0.02101432 0.005530196
v 0.177867457 0.0184715558 0.00500000035
v 0.179793686 0.0196827967 0.007949999
v 0.17934756 0.0194022711 0.00775832636
v 0.1813917 0.0168765672 0.007949999
v 0.182102486 0.0166317374 0.008039737
v 0.1789244 0.0191361811 0.007461147
v 0.178550348 0.0189009681 0.007066398
v 0.178247958 0.01871082 0.00659366557
v 0.178031921 0.01857497 0.00607111864
v 0.182723224 0.0139797451 0.007949999
v 0.183598176 0.0131847495 0.008039737
v 0.1809228 0.0166360345 0.00775832636
v 0.180478051 0.0164078809 0.007461147
v 0.1800849 0.016206203 0.007066398
v 0.183784783 0.0110286381 0.007949999
v 0.184721738 0.009679214 0.008039737
v 0.18223536 0.0137805026 0.00775832636
v 0.184579015 0.008058445 0.007949999
v 0.18548131 0.006170413 0.008039737
v 0.18177259 0.0135915112 0.007461147
v 0.183281779 0.0108714579 0.00775832636
v 0.179767072 0.0160431676 0.00659366557
v 0.185114145 0.00510208635 0.007949999
v 0.1858945 0.002708491 0.008039737
v 0.184064716 0.007943594 0.00775832636
v 0.181363523 0.0134244505 0.007066398
v 0.182804659 0.0107223606 0.007461147
v 0.18540296 0.00218931469 0.007949999
v 0.185986578 -0.000663206 0.008039737
v 0.184592187 0.00502936868 0.00775832636
v 0.183576852 0.00783465 0.007461147
v 0.182382911 0.0105905663 0.007066398
v 0.181032836 0.0132893976 0.00659366557
v 0.185462058 -0.00065393 0.007949999
v 0.185775325 -0.00402953848 0.008039737
v 0.1848769 0.002158114 0.00775832636
v 0.184097111 0.004960393 0.007461147
v 0.183145612 0.00773835 0.007066398
v 0.185198516 -0.00445462763 0.007949999
v 0.185239941 -0.007474682 0.008039737
v 0.184935153 -0.000644609332 0.00775832636
v 0.184377909 0.002128516 0.007461147
v 0.184512913 -0.008349019 0.007949999
v 0.184356779 -0.0109544257 0.008039737
v 0.184675366 -0.00439114124 0.00775832636
v 0.183372661 -0.012269875 0.007949999
v 0.183109924 -0.0144180367 0.008039737
v 0.182041973 0.0104840221 0.00659366557
v 0.183659464 0.004899425 0.007066398
v 0.184435368 -0.0006357692 0.007461147
v 0.183999524 -0.008230025 0.00775832636
v 0.181759357 -0.0161397662 0.007949999
v 0.181493282 -0.0178099722 0.008039737
v 0.182797 0.00766050071 0.00659366557
v 0.183936819 0.002102352 0.007066398
v 0.184179142 -0.00433091726 0.007461147
v 0.182875544 -0.012095 0.00775832636
v 0.1796721 -0.0198748168 0.007949999
v 0.179511949 -0.02107226 0.008039737
v 0.183305681 0.00485013472 0.00659366557
v 0.183993563 -0.000627953559 0.007066398
v 0.183512568 -0.008117155 0.007461147
v 0.181285232 -0.015909737 0.00775832636
v 0.1771298 -0.0233897772 0.007949999
v 0.177183121 -0.0241473671 0.008039737
v 0.18358025 0.00208120258 0.00659366557
v 0.1837405 -0.004277682 0.007066398
v 0.182404 -0.0119291237 0.007461147
v 0.179227725 -0.019591555 0.00775832636
v 0.1741715 -0.0266038645 0.007949999
v 0.174535841 -0.0269813146 0.008039737
v 0.171610042 -0.02952671 0.008039737
v 0.183636427 -0.000621635467 0.00659366557
v 0.183082119 -0.008017382 0.007066398
v 0.1808355 -0.0156915449 0.007461147
v 0.176721647 -0.0230564177 0.00775832636
v 0.1708548 -0.0294466354 0.007949999
v 0.1684545 -0.0317453369 0.008039737
v 0.1833859 -0.00423465064 0.00659366557
v 0.181987166 -0.0117824953 0.007066398
v 0.1788062 -0.0193228684 0.007461147
v 0.17380552 -0.0262246951 0.00775832636
v 0.167252138 -0.03186304 0.007949999
v 0.165124178 -0.0336100459 0.008039737
v 0.182734147 -0.007936727 0.00659366557
v 0.180437952 -0.015498668 0.007066398
v 0.1763345 -0.02274021 0.007461147
v 0.1705361 -0.0290269535 0.00775832636
v 0.1634456 -0.0338169 0.007949999
v 0.161677182 -0.03510573 0.008039737
v 0.1816502 -0.0116639631 0.00659366557
v 0.178433612 -0.0190853588 0.007066398
v 0.173458368 -0.02586504 0.007461147
v 0.166984767 -0.03140893 0.00775832636
v 0.159521073 -0.0352923349 0.007949999
v 0.158171654 -0.03622931 0.008039737
v 0.180116564 -0.0153427524 0.00659366557
v 0.17599228 -0.0224607009 0.007066398
v 0.170233771 -0.0286288671 0.007461147
v 0.16323249 -0.0333349332 0.00775832636
v 0.155562356 -0.0362932 0.007949999
v 0.154662848 -0.0369888656 0.008039737
v 0.1781324 -0.0188933574 0.00659366557
v 0.1731515 -0.025547117 0.007066398
v 0.166731164 -0.0309781656 0.007461147
v 0.1593639 -0.03478934 0.00775832636
v 0.151646152 -0.03684066 0.007949999
v 0.151200935 -0.0374020636 0.008039737
v 0.175715625 -0.0222347416 0.00659366557
v 0.169966549 -0.02827697 0.007066398
v 0.163030341 -0.0328777619 0.007461147
v 0.1554616 -0.0357759334 0.00775832636
v 0.1478385 -0.036969617 0.007949999
v 0.147829235 -0.0374941379 0.008039737
v 0.1444629 -0.0372828767 0.008039737
v 0.172903419 -0.0252901074 0.00659366557
v 0.166506976 -0.0305973981 0.007066398
v 0.1592148 -0.0343122259 0.007461147
v 0.1516012 -0.03631559 0.00775832636
v 0.144037813 -0.03670608 0.007949999
v 0.141017765 -0.036747504 0.008039737
v 0.169750512 -0.0279925019 0.00659366557
v 0.162851647 -0.0324736424 0.007066398
v 0.155366 -0.03528529 0.007461147
v 0.147847831 -0.0364427119 0.00775832636
v 0.140143424 -0.0360204652 0.007949999
v 0.137538016 -0.0358643346 0.008039737
v 0.166325748 -0.0302895848 0.00659366557
v 0.159083009 -0.03389047 0.007066398
v 0.151558578 -0.0358175449 0.007461147
v 0.144101292 -0.0361829326 0.00775832636
v 0.137201175 -0.0352091938 0.007949999
v 0.1340744 -0.0346174873 0.008039737
v 0.1627072 -0.032146953 0.00659366557
v 0.155281529 -0.03485158 0.007066398
v 0.147856668 -0.0359429233 0.007461147
v 0.14026241 -0.0355070867 0.00775832636
v 0.158976465 -0.0335495248 0.00659366557
v 0.151520878 -0.03537729 0.007066398
v 0.144161522 -0.0356867053 0.007461147
v 0.155213222 -0.0345009677 0.00659366557
v 0.147864491 -0.0355011262 0.007066398
v 0.15149042 -0.03502139 0.00659366557
v 0.1373621 -0.03470738 0.00775832636
v 0.140375286 -0.03502013 0.007461147
v 0.144214749 -0.03524806 0.007066398
v 0.147870809 -0.03514398 0.00659366557
v 0.1342761 -0.03413321 0.007949999
v 0.131402925 -0.03278915 0.007949999
v 0.130682468 -0.0330008343 0.008039737
v 0.134478718 -0.03364673 0.00775832636
v 0.13751474 -0.0342313871 0.007461147
v 0.140475065 -0.034589678 0.007066398
v 0.128617629 -0.0311796647 0.007949999
v 0.127420187 -0.0310195088 0.008039737
v 0.131646484 -0.0323218256 0.00775832636
v 0.134670913 -0.0331852846 0.007461147
v 0.125956222 -0.0293137953 0.007949999
v 0.124345072 -0.0286906734 0.008039737
v 0.128900886 -0.030735286 0.00775832636
v 0.1234533 -0.0272070114 0.007949999
v 0.121511132 -0.0260433983 0.008039737
v 0.144257784 -0.0348934568 0.00659366557
v 0.137649685 -0.0338106342 0.007066398
v 0.131877527 -0.03187855 0.007461147
v 0.126277417 -0.02889601 0.00775832636
v 0.121140629 -0.0248808824 0.007949999
v 0.11896573 -0.0231176 0.008039737
v 0.14055571 -0.0342417024 0.00659366557
v 0.1348408 -0.0327773839 0.007066398
v 0.129169568 -0.0303137638 0.007461147
v 0.123810165 -0.0268192515 0.00775832636
v 0.1190458 -0.0223623719 0.007949999
v 0.1167471 -0.0199620556 0.008039737
v 0.137758762 -0.0334704928 0.00659366557
v 0.132081747 -0.0314867124 0.007066398
v 0.126582086 -0.028499715 0.007461147
v 0.121530451 -0.02452627 0.00775832636
v 0.134978145 -0.0324476361 0.00659366557
v 0.129407078 -0.0299411658 0.007066398
v 0.124148674 -0.02645144 0.007461147
v 0.132246837 -0.0311699547 0.00659366557
v 0.1268514 -0.0281494111 0.007066398
v 0.129599079 -0.0296399537 0.00659366557
v 0.119465485 -0.0220436528 0.00775832636
v 0.121900231 -0.0241899062 0.007461147
v 0.1244479 -0.0261263084 0.007066398
v 0.1270691 -0.027866222 0.00659366557
v 0.1171912 -0.0196827967 0.007949999
v 0.11559318 -0.0168765672 0.007949999
v 0.114882395 -0.0166317374 0.008039737
v 0.117637321 -0.0194022711 0.00775832636
v 0.11986357 -0.0217413362 0.007461147
v 0.12222708 -0.023892574 0.007066398
v 0.114261657 -0.0139797451 0.007949999
v 0.113386706 -0.0131847495 0.008039737
v 0.116062067 -0.0166360345 0.00775832636
v 0.118060485 -0.0191361811 0.007461147
v 0.1132001 -0.0110286381 0.007949999
v 0.112263136 -0.009679214 0.008039737
v 0.114749521 -0.0137805026 0.00775832636
v 0.112405859 -0.008058445 0.007949999
v 0.111503579 -0.006170413 0.008039737
v 0.124689788 -0.0258634761 0.00659366557
v 0.120215476 -0.0214741025 0.007066398
v 0.11650683 -0.0164078809 0.007461147
v 0.1137031 -0.0108714579 0.00775832636
v 0.111870743 -0.00510208635 0.007949999
v 0.111090377 -0.002708491 0.008039737
v 0.122491315 -0.0236522146 0.00659366557
v 0.118434533 -0.0189009681 0.007066398
v 0.115212291 -0.0135915112 0.007461147
v 0.112920173 -0.007943594 0.00775832636
v 0.111581922 -0.00218931469 0.007949999
v 0.1109983 0.000663206 0.008039737
v 0.111522824 0.00065393 0.007949999
v 0.112392686 -0.00502936868 0.00775832636
v 0.112107977 -0.002158114 0.00775832636
v 0.112049729 0.000644609332 0.00775832636
v 0.114180222 -0.0107223606 0.007461147
v 0.116899982 -0.016206203 0.007066398
v 0.113408029 -0.00783465 0.007461147
v 0.11288777 -0.004960393 0.007461147
v 0.112606972 -0.002128516 0.007461147
v 0.112549514 0.0006357692 0.007461147
v 0.115621351 -0.0134244505 0.007066398
v 0.11460197 -0.0105905663 0.007066398
v 0.113839269 -0.00773835 0.007066398
v 0.113325417 -0.004899425 0.007066398
v 0.113048062 -0.002102352 0.007066398
v 0.112991318 0.000627953559 0.007066398
v 0.113404632 -0.00208120258 0.00659366557
v 0.113348462 0.000621635467 0.00659366557
v 0.1136792 -0.00485013472 0.00659366557
v 0.114187881 -0.00766050071 0.00659366557
v 0.114942916 -0.0104840221 0.00659366557
v 0.115952037 -0.0132893976 0.00659366557
v 0.1136594 -0.00206609187 0.00607111864
v 0.113603629 0.00061712414 0.00607111864
v 0.113931969 -0.004814921 0.00607111864
v 0.114436954 -0.007604882 0.00607111864
v 0.1151865 -0.0104079014 0.00607111864
v 0.113806963 -0.00205733976 0.005530196
v 0.113751441 0.000614509 0.005530196
v 0.113797866 0.0006136894 0.00500000035
v 0.113883063 -0.002506257 0.00500000035
v 0.11407838 -0.004794521 0.005530196
v 0.114265412 -0.005709689 0.00500000035
v 0.114581242 -0.007572663 0.005530196
v 0.114968255 -0.008956498 0.00500000035
v 0.115327604 -0.0103638079 0.005530196
v 0.116007939 -0.0122002913 0.00500000035
v 0.116325162 -0.0131370164 0.005530196
v 0.117391944 -0.0153899007 0.00500000035
v 0.1161883 -0.0131929079 0.00607111864
v 0.11757642 -0.01585921 0.005530196
v 0.119117424 -0.0184715558 0.00500000035
v 0.117444888 -0.0159266852 0.00607111864
v 0.119078115 -0.0184962731 0.005530196
v 0.117217809 -0.0160431676 0.00659366557
v 0.12082091 -0.02101432 0.005530196
v 0.121170387 -0.0213914886 0.00500000035
v 0.118952967 -0.01857497 0.00607111864
v 0.118736923 -0.01871082 0.00659366557
v 0.122789457 -0.023381006 0.005530196
v 0.123525731 -0.0240988266 0.00500000035
v 0.120703183 -0.0211037248 0.00607111864
v 0.120499939 -0.0212580711 0.00659366557
v 0.1226801 -0.0234804824 0.00607111864
v 0.124962717 -0.0255669132 0.005530196
v 0.126148075 -0.0265484378 0.00500000035
v 0.124862611 -0.0256756879 0.00607111864
v 0.127314746 -0.0275466964 0.005530196
v 0.128993571 -0.0287033841 0.00500000035
v 0.127224654 -0.027663894 0.00607111864
v 0.129815727 -0.0293000881 0.005530196
v 0.132012278 -0.0305367745 0.00500000035
v 0.12973626 -0.02942475 0.00607111864
v 0.132433116 -0.0308125466 0.005530196
v 0.135150954 -0.0320327133 0.00500000035
v 0.1323648 -0.03094364 0.00607111864
v 0.1351331 -0.0320755839 0.005530196
v 0.135076255 -0.03221205 0.00607111864
v 0.13788183 -0.0330867022 0.005530196
v 0.138355941 -0.0331864655 0.00500000035
v 0.1378367 -0.03322747 0.00607111864
v 0.140646726 -0.03384907 0.005530196
v 0.141575873 -0.03400369 0.00500000035
v 0.140613347 -0.0339930877 0.00607111864
v 0.144306347 -0.0344933532 0.005530196
v 0.144763768 -0.03449909 0.00500000035
v 0.14428854 -0.03464011 0.00607111864
v 0.147877932 -0.0347410031 0.005530196
v 0.147878751 -0.0346945748 0.00500000035
v 0.1509987 -0.0346093737 0.00500000035
v 0.147875309 -0.03488881 0.00607111864
v 0.151456043 -0.03461982 0.005530196
v 0.154202133 -0.03422703 0.00500000035
v 0.15146865 -0.0347671136 0.00607111864
v 0.155136168 -0.0341053642 0.005530196
v 0.157448933 -0.0335241854 0.00500000035
v 0.155164421 -0.034250468 0.00607111864
v 0.158856243 -0.0331648365 0.005530196
v 0.159074321 -0.0330471471 0.00500000035
v 0.160692737 -0.0324845 0.00500000035
v 0.15890035 -0.033305943 0.00607111864
v 0.162544191 -0.03177834 0.005530196
v 0.163882345 -0.0311005 0.00500000035
v 0.162603974 -0.03191355 0.00607111864
v 0.166121259 -0.0299422722 0.005530196
v 0.166964 -0.0293750167 0.00500000035
v 0.166196272 -0.0300696641 0.00607111864
v 0.169506758 -0.027671529 0.005530196
v 0.169883937 -0.02732205 0.00500000035
v 0.169596165 -0.02778926 0.00607111864
v 0.172623515 -0.0250001233 0.005530196
v 0.172591269 -0.0249667112 0.00500000035
v 0.175040871 -0.0223443657 0.00500000035
v 0.172726184 -0.02510649 0.00607111864
v 0.175403476 -0.021979792 0.005530196
v 0.177195817 -0.0194988642 0.00500000035
v 0.175517976 -0.0220733061 0.00607111864
v 0.177792534 -0.01867672 0.005530196
v 0.179029211 -0.016480159 0.00500000035
v 0.177917182 -0.018756181 0.00607111864
v 0.179753959 -0.0151668247 0.005530196
v 0.180525154 -0.0133414892 0.00500000035
v 0.179886967 -0.0152313523 0.00607111864
v 0.18127 -0.0115302186 0.005530196
v 0.1816789 -0.0101364981 0.00500000035
v 0.181409463 -0.0115792742 0.00607111864
v 0.182341516 -0.007845718 0.005530196
v 0.18249613 -0.00691657141 0.00500000035
v 0.182485521 -0.007879102 0.00607111864
v 0.1829858 -0.004186092 0.005530196
v 0.182991534 -0.00372866634 0.00500000035
v 0.183132559 -0.004203905 0.00607111864
v 0.18323344 -0.000614509 0.005530196
v 0.183187008 -0.0006136894 0.00500000035
v 0.183381259 -0.00061712414 0.00607111864
v 0.183177918 0.00205733976 0.005530196
v 0.183101818 0.002506257 0.00500000035
v 0.183325484 0.00206609187 0.00607111864
v 0.182906508 0.004794521 0.005530196
v 0.182719469 0.005709689 0.00500000035
v 0.183052912 0.004814921 0.00607111864
v 0.182403639 0.007572663 0.005530196
v 0.182016626 0.008956498 0.00500000035
v 0.182547927 0.007604882 0.00607111864
v 0.181657284 0.0103638079 0.005530196
v 0.180976942 0.0122002913 0.00500000035
v 0.181798384 0.0104079014 0.00607111864
v 0.180659711 0.0131370164 0.005530196
v 0.179592937 0.0153899007 0.00500000035
v 0.180796579 0.0131929079 0.00607111864
v 0.179408461 0.01585921 0.005530196
v 0.17954 0.0159266852 0.00607111864
v 0.177906767 0.0184962731 0.005530196
v 0.128318712 -0.009644726 0.008
v 0.128442511 -0.00264582015 0.008
v 0.128318712 -0.009644726 0.009500001
v 0.128672421 0.0103521477 0.009500001
v 0.128548622 0.0033532416 0.008
v 0.128672421 0.0103521477 0.008
v 0.128495574 0.000353710726 0.00725000072
v 0.128442511 -0.00264582015 0.00500000035
v 0.128548622 0.0033532416 0.00500000035
v 0.1354098 0.015233756 0.009500001
v 0.13537696 0.0149340518 0.009500001
v 0.135909736 0.0152249141 0.0100000007
v 0.1355524 0.0146324439 0.009750001
v 0.135283232 0.0146285444 0.009500001
v 0.135866925 0.0148343891 0.0100000007
v 0.13574481 0.0144363036 0.0100000007
v 0.135124922 0.014335759 0.009500001
v 0.135538518 0.0140547948 0.0100000007
v 0.135231614 0.0140610421 0.009750001
v 0.134905979 0.01407576 0.009500001
v 0.134724051 0.0136256386 0.009750001
v 0.135253221 0.0137160085 0.0100000007
v 0.1346384 0.0138661433 0.009500001
v 0.134904563 0.0134428712 0.0100000007
v 0.1343402 0.0137182856 0.009500001
v 0.134516 0.0132502094 0.0100000007
v 0.134123355 0.0133979917 0.009750001
v 0.134031564 0.0136354268 0.009500001
v 0.133726463 0.0133632338 0.009750001
v 0.134113833 0.013142243 0.0100000007
v 0.133730888 0.0136131961 0.009500001
v 0.133722052 0.0131132724 0.0100000007
v 0.133431181 0.0136460466 0.009500001
v 0.133331522 0.0131560815 0.0100000007
v 0.133331046 0.0134120062 0.009750001
v 0.133125678 0.0137397684 0.009500001
v 0.132933438 0.0132782022 0.0100000007
v 0.132930726 0.0135534992 0.009750001
v 0.132832885 0.0138980793 0.009500001
v 0.132551923 0.0134844845 0.0100000007
v 0.132558167 0.0137913926 0.009750001
v 0.132572889 0.0141170286 0.009500001
v 0.132213145 0.0137697831 0.0100000007
v 0.132246941 0.0141138351 0.009750001
v 0.132363275 0.0143846087 0.009500001
v 0.13194 0.014118446 0.0100000007
v 0.132022366 0.0144945607 0.009750001
v 0.13221541 0.0146828089 0.009500001
v 0.131747335 0.0145070115 0.0100000007
v 0.131895125 0.0148996459 0.009750001
v 0.13213256 0.01499144 0.009500001
v 0.131639376 0.0149091678 0.0100000007
v 0.132110327 0.0152921183 0.009500001
v 0.131610408 0.0153009621 0.0100000007
v 0.134879246 -0.0147615531 0.009500001
v 0.134846389 -0.0150612583 0.009500001
v 0.135379165 -0.0147703951 0.0100000007
v 0.135021836 -0.0153628653 0.009750001
v 0.134752676 -0.0153667647 0.009500001
v 0.135336354 -0.015160921 0.0100000007
v 0.135214239 -0.0155590065 0.0100000007
v 0.134594366 -0.01565955 0.009500001
v 0.135007963 -0.0159405172 0.0100000007
v 0.134701043 -0.015934268 0.009750001
v 0.134375408 -0.0159195513 0.009500001
v 0.13419348 -0.01636967 0.009750001
v 0.13472265 -0.0162793 0.0100000007
v 0.134107828 -0.0161291678 0.009500001
v 0.134374 -0.0165524371 0.0100000007
v 0.133809626 -0.0162770245 0.009500001
v 0.13398543 -0.0167451017 0.0100000007
v 0.1335928 -0.0165973157 0.009750001
v 0.133501 -0.01635988 0.009500001
v 0.1331959 -0.0166320764 0.009750001
v 0.133583277 -0.0168530662 0.0100000007
v 0.133200318 -0.0163821131 0.009500001
v 0.133191481 -0.0168820359 0.0100000007
v 0.132900611 -0.01634926 0.009500001
v 0.132800952 -0.0168392286 0.0100000007
v 0.13280049 -0.0165833011 0.009750001
v 0.1325951 -0.0162555426 0.009500001
v 0.132402867 -0.016717108 0.0100000007
v 0.132400155 -0.016441809 0.009750001
v 0.132302329 -0.0160972327 0.009500001
v 0.132021368 -0.0165108237 0.0100000007
v 0.132027611 -0.0162039157 0.009750001
v 0.132042319 -0.0158782825 0.009500001
v 0.131682575 -0.0162255261 0.0100000007
v 0.131716371 -0.0158814751 0.009750001
v 0.1318327 -0.0156107005 0.009500001
v 0.131409436 -0.015876865 0.0100000007
v 0.13149181 -0.0155007485 0.009750001
v 0.131684855 -0.0153125 0.009500001
v 0.131216779 -0.0154882986 0.0100000007
v 0.131364554 -0.0150956623 0.009750001
v 0.131601989 -0.01500387 0.009500001
v 0.1311088 -0.0150861423 0.0100000007
v 0.131579757 -0.0147031909 0.009500001
v 0.131079838 -0.014694347 0.0100000007
v 0.165405124 0.0147031909 0.009500001
v 0.165372267 0.0144034848 0.009500001
v 0.165905043 0.014694347 0.0100000007
v 0.165547714 0.0141018778 0.009750001
v 0.165278554 0.0140979793 0.009500001
v 0.165862232 0.014303823 0.0100000007
v 0.165740117 0.0139057385 0.0100000007
v 0.165120244 0.013805192 0.009500001
v 0.165533826 0.0135242287 0.0100000007
v 0.165226921 0.013530477 0.009750001
v 0.164901286 0.0135451928 0.009500001
v 0.164719358 0.0130950725 0.009750001
v 0.165248528 0.0131854415 0.0100000007
v 0.1646337 0.0133355772 0.009500001
v 0.164899871 0.012912306 0.0100000007
v 0.1643355 0.0131877195 0.009500001
v 0.164511308 0.0127196433 0.0100000007
v 0.164118662 0.0128674265 0.009750001
v 0.164026871 0.0131048607 0.009500001
v 0.16372177 0.0128326686 0.009750001
v 0.164109156 0.0126116769 0.0100000007
v 0.1637262 0.0130826309 0.009500001
v 0.163717359 0.0125827072 0.0100000007
v 0.163426489 0.0131154805 0.009500001
v 0.16332683 0.0126255155 0.0100000007
v 0.163326353 0.012881441 0.009750001
v 0.163120985 0.0132092023 0.009500001
v 0.162928745 0.0127476361 0.0100000007
v 0.162926033 0.0130229332 0.009750001
v 0.162828192 0.0133675132 0.009500001
v 0.162547231 0.0129539194 0.0100000007
v 0.162553489 0.0132608255 0.009750001
v 0.1625682 0.0135864615 0.009500001
v 0.162208453 0.0132392161 0.0100000007
v 0.162242249 0.01358327 0.009750001
v 0.162358582 0.0138540417 0.009500001
v 0.161935315 0.01358788 0.0100000007
v 0.162017673 0.0139639955 0.009750001
v 0.162210733 0.0141522437 0.009500001
v 0.161742657 0.0139764464 0.0100000007
v 0.161890432 0.0143690808 0.009750001
v 0.162127867 0.0144608729 0.009500001
v 0.161634684 0.0143786017 0.0100000007
v 0.162105635 0.0147615531 0.009500001
v 0.161605716 0.0147703951 0.0100000007
v 0.164874554 -0.0152921183 0.009500001
v 0.1648417 -0.0155918254 0.009500001
v 0.165374473 -0.0153009621 0.0100000007
v 0.165017158 -0.0158934314 0.009750001
v 0.164747983 -0.01589733 0.009500001
v 0.165331662 -0.0156914871 0.0100000007
v 0.165209547 -0.0160895716 0.0100000007
v 0.164589673 -0.0161901172 0.009500001
v 0.16500327 -0.0164710823 0.0100000007
v 0.164696351 -0.0164648332 0.009750001
v 0.164370716 -0.0164501183 0.009500001
v 0.164188787 -0.0169002358 0.009750001
v 0.164717972 -0.0168098677 0.0100000007
v 0.164103135 -0.0166597329 0.009500001
v 0.1643693 -0.0170830023 0.0100000007
v 0.163804948 -0.01680759 0.009500001
v 0.163980737 -0.0172756668 0.0100000007
v 0.1635881 -0.0171278827 0.009750001
v 0.163496315 -0.0168904476 0.009500001
v 0.163191214 -0.01716264 0.009750001
v 0.163578585 -0.0173836313 0.0100000007
v 0.163195625 -0.01691268 0.009500001
v 0.163186789 -0.0174126029 0.0100000007
v 0.162895918 -0.0168798268 0.009500001
v 0.162796259 -0.0173697937 0.0100000007
v 0.1627958 -0.0171138681 0.009750001
v 0.162590414 -0.0167861078 0.009500001
v 0.162398174 -0.0172476731 0.0100000007
v 0.162395462 -0.0169723742 0.009750001
v 0.162297636 -0.0166277979 0.009500001
v 0.162016675 -0.0170413889 0.0100000007
v 0.162022918 -0.0167344827 0.009750001
v 0.162037641 -0.01640885 0.009500001
v 0.161677882 -0.0167560931 0.0100000007
v 0.161711678 -0.01641204 0.009750001
v 0.161828011 -0.0161412675 0.009500001
v 0.161404744 -0.01640743 0.0100000007
v 0.161487117 -0.0160313137 0.009750001
v 0.161680162 -0.0158430655 0.009500001
v 0.161212087 -0.0160188638 0.0100000007
v 0.161359861 -0.0156262275 0.009750001
v 0.1615973 -0.0155344373 0.009500001
v 0.161104113 -0.0156167084 0.0100000007
v 0.161575079 -0.015233756 0.009500001
v 0.161075145 -0.0152249141 0.0100000007
v 0.135586664 0.025232194 0.009500001
v 0.1355538 0.0249324888 0.009500001
v 0.136086583 0.025223352 0.0100000007
v 0.135729268 0.0246308781 0.009750001
v 0.1354601 0.02462698 0.009500001
v 0.136043787 0.0248328261 0.0100000007
v 0.135921657 0.0244347379 0.0100000007
v 0.135301784 0.024334196 0.009500001
v 0.13571538 0.0240532346 0.0100000007
v 0.135408476 0.02405948 0.009750001
v 0.135082841 0.0240741968 0.009500001
v 0.1349009 0.0236240737 0.009750001
v 0.135430083 0.0237144455 0.0100000007
v 0.134815246 0.02386458 0.009500001
v 0.13508141 0.0234413072 0.0100000007
v 0.134517059 0.0237167217 0.009500001
v 0.134692848 0.0232486464 0.0100000007
v 0.134300217 0.0233964287 0.009750001
v 0.134208426 0.0236338656 0.009500001
v 0.133903325 0.0233616717 0.009750001
v 0.1342907 0.0231406763 0.0100000007
v 0.13390775 0.0236116312 0.009500001
v 0.1338989 0.0231117085 0.0100000007
v 0.133608043 0.0236444846 0.009500001
v 0.133508369 0.0231545158 0.0100000007
v 0.1335079 0.0234104432 0.009750001
v 0.13330254 0.0237382054 0.009500001
v 0.133110285 0.02327664 0.0100000007
v 0.133107573 0.0235519372 0.009750001
v 0.133009747 0.0238965154 0.009500001
v 0.132728785 0.02348292 0.0100000007
v 0.132735029 0.0237898286 0.009750001
v 0.132749736 0.0241154656 0.009500001
v 0.132389992 0.02376822 0.0100000007
v 0.132423788 0.024112273 0.009750001
v 0.132540122 0.0243830457 0.009500001
v 0.132116854 0.0241168849 0.0100000007
v 0.132199228 0.0244929977 0.009750001
v 0.132392272 0.024681244 0.009500001
v 0.1319242 0.0245054457 0.0100000007
v 0.132071972 0.024898082 0.009750001
v 0.1323094 0.0249898769 0.009500001
v 0.131816238 0.0249076057 0.0100000007
v 0.132287174 0.0252905563 0.009500001
v 0.131787255 0.0252994 0.0100000007
v 0.134702384 -0.0247599911 0.009500001
v 0.134669542 -0.0250596926 0.009500001
v 0.135202318 -0.0247688331 0.0100000007
v 0.134844989 -0.0253613032 0.009750001
v 0.134575814 -0.0253652036 0.009500001
v 0.1351595 -0.025159359 0.0100000007
v 0.135037392 -0.0255574416 0.0100000007
v 0.1344175 -0.0256579872 0.009500001
v 0.1348311 -0.02593895 0.0100000007
v 0.1345242 -0.025932705 0.009750001
v 0.134198561 -0.0259179845 0.009500001
v 0.134016633 -0.0263681076 0.009750001
v 0.1345458 -0.026277734 0.0100000007
v 0.133930981 -0.0261276029 0.009500001
v 0.134197146 -0.026550876 0.0100000007
v 0.133632779 -0.02627546 0.009500001
v 0.133808568 -0.026743535 0.0100000007
v 0.133415937 -0.0265957527 0.009750001
v 0.133324146 -0.0263583176 0.009500001
v 0.133019045 -0.0266305134 0.009750001
v 0.133406416 -0.0268515032 0.0100000007
v 0.133023471 -0.02638055 0.009500001
v 0.133014619 -0.02688047 0.0100000007
v 0.132723764 -0.0263476968 0.009500001
v 0.13262409 -0.0268376656 0.0100000007
v 0.132623628 -0.0265817381 0.009750001
v 0.132418245 -0.0262539759 0.009500001
v 0.13222602 -0.0267155431 0.0100000007
v 0.1322233 -0.026440246 0.009750001
v 0.132125467 -0.026095666 0.009500001
v 0.1318445 -0.0265092626 0.0100000007
v 0.131850749 -0.0262023527 0.009750001
v 0.131865472 -0.0258767158 0.009500001
v 0.131505728 -0.02622396 0.0100000007
v 0.131539524 -0.0258799121 0.009750001
v 0.131655842 -0.0256091375 0.009500001
v 0.131232589 -0.0258752983 0.0100000007
v 0.131314948 -0.0254991874 0.009750001
v 0.131508 -0.02531094 0.009500001
v 0.131039917 -0.0254867338 0.0100000007
v 0.1311877 -0.0250941 0.009750001
v 0.131425142 -0.0250023045 0.009500001
v 0.130931959 -0.02508458 0.0100000007
v 0.13140291 -0.0247016288 0.009500001
v 0.130902976 -0.024692785 0.0100000007
v 0.165581971 0.0247016288 0.009500001
v 0.165549129 0.0244019218 0.009500001
v 0.1660819 0.024692785 0.0100000007
v 0.165724576 0.024100313 0.009750001
v 0.1654554 0.0240964144 0.009500001
v 0.1660391 0.024302261 0.0100000007
v 0.165916964 0.0239041727 0.0100000007
v 0.165297091 0.023803629 0.009500001
v 0.165710688 0.0235226676 0.0100000007
v 0.165403783 0.0235289149 0.009750001
v 0.165078148 0.02354363 0.009500001
v 0.1648962 0.0230935086 0.009750001
v 0.16542539 0.0231838785 0.0100000007
v 0.164810568 0.0233340152 0.009500001
v 0.165076733 0.0229107421 0.0100000007
v 0.164512366 0.0231861547 0.009500001
v 0.164688155 0.0227180813 0.0100000007
v 0.164295524 0.0228658654 0.009750001
v 0.164203733 0.0231033 0.009500001
v 0.163898632 0.0228311047 0.009750001
v 0.164286 0.02261011 0.0100000007
v 0.163903058 0.0230810642 0.009500001
v 0.1638942 0.0225811452 0.0100000007
v 0.163603351 0.02311392 0.009500001
v 0.163503677 0.0226239488 0.0100000007
v 0.163503215 0.02287988 0.009750001
v 0.163297847 0.0232076384 0.009500001
v 0.1631056 0.0227460749 0.0100000007
v 0.16310288 0.02302137 0.009750001
v 0.163005054 0.02336595 0.009500001
v 0.1627241 0.0229523554 0.0100000007
v 0.162730336 0.0232592616 0.009750001
v 0.162745059 0.0235848986 0.009500001
v 0.1623853 0.0232376531 0.0100000007
v 0.162419111 0.0235817079 0.009750001
v 0.162535444 0.0238524787 0.009500001
v 0.162112176 0.0235863179 0.0100000007
v 0.162194535 0.0239624325 0.009750001
v 0.16238758 0.0241506789 0.009500001
v 0.1619195 0.02397488 0.0100000007
v 0.1620673 0.0243675169 0.009750001
v 0.162304729 0.02445931 0.009500001
v 0.161811545 0.02437704 0.0100000007
v 0.1622825 0.0247599911 0.009500001
v 0.161782563 0.0247688331 0.0100000007
v 0.1646977 -0.0252905563 0.009500001
v 0.16466485 -0.02559026 0.009500001
v 0.165197626 -0.0252994 0.0100000007
v 0.1648403 -0.0258918684 0.009750001
v 0.164571121 -0.0258957688 0.009500001
v 0.165154815 -0.0256899241 0.0100000007
v 0.1650327 -0.0260880068 0.0100000007
v 0.164412811 -0.0261885542 0.009500001
v 0.164826408 -0.0264695156 0.0100000007
v 0.1645195 -0.02646327 0.009750001
v 0.164193869 -0.0264485516 0.009500001
v 0.164011925 -0.0268986728 0.009750001
v 0.16454111 -0.026808301 0.0100000007
v 0.163926288 -0.02665817 0.009500001
v 0.164192453 -0.0270814411 0.0100000007
v 0.163628086 -0.0268060267 0.009500001
v 0.163803875 -0.027274102 0.0100000007
v 0.163411245 -0.027126316 0.009750001
v 0.163319454 -0.0268888846 0.009500001
v 0.163014352 -0.0271610767 0.009750001
v 0.163401723 -0.0273820683 0.0100000007
v 0.163018778 -0.0269111134 0.009500001
v 0.163009927 -0.0274110362 0.0100000007
v 0.162719071 -0.0268782638 0.009500001
v 0.162619412 -0.02736823 0.0100000007
v 0.162618935 -0.0271123014 0.009750001
v 0.162413567 -0.0267845429 0.009500001
v 0.162221327 -0.02724611 0.0100000007
v 0.1622186 -0.0269708112 0.009750001
v 0.162120774 -0.026626233 0.009500001
v 0.161839813 -0.0270398278 0.0100000007
v 0.161846057 -0.02673292 0.009750001
v 0.161860779 -0.0264072828 0.009500001
v 0.16150102 -0.0267545264 0.0100000007
v 0.161534831 -0.0264104772 0.009750001
v 0.161651164 -0.0261397045 0.009500001
v 0.1612279 -0.0264058635 0.0100000007
v 0.161310256 -0.0260297526 0.009750001
v 0.1615033 -0.0258415043 0.009500001
v 0.161035225 -0.0260172989 0.0100000007
v 0.161183015 -0.0256246645 0.009750001
v 0.16142045 -0.0255328715 0.009500001
v 0.160927266 -0.0256151445 0.0100000007
v 0.161398217 -0.025232194 0.009500001
v 0.1608983 -0.025223352 0.0100000007
v 0.185986578 -0.000663206 0.009500001
v 0.185986578 -0.000663206 0.008039737
v 0.1858945 0.002708491 0.008039737
v 0.185855791 0.00319845765 0.008769869
v 0.1858945 0.002708491 0.009500001
v 0.18548131 0.006170413 0.008039737
v 0.18548131 0.006170413 0.009500001
v 0.185300559 0.007170222 0.008769869
v 0.184721738 0.009679214 0.008039737
v 0.184721738 0.009679214 0.009500001
v 0.1842855 0.0111851152 0.008769869
v 0.183598176 0.0131847495 0.008039737
v 0.183598176 0.0131847495 0.009500001
v 0.182789132 0.0151653234 0.008769869
v 0.182102486 0.0166317374 0.008039737
v 0.182102486 0.0166317374 0.009500001
v 0.180807561 0.0190258622 0.008769869
v 0.18023777 0.0199620556 0.008039737
v 0.18023777 0.0199620556 0.009500001
v 0.178356856 0.0226796474 0.008769869
v 0.178019151 0.0231176 0.008039737
v 0.17547375 0.0260433983 0.008769869
v 0.178019151 0.0231176 0.009500001
v 0.17547375 0.0260433983 0.008039737
v 0.17547375 0.0260433983 0.009500001
v 0.1726398 0.0286906734 0.008039737
v 0.1726398 0.0286906734 0.009500001
v 0.172214076 0.0290436614 0.008769869
v 0.1695647 0.0310195088 0.008039737
v 0.1695647 0.0310195088 0.009500001
v 0.168649241 0.03162204 0.008769869
v 0.166302413 0.0330008343 0.008039737
v 0.166302413 0.0330008343 0.009500001
v 0.1648612 0.03373891 0.008769869
v 0.162910476 0.0346174873 0.008039737
v 0.162910476 0.0346174873 0.009500001
v 0.1609364 0.0353751034 0.008769869
v 0.159446865 0.0358643346 0.008039737
v 0.159446865 0.0358643346 0.009500001
v 0.156959921 0.0365315229 0.008769869
v 0.155967116 0.036747504 0.008039737
v 0.155967116 0.036747504 0.009500001
v 0.153010264 0.0372268632 0.008769869
v 0.152521983 0.0372828767 0.008039737
v 0.149155647 0.0374941379 0.008769869
v 0.152521983 0.0372828767 0.009500001
v 0.149155647 0.0374941379 0.008039737
v 0.149155647 0.0374941379 0.009500001
v 0.145783946 0.0374020636 0.008039737
v 0.145783946 0.0374020636 0.009500001
v 0.145293981 0.03736335 0.008769869
v 0.142322034 0.0369888656 0.008039737
v 0.142322034 0.0369888656 0.009500001
v 0.141322225 0.0368081257 0.008769869
v 0.138813227 0.03622931 0.008039737
v 0.138813227 0.03622931 0.009500001
v 0.138311 0.0360913873 0.008769869
v 0.1353077 0.03510573 0.008039737
v 0.1353077 0.03510573 0.009500001
v 0.1353077 0.03510573 0.008769869
v 0.13234736 0.0338465124 0.008769869
v 0.1318607 0.0336100459 0.008039737
v 0.1318607 0.0336100459 0.009500001
v 0.129466578 0.0323151164 0.008769869
v 0.128530383 0.0317453369 0.008039737
v 0.128530383 0.0317453369 0.009500001
v 0.126702189 0.0305194166 0.008769869
v 0.125374839 0.02952671 0.008039737
v 0.125374839 0.02952671 0.009500001
v 0.124089777 0.02847385 0.008769869
v 0.12244904 0.0269813146 0.008039737
v 0.12244904 0.0269813146 0.009500001
v 0.121662326 0.02619914 0.008769869
v 0.119801767 0.0241473671 0.008039737
v 0.119801767 0.0241473671 0.009500001
v 0.119448781 0.02372163 0.008769869
v 0.117472932 0.02107226 0.008039737
v 0.117472932 0.02107226 0.009500001
v 0.117472932 0.02107226 0.008769869
v 0.115752593 0.01828531 0.008769869
v 0.115491606 0.0178099722 0.008039737
v 0.115491606 0.0178099722 0.009500001
v 0.114299126 0.015396988 0.008769869
v 0.113874957 0.0144180367 0.008039737
v 0.113874957 0.0144180367 0.009500001
v 0.113117337 0.0124439579 0.008769869
v 0.1126281 0.0109544257 0.008039737
v 0.1126281 0.0109544257 0.009500001
v 0.112205796 0.009461994 0.008769869
v 0.111744933 0.007474682 0.008039737
v 0.111744933 0.007474682 0.009500001
v 0.111557394 0.00648475764 0.008769869
v 0.111209556 0.00402953848 0.008039737
v 0.111209556 0.00402953848 0.009500001
v 0.111160174 0.00354287 0.008769869
v 0.1109983 0.000663206 0.008039737
v 0.1109983 0.000663206 0.009500001
v 0.111090377 -0.002708491 0.008039737
v 0.11112909 -0.00319845765 0.008769869
v 0.111090377 -0.002708491 0.009500001
v 0.111503579 -0.006170413 0.008039737
v 0.111503579 -0.006170413 0.009500001
v 0.111684315 -0.007170222 0.008769869
v 0.112263136 -0.009679214 0.008039737
v 0.112263136 -0.009679214 0.009500001
v 0.112699375 -0.0111851152 0.008769869
v 0.113386706 -0.0131847495 0.008039737
v 0.113386706 -0.0131847495 0.009500001
v 0.114195749 -0.0151653234 0.008769869
v 0.114882395 -0.0166317374 0.008039737
v 0.114882395 -0.0166317374 0.009500001
v 0.116177328 -0.0190258622 0.008769869
v 0.1167471 -0.0199620556 0.008039737
v 0.1167471 -0.0199620556 0.009500001
v 0.118628018 -0.0226796474 0.008769869
v 0.11896573 -0.0231176 0.008039737
v 0.121511132 -0.0260433983 0.008769869
v 0.11896573 -0.0231176 0.009500001
v 0.121511132 -0.0260433983 0.008039737
v 0.121511132 -0.0260433983 0.009500001
v 0.124345072 -0.0286906734 0.008039737
v 0.124345072 -0.0286906734 0.009500001
v 0.124770813 -0.0290436614 0.008769869
v 0.127420187 -0.0310195088 0.008039737
v 0.127420187 -0.0310195088 0.009500001
v 0.12833564 -0.03162204 0.008769869
v 0.130682468 -0.0330008343 0.008039737
v 0.130682468 -0.0330008343 0.009500001
v 0.132123679 -0.03373891 0.008769869
v 0.1340744 -0.0346174873 0.008039737
v 0.1340744 -0.0346174873 0.009500001
v 0.136048481 -0.0353751034 0.008769869
v 0.137538016 -0.0358643346 0.008039737
v 0.137538016 -0.0358643346 0.009500001
v 0.14002496 -0.0365315229 0.008769869
v 0.141017765 -0.036747504 0.008039737
v 0.141017765 -0.036747504 0.009500001
v 0.143974617 -0.0372268632 0.008769869
v 0.1444629 -0.0372828767 0.008039737
v 0.147829235 -0.0374941379 0.008769869
v 0.1444629 -0.0372828767 0.009500001
v 0.147829235 -0.0374941379 0.008039737
v 0.147829235 -0.0374941379 0.009500001
v 0.151200935 -0.0374020636 0.008039737
v 0.151200935 -0.0374020636 0.009500001
v 0.1516909 -0.03736335 0.008769869
v 0.154662848 -0.0369888656 0.008039737
v 0.154662848 -0.0369888656 0.009500001
v 0.155662656 -0.0368081257 0.008769869
v 0.158171654 -0.03622931 0.008039737
v 0.158171654 -0.03622931 0.009500001
v 0.158673882 -0.0360913873 0.008769869
v 0.161677182 -0.03510573 0.008039737
v 0.161677182 -0.03510573 0.009500001
v 0.161677182 -0.03510573 0.008769869
v 0.164637521 -0.0338465124 0.008769869
v 0.165124178 -0.0336100459 0.008039737
v 0.165124178 -0.0336100459 0.009500001
v 0.1675183 -0.0323151164 0.008769869
v 0.1684545 -0.0317453369 0.008039737
v 0.1684545 -0.0317453369 0.009500001
v 0.170282692 -0.0305194166 0.008769869
v 0.171610042 -0.02952671 0.008039737
v 0.171610042 -0.02952671 0.009500001
v 0.1728951 -0.02847385 0.008769869
v 0.174535841 -0.0269813146 0.008039737
v 0.174535841 -0.0269813146 0.009500001
v 0.175322562 -0.02619914 0.008769869
v 0.177183121 -0.0241473671 0.008039737
v 0.177183121 -0.0241473671 0.009500001
v 0.1775361 -0.02372163 0.008769869
v 0.179511949 -0.02107226 0.008039737
v 0.179511949 -0.02107226 0.009500001
v 0.179511949 -0.02107226 0.008769869
v 0.181232288 -0.01828531 0.008769869
v 0.181493282 -0.0178099722 0.008039737
v 0.181493282 -0.0178099722 0.009500001
v 0.182685763 -0.015396988 0.008769869
v 0.183109924 -0.0144180367 0.008039737
v 0.183109924 -0.0144180367 0.009500001
v 0.183867544 -0.0124439579 0.008769869
v 0.184356779 -0.0109544257 0.008039737
v 0.184356779 -0.0109544257 0.009500001
v 0.184779078 -0.009461994 0.008769869
v 0.185239941 -0.007474682 0.008039737
v 0.185239941 -0.007474682 0.009500001
v 0.185427487 -0.00648475764 0.008769869
v 0.185775325 -0.00402953848 0.008039737
v 0.185775325 -0.00402953848 0.009500001
v 0.1858247 -0.00354287 0.008769869
v 0.185986578 -0.000663206 0.008039737
v 0.185986578 -0.000663206 0.009500001
v 0.185986578 -0.000663206 0.009500001
v 0.185486659 -0.000654365867 0.0100000007
v 0.1852782 -0.00397581141 0.0100000007
v 0.185471117 -0.004487712 0.009750001
v 0.185775325 -0.00402953848 0.009500001
v 0.184749976 -0.00737502 0.0100000007
v 0.185239941 -0.007474682 0.009500001
v 0.184780419 -0.008411025 0.009750001
v 0.183878586 -0.0108083664 0.0100000007
v 0.184356779 -0.0109544257 0.009500001
v 0.183631718 -0.0123609994 0.009750001
v 0.182648361 -0.0142257959 0.0100000007
v 0.183109924 -0.0144180367 0.009500001
v 0.182006419 -0.01625963 0.009750001
v 0.181053266 -0.0175725035 0.0100000007
v 0.181493282 -0.0178099722 0.009500001
v 0.179903671 -0.02002242 0.009750001
v 0.179098353 -0.0207912959 0.0100000007
v 0.179511949 -0.02107226 0.009500001
v 0.177342474 -0.0235634875 0.009750001
v 0.176800579 -0.0238254033 0.0100000007
v 0.174362212 -0.02680144 0.009750001
v 0.177183121 -0.0241473671 0.009500001
v 0.1741886 -0.0266215652 0.0100000007
v 0.174535841 -0.0269813146 0.009500001
v 0.171301812 -0.0291330237 0.0100000007
v 0.171610042 -0.02952671 0.009500001
v 0.1710209 -0.0296653267 0.009750001
v 0.168188334 -0.0313220657 0.0100000007
v 0.1684545 -0.0317453369 0.009500001
v 0.167391464 -0.0320996866 0.009750001
v 0.164902419 -0.0331619158 0.0100000007
v 0.165124178 -0.0336100459 0.009500001
v 0.163556665 -0.034068048 0.009750001
v 0.1615014 -0.03463766 0.0100000007
v 0.161677182 -0.03510573 0.009500001
v 0.159602985 -0.0355544463 0.009750001
v 0.1580426 -0.035746254 0.0100000007
v 0.158171654 -0.03622931 0.009500001
v 0.155614853 -0.0365627371 0.009750001
v 0.154580578 -0.03649568 0.0100000007
v 0.154662848 -0.0369888656 0.009500001
v 0.151669577 -0.03711426 0.009750001
v 0.151164815 -0.0369033664 0.0100000007
v 0.147833645 -0.0372441746 0.009750001
v 0.151200935 -0.0374020636 0.009500001
v 0.147838071 -0.0369942151 0.0100000007
v 0.147829235 -0.0374941379 0.009500001
v 0.144516632 -0.0367857739 0.0100000007
v 0.1444629 -0.0372828767 0.009500001
v 0.144004732 -0.03697868 0.009750001
v 0.141117424 -0.03625754 0.0100000007
v 0.141017765 -0.036747504 0.009500001
v 0.140081421 -0.0362879746 0.009750001
v 0.137684077 -0.0353861451 0.0100000007
v 0.137538016 -0.0358643346 0.009500001
v 0.137117311 -0.0354706831 0.009750001
v 0.134266645 -0.03415592 0.0100000007
v 0.1340744 -0.0346174873 0.009500001
v 0.134170532 -0.0343867019 0.009750001
v 0.131276011 -0.0330326632 0.009750001
v 0.130919933 -0.0325608253 0.0100000007
v 0.130682468 -0.0330008343 0.009500001
v 0.128470019 -0.03141123 0.009750001
v 0.127701148 -0.0306059159 0.0100000007
v 0.127420187 -0.0310195088 0.009500001
v 0.125788853 -0.0295315012 0.009750001
v 0.124667041 -0.0283081327 0.0100000007
v 0.124345072 -0.0286906734 0.009500001
v 0.123267345 -0.0274090711 0.009750001
v 0.121870875 -0.0256961547 0.0100000007
v 0.121511132 -0.0260433983 0.009500001
v 0.1209375 -0.0250656642 0.009750001
v 0.119359419 -0.0228093676 0.0100000007
v 0.11896573 -0.0231176 0.009500001
v 0.118827112 -0.02252845 0.009750001
v 0.117170379 -0.0196958967 0.0100000007
v 0.1167471 -0.0199620556 0.009500001
v 0.116958737 -0.0198289733 0.009750001
v 0.115348846 -0.0170019 0.009750001
v 0.115330525 -0.016409982 0.0100000007
v 0.114882395 -0.0166317374 0.009500001
v 0.114007428 -0.0140835689 0.009750001
v 0.113854781 -0.0130089521 0.0100000007
v 0.113386706 -0.0131847495 0.009500001
v 0.112938 -0.0111105461 0.009750001
v 0.112746187 -0.009550157 0.0100000007
v 0.112263136 -0.009679214 0.009500001
v 0.112137854 -0.008118292 0.009750001
v 0.111996755 -0.006088141 0.0100000007
v 0.111503579 -0.006170413 0.009500001
v 0.111598775 -0.005139977 0.009750001
v 0.111589074 -0.00267237728 0.0100000007
v 0.111090377 -0.002708491 0.009500001
v 0.111307792 -0.002205577 0.009750001
v 0.111498222 0.000654365867 0.0100000007
v 0.1109983 0.000663206 0.009500001
v 0.111706667 0.00397581141 0.0100000007
v 0.111513764 0.004487712 0.009750001
v 0.111209556 0.00402953848 0.009500001
v 0.112234905 0.00737502 0.0100000007
v 0.111744933 0.007474682 0.009500001
v 0.112204462 0.008411025 0.009750001
v 0.113106295 0.0108083664 0.0100000007
v 0.1126281 0.0109544257 0.009500001
v 0.113353163 0.0123609994 0.009750001
v 0.11433652 0.0142257959 0.0100000007
v 0.113874957 0.0144180367 0.009500001
v 0.114978455 0.01625963 0.009750001
v 0.115931615 0.0175725035 0.0100000007
v 0.115491606 0.0178099722 0.009500001
v 0.11708121 0.02002242 0.009750001
v 0.117886528 0.0207912959 0.0100000007
v 0.117472932 0.02107226 0.009500001
v 0.1196424 0.0235634875 0.009750001
v 0.12018431 0.0238254033 0.0100000007
v 0.122622669 0.02680144 0.009750001
v 0.119801767 0.0241473671 0.009500001
v 0.122796282 0.0266215652 0.0100000007
v 0.12244904 0.0269813146 0.009500001
v 0.125683069 0.0291330237 0.0100000007
v 0.125374839 0.02952671 0.009500001
v 0.125963986 0.0296653267 0.009750001
v 0.128796548 0.0313220657 0.0100000007
v 0.128530383 0.0317453369 0.009500001
v 0.129593417 0.0320996866 0.009750001
v 0.132082462 0.0331619158 0.0100000007
v 0.1318607 0.0336100459 0.009500001
v 0.133428216 0.034068048 0.009750001
v 0.135483488 0.03463766 0.0100000007
v 0.1353077 0.03510573 0.009500001
v 0.1373819 0.0355544463 0.009750001
v 0.138942286 0.035746254 0.0100000007
v 0.138813227 0.03622931 0.009500001
v 0.141370028 0.0365627371 0.009750001
v 0.1424043 0.03649568 0.0100000007
v 0.142322034 0.0369888656 0.009500001
v 0.1453153 0.03711426 0.009750001
v 0.145820066 0.0369033664 0.0100000007
v 0.149151236 0.0372441746 0.009750001
v 0.145783946 0.0374020636 0.009500001
v 0.14914681 0.0369942151 0.0100000007
v 0.149155647 0.0374941379 0.009500001
v 0.152468249 0.0367857739 0.0100000007
v 0.152521983 0.0372828767 0.009500001
v 0.152980149 0.03697868 0.009750001
v 0.155867457 0.03625754 0.0100000007
v 0.155967116 0.036747504 0.009500001
v 0.156903461 0.0362879746 0.009750001
v 0.1593008 0.0353861451 0.0100000007
v 0.159446865 0.0358643346 0.009500001
v 0.15986757 0.0354706831 0.009750001
v 0.162718236 0.03415592 0.0100000007
v 0.162910476 0.0346174873 0.009500001
v 0.162814349 0.0343867019 0.009750001
v 0.16570887 0.0330326632 0.009750001
v 0.166064948 0.0325608253 0.0100000007
v 0.166302413 0.0330008343 0.009500001
v 0.168514863 0.03141123 0.009750001
v 0.169283733 0.0306059159 0.0100000007
v 0.1695647 0.0310195088 0.009500001
v 0.171196029 0.0295315012 0.009750001
v 0.172317848 0.0283081327 0.0100000007
v 0.1726398 0.0286906734 0.009500001
v 0.173717529 0.0274090711 0.009750001
v 0.175114 0.0256961547 0.0100000007
v 0.17547375 0.0260433983 0.009500001
v 0.176047385 0.0250656642 0.009750001
v 0.177625462 0.0228093676 0.0100000007
v 0.178019151 0.0231176 0.009500001
v 0.178157762 0.02252845 0.009750001
v 0.1798145 0.0196958967 0.0100000007
v 0.18023777 0.0199620556 0.009500001
v 0.180026144 0.0198289733 0.009750001
v 0.181636035 0.0170019 0.009750001
v 0.181654364 0.016409982 0.0100000007
v 0.182102486 0.0166317374 0.009500001
v 0.182977453 0.0140835689 0.009750001
v 0.1831301 0.0130089521 0.0100000007
v 0.183598176 0.0131847495 0.009500001
v 0.184046879 0.0111105461 0.009750001
v 0.1842387 0.009550157 0.0100000007
v 0.184721738 0.009679214 0.009500001
v 0.184847027 0.008118292 0.009750001
v 0.184988126 0.006088141 0.0100000007
v 0.18548131 0.006170413 0.009500001
v 0.1853861 0.005139977 0.009750001
v 0.1853958 0.00267237728 0.0100000007
v 0.1858945 0.002708491 0.009500001
v 0.185677081 0.002205577 0.009750001
v 0.185486659 -0.000654365867 0.0100000007
v 0.185986578 -0.000663206 0.009500001
v 0.132110327 0.0152921183 0.009500001
v 0.132110327 0.0152921183 0.00500000035
v 0.132143185 0.0155918254 0.00500000035
v 0.132152677 0.0156355072 0.00725000072
v 0.132143185 0.0155918254 0.009500001
v 0.1322369 0.01589733 0.00500000035
v 0.1322369 0.01589733 0.009500001
v 0.132275552 0.0159831624 0.00725000072
v 0.132395208 0.0161901172 0.00500000035
v 0.132395208 0.0161901172 0.009500001
v 0.132482141 0.01630669 0.00725000072
v 0.132614166 0.0164501183 0.00500000035
v 0.132614166 0.0164501183 0.009500001
v 0.132762164 0.0165769737 0.00725000072
v 0.132881746 0.0166597329 0.00500000035
v 0.132881746 0.0166597329 0.009500001
v 0.133092791 0.0167719927 0.00725000072
v 0.133179933 0.01680759 0.00500000035
v 0.133179933 0.01680759 0.009500001
v 0.133444577 0.0168824941 0.00725000072
v 0.133488566 0.0168904476 0.00500000035
v 0.133789256 0.01691268 0.00725000072
v 0.133488566 0.0168904476 0.009500001
v 0.133789256 0.01691268 0.00500000035
v 0.133789256 0.01691268 0.009500001
v 0.134088963 0.0168798268 0.00500000035
v 0.134088963 0.0168798268 0.009500001
v 0.134132639 0.0168703236 0.00725000072
v 0.134394467 0.0167861078 0.00500000035
v 0.134394467 0.0167861078 0.009500001
v 0.134394467 0.0167861078 0.00725000072
v 0.134646967 0.0166543052 0.00725000072
v 0.134687245 0.0166277979 0.00500000035
v 0.134687245 0.0166277979 0.009500001
v 0.134877428 0.01647703 0.00725000072
v 0.13494724 0.01640885 0.00500000035
v 0.13494724 0.01640885 0.009500001
v 0.135074109 0.0162608437 0.00725000072
v 0.13515687 0.0161412675 0.00500000035
v 0.13515687 0.0161412675 0.009500001
v 0.135228172 0.0160160419 0.00725000072
v 0.135304719 0.0158430655 0.00500000035
v 0.135304719 0.0158430655 0.009500001
v 0.135334969 0.0157550834 0.00725000072
v 0.135387585 0.0155344373 0.00500000035
v 0.135387585 0.0155344373 0.009500001
v 0.13539429 0.0154906148 0.00725000072
v 0.1354098 0.015233756 0.00500000035
v 0.1354098 0.015233756 0.009500001
v 0.13537696 0.0149340518 0.00500000035
v 0.135367453 0.0148903681 0.00725000072
v 0.13537696 0.0149340518 0.009500001
v 0.135283232 0.0146285444 0.00500000035
v 0.135283232 0.0146285444 0.009500001
v 0.135244578 0.0145427128 0.00725000072
v 0.135124922 0.014335759 0.00500000035
v 0.135124922 0.014335759 0.009500001
v 0.135037988 0.0142191844 0.00725000072
v 0.134905979 0.01407576 0.00500000035
v 0.134905979 0.01407576 0.009500001
v 0.134757981 0.0139489034 0.00725000072
v 0.1346384 0.0138661433 0.00500000035
v 0.1346384 0.0138661433 0.009500001
v 0.134427339 0.0137538835 0.00725000072
v 0.1343402 0.0137182856 0.00500000035
v 0.1343402 0.0137182856 0.009500001
v 0.134075552 0.01364338 0.00725000072
v 0.134031564 0.0136354268 0.00500000035
v 0.133730888 0.0136131961 0.00725000072
v 0.134031564 0.0136354268 0.009500001
v 0.133730888 0.0136131961 0.00500000035
v 0.133730888 0.0136131961 0.009500001
v 0.133431181 0.0136460466 0.00500000035
v 0.133431181 0.0136460466 0.009500001
v 0.1333875 0.0136555508 0.00725000072
v 0.133125678 0.0137397684 0.00500000035
v 0.133125678 0.0137397684 0.009500001
v 0.133125678 0.0137397684 0.00725000072
v 0.132873178 0.0138715673 0.00725000072
v 0.132832885 0.0138980793 0.00500000035
v 0.132832885 0.0138980793 0.009500001
v 0.132642716 0.0140488446 0.00725000072
v 0.132572889 0.0141170286 0.00500000035
v 0.132572889 0.0141170286 0.009500001
v 0.132446036 0.0142650325 0.00725000072
v 0.132363275 0.0143846087 0.00500000035
v 0.132363275 0.0143846087 0.009500001
v 0.132291958 0.0145098343 0.00725000072
v 0.13221541 0.0146828089 0.00500000035
v 0.13221541 0.0146828089 0.009500001
v 0.132185176 0.0147707928 0.00725000072
v 0.13213256 0.01499144 0.00500000035
v 0.13213256 0.01499144 0.009500001
v 0.132125854 0.0150352623 0.00725000072
v 0.132110327 0.0152921183 0.00500000035
v 0.132110327 0.0152921183 0.009500001
v 0.131579757 -0.0147031909 0.009500001
v 0.131579757 -0.0147031909 0.00500000035
v 0.131612614 -0.0144034848 0.00500000035
v 0.131622121 -0.014359802 0.00725000072
v 0.131612614 -0.0144034848 0.009500001
v 0.131706327 -0.0140979793 0.00500000035
v 0.131706327 -0.0140979793 0.009500001
v 0.131745 -0.0140121458 0.00725000072
v 0.131864637 -0.013805192 0.00500000035
v 0.131864637 -0.013805192 0.009500001
v 0.131951585 -0.0136886183 0.00725000072
v 0.1320836 -0.0135451928 0.00500000035
v 0.1320836 -0.0135451928 0.009500001
v 0.1322316 -0.0134183373 0.00725000072
v 0.132351175 -0.0133355772 0.00500000035
v 0.132351175 -0.0133355772 0.009500001
v 0.13256222 -0.0132233175 0.00725000072
v 0.132649377 -0.0131877195 0.00500000035
v 0.132649377 -0.0131877195 0.009500001
v 0.132914 -0.0131128151 0.00725000072
v 0.13295801 -0.0131048607 0.00500000035
v 0.133258685 -0.0130826309 0.00725000072
v 0.13295801 -0.0131048607 0.009500001
v 0.133258685 -0.0130826309 0.00500000035
v 0.133258685 -0.0130826309 0.009500001
v 0.133558393 -0.0131154805 0.00500000035
v 0.133558393 -0.0131154805 0.009500001
v 0.133602068 -0.0131249856 0.00725000072
v 0.1338639 -0.0132092023 0.00500000035
v 0.1338639 -0.0132092023 0.009500001
v 0.1338639 -0.0132092023 0.00725000072
v 0.1341164 -0.0133410022 0.00725000072
v 0.134156689 -0.0133675132 0.00500000035
v 0.134156689 -0.0133675132 0.009500001
v 0.134346858 -0.0135182794 0.00725000072
v 0.134416685 -0.0135864615 0.00500000035
v 0.134416685 -0.0135864615 0.009500001
v 0.134543538 -0.0137344664 0.00725000072
v 0.1346263 -0.0138540417 0.00500000035
v 0.1346263 -0.0138540417 0.009500001
v 0.134697616 -0.0139792673 0.00725000072
v 0.134774148 -0.0141522437 0.00500000035
v 0.134774148 -0.0141522437 0.009500001
v 0.1348044 -0.0142402267 0.00725000072
v 0.134857014 -0.0144608729 0.00500000035
v 0.134857014 -0.0144608729 0.009500001
v 0.134863719 -0.0145046953 0.00725000072
v 0.134879246 -0.0147615531 0.00500000035
v 0.134879246 -0.0147615531 0.009500001
v 0.134846389 -0.0150612583 0.00500000035
v 0.134836882 -0.0151049411 0.00725000072
v 0.134846389 -0.0150612583 0.009500001
v 0.134752676 -0.0153667647 0.00500000035
v 0.134752676 -0.0153667647 0.009500001
v 0.134714 -0.0154525954 0.00725000072
v 0.134594366 -0.01565955 0.00500000035
v 0.134594366 -0.01565955 0.009500001
v 0.134507418 -0.0157761239 0.00725000072
v 0.134375408 -0.0159195513 0.00500000035
v 0.134375408 -0.0159195513 0.009500001
v 0.13422741 -0.0160464086 0.00725000072
v 0.134107828 -0.0161291678 0.00500000035
v 0.134107828 -0.0161291678 0.009500001
v 0.133896768 -0.0162414275 0.00725000072
v 0.133809626 -0.0162770245 0.00500000035
v 0.133809626 -0.0162770245 0.009500001
v 0.133545 -0.01635193 0.00725000072
v 0.133501 -0.01635988 0.00500000035
v 0.133200318 -0.0163821131 0.00725000072
v 0.133501 -0.01635988 0.009500001
v 0.133200318 -0.0163821131 0.00500000035
v 0.133200318 -0.0163821131 0.009500001
v 0.132900611 -0.01634926 0.00500000035
v 0.132900611 -0.01634926 0.009500001
v 0.132856935 -0.01633976 0.00725000072
v 0.1325951 -0.0162555426 0.00500000035
v 0.1325951 -0.0162555426 0.009500001
v 0.1325951 -0.0162555426 0.00725000072
v 0.1323426 -0.0161237419 0.00725000072
v 0.132302329 -0.0160972327 0.00500000035
v 0.132302329 -0.0160972327 0.009500001
v 0.132112145 -0.0159464646 0.00725000072
v 0.132042319 -0.0158782825 0.00500000035
v 0.132042319 -0.0158782825 0.009500001
v 0.131915465 -0.0157302767 0.00725000072
v 0.1318327 -0.0156107005 0.00500000035
v 0.1318327 -0.0156107005 0.009500001
v 0.1317614 -0.0154854748 0.00725000072
v 0.131684855 -0.0153125 0.00500000035
v 0.131684855 -0.0153125 0.009500001
v 0.1316546 -0.0152245173 0.00725000072
v 0.131601989 -0.01500387 0.00500000035
v 0.131601989 -0.01500387 0.009500001
v 0.131595284 -0.0149600478 0.00725000072
v 0.131579757 -0.0147031909 0.00500000035
v 0.131579757 -0.0147031909 0.009500001
v 0.162105635 0.0147615531 0.009500001
v 0.162105635 0.0147615531 0.00500000035
v 0.162138492 0.0150612583 0.00500000035
v 0.162148 0.0151049411 0.00725000072
v 0.162138492 0.0150612583 0.009500001
v 0.1622322 0.0153667647 0.00500000035
v 0.1622322 0.0153667647 0.009500001
v 0.162270874 0.0154525954 0.00725000072
v 0.162390515 0.01565955 0.00500000035
v 0.162390515 0.01565955 0.009500001
v 0.162477463 0.0157761239 0.00725000072
v 0.162609473 0.0159195513 0.00500000035
v 0.162609473 0.0159195513 0.009500001
v 0.162757471 0.0160464086 0.00725000072
v 0.162877053 0.0161291678 0.00500000035
v 0.162877053 0.0161291678 0.009500001
v 0.163088113 0.0162414275 0.00725000072
v 0.163175255 0.0162770245 0.00500000035
v 0.163175255 0.0162770245 0.009500001
v 0.163439885 0.01635193 0.00725000072
v 0.163483888 0.01635988 0.00500000035
v 0.163784564 0.0163821131 0.00725000072
v 0.163483888 0.01635988 0.009500001
v 0.163784564 0.0163821131 0.00500000035
v 0.163784564 0.0163821131 0.009500001
v 0.164084271 0.01634926 0.00500000035
v 0.164084271 0.01634926 0.009500001
v 0.164127946 0.01633976 0.00725000072
v 0.164389774 0.0162555426 0.00500000035
v 0.164389774 0.0162555426 0.009500001
v 0.164389774 0.0162555426 0.00725000072
v 0.164642274 0.0161237419 0.00725000072
v 0.164682552 0.0160972327 0.00500000035
v 0.164682552 0.0160972327 0.009500001
v 0.164872736 0.0159464646 0.00725000072
v 0.164942563 0.0158782825 0.00500000035
v 0.164942563 0.0158782825 0.009500001
v 0.165069416 0.0157302767 0.00725000072
v 0.165152177 0.0156107005 0.00500000035
v 0.165152177 0.0156107005 0.009500001
v 0.165223479 0.0154854748 0.00725000072
v 0.165300027 0.0153125 0.00500000035
v 0.165300027 0.0153125 0.009500001
v 0.165330276 0.0152245173 0.00725000072
v 0.165382892 0.01500387 0.00500000035
v 0.165382892 0.01500387 0.009500001
v 0.1653896 0.0149600478 0.00725000072
v 0.165405124 0.0147031909 0.00500000035
v 0.165405124 0.0147031909 0.009500001
v 0.165372267 0.0144034848 0.00500000035
v 0.16536276 0.014359802 0.00725000072
v 0.165372267 0.0144034848 0.009500001
v 0.165278554 0.0140979793 0.00500000035
v 0.165278554 0.0140979793 0.009500001
v 0.165239885 0.0140121458 0.00725000072
v 0.165120244 0.013805192 0.00500000035
v 0.165120244 0.013805192 0.009500001
v 0.1650333 0.0136886183 0.00725000072
v 0.164901286 0.0135451928 0.00500000035
v 0.164901286 0.0135451928 0.009500001
v 0.164753288 0.0134183373 0.00725000072
v 0.1646337 0.0133355772 0.00500000035
v 0.1646337 0.0133355772 0.009500001
v 0.164422661 0.0132233175 0.00725000072
v 0.1643355 0.0131877195 0.00500000035
v 0.1643355 0.0131877195 0.009500001
v 0.164070874 0.0131128151 0.00725000072
v 0.164026871 0.0131048607 0.00500000035
v 0.1637262 0.0130826309 0.00725000072
v 0.164026871 0.0131048607 0.009500001
v 0.1637262 0.0130826309 0.00500000035
v 0.1637262 0.0130826309 0.009500001
v 0.163426489 0.0131154805 0.00500000035
v 0.163426489 0.0131154805 0.009500001
v 0.163382813 0.0131249856 0.00725000072
v 0.163120985 0.0132092023 0.00500000035
v 0.163120985 0.0132092023 0.009500001
v 0.163120985 0.0132092023 0.00725000072
v 0.162868485 0.0133410022 0.00725000072
v 0.162828192 0.0133675132 0.00500000035
v 0.162828192 0.0133675132 0.009500001
v 0.162638023 0.0135182794 0.00725000072
v 0.1625682 0.0135864615 0.00500000035
v 0.1625682 0.0135864615 0.009500001
v 0.162441343 0.0137344664 0.00725000072
v 0.162358582 0.0138540417 0.00500000035
v 0.162358582 0.0138540417 0.009500001
v 0.162287265 0.0139792673 0.00725000072
v 0.162210733 0.0141522437 0.00500000035
v 0.162210733 0.0141522437 0.009500001
v 0.162180483 0.0142402267 0.00725000072
v 0.162127867 0.0144608729 0.00500000035
v 0.162127867 0.0144608729 0.009500001
v 0.162121162 0.0145046953 0.00725000072
v 0.162105635 0.0147615531 0.00500000035
v 0.162105635 0.0147615531 0.009500001
v 0.161575079 -0.015233756 0.009500001
v 0.161575079 -0.015233756 0.00500000035
v 0.161607921 -0.0149340518 0.00500000035
v 0.161617428 -0.0148903681 0.00725000072
v 0.161607921 -0.0149340518 0.009500001
v 0.161701649 -0.0146285444 0.00500000035
v 0.161701649 -0.0146285444 0.009500001
v 0.1617403 -0.0145427128 0.00725000072
v 0.161859959 -0.014335759 0.00500000035
v 0.161859959 -0.014335759 0.009500001
v 0.1619469 -0.0142191844 0.00725000072
v 0.1620789 -0.01407576 0.00500000035
v 0.1620789 -0.01407576 0.009500001
v 0.1622269 -0.0139489034 0.00725000072
v 0.162346482 -0.0138661433 0.00500000035
v 0.162346482 -0.0138661433 0.009500001
v 0.162557542 -0.0137538835 0.00725000072
v 0.162644684 -0.0137182856 0.00500000035
v 0.162644684 -0.0137182856 0.009500001
v 0.162909329 -0.01364338 0.00725000072
v 0.162953317 -0.0136354268 0.00500000035
v 0.163254 -0.0136131961 0.00725000072
v 0.162953317 -0.0136354268 0.009500001
v 0.163254 -0.0136131961 0.00500000035
v 0.163254 -0.0136131961 0.009500001
v 0.1635537 -0.0136460466 0.00500000035
v 0.1635537 -0.0136460466 0.009500001
v 0.163597375 -0.0136555508 0.00725000072
v 0.1638592 -0.0137397684 0.00500000035
v 0.1638592 -0.0137397684 0.009500001
v 0.1638592 -0.0137397684 0.00725000072
v 0.1641117 -0.0138715673 0.00725000072
v 0.164152 -0.0138980793 0.00500000035
v 0.164152 -0.0138980793 0.009500001
v 0.164342165 -0.0140488446 0.00725000072
v 0.164411992 -0.0141170286 0.00500000035
v 0.164411992 -0.0141170286 0.009500001
v 0.164538845 -0.0142650325 0.00725000072
v 0.1646216 -0.0143846087 0.00500000035
v 0.1646216 -0.0143846087 0.009500001
v 0.164692923 -0.0145098343 0.00725000072
v 0.164769471 -0.0146828089 0.00500000035
v 0.164769471 -0.0146828089 0.009500001
v 0.1647997 -0.0147707928 0.00725000072
v 0.164852321 -0.01499144 0.00500000035
v 0.164852321 -0.01499144 0.009500001
v 0.164859027 -0.0150352623 0.00725000072
v 0.164874554 -0.0152921183 0.00500000035
v 0.164874554 -0.0152921183 0.009500001
v 0.1648417 -0.0155918254 0.00500000035
v 0.1648322 -0.0156355072 0.00725000072
v 0.1648417 -0.0155918254 0.009500001
v 0.164747983 -0.01589733 0.00500000035
v 0.164747983 -0.01589733 0.009500001
v 0.16470933 -0.0159831624 0.00725000072
v 0.164589673 -0.0161901172 0.00500000035
v 0.164589673 -0.0161901172 0.009500001
v 0.16450274 -0.01630669 0.00725000072
v 0.164370716 -0.0164501183 0.00500000035
v 0.164370716 -0.0164501183 0.009500001
v 0.164222717 -0.0165769737 0.00725000072
v 0.164103135 -0.0166597329 0.00500000035
v 0.164103135 -0.0166597329 0.009500001
v 0.16389209 -0.0167719927 0.00725000072
v 0.163804948 -0.01680759 0.00500000035
v 0.163804948 -0.01680759 0.009500001
v 0.1635403 -0.0168824941 0.00725000072
v 0.163496315 -0.0168904476 0.00500000035
v 0.163195625 -0.01691268 0.00725000072
v 0.163496315 -0.0168904476 0.009500001
v 0.163195625 -0.01691268 0.00500000035
v 0.163195625 -0.01691268 0.009500001
v 0.162895918 -0.0168798268 0.00500000035
v 0.162895918 -0.0168798268 0.009500001
v 0.162852243 -0.0168703236 0.00725000072
v 0.162590414 -0.0167861078 0.00500000035
v 0.162590414 -0.0167861078 0.009500001
v 0.162590414 -0.0167861078 0.00725000072
v 0.162337914 -0.0166543052 0.00725000072
v 0.162297636 -0.0166277979 0.00500000035
v 0.162297636 -0.0166277979 0.009500001
v 0.162107453 -0.01647703 0.00725000072
v 0.162037641 -0.01640885 0.00500000035
v 0.162037641 -0.01640885 0.009500001
v 0.161910772 -0.0162608437 0.00725000072
v 0.161828011 -0.0161412675 0.00500000035
v 0.161828011 -0.0161412675 0.009500001
v 0.161756709 -0.0160160419 0.00725000072
v 0.161680162 -0.0158430655 0.00500000035
v 0.161680162 -0.0158430655 0.009500001
v 0.161649913 -0.0157550834 0.00725000072
v 0.1615973 -0.0155344373 0.00500000035
v 0.1615973 -0.0155344373 0.009500001
v 0.161590591 -0.0154906148 0.00725000072
v 0.161575079 -0.015233756 0.00500000035
v 0.161575079 -0.015233756 0.009500001
v 0.132287174 0.0252905563 0.009500001
v 0.132287174 0.0252905563 0.00500000035
v 0.132320032 0.02559026 0.00500000035
v 0.132329538 0.0256339423 0.00725000072
v 0.132320032 0.02559026 0.009500001
v 0.13241376 0.0258957688 0.00500000035
v 0.13241376 0.0258957688 0.009500001
v 0.132452413 0.0259816 0.00725000072
v 0.13257207 0.0261885542 0.00500000035
v 0.13257207 0.0261885542 0.009500001
v 0.132659 0.0263051242 0.00725000072
v 0.132791013 0.0264485516 0.00500000035
v 0.132791013 0.0264485516 0.009500001
v 0.132939011 0.02657541 0.00725000072
v 0.1330586 0.02665817 0.00500000035
v 0.1330586 0.02665817 0.009500001
v 0.133269653 0.02677043 0.00725000072
v 0.1333568 0.0268060267 0.00500000035
v 0.1333568 0.0268060267 0.009500001
v 0.133621439 0.0268809311 0.00725000072
v 0.133665428 0.0268888846 0.00500000035
v 0.1339661 0.0269111134 0.00725000072
v 0.133665428 0.0268888846 0.009500001
v 0.1339661 0.0269111134 0.00500000035
v 0.1339661 0.0269111134 0.009500001
v 0.13426581 0.0268782638 0.00500000035
v 0.13426581 0.0268782638 0.009500001
v 0.1343095 0.02686876 0.00725000072
v 0.134571314 0.0267845429 0.00500000035
v 0.134571314 0.0267845429 0.009500001
v 0.134571314 0.0267845429 0.00725000072
v 0.134823829 0.0266527422 0.00725000072
v 0.1348641 0.026626233 0.00500000035
v 0.1348641 0.026626233 0.009500001
v 0.135054275 0.0264754649 0.00725000072
v 0.1351241 0.0264072828 0.00500000035
v 0.1351241 0.0264072828 0.009500001
v 0.135250956 0.026259277 0.00725000072
v 0.135333717 0.0261397045 0.00500000035
v 0.135333717 0.0261397045 0.009500001
v 0.135405034 0.0260144789 0.00725000072
v 0.135481581 0.0258415043 0.00500000035
v 0.135481581 0.0258415043 0.009500001
v 0.135511816 0.02575352 0.00725000072
v 0.135564432 0.0255328715 0.00500000035
v 0.135564432 0.0255328715 0.009500001
v 0.135571137 0.02548905 0.00725000072
v 0.135586664 0.025232194 0.00500000035
v 0.135586664 0.025232194 0.009500001
v 0.1355538 0.0249324888 0.00500000035
v 0.135544315 0.024888806 0.00725000072
v 0.1355538 0.0249324888 0.009500001
v 0.1354601 0.02462698 0.00500000035
v 0.1354601 0.02462698 0.009500001
v 0.13542144 0.0245411489 0.00725000072
v 0.135301784 0.024334196 0.00500000035
v 0.135301784 0.024334196 0.009500001
v 0.13521485 0.0242176242 0.00725000072
v 0.135082841 0.0240741968 0.00500000035
v 0.135082841 0.0240741968 0.009500001
v 0.134934828 0.02394734 0.00725000072
v 0.134815246 0.02386458 0.00500000035
v 0.134815246 0.02386458 0.009500001
v 0.1346042 0.02375232 0.00725000072
v 0.134517059 0.0237167217 0.00500000035
v 0.134517059 0.0237167217 0.009500001
v 0.134252414 0.0236418135 0.00725000072
v 0.134208426 0.0236338656 0.00500000035
v 0.13390775 0.0236116312 0.00725000072
v 0.134208426 0.0236338656 0.009500001
v 0.13390775 0.0236116312 0.00500000035
v 0.13390775 0.0236116312 0.009500001
v 0.133608043 0.0236444846 0.00500000035
v 0.133608043 0.0236444846 0.009500001
v 0.133564353 0.0236539841 0.00725000072
v 0.13330254 0.0237382054 0.00500000035
v 0.13330254 0.0237382054 0.009500001
v 0.13330254 0.0237382054 0.00725000072
v 0.133050025 0.0238700062 0.00725000072
v 0.133009747 0.0238965154 0.00500000035
v 0.133009747 0.0238965154 0.009500001
v 0.132819578 0.02404728 0.00725000072
v 0.132749736 0.0241154656 0.00500000035
v 0.132749736 0.0241154656 0.009500001
v 0.132622883 0.0242634714 0.00725000072
v 0.132540122 0.0243830457 0.00500000035
v 0.132540122 0.0243830457 0.009500001
v 0.13246882 0.0245082714 0.00725000072
v 0.132392272 0.024681244 0.00500000035
v 0.132392272 0.024681244 0.009500001
v 0.132362038 0.0247692261 0.00725000072
v 0.1323094 0.0249898769 0.00500000035
v 0.1323094 0.0249898769 0.009500001
v 0.1323027 0.0250336956 0.00725000072
v 0.132287174 0.0252905563 0.00500000035
v 0.132287174 0.0252905563 0.009500001
v 0.13140291 -0.0247016288 0.009500001
v 0.13140291 -0.0247016288 0.00500000035
v 0.131435752 -0.0244019218 0.00500000035
v 0.131445259 -0.024358239 0.00725000072
v 0.131435752 -0.0244019218 0.009500001
v 0.13152948 -0.0240964144 0.00500000035
v 0.13152948 -0.0240964144 0.009500001
v 0.131568134 -0.0240105819 0.00725000072
v 0.13168779 -0.023803629 0.00500000035
v 0.13168779 -0.023803629 0.009500001
v 0.131774724 -0.0236870572 0.00725000072
v 0.131906733 -0.02354363 0.00500000035
v 0.131906733 -0.02354363 0.009500001
v 0.132054746 -0.0234167725 0.00725000072
v 0.132174313 -0.0233340152 0.00500000035
v 0.132174313 -0.0233340152 0.009500001
v 0.132385373 -0.0232217535 0.00725000072
v 0.132472515 -0.0231861547 0.00500000035
v 0.132472515 -0.0231861547 0.009500001
v 0.13273716 -0.02311125 0.00725000072
v 0.132781148 -0.0231033 0.00500000035
v 0.133081824 -0.0230810642 0.00725000072
v 0.132781148 -0.0231033 0.009500001
v 0.133081824 -0.0230810642 0.00500000035
v 0.133081824 -0.0230810642 0.009500001
v 0.133381531 -0.02311392 0.00500000035
v 0.133381531 -0.02311392 0.009500001
v 0.133425221 -0.02312342 0.00725000072
v 0.133687034 -0.0232076384 0.00500000035
v 0.133687034 -0.0232076384 0.009500001
v 0.133687034 -0.0232076384 0.00725000072
v 0.133939549 -0.02333944 0.00725000072
v 0.133979827 -0.02336595 0.00500000035
v 0.133979827 -0.02336595 0.009500001
v 0.13417 -0.0235167146 0.00725000072
v 0.134239823 -0.0235848986 0.00500000035
v 0.134239823 -0.0235848986 0.009500001
v 0.134366676 -0.0237329043 0.00725000072
v 0.134449437 -0.0238524787 0.00500000035
v 0.134449437 -0.0238524787 0.009500001
v 0.134520754 -0.0239777043 0.00725000072
v 0.1345973 -0.0241506789 0.00500000035
v 0.1345973 -0.0241506789 0.009500001
v 0.134627536 -0.0242386609 0.00725000072
v 0.134680152 -0.02445931 0.00500000035
v 0.134680152 -0.02445931 0.009500001
v 0.134686857 -0.0245031286 0.00725000072
v 0.134702384 -0.0247599911 0.00500000035
v 0.134702384 -0.0247599911 0.009500001
v 0.134669542 -0.0250596926 0.00500000035
v 0.134660035 -0.0251033753 0.00725000072
v 0.134669542 -0.0250596926 0.009500001
v 0.134575814 -0.0253652036 0.00500000035
v 0.134575814 -0.0253652036 0.009500001
v 0.13453716 -0.0254510324 0.00725000072
v 0.1344175 -0.0256579872 0.00500000035
v 0.1344175 -0.0256579872 0.009500001
v 0.134330571 -0.0257745571 0.00725000072
v 0.134198561 -0.0259179845 0.00500000035
v 0.134198561 -0.0259179845 0.009500001
v 0.134050548 -0.0260448456 0.00725000072
v 0.133930981 -0.0261276029 0.00500000035
v 0.133930981 -0.0261276029 0.009500001
v 0.133719921 -0.0262398645 0.00725000072
v 0.133632779 -0.02627546 0.00500000035
v 0.133632779 -0.02627546 0.009500001
v 0.133368134 -0.0263503641 0.00725000072
v 0.133324146 -0.0263583176 0.00500000035
v 0.133023471 -0.02638055 0.00725000072
v 0.133324146 -0.0263583176 0.009500001
v 0.133023471 -0.02638055 0.00500000035
v 0.133023471 -0.02638055 0.009500001
v 0.132723764 -0.0263476968 0.00500000035
v 0.132723764 -0.0263476968 0.009500001
v 0.132680073 -0.0263381936 0.00725000072
v 0.132418245 -0.0262539759 0.00500000035
v 0.132418245 -0.0262539759 0.009500001
v 0.132418245 -0.0262539759 0.00725000072
v 0.132165745 -0.0261221752 0.00725000072
v 0.132125467 -0.026095666 0.00500000035
v 0.132125467 -0.026095666 0.009500001
v 0.1319353 -0.0259449 0.00725000072
v 0.131865472 -0.0258767158 0.00500000035
v 0.131865472 -0.0258767158 0.009500001
v 0.131738618 -0.02572871 0.00725000072
v 0.131655842 -0.0256091375 0.00500000035
v 0.131655842 -0.0256091375 0.009500001
v 0.13158454 -0.0254839119 0.00725000072
v 0.131508 -0.02531094 0.00500000035
v 0.131508 -0.02531094 0.009500001
v 0.131477743 -0.0252229534 0.00725000072
v 0.131425142 -0.0250023045 0.00500000035
v 0.131425142 -0.0250023045 0.009500001
v 0.131418437 -0.0249584839 0.00725000072
v 0.13140291 -0.0247016288 0.00500000035
v 0.13140291 -0.0247016288 0.009500001
v 0.1622825 0.0247599911 0.009500001
v 0.1622825 0.0247599911 0.00500000035
v 0.162315339 0.0250596926 0.00500000035
v 0.162324846 0.0251033753 0.00725000072
v 0.162315339 0.0250596926 0.009500001
v 0.162409067 0.0253652036 0.00500000035
v 0.162409067 0.0253652036 0.009500001
v 0.162447721 0.0254510324 0.00725000072
v 0.162567377 0.0256579872 0.00500000035
v 0.162567377 0.0256579872 0.009500001
v 0.16265431 0.0257745571 0.00725000072
v 0.16278632 0.0259179845 0.00500000035
v 0.16278632 0.0259179845 0.009500001
v 0.162934333 0.0260448456 0.00725000072
v 0.1630539 0.0261276029 0.00500000035
v 0.1630539 0.0261276029 0.009500001
v 0.16326496 0.0262398645 0.00725000072
v 0.1633521 0.02627546 0.00500000035
v 0.1633521 0.02627546 0.009500001
v 0.163616747 0.0263503641 0.00725000072
v 0.163660735 0.0263583176 0.00500000035
v 0.163961411 0.02638055 0.00725000072
v 0.163660735 0.0263583176 0.009500001
v 0.163961411 0.02638055 0.00500000035
v 0.163961411 0.02638055 0.009500001
v 0.164261118 0.0263476968 0.00500000035
v 0.164261118 0.0263476968 0.009500001
v 0.164304808 0.0263381936 0.00725000072
v 0.164566636 0.0262539759 0.00500000035
v 0.164566636 0.0262539759 0.009500001
v 0.164566636 0.0262539759 0.00725000072
v 0.164819136 0.0261221752 0.00725000072
v 0.164859414 0.026095666 0.00500000035
v 0.164859414 0.026095666 0.009500001
v 0.165049583 0.0259449 0.00725000072
v 0.16511941 0.0258767158 0.00500000035
v 0.16511941 0.0258767158 0.009500001
v 0.165246263 0.02572871 0.00725000072
v 0.165329039 0.0256091375 0.00500000035
v 0.165329039 0.0256091375 0.009500001
v 0.165400341 0.0254839119 0.00725000072
v 0.165476888 0.02531094 0.00500000035
v 0.165476888 0.02531094 0.009500001
v 0.165507138 0.0252229534 0.00725000072
v 0.165559739 0.0250023045 0.00500000035
v 0.165559739 0.0250023045 0.009500001
v 0.165566444 0.0249584839 0.00725000072
v 0.165581971 0.0247016288 0.00500000035
v 0.165581971 0.0247016288 0.009500001
v 0.165549129 0.0244019218 0.00500000035
v 0.165539622 0.024358239 0.00725000072
v 0.165549129 0.0244019218 0.009500001
v 0.1654554 0.0240964144 0.00500000035
v 0.1654554 0.0240964144 0.009500001
v 0.165416747 0.0240105819 0.00725000072
v 0.165297091 0.023803629 0.00500000035
v 0.165297091 0.023803629 0.009500001
v 0.165210158 0.0236870572 0.00725000072
v 0.165078148 0.02354363 0.00500000035
v 0.165078148 0.02354363 0.009500001
v 0.164930135 0.0234167725 0.00725000072
v 0.164810568 0.0233340152 0.00500000035
v 0.164810568 0.0233340152 0.009500001
v 0.164599508 0.0232217535 0.00725000072
v 0.164512366 0.0231861547 0.00500000035
v 0.164512366 0.0231861547 0.009500001
v 0.164247721 0.02311125 0.00725000072
v 0.164203733 0.0231033 0.00500000035
v 0.163903058 0.0230810642 0.00725000072
v 0.164203733 0.0231033 0.009500001
v 0.163903058 0.0230810642 0.00500000035
v 0.163903058 0.0230810642 0.009500001
v 0.163603351 0.02311392 0.00500000035
v 0.163603351 0.02311392 0.009500001
v 0.16355966 0.02312342 0.00725000072
v 0.163297847 0.0232076384 0.00500000035
v 0.163297847 0.0232076384 0.009500001
v 0.163297847 0.0232076384 0.00725000072
v 0.163045332 0.02333944 0.00725000072
v 0.163005054 0.02336595 0.00500000035
v 0.163005054 0.02336595 0.009500001
v 0.162814885 0.0235167146 0.00725000072
v 0.162745059 0.0235848986 0.00500000035
v 0.162745059 0.0235848986 0.009500001
v 0.1626182 0.0237329043 0.00725000072
v 0.162535444 0.0238524787 0.00500000035
v 0.162535444 0.0238524787 0.009500001
v 0.162464127 0.0239777043 0.00725000072
v 0.16238758 0.0241506789 0.00500000035
v 0.16238758 0.0241506789 0.009500001
v 0.162357345 0.0242386609 0.00725000072
v 0.162304729 0.02445931 0.00500000035
v 0.162304729 0.02445931 0.009500001
v 0.162298024 0.0245031286 0.00725000072
v 0.1622825 0.0247599911 0.00500000035
v 0.1622825 0.0247599911 0.009500001
v 0.161398217 -0.025232194 0.009500001
v 0.161398217 -0.025232194 0.00500000035
v 0.161431074 -0.0249324888 0.00500000035
v 0.161440566 -0.024888806 0.00725000072
v 0.161431074 -0.0249324888 0.009500001
v 0.161524788 -0.02462698 0.00500000035
v 0.161524788 -0.02462698 0.009500001
v 0.161563441 -0.0245411489 0.00725000072
v 0.1616831 -0.024334196 0.00500000035
v 0.1616831 -0.024334196 0.009500001
v 0.161770031 -0.0242176242 0.00725000072
v 0.16190204 -0.0240741968 0.00500000035
v 0.16190204 -0.0240741968 0.009500001
v 0.162050053 -0.02394734 0.00725000072
v 0.162169635 -0.02386458 0.00500000035
v 0.162169635 -0.02386458 0.009500001
v 0.16238068 -0.02375232 0.00725000072
v 0.162467822 -0.0237167217 0.00500000035
v 0.162467822 -0.0237167217 0.009500001
v 0.162732467 -0.0236418135 0.00725000072
v 0.162776455 -0.0236338656 0.00500000035
v 0.163077131 -0.0236116312 0.00725000072
v 0.162776455 -0.0236338656 0.009500001
v 0.163077131 -0.0236116312 0.00500000035
v 0.163077131 -0.0236116312 0.009500001
v 0.163376838 -0.0236444846 0.00500000035
v 0.163376838 -0.0236444846 0.009500001
v 0.163420528 -0.0236539841 0.00725000072
v 0.163682342 -0.0237382054 0.00500000035
v 0.163682342 -0.0237382054 0.009500001
v 0.163682342 -0.0237382054 0.00725000072
v 0.163934857 -0.0238700062 0.00725000072
v 0.163975134 -0.0238965154 0.00500000035
v 0.163975134 -0.0238965154 0.009500001
v 0.1641653 -0.02404728 0.00725000072
v 0.164235145 -0.0241154656 0.00500000035
v 0.164235145 -0.0241154656 0.009500001
v 0.164362 -0.0242634714 0.00725000072
v 0.164444759 -0.0243830457 0.00500000035
v 0.164444759 -0.0243830457 0.009500001
v 0.164516062 -0.0245082714 0.00725000072
v 0.164592609 -0.024681244 0.00500000035
v 0.164592609 -0.024681244 0.009500001
v 0.164622843 -0.0247692261 0.00725000072
v 0.164675474 -0.0249898769 0.00500000035
v 0.164675474 -0.0249898769 0.009500001
v 0.16468218 -0.0250336956 0.00725000072
v 0.1646977 -0.0252905563 0.00500000035
v 0.1646977 -0.0252905563 0.009500001
v 0.16466485 -0.02559026 0.00500000035
v 0.164655343 -0.0256339423 0.00725000072
v 0.16466485 -0.02559026 0.009500001
v 0.164571121 -0.0258957688 0.00500000035
v 0.164571121 -0.0258957688 0.009500001
v 0.164532468 -0.0259816 0.00725000072
v 0.164412811 -0.0261885542 0.00500000035
v 0.164412811 -0.0261885542 0.009500001
v 0.164325878 -0.0263051242 0.00725000072
v 0.164193869 -0.0264485516 0.00500000035
v 0.164193869 -0.0264485516 0.009500001
v 0.16404587 -0.02657541 0.00725000072
v 0.163926288 -0.02665817 0.00500000035
v 0.163926288 -0.02665817 0.009500001
v 0.163715228 -0.02677043 0.00725000072
v 0.163628086 -0.0268060267 0.00500000035
v 0.163628086 -0.0268060267 0.009500001
v 0.163363442 -0.0268809311 0.00725000072
v 0.163319454 -0.0268888846 0.00500000035
v 0.163018778 -0.0269111134 0.00725000072
v 0.163319454 -0.0268888846 0.009500001
v 0.163018778 -0.0269111134 0.00500000035
v 0.163018778 -0.0269111134 0.009500001
v 0.162719071 -0.0268782638 0.00500000035
v 0.162719071 -0.0268782638 0.009500001
v 0.162675381 -0.02686876 0.00725000072
v 0.162413567 -0.0267845429 0.00500000035
v 0.162413567 -0.0267845429 0.009500001
v 0.162413567 -0.0267845429 0.00725000072
v 0.162161052 -0.0266527422 0.00725000072
v 0.162120774 -0.026626233 0.00500000035
v 0.162120774 -0.026626233 0.009500001
v 0.1619306 -0.0264754649 0.00725000072
v 0.161860779 -0.0264072828 0.00500000035
v 0.161860779 -0.0264072828 0.009500001
v 0.161733925 -0.026259277 0.00725000072
v 0.161651164 -0.0261397045 0.00500000035
v 0.161651164 -0.0261397045 0.009500001
v 0.161579847 -0.0260144789 0.00725000072
v 0.1615033 -0.0258415043 0.00500000035
v 0.1615033 -0.0258415043 0.009500001
v 0.161473066 -0.02575352 0.00725000072
v 0.16142045 -0.0255328715 0.00500000035
v 0.16142045 -0.0255328715 0.009500001
v 0.161413744 -0.02548905 0.00725000072
v 0.161398217 -0.025232194 0.00500000035
v 0.161398217 -0.025232194 0.009500001
v 0.1617254 -0.006735085 0.008
v 0.1617254 -0.006735085 0.00500000035
v 0.161758244 -0.00643538125 0.00500000035
v 0.161767751 -0.006391697 0.0065
v 0.161758244 -0.00643538125 0.008
v 0.161851972 -0.00612987345 0.00500000035
v 0.161851972 -0.00612987345 0.008
v 0.161890626 -0.0060440423 0.0065
v 0.162010282 -0.00583708752 0.00500000035
v 0.162010282 -0.00583708752 0.008
v 0.162097216 -0.005720515 0.0065
v 0.162229225 -0.00557708926 0.00500000035
v 0.162229225 -0.00557708926 0.008
v 0.162377238 -0.005450232 0.0065
v 0.1624968 -0.0053674723 0.00500000035
v 0.1624968 -0.0053674723 0.008
v 0.162707865 -0.005255212 0.0065
v 0.162795 -0.005219614 0.00500000035
v 0.162795 -0.005219614 0.008
v 0.163059652 -0.00514470926 0.0065
v 0.16310364 -0.00513675669 0.00500000035
v 0.163404316 -0.005114524 0.0065
v 0.16310364 -0.00513675669 0.008
v 0.163404316 -0.005114524 0.00500000035
v 0.163404316 -0.005114524 0.008
v 0.163704023 -0.00514737656 0.00500000035
v 0.163704023 -0.00514737656 0.008
v 0.163747713 -0.00515688 0.0065
v 0.164009526 -0.005241097 0.00500000035
v 0.164009526 -0.005241097 0.008
v 0.164009526 -0.005241097 0.0065
v 0.164262041 -0.00537289632 0.0065
v 0.164302319 -0.00539940828 0.00500000035
v 0.164302319 -0.00539940828 0.008
v 0.164492488 -0.005550173 0.0065
v 0.164562315 -0.005618358 0.00500000035
v 0.164562315 -0.005618358 0.008
v 0.164689183 -0.005766363 0.0065
v 0.164771929 -0.00588593725 0.00500000035
v 0.164771929 -0.00588593725 0.008
v 0.164843246 -0.006011163 0.0065
v 0.1649198 -0.006184138 0.00500000035
v 0.1649198 -0.006184138 0.008
v 0.164950028 -0.006272121 0.0065
v 0.165002644 -0.00649276935 0.00500000035
v 0.165002644 -0.00649276935 0.008
v 0.16500935 -0.00653659 0.0065
v 0.165024877 -0.0067934473 0.00500000035
v 0.165024877 -0.0067934473 0.008
v 0.164992034 -0.007093153 0.00500000035
v 0.164982527 -0.007136836 0.0065
v 0.164992034 -0.007093153 0.008
v 0.1648983 -0.00739866 0.00500000035
v 0.1648983 -0.00739866 0.008
v 0.164859653 -0.007484493 0.0065
v 0.16474 -0.00769144762 0.00500000035
v 0.16474 -0.00769144762 0.008
v 0.164653063 -0.00780801941 0.0065
v 0.164521053 -0.007951446 0.00500000035
v 0.164521053 -0.007951446 0.008
v 0.16437304 -0.008078301 0.0065
v 0.164253473 -0.00816106051 0.00500000035
v 0.164253473 -0.00816106051 0.008
v 0.164042413 -0.008273321 0.0065
v 0.163955271 -0.008308919 0.00500000035
v 0.163955271 -0.008308919 0.008
v 0.163690627 -0.008383824 0.0065
v 0.163646638 -0.008391777 0.00500000035
v 0.163345963 -0.008414008 0.0065
v 0.163646638 -0.008391777 0.008
v 0.163345963 -0.008414008 0.00500000035
v 0.163345963 -0.008414008 0.008
v 0.163046256 -0.008381157 0.00500000035
v 0.163046256 -0.008381157 0.008
v 0.163002566 -0.008371653 0.0065
v 0.162740752 -0.008287436 0.00500000035
v 0.162740752 -0.008287436 0.008
v 0.162740752 -0.008287436 0.0065
v 0.162488237 -0.008155636 0.0065
v 0.162447959 -0.00812912453 0.00500000035
v 0.162447959 -0.00812912453 0.008
v 0.162257791 -0.007978359 0.0065
v 0.162187964 -0.007910177 0.00500000035
v 0.162187964 -0.007910177 0.008
v 0.16206111 -0.00776217133 0.0065
v 0.161978349 -0.007642598 0.00500000035
v 0.161978349 -0.007642598 0.008
v 0.161907032 -0.00751737133 0.0065
v 0.161830485 -0.00734439539 0.00500000035
v 0.161830485 -0.00734439539 0.008
v 0.16180025 -0.007256412 0.0065
v 0.161747634 -0.007035765 0.00500000035
v 0.161747634 -0.007035765 0.008
v 0.161740929 -0.00699194474 0.0065
v 0.1617254 -0.006735085 0.00500000035
v 0.1617254 -0.006735085 0.008
v 0.13173008 -0.00620452 0.008
v 0.13173008 -0.00620452 0.00500000035
v 0.131762937 -0.005904814 0.00500000035
v 0.131772444 -0.005861131 0.0065
v 0.131762937 -0.005904814 0.008
v 0.131856665 -0.00559930829 0.00500000035
v 0.131856665 -0.00559930829 0.008
v 0.131895319 -0.00551347528 0.0065
v 0.132014975 -0.0053065205 0.00500000035
v 0.132014975 -0.0053065205 0.008
v 0.132101908 -0.00518994872 0.0065
v 0.132233918 -0.00504652224 0.00500000035
v 0.132233918 -0.00504652224 0.008
v 0.132381916 -0.004919666 0.0065
v 0.1325015 -0.004836906 0.00500000035
v 0.1325015 -0.004836906 0.008
v 0.132712558 -0.004724646 0.0065
v 0.1327997 -0.004689048 0.00500000035
v 0.1327997 -0.004689048 0.008
v 0.133064345 -0.004614144 0.0065
v 0.133108333 -0.0046061906 0.00500000035
v 0.133409008 -0.004583959 0.0065
v 0.133108333 -0.0046061906 0.008
v 0.133409008 -0.004583959 0.00500000035
v 0.133409008 -0.004583959 0.008
v 0.133708715 -0.00461681047 0.00500000035
v 0.133708715 -0.00461681047 0.008
v 0.1337524 -0.00462631462 0.0065
v 0.134014219 -0.004710531 0.00500000035
v 0.134014219 -0.004710531 0.008
v 0.134014219 -0.004710531 0.0065
v 0.134266734 -0.004842331 0.0065
v 0.134307012 -0.004868842 0.00500000035
v 0.134307012 -0.004868842 0.008
v 0.134497181 -0.005019608 0.0065
v 0.134567 -0.005087791 0.00500000035
v 0.134567 -0.005087791 0.008
v 0.134693861 -0.005235797 0.0065
v 0.134776622 -0.00535537 0.00500000035
v 0.134776622 -0.00535537 0.008
v 0.134847939 -0.005480596 0.0065
v 0.134924486 -0.00565357273 0.00500000035
v 0.134924486 -0.00565357273 0.008
v 0.134954721 -0.005741555 0.0065
v 0.135007337 -0.00596220233 0.00500000035
v 0.135007337 -0.00596220233 0.008
v 0.135014042 -0.006006023 0.0065
v 0.135029569 -0.006262882 0.00500000035
v 0.135029569 -0.006262882 0.008
v 0.134996727 -0.006562586 0.00500000035
v 0.13498722 -0.00660627 0.0065
v 0.134996727 -0.006562586 0.008
v 0.134903 -0.00686809467 0.00500000035
v 0.134903 -0.00686809467 0.008
v 0.134864345 -0.006953926 0.0065
v 0.134744689 -0.0071608806 0.00500000035
v 0.134744689 -0.0071608806 0.008
v 0.134657755 -0.00727745332 0.0065
v 0.134525746 -0.00742087839 0.00500000035
v 0.134525746 -0.00742087839 0.008
v 0.134377733 -0.00754773524 0.0065
v 0.134258166 -0.00763049442 0.00500000035
v 0.134258166 -0.00763049442 0.008
v 0.1340471 -0.007742755 0.0065
v 0.133959964 -0.007778353 0.00500000035
v 0.133959964 -0.007778353 0.008
v 0.133695319 -0.007853258 0.0065
v 0.133651331 -0.007861211 0.00500000035
v 0.133350655 -0.007883443 0.0065
v 0.133651331 -0.007861211 0.008
v 0.133350655 -0.007883443 0.00500000035
v 0.133350655 -0.007883443 0.008
v 0.133050948 -0.007850591 0.00500000035
v 0.133050948 -0.007850591 0.008
v 0.133007258 -0.007841088 0.0065
v 0.132745445 -0.00775687024 0.00500000035
v 0.132745445 -0.00775687024 0.008
v 0.132745445 -0.00775687024 0.0065
v 0.13249293 -0.0076250704 0.0065
v 0.132452652 -0.00759855844 0.00500000035
v 0.132452652 -0.00759855844 0.008
v 0.132262483 -0.007447794 0.0065
v 0.132192641 -0.00737960963 0.00500000035
v 0.132192641 -0.00737960963 0.008
v 0.132065788 -0.00723160524 0.0065
v 0.131983042 -0.007112031 0.00500000035
v 0.131983042 -0.007112031 0.008
v 0.131911725 -0.00698680431 0.0065
v 0.131835178 -0.00681383 0.00500000035
v 0.131835178 -0.00681383 0.008
v 0.131804943 -0.006725846 0.0065
v 0.131752327 -0.006505198 0.00500000035
v 0.131752327 -0.006505198 0.008
v 0.1317456 -0.00646137772 0.0065
v 0.13173008 -0.00620452 0.00500000035
v 0.13173008 -0.00620452 0.008
v 0.161955312 0.006262882 0.008
v 0.161955312 0.006262882 0.00500000035
v 0.161988154 0.006562586 0.00500000035
v 0.161997661 0.00660627 0.0065
v 0.161988154 0.006562586 0.008
v 0.162081882 0.00686809467 0.00500000035
v 0.162081882 0.00686809467 0.008
v 0.162120536 0.006953926 0.0065
v 0.162240192 0.0071608806 0.00500000035
v 0.162240192 0.0071608806 0.008
v 0.162327126 0.00727745332 0.0065
v 0.162459135 0.00742087839 0.00500000035
v 0.162459135 0.00742087839 0.008
v 0.162607148 0.00754773524 0.0065
v 0.162726715 0.00763049442 0.00500000035
v 0.162726715 0.00763049442 0.008
v 0.162937775 0.007742755 0.0065
v 0.163024917 0.007778353 0.00500000035
v 0.163024917 0.007778353 0.008
v 0.163289562 0.007853258 0.0065
v 0.16333355 0.007861211 0.00500000035
v 0.163634226 0.007883443 0.0065
v 0.16333355 0.007861211 0.008
v 0.163634226 0.007883443 0.00500000035
v 0.163634226 0.007883443 0.008
v 0.163933933 0.007850591 0.00500000035
v 0.163933933 0.007850591 0.008
v 0.163977623 0.007841088 0.0065
v 0.164239436 0.00775687024 0.00500000035
v 0.164239436 0.00775687024 0.008
v 0.164239436 0.00775687024 0.0065
v 0.164491951 0.0076250704 0.0065
v 0.164532229 0.00759855844 0.00500000035
v 0.164532229 0.00759855844 0.008
v 0.1647224 0.007447794 0.0065
v 0.16479224 0.00737960963 0.00500000035
v 0.16479224 0.00737960963 0.008
v 0.1649191 0.00723160524 0.0065
v 0.165001839 0.007112031 0.00500000035
v 0.165001839 0.007112031 0.008
v 0.165073156 0.00698680431 0.0065
v 0.1651497 0.00681383 0.00500000035
v 0.1651497 0.00681383 0.008
v 0.165179938 0.006725846 0.0065
v 0.165232554 0.006505198 0.00500000035
v 0.165232554 0.006505198 0.008
v 0.165239275 0.00646137772 0.0065
v 0.1652548 0.00620452 0.00500000035
v 0.1652548 0.00620452 0.008
v 0.165221944 0.005904814 0.00500000035
v 0.165212438 0.005861131 0.0065
v 0.165221944 0.005904814 0.008
v 0.165128216 0.00559930829 0.00500000035
v 0.165128216 0.00559930829 0.008
v 0.165089563 0.00551347528 0.0065
v 0.1649699 0.0053065205 0.00500000035
v 0.1649699 0.0053065205 0.008
v 0.164882973 0.00518994872 0.0065
v 0.164750963 0.00504652224 0.00500000035
v 0.164750963 0.00504652224 0.008
v 0.164602965 0.004919666 0.0065
v 0.164483383 0.004836906 0.00500000035
v 0.164483383 0.004836906 0.008
v 0.164272323 0.004724646 0.0065
v 0.164185181 0.004689048 0.00500000035
v 0.164185181 0.004689048 0.008
v 0.163920537 0.004614144 0.0065
v 0.163876548 0.0046061906 0.00500000035
v 0.163575873 0.004583959 0.0065
v 0.163876548 0.0046061906 0.008
v 0.163575873 0.004583959 0.00500000035
v 0.163575873 0.004583959 0.008
v 0.163276166 0.00461681047 0.00500000035
v 0.163276166 0.00461681047 0.008
v 0.163232476 0.00462631462 0.0065
v 0.162970662 0.004710531 0.00500000035
v 0.162970662 0.004710531 0.008
v 0.162970662 0.004710531 0.0065
v 0.162718147 0.004842331 0.0065
v 0.162677869 0.004868842 0.00500000035
v 0.162677869 0.004868842 0.008
v 0.1624877 0.005019608 0.0065
v 0.162417874 0.005087791 0.00500000035
v 0.162417874 0.005087791 0.008
v 0.16229102 0.005235797 0.0065
v 0.162208259 0.00535537 0.00500000035
v 0.162208259 0.00535537 0.008
v 0.162136942 0.005480596 0.0065
v 0.1620604 0.00565357273 0.00500000035
v 0.1620604 0.00565357273 0.008
v 0.16203016 0.005741555 0.0065
v 0.161977544 0.00596220233 0.00500000035
v 0.161977544 0.00596220233 0.008
v 0.161970839 0.006006023 0.0065
v 0.161955312 0.006262882 0.00500000035
v 0.161955312 0.006262882 0.008
v 0.13196 0.0067934473 0.008
v 0.13196 0.0067934473 0.00500000035
v 0.131992847 0.007093153 0.00500000035
v 0.132002354 0.007136836 0.0065
v 0.131992847 0.007093153 0.008
v 0.132086575 0.00739866 0.00500000035
v 0.132086575 0.00739866 0.008
v 0.132125229 0.007484493 0.0065
v 0.132244885 0.00769144762 0.00500000035
v 0.132244885 0.00769144762 0.008
v 0.132331818 0.00780801941 0.0065
v 0.132463828 0.007951446 0.00500000035
v 0.132463828 0.007951446 0.008
v 0.132611841 0.008078301 0.0065
v 0.132731408 0.00816106051 0.00500000035
v 0.132731408 0.00816106051 0.008
v 0.132942468 0.008273321 0.0065
v 0.13302961 0.008308919 0.00500000035
v 0.13302961 0.008308919 0.008
v 0.133294255 0.008383824 0.0065
v 0.133338243 0.008391777 0.00500000035
v 0.133638918 0.008414008 0.0065
v 0.133338243 0.008391777 0.008
v 0.133638918 0.008414008 0.00500000035
v 0.133638918 0.008414008 0.008
v 0.133938625 0.008381157 0.00500000035
v 0.133938625 0.008381157 0.008
v 0.133982316 0.008371653 0.0065
v 0.134244129 0.008287436 0.00500000035
v 0.134244129 0.008287436 0.008
v 0.134244129 0.008287436 0.0065
v 0.134496644 0.008155636 0.0065
v 0.134536922 0.00812912453 0.00500000035
v 0.134536922 0.00812912453 0.008
v 0.134727091 0.007978359 0.0065
v 0.134796917 0.007910177 0.00500000035
v 0.134796917 0.007910177 0.008
v 0.134923771 0.00776217133 0.0065
v 0.135006532 0.007642598 0.00500000035
v 0.135006532 0.007642598 0.008
v 0.135077849 0.00751737133 0.0065
v 0.1351544 0.00734439539 0.00500000035
v 0.1351544 0.00734439539 0.008
v 0.135184631 0.007256412 0.0065
v 0.135237247 0.007035765 0.00500000035
v 0.135237247 0.007035765 0.008
v 0.135243952 0.00699194474 0.0065
v 0.135259479 0.006735085 0.00500000035
v 0.135259479 0.006735085 0.008
v 0.135226637 0.00643538125 0.00500000035
v 0.13521713 0.006391697 0.0065
v 0.135226637 0.00643538125 0.008
v 0.135132909 0.00612987345 0.00500000035
v 0.135132909 0.00612987345 0.008
v 0.135094255 0.0060440423 0.0065
v 0.1349746 0.00583708752 0.00500000035
v 0.1349746 0.00583708752 0.008
v 0.134887666 0.005720515 0.0065
v 0.134755656 0.00557708926 0.00500000035
v 0.134755656 0.00557708926 0.008
v 0.134607643 0.005450232 0.0065
v 0.134488076 0.0053674723 0.00500000035
v 0.134488076 0.0053674723 0.008
v 0.134277016 0.005255212 0.0065
v 0.134189874 0.005219614 0.00500000035
v 0.134189874 0.005219614 0.008
v 0.133925229 0.00514470926 0.0065
v 0.133881241 0.00513675669 0.00500000035
v 0.133580565 0.005114524 0.0065
v 0.133881241 0.00513675669 0.008
v 0.133580565 0.005114524 0.00500000035
v 0.133580565 0.005114524 0.008
v 0.133280858 0.00514737656 0.00500000035
v 0.133280858 0.00514737656 0.008
v 0.133237168 0.00515688 0.0065
v 0.132975355 0.005241097 0.00500000035
v 0.132975355 0.005241097 0.008
v 0.132975355 0.005241097 0.0065
v 0.13272284 0.00537289632 0.0065
v 0.132682562 0.00539940828 0.00500000035
v 0.132682562 0.00539940828 0.008
v 0.1324924 0.005550173 0.0065
v 0.132422566 0.005618358 0.00500000035
v 0.132422566 0.005618358 0.008
v 0.1322957 0.005766363 0.0065
v 0.132212952 0.00588593725 0.00500000035
v 0.132212952 0.00588593725 0.008
v 0.132141635 0.006011163 0.0065
v 0.132065088 0.006184138 0.00500000035
v 0.132065088 0.006184138 0.008
v 0.132034853 0.006272121 0.0065
v 0.131982237 0.00649276935 0.00500000035
v 0.131982237 0.00649276935 0.008
v 0.131975532 0.00653659 0.0065
v 0.13196 0.0067934473 0.00500000035
v 0.13196 0.0067934473 0.008
v 0.168666169 0.009644726 0.008
v 0.16854237 0.00264582015 0.008
v 0.168666169 0.009644726 0.009500001
v 0.16831246 -0.0103521477 0.009500001
v 0.168436259 -0.0033532416 0.008
v 0.16831246 -0.0103521477 0.008
v 0.1684893 -0.000353710726 0.00725000072
v 0.16854237 0.00264582015 0.00500000035
v 0.168436259 -0.0033532416 0.00500000035
v 0.158314019 -0.0101752924 0.008
v 0.158437818 -0.00317638624 0.008
v 0.158437818 -0.00317638624 0.00500000035
v 0.158176959 -0.0179240815 0.00725000072
v 0.1579161 -0.0326717719 0.00500000035
v 0.1579161 -0.0326717719 0.009500001
v 0.158314019 -0.0101752924 0.009500001
v 0.158543929 0.00282267551 0.00500000035
v 0.158543929 0.00282267551 0.008
v 0.158667728 0.009821582 0.008
v 0.1588048 0.0175703689 0.00725000072
v 0.159065664 0.0323180631 0.00500000035
v 0.159065664 0.0323180631 0.009500001
v 0.158667728 0.009821582 0.009500001
v 0.138440952 -0.00282267551 0.00500000035
v 0.138440952 -0.00282267551 0.008
v 0.138317153 -0.009821582 0.008
v 0.138180077 -0.0175703689 0.00725000072
v 0.137919217 -0.0323180631 0.00500000035
v 0.137919217 -0.0323180631 0.009500001
v 0.138317153 -0.009821582 0.009500001
v 0.138670862 0.0101752924 0.008
v 0.138547063 0.00317638624 0.008
v 0.138547063 0.00317638624 0.00500000035
v 0.138807923 0.0179240815 0.00725000072
v 0.139068782 0.0326717719 0.00500000035
v 0.139068782 0.0326717719 0.009500001
v 0.138670862 0.0101752924 0.009500001
v 0.138547063 0.00317638624 0.00500000035
v 0.13537696 0.0149340518 0.00500000035
v 0.1354098 0.015233756 0.00500000035
v 0.135283232 0.0146285444 0.00500000035
v 0.139068782 0.0326717719 0.00500000035
v 0.135387585 0.0155344373 0.00500000035
v 0.1351544 0.00734439539 0.00500000035
v 0.135006532 0.007642598 0.00500000035
v 0.135237247 0.007035765 0.00500000035
v 0.135259479 0.006735085 0.00500000035
v 0.135226637 0.00643538125 0.00500000035
v 0.135132909 0.00612987345 0.00500000035
v 0.135124922 0.014335759 0.00500000035
v 0.1349746 0.00583708752 0.00500000035
v 0.134796917 0.007910177 0.00500000035
v 0.134905979 0.01407576 0.00500000035
v 0.1346384 0.0138661433 0.00500000035
v 0.134536922 0.00812912453 0.00500000035
v 0.1343402 0.0137182856 0.00500000035
v 0.134244129 0.008287436 0.00500000035
v 0.134031564 0.0136354268 0.00500000035
v 0.133938625 0.008381157 0.00500000035
v 0.134755656 0.00557708926 0.00500000035
v 0.133730888 0.0136131961 0.00500000035
v 0.133638918 0.008414008 0.00500000035
v 0.133338243 0.008391777 0.00500000035
v 0.133431181 0.0136460466 0.00500000035
v 0.13302961 0.008308919 0.00500000035
v 0.133125678 0.0137397684 0.00500000035
v 0.132731408 0.00816106051 0.00500000035
v 0.132832885 0.0138980793 0.00500000035
v 0.132463828 0.007951446 0.00500000035
v 0.132572889 0.0141170286 0.00500000035
v 0.134488076 0.0053674723 0.00500000035
v 0.132244885 0.00769144762 0.00500000035
v 0.132363275 0.0143846087 0.00500000035
v 0.134189874 0.005219614 0.00500000035
v 0.133881241 0.00513675669 0.00500000035
v 0.133580565 0.005114524 0.00500000035
v 0.128548622 0.0033532416 0.00500000035
v 0.133280858 0.00514737656 0.00500000035
v 0.13221541 0.0146828089 0.00500000035
v 0.132975355 0.005241097 0.00500000035
v 0.132682562 0.00539940828 0.00500000035
v 0.132422566 0.005618358 0.00500000035
v 0.132212952 0.00588593725 0.00500000035
v 0.132065088 0.006184138 0.00500000035
v 0.131982237 0.00649276935 0.00500000035
v 0.13196 0.0067934473 0.00500000035
v 0.131992847 0.007093153 0.00500000035
v 0.132086575 0.00739866 0.00500000035
v 0.116459727 0.0133414892 0.00500000035
v 0.11795567 0.016480159 0.00500000035
v 0.13213256 0.01499144 0.00500000035
v 0.115305975 0.0101364981 0.00500000035
v 0.119789056 0.0194988642 0.00500000035
v 0.132110327 0.0152921183 0.00500000035
v 0.132143185 0.0155918254 0.00500000035
v 0.114488751 0.00691657141 0.00500000035
v 0.113993347 0.00372866634 0.00500000035
v 0.113797866 0.0006136894 0.00500000035
v 0.128442511 -0.00264582015 0.00500000035
v 0.113883063 -0.002506257 0.00500000035
v 0.121944 0.0223443657 0.00500000035
v 0.1322369 0.01589733 0.00500000035
v 0.132395208 0.0161901172 0.00500000035
v 0.114265412 -0.005709689 0.00500000035
v 0.124393612 0.0249667112 0.00500000035
v 0.114968255 -0.008956498 0.00500000035
v 0.132614166 0.0164501183 0.00500000035
v 0.116007939 -0.0122002913 0.00500000035
v 0.132749736 0.0241154656 0.00500000035
v 0.132540122 0.0243830457 0.00500000035
v 0.133009747 0.0238965154 0.00500000035
v 0.132392272 0.024681244 0.00500000035
v 0.132881746 0.0166597329 0.00500000035
v 0.13330254 0.0237382054 0.00500000035
v 0.133179933 0.01680759 0.00500000035
v 0.133608043 0.0236444846 0.00500000035
v 0.133488566 0.0168904476 0.00500000035
v 0.127100945 0.02732205 0.00500000035
v 0.13390775 0.0236116312 0.00500000035
v 0.133789256 0.01691268 0.00500000035
v 0.134088963 0.0168798268 0.00500000035
v 0.134208426 0.0236338656 0.00500000035
v 0.134394467 0.0167861078 0.00500000035
v 0.134517059 0.0237167217 0.00500000035
v 0.134687245 0.0166277979 0.00500000035
v 0.134815246 0.02386458 0.00500000035
v 0.13494724 0.01640885 0.00500000035
v 0.135082841 0.0240741968 0.00500000035
v 0.13515687 0.0161412675 0.00500000035
v 0.135301784 0.024334196 0.00500000035
v 0.135304719 0.0158430655 0.00500000035
v 0.1354601 0.02462698 0.00500000035
v 0.1355538 0.0249324888 0.00500000035
v 0.135586664 0.025232194 0.00500000035
v 0.135564432 0.0255328715 0.00500000035
v 0.135481581 0.0258415043 0.00500000035
v 0.135333717 0.0261397045 0.00500000035
v 0.1351241 0.0264072828 0.00500000035
v 0.136292145 0.0324845 0.00500000035
v 0.1348641 0.026626233 0.00500000035
v 0.134571314 0.0267845429 0.00500000035
v 0.13791056 0.0330471471 0.00500000035
v 0.133102536 0.0311005 0.00500000035
v 0.139535949 0.0335241854 0.00500000035
v 0.13426581 0.0268782638 0.00500000035
v 0.142782748 0.03422703 0.00500000035
v 0.145986184 0.0346093737 0.00500000035
v 0.14910613 0.0346945748 0.00500000035
v 0.1339661 0.0269111134 0.00500000035
v 0.133665428 0.0268888846 0.00500000035
v 0.1333568 0.0268060267 0.00500000035
v 0.159065664 0.0323180631 0.00500000035
v 0.130020887 0.0293750167 0.00500000035
v 0.152221113 0.03449909 0.00500000035
v 0.1330586 0.02665817 0.00500000035
v 0.155409008 0.03400369 0.00500000035
v 0.158628941 0.0331864655 0.00500000035
v 0.132791013 0.0264485516 0.00500000035
v 0.13257207 0.0261885542 0.00500000035
v 0.13241376 0.0258957688 0.00500000035
v 0.161833927 0.0320327133 0.00500000035
v 0.132320032 0.02559026 0.00500000035
v 0.132287174 0.0252905563 0.00500000035
v 0.1323094 0.0249898769 0.00500000035
v 0.16278632 0.0259179845 0.00500000035
v 0.162567377 0.0256579872 0.00500000035
v 0.1630539 0.0261276029 0.00500000035
v 0.1633521 0.02627546 0.00500000035
v 0.162409067 0.0253652036 0.00500000035
v 0.1649726 0.0305367745 0.00500000035
v 0.162315339 0.0250596926 0.00500000035
v 0.163660735 0.0263583176 0.00500000035
v 0.1622825 0.0247599911 0.00500000035
v 0.163961411 0.02638055 0.00500000035
v 0.164261118 0.0263476968 0.00500000035
v 0.164566636 0.0262539759 0.00500000035
v 0.16799131 0.0287033841 0.00500000035
v 0.164859414 0.026095666 0.00500000035
v 0.16511941 0.0258767158 0.00500000035
v 0.165329039 0.0256091375 0.00500000035
v 0.165476888 0.02531094 0.00500000035
v 0.1708368 0.0265484378 0.00500000035
v 0.165559739 0.0250023045 0.00500000035
v 0.165581971 0.0247016288 0.00500000035
v 0.165549129 0.0244019218 0.00500000035
v 0.1654554 0.0240964144 0.00500000035
v 0.173459157 0.0240988266 0.00500000035
v 0.165297091 0.023803629 0.00500000035
v 0.165078148 0.02354363 0.00500000035
v 0.164942563 0.0158782825 0.00500000035
v 0.164810568 0.0233340152 0.00500000035
v 0.165152177 0.0156107005 0.00500000035
v 0.164682552 0.0160972327 0.00500000035
v 0.164512366 0.0231861547 0.00500000035
v 0.164389774 0.0162555426 0.00500000035
v 0.164203733 0.0231033 0.00500000035
v 0.164084271 0.01634926 0.00500000035
v 0.1758145 0.0213914886 0.00500000035
v 0.165300027 0.0153125 0.00500000035
v 0.165382892 0.01500387 0.00500000035
v 0.163903058 0.0230810642 0.00500000035
v 0.163784564 0.0163821131 0.00500000035
v 0.163483888 0.01635988 0.00500000035
v 0.163603351 0.02311392 0.00500000035
v 0.163175255 0.0162770245 0.00500000035
v 0.163297847 0.0232076384 0.00500000035
v 0.162877053 0.0161291678 0.00500000035
v 0.163005054 0.02336595 0.00500000035
v 0.162609473 0.0159195513 0.00500000035
v 0.162745059 0.0235848986 0.00500000035
v 0.162390515 0.01565955 0.00500000035
v 0.162535444 0.0238524787 0.00500000035
v 0.1622322 0.0153667647 0.00500000035
v 0.16238758 0.0241506789 0.00500000035
v 0.162138492 0.0150612583 0.00500000035
v 0.162304729 0.02445931 0.00500000035
v 0.162105635 0.0147615531 0.00500000035
v 0.158543929 0.00282267551 0.00500000035
v 0.162127867 0.0144608729 0.00500000035
v 0.162210733 0.0141522437 0.00500000035
v 0.162081882 0.00686809467 0.00500000035
v 0.161988154 0.006562586 0.00500000035
v 0.161955312 0.006262882 0.00500000035
v 0.161977544 0.00596220233 0.00500000035
v 0.1620604 0.00565357273 0.00500000035
v 0.162240192 0.0071608806 0.00500000035
v 0.162358582 0.0138540417 0.00500000035
v 0.162208259 0.00535537 0.00500000035
v 0.162459135 0.00742087839 0.00500000035
v 0.1625682 0.0135864615 0.00500000035
v 0.162828192 0.0133675132 0.00500000035
v 0.162726715 0.00763049442 0.00500000035
v 0.163120985 0.0132092023 0.00500000035
v 0.163024917 0.007778353 0.00500000035
v 0.163426489 0.0131154805 0.00500000035
v 0.16333355 0.007861211 0.00500000035
v 0.162417874 0.005087791 0.00500000035
v 0.1637262 0.0130826309 0.00500000035
v 0.163634226 0.007883443 0.00500000035
v 0.163933933 0.007850591 0.00500000035
v 0.164026871 0.0131048607 0.00500000035
v 0.164239436 0.00775687024 0.00500000035
v 0.1643355 0.0131877195 0.00500000035
v 0.164532229 0.00759855844 0.00500000035
v 0.1646337 0.0133355772 0.00500000035
v 0.16479224 0.00737960963 0.00500000035
v 0.164901286 0.0135451928 0.00500000035
v 0.165001839 0.007112031 0.00500000035
v 0.165120244 0.013805192 0.00500000035
v 0.1651497 0.00681383 0.00500000035
v 0.165278554 0.0140979793 0.00500000035
v 0.180976942 0.0122002913 0.00500000035
v 0.16854237 0.00264582015 0.00500000035
v 0.165232554 0.006505198 0.00500000035
v 0.1652548 0.00620452 0.00500000035
v 0.165221944 0.005904814 0.00500000035
v 0.165128216 0.00559930829 0.00500000035
v 0.1649699 0.0053065205 0.00500000035
v 0.164750963 0.00504652224 0.00500000035
v 0.164483383 0.004836906 0.00500000035
v 0.164185181 0.004689048 0.00500000035
v 0.163876548 0.0046061906 0.00500000035
v 0.163575873 0.004583959 0.00500000035
v 0.179592937 0.0153899007 0.00500000035
v 0.165372267 0.0144034848 0.00500000035
v 0.182016626 0.008956498 0.00500000035
v 0.177867457 0.0184715558 0.00500000035
v 0.165405124 0.0147031909 0.00500000035
v 0.182719469 0.005709689 0.00500000035
v 0.183101818 0.002506257 0.00500000035
v 0.183187008 -0.0006136894 0.00500000035
v 0.168436259 -0.0033532416 0.00500000035
v 0.182991534 -0.00372866634 0.00500000035
v 0.18249613 -0.00691657141 0.00500000035
v 0.163276166 0.00461681047 0.00500000035
v 0.162970662 0.004710531 0.00500000035
v 0.162677869 0.004868842 0.00500000035
v 0.1816789 -0.0101364981 0.00500000035
v 0.180525154 -0.0133414892 0.00500000035
v 0.1648983 -0.00739866 0.00500000035
v 0.164992034 -0.007093153 0.00500000035
v 0.165024877 -0.0067934473 0.00500000035
v 0.165002644 -0.00649276935 0.00500000035
v 0.1649198 -0.006184138 0.00500000035
v 0.164771929 -0.00588593725 0.00500000035
v 0.164562315 -0.005618358 0.00500000035
v 0.164302319 -0.00539940828 0.00500000035
v 0.164009526 -0.005241097 0.00500000035
v 0.163704023 -0.00514737656 0.00500000035
v 0.163404316 -0.005114524 0.00500000035
v 0.158437818 -0.00317638624 0.00500000035
v 0.16310364 -0.00513675669 0.00500000035
v 0.162795 -0.005219614 0.00500000035
v 0.1624968 -0.0053674723 0.00500000035
v 0.162229225 -0.00557708926 0.00500000035
v 0.162010282 -0.00583708752 0.00500000035
v 0.161851972 -0.00612987345 0.00500000035
v 0.161758244 -0.00643538125 0.00500000035
v 0.1617254 -0.006735085 0.00500000035
v 0.161747634 -0.007035765 0.00500000035
v 0.161830485 -0.00734439539 0.00500000035
v 0.161701649 -0.0146285444 0.00500000035
v 0.161978349 -0.007642598 0.00500000035
v 0.161607921 -0.0149340518 0.00500000035
v 0.161859959 -0.014335759 0.00500000035
v 0.161575079 -0.015233756 0.00500000035
v 0.162187964 -0.007910177 0.00500000035
v 0.1620789 -0.01407576 0.00500000035
v 0.162447959 -0.00812912453 0.00500000035
v 0.162346482 -0.0138661433 0.00500000035
v 0.162740752 -0.008287436 0.00500000035
v 0.162644684 -0.0137182856 0.00500000035
v 0.163046256 -0.008381157 0.00500000035
v 0.162953317 -0.0136354268 0.00500000035
v 0.1579161 -0.0326717719 0.00500000035
v 0.163345963 -0.008414008 0.00500000035
v 0.163254 -0.0136131961 0.00500000035
v 0.1635537 -0.0136460466 0.00500000035
v 0.163646638 -0.008391777 0.00500000035
v 0.1638592 -0.0137397684 0.00500000035
v 0.163955271 -0.008308919 0.00500000035
v 0.164152 -0.0138980793 0.00500000035
v 0.164253473 -0.00816106051 0.00500000035
v 0.164411992 -0.0141170286 0.00500000035
v 0.164521053 -0.007951446 0.00500000035
v 0.1646216 -0.0143846087 0.00500000035
v 0.16474 -0.00769144762 0.00500000035
v 0.164769471 -0.0146828089 0.00500000035
v 0.179029211 -0.016480159 0.00500000035
v 0.164852321 -0.01499144 0.00500000035
v 0.177195817 -0.0194988642 0.00500000035
v 0.164874554 -0.0152921183 0.00500000035
v 0.1648417 -0.0155918254 0.00500000035
v 0.175040871 -0.0223443657 0.00500000035
v 0.164747983 -0.01589733 0.00500000035
v 0.164589673 -0.0161901172 0.00500000035
v 0.172591269 -0.0249667112 0.00500000035
v 0.164370716 -0.0164501183 0.00500000035
v 0.164235145 -0.0241154656 0.00500000035
v 0.164103135 -0.0166597329 0.00500000035
v 0.164444759 -0.0243830457 0.00500000035
v 0.163975134 -0.0238965154 0.00500000035
v 0.164592609 -0.024681244 0.00500000035
v 0.163804948 -0.01680759 0.00500000035
v 0.163682342 -0.0237382054 0.00500000035
v 0.163496315 -0.0168904476 0.00500000035
v 0.163376838 -0.0236444846 0.00500000035
v 0.169883937 -0.02732205 0.00500000035
v 0.163195625 -0.01691268 0.00500000035
v 0.163077131 -0.0236116312 0.00500000035
v 0.162776455 -0.0236338656 0.00500000035
v 0.162895918 -0.0168798268 0.00500000035
v 0.162467822 -0.0237167217 0.00500000035
v 0.162590414 -0.0167861078 0.00500000035
v 0.162169635 -0.02386458 0.00500000035
v 0.162297636 -0.0166277979 0.00500000035
v 0.16190204 -0.0240741968 0.00500000035
v 0.162037641 -0.01640885 0.00500000035
v 0.1616831 -0.024334196 0.00500000035
v 0.161828011 -0.0161412675 0.00500000035
v 0.161524788 -0.02462698 0.00500000035
v 0.161680162 -0.0158430655 0.00500000035
v 0.1615973 -0.0155344373 0.00500000035
v 0.161431074 -0.0249324888 0.00500000035
v 0.161398217 -0.025232194 0.00500000035
v 0.16142045 -0.0255328715 0.00500000035
v 0.1615033 -0.0258415043 0.00500000035
v 0.161651164 -0.0261397045 0.00500000035
v 0.161860779 -0.0264072828 0.00500000035
v 0.160692737 -0.0324845 0.00500000035
v 0.162120774 -0.026626233 0.00500000035
v 0.162413567 -0.0267845429 0.00500000035
v 0.159074321 -0.0330471471 0.00500000035
v 0.163882345 -0.0311005 0.00500000035
v 0.157448933 -0.0335241854 0.00500000035
v 0.162719071 -0.0268782638 0.00500000035
v 0.163018778 -0.0269111134 0.00500000035
v 0.163319454 -0.0268888846 0.00500000035
v 0.163628086 -0.0268060267 0.00500000035
v 0.166964 -0.0293750167 0.00500000035
v 0.163926288 -0.02665817 0.00500000035
v 0.164193869 -0.0264485516 0.00500000035
v 0.164412811 -0.0261885542 0.00500000035
v 0.164571121 -0.0258957688 0.00500000035
v 0.16466485 -0.02559026 0.00500000035
v 0.1646977 -0.0252905563 0.00500000035
v 0.164675474 -0.0249898769 0.00500000035
v 0.154202133 -0.03422703 0.00500000035
v 0.1479147 -0.0326625444 0.00500000035
v 0.1509987 -0.0346093737 0.00500000035
v 0.147878751 -0.0346945748 0.00500000035
v 0.144763768 -0.03449909 0.00500000035
v 0.141575873 -0.03400369 0.00500000035
v 0.137919217 -0.0323180631 0.00500000035
v 0.138355941 -0.0331864655 0.00500000035
v 0.135150954 -0.0320327133 0.00500000035
v 0.134198561 -0.0259179845 0.00500000035
v 0.1344175 -0.0256579872 0.00500000035
v 0.133930981 -0.0261276029 0.00500000035
v 0.133632779 -0.02627546 0.00500000035
v 0.134575814 -0.0253652036 0.00500000035
v 0.132012278 -0.0305367745 0.00500000035
v 0.134669542 -0.0250596926 0.00500000035
v 0.133324146 -0.0263583176 0.00500000035
v 0.134702384 -0.0247599911 0.00500000035
v 0.133023471 -0.02638055 0.00500000035
v 0.132723764 -0.0263476968 0.00500000035
v 0.132418245 -0.0262539759 0.00500000035
v 0.128993571 -0.0287033841 0.00500000035
v 0.132125467 -0.026095666 0.00500000035
v 0.131865472 -0.0258767158 0.00500000035
v 0.131655842 -0.0256091375 0.00500000035
v 0.131508 -0.02531094 0.00500000035
v 0.126148075 -0.0265484378 0.00500000035
v 0.131425142 -0.0250023045 0.00500000035
v 0.13140291 -0.0247016288 0.00500000035
v 0.131435752 -0.0244019218 0.00500000035
v 0.13152948 -0.0240964144 0.00500000035
v 0.123525731 -0.0240988266 0.00500000035
v 0.13168779 -0.023803629 0.00500000035
v 0.131906733 -0.02354363 0.00500000035
v 0.132042319 -0.0158782825 0.00500000035
v 0.1318327 -0.0156107005 0.00500000035
v 0.132302329 -0.0160972327 0.00500000035
v 0.132174313 -0.0233340152 0.00500000035
v 0.1325951 -0.0162555426 0.00500000035
v 0.132472515 -0.0231861547 0.00500000035
v 0.132900611 -0.01634926 0.00500000035
v 0.132781148 -0.0231033 0.00500000035
v 0.121170387 -0.0213914886 0.00500000035
v 0.131684855 -0.0153125 0.00500000035
v 0.131601989 -0.01500387 0.00500000035
v 0.133200318 -0.0163821131 0.00500000035
v 0.133081824 -0.0230810642 0.00500000035
v 0.133381531 -0.02311392 0.00500000035
v 0.133501 -0.01635988 0.00500000035
v 0.133687034 -0.0232076384 0.00500000035
v 0.133809626 -0.0162770245 0.00500000035
v 0.133979827 -0.02336595 0.00500000035
v 0.134107828 -0.0161291678 0.00500000035
v 0.134239823 -0.0235848986 0.00500000035
v 0.134375408 -0.0159195513 0.00500000035
v 0.134449437 -0.0238524787 0.00500000035
v 0.134594366 -0.01565955 0.00500000035
v 0.1345973 -0.0241506789 0.00500000035
v 0.134752676 -0.0153667647 0.00500000035
v 0.134846389 -0.0150612583 0.00500000035
v 0.134680152 -0.02445931 0.00500000035
v 0.134879246 -0.0147615531 0.00500000035
v 0.138440952 -0.00282267551 0.00500000035
v 0.134857014 -0.0144608729 0.00500000035
v 0.134774148 -0.0141522437 0.00500000035
v 0.134903 -0.00686809467 0.00500000035
v 0.134996727 -0.006562586 0.00500000035
v 0.135029569 -0.006262882 0.00500000035
v 0.135007337 -0.00596220233 0.00500000035
v 0.134924486 -0.00565357273 0.00500000035
v 0.134744689 -0.0071608806 0.00500000035
v 0.1346263 -0.0138540417 0.00500000035
v 0.134525746 -0.00742087839 0.00500000035
v 0.134416685 -0.0135864615 0.00500000035
v 0.134258166 -0.00763049442 0.00500000035
v 0.134156689 -0.0133675132 0.00500000035
v 0.133959964 -0.007778353 0.00500000035
v 0.1338639 -0.0132092023 0.00500000035
v 0.133651331 -0.007861211 0.00500000035
v 0.133558393 -0.0131154805 0.00500000035
v 0.134776622 -0.00535537 0.00500000035
v 0.133350655 -0.007883443 0.00500000035
v 0.133258685 -0.0130826309 0.00500000035
v 0.13295801 -0.0131048607 0.00500000035
v 0.133050948 -0.007850591 0.00500000035
v 0.132649377 -0.0131877195 0.00500000035
v 0.132745445 -0.00775687024 0.00500000035
v 0.132351175 -0.0133355772 0.00500000035
v 0.132452652 -0.00759855844 0.00500000035
v 0.1320836 -0.0135451928 0.00500000035
v 0.132192641 -0.00737960963 0.00500000035
v 0.134567 -0.005087791 0.00500000035
v 0.131864637 -0.013805192 0.00500000035
v 0.131983042 -0.007112031 0.00500000035
v 0.134307012 -0.004868842 0.00500000035
v 0.131835178 -0.00681383 0.00500000035
v 0.134014219 -0.004710531 0.00500000035
v 0.133708715 -0.00461681047 0.00500000035
v 0.133409008 -0.004583959 0.00500000035
v 0.133108333 -0.0046061906 0.00500000035
v 0.1327997 -0.004689048 0.00500000035
v 0.1325015 -0.004836906 0.00500000035
v 0.132233918 -0.00504652224 0.00500000035
v 0.132014975 -0.0053065205 0.00500000035
v 0.131856665 -0.00559930829 0.00500000035
v 0.131762937 -0.005904814 0.00500000035
v 0.13173008 -0.00620452 0.00500000035
v 0.131752327 -0.006505198 0.00500000035
v 0.131706327 -0.0140979793 0.00500000035
v 0.117391944 -0.0153899007 0.00500000035
v 0.131612614 -0.0144034848 0.00500000035
v 0.119117424 -0.0184715558 0.00500000035
v 0.131579757 -0.0147031909 0.00500000035
v 0.133441731 -0.00273424829 0.0065
v 0.138440952 -0.00282267551 0.008
v 0.138440952 -0.00282267551 0.00500000035
v 0.128442511 -0.00264582015 0.00500000035
v 0.128442511 -0.00264582015 0.008
v 0.147917658 -0.0324949175 0.00725000072
v 0.1579161 -0.0326717719 0.009500001
v 0.1579161 -0.0326717719 0.00500000035
v 0.137919217 -0.0323180631 0.00500000035
v 0.137919217 -0.0323180631 0.009500001
v 0.163437039 -0.00326481345 0.0065
v 0.168436259 -0.0033532416 0.008
v 0.168436259 -0.0033532416 0.00500000035
v 0.158437818 -0.00317638624 0.00500000035
v 0.158437818 -0.00317638624 0.008
v 0.149067223 0.0324949175 0.00725000072
v 0.139068782 0.0326717719 0.009500001
v 0.139068782 0.0326717719 0.00500000035
v 0.159065664 0.0323180631 0.00500000035
v 0.159065664 0.0323180631 0.009500001
v 0.158407182 -0.0331805423 0.0100000007
v 0.162221327 -0.02724611 0.0100000007
v 0.161839813 -0.0270398278 0.0100000007
v 0.16150102 -0.0267545264 0.0100000007
v 0.1612279 -0.0264058635 0.0100000007
v 0.161035225 -0.0260172989 0.0100000007
v 0.160927266 -0.0256151445 0.0100000007
v 0.1608983 -0.025223352 0.0100000007
v 0.162619412 -0.02736823 0.0100000007
v 0.1609411 -0.0248328261 0.0100000007
v 0.1615014 -0.03463766 0.0100000007
v 0.164902419 -0.0331619158 0.0100000007
v 0.1580426 -0.035746254 0.0100000007
v 0.163009927 -0.0274110362 0.0100000007
v 0.163401723 -0.0273820683 0.0100000007
v 0.163803875 -0.027274102 0.0100000007
v 0.154580578 -0.03649568 0.0100000007
v 0.168188334 -0.0313220657 0.0100000007
v 0.151164815 -0.0369033664 0.0100000007
v 0.164192453 -0.0270814411 0.0100000007
v 0.16454111 -0.026808301 0.0100000007
v 0.164826408 -0.0264695156 0.0100000007
v 0.1650327 -0.0260880068 0.0100000007
v 0.171301812 -0.0291330237 0.0100000007
v 0.165154815 -0.0256899241 0.0100000007
v 0.165197626 -0.0252994 0.0100000007
v 0.165168643 -0.0249076057 0.0100000007
v 0.1741886 -0.0266215652 0.0100000007
v 0.165060684 -0.0245054457 0.0100000007
v 0.147838071 -0.0369942151 0.0100000007
v 0.164868027 -0.0241168849 0.0100000007
v 0.137410462 -0.0328091457 0.0100000007
v 0.144516632 -0.0367857739 0.0100000007
v 0.141117424 -0.03625754 0.0100000007
v 0.137684077 -0.0353861451 0.0100000007
v 0.134266645 -0.03415592 0.0100000007
v 0.16500327 -0.0164710823 0.0100000007
v 0.176800579 -0.0238254033 0.0100000007
v 0.164594889 -0.02376822 0.0100000007
v 0.165209547 -0.0160895716 0.0100000007
v 0.164717972 -0.0168098677 0.0100000007
v 0.1643693 -0.0170830023 0.0100000007
v 0.1642561 -0.02348292 0.0100000007
v 0.163980737 -0.0172756668 0.0100000007
v 0.1638746 -0.02327664 0.0100000007
v 0.163578585 -0.0173836313 0.0100000007
v 0.163476512 -0.0231545158 0.0100000007
v 0.165331662 -0.0156914871 0.0100000007
v 0.163186789 -0.0174126029 0.0100000007
v 0.163085982 -0.0231117085 0.0100000007
v 0.162694186 -0.0231406763 0.0100000007
v 0.162796259 -0.0173697937 0.0100000007
v 0.162292033 -0.0232486464 0.0100000007
v 0.162398174 -0.0172476731 0.0100000007
v 0.161903471 -0.0234413072 0.0100000007
v 0.162016675 -0.0170413889 0.0100000007
v 0.1615548 -0.0237144455 0.0100000007
v 0.161677882 -0.0167560931 0.0100000007
v 0.1612695 -0.0240532346 0.0100000007
v 0.161404744 -0.01640743 0.0100000007
v 0.161063224 -0.0244347379 0.0100000007
v 0.161212087 -0.0160188638 0.0100000007
v 0.161104113 -0.0156167084 0.0100000007
v 0.1588051 -0.0106840562 0.0100000007
v 0.161075145 -0.0152249141 0.0100000007
v 0.161117956 -0.0148343891 0.0100000007
v 0.161240071 -0.0144363036 0.0100000007
v 0.161446363 -0.0140547948 0.0100000007
v 0.16173166 -0.0137160085 0.0100000007
v 0.162080318 -0.0134428712 0.0100000007
v 0.16246888 -0.0132502094 0.0100000007
v 0.162871048 -0.013142243 0.0100000007
v 0.163262829 -0.0131132724 0.0100000007
v 0.168803543 -0.0108609106 0.0100000007
v 0.163653359 -0.0131560815 0.0100000007
v 0.164051443 -0.0132782022 0.0100000007
v 0.164432958 -0.0134844845 0.0100000007
v 0.164771736 -0.0137697831 0.0100000007
v 0.165044874 -0.014118446 0.0100000007
v 0.165237546 -0.0145070115 0.0100000007
v 0.1653455 -0.0149091678 0.0100000007
v 0.165374473 -0.0153009621 0.0100000007
v 0.179098353 -0.0207912959 0.0100000007
v 0.181053266 -0.0175725035 0.0100000007
v 0.182648361 -0.0142257959 0.0100000007
v 0.183878586 -0.0108083664 0.0100000007
v 0.184749976 -0.00737502 0.0100000007
v 0.1852782 -0.00397581141 0.0100000007
v 0.185486659 -0.000654365867 0.0100000007
v 0.169174939 0.0101358052 0.0100000007
v 0.1853958 0.00267237728 0.0100000007
v 0.184988126 0.006088141 0.0100000007
v 0.1842387 0.009550157 0.0100000007
v 0.1831301 0.0130089521 0.0100000007
v 0.181654364 0.016409982 0.0100000007
v 0.1798145 0.0196958967 0.0100000007
v 0.165876076 0.0150861423 0.0100000007
v 0.177625462 0.0228093676 0.0100000007
v 0.165905043 0.014694347 0.0100000007
v 0.165862232 0.014303823 0.0100000007
v 0.165740117 0.0139057385 0.0100000007
v 0.1657681 0.0154882986 0.0100000007
v 0.165533826 0.0135242287 0.0100000007
v 0.165575445 0.015876865 0.0100000007
v 0.165248528 0.0131854415 0.0100000007
v 0.164899871 0.012912306 0.0100000007
v 0.164511308 0.0127196433 0.0100000007
v 0.164109156 0.0126116769 0.0100000007
v 0.163717359 0.0125827072 0.0100000007
v 0.1591765 0.01031266 0.0100000007
v 0.16332683 0.0126255155 0.0100000007
v 0.162928745 0.0127476361 0.0100000007
v 0.162547231 0.0129539194 0.0100000007
v 0.162208453 0.0132392161 0.0100000007
v 0.161935315 0.01358788 0.0100000007
v 0.161742657 0.0139764464 0.0100000007
v 0.161634684 0.0143786017 0.0100000007
v 0.161605716 0.0147703951 0.0100000007
v 0.161648527 0.015160921 0.0100000007
v 0.161811545 0.02437704 0.0100000007
v 0.159574419 0.0328091457 0.0100000007
v 0.161770642 0.0155590065 0.0100000007
v 0.1619195 0.02397488 0.0100000007
v 0.162112176 0.0235863179 0.0100000007
v 0.161976919 0.0159405172 0.0100000007
v 0.1623853 0.0232376531 0.0100000007
v 0.162262231 0.0162793 0.0100000007
v 0.1627241 0.0229523554 0.0100000007
v 0.162610888 0.0165524371 0.0100000007
v 0.1631056 0.0227460749 0.0100000007
v 0.162999451 0.0167451017 0.0100000007
v 0.163503677 0.0226239488 0.0100000007
v 0.1634016 0.0168530662 0.0100000007
v 0.161782563 0.0247688331 0.0100000007
v 0.1638942 0.0225811452 0.0100000007
v 0.1637934 0.0168820359 0.0100000007
v 0.16418393 0.0168392286 0.0100000007
v 0.164286 0.02261011 0.0100000007
v 0.164582014 0.016717108 0.0100000007
v 0.164688155 0.0227180813 0.0100000007
v 0.164963514 0.0165108237 0.0100000007
v 0.165076733 0.0229107421 0.0100000007
v 0.1653023 0.0162255261 0.0100000007
v 0.16542539 0.0231838785 0.0100000007
v 0.161825374 0.025159359 0.0100000007
v 0.161947489 0.0255574416 0.0100000007
v 0.16215378 0.02593895 0.0100000007
v 0.162439078 0.026277734 0.0100000007
v 0.162787735 0.026550876 0.0100000007
v 0.163176313 0.026743535 0.0100000007
v 0.165710688 0.0235226676 0.0100000007
v 0.163578466 0.0268515032 0.0100000007
v 0.175114 0.0256961547 0.0100000007
v 0.165916964 0.0239041727 0.0100000007
v 0.1660391 0.024302261 0.0100000007
v 0.172317848 0.0283081327 0.0100000007
v 0.1660819 0.024692785 0.0100000007
v 0.166052923 0.02508458 0.0100000007
v 0.165944964 0.0254867338 0.0100000007
v 0.169283733 0.0306059159 0.0100000007
v 0.165752292 0.0258752983 0.0100000007
v 0.165479153 0.02622396 0.0100000007
v 0.165140375 0.0265092626 0.0100000007
v 0.164758861 0.0267155431 0.0100000007
v 0.166064948 0.0325608253 0.0100000007
v 0.164360791 0.0268376656 0.0100000007
v 0.163970262 0.02688047 0.0100000007
v 0.162718236 0.03415592 0.0100000007
v 0.1593008 0.0353861451 0.0100000007
v 0.155867457 0.03625754 0.0100000007
v 0.152468249 0.0367857739 0.0100000007
v 0.14914681 0.0369942151 0.0100000007
v 0.1385777 0.0331805423 0.0100000007
v 0.145820066 0.0369033664 0.0100000007
v 0.1424043 0.03649568 0.0100000007
v 0.138942286 0.035746254 0.0100000007
v 0.135483488 0.03463766 0.0100000007
v 0.134365469 0.02736823 0.0100000007
v 0.134763554 0.02724611 0.0100000007
v 0.135145068 0.0270398278 0.0100000007
v 0.132082462 0.0331619158 0.0100000007
v 0.135483861 0.0267545264 0.0100000007
v 0.133974954 0.0274110362 0.0100000007
v 0.133583158 0.0273820683 0.0100000007
v 0.133181 0.027274102 0.0100000007
v 0.135756984 0.0264058635 0.0100000007
v 0.128796548 0.0313220657 0.0100000007
v 0.135949656 0.0260172989 0.0100000007
v 0.132792428 0.0270814411 0.0100000007
v 0.136057615 0.0256151445 0.0100000007
v 0.136086583 0.025223352 0.0100000007
v 0.132443771 0.026808301 0.0100000007
v 0.132158473 0.0264695156 0.0100000007
v 0.131952181 0.0260880068 0.0100000007
v 0.136043787 0.0248328261 0.0100000007
v 0.125683069 0.0291330237 0.0100000007
v 0.131830066 0.0256899241 0.0100000007
v 0.131787255 0.0252994 0.0100000007
v 0.131816238 0.0249076057 0.0100000007
v 0.122796282 0.0266215652 0.0100000007
v 0.1319242 0.0245054457 0.0100000007
v 0.132116854 0.0241168849 0.0100000007
v 0.138179779 0.0106840562 0.0100000007
v 0.131981611 0.0164710823 0.0100000007
v 0.132389992 0.02376822 0.0100000007
v 0.12018431 0.0238254033 0.0100000007
v 0.132266909 0.0168098677 0.0100000007
v 0.131775334 0.0160895716 0.0100000007
v 0.132728785 0.02348292 0.0100000007
v 0.132615581 0.0170830023 0.0100000007
v 0.133110285 0.02327664 0.0100000007
v 0.133004144 0.0172756668 0.0100000007
v 0.133508369 0.0231545158 0.0100000007
v 0.1334063 0.0173836313 0.0100000007
v 0.131653219 0.0156914871 0.0100000007
v 0.1338989 0.0231117085 0.0100000007
v 0.1337981 0.0174126029 0.0100000007
v 0.134188622 0.0173697937 0.0100000007
v 0.1342907 0.0231406763 0.0100000007
v 0.1345867 0.0172476731 0.0100000007
v 0.134692848 0.0232486464 0.0100000007
v 0.1349682 0.0170413889 0.0100000007
v 0.13508141 0.0234413072 0.0100000007
v 0.135307 0.0167560931 0.0100000007
v 0.135430083 0.0237144455 0.0100000007
v 0.135580137 0.01640743 0.0100000007
v 0.13571538 0.0240532346 0.0100000007
v 0.1357728 0.0160188638 0.0100000007
v 0.135921657 0.0244347379 0.0100000007
v 0.135880768 0.0156167084 0.0100000007
v 0.135909736 0.0152249141 0.0100000007
v 0.135866925 0.0148343891 0.0100000007
v 0.13574481 0.0144363036 0.0100000007
v 0.135538518 0.0140547948 0.0100000007
v 0.135253221 0.0137160085 0.0100000007
v 0.134904563 0.0134428712 0.0100000007
v 0.134516 0.0132502094 0.0100000007
v 0.134113833 0.013142243 0.0100000007
v 0.133722052 0.0131132724 0.0100000007
v 0.128181338 0.0108609106 0.0100000007
v 0.133331522 0.0131560815 0.0100000007
v 0.132933438 0.0132782022 0.0100000007
v 0.132551923 0.0134844845 0.0100000007
v 0.132213145 0.0137697831 0.0100000007
v 0.13194 0.014118446 0.0100000007
v 0.131747335 0.0145070115 0.0100000007
v 0.131639376 0.0149091678 0.0100000007
v 0.131610408 0.0153009621 0.0100000007
v 0.117886528 0.0207912959 0.0100000007
v 0.115931615 0.0175725035 0.0100000007
v 0.11433652 0.0142257959 0.0100000007
v 0.113106295 0.0108083664 0.0100000007
v 0.112234905 0.00737502 0.0100000007
v 0.111706667 0.00397581141 0.0100000007
v 0.111498222 0.000654365867 0.0100000007
v 0.127809942 -0.0101358052 0.0100000007
v 0.111589074 -0.00267237728 0.0100000007
v 0.111996755 -0.006088141 0.0100000007
v 0.112746187 -0.009550157 0.0100000007
v 0.113854781 -0.0130089521 0.0100000007
v 0.115330525 -0.016409982 0.0100000007
v 0.117170379 -0.0196958967 0.0100000007
v 0.1311088 -0.0150861423 0.0100000007
v 0.119359419 -0.0228093676 0.0100000007
v 0.131079838 -0.014694347 0.0100000007
v 0.131122649 -0.014303823 0.0100000007
v 0.131244764 -0.0139057385 0.0100000007
v 0.131216779 -0.0154882986 0.0100000007
v 0.131451055 -0.0135242287 0.0100000007
v 0.131409436 -0.015876865 0.0100000007
v 0.131736353 -0.0131854415 0.0100000007
v 0.13208501 -0.012912306 0.0100000007
v 0.132473573 -0.0127196433 0.0100000007
v 0.132875726 -0.0126116769 0.0100000007
v 0.133267522 -0.0125827072 0.0100000007
v 0.137808383 -0.01031266 0.0100000007
v 0.133658051 -0.0126255155 0.0100000007
v 0.134056136 -0.0127476361 0.0100000007
v 0.13443765 -0.0129539194 0.0100000007
v 0.134776428 -0.0132392161 0.0100000007
v 0.135049567 -0.01358788 0.0100000007
v 0.135242224 -0.0139764464 0.0100000007
v 0.1353502 -0.0143786017 0.0100000007
v 0.135379165 -0.0147703951 0.0100000007
v 0.135336354 -0.015160921 0.0100000007
v 0.135173336 -0.02437704 0.0100000007
v 0.135202318 -0.0247688331 0.0100000007
v 0.1351595 -0.025159359 0.0100000007
v 0.135214239 -0.0155590065 0.0100000007
v 0.135065377 -0.02397488 0.0100000007
v 0.135007963 -0.0159405172 0.0100000007
v 0.1348727 -0.0235863179 0.0100000007
v 0.13472265 -0.0162793 0.0100000007
v 0.134599581 -0.0232376531 0.0100000007
v 0.134374 -0.0165524371 0.0100000007
v 0.134260789 -0.0229523554 0.0100000007
v 0.13398543 -0.0167451017 0.0100000007
v 0.133879274 -0.0227460749 0.0100000007
v 0.133583277 -0.0168530662 0.0100000007
v 0.1334812 -0.0226239488 0.0100000007
v 0.133191481 -0.0168820359 0.0100000007
v 0.133090675 -0.0225811452 0.0100000007
v 0.132698879 -0.02261011 0.0100000007
v 0.132800952 -0.0168392286 0.0100000007
v 0.132296726 -0.0227180813 0.0100000007
v 0.132402867 -0.016717108 0.0100000007
v 0.131908149 -0.0229107421 0.0100000007
v 0.132021368 -0.0165108237 0.0100000007
v 0.131559491 -0.0231838785 0.0100000007
v 0.131682575 -0.0162255261 0.0100000007
v 0.1312742 -0.0235226676 0.0100000007
v 0.121870875 -0.0256961547 0.0100000007
v 0.131067917 -0.0239041727 0.0100000007
v 0.130945787 -0.024302261 0.0100000007
v 0.124667041 -0.0283081327 0.0100000007
v 0.130902976 -0.024692785 0.0100000007
v 0.130931959 -0.02508458 0.0100000007
v 0.131039917 -0.0254867338 0.0100000007
v 0.127701148 -0.0306059159 0.0100000007
v 0.131232589 -0.0258752983 0.0100000007
v 0.131505728 -0.02622396 0.0100000007
v 0.1318445 -0.0265092626 0.0100000007
v 0.13222602 -0.0267155431 0.0100000007
v 0.130919933 -0.0325608253 0.0100000007
v 0.13262409 -0.0268376656 0.0100000007
v 0.133014619 -0.02688047 0.0100000007
v 0.133406416 -0.0268515032 0.0100000007
v 0.133808568 -0.026743535 0.0100000007
v 0.134197146 -0.026550876 0.0100000007
v 0.1345458 -0.026277734 0.0100000007
v 0.1348311 -0.02593895 0.0100000007
v 0.135037392 -0.0255574416 0.0100000007
v 0.1282456 0.000358132645 0.009750001
v 0.128672421 0.0103521477 0.009500001
v 0.128181338 0.0108609106 0.0100000007
v 0.127809942 -0.0101358052 0.0100000007
v 0.128318712 -0.009644726 0.009500001
v 0.1334261 0.010518102 0.009750001
v 0.138670862 0.0101752924 0.009500001
v 0.138179779 0.0106840562 0.0100000007
v 0.128181338 0.0108609106 0.0100000007
v 0.128672421 0.0103521477 0.009500001
v 0.138624281 0.0216779169 0.009750001
v 0.139068782 0.0326717719 0.009500001
v 0.1385777 0.0331805423 0.0100000007
v 0.138179779 0.0106840562 0.0100000007
v 0.138670862 0.0101752924 0.009500001
v 0.1378638 -0.0213153642 0.009750001
v 0.137410462 -0.0328091457 0.0100000007
v 0.137919217 -0.0323180631 0.009500001
v 0.138317153 -0.009821582 0.009500001
v 0.137808383 -0.01031266 0.0100000007
v 0.149071634 0.03274488 0.009750001
v 0.159065664 0.0323180631 0.009500001
v 0.159574419 0.0328091457 0.0100000007
v 0.1385777 0.0331805423 0.0100000007
v 0.139068782 0.0326717719 0.009500001
v 0.159121081 0.0213153642 0.009750001
v 0.158667728 0.009821582 0.009500001
v 0.1591765 0.01031266 0.0100000007
v 0.159574419 0.0328091457 0.0100000007
v 0.159065664 0.0323180631 0.009500001
v 0.163921326 0.009978693 0.009750001
v 0.168666169 0.009644726 0.009500001
v 0.169174939 0.0101358052 0.0100000007
v 0.1591765 0.01031266 0.0100000007
v 0.158667728 0.009821582 0.009500001
v 0.168739274 -0.000358132645 0.009750001
v 0.16831246 -0.0103521477 0.009500001
v 0.168803543 -0.0108609106 0.0100000007
v 0.169174939 0.0101358052 0.0100000007
v 0.168666169 0.009644726 0.009500001
v 0.163558781 -0.010518102 0.009750001
v 0.16831246 -0.0103521477 0.009500001
v 0.158314019 -0.0101752924 0.009500001
v 0.1588051 -0.0106840562 0.0100000007
v 0.168803543 -0.0108609106 0.0100000007
v 0.1583606 -0.0216779169 0.009750001
v 0.158314019 -0.0101752924 0.009500001
v 0.1579161 -0.0326717719 0.009500001
v 0.158407182 -0.0331805423 0.0100000007
v 0.1588051 -0.0106840562 0.0100000007
v 0.133063555 -0.009978693 0.009750001
v 0.138317153 -0.009821582 0.009500001
v 0.128318712 -0.009644726 0.009500001
v 0.127809942 -0.0101358052 0.0100000007
v 0.137808383 -0.01031266 0.0100000007
v 0.163666949 0.009733154 0.00875
v 0.168666169 0.009644726 0.008
v 0.168666169 0.009644726 0.009500001
v 0.158667728 0.009821582 0.009500001
v 0.158667728 0.009821582 0.008
v 0.16331324 -0.01026372 0.00875
v 0.158314019 -0.0101752924 0.008
v 0.158314019 -0.0101752924 0.009500001
v 0.16831246 -0.0103521477 0.009500001
v 0.16831246 -0.0103521477 0.008
v 0.16831246 -0.0103521477 0.008
v 0.164992034 -0.007093153 0.008
v 0.1648983 -0.00739866 0.008
v 0.16474 -0.00769144762 0.008
v 0.164521053 -0.007951446 0.008
v 0.164253473 -0.00816106051 0.008
v 0.163955271 -0.008308919 0.008
v 0.163646638 -0.008391777 0.008
v 0.165024877 -0.0067934473 0.008
v 0.163345963 -0.008414008 0.008
v 0.168436259 -0.0033532416 0.008
v 0.165002644 -0.00649276935 0.008
v 0.1649198 -0.006184138 0.008
v 0.158314019 -0.0101752924 0.008
v 0.163046256 -0.008381157 0.008
v 0.162740752 -0.008287436 0.008
v 0.164771929 -0.00588593725 0.008
v 0.162447959 -0.00812912453 0.008
v 0.164562315 -0.005618358 0.008
v 0.162187964 -0.007910177 0.008
v 0.164302319 -0.00539940828 0.008
v 0.161978349 -0.007642598 0.008
v 0.164009526 -0.005241097 0.008
v 0.163704023 -0.00514737656 0.008
v 0.163404316 -0.005114524 0.008
v 0.158437818 -0.00317638624 0.008
v 0.16310364 -0.00513675669 0.008
v 0.162795 -0.005219614 0.008
v 0.161830485 -0.00734439539 0.008
v 0.161747634 -0.007035765 0.008
v 0.1617254 -0.006735085 0.008
v 0.1624968 -0.0053674723 0.008
v 0.161758244 -0.00643538125 0.008
v 0.162229225 -0.00557708926 0.008
v 0.161851972 -0.00612987345 0.008
v 0.162010282 -0.00583708752 0.008
v 0.133317932 -0.009733154 0.00875
v 0.128318712 -0.009644726 0.008
v 0.128318712 -0.009644726 0.009500001
v 0.138317153 -0.009821582 0.009500001
v 0.138317153 -0.009821582 0.008
v 0.138317153 -0.009821582 0.008
v 0.134996727 -0.006562586 0.008
v 0.134903 -0.00686809467 0.008
v 0.134744689 -0.0071608806 0.008
v 0.134525746 -0.00742087839 0.008
v 0.134258166 -0.00763049442 0.008
v 0.133959964 -0.007778353 0.008
v 0.133651331 -0.007861211 0.008
v 0.135029569 -0.006262882 0.008
v 0.133350655 -0.007883443 0.008
v 0.138440952 -0.00282267551 0.008
v 0.135007337 -0.00596220233 0.008
v 0.134924486 -0.00565357273 0.008
v 0.128318712 -0.009644726 0.008
v 0.133050948 -0.007850591 0.008
v 0.132745445 -0.00775687024 0.008
v 0.134776622 -0.00535537 0.008
v 0.132452652 -0.00759855844 0.008
v 0.134567 -0.005087791 0.008
v 0.132192641 -0.00737960963 0.008
v 0.134307012 -0.004868842 0.008
v 0.131983042 -0.007112031 0.008
v 0.134014219 -0.004710531 0.008
v 0.133708715 -0.00461681047 0.008
v 0.133409008 -0.004583959 0.008
v 0.128442511 -0.00264582015 0.008
v 0.133108333 -0.0046061906 0.008
v 0.1327997 -0.004689048 0.008
v 0.131835178 -0.00681383 0.008
v 0.131752327 -0.006505198 0.008
v 0.13173008 -0.00620452 0.008
v 0.1325015 -0.004836906 0.008
v 0.131762937 -0.005904814 0.008
v 0.132233918 -0.00504652224 0.008
v 0.131856665 -0.00559930829 0.008
v 0.132014975 -0.0053065205 0.008
v 0.16854237 0.00264582015 0.008
v 0.165221944 0.005904814 0.008
v 0.165128216 0.00559930829 0.008
v 0.1649699 0.0053065205 0.008
v 0.164750963 0.00504652224 0.008
v 0.164483383 0.004836906 0.008
v 0.164185181 0.004689048 0.008
v 0.163876548 0.0046061906 0.008
v 0.1652548 0.00620452 0.008
v 0.163575873 0.004583959 0.008
v 0.168666169 0.009644726 0.008
v 0.165232554 0.006505198 0.008
v 0.1651497 0.00681383 0.008
v 0.158543929 0.00282267551 0.008
v 0.163276166 0.00461681047 0.008
v 0.162970662 0.004710531 0.008
v 0.165001839 0.007112031 0.008
v 0.162677869 0.004868842 0.008
v 0.16479224 0.00737960963 0.008
v 0.162417874 0.005087791 0.008
v 0.164532229 0.00759855844 0.008
v 0.162208259 0.00535537 0.008
v 0.164239436 0.00775687024 0.008
v 0.163933933 0.007850591 0.008
v 0.163634226 0.007883443 0.008
v 0.158667728 0.009821582 0.008
v 0.16333355 0.007861211 0.008
v 0.163024917 0.007778353 0.008
v 0.1620604 0.00565357273 0.008
v 0.161977544 0.00596220233 0.008
v 0.161955312 0.006262882 0.008
v 0.162726715 0.00763049442 0.008
v 0.161988154 0.006562586 0.008
v 0.162459135 0.00742087839 0.008
v 0.162081882 0.00686809467 0.008
v 0.162240192 0.0071608806 0.008
v 0.133671641 0.01026372 0.00875
v 0.138670862 0.0101752924 0.008
v 0.138670862 0.0101752924 0.009500001
v 0.128672421 0.0103521477 0.009500001
v 0.128672421 0.0103521477 0.008
v 0.138547063 0.00317638624 0.008
v 0.135226637 0.00643538125 0.008
v 0.135132909 0.00612987345 0.008
v 0.1349746 0.00583708752 0.008
v 0.134755656 0.00557708926 0.008
v 0.134488076 0.0053674723 0.008
v 0.134189874 0.005219614 0.008
v 0.133881241 0.00513675669 0.008
v 0.135259479 0.006735085 0.008
v 0.133580565 0.005114524 0.008
v 0.138670862 0.0101752924 0.008
v 0.135237247 0.007035765 0.008
v 0.1351544 0.00734439539 0.008
v 0.128548622 0.0033532416 0.008
v 0.133280858 0.00514737656 0.008
v 0.132975355 0.005241097 0.008
v 0.135006532 0.007642598 0.008
v 0.132682562 0.00539940828 0.008
v 0.134796917 0.007910177 0.008
v 0.132422566 0.005618358 0.008
v 0.134536922 0.00812912453 0.008
v 0.132212952 0.00588593725 0.008
v 0.134244129 0.008287436 0.008
v 0.133938625 0.008381157 0.008
v 0.133638918 0.008414008 0.008
v 0.128672421 0.0103521477 0.008
v 0.133338243 0.008391777 0.008
v 0.13302961 0.008308919 0.008
v 0.132065088 0.006184138 0.008
v 0.131982237 0.00649276935 0.008
v 0.13196 0.0067934473 0.008
v 0.132731408 0.00816106051 0.008
v 0.131992847 0.007093153 0.008
v 0.132463828 0.007951446 0.008
v 0.132086575 0.00739866 0.008
v 0.132244885 0.00769144762 0.008
v 0.133547843 0.00326481345 0.0065
v 0.128548622 0.0033532416 0.008
v 0.128548622 0.0033532416 0.00500000035
v 0.138547063 0.00317638624 0.00500000035
v 0.138547063 0.00317638624 0.008
v 0.137410462 -0.0328091457 0.0100000007
v 0.147913247 -0.03274488 0.009750001
v 0.137919217 -0.0323180631 0.009500001
v 0.158407182 -0.0331805423 0.0100000007
v 0.1579161 -0.0326717719 0.009500001
v 0.16854237 0.00264582015 0.008
v 0.16354315 0.00273424829 0.0065
v 0.16854237 0.00264582015 0.00500000035
v 0.158543929 0.00282267551 0.008
v 0.158543929 0.00282267551 0.00500000035
f 1 2 3
f 2 4 3
f 3 4 5
f 2 6 4
f 4 7 5
f 6 8 4
f 4 8 7
f 6 9 8
f 8 10 7
f 9 11 8
f 8 11 10
f 9 12 11
f 11 13 10
f 12 14 11
f 11 14 13
f 12 15 14
f 14 16 13
f 15 17 14
f 14 17 16
f 15 18 17
f 17 19 16
f 18 20 17
f 17 20 19
f 18 21 20
f 21 22 20
f 20 23 19
f 20 22 23
f 21 24 22
f 22 25 23
f 24 26 22
f 22 27 25
f 26 28 22
f 22 28 27
f 26 29 28
f 29 30 28
f 28 31 27
f 28 30 31
f 29 32 30
f 30 33 31
f 32 34 30
f 30 35 33
f 34 36 30
f 30 36 35
f 34 37 36
f 37 38 36
f 36 39 35
f 36 38 39
f 37 40 38
f 38 41 39
f 40 42 38
f 38 43 41
f 42 44 38
f 44 43 38
f 44 45 43
f 46 47 48
f 47 49 48
f 48 49 50
f 47 51 49
f 49 52 50
f 51 53 49
f 49 53 52
f 51 54 53
f 53 55 52
f 54 56 53
f 53 56 55
f 54 57 56
f 56 58 55
f 57 59 56
f 56 59 58
f 57 60 59
f 59 61 58
f 60 62 59
f 59 62 61
f 60 63 62
f 62 64 61
f 63 65 62
f 62 65 64
f 63 66 65
f 66 67 65
f 65 68 64
f 65 67 68
f 66 69 67
f 67 70 68
f 69 71 67
f 67 72 70
f 71 73 67
f 67 73 72
f 71 74 73
f 74 75 73
f 73 76 72
f 73 75 76
f 74 77 75
f 75 78 76
f 77 79 75
f 75 80 78
f 79 81 75
f 75 81 80
f 79 82 81
f 82 83 81
f 81 84 80
f 81 83 84
f 82 85 83
f 83 86 84
f 85 87 83
f 83 88 86
f 87 89 83
f 89 88 83
f 89 90 88
f 91 92 93
f 92 94 93
f 93 94 95
f 92 96 94
f 94 97 95
f 96 98 94
f 94 98 97
f 96 99 98
f 98 100 97
f 99 101 98
f 98 101 100
f 99 102 101
f 101 103 100
f 102 104 101
f 101 104 103
f 102 105 104
f 104 106 103
f 105 107 104
f 104 107 106
f 105 108 107
f 107 109 106
f 108 110 107
f 107 110 109
f 108 111 110
f 111 112 110
f 110 113 109
f 110 112 113
f 111 114 112
f 112 115 113
f 114 116 112
f 112 117 115
f 116 118 112
f 112 118 117
f 116 119 118
f 119 120 118
f 118 121 117
f 118 120 121
f 119 122 120
f 120 123 121
f 122 124 120
f 120 125 123
f 124 126 120
f 120 126 125
f 124 127 126
f 127 128 126
f 126 129 125
f 126 128 129
f 127 130 128
f 128 131 129
f 130 132 128
f 128 133 131
f 132 134 128
f 134 133 128
f 134 135 133
f 136 137 138
f 137 139 138
f 138 139 140
f 137 141 139
f 139 142 140
f 141 143 139
f 139 143 142
f 141 144 143
f 143 145 142
f 144 146 143
f 143 146 145
f 144 147 146
f 146 148 145
f 147 149 146
f 146 149 148
f 147 150 149
f 149 151 148
f 150 152 149
f 149 152 151
f 150 153 152
f 152 154 151
f 153 155 152
f 152 155 154
f 153 156 155
f 156 157 155
f 155 158 154
f 155 157 158
f 156 159 157
f 157 160 158
f 159 161 157
f 157 162 160
f 161 163 157
f 157 163 162
f 161 164 163
f 164 165 163
f 163 166 162
f 163 165 166
f 164 167 165
f 165 168 166
f 167 169 165
f 165 170 168
f 169 171 165
f 165 171 170
f 169 172 171
f 172 173 171
f 171 174 170
f 171 173 174
f 172 175 173
f 173 176 174
f 175 177 173
f 173 178 176
f 177 179 173
f 179 178 173
f 179 180 178
f 181 182 183
f 182 184 183
f 183 184 185
f 182 186 184
f 184 187 185
f 186 188 184
f 184 188 187
f 186 189 188
f 188 190 187
f 189 191 188
f 188 191 190
f 189 192 191
f 191 193 190
f 192 194 191
f 191 194 193
f 192 195 194
f 194 196 193
f 195 197 194
f 194 197 196
f 195 198 197
f 197 199 196
f 198 200 197
f 197 200 199
f 198 201 200
f 201 202 200
f 200 203 199
f 200 202 203
f 201 204 202
f 202 205 203
f 204 206 202
f 202 207 205
f 206 208 202
f 202 208 207
f 206 209 208
f 209 210 208
f 208 211 207
f 208 210 211
f 209 212 210
f 210 213 211
f 212 214 210
f 210 215 213
f 214 216 210
f 210 216 215
f 214 217 216
f 217 218 216
f 216 219 215
f 216 218 219
f 217 220 218
f 218 221 219
f 220 222 218
f 218 223 221
f 222 224 218
f 224 223 218
f 224 225 223
f 226 227 228
f 227 229 228
f 228 229 230
f 227 231 229
f 229 232 230
f 231 233 229
f 229 233 232
f 231 234 233
f 233 235 232
f 234 236 233
f 233 236 235
f 234 237 236
f 236 238 235
f 237 239 236
f 236 239 238
f 237 240 239
f 239 241 238
f 240 242 239
f 239 242 241
f 240 243 242
f 242 244 241
f 243 245 242
f 242 245 244
f 243 246 245
f 246 247 245
f 245 248 244
f 245 247 248
f 246 249 247
f 247 250 248
f 249 251 247
f 247 252 250
f 251 253 247
f 247 253 252
f 251 254 253
f 254 255 253
f 253 256 252
f 253 255 256
f 254 257 255
f 255 258 256
f 257 259 255
f 255 260 258
f 259 261 255
f 255 261 260
f 259 262 261
f 262 263 261
f 261 264 260
f 261 263 264
f 262 265 263
f 263 266 264
f 265 267 263
f 263 268 266
f 267 269 263
f 269 268 263
f 269 270 268
f 271 272 273
f 272 274 273
f 273 274 275
f 272 276 274
f 274 277 275
f 276 278 274
f 274 278 277
f 276 279 278
f 278 280 277
f 279 281 278
f 278 281 280
f 279 282 281
f 281 283 280
f 282 284 281
f 281 284 283
f 282 285 284
f 284 286 283
f 285 287 284
f 284 287 286
f 285 288 287
f 287 289 286
f 288 290 287
f 287 290 289
f 288 291 290
f 291 292 290
f 290 293 289
f 290 292 293
f 291 294 292
f 292 295 293
f 294 296 292
f 292 297 295
f 296 298 292
f 292 298 297
f 296 299 298
f 299 300 298
f 298 301 297
f 298 300 301
f 299 302 300
f 300 303 301
f 302 304 300
f 300 305 303
f 304 306 300
f 300 306 305
f 304 307 306
f 307 308 306
f 306 309 305
f 306 308 309
f 307 310 308
f 308 311 309
f 310 312 308
f 308 313 311
f 312 314 308
f 314 313 308
f 314 315 313
f 316 317 318
f 317 319 318
f 318 319 320
f 317 321 319
f 319 322 320
f 321 323 319
f 319 323 322
f 321 324 323
f 323 325 322
f 324 326 323
f 323 326 325
f 324 327 326
f 326 328 325
f 327 329 326
f 326 329 328
f 327 330 329
f 329 331 328
f 330 332 329
f 329 332 331
f 330 333 332
f 332 334 331
f 333 335 332
f 332 335 334
f 333 336 335
f 336 337 335
f 335 338 334
f 335 337 338
f 336 339 337
f 337 340 338
f 339 341 337
f 337 342 340
f 341 343 337
f 337 343 342
f 341 344 343
f 344 345 343
f 343 346 342
f 343 345 346
f 344 347 345
f 345 348 346
f 347 349 345
f 345 350 348
f 349 351 345
f 345 351 350
f 349 352 351
f 352 353 351
f 351 354 350
f 351 353 354
f 352 355 353
f 353 356 354
f 355 357 353
f 353 358 356
f 357 359 353
f 359 358 353
f 359 360 358
f 361 362 363
f 361 363 364
f 365 361 364
f 366 364 363
f 367 366 363
f 365 364 368
f 369 365 368
f 370 366 367
f 371 370 367
f 366 372 364
f 372 368 364
f 369 368 373
f 374 369 373
f 375 370 371
f 376 375 371
f 370 377 366
f 377 372 366
f 372 378 368
f 378 373 368
f 374 373 379
f 380 374 379
f 381 375 376
f 382 381 376
f 375 383 370
f 383 377 370
f 377 384 372
f 384 378 372
f 378 385 373
f 385 379 373
f 380 379 386
f 387 380 386
f 388 381 382
f 389 388 382
f 383 390 377
f 390 384 377
f 384 391 378
f 391 385 378
f 385 392 379
f 392 386 379
f 387 386 393
f 394 387 393
f 395 388 389
f 396 395 389
f 395 396 397
f 396 398 397
f 395 397 399
f 400 395 399
f 395 400 388
f 400 399 401
f 400 402 388
f 388 402 381
f 403 400 401
f 400 403 402
f 403 401 404
f 402 405 381
f 381 405 375
f 405 383 375
f 406 403 404
f 406 404 407
f 403 408 402
f 402 408 405
f 403 406 408
f 405 409 383
f 408 409 405
f 409 390 383
f 410 406 407
f 410 407 411
f 406 412 408
f 408 412 409
f 406 410 412
f 409 413 390
f 412 413 409
f 414 410 411
f 414 411 415
f 410 416 412
f 412 416 413
f 410 414 416
f 413 417 390
f 390 417 384
f 417 391 384
f 418 414 415
f 418 415 419
f 418 419 420
f 414 421 416
f 414 418 421
f 416 422 413
f 413 422 417
f 416 421 422
f 417 423 391
f 422 423 417
f 424 418 420
f 424 420 425
f 418 426 421
f 418 424 426
f 421 427 422
f 422 427 423
f 421 426 427
f 423 428 391
f 391 428 385
f 428 392 385
f 429 424 425
f 429 425 430
f 424 431 426
f 424 429 431
f 426 432 427
f 426 431 432
f 427 433 423
f 423 433 428
f 427 432 433
f 428 434 392
f 433 434 428
f 435 429 430
f 435 430 436
f 429 437 431
f 429 435 437
f 431 438 432
f 431 437 438
f 432 439 433
f 433 439 434
f 432 438 439
f 434 440 392
f 392 440 386
f 440 393 386
f 441 435 436
f 441 436 442
f 435 443 437
f 435 441 443
f 437 444 438
f 437 443 444
f 438 445 439
f 438 444 445
f 439 446 434
f 434 446 440
f 439 445 446
f 440 447 393
f 446 447 440
f 448 441 442
f 448 442 449
f 441 450 443
f 441 448 450
f 443 451 444
f 443 450 451
f 444 452 445
f 444 451 452
f 445 453 446
f 446 453 447
f 445 452 453
f 447 454 393
f 394 393 454
f 455 394 454
f 456 455 454
f 453 457 447
f 447 457 454
f 456 454 458
f 457 458 454
f 459 456 458
f 452 460 453
f 453 460 457
f 451 461 452
f 452 461 460
f 459 458 462
f 463 459 462
f 457 464 458
f 460 464 457
f 464 462 458
f 463 462 465
f 466 463 465
f 460 467 464
f 461 467 460
f 464 468 462
f 468 465 462
f 467 468 464
f 451 469 461
f 450 469 451
f 466 465 470
f 471 466 470
f 472 471 470
f 461 473 467
f 469 473 461
f 467 474 468
f 473 474 467
f 468 475 465
f 475 470 465
f 474 475 468
f 450 476 469
f 448 476 450
f 472 470 477
f 478 472 477
f 469 479 473
f 476 479 469
f 473 480 474
f 479 480 473
f 474 481 475
f 480 481 474
f 475 482 470
f 482 477 470
f 481 482 475
f 448 483 476
f 483 448 449
f 483 449 484
f 476 485 479
f 483 485 476
f 486 483 484
f 483 486 485
f 486 484 487
f 486 487 488
f 485 489 479
f 479 489 480
f 480 490 481
f 489 490 480
f 481 491 482
f 490 491 481
f 492 486 488
f 492 488 493
f 486 494 485
f 485 494 489
f 486 492 494
f 489 495 490
f 494 495 489
f 496 492 493
f 496 493 497
f 492 498 494
f 494 498 495
f 492 496 498
f 495 499 490
f 490 499 491
f 491 500 482
f 482 500 477
f 501 496 497
f 501 497 502
f 496 503 498
f 496 501 503
f 498 504 495
f 495 504 499
f 498 503 504
f 499 505 491
f 491 505 500
f 506 477 500
f 478 477 506
f 507 478 506
f 504 508 499
f 499 508 505
f 503 509 504
f 504 509 508
f 501 510 503
f 503 510 509
f 511 500 505
f 511 506 500
f 507 506 512
f 512 506 511
f 513 507 512
f 514 513 512
f 515 505 508
f 515 511 505
f 516 508 509
f 516 515 508
f 514 512 517
f 518 514 517
f 519 512 511
f 519 511 515
f 517 512 519
f 518 517 520
f 521 518 520
f 522 519 515
f 522 515 516
f 523 517 519
f 520 517 523
f 523 519 522
f 524 516 509
f 524 509 510
f 521 520 525
f 526 521 525
f 527 520 523
f 525 520 527
f 528 523 522
f 527 523 528
f 529 522 516
f 529 516 524
f 528 522 529
f 530 524 510
f 531 529 524
f 531 524 530
f 532 528 529
f 532 529 531
f 533 527 528
f 533 528 532
f 534 525 527
f 534 527 533
f 530 510 535
f 501 535 510
f 535 501 502
f 536 535 502
f 536 530 535
f 537 536 502
f 538 531 530
f 538 530 536
f 539 536 537
f 539 538 536
f 540 539 537
f 541 532 531
f 541 531 538
f 542 533 532
f 542 532 541
f 543 539 540
f 544 543 540
f 545 538 539
f 545 541 538
f 543 545 539
f 546 543 544
f 547 546 544
f 548 541 545
f 548 542 541
f 549 545 543
f 546 549 543
f 549 548 545
f 550 533 542
f 550 534 533
f 551 546 547
f 552 551 547
f 553 549 546
f 551 553 546
f 554 548 549
f 553 554 549
f 555 542 548
f 555 550 542
f 554 555 548
f 556 551 552
f 557 556 552
f 558 553 551
f 556 558 551
f 559 554 553
f 558 559 553
f 560 555 554
f 559 560 554
f 561 550 555
f 560 561 555
f 561 562 550
f 562 534 550
f 562 563 534
f 563 525 534
f 526 525 563
f 564 526 563
f 564 563 562
f 526 564 565
f 566 562 561
f 566 564 562
f 564 567 565
f 564 566 567
f 565 567 568
f 569 561 560
f 569 566 561
f 566 570 567
f 566 569 570
f 567 571 568
f 567 570 571
f 568 571 572
f 573 569 560
f 573 560 559
f 569 574 570
f 569 573 574
f 570 575 571
f 570 574 575
f 571 576 572
f 571 575 576
f 572 576 577
f 578 573 559
f 578 559 558
f 573 579 574
f 573 578 579
f 574 580 575
f 574 579 580
f 575 581 576
f 575 580 581
f 576 582 577
f 576 581 582
f 577 582 583
f 584 578 558
f 584 558 556
f 578 585 579
f 578 584 585
f 579 586 580
f 579 585 586
f 580 587 581
f 580 586 587
f 581 588 582
f 581 587 588
f 582 589 583
f 582 588 589
f 583 589 590
f 591 584 556
f 591 556 557
f 584 592 585
f 584 591 592
f 593 591 557
f 591 593 592
f 593 557 594
f 585 595 586
f 585 592 595
f 586 596 587
f 586 595 596
f 587 597 588
f 587 596 597
f 588 598 589
f 588 597 598
f 599 593 594
f 599 594 600
f 592 593 601
f 592 601 595
f 593 599 601
f 595 602 596
f 595 601 602
f 596 603 597
f 596 602 603
f 604 599 600
f 604 600 605
f 601 599 606
f 601 606 602
f 599 604 606
f 607 604 605
f 607 605 608
f 602 606 609
f 602 609 603
f 606 604 610
f 604 607 610
f 606 610 609
f 597 603 611
f 597 611 598
f 612 607 608
f 612 608 613
f 610 607 614
f 607 612 614
f 603 609 615
f 603 615 611
f 609 610 616
f 610 614 616
f 609 616 615
f 617 612 613
f 617 613 618
f 614 612 619
f 612 617 619
f 616 614 620
f 614 619 620
f 615 616 621
f 616 620 621
f 611 615 622
f 615 621 622
f 617 618 623
f 618 624 623
f 617 625 619
f 625 617 623
f 619 626 620
f 625 626 619
f 620 627 621
f 626 627 620
f 624 628 623
f 624 629 628
f 625 623 630
f 623 628 630
f 625 631 626
f 631 625 630
f 629 632 628
f 629 633 632
f 628 634 630
f 628 632 634
f 633 635 632
f 633 636 635
f 627 637 621
f 621 637 622
f 626 638 627
f 631 638 626
f 631 630 639
f 630 634 639
f 632 640 634
f 632 635 640
f 636 641 635
f 636 642 641
f 627 643 637
f 638 643 627
f 631 644 638
f 644 631 639
f 634 645 639
f 634 640 645
f 635 646 640
f 635 641 646
f 642 647 641
f 642 648 647
f 638 649 643
f 644 649 638
f 644 639 650
f 639 645 650
f 640 651 645
f 640 646 651
f 641 652 646
f 641 647 652
f 648 653 647
f 648 654 653
f 644 655 649
f 655 644 650
f 645 656 650
f 645 651 656
f 646 657 651
f 646 652 657
f 647 658 652
f 647 653 658
f 654 659 653
f 654 660 659
f 660 661 659
f 655 650 662
f 650 656 662
f 651 663 656
f 651 657 663
f 652 664 657
f 652 658 664
f 653 665 658
f 653 659 665
f 661 666 659
f 661 667 666
f 656 668 662
f 656 663 668
f 657 669 663
f 657 664 669
f 658 670 664
f 658 665 670
f 659 671 665
f 659 666 671
f 667 672 666
f 667 673 672
f 663 674 668
f 663 669 674
f 664 675 669
f 664 670 675
f 665 676 670
f 665 671 676
f 666 677 671
f 666 672 677
f 673 678 672
f 673 679 678
f 669 680 674
f 669 675 680
f 670 681 675
f 670 676 681
f 671 682 676
f 671 677 682
f 672 683 677
f 672 678 683
f 679 684 678
f 679 685 684
f 675 686 680
f 675 681 686
f 676 687 681
f 676 682 687
f 677 688 682
f 677 683 688
f 678 689 683
f 678 684 689
f 685 690 684
f 685 691 690
f 681 692 686
f 681 687 692
f 682 693 687
f 682 688 693
f 683 694 688
f 683 689 694
f 684 695 689
f 684 690 695
f 691 696 690
f 691 697 696
f 687 698 692
f 687 693 698
f 688 699 693
f 688 694 699
f 689 700 694
f 689 695 700
f 690 701 695
f 690 696 701
f 697 702 696
f 697 703 702
f 703 704 702
f 693 705 698
f 693 699 705
f 694 706 699
f 694 700 706
f 695 707 700
f 695 701 707
f 696 708 701
f 696 702 708
f 704 709 702
f 704 710 709
f 699 711 705
f 699 706 711
f 700 712 706
f 700 707 712
f 701 713 707
f 701 708 713
f 702 714 708
f 702 709 714
f 710 715 709
f 710 716 715
f 706 717 711
f 706 712 717
f 707 718 712
f 707 713 718
f 708 719 713
f 708 714 719
f 709 720 714
f 709 715 720
f 716 721 715
f 716 722 721
f 712 723 717
f 712 718 723
f 713 724 718
f 713 719 724
f 714 725 719
f 714 720 725
f 715 726 720
f 715 721 726
f 718 727 723
f 718 724 727
f 719 728 724
f 719 725 728
f 720 729 725
f 720 726 729
f 724 730 727
f 724 728 730
f 725 731 728
f 725 729 731
f 728 732 730
f 728 731 732
f 721 733 726
f 726 734 729
f 726 733 734
f 729 735 731
f 729 734 735
f 731 736 732
f 731 735 736
f 721 737 733
f 722 737 721
f 722 738 737
f 738 722 739
f 737 740 733
f 738 740 737
f 733 741 734
f 733 740 741
f 734 742 735
f 734 741 742
f 743 738 739
f 743 739 744
f 738 745 740
f 745 738 743
f 740 746 741
f 745 746 740
f 747 743 744
f 747 744 748
f 745 743 749
f 749 743 747
f 750 747 748
f 750 748 751
f 735 742 752
f 735 752 736
f 741 753 742
f 741 746 753
f 745 754 746
f 754 745 749
f 749 747 755
f 755 747 750
f 756 750 751
f 756 751 757
f 742 758 752
f 742 753 758
f 746 759 753
f 754 759 746
f 754 749 760
f 760 749 755
f 755 750 761
f 761 750 756
f 762 756 757
f 762 757 763
f 753 764 758
f 753 759 764
f 754 765 759
f 765 754 760
f 760 755 766
f 766 755 761
f 761 756 767
f 762 767 756
f 759 768 764
f 765 768 759
f 765 760 769
f 769 760 766
f 766 761 770
f 770 761 767
f 765 771 768
f 771 765 769
f 769 766 772
f 772 766 770
f 771 769 773
f 773 769 772
f 762 774 767
f 770 767 775
f 774 775 767
f 772 770 776
f 776 770 775
f 773 772 777
f 777 772 776
f 778 774 762
f 778 762 763
f 779 778 763
f 780 779 763
f 781 774 778
f 779 781 778
f 782 775 774
f 781 782 774
f 783 776 775
f 782 783 775
f 784 779 780
f 785 784 780
f 786 781 779
f 784 786 779
f 787 782 781
f 786 787 781
f 788 784 785
f 789 788 785
f 790 786 784
f 788 790 784
f 791 788 789
f 792 791 789
f 783 793 776
f 793 777 776
f 794 783 782
f 787 794 782
f 795 787 786
f 790 795 786
f 796 790 788
f 791 796 788
f 797 791 792
f 798 797 792
f 799 793 783
f 794 799 783
f 800 794 787
f 795 800 787
f 801 795 790
f 796 801 790
f 802 796 791
f 797 802 791
f 803 797 798
f 804 803 798
f 803 804 805
f 803 806 797
f 806 802 797
f 803 805 807
f 806 803 807
f 807 805 808
f 802 809 796
f 809 801 796
f 801 810 795
f 810 800 795
f 806 811 802
f 811 809 802
f 806 807 812
f 811 806 812
f 807 808 813
f 812 807 813
f 813 808 814
f 809 815 801
f 815 810 801
f 811 816 809
f 816 815 809
f 811 812 817
f 816 811 817
f 812 813 818
f 817 812 818
f 813 814 819
f 818 813 819
f 819 814 820
f 819 820 821
f 821 820 822
f 818 819 823
f 823 819 821
f 817 818 824
f 824 818 823
f 816 817 825
f 825 817 824
f 816 826 815
f 826 816 825
f 821 822 827
f 827 822 828
f 823 821 829
f 829 821 827
f 824 823 830
f 830 823 829
f 825 824 831
f 831 824 830
f 827 828 832
f 832 828 833
f 832 833 834
f 835 832 834
f 836 827 832
f 836 832 835
f 829 827 836
f 837 836 835
f 838 829 836
f 838 836 837
f 830 829 838
f 839 838 837
f 840 830 838
f 840 838 839
f 831 830 840
f 841 840 839
f 842 840 841
f 842 831 840
f 843 842 841
f 844 831 842
f 844 825 831
f 826 825 844
f 845 842 843
f 845 844 842
f 846 845 843
f 847 826 844
f 847 844 845
f 848 845 846
f 848 847 845
f 826 847 849
f 826 849 815
f 815 849 810
f 850 848 846
f 850 846 851
f 847 848 852
f 847 852 849
f 848 850 852
f 849 853 810
f 849 852 853
f 810 853 800
f 854 850 851
f 854 851 855
f 852 850 856
f 852 856 853
f 850 854 856
f 853 857 800
f 853 856 857
f 800 857 794
f 857 799 794
f 856 858 857
f 856 854 858
f 857 858 799
f 859 854 855
f 854 859 858
f 859 855 860
f 858 861 799
f 858 859 861
f 799 861 793
f 862 859 860
f 859 862 861
f 862 860 863
f 861 864 793
f 861 862 864
f 793 864 777
f 865 862 863
f 862 865 864
f 865 863 866
f 864 867 777
f 864 865 867
f 867 773 777
f 868 865 866
f 865 868 867
f 868 866 869
f 870 773 867
f 868 870 867
f 870 771 773
f 868 869 871
f 870 868 871
f 771 870 872
f 870 871 872
f 771 872 768
f 873 871 869
f 872 871 873
f 873 869 874
f 768 872 875
f 875 872 873
f 764 768 875
f 876 873 874
f 875 873 876
f 876 874 877
f 764 875 878
f 878 875 876
f 758 764 878
f 879 876 877
f 878 876 879
f 879 877 880
f 758 878 881
f 881 878 879
f 752 758 881
f 882 879 880
f 881 879 882
f 882 880 883
f 882 883 884
f 752 881 885
f 885 881 882
f 736 752 885
f 886 882 884
f 885 882 886
f 886 884 887
f 736 885 888
f 888 885 886
f 732 736 888
f 889 886 887
f 888 886 889
f 889 887 890
f 732 888 891
f 891 888 889
f 730 732 891
f 892 889 890
f 891 889 892
f 892 890 893
f 892 893 894
f 730 891 895
f 895 891 892
f 727 730 895
f 896 892 894
f 895 892 896
f 896 894 897
f 727 895 898
f 898 895 896
f 723 727 898
f 899 896 897
f 898 896 899
f 899 897 900
f 723 898 901
f 901 898 899
f 717 723 901
f 902 899 900
f 901 899 902
f 902 900 903
f 717 901 904
f 904 901 902
f 711 717 904
f 905 902 903
f 904 902 905
f 905 903 906
f 907 905 906
f 711 904 908
f 908 904 905
f 705 711 908
f 909 905 907
f 908 905 909
f 910 909 907
f 705 908 911
f 911 908 909
f 698 705 911
f 912 909 910
f 911 909 912
f 913 912 910
f 698 911 914
f 914 911 912
f 692 698 914
f 915 912 913
f 914 912 915
f 916 915 913
f 692 914 917
f 917 914 915
f 686 692 917
f 918 915 916
f 917 915 918
f 919 918 916
f 686 917 920
f 920 917 918
f 680 686 920
f 921 918 919
f 920 918 921
f 922 921 919
f 680 920 923
f 923 920 921
f 674 680 923
f 924 921 922
f 923 921 924
f 925 924 922
f 674 923 926
f 926 923 924
f 668 674 926
f 927 924 925
f 926 924 927
f 928 927 925
f 668 926 929
f 929 926 927
f 662 668 929
f 930 927 928
f 930 929 927
f 931 930 928
f 932 662 929
f 930 932 929
f 932 655 662
f 933 930 931
f 932 930 933
f 933 931 934
f 655 932 935
f 932 933 935
f 655 935 649
f 936 933 934
f 935 933 936
f 936 934 937
f 649 935 938
f 935 936 938
f 649 938 643
f 939 936 937
f 938 936 939
f 939 937 940
f 643 938 941
f 938 939 941
f 643 941 637
f 942 939 940
f 941 939 942
f 942 940 943
f 637 941 944
f 941 942 944
f 637 944 622
f 945 942 943
f 945 944 942
f 945 943 590
f 946 622 944
f 945 946 944
f 611 622 946
f 598 611 946
f 947 945 590
f 947 946 945
f 598 946 947
f 589 947 590
f 589 598 947
f 948 949 950
f 949 951 950
f 949 952 951
f 952 953 951
f 949 954 952
f 954 949 955
f 952 954 956
f 954 955 956
f 957 958 959
f 958 960 959
f 958 961 960
f 959 960 962
f 960 963 962
f 961 964 960
f 960 965 963
f 964 966 960
f 960 966 965
f 964 967 966
f 967 968 966
f 966 969 965
f 966 968 969
f 967 970 968
f 968 971 969
f 970 972 968
f 968 973 971
f 972 974 968
f 968 974 973
f 972 975 974
f 975 976 974
f 974 977 973
f 974 976 977
f 975 978 976
f 976 979 977
f 978 980 976
f 976 981 979
f 980 982 976
f 976 982 981
f 980 983 982
f 982 984 981
f 983 985 982
f 982 985 984
f 983 986 985
f 985 987 984
f 986 988 985
f 985 988 987
f 986 989 988
f 988 990 987
f 989 991 988
f 988 991 990
f 989 992 991
f 991 993 990
f 992 994 991
f 991 994 993
f 992 995 994
f 994 996 993
f 995 997 994
f 994 997 996
f 995 998 997
f 997 999 996
f 998 1000 997
f 1000 999 997
f 1000 1001 999
f 1002 1003 1004
f 1003 1005 1004
f 1003 1006 1005
f 1004 1005 1007
f 1005 1008 1007
f 1006 1009 1005
f 1005 1010 1008
f 1009 1011 1005
f 1005 1011 1010
f 1009 1012 1011
f 1012 1013 1011
f 1011 1014 1010
f 1011 1013 1014
f 1012 1015 1013
f 1013 1016 1014
f 1015 1017 1013
f 1013 1018 1016
f 1017 1019 1013
f 1013 1019 1018
f 1017 1020 1019
f 1020 1021 1019
f 1019 1022 1018
f 1019 1021 1022
f 1020 1023 1021
f 1021 1024 1022
f 1023 1025 1021
f 1021 1026 1024
f 1025 1027 1021
f 1021 1027 1026
f 1025 1028 1027
f 1027 1029 1026
f 1028 1030 1027
f 1027 1030 1029
f 1028 1031 1030
f 1030 1032 1029
f 1031 1033 1030
f 1030 1033 1032
f 1031 1034 1033
f 1033 1035 1032
f 1034 1036 1033
f 1033 1036 1035
f 1034 1037 1036
f 1036 1038 1035
f 1037 1039 1036
f 1036 1039 1038
f 1037 1040 1039
f 1039 1041 1038
f 1040 1042 1039
f 1039 1042 1041
f 1040 1043 1042
f 1042 1044 1041
f 1043 1045 1042
f 1045 1044 1042
f 1045 1046 1044
f 1047 1048 1049
f 1048 1050 1049
f 1048 1051 1050
f 1049 1050 1052
f 1050 1053 1052
f 1051 1054 1050
f 1050 1055 1053
f 1054 1056 1050
f 1050 1056 1055
f 1054 1057 1056
f 1057 1058 1056
f 1056 1059 1055
f 1056 1058 1059
f 1057 1060 1058
f 1058 1061 1059
f 1060 1062 1058
f 1058 1063 1061
f 1062 1064 1058
f 1058 1064 1063
f 1062 1065 1064
f 1065 1066 1064
f 1064 1067 1063
f 1064 1066 1067
f 1065 1068 1066
f 1066 1069 1067
f 1068 1070 1066
f 1066 1071 1069
f 1070 1072 1066
f 1066 1072 1071
f 1070 1073 1072
f 1072 1074 1071
f 1073 1075 1072
f 1072 1075 1074
f 1073 1076 1075
f 1075 1077 1074
f 1076 1078 1075
f 1075 1078 1077
f 1076 1079 1078
f 1078 1080 1077
f 1079 1081 1078
f 1078 1081 1080
f 1079 1082 1081
f 1081 1083 1080
f 1082 1084 1081
f 1081 1084 1083
f 1082 1085 1084
f 1084 1086 1083
f 1085 1087 1084
f 1084 1087 1086
f 1085 1088 1087
f 1087 1089 1086
f 1088 1090 1087
f 1090 1089 1087
f 1090 1091 1089
f 1092 1093 1094
f 1093 1095 1094
f 1093 1096 1095
f 1094 1095 1097
f 1095 1098 1097
f 1096 1099 1095
f 1095 1100 1098
f 1099 1101 1095
f 1095 1101 1100
f 1099 1102 1101
f 1102 1103 1101
f 1101 1104 1100
f 1101 1103 1104
f 1102 1105 1103
f 1103 1106 1104
f 1105 1107 1103
f 1103 1108 1106
f 1107 1109 1103
f 1103 1109 1108
f 1107 1110 1109
f 1110 1111 1109
f 1109 1112 1108
f 1109 1111 1112
f 1110 1113 1111
f 1111 1114 1112
f 1113 1115 1111
f 1111 1116 1114
f 1115 1117 1111
f 1111 1117 1116
f 1115 1118 1117
f 1117 1119 1116
f 1118 1120 1117
f 1117 1120 1119
f 1118 1121 1120
f 1120 1122 1119
f 1121 1123 1120
f 1120 1123 1122
f 1121 1124 1123
f 1123 1125 1122
f 1124 1126 1123
f 1123 1126 1125
f 1124 1127 1126
f 1126 1128 1125
f 1127 1129 1126
f 1126 1129 1128
f 1127 1130 1129
f 1129 1131 1128
f 1130 1132 1129
f 1129 1132 1131
f 1130 1133 1132
f 1132 1134 1131
f 1133 1135 1132
f 1135 1134 1132
f 1135 1136 1134
f 1137 1138 1139
f 1138 1140 1139
f 1138 1141 1140
f 1139 1140 1142
f 1140 1143 1142
f 1141 1144 1140
f 1140 1145 1143
f 1144 1146 1140
f 1140 1146 1145
f 1144 1147 1146
f 1147 1148 1146
f 1146 1149 1145
f 1146 1148 1149
f 1147 1150 1148
f 1148 1151 1149
f 1150 1152 1148
f 1148 1153 1151
f 1152 1154 1148
f 1148 1154 1153
f 1152 1155 1154
f 1155 1156 1154
f 1154 1157 1153
f 1154 1156 1157
f 1155 1158 1156
f 1156 1159 1157
f 1158 1160 1156
f 1156 1161 1159
f 1160 1162 1156
f 1156 1162 1161
f 1160 1163 1162
f 1162 1164 1161
f 1163 1165 1162
f 1162 1165 1164
f 1163 1166 1165
f 1165 1167 1164
f 1166 1168 1165
f 1165 1168 1167
f 1166 1169 1168
f 1168 1170 1167
f 1169 1171 1168
f 1168 1171 1170
f 1169 1172 1171
f 1171 1173 1170
f 1172 1174 1171
f 1171 1174 1173
f 1172 1175 1174
f 1174 1176 1173
f 1175 1177 1174
f 1174 1177 1176
f 1175 1178 1177
f 1177 1179 1176
f 1178 1180 1177
f 1180 1179 1177
f 1180 1181 1179
f 1182 1183 1184
f 1183 1185 1184
f 1183 1186 1185
f 1184 1185 1187
f 1185 1188 1187
f 1186 1189 1185
f 1185 1190 1188
f 1189 1191 1185
f 1185 1191 1190
f 1189 1192 1191
f 1192 1193 1191
f 1191 1194 1190
f 1191 1193 1194
f 1192 1195 1193
f 1193 1196 1194
f 1195 1197 1193
f 1193 1198 1196
f 1197 1199 1193
f 1193 1199 1198
f 1197 1200 1199
f 1200 1201 1199
f 1199 1202 1198
f 1199 1201 1202
f 1200 1203 1201
f 1201 1204 1202
f 1203 1205 1201
f 1201 1206 1204
f 1205 1207 1201
f 1201 1207 1206
f 1205 1208 1207
f 1207 1209 1206
f 1208 1210 1207
f 1207 1210 1209
f 1208 1211 1210
f 1210 1212 1209
f 1211 1213 1210
f 1210 1213 1212
f 1211 1214 1213
f 1213 1215 1212
f 1214 1216 1213
f 1213 1216 1215
f 1214 1217 1216
f 1216 1218 1215
f 1217 1219 1216
f 1216 1219 1218
f 1217 1220 1219
f 1219 1221 1218
f 1220 1222 1219
f 1219 1222 1221
f 1220 1223 1222
f 1222 1224 1221
f 1223 1225 1222
f 1225 1224 1222
f 1225 1226 1224
f 1227 1228 1229
f 1228 1230 1229
f 1228 1231 1230
f 1229 1230 1232
f 1230 1233 1232
f 1231 1234 1230
f 1230 1235 1233
f 1234 1236 1230
f 1230 1236 1235
f 1234 1237 1236
f 1237 1238 1236
f 1236 1239 1235
f 1236 1238 1239
f 1237 1240 1238
f 1238 1241 1239
f 1240 1242 1238
f 1238 1243 1241
f 1242 1244 1238
f 1238 1244 1243
f 1242 1245 1244
f 1245 1246 1244
f 1244 1247 1243
f 1244 1246 1247
f 1245 1248 1246
f 1246 1249 1247
f 1248 1250 1246
f 1246 1251 1249
f 1250 1252 1246
f 1246 1252 1251
f 1250 1253 1252
f 1252 1254 1251
f 1253 1255 1252
f 1252 1255 1254
f 1253 1256 1255
f 1255 1257 1254
f 1256 1258 1255
f 1255 1258 1257
f 1256 1259 1258
f 1258 1260 1257
f 1259 1261 1258
f 1258 1261 1260
f 1259 1262 1261
f 1261 1263 1260
f 1262 1264 1261
f 1261 1264 1263
f 1262 1265 1264
f 1264 1266 1263
f 1265 1267 1264
f 1264 1267 1266
f 1265 1268 1267
f 1267 1269 1266
f 1268 1270 1267
f 1270 1269 1267
f 1270 1271 1269
f 1272 1273 1274
f 1273 1275 1274
f 1273 1276 1275
f 1274 1275 1277
f 1275 1278 1277
f 1276 1279 1275
f 1275 1280 1278
f 1279 1281 1275
f 1275 1281 1280
f 1279 1282 1281
f 1282 1283 1281
f 1281 1284 1280
f 1281 1283 1284
f 1282 1285 1283
f 1283 1286 1284
f 1285 1287 1283
f 1283 1288 1286
f 1287 1289 1283
f 1283 1289 1288
f 1287 1290 1289
f 1290 1291 1289
f 1289 1292 1288
f 1289 1291 1292
f 1290 1293 1291
f 1291 1294 1292
f 1293 1295 1291
f 1291 1296 1294
f 1295 1297 1291
f 1291 1297 1296
f 1295 1298 1297
f 1297 1299 1296
f 1298 1300 1297
f 1297 1300 1299
f 1298 1301 1300
f 1300 1302 1299
f 1301 1303 1300
f 1300 1303 1302
f 1301 1304 1303
f 1303 1305 1302
f 1304 1306 1303
f 1303 1306 1305
f 1304 1307 1306
f 1306 1308 1305
f 1307 1309 1306
f 1306 1309 1308
f 1307 1310 1309
f 1309 1311 1308
f 1310 1312 1309
f 1309 1312 1311
f 1310 1313 1312
f 1312 1314 1311
f 1313 1315 1312
f 1315 1314 1312
f 1315 1316 1314
f 1317 1318 1319
f 1320 1317 1319
f 1317 1320 1321
f 1320 1319 1322
f 1320 1323 1321
f 1324 1320 1322
f 1320 1324 1323
f 1324 1322 1325
f 1324 1326 1323
f 1327 1324 1325
f 1324 1327 1326
f 1327 1325 1328
f 1327 1329 1326
f 1330 1327 1328
f 1327 1330 1329
f 1330 1328 1331
f 1330 1332 1329
f 1333 1330 1331
f 1330 1333 1332
f 1333 1331 1334
f 1333 1335 1332
f 1336 1333 1334
f 1333 1336 1335
f 1336 1334 1337
f 1338 1336 1337
f 1336 1339 1335
f 1336 1338 1339
f 1338 1337 1340
f 1338 1341 1339
f 1338 1340 1342
f 1338 1343 1341
f 1344 1338 1342
f 1338 1344 1343
f 1344 1342 1345
f 1344 1346 1343
f 1347 1344 1345
f 1344 1347 1346
f 1347 1345 1348
f 1347 1349 1346
f 1350 1347 1348
f 1347 1350 1349
f 1350 1348 1351
f 1350 1352 1349
f 1353 1350 1351
f 1350 1353 1352
f 1353 1351 1354
f 1353 1355 1352
f 1356 1353 1354
f 1353 1356 1355
f 1356 1354 1357
f 1356 1358 1355
f 1359 1356 1357
f 1356 1359 1358
f 1359 1357 1360
f 1361 1359 1360
f 1359 1362 1358
f 1359 1361 1362
f 1361 1360 1363
f 1361 1364 1362
f 1361 1363 1365
f 1361 1366 1364
f 1367 1361 1365
f 1361 1367 1366
f 1367 1365 1368
f 1367 1369 1366
f 1370 1367 1368
f 1367 1370 1369
f 1370 1368 1371
f 1370 1372 1369
f 1373 1370 1371
f 1370 1373 1372
f 1373 1371 1374
f 1373 1375 1372
f 1373 1374 1376
f 1375 1373 1376
f 1377 1376 1374
f 1375 1376 1377
f 1378 1377 1374
f 1379 1375 1377
f 1380 1377 1378
f 1379 1377 1380
f 1381 1380 1378
f 1382 1379 1380
f 1383 1380 1381
f 1382 1380 1383
f 1384 1383 1381
f 1385 1382 1383
f 1386 1383 1384
f 1385 1383 1386
f 1387 1386 1384
f 1388 1385 1386
f 1389 1386 1387
f 1388 1386 1389
f 1390 1389 1387
f 1391 1388 1389
f 1392 1389 1390
f 1391 1389 1392
f 1393 1392 1390
f 1394 1391 1392
f 1395 1392 1393
f 1395 1394 1392
f 1396 1395 1393
f 1395 1396 1394
f 1396 1393 1397
f 1396 1398 1394
f 1399 1396 1397
f 1396 1399 1398
f 1399 1397 1400
f 1399 1401 1398
f 1402 1399 1400
f 1399 1402 1401
f 1402 1400 1403
f 1402 1404 1401
f 1405 1402 1403
f 1402 1405 1404
f 1405 1403 1406
f 1405 1407 1404
f 1408 1405 1406
f 1405 1408 1407
f 1408 1406 1409
f 1408 1410 1407
f 1411 1408 1409
f 1408 1411 1410
f 1411 1409 1412
f 1410 1411 1413
f 1411 1412 1413
f 1412 1414 1413
f 1414 1415 1413
f 1413 1415 1416
f 1414 1417 1415
f 1415 1418 1416
f 1417 1419 1415
f 1415 1419 1418
f 1417 1420 1419
f 1419 1421 1418
f 1420 1422 1419
f 1419 1422 1421
f 1420 1423 1422
f 1422 1424 1421
f 1423 1425 1422
f 1422 1425 1424
f 1423 1426 1425
f 1425 1427 1424
f 1426 1428 1425
f 1425 1428 1427
f 1426 1429 1428
f 1428 1430 1427
f 1429 1431 1428
f 1428 1431 1430
f 1429 1432 1431
f 1432 1433 1431
f 1431 1434 1430
f 1431 1433 1434
f 1432 1435 1433
f 1433 1436 1434
f 1435 1437 1433
f 1433 1438 1436
f 1437 1439 1433
f 1433 1439 1438
f 1437 1440 1439
f 1439 1441 1438
f 1440 1442 1439
f 1439 1442 1441
f 1440 1443 1442
f 1442 1444 1441
f 1443 1445 1442
f 1442 1445 1444
f 1443 1446 1445
f 1445 1447 1444
f 1446 1448 1445
f 1445 1448 1447
f 1446 1449 1448
f 1448 1450 1447
f 1449 1451 1448
f 1448 1451 1450
f 1449 1452 1451
f 1451 1453 1450
f 1452 1454 1451
f 1451 1454 1453
f 1452 1455 1454
f 1455 1456 1454
f 1454 1457 1453
f 1454 1456 1457
f 1455 1458 1456
f 1456 1459 1457
f 1458 1460 1456
f 1456 1461 1459
f 1460 1462 1456
f 1456 1462 1461
f 1460 1463 1462
f 1462 1464 1461
f 1463 1465 1462
f 1462 1465 1464
f 1463 1466 1465
f 1465 1467 1464
f 1466 1468 1465
f 1465 1468 1467
f 1466 1469 1468
f 1468 1470 1467
f 1469 1471 1468
f 1468 1471 1470
f 1469 1472 1471
f 1472 1470 1471
f 1472 1469 1473
f 1472 1474 1470
f 1475 1472 1473
f 1472 1475 1474
f 1475 1473 1476
f 1475 1477 1474
f 1478 1475 1476
f 1475 1478 1477
f 1478 1476 1479
f 1478 1480 1477
f 1481 1478 1479
f 1478 1481 1480
f 1481 1479 1482
f 1481 1483 1480
f 1484 1481 1482
f 1481 1484 1483
f 1484 1482 1485
f 1484 1486 1483
f 1487 1484 1485
f 1484 1487 1486
f 1487 1485 1488
f 1487 1489 1486
f 1490 1487 1488
f 1487 1490 1489
f 1490 1488 1491
f 1490 1491 1489
f 1488 1492 1491
f 1493 1489 1491
f 1492 1494 1491
f 1493 1491 1494
f 1492 1495 1494
f 1496 1493 1494
f 1495 1497 1494
f 1496 1494 1497
f 1495 1498 1497
f 1499 1496 1497
f 1498 1500 1497
f 1499 1497 1500
f 1498 1501 1500
f 1502 1499 1500
f 1501 1503 1500
f 1502 1500 1503
f 1501 1504 1503
f 1505 1502 1503
f 1504 1506 1503
f 1505 1503 1506
f 1504 1507 1506
f 1508 1505 1506
f 1507 1508 1506
f 1509 1510 1511
f 1512 1509 1511
f 1509 1512 1513
f 1512 1511 1514
f 1512 1515 1513
f 1516 1512 1514
f 1512 1516 1515
f 1516 1514 1517
f 1516 1518 1515
f 1519 1516 1517
f 1516 1519 1518
f 1519 1517 1520
f 1519 1521 1518
f 1522 1519 1520
f 1519 1522 1521
f 1522 1520 1523
f 1522 1524 1521
f 1525 1522 1523
f 1522 1525 1524
f 1525 1523 1526
f 1525 1527 1524
f 1528 1525 1526
f 1525 1528 1527
f 1528 1526 1529
f 1530 1528 1529
f 1528 1531 1527
f 1528 1530 1531
f 1530 1529 1532
f 1530 1533 1531
f 1530 1532 1534
f 1530 1535 1533
f 1536 1530 1534
f 1530 1536 1535
f 1536 1534 1537
f 1536 1538 1535
f 1539 1536 1537
f 1536 1539 1538
f 1539 1537 1540
f 1539 1541 1538
f 1542 1539 1540
f 1539 1542 1541
f 1542 1540 1543
f 1542 1544 1541
f 1545 1542 1543
f 1542 1545 1544
f 1545 1543 1546
f 1545 1547 1544
f 1548 1545 1546
f 1545 1548 1547
f 1548 1546 1549
f 1548 1550 1547
f 1551 1548 1549
f 1548 1551 1550
f 1551 1549 1552
f 1553 1551 1552
f 1551 1554 1550
f 1551 1553 1554
f 1553 1552 1555
f 1553 1556 1554
f 1553 1555 1557
f 1553 1558 1556
f 1559 1553 1557
f 1553 1559 1558
f 1559 1557 1560
f 1559 1561 1558
f 1562 1559 1560
f 1559 1562 1561
f 1562 1560 1563
f 1562 1564 1561
f 1565 1562 1563
f 1562 1565 1564
f 1565 1563 1566
f 1565 1567 1564
f 1565 1566 1568
f 1567 1565 1568
f 1569 1568 1566
f 1567 1568 1569
f 1570 1569 1566
f 1571 1567 1569
f 1572 1569 1570
f 1571 1569 1572
f 1573 1572 1570
f 1574 1571 1572
f 1575 1572 1573
f 1574 1572 1575
f 1576 1575 1573
f 1577 1574 1575
f 1578 1575 1576
f 1577 1575 1578
f 1579 1578 1576
f 1580 1577 1578
f 1581 1578 1579
f 1580 1578 1581
f 1582 1581 1579
f 1583 1580 1581
f 1584 1581 1582
f 1583 1581 1584
f 1585 1584 1582
f 1586 1583 1584
f 1587 1584 1585
f 1587 1586 1584
f 1588 1587 1585
f 1587 1588 1586
f 1588 1585 1589
f 1588 1590 1586
f 1591 1588 1589
f 1588 1591 1590
f 1591 1589 1592
f 1591 1593 1590
f 1594 1591 1592
f 1591 1594 1593
f 1594 1592 1595
f 1594 1596 1593
f 1597 1594 1595
f 1594 1597 1596
f 1597 1595 1598
f 1597 1599 1596
f 1600 1597 1598
f 1597 1600 1599
f 1600 1598 1601
f 1600 1602 1599
f 1603 1600 1601
f 1600 1603 1602
f 1603 1601 1604
f 1602 1603 1605
f 1603 1604 1605
f 1604 1606 1605
f 1606 1607 1605
f 1605 1607 1608
f 1606 1609 1607
f 1607 1610 1608
f 1609 1611 1607
f 1607 1611 1610
f 1609 1612 1611
f 1611 1613 1610
f 1612 1614 1611
f 1611 1614 1613
f 1612 1615 1614
f 1614 1616 1613
f 1615 1617 1614
f 1614 1617 1616
f 1615 1618 1617
f 1617 1619 1616
f 1618 1620 1617
f 1617 1620 1619
f 1618 1621 1620
f 1620 1622 1619
f 1621 1623 1620
f 1620 1623 1622
f 1621 1624 1623
f 1624 1625 1623
f 1623 1626 1622
f 1623 1625 1626
f 1624 1627 1625
f 1625 1628 1626
f 1627 1629 1625
f 1625 1630 1628
f 1629 1631 1625
f 1625 1631 1630
f 1629 1632 1631
f 1631 1633 1630
f 1632 1634 1631
f 1631 1634 1633
f 1632 1635 1634
f 1634 1636 1633
f 1635 1637 1634
f 1634 1637 1636
f 1635 1638 1637
f 1637 1639 1636
f 1638 1640 1637
f 1637 1640 1639
f 1638 1641 1640
f 1640 1642 1639
f 1641 1643 1640
f 1640 1643 1642
f 1641 1644 1643
f 1643 1645 1642
f 1644 1646 1643
f 1643 1646 1645
f 1644 1647 1646
f 1647 1648 1646
f 1646 1649 1645
f 1646 1648 1649
f 1647 1650 1648
f 1648 1651 1649
f 1650 1652 1648
f 1648 1653 1651
f 1652 1654 1648
f 1648 1654 1653
f 1652 1655 1654
f 1654 1656 1653
f 1655 1657 1654
f 1654 1657 1656
f 1655 1658 1657
f 1657 1659 1656
f 1658 1660 1657
f 1657 1660 1659
f 1658 1661 1660
f 1660 1662 1659
f 1661 1663 1660
f 1660 1663 1662
f 1661 1664 1663
f 1664 1662 1663
f 1664 1661 1665
f 1664 1666 1662
f 1667 1664 1665
f 1664 1667 1666
f 1667 1665 1668
f 1667 1669 1666
f 1670 1667 1668
f 1667 1670 1669
f 1670 1668 1671
f 1670 1672 1669
f 1673 1670 1671
f 1670 1673 1672
f 1673 1671 1674
f 1673 1675 1672
f 1676 1673 1674
f 1673 1676 1675
f 1676 1674 1677
f 1676 1678 1675
f 1679 1676 1677
f 1676 1679 1678
f 1679 1677 1680
f 1679 1681 1678
f 1682 1679 1680
f 1679 1682 1681
f 1682 1680 1683
f 1682 1683 1681
f 1680 1684 1683
f 1685 1681 1683
f 1684 1686 1683
f 1685 1683 1686
f 1684 1687 1686
f 1688 1685 1686
f 1687 1689 1686
f 1688 1686 1689
f 1687 1690 1689
f 1691 1688 1689
f 1690 1692 1689
f 1691 1689 1692
f 1690 1693 1692
f 1694 1691 1692
f 1693 1695 1692
f 1694 1692 1695
f 1693 1696 1695
f 1697 1694 1695
f 1696 1698 1695
f 1697 1695 1698
f 1696 1699 1698
f 1700 1697 1698
f 1699 1700 1698
f 1701 1702 1703
f 1701 1703 1704
f 1705 1701 1704
f 1704 1703 1706
f 1707 1705 1704
f 1708 1704 1706
f 1707 1704 1708
f 1708 1706 1709
f 1710 1707 1708
f 1711 1708 1709
f 1710 1708 1711
f 1711 1709 1712
f 1713 1710 1711
f 1714 1711 1712
f 1713 1711 1714
f 1714 1712 1715
f 1716 1713 1714
f 1717 1714 1715
f 1716 1714 1717
f 1717 1715 1718
f 1719 1716 1717
f 1720 1717 1718
f 1719 1717 1720
f 1720 1718 1721
f 1722 1720 1721
f 1723 1719 1720
f 1723 1720 1722
f 1722 1721 1724
f 1725 1723 1722
f 1726 1722 1724
f 1727 1725 1722
f 1728 1722 1726
f 1727 1722 1728
f 1729 1728 1726
f 1730 1727 1728
f 1731 1728 1729
f 1731 1730 1728
f 1732 1731 1729
f 1731 1732 1730
f 1732 1729 1733
f 1732 1734 1730
f 1735 1732 1733
f 1732 1735 1734
f 1735 1733 1736
f 1735 1737 1734
f 1738 1735 1736
f 1735 1738 1737
f 1738 1736 1739
f 1738 1740 1737
f 1741 1738 1739
f 1738 1741 1740
f 1741 1739 1742
f 1741 1743 1740
f 1744 1741 1742
f 1741 1744 1743
f 1744 1742 1745
f 1744 1746 1743
f 1747 1744 1745
f 1744 1747 1746
f 1747 1745 1748
f 1746 1747 1749
f 1747 1748 1749
f 1748 1750 1749
f 1750 1751 1749
f 1749 1751 1752
f 1750 1753 1751
f 1751 1754 1752
f 1753 1755 1751
f 1751 1755 1754
f 1753 1756 1755
f 1755 1757 1754
f 1756 1758 1755
f 1755 1758 1757
f 1756 1759 1758
f 1758 1760 1757
f 1759 1761 1758
f 1758 1761 1760
f 1759 1762 1761
f 1761 1763 1760
f 1762 1764 1761
f 1761 1764 1763
f 1762 1765 1764
f 1764 1766 1763
f 1765 1767 1764
f 1764 1767 1766
f 1765 1768 1767
f 1768 1769 1767
f 1767 1770 1766
f 1767 1769 1770
f 1768 1771 1769
f 1769 1772 1770
f 1771 1773 1769
f 1769 1774 1772
f 1773 1775 1769
f 1769 1775 1774
f 1773 1776 1775
f 1775 1777 1774
f 1776 1778 1775
f 1775 1778 1777
f 1776 1779 1778
f 1779 1777 1778
f 1780 1779 1776
f 1779 1781 1777
f 1782 1779 1780
f 1779 1782 1781
f 1783 1782 1780
f 1782 1784 1781
f 1785 1782 1783
f 1782 1785 1784
f 1786 1785 1783
f 1785 1787 1784
f 1788 1785 1786
f 1785 1788 1787
f 1789 1788 1786
f 1788 1790 1787
f 1791 1788 1789
f 1788 1791 1790
f 1792 1791 1789
f 1791 1793 1790
f 1794 1791 1792
f 1791 1794 1793
f 1795 1794 1792
f 1794 1796 1793
f 1794 1795 1796
f 1797 1798 1799
f 1797 1799 1800
f 1801 1797 1800
f 1800 1799 1802
f 1803 1801 1800
f 1804 1800 1802
f 1803 1800 1804
f 1804 1802 1805
f 1806 1803 1804
f 1807 1804 1805
f 1806 1804 1807
f 1807 1805 1808
f 1809 1806 1807
f 1810 1807 1808
f 1809 1807 1810
f 1810 1808 1811
f 1812 1809 1810
f 1813 1810 1811
f 1812 1810 1813
f 1813 1811 1814
f 1815 1812 1813
f 1816 1813 1814
f 1815 1813 1816
f 1816 1814 1817
f 1818 1816 1817
f 1819 1815 1816
f 1819 1816 1818
f 1818 1817 1820
f 1821 1819 1818
f 1822 1818 1820
f 1823 1821 1818
f 1824 1818 1822
f 1823 1818 1824
f 1825 1824 1822
f 1826 1823 1824
f 1827 1824 1825
f 1827 1826 1824
f 1828 1827 1825
f 1827 1828 1826
f 1828 1825 1829
f 1828 1830 1826
f 1831 1828 1829
f 1828 1831 1830
f 1831 1829 1832
f 1831 1833 1830
f 1834 1831 1832
f 1831 1834 1833
f 1834 1832 1835
f 1834 1836 1833
f 1837 1834 1835
f 1834 1837 1836
f 1837 1835 1838
f 1837 1839 1836
f 1840 1837 1838
f 1837 1840 1839
f 1840 1838 1841
f 1840 1842 1839
f 1843 1840 1841
f 1840 1843 1842
f 1843 1841 1844
f 1842 1843 1845
f 1843 1844 1845
f 1844 1846 1845
f 1846 1847 1845
f 1845 1847 1848
f 1846 1849 1847
f 1847 1850 1848
f 1849 1851 1847
f 1847 1851 1850
f 1849 1852 1851
f 1851 1853 1850
f 1852 1854 1851
f 1851 1854 1853
f 1852 1855 1854
f 1854 1856 1853
f 1855 1857 1854
f 1854 1857 1856
f 1855 1858 1857
f 1857 1859 1856
f 1858 1860 1857
f 1857 1860 1859
f 1858 1861 1860
f 1860 1862 1859
f 1861 1863 1860
f 1860 1863 1862
f 1861 1864 1863
f 1864 1865 1863
f 1863 1866 1862
f 1863 1865 1866
f 1864 1867 1865
f 1865 1868 1866
f 1867 1869 1865
f 1865 1870 1868
f 1869 1871 1865
f 1865 1871 1870
f 1869 1872 1871
f 1871 1873 1870
f 1872 1874 1871
f 1871 1874 1873
f 1872 1875 1874
f 1875 1873 1874
f 1876 1875 1872
f 1875 1877 1873
f 1878 1875 1876
f 1875 1878 1877
f 1879 1878 1876
f 1878 1880 1877
f 1881 1878 1879
f 1878 1881 1880
f 1882 1881 1879
f 1881 1883 1880
f 1884 1881 1882
f 1881 1884 1883
f 1885 1884 1882
f 1884 1886 1883
f 1887 1884 1885
f 1884 1887 1886
f 1888 1887 1885
f 1887 1889 1886
f 1890 1887 1888
f 1887 1890 1889
f 1891 1890 1888
f 1890 1892 1889
f 1890 1891 1892
f 1893 1894 1895
f 1893 1895 1896
f 1897 1893 1896
f 1896 1895 1898
f 1899 1897 1896
f 1900 1896 1898
f 1899 1896 1900
f 1900 1898 1901
f 1902 1899 1900
f 1903 1900 1901
f 1902 1900 1903
f 1903 1901 1904
f 1905 1902 1903
f 1906 1903 1904
f 1905 1903 1906
f 1906 1904 1907
f 1908 1905 1906
f 1909 1906 1907
f 1908 1906 1909
f 1909 1907 1910
f 1911 1908 1909
f 1912 1909 1910
f 1911 1909 1912
f 1912 1910 1913
f 1914 1912 1913
f 1915 1911 1912
f 1915 1912 1914
f 1914 1913 1916
f 1917 1915 1914
f 1918 1914 1916
f 1919 1917 1914
f 1920 1914 1918
f 1919 1914 1920
f 1921 1920 1918
f 1922 1919 1920
f 1923 1920 1921
f 1923 1922 1920
f 1924 1923 1921
f 1923 1924 1922
f 1924 1921 1925
f 1924 1926 1922
f 1927 1924 1925
f 1924 1927 1926
f 1927 1925 1928
f 1927 1929 1926
f 1930 1927 1928
f 1927 1930 1929
f 1930 1928 1931
f 1930 1932 1929
f 1933 1930 1931
f 1930 1933 1932
f 1933 1931 1934
f 1933 1935 1932
f 1936 1933 1934
f 1933 1936 1935
f 1936 1934 1937
f 1936 1938 1935
f 1939 1936 1937
f 1936 1939 1938
f 1939 1937 1940
f 1938 1939 1941
f 1939 1940 1941
f 1940 1942 1941
f 1942 1943 1941
f 1941 1943 1944
f 1942 1945 1943
f 1943 1946 1944
f 1945 1947 1943
f 1943 1947 1946
f 1945 1948 1947
f 1947 1949 1946
f 1948 1950 1947
f 1947 1950 1949
f 1948 1951 1950
f 1950 1952 1949
f 1951 1953 1950
f 1950 1953 1952
f 1951 1954 1953
f 1953 1955 1952
f 1954 1956 1953
f 1953 1956 1955
f 1954 1957 1956
f 1956 1958 1955
f 1957 1959 1956
f 1956 1959 1958
f 1957 1960 1959
f 1960 1961 1959
f 1959 1962 1958
f 1959 1961 1962
f 1960 1963 1961
f 1961 1964 1962
f 1963 1965 1961
f 1961 1966 1964
f 1965 1967 1961
f 1961 1967 1966
f 1965 1968 1967
f 1967 1969 1966
f 1968 1970 1967
f 1967 1970 1969
f 1968 1971 1970
f 1971 1969 1970
f 1972 1971 1968
f 1971 1973 1969
f 1974 1971 1972
f 1971 1974 1973
f 1975 1974 1972
f 1974 1976 1973
f 1977 1974 1975
f 1974 1977 1976
f 1978 1977 1975
f 1977 1979 1976
f 1980 1977 1978
f 1977 1980 1979
f 1981 1980 1978
f 1980 1982 1979
f 1983 1980 1981
f 1980 1983 1982
f 1984 1983 1981
f 1983 1985 1982
f 1986 1983 1984
f 1983 1986 1985
f 1987 1986 1984
f 1986 1988 1985
f 1986 1987 1988
f 1989 1990 1991
f 1989 1991 1992
f 1993 1989 1992
f 1992 1991 1994
f 1995 1993 1992
f 1996 1992 1994
f 1995 1992 1996
f 1996 1994 1997
f 1998 1995 1996
f 1999 1996 1997
f 1998 1996 1999
f 1999 1997 2000
f 2001 1998 1999
f 2002 1999 2000
f 2001 1999 2002
f 2002 2000 2003
f 2004 2001 2002
f 2005 2002 2003
f 2004 2002 2005
f 2005 2003 2006
f 2007 2004 2005
f 2008 2005 2006
f 2007 2005 2008
f 2008 2006 2009
f 2010 2008 2009
f 2011 2007 2008
f 2011 2008 2010
f 2010 2009 2012
f 2013 2011 2010
f 2014 2010 2012
f 2015 2013 2010
f 2016 2010 2014
f 2015 2010 2016
f 2017 2016 2014
f 2018 2015 2016
f 2019 2016 2017
f 2019 2018 2016
f 2020 2019 2017
f 2019 2020 2018
f 2020 2017 2021
f 2020 2022 2018
f 2023 2020 2021
f 2020 2023 2022
f 2023 2021 2024
f 2023 2025 2022
f 2026 2023 2024
f 2023 2026 2025
f 2026 2024 2027
f 2026 2028 2025
f 2029 2026 2027
f 2026 2029 2028
f 2029 2027 2030
f 2029 2031 2028
f 2032 2029 2030
f 2029 2032 2031
f 2032 2030 2033
f 2032 2034 2031
f 2035 2032 2033
f 2032 2035 2034
f 2035 2033 2036
f 2034 2035 2037
f 2035 2036 2037
f 2036 2038 2037
f 2038 2039 2037
f 2037 2039 2040
f 2038 2041 2039
f 2039 2042 2040
f 2041 2043 2039
f 2039 2043 2042
f 2041 2044 2043
f 2043 2045 2042
f 2044 2046 2043
f 2043 2046 2045
f 2044 2047 2046
f 2046 2048 2045
f 2047 2049 2046
f 2046 2049 2048
f 2047 2050 2049
f 2049 2051 2048
f 2050 2052 2049
f 2049 2052 2051
f 2050 2053 2052
f 2052 2054 2051
f 2053 2055 2052
f 2052 2055 2054
f 2053 2056 2055
f 2056 2057 2055
f 2055 2058 2054
f 2055 2057 2058
f 2056 2059 2057
f 2057 2060 2058
f 2059 2061 2057
f 2057 2062 2060
f 2061 2063 2057
f 2057 2063 2062
f 2061 2064 2063
f 2063 2065 2062
f 2064 2066 2063
f 2063 2066 2065
f 2064 2067 2066
f 2067 2065 2066
f 2068 2067 2064
f 2067 2069 2065
f 2070 2067 2068
f 2067 2070 2069
f 2071 2070 2068
f 2070 2072 2069
f 2073 2070 2071
f 2070 2073 2072
f 2074 2073 2071
f 2073 2075 2072
f 2076 2073 2074
f 2073 2076 2075
f 2077 2076 2074
f 2076 2078 2075
f 2079 2076 2077
f 2076 2079 2078
f 2080 2079 2077
f 2079 2081 2078
f 2082 2079 2080
f 2079 2082 2081
f 2083 2082 2080
f 2082 2084 2081
f 2082 2083 2084
f 2085 2086 2087
f 2085 2087 2088
f 2089 2085 2088
f 2088 2087 2090
f 2091 2089 2088
f 2092 2088 2090
f 2091 2088 2092
f 2092 2090 2093
f 2094 2091 2092
f 2095 2092 2093
f 2094 2092 2095
f 2095 2093 2096
f 2097 2094 2095
f 2098 2095 2096
f 2097 2095 2098
f 2098 2096 2099
f 2100 2097 2098
f 2101 2098 2099
f 2100 2098 2101
f 2101 2099 2102
f 2103 2100 2101
f 2104 2101 2102
f 2103 2101 2104
f 2104 2102 2105
f 2106 2104 2105
f 2107 2103 2104
f 2107 2104 2106
f 2106 2105 2108
f 2109 2107 2106
f 2110 2106 2108
f 2111 2109 2106
f 2112 2106 2110
f 2111 2106 2112
f 2113 2112 2110
f 2114 2111 2112
f 2115 2112 2113
f 2115 2114 2112
f 2116 2115 2113
f 2115 2116 2114
f 2116 2113 2117
f 2116 2118 2114
f 2119 2116 2117
f 2116 2119 2118
f 2119 2117 2120
f 2119 2121 2118
f 2122 2119 2120
f 2119 2122 2121
f 2122 2120 2123
f 2122 2124 2121
f 2125 2122 2123
f 2122 2125 2124
f 2125 2123 2126
f 2125 2127 2124
f 2128 2125 2126
f 2125 2128 2127
f 2128 2126 2129
f 2128 2130 2127
f 2131 2128 2129
f 2128 2131 2130
f 2131 2129 2132
f 2130 2131 2133
f 2131 2132 2133
f 2132 2134 2133
f 2134 2135 2133
f 2133 2135 2136
f 2134 2137 2135
f 2135 2138 2136
f 2137 2139 2135
f 2135 2139 2138
f 2137 2140 2139
f 2139 2141 2138
f 2140 2142 2139
f 2139 2142 2141
f 2140 2143 2142
f 2142 2144 2141
f 2143 2145 2142
f 2142 2145 2144
f 2143 2146 2145
f 2145 2147 2144
f 2146 2148 2145
f 2145 2148 2147
f 2146 2149 2148
f 2148 2150 2147
f 2149 2151 2148
f 2148 2151 2150
f 2149 2152 2151
f 2152 2153 2151
f 2151 2154 2150
f 2151 2153 2154
f 2152 2155 2153
f 2153 2156 2154
f 2155 2157 2153
f 2153 2158 2156
f 2157 2159 2153
f 2153 2159 2158
f 2157 2160 2159
f 2159 2161 2158
f 2160 2162 2159
f 2159 2162 2161
f 2160 2163 2162
f 2163 2161 2162
f 2164 2163 2160
f 2163 2165 2161
f 2166 2163 2164
f 2163 2166 2165
f 2167 2166 2164
f 2166 2168 2165
f 2169 2166 2167
f 2166 2169 2168
f 2170 2169 2167
f 2169 2171 2168
f 2172 2169 2170
f 2169 2172 2171
f 2173 2172 2170
f 2172 2174 2171
f 2175 2172 2173
f 2172 2175 2174
f 2176 2175 2173
f 2175 2177 2174
f 2178 2175 2176
f 2175 2178 2177
f 2179 2178 2176
f 2178 2180 2177
f 2178 2179 2180
f 2181 2182 2183
f 2181 2183 2184
f 2185 2181 2184
f 2184 2183 2186
f 2187 2185 2184
f 2188 2184 2186
f 2187 2184 2188
f 2188 2186 2189
f 2190 2187 2188
f 2191 2188 2189
f 2190 2188 2191
f 2191 2189 2192
f 2193 2190 2191
f 2194 2191 2192
f 2193 2191 2194
f 2194 2192 2195
f 2196 2193 2194
f 2197 2194 2195
f 2196 2194 2197
f 2197 2195 2198
f 2199 2196 2197
f 2200 2197 2198
f 2199 2197 2200
f 2200 2198 2201
f 2202 2200 2201
f 2203 2199 2200
f 2203 2200 2202
f 2202 2201 2204
f 2205 2203 2202
f 2206 2202 2204
f 2207 2205 2202
f 2208 2202 2206
f 2207 2202 2208
f 2209 2208 2206
f 2210 2207 2208
f 2211 2208 2209
f 2211 2210 2208
f 2212 2211 2209
f 2211 2212 2210
f 2212 2209 2213
f 2212 2214 2210
f 2215 2212 2213
f 2212 2215 2214
f 2215 2213 2216
f 2215 2217 2214
f 2218 2215 2216
f 2215 2218 2217
f 2218 2216 2219
f 2218 2220 2217
f 2221 2218 2219
f 2218 2221 2220
f 2221 2219 2222
f 2221 2223 2220
f 2224 2221 2222
f 2221 2224 2223
f 2224 2222 2225
f 2224 2226 2223
f 2227 2224 2225
f 2224 2227 2226
f 2227 2225 2228
f 2226 2227 2229
f 2227 2228 2229
f 2228 2230 2229
f 2230 2231 2229
f 2229 2231 2232
f 2230 2233 2231
f 2231 2234 2232
f 2233 2235 2231
f 2231 2235 2234
f 2233 2236 2235
f 2235 2237 2234
f 2236 2238 2235
f 2235 2238 2237
f 2236 2239 2238
f 2238 2240 2237
f 2239 2241 2238
f 2238 2241 2240
f 2239 2242 2241
f 2241 2243 2240
f 2242 2244 2241
f 2241 2244 2243
f 2242 2245 2244
f 2244 2246 2243
f 2245 2247 2244
f 2244 2247 2246
f 2245 2248 2247
f 2248 2249 2247
f 2247 2250 2246
f 2247 2249 2250
f 2248 2251 2249
f 2249 2252 2250
f 2251 2253 2249
f 2249 2254 2252
f 2253 2255 2249
f 2249 2255 2254
f 2253 2256 2255
f 2255 2257 2254
f 2256 2258 2255
f 2255 2258 2257
f 2256 2259 2258
f 2259 2257 2258
f 2260 2259 2256
f 2259 2261 2257
f 2262 2259 2260
f 2259 2262 2261
f 2263 2262 2260
f 2262 2264 2261
f 2265 2262 2263
f 2262 2265 2264
f 2266 2265 2263
f 2265 2267 2264
f 2268 2265 2266
f 2265 2268 2267
f 2269 2268 2266
f 2268 2270 2267
f 2271 2268 2269
f 2268 2271 2270
f 2272 2271 2269
f 2271 2273 2270
f 2274 2271 2272
f 2271 2274 2273
f 2275 2274 2272
f 2274 2276 2273
f 2274 2275 2276
f 2277 2278 2279
f 2277 2279 2280
f 2281 2277 2280
f 2280 2279 2282
f 2283 2281 2280
f 2284 2280 2282
f 2283 2280 2284
f 2284 2282 2285
f 2286 2283 2284
f 2287 2284 2285
f 2286 2284 2287
f 2287 2285 2288
f 2289 2286 2287
f 2290 2287 2288
f 2289 2287 2290
f 2290 2288 2291
f 2292 2289 2290
f 2293 2290 2291
f 2292 2290 2293
f 2293 2291 2294
f 2295 2292 2293
f 2296 2293 2294
f 2295 2293 2296
f 2296 2294 2297
f 2298 2296 2297
f 2299 2295 2296
f 2299 2296 2298
f 2298 2297 2300
f 2301 2299 2298
f 2302 2298 2300
f 2303 2301 2298
f 2304 2298 2302
f 2303 2298 2304
f 2305 2304 2302
f 2306 2303 2304
f 2307 2304 2305
f 2307 2306 2304
f 2308 2307 2305
f 2307 2308 2306
f 2308 2305 2309
f 2308 2310 2306
f 2311 2308 2309
f 2308 2311 2310
f 2311 2309 2312
f 2311 2313 2310
f 2314 2311 2312
f 2311 2314 2313
f 2314 2312 2315
f 2314 2316 2313
f 2317 2314 2315
f 2314 2317 2316
f 2317 2315 2318
f 2317 2319 2316
f 2320 2317 2318
f 2317 2320 2319
f 2320 2318 2321
f 2320 2322 2319
f 2323 2320 2321
f 2320 2323 2322
f 2323 2321 2324
f 2322 2323 2325
f 2323 2324 2325
f 2324 2326 2325
f 2326 2327 2325
f 2325 2327 2328
f 2326 2329 2327
f 2327 2330 2328
f 2329 2331 2327
f 2327 2331 2330
f 2329 2332 2331
f 2331 2333 2330
f 2332 2334 2331
f 2331 2334 2333
f 2332 2335 2334
f 2334 2336 2333
f 2335 2337 2334
f 2334 2337 2336
f 2335 2338 2337
f 2337 2339 2336
f 2338 2340 2337
f 2337 2340 2339
f 2338 2341 2340
f 2340 2342 2339
f 2341 2343 2340
f 2340 2343 2342
f 2341 2344 2343
f 2344 2345 2343
f 2343 2346 2342
f 2343 2345 2346
f 2344 2347 2345
f 2345 2348 2346
f 2347 2349 2345
f 2345 2350 2348
f 2349 2351 2345
f 2345 2351 2350
f 2349 2352 2351
f 2351 2353 2350
f 2352 2354 2351
f 2351 2354 2353
f 2352 2355 2354
f 2355 2353 2354
f 2356 2355 2352
f 2355 2357 2353
f 2358 2355 2356
f 2355 2358 2357
f 2359 2358 2356
f 2358 2360 2357
f 2361 2358 2359
f 2358 2361 2360
f 2362 2361 2359
f 2361 2363 2360
f 2364 2361 2362
f 2361 2364 2363
f 2365 2364 2362
f 2364 2366 2363
f 2367 2364 2365
f 2364 2367 2366
f 2368 2367 2365
f 2367 2369 2366
f 2370 2367 2368
f 2367 2370 2369
f 2371 2370 2368
f 2370 2372 2369
f 2370 2371 2372
f 2373 2374 2375
f 2373 2375 2376
f 2377 2373 2376
f 2376 2375 2378
f 2379 2377 2376
f 2380 2376 2378
f 2379 2376 2380
f 2380 2378 2381
f 2382 2379 2380
f 2383 2380 2381
f 2382 2380 2383
f 2383 2381 2384
f 2385 2382 2383
f 2386 2383 2384
f 2385 2383 2386
f 2386 2384 2387
f 2388 2385 2386
f 2389 2386 2387
f 2388 2386 2389
f 2389 2387 2390
f 2391 2388 2389
f 2392 2389 2390
f 2391 2389 2392
f 2392 2390 2393
f 2394 2392 2393
f 2395 2391 2392
f 2395 2392 2394
f 2394 2393 2396
f 2397 2395 2394
f 2398 2394 2396
f 2399 2397 2394
f 2400 2394 2398
f 2399 2394 2400
f 2401 2400 2398
f 2402 2399 2400
f 2403 2400 2401
f 2403 2402 2400
f 2404 2403 2401
f 2403 2404 2402
f 2404 2401 2405
f 2404 2406 2402
f 2407 2404 2405
f 2404 2407 2406
f 2407 2405 2408
f 2407 2409 2406
f 2410 2407 2408
f 2407 2410 2409
f 2410 2408 2411
f 2410 2412 2409
f 2413 2410 2411
f 2410 2413 2412
f 2413 2411 2414
f 2413 2415 2412
f 2416 2413 2414
f 2413 2416 2415
f 2416 2414 2417
f 2416 2418 2415
f 2419 2416 2417
f 2416 2419 2418
f 2419 2417 2420
f 2418 2419 2421
f 2419 2420 2421
f 2420 2422 2421
f 2422 2423 2421
f 2421 2423 2424
f 2422 2425 2423
f 2423 2426 2424
f 2425 2427 2423
f 2423 2427 2426
f 2425 2428 2427
f 2427 2429 2426
f 2428 2430 2427
f 2427 2430 2429
f 2428 2431 2430
f 2430 2432 2429
f 2431 2433 2430
f 2430 2433 2432
f 2431 2434 2433
f 2433 2435 2432
f 2434 2436 2433
f 2433 2436 2435
f 2434 2437 2436
f 2436 2438 2435
f 2437 2439 2436
f 2436 2439 2438
f 2437 2440 2439
f 2440 2441 2439
f 2439 2442 2438
f 2439 2441 2442
f 2440 2443 2441
f 2441 2444 2442
f 2443 2445 2441
f 2441 2446 2444
f 2445 2447 2441
f 2441 2447 2446
f 2445 2448 2447
f 2447 2449 2446
f 2448 2450 2447
f 2447 2450 2449
f 2448 2451 2450
f 2451 2449 2450
f 2452 2451 2448
f 2451 2453 2449
f 2454 2451 2452
f 2451 2454 2453
f 2455 2454 2452
f 2454 2456 2453
f 2457 2454 2455
f 2454 2457 2456
f 2458 2457 2455
f 2457 2459 2456
f 2460 2457 2458
f 2457 2460 2459
f 2461 2460 2458
f 2460 2462 2459
f 2463 2460 2461
f 2460 2463 2462
f 2464 2463 2461
f 2463 2465 2462
f 2466 2463 2464
f 2463 2466 2465
f 2467 2466 2464
f 2466 2468 2465
f 2466 2467 2468
f 2469 2470 2471
f 2469 2471 2472
f 2473 2469 2472
f 2472 2471 2474
f 2475 2473 2472
f 2476 2472 2474
f 2475 2472 2476
f 2476 2474 2477
f 2478 2475 2476
f 2479 2476 2477
f 2478 2476 2479
f 2479 2477 2480
f 2481 2478 2479
f 2482 2479 2480
f 2481 2479 2482
f 2482 2480 2483
f 2484 2481 2482
f 2485 2482 2483
f 2484 2482 2485
f 2485 2483 2486
f 2487 2484 2485
f 2488 2485 2486
f 2487 2485 2488
f 2488 2486 2489
f 2490 2488 2489
f 2491 2487 2488
f 2491 2488 2490
f 2490 2489 2492
f 2493 2491 2490
f 2494 2490 2492
f 2495 2493 2490
f 2496 2490 2494
f 2495 2490 2496
f 2497 2496 2494
f 2498 2495 2496
f 2499 2496 2497
f 2499 2498 2496
f 2500 2499 2497
f 2499 2500 2498
f 2500 2497 2501
f 2500 2502 2498
f 2503 2500 2501
f 2500 2503 2502
f 2503 2501 2504
f 2503 2505 2502
f 2506 2503 2504
f 2503 2506 2505
f 2506 2504 2507
f 2506 2508 2505
f 2509 2506 2507
f 2506 2509 2508
f 2509 2507 2510
f 2509 2511 2508
f 2512 2509 2510
f 2509 2512 2511
f 2512 2510 2513
f 2512 2514 2511
f 2515 2512 2513
f 2512 2515 2514
f 2515 2513 2516
f 2514 2515 2517
f 2515 2516 2517
f 2516 2518 2517
f 2518 2519 2517
f 2517 2519 2520
f 2518 2521 2519
f 2519 2522 2520
f 2521 2523 2519
f 2519 2523 2522
f 2521 2524 2523
f 2523 2525 2522
f 2524 2526 2523
f 2523 2526 2525
f 2524 2527 2526
f 2526 2528 2525
f 2527 2529 2526
f 2526 2529 2528
f 2527 2530 2529
f 2529 2531 2528
f 2530 2532 2529
f 2529 2532 2531
f 2530 2533 2532
f 2532 2534 2531
f 2533 2535 2532
f 2532 2535 2534
f 2533 2536 2535
f 2536 2537 2535
f 2535 2538 2534
f 2535 2537 2538
f 2536 2539 2537
f 2537 2540 2538
f 2539 2541 2537
f 2537 2542 2540
f 2541 2543 2537
f 2537 2543 2542
f 2541 2544 2543
f 2543 2545 2542
f 2544 2546 2543
f 2543 2546 2545
f 2544 2547 2546
f 2547 2545 2546
f 2548 2547 2544
f 2547 2549 2545
f 2550 2547 2548
f 2547 2550 2549
f 2551 2550 2548
f 2550 2552 2549
f 2553 2550 2551
f 2550 2553 2552
f 2554 2553 2551
f 2553 2555 2552
f 2556 2553 2554
f 2553 2556 2555
f 2557 2556 2554
f 2556 2558 2555
f 2559 2556 2557
f 2556 2559 2558
f 2560 2559 2557
f 2559 2561 2558
f 2562 2559 2560
f 2559 2562 2561
f 2563 2562 2560
f 2562 2564 2561
f 2562 2563 2564
f 2565 2566 2567
f 2565 2567 2568
f 2569 2565 2568
f 2568 2567 2570
f 2571 2569 2568
f 2572 2568 2570
f 2571 2568 2572
f 2572 2570 2573
f 2574 2571 2572
f 2575 2572 2573
f 2574 2572 2575
f 2575 2573 2576
f 2577 2574 2575
f 2578 2575 2576
f 2577 2575 2578
f 2578 2576 2579
f 2580 2577 2578
f 2581 2578 2579
f 2580 2578 2581
f 2581 2579 2582
f 2583 2580 2581
f 2584 2581 2582
f 2583 2581 2584
f 2584 2582 2585
f 2586 2584 2585
f 2587 2583 2584
f 2587 2584 2586
f 2586 2585 2588
f 2589 2587 2586
f 2590 2586 2588
f 2591 2589 2586
f 2592 2586 2590
f 2591 2586 2592
f 2593 2592 2590
f 2594 2591 2592
f 2595 2592 2593
f 2595 2594 2592
f 2596 2595 2593
f 2595 2596 2594
f 2596 2593 2597
f 2596 2598 2594
f 2599 2596 2597
f 2596 2599 2598
f 2599 2597 2600
f 2599 2601 2598
f 2602 2599 2600
f 2599 2602 2601
f 2602 2600 2603
f 2602 2604 2601
f 2605 2602 2603
f 2602 2605 2604
f 2605 2603 2606
f 2605 2607 2604
f 2608 2605 2606
f 2605 2608 2607
f 2608 2606 2609
f 2608 2610 2607
f 2611 2608 2609
f 2608 2611 2610
f 2611 2609 2612
f 2610 2611 2613
f 2611 2612 2613
f 2612 2614 2613
f 2614 2615 2613
f 2613 2615 2616
f 2614 2617 2615
f 2615 2618 2616
f 2617 2619 2615
f 2615 2619 2618
f 2617 2620 2619
f 2619 2621 2618
f 2620 2622 2619
f 2619 2622 2621
f 2620 2623 2622
f 2622 2624 2621
f 2623 2625 2622
f 2622 2625 2624
f 2623 2626 2625
f 2625 2627 2624
f 2626 2628 2625
f 2625 2628 2627
f 2626 2629 2628
f 2628 2630 2627
f 2629 2631 2628
f 2628 2631 2630
f 2629 2632 2631
f 2632 2633 2631
f 2631 2634 2630
f 2631 2633 2634
f 2632 2635 2633
f 2633 2636 2634
f 2635 2637 2633
f 2633 2638 2636
f 2637 2639 2633
f 2633 2639 2638
f 2637 2640 2639
f 2639 2641 2638
f 2640 2642 2639
f 2639 2642 2641
f 2640 2643 2642
f 2643 2641 2642
f 2644 2643 2640
f 2643 2645 2641
f 2646 2643 2644
f 2643 2646 2645
f 2647 2646 2644
f 2646 2648 2645
f 2649 2646 2647
f 2646 2649 2648
f 2650 2649 2647
f 2649 2651 2648
f 2652 2649 2650
f 2649 2652 2651
f 2653 2652 2650
f 2652 2654 2651
f 2655 2652 2653
f 2652 2655 2654
f 2656 2655 2653
f 2655 2657 2654
f 2658 2655 2656
f 2655 2658 2657
f 2659 2658 2656
f 2658 2660 2657
f 2658 2659 2660
f 2661 2662 2663
f 2661 2663 2664
f 2665 2661 2664
f 2664 2663 2666
f 2667 2665 2664
f 2668 2664 2666
f 2667 2664 2668
f 2668 2666 2669
f 2670 2667 2668
f 2671 2668 2669
f 2670 2668 2671
f 2671 2669 2672
f 2673 2670 2671
f 2674 2671 2672
f 2673 2671 2674
f 2674 2672 2675
f 2676 2673 2674
f 2677 2674 2675
f 2676 2674 2677
f 2677 2675 2678
f 2679 2676 2677
f 2680 2677 2678
f 2679 2677 2680
f 2680 2678 2681
f 2682 2680 2681
f 2683 2679 2680
f 2683 2680 2682
f 2682 2681 2684
f 2685 2683 2682
f 2686 2682 2684
f 2687 2685 2682
f 2688 2682 2686
f 2687 2682 2688
f 2689 2688 2686
f 2690 2687 2688
f 2691 2688 2689
f 2691 2690 2688
f 2692 2691 2689
f 2691 2692 2690
f 2692 2689 2693
f 2692 2694 2690
f 2695 2692 2693
f 2692 2695 2694
f 2695 2693 2696
f 2695 2697 2694
f 2698 2695 2696
f 2695 2698 2697
f 2698 2696 2699
f 2698 2700 2697
f 2701 2698 2699
f 2698 2701 2700
f 2701 2699 2702
f 2701 2703 2700
f 2704 2701 2702
f 2701 2704 2703
f 2704 2702 2705
f 2704 2706 2703
f 2707 2704 2705
f 2704 2707 2706
f 2707 2705 2708
f 2706 2707 2709
f 2707 2708 2709
f 2708 2710 2709
f 2710 2711 2709
f 2709 2711 2712
f 2710 2713 2711
f 2711 2714 2712
f 2713 2715 2711
f 2711 2715 2714
f 2713 2716 2715
f 2715 2717 2714
f 2716 2718 2715
f 2715 2718 2717
f 2716 2719 2718
f 2718 2720 2717
f 2719 2721 2718
f 2718 2721 2720
f 2719 2722 2721
f 2721 2723 2720
f 2722 2724 2721
f 2721 2724 2723
f 2722 2725 2724
f 2724 2726 2723
f 2725 2727 2724
f 2724 2727 2726
f 2725 2728 2727
f 2728 2729 2727
f 2727 2730 2726
f 2727 2729 2730
f 2728 2731 2729
f 2729 2732 2730
f 2731 2733 2729
f 2729 2734 2732
f 2733 2735 2729
f 2729 2735 2734
f 2733 2736 2735
f 2735 2737 2734
f 2736 2738 2735
f 2735 2738 2737
f 2736 2739 2738
f 2739 2737 2738
f 2740 2739 2736
f 2739 2741 2737
f 2742 2739 2740
f 2739 2742 2741
f 2743 2742 2740
f 2742 2744 2741
f 2745 2742 2743
f 2742 2745 2744
f 2746 2745 2743
f 2745 2747 2744
f 2748 2745 2746
f 2745 2748 2747
f 2749 2748 2746
f 2748 2750 2747
f 2751 2748 2749
f 2748 2751 2750
f 2752 2751 2749
f 2751 2753 2750
f 2754 2751 2752
f 2751 2754 2753
f 2755 2754 2752
f 2754 2756 2753
f 2754 2755 2756
f 2757 2758 2759
f 2757 2759 2760
f 2761 2757 2760
f 2760 2759 2762
f 2763 2761 2760
f 2764 2760 2762
f 2763 2760 2764
f 2764 2762 2765
f 2766 2763 2764
f 2767 2764 2765
f 2766 2764 2767
f 2767 2765 2768
f 2769 2766 2767
f 2770 2767 2768
f 2769 2767 2770
f 2770 2768 2771
f 2772 2769 2770
f 2773 2770 2771
f 2772 2770 2773
f 2773 2771 2774
f 2775 2772 2773
f 2776 2773 2774
f 2775 2773 2776
f 2776 2774 2777
f 2778 2776 2777
f 2779 2775 2776
f 2779 2776 2778
f 2778 2777 2780
f 2781 2779 2778
f 2782 2778 2780
f 2783 2781 2778
f 2784 2778 2782
f 2783 2778 2784
f 2785 2784 2782
f 2786 2783 2784
f 2787 2784 2785
f 2787 2786 2784
f 2788 2787 2785
f 2787 2788 2786
f 2788 2785 2789
f 2788 2790 2786
f 2791 2788 2789
f 2788 2791 2790
f 2791 2789 2792
f 2791 2793 2790
f 2794 2791 2792
f 2791 2794 2793
f 2794 2792 2795
f 2794 2796 2793
f 2797 2794 2795
f 2794 2797 2796
f 2797 2795 2798
f 2797 2799 2796
f 2800 2797 2798
f 2797 2800 2799
f 2800 2798 2801
f 2800 2802 2799
f 2803 2800 2801
f 2800 2803 2802
f 2803 2801 2804
f 2802 2803 2805
f 2803 2804 2805
f 2804 2806 2805
f 2806 2807 2805
f 2805 2807 2808
f 2806 2809 2807
f 2807 2810 2808
f 2809 2811 2807
f 2807 2811 2810
f 2809 2812 2811
f 2811 2813 2810
f 2812 2814 2811
f 2811 2814 2813
f 2812 2815 2814
f 2814 2816 2813
f 2815 2817 2814
f 2814 2817 2816
f 2815 2818 2817
f 2817 2819 2816
f 2818 2820 2817
f 2817 2820 2819
f 2818 2821 2820
f 2820 2822 2819
f 2821 2823 2820
f 2820 2823 2822
f 2821 2824 2823
f 2824 2825 2823
f 2823 2826 2822
f 2823 2825 2826
f 2824 2827 2825
f 2825 2828 2826
f 2827 2829 2825
f 2825 2830 2828
f 2829 2831 2825
f 2825 2831 2830
f 2829 2832 2831
f 2831 2833 2830
f 2832 2834 2831
f 2831 2834 2833
f 2832 2835 2834
f 2835 2833 2834
f 2836 2835 2832
f 2835 2837 2833
f 2838 2835 2836
f 2835 2838 2837
f 2839 2838 2836
f 2838 2840 2837
f 2841 2838 2839
f 2838 2841 2840
f 2842 2841 2839
f 2841 2843 2840
f 2844 2841 2842
f 2841 2844 2843
f 2845 2844 2842
f 2844 2846 2843
f 2847 2844 2845
f 2844 2847 2846
f 2848 2847 2845
f 2847 2849 2846
f 2850 2847 2848
f 2847 2850 2849
f 2851 2850 2848
f 2850 2852 2849
f 2850 2851 2852
f 2853 2854 2855
f 2854 2856 2855
f 2854 2857 2856
f 2857 2858 2856
f 2854 2859 2857
f 2859 2854 2860
f 2857 2859 2861
f 2859 2860 2861
f 2862 2863 2864
f 2865 2862 2864
f 2865 2864 2866
f 2867 2865 2866
f 2862 2865 2867
f 2868 2862 2867
f 2869 2870 2871
f 2869 2871 2872
f 2873 2869 2872
f 2873 2872 2874
f 2872 2871 2874
f 2874 2871 2875
f 2876 2877 2878
f 2876 2878 2879
f 2880 2876 2879
f 2880 2879 2881
f 2879 2878 2881
f 2881 2878 2882
f 2883 2884 2885
f 2886 2883 2885
f 2886 2885 2887
f 2888 2886 2887
f 2883 2886 2888
f 2889 2883 2888
f 2890 2891 2892
f 2890 2893 2891
f 2894 2890 2892
f 2895 2894 2892
f 2893 2890 2896
f 2893 2896 2897
f 2890 2898 2896
f 2890 2899 2898
f 2899 2890 2900
f 2890 2901 2900
f 2902 2893 2897
f 2890 2903 2901
f 2902 2897 2904
f 2905 2902 2904
f 2906 2905 2904
f 2906 2904 2907
f 2908 2906 2907
f 2908 2907 2909
f 2910 2908 2909
f 2910 2909 2911
f 2903 2890 2912
f 2913 2910 2911
f 2913 2911 2914
f 2913 2914 2915
f 2916 2913 2915
f 2916 2915 2917
f 2918 2916 2917
f 2918 2917 2919
f 2920 2918 2919
f 2920 2919 2921
f 2922 2920 2921
f 2890 2923 2912
f 2922 2921 2924
f 2925 2922 2924
f 2890 2926 2923
f 2926 2890 2927
f 2890 2928 2927
f 2890 2929 2928
f 2929 2930 2928
f 2931 2925 2924
f 2929 2932 2930
f 2932 2929 2933
f 2929 2934 2933
f 2929 2935 2934
f 2935 2929 2936
f 2929 2937 2936
f 2937 2929 2938
f 2929 2939 2938
f 2931 2924 2940
f 2929 2940 2939
f 2941 2931 2940
f 2941 2940 2929
f 2931 2941 2942
f 2943 2931 2942
f 2944 2941 2929
f 2942 2945 2943
f 2945 2946 2943
f 2945 2947 2946
f 2948 2944 2929
f 2949 2948 2929
f 2950 2949 2929
f 2950 2929 2951
f 2952 2950 2951
f 2945 2953 2947
f 2953 2954 2947
f 2953 2955 2954
f 2952 2951 2956
f 2953 2957 2955
f 2951 2958 2956
f 2957 2959 2955
f 2951 2960 2958
f 2957 2961 2959
f 2961 2957 2962
f 2961 2963 2959
f 2957 2964 2962
f 2963 2965 2959
f 2963 2966 2965
f 2966 2967 2965
f 2966 2968 2967
f 2968 2969 2967
f 2957 2970 2964
f 2968 2971 2969
f 2971 2972 2969
f 2971 2973 2972
f 2973 2971 2974
f 2975 2973 2974
f 2975 2974 2976
f 2977 2975 2976
f 2977 2976 2978
f 2979 2977 2978
f 2979 2978 2980
f 2981 2979 2980
f 2981 2980 2982
f 2983 2981 2982
f 2983 2982 2984
f 2895 2983 2984
f 2895 2984 2985
f 2894 2895 2985
f 2894 2985 2986
f 2894 2986 2987
f 2988 2894 2987
f 2894 2988 2989
f 2894 2989 2990
f 2991 2894 2990
f 2991 2990 2992
f 2991 2992 2993
f 2894 2991 2994
f 2995 2991 2993
f 2894 2994 2996
f 2995 2993 2997
f 2998 2894 2996
f 2894 2998 2999
f 2894 2999 3000
f 3001 2995 2997
f 2995 3001 3002
f 2995 3002 3003
f 3004 2894 3000
f 3005 2995 3003
f 3004 3000 3006
f 3005 3003 3007
f 3004 3006 3008
f 3009 3004 3008
f 3010 3005 3007
f 3005 3010 3011
f 3005 3011 3012
f 3009 3013 3004
f 2970 3005 3012
f 2970 3012 3014
f 3015 2970 3014
f 2970 3015 3016
f 2970 3016 2964
f 3013 3017 3004
f 3004 3017 3018
f 3013 3019 3017
f 3019 3013 3020
f 3021 3004 3018
f 3013 3022 3020
f 3004 3021 3023
f 3022 3024 3020
f 3004 3023 3025
f 3022 3026 3024
f 3026 3022 3027
f 3022 3028 3027
f 3022 3029 3028
f 3029 3030 3028
f 3029 3031 3030
f 3031 3029 3032
f 3029 3033 3032
f 3029 3034 3033
f 3034 3035 3033
f 3034 3036 3035
f 3036 3034 3037
f 3034 3038 3037
f 3034 3039 3038
f 3039 3040 3038
f 3039 3041 3040
f 3042 3041 3039
f 3042 3043 3041
f 3044 3042 3039
f 3042 3045 3043
f 3045 3046 3043
f 3045 3047 3046
f 3047 3048 3046
f 3047 3049 3048
f 3044 3039 3050
f 3051 3044 3050
f 3052 3051 3050
f 3049 3053 3048
f 3049 3054 3053
f 3054 3055 3053
f 3055 3056 3053
f 3055 3057 3056
f 3057 3058 3056
f 3057 3059 3058
f 3059 3060 3058
f 3059 3061 3060
f 3061 3062 3060
f 3061 3063 3062
f 3063 3064 3062
f 3063 3065 3064
f 3065 3066 3064
f 3065 3067 3066
f 3067 3068 3066
f 3067 3004 3068
f 3068 3004 3025
f 3067 3069 3004
f 3069 3070 3004
f 3069 3071 3070
f 3071 3072 3070
f 3070 3072 3073
f 3070 3073 3074
f 3070 3074 3075
f 3076 3070 3075
f 3070 3076 3077
f 3072 3078 3073
f 3072 3079 3078
f 3080 3070 3077
f 3079 3081 3078
f 3079 3082 3081
f 3082 3083 3081
f 3083 3084 3081
f 3083 3085 3084
f 3085 3086 3084
f 3085 3087 3086
f 3087 3088 3086
f 3070 3080 3089
f 3087 3090 3088
f 3090 3091 3088
f 3090 3092 3091
f 3090 3093 3092
f 3093 3094 3092
f 3093 3095 3094
f 3095 3096 3094
f 3095 3097 3096
f 3097 3098 3096
f 3097 3099 3098
f 3099 3100 3098
f 3099 3101 3100
f 3101 3102 3100
f 3102 3101 3103
f 3102 3103 3104
f 3105 3102 3104
f 3102 3105 3106
f 3105 3107 3106
f 3105 3108 3107
f 3108 3105 3109
f 3105 3110 3109
f 3105 3111 3110
f 3111 3105 3112
f 3105 3113 3112
f 3105 3114 3113
f 3114 3105 3115
f 3104 3103 3116
f 3103 3117 3116
f 3105 3104 3118
f 3117 3119 3116
f 3117 3120 3119
f 3120 3052 3119
f 3052 3050 3119
f 3121 3105 3118
f 3105 3121 3122
f 3105 3122 3123
f 3124 3105 3123
f 3125 3124 3123
f 3105 3070 3115
f 3124 3125 3126
f 3070 3127 3115
f 3070 3128 3127
f 3128 3070 3129
f 3070 3089 3129
f 3124 3126 3130
f 3131 3124 3130
f 3132 3124 3131
f 3132 3133 3124
f 3133 3134 3124
f 3134 3135 3124
f 3135 3136 3124
f 3136 3137 3124
f 3137 3138 3124
f 3138 3139 3124
f 3139 3140 3124
f 3140 3141 3124
f 3141 3142 3124
f 3142 3143 3124
f 3142 3144 3143
f 3144 3145 3143
f 3145 3146 3143
f 3146 3147 3143
f 3147 3148 3143
f 3148 3149 3143
f 3149 3150 3143
f 3150 3151 3143
f 3151 3152 3143
f 3152 3153 3143
f 3153 3154 3143
f 3153 3155 3154
f 3156 3143 3154
f 3155 3157 3154
f 3156 3158 3143
f 3155 3159 3157
f 3159 3160 3157
f 3159 3161 3160
f 3161 3162 3160
f 3161 3163 3162
f 3163 3164 3162
f 3163 3165 3164
f 3165 3166 3164
f 3158 3167 3143
f 3165 3168 3166
f 3168 3169 3166
f 3168 3170 3169
f 3170 3168 3171
f 3172 3170 3171
f 3172 3171 3173
f 3174 3172 3173
f 3174 3173 3175
f 3176 3174 3175
f 3176 3175 3177
f 3178 3176 3177
f 3178 3177 3179
f 3180 3178 3179
f 3132 3180 3179
f 3180 3132 3131
f 3180 3131 3181
f 3182 3180 3181
f 3182 3181 3183
f 3184 3182 3183
f 3185 3184 3183
f 3185 3183 3186
f 3187 3185 3186
f 3188 3187 3186
f 3188 3186 3189
f 3190 3188 3189
f 3191 3190 3189
f 3191 3192 3190
f 3193 3191 3189
f 3192 3191 3194
f 3195 3193 3189
f 3196 3192 3194
f 3196 3194 3197
f 3198 3196 3197
f 3198 3197 3199
f 3195 3189 3200
f 3201 3198 3199
f 3201 3199 3202
f 3201 3202 3203
f 3204 3201 3203
f 3204 3203 3205
f 3206 3204 3205
f 3206 3205 3207
f 3208 3206 3207
f 3208 3207 3209
f 3210 3208 3209
f 3210 3209 3211
f 3212 3210 3211
f 3212 3211 3213
f 3214 3212 3213
f 3215 3214 3213
f 3215 3213 3216
f 3167 3215 3216
f 3158 3215 3167
f 3167 3216 3217
f 3218 3167 3217
f 3167 3218 3219
f 3167 3219 3220
f 3221 3167 3220
f 3167 3221 3222
f 3221 3223 3222
f 3223 3224 3222
f 3167 3222 3225
f 3224 3226 3222
f 3227 3167 3225
f 3224 3228 3226
f 3228 3229 3226
f 3229 3230 3226
f 3230 3231 3226
f 3231 3232 3226
f 3231 3233 3232
f 3233 3234 3232
f 3234 3235 3232
f 3235 3236 3232
f 3236 3200 3232
f 3236 3237 3200
f 3237 3238 3200
f 3238 3239 3200
f 3239 3195 3200
f 3167 3227 3240
f 3167 3240 3241
f 3242 3241 3240
f 3241 3242 3243
f 3241 3243 3244
f 3245 3241 3244
f 3246 3167 3241
f 3246 3241 3245
f 3247 3246 3245
f 3247 3248 3246
f 3248 3249 3246
f 3246 3249 3250
f 3248 3251 3249
f 3251 3248 3252
f 3246 3250 3253
f 3248 3254 3252
f 3255 3246 3253
f 3254 3256 3252
f 3246 3255 3257
f 3254 3258 3256
f 3258 3254 3259
f 3254 3260 3259
f 3254 3261 3260
f 3261 3262 3260
f 3261 3263 3262
f 3263 3261 3264
f 3261 3265 3264
f 3261 3266 3265
f 3266 3267 3265
f 3266 3268 3267
f 3268 3266 3269
f 3266 3270 3269
f 3266 3271 3270
f 3271 3272 3270
f 3271 3273 3272
f 3274 3273 3271
f 3275 3274 3271
f 3274 3276 3273
f 3276 3277 3273
f 3276 3278 3277
f 3278 3279 3277
f 3278 3280 3279
f 3280 3281 3279
f 3275 3271 3282
f 3283 3275 3282
f 3284 3283 3282
f 3280 3285 3281
f 3285 3286 3281
f 3285 3287 3286
f 3285 3288 3287
f 3288 3289 3287
f 3288 3290 3289
f 3290 3291 3289
f 3290 3292 3291
f 3292 3293 3291
f 3292 3294 3293
f 3294 3295 3293
f 3294 3296 3295
f 3296 3297 3295
f 3296 3298 3297
f 3298 3299 3297
f 3299 3300 3297
f 3299 3246 3300
f 3246 3257 3300
f 3246 3299 3301
f 3302 3246 3301
f 3302 3301 3303
f 3304 3302 3303
f 3302 3304 3305
f 3302 3305 3306
f 3307 3302 3306
f 3302 3307 3308
f 3302 3308 3309
f 3304 3310 3305
f 3304 3311 3310
f 3311 3312 3310
f 3311 3313 3312
f 3313 3314 3312
f 3313 3315 3314
f 3315 3316 3314
f 3315 3317 3316
f 3317 3318 3316
f 3317 3319 3318
f 3320 3302 3309
f 3319 3321 3318
f 3319 3322 3321
f 3322 3323 3321
f 3323 3324 3321
f 3323 3325 3324
f 3325 3326 3324
f 3325 3327 3326
f 3327 3328 3326
f 3327 3329 3328
f 3329 3330 3328
f 3302 3320 3331
f 3329 3332 3330
f 3332 3333 3330
f 3302 3331 3334
f 3332 3335 3333
f 3336 3302 3334
f 3302 3336 3337
f 3302 3337 3338
f 2951 3302 3338
f 2951 3338 3339
f 3340 2951 3339
f 2951 3340 3341
f 2951 3341 3342
f 3343 2951 3342
f 2951 3343 3344
f 2951 3344 3345
f 3346 2951 3345
f 2951 3346 3347
f 2951 3347 3335
f 2960 2951 3335
f 2960 3335 3348
f 3348 3335 3332
f 3349 2960 3348
f 3348 3350 3349
f 3350 3351 3349
f 3350 3352 3351
f 3352 3284 3351
f 3284 3282 3351
f 3353 3354 3355
f 3353 3355 3356
f 3354 3353 3357
f 3357 3353 3356
f 3358 3359 3360
f 3358 3360 3361
f 3359 3358 3362
f 3362 3358 3361
f 3363 3364 3365
f 3363 3365 3366
f 3364 3363 3367
f 3367 3363 3366
f 3368 3369 3370
f 3368 3370 3371
f 3369 3368 3372
f 3372 3368 3371
f 3373 3374 3375
f 3376 3373 3375
f 3373 3376 3377
f 3373 3377 3378
f 3379 3373 3378
f 3373 3379 3380
f 3373 3381 3374
f 3373 3380 3382
f 3381 3373 3383
f 3381 3383 3384
f 3373 3385 3383
f 3386 3381 3384
f 3387 3386 3384
f 3388 3387 3384
f 3373 3389 3385
f 3388 3384 3390
f 3389 3373 3391
f 3392 3388 3390
f 3393 3392 3390
f 3394 3393 3390
f 3395 3394 3390
f 3395 3390 3396
f 3397 3395 3396
f 3398 3397 3396
f 3399 3398 3396
f 3399 3396 3400
f 3401 3399 3400
f 3373 3402 3391
f 3403 3401 3400
f 3373 3404 3402
f 3404 3405 3402
f 3404 3406 3405
f 3406 3404 3407
f 3404 3408 3407
f 3409 3403 3400
f 3409 3400 3410
f 3403 3409 3411
f 3412 3409 3410
f 3411 3409 3413
f 3411 3413 3414
f 3415 3411 3414
f 3415 3414 3416
f 3417 3415 3416
f 3417 3416 3418
f 3419 3417 3418
f 3420 3412 3410
f 3419 3418 3421
f 3422 3419 3421
f 3423 3422 3421
f 3423 3421 3424
f 3425 3423 3424
f 3425 3424 3426
f 3427 3425 3426
f 3427 3426 3428
f 3429 3427 3428
f 3429 3428 3430
f 3431 3429 3430
f 3431 3430 3432
f 3433 3431 3432
f 3433 3432 3434
f 3382 3433 3434
f 3435 3382 3434
f 3436 3382 3435
f 3436 3373 3382
f 3437 3436 3435
f 3436 3437 3438
f 3436 3438 3439
f 3440 3436 3439
f 3436 3440 3441
f 3436 3441 3442
f 3443 3436 3442
f 3436 3443 3444
f 3436 3444 3445
f 3446 3436 3445
f 3446 3445 3447
f 3448 3446 3447
f 3446 3448 3449
f 3446 3449 3450
f 3451 3446 3450
f 3446 3451 3452
f 3446 3452 3453
f 3454 3446 3453
f 3446 3454 3420
f 3446 3420 3455
f 3455 3420 3410
f 3456 3446 3455
f 3446 3456 3457
f 3446 3457 3458
f 3459 3446 3458
f 3446 3459 3460
f 3446 3460 3461
f 3462 3446 3461
f 3463 3462 3461
f 3462 3463 3464
f 3462 3464 3465
f 3466 3462 3465
f 3462 3466 3467
f 3462 3467 3468
f 3469 3462 3468
f 3469 3468 3470
f 3462 3469 3471
f 3472 3462 3471
f 3462 3472 3473
f 3474 3469 3470
f 3475 3462 3473
f 3476 3474 3470
f 3462 3475 3477
f 3462 3477 3478
f 3479 3462 3478
f 3462 3479 3480
f 3462 3480 3481
f 3482 3462 3481
f 3482 3481 3483
f 3484 3482 3483
f 3482 3484 3485
f 3482 3485 3486
f 3487 3482 3486
f 3482 3487 3488
f 3482 3488 3489
f 3490 3482 3489
f 3482 3490 3491
f 3482 3491 3492
f 3493 3482 3492
f 3491 3494 3492
f 3494 3495 3492
f 3494 3496 3495
f 3494 3497 3496
f 3497 3498 3496
f 3497 3499 3498
f 3499 3500 3498
f 3499 3501 3500
f 3501 3502 3500
f 3501 3503 3502
f 3503 3504 3502
f 3503 3505 3504
f 3493 3492 3506
f 3505 3507 3504
f 3507 3505 3508
f 3507 3508 3509
f 3510 3507 3509
f 3510 3509 3511
f 3512 3510 3511
f 3512 3511 3513
f 3514 3512 3513
f 3514 3513 3515
f 3516 3514 3515
f 3517 3493 3506
f 3516 3515 3476
f 3493 3517 3518
f 3493 3518 3519
f 3520 3493 3519
f 3493 3520 3521
f 3493 3521 3522
f 3523 3516 3476
f 3524 3493 3522
f 3523 3476 3525
f 3525 3476 3470
f 3526 3523 3525
f 3527 3526 3525
f 3527 3525 3528
f 3529 3527 3528
f 3530 3529 3528
f 3531 3530 3528
f 3531 3528 3532
f 3533 3531 3532
f 3534 3533 3532
f 3535 3534 3532
f 3536 3535 3532
f 3536 3532 3537
f 3538 3536 3537
f 3539 3538 3537
f 3524 3539 3537
f 3524 3537 3540
f 3493 3524 3540
f 3493 3540 3541
f 3542 3493 3541
f 3493 3542 3543
f 3493 3543 3544
f 3545 3493 3544
f 3545 3544 3546
f 3547 3545 3546
f 3545 3547 3548
f 3545 3548 3549
f 3550 3545 3549
f 3545 3550 3551
f 3545 3551 3552
f 3550 3549 3553
f 3554 3545 3552
f 3555 3550 3553
f 3556 3555 3553
f 3557 3556 3553
f 3545 3554 3558
f 3557 3553 3559
f 3545 3558 3560
f 3561 3557 3559
f 3562 3545 3560
f 3545 3562 3563
f 3564 3561 3559
f 3565 3564 3559
f 3566 3565 3559
f 3545 3563 3567
f 3566 3559 3568
f 3569 3566 3568
f 3570 3569 3568
f 3571 3570 3568
f 3571 3568 3572
f 3573 3571 3572
f 3574 3573 3572
f 3575 3545 3567
f 3576 3574 3572
f 3574 3576 3577
f 3576 3572 3578
f 3576 3579 3577
f 3580 3576 3578
f 3579 3581 3577
f 3579 3582 3581
f 3582 3583 3581
f 3582 3584 3583
f 3584 3585 3583
f 3584 3586 3585
f 3587 3580 3578
f 3586 3588 3585
f 3586 3589 3588
f 3589 3590 3588
f 3590 3591 3588
f 3590 3592 3591
f 3592 3593 3591
f 3592 3594 3593
f 3594 3595 3593
f 3594 3596 3595
f 3596 3597 3595
f 3596 3598 3597
f 3598 3599 3597
f 3598 3600 3599
f 3600 3601 3599
f 3600 3567 3601
f 3567 3600 3602
f 3575 3567 3602
f 3575 3602 3603
f 3604 3575 3603
f 3575 3604 3605
f 3606 3575 3605
f 3575 3606 3607
f 3575 3607 3608
f 3609 3575 3608
f 3575 3609 3610
f 3575 3610 3611
f 3612 3575 3611
f 3612 3611 3613
f 3612 3613 3614
f 3615 3612 3614
f 3612 3615 3616
f 3612 3616 3617
f 3618 3612 3617
f 3612 3618 3619
f 3612 3619 3620
f 3587 3612 3620
f 3612 3587 3621
f 3587 3578 3621
f 3612 3621 3622
f 3623 3612 3622
f 3612 3623 3624
f 3612 3624 3625
f 3626 3612 3625
f 3626 3627 3612
f 3627 3628 3612
f 3627 3629 3628
f 3629 3630 3628
f 3630 3631 3628
f 3631 3632 3628
f 3632 3633 3628
f 3633 3634 3628
f 3634 3635 3628
f 3634 3636 3635
f 3637 3628 3635
f 3628 3637 3638
f 3628 3638 3639
f 3636 3640 3635
f 3641 3628 3639
f 3636 3642 3640
f 3628 3641 3643
f 3628 3643 3644
f 3645 3628 3644
f 3628 3645 3646
f 3628 3646 3647
f 3648 3628 3647
f 3648 3647 3649
f 3650 3648 3649
f 3648 3650 3651
f 3648 3651 3652
f 3653 3648 3652
f 3648 3653 3654
f 3648 3654 3655
f 3656 3648 3655
f 3648 3656 3657
f 3648 3657 3658
f 3404 3648 3658
f 3404 3658 3659
f 3660 3404 3659
f 3658 3657 3661
f 3662 3658 3661
f 3662 3661 3663
f 3664 3662 3663
f 3664 3663 3665
f 3666 3664 3665
f 3666 3665 3667
f 3668 3666 3667
f 3668 3667 3669
f 3670 3668 3669
f 3670 3669 3671
f 3672 3670 3671
f 3672 3671 3673
f 3674 3672 3673
f 3675 3674 3673
f 3675 3673 3676
f 3677 3675 3676
f 3677 3676 3678
f 3679 3677 3678
f 3679 3678 3680
f 3681 3679 3680
f 3681 3680 3682
f 3683 3681 3682
f 3683 3682 3642
f 3683 3642 3684
f 3684 3642 3636
f 3685 3683 3684
f 3686 3685 3684
f 3686 3684 3687
f 3688 3686 3687
f 3689 3688 3687
f 3690 3689 3687
f 3690 3687 3691
f 3692 3690 3691
f 3693 3692 3691
f 3694 3693 3691
f 3695 3694 3691
f 3695 3691 3696
f 3697 3695 3696
f 3698 3697 3696
f 3699 3698 3696
f 3699 3696 3408
f 3404 3699 3408
f 3699 3404 3700
f 3404 3701 3700
f 3404 3702 3701
f 3702 3404 3703
f 3404 3704 3703
f 3404 3660 3704
f 3705 3706 3707
f 3705 3707 3708
f 3706 3705 3709
f 3709 3705 3708
f 3710 3711 3712
f 3710 3712 3713
f 3711 3710 3714
f 3714 3710 3713
f 3715 3716 3717
f 3715 3717 3718
f 3716 3715 3719
f 3719 3715 3718
f 3720 3721 3722
f 3720 3722 3723
f 3721 3720 3724
f 3724 3720 3723
f 3725 3726 3727
f 3725 3727 3728
f 3726 3725 3729
f 3729 3725 3728
f 3730 3731 3732
f 3730 3732 3733
f 3731 3730 3734
f 3734 3730 3733
f 3735 3736 3737
f 3735 3737 3738
f 3736 3735 3739
f 3739 3735 3738
f 3740 3741 3742
f 3740 3742 3743
f 3741 3740 3744
f 3744 3740 3743
f 3745 3746 3747
f 3748 3745 3747
f 3745 3749 3746
f 3749 3745 3748
f 3750 3751 3752
f 3753 3750 3752
f 3750 3754 3751
f 3754 3750 3753
f 3755 3756 3757
f 3758 3755 3757
f 3755 3759 3756
f 3759 3755 3758
f 3760 3761 3762
f 3760 3762 3763
f 3761 3760 3764
f 3764 3760 3763
f 3765 3766 3767
f 3765 3767 3768
f 3766 3765 3769
f 3769 3765 3768
f 3770 3771 3772
f 3773 3770 3772
f 3770 3773 3774
f 3770 3774 3775
f 3776 3770 3775
f 3770 3776 3777
f 3770 3778 3771
f 3770 3777 3779
f 3770 3780 3778
f 3780 3781 3778
f 3780 3782 3781
f 3783 3770 3779
f 3783 3779 3784
f 3783 3784 3785
f 3782 3780 3786
f 3787 3783 3785
f 3780 3788 3786
f 3783 3787 3789
f 3780 3790 3788
f 3783 3789 3791
f 3790 3780 3792
f 3780 3793 3792
f 3780 3794 3793
f 3780 3795 3794
f 3795 3796 3794
f 3795 3797 3796
f 3798 3783 3791
f 3783 3798 3799
f 3783 3799 3800
f 3795 3783 3800
f 3797 3795 3801
f 3795 3800 3802
f 3795 3803 3801
f 3795 3802 3804
f 3795 3805 3803
f 3805 3795 3804
f 3806 3807 3808
f 3806 3808 3809
f 3807 3806 3810
f 3810 3806 3809
f 3811 3812 3813
f 3814 3811 3813
f 3811 3814 3815
f 3811 3815 3816
f 3817 3811 3816
f 3811 3817 3818
f 3811 3819 3812
f 3811 3818 3820
f 3811 3821 3819
f 3821 3822 3819
f 3821 3823 3822
f 3824 3811 3820
f 3824 3820 3825
f 3824 3825 3826
f 3823 3821 3827
f 3828 3824 3826
f 3821 3829 3827
f 3824 3828 3830
f 3821 3831 3829
f 3824 3830 3832
f 3831 3821 3833
f 3821 3834 3833
f 3821 3835 3834
f 3821 3836 3835
f 3836 3837 3835
f 3836 3838 3837
f 3839 3824 3832
f 3824 3839 3840
f 3824 3840 3841
f 3836 3824 3841
f 3838 3836 3842
f 3836 3841 3843
f 3836 3844 3842
f 3836 3843 3845
f 3836 3846 3844
f 3846 3836 3845
f 3847 3848 3849
f 3850 3847 3849
f 3847 3850 3851
f 3847 3851 3852
f 3853 3847 3852
f 3847 3853 3854
f 3847 3855 3848
f 3847 3854 3856
f 3847 3857 3855
f 3857 3858 3855
f 3857 3859 3858
f 3860 3847 3856
f 3860 3856 3861
f 3860 3861 3862
f 3859 3857 3863
f 3864 3860 3862
f 3857 3865 3863
f 3860 3864 3866
f 3857 3867 3865
f 3860 3866 3868
f 3867 3857 3869
f 3857 3870 3869
f 3857 3871 3870
f 3857 3872 3871
f 3872 3873 3871
f 3872 3874 3873
f 3875 3860 3868
f 3860 3875 3876
f 3860 3876 3877
f 3872 3860 3877
f 3874 3872 3878
f 3872 3877 3879
f 3872 3880 3878
f 3872 3879 3881
f 3872 3882 3880
f 3882 3872 3881
f 3883 3884 3885
f 3883 3885 3886
f 3884 3883 3887
f 3887 3883 3886
f 3888 3889 3890
f 3891 3888 3890
f 3888 3891 3892
f 3888 3892 3893
f 3894 3888 3893
f 3888 3894 3895
f 3888 3896 3889
f 3888 3895 3897
f 3888 3898 3896
f 3898 3899 3896
f 3898 3900 3899
f 3901 3888 3897
f 3901 3897 3902
f 3901 3902 3903
f 3900 3898 3904
f 3905 3901 3903
f 3898 3906 3904
f 3901 3905 3907
f 3898 3908 3906
f 3901 3907 3909
f 3908 3898 3910
f 3898 3911 3910
f 3898 3912 3911
f 3898 3913 3912
f 3913 3914 3912
f 3913 3915 3914
f 3916 3901 3909
f 3901 3916 3917
f 3901 3917 3918
f 3913 3901 3918
f 3915 3913 3919
f 3913 3918 3920
f 3913 3921 3919
f 3913 3920 3922
f 3913 3923 3921
f 3923 3913 3922
f 3924 3925 3926
f 3924 3926 3927
f 3925 3924 3928
f 3928 3924 3927
f 3929 3930 3931
f 3932 3930 3929
f 3930 3933 3931
f 3930 3932 3933
f 3934 3935 3936
f 3937 3935 3934
f 3935 3938 3936
f 3935 3937 3938
