# ROS coordinates: X forward, Y left, Z up; units are metres.
o mesh
v 0.1660819 0.024692785 0.0555000044
v 0.166052923 0.02508458 0.0555000044
v 0.165581971 0.0247016288 0.0550000034
v 0.165797174 0.0250941 0.0552500039
v 0.165559739 0.0250023045 0.0550000034
v 0.165944964 0.0254867338 0.0555000044
v 0.165476888 0.02531094 0.0550000034
v 0.165669933 0.0254991874 0.0552500039
v 0.165752292 0.0258752983 0.0555000044
v 0.165329039 0.0256091375 0.0550000034
v 0.165445358 0.0258799121 0.0552500039
v 0.165479153 0.02622396 0.0555000044
v 0.16511941 0.0258767158 0.0550000034
v 0.165134132 0.0262023527 0.0552500039
v 0.165140375 0.0265092626 0.0555000044
v 0.164859414 0.026095666 0.0550000034
v 0.164761588 0.026440246 0.0552500039
v 0.164758861 0.0267155431 0.0555000044
v 0.164566636 0.0262539759 0.0550000034
v 0.164361253 0.0265817381 0.0552500039
v 0.164360791 0.0268376656 0.0555000044
v 0.163965836 0.0266305134 0.0552500039
v 0.164261118 0.0263476968 0.0550000034
v 0.163970262 0.02688047 0.0555000044
v 0.163961411 0.02638055 0.0550000034
v 0.163578466 0.0268515032 0.0555000044
v 0.163660735 0.0263583176 0.0550000034
v 0.163568944 0.0265957527 0.0552500039
v 0.163176313 0.026743535 0.0555000044
v 0.162968248 0.0263681076 0.0552500039
v 0.1633521 0.02627546 0.0550000034
v 0.162787735 0.026550876 0.0555000044
v 0.1630539 0.0261276029 0.0550000034
v 0.162439078 0.026277734 0.0555000044
v 0.16278632 0.0259179845 0.0550000034
v 0.162460685 0.025932705 0.0552500039
v 0.16215378 0.02593895 0.0555000044
v 0.1621399 0.0253613032 0.0552500039
v 0.162567377 0.0256579872 0.0550000034
v 0.161947489 0.0255574416 0.0555000044
v 0.162409067 0.0253652036 0.0550000034
v 0.161825374 0.025159359 0.0555000044
v 0.162315339 0.0250596926 0.0550000034
v 0.161782563 0.0247688331 0.0555000044
v 0.1622825 0.0247599911 0.0550000034
v 0.130902976 -0.024692785 0.0555000044
v 0.13140291 -0.0247016288 0.0550000034
v 0.131435752 -0.0244019218 0.0550000034
v 0.1312603 -0.024100313 0.0552500039
v 0.130945787 -0.024302261 0.0555000044
v 0.13152948 -0.0240964144 0.0550000034
v 0.131067917 -0.0239041727 0.0555000044
v 0.13168779 -0.023803629 0.0550000034
v 0.1312742 -0.0235226676 0.0555000044
v 0.1315811 -0.0235289149 0.0552500039
v 0.131906733 -0.02354363 0.0550000034
v 0.132088676 -0.0230935086 0.0552500039
v 0.131559491 -0.0231838785 0.0555000044
v 0.132174313 -0.0233340152 0.0550000034
v 0.131908149 -0.0229107421 0.0555000044
v 0.132472515 -0.0231861547 0.0550000034
v 0.132296726 -0.0227180813 0.0555000044
v 0.132689357 -0.0228658654 0.0552500039
v 0.132781148 -0.0231033 0.0550000034
v 0.133086249 -0.0228311047 0.0552500039
v 0.132698879 -0.02261011 0.0555000044
v 0.133081824 -0.0230810642 0.0550000034
v 0.133090675 -0.0225811452 0.0555000044
v 0.133381531 -0.02311392 0.0550000034
v 0.1334812 -0.0226239488 0.0555000044
v 0.133481666 -0.02287988 0.0552500039
v 0.133687034 -0.0232076384 0.0550000034
v 0.133879274 -0.0227460749 0.0555000044
v 0.133882 -0.02302137 0.0552500039
v 0.133979827 -0.02336595 0.0550000034
v 0.134260789 -0.0229523554 0.0555000044
v 0.134254545 -0.0232592616 0.0552500039
v 0.134239823 -0.0235848986 0.0550000034
v 0.134599581 -0.0232376531 0.0555000044
v 0.134565771 -0.0235817079 0.0552500039
v 0.134449437 -0.0238524787 0.0550000034
v 0.1348727 -0.0235863179 0.0555000044
v 0.134790346 -0.0239624325 0.0552500039
v 0.1345973 -0.0241506789 0.0550000034
v 0.135065377 -0.02397488 0.0555000044
v 0.134917587 -0.0243675169 0.0552500039
v 0.134680152 -0.02445931 0.0550000034
v 0.135173336 -0.02437704 0.0555000044
v 0.134702384 -0.0247599911 0.0550000034
v 0.135202318 -0.0247688331 0.0555000044
v 0.134669542 -0.0250596926 0.0550000034
v 0.134844989 -0.0253613032 0.0552500039
v 0.134575814 -0.0253652036 0.0550000034
v 0.1351595 -0.025159359 0.0555000044
v 0.135037392 -0.0255574416 0.0555000044
v 0.1344175 -0.0256579872 0.0550000034
v 0.1348311 -0.02593895 0.0555000044
v 0.1345242 -0.025932705 0.0552500039
v 0.134198561 -0.0259179845 0.0550000034
v 0.134016633 -0.0263681076 0.0552500039
v 0.1345458 -0.026277734 0.0555000044
v 0.133930981 -0.0261276029 0.0550000034
v 0.134197146 -0.026550876 0.0555000044
v 0.133632779 -0.02627546 0.0550000034
v 0.133808568 -0.026743535 0.0555000044
v 0.133415937 -0.0265957527 0.0552500039
v 0.133324146 -0.0263583176 0.0550000034
v 0.133019045 -0.0266305134 0.0552500039
v 0.133406416 -0.0268515032 0.0555000044
v 0.133023471 -0.02638055 0.0550000034
v 0.133014619 -0.02688047 0.0555000044
v 0.132723764 -0.0263476968 0.0550000034
v 0.13262409 -0.0268376656 0.0555000044
v 0.132623628 -0.0265817381 0.0552500039
v 0.132418245 -0.0262539759 0.0550000034
v 0.13222602 -0.0267155431 0.0555000044
v 0.1322233 -0.026440246 0.0552500039
v 0.132125467 -0.026095666 0.0550000034
v 0.1318445 -0.0265092626 0.0555000044
v 0.131850749 -0.0262023527 0.0552500039
v 0.131865472 -0.0258767158 0.0550000034
v 0.131505728 -0.02622396 0.0555000044
v 0.131539524 -0.0258799121 0.0552500039
v 0.131655842 -0.0256091375 0.0550000034
v 0.131232589 -0.0258752983 0.0555000044
v 0.131314948 -0.0254991874 0.0552500039
v 0.131508 -0.02531094 0.0550000034
v 0.131039917 -0.0254867338 0.0555000044
v 0.1311877 -0.0250941 0.0552500039
v 0.131425142 -0.0250023045 0.0550000034
v 0.130931959 -0.02508458 0.0555000044
v 0.13140291 -0.0247016288 0.0550000034
v 0.130902976 -0.024692785 0.0555000044
v 0.131787255 0.0252994 0.0555000044
v 0.132287174 0.0252905563 0.0550000034
v 0.132320032 0.02559026 0.0550000034
v 0.132144585 0.0258918684 0.0552500039
v 0.131830066 0.0256899241 0.0555000044
v 0.13241376 0.0258957688 0.0550000034
v 0.131952181 0.0260880068 0.0555000044
v 0.13257207 0.0261885542 0.0550000034
v 0.132158473 0.0264695156 0.0555000044
v 0.132465377 0.02646327 0.0552500039
v 0.132791013 0.0264485516 0.0550000034
v 0.132972956 0.0268986728 0.0552500039
v 0.132443771 0.026808301 0.0555000044
v 0.1330586 0.02665817 0.0550000034
v 0.132792428 0.0270814411 0.0555000044
v 0.1333568 0.0268060267 0.0550000034
v 0.133181 0.027274102 0.0555000044
v 0.133573636 0.027126316 0.0552500039
v 0.133665428 0.0268888846 0.0550000034
v 0.133970529 0.0271610767 0.0552500039
v 0.133583158 0.0273820683 0.0555000044
v 0.1339661 0.0269111134 0.0550000034
v 0.133974954 0.0274110362 0.0555000044
v 0.13426581 0.0268782638 0.0550000034
v 0.134365469 0.02736823 0.0555000044
v 0.134365946 0.0271123014 0.0552500039
v 0.134571314 0.0267845429 0.0550000034
v 0.134763554 0.02724611 0.0555000044
v 0.134766281 0.0269708112 0.0552500039
v 0.1348641 0.026626233 0.0550000034
v 0.135145068 0.0270398278 0.0555000044
v 0.135138825 0.02673292 0.0552500039
v 0.1351241 0.0264072828 0.0550000034
v 0.135483861 0.0267545264 0.0555000044
v 0.13545005 0.0264104772 0.0552500039
v 0.135333717 0.0261397045 0.0550000034
v 0.135756984 0.0264058635 0.0555000044
v 0.135674626 0.0260297526 0.0552500039
v 0.135481581 0.0258415043 0.0550000034
v 0.135949656 0.0260172989 0.0555000044
v 0.135801867 0.0256246645 0.0552500039
v 0.135564432 0.0255328715 0.0550000034
v 0.136057615 0.0256151445 0.0555000044
v 0.135586664 0.025232194 0.0550000034
v 0.136086583 0.025223352 0.0555000044
v 0.1355538 0.0249324888 0.0550000034
v 0.135729268 0.0246308781 0.0552500039
v 0.1354601 0.02462698 0.0550000034
v 0.136043787 0.0248328261 0.0555000044
v 0.135921657 0.0244347379 0.0555000044
v 0.135301784 0.024334196 0.0550000034
v 0.13571538 0.0240532346 0.0555000044
v 0.135408476 0.02405948 0.0552500039
v 0.135082841 0.0240741968 0.0550000034
v 0.1349009 0.0236240737 0.0552500039
v 0.135430083 0.0237144455 0.0555000044
v 0.134815246 0.02386458 0.0550000034
v 0.13508141 0.0234413072 0.0555000044
v 0.134517059 0.0237167217 0.0550000034
v 0.134692848 0.0232486464 0.0555000044
v 0.134300217 0.0233964287 0.0552500039
v 0.134208426 0.0236338656 0.0550000034
v 0.133903325 0.0233616717 0.0552500039
v 0.1342907 0.0231406763 0.0555000044
v 0.13390775 0.0236116312 0.0550000034
v 0.1338989 0.0231117085 0.0555000044
v 0.133608043 0.0236444846 0.0550000034
v 0.133508369 0.0231545158 0.0555000044
v 0.1335079 0.0234104432 0.0552500039
v 0.13330254 0.0237382054 0.0550000034
v 0.133110285 0.02327664 0.0555000044
v 0.133107573 0.0235519372 0.0552500039
v 0.133009747 0.0238965154 0.0550000034
v 0.132728785 0.02348292 0.0555000044
v 0.132735029 0.0237898286 0.0552500039
v 0.132749736 0.0241154656 0.0550000034
v 0.132389992 0.02376822 0.0555000044
v 0.132423788 0.024112273 0.0552500039
v 0.132540122 0.0243830457 0.0550000034
v 0.132116854 0.0241168849 0.0555000044
v 0.132199228 0.0244929977 0.0552500039
v 0.132392272 0.024681244 0.0550000034
v 0.1319242 0.0245054457 0.0555000044
v 0.132071972 0.024898082 0.0552500039
v 0.1323094 0.0249898769 0.0550000034
v 0.131816238 0.0249076057 0.0555000044
v 0.132287174 0.0252905563 0.0550000034
v 0.131787255 0.0252994 0.0555000044
v 0.165197626 -0.0252994 0.0555000044
v 0.165168643 -0.0249076057 0.0555000044
v 0.1646977 -0.0252905563 0.0550000034
v 0.164912909 -0.024898082 0.0552500039
v 0.164675474 -0.0249898769 0.0550000034
v 0.165060684 -0.0245054457 0.0555000044
v 0.164592609 -0.024681244 0.0550000034
v 0.164785653 -0.0244929977 0.0552500039
v 0.164868027 -0.0241168849 0.0555000044
v 0.164444759 -0.0243830457 0.0550000034
v 0.1645611 -0.024112273 0.0552500039
v 0.164594889 -0.02376822 0.0555000044
v 0.164235145 -0.0241154656 0.0550000034
v 0.164249852 -0.0237898286 0.0552500039
v 0.1642561 -0.02348292 0.0555000044
v 0.163975134 -0.0238965154 0.0550000034
v 0.163877308 -0.0235519372 0.0552500039
v 0.1638746 -0.02327664 0.0555000044
v 0.163682342 -0.0237382054 0.0550000034
v 0.163476974 -0.0234104432 0.0552500039
v 0.163476512 -0.0231545158 0.0555000044
v 0.163081557 -0.0233616717 0.0552500039
v 0.163376838 -0.0236444846 0.0550000034
v 0.163085982 -0.0231117085 0.0555000044
v 0.163077131 -0.0236116312 0.0550000034
v 0.162694186 -0.0231406763 0.0555000044
v 0.162776455 -0.0236338656 0.0550000034
v 0.162684664 -0.0233964287 0.0552500039
v 0.162292033 -0.0232486464 0.0555000044
v 0.162083983 -0.0236240737 0.0552500039
v 0.162467822 -0.0237167217 0.0550000034
v 0.161903471 -0.0234413072 0.0555000044
v 0.162169635 -0.02386458 0.0550000034
v 0.1615548 -0.0237144455 0.0555000044
v 0.16190204 -0.0240741968 0.0550000034
v 0.1615764 -0.02405948 0.0552500039
v 0.1612695 -0.0240532346 0.0555000044
v 0.161255613 -0.0246308781 0.0552500039
v 0.1616831 -0.024334196 0.0550000034
v 0.161063224 -0.0244347379 0.0555000044
v 0.161524788 -0.02462698 0.0550000034
v 0.1609411 -0.0248328261 0.0555000044
v 0.161431074 -0.0249324888 0.0550000034
v 0.1608983 -0.025223352 0.0555000044
v 0.161398217 -0.025232194 0.0550000034
v 0.1660819 0.024692785 0.0535000041
v 0.1660391 0.024302261 0.0535000041
v 0.165581971 0.0247016288 0.054
v 0.165783167 0.02430179 0.05375
v 0.165549129 0.0244019218 0.054
v 0.165916964 0.0239041727 0.0535000041
v 0.1654554 0.0240964144 0.054
v 0.165641665 0.0239014588 0.05375
v 0.165710688 0.0235226676 0.0535000041
v 0.165297091 0.023803629 0.054
v 0.165403783 0.0235289149 0.05375
v 0.16542539 0.0231838785 0.0535000041
v 0.165078148 0.02354363 0.054
v 0.165081337 0.0232176762 0.05375
v 0.165076733 0.0229107421 0.0535000041
v 0.164810568 0.0233340152 0.054
v 0.164700612 0.02299311 0.05375
v 0.164688155 0.0227180813 0.0535000041
v 0.164512366 0.0231861547 0.054
v 0.164295524 0.0228658654 0.05375
v 0.164286 0.02261011 0.0535000041
v 0.163898632 0.0228311047 0.05375
v 0.164203733 0.0231033 0.054
v 0.1638942 0.0225811452 0.0535000041
v 0.163903058 0.0230810642 0.054
v 0.163503677 0.0226239488 0.0535000041
v 0.163603351 0.02311392 0.054
v 0.163503215 0.02287988 0.05375
v 0.1631056 0.0227460749 0.0535000041
v 0.162910953 0.023128625 0.05375
v 0.163297847 0.0232076384 0.054
v 0.1627241 0.0229523554 0.0535000041
v 0.163005054 0.02336595 0.054
v 0.1623853 0.0232376531 0.0535000041
v 0.162745059 0.0235848986 0.054
v 0.162419111 0.0235817079 0.05375
v 0.162112176 0.0235863179 0.0535000041
v 0.162118718 0.0241640955 0.05375
v 0.162535444 0.0238524787 0.054
v 0.1619195 0.02397488 0.0535000041
v 0.16238758 0.0241506789 0.054
v 0.161811545 0.02437704 0.0535000041
v 0.162304729 0.02445931 0.054
v 0.161782563 0.0247688331 0.0535000041
v 0.1622825 0.0247599911 0.054
v 0.130902976 -0.024692785 0.0535000041
v 0.13140291 -0.0247016288 0.054
v 0.131425142 -0.0250023045 0.054
v 0.131239131 -0.02529752 0.05375
v 0.130931959 -0.02508458 0.0535000041
v 0.131508 -0.02531094 0.054
v 0.131039917 -0.0254867338 0.0535000041
v 0.131655842 -0.0256091375 0.054
v 0.131232589 -0.0258752983 0.0535000041
v 0.131539524 -0.0258799121 0.05375
v 0.131865472 -0.0258767158 0.054
v 0.132031366 -0.0263329912 0.05375
v 0.131505728 -0.02622396 0.0535000041
v 0.132125467 -0.026095666 0.054
v 0.1318445 -0.0265092626 0.0535000041
v 0.132418245 -0.0262539759 0.054
v 0.13222602 -0.0267155431 0.0535000041
v 0.132623628 -0.0265817381 0.05375
v 0.132723764 -0.0263476968 0.054
v 0.133019045 -0.0266305134 0.05375
v 0.13262409 -0.0268376656 0.0535000041
v 0.133023471 -0.02638055 0.054
v 0.133014619 -0.02688047 0.0535000041
v 0.133324146 -0.0263583176 0.054
v 0.133406416 -0.0268515032 0.0535000041
v 0.133415937 -0.0265957527 0.05375
v 0.133632779 -0.02627546 0.054
v 0.133808568 -0.026743535 0.0535000041
v 0.133821025 -0.0264685079 0.05375
v 0.133930981 -0.0261276029 0.054
v 0.134197146 -0.026550876 0.0535000041
v 0.13420175 -0.0262439381 0.05375
v 0.134198561 -0.0259179845 0.054
v 0.1345458 -0.026277734 0.0535000041
v 0.1345242 -0.025932705 0.05375
v 0.1344175 -0.0256579872 0.054
v 0.1348311 -0.02593895 0.0535000041
v 0.134762079 -0.0255601611 0.05375
v 0.134575814 -0.0253652036 0.054
v 0.135037392 -0.0255574416 0.0535000041
v 0.13490358 -0.0251598265 0.05375
v 0.134669542 -0.0250596926 0.054
v 0.1351595 -0.025159359 0.0535000041
v 0.134702384 -0.0247599911 0.054
v 0.135202318 -0.0247688331 0.0535000041
v 0.134680152 -0.02445931 0.054
v 0.134866163 -0.0241640955 0.05375
v 0.1345973 -0.0241506789 0.054
v 0.135173336 -0.02437704 0.0535000041
v 0.135065377 -0.02397488 0.0535000041
v 0.134449437 -0.0238524787 0.054
v 0.1348727 -0.0235863179 0.0535000041
v 0.134565771 -0.0235817079 0.05375
v 0.134239823 -0.0235848986 0.054
v 0.134073928 -0.023128625 0.05375
v 0.134599581 -0.0232376531 0.0535000041
v 0.133979827 -0.02336595 0.054
v 0.134260789 -0.0229523554 0.0535000041
v 0.133687034 -0.0232076384 0.054
v 0.133879274 -0.0227460749 0.0535000041
v 0.133481666 -0.02287988 0.05375
v 0.133381531 -0.02311392 0.054
v 0.133086249 -0.0228311047 0.05375
v 0.1334812 -0.0226239488 0.0535000041
v 0.133081824 -0.0230810642 0.054
v 0.133090675 -0.0225811452 0.0535000041
v 0.132781148 -0.0231033 0.054
v 0.132698879 -0.02261011 0.0535000041
v 0.132689357 -0.0228658654 0.05375
v 0.132472515 -0.0231861547 0.054
v 0.132296726 -0.0227180813 0.0535000041
v 0.132284269 -0.02299311 0.05375
v 0.132174313 -0.0233340152 0.054
v 0.131908149 -0.0229107421 0.0535000041
v 0.131903544 -0.0232176762 0.05375
v 0.131906733 -0.02354363 0.054
v 0.131559491 -0.0231838785 0.0535000041
v 0.1315811 -0.0235289149 0.05375
v 0.13168779 -0.023803629 0.054
v 0.1312742 -0.0235226676 0.0535000041
v 0.131343216 -0.0239014588 0.05375
v 0.13152948 -0.0240964144 0.054
v 0.131067917 -0.0239041727 0.0535000041
v 0.131201714 -0.02430179 0.05375
v 0.131435752 -0.0244019218 0.054
v 0.130945787 -0.024302261 0.0535000041
v 0.13140291 -0.0247016288 0.054
v 0.130902976 -0.024692785 0.0535000041
v 0.131787255 0.0252994 0.0535000041
v 0.132287174 0.0252905563 0.054
v 0.1323094 0.0249898769 0.054
v 0.132123411 0.02469466 0.05375
v 0.131816238 0.0249076057 0.0535000041
v 0.132392272 0.024681244 0.054
v 0.1319242 0.0245054457 0.0535000041
v 0.132540122 0.0243830457 0.054
v 0.132116854 0.0241168849 0.0535000041
v 0.132423788 0.024112273 0.05375
v 0.132749736 0.0241154656 0.054
v 0.132915646 0.02365919 0.05375
v 0.132389992 0.02376822 0.0535000041
v 0.133009747 0.0238965154 0.054
v 0.132728785 0.02348292 0.0535000041
v 0.13330254 0.0237382054 0.054
v 0.133110285 0.02327664 0.0535000041
v 0.1335079 0.0234104432 0.05375
v 0.133608043 0.0236444846 0.054
v 0.133903325 0.0233616717 0.05375
v 0.133508369 0.0231545158 0.0535000041
v 0.13390775 0.0236116312 0.054
v 0.1338989 0.0231117085 0.0535000041
v 0.134208426 0.0236338656 0.054
v 0.1342907 0.0231406763 0.0535000041
v 0.134300217 0.0233964287 0.05375
v 0.134517059 0.0237167217 0.054
v 0.134692848 0.0232486464 0.0535000041
v 0.1347053 0.0235236771 0.05375
v 0.134815246 0.02386458 0.054
v 0.13508141 0.0234413072 0.0535000041
v 0.13508603 0.0237482432 0.05375
v 0.135082841 0.0240741968 0.054
v 0.135430083 0.0237144455 0.0535000041
v 0.135408476 0.02405948 0.05375
v 0.135301784 0.024334196 0.054
v 0.13571538 0.0240532346 0.0535000041
v 0.135646358 0.024432024 0.05375
v 0.1354601 0.02462698 0.054
v 0.135921657 0.0244347379 0.0535000041
v 0.13578786 0.0248323549 0.05375
v 0.1355538 0.0249324888 0.054
v 0.136043787 0.0248328261 0.0535000041
v 0.135586664 0.025232194 0.054
v 0.136086583 0.025223352 0.0535000041
v 0.135564432 0.0255328715 0.054
v 0.135750443 0.0258280858 0.05375
v 0.135481581 0.0258415043 0.054
v 0.136057615 0.0256151445 0.0535000041
v 0.135949656 0.0260172989 0.0535000041
v 0.135333717 0.0261397045 0.054
v 0.135756984 0.0264058635 0.0535000041
v 0.13545005 0.0264104772 0.05375
v 0.1351241 0.0264072828 0.054
v 0.134958208 0.0268635564 0.05375
v 0.135483861 0.0267545264 0.0535000041
v 0.1348641 0.026626233 0.054
v 0.135145068 0.0270398278 0.0535000041
v 0.134571314 0.0267845429 0.054
v 0.134763554 0.02724611 0.0535000041
v 0.134365946 0.0271123014 0.05375
v 0.13426581 0.0268782638 0.054
v 0.133970529 0.0271610767 0.05375
v 0.134365469 0.02736823 0.0535000041
v 0.1339661 0.0269111134 0.054
v 0.133974954 0.0274110362 0.0535000041
v 0.133665428 0.0268888846 0.054
v 0.133583158 0.0273820683 0.0535000041
v 0.133573636 0.027126316 0.05375
v 0.1333568 0.0268060267 0.054
v 0.133181 0.027274102 0.0535000041
v 0.133168548 0.0269990731 0.05375
v 0.1330586 0.02665817 0.054
v 0.132792428 0.0270814411 0.0535000041
v 0.132787824 0.0267745052 0.05375
v 0.132791013 0.0264485516 0.054
v 0.132443771 0.026808301 0.0535000041
v 0.132465377 0.02646327 0.05375
v 0.13257207 0.0261885542 0.054
v 0.132158473 0.0264695156 0.0535000041
v 0.13222748 0.0260907263 0.05375
v 0.13241376 0.0258957688 0.054
v 0.131952181 0.0260880068 0.0535000041
v 0.132086 0.0256903917 0.05375
v 0.132320032 0.02559026 0.054
v 0.131830066 0.0256899241 0.0535000041
v 0.132287174 0.0252905563 0.054
v 0.131787255 0.0252994 0.0535000041
v 0.165197626 -0.0252994 0.0535000041
v 0.165154815 -0.0256899241 0.0535000041
v 0.1646977 -0.0252905563 0.054
v 0.164898887 -0.0256903917 0.05375
v 0.16466485 -0.02559026 0.054
v 0.1650327 -0.0260880068 0.0535000041
v 0.164571121 -0.0258957688 0.054
v 0.1647574 -0.0260907263 0.05375
v 0.164826408 -0.0264695156 0.0535000041
v 0.164412811 -0.0261885542 0.054
v 0.1645195 -0.02646327 0.05375
v 0.16454111 -0.026808301 0.0535000041
v 0.164193869 -0.0264485516 0.054
v 0.164197057 -0.0267745052 0.05375
v 0.164192453 -0.0270814411 0.0535000041
v 0.163926288 -0.02665817 0.054
v 0.163816333 -0.0269990731 0.05375
v 0.163803875 -0.027274102 0.0535000041
v 0.163628086 -0.0268060267 0.054
v 0.163411245 -0.027126316 0.05375
v 0.163401723 -0.0273820683 0.0535000041
v 0.163014352 -0.0271610767 0.05375
v 0.163319454 -0.0268888846 0.054
v 0.163009927 -0.0274110362 0.0535000041
v 0.163018778 -0.0269111134 0.054
v 0.162619412 -0.02736823 0.0535000041
v 0.162719071 -0.0268782638 0.054
v 0.162618935 -0.0271123014 0.05375
v 0.162221327 -0.02724611 0.0535000041
v 0.162026674 -0.0268635564 0.05375
v 0.162413567 -0.0267845429 0.054
v 0.161839813 -0.0270398278 0.0535000041
v 0.162120774 -0.026626233 0.054
v 0.16150102 -0.0267545264 0.0535000041
v 0.161860779 -0.0264072828 0.054
v 0.161534831 -0.0264104772 0.05375
v 0.1612279 -0.0264058635 0.0535000041
v 0.161234438 -0.0258280858 0.05375
v 0.161651164 -0.0261397045 0.054
v 0.161035225 -0.0260172989 0.0535000041
v 0.1615033 -0.0258415043 0.054
v 0.160927266 -0.0256151445 0.0535000041
v 0.16142045 -0.0255328715 0.054
v 0.1608983 -0.025223352 0.0535000041
v 0.161398217 -0.025232194 0.054
v 0.146484241 -0.0013444263 0.0585000031
v 0.146694645 -0.0008763232 0.0585000031
v 0.1461963 -0.0007536966 0.0585000031
v 0.145239919 -0.00104584545 0.0585000031
v 0.14566496 -0.00191781158 0.0585000031
v 0.143811673 -0.00175796682 0.0585000031
v 0.145210713 -0.000950207934 0.0585000031
v 0.144259736 -0.00266160723 0.0585000031
v 0.1457223 -0.00199974026 0.0585000031
v 0.143560588 -0.0008227215 0.0585000031
v 0.144894928 -0.003472453 0.0585000031
v 0.145075932 1.04243445E-05 0.0585000031
v 0.14349322 8.842768E-05 0.0585000031
v 0.146167085 -0.000658059143 0.0585000031
v 0.14607577 -7.26100552E-06 0.0585000031
v 0.146511838 -0.000277884479 0.0585000031
v 0.1450777 0.000110408706 0.0585000031
v 0.143592775 0.0009966246 0.0585000031
v 0.146395981 -0.002697687 0.0585000031
v 0.145682812 -0.00413593464 0.0585000031
v 0.146997988 -0.00189919153 0.0585000031
v 0.146541581 -0.00142635487 0.0585000031
v 0.147053435 -0.00138898147 0.0585000031
v 0.146475837 -0.002757887 0.0585000031
v 0.146570042 -0.004615665 0.0585000031
v 0.145246372 0.00106567377 0.0585000031
v 0.143876776 0.00192240486 0.0585000031
v 0.1461918 0.000739885145 0.0585000031
v 0.146077543 9.27233559E-05 0.0585000031
v 0.146522909 0.000347755558 0.0585000031
v 0.145278946 0.00116021791 0.0585000031
v 0.145734549 0.00201660721 0.0585000031
v 0.1443565 0.00280963443 0.0585000031
v 0.146533042 0.00141460611 0.0585000031
v 0.1462244 0.000834429229 0.0585000031
v 0.146726757 0.0009393549 0.0585000031
v 0.145794749 0.00209645671 0.0585000031
v 0.14502 0.00359750865 0.0585000031
v 0.1464927 0.00277014147 0.0585000031
v 0.14583084 0.004232711 0.0585000031
v 0.147066087 0.00195085572 0.0585000031
v 0.146593243 0.00149445573 0.0585000031
v 0.147103459 0.00143900374 0.0585000031
v 0.146574631 0.00282748 0.0585000031
v 0.146734476 0.0046807644 0.0585000031
v 0.1474466 0.00325251487 0.0585000031
v 0.14773874 0.00229614181 0.0585000031
v 0.147148013 0.00200819434 0.0585000031
v 0.147616118 0.0017977925 0.0585000031
v 0.147542238 0.00328172976 0.0585000031
v 0.147669718 0.0049318485 0.0585000031
v 0.148502871 0.00341650913 0.0585000031
v 0.148580864 0.00499921851 0.0585000031
v 0.148485184 0.00241666567 0.0585000031
v 0.147834376 0.002325357 0.0585000031
v 0.148214549 0.001980601 0.0585000031
v 0.148602843 0.00341474055 0.0585000031
v 0.14948906 0.00489966758 0.0585000031
v 0.149558112 0.00324607221 0.0585000031
v 0.148585171 0.002414897 0.0585000031
v 0.150414839 0.004615665 0.0585000031
v 0.149232328 0.00230062939 0.0585000031
v 0.148840189 0.00196953467 0.0585000031
v 0.14965266 0.00321349339 0.0585000031
v 0.150509045 0.002757887 0.0585000031
v 0.149326876 0.0022680508 0.0585000031
v 0.151302069 0.00413593464 0.0585000031
v 0.149907053 0.00195939164 0.0585000031
v 0.1494318 0.00176567631 0.0585000031
v 0.1505889 0.002697687 0.0585000031
v 0.152089953 0.003472453 0.0585000031
v 0.151262581 0.00199974026 0.0585000031
v 0.1499869 0.00189919153 0.0585000031
v 0.152725145 0.00266160723 0.0585000031
v 0.1504433 0.00142635487 0.0585000031
v 0.149931446 0.00138898147 0.0585000031
v 0.151319921 0.00191781158 0.0585000031
v 0.153173208 0.00175796682 0.0585000031
v 0.151744962 0.00104584545 0.0585000031
v 0.15050064 0.0013444263 0.0585000031
v 0.150788575 0.0007536966 0.0585000031
v 0.150290236 0.0008763232 0.0585000031
v 0.151774168 0.000950207934 0.0585000031
v 0.1534243 0.0008227215 0.0585000031
v 0.151908949 -1.04243445E-05 0.0585000031
v 0.1508178 0.000658059143 0.0585000031
v 0.153491661 -8.842768E-05 0.0585000031
v 0.150909111 7.26100552E-06 0.0585000031
v 0.150473043 0.000277884479 0.0585000031
v 0.151907176 -0.000110408706 0.0585000031
v 0.1533921 -0.0009966246 0.0585000031
v 0.15173851 -0.00106567377 0.0585000031
v 0.1531081 -0.00192240486 0.0585000031
v 0.150793076 -0.000739885145 0.0585000031
v 0.150907338 -9.27233559E-05 0.0585000031
v 0.150461972 -0.000347755558 0.0585000031
v 0.151705936 -0.00116021791 0.0585000031
v 0.151250333 -0.00201660721 0.0585000031
v 0.152628377 -0.00280963443 0.0585000031
v 0.150451839 -0.00141460611 0.0585000031
v 0.150760487 -0.000834429229 0.0585000031
v 0.150258124 -0.0009393549 0.0585000031
v 0.151190132 -0.00209645671 0.0585000031
v 0.151964888 -0.00359750865 0.0585000031
v 0.150492176 -0.00277014147 0.0585000031
v 0.151154041 -0.004232711 0.0585000031
v 0.1499188 -0.00195085572 0.0585000031
v 0.150391638 -0.00149445573 0.0585000031
v 0.149881423 -0.00143900374 0.0585000031
v 0.15041025 -0.00282748 0.0585000031
v 0.1502504 -0.0046807644 0.0585000031
v 0.149538279 -0.00325251487 0.0585000031
v 0.149246141 -0.00229614181 0.0585000031
v 0.149836868 -0.00200819434 0.0585000031
v 0.149368763 -0.0017977925 0.0585000031
v 0.149442643 -0.00328172976 0.0585000031
v 0.149315163 -0.0049318485 0.0585000031
v 0.14848201 -0.00341650913 0.0585000031
v 0.148404017 -0.00499921851 0.0585000031
v 0.1484997 -0.00241666567 0.0585000031
v 0.1491505 -0.002325357 0.0585000031
v 0.148770332 -0.001980601 0.0585000031
v 0.148382038 -0.00341474055 0.0585000031
v 0.147495821 -0.00489966758 0.0585000031
v 0.147426769 -0.00324607221 0.0585000031
v 0.148399711 -0.002414897 0.0585000031
v 0.147752553 -0.00230062939 0.0585000031
v 0.148144692 -0.00196953467 0.0585000031
v 0.147332221 -0.00321349339 0.0585000031
v 0.147658 -0.0022680508 0.0585000031
v 0.147077829 -0.00195939164 0.0585000031
v 0.147553086 -0.00176567631 0.0585000031
v 0.14848201 -0.00341650913 0.054
v 0.1484997 -0.00241666567 0.054
v 0.148382038 -0.00341474055 0.054
v 0.148399711 -0.002414897 0.054
v 0.148144692 -0.00196953467 0.054
v 0.148770332 -0.001980601 0.054
v 0.148492441 1.41779626E-18 0.054
v 0.147553086 -0.00176567631 0.054
v 0.149368763 -0.0017977925 0.054
v 0.147053435 -0.00138898147 0.054
v 0.149881423 -0.00143900374 0.054
v 0.147658 -0.0022680508 0.054
v 0.147752553 -0.00230062939 0.054
v 0.147332221 -0.00321349339 0.054
v 0.147426769 -0.00324607221 0.054
v 0.149246141 -0.00229614181 0.054
v 0.1491505 -0.002325357 0.054
v 0.149538279 -0.00325251487 0.054
v 0.149442643 -0.00328172976 0.054
v 0.146997988 -0.00189919153 0.054
v 0.147077829 -0.00195939164 0.054
v 0.146395981 -0.002697687 0.054
v 0.146475837 -0.002757887 0.054
v 0.149836868 -0.00200819434 0.054
v 0.1499188 -0.00195085572 0.054
v 0.150492176 -0.00277014147 0.054
v 0.15041025 -0.00282748 0.054
v 0.146484241 -0.0013444263 0.054
v 0.146541581 -0.00142635487 0.054
v 0.14566496 -0.00191781158 0.054
v 0.1457223 -0.00199974026 0.054
v 0.146694645 -0.0008763232 0.054
v 0.150258124 -0.0009393549 0.054
v 0.150451839 -0.00141460611 0.054
v 0.150391638 -0.00149445573 0.054
v 0.151250333 -0.00201660721 0.054
v 0.151190132 -0.00209645671 0.054
v 0.146511838 -0.000277884479 0.054
v 0.146167085 -0.000658059143 0.054
v 0.1461963 -0.0007536966 0.054
v 0.145210713 -0.000950207934 0.054
v 0.145239919 -0.00104584545 0.054
v 0.146522909 0.000347755558 0.054
v 0.14607577 -7.26100552E-06 0.054
v 0.146077543 9.27233559E-05 0.054
v 0.1450777 0.000110408706 0.054
v 0.145075932 1.04243445E-05 0.054
v 0.146726757 0.0009393549 0.054
v 0.1461918 0.000739885145 0.054
v 0.1462244 0.000834429229 0.054
v 0.145246372 0.00106567377 0.054
v 0.145278946 0.00116021791 0.054
v 0.147103459 0.00143900374 0.054
v 0.146533042 0.00141460611 0.054
v 0.147616118 0.0017977925 0.054
v 0.148214549 0.001980601 0.054
v 0.146593243 0.00149445573 0.054
v 0.145734549 0.00201660721 0.054
v 0.145794749 0.00209645671 0.054
v 0.147066087 0.00195085572 0.054
v 0.147148013 0.00200819434 0.054
v 0.1464927 0.00277014147 0.054
v 0.146574631 0.00282748 0.054
v 0.14773874 0.00229614181 0.054
v 0.147834376 0.002325357 0.054
v 0.1474466 0.00325251487 0.054
v 0.147542238 0.00328172976 0.054
v 0.148840189 0.00196953467 0.054
v 0.148485184 0.00241666567 0.054
v 0.148585171 0.002414897 0.054
v 0.148602843 0.00341474055 0.054
v 0.148502871 0.00341650913 0.054
v 0.1494318 0.00176567631 0.054
v 0.149326876 0.0022680508 0.054
v 0.149232328 0.00230062939 0.054
v 0.14965266 0.00321349339 0.054
v 0.149558112 0.00324607221 0.054
v 0.149931446 0.00138898147 0.054
v 0.1499869 0.00189919153 0.054
v 0.149907053 0.00195939164 0.054
v 0.1505889 0.002697687 0.054
v 0.150509045 0.002757887 0.054
v 0.150290236 0.0008763232 0.054
v 0.15050064 0.0013444263 0.054
v 0.1504433 0.00142635487 0.054
v 0.151319921 0.00191781158 0.054
v 0.151262581 0.00199974026 0.054
v 0.150473043 0.000277884479 0.054
v 0.1508178 0.000658059143 0.054
v 0.150788575 0.0007536966 0.054
v 0.151774168 0.000950207934 0.054
v 0.151744962 0.00104584545 0.054
v 0.150461972 -0.000347755558 0.054
v 0.150909111 7.26100552E-06 0.054
v 0.150793076 -0.000739885145 0.054
v 0.150907338 -9.27233559E-05 0.054
v 0.151907176 -0.000110408706 0.054
v 0.151908949 -1.04243445E-05 0.054
v 0.150760487 -0.000834429229 0.054
v 0.15173851 -0.00106567377 0.054
v 0.151705936 -0.00116021791 0.054
v 0.14349322 8.842768E-05 0.0585000031
v 0.14349322 8.842768E-05 0.0555000044
v 0.143560588 -0.0008227215 0.0555000044
v 0.143584684 -0.0009560293 0.057
v 0.143560588 -0.0008227215 0.0585000031
v 0.143811673 -0.00175796682 0.0555000044
v 0.143811673 -0.00175796682 0.0585000031
v 0.143919542 -0.002022043 0.057
v 0.144259736 -0.00266160723 0.0555000044
v 0.144259736 -0.00266160723 0.0585000031
v 0.144510522 -0.003023953 0.057
v 0.144894928 -0.003472453 0.0555000044
v 0.144894928 -0.003472453 0.0585000031
v 0.14532955 -0.00387248839 0.057
v 0.145682812 -0.00413593464 0.0555000044
v 0.145682812 -0.00413593464 0.0585000031
v 0.146309942 -0.004498521 0.057
v 0.146570042 -0.004615665 0.0555000044
v 0.146570042 -0.004615665 0.0585000031
v 0.147363439 -0.00487086968 0.057
v 0.147495821 -0.00489966758 0.0555000044
v 0.148404017 -0.00499921851 0.057
v 0.147495821 -0.00489966758 0.0585000031
v 0.148404017 -0.00499921851 0.0555000044
v 0.148404017 -0.00499921851 0.0585000031
v 0.149315163 -0.0049318485 0.0555000044
v 0.149315163 -0.0049318485 0.0585000031
v 0.149448469 -0.00490775 0.057
v 0.1502504 -0.0046807644 0.0555000044
v 0.1502504 -0.0046807644 0.0585000031
v 0.1502504 -0.0046807644 0.057
v 0.151029229 -0.004308682 0.057
v 0.151154041 -0.004232711 0.0555000044
v 0.151154041 -0.004232711 0.0585000031
v 0.151746124 -0.003796513 0.057
v 0.151964888 -0.00359750865 0.0555000044
v 0.151964888 -0.00359750865 0.0585000031
v 0.152364925 -0.003162884 0.057
v 0.152628377 -0.00280963443 0.0555000044
v 0.152628377 -0.00280963443 0.0585000031
v 0.152857751 -0.00243804138 0.057
v 0.1531081 -0.00192240486 0.0555000044
v 0.1531081 -0.00192240486 0.0585000031
v 0.15320912 -0.00165919424 0.057
v 0.1533921 -0.0009966246 0.0555000044
v 0.1533921 -0.0009966246 0.0585000031
v 0.15341711 -0.00086463464 0.057
v 0.153491661 -8.842768E-05 0.0555000044
v 0.153491661 -8.842768E-05 0.0585000031
v 0.1534243 0.0008227215 0.0555000044
v 0.1534002 0.0009560293 0.057
v 0.1534243 0.0008227215 0.0585000031
v 0.153173208 0.00175796682 0.0555000044
v 0.153173208 0.00175796682 0.0585000031
v 0.153065339 0.002022043 0.057
v 0.152725145 0.00266160723 0.0555000044
v 0.152725145 0.00266160723 0.0585000031
v 0.152474359 0.003023953 0.057
v 0.152089953 0.003472453 0.0555000044
v 0.152089953 0.003472453 0.0585000031
v 0.151655331 0.00387248839 0.057
v 0.151302069 0.00413593464 0.0555000044
v 0.151302069 0.00413593464 0.0585000031
v 0.150674939 0.004498521 0.057
v 0.150414839 0.004615665 0.0555000044
v 0.150414839 0.004615665 0.0585000031
v 0.149621442 0.00487086968 0.057
v 0.14948906 0.00489966758 0.0555000044
v 0.148580864 0.00499921851 0.057
v 0.14948906 0.00489966758 0.0585000031
v 0.148580864 0.00499921851 0.0555000044
v 0.148580864 0.00499921851 0.0585000031
v 0.147669718 0.0049318485 0.0555000044
v 0.147669718 0.0049318485 0.0585000031
v 0.147536412 0.00490775 0.057
v 0.146734476 0.0046807644 0.0555000044
v 0.146734476 0.0046807644 0.0585000031
v 0.146734476 0.0046807644 0.057
v 0.145955652 0.004308682 0.057
v 0.14583084 0.004232711 0.0555000044
v 0.14583084 0.004232711 0.0585000031
v 0.145238757 0.003796513 0.057
v 0.14502 0.00359750865 0.0555000044
v 0.14502 0.00359750865 0.0585000031
v 0.144619957 0.003162884 0.057
v 0.1443565 0.00280963443 0.0555000044
v 0.1443565 0.00280963443 0.0585000031
v 0.144127131 0.00243804138 0.057
v 0.143876776 0.00192240486 0.0555000044
v 0.143876776 0.00192240486 0.0585000031
v 0.143775761 0.00165919424 0.057
v 0.143592775 0.0009966246 0.0555000044
v 0.143592775 0.0009966246 0.0585000031
v 0.143567771 0.00086463464 0.057
v 0.14349322 8.842768E-05 0.0555000044
v 0.14349322 8.842768E-05 0.0585000031
v 0.1646977 -0.0252905563 0.054
v 0.164675474 -0.0249898769 0.054
v 0.165197626 -0.0252994 0.0535000041
v 0.16486147 -0.02469466 0.05375
v 0.164592609 -0.024681244 0.054
v 0.165168643 -0.0249076057 0.0535000041
v 0.165060684 -0.0245054457 0.0535000041
v 0.164444759 -0.0243830457 0.054
v 0.164868027 -0.0241168849 0.0535000041
v 0.1645611 -0.024112273 0.05375
v 0.164235145 -0.0241154656 0.054
v 0.164069235 -0.02365919 0.05375
v 0.164594889 -0.02376822 0.0535000041
v 0.163975134 -0.0238965154 0.054
v 0.1642561 -0.02348292 0.0535000041
v 0.163682342 -0.0237382054 0.054
v 0.1638746 -0.02327664 0.0535000041
v 0.163476974 -0.0234104432 0.05375
v 0.163376838 -0.0236444846 0.054
v 0.163081557 -0.0233616717 0.05375
v 0.163476512 -0.0231545158 0.0535000041
v 0.163077131 -0.0236116312 0.054
v 0.163085982 -0.0231117085 0.0535000041
v 0.162776455 -0.0236338656 0.054
v 0.162694186 -0.0231406763 0.0535000041
v 0.162684664 -0.0233964287 0.05375
v 0.162467822 -0.0237167217 0.054
v 0.162292033 -0.0232486464 0.0535000041
v 0.162279576 -0.0235236771 0.05375
v 0.162169635 -0.02386458 0.054
v 0.161903471 -0.0234413072 0.0535000041
v 0.161898851 -0.0237482432 0.05375
v 0.16190204 -0.0240741968 0.054
v 0.1615548 -0.0237144455 0.0535000041
v 0.1615764 -0.02405948 0.05375
v 0.1616831 -0.024334196 0.054
v 0.1612695 -0.0240532346 0.0535000041
v 0.161338523 -0.024432024 0.05375
v 0.161524788 -0.02462698 0.054
v 0.161063224 -0.0244347379 0.0535000041
v 0.161197022 -0.0248323549 0.05375
v 0.161431074 -0.0249324888 0.054
v 0.1609411 -0.0248328261 0.0535000041
v 0.161398217 -0.025232194 0.054
v 0.1608983 -0.025223352 0.0535000041
v 0.161398217 -0.025232194 0.054
v 0.161398217 -0.025232194 0.0550000034
v 0.16142045 -0.0255328715 0.0550000034
v 0.1614284 -0.0255768634 0.0545
v 0.16142045 -0.0255328715 0.054
v 0.1615033 -0.0258415043 0.0550000034
v 0.1615033 -0.0258415043 0.054
v 0.1615389 -0.0259286482 0.0545
v 0.161651164 -0.0261397045 0.0550000034
v 0.161651164 -0.0261397045 0.054
v 0.161733925 -0.026259277 0.0545
v 0.161860779 -0.0264072828 0.0550000034
v 0.161860779 -0.0264072828 0.054
v 0.1620042 -0.0265392959 0.0545
v 0.162120774 -0.026626233 0.0550000034
v 0.162120774 -0.026626233 0.054
v 0.162327737 -0.0267458856 0.0545
v 0.162413567 -0.0267845429 0.0550000034
v 0.162413567 -0.0267845429 0.054
v 0.162675381 -0.02686876 0.0545
v 0.162719071 -0.0268782638 0.0550000034
v 0.163018778 -0.0269111134 0.0545
v 0.162719071 -0.0268782638 0.054
v 0.163018778 -0.0269111134 0.0550000034
v 0.163018778 -0.0269111134 0.054
v 0.163319454 -0.0268888846 0.0550000034
v 0.163319454 -0.0268888846 0.054
v 0.163363442 -0.0268809311 0.0545
v 0.163628086 -0.0268060267 0.0550000034
v 0.163628086 -0.0268060267 0.054
v 0.163628086 -0.0268060267 0.0545
v 0.163885087 -0.0266832374 0.0545
v 0.163926288 -0.02665817 0.0550000034
v 0.163926288 -0.02665817 0.054
v 0.164121673 -0.026514221 0.0545
v 0.164193869 -0.0264485516 0.0550000034
v 0.164193869 -0.0264485516 0.054
v 0.164325878 -0.0263051242 0.0545
v 0.164412811 -0.0261885542 0.0550000034
v 0.164412811 -0.0261885542 0.054
v 0.164488509 -0.0260659289 0.0545
v 0.164571121 -0.0258957688 0.0550000034
v 0.164571121 -0.0258957688 0.054
v 0.164604455 -0.025808908 0.0545
v 0.16466485 -0.02559026 0.0550000034
v 0.16466485 -0.02559026 0.054
v 0.1646731 -0.0255467035 0.0545
v 0.1646977 -0.0252905563 0.0550000034
v 0.1646977 -0.0252905563 0.054
v 0.164675474 -0.0249898769 0.0550000034
v 0.164667517 -0.0249458849 0.0545
v 0.164675474 -0.0249898769 0.054
v 0.164592609 -0.024681244 0.0550000034
v 0.164592609 -0.024681244 0.054
v 0.16455701 -0.0245941 0.0545
v 0.164444759 -0.0243830457 0.0550000034
v 0.164444759 -0.0243830457 0.054
v 0.164362 -0.0242634714 0.0545
v 0.164235145 -0.0241154656 0.0550000034
v 0.164235145 -0.0241154656 0.054
v 0.1640917 -0.0239834525 0.0545
v 0.163975134 -0.0238965154 0.0550000034
v 0.163975134 -0.0238965154 0.054
v 0.163768187 -0.0237768628 0.0545
v 0.163682342 -0.0237382054 0.0550000034
v 0.163682342 -0.0237382054 0.054
v 0.163420528 -0.0236539841 0.0545
v 0.163376838 -0.0236444846 0.0550000034
v 0.163077131 -0.0236116312 0.0545
v 0.163376838 -0.0236444846 0.054
v 0.163077131 -0.0236116312 0.0550000034
v 0.163077131 -0.0236116312 0.054
v 0.162776455 -0.0236338656 0.0550000034
v 0.162776455 -0.0236338656 0.054
v 0.162732467 -0.0236418135 0.0545
v 0.162467822 -0.0237167217 0.0550000034
v 0.162467822 -0.0237167217 0.054
v 0.162467822 -0.0237167217 0.0545
v 0.162210822 -0.023839511 0.0545
v 0.162169635 -0.02386458 0.0550000034
v 0.162169635 -0.02386458 0.054
v 0.161974236 -0.0240085237 0.0545
v 0.16190204 -0.0240741968 0.0550000034
v 0.16190204 -0.0240741968 0.054
v 0.161770031 -0.0242176242 0.0545
v 0.1616831 -0.024334196 0.0550000034
v 0.1616831 -0.024334196 0.054
v 0.1616074 -0.0244568214 0.0545
v 0.161524788 -0.02462698 0.0550000034
v 0.161524788 -0.02462698 0.054
v 0.161491454 -0.0247138366 0.0545
v 0.161431074 -0.0249324888 0.0550000034
v 0.161431074 -0.0249324888 0.054
v 0.161422819 -0.024976043 0.0545
v 0.161398217 -0.025232194 0.0550000034
v 0.161398217 -0.025232194 0.054
v 0.132287174 0.0252905563 0.054
v 0.132287174 0.0252905563 0.0550000034
v 0.1323094 0.0249898769 0.0550000034
v 0.132317364 0.0249458849 0.0545
v 0.1323094 0.0249898769 0.054
v 0.132392272 0.024681244 0.0550000034
v 0.132392272 0.024681244 0.054
v 0.132427871 0.0245941 0.0545
v 0.132540122 0.0243830457 0.0550000034
v 0.132540122 0.0243830457 0.054
v 0.132622883 0.0242634714 0.0545
v 0.132749736 0.0241154656 0.0550000034
v 0.132749736 0.0241154656 0.054
v 0.132893175 0.0239834525 0.0545
v 0.133009747 0.0238965154 0.0550000034
v 0.133009747 0.0238965154 0.054
v 0.1332167 0.0237768628 0.0545
v 0.13330254 0.0237382054 0.0550000034
v 0.13330254 0.0237382054 0.054
v 0.133564353 0.0236539841 0.0545
v 0.133608043 0.0236444846 0.0550000034
v 0.13390775 0.0236116312 0.0545
v 0.133608043 0.0236444846 0.054
v 0.13390775 0.0236116312 0.0550000034
v 0.13390775 0.0236116312 0.054
v 0.134208426 0.0236338656 0.0550000034
v 0.134208426 0.0236338656 0.054
v 0.134252414 0.0236418135 0.0545
v 0.134517059 0.0237167217 0.0550000034
v 0.134517059 0.0237167217 0.054
v 0.134517059 0.0237167217 0.0545
v 0.134774059 0.023839511 0.0545
v 0.134815246 0.02386458 0.0550000034
v 0.134815246 0.02386458 0.054
v 0.135010645 0.0240085237 0.0545
v 0.135082841 0.0240741968 0.0550000034
v 0.135082841 0.0240741968 0.054
v 0.13521485 0.0242176242 0.0545
v 0.135301784 0.024334196 0.0550000034
v 0.135301784 0.024334196 0.054
v 0.135377482 0.0244568214 0.0545
v 0.1354601 0.02462698 0.0550000034
v 0.1354601 0.02462698 0.054
v 0.135493428 0.0247138366 0.0545
v 0.1355538 0.0249324888 0.0550000034
v 0.1355538 0.0249324888 0.054
v 0.135562062 0.024976043 0.0545
v 0.135586664 0.025232194 0.0550000034
v 0.135586664 0.025232194 0.054
v 0.135564432 0.0255328715 0.0550000034
v 0.135556474 0.0255768634 0.0545
v 0.135564432 0.0255328715 0.054
v 0.135481581 0.0258415043 0.0550000034
v 0.135481581 0.0258415043 0.054
v 0.135445982 0.0259286482 0.0545
v 0.135333717 0.0261397045 0.0550000034
v 0.135333717 0.0261397045 0.054
v 0.135250956 0.026259277 0.0545
v 0.1351241 0.0264072828 0.0550000034
v 0.1351241 0.0264072828 0.054
v 0.134980679 0.0265392959 0.0545
v 0.1348641 0.026626233 0.0550000034
v 0.1348641 0.026626233 0.054
v 0.134657145 0.0267458856 0.0545
v 0.134571314 0.0267845429 0.0550000034
v 0.134571314 0.0267845429 0.054
v 0.1343095 0.02686876 0.0545
v 0.13426581 0.0268782638 0.0550000034
v 0.1339661 0.0269111134 0.0545
v 0.13426581 0.0268782638 0.054
v 0.1339661 0.0269111134 0.0550000034
v 0.1339661 0.0269111134 0.054
v 0.133665428 0.0268888846 0.0550000034
v 0.133665428 0.0268888846 0.054
v 0.133621439 0.0268809311 0.0545
v 0.1333568 0.0268060267 0.0550000034
v 0.1333568 0.0268060267 0.054
v 0.1333568 0.0268060267 0.0545
v 0.1330998 0.0266832374 0.0545
v 0.1330586 0.02665817 0.0550000034
v 0.1330586 0.02665817 0.054
v 0.132863209 0.026514221 0.0545
v 0.132791013 0.0264485516 0.0550000034
v 0.132791013 0.0264485516 0.054
v 0.132659 0.0263051242 0.0545
v 0.13257207 0.0261885542 0.0550000034
v 0.13257207 0.0261885542 0.054
v 0.132496372 0.0260659289 0.0545
v 0.13241376 0.0258957688 0.0550000034
v 0.13241376 0.0258957688 0.054
v 0.132380426 0.025808908 0.0545
v 0.132320032 0.02559026 0.0550000034
v 0.132320032 0.02559026 0.054
v 0.132311776 0.0255467035 0.0545
v 0.132287174 0.0252905563 0.0550000034
v 0.132287174 0.0252905563 0.054
v 0.13140291 -0.0247016288 0.054
v 0.13140291 -0.0247016288 0.0550000034
v 0.131425142 -0.0250023045 0.0550000034
v 0.131433085 -0.0250462964 0.0545
v 0.131425142 -0.0250023045 0.054
v 0.131508 -0.02531094 0.0550000034
v 0.131508 -0.02531094 0.054
v 0.131543592 -0.0253980812 0.0545
v 0.131655842 -0.0256091375 0.0550000034
v 0.131655842 -0.0256091375 0.054
v 0.131738618 -0.02572871 0.0545
v 0.131865472 -0.0258767158 0.0550000034
v 0.131865472 -0.0258767158 0.054
v 0.1320089 -0.02600873 0.0545
v 0.132125467 -0.026095666 0.0550000034
v 0.132125467 -0.026095666 0.054
v 0.132332429 -0.02621532 0.0545
v 0.132418245 -0.0262539759 0.0550000034
v 0.132418245 -0.0262539759 0.054
v 0.132680073 -0.0263381936 0.0545
v 0.132723764 -0.0263476968 0.0550000034
v 0.133023471 -0.02638055 0.0545
v 0.132723764 -0.0263476968 0.054
v 0.133023471 -0.02638055 0.0550000034
v 0.133023471 -0.02638055 0.054
v 0.133324146 -0.0263583176 0.0550000034
v 0.133324146 -0.0263583176 0.054
v 0.133368134 -0.0263503641 0.0545
v 0.133632779 -0.02627546 0.0550000034
v 0.133632779 -0.02627546 0.054
v 0.133632779 -0.02627546 0.0545
v 0.133889779 -0.02615267 0.0545
v 0.133930981 -0.0261276029 0.0550000034
v 0.133930981 -0.0261276029 0.054
v 0.134126365 -0.0259836558 0.0545
v 0.134198561 -0.0259179845 0.0550000034
v 0.134198561 -0.0259179845 0.054
v 0.134330571 -0.0257745571 0.0545
v 0.1344175 -0.0256579872 0.0550000034
v 0.1344175 -0.0256579872 0.054
v 0.1344932 -0.0255353618 0.0545
v 0.134575814 -0.0253652036 0.0550000034
v 0.134575814 -0.0253652036 0.054
v 0.134609148 -0.025278341 0.0545
v 0.134669542 -0.0250596926 0.0550000034
v 0.134669542 -0.0250596926 0.054
v 0.134677783 -0.0250161365 0.0545
v 0.134702384 -0.0247599911 0.0550000034
v 0.134702384 -0.0247599911 0.054
v 0.134680152 -0.02445931 0.0550000034
v 0.13467221 -0.0244153179 0.0545
v 0.134680152 -0.02445931 0.054
v 0.1345973 -0.0241506789 0.0550000034
v 0.1345973 -0.0241506789 0.054
v 0.1345617 -0.0240635332 0.0545
v 0.134449437 -0.0238524787 0.0550000034
v 0.134449437 -0.0238524787 0.054
v 0.134366676 -0.0237329043 0.0545
v 0.134239823 -0.0235848986 0.0550000034
v 0.134239823 -0.0235848986 0.054
v 0.1340964 -0.0234528854 0.0545
v 0.133979827 -0.02336595 0.0550000034
v 0.133979827 -0.02336595 0.054
v 0.13377288 -0.0232462958 0.0545
v 0.133687034 -0.0232076384 0.0550000034
v 0.133687034 -0.0232076384 0.054
v 0.133425221 -0.02312342 0.0545
v 0.133381531 -0.02311392 0.0550000034
v 0.133081824 -0.0230810642 0.0545
v 0.133381531 -0.02311392 0.054
v 0.133081824 -0.0230810642 0.0550000034
v 0.133081824 -0.0230810642 0.054
v 0.132781148 -0.0231033 0.0550000034
v 0.132781148 -0.0231033 0.054
v 0.13273716 -0.02311125 0.0545
v 0.132472515 -0.0231861547 0.0550000034
v 0.132472515 -0.0231861547 0.054
v 0.132472515 -0.0231861547 0.0545
v 0.132215515 -0.023308944 0.0545
v 0.132174313 -0.0233340152 0.0550000034
v 0.132174313 -0.0233340152 0.054
v 0.131978929 -0.0234779585 0.0545
v 0.131906733 -0.02354363 0.0550000034
v 0.131906733 -0.02354363 0.054
v 0.131774724 -0.0236870572 0.0545
v 0.13168779 -0.023803629 0.0550000034
v 0.13168779 -0.023803629 0.054
v 0.131612092 -0.0239262544 0.0545
v 0.13152948 -0.0240964144 0.0550000034
v 0.13152948 -0.0240964144 0.054
v 0.131496146 -0.0241832715 0.0545
v 0.131435752 -0.0244019218 0.0550000034
v 0.131435752 -0.0244019218 0.054
v 0.131427512 -0.024445476 0.0545
v 0.13140291 -0.0247016288 0.0550000034
v 0.13140291 -0.0247016288 0.054
v 0.165581971 0.0247016288 0.054
v 0.165559739 0.0250023045 0.054
v 0.1660819 0.024692785 0.0535000041
v 0.16574575 0.02529752 0.05375
v 0.165476888 0.02531094 0.054
v 0.166052923 0.02508458 0.0535000041
v 0.165944964 0.0254867338 0.0535000041
v 0.165329039 0.0256091375 0.054
v 0.165752292 0.0258752983 0.0535000041
v 0.165445358 0.0258799121 0.05375
v 0.16511941 0.0258767158 0.054
v 0.164953515 0.0263329912 0.05375
v 0.165479153 0.02622396 0.0535000041
v 0.164859414 0.026095666 0.054
v 0.165140375 0.0265092626 0.0535000041
v 0.164566636 0.0262539759 0.054
v 0.164758861 0.0267155431 0.0535000041
v 0.164361253 0.0265817381 0.05375
v 0.164261118 0.0263476968 0.054
v 0.163965836 0.0266305134 0.05375
v 0.164360791 0.0268376656 0.0535000041
v 0.163961411 0.02638055 0.054
v 0.163970262 0.02688047 0.0535000041
v 0.163660735 0.0263583176 0.054
v 0.163578466 0.0268515032 0.0535000041
v 0.163568944 0.0265957527 0.05375
v 0.1633521 0.02627546 0.054
v 0.163176313 0.026743535 0.0535000041
v 0.163163856 0.0264685079 0.05375
v 0.1630539 0.0261276029 0.054
v 0.162787735 0.026550876 0.0535000041
v 0.162783131 0.0262439381 0.05375
v 0.16278632 0.0259179845 0.054
v 0.162439078 0.026277734 0.0535000041
v 0.162460685 0.025932705 0.05375
v 0.162567377 0.0256579872 0.054
v 0.16215378 0.02593895 0.0535000041
v 0.1622228 0.0255601611 0.05375
v 0.162409067 0.0253652036 0.054
v 0.161947489 0.0255574416 0.0535000041
v 0.1620813 0.0251598265 0.05375
v 0.162315339 0.0250596926 0.054
v 0.161825374 0.025159359 0.0535000041
v 0.1622825 0.0247599911 0.054
v 0.161782563 0.0247688331 0.0535000041
v 0.1622825 0.0247599911 0.054
v 0.1622825 0.0247599911 0.0550000034
v 0.162304729 0.02445931 0.0550000034
v 0.162312672 0.0244153179 0.0545
v 0.162304729 0.02445931 0.054
v 0.16238758 0.0241506789 0.0550000034
v 0.16238758 0.0241506789 0.054
v 0.162423179 0.0240635332 0.0545
v 0.162535444 0.0238524787 0.0550000034
v 0.162535444 0.0238524787 0.054
v 0.1626182 0.0237329043 0.0545
v 0.162745059 0.0235848986 0.0550000034
v 0.162745059 0.0235848986 0.054
v 0.162888482 0.0234528854 0.0545
v 0.163005054 0.02336595 0.0550000034
v 0.163005054 0.02336595 0.054
v 0.163212 0.0232462958 0.0545
v 0.163297847 0.0232076384 0.0550000034
v 0.163297847 0.0232076384 0.054
v 0.16355966 0.02312342 0.0545
v 0.163603351 0.02311392 0.0550000034
v 0.163903058 0.0230810642 0.0545
v 0.163603351 0.02311392 0.054
v 0.163903058 0.0230810642 0.0550000034
v 0.163903058 0.0230810642 0.054
v 0.164203733 0.0231033 0.0550000034
v 0.164203733 0.0231033 0.054
v 0.164247721 0.02311125 0.0545
v 0.164512366 0.0231861547 0.0550000034
v 0.164512366 0.0231861547 0.054
v 0.164512366 0.0231861547 0.0545
v 0.164769366 0.023308944 0.0545
v 0.164810568 0.0233340152 0.0550000034
v 0.164810568 0.0233340152 0.054
v 0.165005952 0.0234779585 0.0545
v 0.165078148 0.02354363 0.0550000034
v 0.165078148 0.02354363 0.054
v 0.165210158 0.0236870572 0.0545
v 0.165297091 0.023803629 0.0550000034
v 0.165297091 0.023803629 0.054
v 0.165372789 0.0239262544 0.0545
v 0.1654554 0.0240964144 0.0550000034
v 0.1654554 0.0240964144 0.054
v 0.165488735 0.0241832715 0.0545
v 0.165549129 0.0244019218 0.0550000034
v 0.165549129 0.0244019218 0.054
v 0.16555737 0.024445476 0.0545
v 0.165581971 0.0247016288 0.0550000034
v 0.165581971 0.0247016288 0.054
v 0.165559739 0.0250023045 0.0550000034
v 0.1655518 0.0250462964 0.0545
v 0.165559739 0.0250023045 0.054
v 0.165476888 0.02531094 0.0550000034
v 0.165476888 0.02531094 0.054
v 0.16544129 0.0253980812 0.0545
v 0.165329039 0.0256091375 0.0550000034
v 0.165329039 0.0256091375 0.054
v 0.165246263 0.02572871 0.0545
v 0.16511941 0.0258767158 0.0550000034
v 0.16511941 0.0258767158 0.054
v 0.164975986 0.02600873 0.0545
v 0.164859414 0.026095666 0.0550000034
v 0.164859414 0.026095666 0.054
v 0.164652452 0.02621532 0.0545
v 0.164566636 0.0262539759 0.0550000034
v 0.164566636 0.0262539759 0.054
v 0.164304808 0.0263381936 0.0545
v 0.164261118 0.0263476968 0.0550000034
v 0.163961411 0.02638055 0.0545
v 0.164261118 0.0263476968 0.054
v 0.163961411 0.02638055 0.0550000034
v 0.163961411 0.02638055 0.054
v 0.163660735 0.0263583176 0.0550000034
v 0.163660735 0.0263583176 0.054
v 0.163616747 0.0263503641 0.0545
v 0.1633521 0.02627546 0.0550000034
v 0.1633521 0.02627546 0.054
v 0.1633521 0.02627546 0.0545
v 0.1630951 0.02615267 0.0545
v 0.1630539 0.0261276029 0.0550000034
v 0.1630539 0.0261276029 0.054
v 0.162858516 0.0259836558 0.0545
v 0.16278632 0.0259179845 0.0550000034
v 0.16278632 0.0259179845 0.054
v 0.16265431 0.0257745571 0.0545
v 0.162567377 0.0256579872 0.0550000034
v 0.162567377 0.0256579872 0.054
v 0.162491679 0.0255353618 0.0545
v 0.162409067 0.0253652036 0.0550000034
v 0.162409067 0.0253652036 0.054
v 0.162375733 0.025278341 0.0545
v 0.162315339 0.0250596926 0.0550000034
v 0.162315339 0.0250596926 0.054
v 0.1623071 0.0250161365 0.0545
v 0.1622825 0.0247599911 0.0550000034
v 0.1622825 0.0247599911 0.054
v 0.1646977 -0.0252905563 0.0550000034
v 0.16466485 -0.02559026 0.0550000034
v 0.165197626 -0.0252994 0.0555000044
v 0.1648403 -0.0258918684 0.0552500039
v 0.164571121 -0.0258957688 0.0550000034
v 0.165154815 -0.0256899241 0.0555000044
v 0.1650327 -0.0260880068 0.0555000044
v 0.164412811 -0.0261885542 0.0550000034
v 0.164826408 -0.0264695156 0.0555000044
v 0.1645195 -0.02646327 0.0552500039
v 0.164193869 -0.0264485516 0.0550000034
v 0.164011925 -0.0268986728 0.0552500039
v 0.16454111 -0.026808301 0.0555000044
v 0.163926288 -0.02665817 0.0550000034
v 0.164192453 -0.0270814411 0.0555000044
v 0.163628086 -0.0268060267 0.0550000034
v 0.163803875 -0.027274102 0.0555000044
v 0.163411245 -0.027126316 0.0552500039
v 0.163319454 -0.0268888846 0.0550000034
v 0.163014352 -0.0271610767 0.0552500039
v 0.163401723 -0.0273820683 0.0555000044
v 0.163018778 -0.0269111134 0.0550000034
v 0.163009927 -0.0274110362 0.0555000044
v 0.162719071 -0.0268782638 0.0550000034
v 0.162619412 -0.02736823 0.0555000044
v 0.162618935 -0.0271123014 0.0552500039
v 0.162413567 -0.0267845429 0.0550000034
v 0.162221327 -0.02724611 0.0555000044
v 0.1622186 -0.0269708112 0.0552500039
v 0.162120774 -0.026626233 0.0550000034
v 0.161839813 -0.0270398278 0.0555000044
v 0.161846057 -0.02673292 0.0552500039
v 0.161860779 -0.0264072828 0.0550000034
v 0.16150102 -0.0267545264 0.0555000044
v 0.161534831 -0.0264104772 0.0552500039
v 0.161651164 -0.0261397045 0.0550000034
v 0.1612279 -0.0264058635 0.0555000044
v 0.161310256 -0.0260297526 0.0552500039
v 0.1615033 -0.0258415043 0.0550000034
v 0.161035225 -0.0260172989 0.0555000044
v 0.161183015 -0.0256246645 0.0552500039
v 0.16142045 -0.0255328715 0.0550000034
v 0.160927266 -0.0256151445 0.0555000044
v 0.161398217 -0.025232194 0.0550000034
v 0.1608983 -0.025223352 0.0555000044
v 0.165581971 0.0247016288 0.0550000034
v 0.165549129 0.0244019218 0.0550000034
v 0.1660819 0.024692785 0.0555000044
v 0.165724576 0.024100313 0.0552500039
v 0.1654554 0.0240964144 0.0550000034
v 0.1660391 0.024302261 0.0555000044
v 0.165916964 0.0239041727 0.0555000044
v 0.165297091 0.023803629 0.0550000034
v 0.165710688 0.0235226676 0.0555000044
v 0.165403783 0.0235289149 0.0552500039
v 0.165078148 0.02354363 0.0550000034
v 0.1648962 0.0230935086 0.0552500039
v 0.16542539 0.0231838785 0.0555000044
v 0.164810568 0.0233340152 0.0550000034
v 0.165076733 0.0229107421 0.0555000044
v 0.164512366 0.0231861547 0.0550000034
v 0.164688155 0.0227180813 0.0555000044
v 0.164295524 0.0228658654 0.0552500039
v 0.164203733 0.0231033 0.0550000034
v 0.163898632 0.0228311047 0.0552500039
v 0.164286 0.02261011 0.0555000044
v 0.163903058 0.0230810642 0.0550000034
v 0.1638942 0.0225811452 0.0555000044
v 0.163603351 0.02311392 0.0550000034
v 0.163503677 0.0226239488 0.0555000044
v 0.163503215 0.02287988 0.0552500039
v 0.163297847 0.0232076384 0.0550000034
v 0.1631056 0.0227460749 0.0555000044
v 0.16310288 0.02302137 0.0552500039
v 0.163005054 0.02336595 0.0550000034
v 0.1627241 0.0229523554 0.0555000044
v 0.162730336 0.0232592616 0.0552500039
v 0.162745059 0.0235848986 0.0550000034
v 0.1623853 0.0232376531 0.0555000044
v 0.162419111 0.0235817079 0.0552500039
v 0.162535444 0.0238524787 0.0550000034
v 0.162112176 0.0235863179 0.0555000044
v 0.162194535 0.0239624325 0.0552500039
v 0.16238758 0.0241506789 0.0550000034
v 0.1619195 0.02397488 0.0555000044
v 0.1620673 0.0243675169 0.0552500039
v 0.162304729 0.02445931 0.0550000034
v 0.161811545 0.02437704 0.0555000044
v 0.1622825 0.0247599911 0.0550000034
v 0.161782563 0.0247688331 0.0555000044
v 0.132056028 -0.0296304766 0.0545
v 0.132056028 -0.0296304766 0.0550000034
v 0.131130248 -0.0293464717 0.0550000034
v 0.132964224 -0.0297300257 0.0550000034
v 0.132964224 -0.0297300257 0.054
v 0.132056028 -0.0296304766 0.054
v 0.131130248 -0.0293464717 0.0545
v 0.130243018 -0.0288667418 0.0550000034
v 0.131130248 -0.0293464717 0.054
v 0.130243018 -0.0288667418 0.0545
v 0.129455134 -0.028203262 0.0550000034
v 0.130243018 -0.0288667418 0.054
v 0.129455134 -0.028203262 0.0545
v 0.128819942 -0.0273924172 0.0550000034
v 0.129455134 -0.028203262 0.054
v 0.128819942 -0.0273924172 0.0545
v 0.128371879 -0.0264887754 0.0550000034
v 0.128819942 -0.0273924172 0.054
v 0.128371879 -0.0264887754 0.0545
v 0.1281208 -0.0255535282 0.0550000034
v 0.128371879 -0.0264887754 0.054
v 0.1281208 -0.0255535282 0.0545
v 0.128053427 -0.0246423818 0.0550000034
v 0.1281208 -0.0255535282 0.054
v 0.128053427 -0.0246423818 0.054
v 0.132158473 0.0264695156 0.0555000044
v 0.130214587 0.0277900472 0.0555000044
v 0.131952181 0.0260880068 0.0555000044
v 0.132443771 0.026808301 0.0555000044
v 0.132792428 0.0270814411 0.0555000044
v 0.133181 0.027274102 0.0555000044
v 0.133583158 0.0273820683 0.0555000044
v 0.133974954 0.0274110362 0.0555000044
v 0.131830066 0.0256899241 0.0555000044
v 0.129782826 0.02699154 0.0555000044
v 0.129527226 0.0261583347 0.0555000044
v 0.131787255 0.0252994 0.0555000044
v 0.129437625 0.0253409613 0.0555000044
v 0.130811721 0.028499132 0.0555000044
v 0.131816238 0.0249076057 0.0555000044
v 0.131541476 0.0290708132 0.0555000044
v 0.1319242 0.0245054457 0.0555000044
v 0.132354751 0.0294740628 0.0555000044
v 0.132116854 0.0241168849 0.0555000044
v 0.133196473 0.0297000371 0.0555000044
v 0.132389992 0.02376822 0.0555000044
v 0.134016514 0.02976067 0.0555000044
v 0.132728785 0.02348292 0.0555000044
v 0.1489726 0.0271457527 0.0555000044
v 0.134365469 0.02736823 0.0555000044
v 0.134763554 0.02724611 0.0555000044
v 0.135145068 0.0270398278 0.0555000044
v 0.135483861 0.0267545264 0.0555000044
v 0.135756984 0.0264058635 0.0555000044
v 0.135949656 0.0260172989 0.0555000044
v 0.136057615 0.0256151445 0.0555000044
v 0.136086583 0.025223352 0.0555000044
v 0.136043787 0.0248328261 0.0555000044
v 0.135921657 0.0244347379 0.0555000044
v 0.147669718 0.0049318485 0.0555000044
v 0.164011821 0.0292301029 0.0555000044
v 0.148580864 0.00499921851 0.0555000044
v 0.13571538 0.0240532346 0.0555000044
v 0.14948906 0.00489966758 0.0555000044
v 0.135430083 0.0237144455 0.0555000044
v 0.150414839 0.004615665 0.0555000044
v 0.13508141 0.0234413072 0.0555000044
v 0.134692848 0.0232486464 0.0555000044
v 0.1342907 0.0231406763 0.0555000044
v 0.146734476 0.0046807644 0.0555000044
v 0.14583084 0.004232711 0.0555000044
v 0.14502 0.00359750865 0.0555000044
v 0.1443565 0.00280963443 0.0555000044
v 0.143876776 0.00192240486 0.0555000044
v 0.143592775 0.0009966246 0.0555000044
v 0.1338989 0.0231117085 0.0555000044
v 0.133508369 0.0231545158 0.0555000044
v 0.133110285 0.02327664 0.0555000044
v 0.14349322 8.842768E-05 0.0555000044
v 0.132296726 -0.0227180813 0.0555000044
v 0.143560588 -0.0008227215 0.0555000044
v 0.131908149 -0.0229107421 0.0555000044
v 0.132698879 -0.02261011 0.0555000044
v 0.133090675 -0.0225811452 0.0555000044
v 0.1334812 -0.0226239488 0.0555000044
v 0.143811673 -0.00175796682 0.0555000044
v 0.133879274 -0.0227460749 0.0555000044
v 0.144259736 -0.00266160723 0.0555000044
v 0.134260789 -0.0229523554 0.0555000044
v 0.134599581 -0.0232376531 0.0555000044
v 0.144894928 -0.003472453 0.0555000044
v 0.128553346 -0.0246512238 0.0555000044
v 0.1348727 -0.0235863179 0.0555000044
v 0.131559491 -0.0231838785 0.0555000044
v 0.1312742 -0.0235226676 0.0555000044
v 0.131067917 -0.0239041727 0.0555000044
v 0.130945787 -0.024302261 0.0555000044
v 0.130902976 -0.024692785 0.0555000044
v 0.128613979 -0.025471257 0.0555000044
v 0.130931959 -0.02508458 0.0555000044
v 0.128839955 -0.0263129789 0.0555000044
v 0.12924321 -0.0271262564 0.0555000044
v 0.131039917 -0.0254867338 0.0555000044
v 0.1298149 -0.0278560165 0.0555000044
v 0.131232589 -0.0258752983 0.0555000044
v 0.13052398 -0.0284531489 0.0555000044
v 0.131505728 -0.02622396 0.0555000044
v 0.131322488 -0.0288849082 0.0555000044
v 0.1318445 -0.0265092626 0.0555000044
v 0.13222602 -0.0267155431 0.0555000044
v 0.132155687 -0.02914051 0.0555000044
v 0.13262409 -0.0268376656 0.0555000044
v 0.13297306 -0.0292301029 0.0555000044
v 0.133014619 -0.02688047 0.0555000044
v 0.133406416 -0.0268515032 0.0555000044
v 0.133808568 -0.026743535 0.0555000044
v 0.134197146 -0.026550876 0.0555000044
v 0.1345458 -0.026277734 0.0555000044
v 0.1348311 -0.02593895 0.0555000044
v 0.148088321 -0.0228464268 0.0555000044
v 0.162968367 -0.02976067 0.0555000044
v 0.1612279 -0.0264058635 0.0555000044
v 0.135037392 -0.0255574416 0.0555000044
v 0.1351595 -0.025159359 0.0555000044
v 0.135202318 -0.0247688331 0.0555000044
v 0.135173336 -0.02437704 0.0555000044
v 0.135065377 -0.02397488 0.0555000044
v 0.16150102 -0.0267545264 0.0555000044
v 0.161035225 -0.0260172989 0.0555000044
v 0.161839813 -0.0270398278 0.0555000044
v 0.160927266 -0.0256151445 0.0555000044
v 0.162221327 -0.02724611 0.0555000044
v 0.1608983 -0.025223352 0.0555000044
v 0.1609411 -0.0248328261 0.0555000044
v 0.161063224 -0.0244347379 0.0555000044
v 0.1612695 -0.0240532346 0.0555000044
v 0.145682812 -0.00413593464 0.0555000044
v 0.162619412 -0.02736823 0.0555000044
v 0.163009927 -0.0274110362 0.0555000044
v 0.163401723 -0.0273820683 0.0555000044
v 0.163788408 -0.0297000371 0.0555000044
v 0.163803875 -0.027274102 0.0555000044
v 0.146570042 -0.004615665 0.0555000044
v 0.16463013 -0.0294740628 0.0555000044
v 0.164192453 -0.0270814411 0.0555000044
v 0.16454111 -0.026808301 0.0555000044
v 0.1654434 -0.0290708132 0.0555000044
v 0.164826408 -0.0264695156 0.0555000044
v 0.16617316 -0.028499132 0.0555000044
v 0.1650327 -0.0260880068 0.0555000044
v 0.1667703 -0.0277900472 0.0555000044
v 0.147495821 -0.00489966758 0.0555000044
v 0.165154815 -0.0256899241 0.0555000044
v 0.167202055 -0.02699154 0.0555000044
v 0.167457655 -0.0261583347 0.0555000044
v 0.165197626 -0.0252994 0.0555000044
v 0.148404017 -0.00499921851 0.0555000044
v 0.167547256 -0.0253409613 0.0555000044
v 0.149315163 -0.0049318485 0.0555000044
v 0.1502504 -0.0046807644 0.0555000044
v 0.151154041 -0.004232711 0.0555000044
v 0.151964888 -0.00359750865 0.0555000044
v 0.1615548 -0.0237144455 0.0555000044
v 0.165168643 -0.0249076057 0.0555000044
v 0.152628377 -0.00280963443 0.0555000044
v 0.161903471 -0.0234413072 0.0555000044
v 0.162292033 -0.0232486464 0.0555000044
v 0.1531081 -0.00192240486 0.0555000044
v 0.162694186 -0.0231406763 0.0555000044
v 0.165060684 -0.0245054457 0.0555000044
v 0.1533921 -0.0009966246 0.0555000044
v 0.164868027 -0.0241168849 0.0555000044
v 0.164594889 -0.02376822 0.0555000044
v 0.163085982 -0.0231117085 0.0555000044
v 0.163476512 -0.0231545158 0.0555000044
v 0.1642561 -0.02348292 0.0555000044
v 0.168431535 0.0246512238 0.0555000044
v 0.1638746 -0.02327664 0.0555000044
v 0.153491661 -8.842768E-05 0.0555000044
v 0.165076733 0.0229107421 0.0555000044
v 0.164688155 0.0227180813 0.0555000044
v 0.16542539 0.0231838785 0.0555000044
v 0.1534243 0.0008227215 0.0555000044
v 0.165710688 0.0235226676 0.0555000044
v 0.164286 0.02261011 0.0555000044
v 0.1638942 0.0225811452 0.0555000044
v 0.163503677 0.0226239488 0.0555000044
v 0.153173208 0.00175796682 0.0555000044
v 0.1631056 0.0227460749 0.0555000044
v 0.165916964 0.0239041727 0.0555000044
v 0.1660391 0.024302261 0.0555000044
v 0.1660819 0.024692785 0.0555000044
v 0.1683709 0.025471257 0.0555000044
v 0.152725145 0.00266160723 0.0555000044
v 0.1627241 0.0229523554 0.0555000044
v 0.1623853 0.0232376531 0.0555000044
v 0.152089953 0.003472453 0.0555000044
v 0.162112176 0.0235863179 0.0555000044
v 0.166052923 0.02508458 0.0555000044
v 0.168144926 0.0263129789 0.0555000044
v 0.167741671 0.0271262564 0.0555000044
v 0.165944964 0.0254867338 0.0555000044
v 0.167169988 0.0278560165 0.0555000044
v 0.165752292 0.0258752983 0.0555000044
v 0.1664609 0.0284531489 0.0555000044
v 0.165479153 0.02622396 0.0555000044
v 0.151302069 0.00413593464 0.0555000044
v 0.1656624 0.0288849082 0.0555000044
v 0.165140375 0.0265092626 0.0555000044
v 0.164758861 0.0267155431 0.0555000044
v 0.1648292 0.02914051 0.0555000044
v 0.164360791 0.0268376656 0.0555000044
v 0.163970262 0.02688047 0.0555000044
v 0.163578466 0.0268515032 0.0555000044
v 0.163176313 0.026743535 0.0555000044
v 0.162787735 0.026550876 0.0555000044
v 0.162439078 0.026277734 0.0555000044
v 0.16215378 0.02593895 0.0555000044
v 0.161947489 0.0255574416 0.0555000044
v 0.161825374 0.025159359 0.0555000044
v 0.161782563 0.0247688331 0.0555000044
v 0.161811545 0.02437704 0.0555000044
v 0.1619195 0.02397488 0.0555000044
v 0.1684893 -0.000353710726 0.0545
v 0.168047175 -0.0253498033 0.0550000034
v 0.168047175 -0.0253498033 0.054
v 0.168931454 0.0246423818 0.054
v 0.168931454 0.0246423818 0.0550000034
v 0.16794762 -0.0262579955 0.0545
v 0.16794762 -0.0262579955 0.0550000034
v 0.167663619 -0.02718378 0.0550000034
v 0.168047175 -0.0253498033 0.0550000034
v 0.168047175 -0.0253498033 0.054
v 0.16794762 -0.0262579955 0.054
v 0.167663619 -0.02718378 0.0545
v 0.167183891 -0.0280710086 0.0550000034
v 0.167663619 -0.02718378 0.054
v 0.167183891 -0.0280710086 0.0545
v 0.166520417 -0.0288588833 0.0550000034
v 0.167183891 -0.0280710086 0.054
v 0.166520417 -0.0288588833 0.0545
v 0.16570957 -0.0294940844 0.0550000034
v 0.166520417 -0.0288588833 0.054
v 0.16570957 -0.0294940844 0.0545
v 0.164805919 -0.0299421381 0.0550000034
v 0.16570957 -0.0294940844 0.054
v 0.164805919 -0.0299421381 0.0545
v 0.163870677 -0.0301932227 0.0550000034
v 0.164805919 -0.0299421381 0.054
v 0.163870677 -0.0301932227 0.0545
v 0.162959531 -0.0302605927 0.0550000034
v 0.163870677 -0.0301932227 0.054
v 0.162959531 -0.0302605927 0.054
v 0.14796187 -0.02999531 0.0545
v 0.132964224 -0.0297300257 0.0550000034
v 0.132964224 -0.0297300257 0.054
v 0.162959531 -0.0302605927 0.054
v 0.162959531 -0.0302605927 0.0550000034
v 0.149018586 0.0297453478 0.0552500039
v 0.134016514 0.02976067 0.0555000044
v 0.164011821 0.0292301029 0.0555000044
v 0.164020658 0.0297300257 0.0550000034
v 0.13402535 0.0302605927 0.0550000034
v 0.129437625 0.0253409613 0.0555000044
v 0.129282236 0.026208166 0.0552500039
v 0.1289377 0.0253498033 0.0550000034
v 0.129527226 0.0261583347 0.0555000044
v 0.129037261 0.0262579955 0.0550000034
v 0.129782826 0.02699154 0.0555000044
v 0.129552037 0.0270876586 0.0552500039
v 0.129321262 0.02718378 0.0550000034
v 0.130214587 0.0277900472 0.0555000044
v 0.130007789 0.02793053 0.0552500039
v 0.12980099 0.0280710086 0.0550000034
v 0.130811721 0.028499132 0.0555000044
v 0.1306381 0.0286790077 0.0552500039
v 0.130464464 0.0288588833 0.0550000034
v 0.131541476 0.0290708132 0.0555000044
v 0.1314084 0.0292824488 0.0552500039
v 0.131275311 0.0294940844 0.0550000034
v 0.132354751 0.0294740628 0.0555000044
v 0.132266849 0.0297081 0.0552500039
v 0.132178962 0.0299421381 0.0550000034
v 0.133196473 0.0297000371 0.0555000044
v 0.133155346 0.0299466327 0.0552500039
v 0.1331142 0.0301932227 0.0550000034
v 0.134016514 0.02976067 0.0555000044
v 0.13402535 0.0302605927 0.0550000034
v 0.128745526 0.0003492888 0.0552500039
v 0.128553346 -0.0246512238 0.0555000044
v 0.129437625 0.0253409613 0.0555000044
v 0.1289377 0.0253498033 0.0550000034
v 0.128053427 -0.0246423818 0.0550000034
v 0.13297306 -0.0292301029 0.0555000044
v 0.132105857 -0.0293854959 0.0552500039
v 0.132964224 -0.0297300257 0.0550000034
v 0.132155687 -0.02914051 0.0555000044
v 0.132056028 -0.0296304766 0.0550000034
v 0.131322488 -0.0288849082 0.0555000044
v 0.131226361 -0.02911569 0.0552500039
v 0.131130248 -0.0293464717 0.0550000034
v 0.13052398 -0.0284531489 0.0555000044
v 0.130383492 -0.0286599454 0.0552500039
v 0.130243018 -0.0288667418 0.0550000034
v 0.1298149 -0.0278560165 0.0555000044
v 0.129635021 -0.0280296374 0.0552500039
v 0.129455134 -0.028203262 0.0550000034
v 0.12924321 -0.0271262564 0.0555000044
v 0.129031569 -0.0272593368 0.0552500039
v 0.128819942 -0.0273924172 0.0550000034
v 0.128839955 -0.0263129789 0.0555000044
v 0.128605917 -0.0264008753 0.0552500039
v 0.128371879 -0.0264887754 0.0550000034
v 0.128613979 -0.025471257 0.0555000044
v 0.1283674 -0.0255123936 0.0552500039
v 0.1281208 -0.0255535282 0.0550000034
v 0.128553346 -0.0246512238 0.0555000044
v 0.128053427 -0.0246423818 0.0550000034
v 0.1479663 -0.0297453478 0.0552500039
v 0.162968367 -0.02976067 0.0555000044
v 0.13297306 -0.0292301029 0.0555000044
v 0.132964224 -0.0297300257 0.0550000034
v 0.162959531 -0.0302605927 0.0550000034
v 0.167547256 -0.0253409613 0.0555000044
v 0.167702645 -0.026208166 0.0552500039
v 0.168047175 -0.0253498033 0.0550000034
v 0.167457655 -0.0261583347 0.0555000044
v 0.16794762 -0.0262579955 0.0550000034
v 0.167202055 -0.02699154 0.0555000044
v 0.167432845 -0.0270876586 0.0552500039
v 0.167663619 -0.02718378 0.0550000034
v 0.1667703 -0.0277900472 0.0555000044
v 0.1669771 -0.02793053 0.0552500039
v 0.167183891 -0.0280710086 0.0550000034
v 0.16617316 -0.028499132 0.0555000044
v 0.166346788 -0.0286790077 0.0552500039
v 0.166520417 -0.0288588833 0.0550000034
v 0.1654434 -0.0290708132 0.0555000044
v 0.165576488 -0.0292824488 0.0552500039
v 0.16570957 -0.0294940844 0.0550000034
v 0.16463013 -0.0294740628 0.0555000044
v 0.164718032 -0.0297081 0.0552500039
v 0.164805919 -0.0299421381 0.0550000034
v 0.163788408 -0.0297000371 0.0555000044
v 0.163829535 -0.0299466327 0.0552500039
v 0.163870677 -0.0301932227 0.0550000034
v 0.162968367 -0.02976067 0.0555000044
v 0.162959531 -0.0302605927 0.0550000034
v 0.168239355 -0.0003492888 0.0552500039
v 0.168431535 0.0246512238 0.0555000044
v 0.167547256 -0.0253409613 0.0555000044
v 0.168047175 -0.0253498033 0.0550000034
v 0.168931454 0.0246423818 0.0550000034
v 0.164011821 0.0292301029 0.0555000044
v 0.164879024 0.0293854959 0.0552500039
v 0.164020658 0.0297300257 0.0550000034
v 0.1648292 0.02914051 0.0555000044
v 0.164928854 0.0296304766 0.0550000034
v 0.1656624 0.0288849082 0.0555000044
v 0.16575852 0.02911569 0.0552500039
v 0.165854633 0.0293464717 0.0550000034
v 0.1664609 0.0284531489 0.0555000044
v 0.16660139 0.0286599454 0.0552500039
v 0.166741863 0.0288667418 0.0550000034
v 0.167169988 0.0278560165 0.0555000044
v 0.16734986 0.0280296374 0.0552500039
v 0.167529747 0.028203262 0.0550000034
v 0.167741671 0.0271262564 0.0555000044
v 0.167953312 0.0272593368 0.0552500039
v 0.168164939 0.0273924172 0.0550000034
v 0.168144926 0.0263129789 0.0555000044
v 0.168378964 0.0264008753 0.0552500039
v 0.168613 0.0264887754 0.0550000034
v 0.1683709 0.025471257 0.0555000044
v 0.168617487 0.0255123936 0.0552500039
v 0.168864086 0.0255535282 0.0550000034
v 0.168431535 0.0246512238 0.0555000044
v 0.168931454 0.0246423818 0.0550000034
v 0.134692848 0.0232486464 0.0535000041
v 0.148492441 5.28323773E-18 0.0535000041
v 0.1342907 0.0231406763 0.0535000041
v 0.13508141 0.0234413072 0.0535000041
v 0.135430083 0.0237144455 0.0535000041
v 0.1338989 0.0231117085 0.0535000041
v 0.13571538 0.0240532346 0.0535000041
v 0.1489726 0.0271457527 0.0535000041
v 0.135921657 0.0244347379 0.0535000041
v 0.136043787 0.0248328261 0.0535000041
v 0.136086583 0.025223352 0.0535000041
v 0.136057615 0.0256151445 0.0535000041
v 0.135949656 0.0260172989 0.0535000041
v 0.135756984 0.0264058635 0.0535000041
v 0.134016514 0.02976067 0.0535000041
v 0.164011821 0.0292301029 0.0535000041
v 0.16215378 0.02593895 0.0535000041
v 0.135483861 0.0267545264 0.0535000041
v 0.135145068 0.0270398278 0.0535000041
v 0.134763554 0.02724611 0.0535000041
v 0.134365469 0.02736823 0.0535000041
v 0.133974954 0.0274110362 0.0535000041
v 0.133583158 0.0273820683 0.0535000041
v 0.133196473 0.0297000371 0.0535000041
v 0.133181 0.027274102 0.0535000041
v 0.132354751 0.0294740628 0.0535000041
v 0.132792428 0.0270814411 0.0535000041
v 0.132443771 0.026808301 0.0535000041
v 0.131541476 0.0290708132 0.0535000041
v 0.132158473 0.0264695156 0.0535000041
v 0.130811721 0.028499132 0.0535000041
v 0.131952181 0.0260880068 0.0535000041
v 0.130214587 0.0277900472 0.0535000041
v 0.131830066 0.0256899241 0.0535000041
v 0.129782826 0.02699154 0.0535000041
v 0.129527226 0.0261583347 0.0535000041
v 0.131787255 0.0252994 0.0535000041
v 0.129437625 0.0253409613 0.0535000041
v 0.131816238 0.0249076057 0.0535000041
v 0.1319242 0.0245054457 0.0535000041
v 0.132116854 0.0241168849 0.0535000041
v 0.132389992 0.02376822 0.0535000041
v 0.132728785 0.02348292 0.0535000041
v 0.131908149 -0.0229107421 0.0535000041
v 0.128553346 -0.0246512238 0.0535000041
v 0.132296726 -0.0227180813 0.0535000041
v 0.133110285 0.02327664 0.0535000041
v 0.132698879 -0.02261011 0.0535000041
v 0.133508369 0.0231545158 0.0535000041
v 0.131559491 -0.0231838785 0.0535000041
v 0.133090675 -0.0225811452 0.0535000041
v 0.1334812 -0.0226239488 0.0535000041
v 0.133879274 -0.0227460749 0.0535000041
v 0.1312742 -0.0235226676 0.0535000041
v 0.134260789 -0.0229523554 0.0535000041
v 0.131067917 -0.0239041727 0.0535000041
v 0.130945787 -0.024302261 0.0535000041
v 0.130902976 -0.024692785 0.0535000041
v 0.128613979 -0.025471257 0.0535000041
v 0.130931959 -0.02508458 0.0535000041
v 0.128839955 -0.0263129789 0.0535000041
v 0.12924321 -0.0271262564 0.0535000041
v 0.131039917 -0.0254867338 0.0535000041
v 0.1298149 -0.0278560165 0.0535000041
v 0.131232589 -0.0258752983 0.0535000041
v 0.13052398 -0.0284531489 0.0535000041
v 0.131505728 -0.02622396 0.0535000041
v 0.131322488 -0.0288849082 0.0535000041
v 0.1318445 -0.0265092626 0.0535000041
v 0.13222602 -0.0267155431 0.0535000041
v 0.132155687 -0.02914051 0.0535000041
v 0.13262409 -0.0268376656 0.0535000041
v 0.13297306 -0.0292301029 0.0535000041
v 0.133014619 -0.02688047 0.0535000041
v 0.133406416 -0.0268515032 0.0535000041
v 0.133808568 -0.026743535 0.0535000041
v 0.134197146 -0.026550876 0.0535000041
v 0.1345458 -0.026277734 0.0535000041
v 0.1348311 -0.02593895 0.0535000041
v 0.148088321 -0.0228464268 0.0535000041
v 0.162968367 -0.02976067 0.0535000041
v 0.1612279 -0.0264058635 0.0535000041
v 0.135037392 -0.0255574416 0.0535000041
v 0.1351595 -0.025159359 0.0535000041
v 0.135202318 -0.0247688331 0.0535000041
v 0.135173336 -0.02437704 0.0535000041
v 0.135065377 -0.02397488 0.0535000041
v 0.1348727 -0.0235863179 0.0535000041
v 0.134599581 -0.0232376531 0.0535000041
v 0.161035225 -0.0260172989 0.0535000041
v 0.160927266 -0.0256151445 0.0535000041
v 0.16150102 -0.0267545264 0.0535000041
v 0.1608983 -0.025223352 0.0535000041
v 0.161839813 -0.0270398278 0.0535000041
v 0.1609411 -0.0248328261 0.0535000041
v 0.162221327 -0.02724611 0.0535000041
v 0.161063224 -0.0244347379 0.0535000041
v 0.162619412 -0.02736823 0.0535000041
v 0.163009927 -0.0274110362 0.0535000041
v 0.163401723 -0.0273820683 0.0535000041
v 0.163788408 -0.0297000371 0.0535000041
v 0.163803875 -0.027274102 0.0535000041
v 0.1612695 -0.0240532346 0.0535000041
v 0.16463013 -0.0294740628 0.0535000041
v 0.164192453 -0.0270814411 0.0535000041
v 0.16454111 -0.026808301 0.0535000041
v 0.1654434 -0.0290708132 0.0535000041
v 0.164826408 -0.0264695156 0.0535000041
v 0.16617316 -0.028499132 0.0535000041
v 0.1650327 -0.0260880068 0.0535000041
v 0.1667703 -0.0277900472 0.0535000041
v 0.165154815 -0.0256899241 0.0535000041
v 0.167202055 -0.02699154 0.0535000041
v 0.167457655 -0.0261583347 0.0535000041
v 0.165197626 -0.0252994 0.0535000041
v 0.167547256 -0.0253409613 0.0535000041
v 0.165168643 -0.0249076057 0.0535000041
v 0.165060684 -0.0245054457 0.0535000041
v 0.164868027 -0.0241168849 0.0535000041
v 0.164594889 -0.02376822 0.0535000041
v 0.1642561 -0.02348292 0.0535000041
v 0.165076733 0.0229107421 0.0535000041
v 0.168431535 0.0246512238 0.0535000041
v 0.164688155 0.0227180813 0.0535000041
v 0.1638746 -0.02327664 0.0535000041
v 0.164286 0.02261011 0.0535000041
v 0.163476512 -0.0231545158 0.0535000041
v 0.16542539 0.0231838785 0.0535000041
v 0.1638942 0.0225811452 0.0535000041
v 0.165710688 0.0235226676 0.0535000041
v 0.165916964 0.0239041727 0.0535000041
v 0.1660391 0.024302261 0.0535000041
v 0.1660819 0.024692785 0.0535000041
v 0.1683709 0.025471257 0.0535000041
v 0.166052923 0.02508458 0.0535000041
v 0.168144926 0.0263129789 0.0535000041
v 0.167741671 0.0271262564 0.0535000041
v 0.165944964 0.0254867338 0.0535000041
v 0.167169988 0.0278560165 0.0535000041
v 0.165752292 0.0258752983 0.0535000041
v 0.1664609 0.0284531489 0.0535000041
v 0.165479153 0.02622396 0.0535000041
v 0.1656624 0.0288849082 0.0535000041
v 0.165140375 0.0265092626 0.0535000041
v 0.164758861 0.0267155431 0.0535000041
v 0.1648292 0.02914051 0.0535000041
v 0.164360791 0.0268376656 0.0535000041
v 0.163970262 0.02688047 0.0535000041
v 0.163578466 0.0268515032 0.0535000041
v 0.163176313 0.026743535 0.0535000041
v 0.162787735 0.026550876 0.0535000041
v 0.162439078 0.026277734 0.0535000041
v 0.161947489 0.0255574416 0.0535000041
v 0.161825374 0.025159359 0.0535000041
v 0.161782563 0.0247688331 0.0535000041
v 0.161811545 0.02437704 0.0535000041
v 0.1619195 0.02397488 0.0535000041
v 0.162112176 0.0235863179 0.0535000041
v 0.1623853 0.0232376531 0.0535000041
v 0.1627241 0.0229523554 0.0535000041
v 0.1631056 0.0227460749 0.0535000041
v 0.163503677 0.0226239488 0.0535000041
v 0.163085982 -0.0231117085 0.0535000041
v 0.162694186 -0.0231406763 0.0535000041
v 0.162292033 -0.0232486464 0.0535000041
v 0.161903471 -0.0234413072 0.0535000041
v 0.1615548 -0.0237144455 0.0535000041
v 0.168864086 0.0255535282 0.0545
v 0.168931454 0.0246423818 0.054
v 0.168864086 0.0255535282 0.054
v 0.168931454 0.0246423818 0.0550000034
v 0.168613 0.0264887754 0.054
v 0.168864086 0.0255535282 0.0550000034
v 0.168613 0.0264887754 0.0545
v 0.168164939 0.0273924172 0.054
v 0.168613 0.0264887754 0.0550000034
v 0.168164939 0.0273924172 0.0545
v 0.167529747 0.028203262 0.054
v 0.168164939 0.0273924172 0.0550000034
v 0.167529747 0.028203262 0.0545
v 0.166741863 0.0288667418 0.054
v 0.167529747 0.028203262 0.0550000034
v 0.166741863 0.0288667418 0.0545
v 0.165854633 0.0293464717 0.054
v 0.166741863 0.0288667418 0.0550000034
v 0.165854633 0.0293464717 0.0545
v 0.164928854 0.0296304766 0.054
v 0.165854633 0.0293464717 0.0550000034
v 0.164928854 0.0296304766 0.0545
v 0.164020658 0.0297300257 0.054
v 0.164928854 0.0296304766 0.0550000034
v 0.164020658 0.0297300257 0.0550000034
v 0.149023011 0.02999531 0.0545
v 0.164020658 0.0297300257 0.054
v 0.13402535 0.0302605927 0.054
v 0.13402535 0.0302605927 0.0550000034
v 0.164020658 0.0297300257 0.0550000034
v 0.1331142 0.0301932227 0.0545
v 0.13402535 0.0302605927 0.054
v 0.1331142 0.0301932227 0.054
v 0.13402535 0.0302605927 0.0550000034
v 0.132178962 0.0299421381 0.054
v 0.1331142 0.0301932227 0.0550000034
v 0.132178962 0.0299421381 0.0545
v 0.131275311 0.0294940844 0.054
v 0.132178962 0.0299421381 0.0550000034
v 0.131275311 0.0294940844 0.0545
v 0.130464464 0.0288588833 0.054
v 0.131275311 0.0294940844 0.0550000034
v 0.130464464 0.0288588833 0.0545
v 0.12980099 0.0280710086 0.054
v 0.130464464 0.0288588833 0.0550000034
v 0.12980099 0.0280710086 0.0545
v 0.129321262 0.02718378 0.054
v 0.12980099 0.0280710086 0.0550000034
v 0.129321262 0.02718378 0.0545
v 0.129037261 0.0262579955 0.054
v 0.129321262 0.02718378 0.0550000034
v 0.129037261 0.0262579955 0.0545
v 0.1289377 0.0253498033 0.054
v 0.129037261 0.0262579955 0.0550000034
v 0.1289377 0.0253498033 0.0550000034
v 0.128495574 0.000353710726 0.0545
v 0.1289377 0.0253498033 0.054
v 0.128053427 -0.0246423818 0.054
v 0.128053427 -0.0246423818 0.0550000034
v 0.1289377 0.0253498033 0.0550000034
v 0.149018586 0.0297453478 0.05375
v 0.164011821 0.0292301029 0.0535000041
v 0.134016514 0.02976067 0.0535000041
v 0.13402535 0.0302605927 0.054
v 0.164020658 0.0297300257 0.054
v 0.1289377 0.0253498033 0.054
v 0.129282236 0.026208166 0.05375
v 0.129437625 0.0253409613 0.0535000041
v 0.129037261 0.0262579955 0.054
v 0.129527226 0.0261583347 0.0535000041
v 0.129321262 0.02718378 0.054
v 0.129552037 0.0270876586 0.05375
v 0.129782826 0.02699154 0.0535000041
v 0.12980099 0.0280710086 0.054
v 0.130007789 0.02793053 0.05375
v 0.130214587 0.0277900472 0.0535000041
v 0.130464464 0.0288588833 0.054
v 0.1306381 0.0286790077 0.05375
v 0.130811721 0.028499132 0.0535000041
v 0.131275311 0.0294940844 0.054
v 0.1314084 0.0292824488 0.05375
v 0.131541476 0.0290708132 0.0535000041
v 0.132178962 0.0299421381 0.054
v 0.132266849 0.0297081 0.05375
v 0.132354751 0.0294740628 0.0535000041
v 0.1331142 0.0301932227 0.054
v 0.133155346 0.0299466327 0.05375
v 0.133196473 0.0297000371 0.0535000041
v 0.13402535 0.0302605927 0.054
v 0.134016514 0.02976067 0.0535000041
v 0.128745526 0.0003492888 0.05375
v 0.128553346 -0.0246512238 0.0535000041
v 0.128053427 -0.0246423818 0.054
v 0.1289377 0.0253498033 0.054
v 0.129437625 0.0253409613 0.0535000041
v 0.132964224 -0.0297300257 0.054
v 0.132105857 -0.0293854959 0.05375
v 0.13297306 -0.0292301029 0.0535000041
v 0.132056028 -0.0296304766 0.054
v 0.132155687 -0.02914051 0.0535000041
v 0.131130248 -0.0293464717 0.054
v 0.131226361 -0.02911569 0.05375
v 0.131322488 -0.0288849082 0.0535000041
v 0.130243018 -0.0288667418 0.054
v 0.130383492 -0.0286599454 0.05375
v 0.13052398 -0.0284531489 0.0535000041
v 0.129455134 -0.028203262 0.054
v 0.129635021 -0.0280296374 0.05375
v 0.1298149 -0.0278560165 0.0535000041
v 0.128819942 -0.0273924172 0.054
v 0.129031569 -0.0272593368 0.05375
v 0.12924321 -0.0271262564 0.0535000041
v 0.128371879 -0.0264887754 0.054
v 0.128605917 -0.0264008753 0.05375
v 0.128839955 -0.0263129789 0.0535000041
v 0.1281208 -0.0255535282 0.054
v 0.1283674 -0.0255123936 0.05375
v 0.128613979 -0.025471257 0.0535000041
v 0.128053427 -0.0246423818 0.054
v 0.128553346 -0.0246512238 0.0535000041
v 0.1479663 -0.0297453478 0.05375
v 0.162968367 -0.02976067 0.0535000041
v 0.162959531 -0.0302605927 0.054
v 0.132964224 -0.0297300257 0.054
v 0.13297306 -0.0292301029 0.0535000041
v 0.168047175 -0.0253498033 0.054
v 0.167702645 -0.026208166 0.05375
v 0.167547256 -0.0253409613 0.0535000041
v 0.16794762 -0.0262579955 0.054
v 0.167457655 -0.0261583347 0.0535000041
v 0.167663619 -0.02718378 0.054
v 0.167432845 -0.0270876586 0.05375
v 0.167202055 -0.02699154 0.0535000041
v 0.167183891 -0.0280710086 0.054
v 0.1669771 -0.02793053 0.05375
v 0.1667703 -0.0277900472 0.0535000041
v 0.166520417 -0.0288588833 0.054
v 0.166346788 -0.0286790077 0.05375
v 0.16617316 -0.028499132 0.0535000041
v 0.16570957 -0.0294940844 0.054
v 0.165576488 -0.0292824488 0.05375
v 0.1654434 -0.0290708132 0.0535000041
v 0.164805919 -0.0299421381 0.054
v 0.164718032 -0.0297081 0.05375
v 0.16463013 -0.0294740628 0.0535000041
v 0.163870677 -0.0301932227 0.054
v 0.163829535 -0.0299466327 0.05375
v 0.163788408 -0.0297000371 0.0535000041
v 0.162959531 -0.0302605927 0.054
v 0.162968367 -0.02976067 0.0535000041
v 0.168239355 -0.0003492888 0.05375
v 0.168431535 0.0246512238 0.0535000041
v 0.168931454 0.0246423818 0.054
v 0.168047175 -0.0253498033 0.054
v 0.167547256 -0.0253409613 0.0535000041
v 0.148490861 -0.00291658775 0.0562500022
v 0.14848201 -0.00341650913 0.054
v 0.14848201 -0.00341650913 0.0585000031
v 0.1484997 -0.00241666567 0.0585000031
v 0.1484997 -0.00241666567 0.054
v 0.148635015 -0.00219863351 0.0562500022
v 0.1484997 -0.00241666567 0.0585000031
v 0.148770332 -0.001980601 0.0585000031
v 0.148770332 -0.001980601 0.054
v 0.1484997 -0.00241666567 0.054
v 0.1482722 -0.00219221576 0.0562500022
v 0.148144692 -0.00196953467 0.054
v 0.148144692 -0.00196953467 0.0585000031
v 0.148399711 -0.002414897 0.0585000031
v 0.148399711 -0.002414897 0.054
v 0.148390874 -0.00291481917 0.0562500022
v 0.148399711 -0.002414897 0.0585000031
v 0.148382038 -0.00341474055 0.0585000031
v 0.148382038 -0.00341474055 0.054
v 0.148399711 -0.002414897 0.054
v 0.148432031 -0.00341562484 0.0562500022
v 0.148382038 -0.00341474055 0.0585000031
v 0.14848201 -0.00341650913 0.0585000031
v 0.14848201 -0.00341650913 0.054
v 0.148382038 -0.00341474055 0.054
v 0.149392217 -0.00277432823 0.0562500022
v 0.149538279 -0.00325251487 0.054
v 0.149538279 -0.00325251487 0.0585000031
v 0.149246141 -0.00229614181 0.0585000031
v 0.149246141 -0.00229614181 0.054
v 0.149307445 -0.00204696716 0.0562500022
v 0.149246141 -0.00229614181 0.0585000031
v 0.149368763 -0.0017977925 0.0585000031
v 0.149368763 -0.0017977925 0.054
v 0.149246141 -0.00229614181 0.054
v 0.148960412 -0.002152979 0.0562500022
v 0.148770332 -0.001980601 0.0585000031
v 0.1491505 -0.002325357 0.0585000031
v 0.1491505 -0.002325357 0.054
v 0.148770332 -0.001980601 0.054
v 0.149296567 -0.00280354335 0.0562500022
v 0.1491505 -0.002325357 0.0585000031
v 0.149442643 -0.00328172976 0.0585000031
v 0.149442643 -0.00328172976 0.054
v 0.1491505 -0.002325357 0.054
v 0.149490461 -0.0032671222 0.0562500022
v 0.149442643 -0.00328172976 0.0585000031
v 0.149538279 -0.00325251487 0.0585000031
v 0.149538279 -0.00325251487 0.054
v 0.149442643 -0.00328172976 0.054
v 0.1502055 -0.00236049853 0.0562500022
v 0.150492176 -0.00277014147 0.054
v 0.150492176 -0.00277014147 0.0585000031
v 0.1499188 -0.00195085572 0.0585000031
v 0.1499188 -0.00195085572 0.054
v 0.149900109 -0.00169492979 0.0562500022
v 0.1499188 -0.00195085572 0.0585000031
v 0.149881423 -0.00143900374 0.0585000031
v 0.149881423 -0.00143900374 0.054
v 0.1499188 -0.00195085572 0.054
v 0.149602816 -0.0019029933 0.0562500022
v 0.149368763 -0.0017977925 0.0585000031
v 0.149836868 -0.00200819434 0.0585000031
v 0.149836868 -0.00200819434 0.054
v 0.149368763 -0.0017977925 0.054
v 0.150123566 -0.0024178368 0.0562500022
v 0.149836868 -0.00200819434 0.0585000031
v 0.15041025 -0.00282748 0.0585000031
v 0.15041025 -0.00282748 0.054
v 0.149836868 -0.00200819434 0.054
v 0.150451213 -0.0027988106 0.0562500022
v 0.15041025 -0.00282748 0.0585000031
v 0.150492176 -0.00277014147 0.0585000031
v 0.150492176 -0.00277014147 0.054
v 0.15041025 -0.00282748 0.054
v 0.150851086 -0.00171560678 0.0562500022
v 0.151250333 -0.00201660721 0.054
v 0.151250333 -0.00201660721 0.0585000031
v 0.150451839 -0.00141460611 0.0585000031
v 0.150451839 -0.00141460611 0.054
v 0.150354981 -0.00117698056 0.0562500022
v 0.150451839 -0.00141460611 0.0585000031
v 0.150258124 -0.0009393549 0.0585000031
v 0.150258124 -0.0009393549 0.054
v 0.150451839 -0.00141460611 0.054
v 0.15013653 -0.00146672956 0.0562500022
v 0.149881423 -0.00143900374 0.0585000031
v 0.150391638 -0.00149445573 0.0585000031
v 0.150391638 -0.00149445573 0.054
v 0.149881423 -0.00143900374 0.054
v 0.150790885 -0.00179545616 0.0562500022
v 0.150391638 -0.00149445573 0.0585000031
v 0.151190132 -0.00209645671 0.0585000031
v 0.151190132 -0.00209645671 0.054
v 0.150391638 -0.00149445573 0.054
v 0.151220232 -0.00205653231 0.0562500022
v 0.151190132 -0.00209645671 0.0585000031
v 0.151250333 -0.00201660721 0.0585000031
v 0.151250333 -0.00201660721 0.054
v 0.151190132 -0.00209645671 0.054
v 0.151265785 -0.0009027793 0.0562500022
v 0.15173851 -0.00106567377 0.054
v 0.15173851 -0.00106567377 0.0585000031
v 0.150793076 -0.000739885145 0.0585000031
v 0.150793076 -0.000739885145 0.054
v 0.150627524 -0.0005438202 0.0562500022
v 0.150793076 -0.000739885145 0.0585000031
v 0.150461972 -0.000347755558 0.0585000031
v 0.150461972 -0.000347755558 0.054
v 0.150793076 -0.000739885145 0.054
v 0.1505093 -0.000886892143 0.0562500022
v 0.150258124 -0.0009393549 0.0585000031
v 0.150760487 -0.000834429229 0.0585000031
v 0.150760487 -0.000834429229 0.054
v 0.150258124 -0.0009393549 0.054
v 0.151233211 -0.0009973238 0.0562500022
v 0.150760487 -0.000834429229 0.0585000031
v 0.151705936 -0.00116021791 0.0585000031
v 0.151705936 -0.00116021791 0.054
v 0.150760487 -0.000834429229 0.054
v 0.151722223 -0.00111294584 0.0562500022
v 0.151705936 -0.00116021791 0.0585000031
v 0.15173851 -0.00106567377 0.0585000031
v 0.15173851 -0.00106567377 0.054
v 0.151705936 -0.00116021791 0.054
v 0.15140903 -1.58166949E-06 0.0562500022
v 0.151908949 -1.04243445E-05 0.054
v 0.151908949 -1.04243445E-05 0.0585000031
v 0.150909111 7.26100552E-06 0.0585000031
v 0.150909111 7.26100552E-06 0.054
v 0.150691077 0.000142572739 0.0562500022
v 0.150909111 7.26100552E-06 0.0585000031
v 0.150473043 0.000277884479 0.0585000031
v 0.150473043 0.000277884479 0.054
v 0.150909111 7.26100552E-06 0.054
v 0.150684655 -0.000220239453 0.0562500022
v 0.150461972 -0.000347755558 0.0585000031
v 0.150907338 -9.27233559E-05 0.0585000031
v 0.150907338 -9.27233559E-05 0.054
v 0.150461972 -0.000347755558 0.054
v 0.151407257 -0.000101566031 0.0562500022
v 0.150907338 -9.27233559E-05 0.0585000031
v 0.151907176 -0.000110408706 0.0585000031
v 0.151907176 -0.000110408706 0.054
v 0.150907338 -9.27233559E-05 0.054
v 0.15190807 -6.04165252E-05 0.0562500022
v 0.151907176 -0.000110408706 0.0585000031
v 0.151908949 -1.04243445E-05 0.0585000031
v 0.151908949 -1.04243445E-05 0.054
v 0.151907176 -0.000110408706 0.054
v 0.151266769 0.000899770937 0.0562500022
v 0.151744962 0.00104584545 0.054
v 0.151744962 0.00104584545 0.0585000031
v 0.150788575 0.0007536966 0.0585000031
v 0.150788575 0.0007536966 0.054
v 0.150539413 0.0008150099 0.0562500022
v 0.150788575 0.0007536966 0.0585000031
v 0.150290236 0.0008763232 0.0585000031
v 0.150290236 0.0008763232 0.054
v 0.150788575 0.0007536966 0.054
v 0.15064542 0.0004679719 0.0562500022
v 0.150473043 0.000277884479 0.0585000031
v 0.1508178 0.000658059143 0.0585000031
v 0.1508178 0.000658059143 0.054
v 0.150473043 0.000277884479 0.054
v 0.15129599 0.0008041336 0.0562500022
v 0.1508178 0.000658059143 0.0585000031
v 0.151774168 0.000950207934 0.0585000031
v 0.151774168 0.000950207934 0.054
v 0.1508178 0.000658059143 0.054
v 0.151759565 0.0009980267 0.0562500022
v 0.151774168 0.000950207934 0.0585000031
v 0.151744962 0.00104584545 0.0585000031
v 0.151744962 0.00104584545 0.054
v 0.151774168 0.000950207934 0.054
v 0.150852934 0.00171304762 0.0562500022
v 0.151262581 0.00199974026 0.054
v 0.151262581 0.00199974026 0.0585000031
v 0.1504433 0.00142635487 0.0585000031
v 0.1504433 0.00142635487 0.054
v 0.150187373 0.00140766811 0.0562500022
v 0.1504433 0.00142635487 0.0585000031
v 0.149931446 0.00138898147 0.0585000031
v 0.149931446 0.00138898147 0.054
v 0.1504433 0.00142635487 0.054
v 0.150395438 0.00111037469 0.0562500022
v 0.150290236 0.0008763232 0.0585000031
v 0.15050064 0.0013444263 0.0585000031
v 0.15050064 0.0013444263 0.054
v 0.150290236 0.0008763232 0.054
v 0.150910273 0.001631119 0.0562500022
v 0.15050064 0.0013444263 0.0585000031
v 0.151319921 0.00191781158 0.0585000031
v 0.151319921 0.00191781158 0.054
v 0.15050064 0.0013444263 0.054
v 0.151291251 0.001958776 0.0562500022
v 0.151319921 0.00191781158 0.0585000031
v 0.151262581 0.00199974026 0.0585000031
v 0.151262581 0.00199974026 0.054
v 0.151319921 0.00191781158 0.054
v 0.150208041 0.00235863915 0.0562500022
v 0.150509045 0.002757887 0.054
v 0.150509045 0.002757887 0.0585000031
v 0.149907053 0.00195939164 0.0585000031
v 0.149907053 0.00195939164 0.054
v 0.149669424 0.00186253386 0.0562500022
v 0.149907053 0.00195939164 0.0585000031
v 0.1494318 0.00176567631 0.0585000031
v 0.1494318 0.00176567631 0.054
v 0.149907053 0.00195939164 0.054
v 0.149959177 0.00164408656 0.0562500022
v 0.149931446 0.00138898147 0.0585000031
v 0.1499869 0.00189919153 0.0585000031
v 0.1499869 0.00189919153 0.054
v 0.149931446 0.00138898147 0.054
v 0.1502879 0.00229843939 0.0562500022
v 0.1499869 0.00189919153 0.0585000031
v 0.1505889 0.002697687 0.0585000031
v 0.1505889 0.002697687 0.054
v 0.1499869 0.00189919153 0.054
v 0.15054898 0.00272778654 0.0562500022
v 0.1505889 0.002697687 0.0585000031
v 0.150509045 0.002757887 0.0585000031
v 0.150509045 0.002757887 0.054
v 0.1505889 0.002697687 0.054
v 0.149395227 0.0027733508 0.0562500022
v 0.149558112 0.00324607221 0.054
v 0.149558112 0.00324607221 0.0585000031
v 0.149232328 0.00230062939 0.0585000031
v 0.149232328 0.00230062939 0.054
v 0.149036258 0.00213508215 0.0562500022
v 0.149232328 0.00230062939 0.0585000031
v 0.148840189 0.00196953467 0.0585000031
v 0.148840189 0.00196953467 0.054
v 0.149232328 0.00230062939 0.054
v 0.149379328 0.00201686355 0.0562500022
v 0.1494318 0.00176567631 0.0585000031
v 0.149326876 0.0022680508 0.0585000031
v 0.149326876 0.0022680508 0.054
v 0.1494318 0.00176567631 0.054
v 0.14948976 0.00274077174 0.0562500022
v 0.149326876 0.0022680508 0.0585000031
v 0.14965266 0.00321349339 0.0585000031
v 0.14965266 0.00321349339 0.054
v 0.149326876 0.0022680508 0.054
v 0.1496054 0.00322978268 0.0562500022
v 0.14965266 0.00321349339 0.0585000031
v 0.149558112 0.00324607221 0.0585000031
v 0.149558112 0.00324607221 0.054
v 0.14965266 0.00321349339 0.054
v 0.14849402 0.00291658775 0.0562500022
v 0.148502871 0.00341650913 0.054
v 0.148502871 0.00341650913 0.0585000031
v 0.148485184 0.00241666567 0.0585000031
v 0.148485184 0.00241666567 0.054
v 0.148349866 0.00219863351 0.0562500022
v 0.148485184 0.00241666567 0.0585000031
v 0.148214549 0.001980601 0.0585000031
v 0.148214549 0.001980601 0.054
v 0.148485184 0.00241666567 0.054
v 0.14871268 0.00219221576 0.0562500022
v 0.148840189 0.00196953467 0.0585000031
v 0.148585171 0.002414897 0.0585000031
v 0.148585171 0.002414897 0.054
v 0.148840189 0.00196953467 0.054
v 0.148594 0.00291481917 0.0562500022
v 0.148585171 0.002414897 0.0585000031
v 0.148602843 0.00341474055 0.0585000031
v 0.148602843 0.00341474055 0.054
v 0.148585171 0.002414897 0.054
v 0.14855285 0.00341562484 0.0562500022
v 0.148602843 0.00341474055 0.0585000031
v 0.148502871 0.00341650913 0.0585000031
v 0.148502871 0.00341650913 0.054
v 0.148602843 0.00341474055 0.054
v 0.147592664 0.00277432823 0.0562500022
v 0.1474466 0.00325251487 0.054
v 0.1474466 0.00325251487 0.0585000031
v 0.14773874 0.00229614181 0.0585000031
v 0.14773874 0.00229614181 0.054
v 0.147616118 0.0017977925 0.054
v 0.147677436 0.00204696716 0.0562500022
v 0.147616118 0.0017977925 0.0585000031
v 0.14773874 0.00229614181 0.054
v 0.14773874 0.00229614181 0.0585000031
v 0.147834376 0.002325357 0.054
v 0.14802447 0.002152979 0.0562500022
v 0.147834376 0.002325357 0.0585000031
v 0.148214549 0.001980601 0.054
v 0.148214549 0.001980601 0.0585000031
v 0.147542238 0.00328172976 0.054
v 0.147688314 0.00280354335 0.0562500022
v 0.147542238 0.00328172976 0.0585000031
v 0.147834376 0.002325357 0.054
v 0.147834376 0.002325357 0.0585000031
v 0.146779388 0.00236049853 0.0562500022
v 0.1464927 0.00277014147 0.054
v 0.1464927 0.00277014147 0.0585000031
v 0.147066087 0.00195085572 0.0585000031
v 0.147066087 0.00195085572 0.054
v 0.147103459 0.00143900374 0.054
v 0.147084773 0.00169492979 0.0562500022
v 0.147103459 0.00143900374 0.0585000031
v 0.147066087 0.00195085572 0.054
v 0.147066087 0.00195085572 0.0585000031
v 0.147148013 0.00200819434 0.054
v 0.147382066 0.0019029933 0.0562500022
v 0.147148013 0.00200819434 0.0585000031
v 0.147616118 0.0017977925 0.054
v 0.147616118 0.0017977925 0.0585000031
v 0.146574631 0.00282748 0.054
v 0.146861315 0.0024178368 0.0562500022
v 0.146574631 0.00282748 0.0585000031
v 0.147148013 0.00200819434 0.054
v 0.147148013 0.00200819434 0.0585000031
v 0.1461338 0.00171560678 0.0562500022
v 0.145734549 0.00201660721 0.054
v 0.145734549 0.00201660721 0.0585000031
v 0.146533042 0.00141460611 0.0585000031
v 0.146533042 0.00141460611 0.054
v 0.146726757 0.0009393549 0.054
v 0.1466299 0.00117698056 0.0562500022
v 0.146726757 0.0009393549 0.0585000031
v 0.146533042 0.00141460611 0.054
v 0.146533042 0.00141460611 0.0585000031
v 0.146593243 0.00149445573 0.054
v 0.146848351 0.00146672956 0.0562500022
v 0.146593243 0.00149445573 0.0585000031
v 0.147103459 0.00143900374 0.054
v 0.147103459 0.00143900374 0.0585000031
v 0.145794749 0.00209645671 0.054
v 0.146194 0.00179545616 0.0562500022
v 0.145794749 0.00209645671 0.0585000031
v 0.146593243 0.00149445573 0.054
v 0.146593243 0.00149445573 0.0585000031
v 0.1457191 0.0009027793 0.0562500022
v 0.145246372 0.00106567377 0.054
v 0.145246372 0.00106567377 0.0585000031
v 0.1461918 0.000739885145 0.0585000031
v 0.1461918 0.000739885145 0.054
v 0.146522909 0.000347755558 0.054
v 0.146357358 0.0005438202 0.0562500022
v 0.146522909 0.000347755558 0.0585000031
v 0.1461918 0.000739885145 0.054
v 0.1461918 0.000739885145 0.0585000031
v 0.1462244 0.000834429229 0.054
v 0.146475583 0.000886892143 0.0562500022
v 0.1462244 0.000834429229 0.0585000031
v 0.146726757 0.0009393549 0.054
v 0.146726757 0.0009393549 0.0585000031
v 0.145278946 0.00116021791 0.054
v 0.14575167 0.0009973238 0.0562500022
v 0.145278946 0.00116021791 0.0585000031
v 0.1462244 0.000834429229 0.054
v 0.1462244 0.000834429229 0.0585000031
v 0.145575851 1.58166949E-06 0.0562500022
v 0.145075932 1.04243445E-05 0.054
v 0.145075932 1.04243445E-05 0.0585000031
v 0.14607577 -7.26100552E-06 0.0585000031
v 0.14607577 -7.26100552E-06 0.054
v 0.146511838 -0.000277884479 0.054
v 0.1462938 -0.000142572739 0.0562500022
v 0.146511838 -0.000277884479 0.0585000031
v 0.14607577 -7.26100552E-06 0.054
v 0.14607577 -7.26100552E-06 0.0585000031
v 0.146077543 9.27233559E-05 0.054
v 0.146300226 0.000220239453 0.0562500022
v 0.146077543 9.27233559E-05 0.0585000031
v 0.146522909 0.000347755558 0.054
v 0.146522909 0.000347755558 0.0585000031
v 0.1450777 0.000110408706 0.054
v 0.145577624 0.000101566031 0.0562500022
v 0.1450777 0.000110408706 0.0585000031
v 0.146077543 9.27233559E-05 0.054
v 0.146077543 9.27233559E-05 0.0585000031
v 0.145718113 -0.000899770937 0.0562500022
v 0.145239919 -0.00104584545 0.054
v 0.145239919 -0.00104584545 0.0585000031
v 0.1461963 -0.0007536966 0.0585000031
v 0.1461963 -0.0007536966 0.054
v 0.146694645 -0.0008763232 0.054
v 0.146445468 -0.0008150099 0.0562500022
v 0.146694645 -0.0008763232 0.0585000031
v 0.1461963 -0.0007536966 0.054
v 0.1461963 -0.0007536966 0.0585000031
v 0.146167085 -0.000658059143 0.054
v 0.146339461 -0.0004679719 0.0562500022
v 0.146167085 -0.000658059143 0.0585000031
v 0.146511838 -0.000277884479 0.054
v 0.146511838 -0.000277884479 0.0585000031
v 0.145210713 -0.000950207934 0.054
v 0.145688891 -0.0008041336 0.0562500022
v 0.145210713 -0.000950207934 0.0585000031
v 0.146167085 -0.000658059143 0.054
v 0.146167085 -0.000658059143 0.0585000031
v 0.146131948 -0.00171304762 0.0562500022
v 0.1457223 -0.00199974026 0.054
v 0.1457223 -0.00199974026 0.0585000031
v 0.146541581 -0.00142635487 0.0585000031
v 0.146541581 -0.00142635487 0.054
v 0.147053435 -0.00138898147 0.054
v 0.146797508 -0.00140766811 0.0562500022
v 0.147053435 -0.00138898147 0.0585000031
v 0.146541581 -0.00142635487 0.054
v 0.146541581 -0.00142635487 0.0585000031
v 0.146484241 -0.0013444263 0.054
v 0.146589443 -0.00111037469 0.0562500022
v 0.146484241 -0.0013444263 0.0585000031
v 0.146694645 -0.0008763232 0.054
v 0.146694645 -0.0008763232 0.0585000031
v 0.14566496 -0.00191781158 0.054
v 0.146074608 -0.001631119 0.0562500022
v 0.14566496 -0.00191781158 0.0585000031
v 0.146484241 -0.0013444263 0.054
v 0.146484241 -0.0013444263 0.0585000031
v 0.14677684 -0.00235863915 0.0562500022
v 0.146475837 -0.002757887 0.054
v 0.146475837 -0.002757887 0.0585000031
v 0.147077829 -0.00195939164 0.0585000031
v 0.147077829 -0.00195939164 0.054
v 0.147553086 -0.00176567631 0.054
v 0.147315457 -0.00186253386 0.0562500022
v 0.147553086 -0.00176567631 0.0585000031
v 0.147077829 -0.00195939164 0.054
v 0.147077829 -0.00195939164 0.0585000031
v 0.146997988 -0.00189919153 0.054
v 0.1470257 -0.00164408656 0.0562500022
v 0.146997988 -0.00189919153 0.0585000031
v 0.147053435 -0.00138898147 0.054
v 0.147053435 -0.00138898147 0.0585000031
v 0.146395981 -0.002697687 0.054
v 0.146696985 -0.00229843939 0.0562500022
v 0.146395981 -0.002697687 0.0585000031
v 0.146997988 -0.00189919153 0.054
v 0.146997988 -0.00189919153 0.0585000031
v 0.147589654 -0.0027733508 0.0562500022
v 0.147426769 -0.00324607221 0.054
v 0.147426769 -0.00324607221 0.0585000031
v 0.147752553 -0.00230062939 0.0585000031
v 0.147752553 -0.00230062939 0.054
v 0.147658 -0.0022680508 0.054
v 0.147605553 -0.00201686355 0.0562500022
v 0.147658 -0.0022680508 0.0585000031
v 0.147553086 -0.00176567631 0.054
v 0.147553086 -0.00176567631 0.0585000031
v 0.147332221 -0.00321349339 0.054
v 0.147495121 -0.00274077174 0.0562500022
v 0.147332221 -0.00321349339 0.0585000031
v 0.147658 -0.0022680508 0.054
v 0.147658 -0.0022680508 0.0585000031
v 0.1683709 0.025471257 0.0535000041
v 0.168617487 0.0255123936 0.05375
v 0.168431535 0.0246512238 0.0535000041
v 0.168931454 0.0246423818 0.054
v 0.168144926 0.0263129789 0.0535000041
v 0.168864086 0.0255535282 0.054
v 0.168378964 0.0264008753 0.05375
v 0.167741671 0.0271262564 0.0535000041
v 0.168613 0.0264887754 0.054
v 0.167953312 0.0272593368 0.05375
v 0.167169988 0.0278560165 0.0535000041
v 0.168164939 0.0273924172 0.054
v 0.16734986 0.0280296374 0.05375
v 0.1664609 0.0284531489 0.0535000041
v 0.167529747 0.028203262 0.054
v 0.16660139 0.0286599454 0.05375
v 0.1656624 0.0288849082 0.0535000041
v 0.166741863 0.0288667418 0.054
v 0.16575852 0.02911569 0.05375
v 0.1648292 0.02914051 0.0535000041
v 0.165854633 0.0293464717 0.054
v 0.164879024 0.0293854959 0.05375
v 0.164011821 0.0292301029 0.0535000041
v 0.164928854 0.0296304766 0.054
v 0.164020658 0.0297300257 0.054
v 0.1474466 0.00325251487 0.054
v 0.14749442 0.0032671222 0.0562500022
v 0.1474466 0.00325251487 0.0585000031
v 0.147542238 0.00328172976 0.054
v 0.147542238 0.00328172976 0.0585000031
v 0.1464927 0.00277014147 0.054
v 0.146533668 0.0027988106 0.0562500022
v 0.1464927 0.00277014147 0.0585000031
v 0.146574631 0.00282748 0.054
v 0.146574631 0.00282748 0.0585000031
v 0.145734549 0.00201660721 0.054
v 0.145764649 0.00205653231 0.0562500022
v 0.145734549 0.00201660721 0.0585000031
v 0.145794749 0.00209645671 0.054
v 0.145794749 0.00209645671 0.0585000031
v 0.145246372 0.00106567377 0.054
v 0.145262659 0.00111294584 0.0562500022
v 0.145246372 0.00106567377 0.0585000031
v 0.145278946 0.00116021791 0.054
v 0.145278946 0.00116021791 0.0585000031
v 0.145075932 1.04243445E-05 0.054
v 0.145076811 6.04165252E-05 0.0562500022
v 0.145075932 1.04243445E-05 0.0585000031
v 0.1450777 0.000110408706 0.054
v 0.1450777 0.000110408706 0.0585000031
v 0.145239919 -0.00104584545 0.054
v 0.145225316 -0.0009980267 0.0562500022
v 0.145239919 -0.00104584545 0.0585000031
v 0.145210713 -0.000950207934 0.054
v 0.145210713 -0.000950207934 0.0585000031
v 0.1457223 -0.00199974026 0.054
v 0.14569363 -0.001958776 0.0562500022
v 0.1457223 -0.00199974026 0.0585000031
v 0.14566496 -0.00191781158 0.054
v 0.14566496 -0.00191781158 0.0585000031
v 0.146475837 -0.002757887 0.054
v 0.1464359 -0.00272778654 0.0562500022
v 0.146475837 -0.002757887 0.0585000031
v 0.146395981 -0.002697687 0.054
v 0.146395981 -0.002697687 0.0585000031
v 0.148144692 -0.00196953467 0.054
v 0.147948623 -0.00213508215 0.0562500022
v 0.148144692 -0.00196953467 0.0585000031
v 0.147752553 -0.00230062939 0.054
v 0.147752553 -0.00230062939 0.0585000031
v 0.147426769 -0.00324607221 0.054
v 0.147379488 -0.00322978268 0.0562500022
v 0.147426769 -0.00324607221 0.0585000031
v 0.147332221 -0.00321349339 0.054
v 0.147332221 -0.00321349339 0.0585000031
f 1 2 3
f 2 4 3
f 3 4 5
f 2 6 4
f 4 7 5
f 6 8 4
f 4 8 7
f 6 9 8
f 8 10 7
f 9 11 8
f 8 11 10
f 9 12 11
f 11 13 10
f 12 14 11
f 11 14 13
f 12 15 14
f 14 16 13
f 15 17 14
f 14 17 16
f 15 18 17
f 17 19 16
f 18 20 17
f 17 20 19
f 18 21 20
f 21 22 20
f 20 23 19
f 20 22 23
f 21 24 22
f 22 25 23
f 24 26 22
f 22 27 25
f 26 28 22
f 22 28 27
f 26 29 28
f 29 30 28
f 28 31 27
f 28 30 31
f 29 32 30
f 30 33 31
f 32 34 30
f 30 35 33
f 34 36 30
f 30 36 35
f 34 37 36
f 37 38 36
f 36 39 35
f 36 38 39
f 37 40 38
f 38 41 39
f 40 42 38
f 38 43 41
f 42 44 38
f 44 43 38
f 44 45 43
f 46 47 48
f 46 48 49
f 50 46 49
f 49 48 51
f 52 50 49
f 49 51 53
f 54 52 49
f 55 49 53
f 54 49 55
f 55 53 56
f 57 55 56
f 58 54 55
f 58 55 57
f 57 56 59
f 60 58 57
f 57 59 61
f 62 60 57
f 63 57 61
f 62 57 63
f 63 61 64
f 65 63 64
f 66 62 63
f 66 63 65
f 65 64 67
f 68 66 65
f 65 67 69
f 70 68 65
f 71 65 69
f 70 65 71
f 71 69 72
f 73 70 71
f 74 71 72
f 73 71 74
f 74 72 75
f 76 73 74
f 77 74 75
f 76 74 77
f 77 75 78
f 79 76 77
f 80 77 78
f 79 77 80
f 80 78 81
f 82 79 80
f 83 80 81
f 82 80 83
f 83 81 84
f 85 82 83
f 86 83 84
f 85 83 86
f 86 84 87
f 88 85 86
f 89 86 87
f 88 86 89
f 90 88 89
f 89 91 90
f 91 92 90
f 91 93 92
f 90 92 94
f 92 95 94
f 93 96 92
f 92 97 95
f 96 98 92
f 92 98 97
f 96 99 98
f 99 100 98
f 98 101 97
f 98 100 101
f 99 102 100
f 100 103 101
f 102 104 100
f 100 105 103
f 104 106 100
f 100 106 105
f 104 107 106
f 107 108 106
f 106 109 105
f 106 108 109
f 107 110 108
f 108 111 109
f 110 112 108
f 108 113 111
f 112 114 108
f 108 114 113
f 112 115 114
f 114 116 113
f 115 117 114
f 114 117 116
f 115 118 117
f 117 119 116
f 118 120 117
f 117 120 119
f 118 121 120
f 120 122 119
f 121 123 120
f 120 123 122
f 121 124 123
f 123 125 122
f 124 126 123
f 123 126 125
f 124 127 126
f 126 128 125
f 127 129 126
f 126 129 128
f 127 130 129
f 129 131 128
f 130 132 129
f 132 131 129
f 132 133 131
f 134 135 136
f 134 136 137
f 138 134 137
f 137 136 139
f 140 138 137
f 137 139 141
f 142 140 137
f 143 137 141
f 142 137 143
f 143 141 144
f 145 143 144
f 146 142 143
f 146 143 145
f 145 144 147
f 148 146 145
f 145 147 149
f 150 148 145
f 151 145 149
f 150 145 151
f 151 149 152
f 153 151 152
f 154 150 151
f 154 151 153
f 153 152 155
f 156 154 153
f 153 155 157
f 158 156 153
f 159 153 157
f 158 153 159
f 159 157 160
f 161 158 159
f 162 159 160
f 161 159 162
f 162 160 163
f 164 161 162
f 165 162 163
f 164 162 165
f 165 163 166
f 167 164 165
f 168 165 166
f 167 165 168
f 168 166 169
f 170 167 168
f 171 168 169
f 170 168 171
f 171 169 172
f 173 170 171
f 174 171 172
f 173 171 174
f 174 172 175
f 176 173 174
f 177 174 175
f 176 174 177
f 178 176 177
f 177 179 178
f 179 180 178
f 179 181 180
f 178 180 182
f 180 183 182
f 181 184 180
f 180 185 183
f 184 186 180
f 180 186 185
f 184 187 186
f 187 188 186
f 186 189 185
f 186 188 189
f 187 190 188
f 188 191 189
f 190 192 188
f 188 193 191
f 192 194 188
f 188 194 193
f 192 195 194
f 195 196 194
f 194 197 193
f 194 196 197
f 195 198 196
f 196 199 197
f 198 200 196
f 196 201 199
f 200 202 196
f 196 202 201
f 200 203 202
f 202 204 201
f 203 205 202
f 202 205 204
f 203 206 205
f 205 207 204
f 206 208 205
f 205 208 207
f 206 209 208
f 208 210 207
f 209 211 208
f 208 211 210
f 209 212 211
f 211 213 210
f 212 214 211
f 211 214 213
f 212 215 214
f 214 216 213
f 215 217 214
f 214 217 216
f 215 218 217
f 217 219 216
f 218 220 217
f 220 219 217
f 220 221 219
f 222 223 224
f 223 225 224
f 224 225 226
f 223 227 225
f 225 228 226
f 227 229 225
f 225 229 228
f 227 230 229
f 229 231 228
f 230 232 229
f 229 232 231
f 230 233 232
f 232 234 231
f 233 235 232
f 232 235 234
f 233 236 235
f 235 237 234
f 236 238 235
f 235 238 237
f 236 239 238
f 238 240 237
f 239 241 238
f 238 241 240
f 239 242 241
f 242 243 241
f 241 244 240
f 241 243 244
f 242 245 243
f 243 246 244
f 245 247 243
f 243 248 246
f 247 249 243
f 243 249 248
f 247 250 249
f 250 251 249
f 249 252 248
f 249 251 252
f 250 253 251
f 251 254 252
f 253 255 251
f 251 256 254
f 255 257 251
f 251 257 256
f 255 258 257
f 258 259 257
f 257 260 256
f 257 259 260
f 258 261 259
f 259 262 260
f 261 263 259
f 259 264 262
f 263 265 259
f 265 264 259
f 265 266 264
f 267 268 269
f 268 270 269
f 269 270 271
f 268 272 270
f 270 273 271
f 272 274 270
f 270 274 273
f 272 275 274
f 274 276 273
f 275 277 274
f 274 277 276
f 275 278 277
f 277 279 276
f 278 280 277
f 277 280 279
f 278 281 280
f 280 282 279
f 281 283 280
f 280 283 282
f 281 284 283
f 283 285 282
f 284 286 283
f 283 286 285
f 284 287 286
f 287 288 286
f 286 289 285
f 286 288 289
f 287 290 288
f 288 291 289
f 290 292 288
f 288 293 291
f 292 294 288
f 288 294 293
f 292 295 294
f 295 296 294
f 294 297 293
f 294 296 297
f 295 298 296
f 296 299 297
f 298 300 296
f 296 301 299
f 300 302 296
f 296 302 301
f 300 303 302
f 303 304 302
f 302 305 301
f 302 304 305
f 303 306 304
f 304 307 305
f 306 308 304
f 304 309 307
f 308 310 304
f 310 309 304
f 310 311 309
f 312 313 314
f 312 314 315
f 316 312 315
f 315 314 317
f 318 316 315
f 315 317 319
f 320 318 315
f 321 315 319
f 320 315 321
f 321 319 322
f 323 321 322
f 324 320 321
f 324 321 323
f 323 322 325
f 326 324 323
f 323 325 327
f 328 326 323
f 329 323 327
f 328 323 329
f 329 327 330
f 331 329 330
f 332 328 329
f 332 329 331
f 331 330 333
f 334 332 331
f 331 333 335
f 336 334 331
f 337 331 335
f 336 331 337
f 337 335 338
f 339 336 337
f 340 337 338
f 339 337 340
f 340 338 341
f 342 339 340
f 343 340 341
f 342 340 343
f 343 341 344
f 345 342 343
f 346 343 344
f 345 343 346
f 346 344 347
f 348 345 346
f 349 346 347
f 348 346 349
f 349 347 350
f 351 348 349
f 352 349 350
f 351 349 352
f 352 350 353
f 354 351 352
f 355 352 353
f 354 352 355
f 356 354 355
f 355 357 356
f 357 358 356
f 357 359 358
f 356 358 360
f 358 361 360
f 359 362 358
f 358 363 361
f 362 364 358
f 358 364 363
f 362 365 364
f 365 366 364
f 364 367 363
f 364 366 367
f 365 368 366
f 366 369 367
f 368 370 366
f 366 371 369
f 370 372 366
f 366 372 371
f 370 373 372
f 373 374 372
f 372 375 371
f 372 374 375
f 373 376 374
f 374 377 375
f 376 378 374
f 374 379 377
f 378 380 374
f 374 380 379
f 378 381 380
f 380 382 379
f 381 383 380
f 380 383 382
f 381 384 383
f 383 385 382
f 384 386 383
f 383 386 385
f 384 387 386
f 386 388 385
f 387 389 386
f 386 389 388
f 387 390 389
f 389 391 388
f 390 392 389
f 389 392 391
f 390 393 392
f 392 394 391
f 393 395 392
f 392 395 394
f 393 396 395
f 395 397 394
f 396 398 395
f 398 397 395
f 398 399 397
f 400 401 402
f 400 402 403
f 404 400 403
f 403 402 405
f 406 404 403
f 403 405 407
f 408 406 403
f 409 403 407
f 408 403 409
f 409 407 410
f 411 409 410
f 412 408 409
f 412 409 411
f 411 410 413
f 414 412 411
f 411 413 415
f 416 414 411
f 417 411 415
f 416 411 417
f 417 415 418
f 419 417 418
f 420 416 417
f 420 417 419
f 419 418 421
f 422 420 419
f 419 421 423
f 424 422 419
f 425 419 423
f 424 419 425
f 425 423 426
f 427 424 425
f 428 425 426
f 427 425 428
f 428 426 429
f 430 427 428
f 431 428 429
f 430 428 431
f 431 429 432
f 433 430 431
f 434 431 432
f 433 431 434
f 434 432 435
f 436 433 434
f 437 434 435
f 436 434 437
f 437 435 438
f 439 436 437
f 440 437 438
f 439 437 440
f 440 438 441
f 442 439 440
f 443 440 441
f 442 440 443
f 444 442 443
f 443 445 444
f 445 446 444
f 445 447 446
f 444 446 448
f 446 449 448
f 447 450 446
f 446 451 449
f 450 452 446
f 446 452 451
f 450 453 452
f 453 454 452
f 452 455 451
f 452 454 455
f 453 456 454
f 454 457 455
f 456 458 454
f 454 459 457
f 458 460 454
f 454 460 459
f 458 461 460
f 461 462 460
f 460 463 459
f 460 462 463
f 461 464 462
f 462 465 463
f 464 466 462
f 462 467 465
f 466 468 462
f 462 468 467
f 466 469 468
f 468 470 467
f 469 471 468
f 468 471 470
f 469 472 471
f 471 473 470
f 472 474 471
f 471 474 473
f 472 475 474
f 474 476 473
f 475 477 474
f 474 477 476
f 475 478 477
f 477 479 476
f 478 480 477
f 477 480 479
f 478 481 480
f 480 482 479
f 481 483 480
f 480 483 482
f 481 484 483
f 483 485 482
f 484 486 483
f 486 485 483
f 486 487 485
f 488 489 490
f 489 491 490
f 490 491 492
f 489 493 491
f 491 494 492
f 493 495 491
f 491 495 494
f 493 496 495
f 495 497 494
f 496 498 495
f 495 498 497
f 496 499 498
f 498 500 497
f 499 501 498
f 498 501 500
f 499 502 501
f 501 503 500
f 502 504 501
f 501 504 503
f 502 505 504
f 504 506 503
f 505 507 504
f 504 507 506
f 505 508 507
f 508 509 507
f 507 510 506
f 507 509 510
f 508 511 509
f 509 512 510
f 511 513 509
f 509 514 512
f 513 515 509
f 509 515 514
f 513 516 515
f 516 517 515
f 515 518 514
f 515 517 518
f 516 519 517
f 517 520 518
f 519 521 517
f 517 522 520
f 521 523 517
f 517 523 522
f 521 524 523
f 524 525 523
f 523 526 522
f 523 525 526
f 524 527 525
f 525 528 526
f 527 529 525
f 525 530 528
f 529 531 525
f 531 530 525
f 531 532 530
f 533 534 535
f 533 535 536
f 537 533 536
f 538 537 536
f 538 536 539
f 537 538 540
f 541 537 540
f 542 538 539
f 541 540 543
f 542 539 544
f 545 542 544
f 539 546 544
f 546 547 544
f 546 548 547
f 545 544 549
f 550 545 549
f 551 541 543
f 551 543 552
f 551 553 541
f 553 554 541
f 553 555 554
f 556 551 552
f 557 556 552
f 549 558 550
f 558 559 550
f 558 549 560
f 549 561 560
f 561 562 560
f 558 563 559
f 563 564 559
f 559 564 565
f 563 566 564
f 566 563 567
f 568 566 567
f 564 569 565
f 569 570 565
f 569 571 570
f 571 572 570
f 571 569 573
f 569 574 573
f 574 575 573
f 571 576 572
f 576 577 572
f 576 578 577
f 578 576 579
f 576 580 579
f 580 581 579
f 578 582 577
f 582 583 577
f 582 584 583
f 584 585 583
f 584 582 586
f 582 587 586
f 587 588 586
f 584 589 585
f 589 590 585
f 589 591 590
f 589 592 591
f 591 593 590
f 592 594 591
f 592 595 594
f 591 596 593
f 596 597 593
f 596 598 597
f 593 597 599
f 598 600 597
f 598 601 600
f 597 602 599
f 602 603 599
f 602 604 603
f 602 605 604
f 604 606 603
f 605 607 604
f 605 608 607
f 604 609 606
f 609 610 606
f 609 611 610
f 609 612 611
f 612 613 611
f 612 614 613
f 611 615 610
f 615 616 610
f 615 617 616
f 615 618 617
f 617 619 616
f 618 620 617
f 618 621 620
f 617 622 619
f 622 623 619
f 622 624 623
f 624 625 623
f 624 622 626
f 622 627 626
f 627 628 626
f 624 629 625
f 629 630 625
f 625 630 631
f 629 632 630
f 632 629 633
f 634 632 633
f 630 635 631
f 635 636 631
f 635 637 636
f 637 638 636
f 637 635 639
f 635 640 639
f 640 641 639
f 637 642 638
f 642 643 638
f 642 644 643
f 644 642 645
f 642 646 645
f 646 647 645
f 644 648 643
f 648 649 643
f 648 650 649
f 650 651 649
f 650 648 652
f 648 653 652
f 653 654 652
f 650 655 651
f 655 656 651
f 655 657 656
f 657 655 658
f 657 557 656
f 659 657 658
f 660 659 658
f 657 661 557
f 661 556 557
f 661 662 556
f 662 663 556
f 662 664 663
f 665 666 667
f 666 668 667
f 666 669 668
f 669 666 670
f 671 669 670
f 669 671 672
f 671 670 673
f 671 674 672
f 671 673 675
f 669 672 676
f 677 669 676
f 677 676 678
f 679 677 678
f 670 680 673
f 670 681 680
f 681 682 680
f 681 683 682
f 674 684 672
f 684 685 672
f 684 686 685
f 686 687 685
f 673 688 689
f 673 689 675
f 688 690 689
f 688 691 690
f 692 693 674
f 692 694 693
f 694 695 693
f 696 692 674
f 671 696 674
f 671 675 697
f 675 698 697
f 675 699 698
f 699 700 698
f 699 701 700
f 696 671 702
f 696 702 703
f 704 696 703
f 704 703 705
f 706 704 705
f 671 707 702
f 702 707 708
f 707 709 708
f 709 710 708
f 710 711 708
f 671 712 707
f 712 713 707
f 712 714 713
f 714 715 713
f 714 716 715
f 671 717 712
f 717 718 712
f 671 719 717
f 671 720 719
f 717 721 718
f 721 722 718
f 721 723 722
f 719 724 717
f 719 725 724
f 725 726 724
f 725 727 726
f 720 728 719
f 720 729 728
f 729 730 728
f 729 731 730
f 671 732 720
f 732 733 720
f 732 734 733
f 734 735 733
f 735 736 733
f 732 671 737
f 732 737 738
f 739 732 738
f 739 738 740
f 741 739 740
f 671 742 737
f 742 743 737
f 743 744 737
f 743 745 744
f 745 746 744
f 671 747 742
f 747 748 742
f 748 749 742
f 748 750 749
f 750 751 749
f 747 671 752
f 747 752 753
f 754 747 753
f 754 753 755
f 756 754 755
f 671 757 752
f 671 697 757
f 752 757 758
f 697 759 757
f 757 760 758
f 760 761 758
f 761 762 758
f 697 763 759
f 763 764 759
f 763 765 764
f 766 767 768
f 766 768 769
f 770 766 769
f 769 768 771
f 772 770 769
f 773 769 771
f 772 769 773
f 773 771 774
f 775 772 773
f 776 773 774
f 775 773 776
f 776 774 777
f 778 775 776
f 779 776 777
f 778 776 779
f 779 777 780
f 781 778 779
f 782 779 780
f 781 779 782
f 782 780 783
f 784 781 782
f 785 782 783
f 784 782 785
f 785 783 786
f 787 785 786
f 788 784 785
f 788 785 787
f 787 786 789
f 790 788 787
f 791 787 789
f 792 790 787
f 793 787 791
f 792 787 793
f 794 793 791
f 795 792 793
f 796 793 794
f 796 795 793
f 797 796 794
f 796 797 795
f 797 794 798
f 797 799 795
f 800 797 798
f 797 800 799
f 800 798 801
f 800 802 799
f 803 800 801
f 800 803 802
f 803 801 804
f 803 805 802
f 806 803 804
f 803 806 805
f 806 804 807
f 806 808 805
f 809 806 807
f 806 809 808
f 809 807 810
f 809 811 808
f 812 809 810
f 809 812 811
f 812 810 813
f 811 812 814
f 812 813 814
f 813 815 814
f 815 816 814
f 814 816 817
f 815 818 816
f 816 819 817
f 818 820 816
f 816 820 819
f 818 821 820
f 820 822 819
f 821 823 820
f 820 823 822
f 821 824 823
f 823 825 822
f 824 826 823
f 823 826 825
f 824 827 826
f 826 828 825
f 827 829 826
f 826 829 828
f 827 830 829
f 829 831 828
f 830 832 829
f 829 832 831
f 830 833 832
f 833 834 832
f 832 835 831
f 832 834 835
f 833 836 834
f 834 837 835
f 836 838 834
f 834 839 837
f 838 840 834
f 834 840 839
f 838 841 840
f 840 842 839
f 841 843 840
f 840 843 842
f 841 844 843
f 844 842 843
f 845 844 841
f 844 846 842
f 847 844 845
f 844 847 846
f 848 847 845
f 847 849 846
f 850 847 848
f 847 850 849
f 851 850 848
f 850 852 849
f 853 850 851
f 850 853 852
f 854 853 851
f 853 855 852
f 856 853 854
f 853 856 855
f 857 856 854
f 856 858 855
f 859 856 857
f 856 859 858
f 860 859 857
f 859 861 858
f 859 860 861
f 862 863 864
f 863 865 864
f 863 866 865
f 864 865 867
f 865 868 867
f 866 869 865
f 865 870 868
f 869 871 865
f 865 871 870
f 869 872 871
f 872 873 871
f 871 874 870
f 871 873 874
f 872 875 873
f 873 876 874
f 875 877 873
f 873 878 876
f 877 879 873
f 873 879 878
f 877 880 879
f 880 881 879
f 879 882 878
f 879 881 882
f 880 883 881
f 881 884 882
f 883 885 881
f 881 886 884
f 885 887 881
f 881 887 886
f 885 888 887
f 887 889 886
f 888 890 887
f 887 890 889
f 888 891 890
f 890 892 889
f 891 893 890
f 890 893 892
f 891 894 893
f 893 895 892
f 894 896 893
f 893 896 895
f 894 897 896
f 896 898 895
f 897 899 896
f 896 899 898
f 897 900 899
f 899 901 898
f 900 902 899
f 899 902 901
f 900 903 902
f 902 904 901
f 903 905 902
f 905 904 902
f 905 906 904
f 907 908 909
f 907 909 910
f 911 907 910
f 910 909 912
f 913 911 910
f 914 910 912
f 913 910 914
f 914 912 915
f 916 913 914
f 917 914 915
f 916 914 917
f 917 915 918
f 919 916 917
f 920 917 918
f 919 917 920
f 920 918 921
f 922 919 920
f 923 920 921
f 922 920 923
f 923 921 924
f 925 922 923
f 926 923 924
f 925 923 926
f 926 924 927
f 928 926 927
f 929 925 926
f 929 926 928
f 928 927 930
f 931 929 928
f 932 928 930
f 933 931 928
f 934 928 932
f 933 928 934
f 935 934 932
f 936 933 934
f 937 934 935
f 937 936 934
f 938 937 935
f 937 938 936
f 938 935 939
f 938 940 936
f 941 938 939
f 938 941 940
f 941 939 942
f 941 943 940
f 944 941 942
f 941 944 943
f 944 942 945
f 944 946 943
f 947 944 945
f 944 947 946
f 947 945 948
f 947 949 946
f 950 947 948
f 947 950 949
f 950 948 951
f 950 952 949
f 953 950 951
f 950 953 952
f 953 951 954
f 952 953 955
f 953 954 955
f 954 956 955
f 956 957 955
f 955 957 958
f 956 959 957
f 957 960 958
f 959 961 957
f 957 961 960
f 959 962 961
f 961 963 960
f 962 964 961
f 961 964 963
f 962 965 964
f 964 966 963
f 965 967 964
f 964 967 966
f 965 968 967
f 967 969 966
f 968 970 967
f 967 970 969
f 968 971 970
f 970 972 969
f 971 973 970
f 970 973 972
f 971 974 973
f 974 975 973
f 973 976 972
f 973 975 976
f 974 977 975
f 975 978 976
f 977 979 975
f 975 980 978
f 979 981 975
f 975 981 980
f 979 982 981
f 981 983 980
f 982 984 981
f 981 984 983
f 982 985 984
f 985 983 984
f 986 985 982
f 985 987 983
f 988 985 986
f 985 988 987
f 989 988 986
f 988 990 987
f 991 988 989
f 988 991 990
f 992 991 989
f 991 993 990
f 994 991 992
f 991 994 993
f 995 994 992
f 994 996 993
f 997 994 995
f 994 997 996
f 998 997 995
f 997 999 996
f 1000 997 998
f 997 1000 999
f 1001 1000 998
f 1000 1002 999
f 1000 1001 1002
f 1003 1004 1005
f 1003 1005 1006
f 1007 1003 1006
f 1006 1005 1008
f 1009 1007 1006
f 1010 1006 1008
f 1009 1006 1010
f 1010 1008 1011
f 1012 1009 1010
f 1013 1010 1011
f 1012 1010 1013
f 1013 1011 1014
f 1015 1012 1013
f 1016 1013 1014
f 1015 1013 1016
f 1016 1014 1017
f 1018 1015 1016
f 1019 1016 1017
f 1018 1016 1019
f 1019 1017 1020
f 1021 1018 1019
f 1022 1019 1020
f 1021 1019 1022
f 1022 1020 1023
f 1024 1022 1023
f 1025 1021 1022
f 1025 1022 1024
f 1024 1023 1026
f 1027 1025 1024
f 1028 1024 1026
f 1029 1027 1024
f 1030 1024 1028
f 1029 1024 1030
f 1031 1030 1028
f 1032 1029 1030
f 1033 1030 1031
f 1033 1032 1030
f 1034 1033 1031
f 1033 1034 1032
f 1034 1031 1035
f 1034 1036 1032
f 1037 1034 1035
f 1034 1037 1036
f 1037 1035 1038
f 1037 1039 1036
f 1040 1037 1038
f 1037 1040 1039
f 1040 1038 1041
f 1040 1042 1039
f 1043 1040 1041
f 1040 1043 1042
f 1043 1041 1044
f 1043 1045 1042
f 1046 1043 1044
f 1043 1046 1045
f 1046 1044 1047
f 1046 1048 1045
f 1049 1046 1047
f 1046 1049 1048
f 1049 1047 1050
f 1048 1049 1051
f 1049 1050 1051
f 1050 1052 1051
f 1052 1053 1051
f 1051 1053 1054
f 1052 1055 1053
f 1053 1056 1054
f 1055 1057 1053
f 1053 1057 1056
f 1055 1058 1057
f 1057 1059 1056
f 1058 1060 1057
f 1057 1060 1059
f 1058 1061 1060
f 1060 1062 1059
f 1061 1063 1060
f 1060 1063 1062
f 1061 1064 1063
f 1063 1065 1062
f 1064 1066 1063
f 1063 1066 1065
f 1064 1067 1066
f 1066 1068 1065
f 1067 1069 1066
f 1066 1069 1068
f 1067 1070 1069
f 1070 1071 1069
f 1069 1072 1068
f 1069 1071 1072
f 1070 1073 1071
f 1071 1074 1072
f 1073 1075 1071
f 1071 1076 1074
f 1075 1077 1071
f 1071 1077 1076
f 1075 1078 1077
f 1077 1079 1076
f 1078 1080 1077
f 1077 1080 1079
f 1078 1081 1080
f 1081 1079 1080
f 1082 1081 1078
f 1081 1083 1079
f 1084 1081 1082
f 1081 1084 1083
f 1085 1084 1082
f 1084 1086 1083
f 1087 1084 1085
f 1084 1087 1086
f 1088 1087 1085
f 1087 1089 1086
f 1090 1087 1088
f 1087 1090 1089
f 1091 1090 1088
f 1090 1092 1089
f 1093 1090 1091
f 1090 1093 1092
f 1094 1093 1091
f 1093 1095 1092
f 1096 1093 1094
f 1093 1096 1095
f 1097 1096 1094
f 1096 1098 1095
f 1096 1097 1098
f 1099 1100 1101
f 1099 1101 1102
f 1103 1099 1102
f 1102 1101 1104
f 1105 1103 1102
f 1106 1102 1104
f 1105 1102 1106
f 1106 1104 1107
f 1108 1105 1106
f 1109 1106 1107
f 1108 1106 1109
f 1109 1107 1110
f 1111 1108 1109
f 1112 1109 1110
f 1111 1109 1112
f 1112 1110 1113
f 1114 1111 1112
f 1115 1112 1113
f 1114 1112 1115
f 1115 1113 1116
f 1117 1114 1115
f 1118 1115 1116
f 1117 1115 1118
f 1118 1116 1119
f 1120 1118 1119
f 1121 1117 1118
f 1121 1118 1120
f 1120 1119 1122
f 1123 1121 1120
f 1124 1120 1122
f 1125 1123 1120
f 1126 1120 1124
f 1125 1120 1126
f 1127 1126 1124
f 1128 1125 1126
f 1129 1126 1127
f 1129 1128 1126
f 1130 1129 1127
f 1129 1130 1128
f 1130 1127 1131
f 1130 1132 1128
f 1133 1130 1131
f 1130 1133 1132
f 1133 1131 1134
f 1133 1135 1132
f 1136 1133 1134
f 1133 1136 1135
f 1136 1134 1137
f 1136 1138 1135
f 1139 1136 1137
f 1136 1139 1138
f 1139 1137 1140
f 1139 1141 1138
f 1142 1139 1140
f 1139 1142 1141
f 1142 1140 1143
f 1142 1144 1141
f 1145 1142 1143
f 1142 1145 1144
f 1145 1143 1146
f 1144 1145 1147
f 1145 1146 1147
f 1146 1148 1147
f 1148 1149 1147
f 1147 1149 1150
f 1148 1151 1149
f 1149 1152 1150
f 1151 1153 1149
f 1149 1153 1152
f 1151 1154 1153
f 1153 1155 1152
f 1154 1156 1153
f 1153 1156 1155
f 1154 1157 1156
f 1156 1158 1155
f 1157 1159 1156
f 1156 1159 1158
f 1157 1160 1159
f 1159 1161 1158
f 1160 1162 1159
f 1159 1162 1161
f 1160 1163 1162
f 1162 1164 1161
f 1163 1165 1162
f 1162 1165 1164
f 1163 1166 1165
f 1166 1167 1165
f 1165 1168 1164
f 1165 1167 1168
f 1166 1169 1167
f 1167 1170 1168
f 1169 1171 1167
f 1167 1172 1170
f 1171 1173 1167
f 1167 1173 1172
f 1171 1174 1173
f 1173 1175 1172
f 1174 1176 1173
f 1173 1176 1175
f 1174 1177 1176
f 1177 1175 1176
f 1178 1177 1174
f 1177 1179 1175
f 1180 1177 1178
f 1177 1180 1179
f 1181 1180 1178
f 1180 1182 1179
f 1183 1180 1181
f 1180 1183 1182
f 1184 1183 1181
f 1183 1185 1182
f 1186 1183 1184
f 1183 1186 1185
f 1187 1186 1184
f 1186 1188 1185
f 1189 1186 1187
f 1186 1189 1188
f 1190 1189 1187
f 1189 1191 1188
f 1192 1189 1190
f 1189 1192 1191
f 1193 1192 1190
f 1192 1194 1191
f 1192 1193 1194
f 1195 1196 1197
f 1196 1198 1197
f 1196 1199 1198
f 1197 1198 1200
f 1198 1201 1200
f 1199 1202 1198
f 1198 1203 1201
f 1202 1204 1198
f 1198 1204 1203
f 1202 1205 1204
f 1205 1206 1204
f 1204 1207 1203
f 1204 1206 1207
f 1205 1208 1206
f 1206 1209 1207
f 1208 1210 1206
f 1206 1211 1209
f 1210 1212 1206
f 1206 1212 1211
f 1210 1213 1212
f 1213 1214 1212
f 1212 1215 1211
f 1212 1214 1215
f 1213 1216 1214
f 1214 1217 1215
f 1216 1218 1214
f 1214 1219 1217
f 1218 1220 1214
f 1214 1220 1219
f 1218 1221 1220
f 1220 1222 1219
f 1221 1223 1220
f 1220 1223 1222
f 1221 1224 1223
f 1223 1225 1222
f 1224 1226 1223
f 1223 1226 1225
f 1224 1227 1226
f 1226 1228 1225
f 1227 1229 1226
f 1226 1229 1228
f 1227 1230 1229
f 1229 1231 1228
f 1230 1232 1229
f 1229 1232 1231
f 1230 1233 1232
f 1232 1234 1231
f 1233 1235 1232
f 1232 1235 1234
f 1233 1236 1235
f 1235 1237 1234
f 1236 1238 1235
f 1238 1237 1235
f 1238 1239 1237
f 1240 1241 1242
f 1240 1242 1243
f 1244 1240 1243
f 1243 1242 1245
f 1246 1244 1243
f 1247 1243 1245
f 1246 1243 1247
f 1247 1245 1248
f 1249 1246 1247
f 1250 1247 1248
f 1249 1247 1250
f 1250 1248 1251
f 1252 1249 1250
f 1253 1250 1251
f 1252 1250 1253
f 1253 1251 1254
f 1255 1252 1253
f 1256 1253 1254
f 1255 1253 1256
f 1256 1254 1257
f 1258 1255 1256
f 1259 1256 1257
f 1258 1256 1259
f 1259 1257 1260
f 1261 1259 1260
f 1262 1258 1259
f 1262 1259 1261
f 1261 1260 1263
f 1264 1262 1261
f 1265 1261 1263
f 1266 1264 1261
f 1267 1261 1265
f 1266 1261 1267
f 1268 1267 1265
f 1269 1266 1267
f 1270 1267 1268
f 1270 1269 1267
f 1271 1270 1268
f 1270 1271 1269
f 1271 1268 1272
f 1271 1273 1269
f 1274 1271 1272
f 1271 1274 1273
f 1274 1272 1275
f 1274 1276 1273
f 1277 1274 1275
f 1274 1277 1276
f 1277 1275 1278
f 1277 1279 1276
f 1280 1277 1278
f 1277 1280 1279
f 1280 1278 1281
f 1280 1282 1279
f 1283 1280 1281
f 1280 1283 1282
f 1283 1281 1284
f 1283 1285 1282
f 1286 1283 1284
f 1283 1286 1285
f 1286 1284 1287
f 1285 1286 1288
f 1286 1287 1288
f 1287 1289 1288
f 1289 1290 1288
f 1288 1290 1291
f 1289 1292 1290
f 1290 1293 1291
f 1292 1294 1290
f 1290 1294 1293
f 1292 1295 1294
f 1294 1296 1293
f 1295 1297 1294
f 1294 1297 1296
f 1295 1298 1297
f 1297 1299 1296
f 1298 1300 1297
f 1297 1300 1299
f 1298 1301 1300
f 1300 1302 1299
f 1301 1303 1300
f 1300 1303 1302
f 1301 1304 1303
f 1303 1305 1302
f 1304 1306 1303
f 1303 1306 1305
f 1304 1307 1306
f 1307 1308 1306
f 1306 1309 1305
f 1306 1308 1309
f 1307 1310 1308
f 1308 1311 1309
f 1310 1312 1308
f 1308 1313 1311
f 1312 1314 1308
f 1308 1314 1313
f 1312 1315 1314
f 1314 1316 1313
f 1315 1317 1314
f 1314 1317 1316
f 1315 1318 1317
f 1318 1316 1317
f 1319 1318 1315
f 1318 1320 1316
f 1321 1318 1319
f 1318 1321 1320
f 1322 1321 1319
f 1321 1323 1320
f 1324 1321 1322
f 1321 1324 1323
f 1325 1324 1322
f 1324 1326 1323
f 1327 1324 1325
f 1324 1327 1326
f 1328 1327 1325
f 1327 1329 1326
f 1330 1327 1328
f 1327 1330 1329
f 1331 1330 1328
f 1330 1332 1329
f 1333 1330 1331
f 1330 1333 1332
f 1334 1333 1331
f 1333 1335 1332
f 1333 1334 1335
f 1336 1337 1338
f 1337 1339 1338
f 1337 1340 1339
f 1338 1339 1341
f 1339 1342 1341
f 1340 1343 1339
f 1339 1344 1342
f 1343 1345 1339
f 1339 1345 1344
f 1343 1346 1345
f 1346 1347 1345
f 1345 1348 1344
f 1345 1347 1348
f 1346 1349 1347
f 1347 1350 1348
f 1349 1351 1347
f 1347 1352 1350
f 1351 1353 1347
f 1347 1353 1352
f 1351 1354 1353
f 1354 1355 1353
f 1353 1356 1352
f 1353 1355 1356
f 1354 1357 1355
f 1355 1358 1356
f 1357 1359 1355
f 1355 1360 1358
f 1359 1361 1355
f 1355 1361 1360
f 1359 1362 1361
f 1361 1363 1360
f 1362 1364 1361
f 1361 1364 1363
f 1362 1365 1364
f 1364 1366 1363
f 1365 1367 1364
f 1364 1367 1366
f 1365 1368 1367
f 1367 1369 1366
f 1368 1370 1367
f 1367 1370 1369
f 1368 1371 1370
f 1370 1372 1369
f 1371 1373 1370
f 1370 1373 1372
f 1371 1374 1373
f 1373 1375 1372
f 1374 1376 1373
f 1373 1376 1375
f 1374 1377 1376
f 1376 1378 1375
f 1377 1379 1376
f 1379 1378 1376
f 1379 1380 1378
f 1381 1382 1383
f 1382 1384 1383
f 1382 1385 1384
f 1383 1384 1386
f 1384 1387 1386
f 1385 1388 1384
f 1384 1389 1387
f 1388 1390 1384
f 1384 1390 1389
f 1388 1391 1390
f 1391 1392 1390
f 1390 1393 1389
f 1390 1392 1393
f 1391 1394 1392
f 1392 1395 1393
f 1394 1396 1392
f 1392 1397 1395
f 1396 1398 1392
f 1392 1398 1397
f 1396 1399 1398
f 1399 1400 1398
f 1398 1401 1397
f 1398 1400 1401
f 1399 1402 1400
f 1400 1403 1401
f 1402 1404 1400
f 1400 1405 1403
f 1404 1406 1400
f 1400 1406 1405
f 1404 1407 1406
f 1406 1408 1405
f 1407 1409 1406
f 1406 1409 1408
f 1407 1410 1409
f 1409 1411 1408
f 1410 1412 1409
f 1409 1412 1411
f 1410 1413 1412
f 1412 1414 1411
f 1413 1415 1412
f 1412 1415 1414
f 1413 1416 1415
f 1415 1417 1414
f 1416 1418 1415
f 1415 1418 1417
f 1416 1419 1418
f 1418 1420 1417
f 1419 1421 1418
f 1418 1421 1420
f 1419 1422 1421
f 1421 1423 1420
f 1422 1424 1421
f 1424 1423 1421
f 1424 1425 1423
f 1426 1427 1428
f 1426 1429 1427
f 1429 1426 1430
f 1426 1431 1430
f 1432 1426 1428
f 1426 1432 1431
f 1432 1428 1433
f 1432 1434 1431
f 1435 1432 1433
f 1432 1435 1434
f 1435 1433 1436
f 1435 1437 1434
f 1438 1435 1436
f 1435 1438 1437
f 1438 1436 1439
f 1438 1440 1437
f 1441 1438 1439
f 1438 1441 1440
f 1441 1439 1442
f 1441 1443 1440
f 1444 1441 1442
f 1441 1444 1443
f 1444 1442 1445
f 1444 1446 1443
f 1447 1444 1445
f 1444 1447 1446
f 1447 1445 1448
f 1447 1449 1446
f 1450 1447 1448
f 1447 1450 1449
f 1451 1452 1453
f 1452 1451 1454
f 1452 1454 1455
f 1456 1452 1455
f 1452 1456 1457
f 1452 1457 1458
f 1452 1459 1453
f 1459 1452 1460
f 1459 1460 1461
f 1462 1459 1461
f 1462 1461 1463
f 1464 1452 1458
f 1465 1462 1463
f 1464 1458 1466
f 1467 1465 1463
f 1458 1468 1466
f 1469 1467 1463
f 1458 1470 1468
f 1471 1469 1463
f 1470 1458 1472
f 1473 1471 1463
f 1458 1474 1472
f 1458 1475 1474
f 1475 1476 1474
f 1476 1477 1474
f 1477 1478 1474
f 1478 1479 1474
f 1479 1480 1474
f 1480 1481 1474
f 1481 1482 1474
f 1482 1483 1474
f 1483 1484 1474
f 1484 1485 1474
f 1472 1474 1486
f 1487 1474 1485
f 1484 1488 1485
f 1474 1487 1489
f 1488 1490 1485
f 1474 1489 1491
f 1490 1492 1485
f 1492 1493 1485
f 1493 1494 1485
f 1494 1495 1485
f 1494 1496 1495
f 1496 1494 1497
f 1494 1498 1497
f 1494 1499 1498
f 1499 1494 1500
f 1494 1501 1500
f 1500 1501 1502
f 1500 1502 1503
f 1504 1500 1503
f 1504 1503 1505
f 1506 1504 1505
f 1505 1503 1507
f 1508 1506 1505
f 1506 1508 1509
f 1506 1509 1510
f 1511 1506 1510
f 1510 1512 1511
f 1503 1473 1507
f 1507 1473 1463
f 1512 1513 1511
f 1512 1514 1513
f 1514 1515 1513
f 1515 1516 1513
f 1507 1463 1517
f 1515 1518 1516
f 1519 1507 1517
f 1520 1519 1517
f 1521 1520 1517
f 1522 1521 1517
f 1523 1522 1517
f 1523 1517 1524
f 1525 1523 1524
f 1525 1524 1526
f 1525 1526 1527
f 1528 1525 1527
f 1528 1527 1529
f 1530 1528 1529
f 1530 1529 1531
f 1532 1530 1531
f 1532 1531 1533
f 1534 1532 1533
f 1535 1534 1533
f 1535 1533 1536
f 1537 1535 1536
f 1536 1538 1537
f 1538 1539 1537
f 1538 1540 1539
f 1540 1538 1541
f 1538 1542 1541
f 1538 1543 1542
f 1543 1538 1544
f 1545 1544 1538
f 1546 1545 1538
f 1547 1545 1546
f 1545 1548 1544
f 1548 1545 1549
f 1549 1545 1550
f 1545 1551 1550
f 1545 1552 1551
f 1552 1545 1518
f 1553 1547 1546
f 1547 1554 1545
f 1555 1553 1546
f 1554 1556 1545
f 1557 1555 1546
f 1556 1558 1545
f 1558 1559 1545
f 1559 1560 1545
f 1560 1561 1545
f 1518 1545 1562
f 1518 1562 1516
f 1563 1557 1546
f 1564 1563 1546
f 1565 1564 1546
f 1565 1546 1566
f 1567 1565 1566
f 1545 1568 1562
f 1567 1566 1569
f 1570 1567 1569
f 1571 1570 1569
f 1571 1569 1572
f 1573 1571 1572
f 1573 1572 1574
f 1575 1573 1574
f 1575 1574 1576
f 1545 1577 1568
f 1578 1575 1576
f 1578 1576 1579
f 1578 1579 1580
f 1581 1578 1580
f 1577 1545 1582
f 1581 1580 1583
f 1545 1584 1582
f 1545 1585 1584
f 1585 1545 1586
f 1561 1586 1545
f 1561 1587 1586
f 1561 1588 1587
f 1589 1581 1583
f 1588 1590 1587
f 1588 1591 1590
f 1591 1592 1590
f 1592 1593 1590
f 1592 1594 1593
f 1595 1589 1583
f 1594 1596 1593
f 1597 1595 1583
f 1598 1597 1583
f 1594 1599 1596
f 1599 1600 1596
f 1601 1598 1583
f 1602 1601 1583
f 1600 1603 1596
f 1603 1604 1596
f 1605 1603 1601
f 1605 1601 1602
f 1603 1606 1604
f 1606 1603 1605
f 1607 1605 1602
f 1606 1608 1604
f 1609 1607 1602
f 1606 1610 1608
f 1610 1611 1608
f 1611 1612 1608
f 1612 1613 1608
f 1612 1614 1613
f 1615 1609 1602
f 1616 1615 1602
f 1617 1616 1602
f 1617 1602 1618
f 1614 1619 1613
f 1614 1620 1619
f 1620 1621 1619
f 1621 1622 1619
f 1621 1623 1622
f 1624 1617 1618
f 1624 1618 1625
f 1624 1625 1626
f 1627 1624 1626
f 1627 1626 1628
f 1629 1627 1628
f 1629 1628 1630
f 1631 1629 1630
f 1623 1632 1622
f 1631 1630 1633
f 1634 1631 1633
f 1635 1634 1633
f 1635 1633 1636
f 1637 1635 1636
f 1636 1486 1637
f 1486 1638 1637
f 1486 1474 1638
f 1474 1639 1638
f 1474 1640 1639
f 1641 1640 1474
f 1642 1641 1474
f 1643 1642 1474
f 1644 1643 1474
f 1645 1644 1474
f 1646 1645 1474
f 1647 1646 1474
f 1648 1647 1474
f 1648 1474 1632
f 1623 1648 1632
f 1632 1474 1491
f 1649 1650 1651
f 1649 1651 1652
f 1650 1649 1653
f 1653 1649 1652
f 1654 1655 1656
f 1654 1657 1655
f 1657 1654 1658
f 1654 1659 1658
f 1660 1654 1656
f 1654 1660 1659
f 1660 1656 1661
f 1660 1662 1659
f 1663 1660 1661
f 1660 1663 1662
f 1663 1661 1664
f 1663 1665 1662
f 1666 1663 1664
f 1663 1666 1665
f 1666 1664 1667
f 1666 1668 1665
f 1669 1666 1667
f 1666 1669 1668
f 1669 1667 1670
f 1669 1671 1668
f 1672 1669 1670
f 1669 1672 1671
f 1672 1670 1673
f 1672 1674 1671
f 1675 1672 1673
f 1672 1675 1674
f 1675 1673 1676
f 1675 1677 1674
f 1678 1675 1676
f 1675 1678 1677
f 1679 1680 1681
f 1679 1681 1682
f 1680 1679 1683
f 1683 1679 1682
f 1684 1685 1686
f 1684 1686 1687
f 1685 1684 1688
f 1688 1684 1687
f 1689 1690 1691
f 1690 1689 1692
f 1690 1693 1691
f 1690 1692 1694
f 1690 1695 1693
f 1695 1690 1694
f 1695 1696 1693
f 1695 1694 1697
f 1695 1698 1696
f 1698 1695 1697
f 1698 1699 1696
f 1698 1697 1700
f 1698 1701 1699
f 1701 1698 1700
f 1701 1702 1699
f 1701 1700 1703
f 1701 1704 1702
f 1704 1701 1703
f 1704 1705 1702
f 1704 1703 1706
f 1704 1707 1705
f 1707 1704 1706
f 1707 1708 1705
f 1707 1706 1709
f 1707 1710 1708
f 1710 1707 1709
f 1710 1711 1708
f 1710 1709 1712
f 1711 1710 1713
f 1710 1712 1713
f 1714 1715 1716
f 1714 1716 1717
f 1715 1714 1718
f 1718 1714 1717
f 1719 1720 1721
f 1720 1719 1722
f 1720 1723 1721
f 1720 1722 1724
f 1720 1725 1723
f 1725 1720 1724
f 1725 1726 1723
f 1725 1724 1727
f 1725 1728 1726
f 1728 1725 1727
f 1728 1729 1726
f 1728 1727 1730
f 1728 1731 1729
f 1731 1728 1730
f 1731 1732 1729
f 1731 1730 1733
f 1731 1734 1732
f 1734 1731 1733
f 1734 1735 1732
f 1734 1733 1736
f 1734 1737 1735
f 1737 1734 1736
f 1737 1738 1735
f 1737 1736 1739
f 1737 1740 1738
f 1740 1737 1739
f 1740 1741 1738
f 1740 1739 1742
f 1741 1740 1743
f 1740 1742 1743
f 1744 1745 1746
f 1744 1746 1747
f 1745 1744 1748
f 1748 1744 1747
f 1749 1750 1751
f 1750 1749 1752
f 1750 1753 1751
f 1750 1752 1754
f 1750 1755 1753
f 1755 1750 1754
f 1755 1756 1753
f 1755 1754 1757
f 1755 1758 1756
f 1758 1755 1757
f 1758 1759 1756
f 1758 1757 1760
f 1758 1761 1759
f 1761 1758 1760
f 1761 1762 1759
f 1761 1760 1763
f 1761 1764 1762
f 1764 1761 1763
f 1764 1765 1762
f 1764 1763 1766
f 1764 1767 1765
f 1767 1764 1766
f 1767 1768 1765
f 1767 1766 1769
f 1767 1770 1768
f 1770 1767 1769
f 1770 1771 1768
f 1770 1769 1772
f 1771 1770 1773
f 1770 1772 1773
f 1774 1775 1776
f 1774 1776 1777
f 1775 1774 1778
f 1778 1774 1777
f 1779 1780 1781
f 1780 1779 1782
f 1780 1783 1781
f 1780 1782 1784
f 1780 1785 1783
f 1785 1780 1784
f 1785 1786 1783
f 1785 1784 1787
f 1785 1788 1786
f 1788 1785 1787
f 1788 1789 1786
f 1788 1787 1790
f 1788 1791 1789
f 1791 1788 1790
f 1791 1792 1789
f 1791 1790 1793
f 1791 1794 1792
f 1794 1791 1793
f 1794 1795 1792
f 1794 1793 1796
f 1794 1797 1795
f 1797 1794 1796
f 1797 1798 1795
f 1797 1796 1799
f 1797 1800 1798
f 1800 1797 1799
f 1800 1801 1798
f 1800 1799 1802
f 1801 1800 1803
f 1800 1802 1803
f 1804 1805 1806
f 1805 1804 1807
f 1805 1807 1808
f 1805 1809 1806
f 1810 1805 1808
f 1811 1805 1810
f 1812 1811 1810
f 1811 1812 1813
f 1811 1813 1814
f 1815 1811 1814
f 1816 1811 1815
f 1811 1816 1817
f 1811 1817 1818
f 1819 1811 1818
f 1820 1811 1819
f 1821 1818 1817
f 1818 1821 1822
f 1818 1822 1823
f 1824 1818 1823
f 1818 1824 1825
f 1818 1825 1826
f 1827 1818 1826
f 1826 1828 1827
f 1828 1829 1827
f 1828 1830 1829
f 1830 1831 1829
f 1831 1832 1829
f 1831 1833 1832
f 1833 1834 1832
f 1833 1835 1834
f 1835 1836 1834
f 1835 1837 1836
f 1837 1838 1836
f 1837 1839 1838
f 1837 1840 1839
f 1840 1841 1839
f 1840 1842 1841
f 1842 1843 1841
f 1843 1844 1841
f 1844 1845 1841
f 1845 1846 1841
f 1846 1847 1841
f 1841 1847 1848
f 1846 1849 1847
f 1846 1850 1849
f 1850 1851 1849
f 1850 1852 1851
f 1847 1853 1848
f 1852 1854 1851
f 1854 1852 1809
f 1854 1809 1805
f 1855 1854 1805
f 1856 1855 1805
f 1853 1857 1848
f 1858 1856 1805
f 1857 1859 1848
f 1859 1860 1848
f 1860 1861 1848
f 1861 1862 1848
f 1861 1863 1862
f 1863 1864 1862
f 1863 1865 1864
f 1863 1866 1865
f 1866 1867 1865
f 1866 1868 1867
f 1868 1869 1867
f 1868 1870 1869
f 1870 1871 1869
f 1870 1872 1871
f 1872 1873 1871
f 1873 1874 1871
f 1873 1875 1874
f 1875 1876 1874
f 1875 1877 1876
f 1877 1878 1876
f 1878 1879 1876
f 1879 1880 1876
f 1880 1881 1876
f 1881 1882 1876
f 1882 1883 1876
f 1876 1883 1884
f 1883 1885 1884
f 1882 1886 1883
f 1886 1887 1883
f 1887 1888 1883
f 1888 1889 1883
f 1889 1890 1883
f 1890 1891 1883
f 1891 1892 1883
f 1883 1893 1885
f 1893 1883 1894
f 1895 1884 1885
f 1883 1896 1894
f 1884 1895 1897
f 1883 1898 1896
f 1884 1897 1899
f 1898 1883 1900
f 1901 1884 1899
f 1884 1901 1902
f 1884 1902 1903
f 1904 1884 1903
f 1903 1905 1904
f 1883 1906 1900
f 1905 1907 1904
f 1905 1908 1907
f 1908 1909 1907
f 1909 1910 1907
f 1909 1911 1910
f 1911 1912 1910
f 1911 1913 1912
f 1913 1914 1912
f 1913 1915 1914
f 1915 1916 1914
f 1915 1917 1916
f 1915 1918 1917
f 1918 1919 1917
f 1918 1920 1919
f 1920 1921 1919
f 1921 1922 1919
f 1922 1923 1919
f 1923 1924 1919
f 1924 1925 1919
f 1919 1925 1926
f 1924 1927 1925
f 1927 1924 1928
f 1929 1927 1928
f 1929 1928 1930
f 1925 1931 1926
f 1932 1929 1930
f 1931 1933 1926
f 1933 1934 1926
f 1926 1934 1935
f 1926 1935 1936
f 1937 1926 1936
f 1936 1938 1937
f 1938 1939 1937
f 1938 1940 1939
f 1938 1941 1940
f 1941 1942 1940
f 1941 1943 1942
f 1943 1944 1942
f 1943 1945 1944
f 1945 1946 1944
f 1945 1947 1946
f 1947 1948 1946
f 1948 1949 1946
f 1948 1950 1949
f 1950 1819 1949
f 1950 1951 1819
f 1951 1952 1819
f 1952 1953 1819
f 1953 1954 1819
f 1954 1955 1819
f 1955 1820 1819
f 1820 1956 1811
f 1956 1957 1811
f 1957 1958 1811
f 1958 1959 1811
f 1959 1960 1811
f 1960 1961 1811
f 1961 1805 1811
f 1961 1962 1805
f 1962 1963 1805
f 1963 1964 1805
f 1964 1965 1805
f 1965 1932 1805
f 1932 1966 1805
f 1932 1930 1966
f 1805 1966 1967
f 1968 1805 1967
f 1805 1968 1969
f 1805 1969 1970
f 1883 1805 1970
f 1883 1970 1906
f 1892 1805 1883
f 1892 1858 1805
f 1971 1972 1973
f 1972 1971 1974
f 1971 1973 1975
f 1971 1976 1974
f 1977 1971 1975
f 1971 1977 1976
f 1977 1975 1978
f 1977 1979 1976
f 1980 1977 1978
f 1977 1980 1979
f 1980 1978 1981
f 1980 1982 1979
f 1983 1980 1981
f 1980 1983 1982
f 1983 1981 1984
f 1983 1985 1982
f 1986 1983 1984
f 1983 1986 1985
f 1986 1984 1987
f 1986 1988 1985
f 1989 1986 1987
f 1986 1989 1988
f 1989 1987 1990
f 1989 1991 1988
f 1992 1989 1990
f 1989 1992 1991
f 1992 1990 1993
f 1992 1994 1991
f 1995 1992 1993
f 1992 1995 1994
f 1996 1997 1998
f 1999 1996 1998
f 1996 2000 1997
f 2000 1996 1999
f 2001 2002 2003
f 2002 2001 2004
f 2001 2003 2005
f 2001 2006 2004
f 2007 2001 2005
f 2001 2007 2006
f 2007 2005 2008
f 2007 2009 2006
f 2010 2007 2008
f 2007 2010 2009
f 2010 2008 2011
f 2010 2012 2009
f 2013 2010 2011
f 2010 2013 2012
f 2013 2011 2014
f 2013 2015 2012
f 2016 2013 2014
f 2013 2016 2015
f 2016 2014 2017
f 2016 2018 2015
f 2019 2016 2017
f 2016 2019 2018
f 2019 2017 2020
f 2019 2021 2018
f 2022 2019 2020
f 2019 2022 2021
f 2022 2020 2023
f 2022 2024 2021
f 2025 2022 2023
f 2022 2025 2024
f 2026 2027 2028
f 2029 2026 2028
f 2026 2030 2027
f 2030 2026 2029
f 2031 2032 2033
f 2031 2033 2034
f 2032 2031 2035
f 2035 2031 2034
f 2036 2037 2038
f 2037 2036 2039
f 2037 2040 2038
f 2037 2039 2041
f 2037 2042 2040
f 2042 2037 2041
f 2042 2043 2040
f 2042 2041 2044
f 2042 2045 2043
f 2045 2042 2044
f 2045 2046 2043
f 2045 2044 2047
f 2045 2048 2046
f 2048 2045 2047
f 2048 2049 2046
f 2048 2047 2050
f 2048 2051 2049
f 2051 2048 2050
f 2051 2052 2049
f 2051 2050 2053
f 2051 2054 2052
f 2054 2051 2053
f 2054 2055 2052
f 2054 2053 2056
f 2054 2057 2055
f 2057 2054 2056
f 2057 2058 2055
f 2057 2056 2059
f 2058 2057 2060
f 2057 2059 2060
f 2061 2062 2063
f 2064 2061 2063
f 2061 2065 2062
f 2065 2061 2064
f 2066 2067 2068
f 2067 2066 2069
f 2067 2070 2068
f 2067 2069 2071
f 2067 2072 2070
f 2072 2067 2071
f 2072 2073 2070
f 2072 2071 2074
f 2072 2075 2073
f 2075 2072 2074
f 2075 2076 2073
f 2075 2074 2077
f 2075 2078 2076
f 2078 2075 2077
f 2078 2079 2076
f 2078 2077 2080
f 2078 2081 2079
f 2081 2078 2080
f 2081 2082 2079
f 2081 2080 2083
f 2081 2084 2082
f 2084 2081 2083
f 2084 2085 2082
f 2084 2083 2086
f 2084 2087 2085
f 2087 2084 2086
f 2087 2088 2085
f 2087 2086 2089
f 2088 2087 2090
f 2087 2089 2090
f 2091 2092 2093
f 2094 2091 2093
f 2091 2095 2092
f 2095 2091 2094
f 2096 2097 2098
f 2097 2096 2099
f 2097 2100 2098
f 2097 2099 2101
f 2097 2102 2100
f 2102 2097 2101
f 2102 2103 2100
f 2102 2101 2104
f 2102 2105 2103
f 2105 2102 2104
f 2105 2106 2103
f 2105 2104 2107
f 2105 2108 2106
f 2108 2105 2107
f 2108 2109 2106
f 2108 2107 2110
f 2108 2111 2109
f 2111 2108 2110
f 2111 2112 2109
f 2111 2110 2113
f 2111 2114 2112
f 2114 2111 2113
f 2114 2115 2112
f 2114 2113 2116
f 2114 2117 2115
f 2117 2114 2116
f 2117 2118 2115
f 2117 2116 2119
f 2118 2117 2120
f 2117 2119 2120
f 2121 2122 2123
f 2124 2121 2123
f 2121 2125 2122
f 2125 2121 2124
f 2126 2127 2128
f 2126 2128 2129
f 2127 2126 2130
f 2130 2126 2129
f 2131 2132 2133
f 2134 2131 2133
f 2131 2135 2132
f 2135 2131 2134
f 2136 2137 2138
f 2136 2138 2139
f 2137 2136 2140
f 2140 2136 2139
f 2141 2142 2143
f 2144 2141 2143
f 2141 2145 2142
f 2145 2141 2144
f 2146 2147 2148
f 2149 2146 2148
f 2146 2150 2147
f 2150 2146 2149
f 2151 2152 2153
f 2151 2153 2154
f 2152 2151 2155
f 2155 2151 2154
f 2156 2157 2158
f 2159 2156 2158
f 2156 2160 2157
f 2160 2156 2159
f 2161 2162 2163
f 2164 2161 2163
f 2161 2165 2162
f 2165 2161 2164
f 2166 2167 2168
f 2169 2166 2168
f 2166 2170 2167
f 2170 2166 2169
f 2171 2172 2173
f 2174 2171 2173
f 2171 2175 2172
f 2175 2171 2174
f 2176 2177 2178
f 2176 2178 2179
f 2177 2176 2180
f 2180 2176 2179
f 2181 2182 2183
f 2184 2181 2183
f 2181 2185 2182
f 2185 2181 2184
f 2186 2187 2188
f 2189 2186 2188
f 2186 2190 2187
f 2190 2186 2189
f 2191 2192 2193
f 2194 2191 2193
f 2191 2195 2192
f 2195 2191 2194
f 2196 2197 2198
f 2199 2196 2198
f 2196 2200 2197
f 2200 2196 2199
f 2201 2202 2203
f 2201 2203 2204
f 2202 2201 2205
f 2205 2201 2204
f 2206 2207 2208
f 2209 2206 2208
f 2206 2210 2207
f 2210 2206 2209
f 2211 2212 2213
f 2214 2211 2213
f 2211 2215 2212
f 2215 2211 2214
f 2216 2217 2218
f 2219 2216 2218
f 2216 2220 2217
f 2220 2216 2219
f 2221 2222 2223
f 2224 2221 2223
f 2221 2225 2222
f 2225 2221 2224
f 2226 2227 2228
f 2226 2228 2229
f 2227 2226 2230
f 2230 2226 2229
f 2231 2232 2233
f 2234 2231 2233
f 2231 2235 2232
f 2235 2231 2234
f 2236 2237 2238
f 2239 2236 2238
f 2236 2240 2237
f 2240 2236 2239
f 2241 2242 2243
f 2244 2241 2243
f 2241 2245 2242
f 2245 2241 2244
f 2246 2247 2248
f 2249 2246 2248
f 2246 2250 2247
f 2250 2246 2249
f 2251 2252 2253
f 2251 2253 2254
f 2252 2251 2255
f 2255 2251 2254
f 2256 2257 2258
f 2259 2256 2258
f 2256 2260 2257
f 2260 2256 2259
f 2261 2262 2263
f 2264 2261 2263
f 2261 2265 2262
f 2265 2261 2264
f 2266 2267 2268
f 2269 2266 2268
f 2266 2270 2267
f 2270 2266 2269
f 2271 2272 2273
f 2274 2271 2273
f 2271 2275 2272
f 2275 2271 2274
f 2276 2277 2278
f 2276 2278 2279
f 2277 2276 2280
f 2280 2276 2279
f 2281 2282 2283
f 2284 2281 2283
f 2281 2285 2282
f 2285 2281 2284
f 2286 2287 2288
f 2289 2286 2288
f 2286 2290 2287
f 2290 2286 2289
f 2291 2292 2293
f 2294 2291 2293
f 2291 2295 2292
f 2295 2291 2294
f 2296 2297 2298
f 2299 2296 2298
f 2296 2300 2297
f 2300 2296 2299
f 2301 2302 2303
f 2301 2303 2304
f 2302 2301 2305
f 2305 2301 2304
f 2306 2307 2308
f 2309 2306 2308
f 2306 2310 2307
f 2310 2306 2309
f 2311 2312 2313
f 2314 2311 2313
f 2311 2315 2312
f 2315 2311 2314
f 2316 2317 2318
f 2319 2316 2318
f 2316 2320 2317
f 2320 2316 2319
f 2321 2322 2323
f 2324 2321 2323
f 2321 2325 2322
f 2325 2321 2324
f 2326 2327 2328
f 2326 2328 2329
f 2327 2326 2330
f 2330 2326 2329
f 2331 2332 2333
f 2334 2331 2333
f 2331 2335 2332
f 2335 2331 2334
f 2336 2337 2338
f 2339 2336 2338
f 2336 2340 2337
f 2340 2336 2339
f 2341 2342 2343
f 2344 2341 2343
f 2341 2345 2342
f 2345 2341 2344
f 2346 2347 2348
f 2349 2346 2348
f 2346 2350 2347
f 2350 2346 2349
f 2351 2352 2353
f 2351 2353 2354
f 2352 2351 2355
f 2355 2351 2354
f 2356 2357 2358
f 2359 2356 2358
f 2356 2360 2357
f 2360 2356 2359
f 2361 2362 2363
f 2364 2361 2363
f 2361 2365 2362
f 2365 2361 2364
f 2366 2367 2368
f 2369 2366 2368
f 2366 2370 2367
f 2370 2366 2369
f 2371 2372 2373
f 2374 2371 2373
f 2371 2375 2372
f 2375 2371 2374
f 2376 2377 2378
f 2376 2378 2379
f 2377 2376 2380
f 2380 2376 2379
f 2381 2382 2383
f 2384 2381 2383
f 2381 2385 2382
f 2385 2381 2384
f 2386 2387 2388
f 2389 2386 2388
f 2386 2390 2387
f 2390 2386 2389
f 2391 2392 2393
f 2394 2391 2393
f 2391 2395 2392
f 2395 2391 2394
f 2396 2397 2398
f 2399 2396 2398
f 2396 2400 2397
f 2400 2396 2399
f 2401 2402 2403
f 2401 2403 2404
f 2402 2401 2405
f 2405 2401 2404
f 2406 2407 2408
f 2409 2407 2406
f 2407 2410 2408
f 2407 2409 2410
f 2411 2412 2413
f 2414 2412 2411
f 2412 2415 2413
f 2412 2414 2415
f 2416 2417 2418
f 2419 2417 2416
f 2417 2420 2418
f 2417 2419 2420
f 2421 2422 2423
f 2421 2423 2424
f 2422 2421 2425
f 2425 2421 2424
f 2426 2427 2428
f 2429 2427 2426
f 2427 2430 2428
f 2427 2429 2430
f 2431 2432 2433
f 2434 2432 2431
f 2432 2435 2433
f 2432 2434 2435
f 2436 2437 2438
f 2439 2437 2436
f 2437 2440 2438
f 2437 2439 2440
f 2441 2442 2443
f 2441 2443 2444
f 2442 2441 2445
f 2445 2441 2444
f 2446 2447 2448
f 2449 2447 2446
f 2447 2450 2448
f 2447 2449 2450
f 2451 2452 2453
f 2454 2452 2451
f 2452 2455 2453
f 2452 2454 2455
f 2456 2457 2458
f 2459 2457 2456
f 2457 2460 2458
f 2457 2459 2460
f 2461 2462 2463
f 2461 2463 2464
f 2462 2461 2465
f 2465 2461 2464
f 2466 2467 2468
f 2469 2467 2466
f 2467 2470 2468
f 2467 2469 2470
f 2471 2472 2473
f 2474 2472 2471
f 2472 2475 2473
f 2472 2474 2475
f 2476 2477 2478
f 2479 2477 2476
f 2477 2480 2478
f 2477 2479 2480
f 2481 2482 2483
f 2481 2483 2484
f 2482 2481 2485
f 2485 2481 2484
f 2486 2487 2488
f 2489 2487 2486
f 2487 2490 2488
f 2487 2489 2490
f 2491 2492 2493
f 2494 2492 2491
f 2492 2495 2493
f 2492 2494 2495
f 2496 2497 2498
f 2499 2497 2496
f 2497 2500 2498
f 2497 2499 2500
f 2501 2502 2503
f 2501 2503 2504
f 2502 2501 2505
f 2505 2501 2504
f 2506 2507 2508
f 2509 2507 2506
f 2507 2510 2508
f 2507 2509 2510
f 2511 2512 2513
f 2514 2512 2511
f 2512 2515 2513
f 2512 2514 2515
f 2516 2517 2518
f 2519 2517 2516
f 2517 2520 2518
f 2517 2519 2520
f 2521 2522 2523
f 2521 2523 2524
f 2522 2521 2525
f 2525 2521 2524
f 2526 2527 2528
f 2529 2527 2526
f 2527 2530 2528
f 2527 2529 2530
f 2531 2532 2533
f 2534 2532 2531
f 2532 2535 2533
f 2532 2534 2535
f 2536 2537 2538
f 2539 2537 2536
f 2537 2540 2538
f 2537 2539 2540
f 2541 2542 2543
f 2541 2543 2544
f 2542 2541 2545
f 2545 2541 2544
f 2546 2547 2548
f 2549 2547 2546
f 2547 2550 2548
f 2547 2549 2550
f 2551 2552 2553
f 2554 2552 2551
f 2552 2555 2553
f 2552 2554 2555
f 2556 2557 2558
f 2559 2557 2556
f 2557 2560 2558
f 2557 2559 2560
f 2561 2562 2563
f 2561 2563 2564
f 2562 2561 2565
f 2565 2561 2564
f 2566 2567 2568
f 2569 2567 2566
f 2567 2570 2568
f 2567 2569 2570
f 2571 2572 2573
f 2574 2572 2571
f 2572 2575 2573
f 2572 2574 2575
f 2576 2577 2578
f 2577 2579 2578
f 2577 2576 2580
f 2577 2581 2579
f 2582 2577 2580
f 2577 2582 2581
f 2582 2580 2583
f 2582 2584 2581
f 2585 2582 2583
f 2582 2585 2584
f 2585 2583 2586
f 2585 2587 2584
f 2588 2585 2586
f 2585 2588 2587
f 2588 2586 2589
f 2588 2590 2587
f 2591 2588 2589
f 2588 2591 2590
f 2591 2589 2592
f 2591 2593 2590
f 2594 2591 2592
f 2591 2594 2593
f 2594 2592 2595
f 2594 2596 2593
f 2597 2594 2595
f 2594 2597 2596
f 2597 2595 2598
f 2597 2599 2596
f 2600 2597 2598
f 2597 2600 2599
f 2601 2602 2603
f 2604 2602 2601
f 2602 2605 2603
f 2602 2604 2605
f 2606 2607 2608
f 2609 2607 2606
f 2607 2610 2608
f 2607 2609 2610
f 2611 2612 2613
f 2614 2612 2611
f 2612 2615 2613
f 2612 2614 2615
f 2616 2617 2618
f 2619 2617 2616
f 2617 2620 2618
f 2617 2619 2620
f 2621 2622 2623
f 2624 2622 2621
f 2622 2625 2623
f 2622 2624 2625
f 2626 2627 2628
f 2629 2627 2626
f 2627 2630 2628
f 2627 2629 2630
f 2631 2632 2633
f 2634 2632 2631
f 2632 2635 2633
f 2632 2634 2635
f 2636 2637 2638
f 2639 2637 2636
f 2637 2640 2638
f 2637 2639 2640
f 2641 2642 2643
f 2644 2642 2641
f 2642 2645 2643
f 2642 2644 2645
f 2646 2647 2648
f 2649 2647 2646
f 2647 2650 2648
f 2647 2649 2650
