# ROS coordinates: X forward, Y left, Z up; units are metres.
o mesh
v 0.008492424 -0.0521500036 0.013
v 0.008883645 -0.0521141067 0.013
v 0.008492424 -0.05165 0.0125000011
v 0.008888641 -0.0518582352 0.0127500007
v 0.008792664 -0.0516224578 0.0125000011
v 0.009283828 -0.0519990474 0.013
v 0.009099781 -0.0515341535 0.0125000011
v 0.009291412 -0.0517238379 0.0127500007
v 0.009668925 -0.0517995432 0.013
v 0.009395321 -0.0513810478 0.0125000011
v 0.009668107 -0.05149257 0.0127500007
v 0.0100127049 -0.0515202843 0.013
v 0.009659151 -0.05116673 0.0125000011
v 0.009984996 -0.0511756875 0.0127500007
v 0.0102919638 -0.0511765033 0.013
v 0.0098734675 -0.0509028956 0.0125000011
v 0.0102162631 -0.05079899 0.0127500007
v 0.01049147 -0.0507914051 0.013
v 0.010026576 -0.05060736 0.0125000011
v 0.010350653 -0.05039622 0.0127500007
v 0.0106065311 -0.0503912233 0.013
v 0.0103924247 -0.0500000045 0.0127500007
v 0.0101148793 -0.0503002442 0.0125000011
v 0.0106424242 -0.0500000045 0.013
v 0.0101424241 -0.0500000045 0.0125000011
v 0.0106065311 -0.0496087819 0.013
v 0.0101148793 -0.0496997647 0.0125000011
v 0.010350653 -0.0496037863 0.0127500007
v 0.01049147 -0.0492085963 0.013
v 0.01011242 -0.04900722 0.0127500007
v 0.010026576 -0.049392648 0.0125000011
v 0.0102919638 -0.0488235019 0.013
v 0.0098734675 -0.0490971059 0.0125000011
v 0.0100127049 -0.04847972 0.013
v 0.009659151 -0.0488332734 0.0125000011
v 0.009668107 -0.04850743 0.0127500007
v 0.009668925 -0.04820046 0.013
v 0.009091122 -0.0481967963 0.0127500007
v 0.009395321 -0.0486189574 0.0125000011
v 0.009283828 -0.0480009578 0.013
v 0.009099781 -0.048465848 0.0125000011
v 0.008883645 -0.0478858948 0.013
v 0.008792664 -0.04837755 0.0125000011
v 0.008492424 -0.0478499979 0.013
v 0.008492424 -0.0483500026 0.0125000011
v 0.008492424 -0.0621500053 0.013
v 0.008883645 -0.06211411 0.013
v 0.008492424 -0.06165 0.0125000011
v 0.008888641 -0.06185823 0.0127500007
v 0.008792664 -0.0616224557 0.0125000011
v 0.009283828 -0.0619990453 0.013
v 0.009099781 -0.0615341552 0.0125000011
v 0.009291412 -0.0617238432 0.0127500007
v 0.009668925 -0.0617995448 0.013
v 0.009395321 -0.06138105 0.0125000011
v 0.009668107 -0.0614925772 0.0127500007
v 0.0100127049 -0.0615202822 0.013
v 0.009659151 -0.06116673 0.0125000011
v 0.009984996 -0.06117569 0.0127500007
v 0.0102919638 -0.0611765 0.013
v 0.0098734675 -0.0609029 0.0125000011
v 0.0102162631 -0.06079899 0.0127500007
v 0.01049147 -0.0607914068 0.013
v 0.010026576 -0.06060736 0.0125000011
v 0.010350653 -0.0603962243 0.0127500007
v 0.0106065311 -0.0603912249 0.013
v 0.0103924247 -0.0600000024 0.0127500007
v 0.0101148793 -0.0603002459 0.0125000011
v 0.0106424242 -0.0600000024 0.013
v 0.0101424241 -0.0600000024 0.0125000011
v 0.0106065311 -0.05960878 0.013
v 0.0101148793 -0.05969976 0.0125000011
v 0.010350653 -0.0596037842 0.0127500007
v 0.01049147 -0.0592086 0.013
v 0.01011242 -0.05900722 0.0127500007
v 0.010026576 -0.059392646 0.0125000011
v 0.0102919638 -0.0588235036 0.013
v 0.0098734675 -0.0590971075 0.0125000011
v 0.0100127049 -0.0584797226 0.013
v 0.009659151 -0.05883328 0.0125000011
v 0.009668107 -0.05850743 0.0127500007
v 0.009668925 -0.0582004637 0.013
v 0.009091122 -0.058196798 0.0127500007
v 0.009395321 -0.0586189553 0.0125000011
v 0.009283828 -0.05800096 0.013
v 0.009099781 -0.0584658533 0.0125000011
v 0.008883645 -0.0578859 0.013
v 0.008792664 -0.05837755 0.0125000011
v 0.008492424 -0.05785 0.013
v 0.008492424 -0.0583500043 0.0125000011
v 0.008492424 -0.14177306 0.013
v 0.008492424 -0.142273054 0.0125000011
v 0.008792664 -0.1423006 0.0125000011
v 0.009091122 -0.14211984 0.0127500007
v 0.008883645 -0.141808957 0.013
v 0.009099781 -0.14238891 0.0125000011
v 0.009283828 -0.141924009 0.013
v 0.009395321 -0.142542 0.0125000011
v 0.009668925 -0.14212352 0.013
v 0.009668107 -0.142430484 0.0127500007
v 0.009659151 -0.142756328 0.0125000011
v 0.01011242 -0.142930284 0.0127500007
v 0.0100127049 -0.142402783 0.013
v 0.0098734675 -0.143020168 0.0125000011
v 0.0102919638 -0.142746553 0.013
v 0.010026576 -0.1433157 0.0125000011
v 0.01049147 -0.143131644 0.013
v 0.010350653 -0.143526837 0.0127500007
v 0.0101148793 -0.143622816 0.0125000011
v 0.0103924247 -0.143923044 0.0127500007
v 0.0106065311 -0.143531829 0.013
v 0.0101424241 -0.143923044 0.0125000011
v 0.0106424242 -0.143923044 0.013
v 0.0101148793 -0.1442233 0.0125000011
v 0.0106065311 -0.144314274 0.013
v 0.010350653 -0.144319266 0.0127500007
v 0.010026576 -0.1445304 0.0125000011
v 0.01049147 -0.14471446 0.013
v 0.0102162631 -0.144722044 0.0127500007
v 0.0098734675 -0.14482595 0.0125000011
v 0.0102919638 -0.145099565 0.013
v 0.009984996 -0.145098746 0.0127500007
v 0.009659151 -0.14508979 0.0125000011
v 0.0100127049 -0.145443335 0.013
v 0.009668107 -0.145415634 0.0127500007
v 0.009395321 -0.145304084 0.0125000011
v 0.009668925 -0.1457226 0.013
v 0.009291412 -0.1456469 0.0127500007
v 0.009099781 -0.145457208 0.0125000011
v 0.009283828 -0.1459221 0.013
v 0.008888641 -0.145781279 0.0127500007
v 0.008792664 -0.145545512 0.0125000011
v 0.008883645 -0.146037161 0.013
v 0.008492424 -0.14557305 0.0125000011
v 0.008492424 -0.146073058 0.013
v 0.008192185 -0.145545512 0.0125000011
v 0.007893728 -0.145726264 0.0127500007
v 0.007885069 -0.145457208 0.0125000011
v 0.00810120348 -0.146037161 0.013
v 0.00770102069 -0.1459221 0.013
v 0.00758952834 -0.145304084 0.0125000011
v 0.00731592346 -0.1457226 0.013
v 0.007316742 -0.145415634 0.0127500007
v 0.00732569862 -0.14508979 0.0125000011
v 0.00687242951 -0.144915834 0.0127500007
v 0.00697214436 -0.145443335 0.013
v 0.00711138174 -0.14482595 0.0125000011
v 0.00669288449 -0.145099565 0.013
v 0.006958274 -0.1445304 0.0125000011
v 0.00649338029 -0.14471446 0.013
v 0.00663419673 -0.144319266 0.0127500007
v 0.00686997036 -0.1442233 0.0125000011
v 0.00659242459 -0.143923044 0.0127500007
v 0.006378318 -0.144314274 0.013
v 0.00684242463 -0.143923044 0.0125000011
v 0.006342424 -0.143923044 0.013
v 0.00686997036 -0.143622816 0.0125000011
v 0.006378318 -0.143531829 0.013
v 0.00663419673 -0.143526837 0.0127500007
v 0.006958274 -0.1433157 0.0125000011
v 0.00649338029 -0.143131644 0.013
v 0.00676858658 -0.143124059 0.0127500007
v 0.00711138174 -0.143020168 0.0125000011
v 0.00669288449 -0.142746553 0.013
v 0.006999853 -0.142747372 0.0127500007
v 0.00732569862 -0.142756328 0.0125000011
v 0.00697214436 -0.142402783 0.013
v 0.007316742 -0.142430484 0.0127500007
v 0.00758952834 -0.142542 0.0125000011
v 0.00731592346 -0.14212352 0.013
v 0.007693436 -0.142199218 0.0127500007
v 0.007885069 -0.14238891 0.0125000011
v 0.00770102069 -0.141924009 0.013
v 0.008096208 -0.142064825 0.0127500007
v 0.008192185 -0.1423006 0.0125000011
v 0.00810120348 -0.141808957 0.013
v 0.008492424 -0.142273054 0.0125000011
v 0.008492424 -0.14177306 0.013
v -0.07861054 -0.0992606953 0.013
v -0.07861054 -0.0997607037 0.0125000011
v -0.0783102959 -0.09978824 0.0125000011
v -0.07801183 -0.09960749 0.0127500007
v -0.07821932 -0.0992966 0.013
v -0.0780031756 -0.09987655 0.0125000011
v -0.0778191239 -0.09941165 0.013
v -0.07770763 -0.100029647 0.0125000011
v -0.0774340257 -0.09961115 0.013
v -0.0774348453 -0.09991813 0.0127500007
v -0.0774438 -0.100243978 0.0125000011
v -0.07699054 -0.100417912 0.0127500007
v -0.0770902559 -0.09989042 0.013
v -0.07722949 -0.1005078 0.0125000011
v -0.07681099 -0.100234196 0.013
v -0.07707638 -0.100803338 0.0125000011
v -0.07661148 -0.100619286 0.013
v -0.076752305 -0.101014487 0.0127500007
v -0.07698807 -0.101110458 0.0125000011
v -0.07671054 -0.1014107 0.0127500007
v -0.07649642 -0.101019472 0.013
v -0.0769605339 -0.1014107 0.0125000011
v -0.07646053 -0.1014107 0.013
v -0.07698807 -0.10171093 0.0125000011
v -0.07649642 -0.10180191 0.013
v -0.076752305 -0.101806909 0.0127500007
v -0.07707638 -0.102018051 0.0125000011
v -0.07661148 -0.10220211 0.013
v -0.07688669 -0.102209687 0.0127500007
v -0.07722949 -0.102313593 0.0125000011
v -0.07681099 -0.1025872 0.013
v -0.0771179646 -0.102586381 0.0127500007
v -0.0774438 -0.102577426 0.0125000011
v -0.0770902559 -0.102930978 0.013
v -0.0774348453 -0.102903262 0.0127500007
v -0.07770763 -0.102791741 0.0125000011
v -0.0774340257 -0.103210241 0.013
v -0.07781155 -0.103134528 0.0127500007
v -0.0780031756 -0.102944851 0.0125000011
v -0.0778191239 -0.103409745 0.013
v -0.07821432 -0.103268921 0.0127500007
v -0.0783102959 -0.103033155 0.0125000011
v -0.07821932 -0.103524804 0.013
v -0.07861054 -0.103060693 0.0125000011
v -0.07861054 -0.1035607 0.013
v -0.07891077 -0.103033155 0.0125000011
v -0.07920922 -0.103213906 0.0127500007
v -0.07921789 -0.102944851 0.0125000011
v -0.07900175 -0.103524804 0.013
v -0.07940194 -0.103409745 0.013
v -0.07951342 -0.102791741 0.0125000011
v -0.07978704 -0.103210241 0.013
v -0.07978621 -0.102903262 0.0127500007
v -0.0797772557 -0.102577426 0.0125000011
v -0.08023053 -0.102403477 0.0127500007
v -0.08013081 -0.102930978 0.013
v -0.07999158 -0.102313593 0.0125000011
v -0.08041008 -0.1025872 0.013
v -0.08014469 -0.102018051 0.0125000011
v -0.0806095749 -0.10220211 0.013
v -0.08046877 -0.101806909 0.0127500007
v -0.0802329853 -0.10171093 0.0125000011
v -0.0805105343 -0.1014107 0.0127500007
v -0.08072464 -0.10180191 0.013
v -0.08026053 -0.1014107 0.0125000011
v -0.08076053 -0.1014107 0.013
v -0.0802329853 -0.101110458 0.0125000011
v -0.08072464 -0.101019472 0.013
v -0.08046877 -0.101014487 0.0127500007
v -0.08014469 -0.100803338 0.0125000011
v -0.0806095749 -0.100619286 0.013
v -0.0803343654 -0.100611709 0.0127500007
v -0.07999158 -0.1005078 0.0125000011
v -0.08041008 -0.100234196 0.013
v -0.0801031 -0.100235015 0.0127500007
v -0.0797772557 -0.100243978 0.0125000011
v -0.08013081 -0.09989042 0.013
v -0.07978621 -0.09991813 0.0127500007
v -0.07951342 -0.100029647 0.0125000011
v -0.07978704 -0.09961115 0.013
v -0.0794095248 -0.09968686 0.0127500007
v -0.07921789 -0.09987655 0.0125000011
v -0.07940194 -0.09941165 0.013
v -0.07900675 -0.09955247 0.0127500007
v -0.07891077 -0.09978824 0.0125000011
v -0.07900175 -0.0992966 0.013
v -0.07861054 -0.0997607037 0.0125000011
v -0.07861054 -0.0992606953 0.013
v -0.101519763 -0.0621500053 0.013
v -0.101128548 -0.06211411 0.013
v -0.101519763 -0.06165 0.0125000011
v -0.101123556 -0.06185823 0.0127500007
v -0.101219535 -0.0616224557 0.0125000011
v -0.100728363 -0.0619990453 0.013
v -0.100912414 -0.0615341552 0.0125000011
v -0.100720786 -0.0617238432 0.0127500007
v -0.100343272 -0.0617995448 0.013
v -0.100616872 -0.06138105 0.0125000011
v -0.100344092 -0.0614925772 0.0127500007
v -0.09999949 -0.0615202822 0.013
v -0.100353047 -0.06116673 0.0125000011
v -0.100027189 -0.06117569 0.0127500007
v -0.0997202247 -0.0611765 0.013
v -0.100138724 -0.0609029 0.0125000011
v -0.09979592 -0.06079899 0.0127500007
v -0.09952073 -0.0607914068 0.013
v -0.09998563 -0.06060736 0.0125000011
v -0.099661544 -0.0603962243 0.0127500007
v -0.09940566 -0.0603912249 0.013
v -0.09961977 -0.0600000024 0.0127500007
v -0.09989731 -0.0603002459 0.0125000011
v -0.09936977 -0.0600000024 0.013
v -0.09986977 -0.0600000024 0.0125000011
v -0.09940566 -0.05960878 0.013
v -0.09989731 -0.05969976 0.0125000011
v -0.099661544 -0.0596037842 0.0127500007
v -0.09952073 -0.0592086 0.013
v -0.09989978 -0.05900722 0.0127500007
v -0.09998563 -0.059392646 0.0125000011
v -0.0997202247 -0.0588235036 0.013
v -0.100138724 -0.0590971075 0.0125000011
v -0.09999949 -0.0584797226 0.013
v -0.100353047 -0.05883328 0.0125000011
v -0.100344092 -0.05850743 0.0127500007
v -0.100343272 -0.0582004637 0.013
v -0.10092108 -0.058196798 0.0127500007
v -0.100616872 -0.0586189553 0.0125000011
v -0.100728363 -0.05800096 0.013
v -0.100912414 -0.0584658533 0.0125000011
v -0.101128548 -0.0578859 0.013
v -0.101219535 -0.05837755 0.0125000011
v -0.101519763 -0.05785 0.013
v -0.101519763 -0.0583500043 0.0125000011
v 0.008492424 -0.0521500036 0.0100000007
v 0.00810120348 -0.0521141067 0.0100000007
v 0.008492424 -0.05165 0.0105
v 0.008096208 -0.0518582352 0.01025
v 0.008192185 -0.0516224578 0.0105
v 0.00770102069 -0.0519990474 0.0100000007
v 0.007885069 -0.0515341535 0.0105
v 0.007693436 -0.0517238379 0.01025
v 0.00731592346 -0.0517995432 0.0100000007
v 0.00758952834 -0.0513810478 0.0105
v 0.007316742 -0.05149257 0.01025
v 0.00697214436 -0.0515202843 0.0100000007
v 0.00732569862 -0.05116673 0.0105
v 0.006999853 -0.0511756875 0.01025
v 0.00669288449 -0.0511765033 0.0100000007
v 0.00711138174 -0.0509028956 0.0105
v 0.00676858658 -0.05079899 0.01025
v 0.00649338029 -0.0507914051 0.0100000007
v 0.006958274 -0.05060736 0.0105
v 0.00663419673 -0.05039622 0.01025
v 0.006378318 -0.0503912233 0.0100000007
v 0.00659242459 -0.0500000045 0.01025
v 0.00686997036 -0.0503002442 0.0105
v 0.006342424 -0.0500000045 0.0100000007
v 0.00684242463 -0.0500000045 0.0105
v 0.006378318 -0.0496087819 0.0100000007
v 0.00686997036 -0.0496997647 0.0105
v 0.00663419673 -0.0496037863 0.01025
v 0.00649338029 -0.0492085963 0.0100000007
v 0.00687242951 -0.04900722 0.01025
v 0.006958274 -0.049392648 0.0105
v 0.00669288449 -0.0488235019 0.0100000007
v 0.00711138174 -0.0490971059 0.0105
v 0.00697214436 -0.04847972 0.0100000007
v 0.00732569862 -0.0488332734 0.0105
v 0.007316742 -0.04850743 0.01025
v 0.00731592346 -0.04820046 0.0100000007
v 0.007893728 -0.0481967963 0.01025
v 0.00758952834 -0.0486189574 0.0105
v 0.00770102069 -0.0480009578 0.0100000007
v 0.007885069 -0.048465848 0.0105
v 0.00810120348 -0.0478858948 0.0100000007
v 0.008192185 -0.04837755 0.0105
v 0.008492424 -0.0478499979 0.0100000007
v 0.008492424 -0.0483500026 0.0105
v 0.008492424 -0.0621500053 0.0100000007
v 0.00810120348 -0.06211411 0.0100000007
v 0.008492424 -0.06165 0.0105
v 0.008096208 -0.06185823 0.01025
v 0.008192185 -0.0616224557 0.0105
v 0.00770102069 -0.0619990453 0.0100000007
v 0.007885069 -0.0615341552 0.0105
v 0.007693436 -0.0617238432 0.01025
v 0.00731592346 -0.0617995448 0.0100000007
v 0.00758952834 -0.06138105 0.0105
v 0.007316742 -0.0614925772 0.01025
v 0.00697214436 -0.0615202822 0.0100000007
v 0.00732569862 -0.06116673 0.0105
v 0.006999853 -0.06117569 0.01025
v 0.00669288449 -0.0611765 0.0100000007
v 0.00711138174 -0.0609029 0.0105
v 0.00676858658 -0.06079899 0.01025
v 0.00649338029 -0.0607914068 0.0100000007
v 0.006958274 -0.06060736 0.0105
v 0.00663419673 -0.0603962243 0.01025
v 0.006378318 -0.0603912249 0.0100000007
v 0.00659242459 -0.0600000024 0.01025
v 0.00686997036 -0.0603002459 0.0105
v 0.006342424 -0.0600000024 0.0100000007
v 0.00684242463 -0.0600000024 0.0105
v 0.006378318 -0.05960878 0.0100000007
v 0.00686997036 -0.05969976 0.0105
v 0.00663419673 -0.0596037842 0.01025
v 0.00649338029 -0.0592086 0.0100000007
v 0.00687242951 -0.05900722 0.01025
v 0.006958274 -0.059392646 0.0105
v 0.00669288449 -0.0588235036 0.0100000007
v 0.00711138174 -0.0590971075 0.0105
v 0.00697214436 -0.0584797226 0.0100000007
v 0.00732569862 -0.05883328 0.0105
v 0.007316742 -0.05850743 0.01025
v 0.00731592346 -0.0582004637 0.0100000007
v 0.007893728 -0.058196798 0.01025
v 0.00758952834 -0.0586189553 0.0105
v 0.00770102069 -0.05800096 0.0100000007
v 0.007885069 -0.0584658533 0.0105
v 0.00810120348 -0.0578859 0.0100000007
v 0.008192185 -0.05837755 0.0105
v 0.008492424 -0.05785 0.0100000007
v 0.008492424 -0.0583500043 0.0105
v 0.008492424 -0.146073058 0.0100000007
v 0.00810120348 -0.146037161 0.0100000007
v 0.008492424 -0.14557305 0.0105
v 0.008096208 -0.145781279 0.01025
v 0.008192185 -0.145545512 0.0105
v 0.00770102069 -0.1459221 0.0100000007
v 0.007885069 -0.145457208 0.0105
v 0.007693436 -0.1456469 0.01025
v 0.00731592346 -0.1457226 0.0100000007
v 0.00758952834 -0.145304084 0.0105
v 0.007316742 -0.145415634 0.01025
v 0.00697214436 -0.145443335 0.0100000007
v 0.00732569862 -0.14508979 0.0105
v 0.006999853 -0.145098746 0.01025
v 0.00669288449 -0.145099565 0.0100000007
v 0.00711138174 -0.14482595 0.0105
v 0.00676858658 -0.144722044 0.01025
v 0.00649338029 -0.14471446 0.0100000007
v 0.006958274 -0.1445304 0.0105
v 0.00663419673 -0.144319266 0.01025
v 0.006378318 -0.144314274 0.0100000007
v 0.00659242459 -0.143923044 0.01025
v 0.00686997036 -0.1442233 0.0105
v 0.006342424 -0.143923044 0.0100000007
v 0.00684242463 -0.143923044 0.0105
v 0.006378318 -0.143531829 0.0100000007
v 0.00686997036 -0.143622816 0.0105
v 0.00663419673 -0.143526837 0.01025
v 0.00649338029 -0.143131644 0.0100000007
v 0.00687242951 -0.142930284 0.01025
v 0.006958274 -0.1433157 0.0105
v 0.00669288449 -0.142746553 0.0100000007
v 0.00711138174 -0.143020168 0.0105
v 0.00697214436 -0.142402783 0.0100000007
v 0.00732569862 -0.142756328 0.0105
v 0.007316742 -0.142430484 0.01025
v 0.00731592346 -0.14212352 0.0100000007
v 0.007893728 -0.14211984 0.01025
v 0.00758952834 -0.142542 0.0105
v 0.00770102069 -0.141924009 0.0100000007
v 0.007885069 -0.14238891 0.0105
v 0.00810120348 -0.141808957 0.0100000007
v 0.008192185 -0.1423006 0.0105
v 0.008492424 -0.14177306 0.0100000007
v 0.008492424 -0.142273054 0.0105
v -0.07861054 -0.0992606953 0.0100000007
v -0.07861054 -0.0997607037 0.0105
v -0.07891077 -0.09978824 0.0105
v -0.07920922 -0.09960749 0.01025
v -0.07900175 -0.0992966 0.0100000007
v -0.07921789 -0.09987655 0.0105
v -0.07940194 -0.09941165 0.0100000007
v -0.07951342 -0.100029647 0.0105
v -0.07978704 -0.09961115 0.0100000007
v -0.07978621 -0.09991813 0.01025
v -0.0797772557 -0.100243978 0.0105
v -0.08023053 -0.100417912 0.01025
v -0.08013081 -0.09989042 0.0100000007
v -0.07999158 -0.1005078 0.0105
v -0.08041008 -0.100234196 0.0100000007
v -0.08014469 -0.100803338 0.0105
v -0.0806095749 -0.100619286 0.0100000007
v -0.08046877 -0.101014487 0.01025
v -0.0802329853 -0.101110458 0.0105
v -0.0805105343 -0.1014107 0.01025
v -0.08072464 -0.101019472 0.0100000007
v -0.08026053 -0.1014107 0.0105
v -0.08076053 -0.1014107 0.0100000007
v -0.0802329853 -0.10171093 0.0105
v -0.08072464 -0.10180191 0.0100000007
v -0.08046877 -0.101806909 0.01025
v -0.08014469 -0.102018051 0.0105
v -0.0806095749 -0.10220211 0.0100000007
v -0.0803343654 -0.102209687 0.01025
v -0.07999158 -0.102313593 0.0105
v -0.08041008 -0.1025872 0.0100000007
v -0.0801031 -0.102586381 0.01025
v -0.0797772557 -0.102577426 0.0105
v -0.08013081 -0.102930978 0.0100000007
v -0.07978621 -0.102903262 0.01025
v -0.07951342 -0.102791741 0.0105
v -0.07978704 -0.103210241 0.0100000007
v -0.0794095248 -0.103134528 0.01025
v -0.07921789 -0.102944851 0.0105
v -0.07940194 -0.103409745 0.0100000007
v -0.07900675 -0.103268921 0.01025
v -0.07891077 -0.103033155 0.0105
v -0.07900175 -0.103524804 0.0100000007
v -0.07861054 -0.103060693 0.0105
v -0.07861054 -0.1035607 0.0100000007
v -0.0783102959 -0.103033155 0.0105
v -0.07801183 -0.103213906 0.01025
v -0.0780031756 -0.102944851 0.0105
v -0.07821932 -0.103524804 0.0100000007
v -0.0778191239 -0.103409745 0.0100000007
v -0.07770763 -0.102791741 0.0105
v -0.0774340257 -0.103210241 0.0100000007
v -0.0774348453 -0.102903262 0.01025
v -0.0774438 -0.102577426 0.0105
v -0.07699054 -0.102403477 0.01025
v -0.0770902559 -0.102930978 0.0100000007
v -0.07722949 -0.102313593 0.0105
v -0.07681099 -0.1025872 0.0100000007
v -0.07707638 -0.102018051 0.0105
v -0.07661148 -0.10220211 0.0100000007
v -0.076752305 -0.101806909 0.01025
v -0.07698807 -0.10171093 0.0105
v -0.07671054 -0.1014107 0.01025
v -0.07649642 -0.10180191 0.0100000007
v -0.0769605339 -0.1014107 0.0105
v -0.07646053 -0.1014107 0.0100000007
v -0.07698807 -0.101110458 0.0105
v -0.07649642 -0.101019472 0.0100000007
v -0.076752305 -0.101014487 0.01025
v -0.07707638 -0.100803338 0.0105
v -0.07661148 -0.100619286 0.0100000007
v -0.07688669 -0.100611709 0.01025
v -0.07722949 -0.1005078 0.0105
v -0.07681099 -0.100234196 0.0100000007
v -0.0771179646 -0.100235015 0.01025
v -0.0774438 -0.100243978 0.0105
v -0.0770902559 -0.09989042 0.0100000007
v -0.0774348453 -0.09991813 0.01025
v -0.07770763 -0.100029647 0.0105
v -0.0774340257 -0.09961115 0.0100000007
v -0.07781155 -0.09968686 0.01025
v -0.0780031756 -0.09987655 0.0105
v -0.0778191239 -0.09941165 0.0100000007
v -0.07821432 -0.09955247 0.01025
v -0.0783102959 -0.09978824 0.0105
v -0.07821932 -0.0992966 0.0100000007
v -0.07861054 -0.0997607037 0.0105
v -0.07861054 -0.0992606953 0.0100000007
v -0.101519763 -0.0621500053 0.0100000007
v -0.101910986 -0.06211411 0.0100000007
v -0.101519763 -0.06165 0.0105
v -0.101915978 -0.06185823 0.01025
v -0.101820007 -0.0616224557 0.0105
v -0.102311179 -0.0619990453 0.0100000007
v -0.102127127 -0.0615341552 0.0105
v -0.102318756 -0.0617238432 0.01025
v -0.10269627 -0.0617995448 0.0100000007
v -0.10242267 -0.06138105 0.0105
v -0.10269545 -0.0614925772 0.01025
v -0.103040047 -0.0615202822 0.0100000007
v -0.1026865 -0.06116673 0.0105
v -0.103012338 -0.06117569 0.01025
v -0.1033193 -0.0611765 0.0100000007
v -0.102900818 -0.0609029 0.0105
v -0.103243604 -0.06079899 0.01025
v -0.103518814 -0.0607914068 0.0100000007
v -0.103053913 -0.06060736 0.0105
v -0.103378 -0.0603962243 0.01025
v -0.103633881 -0.0603912249 0.0100000007
v -0.103419766 -0.0600000024 0.01025
v -0.103142224 -0.0603002459 0.0105
v -0.10366977 -0.0600000024 0.0100000007
v -0.103169769 -0.0600000024 0.0105
v -0.103633881 -0.05960878 0.0100000007
v -0.103142224 -0.05969976 0.0105
v -0.103378 -0.0596037842 0.01025
v -0.103518814 -0.0592086 0.0100000007
v -0.103139766 -0.05900722 0.01025
v -0.103053913 -0.059392646 0.0105
v -0.1033193 -0.0588235036 0.0100000007
v -0.102900818 -0.0590971075 0.0105
v -0.103040047 -0.0584797226 0.0100000007
v -0.1026865 -0.05883328 0.0105
v -0.10269545 -0.05850743 0.01025
v -0.10269627 -0.0582004637 0.0100000007
v -0.10211847 -0.058196798 0.01025
v -0.10242267 -0.0586189553 0.0105
v -0.102311179 -0.05800096 0.0100000007
v -0.102127127 -0.0584658533 0.0105
v -0.101910986 -0.0578859 0.0100000007
v -0.101820007 -0.05837755 0.0105
v -0.101519763 -0.05785 0.0100000007
v -0.101519763 -0.0583500043 0.0105
v -0.08457694 -0.08897582 0.013
v -0.08457694 -0.08897582 0.0125000011
v -0.08427671 -0.08900337 0.0125000011
v -0.08423285 -0.0890120938 0.0127500007
v -0.08427671 -0.08900337 0.013
v -0.08396959 -0.089091666 0.0125000011
v -0.08396959 -0.089091666 0.013
v -0.08388309 -0.0891288 0.0127500007
v -0.08367404 -0.0892447755 0.0125000011
v -0.08367404 -0.0892447755 0.013
v -0.08355596 -0.08932964 0.0127500007
v -0.08341022 -0.08945911 0.0125000011
v -0.08341022 -0.08945911 0.013
v -0.0832807645 -0.0896048248 0.0127500007
v -0.0831959 -0.08972293 0.0125000011
v -0.0831959 -0.08972293 0.013
v -0.08307993 -0.0899319649 0.0127500007
v -0.08304279 -0.0900184661 0.0125000011
v -0.08304279 -0.0900184661 0.013
v -0.08296322 -0.09028174 0.0127500007
v -0.08295448 -0.09032558 0.0125000011
v -0.0829269439 -0.09062582 0.0127500007
v -0.08295448 -0.09032558 0.013
v -0.0829269439 -0.09062582 0.0125000011
v -0.0829269439 -0.09062582 0.013
v -0.08295448 -0.09092606 0.0125000011
v -0.08295448 -0.09092606 0.013
v -0.08296322 -0.0909699053 0.0127500007
v -0.08304279 -0.09123318 0.0125000011
v -0.08304279 -0.09123318 0.013
v -0.08304279 -0.09123318 0.0127500007
v -0.0831701 -0.0914879739 0.0127500007
v -0.0831959 -0.09152871 0.0125000011
v -0.0831959 -0.09152871 0.013
v -0.08334328 -0.09172153 0.0127500007
v -0.08341022 -0.09179255 0.0125000011
v -0.08341022 -0.09179255 0.013
v -0.08355596 -0.091922 0.0127500007
v -0.08367404 -0.09200686 0.0125000011
v -0.08367404 -0.09200686 0.013
v -0.08379799 -0.09208038 0.0127500007
v -0.08396959 -0.09215997 0.0125000011
v -0.08396959 -0.09215997 0.013
v -0.08405702 -0.09219177 0.0127500007
v -0.08427671 -0.0922482759 0.0125000011
v -0.08427671 -0.0922482759 0.013
v -0.0843203962 -0.09225576 0.0127500007
v -0.08457694 -0.09227582 0.0125000011
v -0.08457694 -0.09227582 0.013
v -0.08487718 -0.0922482759 0.0125000011
v -0.08492103 -0.0922395438 0.0127500007
v -0.08487718 -0.0922482759 0.013
v -0.0851843059 -0.09215997 0.0125000011
v -0.0851843059 -0.09215997 0.013
v -0.08527079 -0.09212284 0.0127500007
v -0.08547983 -0.09200686 0.0125000011
v -0.08547983 -0.09200686 0.013
v -0.08559793 -0.091922 0.0127500007
v -0.0857436657 -0.09179255 0.0125000011
v -0.0857436657 -0.09179255 0.013
v -0.08587312 -0.0916468054 0.0127500007
v -0.08595799 -0.09152871 0.0125000011
v -0.08595799 -0.09152871 0.013
v -0.0860739648 -0.09131968 0.0127500007
v -0.08611109 -0.09123318 0.0125000011
v -0.08611109 -0.09123318 0.013
v -0.08619066 -0.0909699053 0.0127500007
v -0.0861994 -0.09092606 0.0125000011
v -0.08622695 -0.09062582 0.0127500007
v -0.0861994 -0.09092606 0.013
v -0.08622695 -0.09062582 0.0125000011
v -0.08622695 -0.09062582 0.013
v -0.0861994 -0.09032558 0.0125000011
v -0.0861994 -0.09032558 0.013
v -0.08619066 -0.09028174 0.0127500007
v -0.08611109 -0.0900184661 0.0125000011
v -0.08611109 -0.0900184661 0.013
v -0.08611109 -0.0900184661 0.0127500007
v -0.08598379 -0.08976366 0.0127500007
v -0.08595799 -0.08972293 0.0125000011
v -0.08595799 -0.08972293 0.013
v -0.08581061 -0.08953012 0.0127500007
v -0.0857436657 -0.08945911 0.0125000011
v -0.0857436657 -0.08945911 0.013
v -0.08559793 -0.08932964 0.0127500007
v -0.08547983 -0.0892447755 0.0125000011
v -0.08547983 -0.0892447755 0.013
v -0.0853559 -0.08917126 0.0127500007
v -0.0851843059 -0.089091666 0.0125000011
v -0.0851843059 -0.089091666 0.013
v -0.08509687 -0.08905988 0.0127500007
v -0.08487718 -0.08900337 0.0125000011
v -0.08487718 -0.08900337 0.013
v -0.08483349 -0.08899589 0.0127500007
v -0.08457694 -0.08897582 0.0125000011
v -0.08457694 -0.08897582 0.013
v -0.07746952 -0.0563111119 0.013
v -0.07746952 -0.0563111119 0.0100000007
v -0.0771692842 -0.056338653 0.0100000007
v -0.07712544 -0.056347385 0.0115
v -0.0771692842 -0.056338653 0.013
v -0.0768621638 -0.0564269647 0.0100000007
v -0.0768621638 -0.0564269647 0.013
v -0.07677566 -0.0564640947 0.0115
v -0.07656662 -0.0565800667 0.0100000007
v -0.07656662 -0.0565800667 0.013
v -0.07644854 -0.0566649362 0.0115
v -0.0763028 -0.0567943826 0.0100000007
v -0.0763028 -0.0567943826 0.013
v -0.0761733353 -0.0569401272 0.0115
v -0.07608848 -0.0570582151 0.0100000007
v -0.07608848 -0.0570582151 0.013
v -0.0759725049 -0.0572672524 0.0115
v -0.0759353638 -0.05735375 0.0100000007
v -0.0759353638 -0.05735375 0.013
v -0.07585579 -0.05761703 0.0115
v -0.07584707 -0.05766087 0.0100000007
v -0.07581952 -0.0579611063 0.0115
v -0.07584707 -0.05766087 0.013
v -0.07581952 -0.0579611063 0.0100000007
v -0.07581952 -0.0579611063 0.013
v -0.07584707 -0.05826135 0.0100000007
v -0.07584707 -0.05826135 0.013
v -0.07585579 -0.0583051927 0.0115
v -0.0759353638 -0.0585684627 0.0100000007
v -0.0759353638 -0.0585684627 0.013
v -0.0759353638 -0.0585684627 0.0115
v -0.07606269 -0.0588232651 0.0115
v -0.07608848 -0.0588640049 0.0100000007
v -0.07608848 -0.0588640049 0.013
v -0.07623585 -0.05905682 0.0115
v -0.0763028 -0.05912784 0.0100000007
v -0.0763028 -0.05912784 0.013
v -0.07644854 -0.05925729 0.0115
v -0.07656662 -0.0593421534 0.0100000007
v -0.07656662 -0.0593421534 0.013
v -0.07669057 -0.0594156645 0.0115
v -0.0768621638 -0.0594952628 0.0100000007
v -0.0768621638 -0.0594952628 0.013
v -0.0769496039 -0.0595270544 0.0115
v -0.0771692842 -0.0595835671 0.0100000007
v -0.0771692842 -0.0595835671 0.013
v -0.0772129744 -0.0595910437 0.0115
v -0.07746952 -0.05961111 0.0100000007
v -0.07746952 -0.05961111 0.013
v -0.0777697638 -0.0595835671 0.0100000007
v -0.0778136 -0.05957484 0.0115
v -0.0777697638 -0.0595835671 0.013
v -0.07807688 -0.0594952628 0.0100000007
v -0.07807688 -0.0594952628 0.013
v -0.07816338 -0.05945813 0.0115
v -0.07837242 -0.0593421534 0.0100000007
v -0.07837242 -0.0593421534 0.013
v -0.07849051 -0.05925729 0.0115
v -0.0786362439 -0.05912784 0.0100000007
v -0.0786362439 -0.05912784 0.013
v -0.0787657052 -0.0589820966 0.0115
v -0.07885057 -0.0588640049 0.0100000007
v -0.07885057 -0.0588640049 0.013
v -0.0789665356 -0.05865497 0.0115
v -0.07900368 -0.0585684627 0.0100000007
v -0.07900368 -0.0585684627 0.013
v -0.07908325 -0.0583051927 0.0115
v -0.07909197 -0.05826135 0.0100000007
v -0.07911952 -0.0579611063 0.0115
v -0.07909197 -0.05826135 0.013
v -0.07911952 -0.0579611063 0.0100000007
v -0.07911952 -0.0579611063 0.013
v -0.07909197 -0.05766087 0.0100000007
v -0.07909197 -0.05766087 0.013
v -0.07908325 -0.05761703 0.0115
v -0.07900368 -0.05735375 0.0100000007
v -0.07900368 -0.05735375 0.013
v -0.07900368 -0.05735375 0.0115
v -0.0788763538 -0.05709896 0.0115
v -0.07885057 -0.0570582151 0.0100000007
v -0.07885057 -0.0570582151 0.013
v -0.07870318 -0.0568654053 0.0115
v -0.0786362439 -0.0567943826 0.0100000007
v -0.0786362439 -0.0567943826 0.013
v -0.07849051 -0.0566649362 0.0115
v -0.07837242 -0.0565800667 0.0100000007
v -0.07837242 -0.0565800667 0.013
v -0.07824847 -0.05650655 0.0115
v -0.07807688 -0.0564269647 0.0100000007
v -0.07807688 -0.0564269647 0.013
v -0.0779894441 -0.0563951656 0.0115
v -0.0777697638 -0.056338653 0.0100000007
v -0.0777697638 -0.056338653 0.013
v -0.0777260661 -0.0563311763 0.0115
v -0.07746952 -0.0563111119 0.0100000007
v -0.07746952 -0.0563111119 0.013
v 0.00314065674 -0.136921287 0.013
v 0.00314065674 -0.136921287 0.0100000007
v 0.00344089558 -0.136948839 0.0100000007
v 0.00348473946 -0.136957571 0.0115
v 0.00344089558 -0.136948839 0.013
v 0.00374801247 -0.137037143 0.0100000007
v 0.00374801247 -0.137037143 0.013
v 0.00383451488 -0.137074262 0.0115
v 0.004043552 -0.137190238 0.0100000007
v 0.004043552 -0.137190238 0.013
v 0.00416164426 -0.137275115 0.0115
v 0.00430738274 -0.137404561 0.0100000007
v 0.00430738274 -0.137404561 0.013
v 0.004436837 -0.1375503 0.0115
v 0.004521699 -0.137668386 0.0100000007
v 0.004521699 -0.137668386 0.013
v 0.004637674 -0.137877434 0.0115
v 0.004674807 -0.137963921 0.0100000007
v 0.004674807 -0.137963921 0.013
v 0.00475438125 -0.138227209 0.0115
v 0.00476311054 -0.138271049 0.0100000007
v 0.00479065627 -0.138571292 0.0115
v 0.00476311054 -0.138271049 0.013
v 0.00479065627 -0.138571292 0.0100000007
v 0.00479065627 -0.138571292 0.013
v 0.00476311054 -0.138871521 0.0100000007
v 0.00476311054 -0.138871521 0.013
v 0.00475438125 -0.138915375 0.0115
v 0.004674807 -0.139178649 0.0100000007
v 0.004674807 -0.139178649 0.013
v 0.004674807 -0.139178649 0.0115
v 0.004547494 -0.139433429 0.0115
v 0.004521699 -0.139474183 0.0100000007
v 0.004521699 -0.139474183 0.013
v 0.00437432062 -0.139666989 0.0115
v 0.00430738274 -0.139738008 0.0100000007
v 0.00430738274 -0.139738008 0.013
v 0.00416164426 -0.13986747 0.0115
v 0.004043552 -0.139952332 0.0100000007
v 0.004043552 -0.139952332 0.013
v 0.003919607 -0.140025839 0.0115
v 0.00374801247 -0.140105441 0.0100000007
v 0.00374801247 -0.140105441 0.013
v 0.00366057735 -0.14013724 0.0115
v 0.00344089558 -0.140193745 0.0100000007
v 0.00344089558 -0.140193745 0.013
v 0.00339719956 -0.140201226 0.0115
v 0.00314065674 -0.140221283 0.0100000007
v 0.00314065674 -0.140221283 0.013
v 0.00284041744 -0.140193745 0.0100000007
v 0.00279657333 -0.140185013 0.0115
v 0.00284041744 -0.140193745 0.013
v 0.0025333 -0.140105441 0.0100000007
v 0.0025333 -0.140105441 0.013
v 0.00244679837 -0.140068308 0.0115
v 0.00223776046 -0.139952332 0.0100000007
v 0.00223776046 -0.139952332 0.013
v 0.00211966876 -0.13986747 0.0115
v 0.00197393028 -0.139738008 0.0100000007
v 0.00197393028 -0.139738008 0.013
v 0.00184447574 -0.139592275 0.0115
v 0.00175961386 -0.139474183 0.0100000007
v 0.00175961386 -0.139474183 0.013
v 0.001643639 -0.13926515 0.0115
v 0.00160650571 -0.139178649 0.0100000007
v 0.00160650571 -0.139178649 0.013
v 0.00152693188 -0.138915375 0.0115
v 0.00151820248 -0.138871521 0.0100000007
v 0.00149065629 -0.138571292 0.0115
v 0.00151820248 -0.138871521 0.013
v 0.00149065629 -0.138571292 0.0100000007
v 0.00149065629 -0.138571292 0.013
v 0.00151820248 -0.138271049 0.0100000007
v 0.00151820248 -0.138271049 0.013
v 0.00152693188 -0.138227209 0.0115
v 0.00160650571 -0.137963921 0.0100000007
v 0.00160650571 -0.137963921 0.013
v 0.00160650571 -0.137963921 0.0115
v 0.001733819 -0.137709141 0.0115
v 0.00175961386 -0.137668386 0.0100000007
v 0.00175961386 -0.137668386 0.013
v 0.00190699229 -0.13747558 0.0115
v 0.00197393028 -0.137404561 0.0100000007
v 0.00197393028 -0.137404561 0.013
v 0.00211966876 -0.137275115 0.0115
v 0.00223776046 -0.137190238 0.0100000007
v 0.00223776046 -0.137190238 0.013
v 0.00236170553 -0.13711673 0.0115
v 0.0025333 -0.137037143 0.0100000007
v 0.0025333 -0.137037143 0.013
v 0.00262073567 -0.137005344 0.0115
v 0.00284041744 -0.136948839 0.0100000007
v 0.00284041744 -0.136948839 0.013
v 0.00288411323 -0.136941358 0.0115
v 0.00314065674 -0.136921287 0.0100000007
v 0.00314065674 -0.136921287 0.013
v -0.07044612 -0.125464648 0.0100000007
v -0.07088363 -0.125706688 0.0105
v -0.08993736 -0.090232335 0.0100000007
v -0.09022306 -0.09033036 0.0102974623
v -0.110000007 -0.0550000034 0.0105
v -0.1094286 -0.0550000034 0.0100000007
v -0.101519763 -0.06165 0.0105
v -0.101219535 -0.0616224557 0.0105
v -0.101519763 -0.0621500053 0.0100000007
v -0.10092108 -0.0618032068 0.01025
v -0.100912414 -0.0615341552 0.0105
v -0.101128548 -0.06211411 0.0100000007
v -0.100728363 -0.0619990453 0.0100000007
v -0.100616872 -0.06138105 0.0105
v -0.100343272 -0.0617995448 0.0100000007
v -0.100344092 -0.0614925772 0.01025
v -0.100353047 -0.06116673 0.0105
v -0.09989978 -0.0609927848 0.01025
v -0.09999949 -0.0615202822 0.0100000007
v -0.100138724 -0.0609029 0.0105
v -0.0997202247 -0.0611765 0.0100000007
v -0.09998563 -0.06060736 0.0105
v -0.09952073 -0.0607914068 0.0100000007
v -0.099661544 -0.0603962243 0.01025
v -0.09989731 -0.0603002459 0.0105
v -0.09961977 -0.0600000024 0.01025
v -0.09940566 -0.0603912249 0.0100000007
v -0.09986977 -0.0600000024 0.0105
v -0.09936977 -0.0600000024 0.0100000007
v -0.09989731 -0.05969976 0.0105
v -0.09940566 -0.05960878 0.0100000007
v -0.099661544 -0.0596037842 0.01025
v -0.09998563 -0.059392646 0.0105
v -0.09952073 -0.0592086 0.0100000007
v -0.09979592 -0.0592010133 0.01025
v -0.100138724 -0.0590971075 0.0105
v -0.0997202247 -0.0588235036 0.0100000007
v -0.100027189 -0.0588243157 0.01025
v -0.100353047 -0.05883328 0.0105
v -0.09999949 -0.0584797226 0.0100000007
v -0.100344092 -0.05850743 0.01025
v -0.100616872 -0.0586189553 0.0105
v -0.100343272 -0.0582004637 0.0100000007
v -0.100720786 -0.0582761653 0.01025
v -0.100912414 -0.0584658533 0.0105
v -0.100728363 -0.05800096 0.0100000007
v -0.101123556 -0.0581417754 0.01025
v -0.101219535 -0.05837755 0.0105
v -0.101128548 -0.0578859 0.0100000007
v -0.101519763 -0.0583500043 0.0105
v -0.101519763 -0.05785 0.0100000007
v -0.101519763 -0.0583500043 0.0125000011
v -0.101519763 -0.0583500043 0.0105
v -0.101219535 -0.05837755 0.0105
v -0.101175681 -0.0583862737 0.0115
v -0.101219535 -0.05837755 0.0125000011
v -0.100912414 -0.0584658533 0.0105
v -0.100912414 -0.0584658533 0.0125000011
v -0.100825913 -0.058502987 0.0115
v -0.100616872 -0.0586189553 0.0105
v -0.100616872 -0.0586189553 0.0125000011
v -0.100498788 -0.0587038249 0.0115
v -0.100353047 -0.05883328 0.0105
v -0.100353047 -0.05883328 0.0125000011
v -0.100223586 -0.0589790158 0.0115
v -0.100138724 -0.0590971075 0.0105
v -0.100138724 -0.0590971075 0.0125000011
v -0.100022748 -0.05930614 0.0115
v -0.09998563 -0.059392646 0.0105
v -0.09998563 -0.059392646 0.0125000011
v -0.09990604 -0.0596559234 0.0115
v -0.09989731 -0.05969976 0.0105
v -0.09986977 -0.0600000024 0.0115
v -0.09989731 -0.05969976 0.0125000011
v -0.09986977 -0.0600000024 0.0105
v -0.09986977 -0.0600000024 0.0125000011
v -0.09989731 -0.0603002459 0.0105
v -0.09989731 -0.0603002459 0.0125000011
v -0.09990604 -0.06034408 0.0115
v -0.09998563 -0.06060736 0.0105
v -0.09998563 -0.06060736 0.0125000011
v -0.09998563 -0.06060736 0.0115
v -0.10011293 -0.0608621575 0.0115
v -0.100138724 -0.0609029 0.0105
v -0.100138724 -0.0609029 0.0125000011
v -0.100286111 -0.0610957071 0.0115
v -0.100353047 -0.06116673 0.0105
v -0.100353047 -0.06116673 0.0125000011
v -0.100498788 -0.0612961836 0.0115
v -0.100616872 -0.06138105 0.0105
v -0.100616872 -0.06138105 0.0125000011
v -0.10074082 -0.0614545643 0.0115
v -0.100912414 -0.0615341552 0.0105
v -0.100912414 -0.0615341552 0.0125000011
v -0.100999847 -0.0615659431 0.0115
v -0.101219535 -0.0616224557 0.0105
v -0.101219535 -0.0616224557 0.0125000011
v -0.101263225 -0.0616299361 0.0115
v -0.101519763 -0.06165 0.0105
v -0.101519763 -0.06165 0.0125000011
v -0.101820007 -0.0616224557 0.0105
v -0.101863854 -0.06161373 0.0115
v -0.101820007 -0.0616224557 0.0125000011
v -0.102127127 -0.0615341552 0.0105
v -0.102127127 -0.0615341552 0.0125000011
v -0.102213629 -0.0614970177 0.0115
v -0.10242267 -0.06138105 0.0105
v -0.10242267 -0.06138105 0.0125000011
v -0.102540761 -0.0612961836 0.0115
v -0.1026865 -0.06116673 0.0105
v -0.1026865 -0.06116673 0.0125000011
v -0.102815941 -0.0610209927 0.0115
v -0.102900818 -0.0609029 0.0105
v -0.102900818 -0.0609029 0.0125000011
v -0.103016794 -0.0606938638 0.0115
v -0.103053913 -0.06060736 0.0105
v -0.103053913 -0.06060736 0.0125000011
v -0.103133485 -0.06034408 0.0115
v -0.103142224 -0.0603002459 0.0105
v -0.103169769 -0.0600000024 0.0115
v -0.103142224 -0.0603002459 0.0125000011
v -0.103169769 -0.0600000024 0.0105
v -0.103169769 -0.0600000024 0.0125000011
v -0.103142224 -0.05969976 0.0105
v -0.103142224 -0.05969976 0.0125000011
v -0.103133485 -0.0596559234 0.0115
v -0.103053913 -0.059392646 0.0105
v -0.103053913 -0.059392646 0.0125000011
v -0.103053913 -0.059392646 0.0115
v -0.102926612 -0.0591378473 0.0115
v -0.102900818 -0.0590971075 0.0105
v -0.102900818 -0.0590971075 0.0125000011
v -0.102753431 -0.0589042976 0.0115
v -0.1026865 -0.05883328 0.0105
v -0.1026865 -0.05883328 0.0125000011
v -0.102540761 -0.0587038249 0.0115
v -0.10242267 -0.0586189553 0.0105
v -0.10242267 -0.0586189553 0.0125000011
v -0.102298722 -0.05854544 0.0115
v -0.102127127 -0.0584658533 0.0105
v -0.102127127 -0.0584658533 0.0125000011
v -0.102039695 -0.05843406 0.0115
v -0.101820007 -0.05837755 0.0105
v -0.101820007 -0.05837755 0.0125000011
v -0.101776309 -0.05837007 0.0115
v -0.101519763 -0.0583500043 0.0105
v -0.101519763 -0.0583500043 0.0125000011
v -0.07861054 -0.0997607037 0.0125000011
v -0.07861054 -0.0997607037 0.0105
v -0.0783102959 -0.09978824 0.0105
v -0.07826645 -0.09979698 0.0115
v -0.0783102959 -0.09978824 0.0125000011
v -0.0780031756 -0.09987655 0.0105
v -0.0780031756 -0.09987655 0.0125000011
v -0.0779166743 -0.09991369 0.0115
v -0.07770763 -0.100029647 0.0105
v -0.07770763 -0.100029647 0.0125000011
v -0.07758954 -0.100114524 0.0115
v -0.0774438 -0.100243978 0.0105
v -0.0774438 -0.100243978 0.0125000011
v -0.0773143545 -0.100389712 0.0115
v -0.07722949 -0.1005078 0.0105
v -0.07722949 -0.1005078 0.0125000011
v -0.07711352 -0.100716844 0.0115
v -0.07707638 -0.100803338 0.0105
v -0.07707638 -0.100803338 0.0125000011
v -0.0769968 -0.101066612 0.0115
v -0.07698807 -0.101110458 0.0105
v -0.0769605339 -0.1014107 0.0115
v -0.07698807 -0.101110458 0.0125000011
v -0.0769605339 -0.1014107 0.0105
v -0.0769605339 -0.1014107 0.0125000011
v -0.07698807 -0.10171093 0.0105
v -0.07698807 -0.10171093 0.0125000011
v -0.0769968 -0.101754785 0.0115
v -0.07707638 -0.102018051 0.0105
v -0.07707638 -0.102018051 0.0125000011
v -0.07707638 -0.102018051 0.0115
v -0.07720369 -0.102272853 0.0115
v -0.07722949 -0.102313593 0.0105
v -0.07722949 -0.102313593 0.0125000011
v -0.0773768649 -0.1025064 0.0115
v -0.0774438 -0.102577426 0.0105
v -0.0774438 -0.102577426 0.0125000011
v -0.07758954 -0.102706879 0.0115
v -0.07770763 -0.102791741 0.0105
v -0.07770763 -0.102791741 0.0125000011
v -0.07783158 -0.102865249 0.0115
v -0.0780031756 -0.102944851 0.0105
v -0.0780031756 -0.102944851 0.0125000011
v -0.07809061 -0.102976643 0.0115
v -0.0783102959 -0.103033155 0.0105
v -0.0783102959 -0.103033155 0.0125000011
v -0.07835399 -0.103040636 0.0115
v -0.07861054 -0.103060693 0.0105
v -0.07861054 -0.103060693 0.0125000011
v -0.07891077 -0.103033155 0.0105
v -0.0789546147 -0.103024423 0.0115
v -0.07891077 -0.103033155 0.0125000011
v -0.07921789 -0.102944851 0.0105
v -0.07921789 -0.102944851 0.0125000011
v -0.07930439 -0.102907717 0.0115
v -0.07951342 -0.102791741 0.0105
v -0.07951342 -0.102791741 0.0125000011
v -0.0796315148 -0.102706879 0.0115
v -0.0797772557 -0.102577426 0.0105
v -0.0797772557 -0.102577426 0.0125000011
v -0.07990672 -0.102431685 0.0115
v -0.07999158 -0.102313593 0.0105
v -0.07999158 -0.102313593 0.0125000011
v -0.0801075548 -0.102104552 0.0115
v -0.08014469 -0.102018051 0.0105
v -0.08014469 -0.102018051 0.0125000011
v -0.08022426 -0.101754785 0.0115
v -0.0802329853 -0.10171093 0.0105
v -0.08026053 -0.1014107 0.0115
v -0.0802329853 -0.10171093 0.0125000011
v -0.08026053 -0.1014107 0.0105
v -0.08026053 -0.1014107 0.0125000011
v -0.0802329853 -0.101110458 0.0105
v -0.0802329853 -0.101110458 0.0125000011
v -0.08022426 -0.101066612 0.0115
v -0.08014469 -0.100803338 0.0105
v -0.08014469 -0.100803338 0.0125000011
v -0.08014469 -0.100803338 0.0115
v -0.08001737 -0.10054855 0.0115
v -0.07999158 -0.1005078 0.0105
v -0.07999158 -0.1005078 0.0125000011
v -0.07984419 -0.10031499 0.0115
v -0.0797772557 -0.100243978 0.0105
v -0.0797772557 -0.100243978 0.0125000011
v -0.0796315148 -0.100114524 0.0115
v -0.07951342 -0.100029647 0.0105
v -0.07951342 -0.100029647 0.0125000011
v -0.07938948 -0.09995614 0.0115
v -0.07921789 -0.09987655 0.0105
v -0.07921789 -0.09987655 0.0125000011
v -0.0791304559 -0.0998447537 0.0115
v -0.07891077 -0.09978824 0.0105
v -0.07891077 -0.09978824 0.0125000011
v -0.07886708 -0.09978077 0.0115
v -0.07861054 -0.0997607037 0.0105
v -0.07861054 -0.0997607037 0.0125000011
v 0.008492424 -0.14557305 0.0105
v 0.008792664 -0.145545512 0.0105
v 0.008492424 -0.146073058 0.0100000007
v 0.009091122 -0.145726264 0.01025
v 0.009099781 -0.145457208 0.0105
v 0.008883645 -0.146037161 0.0100000007
v 0.009283828 -0.1459221 0.0100000007
v 0.009395321 -0.145304084 0.0105
v 0.009668925 -0.1457226 0.0100000007
v 0.009668107 -0.145415634 0.01025
v 0.009659151 -0.14508979 0.0105
v 0.01011242 -0.144915834 0.01025
v 0.0100127049 -0.145443335 0.0100000007
v 0.0098734675 -0.14482595 0.0105
v 0.0102919638 -0.145099565 0.0100000007
v 0.010026576 -0.1445304 0.0105
v 0.01049147 -0.14471446 0.0100000007
v 0.010350653 -0.144319266 0.01025
v 0.0101148793 -0.1442233 0.0105
v 0.0103924247 -0.143923044 0.01025
v 0.0106065311 -0.144314274 0.0100000007
v 0.0101424241 -0.143923044 0.0105
v 0.0106424242 -0.143923044 0.0100000007
v 0.0101148793 -0.143622816 0.0105
v 0.0106065311 -0.143531829 0.0100000007
v 0.010350653 -0.143526837 0.01025
v 0.010026576 -0.1433157 0.0105
v 0.01049147 -0.143131644 0.0100000007
v 0.0102162631 -0.143124059 0.01025
v 0.0098734675 -0.143020168 0.0105
v 0.0102919638 -0.142746553 0.0100000007
v 0.009984996 -0.142747372 0.01025
v 0.009659151 -0.142756328 0.0105
v 0.0100127049 -0.142402783 0.0100000007
v 0.009668107 -0.142430484 0.01025
v 0.009395321 -0.142542 0.0105
v 0.009668925 -0.14212352 0.0100000007
v 0.009291412 -0.142199218 0.01025
v 0.009099781 -0.14238891 0.0105
v 0.009283828 -0.141924009 0.0100000007
v 0.008888641 -0.142064825 0.01025
v 0.008792664 -0.1423006 0.0105
v 0.008883645 -0.141808957 0.0100000007
v 0.008492424 -0.142273054 0.0105
v 0.008492424 -0.14177306 0.0100000007
v 0.008492424 -0.142273054 0.0125000011
v 0.008492424 -0.142273054 0.0105
v 0.008792664 -0.1423006 0.0105
v 0.008836508 -0.142309338 0.0115
v 0.008792664 -0.1423006 0.0125000011
v 0.009099781 -0.14238891 0.0105
v 0.009099781 -0.14238891 0.0125000011
v 0.009186283 -0.142426044 0.0115
v 0.009395321 -0.142542 0.0105
v 0.009395321 -0.142542 0.0125000011
v 0.009513412 -0.142626882 0.0115
v 0.009659151 -0.142756328 0.0105
v 0.009659151 -0.142756328 0.0125000011
v 0.009788605 -0.142902076 0.0115
v 0.0098734675 -0.143020168 0.0105
v 0.0098734675 -0.143020168 0.0125000011
v 0.009989441 -0.1432292 0.0115
v 0.010026576 -0.1433157 0.0105
v 0.010026576 -0.1433157 0.0125000011
v 0.0101061491 -0.143578976 0.0115
v 0.0101148793 -0.143622816 0.0105
v 0.0101424241 -0.143923044 0.0115
v 0.0101148793 -0.143622816 0.0125000011
v 0.0101424241 -0.143923044 0.0105
v 0.0101424241 -0.143923044 0.0125000011
v 0.0101148793 -0.1442233 0.0105
v 0.0101148793 -0.1442233 0.0125000011
v 0.0101061491 -0.144267142 0.0115
v 0.010026576 -0.1445304 0.0105
v 0.010026576 -0.1445304 0.0125000011
v 0.010026576 -0.1445304 0.0115
v 0.009899261 -0.14478521 0.0115
v 0.0098734675 -0.14482595 0.0105
v 0.0098734675 -0.14482595 0.0125000011
v 0.00972608849 -0.145018756 0.0115
v 0.009659151 -0.14508979 0.0105
v 0.009659151 -0.14508979 0.0125000011
v 0.009513412 -0.145219237 0.0115
v 0.009395321 -0.145304084 0.0105
v 0.009395321 -0.145304084 0.0125000011
v 0.009271376 -0.1453776 0.0115
v 0.009099781 -0.145457208 0.0105
v 0.009099781 -0.145457208 0.0125000011
v 0.009012345 -0.145489 0.0115
v 0.008792664 -0.145545512 0.0105
v 0.008792664 -0.145545512 0.0125000011
v 0.008748967 -0.145553 0.0115
v 0.008492424 -0.14557305 0.0105
v 0.008492424 -0.14557305 0.0125000011
v 0.008192185 -0.145545512 0.0105
v 0.008148341 -0.14553678 0.0115
v 0.008192185 -0.145545512 0.0125000011
v 0.007885069 -0.145457208 0.0105
v 0.007885069 -0.145457208 0.0125000011
v 0.00779856555 -0.145420074 0.0115
v 0.00758952834 -0.145304084 0.0105
v 0.00758952834 -0.145304084 0.0125000011
v 0.00747143663 -0.145219237 0.0115
v 0.00732569862 -0.14508979 0.0105
v 0.00732569862 -0.14508979 0.0125000011
v 0.007196244 -0.144944042 0.0115
v 0.00711138174 -0.14482595 0.0105
v 0.00711138174 -0.14482595 0.0125000011
v 0.006995407 -0.144616917 0.0115
v 0.006958274 -0.1445304 0.0105
v 0.006958274 -0.1445304 0.0125000011
v 0.0068787 -0.144267142 0.0115
v 0.00686997036 -0.1442233 0.0105
v 0.00684242463 -0.143923044 0.0115
v 0.00686997036 -0.1442233 0.0125000011
v 0.00684242463 -0.143923044 0.0105
v 0.00684242463 -0.143923044 0.0125000011
v 0.00686997036 -0.143622816 0.0105
v 0.00686997036 -0.143622816 0.0125000011
v 0.0068787 -0.143578976 0.0115
v 0.006958274 -0.1433157 0.0105
v 0.006958274 -0.1433157 0.0125000011
v 0.006958274 -0.1433157 0.0115
v 0.007085587 -0.1430609 0.0115
v 0.00711138174 -0.143020168 0.0105
v 0.00711138174 -0.143020168 0.0125000011
v 0.00725876028 -0.142827347 0.0115
v 0.00732569862 -0.142756328 0.0105
v 0.00732569862 -0.142756328 0.0125000011
v 0.00747143663 -0.142626882 0.0115
v 0.00758952834 -0.142542 0.0105
v 0.00758952834 -0.142542 0.0125000011
v 0.007713474 -0.1424685 0.0115
v 0.007885069 -0.14238891 0.0105
v 0.007885069 -0.14238891 0.0125000011
v 0.007972504 -0.142357111 0.0115
v 0.008192185 -0.1423006 0.0105
v 0.008192185 -0.1423006 0.0125000011
v 0.008235881 -0.14229311 0.0115
v 0.008492424 -0.142273054 0.0105
v 0.008492424 -0.142273054 0.0125000011
v 0.008492424 -0.06165 0.0105
v 0.008792664 -0.0616224557 0.0105
v 0.008492424 -0.0621500053 0.0100000007
v 0.009091122 -0.0618032068 0.01025
v 0.009099781 -0.0615341552 0.0105
v 0.008883645 -0.06211411 0.0100000007
v 0.009283828 -0.0619990453 0.0100000007
v 0.009395321 -0.06138105 0.0105
v 0.009668925 -0.0617995448 0.0100000007
v 0.009668107 -0.0614925772 0.01025
v 0.009659151 -0.06116673 0.0105
v 0.01011242 -0.0609927848 0.01025
v 0.0100127049 -0.0615202822 0.0100000007
v 0.0098734675 -0.0609029 0.0105
v 0.0102919638 -0.0611765 0.0100000007
v 0.010026576 -0.06060736 0.0105
v 0.01049147 -0.0607914068 0.0100000007
v 0.010350653 -0.0603962243 0.01025
v 0.0101148793 -0.0603002459 0.0105
v 0.0103924247 -0.0600000024 0.01025
v 0.0106065311 -0.0603912249 0.0100000007
v 0.0101424241 -0.0600000024 0.0105
v 0.0106424242 -0.0600000024 0.0100000007
v 0.0101148793 -0.05969976 0.0105
v 0.0106065311 -0.05960878 0.0100000007
v 0.010350653 -0.0596037842 0.01025
v 0.010026576 -0.059392646 0.0105
v 0.01049147 -0.0592086 0.0100000007
v 0.0102162631 -0.0592010133 0.01025
v 0.0098734675 -0.0590971075 0.0105
v 0.0102919638 -0.0588235036 0.0100000007
v 0.009984996 -0.0588243157 0.01025
v 0.009659151 -0.05883328 0.0105
v 0.0100127049 -0.0584797226 0.0100000007
v 0.009668107 -0.05850743 0.01025
v 0.009395321 -0.0586189553 0.0105
v 0.009668925 -0.0582004637 0.0100000007
v 0.009291412 -0.0582761653 0.01025
v 0.009099781 -0.0584658533 0.0105
v 0.009283828 -0.05800096 0.0100000007
v 0.008888641 -0.0581417754 0.01025
v 0.008792664 -0.05837755 0.0105
v 0.008883645 -0.0578859 0.0100000007
v 0.008492424 -0.0583500043 0.0105
v 0.008492424 -0.05785 0.0100000007
v 0.008492424 -0.0583500043 0.0125000011
v 0.008492424 -0.0583500043 0.0105
v 0.008792664 -0.05837755 0.0105
v 0.008836508 -0.0583862737 0.0115
v 0.008792664 -0.05837755 0.0125000011
v 0.009099781 -0.0584658533 0.0105
v 0.009099781 -0.0584658533 0.0125000011
v 0.009186283 -0.058502987 0.0115
v 0.009395321 -0.0586189553 0.0105
v 0.009395321 -0.0586189553 0.0125000011
v 0.009513412 -0.0587038249 0.0115
v 0.009659151 -0.05883328 0.0105
v 0.009659151 -0.05883328 0.0125000011
v 0.009788605 -0.0589790158 0.0115
v 0.0098734675 -0.0590971075 0.0105
v 0.0098734675 -0.0590971075 0.0125000011
v 0.009989441 -0.05930614 0.0115
v 0.010026576 -0.059392646 0.0105
v 0.010026576 -0.059392646 0.0125000011
v 0.0101061491 -0.0596559234 0.0115
v 0.0101148793 -0.05969976 0.0105
v 0.0101424241 -0.0600000024 0.0115
v 0.0101148793 -0.05969976 0.0125000011
v 0.0101424241 -0.0600000024 0.0105
v 0.0101424241 -0.0600000024 0.0125000011
v 0.0101148793 -0.0603002459 0.0105
v 0.0101148793 -0.0603002459 0.0125000011
v 0.0101061491 -0.06034408 0.0115
v 0.010026576 -0.06060736 0.0105
v 0.010026576 -0.06060736 0.0125000011
v 0.010026576 -0.06060736 0.0115
v 0.009899261 -0.0608621575 0.0115
v 0.0098734675 -0.0609029 0.0105
v 0.0098734675 -0.0609029 0.0125000011
v 0.00972608849 -0.0610957071 0.0115
v 0.009659151 -0.06116673 0.0105
v 0.009659151 -0.06116673 0.0125000011
v 0.009513412 -0.0612961836 0.0115
v 0.009395321 -0.06138105 0.0105
v 0.009395321 -0.06138105 0.0125000011
v 0.009271376 -0.0614545643 0.0115
v 0.009099781 -0.0615341552 0.0105
v 0.009099781 -0.0615341552 0.0125000011
v 0.009012345 -0.0615659431 0.0115
v 0.008792664 -0.0616224557 0.0105
v 0.008792664 -0.0616224557 0.0125000011
v 0.008748967 -0.0616299361 0.0115
v 0.008492424 -0.06165 0.0105
v 0.008492424 -0.06165 0.0125000011
v 0.008192185 -0.0616224557 0.0105
v 0.008148341 -0.06161373 0.0115
v 0.008192185 -0.0616224557 0.0125000011
v 0.007885069 -0.0615341552 0.0105
v 0.007885069 -0.0615341552 0.0125000011
v 0.00779856555 -0.0614970177 0.0115
v 0.00758952834 -0.06138105 0.0105
v 0.00758952834 -0.06138105 0.0125000011
v 0.00747143663 -0.0612961836 0.0115
v 0.00732569862 -0.06116673 0.0105
v 0.00732569862 -0.06116673 0.0125000011
v 0.007196244 -0.0610209927 0.0115
v 0.00711138174 -0.0609029 0.0105
v 0.00711138174 -0.0609029 0.0125000011
v 0.006995407 -0.0606938638 0.0115
v 0.006958274 -0.06060736 0.0105
v 0.006958274 -0.06060736 0.0125000011
v 0.0068787 -0.06034408 0.0115
v 0.00686997036 -0.0603002459 0.0105
v 0.00684242463 -0.0600000024 0.0115
v 0.00686997036 -0.0603002459 0.0125000011
v 0.00684242463 -0.0600000024 0.0105
v 0.00684242463 -0.0600000024 0.0125000011
v 0.00686997036 -0.05969976 0.0105
v 0.00686997036 -0.05969976 0.0125000011
v 0.0068787 -0.0596559234 0.0115
v 0.006958274 -0.059392646 0.0105
v 0.006958274 -0.059392646 0.0125000011
v 0.006958274 -0.059392646 0.0115
v 0.007085587 -0.0591378473 0.0115
v 0.00711138174 -0.0590971075 0.0105
v 0.00711138174 -0.0590971075 0.0125000011
v 0.00725876028 -0.0589042976 0.0115
v 0.00732569862 -0.05883328 0.0105
v 0.00732569862 -0.05883328 0.0125000011
v 0.00747143663 -0.0587038249 0.0115
v 0.00758952834 -0.0586189553 0.0105
v 0.00758952834 -0.0586189553 0.0125000011
v 0.007713474 -0.05854544 0.0115
v 0.007885069 -0.0584658533 0.0105
v 0.007885069 -0.0584658533 0.0125000011
v 0.007972504 -0.05843406 0.0115
v 0.008192185 -0.05837755 0.0105
v 0.008192185 -0.05837755 0.0125000011
v 0.008235881 -0.05837007 0.0115
v 0.008492424 -0.0583500043 0.0105
v 0.008492424 -0.0583500043 0.0125000011
v 0.008492424 -0.05165 0.0105
v 0.008792664 -0.0516224578 0.0105
v 0.008492424 -0.0521500036 0.0100000007
v 0.009091122 -0.0518032126 0.01025
v 0.009099781 -0.0515341535 0.0105
v 0.008883645 -0.0521141067 0.0100000007
v 0.009283828 -0.0519990474 0.0100000007
v 0.009395321 -0.0513810478 0.0105
v 0.009668925 -0.0517995432 0.0100000007
v 0.009668107 -0.05149257 0.01025
v 0.009659151 -0.05116673 0.0105
v 0.01011242 -0.0509927869 0.01025
v 0.0100127049 -0.0515202843 0.0100000007
v 0.0098734675 -0.0509028956 0.0105
v 0.0102919638 -0.0511765033 0.0100000007
v 0.010026576 -0.05060736 0.0105
v 0.01049147 -0.0507914051 0.0100000007
v 0.010350653 -0.05039622 0.01025
v 0.0101148793 -0.0503002442 0.0105
v 0.0103924247 -0.0500000045 0.01025
v 0.0106065311 -0.0503912233 0.0100000007
v 0.0101424241 -0.0500000045 0.0105
v 0.0106424242 -0.0500000045 0.0100000007
v 0.0101148793 -0.0496997647 0.0105
v 0.0106065311 -0.0496087819 0.0100000007
v 0.010350653 -0.0496037863 0.01025
v 0.010026576 -0.049392648 0.0105
v 0.01049147 -0.0492085963 0.0100000007
v 0.0102162631 -0.04920101 0.01025
v 0.0098734675 -0.0490971059 0.0105
v 0.0102919638 -0.0488235019 0.0100000007
v 0.009984996 -0.0488243178 0.01025
v 0.009659151 -0.0488332734 0.0105
v 0.0100127049 -0.04847972 0.0100000007
v 0.009668107 -0.04850743 0.01025
v 0.009395321 -0.0486189574 0.0105
v 0.009668925 -0.04820046 0.0100000007
v 0.009291412 -0.0482761636 0.01025
v 0.009099781 -0.048465848 0.0105
v 0.009283828 -0.0480009578 0.0100000007
v 0.008888641 -0.0481417738 0.01025
v 0.008792664 -0.04837755 0.0105
v 0.008883645 -0.0478858948 0.0100000007
v 0.008492424 -0.0483500026 0.0105
v 0.008492424 -0.0478499979 0.0100000007
v 0.008492424 -0.0483500026 0.0125000011
v 0.008492424 -0.0483500026 0.0105
v 0.008792664 -0.04837755 0.0105
v 0.008836508 -0.0483862758 0.0115
v 0.008792664 -0.04837755 0.0125000011
v 0.009099781 -0.048465848 0.0105
v 0.009099781 -0.048465848 0.0125000011
v 0.009186283 -0.0485029854 0.0115
v 0.009395321 -0.0486189574 0.0105
v 0.009395321 -0.0486189574 0.0125000011
v 0.009513412 -0.04870382 0.0115
v 0.009659151 -0.0488332734 0.0105
v 0.009659151 -0.0488332734 0.0125000011
v 0.009788605 -0.0489790142 0.0115
v 0.0098734675 -0.0490971059 0.0105
v 0.0098734675 -0.0490971059 0.0125000011
v 0.009989441 -0.04930614 0.0115
v 0.010026576 -0.049392648 0.0105
v 0.010026576 -0.049392648 0.0125000011
v 0.0101061491 -0.04965592 0.0115
v 0.0101148793 -0.0496997647 0.0105
v 0.0101424241 -0.0500000045 0.0115
v 0.0101148793 -0.0496997647 0.0125000011
v 0.0101424241 -0.0500000045 0.0105
v 0.0101424241 -0.0500000045 0.0125000011
v 0.0101148793 -0.0503002442 0.0105
v 0.0101148793 -0.0503002442 0.0125000011
v 0.0101061491 -0.0503440872 0.0115
v 0.010026576 -0.05060736 0.0105
v 0.010026576 -0.05060736 0.0125000011
v 0.010026576 -0.05060736 0.0115
v 0.009899261 -0.0508621559 0.0115
v 0.0098734675 -0.0509028956 0.0105
v 0.0098734675 -0.0509028956 0.0125000011
v 0.00972608849 -0.05109571 0.0115
v 0.009659151 -0.05116673 0.0105
v 0.009659151 -0.05116673 0.0125000011
v 0.009513412 -0.0512961857 0.0115
v 0.009395321 -0.0513810478 0.0105
v 0.009395321 -0.0513810478 0.0125000011
v 0.009271376 -0.0514545627 0.0115
v 0.009099781 -0.0515341535 0.0105
v 0.009099781 -0.0515341535 0.0125000011
v 0.009012345 -0.0515659451 0.0115
v 0.008792664 -0.0516224578 0.0105
v 0.008792664 -0.0516224578 0.0125000011
v 0.008748967 -0.0516299345 0.0115
v 0.008492424 -0.05165 0.0105
v 0.008492424 -0.05165 0.0125000011
v 0.008192185 -0.0516224578 0.0105
v 0.008148341 -0.05161373 0.0115
v 0.008192185 -0.0516224578 0.0125000011
v 0.007885069 -0.0515341535 0.0105
v 0.007885069 -0.0515341535 0.0125000011
v 0.00779856555 -0.0514970161 0.0115
v 0.00758952834 -0.0513810478 0.0105
v 0.00758952834 -0.0513810478 0.0125000011
v 0.00747143663 -0.0512961857 0.0115
v 0.00732569862 -0.05116673 0.0105
v 0.00732569862 -0.05116673 0.0125000011
v 0.007196244 -0.0510209948 0.0115
v 0.00711138174 -0.0509028956 0.0105
v 0.00711138174 -0.0509028956 0.0125000011
v 0.006995407 -0.0506938621 0.0115
v 0.006958274 -0.05060736 0.0105
v 0.006958274 -0.05060736 0.0125000011
v 0.0068787 -0.0503440872 0.0115
v 0.00686997036 -0.0503002442 0.0105
v 0.00684242463 -0.0500000045 0.0115
v 0.00686997036 -0.0503002442 0.0125000011
v 0.00684242463 -0.0500000045 0.0105
v 0.00684242463 -0.0500000045 0.0125000011
v 0.00686997036 -0.0496997647 0.0105
v 0.00686997036 -0.0496997647 0.0125000011
v 0.0068787 -0.04965592 0.0115
v 0.006958274 -0.049392648 0.0105
v 0.006958274 -0.049392648 0.0125000011
v 0.006958274 -0.049392648 0.0115
v 0.007085587 -0.0491378456 0.0115
v 0.00711138174 -0.0490971059 0.0105
v 0.00711138174 -0.0490971059 0.0125000011
v 0.00725876028 -0.0489043 0.0115
v 0.00732569862 -0.0488332734 0.0105
v 0.00732569862 -0.0488332734 0.0125000011
v 0.00747143663 -0.04870382 0.0115
v 0.00758952834 -0.0486189574 0.0105
v 0.00758952834 -0.0486189574 0.0125000011
v 0.007713474 -0.0485454462 0.0115
v 0.007885069 -0.048465848 0.0105
v 0.007885069 -0.048465848 0.0125000011
v 0.007972504 -0.04843406 0.0115
v 0.008192185 -0.04837755 0.0105
v 0.008192185 -0.04837755 0.0125000011
v 0.008235881 -0.048370067 0.0115
v 0.008492424 -0.0483500026 0.0105
v 0.008492424 -0.0483500026 0.0125000011
v -0.101519763 -0.06165 0.0125000011
v -0.101820007 -0.0616224557 0.0125000011
v -0.101519763 -0.0621500053 0.013
v -0.10211847 -0.0618032068 0.0127500007
v -0.102127127 -0.0615341552 0.0125000011
v -0.101910986 -0.06211411 0.013
v -0.102311179 -0.0619990453 0.013
v -0.10242267 -0.06138105 0.0125000011
v -0.10269627 -0.0617995448 0.013
v -0.10269545 -0.0614925772 0.0127500007
v -0.1026865 -0.06116673 0.0125000011
v -0.103139766 -0.0609927848 0.0127500007
v -0.103040047 -0.0615202822 0.013
v -0.102900818 -0.0609029 0.0125000011
v -0.1033193 -0.0611765 0.013
v -0.103053913 -0.06060736 0.0125000011
v -0.103518814 -0.0607914068 0.013
v -0.103378 -0.0603962243 0.0127500007
v -0.103142224 -0.0603002459 0.0125000011
v -0.103419766 -0.0600000024 0.0127500007
v -0.103633881 -0.0603912249 0.013
v -0.103169769 -0.0600000024 0.0125000011
v -0.10366977 -0.0600000024 0.013
v -0.103142224 -0.05969976 0.0125000011
v -0.103633881 -0.05960878 0.013
v -0.103378 -0.0596037842 0.0127500007
v -0.103053913 -0.059392646 0.0125000011
v -0.103518814 -0.0592086 0.013
v -0.103243604 -0.0592010133 0.0127500007
v -0.102900818 -0.0590971075 0.0125000011
v -0.1033193 -0.0588235036 0.013
v -0.103012338 -0.0588243157 0.0127500007
v -0.1026865 -0.05883328 0.0125000011
v -0.103040047 -0.0584797226 0.013
v -0.10269545 -0.05850743 0.0127500007
v -0.10242267 -0.0586189553 0.0125000011
v -0.10269627 -0.0582004637 0.013
v -0.102318756 -0.0582761653 0.0127500007
v -0.102127127 -0.0584658533 0.0125000011
v -0.102311179 -0.05800096 0.013
v -0.101915978 -0.0581417754 0.0127500007
v -0.101820007 -0.05837755 0.0125000011
v -0.101910986 -0.0578859 0.013
v -0.101519763 -0.0583500043 0.0125000011
v -0.101519763 -0.05785 0.013
v 0.008492424 -0.06165 0.0125000011
v 0.008192185 -0.0616224557 0.0125000011
v 0.008492424 -0.0621500053 0.013
v 0.007893728 -0.0618032068 0.0127500007
v 0.007885069 -0.0615341552 0.0125000011
v 0.00810120348 -0.06211411 0.013
v 0.00770102069 -0.0619990453 0.013
v 0.00758952834 -0.06138105 0.0125000011
v 0.00731592346 -0.0617995448 0.013
v 0.007316742 -0.0614925772 0.0127500007
v 0.00732569862 -0.06116673 0.0125000011
v 0.00687242951 -0.0609927848 0.0127500007
v 0.00697214436 -0.0615202822 0.013
v 0.00711138174 -0.0609029 0.0125000011
v 0.00669288449 -0.0611765 0.013
v 0.006958274 -0.06060736 0.0125000011
v 0.00649338029 -0.0607914068 0.013
v 0.00663419673 -0.0603962243 0.0127500007
v 0.00686997036 -0.0603002459 0.0125000011
v 0.00659242459 -0.0600000024 0.0127500007
v 0.006378318 -0.0603912249 0.013
v 0.00684242463 -0.0600000024 0.0125000011
v 0.006342424 -0.0600000024 0.013
v 0.00686997036 -0.05969976 0.0125000011
v 0.006378318 -0.05960878 0.013
v 0.00663419673 -0.0596037842 0.0127500007
v 0.006958274 -0.059392646 0.0125000011
v 0.00649338029 -0.0592086 0.013
v 0.00676858658 -0.0592010133 0.0127500007
v 0.00711138174 -0.0590971075 0.0125000011
v 0.00669288449 -0.0588235036 0.013
v 0.006999853 -0.0588243157 0.0127500007
v 0.00732569862 -0.05883328 0.0125000011
v 0.00697214436 -0.0584797226 0.013
v 0.007316742 -0.05850743 0.0127500007
v 0.00758952834 -0.0586189553 0.0125000011
v 0.00731592346 -0.0582004637 0.013
v 0.007693436 -0.0582761653 0.0127500007
v 0.007885069 -0.0584658533 0.0125000011
v 0.00770102069 -0.05800096 0.013
v 0.008096208 -0.0581417754 0.0127500007
v 0.008192185 -0.05837755 0.0125000011
v 0.00810120348 -0.0578859 0.013
v 0.008492424 -0.0583500043 0.0125000011
v 0.008492424 -0.05785 0.013
v 0.008492424 -0.05165 0.0125000011
v 0.008192185 -0.0516224578 0.0125000011
v 0.008492424 -0.0521500036 0.013
v 0.007893728 -0.0518032126 0.0127500007
v 0.007885069 -0.0515341535 0.0125000011
v 0.00810120348 -0.0521141067 0.013
v 0.00770102069 -0.0519990474 0.013
v 0.00758952834 -0.0513810478 0.0125000011
v 0.00731592346 -0.0517995432 0.013
v 0.007316742 -0.05149257 0.0127500007
v 0.00732569862 -0.05116673 0.0125000011
v 0.00687242951 -0.0509927869 0.0127500007
v 0.00697214436 -0.0515202843 0.013
v 0.00711138174 -0.0509028956 0.0125000011
v 0.00669288449 -0.0511765033 0.013
v 0.006958274 -0.05060736 0.0125000011
v 0.00649338029 -0.0507914051 0.013
v 0.00663419673 -0.05039622 0.0127500007
v 0.00686997036 -0.0503002442 0.0125000011
v 0.00659242459 -0.0500000045 0.0127500007
v 0.006378318 -0.0503912233 0.013
v 0.00684242463 -0.0500000045 0.0125000011
v 0.006342424 -0.0500000045 0.013
v 0.00686997036 -0.0496997647 0.0125000011
v 0.006378318 -0.0496087819 0.013
v 0.00663419673 -0.0496037863 0.0127500007
v 0.006958274 -0.049392648 0.0125000011
v 0.00649338029 -0.0492085963 0.013
v 0.00676858658 -0.04920101 0.0127500007
v 0.00711138174 -0.0490971059 0.0125000011
v 0.00669288449 -0.0488235019 0.013
v 0.006999853 -0.0488243178 0.0127500007
v 0.00732569862 -0.0488332734 0.0125000011
v 0.00697214436 -0.04847972 0.013
v 0.007316742 -0.04850743 0.0127500007
v 0.00758952834 -0.0486189574 0.0125000011
v 0.00731592346 -0.04820046 0.013
v 0.007693436 -0.0482761636 0.0127500007
v 0.007885069 -0.048465848 0.0125000011
v 0.00770102069 -0.0480009578 0.013
v 0.008096208 -0.0481417738 0.0127500007
v 0.008192185 -0.04837755 0.0125000011
v 0.00810120348 -0.0478858948 0.013
v 0.008492424 -0.0483500026 0.0125000011
v 0.008492424 -0.0478499979 0.013
v 0.013492425 -0.09696153 0.0115
v 0.013492425 -0.148923054 0.0125000011
v 0.013492425 -0.148923054 0.0105
v 0.013492425 -0.045 0.0105
v 0.013492425 -0.045 0.0125000011
v -0.00755624752 -0.133424476 0.0125000011
v -0.00446074177 -0.1309699 0.0127500007
v -0.00463751843 -0.13079311 0.0125000011
v -0.002006155 -0.127874374 0.0125000011
v -0.007839225 -0.133970872 0.0127500007
v -0.0107136071 -0.135728881 0.0125000011
v -0.00145975337 -0.1275914 0.0127500007
v 0.0002982535 -0.124717019 0.0125000011
v -0.0115212947 -0.1365361 0.0127500007
v -0.0140543832 -0.137677848 0.0125000011
v 0.00110547419 -0.123909339 0.0127500007
v 0.00224721641 -0.121376254 0.0125000011
v -0.0154226823 -0.138626635 0.0127500007
v -0.0175199769 -0.139255 0.0125000011
v 0.003196007 -0.120007947 0.0127500007
v 0.00382437953 -0.117910653 0.0125000011
v -0.0194548648 -0.140224487 0.0127500007
v -0.0210515633 -0.140456215 0.0125000011
v 0.00479386561 -0.115975767 0.0127500007
v 0.00502558472 -0.114379071 0.0125000011
v -0.0235311054 -0.141332135 0.0127500007
v -0.02459298 -0.141288653 0.0125000011
v 0.005901493 -0.111899525 0.0127500007
v 0.00585802831 -0.110837653 0.0125000011
v -0.0275716558 -0.141970009 0.0127500007
v -0.0315075777 -0.141923055 0.0125000011
v -0.0315075777 -0.142423049 0.013
v -0.024502 -0.141780317 0.013
v -0.0209139846 -0.140936911 0.013
v -0.01733593 -0.1397199 0.013
v -0.0138247348 -0.138121992 0.013
v -0.01044 -0.13614738 0.013
v -0.00724109868 -0.133812651 0.013
v -0.004283965 -0.131146669 0.013
v -0.00161797833 -0.128189534 0.013
v 0.0007167512 -0.124990635 0.013
v 0.00269135833 -0.1216059 0.013
v 0.004289274 -0.1180947 0.013
v 0.00550628453 -0.114516646 0.013
v 0.006349681 -0.110928632 0.013
v 0.006539383 -0.107858986 0.0127500007
v 0.006992425 -0.103923045 0.013
v 0.00649242429 -0.103923045 0.0125000011
v 0.006742424 -0.103923045 0.0127500007
v 0.006539383 -0.09998713 0.0127500007
v 0.006349681 -0.0969174653 0.013
v 0.00585802831 -0.09700846 0.0125000011
v 0.005901493 -0.09594658 0.0127500007
v 0.00550628453 -0.09332947 0.013
v 0.0040568267 -0.08984343 0.0127500007
v 0.00502558472 -0.09346704 0.0125000011
v 0.004289274 -0.08975141 0.013
v 0.00382437953 -0.0899354443 0.0125000011
v 0.00269135833 -0.08624021 0.013
v 0.00110547419 -0.0839367658 0.0127500007
v 0.00224721641 -0.08646986 0.0125000011
v 0.0007167512 -0.08285548 0.013
v 0.0002982535 -0.08312909 0.0125000011
v -0.00161797833 -0.07965658 0.013
v -0.002006155 -0.0799717158 0.0125000011
v -0.0029089998 -0.07852258 0.0127500007
v -0.004283965 -0.07669944 0.013
v -0.007839225 -0.07387523 0.0127500007
v -0.00463751843 -0.0770529956 0.0125000011
v -0.00724109868 -0.0740334541 0.013
v -0.00755624752 -0.07442163 0.0125000011
v -0.01044 -0.0716987252 0.013
v -0.0134500787 -0.07020378 0.0127500007
v -0.0107136071 -0.0721172243 0.0125000011
v -0.0138247348 -0.06972412 0.013
v -0.0140543832 -0.07016826 0.0125000011
v -0.01733593 -0.0681262 0.013
v -0.0175199769 -0.0685910955 0.0125000011
v -0.0194548648 -0.06762161 0.0127500007
v -0.0209139846 -0.066909194 0.013
v -0.0210515633 -0.06738989 0.0125000011
v -0.0255604368 -0.0661382154 0.0127500007
v -0.024502 -0.0660657957 0.013
v -0.02459298 -0.0665574446 0.0125000011
v -0.0315075777 -0.06542306 0.013
v -0.0315075777 -0.06592305 0.0125000011
v -0.0354435 -0.06587609 0.0127500007
v -0.0385131538 -0.0660657957 0.013
v -0.0384221748 -0.0665574446 0.0125000011
v -0.03948405 -0.0665139854 0.0127500007
v -0.0421011746 -0.066909194 0.013
v -0.04196359 -0.06738989 0.0125000011
v -0.04356029 -0.06762161 0.0127500007
v -0.0456792265 -0.0681262 0.013
v -0.04549518 -0.0685910955 0.0125000011
v -0.04759247 -0.06921947 0.0127500007
v -0.0491904169 -0.06972412 0.013
v -0.0489607751 -0.07016826 0.0125000011
v -0.0514938645 -0.0713100061 0.0127500007
v -0.0525751524 -0.0716987252 0.013
v -0.05230155 -0.0721172243 0.0125000011
v -0.05517593 -0.07387523 0.0127500007
v -0.05577406 -0.0740334541 0.013
v -0.0585544147 -0.0768762156 0.0127500007
v -0.0554589033 -0.07442163 0.0125000011
v -0.05873119 -0.07669944 0.013
v -0.05837764 -0.0770529956 0.0125000011
v -0.06139718 -0.07965658 0.013
v -0.061009 -0.0799717158 0.0125000011
v -0.0615554 -0.0802547038 0.0127500007
v -0.06373191 -0.08285548 0.013
v -0.0633134 -0.08312909 0.0125000011
v -0.06412063 -0.0839367658 0.0127500007
v -0.0657065138 -0.08624021 0.013
v -0.06526238 -0.08646986 0.0125000011
v -0.06621116 -0.08783816 0.0127500007
v -0.06730443 -0.08975141 0.013
v -0.06683954 -0.0899354443 0.0125000011
v -0.06780902 -0.0918703452 0.0127500007
v -0.06852144 -0.09332947 0.013
v -0.06804074 -0.09346704 0.0125000011
v -0.06891665 -0.09594658 0.0127500007
v -0.06936484 -0.0969174653 0.013
v -0.06887318 -0.09700846 0.0125000011
v -0.06955454 -0.09998713 0.0127500007
v -0.07000758 -0.103923045 0.013
v -0.06950758 -0.103923045 0.0125000011
v -0.06975758 -0.103923045 0.0127500007
v -0.06955454 -0.107858986 0.0127500007
v -0.06936484 -0.110928632 0.013
v -0.06887318 -0.110837653 0.0125000011
v -0.06891665 -0.111899525 0.0127500007
v -0.06852144 -0.114516646 0.013
v -0.06707198 -0.118002675 0.0127500007
v -0.06804074 -0.114379071 0.0125000011
v -0.06730443 -0.1180947 0.013
v -0.06683954 -0.117910653 0.0125000011
v -0.0657065138 -0.1216059 0.013
v -0.06412063 -0.123909339 0.0127500007
v -0.06526238 -0.121376254 0.0125000011
v -0.06373191 -0.124990635 0.013
v -0.0633134 -0.124717019 0.0125000011
v -0.06139718 -0.128189534 0.013
v -0.061009 -0.127874374 0.0125000011
v -0.06010616 -0.129323527 0.0127500007
v -0.05873119 -0.131146669 0.013
v -0.05517593 -0.133970872 0.0127500007
v -0.05837764 -0.13079311 0.0125000011
v -0.05577406 -0.133812651 0.013
v -0.0554589033 -0.133424476 0.0125000011
v -0.0525751524 -0.13614738 0.013
v -0.0495650768 -0.137642324 0.0127500007
v -0.05230155 -0.135728881 0.0125000011
v -0.0491904169 -0.138121992 0.013
v -0.0489607751 -0.137677848 0.0125000011
v -0.0456792265 -0.1397199 0.013
v -0.04549518 -0.139255 0.0125000011
v -0.04356029 -0.140224487 0.0127500007
v -0.0421011746 -0.140936911 0.013
v -0.04196359 -0.140456215 0.0125000011
v -0.0374547169 -0.1417079 0.0127500007
v -0.0385131538 -0.141780317 0.013
v -0.0384221748 -0.141288653 0.0125000011
v -0.0315075777 -0.142423049 0.013
v -0.0315075777 -0.141923055 0.0125000011
v -0.100000009 -0.0550000034 0.013
v -0.101519763 -0.05785 0.013
v -0.101128548 -0.0578859 0.013
v -0.100728363 -0.05800096 0.013
v -0.101910986 -0.0578859 0.013
v -0.100343272 -0.0582004637 0.013
v -0.09999949 -0.0584797226 0.013
v -0.0997202247 -0.0588235036 0.013
v -0.102311179 -0.05800096 0.013
v -0.09952073 -0.0592086 0.013
v -0.1094286 -0.0550000034 0.013
v -0.10269627 -0.0582004637 0.013
v -0.103040047 -0.0584797226 0.013
v -0.1033193 -0.0588235036 0.013
v -0.103518814 -0.0592086 0.013
v -0.103633881 -0.05960878 0.013
v -0.10366977 -0.0600000024 0.013
v -0.103633881 -0.0603912249 0.013
v -0.103518814 -0.0607914068 0.013
v -0.1033193 -0.0611765 0.013
v -0.103040047 -0.0615202822 0.013
v -0.07909197 -0.05766087 0.013
v -0.07911952 -0.0579611063 0.013
v -0.09940566 -0.05960878 0.013
v -0.07909197 -0.05826135 0.013
v -0.07900368 -0.05735375 0.013
v -0.07885057 -0.0570582151 0.013
v -0.0786362439 -0.0567943826 0.013
v -0.100000009 -0.0455000028 0.013
v -0.07837242 -0.0565800667 0.013
v -0.07807688 -0.0564269647 0.013
v -0.09936977 -0.0600000024 0.013
v -0.07900368 -0.0585684627 0.013
v -0.0777697638 -0.056338653 0.013
v -0.07885057 -0.0588640049 0.013
v -0.07746952 -0.0563111119 0.013
v -0.0771692842 -0.056338653 0.013
v -0.08487718 -0.08900337 0.013
v -0.0851843059 -0.089091666 0.013
v -0.08457694 -0.08897582 0.013
v -0.08547983 -0.0892447755 0.013
v -0.08427671 -0.08900337 0.013
v -0.08396959 -0.089091666 0.013
v -0.08367404 -0.0892447755 0.013
v -0.0786362439 -0.05912784 0.013
v -0.0857436657 -0.08945911 0.013
v -0.07837242 -0.0593421534 0.013
v -0.08595799 -0.08972293 0.013
v -0.07807688 -0.0594952628 0.013
v -0.08611109 -0.0900184661 0.013
v -0.0861994 -0.09032558 0.013
v -0.0777697638 -0.0595835671 0.013
v -0.08622695 -0.09062582 0.013
v -0.09940566 -0.0603912249 0.013
v -0.09952073 -0.0607914068 0.013
v -0.0997202247 -0.0611765 0.013
v -0.09999949 -0.0615202822 0.013
v -0.100343272 -0.0617995448 0.013
v -0.100728363 -0.0619990453 0.013
v -0.101128548 -0.06211411 0.013
v -0.101519763 -0.0621500053 0.013
v -0.101910986 -0.06211411 0.013
v -0.102311179 -0.0619990453 0.013
v -0.10269627 -0.0617995448 0.013
v -0.0861994 -0.09092606 0.013
v -0.08611109 -0.09123318 0.013
v -0.08595799 -0.09152871 0.013
v -0.0806095749 -0.10220211 0.013
v -0.07044612 -0.125464648 0.013
v -0.08041008 -0.1025872 0.013
v -0.08013081 -0.102930978 0.013
v -0.08072464 -0.10180191 0.013
v -0.0857436657 -0.09179255 0.013
v -0.07978704 -0.103210241 0.013
v -0.08076053 -0.1014107 0.013
v -0.08547983 -0.09200686 0.013
v -0.07940194 -0.103409745 0.013
v -0.08165426 -0.09696153 0.013
v -0.08072464 -0.101019472 0.013
v -0.0851843059 -0.09215997 0.013
v -0.0806095749 -0.100619286 0.013
v -0.08487718 -0.0922482759 0.013
v -0.08041008 -0.100234196 0.013
v -0.08457694 -0.09227582 0.013
v -0.08013081 -0.09989042 0.013
v -0.08427671 -0.0922482759 0.013
v -0.07978704 -0.09961115 0.013
v -0.08396959 -0.09215997 0.013
v -0.08367404 -0.09200686 0.013
v -0.08341022 -0.09179255 0.013
v -0.0831959 -0.09152871 0.013
v -0.08304279 -0.09123318 0.013
v -0.08295448 -0.09092606 0.013
v -0.07940194 -0.09941165 0.013
v -0.0829269439 -0.09062582 0.013
v -0.0793852359 -0.09696153 0.013
v -0.07900175 -0.0992966 0.013
v -0.08295448 -0.09032558 0.013
v -0.07861054 -0.0992606953 0.013
v -0.07821932 -0.0992966 0.013
v -0.0778191239 -0.09941165 0.013
v -0.0774340257 -0.09961115 0.013
v -0.08304279 -0.0900184661 0.013
v -0.06936484 -0.0969174653 0.013
v -0.0770902559 -0.09989042 0.013
v -0.07681099 -0.100234196 0.013
v -0.07661148 -0.100619286 0.013
v -0.07649642 -0.101019472 0.013
v -0.07000758 -0.103923045 0.013
v -0.06852144 -0.09332947 0.013
v -0.06730443 -0.08975141 0.013
v -0.0831959 -0.08972293 0.013
v -0.07646053 -0.1014107 0.013
v -0.0657065138 -0.08624021 0.013
v -0.08341022 -0.08945911 0.013
v -0.07649642 -0.10180191 0.013
v -0.07661148 -0.10220211 0.013
v -0.07681099 -0.1025872 0.013
v -0.0770902559 -0.102930978 0.013
v -0.0774340257 -0.103210241 0.013
v -0.06936484 -0.110928632 0.013
v -0.0778191239 -0.103409745 0.013
v -0.07821932 -0.103524804 0.013
v -0.07861054 -0.1035607 0.013
v -0.07900175 -0.103524804 0.013
v -0.06852144 -0.114516646 0.013
v -0.06730443 -0.1180947 0.013
v -0.0657065138 -0.1216059 0.013
v -0.06373191 -0.124990635 0.013
v -0.06735054 -0.130296 0.013
v -0.06139718 -0.128189534 0.013
v -0.06355131 -0.13480103 0.013
v -0.05873119 -0.131146669 0.013
v -0.05577406 -0.133812651 0.013
v -0.0591051131 -0.138831884 0.013
v -0.0525751524 -0.13614738 0.013
v -0.0541090071 -0.142256141 0.013
v -0.0491904169 -0.138121992 0.013
v -0.04869418 -0.144970238 0.013
v -0.0456792265 -0.1397199 0.013
v -0.0421011746 -0.140936911 0.013
v -0.04301478 -0.1469095 0.013
v -0.0385131538 -0.141780317 0.013
v -0.03723364 -0.148053125 0.013
v -0.0315075777 -0.142423049 0.013
v -0.0315075777 -0.148423061 0.013
v -0.024502 -0.141780317 0.013
v -0.0209139846 -0.140936911 0.013
v 0.00697214436 -0.145443335 0.013
v -0.01733593 -0.1397199 0.013
v 0.00731592346 -0.1457226 0.013
v 0.00669288449 -0.145099565 0.013
v 0.00770102069 -0.1459221 0.013
v 0.0129924249 -0.148423061 0.013
v 0.00810120348 -0.146037161 0.013
v -0.0138247348 -0.138121992 0.013
v 0.008492424 -0.146073058 0.013
v 0.008883645 -0.146037161 0.013
v 0.009283828 -0.1459221 0.013
v 0.009668925 -0.1457226 0.013
v 0.0100127049 -0.145443335 0.013
v 0.0102919638 -0.145099565 0.013
v 0.01049147 -0.14471446 0.013
v 0.0106065311 -0.144314274 0.013
v 0.0106424242 -0.143923044 0.013
v 0.0106065311 -0.143531829 0.013
v 0.01049147 -0.143131644 0.013
v 0.00649338029 -0.14471446 0.013
v 0.006349681 -0.110928632 0.013
v 0.0102919638 -0.142746553 0.013
v 0.00550628453 -0.114516646 0.013
v 0.0100127049 -0.142402783 0.013
v 0.004289274 -0.1180947 0.013
v 0.009668925 -0.14212352 0.013
v 0.006992425 -0.103923045 0.013
v 0.00269135833 -0.1216059 0.013
v 0.0106065311 -0.0603912249 0.013
v 0.0129924249 -0.0455000028 0.013
v 0.01049147 -0.0607914068 0.013
v 0.006349681 -0.0969174653 0.013
v 0.0106424242 -0.0600000024 0.013
v 0.0102919638 -0.0611765 0.013
v 0.00550628453 -0.09332947 0.013
v 0.004289274 -0.08975141 0.013
v 0.0100127049 -0.0615202822 0.013
v 0.00269135833 -0.08624021 0.013
v 0.009668925 -0.0617995448 0.013
v 0.009283828 -0.0619990453 0.013
v 0.0007167512 -0.08285548 0.013
v 0.008883645 -0.06211411 0.013
v -0.00161797833 -0.07965658 0.013
v 0.008492424 -0.0621500053 0.013
v 0.00810120348 -0.06211411 0.013
v -0.004283965 -0.07669944 0.013
v 0.00770102069 -0.0619990453 0.013
v 0.00731592346 -0.0617995448 0.013
v -0.00724109868 -0.0740334541 0.013
v 0.00697214436 -0.0615202822 0.013
v 0.00669288449 -0.0611765 0.013
v -0.01044 -0.0716987252 0.013
v 0.00649338029 -0.0607914068 0.013
v 0.006378318 -0.0603912249 0.013
v -0.0138247348 -0.06972412 0.013
v 0.006342424 -0.0600000024 0.013
v 0.006378318 -0.05960878 0.013
v -0.01733593 -0.0681262 0.013
v 0.00649338029 -0.0592086 0.013
v 0.00649338029 -0.0507914051 0.013
v 0.00669288449 -0.0588235036 0.013
v 0.006378318 -0.0503912233 0.013
v 0.00669288449 -0.0511765033 0.013
v 0.00697214436 -0.0584797226 0.013
v 0.00697214436 -0.0515202843 0.013
v 0.00731592346 -0.0582004637 0.013
v 0.00731592346 -0.0517995432 0.013
v 0.00770102069 -0.05800096 0.013
v 0.00770102069 -0.0519990474 0.013
v 0.00810120348 -0.0578859 0.013
v 0.00810120348 -0.0521141067 0.013
v 0.008492424 -0.05785 0.013
v 0.008492424 -0.0521500036 0.013
v 0.008883645 -0.0578859 0.013
v 0.008883645 -0.0521141067 0.013
v 0.009283828 -0.05800096 0.013
v 0.009283828 -0.0519990474 0.013
v 0.009668925 -0.0582004637 0.013
v 0.009668925 -0.0517995432 0.013
v 0.0100127049 -0.0584797226 0.013
v 0.0100127049 -0.0515202843 0.013
v 0.0102919638 -0.0588235036 0.013
v 0.0102919638 -0.0511765033 0.013
v 0.01049147 -0.0592086 0.013
v 0.01049147 -0.0507914051 0.013
v 0.0106065311 -0.05960878 0.013
v 0.0106065311 -0.0503912233 0.013
v 0.0106424242 -0.0500000045 0.013
v 0.0106065311 -0.0496087819 0.013
v 0.01049147 -0.0492085963 0.013
v 0.0102919638 -0.0488235019 0.013
v 0.0100127049 -0.04847972 0.013
v 0.009668925 -0.04820046 0.013
v 0.009283828 -0.0480009578 0.013
v 0.008883645 -0.0478858948 0.013
v 0.008492424 -0.0478499979 0.013
v 0.00810120348 -0.0478858948 0.013
v 0.00770102069 -0.0480009578 0.013
v 0.00731592346 -0.04820046 0.013
v -0.0768621638 -0.0564269647 0.013
v 0.00697214436 -0.04847972 0.013
v -0.07656662 -0.0565800667 0.013
v -0.0315075777 -0.06542306 0.013
v 0.00669288449 -0.0488235019 0.013
v 0.00649338029 -0.0492085963 0.013
v -0.0385131538 -0.0660657957 0.013
v -0.024502 -0.0660657957 0.013
v -0.0763028 -0.0567943826 0.013
v 0.006378318 -0.0496087819 0.013
v -0.0421011746 -0.066909194 0.013
v -0.07608848 -0.0570582151 0.013
v -0.0209139846 -0.066909194 0.013
v 0.006342424 -0.0500000045 0.013
v -0.0456792265 -0.0681262 0.013
v -0.0759353638 -0.05735375 0.013
v -0.07584707 -0.05766087 0.013
v -0.0491904169 -0.06972412 0.013
v -0.07581952 -0.0579611063 0.013
v -0.07584707 -0.05826135 0.013
v -0.0525751524 -0.0716987252 0.013
v -0.0759353638 -0.0585684627 0.013
v -0.07608848 -0.0588640049 0.013
v -0.05577406 -0.0740334541 0.013
v -0.0763028 -0.05912784 0.013
v -0.07656662 -0.0593421534 0.013
v -0.05873119 -0.07669944 0.013
v -0.0768621638 -0.0594952628 0.013
v -0.06139718 -0.07965658 0.013
v -0.0771692842 -0.0595835671 0.013
v -0.07746952 -0.05961111 0.013
v -0.06373191 -0.08285548 0.013
v 0.009283828 -0.141924009 0.013
v 0.004521699 -0.137668386 0.013
v 0.004674807 -0.137963921 0.013
v 0.00430738274 -0.137404561 0.013
v 0.008883645 -0.141808957 0.013
v 0.00476311054 -0.138271049 0.013
v 0.0007167512 -0.124990635 0.013
v 0.004043552 -0.137190238 0.013
v 0.00374801247 -0.137037143 0.013
v 0.008492424 -0.14177306 0.013
v 0.00479065627 -0.138571292 0.013
v 0.00476311054 -0.138871521 0.013
v 0.00810120348 -0.141808957 0.013
v 0.004674807 -0.139178649 0.013
v 0.00770102069 -0.141924009 0.013
v 0.004521699 -0.139474183 0.013
v 0.00731592346 -0.14212352 0.013
v 0.00430738274 -0.139738008 0.013
v 0.00697214436 -0.142402783 0.013
v 0.004043552 -0.139952332 0.013
v -0.00161797833 -0.128189534 0.013
v 0.00669288449 -0.142746553 0.013
v 0.00374801247 -0.140105441 0.013
v 0.00344089558 -0.140193745 0.013
v 0.00649338029 -0.143131644 0.013
v 0.00314065674 -0.140221283 0.013
v 0.006378318 -0.143531829 0.013
v 0.00344089558 -0.136948839 0.013
v 0.00314065674 -0.136921287 0.013
v 0.00284041744 -0.136948839 0.013
v 0.00284041744 -0.140193745 0.013
v 0.006342424 -0.143923044 0.013
v 0.006378318 -0.144314274 0.013
v 0.0025333 -0.140105441 0.013
v 0.00223776046 -0.139952332 0.013
v -0.004283965 -0.131146669 0.013
v 0.00197393028 -0.139738008 0.013
v 0.00175961386 -0.139474183 0.013
v 0.0025333 -0.137037143 0.013
v -0.01044 -0.13614738 0.013
v 0.00223776046 -0.137190238 0.013
v 0.00197393028 -0.137404561 0.013
v 0.00175961386 -0.137668386 0.013
v 0.00160650571 -0.139178649 0.013
v 0.00151820248 -0.138871521 0.013
v 0.00149065629 -0.138571292 0.013
v -0.00724109868 -0.133812651 0.013
v 0.00160650571 -0.137963921 0.013
v 0.00151820248 -0.138271049 0.013
v -0.009007577 -0.148673058 0.0127500007
v -0.0315075777 -0.148423061 0.013
v -0.0315075777 -0.148923054 0.0125000011
v 0.013492425 -0.148923054 0.0125000011
v 0.0129924249 -0.148423061 0.013
v -0.0315075777 -0.148423061 0.013
v -0.0372658074 -0.148301035 0.0127500007
v -0.0315075777 -0.148923054 0.0125000011
v -0.03723364 -0.148053125 0.013
v -0.0372979753 -0.148548961 0.0125000011
v -0.04301478 -0.1469095 0.013
v -0.04307943 -0.147151 0.0127500007
v -0.0431440771 -0.147392482 0.0125000011
v -0.04869418 -0.144970238 0.013
v -0.04879073 -0.145200834 0.0127500007
v -0.0488872863 -0.145431444 0.0125000011
v -0.0541090071 -0.142256141 0.013
v -0.05423598 -0.142471492 0.0127500007
v -0.0543629564 -0.142686844 0.0125000011
v -0.0591051131 -0.138831884 0.013
v -0.05926016 -0.139028 0.0127500007
v -0.0594152 -0.139224112 0.0125000011
v -0.06355131 -0.13480103 0.013
v -0.06373133 -0.134974509 0.0127500007
v -0.06391135 -0.135147989 0.0125000011
v -0.06735054 -0.130296 0.013
v -0.0675519 -0.130444169 0.0127500007
v -0.06775326 -0.130592331 0.0125000011
v -0.07044612 -0.125464648 0.013
v -0.07088363 -0.125706688 0.0125000011
v -0.09022306 -0.09033036 0.0127025377
v -0.1094286 -0.0550000034 0.013
v -0.110000007 -0.0550000034 0.0125000011
v -0.07088363 -0.125706688 0.0125000011
v -0.07044612 -0.125464648 0.013
v 0.0132424245 -0.09696153 0.0127500007
v 0.013492425 -0.148923054 0.0125000011
v 0.013492425 -0.045 0.0125000011
v 0.0129924249 -0.0455000028 0.013
v 0.0129924249 -0.148423061 0.013
v -0.0554589033 -0.133424476 0.0125000011
v -0.05837764 -0.13079311 0.0115
v -0.05837764 -0.13079311 0.0125000011
v -0.061009 -0.127874374 0.0125000011
v -0.0550212339 -0.133774489 0.0115
v -0.05230155 -0.135728881 0.0125000011
v -0.0613590144 -0.127436712 0.0115
v -0.0633134 -0.124717019 0.0125000011
v -0.05136323 -0.136322945 0.0115
v -0.0489607751 -0.137677848 0.0125000011
v -0.0639074743 -0.123778716 0.0115
v -0.06526238 -0.121376254 0.0125000011
v -0.04748734 -0.13839981 0.0115
v -0.04549518 -0.139255 0.0125000011
v -0.065984346 -0.119902819 0.0115
v -0.06683954 -0.117910653 0.0125000011
v -0.0434815139 -0.13998723 0.0115
v -0.04196359 -0.140456215 0.0125000011
v -0.06757176 -0.115896992 0.0115
v -0.06804074 -0.114379071 0.0125000011
v -0.0394319147 -0.141087621 0.0115
v -0.0384221748 -0.141288653 0.0125000011
v -0.06867214 -0.111847386 0.0115
v -0.06887318 -0.110837653 0.0125000011
v -0.0354177728 -0.141721338 0.0115
v -0.0315075777 -0.141923055 0.0125000011
v -0.0315075777 -0.141923055 0.0105
v -0.0384221748 -0.141288653 0.0105
v -0.04196359 -0.140456215 0.0105
v -0.04549518 -0.139255 0.0105
v -0.0489607751 -0.137677848 0.0105
v -0.05230155 -0.135728881 0.0105
v -0.0554589033 -0.133424476 0.0105
v -0.05837764 -0.13079311 0.0105
v -0.061009 -0.127874374 0.0105
v -0.0633134 -0.124717019 0.0105
v -0.06526238 -0.121376254 0.0105
v -0.06683954 -0.117910653 0.0105
v -0.06804074 -0.114379071 0.0105
v -0.06887318 -0.110837653 0.0105
v -0.06930587 -0.107833251 0.0115
v -0.06950758 -0.103923045 0.0105
v -0.06950758 -0.103923045 0.0125000011
v -0.06950758 -0.103923045 0.0115
v -0.06930587 -0.100012861 0.0115
v -0.06887318 -0.09700846 0.0105
v -0.06887318 -0.09700846 0.0125000011
v -0.06867214 -0.09599871 0.0115
v -0.06804074 -0.09346704 0.0105
v -0.06683954 -0.0899354443 0.0115
v -0.06804074 -0.09346704 0.0125000011
v -0.06683954 -0.0899354443 0.0105
v -0.06683954 -0.0899354443 0.0125000011
v -0.06526238 -0.08646986 0.0105
v -0.0639074743 -0.0840674 0.0115
v -0.06526238 -0.08646986 0.0125000011
v -0.0633134 -0.08312909 0.0105
v -0.0633134 -0.08312909 0.0125000011
v -0.061009 -0.0799717158 0.0105
v -0.061009 -0.0799717158 0.0125000011
v -0.0599192381 -0.0786886 0.0115
v -0.05837764 -0.0770529956 0.0105
v -0.0550212339 -0.0740716159 0.0115
v -0.05837764 -0.0770529956 0.0125000011
v -0.0554589033 -0.07442163 0.0105
v -0.0554589033 -0.07442163 0.0125000011
v -0.05230155 -0.0721172243 0.0105
v -0.0494470522 -0.07042417 0.0115
v -0.05230155 -0.0721172243 0.0125000011
v -0.0489607751 -0.07016826 0.0105
v -0.0489607751 -0.07016826 0.0125000011
v -0.04549518 -0.0685910955 0.0105
v -0.04549518 -0.0685910955 0.0125000011
v -0.0434815139 -0.0678588748 0.0115
v -0.04196359 -0.06738989 0.0105
v -0.04196359 -0.06738989 0.0125000011
v -0.0374158472 -0.06638517 0.0115
v -0.0384221748 -0.0665574446 0.0105
v -0.0384221748 -0.0665574446 0.0125000011
v -0.0315075777 -0.06592305 0.0105
v -0.0315075777 -0.06592305 0.0125000011
v -0.02759738 -0.06612477 0.0115
v -0.02459298 -0.0665574446 0.0105
v -0.02459298 -0.0665574446 0.0125000011
v -0.0235832389 -0.06675848 0.0115
v -0.0210515633 -0.06738989 0.0105
v -0.0210515633 -0.06738989 0.0125000011
v -0.0195336416 -0.0678588748 0.0115
v -0.0175199769 -0.0685910955 0.0105
v -0.0175199769 -0.0685910955 0.0125000011
v -0.0155278128 -0.06944629 0.0115
v -0.0140543832 -0.07016826 0.0105
v -0.0140543832 -0.07016826 0.0125000011
v -0.0116519248 -0.07152316 0.0115
v -0.0107136071 -0.0721172243 0.0105
v -0.0107136071 -0.0721172243 0.0125000011
v -0.00799392 -0.0740716159 0.0115
v -0.00755624752 -0.07442163 0.0105
v -0.00463751843 -0.0770529956 0.0115
v -0.00755624752 -0.07442163 0.0125000011
v -0.00463751843 -0.0770529956 0.0105
v -0.00463751843 -0.0770529956 0.0125000011
v -0.002006155 -0.0799717158 0.0105
v -0.002006155 -0.0799717158 0.0125000011
v -0.00165614428 -0.08040939 0.0115
v 0.0002982535 -0.08312909 0.0105
v 0.0002982535 -0.08312909 0.0125000011
v 0.0008923169 -0.0840674 0.0115
v 0.00224721641 -0.08646986 0.0105
v 0.00224721641 -0.08646986 0.0125000011
v 0.00296918652 -0.08794329 0.0115
v 0.00382437953 -0.0899354443 0.0105
v 0.00382437953 -0.0899354443 0.0125000011
v 0.0045566014 -0.09194911 0.0115
v 0.00502558472 -0.09346704 0.0105
v 0.00502558472 -0.09346704 0.0125000011
v 0.00565698929 -0.09599871 0.0115
v 0.00585802831 -0.09700846 0.0105
v 0.00585802831 -0.09700846 0.0125000011
v 0.0062907096 -0.100012861 0.0115
v 0.00649242429 -0.103923045 0.0105
v 0.00649242429 -0.103923045 0.0125000011
v 0.00649242429 -0.103923045 0.0115
v 0.0062907096 -0.107833251 0.0115
v 0.00585802831 -0.110837653 0.0105
v 0.00585802831 -0.110837653 0.0125000011
v 0.00565698929 -0.111847386 0.0115
v 0.00502558472 -0.114379071 0.0105
v 0.00382437953 -0.117910653 0.0115
v 0.00502558472 -0.114379071 0.0125000011
v 0.00382437953 -0.117910653 0.0105
v 0.00382437953 -0.117910653 0.0125000011
v 0.00224721641 -0.121376254 0.0105
v 0.0008923169 -0.123778716 0.0115
v 0.00224721641 -0.121376254 0.0125000011
v 0.0002982535 -0.124717019 0.0105
v 0.0002982535 -0.124717019 0.0125000011
v -0.002006155 -0.127874374 0.0105
v -0.002006155 -0.127874374 0.0125000011
v -0.0030959188 -0.129157513 0.0115
v -0.00463751843 -0.13079311 0.0105
v -0.00799392 -0.133774489 0.0115
v -0.00463751843 -0.13079311 0.0125000011
v -0.00755624752 -0.133424476 0.0105
v -0.00755624752 -0.133424476 0.0125000011
v -0.0107136071 -0.135728881 0.0105
v -0.0135681033 -0.137421936 0.0115
v -0.0107136071 -0.135728881 0.0125000011
v -0.0140543832 -0.137677848 0.0105
v -0.0140543832 -0.137677848 0.0125000011
v -0.0175199769 -0.139255 0.0105
v -0.0175199769 -0.139255 0.0125000011
v -0.0195336416 -0.13998723 0.0115
v -0.0210515633 -0.140456215 0.0105
v -0.0210515633 -0.140456215 0.0125000011
v -0.02559931 -0.141460925 0.0115
v -0.02459298 -0.141288653 0.0105
v -0.02459298 -0.141288653 0.0125000011
v -0.0315075777 -0.141923055 0.0105
v -0.0315075777 -0.141923055 0.0125000011
v -0.0354435 -0.141970009 0.01025
v -0.0315075777 -0.141923055 0.0105
v -0.0315075777 -0.142423049 0.0100000007
v -0.0385131538 -0.141780317 0.0100000007
v -0.0384221748 -0.141288653 0.0105
v -0.03948405 -0.141332135 0.01025
v -0.0421011746 -0.140936911 0.0100000007
v -0.04196359 -0.140456215 0.0105
v -0.04356029 -0.140224487 0.01025
v -0.0456792265 -0.1397199 0.0100000007
v -0.04549518 -0.139255 0.0105
v -0.04759247 -0.138626635 0.01025
v -0.0491904169 -0.138121992 0.0100000007
v -0.0489607751 -0.137677848 0.0105
v -0.0514938645 -0.1365361 0.01025
v -0.0525751524 -0.13614738 0.0100000007
v -0.05230155 -0.135728881 0.0105
v -0.05517593 -0.133970872 0.01025
v -0.05577406 -0.133812651 0.0100000007
v -0.0585544147 -0.1309699 0.01025
v -0.0554589033 -0.133424476 0.0105
v -0.05873119 -0.131146669 0.0100000007
v -0.05837764 -0.13079311 0.0105
v -0.06139718 -0.128189534 0.0100000007
v -0.061009 -0.127874374 0.0105
v -0.0615554 -0.1275914 0.01025
v -0.06373191 -0.124990635 0.0100000007
v -0.0633134 -0.124717019 0.0105
v -0.06412063 -0.123909339 0.01025
v -0.0657065138 -0.1216059 0.0100000007
v -0.06526238 -0.121376254 0.0105
v -0.06621116 -0.120007947 0.01025
v -0.06730443 -0.1180947 0.0100000007
v -0.06683954 -0.117910653 0.0105
v -0.06780902 -0.115975767 0.01025
v -0.06852144 -0.114516646 0.0100000007
v -0.06804074 -0.114379071 0.0105
v -0.06891665 -0.111899525 0.01025
v -0.06936484 -0.110928632 0.0100000007
v -0.06887318 -0.110837653 0.0105
v -0.06955454 -0.107858986 0.01025
v -0.07000758 -0.103923045 0.0100000007
v -0.06950758 -0.103923045 0.0105
v -0.06975758 -0.103923045 0.01025
v -0.06955454 -0.09998713 0.01025
v -0.06936484 -0.0969174653 0.0100000007
v -0.06887318 -0.09700846 0.0105
v -0.06891665 -0.09594658 0.01025
v -0.06852144 -0.09332947 0.0100000007
v -0.06707198 -0.08984343 0.01025
v -0.06804074 -0.09346704 0.0105
v -0.06730443 -0.08975141 0.0100000007
v -0.06683954 -0.0899354443 0.0105
v -0.0657065138 -0.08624021 0.0100000007
v -0.06412063 -0.0839367658 0.01025
v -0.06526238 -0.08646986 0.0105
v -0.06373191 -0.08285548 0.0100000007
v -0.0633134 -0.08312909 0.0105
v -0.06139718 -0.07965658 0.0100000007
v -0.061009 -0.0799717158 0.0105
v -0.06010616 -0.07852258 0.01025
v -0.05873119 -0.07669944 0.0100000007
v -0.05517593 -0.07387523 0.01025
v -0.05837764 -0.0770529956 0.0105
v -0.05577406 -0.0740334541 0.0100000007
v -0.0554589033 -0.07442163 0.0105
v -0.0525751524 -0.0716987252 0.0100000007
v -0.0495650768 -0.07020378 0.01025
v -0.05230155 -0.0721172243 0.0105
v -0.0491904169 -0.06972412 0.0100000007
v -0.0489607751 -0.07016826 0.0105
v -0.0456792265 -0.0681262 0.0100000007
v -0.04549518 -0.0685910955 0.0105
v -0.04356029 -0.06762161 0.01025
v -0.0421011746 -0.066909194 0.0100000007
v -0.04196359 -0.06738989 0.0105
v -0.0374547169 -0.0661382154 0.01025
v -0.0385131538 -0.0660657957 0.0100000007
v -0.0384221748 -0.0665574446 0.0105
v -0.0315075777 -0.06542306 0.0100000007
v -0.0315075777 -0.06592305 0.0105
v -0.0275716558 -0.06587609 0.01025
v -0.024502 -0.0660657957 0.0100000007
v -0.02459298 -0.0665574446 0.0105
v -0.0235311054 -0.0665139854 0.01025
v -0.0209139846 -0.066909194 0.0100000007
v -0.0210515633 -0.06738989 0.0105
v -0.0194548648 -0.06762161 0.01025
v -0.01733593 -0.0681262 0.0100000007
v -0.0175199769 -0.0685910955 0.0105
v -0.0154226823 -0.06921947 0.01025
v -0.0138247348 -0.06972412 0.0100000007
v -0.0140543832 -0.07016826 0.0105
v -0.0115212947 -0.0713100061 0.01025
v -0.01044 -0.0716987252 0.0100000007
v -0.0107136071 -0.0721172243 0.0105
v -0.007839225 -0.07387523 0.01025
v -0.00724109868 -0.0740334541 0.0100000007
v -0.00446074177 -0.0768762156 0.01025
v -0.00755624752 -0.07442163 0.0105
v -0.004283965 -0.07669944 0.0100000007
v -0.00463751843 -0.0770529956 0.0105
v -0.00161797833 -0.07965658 0.0100000007
v -0.002006155 -0.0799717158 0.0105
v -0.00145975337 -0.0802547038 0.01025
v 0.0007167512 -0.08285548 0.0100000007
v 0.0002982535 -0.08312909 0.0105
v 0.00110547419 -0.0839367658 0.01025
v 0.00269135833 -0.08624021 0.0100000007
v 0.00224721641 -0.08646986 0.0105
v 0.003196007 -0.08783816 0.01025
v 0.004289274 -0.08975141 0.0100000007
v 0.00382437953 -0.0899354443 0.0105
v 0.00479386561 -0.0918703452 0.01025
v 0.00550628453 -0.09332947 0.0100000007
v 0.00502558472 -0.09346704 0.0105
v 0.005901493 -0.09594658 0.01025
v 0.006349681 -0.0969174653 0.0100000007
v 0.00585802831 -0.09700846 0.0105
v 0.006539383 -0.09998713 0.01025
v 0.006992425 -0.103923045 0.0100000007
v 0.00649242429 -0.103923045 0.0105
v 0.006742424 -0.103923045 0.01025
v 0.006539383 -0.107858986 0.01025
v 0.006349681 -0.110928632 0.0100000007
v 0.00585802831 -0.110837653 0.0105
v 0.005901493 -0.111899525 0.01025
v 0.00550628453 -0.114516646 0.0100000007
v 0.0040568267 -0.118002675 0.01025
v 0.00502558472 -0.114379071 0.0105
v 0.004289274 -0.1180947 0.0100000007
v 0.00382437953 -0.117910653 0.0105
v 0.00269135833 -0.1216059 0.0100000007
v 0.00110547419 -0.123909339 0.01025
v 0.00224721641 -0.121376254 0.0105
v 0.0007167512 -0.124990635 0.0100000007
v 0.0002982535 -0.124717019 0.0105
v -0.00161797833 -0.128189534 0.0100000007
v -0.002006155 -0.127874374 0.0105
v -0.0029089998 -0.129323527 0.01025
v -0.004283965 -0.131146669 0.0100000007
v -0.007839225 -0.133970872 0.01025
v -0.00463751843 -0.13079311 0.0105
v -0.00724109868 -0.133812651 0.0100000007
v -0.00755624752 -0.133424476 0.0105
v -0.01044 -0.13614738 0.0100000007
v -0.0134500787 -0.137642324 0.01025
v -0.0107136071 -0.135728881 0.0105
v -0.0138247348 -0.138121992 0.0100000007
v -0.0140543832 -0.137677848 0.0105
v -0.01733593 -0.1397199 0.0100000007
v -0.0175199769 -0.139255 0.0105
v -0.0194548648 -0.140224487 0.01025
v -0.0209139846 -0.140936911 0.0100000007
v -0.0210515633 -0.140456215 0.0105
v -0.0255604368 -0.1417079 0.01025
v -0.024502 -0.141780317 0.0100000007
v -0.02459298 -0.141288653 0.0105
v -0.0315075777 -0.142423049 0.0100000007
v -0.0315075777 -0.141923055 0.0105
v -0.0904418156 -0.09035334 0.0115
v -0.110000007 -0.0550000034 0.0125000011
v -0.110000007 -0.0550000034 0.0105
v -0.07088363 -0.125706688 0.0105
v -0.07088363 -0.125706688 0.0125000011
v -0.06775326 -0.130592331 0.0115
v -0.07088363 -0.125706688 0.0105
v -0.06775326 -0.130592331 0.0105
v -0.07088363 -0.125706688 0.0125000011
v -0.06391135 -0.135147989 0.0105
v -0.06775326 -0.130592331 0.0125000011
v -0.06391135 -0.135147989 0.0115
v -0.0594152 -0.139224112 0.0105
v -0.06391135 -0.135147989 0.0125000011
v -0.0594152 -0.139224112 0.0115
v -0.0543629564 -0.142686844 0.0105
v -0.0594152 -0.139224112 0.0125000011
v -0.0543629564 -0.142686844 0.0115
v -0.0488872863 -0.145431444 0.0105
v -0.0543629564 -0.142686844 0.0125000011
v -0.0488872863 -0.145431444 0.0115
v -0.0431440771 -0.147392482 0.0105
v -0.0488872863 -0.145431444 0.0125000011
v -0.0431440771 -0.147392482 0.0115
v -0.0372979753 -0.148548961 0.0105
v -0.0431440771 -0.147392482 0.0125000011
v -0.0372979753 -0.148548961 0.0115
v -0.0315075777 -0.148923054 0.0105
v -0.0372979753 -0.148548961 0.0125000011
v -0.0315075777 -0.148923054 0.0125000011
v -0.009007577 -0.148923054 0.0115
v -0.0315075777 -0.148923054 0.0105
v 0.013492425 -0.148923054 0.0105
v 0.013492425 -0.148923054 0.0125000011
v -0.0315075777 -0.148923054 0.0125000011
v -0.009007577 -0.148673058 0.01025
v -0.0315075777 -0.148923054 0.0105
v -0.0315075777 -0.148423061 0.0100000007
v 0.0129924249 -0.148423061 0.0100000007
v 0.013492425 -0.148923054 0.0105
v -0.07044612 -0.125464648 0.0100000007
v -0.0675519 -0.130444169 0.01025
v -0.07088363 -0.125706688 0.0105
v -0.06735054 -0.130296 0.0100000007
v -0.06775326 -0.130592331 0.0105
v -0.06355131 -0.13480103 0.0100000007
v -0.06373133 -0.134974509 0.01025
v -0.06391135 -0.135147989 0.0105
v -0.0591051131 -0.138831884 0.0100000007
v -0.05926016 -0.139028 0.01025
v -0.0594152 -0.139224112 0.0105
v -0.0541090071 -0.142256141 0.0100000007
v -0.05423598 -0.142471492 0.01025
v -0.0543629564 -0.142686844 0.0105
v -0.04869418 -0.144970238 0.0100000007
v -0.04879073 -0.145200834 0.01025
v -0.0488872863 -0.145431444 0.0105
v -0.04301478 -0.1469095 0.0100000007
v -0.04307943 -0.147151 0.01025
v -0.0431440771 -0.147392482 0.0105
v -0.03723364 -0.148053125 0.0100000007
v -0.0372658074 -0.148301035 0.01025
v -0.0372979753 -0.148548961 0.0105
v -0.0315075777 -0.148423061 0.0100000007
v -0.0315075777 -0.148923054 0.0105
v 0.0132424245 -0.09696153 0.01025
v 0.0129924249 -0.148423061 0.0100000007
v 0.0129924249 -0.0455000028 0.0100000007
v 0.013492425 -0.045 0.0105
v 0.013492425 -0.148923054 0.0105
v -0.08457694 -0.0874504 0.0100000007
v -0.0786362439 -0.05912784 0.0100000007
v -0.07837242 -0.0593421534 0.0100000007
v -0.07807688 -0.0594952628 0.0100000007
v -0.0777697638 -0.0595835671 0.0100000007
v -0.07885057 -0.0588640049 0.0100000007
v -0.07746952 -0.05961111 0.0100000007
v -0.09999949 -0.0615202822 0.0100000007
v -0.0997202247 -0.0611765 0.0100000007
v -0.100343272 -0.0617995448 0.0100000007
v -0.07900368 -0.0585684627 0.0100000007
v -0.100728363 -0.0619990453 0.0100000007
v -0.09952073 -0.0607914068 0.0100000007
v -0.09940566 -0.0603912249 0.0100000007
v -0.09936977 -0.0600000024 0.0100000007
v -0.07909197 -0.05826135 0.0100000007
v -0.09940566 -0.05960878 0.0100000007
v -0.07911952 -0.0579611063 0.0100000007
v -0.09952073 -0.0592086 0.0100000007
v -0.07909197 -0.05766087 0.0100000007
v -0.101128548 -0.06211411 0.0100000007
v -0.100000009 -0.0550000034 0.0100000007
v -0.0997202247 -0.0588235036 0.0100000007
v -0.07900368 -0.05735375 0.0100000007
v -0.09999949 -0.0584797226 0.0100000007
v -0.07885057 -0.0570582151 0.0100000007
v -0.100343272 -0.0582004637 0.0100000007
v -0.100728363 -0.05800096 0.0100000007
v -0.101128548 -0.0578859 0.0100000007
v -0.101519763 -0.05785 0.0100000007
v -0.101910986 -0.0578859 0.0100000007
v -0.0786362439 -0.0567943826 0.0100000007
v -0.102311179 -0.05800096 0.0100000007
v -0.100000009 -0.0455000028 0.0100000007
v -0.07837242 -0.0565800667 0.0100000007
v -0.07807688 -0.0564269647 0.0100000007
v -0.1094286 -0.0550000034 0.0100000007
v -0.10269627 -0.0582004637 0.0100000007
v -0.103040047 -0.0584797226 0.0100000007
v -0.1033193 -0.0588235036 0.0100000007
v -0.103518814 -0.0592086 0.0100000007
v -0.0777697638 -0.056338653 0.0100000007
v -0.103633881 -0.05960878 0.0100000007
v -0.07746952 -0.0563111119 0.0100000007
v -0.10366977 -0.0600000024 0.0100000007
v -0.0771692842 -0.056338653 0.0100000007
v -0.103633881 -0.0603912249 0.0100000007
v -0.103518814 -0.0607914068 0.0100000007
v -0.1033193 -0.0611765 0.0100000007
v -0.103040047 -0.0615202822 0.0100000007
v -0.08993736 -0.090232335 0.0100000007
v -0.10269627 -0.0617995448 0.0100000007
v -0.102311179 -0.0619990453 0.0100000007
v -0.101910986 -0.06211411 0.0100000007
v -0.101519763 -0.0621500053 0.0100000007
v -0.0768621638 -0.0564269647 0.0100000007
v -0.0873269439 -0.0890381038 0.0100000007
v -0.0873269439 -0.0922135338 0.0100000007
v 0.00731592346 -0.04820046 0.0100000007
v 0.00770102069 -0.0480009578 0.0100000007
v 0.0129924249 -0.0455000028 0.0100000007
v 0.00810120348 -0.0478858948 0.0100000007
v 0.00697214436 -0.04847972 0.0100000007
v 0.008492424 -0.0478499979 0.0100000007
v 0.008883645 -0.0478858948 0.0100000007
v 0.009283828 -0.0480009578 0.0100000007
v 0.009668925 -0.04820046 0.0100000007
v 0.0100127049 -0.04847972 0.0100000007
v 0.0102919638 -0.0488235019 0.0100000007
v 0.01049147 -0.0492085963 0.0100000007
v 0.0106065311 -0.0496087819 0.0100000007
v 0.0106424242 -0.0500000045 0.0100000007
v -0.07656662 -0.0565800667 0.0100000007
v 0.0106065311 -0.0503912233 0.0100000007
v -0.0315075777 -0.06542306 0.0100000007
v 0.00669288449 -0.0488235019 0.0100000007
v 0.00649338029 -0.0492085963 0.0100000007
v -0.0385131538 -0.0660657957 0.0100000007
v -0.024502 -0.0660657957 0.0100000007
v -0.0763028 -0.0567943826 0.0100000007
v 0.006378318 -0.0496087819 0.0100000007
v -0.0421011746 -0.066909194 0.0100000007
v -0.07608848 -0.0570582151 0.0100000007
v -0.0209139846 -0.066909194 0.0100000007
v 0.006342424 -0.0500000045 0.0100000007
v 0.006378318 -0.0503912233 0.0100000007
v -0.0456792265 -0.0681262 0.0100000007
v -0.0759353638 -0.05735375 0.0100000007
v -0.07584707 -0.05766087 0.0100000007
v -0.01733593 -0.0681262 0.0100000007
v -0.0491904169 -0.06972412 0.0100000007
v -0.07581952 -0.0579611063 0.0100000007
v -0.07584707 -0.05826135 0.0100000007
v -0.0525751524 -0.0716987252 0.0100000007
v -0.0759353638 -0.0585684627 0.0100000007
v -0.07608848 -0.0588640049 0.0100000007
v -0.05577406 -0.0740334541 0.0100000007
v -0.0763028 -0.05912784 0.0100000007
v -0.07656662 -0.0593421534 0.0100000007
v -0.05873119 -0.07669944 0.0100000007
v -0.0768621638 -0.0594952628 0.0100000007
v -0.06139718 -0.07965658 0.0100000007
v -0.0771692842 -0.0595835671 0.0100000007
v -0.06373191 -0.08285548 0.0100000007
v -0.0818269551 -0.0890381038 0.0100000007
v -0.0657065138 -0.08624021 0.0100000007
v -0.06730443 -0.08975141 0.0100000007
v -0.06852144 -0.09332947 0.0100000007
v -0.0818269551 -0.0922135338 0.0100000007
v -0.0793852359 -0.09696153 0.0100000007
v -0.06936484 -0.0969174653 0.0100000007
v -0.08127641 -0.09696153 0.0100000007
v -0.08457694 -0.0938012451 0.0100000007
v -0.08076053 -0.1014107 0.0100000007
v -0.08072464 -0.10180191 0.0100000007
v -0.0806095749 -0.10220211 0.0100000007
v -0.08041008 -0.1025872 0.0100000007
v -0.07044612 -0.125464648 0.0100000007
v -0.08013081 -0.102930978 0.0100000007
v -0.08072464 -0.101019472 0.0100000007
v -0.07978704 -0.103210241 0.0100000007
v -0.0806095749 -0.100619286 0.0100000007
v -0.08041008 -0.100234196 0.0100000007
v -0.08013081 -0.09989042 0.0100000007
v -0.07978704 -0.09961115 0.0100000007
v -0.07940194 -0.09941165 0.0100000007
v -0.07900175 -0.0992966 0.0100000007
v -0.07861054 -0.0992606953 0.0100000007
v -0.07821932 -0.0992966 0.0100000007
v -0.0778191239 -0.09941165 0.0100000007
v -0.0774340257 -0.09961115 0.0100000007
v -0.0770902559 -0.09989042 0.0100000007
v -0.07681099 -0.100234196 0.0100000007
v -0.07661148 -0.100619286 0.0100000007
v -0.07649642 -0.101019472 0.0100000007
v -0.07000758 -0.103923045 0.0100000007
v -0.07646053 -0.1014107 0.0100000007
v -0.07649642 -0.10180191 0.0100000007
v -0.07661148 -0.10220211 0.0100000007
v -0.07681099 -0.1025872 0.0100000007
v -0.0770902559 -0.102930978 0.0100000007
v -0.0774340257 -0.103210241 0.0100000007
v -0.06936484 -0.110928632 0.0100000007
v -0.0778191239 -0.103409745 0.0100000007
v -0.07821932 -0.103524804 0.0100000007
v -0.07861054 -0.1035607 0.0100000007
v -0.07900175 -0.103524804 0.0100000007
v -0.06852144 -0.114516646 0.0100000007
v -0.07940194 -0.103409745 0.0100000007
v -0.06730443 -0.1180947 0.0100000007
v -0.0657065138 -0.1216059 0.0100000007
v -0.06373191 -0.124990635 0.0100000007
v -0.06735054 -0.130296 0.0100000007
v -0.06139718 -0.128189534 0.0100000007
v -0.06355131 -0.13480103 0.0100000007
v -0.05873119 -0.131146669 0.0100000007
v -0.05577406 -0.133812651 0.0100000007
v -0.0591051131 -0.138831884 0.0100000007
v -0.0525751524 -0.13614738 0.0100000007
v -0.0541090071 -0.142256141 0.0100000007
v -0.0491904169 -0.138121992 0.0100000007
v -0.04869418 -0.144970238 0.0100000007
v -0.0456792265 -0.1397199 0.0100000007
v -0.0421011746 -0.140936911 0.0100000007
v -0.04301478 -0.1469095 0.0100000007
v -0.0385131538 -0.141780317 0.0100000007
v -0.03723364 -0.148053125 0.0100000007
v -0.0315075777 -0.142423049 0.0100000007
v -0.0315075777 -0.148423061 0.0100000007
v -0.024502 -0.141780317 0.0100000007
v -0.0209139846 -0.140936911 0.0100000007
v 0.00697214436 -0.145443335 0.0100000007
v -0.01733593 -0.1397199 0.0100000007
v 0.00731592346 -0.1457226 0.0100000007
v 0.00669288449 -0.145099565 0.0100000007
v 0.00770102069 -0.1459221 0.0100000007
v 0.0129924249 -0.148423061 0.0100000007
v 0.00810120348 -0.146037161 0.0100000007
v -0.0138247348 -0.138121992 0.0100000007
v 0.008492424 -0.146073058 0.0100000007
v 0.008883645 -0.146037161 0.0100000007
v 0.009283828 -0.1459221 0.0100000007
v 0.009668925 -0.1457226 0.0100000007
v 0.0100127049 -0.145443335 0.0100000007
v 0.0102919638 -0.145099565 0.0100000007
v 0.01049147 -0.14471446 0.0100000007
v 0.0106065311 -0.144314274 0.0100000007
v 0.0106424242 -0.143923044 0.0100000007
v 0.0106065311 -0.143531829 0.0100000007
v 0.01049147 -0.143131644 0.0100000007
v 0.00649338029 -0.14471446 0.0100000007
v 0.006349681 -0.110928632 0.0100000007
v 0.0102919638 -0.142746553 0.0100000007
v 0.00550628453 -0.114516646 0.0100000007
v 0.0100127049 -0.142402783 0.0100000007
v 0.004289274 -0.1180947 0.0100000007
v 0.009668925 -0.14212352 0.0100000007
v 0.006992425 -0.103923045 0.0100000007
v 0.00269135833 -0.1216059 0.0100000007
v 0.0106065311 -0.0603912249 0.0100000007
v 0.01049147 -0.0607914068 0.0100000007
v 0.006349681 -0.0969174653 0.0100000007
v 0.0106424242 -0.0600000024 0.0100000007
v 0.0106065311 -0.05960878 0.0100000007
v 0.0102919638 -0.0611765 0.0100000007
v 0.00550628453 -0.09332947 0.0100000007
v 0.004289274 -0.08975141 0.0100000007
v 0.0100127049 -0.0615202822 0.0100000007
v 0.01049147 -0.0592086 0.0100000007
v 0.01049147 -0.0507914051 0.0100000007
v 0.0102919638 -0.0588235036 0.0100000007
v 0.0102919638 -0.0511765033 0.0100000007
v 0.0100127049 -0.0584797226 0.0100000007
v 0.0100127049 -0.0515202843 0.0100000007
v 0.009668925 -0.0582004637 0.0100000007
v 0.009668925 -0.0517995432 0.0100000007
v 0.009283828 -0.05800096 0.0100000007
v 0.009283828 -0.0519990474 0.0100000007
v 0.008883645 -0.0578859 0.0100000007
v 0.008883645 -0.0521141067 0.0100000007
v 0.008492424 -0.05785 0.0100000007
v 0.008492424 -0.0521500036 0.0100000007
v 0.00810120348 -0.0578859 0.0100000007
v 0.00810120348 -0.0521141067 0.0100000007
v 0.00770102069 -0.05800096 0.0100000007
v 0.00770102069 -0.0519990474 0.0100000007
v 0.00731592346 -0.0582004637 0.0100000007
v 0.00731592346 -0.0517995432 0.0100000007
v 0.00697214436 -0.0584797226 0.0100000007
v 0.00697214436 -0.0515202843 0.0100000007
v 0.00669288449 -0.0588235036 0.0100000007
v 0.00669288449 -0.0511765033 0.0100000007
v 0.00649338029 -0.0592086 0.0100000007
v 0.00649338029 -0.0507914051 0.0100000007
v 0.006378318 -0.05960878 0.0100000007
v -0.0138247348 -0.06972412 0.0100000007
v 0.006342424 -0.0600000024 0.0100000007
v 0.006378318 -0.0603912249 0.0100000007
v -0.01044 -0.0716987252 0.0100000007
v 0.00649338029 -0.0607914068 0.0100000007
v 0.00669288449 -0.0611765 0.0100000007
v -0.00724109868 -0.0740334541 0.0100000007
v 0.00697214436 -0.0615202822 0.0100000007
v 0.00731592346 -0.0617995448 0.0100000007
v -0.004283965 -0.07669944 0.0100000007
v 0.00770102069 -0.0619990453 0.0100000007
v 0.00810120348 -0.06211411 0.0100000007
v -0.00161797833 -0.07965658 0.0100000007
v 0.008492424 -0.0621500053 0.0100000007
v 0.008883645 -0.06211411 0.0100000007
v 0.0007167512 -0.08285548 0.0100000007
v 0.009283828 -0.0619990453 0.0100000007
v 0.00269135833 -0.08624021 0.0100000007
v 0.009668925 -0.0617995448 0.0100000007
v 0.004521699 -0.137668386 0.0100000007
v 0.009283828 -0.141924009 0.0100000007
v 0.004674807 -0.137963921 0.0100000007
v 0.00430738274 -0.137404561 0.0100000007
v 0.008883645 -0.141808957 0.0100000007
v 0.00476311054 -0.138271049 0.0100000007
v 0.0007167512 -0.124990635 0.0100000007
v 0.004043552 -0.137190238 0.0100000007
v 0.00374801247 -0.137037143 0.0100000007
v 0.008492424 -0.14177306 0.0100000007
v 0.00479065627 -0.138571292 0.0100000007
v 0.00476311054 -0.138871521 0.0100000007
v 0.00810120348 -0.141808957 0.0100000007
v 0.004674807 -0.139178649 0.0100000007
v 0.00770102069 -0.141924009 0.0100000007
v 0.004521699 -0.139474183 0.0100000007
v 0.00731592346 -0.14212352 0.0100000007
v 0.00430738274 -0.139738008 0.0100000007
v 0.00697214436 -0.142402783 0.0100000007
v 0.004043552 -0.139952332 0.0100000007
v -0.00161797833 -0.128189534 0.0100000007
v 0.00669288449 -0.142746553 0.0100000007
v 0.00374801247 -0.140105441 0.0100000007
v 0.00344089558 -0.140193745 0.0100000007
v 0.00649338029 -0.143131644 0.0100000007
v 0.00314065674 -0.140221283 0.0100000007
v 0.006378318 -0.143531829 0.0100000007
v 0.00344089558 -0.136948839 0.0100000007
v 0.00314065674 -0.136921287 0.0100000007
v 0.00284041744 -0.136948839 0.0100000007
v 0.00284041744 -0.140193745 0.0100000007
v 0.006342424 -0.143923044 0.0100000007
v 0.006378318 -0.144314274 0.0100000007
v 0.0025333 -0.140105441 0.0100000007
v 0.00223776046 -0.139952332 0.0100000007
v -0.004283965 -0.131146669 0.0100000007
v 0.00197393028 -0.139738008 0.0100000007
v 0.00175961386 -0.139474183 0.0100000007
v 0.0025333 -0.137037143 0.0100000007
v -0.01044 -0.13614738 0.0100000007
v 0.00223776046 -0.137190238 0.0100000007
v 0.00197393028 -0.137404561 0.0100000007
v 0.00175961386 -0.137668386 0.0100000007
v 0.00160650571 -0.139178649 0.0100000007
v 0.00151820248 -0.138871521 0.0100000007
v 0.00149065629 -0.138571292 0.0100000007
v -0.00724109868 -0.133812651 0.0100000007
v 0.00160650571 -0.137963921 0.0100000007
v 0.00151820248 -0.138271049 0.0100000007
v -0.04325379 -0.0452500023 0.01025
v -0.100000009 -0.0455000028 0.0100000007
v -0.100000009 -0.045 0.0105
v 0.013492425 -0.045 0.0105
v 0.0129924249 -0.0455000028 0.0100000007
v -0.04325379 -0.045 0.0115
v -0.100000009 -0.045 0.0105
v -0.100000009 -0.045 0.0125000011
v 0.013492425 -0.045 0.0125000011
v 0.013492425 -0.045 0.0105
v -0.04325379 -0.0452500023 0.0127500007
v -0.100000009 -0.045 0.0125000011
v -0.100000009 -0.0455000028 0.013
v 0.0129924249 -0.0455000028 0.013
v 0.013492425 -0.045 0.0125000011
v -0.105000004 -0.0550000034 0.0115
v -0.100000009 -0.0550000034 0.0100000007
v -0.1094286 -0.0550000034 0.0100000007
v -0.110000007 -0.0550000034 0.0105
v -0.100000009 -0.0550000034 0.013
v -0.110000007 -0.0550000034 0.0125000011
v -0.1094286 -0.0550000034 0.013
v -0.08487718 -0.08900337 0.0125000011
v -0.08457694 -0.0874504 0.0125000011
v -0.08457694 -0.08897582 0.0125000011
v -0.0851843059 -0.089091666 0.0125000011
v -0.08427671 -0.08900337 0.0125000011
v -0.08396959 -0.089091666 0.0125000011
v -0.08547983 -0.0892447755 0.0125000011
v -0.08367404 -0.0892447755 0.0125000011
v -0.0873269439 -0.0890381038 0.0125000011
v -0.0818269551 -0.0890381038 0.0125000011
v -0.0857436657 -0.08945911 0.0125000011
v -0.08341022 -0.08945911 0.0125000011
v -0.08595799 -0.08972293 0.0125000011
v -0.0831959 -0.08972293 0.0125000011
v -0.08611109 -0.0900184661 0.0125000011
v -0.0861994 -0.09032558 0.0125000011
v -0.08622695 -0.09062582 0.0125000011
v -0.08304279 -0.0900184661 0.0125000011
v -0.08295448 -0.09032558 0.0125000011
v -0.0829269439 -0.09062582 0.0125000011
v -0.0873269439 -0.0922135338 0.0125000011
v -0.0818269551 -0.0922135338 0.0125000011
v -0.0861994 -0.09092606 0.0125000011
v -0.08295448 -0.09092606 0.0125000011
v -0.08611109 -0.09123318 0.0125000011
v -0.08304279 -0.09123318 0.0125000011
v -0.08595799 -0.09152871 0.0125000011
v -0.0857436657 -0.09179255 0.0125000011
v -0.08547983 -0.09200686 0.0125000011
v -0.08457694 -0.0938012451 0.0125000011
v -0.0831959 -0.09152871 0.0125000011
v -0.08341022 -0.09179255 0.0125000011
v -0.08367404 -0.09200686 0.0125000011
v -0.0851843059 -0.09215997 0.0125000011
v -0.08396959 -0.09215997 0.0125000011
v -0.08487718 -0.0922482759 0.0125000011
v -0.08427671 -0.0922482759 0.0125000011
v -0.08457694 -0.09227582 0.0125000011
v -0.0832019448 -0.0930073857 0.01125
v -0.0818269551 -0.0922135338 0.0125000011
v -0.0818269551 -0.0922135338 0.0100000007
v -0.08457694 -0.0938012451 0.0100000007
v -0.08457694 -0.0938012451 0.0125000011
v -0.0873269439 -0.0922135338 0.0125000011
v -0.08595195 -0.0930073857 0.01125
v -0.0873269439 -0.0922135338 0.0100000007
v -0.08457694 -0.0938012451 0.0125000011
v -0.08457694 -0.0938012451 0.0100000007
v -0.0873269439 -0.0890381038 0.0125000011
v -0.0873269439 -0.09062582 0.01125
v -0.0873269439 -0.0890381038 0.0100000007
v -0.0873269439 -0.0922135338 0.0125000011
v -0.0873269439 -0.0922135338 0.0100000007
v -0.08457694 -0.0874504 0.0125000011
v -0.08595195 -0.0882442445 0.01125
v -0.08457694 -0.0874504 0.0100000007
v -0.0873269439 -0.0890381038 0.0125000011
v -0.0873269439 -0.0890381038 0.0100000007
v -0.0818269551 -0.0890381038 0.0125000011
v -0.0832019448 -0.0882442445 0.01125
v -0.0818269551 -0.0890381038 0.0100000007
v -0.08457694 -0.0874504 0.0125000011
v -0.08457694 -0.0874504 0.0100000007
v -0.100000009 -0.045 0.0105
v -0.100000009 -0.0500000045 0.0115
v -0.100000009 -0.045 0.0125000011
v -0.100000009 -0.0455000028 0.0100000007
v -0.100000009 -0.0455000028 0.013
v -0.100000009 -0.0550000034 0.0100000007
v -0.100000009 -0.0550000034 0.013
v -0.0818269551 -0.0922135338 0.0125000011
v -0.0818269551 -0.09062582 0.01125
v -0.0818269551 -0.0922135338 0.0100000007
v -0.0818269551 -0.0890381038 0.0125000011
v -0.0818269551 -0.0890381038 0.0100000007
f 1 2 3
f 2 4 3
f 3 4 5
f 2 6 4
f 4 7 5
f 6 8 4
f 4 8 7
f 6 9 8
f 8 10 7
f 9 11 8
f 8 11 10
f 9 12 11
f 11 13 10
f 12 14 11
f 11 14 13
f 12 15 14
f 14 16 13
f 15 17 14
f 14 17 16
f 15 18 17
f 17 19 16
f 18 20 17
f 17 20 19
f 18 21 20
f 21 22 20
f 20 23 19
f 20 22 23
f 21 24 22
f 22 25 23
f 24 26 22
f 22 27 25
f 26 28 22
f 22 28 27
f 26 29 28
f 29 30 28
f 28 31 27
f 28 30 31
f 29 32 30
f 30 33 31
f 32 34 30
f 30 35 33
f 34 36 30
f 30 36 35
f 34 37 36
f 37 38 36
f 36 39 35
f 36 38 39
f 37 40 38
f 38 41 39
f 40 42 38
f 38 43 41
f 42 44 38
f 44 43 38
f 44 45 43
f 46 47 48
f 47 49 48
f 48 49 50
f 47 51 49
f 49 52 50
f 51 53 49
f 49 53 52
f 51 54 53
f 53 55 52
f 54 56 53
f 53 56 55
f 54 57 56
f 56 58 55
f 57 59 56
f 56 59 58
f 57 60 59
f 59 61 58
f 60 62 59
f 59 62 61
f 60 63 62
f 62 64 61
f 63 65 62
f 62 65 64
f 63 66 65
f 66 67 65
f 65 68 64
f 65 67 68
f 66 69 67
f 67 70 68
f 69 71 67
f 67 72 70
f 71 73 67
f 67 73 72
f 71 74 73
f 74 75 73
f 73 76 72
f 73 75 76
f 74 77 75
f 75 78 76
f 77 79 75
f 75 80 78
f 79 81 75
f 75 81 80
f 79 82 81
f 82 83 81
f 81 84 80
f 81 83 84
f 82 85 83
f 83 86 84
f 85 87 83
f 83 88 86
f 87 89 83
f 89 88 83
f 89 90 88
f 91 92 93
f 91 93 94
f 95 91 94
f 94 93 96
f 97 95 94
f 94 96 98
f 99 97 94
f 100 94 98
f 99 94 100
f 100 98 101
f 102 100 101
f 103 99 100
f 103 100 102
f 102 101 104
f 105 103 102
f 102 104 106
f 107 105 102
f 108 102 106
f 107 102 108
f 108 106 109
f 110 108 109
f 111 107 108
f 111 108 110
f 110 109 112
f 113 111 110
f 110 112 114
f 115 113 110
f 116 110 114
f 115 110 116
f 116 114 117
f 118 115 116
f 119 116 117
f 118 116 119
f 119 117 120
f 121 118 119
f 122 119 120
f 121 119 122
f 122 120 123
f 124 121 122
f 125 122 123
f 124 122 125
f 125 123 126
f 127 124 125
f 128 125 126
f 127 125 128
f 128 126 129
f 130 127 128
f 131 128 129
f 130 128 131
f 131 129 132
f 133 130 131
f 134 131 132
f 133 131 134
f 135 133 134
f 134 136 135
f 136 137 135
f 136 138 137
f 135 137 139
f 137 140 139
f 138 141 137
f 137 142 140
f 141 143 137
f 137 143 142
f 141 144 143
f 144 145 143
f 143 146 142
f 143 145 146
f 144 147 145
f 145 148 146
f 147 149 145
f 145 150 148
f 149 151 145
f 145 151 150
f 149 152 151
f 152 153 151
f 151 154 150
f 151 153 154
f 152 155 153
f 153 156 154
f 155 157 153
f 153 158 156
f 157 159 153
f 153 159 158
f 157 160 159
f 159 161 158
f 160 162 159
f 159 162 161
f 160 163 162
f 162 164 161
f 163 165 162
f 162 165 164
f 163 166 165
f 165 167 164
f 166 168 165
f 165 168 167
f 166 169 168
f 168 170 167
f 169 171 168
f 168 171 170
f 169 172 171
f 171 173 170
f 172 174 171
f 171 174 173
f 172 175 174
f 174 176 173
f 175 177 174
f 177 176 174
f 177 178 176
f 179 180 181
f 179 181 182
f 183 179 182
f 182 181 184
f 185 183 182
f 182 184 186
f 187 185 182
f 188 182 186
f 187 182 188
f 188 186 189
f 190 188 189
f 191 187 188
f 191 188 190
f 190 189 192
f 193 191 190
f 190 192 194
f 195 193 190
f 196 190 194
f 195 190 196
f 196 194 197
f 198 196 197
f 199 195 196
f 199 196 198
f 198 197 200
f 201 199 198
f 198 200 202
f 203 201 198
f 204 198 202
f 203 198 204
f 204 202 205
f 206 203 204
f 207 204 205
f 206 204 207
f 207 205 208
f 209 206 207
f 210 207 208
f 209 207 210
f 210 208 211
f 212 209 210
f 213 210 211
f 212 210 213
f 213 211 214
f 215 212 213
f 216 213 214
f 215 213 216
f 216 214 217
f 218 215 216
f 219 216 217
f 218 216 219
f 219 217 220
f 221 218 219
f 222 219 220
f 221 219 222
f 223 221 222
f 222 224 223
f 224 225 223
f 224 226 225
f 223 225 227
f 225 228 227
f 226 229 225
f 225 230 228
f 229 231 225
f 225 231 230
f 229 232 231
f 232 233 231
f 231 234 230
f 231 233 234
f 232 235 233
f 233 236 234
f 235 237 233
f 233 238 236
f 237 239 233
f 233 239 238
f 237 240 239
f 240 241 239
f 239 242 238
f 239 241 242
f 240 243 241
f 241 244 242
f 243 245 241
f 241 246 244
f 245 247 241
f 241 247 246
f 245 248 247
f 247 249 246
f 248 250 247
f 247 250 249
f 248 251 250
f 250 252 249
f 251 253 250
f 250 253 252
f 251 254 253
f 253 255 252
f 254 256 253
f 253 256 255
f 254 257 256
f 256 258 255
f 257 259 256
f 256 259 258
f 257 260 259
f 259 261 258
f 260 262 259
f 259 262 261
f 260 263 262
f 262 264 261
f 263 265 262
f 265 264 262
f 265 266 264
f 267 268 269
f 268 270 269
f 269 270 271
f 268 272 270
f 270 273 271
f 272 274 270
f 270 274 273
f 272 275 274
f 274 276 273
f 275 277 274
f 274 277 276
f 275 278 277
f 277 279 276
f 278 280 277
f 277 280 279
f 278 281 280
f 280 282 279
f 281 283 280
f 280 283 282
f 281 284 283
f 283 285 282
f 284 286 283
f 283 286 285
f 284 287 286
f 287 288 286
f 286 289 285
f 286 288 289
f 287 290 288
f 288 291 289
f 290 292 288
f 288 293 291
f 292 294 288
f 288 294 293
f 292 295 294
f 295 296 294
f 294 297 293
f 294 296 297
f 295 298 296
f 296 299 297
f 298 300 296
f 296 301 299
f 300 302 296
f 296 302 301
f 300 303 302
f 303 304 302
f 302 305 301
f 302 304 305
f 303 306 304
f 304 307 305
f 306 308 304
f 304 309 307
f 308 310 304
f 310 309 304
f 310 311 309
f 312 313 314
f 313 315 314
f 314 315 316
f 313 317 315
f 315 318 316
f 317 319 315
f 315 319 318
f 317 320 319
f 319 321 318
f 320 322 319
f 319 322 321
f 320 323 322
f 322 324 321
f 323 325 322
f 322 325 324
f 323 326 325
f 325 327 324
f 326 328 325
f 325 328 327
f 326 329 328
f 328 330 327
f 329 331 328
f 328 331 330
f 329 332 331
f 332 333 331
f 331 334 330
f 331 333 334
f 332 335 333
f 333 336 334
f 335 337 333
f 333 338 336
f 337 339 333
f 333 339 338
f 337 340 339
f 340 341 339
f 339 342 338
f 339 341 342
f 340 343 341
f 341 344 342
f 343 345 341
f 341 346 344
f 345 347 341
f 341 347 346
f 345 348 347
f 348 349 347
f 347 350 346
f 347 349 350
f 348 351 349
f 349 352 350
f 351 353 349
f 349 354 352
f 353 355 349
f 355 354 349
f 355 356 354
f 357 358 359
f 358 360 359
f 359 360 361
f 358 362 360
f 360 363 361
f 362 364 360
f 360 364 363
f 362 365 364
f 364 366 363
f 365 367 364
f 364 367 366
f 365 368 367
f 367 369 366
f 368 370 367
f 367 370 369
f 368 371 370
f 370 372 369
f 371 373 370
f 370 373 372
f 371 374 373
f 373 375 372
f 374 376 373
f 373 376 375
f 374 377 376
f 377 378 376
f 376 379 375
f 376 378 379
f 377 380 378
f 378 381 379
f 380 382 378
f 378 383 381
f 382 384 378
f 378 384 383
f 382 385 384
f 385 386 384
f 384 387 383
f 384 386 387
f 385 388 386
f 386 389 387
f 388 390 386
f 386 391 389
f 390 392 386
f 386 392 391
f 390 393 392
f 393 394 392
f 392 395 391
f 392 394 395
f 393 396 394
f 394 397 395
f 396 398 394
f 394 399 397
f 398 400 394
f 400 399 394
f 400 401 399
f 402 403 404
f 403 405 404
f 404 405 406
f 403 407 405
f 405 408 406
f 407 409 405
f 405 409 408
f 407 410 409
f 409 411 408
f 410 412 409
f 409 412 411
f 410 413 412
f 412 414 411
f 413 415 412
f 412 415 414
f 413 416 415
f 415 417 414
f 416 418 415
f 415 418 417
f 416 419 418
f 418 420 417
f 419 421 418
f 418 421 420
f 419 422 421
f 422 423 421
f 421 424 420
f 421 423 424
f 422 425 423
f 423 426 424
f 425 427 423
f 423 428 426
f 427 429 423
f 423 429 428
f 427 430 429
f 430 431 429
f 429 432 428
f 429 431 432
f 430 433 431
f 431 434 432
f 433 435 431
f 431 436 434
f 435 437 431
f 431 437 436
f 435 438 437
f 438 439 437
f 437 440 436
f 437 439 440
f 438 441 439
f 439 442 440
f 441 443 439
f 439 444 442
f 443 445 439
f 445 444 439
f 445 446 444
f 447 448 449
f 447 449 450
f 451 447 450
f 450 449 452
f 453 451 450
f 450 452 454
f 455 453 450
f 456 450 454
f 455 450 456
f 456 454 457
f 458 456 457
f 459 455 456
f 459 456 458
f 458 457 460
f 461 459 458
f 458 460 462
f 463 461 458
f 464 458 462
f 463 458 464
f 464 462 465
f 466 464 465
f 467 463 464
f 467 464 466
f 466 465 468
f 469 467 466
f 466 468 470
f 471 469 466
f 472 466 470
f 471 466 472
f 472 470 473
f 474 471 472
f 475 472 473
f 474 472 475
f 475 473 476
f 477 474 475
f 478 475 476
f 477 475 478
f 478 476 479
f 480 477 478
f 481 478 479
f 480 478 481
f 481 479 482
f 483 480 481
f 484 481 482
f 483 481 484
f 484 482 485
f 486 483 484
f 487 484 485
f 486 484 487
f 487 485 488
f 489 486 487
f 490 487 488
f 489 487 490
f 491 489 490
f 490 492 491
f 492 493 491
f 492 494 493
f 491 493 495
f 493 496 495
f 494 497 493
f 493 498 496
f 497 499 493
f 493 499 498
f 497 500 499
f 500 501 499
f 499 502 498
f 499 501 502
f 500 503 501
f 501 504 502
f 503 505 501
f 501 506 504
f 505 507 501
f 501 507 506
f 505 508 507
f 508 509 507
f 507 510 506
f 507 509 510
f 508 511 509
f 509 512 510
f 511 513 509
f 509 514 512
f 513 515 509
f 509 515 514
f 513 516 515
f 515 517 514
f 516 518 515
f 515 518 517
f 516 519 518
f 518 520 517
f 519 521 518
f 518 521 520
f 519 522 521
f 521 523 520
f 522 524 521
f 521 524 523
f 522 525 524
f 524 526 523
f 525 527 524
f 524 527 526
f 525 528 527
f 527 529 526
f 528 530 527
f 527 530 529
f 528 531 530
f 530 532 529
f 531 533 530
f 533 532 530
f 533 534 532
f 535 536 537
f 536 538 537
f 537 538 539
f 536 540 538
f 538 541 539
f 540 542 538
f 538 542 541
f 540 543 542
f 542 544 541
f 543 545 542
f 542 545 544
f 543 546 545
f 545 547 544
f 546 548 545
f 545 548 547
f 546 549 548
f 548 550 547
f 549 551 548
f 548 551 550
f 549 552 551
f 551 553 550
f 552 554 551
f 551 554 553
f 552 555 554
f 555 556 554
f 554 557 553
f 554 556 557
f 555 558 556
f 556 559 557
f 558 560 556
f 556 561 559
f 560 562 556
f 556 562 561
f 560 563 562
f 563 564 562
f 562 565 561
f 562 564 565
f 563 566 564
f 564 567 565
f 566 568 564
f 564 569 567
f 568 570 564
f 564 570 569
f 568 571 570
f 571 572 570
f 570 573 569
f 570 572 573
f 571 574 572
f 572 575 573
f 574 576 572
f 572 577 575
f 576 578 572
f 578 577 572
f 578 579 577
f 580 581 582
f 580 582 583
f 584 580 583
f 583 582 585
f 586 584 583
f 587 583 585
f 586 583 587
f 587 585 588
f 589 586 587
f 590 587 588
f 589 587 590
f 590 588 591
f 592 589 590
f 593 590 591
f 592 590 593
f 593 591 594
f 595 592 593
f 596 593 594
f 595 593 596
f 596 594 597
f 598 595 596
f 599 596 597
f 598 596 599
f 599 597 600
f 601 599 600
f 602 598 599
f 602 599 601
f 601 600 603
f 604 602 601
f 605 601 603
f 606 604 601
f 607 601 605
f 606 601 607
f 608 607 605
f 609 606 607
f 610 607 608
f 610 609 607
f 611 610 608
f 610 611 609
f 611 608 612
f 611 613 609
f 614 611 612
f 611 614 613
f 614 612 615
f 614 616 613
f 617 614 615
f 614 617 616
f 617 615 618
f 617 619 616
f 620 617 618
f 617 620 619
f 620 618 621
f 620 622 619
f 623 620 621
f 620 623 622
f 623 621 624
f 623 625 622
f 626 623 624
f 623 626 625
f 626 624 627
f 625 626 628
f 626 627 628
f 627 629 628
f 629 630 628
f 628 630 631
f 629 632 630
f 630 633 631
f 632 634 630
f 630 634 633
f 632 635 634
f 634 636 633
f 635 637 634
f 634 637 636
f 635 638 637
f 637 639 636
f 638 640 637
f 637 640 639
f 638 641 640
f 640 642 639
f 641 643 640
f 640 643 642
f 641 644 643
f 643 645 642
f 644 646 643
f 643 646 645
f 644 647 646
f 647 648 646
f 646 649 645
f 646 648 649
f 647 650 648
f 648 651 649
f 650 652 648
f 648 653 651
f 652 654 648
f 648 654 653
f 652 655 654
f 654 656 653
f 655 657 654
f 654 657 656
f 655 658 657
f 658 656 657
f 659 658 655
f 658 660 656
f 661 658 659
f 658 661 660
f 662 661 659
f 661 663 660
f 664 661 662
f 661 664 663
f 665 664 662
f 664 666 663
f 667 664 665
f 664 667 666
f 668 667 665
f 667 669 666
f 670 667 668
f 667 670 669
f 671 670 668
f 670 672 669
f 673 670 671
f 670 673 672
f 674 673 671
f 673 675 672
f 673 674 675
f 676 677 678
f 676 678 679
f 680 676 679
f 679 678 681
f 682 680 679
f 683 679 681
f 682 679 683
f 683 681 684
f 685 682 683
f 686 683 684
f 685 683 686
f 686 684 687
f 688 685 686
f 689 686 687
f 688 686 689
f 689 687 690
f 691 688 689
f 692 689 690
f 691 689 692
f 692 690 693
f 694 691 692
f 695 692 693
f 694 692 695
f 695 693 696
f 697 695 696
f 698 694 695
f 698 695 697
f 697 696 699
f 700 698 697
f 701 697 699
f 702 700 697
f 703 697 701
f 702 697 703
f 704 703 701
f 705 702 703
f 706 703 704
f 706 705 703
f 707 706 704
f 706 707 705
f 707 704 708
f 707 709 705
f 710 707 708
f 707 710 709
f 710 708 711
f 710 712 709
f 713 710 711
f 710 713 712
f 713 711 714
f 713 715 712
f 716 713 714
f 713 716 715
f 716 714 717
f 716 718 715
f 719 716 717
f 716 719 718
f 719 717 720
f 719 721 718
f 722 719 720
f 719 722 721
f 722 720 723
f 721 722 724
f 722 723 724
f 723 725 724
f 725 726 724
f 724 726 727
f 725 728 726
f 726 729 727
f 728 730 726
f 726 730 729
f 728 731 730
f 730 732 729
f 731 733 730
f 730 733 732
f 731 734 733
f 733 735 732
f 734 736 733
f 733 736 735
f 734 737 736
f 736 738 735
f 737 739 736
f 736 739 738
f 737 740 739
f 739 741 738
f 740 742 739
f 739 742 741
f 740 743 742
f 743 744 742
f 742 745 741
f 742 744 745
f 743 746 744
f 744 747 745
f 746 748 744
f 744 749 747
f 748 750 744
f 744 750 749
f 748 751 750
f 750 752 749
f 751 753 750
f 750 753 752
f 751 754 753
f 754 752 753
f 755 754 751
f 754 756 752
f 757 754 755
f 754 757 756
f 758 757 755
f 757 759 756
f 760 757 758
f 757 760 759
f 761 760 758
f 760 762 759
f 763 760 761
f 760 763 762
f 764 763 761
f 763 765 762
f 766 763 764
f 763 766 765
f 767 766 764
f 766 768 765
f 769 766 767
f 766 769 768
f 770 769 767
f 769 771 768
f 769 770 771
f 772 773 774
f 772 774 775
f 776 772 775
f 775 774 777
f 778 776 775
f 779 775 777
f 778 775 779
f 779 777 780
f 781 778 779
f 782 779 780
f 781 779 782
f 782 780 783
f 784 781 782
f 785 782 783
f 784 782 785
f 785 783 786
f 787 784 785
f 788 785 786
f 787 785 788
f 788 786 789
f 790 787 788
f 791 788 789
f 790 788 791
f 791 789 792
f 793 791 792
f 794 790 791
f 794 791 793
f 793 792 795
f 796 794 793
f 797 793 795
f 798 796 793
f 799 793 797
f 798 793 799
f 800 799 797
f 801 798 799
f 802 799 800
f 802 801 799
f 803 802 800
f 802 803 801
f 803 800 804
f 803 805 801
f 806 803 804
f 803 806 805
f 806 804 807
f 806 808 805
f 809 806 807
f 806 809 808
f 809 807 810
f 809 811 808
f 812 809 810
f 809 812 811
f 812 810 813
f 812 814 811
f 815 812 813
f 812 815 814
f 815 813 816
f 815 817 814
f 818 815 816
f 815 818 817
f 818 816 819
f 817 818 820
f 818 819 820
f 819 821 820
f 821 822 820
f 820 822 823
f 821 824 822
f 822 825 823
f 824 826 822
f 822 826 825
f 824 827 826
f 826 828 825
f 827 829 826
f 826 829 828
f 827 830 829
f 829 831 828
f 830 832 829
f 829 832 831
f 830 833 832
f 832 834 831
f 833 835 832
f 832 835 834
f 833 836 835
f 835 837 834
f 836 838 835
f 835 838 837
f 836 839 838
f 839 840 838
f 838 841 837
f 838 840 841
f 839 842 840
f 840 843 841
f 842 844 840
f 840 845 843
f 844 846 840
f 840 846 845
f 844 847 846
f 846 848 845
f 847 849 846
f 846 849 848
f 847 850 849
f 850 848 849
f 851 850 847
f 850 852 848
f 853 850 851
f 850 853 852
f 854 853 851
f 853 855 852
f 856 853 854
f 853 856 855
f 857 856 854
f 856 858 855
f 859 856 857
f 856 859 858
f 860 859 857
f 859 861 858
f 862 859 860
f 859 862 861
f 863 862 860
f 862 864 861
f 865 862 863
f 862 865 864
f 866 865 863
f 865 867 864
f 865 866 867
f 868 869 870
f 869 871 870
f 871 869 872
f 870 871 873
f 871 872 873
f 874 875 876
f 875 877 876
f 875 878 877
f 876 877 879
f 877 880 879
f 878 881 877
f 877 882 880
f 881 883 877
f 877 883 882
f 881 884 883
f 884 885 883
f 883 886 882
f 883 885 886
f 884 887 885
f 885 888 886
f 887 889 885
f 885 890 888
f 889 891 885
f 885 891 890
f 889 892 891
f 892 893 891
f 891 894 890
f 891 893 894
f 892 895 893
f 893 896 894
f 895 897 893
f 893 898 896
f 897 899 893
f 893 899 898
f 897 900 899
f 899 901 898
f 900 902 899
f 899 902 901
f 900 903 902
f 902 904 901
f 903 905 902
f 902 905 904
f 903 906 905
f 905 907 904
f 906 908 905
f 905 908 907
f 906 909 908
f 908 910 907
f 909 911 908
f 908 911 910
f 909 912 911
f 911 913 910
f 912 914 911
f 911 914 913
f 912 915 914
f 914 916 913
f 915 917 914
f 917 916 914
f 917 918 916
f 919 920 921
f 919 921 922
f 923 919 922
f 922 921 924
f 925 923 922
f 926 922 924
f 925 922 926
f 926 924 927
f 928 925 926
f 929 926 927
f 928 926 929
f 929 927 930
f 931 928 929
f 932 929 930
f 931 929 932
f 932 930 933
f 934 931 932
f 935 932 933
f 934 932 935
f 935 933 936
f 937 934 935
f 938 935 936
f 937 935 938
f 938 936 939
f 940 938 939
f 941 937 938
f 941 938 940
f 940 939 942
f 943 941 940
f 944 940 942
f 945 943 940
f 946 940 944
f 945 940 946
f 947 946 944
f 948 945 946
f 949 946 947
f 949 948 946
f 950 949 947
f 949 950 948
f 950 947 951
f 950 952 948
f 953 950 951
f 950 953 952
f 953 951 954
f 953 955 952
f 956 953 954
f 953 956 955
f 956 954 957
f 956 958 955
f 959 956 957
f 956 959 958
f 959 957 960
f 959 961 958
f 962 959 960
f 959 962 961
f 962 960 963
f 962 964 961
f 965 962 963
f 962 965 964
f 965 963 966
f 964 965 967
f 965 966 967
f 966 968 967
f 968 969 967
f 967 969 970
f 968 971 969
f 969 972 970
f 971 973 969
f 969 973 972
f 971 974 973
f 973 975 972
f 974 976 973
f 973 976 975
f 974 977 976
f 976 978 975
f 977 979 976
f 976 979 978
f 977 980 979
f 979 981 978
f 980 982 979
f 979 982 981
f 980 983 982
f 982 984 981
f 983 985 982
f 982 985 984
f 983 986 985
f 986 987 985
f 985 988 984
f 985 987 988
f 986 989 987
f 987 990 988
f 989 991 987
f 987 992 990
f 991 993 987
f 987 993 992
f 991 994 993
f 993 995 992
f 994 996 993
f 993 996 995
f 994 997 996
f 997 995 996
f 998 997 994
f 997 999 995
f 1000 997 998
f 997 1000 999
f 1001 1000 998
f 1000 1002 999
f 1003 1000 1001
f 1000 1003 1002
f 1004 1003 1001
f 1003 1005 1002
f 1006 1003 1004
f 1003 1006 1005
f 1007 1006 1004
f 1006 1008 1005
f 1009 1006 1007
f 1006 1009 1008
f 1010 1009 1007
f 1009 1011 1008
f 1012 1009 1010
f 1009 1012 1011
f 1013 1012 1010
f 1012 1014 1011
f 1012 1013 1014
f 1015 1016 1017
f 1015 1017 1018
f 1019 1015 1018
f 1018 1017 1020
f 1021 1019 1018
f 1022 1018 1020
f 1021 1018 1022
f 1022 1020 1023
f 1024 1021 1022
f 1025 1022 1023
f 1024 1022 1025
f 1025 1023 1026
f 1027 1024 1025
f 1028 1025 1026
f 1027 1025 1028
f 1028 1026 1029
f 1030 1027 1028
f 1031 1028 1029
f 1030 1028 1031
f 1031 1029 1032
f 1033 1030 1031
f 1034 1031 1032
f 1033 1031 1034
f 1034 1032 1035
f 1036 1034 1035
f 1037 1033 1034
f 1037 1034 1036
f 1036 1035 1038
f 1039 1037 1036
f 1040 1036 1038
f 1041 1039 1036
f 1042 1036 1040
f 1041 1036 1042
f 1043 1042 1040
f 1044 1041 1042
f 1045 1042 1043
f 1045 1044 1042
f 1046 1045 1043
f 1045 1046 1044
f 1046 1043 1047
f 1046 1048 1044
f 1049 1046 1047
f 1046 1049 1048
f 1049 1047 1050
f 1049 1051 1048
f 1052 1049 1050
f 1049 1052 1051
f 1052 1050 1053
f 1052 1054 1051
f 1055 1052 1053
f 1052 1055 1054
f 1055 1053 1056
f 1055 1057 1054
f 1058 1055 1056
f 1055 1058 1057
f 1058 1056 1059
f 1058 1060 1057
f 1061 1058 1059
f 1058 1061 1060
f 1061 1059 1062
f 1060 1061 1063
f 1061 1062 1063
f 1062 1064 1063
f 1064 1065 1063
f 1063 1065 1066
f 1064 1067 1065
f 1065 1068 1066
f 1067 1069 1065
f 1065 1069 1068
f 1067 1070 1069
f 1069 1071 1068
f 1070 1072 1069
f 1069 1072 1071
f 1070 1073 1072
f 1072 1074 1071
f 1073 1075 1072
f 1072 1075 1074
f 1073 1076 1075
f 1075 1077 1074
f 1076 1078 1075
f 1075 1078 1077
f 1076 1079 1078
f 1078 1080 1077
f 1079 1081 1078
f 1078 1081 1080
f 1079 1082 1081
f 1082 1083 1081
f 1081 1084 1080
f 1081 1083 1084
f 1082 1085 1083
f 1083 1086 1084
f 1085 1087 1083
f 1083 1088 1086
f 1087 1089 1083
f 1083 1089 1088
f 1087 1090 1089
f 1089 1091 1088
f 1090 1092 1089
f 1089 1092 1091
f 1090 1093 1092
f 1093 1091 1092
f 1094 1093 1090
f 1093 1095 1091
f 1096 1093 1094
f 1093 1096 1095
f 1097 1096 1094
f 1096 1098 1095
f 1099 1096 1097
f 1096 1099 1098
f 1100 1099 1097
f 1099 1101 1098
f 1102 1099 1100
f 1099 1102 1101
f 1103 1102 1100
f 1102 1104 1101
f 1105 1102 1103
f 1102 1105 1104
f 1106 1105 1103
f 1105 1107 1104
f 1108 1105 1106
f 1105 1108 1107
f 1109 1108 1106
f 1108 1110 1107
f 1108 1109 1110
f 1111 1112 1113
f 1112 1114 1113
f 1112 1115 1114
f 1113 1114 1116
f 1114 1117 1116
f 1115 1118 1114
f 1114 1119 1117
f 1118 1120 1114
f 1114 1120 1119
f 1118 1121 1120
f 1121 1122 1120
f 1120 1123 1119
f 1120 1122 1123
f 1121 1124 1122
f 1122 1125 1123
f 1124 1126 1122
f 1122 1127 1125
f 1126 1128 1122
f 1122 1128 1127
f 1126 1129 1128
f 1129 1130 1128
f 1128 1131 1127
f 1128 1130 1131
f 1129 1132 1130
f 1130 1133 1131
f 1132 1134 1130
f 1130 1135 1133
f 1134 1136 1130
f 1130 1136 1135
f 1134 1137 1136
f 1136 1138 1135
f 1137 1139 1136
f 1136 1139 1138
f 1137 1140 1139
f 1139 1141 1138
f 1140 1142 1139
f 1139 1142 1141
f 1140 1143 1142
f 1142 1144 1141
f 1143 1145 1142
f 1142 1145 1144
f 1143 1146 1145
f 1145 1147 1144
f 1146 1148 1145
f 1145 1148 1147
f 1146 1149 1148
f 1148 1150 1147
f 1149 1151 1148
f 1148 1151 1150
f 1149 1152 1151
f 1151 1153 1150
f 1152 1154 1151
f 1154 1153 1151
f 1154 1155 1153
f 1156 1157 1158
f 1156 1158 1159
f 1160 1156 1159
f 1159 1158 1161
f 1162 1160 1159
f 1163 1159 1161
f 1162 1159 1163
f 1163 1161 1164
f 1165 1162 1163
f 1166 1163 1164
f 1165 1163 1166
f 1166 1164 1167
f 1168 1165 1166
f 1169 1166 1167
f 1168 1166 1169
f 1169 1167 1170
f 1171 1168 1169
f 1172 1169 1170
f 1171 1169 1172
f 1172 1170 1173
f 1174 1171 1172
f 1175 1172 1173
f 1174 1172 1175
f 1175 1173 1176
f 1177 1175 1176
f 1178 1174 1175
f 1178 1175 1177
f 1177 1176 1179
f 1180 1178 1177
f 1181 1177 1179
f 1182 1180 1177
f 1183 1177 1181
f 1182 1177 1183
f 1184 1183 1181
f 1185 1182 1183
f 1186 1183 1184
f 1186 1185 1183
f 1187 1186 1184
f 1186 1187 1185
f 1187 1184 1188
f 1187 1189 1185
f 1190 1187 1188
f 1187 1190 1189
f 1190 1188 1191
f 1190 1192 1189
f 1193 1190 1191
f 1190 1193 1192
f 1193 1191 1194
f 1193 1195 1192
f 1196 1193 1194
f 1193 1196 1195
f 1196 1194 1197
f 1196 1198 1195
f 1199 1196 1197
f 1196 1199 1198
f 1199 1197 1200
f 1199 1201 1198
f 1202 1199 1200
f 1199 1202 1201
f 1202 1200 1203
f 1201 1202 1204
f 1202 1203 1204
f 1203 1205 1204
f 1205 1206 1204
f 1204 1206 1207
f 1205 1208 1206
f 1206 1209 1207
f 1208 1210 1206
f 1206 1210 1209
f 1208 1211 1210
f 1210 1212 1209
f 1211 1213 1210
f 1210 1213 1212
f 1211 1214 1213
f 1213 1215 1212
f 1214 1216 1213
f 1213 1216 1215
f 1214 1217 1216
f 1216 1218 1215
f 1217 1219 1216
f 1216 1219 1218
f 1217 1220 1219
f 1219 1221 1218
f 1220 1222 1219
f 1219 1222 1221
f 1220 1223 1222
f 1223 1224 1222
f 1222 1225 1221
f 1222 1224 1225
f 1223 1226 1224
f 1224 1227 1225
f 1226 1228 1224
f 1224 1229 1227
f 1228 1230 1224
f 1224 1230 1229
f 1228 1231 1230
f 1230 1232 1229
f 1231 1233 1230
f 1230 1233 1232
f 1231 1234 1233
f 1234 1232 1233
f 1235 1234 1231
f 1234 1236 1232
f 1237 1234 1235
f 1234 1237 1236
f 1238 1237 1235
f 1237 1239 1236
f 1240 1237 1238
f 1237 1240 1239
f 1241 1240 1238
f 1240 1242 1239
f 1243 1240 1241
f 1240 1243 1242
f 1244 1243 1241
f 1243 1245 1242
f 1246 1243 1244
f 1243 1246 1245
f 1247 1246 1244
f 1246 1248 1245
f 1249 1246 1247
f 1246 1249 1248
f 1250 1249 1247
f 1249 1251 1248
f 1249 1250 1251
f 1252 1253 1254
f 1253 1255 1254
f 1253 1256 1255
f 1254 1255 1257
f 1255 1258 1257
f 1256 1259 1255
f 1255 1260 1258
f 1259 1261 1255
f 1255 1261 1260
f 1259 1262 1261
f 1262 1263 1261
f 1261 1264 1260
f 1261 1263 1264
f 1262 1265 1263
f 1263 1266 1264
f 1265 1267 1263
f 1263 1268 1266
f 1267 1269 1263
f 1263 1269 1268
f 1267 1270 1269
f 1270 1271 1269
f 1269 1272 1268
f 1269 1271 1272
f 1270 1273 1271
f 1271 1274 1272
f 1273 1275 1271
f 1271 1276 1274
f 1275 1277 1271
f 1271 1277 1276
f 1275 1278 1277
f 1277 1279 1276
f 1278 1280 1277
f 1277 1280 1279
f 1278 1281 1280
f 1280 1282 1279
f 1281 1283 1280
f 1280 1283 1282
f 1281 1284 1283
f 1283 1285 1282
f 1284 1286 1283
f 1283 1286 1285
f 1284 1287 1286
f 1286 1288 1285
f 1287 1289 1286
f 1286 1289 1288
f 1287 1290 1289
f 1289 1291 1288
f 1290 1292 1289
f 1289 1292 1291
f 1290 1293 1292
f 1292 1294 1291
f 1293 1295 1292
f 1295 1294 1292
f 1295 1296 1294
f 1297 1298 1299
f 1297 1299 1300
f 1301 1297 1300
f 1300 1299 1302
f 1303 1301 1300
f 1304 1300 1302
f 1303 1300 1304
f 1304 1302 1305
f 1306 1303 1304
f 1307 1304 1305
f 1306 1304 1307
f 1307 1305 1308
f 1309 1306 1307
f 1310 1307 1308
f 1309 1307 1310
f 1310 1308 1311
f 1312 1309 1310
f 1313 1310 1311
f 1312 1310 1313
f 1313 1311 1314
f 1315 1312 1313
f 1316 1313 1314
f 1315 1313 1316
f 1316 1314 1317
f 1318 1316 1317
f 1319 1315 1316
f 1319 1316 1318
f 1318 1317 1320
f 1321 1319 1318
f 1322 1318 1320
f 1323 1321 1318
f 1324 1318 1322
f 1323 1318 1324
f 1325 1324 1322
f 1326 1323 1324
f 1327 1324 1325
f 1327 1326 1324
f 1328 1327 1325
f 1327 1328 1326
f 1328 1325 1329
f 1328 1330 1326
f 1331 1328 1329
f 1328 1331 1330
f 1331 1329 1332
f 1331 1333 1330
f 1334 1331 1332
f 1331 1334 1333
f 1334 1332 1335
f 1334 1336 1333
f 1337 1334 1335
f 1334 1337 1336
f 1337 1335 1338
f 1337 1339 1336
f 1340 1337 1338
f 1337 1340 1339
f 1340 1338 1341
f 1340 1342 1339
f 1343 1340 1341
f 1340 1343 1342
f 1343 1341 1344
f 1342 1343 1345
f 1343 1344 1345
f 1344 1346 1345
f 1346 1347 1345
f 1345 1347 1348
f 1346 1349 1347
f 1347 1350 1348
f 1349 1351 1347
f 1347 1351 1350
f 1349 1352 1351
f 1351 1353 1350
f 1352 1354 1351
f 1351 1354 1353
f 1352 1355 1354
f 1354 1356 1353
f 1355 1357 1354
f 1354 1357 1356
f 1355 1358 1357
f 1357 1359 1356
f 1358 1360 1357
f 1357 1360 1359
f 1358 1361 1360
f 1360 1362 1359
f 1361 1363 1360
f 1360 1363 1362
f 1361 1364 1363
f 1364 1365 1363
f 1363 1366 1362
f 1363 1365 1366
f 1364 1367 1365
f 1365 1368 1366
f 1367 1369 1365
f 1365 1370 1368
f 1369 1371 1365
f 1365 1371 1370
f 1369 1372 1371
f 1371 1373 1370
f 1372 1374 1371
f 1371 1374 1373
f 1372 1375 1374
f 1375 1373 1374
f 1376 1375 1372
f 1375 1377 1373
f 1378 1375 1376
f 1375 1378 1377
f 1379 1378 1376
f 1378 1380 1377
f 1381 1378 1379
f 1378 1381 1380
f 1382 1381 1379
f 1381 1383 1380
f 1384 1381 1382
f 1381 1384 1383
f 1385 1384 1382
f 1384 1386 1383
f 1387 1384 1385
f 1384 1387 1386
f 1388 1387 1385
f 1387 1389 1386
f 1390 1387 1388
f 1387 1390 1389
f 1391 1390 1388
f 1390 1392 1389
f 1390 1391 1392
f 1393 1394 1395
f 1394 1396 1395
f 1394 1397 1396
f 1395 1396 1398
f 1396 1399 1398
f 1397 1400 1396
f 1396 1401 1399
f 1400 1402 1396
f 1396 1402 1401
f 1400 1403 1402
f 1403 1404 1402
f 1402 1405 1401
f 1402 1404 1405
f 1403 1406 1404
f 1404 1407 1405
f 1406 1408 1404
f 1404 1409 1407
f 1408 1410 1404
f 1404 1410 1409
f 1408 1411 1410
f 1411 1412 1410
f 1410 1413 1409
f 1410 1412 1413
f 1411 1414 1412
f 1412 1415 1413
f 1414 1416 1412
f 1412 1417 1415
f 1416 1418 1412
f 1412 1418 1417
f 1416 1419 1418
f 1418 1420 1417
f 1419 1421 1418
f 1418 1421 1420
f 1419 1422 1421
f 1421 1423 1420
f 1422 1424 1421
f 1421 1424 1423
f 1422 1425 1424
f 1424 1426 1423
f 1425 1427 1424
f 1424 1427 1426
f 1425 1428 1427
f 1427 1429 1426
f 1428 1430 1427
f 1427 1430 1429
f 1428 1431 1430
f 1430 1432 1429
f 1431 1433 1430
f 1430 1433 1432
f 1431 1434 1433
f 1433 1435 1432
f 1434 1436 1433
f 1436 1435 1433
f 1436 1437 1435
f 1438 1439 1440
f 1438 1440 1441
f 1442 1438 1441
f 1441 1440 1443
f 1444 1442 1441
f 1445 1441 1443
f 1444 1441 1445
f 1445 1443 1446
f 1447 1444 1445
f 1448 1445 1446
f 1447 1445 1448
f 1448 1446 1449
f 1450 1447 1448
f 1451 1448 1449
f 1450 1448 1451
f 1451 1449 1452
f 1453 1450 1451
f 1454 1451 1452
f 1453 1451 1454
f 1454 1452 1455
f 1456 1453 1454
f 1457 1454 1455
f 1456 1454 1457
f 1457 1455 1458
f 1459 1457 1458
f 1460 1456 1457
f 1460 1457 1459
f 1459 1458 1461
f 1462 1460 1459
f 1463 1459 1461
f 1464 1462 1459
f 1465 1459 1463
f 1464 1459 1465
f 1466 1465 1463
f 1467 1464 1465
f 1468 1465 1466
f 1468 1467 1465
f 1469 1468 1466
f 1468 1469 1467
f 1469 1466 1470
f 1469 1471 1467
f 1472 1469 1470
f 1469 1472 1471
f 1472 1470 1473
f 1472 1474 1471
f 1475 1472 1473
f 1472 1475 1474
f 1475 1473 1476
f 1475 1477 1474
f 1478 1475 1476
f 1475 1478 1477
f 1478 1476 1479
f 1478 1480 1477
f 1481 1478 1479
f 1478 1481 1480
f 1481 1479 1482
f 1481 1483 1480
f 1484 1481 1482
f 1481 1484 1483
f 1484 1482 1485
f 1483 1484 1486
f 1484 1485 1486
f 1485 1487 1486
f 1487 1488 1486
f 1486 1488 1489
f 1487 1490 1488
f 1488 1491 1489
f 1490 1492 1488
f 1488 1492 1491
f 1490 1493 1492
f 1492 1494 1491
f 1493 1495 1492
f 1492 1495 1494
f 1493 1496 1495
f 1495 1497 1494
f 1496 1498 1495
f 1495 1498 1497
f 1496 1499 1498
f 1498 1500 1497
f 1499 1501 1498
f 1498 1501 1500
f 1499 1502 1501
f 1501 1503 1500
f 1502 1504 1501
f 1501 1504 1503
f 1502 1505 1504
f 1505 1506 1504
f 1504 1507 1503
f 1504 1506 1507
f 1505 1508 1506
f 1506 1509 1507
f 1508 1510 1506
f 1506 1511 1509
f 1510 1512 1506
f 1506 1512 1511
f 1510 1513 1512
f 1512 1514 1511
f 1513 1515 1512
f 1512 1515 1514
f 1513 1516 1515
f 1516 1514 1515
f 1517 1516 1513
f 1516 1518 1514
f 1519 1516 1517
f 1516 1519 1518
f 1520 1519 1517
f 1519 1521 1518
f 1522 1519 1520
f 1519 1522 1521
f 1523 1522 1520
f 1522 1524 1521
f 1525 1522 1523
f 1522 1525 1524
f 1526 1525 1523
f 1525 1527 1524
f 1528 1525 1526
f 1525 1528 1527
f 1529 1528 1526
f 1528 1530 1527
f 1531 1528 1529
f 1528 1531 1530
f 1532 1531 1529
f 1531 1533 1530
f 1531 1532 1533
f 1534 1535 1536
f 1535 1537 1536
f 1535 1538 1537
f 1536 1537 1539
f 1537 1540 1539
f 1538 1541 1537
f 1537 1542 1540
f 1541 1543 1537
f 1537 1543 1542
f 1541 1544 1543
f 1544 1545 1543
f 1543 1546 1542
f 1543 1545 1546
f 1544 1547 1545
f 1545 1548 1546
f 1547 1549 1545
f 1545 1550 1548
f 1549 1551 1545
f 1545 1551 1550
f 1549 1552 1551
f 1552 1553 1551
f 1551 1554 1550
f 1551 1553 1554
f 1552 1555 1553
f 1553 1556 1554
f 1555 1557 1553
f 1553 1558 1556
f 1557 1559 1553
f 1553 1559 1558
f 1557 1560 1559
f 1559 1561 1558
f 1560 1562 1559
f 1559 1562 1561
f 1560 1563 1562
f 1562 1564 1561
f 1563 1565 1562
f 1562 1565 1564
f 1563 1566 1565
f 1565 1567 1564
f 1566 1568 1565
f 1565 1568 1567
f 1566 1569 1568
f 1568 1570 1567
f 1569 1571 1568
f 1568 1571 1570
f 1569 1572 1571
f 1571 1573 1570
f 1572 1574 1571
f 1571 1574 1573
f 1572 1575 1574
f 1574 1576 1573
f 1575 1577 1574
f 1577 1576 1574
f 1577 1578 1576
f 1579 1580 1581
f 1580 1582 1581
f 1580 1583 1582
f 1581 1582 1584
f 1582 1585 1584
f 1583 1586 1582
f 1582 1587 1585
f 1586 1588 1582
f 1582 1588 1587
f 1586 1589 1588
f 1589 1590 1588
f 1588 1591 1587
f 1588 1590 1591
f 1589 1592 1590
f 1590 1593 1591
f 1592 1594 1590
f 1590 1595 1593
f 1594 1596 1590
f 1590 1596 1595
f 1594 1597 1596
f 1597 1598 1596
f 1596 1599 1595
f 1596 1598 1599
f 1597 1600 1598
f 1598 1601 1599
f 1600 1602 1598
f 1598 1603 1601
f 1602 1604 1598
f 1598 1604 1603
f 1602 1605 1604
f 1604 1606 1603
f 1605 1607 1604
f 1604 1607 1606
f 1605 1608 1607
f 1607 1609 1606
f 1608 1610 1607
f 1607 1610 1609
f 1608 1611 1610
f 1610 1612 1609
f 1611 1613 1610
f 1610 1613 1612
f 1611 1614 1613
f 1613 1615 1612
f 1614 1616 1613
f 1613 1616 1615
f 1614 1617 1616
f 1616 1618 1615
f 1617 1619 1616
f 1616 1619 1618
f 1617 1620 1619
f 1619 1621 1618
f 1620 1622 1619
f 1622 1621 1619
f 1622 1623 1621
f 1624 1625 1626
f 1625 1627 1626
f 1625 1628 1627
f 1626 1627 1629
f 1627 1630 1629
f 1628 1631 1627
f 1627 1632 1630
f 1631 1633 1627
f 1627 1633 1632
f 1631 1634 1633
f 1634 1635 1633
f 1633 1636 1632
f 1633 1635 1636
f 1634 1637 1635
f 1635 1638 1636
f 1637 1639 1635
f 1635 1640 1638
f 1639 1641 1635
f 1635 1641 1640
f 1639 1642 1641
f 1642 1643 1641
f 1641 1644 1640
f 1641 1643 1644
f 1642 1645 1643
f 1643 1646 1644
f 1645 1647 1643
f 1643 1648 1646
f 1647 1649 1643
f 1643 1649 1648
f 1647 1650 1649
f 1649 1651 1648
f 1650 1652 1649
f 1649 1652 1651
f 1650 1653 1652
f 1652 1654 1651
f 1653 1655 1652
f 1652 1655 1654
f 1653 1656 1655
f 1655 1657 1654
f 1656 1658 1655
f 1655 1658 1657
f 1656 1659 1658
f 1658 1660 1657
f 1659 1661 1658
f 1658 1661 1660
f 1659 1662 1661
f 1661 1663 1660
f 1662 1664 1661
f 1661 1664 1663
f 1662 1665 1664
f 1664 1666 1663
f 1665 1667 1664
f 1667 1666 1664
f 1667 1668 1666
f 1669 1670 1671
f 1669 1671 1672
f 1670 1669 1673
f 1673 1669 1672
f 1674 1675 1676
f 1675 1677 1676
f 1678 1675 1674
f 1679 1678 1674
f 1675 1680 1677
f 1680 1681 1677
f 1682 1678 1679
f 1683 1682 1679
f 1680 1684 1681
f 1684 1685 1681
f 1686 1682 1683
f 1687 1686 1683
f 1684 1688 1685
f 1688 1689 1685
f 1690 1686 1687
f 1691 1690 1687
f 1688 1692 1689
f 1692 1693 1689
f 1694 1690 1691
f 1695 1694 1691
f 1692 1696 1693
f 1696 1697 1693
f 1698 1694 1695
f 1699 1698 1695
f 1698 1699 1700
f 1698 1700 1701
f 1694 1698 1701
f 1694 1701 1702
f 1690 1694 1702
f 1690 1702 1703
f 1686 1690 1703
f 1686 1703 1704
f 1682 1686 1704
f 1682 1704 1705
f 1678 1682 1705
f 1678 1705 1706
f 1675 1678 1706
f 1675 1706 1707
f 1675 1707 1708
f 1680 1675 1708
f 1680 1708 1709
f 1684 1680 1709
f 1684 1709 1710
f 1688 1684 1710
f 1688 1710 1711
f 1692 1688 1711
f 1692 1711 1712
f 1696 1692 1712
f 1696 1712 1713
f 1714 1696 1713
f 1696 1714 1697
f 1714 1713 1715
f 1714 1716 1697
f 1714 1715 1717
f 1716 1714 1717
f 1718 1717 1715
f 1716 1717 1718
f 1718 1715 1719
f 1720 1716 1718
f 1721 1718 1719
f 1720 1718 1721
f 1721 1719 1722
f 1723 1721 1722
f 1724 1720 1721
f 1724 1721 1723
f 1723 1722 1725
f 1726 1724 1723
f 1723 1725 1727
f 1728 1723 1727
f 1729 1726 1723
f 1729 1723 1728
f 1728 1727 1730
f 1731 1729 1728
f 1728 1730 1732
f 1733 1731 1728
f 1734 1728 1732
f 1733 1728 1734
f 1734 1732 1735
f 1736 1734 1735
f 1737 1733 1734
f 1737 1734 1736
f 1736 1735 1738
f 1739 1737 1736
f 1736 1738 1740
f 1741 1736 1740
f 1742 1739 1736
f 1742 1736 1741
f 1741 1740 1743
f 1744 1742 1741
f 1745 1741 1743
f 1746 1744 1741
f 1747 1741 1745
f 1746 1741 1747
f 1748 1747 1745
f 1749 1746 1747
f 1750 1747 1748
f 1750 1749 1747
f 1751 1750 1748
f 1749 1750 1752
f 1750 1751 1753
f 1752 1750 1754
f 1750 1753 1754
f 1755 1754 1753
f 1756 1755 1753
f 1755 1757 1754
f 1758 1755 1756
f 1755 1758 1757
f 1758 1756 1759
f 1758 1760 1757
f 1761 1758 1759
f 1758 1761 1760
f 1761 1759 1762
f 1761 1763 1760
f 1764 1761 1762
f 1761 1764 1763
f 1764 1762 1765
f 1764 1766 1763
f 1767 1764 1765
f 1764 1767 1766
f 1767 1765 1768
f 1767 1769 1766
f 1770 1767 1768
f 1767 1770 1769
f 1770 1768 1771
f 1772 1770 1771
f 1770 1773 1769
f 1770 1772 1773
f 1772 1771 1774
f 1772 1775 1773
f 1772 1774 1776
f 1772 1777 1775
f 1778 1772 1776
f 1772 1778 1777
f 1778 1776 1779
f 1778 1780 1777
f 1781 1778 1779
f 1778 1781 1780
f 1781 1779 1782
f 1781 1783 1780
f 1784 1781 1782
f 1781 1784 1783
f 1784 1782 1785
f 1784 1786 1783
f 1787 1784 1785
f 1784 1787 1786
f 1787 1785 1788
f 1787 1789 1786
f 1790 1787 1788
f 1787 1790 1789
f 1790 1788 1791
f 1790 1792 1789
f 1793 1790 1791
f 1790 1793 1792
f 1793 1791 1794
f 1793 1795 1792
f 1796 1793 1794
f 1793 1796 1795
f 1796 1794 1797
f 1796 1797 1795
f 1794 1798 1797
f 1799 1795 1797
f 1798 1800 1797
f 1799 1797 1800
f 1798 1801 1800
f 1801 1802 1800
f 1803 1799 1800
f 1803 1800 1802
f 1801 1804 1802
f 1805 1803 1802
f 1804 1806 1802
f 1806 1807 1802
f 1808 1805 1802
f 1808 1802 1807
f 1806 1809 1807
f 1810 1808 1807
f 1809 1811 1807
f 1812 1810 1807
f 1811 1813 1807
f 1812 1807 1813
f 1811 1814 1813
f 1814 1815 1813
f 1816 1812 1813
f 1816 1813 1815
f 1814 1817 1815
f 1818 1816 1815
f 1817 1819 1815
f 1819 1820 1815
f 1821 1818 1815
f 1821 1815 1820
f 1819 1822 1820
f 1823 1821 1820
f 1822 1824 1820
f 1825 1823 1820
f 1824 1826 1820
f 1825 1820 1826
f 1824 1827 1826
f 1828 1825 1826
f 1827 1829 1826
f 1828 1826 1829
f 1827 1830 1829
f 1831 1828 1829
f 1830 1832 1829
f 1833 1831 1829
f 1832 1833 1829
f 1834 1835 1836
f 1837 1834 1836
f 1834 1838 1835
f 1834 1837 1839
f 1834 1839 1840
f 1841 1834 1840
f 1838 1834 1842
f 1834 1841 1843
f 1834 1844 1842
f 1844 1845 1842
f 1844 1846 1845
f 1846 1844 1847
f 1844 1848 1847
f 1844 1849 1848
f 1849 1844 1850
f 1844 1851 1850
f 1844 1852 1851
f 1852 1844 1853
f 1844 1854 1853
f 1834 1843 1855
f 1855 1843 1856
f 1843 1857 1856
f 1857 1858 1856
f 1859 1834 1855
f 1834 1859 1860
f 1834 1860 1861
f 1862 1834 1861
f 1862 1861 1863
f 1864 1862 1863
f 1857 1865 1858
f 1865 1866 1858
f 1862 1864 1867
f 1865 1868 1866
f 1862 1867 1869
f 1870 1862 1869
f 1868 1865 1871
f 1865 1872 1871
f 1868 1871 1873
f 1865 1874 1872
f 1875 1868 1873
f 1876 1868 1875
f 1876 1877 1868
f 1877 1878 1868
f 1874 1865 1879
f 1877 1880 1878
f 1865 1881 1879
f 1880 1877 1882
f 1865 1883 1881
f 1883 1865 1884
f 1877 1885 1882
f 1865 1886 1884
f 1865 1887 1886
f 1887 1888 1886
f 1888 1889 1886
f 1889 1890 1886
f 1890 1891 1886
f 1891 1892 1886
f 1892 1893 1886
f 1893 1894 1886
f 1894 1895 1886
f 1895 1896 1886
f 1896 1897 1886
f 1897 1898 1886
f 1897 1854 1898
f 1854 1899 1898
f 1854 1844 1899
f 1844 1900 1899
f 1844 1901 1900
f 1844 1902 1901
f 1902 1903 1901
f 1902 1904 1903
f 1901 1905 1900
f 1905 1906 1900
f 1904 1902 1907
f 1905 1908 1906
f 1908 1909 1906
f 1902 1910 1907
f 1908 1911 1909
f 1912 1911 1908
f 1911 1913 1909
f 1911 1912 1914
f 1911 1915 1913
f 1911 1914 1916
f 1915 1911 1917
f 1918 1911 1916
f 1911 1919 1917
f 1911 1918 1920
f 1911 1921 1919
f 1921 1911 1922
f 1911 1923 1922
f 1911 1924 1923
f 1924 1911 1925
f 1911 1926 1925
f 1911 1920 1927
f 1911 1928 1926
f 1929 1911 1927
f 1911 1929 1928
f 1929 1927 1930
f 1929 1931 1928
f 1932 1929 1930
f 1929 1932 1933
f 1929 1933 1934
f 1935 1929 1934
f 1929 1936 1931
f 1929 1935 1937
f 1935 1938 1937
f 1938 1939 1937
f 1939 1940 1937
f 1940 1941 1937
f 1941 1942 1937
f 1929 1937 1943
f 1936 1929 1943
f 1936 1943 1944
f 1945 1936 1944
f 1941 1946 1942
f 1944 1947 1945
f 1947 1948 1945
f 1946 1949 1942
f 1947 1877 1948
f 1949 1950 1942
f 1950 1951 1942
f 1951 1952 1942
f 1952 1953 1942
f 1953 1954 1942
f 1953 1955 1954
f 1955 1956 1954
f 1956 1957 1954
f 1957 1958 1954
f 1958 1959 1954
f 1959 1958 1910
f 1959 1910 1902
f 1960 1959 1902
f 1961 1960 1902
f 1962 1961 1902
f 1962 1902 1963
f 1964 1962 1963
f 1964 1963 1965
f 1966 1964 1965
f 1967 1966 1965
f 1967 1965 1968
f 1969 1967 1968
f 1969 1968 1970
f 1971 1969 1970
f 1971 1970 1972
f 1973 1971 1972
f 1974 1973 1972
f 1974 1972 1975
f 1976 1974 1975
f 1976 1975 1977
f 1978 1976 1977
f 1977 1979 1978
f 1979 1980 1978
f 1979 1981 1980
f 1979 1982 1981
f 1982 1983 1981
f 1982 1979 1984
f 1982 1985 1983
f 1979 1986 1984
f 1979 1987 1986
f 1987 1988 1986
f 1985 1989 1983
f 1987 1990 1988
f 1991 1990 1987
f 1992 1991 1987
f 1993 1992 1987
f 1994 1993 1987
f 1995 1994 1987
f 1996 1995 1987
f 1997 1996 1987
f 1998 1997 1987
f 1999 1998 1987
f 2000 1999 1987
f 1985 2001 1989
f 2000 1987 2002
f 2003 2000 2002
f 2003 2002 2004
f 2005 2003 2004
f 2005 2004 2006
f 2007 2005 2006
f 2002 1987 2008
f 2007 2006 2009
f 1987 2010 2008
f 1987 2011 2010
f 2010 2012 2008
f 2012 2013 2008
f 2011 2014 2010
f 2012 2015 2013
f 2015 2016 2013
f 2015 2017 2016
f 2015 2018 2017
f 2018 2019 2017
f 2018 2020 2019
f 2020 2021 2019
f 2021 2022 2019
f 2021 2023 2022
f 2023 2024 2022
f 2023 2025 2024
f 2025 2026 2024
f 2026 2027 2024
f 2026 2028 2027
f 2028 2029 2027
f 2029 2030 2027
f 2029 2031 2030
f 2031 2032 2030
f 2032 2033 2030
f 2032 2034 2033
f 2034 2035 2033
f 2035 2036 2033
f 2035 2037 2036
f 2037 2038 2036
f 2038 2039 2036
f 2038 2040 2039
f 2040 2041 2039
f 2040 2042 2041
f 2041 2043 2039
f 2042 2044 2041
f 2042 2045 2044
f 2045 2046 2044
f 2045 2047 2046
f 2047 2048 2046
f 2047 2049 2048
f 2049 2050 2048
f 2049 2051 2050
f 2051 2052 2050
f 2051 2053 2052
f 2053 2054 2052
f 2053 2055 2054
f 2055 2056 2054
f 2055 2057 2056
f 2057 2058 2056
f 2057 2059 2058
f 2059 2060 2058
f 2059 2061 2060
f 2061 2062 2060
f 2061 2063 2062
f 2063 2064 2062
f 2063 2065 2064
f 2065 2066 2064
f 2065 2067 2066
f 2067 2068 2066
f 2067 2011 2068
f 2011 2067 2014
f 2011 2069 2068
f 2011 2070 2069
f 2070 2011 2071
f 2011 2072 2071
f 2011 2073 2072
f 2073 2011 2074
f 2011 2075 2074
f 2011 2076 2075
f 2076 2011 2077
f 2011 2078 2077
f 2011 2079 2078
f 2011 1862 2079
f 1862 2080 2079
f 1862 2081 2080
f 2081 1862 1870
f 2081 2082 2080
f 2081 2083 2082
f 2083 2084 2082
f 2085 2082 2084
f 2086 2085 2084
f 2083 2087 2084
f 2086 2084 2088
f 2087 2083 2089
f 2090 2086 2088
f 2091 2087 2089
f 2091 2089 2092
f 2090 2088 2093
f 2094 2090 2093
f 2043 2094 2093
f 2043 2093 2039
f 2095 2091 2092
f 2095 2092 2096
f 2095 2096 2097
f 2098 2095 2097
f 2098 2097 2099
f 2098 2099 2100
f 2101 2098 2100
f 2101 2100 2102
f 2101 2102 2103
f 2104 2101 2103
f 2104 2103 2105
f 2104 2105 2106
f 2107 2104 2106
f 2107 2106 2108
f 2109 2107 2108
f 2110 2109 2108
f 2110 2111 2109
f 2111 2112 2109
f 2111 1877 2112
f 1877 2111 1885
f 1877 1947 2112
f 2113 2007 2114
f 2007 2009 2114
f 2113 2114 2115
f 2114 2009 2116
f 2117 2113 2115
f 2117 2115 2118
f 2009 2119 2116
f 2119 2120 2116
f 2119 2121 2120
f 2122 2117 2118
f 2122 2118 2123
f 2122 2123 2124
f 2125 2122 2124
f 2125 2124 2126
f 2127 2125 2126
f 2127 2126 2128
f 2129 2127 2128
f 2129 2128 2130
f 2131 2129 2130
f 2131 2130 2132
f 2119 2133 2121
f 2134 2131 2132
f 2134 2132 2135
f 2134 2135 2136
f 2137 2134 2136
f 2137 2136 2138
f 2139 2137 2138
f 2133 2140 2121
f 2140 2133 2141
f 2133 2142 2141
f 2139 2138 2143
f 2144 2139 2143
f 2145 2144 2143
f 2145 2143 2146
f 2001 2145 2146
f 2001 2146 2147
f 2133 2148 2142
f 1989 2001 2147
f 1989 2147 2149
f 1989 2149 2150
f 2148 2151 2142
f 2152 1989 2150
f 2148 2153 2151
f 2153 2148 2154
f 2148 2155 2154
f 2156 2152 2150
f 2152 2156 2157
f 2152 2157 2158
f 2148 2159 2155
f 2159 2152 2158
f 2159 2160 2155
f 2161 2159 2158
f 2159 2161 2160
f 2162 2163 2164
f 2162 2164 2165
f 2163 2162 2166
f 2166 2162 2165
f 2167 2168 2169
f 2168 2167 2170
f 2168 2171 2169
f 2168 2170 2172
f 2168 2173 2171
f 2173 2168 2172
f 2173 2174 2171
f 2173 2172 2175
f 2173 2176 2174
f 2176 2173 2175
f 2176 2177 2174
f 2176 2175 2178
f 2176 2179 2177
f 2179 2176 2178
f 2179 2180 2177
f 2179 2178 2181
f 2179 2182 2180
f 2182 2179 2181
f 2182 2183 2180
f 2182 2181 2184
f 2182 2185 2183
f 2185 2182 2184
f 2185 2186 2183
f 2185 2184 2187
f 2185 2188 2186
f 2188 2185 2187
f 2188 2189 2186
f 2188 2187 2190
f 2189 2188 2191
f 2188 2190 2191
f 2192 2193 2194
f 2195 2192 2194
f 2192 2196 2193
f 2196 2192 2195
f 2197 2198 2199
f 2200 2197 2199
f 2197 2201 2198
f 2201 2197 2200
f 2202 2203 2204
f 2203 2205 2204
f 2206 2203 2202
f 2207 2206 2202
f 2203 2208 2205
f 2208 2209 2205
f 2210 2206 2207
f 2211 2210 2207
f 2208 2212 2209
f 2212 2213 2209
f 2214 2210 2211
f 2215 2214 2211
f 2212 2216 2213
f 2216 2217 2213
f 2218 2214 2215
f 2219 2218 2215
f 2216 2220 2217
f 2220 2221 2217
f 2222 2218 2219
f 2223 2222 2219
f 2220 2224 2221
f 2224 2225 2221
f 2226 2222 2223
f 2227 2226 2223
f 2226 2227 2228
f 2226 2228 2229
f 2222 2226 2229
f 2222 2229 2230
f 2218 2222 2230
f 2218 2230 2231
f 2214 2218 2231
f 2214 2231 2232
f 2210 2214 2232
f 2210 2232 2233
f 2206 2210 2233
f 2206 2233 2234
f 2203 2206 2234
f 2203 2234 2235
f 2203 2235 2236
f 2208 2203 2236
f 2208 2236 2237
f 2212 2208 2237
f 2212 2237 2238
f 2216 2212 2238
f 2216 2238 2239
f 2220 2216 2239
f 2220 2239 2240
f 2224 2220 2240
f 2224 2240 2241
f 2242 2224 2241
f 2224 2242 2225
f 2242 2241 2243
f 2242 2244 2225
f 2242 2243 2245
f 2244 2242 2245
f 2246 2245 2243
f 2244 2245 2246
f 2246 2243 2247
f 2248 2244 2246
f 2249 2246 2247
f 2248 2246 2249
f 2249 2247 2250
f 2251 2249 2250
f 2252 2248 2249
f 2252 2249 2251
f 2251 2250 2253
f 2254 2252 2251
f 2251 2253 2255
f 2256 2251 2255
f 2257 2254 2251
f 2257 2251 2256
f 2256 2255 2258
f 2259 2257 2256
f 2256 2258 2260
f 2261 2259 2256
f 2262 2256 2260
f 2261 2256 2262
f 2262 2260 2263
f 2264 2262 2263
f 2265 2261 2262
f 2265 2262 2264
f 2264 2263 2266
f 2267 2265 2264
f 2264 2266 2268
f 2269 2264 2268
f 2270 2267 2264
f 2270 2264 2269
f 2269 2268 2271
f 2272 2270 2269
f 2273 2269 2271
f 2274 2272 2269
f 2275 2269 2273
f 2274 2269 2275
f 2276 2275 2273
f 2277 2274 2275
f 2278 2275 2276
f 2278 2277 2275
f 2279 2278 2276
f 2277 2278 2280
f 2278 2279 2281
f 2280 2278 2282
f 2278 2281 2282
f 2283 2282 2281
f 2284 2283 2281
f 2283 2285 2282
f 2286 2283 2284
f 2283 2286 2285
f 2286 2284 2287
f 2286 2288 2285
f 2289 2286 2287
f 2286 2289 2288
f 2289 2287 2290
f 2289 2291 2288
f 2292 2289 2290
f 2289 2292 2291
f 2292 2290 2293
f 2292 2294 2291
f 2295 2292 2293
f 2292 2295 2294
f 2295 2293 2296
f 2295 2297 2294
f 2298 2295 2296
f 2295 2298 2297
f 2298 2296 2299
f 2300 2298 2299
f 2298 2301 2297
f 2298 2300 2301
f 2300 2299 2302
f 2300 2303 2301
f 2300 2302 2304
f 2300 2305 2303
f 2306 2300 2304
f 2300 2306 2305
f 2306 2304 2307
f 2306 2308 2305
f 2309 2306 2307
f 2306 2309 2308
f 2309 2307 2310
f 2309 2311 2308
f 2312 2309 2310
f 2309 2312 2311
f 2312 2310 2313
f 2312 2314 2311
f 2315 2312 2313
f 2312 2315 2314
f 2315 2313 2316
f 2315 2317 2314
f 2318 2315 2316
f 2315 2318 2317
f 2318 2316 2319
f 2318 2320 2317
f 2321 2318 2319
f 2318 2321 2320
f 2321 2319 2322
f 2321 2323 2320
f 2324 2321 2322
f 2321 2324 2323
f 2324 2322 2325
f 2324 2325 2323
f 2322 2326 2325
f 2327 2323 2325
f 2326 2328 2325
f 2327 2325 2328
f 2326 2329 2328
f 2329 2330 2328
f 2331 2327 2328
f 2331 2328 2330
f 2329 2332 2330
f 2333 2331 2330
f 2332 2334 2330
f 2334 2335 2330
f 2336 2333 2330
f 2336 2330 2335
f 2334 2337 2335
f 2338 2336 2335
f 2337 2339 2335
f 2340 2338 2335
f 2339 2341 2335
f 2340 2335 2341
f 2339 2342 2341
f 2342 2343 2341
f 2344 2340 2341
f 2344 2341 2343
f 2342 2345 2343
f 2346 2344 2343
f 2345 2347 2343
f 2347 2348 2343
f 2349 2346 2343
f 2349 2343 2348
f 2347 2350 2348
f 2351 2349 2348
f 2350 2352 2348
f 2353 2351 2348
f 2352 2354 2348
f 2353 2348 2354
f 2352 2355 2354
f 2356 2353 2354
f 2355 2357 2354
f 2356 2354 2357
f 2355 2358 2357
f 2359 2356 2357
f 2358 2360 2357
f 2361 2359 2357
f 2360 2361 2357
f 2362 2363 2364
f 2362 2364 2365
f 2363 2362 2366
f 2367 2362 2365
f 2362 2367 2366
f 2367 2365 2368
f 2366 2367 2369
f 2370 2367 2368
f 2367 2370 2369
f 2370 2368 2371
f 2369 2370 2372
f 2373 2370 2371
f 2370 2373 2372
f 2373 2371 2374
f 2372 2373 2375
f 2376 2373 2374
f 2373 2376 2375
f 2376 2374 2377
f 2375 2376 2378
f 2379 2376 2377
f 2376 2379 2378
f 2379 2377 2380
f 2381 2379 2380
f 2378 2379 2382
f 2379 2381 2382
f 2381 2380 2383
f 2382 2381 2384
f 2381 2383 2385
f 2381 2386 2384
f 2387 2381 2385
f 2381 2387 2386
f 2387 2385 2388
f 2387 2389 2386
f 2390 2387 2388
f 2387 2390 2389
f 2390 2388 2391
f 2390 2392 2389
f 2393 2390 2391
f 2390 2393 2392
f 2393 2391 2394
f 2393 2395 2392
f 2396 2393 2394
f 2393 2396 2395
f 2396 2394 2397
f 2396 2398 2395
f 2399 2396 2397
f 2396 2399 2398
f 2399 2397 2400
f 2399 2401 2398
f 2402 2399 2400
f 2399 2402 2401
f 2402 2400 2403
f 2402 2404 2401
f 2402 2403 2405
f 2404 2402 2405
f 2406 2405 2403
f 2404 2405 2406
f 2406 2403 2407
f 2408 2404 2406
f 2409 2406 2407
f 2408 2406 2409
f 2409 2407 2410
f 2411 2409 2410
f 2412 2408 2409
f 2412 2409 2411
f 2411 2410 2413
f 2414 2412 2411
f 2411 2413 2415
f 2416 2411 2415
f 2417 2414 2411
f 2417 2411 2416
f 2416 2415 2418
f 2419 2417 2416
f 2416 2418 2420
f 2421 2419 2416
f 2422 2416 2420
f 2421 2416 2422
f 2422 2420 2423
f 2424 2422 2423
f 2425 2421 2422
f 2425 2422 2424
f 2424 2423 2426
f 2427 2425 2424
f 2424 2426 2428
f 2429 2424 2428
f 2430 2427 2424
f 2430 2424 2429
f 2429 2428 2431
f 2432 2430 2429
f 2433 2429 2431
f 2434 2432 2429
f 2435 2429 2433
f 2434 2429 2435
f 2436 2435 2433
f 2437 2434 2435
f 2438 2435 2436
f 2438 2437 2435
f 2439 2438 2436
f 2437 2438 2440
f 2438 2439 2441
f 2440 2438 2442
f 2438 2441 2442
f 2443 2442 2441
f 2444 2443 2441
f 2443 2445 2442
f 2446 2443 2444
f 2443 2446 2445
f 2446 2444 2447
f 2446 2448 2445
f 2449 2446 2447
f 2446 2449 2448
f 2449 2447 2450
f 2449 2451 2448
f 2452 2449 2450
f 2449 2452 2451
f 2452 2450 2453
f 2452 2454 2451
f 2455 2452 2453
f 2452 2455 2454
f 2455 2453 2456
f 2455 2457 2454
f 2458 2455 2456
f 2455 2458 2457
f 2458 2456 2459
f 2460 2458 2459
f 2458 2461 2457
f 2458 2460 2461
f 2460 2459 2462
f 2460 2463 2461
f 2460 2462 2464
f 2460 2465 2463
f 2466 2460 2464
f 2460 2466 2465
f 2466 2464 2467
f 2466 2468 2465
f 2469 2466 2467
f 2466 2469 2468
f 2469 2467 2470
f 2469 2471 2468
f 2472 2469 2470
f 2469 2472 2471
f 2472 2470 2473
f 2472 2474 2471
f 2475 2472 2473
f 2472 2475 2474
f 2475 2473 2476
f 2475 2477 2474
f 2478 2475 2476
f 2475 2478 2477
f 2478 2476 2479
f 2478 2480 2477
f 2481 2478 2479
f 2478 2481 2480
f 2481 2479 2482
f 2481 2483 2480
f 2484 2481 2482
f 2481 2484 2483
f 2484 2482 2485
f 2484 2485 2483
f 2482 2486 2485
f 2487 2483 2485
f 2486 2488 2485
f 2487 2485 2488
f 2486 2489 2488
f 2489 2490 2488
f 2491 2487 2488
f 2491 2488 2490
f 2489 2492 2490
f 2493 2491 2490
f 2492 2494 2490
f 2494 2495 2490
f 2496 2493 2490
f 2496 2490 2495
f 2494 2497 2495
f 2498 2496 2495
f 2497 2499 2495
f 2500 2498 2495
f 2499 2501 2495
f 2500 2495 2501
f 2499 2502 2501
f 2502 2503 2501
f 2504 2500 2501
f 2504 2501 2503
f 2502 2505 2503
f 2506 2504 2503
f 2505 2507 2503
f 2507 2508 2503
f 2509 2506 2503
f 2509 2503 2508
f 2507 2510 2508
f 2511 2509 2508
f 2510 2512 2508
f 2513 2511 2508
f 2512 2514 2508
f 2513 2508 2514
f 2512 2515 2514
f 2516 2513 2514
f 2515 2517 2514
f 2516 2514 2517
f 2515 2518 2517
f 2519 2516 2517
f 2518 2520 2517
f 2521 2519 2517
f 2520 2521 2517
f 2522 2523 2524
f 2522 2524 2525
f 2523 2522 2526
f 2526 2522 2525
f 2527 2528 2529
f 2528 2527 2530
f 2527 2529 2531
f 2527 2532 2530
f 2533 2527 2531
f 2527 2533 2532
f 2533 2531 2534
f 2533 2535 2532
f 2536 2533 2534
f 2533 2536 2535
f 2536 2534 2537
f 2536 2538 2535
f 2539 2536 2537
f 2536 2539 2538
f 2539 2537 2540
f 2539 2541 2538
f 2542 2539 2540
f 2539 2542 2541
f 2542 2540 2543
f 2542 2544 2541
f 2545 2542 2543
f 2542 2545 2544
f 2545 2543 2546
f 2545 2547 2544
f 2548 2545 2546
f 2545 2548 2547
f 2548 2546 2549
f 2548 2550 2547
f 2551 2548 2549
f 2548 2551 2550
f 2552 2553 2554
f 2555 2552 2554
f 2552 2556 2553
f 2556 2552 2555
f 2557 2558 2559
f 2557 2559 2560
f 2558 2557 2561
f 2561 2557 2560
f 2562 2563 2564
f 2563 2562 2565
f 2563 2566 2564
f 2563 2565 2567
f 2563 2568 2566
f 2568 2563 2567
f 2568 2569 2566
f 2568 2567 2570
f 2568 2571 2569
f 2571 2568 2570
f 2571 2572 2569
f 2571 2570 2573
f 2571 2574 2572
f 2574 2571 2573
f 2574 2575 2572
f 2574 2573 2576
f 2574 2577 2575
f 2577 2574 2576
f 2577 2578 2575
f 2577 2576 2579
f 2577 2580 2578
f 2580 2577 2579
f 2580 2581 2578
f 2580 2579 2582
f 2580 2583 2581
f 2583 2580 2582
f 2583 2584 2581
f 2583 2582 2585
f 2584 2583 2586
f 2583 2585 2586
f 2587 2588 2589
f 2590 2587 2589
f 2587 2591 2588
f 2591 2587 2590
f 2592 2593 2594
f 2592 2594 2595
f 2596 2592 2595
f 2593 2592 2597
f 2592 2596 2598
f 2599 2597 2592
f 2599 2600 2597
f 2601 2599 2592
f 2600 2602 2597
f 2603 2601 2592
f 2600 2604 2602
f 2604 2605 2602
f 2605 2606 2602
f 2606 2607 2602
f 2606 2608 2607
f 2608 2609 2607
f 2608 2610 2609
f 2610 2611 2609
f 2612 2603 2592
f 2610 2613 2611
f 2613 2610 2614
f 2613 2615 2611
f 2613 2614 2616
f 2613 2617 2615
f 2618 2613 2616
f 2613 2618 2619
f 2613 2619 2620
f 2621 2613 2620
f 2613 2621 2622
f 2617 2613 2623
f 2613 2622 2624
f 2613 2625 2623
f 2625 2626 2623
f 2625 2627 2626
f 2628 2613 2624
f 2628 2624 2629
f 2630 2628 2629
f 2628 2630 2631
f 2628 2631 2632
f 2627 2625 2633
f 2634 2628 2632
f 2633 2625 2635
f 2628 2634 2636
f 2625 2637 2635
f 2628 2636 2638
f 2639 2628 2638
f 2628 2639 2640
f 2628 2640 2641
f 2642 2628 2641
f 2643 2642 2641
f 2642 2643 2644
f 2642 2644 2645
f 2646 2642 2645
f 2642 2646 2612
f 2625 2647 2637
f 2642 2612 2648
f 2648 2612 2592
f 2649 2642 2648
f 2647 2625 2650
f 2625 2651 2650
f 2625 2652 2651
f 2652 2653 2651
f 2650 2654 2647
f 2652 2655 2653
f 2656 2655 2652
f 2657 2656 2652
f 2658 2657 2652
f 2659 2658 2652
f 2660 2659 2652
f 2661 2660 2652
f 2662 2661 2652
f 2663 2662 2652
f 2654 2664 2647
f 2665 2663 2652
f 2654 2666 2664
f 2666 2654 2667
f 2666 2667 2668
f 2666 2669 2664
f 2670 2666 2668
f 2669 2671 2664
f 2670 2668 2672
f 2669 2673 2671
f 2673 2674 2671
f 2675 2670 2672
f 2675 2672 2676
f 2675 2676 2677
f 2673 2678 2674
f 2678 2679 2674
f 2678 2680 2679
f 2681 2675 2677
f 2680 2678 2682
f 2683 2680 2682
f 2684 2683 2682
f 2684 2682 2685
f 2686 2684 2685
f 2687 2686 2685
f 2687 2685 2688
f 2689 2687 2688
f 2690 2689 2688
f 2690 2688 2691
f 2692 2690 2691
f 2692 2691 2693
f 2694 2692 2693
f 2598 2694 2693
f 2695 2598 2693
f 2592 2598 2695
f 2696 2592 2695
f 2697 2696 2695
f 2696 2697 2698
f 2696 2698 2699
f 2700 2696 2699
f 2700 2699 2701
f 2699 2702 2701
f 2700 2701 2703
f 2704 2700 2703
f 2703 2705 2704
f 2705 2649 2704
f 2649 2705 2706
f 2649 2706 2707
f 2642 2649 2707
f 2642 2707 2708
f 2709 2642 2708
f 2710 2709 2708
f 2705 2703 2711
f 2709 2710 2712
f 2703 2713 2711
f 2703 2714 2713
f 2714 2703 2715
f 2703 2716 2715
f 2703 2717 2716
f 2703 2701 2717
f 2701 2718 2717
f 2701 2719 2718
f 2719 2701 2720
f 2701 2721 2720
f 2701 2722 2721
f 2702 2722 2701
f 2702 2723 2722
f 2723 2702 2724
f 2702 2725 2724
f 2702 2726 2725
f 2702 2727 2726
f 2727 2728 2726
f 2727 2729 2728
f 2729 2727 2730
f 2727 2731 2730
f 2727 2732 2731
f 2732 2727 2733
f 2727 2734 2733
f 2734 2735 2733
f 2734 2736 2735
f 2736 2734 2737
f 2734 2738 2737
f 2734 2739 2738
f 2739 2740 2738
f 2739 2709 2740
f 2709 2712 2740
f 2741 2709 2739
f 2709 2741 2742
f 2709 2742 2743
f 2744 2709 2743
f 2743 2745 2744
f 2745 2746 2744
f 2745 2747 2746
f 2747 2748 2746
f 2748 2749 2746
f 2748 2750 2749
f 2750 2751 2749
f 2750 2752 2751
f 2752 2753 2751
f 2752 2754 2753
f 2754 2755 2753
f 2755 2756 2753
f 2755 2757 2756
f 2757 2758 2756
f 2757 2759 2758
f 2759 2760 2758
f 2759 2761 2760
f 2761 2762 2760
f 2762 2763 2760
f 2762 2764 2763
f 2760 2763 2765
f 2764 2766 2763
f 2760 2765 2767
f 2768 2760 2767
f 2768 2767 2769
f 2764 2770 2766
f 2768 2769 2771
f 2772 2768 2771
f 2773 2768 2772
f 2768 2773 2774
f 2768 2774 2775
f 2776 2768 2775
f 2768 2776 2777
f 2768 2777 2778
f 2779 2768 2778
f 2768 2779 2780
f 2768 2780 2781
f 2770 2782 2766
f 2783 2768 2781
f 2783 2781 2784
f 2785 2783 2784
f 2785 2784 2786
f 2787 2785 2786
f 2787 2786 2788
f 2768 2783 2789
f 2790 2787 2788
f 2768 2789 2791
f 2652 2768 2791
f 2791 2789 2792
f 2789 2793 2792
f 2652 2791 2794
f 2652 2794 2795
f 2793 2796 2792
f 2793 2797 2796
f 2797 2798 2796
f 2798 2799 2796
f 2800 2652 2795
f 2665 2652 2800
f 2801 2665 2800
f 2801 2800 2802
f 2803 2801 2802
f 2803 2802 2804
f 2805 2803 2804
f 2805 2804 2806
f 2807 2805 2806
f 2807 2806 2808
f 2809 2807 2808
f 2809 2808 2810
f 2811 2809 2810
f 2811 2810 2812
f 2813 2811 2812
f 2813 2812 2814
f 2815 2813 2814
f 2814 2816 2815
f 2816 2817 2815
f 2816 2818 2817
f 2818 2819 2817
f 2818 2820 2819
f 2820 2821 2819
f 2820 2822 2821
f 2822 2823 2821
f 2822 2824 2823
f 2824 2825 2823
f 2824 2681 2825
f 2681 2677 2825
f 2681 2824 2826
f 2827 2681 2826
f 2827 2826 2828
f 2827 2828 2829
f 2830 2827 2829
f 2830 2829 2831
f 2830 2831 2832
f 2833 2830 2832
f 2833 2832 2834
f 2833 2834 2835
f 2836 2833 2835
f 2836 2835 2837
f 2836 2837 2838
f 2839 2836 2838
f 2839 2838 2840
f 2841 2839 2840
f 2842 2839 2841
f 2842 2841 2843
f 2844 2842 2843
f 2844 2843 2845
f 2844 2845 2799
f 2798 2844 2799
f 2846 2788 2847
f 2846 2790 2788
f 2848 2846 2847
f 2846 2849 2790
f 2848 2847 2850
f 2851 2848 2850
f 2849 2852 2790
f 2849 2853 2852
f 2853 2854 2852
f 2851 2850 2855
f 2856 2851 2855
f 2857 2856 2855
f 2857 2855 2858
f 2859 2857 2858
f 2859 2858 2860
f 2861 2859 2860
f 2861 2860 2862
f 2863 2861 2862
f 2863 2862 2864
f 2865 2863 2864
f 2854 2866 2852
f 2865 2864 2867
f 2868 2865 2867
f 2869 2868 2867
f 2869 2867 2870
f 2871 2869 2870
f 2871 2870 2872
f 2854 2873 2866
f 2873 2874 2866
f 2874 2875 2866
f 2876 2871 2872
f 2876 2872 2877
f 2876 2877 2878
f 2879 2876 2878
f 2879 2878 2782
f 2880 2879 2782
f 2875 2881 2866
f 2770 2880 2782
f 2882 2880 2770
f 2883 2882 2770
f 2875 2884 2881
f 2883 2770 2885
f 2884 2886 2881
f 2886 2887 2881
f 2887 2888 2881
f 2889 2883 2885
f 2890 2889 2885
f 2891 2890 2885
f 2888 2892 2881
f 2891 2885 2892
f 2888 2893 2892
f 2894 2891 2892
f 2893 2894 2892
f 2895 2896 2897
f 2898 2895 2897
f 2895 2899 2896
f 2899 2895 2898
f 2900 2901 2902
f 2903 2900 2902
f 2900 2904 2901
f 2904 2900 2903
f 2905 2906 2907
f 2908 2905 2907
f 2905 2909 2906
f 2909 2905 2908
f 2910 2911 2912
f 2913 2910 2912
f 2910 2914 2911
f 2910 2913 2915
f 2914 2910 2916
f 2910 2915 2916
f 2917 2918 2919
f 2918 2917 2920
f 2918 2921 2919
f 2918 2922 2921
f 2918 2920 2923
f 2922 2918 2924
f 2925 2918 2923
f 2918 2926 2924
f 2925 2923 2927
f 2926 2928 2924
f 2925 2927 2929
f 2926 2930 2928
f 2931 2925 2929
f 2925 2931 2932
f 2925 2932 2933
f 2930 2926 2934
f 2926 2935 2934
f 2926 2936 2935
f 2937 2925 2933
f 2926 2938 2936
f 2937 2933 2939
f 2938 2940 2936
f 2937 2939 2941
f 2938 2942 2940
f 2943 2937 2941
f 2937 2943 2944
f 2937 2944 2945
f 2946 2937 2945
f 2942 2938 2947
f 2938 2948 2947
f 2938 2949 2948
f 2938 2946 2949
f 2950 2946 2945
f 2946 2951 2949
f 2946 2950 2952
f 2946 2953 2951
f 2946 2952 2954
f 2953 2946 2954
f 2955 2956 2957
f 2955 2957 2958
f 2956 2955 2959
f 2959 2955 2958
f 2960 2961 2962
f 2963 2961 2960
f 2961 2964 2962
f 2961 2963 2964
f 2965 2966 2967
f 2968 2966 2965
f 2966 2969 2967
f 2966 2968 2969
f 2970 2971 2972
f 2973 2971 2970
f 2971 2974 2972
f 2971 2973 2974
f 2975 2976 2977
f 2978 2976 2975
f 2976 2979 2977
f 2976 2978 2979
f 2980 2981 2982
f 2981 2980 2983
f 2981 2984 2982
f 2981 2983 2985
f 2981 2986 2984
f 2986 2981 2985
f 2987 2988 2989
f 2990 2988 2987
f 2988 2991 2989
f 2988 2990 2991
